Station_Name,Year,Month,Humidity,Block
Dhaka,2011,1,69,B08
Dhaka,2011,2,54,B08
Dhaka,2011,3,57,B08
Dhaka,2011,4,64,B08
Dhaka,2011,5,76,B08
Dhaka,2011,6,80,B08
Dhaka,2011,7,79,B08
Dhaka,2011,8,82,B08
Dhaka,2011,9,77,B08
Dhaka,2011,10,73,B08
Dhaka,2011,11,67,B08
Dhaka,2011,12,73,B08
Dhaka,2012,1,66,B08
Dhaka,2012,2,52,B08
Dhaka,2012,3,57,B08
Dhaka,2012,4,69,B08
Dhaka,2012,5,70,B08
Dhaka,2012,6,77,B08
Dhaka,2012,7,79,B08
Dhaka,2012,8,78,B08
Dhaka,2012,9,79,B08
Dhaka,2012,10,71,B08
Dhaka,2012,11,68,B08
Dhaka,2012,12,77,B08
Dhaka,2013,1,65,B08
Dhaka,2013,2,55,B08
Dhaka,2013,3,55,B08
Dhaka,2013,4,63,B08
Dhaka,2013,5,78,B08
Dhaka,2013,6,76,B08
Dhaka,2013,7,77,B08
Dhaka,2013,8,80,B08
Dhaka,2013,9,81,B08
Dhaka,2013,10,78,B08
Dhaka,2013,11,66,B08
Dhaka,2013,12,72,B08
Dhaka,2014,1,72,B08
Dhaka,2014,2,62,B08
Dhaka,2014,3,52,B08
Dhaka,2014,4,56,B08
Dhaka,2014,5,68,B08
Dhaka,2014,6,78,B08
Dhaka,2014,7,77,B08
Dhaka,2014,8,82,B08
Dhaka,2014,9,76,B08
Dhaka,2014,10,72,B08
Dhaka,2014,11,66,B08
Dhaka,2014,12,77,B08
Tangail,2011,1,81,B08
Tangail,2011,2,72,B08
Tangail,2011,3,71,B08
Tangail,2011,4,73,B08
Tangail,2011,5,79,B08
Tangail,2011,6,82,B08
Tangail,2011,7,83,B08
Tangail,2011,8,87,B08
Tangail,2011,9,83,B08
Tangail,2011,10,80,B08
Tangail,2011,11,80,B08
Tangail,2011,12,84,B08
Tangail,2012,1,79,B08
Tangail,2012,2,69,B08
Tangail,2012,3,65,B08
Tangail,2012,4,73,B08
Tangail,2012,5,75,B08
Tangail,2012,6,83,B08
Tangail,2012,7,84,B08
Tangail,2012,8,84,B08
Tangail,2012,9,85,B08
Tangail,2012,10,80,B08
Tangail,2012,11,79,B08
Tangail,2012,12,85,B08
Tangail,2013,1,79,B08
Tangail,2013,2,73,B08
Tangail,2013,3,67,B08
Tangail,2013,4,68,B08
Tangail,2013,5,81,B08
Tangail,2013,6,80,B08
Tangail,2013,7,81,B08
Tangail,2013,8,84,B08
Tangail,2013,9,83,B08
Tangail,2013,10,84,B08
Tangail,2013,11,77,B08
Tangail,2013,12,81,B08
Tangail,2014,1,83,B08
Tangail,2014,2,75,B08
Tangail,2014,3,65,B08
Tangail,2014,4,63,B08
Tangail,2014,5,74,B08
Tangail,2014,6,82,B08
Tangail,2014,7,84,B08
Tangail,2014,8,84,B08
Tangail,2014,9,82,B08
Tangail,2014,10,79,B08
Tangail,2014,11,78,B08
Tangail,2014,12,85,B08
Mymensingh,2011,1,83,B08
Mymensingh,2011,2,73,B08
Mymensingh,2011,3,73,B08
Mymensingh,2011,4,77,B08
Mymensingh,2011,5,82,B08
Mymensingh,2011,6,85,B08
Mymensingh,2011,7,86,B08
Mymensingh,2011,8,86,B08
Mymensingh,2011,9,84,B08
Mymensingh,2011,10,83,B08
Mymensingh,2011,11,81,B08
Mymensingh,2011,12,83,B08
Mymensingh,2012,1,79,B08
Mymensingh,2012,2,71,B08
Mymensingh,2012,3,73,B08
Mymensingh,2012,4,80,B08
Mymensingh,2012,5,77,B08
Mymensingh,2012,6,85,B08
Mymensingh,2012,7,86,B08
Mymensingh,2012,8,85,B08
Mymensingh,2012,9,85,B08
Mymensingh,2012,10,82,B08
Mymensingh,2012,11,81,B08
Mymensingh,2012,12,88,B08
Mymensingh,2013,1,78,B08
Mymensingh,2013,2,70,B08
Mymensingh,2013,3,74,B08
Mymensingh,2013,4,77,B08
Mymensingh,2013,5,84,B08
Mymensingh,2013,6,82,B08
Mymensingh,2013,7,83,B08
Mymensingh,2013,8,85,B08
Mymensingh,2013,9,85,B08
Mymensingh,2013,10,85,B08
Mymensingh,2013,11,81,B08
Mymensingh,2013,12,82,B08
Mymensingh,2014,1,82,B08
Mymensingh,2014,2,76,B08
Mymensingh,2014,3,72,B08
Mymensingh,2014,4,73,B08
Mymensingh,2014,5,79,B08
Mymensingh,2014,6,84,B08
Mymensingh,2014,7,84,B08
Mymensingh,2014,8,87,B08
Mymensingh,2014,9,86,B08
Mymensingh,2014,10,83,B08
Mymensingh,2014,11,81,B08
Mymensingh,2014,12,86,B08
Faridpur,2011,1,78,B08
Faridpur,2011,2,68,B08
Faridpur,2011,3,67,B08
Faridpur,2011,4,72,B08
Faridpur,2011,5,79,B08
Faridpur,2011,6,85,B08
Faridpur,2011,7,83,B08
Faridpur,2011,8,86,B08
Faridpur,2011,9,83,B08
Faridpur,2011,10,78,B08
Faridpur,2011,11,77,B08
Faridpur,2011,12,82,B08
Faridpur,2012,1,76,B08
Faridpur,2012,2,66,B08
Faridpur,2012,3,64,B08
Faridpur,2012,4,71,B08
Faridpur,2012,5,76,B08
Faridpur,2012,6,81,B08
Faridpur,2012,7,85,B08
Faridpur,2012,8,84,B08
Faridpur,2012,9,84,B08
Faridpur,2012,10,79,B08
Faridpur,2012,11,77,B08
Faridpur,2012,12,83,B08
Faridpur,2013,1,76,B08
Faridpur,2013,2,69,B08
Faridpur,2013,3,65,B08
Faridpur,2013,4,68,B08
Faridpur,2013,5,84,B08
Faridpur,2013,6,82,B08
Faridpur,2013,7,83,B08
Faridpur,2013,8,85,B08
Faridpur,2013,9,85,B08
Faridpur,2013,10,85,B08
Faridpur,2013,11,76,B08
Faridpur,2013,12,79,B08
Faridpur,2014,1,83,B08
Faridpur,2014,2,74,B08
Faridpur,2014,3,65,B08
Faridpur,2014,4,64,B08
Faridpur,2014,5,74,B08
Faridpur,2014,6,84,B08
Faridpur,2014,7,85,B08
Faridpur,2014,8,86,B08
Faridpur,2014,9,83,B08
Faridpur,2014,10,80,B08
Faridpur,2014,11,77,B08
Faridpur,2014,12,84,B08
Madaripur,2011,1,81,B08
Madaripur,2011,2,74,B08
Madaripur,2011,3,72,B08
Madaripur,2011,4,76,B08
Madaripur,2011,5,82,B08
Madaripur,2011,6,87,B08
Madaripur,2011,7,84,B08
Madaripur,2011,8,86,B08
Madaripur,2011,9,85,B08
Madaripur,2011,10,83,B08
Madaripur,2011,11,82,B08
Madaripur,2011,12,85,B08
Madaripur,2012,1,81,B08
Madaripur,2012,2,71,B08
Madaripur,2012,3,71,B08
Madaripur,2012,4,78,B08
Madaripur,2012,5,79,B08
Madaripur,2012,6,84,B08
Madaripur,2012,7,86,B08
Madaripur,2012,8,85,B08
Madaripur,2012,9,87,B08
Madaripur,2012,10,82,B08
Madaripur,2012,11,81,B08
Madaripur,2012,12,85,B08
Madaripur,2013,1,79,B08
Madaripur,2013,2,72,B08
Madaripur,2013,3,71,B08
Madaripur,2013,4,76,B08
Madaripur,2013,5,86,B08
Madaripur,2013,6,84,B08
Madaripur,2013,7,85,B08
Madaripur,2013,8,87,B08
Madaripur,2013,9,86,B08
Madaripur,2013,10,86,B08
Madaripur,2013,11,77,B08
Madaripur,2013,12,82,B08
Madaripur,2014,1,84,B08
Madaripur,2014,2,79,B08
Madaripur,2014,3,69,B08
Madaripur,2014,4,70,B08
Madaripur,2014,5,77,B08
Madaripur,2014,6,84,B08
Madaripur,2014,7,85,B08
Madaripur,2014,8,88,B08
Madaripur,2014,9,85,B08
Madaripur,2014,10,82,B08
Madaripur,2014,11,79,B08
Madaripur,2014,12,87,B08
Srimangal,2011,1,82,B08
Srimangal,2011,2,73,B08
Srimangal,2011,3,70,B08
Srimangal,2011,4,73,B08
Srimangal,2011,5,82,B08
Srimangal,2011,6,84,B08
Srimangal,2011,7,84,B08
Srimangal,2011,8,85,B08
Srimangal,2011,9,83,B08
Srimangal,2011,10,82,B08
Srimangal,2011,11,79,B08
Srimangal,2011,12,83,B08
Srimangal,2012,1,79,B08
Srimangal,2012,2,65,B08
Srimangal,2012,3,65,B08
Srimangal,2012,4,75,B08
Srimangal,2012,5,78,B08
Srimangal,2012,6,85,B08
Srimangal,2012,7,82,B08
Srimangal,2012,8,82,B08
Srimangal,2012,9,84,B08
Srimangal,2012,10,84,B08
Srimangal,2012,11,82,B08
Srimangal,2012,12,87,B08
Srimangal,2013,1,79,B08
Srimangal,2013,2,72,B08
Srimangal,2013,3,67,B08
Srimangal,2013,4,72,B08
Srimangal,2013,5,83,B08
Srimangal,2013,6,82,B08
Srimangal,2013,7,83,B08
Srimangal,2013,8,85,B08
Srimangal,2013,9,85,B08
Srimangal,2013,10,85,B08
Srimangal,2013,11,81,B08
Srimangal,2013,12,83,B08
Srimangal,2014,1,83,B08
Srimangal,2014,2,76,B08
Srimangal,2014,3,68,B08
Srimangal,2014,4,72,B08
Srimangal,2014,5,80,B08
Srimangal,2014,6,85,B08
Srimangal,2014,7,82,B08
Srimangal,2014,8,85,B08
Srimangal,2014,9,85,B08
Srimangal,2014,10,83,B08
Srimangal,2014,11,81,B08
Srimangal,2014,12,84,B08
Sylhet,2011,1,77,B08
Sylhet,2011,2,64,B08
Sylhet,2011,3,64,B08
Sylhet,2011,4,69,B08
Sylhet,2011,5,80,B08
Sylhet,2011,6,85,B08
Sylhet,2011,7,86,B08
Sylhet,2011,8,85,B08
Sylhet,2011,9,82,B08
Sylhet,2011,10,77,B08
Sylhet,2011,11,72,B08
Sylhet,2011,12,75,B08
Sylhet,2012,1,76,B08
Sylhet,2012,2,60,B08
Sylhet,2012,3,63,B08
Sylhet,2012,4,77,B08
Sylhet,2012,5,77,B08
Sylhet,2012,6,88,B08
Sylhet,2012,7,84,B08
Sylhet,2012,8,84,B08
Sylhet,2012,9,84,B08
Sylhet,2012,10,81,B08
Sylhet,2012,11,77,B08
Sylhet,2012,12,82,B08
Sylhet,2013,1,74,B08
Sylhet,2013,2,62,B08
Sylhet,2013,3,60,B08
Sylhet,2013,4,69,B08
Sylhet,2013,5,83,B08
Sylhet,2013,6,81,B08
Sylhet,2013,7,83,B08
Sylhet,2013,8,85,B08
Sylhet,2013,9,83,B08
Sylhet,2013,10,81,B08
Sylhet,2013,11,74,B08
Sylhet,2013,12,75,B08
Sylhet,2014,1,75,B08
Sylhet,2014,2,73,B08
Sylhet,2014,3,62,B08
Sylhet,2014,4,63,B08
Sylhet,2014,5,79,B08
Sylhet,2014,6,86,B08
Sylhet,2014,7,81,B08
Sylhet,2014,8,86,B08
Sylhet,2014,9,85,B08
Sylhet,2014,10,77,B08
Sylhet,2014,11,74,B08
Sylhet,2014,12,77,B08
Bogura,2011,1,79,B08
Bogura,2011,2,68,B08
Bogura,2011,3,66,B08
Bogura,2011,4,71,B08
Bogura,2011,5,77,B08
Bogura,2011,6,81,B08
Bogura,2011,7,82,B08
Bogura,2011,8,85,B08
Bogura,2011,9,83,B08
Bogura,2011,10,77,B08
Bogura,2011,11,75,B08
Bogura,2011,12,81,B08
Bogura,2012,1,74,B08
Bogura,2012,2,63,B08
Bogura,2012,3,60,B08
Bogura,2012,4,70,B08
Bogura,2012,5,71,B08
Bogura,2012,6,80,B08
Bogura,2012,7,83,B08
Bogura,2012,8,82,B08
Bogura,2012,9,83,B08
Bogura,2012,10,78,B08
Bogura,2012,11,74,B08
Bogura,2012,12,84,B08
Bogura,2013,1,76,B08
Bogura,2013,2,67,B08
Bogura,2013,3,63,B08
Bogura,2013,5,81,B08
Bogura,2013,6,79,B08
Bogura,2013,7,81,B08
Bogura,2013,8,85,B08
Bogura,2013,9,81,B08
Bogura,2013,10,82,B08
Bogura,2013,11,73,B08
Bogura,2013,12,78,B08
Bogura,2014,1,82,B08
Bogura,2014,2,72,B08
Bogura,2014,3,62,B08
Bogura,2014,4,62,B08
Bogura,2014,5,72,B08
Bogura,2014,6,83,B08
Bogura,2014,7,83,B08
Bogura,2014,8,85,B08
Bogura,2014,9,85,B08
Bogura,2014,10,79,B08
Bogura,2014,11,73,B08
Bogura,2014,12,83,B08
Dinajpur,2011,1,81,B08
Dinajpur,2011,2,71,B08
Dinajpur,2011,3,67,B08
Dinajpur,2011,4,73,B08
Dinajpur,2011,5,79,B08
Dinajpur,2011,6,82,B08
Dinajpur,2011,7,83,B08
Dinajpur,2011,8,84,B08
Dinajpur,2011,9,83,B08
Dinajpur,2011,10,80,B08
Dinajpur,2011,11,77,B08
Dinajpur,2011,12,82,B08
Dinajpur,2012,1,79,B08
Dinajpur,2012,2,67,B08
Dinajpur,2012,3,62,B08
Dinajpur,2012,4,67,B08
Dinajpur,2012,5,72,B08
Dinajpur,2012,6,82,B08
Dinajpur,2012,7,83,B08
Dinajpur,2012,8,81,B08
Dinajpur,2012,9,84,B08
Dinajpur,2012,10,80,B08
Dinajpur,2012,11,75,B08
Dinajpur,2012,12,84,B08
Dinajpur,2013,1,78,B08
Dinajpur,2013,2,69,B08
Dinajpur,2013,3,64,B08
Dinajpur,2013,4,69,B08
Dinajpur,2013,5,80,B08
Dinajpur,2013,6,81,B08
Dinajpur,2013,7,82,B08
Dinajpur,2013,8,85,B08
Dinajpur,2013,9,81,B08
Dinajpur,2013,10,85,B08
Dinajpur,2013,11,77,B08
Dinajpur,2013,12,81,B08
Dinajpur,2014,1,84,B08
Dinajpur,2014,2,76,B08
Dinajpur,2014,3,64,B08
Dinajpur,2014,4,62,B08
Dinajpur,2014,5,72,B08
Dinajpur,2014,6,82,B08
Dinajpur,2014,7,82,B08
Dinajpur,2014,8,84,B08
Dinajpur,2014,9,85,B08
Dinajpur,2014,10,82,B08
Dinajpur,2014,11,78,B08
Dinajpur,2014,12,83,B08
Ishurdi,2011,1,79,B08
Ishurdi,2011,2,71,B08
Ishurdi,2011,3,65,B08
Ishurdi,2011,4,71,B08
Ishurdi,2011,5,78,B08
Ishurdi,2011,6,82,B08
Ishurdi,2011,7,83,B08
Ishurdi,2011,8,87,B08
Ishurdi,2011,9,85,B08
Ishurdi,2011,10,81,B08
Ishurdi,2011,11,79,B08
Ishurdi,2011,12,84,B08
Ishurdi,2012,1,79,B08
Ishurdi,2012,2,66,B08
Ishurdi,2012,3,60,B08
Ishurdi,2012,4,68,B08
Ishurdi,2012,5,71,B08
Ishurdi,2012,6,81,B08
Ishurdi,2012,7,87,B08
Ishurdi,2012,8,86,B08
Ishurdi,2012,9,86,B08
Ishurdi,2012,10,83,B08
Ishurdi,2012,11,80,B08
Ishurdi,2012,12,86,B08
Ishurdi,2013,1,81,B08
Ishurdi,2013,2,74,B08
Ishurdi,2013,3,63,B08
Ishurdi,2013,4,63,B08
Ishurdi,2013,5,81,B08
Ishurdi,2013,6,83,B08
Ishurdi,2013,7,82,B08
Ishurdi,2013,8,85,B08
Ishurdi,2013,9,84,B08
Ishurdi,2013,10,85,B08
Ishurdi,2013,11,78,B08
Ishurdi,2013,12,81,B08
Ishurdi,2014,1,83,B08
Ishurdi,2014,2,76,B08
Ishurdi,2014,3,64,B08
Ishurdi,2014,4,61,B08
Ishurdi,2014,5,69,B08
Ishurdi,2014,6,83,B08
Ishurdi,2014,7,85,B08
Ishurdi,2014,8,84,B08
Ishurdi,2014,9,83,B08
Ishurdi,2014,10,82,B08
Ishurdi,2014,11,77,B08
Ishurdi,2014,12,83,B08
Rajshahi,2011,1,80,B08
Rajshahi,2011,2,73,B08
Rajshahi,2011,3,64,B08
Rajshahi,2011,4,72,B08
Rajshahi,2011,5,81,B08
Rajshahi,2011,6,84,B08
Rajshahi,2011,7,85,B08
Rajshahi,2011,8,88,B08
Rajshahi,2011,9,86,B08
Rajshahi,2011,10,82,B08
Rajshahi,2011,11,80,B08
Rajshahi,2011,12,83,B08
Rajshahi,2012,1,79,B08
Rajshahi,2012,2,66,B08
Rajshahi,2012,3,58,B08
Rajshahi,2012,4,69,B08
Rajshahi,2012,5,67,B08
Rajshahi,2012,6,80,B08
Rajshahi,2012,7,86,B08
Rajshahi,2012,8,85,B08
Rajshahi,2012,9,86,B08
Rajshahi,2012,10,80,B08
Rajshahi,2012,11,78,B08
Rajshahi,2012,12,85,B08
Rajshahi,2013,1,79,B08
Rajshahi,2013,2,74,B08
Rajshahi,2013,3,64,B08
Rajshahi,2013,4,62,B08
Rajshahi,2013,5,80,B08
Rajshahi,2013,6,83,B08
Rajshahi,2013,7,83,B08
Rajshahi,2013,8,86,B08
Rajshahi,2013,9,84,B08
Rajshahi,2013,10,86,B08
Rajshahi,2013,11,76,B08
Rajshahi,2013,12,80,B08
Rajshahi,2014,1,82,B08
Rajshahi,2014,2,76,B08
Rajshahi,2014,3,65,B08
Rajshahi,2014,4,63,B08
Rajshahi,2014,5,70,B08
Rajshahi,2014,6,84,B08
Rajshahi,2014,7,86,B08
Rajshahi,2014,8,86,B08
Rajshahi,2014,9,84,B08
Rajshahi,2014,10,82,B08
Rajshahi,2014,11,77,B08
Rajshahi,2014,12,83,B08
Rangpur,2011,1,84,B08
Rangpur,2011,2,74,B08
Rangpur,2011,3,70,B08
Rangpur,2011,4,74,B08
Rangpur,2011,5,81,B08
Rangpur,2011,6,82,B08
Rangpur,2011,7,83,B08
Rangpur,2011,8,84,B08
Rangpur,2011,9,82,B08
Rangpur,2011,10,80,B08
Rangpur,2011,11,78,B08
Rangpur,2011,12,83,B08
Rangpur,2012,1,80,B08
Rangpur,2012,2,70,B08
Rangpur,2012,3,63,B08
Rangpur,2012,4,72,B08
Rangpur,2012,5,76,B08
Rangpur,2012,6,83,B08
Rangpur,2012,7,84,B08
Rangpur,2012,8,80,B08
Rangpur,2012,9,84,B08
Rangpur,2012,10,80,B08
Rangpur,2012,11,76,B08
Rangpur,2012,12,86,B08
Rangpur,2013,1,80,B08
Rangpur,2013,2,72,B08
Rangpur,2013,3,66,B08
Rangpur,2013,4,70,B08
Rangpur,2013,5,82,B08
Rangpur,2013,6,81,B08
Rangpur,2013,7,81,B08
Rangpur,2013,8,84,B08
Rangpur,2013,9,82,B08
Rangpur,2013,10,83,B08
Rangpur,2013,11,77,B08
Rangpur,2013,12,80,B08
Rangpur,2014,1,84,B08
Rangpur,2014,2,76,B08
Rangpur,2014,3,64,B08
Rangpur,2014,4,63,B08
Rangpur,2014,5,75,B08
Rangpur,2014,6,83,B08
Rangpur,2014,7,81,B08
Rangpur,2014,8,85,B08
Rangpur,2014,9,86,B08
Rangpur,2014,10,80,B08
Rangpur,2014,11,77,B08
Rangpur,2014,12,82,B08
Sayedpur,2011,1,82,B08
Sayedpur,2011,2,72,B08
Sayedpur,2011,3,69,B08
Sayedpur,2011,4,74,B08
Sayedpur,2011,5,80,B08
Sayedpur,2011,6,82,B08
Sayedpur,2011,7,84,B08
Sayedpur,2011,8,84,B08
Sayedpur,2011,9,83,B08
Sayedpur,2011,10,80,B08
Sayedpur,2011,11,77,B08
Sayedpur,2011,12,82,B08
Sayedpur,2012,1,78,B08
Sayedpur,2012,2,68,B08
Sayedpur,2012,3,61,B08
Sayedpur,2012,4,70,B08
Sayedpur,2012,5,75,B08
Sayedpur,2012,6,83,B08
Sayedpur,2012,7,85,B08
Sayedpur,2012,8,80,B08
Sayedpur,2012,9,85,B08
Sayedpur,2012,10,79,B08
Sayedpur,2012,11,75,B08
Sayedpur,2012,12,86,B08
Sayedpur,2013,1,78,B08
Sayedpur,2013,2,69,B08
Sayedpur,2013,3,64,B08
Sayedpur,2013,4,70,B08
Sayedpur,2013,5,82,B08
Sayedpur,2013,6,82,B08
Sayedpur,2013,7,82,B08
Sayedpur,2013,8,85,B08
Sayedpur,2013,9,82,B08
Sayedpur,2013,10,84,B08
Sayedpur,2013,11,79,B08
Sayedpur,2013,12,82,B08
Sayedpur,2014,1,85,B08
Sayedpur,2014,2,77,B08
Sayedpur,2014,3,67,B08
Sayedpur,2014,4,64,B08
Sayedpur,2014,5,73,B08
Sayedpur,2014,6,84,B08
Sayedpur,2014,7,82,B08
Sayedpur,2014,8,85,B08
Sayedpur,2014,9,85,B08
Sayedpur,2014,10,81,B08
Sayedpur,2014,11,78,B08
Sayedpur,2014,12,83,B08
Chuadanga,2011,1,79,B08
Chuadanga,2011,2,70,B08
Chuadanga,2011,3,69,B08
Chuadanga,2011,4,72,B08
Chuadanga,2011,5,78,B08
Chuadanga,2011,6,83,B08
Chuadanga,2011,7,85,B08
Chuadanga,2011,8,88,B08
Chuadanga,2011,9,88,B08
Chuadanga,2011,10,82,B08
Chuadanga,2011,11,82,B08
Chuadanga,2011,12,84,B08
Chuadanga,2012,1,81,B08
Chuadanga,2012,2,70,B08
Chuadanga,2012,3,63,B08
Chuadanga,2012,4,69,B08
Chuadanga,2012,5,70,B08
Chuadanga,2012,6,78,B08
Chuadanga,2012,7,88,B08
Chuadanga,2012,8,87,B08
Chuadanga,2012,9,86,B08
Chuadanga,2012,10,83,B08
Chuadanga,2012,11,80,B08
Chuadanga,2012,12,85,B08
Chuadanga,2013,1,79,B08
Chuadanga,2013,2,74,B08
Chuadanga,2013,3,65,B08
Chuadanga,2013,4,65,B08
Chuadanga,2013,5,81,B08
Chuadanga,2013,6,84,B08
Chuadanga,2013,7,86,B08
Chuadanga,2013,8,87,B08
Chuadanga,2013,9,87,B08
Chuadanga,2013,10,88,B08
Chuadanga,2013,11,82,B08
Chuadanga,2013,12,82,B08
Chuadanga,2014,1,82,B08
Chuadanga,2014,2,75,B08
Chuadanga,2014,3,67,B08
Chuadanga,2014,4,60,B08
Chuadanga,2014,5,66,B08
Chuadanga,2014,6,83,B08
Chuadanga,2014,7,87,B08
Chuadanga,2014,8,86,B08
Chuadanga,2014,9,85,B08
Chuadanga,2014,10,83,B08
Chuadanga,2014,11,79,B08
Chuadanga,2014,12,85,B08
Chuadanga,2015,1,82,B08
Chuadanga,2015,2,78,B08
Chuadanga,2015,3,67,B08
Chuadanga,2015,4,74,B08
Chuadanga,2015,5,76,B08
Chuadanga,2015,6,81,B08
Chuadanga,2015,7,88,B08
Chuadanga,2015,8,86,B08
Chuadanga,2015,9,84,B08
Chuadanga,2015,10,81,B08
Chuadanga,2015,11,80,B08
Chuadanga,2015,12,82,B08
Chuadanga,2016,1,81,B08
Chuadanga,2016,2,77,B08
Chuadanga,2016,3,70,B08
Chuadanga,2016,4,69,B08
Chuadanga,2016,5,74,B08
Chuadanga,2016,6,81,B08
Chuadanga,2016,7,88,B08
Chuadanga,2016,8,86,B08
Chuadanga,2016,9,85,B08
Chuadanga,2016,10,82,B08
Chuadanga,2016,11,79,B08
Chuadanga,2016,12,83,B08
Jessore,2011,1,77,B08
Jessore,2011,2,71,B08
Jessore,2011,3,70,B08
Jessore,2011,4,73,B08
Jessore,2011,5,75,B08
Jessore,2011,6,81,B08
Jessore,2011,7,82,B08
Jessore,2011,8,86,B08
Jessore,2011,9,85,B08
Jessore,2011,10,79,B08
Jessore,2011,11,79,B08
Jessore,2011,12,81,B08
Jessore,2012,1,80,B08
Jessore,2012,2,71,B08
Jessore,2012,3,67,B08
Jessore,2012,4,72,B08
Jessore,2012,5,69,B08
Jessore,2012,6,77,B08
Jessore,2012,7,84,B08
Jessore,2012,8,84,B08
Jessore,2012,9,84,B08
Jessore,2012,10,81,B08
Jessore,2012,11,78,B08
Jessore,2012,12,81,B08
Jessore,2013,1,77,B08
Jessore,2013,2,71,B08
Jessore,2013,3,65,B08
Jessore,2013,4,67,B08
Jessore,2013,5,79,B08
Jessore,2013,6,81,B08
Jessore,2013,7,82,B08
Jessore,2013,8,84,B08
Jessore,2013,9,84,B08
Jessore,2013,10,85,B08
Jessore,2013,11,75,B08
Jessore,2013,12,78,B08
Jessore,2014,1,80,B08
Jessore,2014,2,72,B08
Jessore,2014,3,66,B08
Jessore,2014,4,63,B08
Jessore,2014,5,67,B08
Jessore,2014,6,80,B08
Jessore,2014,7,83,B08
Jessore,2014,8,83,B08
Jessore,2014,9,81,B08
Jessore,2014,10,81,B08
Jessore,2014,11,75,B08
Jessore,2014,12,81,B08
Jessore,2015,1,78,B08
Jessore,2015,2,74,B08
Jessore,2015,3,65,B08
Jessore,2015,4,73,B08
Jessore,2015,5,73,B08
Jessore,2015,6,79,B08
Jessore,2015,7,84,B08
Jessore,2015,8,83,B08
Jessore,2015,9,81,B08
Jessore,2015,10,80,B08
Jessore,2015,11,78,B08
Jessore,2015,12,80,B08
Jessore,2016,1,78,B08
Jessore,2016,2,74,B08
Jessore,2016,3,68,B08
Jessore,2016,4,69,B08
Jessore,2016,5,73,B08
Jessore,2016,6,77,B08
Jessore,2016,7,83,B08
Jessore,2016,8,81,B08
Jessore,2016,9,81,B08
Jessore,2016,10,79,B08
Jessore,2016,11,80,B08
Jessore,2016,12,81,B08
Khulna,2011,1,76,B08
Khulna,2011,2,70,B08
Khulna,2011,3,70,B08
Khulna,2011,4,72,B08
Khulna,2011,5,78,B08
Khulna,2011,6,84,B08
Khulna,2011,7,84,B08
Khulna,2011,8,88,B08
Khulna,2011,9,87,B08
Khulna,2011,10,79,B08
Khulna,2011,11,81,B08
Khulna,2011,12,83,B08
Khulna,2012,1,80,B08
Khulna,2012,2,71,B08
Khulna,2012,3,73,B08
Khulna,2012,4,77,B08
Khulna,2012,5,79,B08
Khulna,2012,6,84,B08
Khulna,2012,7,90,B08
Khulna,2012,8,90,B08
Khulna,2012,9,90,B08
Khulna,2012,10,85,B08
Khulna,2012,11,81,B08
Khulna,2012,12,87,B08
Khulna,2013,1,83,B08
Khulna,2013,2,77,B08
Khulna,2013,3,70,B08
Khulna,2013,4,71,B08
Khulna,2013,5,82,B08
Khulna,2013,6,84,B08
Khulna,2013,7,90,B08
Khulna,2013,8,91,B08
Khulna,2013,9,85,B08
Khulna,2013,10,86,B08
Khulna,2013,11,75,B08
Khulna,2013,12,78,B08
Khulna,2014,1,81,B08
Khulna,2014,2,73,B08
Khulna,2014,3,68,B08
Khulna,2014,4,66,B08
Khulna,2014,5,74,B08
Khulna,2014,6,83,B08
Khulna,2014,7,86,B08
Khulna,2014,8,85,B08
Khulna,2014,9,84,B08
Khulna,2014,10,79,B08
Khulna,2014,11,75,B08
Khulna,2014,12,82,B08
Mongla,2011,1,75,B08
Mongla,2011,2,69,B08
Mongla,2011,3,71,B08
Mongla,2011,4,74,B08
Mongla,2011,5,78,B08
Mongla,2011,6,86,B08
Mongla,2011,7,84,B08
Mongla,2011,8,89,B08
Mongla,2011,9,91,B08
Mongla,2011,10,82,B08
Mongla,2011,11,78,B08
Mongla,2011,12,81,B08
Mongla,2012,1,76,B08
Mongla,2012,2,68,B08
Mongla,2012,3,72,B08
Mongla,2012,4,76,B08
Mongla,2012,5,77,B08
Mongla,2012,6,81,B08
Mongla,2012,7,88,B08
Mongla,2012,8,88,B08
Mongla,2012,9,88,B08
Mongla,2012,10,83,B08
Mongla,2012,11,79,B08
Mongla,2012,12,80,B08
Mongla,2013,1,74,B08
Mongla,2013,2,67,B08
Mongla,2013,3,70,B08
Mongla,2013,4,73,B08
Mongla,2013,5,83,B08
Mongla,2013,6,85,B08
Mongla,2013,7,87,B08
Mongla,2013,8,87,B08
Mongla,2013,9,86,B08
Mongla,2013,10,87,B08
Mongla,2013,11,77,B08
Mongla,2013,12,79,B08
Mongla,2014,1,80,B08
Mongla,2014,2,73,B08
Mongla,2014,3,70,B08
Mongla,2014,4,71,B08
Mongla,2014,5,79,B08
Mongla,2014,6,86,B08
Mongla,2014,7,87,B08
Mongla,2014,8,88,B08
Mongla,2014,9,86,B08
Mongla,2014,10,82,B08
Mongla,2014,11,78,B08
Mongla,2014,12,80,B08
Satkhira,2011,1,76,B08
Satkhira,2011,2,71,B08
Satkhira,2011,3,70,B08
Satkhira,2011,4,73,B08
Satkhira,2011,5,76,B08
Satkhira,2011,6,82,B08
Satkhira,2011,7,82,B08
Satkhira,2011,8,86,B08
Satkhira,2011,9,85,B08
Satkhira,2011,10,79,B08
Satkhira,2011,11,78,B08
Satkhira,2011,12,81,B08
Satkhira,2012,1,79,B08
Satkhira,2012,2,72,B08
Satkhira,2012,3,71,B08
Satkhira,2012,4,72,B08
Satkhira,2012,5,70,B08
Satkhira,2012,6,77,B08
Satkhira,2012,7,84,B08
Satkhira,2012,8,85,B08
Satkhira,2012,9,85,B08
Satkhira,2012,10,81,B08
Satkhira,2012,11,78,B08
Satkhira,2012,12,81,B08
Satkhira,2013,1,76,B08
Satkhira,2013,2,72,B08
Satkhira,2013,3,71,B08
Satkhira,2013,4,70,B08
Satkhira,2013,5,80,B08
Satkhira,2013,6,81,B08
Satkhira,2013,7,83,B08
Satkhira,2013,8,85,B08
Satkhira,2013,9,85,B08
Satkhira,2013,10,86,B08
Satkhira,2013,11,76,B08
Satkhira,2013,12,79,B08
Satkhira,2014,1,79,B08
Satkhira,2014,2,72,B08
Satkhira,2014,3,68,B08
Satkhira,2014,4,67,B08
Satkhira,2014,5,73,B08
Satkhira,2014,6,82,B08
Satkhira,2014,7,85,B08
Satkhira,2014,8,84,B08
Satkhira,2014,9,83,B08
Satkhira,2014,10,81,B08
Satkhira,2014,11,75,B08
Satkhira,2014,12,79,B08
Barisal,2011,1,79,B08
Barisal,2011,2,72,B08
Barisal,2011,3,72,B08
Barisal,2011,4,79,B08
Barisal,2011,5,81,B08
Barisal,2011,6,87,B08
Barisal,2011,7,86,B08
Barisal,2011,8,89,B08
Barisal,2011,9,88,B08
Barisal,2011,10,84,B08
Barisal,2011,11,82,B08
Barisal,2011,12,84,B08
Barisal,2012,1,82,B08
Barisal,2012,2,72,B08
Barisal,2012,3,74,B08
Barisal,2012,4,79,B08
Barisal,2012,5,79,B08
Barisal,2012,6,86,B08
Barisal,2012,7,88,B08
Barisal,2012,8,87,B08
Barisal,2012,9,89,B08
Barisal,2012,10,86,B08
Barisal,2012,11,82,B08
Barisal,2012,12,85,B08
Barisal,2013,1,79,B08
Barisal,2013,2,76,B08
Barisal,2013,3,75,B08
Barisal,2013,4,75,B08
Barisal,2013,5,86,B08
Barisal,2013,6,84,B08
Barisal,2013,7,87,B08
Barisal,2013,8,87,B08
Barisal,2013,9,88,B08
Barisal,2013,10,87,B08
Barisal,2013,11,80,B08
Barisal,2013,12,82,B08
Barisal,2014,1,83,B08
Barisal,2014,2,76,B08
Barisal,2014,3,71,B08
Barisal,2014,4,70,B08
Barisal,2014,5,80,B08
Barisal,2014,6,85,B08
Barisal,2014,7,86,B08
Barisal,2014,8,88,B08
Barisal,2014,9,85,B08
Barisal,2014,10,84,B08
Barisal,2014,11,82,B08
Barisal,2014,12,85,B08
Bhola,2011,1,79,B08
Bhola,2011,2,75,B08
Bhola,2011,3,75,B08
Bhola,2011,4,79,B08
Bhola,2011,5,84,B08
Bhola,2011,6,88,B08
Bhola,2011,7,87,B08
Bhola,2011,8,88,B08
Bhola,2011,9,90,B08
Bhola,2011,10,85,B08
Bhola,2011,11,82,B08
Bhola,2011,12,84,B08
Bhola,2012,1,82,B08
Bhola,2012,2,74,B08
Bhola,2012,3,77,B08
Bhola,2012,4,81,B08
Bhola,2012,5,79,B08
Bhola,2012,6,85,B08
Bhola,2012,7,88,B08
Bhola,2012,8,87,B08
Bhola,2012,9,88,B08
Bhola,2012,10,86,B08
Bhola,2012,11,82,B08
Bhola,2012,12,85,B08
Bhola,2013,1,78,B08
Bhola,2013,2,73,B08
Bhola,2013,3,74,B08
Bhola,2013,4,76,B08
Bhola,2013,5,86,B08
Bhola,2013,6,84,B08
Bhola,2013,7,87,B08
Bhola,2013,8,89,B08
Bhola,2013,9,87,B08
Bhola,2013,10,86,B08
Bhola,2013,11,80,B08
Bhola,2013,12,83,B08
Bhola,2014,1,83,B08
Bhola,2014,2,77,B08
Bhola,2014,3,73,B08
Bhola,2014,4,74,B08
Bhola,2014,5,78,B08
Bhola,2014,6,86,B08
Bhola,2014,7,87,B08
Bhola,2014,8,89,B08
Bhola,2014,9,87,B08
Bhola,2014,10,83,B08
Bhola,2014,11,83,B08
Bhola,2014,12,86,B08
Khepupara,2011,1,75,B08
Khepupara,2011,2,71,B08
Khepupara,2011,3,72,B08
Khepupara,2011,4,77,B08
Khepupara,2011,5,81,B08
Khepupara,2011,6,87,B08
Khepupara,2011,7,86,B08
Khepupara,2011,8,89,B08
Khepupara,2011,9,88,B08
Khepupara,2011,10,83,B08
Khepupara,2011,11,81,B08
Khepupara,2011,12,79,B08
Khepupara,2012,1,76,B08
Khepupara,2012,2,67,B08
Khepupara,2012,3,76,B08
Khepupara,2012,4,76,B08
Khepupara,2012,5,77,B08
Khepupara,2012,6,83,B08
Khepupara,2012,7,89,B08
Khepupara,2012,8,88,B08
Khepupara,2012,9,88,B08
Khepupara,2012,10,83,B08
Khepupara,2012,11,80,B08
Khepupara,2012,12,80,B08
Khepupara,2013,1,71,B08
Khepupara,2013,2,65,B08
Khepupara,2013,3,72,B08
Khepupara,2013,5,85,B08
Khepupara,2013,6,84,B08
Khepupara,2013,7,86,B08
Khepupara,2013,8,86,B08
Khepupara,2013,9,88,B08
Khepupara,2013,10,88,B08
Khepupara,2013,11,78,B08
Khepupara,2013,12,78,B08
Khepupara,2014,1,76,B08
Khepupara,2014,2,74,B08
Khepupara,2014,3,70,B08
Khepupara,2014,4,73,B08
Khepupara,2014,5,78,B08
Khepupara,2014,6,85,B08
Khepupara,2014,7,89,B08
Khepupara,2014,8,88,B08
Khepupara,2014,9,86,B08
Khepupara,2014,10,84,B08
Khepupara,2014,11,79,B08
Khepupara,2014,12,79,B08
Patuakhali,2011,1,86,B08
Patuakhali,2011,2,75,B08
Patuakhali,2011,3,73,B08
Patuakhali,2011,4,80,B08
Patuakhali,2011,5,84,B08
Patuakhali,2011,6,90,B08
Patuakhali,2011,7,89,B08
Patuakhali,2011,8,91,B08
Patuakhali,2011,9,91,B08
Patuakhali,2011,10,86,B08
Patuakhali,2011,11,83,B08
Patuakhali,2011,12,84,B08
Patuakhali,2012,1,81,B08
Patuakhali,2012,2,72,B08
Patuakhali,2012,3,77,B08
Patuakhali,2012,4,80,B08
Patuakhali,2012,5,85,B08
Patuakhali,2012,6,85,B08
Patuakhali,2012,7,90,B08
Patuakhali,2012,8,89,B08
Patuakhali,2012,9,90,B08
Patuakhali,2012,10,86,B08
Patuakhali,2012,11,83,B08
Patuakhali,2012,12,85,B08
Patuakhali,2013,1,77,B08
Patuakhali,2013,2,71,B08
Patuakhali,2013,3,73,B08
Patuakhali,2013,4,77,B08
Patuakhali,2013,5,87,B08
Patuakhali,2013,6,86,B08
Patuakhali,2013,7,89,B08
Patuakhali,2013,8,89,B08
Patuakhali,2013,9,90,B08
Patuakhali,2013,10,89,B08
Patuakhali,2013,11,79,B08
Patuakhali,2013,12,81,B08
Patuakhali,2014,1,80,B08
Patuakhali,2014,2,75,B08
Patuakhali,2014,3,71,B08
Patuakhali,2014,4,74,B08
Patuakhali,2014,5,82,B08
Patuakhali,2014,6,88,B08
Patuakhali,2014,7,89,B08
Patuakhali,2014,8,91,B08
Patuakhali,2014,9,88,B08
Patuakhali,2014,10,84,B08
Patuakhali,2014,11,82,B08
Patuakhali,2014,12,85,B08
Chandpur,2011,1,77,B08
Chandpur,2011,2,71,B08
Chandpur,2011,3,70,B08
Chandpur,2011,4,76,B08
Chandpur,2011,5,82,B08
Chandpur,2011,6,86,B08
Chandpur,2011,7,85,B08
Chandpur,2011,8,87,B08
Chandpur,2011,9,86,B08
Chandpur,2011,10,80,B08
Chandpur,2011,11,76,B08
Chandpur,2011,12,81,B08
Chandpur,2012,1,78,B08
Chandpur,2012,2,67,B08
Chandpur,2012,3,71,B08
Chandpur,2012,4,79,B08
Chandpur,2012,5,78,B08
Chandpur,2012,6,84,B08
Chandpur,2012,7,85,B08
Chandpur,2012,8,85,B08
Chandpur,2012,9,85,B08
Chandpur,2012,10,81,B08
Chandpur,2012,11,77,B08
Chandpur,2012,12,83,B08
Chandpur,2013,1,77,B08
Chandpur,2013,2,70,B08
Chandpur,2013,3,70,B08
Chandpur,2013,4,76,B08
Chandpur,2013,5,85,B08
Chandpur,2013,6,82,B08
Chandpur,2013,7,85,B08
Chandpur,2013,8,86,B08
Chandpur,2013,9,85,B08
Chandpur,2013,10,84,B08
Chandpur,2013,11,75,B08
Chandpur,2013,12,79,B08
Chandpur,2014,1,81,B08
Chandpur,2014,2,74,B08
Chandpur,2014,3,70,B08
Chandpur,2014,4,72,B08
Chandpur,2014,5,79,B08
Chandpur,2014,6,86,B08
Chandpur,2014,7,83,B08
Chandpur,2014,8,87,B08
Chandpur,2014,9,83,B08
Chandpur,2014,10,79,B08
Chandpur,2014,11,76,B08
Chandpur,2014,12,84,B08
Teknaf,2011,1,70,B08
Teknaf,2011,2,69,B08
Teknaf,2011,3,73,B08
Teknaf,2011,4,79,B08
Teknaf,2011,5,83,B08
Teknaf,2011,6,90,B08
Teknaf,2011,7,89,B08
Teknaf,2011,8,90,B08
Teknaf,2011,9,90,B08
Teknaf,2011,10,85,B08
Teknaf,2011,11,75,B08
Teknaf,2012,1,67,B08
Teknaf,2012,2,59,B08
Teknaf,2012,3,75,B08
Teknaf,2012,4,79,B08
Teknaf,2012,5,82,B08
Teknaf,2012,6,88,B08
Teknaf,2012,7,92,B08
Teknaf,2012,8,89,B08
Teknaf,2012,9,87,B08
Teknaf,2012,10,83,B08
Teknaf,2012,11,75,B08
Teknaf,2012,12,69,B08
Teknaf,2013,1,64,B08
Teknaf,2013,2,62,B08
Teknaf,2013,3,74,B08
Teknaf,2013,4,77,B08
Teknaf,2013,5,85,B08
Teknaf,2013,6,87,B08
Teknaf,2013,7,89,B08
Teknaf,2013,8,87,B08
Teknaf,2013,9,87,B08
Teknaf,2013,10,84,B08
Teknaf,2013,11,78,B08
Teknaf,2013,12,71,B08
Teknaf,2014,1,74,B08
Teknaf,2014,2,71,B08
Teknaf,2014,3,70,B08
Teknaf,2014,4,80,B08
Teknaf,2014,5,77,B08
Teknaf,2014,6,85,B08
Teknaf,2014,7,88,B08
Teknaf,2014,8,90,B08
Teknaf,2014,9,87,B08
Teknaf,2014,10,82,B08
Teknaf,2014,11,79,B08
Teknaf,2014,12,75,B08
Ambagan (Ctg),2011,1,67,B08
Ambagan (Ctg),2011,2,66,B08
Ambagan (Ctg),2011,3,69,B08
Ambagan (Ctg),2011,4,76,B08
Ambagan (Ctg),2011,5,79,B08
Ambagan (Ctg),2011,6,85,B08
Ambagan (Ctg),2011,7,84,B08
Ambagan (Ctg),2011,8,88,B08
Ambagan (Ctg),2011,9,86,B08
Ambagan (Ctg),2011,10,82,B08
Ambagan (Ctg),2011,11,77,B08
Ambagan (Ctg),2011,12,81,B08
Ambagan (Ctg),2012,1,74,B08
Ambagan (Ctg),2012,2,64,B08
Ambagan (Ctg),2012,3,77,B08
Ambagan (Ctg),2012,4,82,B08
Ambagan (Ctg),2012,5,79,B08
Ambagan (Ctg),2012,6,87,B08
Ambagan (Ctg),2012,7,88,B08
Ambagan (Ctg),2012,8,85,B08
Ambagan (Ctg),2012,9,82,B08
Ambagan (Ctg),2012,10,84,B08
Ambagan (Ctg),2012,11,77,B08
Ambagan (Ctg),2012,12,80,B08
Ambagan (Ctg),2013,1,69,B08
Ambagan (Ctg),2013,2,56,B08
Ambagan (Ctg),2013,3,70,B08
Ambagan (Ctg),2013,4,72,B08
Ambagan (Ctg),2013,5,82,B08
Ambagan (Ctg),2013,6,83,B08
Ambagan (Ctg),2013,7,82,B08
Ambagan (Ctg),2013,8,84,B08
Ambagan (Ctg),2013,9,85,B08
Ambagan (Ctg),2013,10,85,B08
Ambagan (Ctg),2013,11,75,B08
Ambagan (Ctg),2013,12,77,B08
Ambagan (Ctg),2014,1,70,B08
Ambagan (Ctg),2014,2,66,B08
Ambagan (Ctg),2014,3,63,B08
Ambagan (Ctg),2014,4,70,B08
Ambagan (Ctg),2014,5,78,B08
Ambagan (Ctg),2014,6,84,B08
Ambagan (Ctg),2014,7,82,B08
Ambagan (Ctg),2014,8,86,B08
Ambagan (Ctg),2014,9,81,B08
Ambagan (Ctg),2014,10,81,B08
Ambagan (Ctg),2014,11,76,B08
Ambagan (Ctg),2014,12,78,B08
Comilla,2011,1,75,B08
Comilla,2011,2,68,B08
Comilla,2011,3,74,B08
Comilla,2011,4,78,B08
Comilla,2011,5,82,B08
Comilla,2011,6,85,B08
Comilla,2011,7,84,B08
Comilla,2011,8,85,B08
Comilla,2011,9,84,B08
Comilla,2011,10,80,B08
Comilla,2011,11,76,B08
Comilla,2011,12,81,B08
Comilla,2012,1,77,B08
Comilla,2012,2,70,B08
Comilla,2012,3,75,B08
Comilla,2012,4,81,B08
Comilla,2012,5,79,B08
Comilla,2012,6,84,B08
Comilla,2012,7,85,B08
Comilla,2012,8,83,B08
Comilla,2012,9,85,B08
Comilla,2012,10,82,B08
Comilla,2012,11,78,B08
Comilla,2012,12,83,B08
Comilla,2013,1,74,B08
Comilla,2013,2,68,B08
Comilla,2013,3,75,B08
Comilla,2013,4,78,B08
Comilla,2013,5,85,B08
Comilla,2013,6,81,B08
Comilla,2013,7,83,B08
Comilla,2013,8,85,B08
Comilla,2013,9,84,B08
Comilla,2013,10,85,B08
Comilla,2013,11,78,B08
Comilla,2013,12,81,B08
Comilla,2014,1,79,B08
Comilla,2014,2,72,B08
Comilla,2014,3,70,B08
Comilla,2014,4,72,B08
Comilla,2014,5,77,B08
Comilla,2014,6,85,B08
Comilla,2014,7,82,B08
Comilla,2014,8,86,B08
Comilla,2014,9,83,B08
Comilla,2014,10,81,B08
Comilla,2014,11,80,B08
Comilla,2014,12,83,B08
Cox's Bazar,2011,1,67,B08
Cox's Bazar,2011,2,67,B08
Cox's Bazar,2011,3,69,B08
Cox's Bazar,2011,4,77,B08
Cox's Bazar,2011,5,80,B08
Cox's Bazar,2011,6,87,B08
Cox's Bazar,2011,7,85,B08
Cox's Bazar,2011,8,88,B08
Cox's Bazar,2011,9,87,B08
Cox's Bazar,2011,10,82,B08
Cox's Bazar,2011,11,74,B08
Cox's Bazar,2011,12,77,B08
Cox's Bazar,2012,1,66,B08
Cox's Bazar,2012,2,62,B08
Cox's Bazar,2012,3,77,B08
Cox's Bazar,2012,4,77,B08
Cox's Bazar,2012,5,79,B08
Cox's Bazar,2012,6,86,B08
Cox's Bazar,2012,7,89,B08
Cox's Bazar,2012,8,87,B08
Cox's Bazar,2012,9,85,B08
Cox's Bazar,2012,10,82,B08
Cox's Bazar,2012,11,76,B08
Cox's Bazar,2012,12,77,B08
Cox's Bazar,2013,1,70,B08
Cox's Bazar,2013,2,66,B08
Cox's Bazar,2013,3,75,B08
Cox's Bazar,2013,4,77,B08
Cox's Bazar,2013,5,85,B08
Cox's Bazar,2013,6,85,B08
Cox's Bazar,2013,7,86,B08
Cox's Bazar,2013,8,86,B08
Cox's Bazar,2013,9,85,B08
Cox's Bazar,2013,10,83,B08
Cox's Bazar,2013,11,73,B08
Cox's Bazar,2013,12,73,B08
Cox's Bazar,2014,1,73,B08
Cox's Bazar,2014,2,71,B08
Cox's Bazar,2014,3,73,B08
Cox's Bazar,2014,4,76,B08
Cox's Bazar,2014,5,79,B08
Cox's Bazar,2014,6,86,B08
Cox's Bazar,2014,7,85,B08
Cox's Bazar,2014,8,88,B08
Cox's Bazar,2014,9,84,B08
Cox's Bazar,2014,10,79,B08
Cox's Bazar,2014,11,77,B08
Cox's Bazar,2014,12,76,B08
Feni,2011,1,76,B08
Feni,2011,2,71,B08
Feni,2011,3,75,B08
Feni,2011,4,82,B08
Feni,2011,5,87,B08
Feni,2011,6,88,B08
Feni,2011,7,86,B08
Feni,2011,8,88,B08
Feni,2011,9,86,B08
Feni,2011,10,82,B08
Feni,2011,11,79,B08
Feni,2011,12,82,B08
Feni,2012,1,79,B08
Feni,2012,2,70,B08
Feni,2012,3,77,B08
Feni,2012,4,82,B08
Feni,2012,5,80,B08
Feni,2012,6,87,B08
Feni,2012,7,89,B08
Feni,2012,8,85,B08
Feni,2012,9,86,B08
Feni,2012,10,85,B08
Feni,2012,11,81,B08
Feni,2012,12,83,B08
Feni,2013,1,77,B08
Feni,2013,2,70,B08
Feni,2013,3,72,B08
Feni,2013,4,76,B08
Feni,2013,5,86,B08
Feni,2013,6,83,B08
Feni,2013,7,85,B08
Feni,2013,8,86,B08
Feni,2013,9,86,B08
Feni,2013,10,86,B08
Feni,2013,11,79,B08
Feni,2013,12,80,B08
Feni,2014,1,78,B08
Feni,2014,2,72,B08
Feni,2014,3,70,B08
Feni,2014,4,71,B08
Feni,2014,5,78,B08
Feni,2014,6,85,B08
Feni,2014,7,84,B08
Feni,2014,8,88,B08
Feni,2014,9,85,B08
Feni,2014,10,82,B08
Feni,2014,11,80,B08
Feni,2014,12,82,B08
Hatiya,2011,1,74,B08
Hatiya,2011,2,72,B08
Hatiya,2011,3,72,B08
Hatiya,2011,4,78,B08
Hatiya,2011,5,84,B08
Hatiya,2011,6,88,B08
Hatiya,2011,7,87,B08
Hatiya,2011,8,89,B08
Hatiya,2011,9,89,B08
Hatiya,2011,10,86,B08
Hatiya,2011,11,84,B08
Hatiya,2011,12,85,B08
Hatiya,2012,1,79,B08
Hatiya,2012,2,72,B08
Hatiya,2012,3,79,B08
Hatiya,2012,4,83,B08
Hatiya,2012,5,84,B08
Hatiya,2012,6,87,B08
Hatiya,2012,7,89,B08
Hatiya,2012,8,88,B08
Hatiya,2012,9,88,B08
Hatiya,2012,10,87,B08
Hatiya,2012,11,82,B08
Hatiya,2012,12,83,B08
Hatiya,2013,1,76,B08
Hatiya,2013,2,70,B08
Hatiya,2013,3,76,B08
Hatiya,2013,4,80,B08
Hatiya,2013,5,86,B08
Hatiya,2013,6,86,B08
Hatiya,2013,7,88,B08
Hatiya,2013,8,90,B08
Hatiya,2013,9,88,B08
Hatiya,2013,10,88,B08
Hatiya,2013,11,81,B08
Hatiya,2013,12,82,B08
Hatiya,2014,1,81,B08
Hatiya,2014,2,78,B08
Hatiya,2014,3,74,B08
Hatiya,2014,4,79,B08
Hatiya,2014,5,82,B08
Hatiya,2014,6,91,B08
Hatiya,2014,7,90,B08
Hatiya,2014,8,91,B08
Hatiya,2014,9,88,B08
Hatiya,2014,10,88,B08
Hatiya,2014,11,86,B08
Hatiya,2014,12,87,B08
Kutubdia,2011,1,67,B08
Kutubdia,2011,2,70,B08
Kutubdia,2011,3,73,B08
Kutubdia,2011,4,79,B08
Kutubdia,2011,5,80,B08
Kutubdia,2011,6,86,B08
Kutubdia,2011,7,87,B08
Kutubdia,2011,8,87,B08
Kutubdia,2011,9,87,B08
Kutubdia,2011,10,82,B08
Kutubdia,2011,11,75,B08
Kutubdia,2011,12,77,B08
Kutubdia,2012,1,70,B08
Kutubdia,2012,2,68,B08
Kutubdia,2012,3,79,B08
Kutubdia,2012,4,83,B08
Kutubdia,2012,5,86,B08
Kutubdia,2012,6,89,B08
Kutubdia,2012,7,92,B08
Kutubdia,2012,8,91,B08
Kutubdia,2012,9,87,B08
Kutubdia,2012,10,83,B08
Kutubdia,2012,11,82,B08
Kutubdia,2012,12,81,B08
Kutubdia,2013,1,81,B08
Kutubdia,2013,2,80,B08
Kutubdia,2013,3,81,B08
Kutubdia,2013,4,87,B08
Kutubdia,2013,5,87,B08
Kutubdia,2013,6,89,B08
Kutubdia,2013,7,89,B08
Kutubdia,2013,8,88,B08
Kutubdia,2013,9,88,B08
Kutubdia,2013,10,89,B08
Kutubdia,2013,11,77,B08
Kutubdia,2013,12,76,B08
Kutubdia,2014,1,78,B08
Kutubdia,2014,2,76,B08
Kutubdia,2014,3,74,B08
Kutubdia,2014,4,79,B08
Kutubdia,2014,5,78,B08
Kutubdia,2014,6,82,B08
Kutubdia,2014,7,83,B08
Kutubdia,2014,8,87,B08
Kutubdia,2014,9,88,B08
Kutubdia,2014,10,84,B08
Kutubdia,2014,11,76,B08
Kutubdia,2014,12,74,B08
Maijdi Court,2011,1,77,B08
Maijdi Court,2011,2,72,B08
Maijdi Court,2011,3,73,B08
Maijdi Court,2011,4,78,B08
Maijdi Court,2011,5,83,B08
Maijdi Court,2011,6,88,B08
Maijdi Court,2011,7,87,B08
Maijdi Court,2011,8,88,B08
Maijdi Court,2011,9,87,B08
Maijdi Court,2011,10,81,B08
Maijdi Court,2011,11,77,B08
Maijdi Court,2011,12,82,B08
Maijdi Court,2012,1,78,B08
Maijdi Court,2012,2,71,B08
Maijdi Court,2012,3,76,B08
Maijdi Court,2012,4,82,B08
Maijdi Court,2012,5,79,B08
Maijdi Court,2012,6,85,B08
Maijdi Court,2012,7,87,B08
Maijdi Court,2012,8,86,B08
Maijdi Court,2012,9,85,B08
Maijdi Court,2012,10,82,B08
Maijdi Court,2012,11,80,B08
Maijdi Court,2012,12,81,B08
Maijdi Court,2013,1,73,B08
Maijdi Court,2013,2,67,B08
Maijdi Court,2013,3,71,B08
Maijdi Court,2013,4,75,B08
Maijdi Court,2013,5,85,B08
Maijdi Court,2013,6,82,B08
Maijdi Court,2013,7,86,B08
Maijdi Court,2013,8,87,B08
Maijdi Court,2013,9,85,B08
Maijdi Court,2013,10,85,B08
Maijdi Court,2013,11,76,B08
Maijdi Court,2013,12,80,B08
Maijdi Court,2014,1,78,B08
Maijdi Court,2014,2,73,B08
Maijdi Court,2014,3,71,B08
Maijdi Court,2014,4,72,B08
Maijdi Court,2014,5,78,B08
Maijdi Court,2014,6,85,B08
Maijdi Court,2014,7,84,B08
Maijdi Court,2014,8,88,B08
Maijdi Court,2014,9,85,B08
Maijdi Court,2014,10,80,B08
Maijdi Court,2014,11,80,B08
Maijdi Court,2014,12,83,B08
Rangamati,2011,1,77,B08
Rangamati,2011,2,68,B08
Rangamati,2011,3,65,B08
Rangamati,2011,4,72,B08
Rangamati,2011,5,79,B08
Rangamati,2011,6,84,B08
Rangamati,2011,7,85,B08
Rangamati,2011,8,87,B08
Rangamati,2011,9,85,B08
Rangamati,2011,10,85,B08
Rangamati,2011,11,81,B08
Rangamati,2011,12,83,B08
Rangamati,2012,1,77,B08
Rangamati,2012,2,63,B08
Rangamati,2012,3,68,B08
Rangamati,2012,4,77,B08
Rangamati,2012,5,77,B08
Rangamati,2012,6,85,B08
Rangamati,2012,7,86,B08
Rangamati,2012,8,83,B08
Rangamati,2012,9,83,B08
Rangamati,2012,10,85,B08
Rangamati,2012,11,83,B08
Rangamati,2012,12,83,B08
Rangamati,2013,1,75,B08
Rangamati,2013,2,62,B08
Rangamati,2013,3,63,B08
Rangamati,2013,4,68,B08
Rangamati,2013,5,79,B08
Rangamati,2013,6,82,B08
Rangamati,2013,7,83,B08
Rangamati,2013,8,85,B08
Rangamati,2013,9,84,B08
Rangamati,2013,10,86,B08
Rangamati,2013,11,82,B08
Rangamati,2013,12,82,B08
Rangamati,2014,1,77,B08
Rangamati,2014,2,67,B08
Rangamati,2014,3,60,B08
Rangamati,2014,4,62,B08
Rangamati,2014,5,76,B08
Rangamati,2014,6,84,B08
Rangamati,2014,7,80,B08
Rangamati,2014,8,83,B08
Rangamati,2014,9,83,B08
Rangamati,2014,10,82,B08
Rangamati,2014,11,82,B08
Rangamati,2014,12,83,B08
Sandwip,2011,1,77,B08
Sandwip,2011,2,74,B08
Sandwip,2011,3,74,B08
Sandwip,2011,4,80,B08
Sandwip,2011,5,83,B08
Sandwip,2011,6,87,B08
Sandwip,2011,7,86,B08
Sandwip,2011,8,89,B08
Sandwip,2011,9,87,B08
Sandwip,2011,10,84,B08
Sandwip,2011,11,81,B08
Sandwip,2011,12,84,B08
Sandwip,2012,1,77,B08
Sandwip,2012,2,70,B08
Sandwip,2012,3,79,B08
Sandwip,2012,4,81,B08
Sandwip,2012,5,81,B08
Sandwip,2012,6,86,B08
Sandwip,2012,7,89,B08
Sandwip,2012,8,86,B08
Sandwip,2012,9,85,B08
Sandwip,2012,10,84,B08
Sandwip,2012,11,80,B08
Sandwip,2013,1,74,B08
Sandwip,2013,2,68,B08
Sandwip,2013,3,76,B08
Sandwip,2013,4,77,B08
Sandwip,2013,5,86,B08
Sandwip,2013,6,84,B08
Sandwip,2013,7,85,B08
Sandwip,2013,8,88,B08
Sandwip,2013,9,88,B08
Sandwip,2013,10,87,B08
Sandwip,2013,11,80,B08
Sandwip,2013,12,83,B08
Sandwip,2014,1,78,B08
Sandwip,2014,2,75,B08
Sandwip,2014,3,71,B08
Sandwip,2014,4,76,B08
Sandwip,2014,5,80,B08
Sandwip,2014,6,88,B08
Sandwip,2014,7,85,B08
Sandwip,2014,8,89,B08
Sandwip,2014,9,86,B08
Sandwip,2014,10,83,B08
Sandwip,2014,11,81,B08
Sandwip,2014,12,82,B08
Chittagong,2011,1,68,B08
Chittagong,2011,2,67,B08
Chittagong,2011,3,69,B08
Chittagong,2011,4,77,B08
Chittagong,2011,5,80,B08
Chittagong,2011,6,85,B08
Chittagong,2011,7,84,B08
Chittagong,2011,8,87,B08
Chittagong,2011,9,85,B08
Chittagong,2011,10,80,B08
Chittagong,2011,11,74,B08
Chittagong,2011,12,77,B08
Chittagong,2012,1,68,B08
Chittagong,2012,2,62,B08
Chittagong,2012,3,76,B08
Chittagong,2012,4,80,B08
Chittagong,2012,5,80,B08
Chittagong,2012,6,86,B08
Chittagong,2012,7,88,B08
Chittagong,2012,8,86,B08
Chittagong,2012,9,85,B08
Chittagong,2012,10,84,B08
Chittagong,2012,11,77,B08
Chittagong,2012,12,80,B08
Chittagong,2013,1,72,B08
Chittagong,2013,2,64,B08
Chittagong,2013,3,77,B08
Chittagong,2013,4,77,B08
Chittagong,2013,5,85,B08
Chittagong,2013,6,84,B08
Chittagong,2013,7,84,B08
Chittagong,2013,8,86,B08
Chittagong,2013,9,84,B08
Chittagong,2013,10,85,B08
Chittagong,2013,11,78,B08
Chittagong,2013,12,77,B08
Chittagong,2014,1,72,B08
Chittagong,2014,2,69,B08
Chittagong,2014,3,68,B08
Chittagong,2014,4,76,B08
Chittagong,2014,5,79,B08
Chittagong,2014,6,85,B08
Chittagong,2014,7,85,B08
Chittagong,2014,8,87,B08
Chittagong,2014,9,84,B08
Chittagong,2014,10,80,B08
Chittagong,2014,11,72,B08
Chittagong,2014,12,73,B08
Sitakunda,2011,1,72,B08
Sitakunda,2011,2,67,B08
Sitakunda,2011,3,71,B08
Sitakunda,2011,4,79,B08
Sitakunda,2011,5,83,B08
Sitakunda,2011,6,87,B08
Sitakunda,2011,7,87,B08
Sitakunda,2011,8,88,B08
Sitakunda,2011,9,87,B08
Sitakunda,2011,10,84,B08
Sitakunda,2011,11,81,B08
Sitakunda,2011,12,81,B08
Sitakunda,2012,1,79,B08
Sitakunda,2012,2,66,B08
Sitakunda,2012,3,78,B08
Sitakunda,2012,4,82,B08
Sitakunda,2012,5,84,B08
Sitakunda,2012,6,87,B08
Sitakunda,2012,7,89,B08
Sitakunda,2012,8,85,B08
Sitakunda,2012,9,85,B08
Sitakunda,2012,10,85,B08
Sitakunda,2012,11,82,B08
Sitakunda,2012,12,81,B08
Sitakunda,2013,1,75,B08
Sitakunda,2013,2,70,B08
Sitakunda,2013,3,76,B08
Sitakunda,2013,4,78,B08
Sitakunda,2013,5,86,B08
Sitakunda,2013,6,85,B08
Sitakunda,2013,7,85,B08
Sitakunda,2013,8,88,B08
Sitakunda,2013,9,87,B08
Sitakunda,2013,10,85,B08
Sitakunda,2013,11,78,B08
Sitakunda,2013,12,81,B08
Sitakunda,2014,1,76,B08
Sitakunda,2014,2,72,B08
Sitakunda,2014,3,69,B08
Sitakunda,2014,4,71,B08
Sitakunda,2014,5,78,B08
Sitakunda,2014,6,86,B08
Sitakunda,2014,7,84,B08
Sitakunda,2014,8,87,B08
Sitakunda,2014,9,84,B08
Sitakunda,2014,10,82,B08
Sitakunda,2014,11,80,B08
Sitakunda,2014,12,79,B08
Dhaka,2015,1,70,B09
Dhaka,2015,2,63,B09
Dhaka,2015,3,52,B09
Dhaka,2015,4,68,B09
Dhaka,2015,5,71,B09
Dhaka,2015,6,77,B09
Dhaka,2015,7,81,B09
Dhaka,2015,8,79,B09
Dhaka,2015,9,78,B09
Dhaka,2015,10,73,B09
Dhaka,2015,11,69,B09
Dhaka,2015,12,68,B09
Tangail,2015,1,81,B09
Tangail,2015,2,75,B09
Tangail,2015,3,66,B09
Tangail,2015,4,76,B09
Tangail,2015,5,76,B09
Tangail,2015,6,82,B09
Tangail,2015,7,83,B09
Tangail,2015,8,85,B09
Tangail,2015,9,80,B09
Tangail,2015,10,80,B09
Tangail,2015,11,77,B09
Tangail,2015,12,80,B09
Mymensingh,2015,1,82,B09
Mymensingh,2015,2,78,B09
Mymensingh,2015,3,74,B09
Mymensingh,2015,4,80,B09
Mymensingh,2015,5,80,B09
Mymensingh,2015,6,85,B09
Mymensingh,2015,7,84,B09
Mymensingh,2015,8,87,B09
Mymensingh,2015,9,85,B09
Mymensingh,2015,10,82,B09
Mymensingh,2015,11,81,B09
Mymensingh,2015,12,82,B09
Faridpur,2015,1,81,B09
Faridpur,2015,2,76,B09
Faridpur,2015,3,64,B09
Faridpur,2015,4,75,B09
Faridpur,2015,5,78,B09
Faridpur,2015,6,84,B09
Faridpur,2015,7,87,B09
Faridpur,2015,8,86,B09
Faridpur,2015,9,84,B09
Faridpur,2015,10,80,B09
Faridpur,2015,11,79,B09
Faridpur,2015,12,80,B09
Madaripur,2015,1,83,B09
Madaripur,2015,2,78,B09
Madaripur,2015,3,69,B09
Madaripur,2015,4,79,B09
Madaripur,2015,5,80,B09
Madaripur,2015,6,84,B09
Madaripur,2015,7,88,B09
Madaripur,2015,8,86,B09
Madaripur,2015,9,85,B09
Madaripur,2015,10,83,B09
Madaripur,2015,11,80,B09
Madaripur,2015,12,82,B09
Srimangal,2015,1,81,B09
Srimangal,2015,2,76,B09
Srimangal,2015,3,70,B09
Srimangal,2015,4,78,B09
Srimangal,2015,5,82,B09
Srimangal,2015,6,83,B09
Srimangal,2015,7,85,B09
Srimangal,2015,8,86,B09
Srimangal,2015,9,84,B09
Srimangal,2015,10,84,B09
Srimangal,2015,11,82,B09
Srimangal,2015,12,84,B09
Sylhet,2015,1,75,B09
Sylhet,2015,2,68,B09
Sylhet,2015,3,62,B09
Sylhet,2015,4,78,B09
Sylhet,2015,5,82,B09
Sylhet,2015,6,86,B09
Sylhet,2015,7,83,B09
Sylhet,2015,8,88,B09
Sylhet,2015,9,86,B09
Sylhet,2015,10,77,B09
Sylhet,2015,11,73,B09
Sylhet,2015,12,76,B09
Bogura,2015,1,79,B09
Bogura,2015,2,74,B09
Bogura,2015,3,67,B09
Bogura,2015,4,76,B09
Bogura,2015,5,76,B09
Bogura,2015,6,82,B09
Bogura,2015,7,83,B09
Bogura,2015,8,85,B09
Bogura,2015,9,81,B09
Bogura,2015,10,78,B09
Bogura,2015,11,75,B09
Bogura,2015,12,77,B09
Dinajpur,2015,1,83,B09
Dinajpur,2015,2,74,B09
Dinajpur,2015,3,66,B09
Dinajpur,2015,4,74,B09
Dinajpur,2015,5,78,B09
Dinajpur,2015,6,81,B09
Dinajpur,2015,7,81,B09
Dinajpur,2015,8,86,B09
Dinajpur,2015,9,83,B09
Dinajpur,2015,10,79,B09
Dinajpur,2015,11,78,B09
Dinajpur,2015,12,81,B09
Ishurdi,2015,1,82,B09
Ishurdi,2015,2,77,B09
Ishurdi,2015,3,65,B09
Ishurdi,2015,4,75,B09
Ishurdi,2015,5,77,B09
Ishurdi,2015,6,82,B09
Ishurdi,2015,7,85,B09
Ishurdi,2015,8,85,B09
Ishurdi,2015,9,82,B09
Ishurdi,2015,10,81,B09
Ishurdi,2015,11,80,B09
Ishurdi,2015,12,80,B09
Rajshahi,2015,1,82,B09
Rajshahi,2015,2,77,B09
Rajshahi,2015,3,66,B09
Rajshahi,2015,4,77,B09
Rajshahi,2015,5,77,B09
Rajshahi,2015,6,82,B09
Rajshahi,2015,7,86,B09
Rajshahi,2015,8,86,B09
Rajshahi,2015,9,84,B09
Rajshahi,2015,10,82,B09
Rajshahi,2015,11,81,B09
Rajshahi,2015,12,82,B09
Rangpur,2015,1,82,B09
Rangpur,2015,2,77,B09
Rangpur,2015,3,68,B09
Rangpur,2015,4,76,B09
Rangpur,2015,5,80,B09
Rangpur,2015,6,84,B09
Rangpur,2015,7,81,B09
Rangpur,2015,8,86,B09
Rangpur,2015,9,84,B09
Rangpur,2015,10,78,B09
Rangpur,2015,11,77,B09
Rangpur,2015,12,82,B09
Sayedpur,2015,1,83,B09
Sayedpur,2015,2,77,B09
Sayedpur,2015,3,69,B09
Sayedpur,2015,4,76,B09
Sayedpur,2015,5,80,B09
Sayedpur,2015,6,82,B09
Sayedpur,2015,7,81,B09
Sayedpur,2015,8,86,B09
Sayedpur,2015,9,84,B09
Sayedpur,2015,10,79,B09
Sayedpur,2015,11,78,B09
Sayedpur,2015,12,81,B09
Chuadanga,2015,1,82,B09
Chuadanga,2015,2,78,B09
Chuadanga,2015,3,67,B09
Chuadanga,2015,4,74,B09
Chuadanga,2015,5,76,B09
Chuadanga,2015,6,81,B09
Chuadanga,2015,7,88,B09
Chuadanga,2015,8,86,B09
Chuadanga,2015,9,84,B09
Chuadanga,2015,10,81,B09
Chuadanga,2015,11,80,B09
Chuadanga,2015,12,82,B09
Jessore,2015,1,78,B09
Jessore,2015,2,74,B09
Jessore,2015,3,65,B09
Jessore,2015,4,73,B09
Jessore,2015,5,73,B09
Jessore,2015,6,79,B09
Jessore,2015,7,84,B09
Jessore,2015,8,83,B09
Jessore,2015,9,81,B09
Jessore,2015,10,80,B09
Jessore,2015,11,78,B09
Jessore,2015,12,80,B09
Khulna,2015,1,80,B09
Khulna,2015,2,74,B09
Khulna,2015,3,68,B09
Khulna,2015,4,76,B09
Khulna,2015,5,76,B09
Khulna,2015,6,83,B09
Khulna,2015,7,90,B09
Khulna,2015,8,86,B09
Khulna,2015,9,85,B09
Khulna,2015,10,81,B09
Khulna,2015,11,79,B09
Khulna,2015,12,84,B09
Mongla,2015,1,78,B09
Mongla,2015,2,74,B09
Mongla,2015,3,66,B09
Mongla,2015,4,76,B09
Mongla,2015,5,78,B09
Mongla,2015,6,84,B09
Mongla,2015,7,91,B09
Mongla,2015,8,87,B09
Mongla,2015,9,85,B09
Mongla,2015,10,83,B09
Mongla,2015,11,81,B09
Mongla,2015,12,78,B09
Satkhira,2015,1,79,B09
Satkhira,2015,2,75,B09
Satkhira,2015,3,67,B09
Satkhira,2015,4,76,B09
Satkhira,2015,5,73,B09
Satkhira,2015,6,79,B09
Satkhira,2015,7,88,B09
Satkhira,2015,8,84,B09
Satkhira,2015,9,82,B09
Satkhira,2015,10,81,B09
Satkhira,2015,11,80,B09
Satkhira,2015,12,81,B09
Barisal,2015,1,82,B09
Barisal,2015,2,79,B09
Barisal,2015,3,72,B09
Barisal,2015,4,85,B09
Barisal,2015,5,80,B09
Barisal,2015,6,85,B09
Barisal,2015,7,91,B09
Barisal,2015,8,89,B09
Barisal,2015,9,88,B09
Barisal,2015,10,86,B09
Barisal,2015,11,84,B09
Barisal,2015,12,83,B09
Bhola,2015,1,82,B09
Bhola,2015,2,78,B09
Bhola,2015,3,73,B09
Bhola,2015,4,79,B09
Bhola,2015,5,80,B09
Bhola,2015,6,86,B09
Bhola,2015,7,90,B09
Bhola,2015,8,89,B09
Bhola,2015,9,88,B09
Bhola,2015,10,87,B09
Bhola,2015,11,84,B09
Bhola,2015,12,84,B09
Khepupara,2015,1,77,B09
Khepupara,2015,2,76,B09
Khepupara,2015,3,69,B09
Khepupara,2015,4,78,B09
Khepupara,2015,5,79,B09
Khepupara,2015,6,85,B09
Khepupara,2015,7,89,B09
Khepupara,2015,8,87,B09
Khepupara,2015,9,87,B09
Khepupara,2015,10,86,B09
Khepupara,2015,11,83,B09
Khepupara,2015,12,80,B09
Patuakhali,2015,1,80,B09
Patuakhali,2015,2,76,B09
Patuakhali,2015,3,69,B09
Patuakhali,2015,4,80,B09
Patuakhali,2015,5,81,B09
Patuakhali,2015,6,88,B09
Patuakhali,2015,7,92,B09
Patuakhali,2015,8,90,B09
Patuakhali,2015,9,89,B09
Patuakhali,2015,10,87,B09
Patuakhali,2015,11,85,B09
Patuakhali,2015,12,82,B09
Chandpur,2015,1,81,B09
Chandpur,2015,2,77,B09
Chandpur,2015,3,66,B09
Chandpur,2015,4,75,B09
Chandpur,2015,5,76,B09
Chandpur,2015,6,83,B09
Chandpur,2015,7,88,B09
Chandpur,2015,8,85,B09
Chandpur,2015,9,83,B09
Chandpur,2015,10,81,B09
Chandpur,2015,11,79,B09
Chandpur,2015,12,79,B09
Teknaf,2015,1,73,B09
Teknaf,2015,2,68,B09
Teknaf,2015,3,66,B09
Teknaf,2015,4,78,B09
Teknaf,2015,5,80,B09
Teknaf,2015,6,88,B09
Teknaf,2015,7,90,B09
Teknaf,2015,8,87,B09
Teknaf,2015,9,86,B09
Teknaf,2015,10,83,B09
Teknaf,2015,11,79,B09
Teknaf,2015,12,75,B09
Ambagan (Ctg),2015,1,74,B09
Ambagan (Ctg),2015,2,67,B09
Ambagan (Ctg),2015,3,62,B09
Ambagan (Ctg),2015,4,81,B09
Ambagan (Ctg),2015,5,82,B09
Ambagan (Ctg),2015,6,85,B09
Ambagan (Ctg),2015,7,89,B09
Ambagan (Ctg),2015,8,85,B09
Ambagan (Ctg),2015,9,83,B09
Ambagan (Ctg),2015,10,84,B09
Ambagan (Ctg),2015,11,79,B09
Ambagan (Ctg),2015,12,76,B09
Comilla,2015,1,78,B09
Comilla,2015,2,75,B09
Comilla,2015,3,71,B09
Comilla,2015,4,80,B09
Comilla,2015,5,81,B09
Comilla,2015,6,85,B09
Comilla,2015,7,87,B09
Comilla,2015,8,84,B09
Comilla,2015,9,83,B09
Comilla,2015,10,80,B09
Comilla,2015,11,77,B09
Comilla,2015,12,77,B09
Cox's Bazar,2015,1,76,B09
Cox's Bazar,2015,2,71,B09
Cox's Bazar,2015,3,69,B09
Cox's Bazar,2015,4,80,B09
Cox's Bazar,2015,5,78,B09
Cox's Bazar,2015,6,88,B09
Cox's Bazar,2015,7,91,B09
Cox's Bazar,2015,8,87,B09
Cox's Bazar,2015,9,86,B09
Cox's Bazar,2015,10,84,B09
Cox's Bazar,2015,11,79,B09
Cox's Bazar,2015,12,77,B09
Feni,2015,1,79,B09
Feni,2015,2,72,B09
Feni,2015,3,68,B09
Feni,2015,4,79,B09
Feni,2015,5,80,B09
Feni,2015,6,86,B09
Feni,2015,7,90,B09
Feni,2015,8,87,B09
Feni,2015,9,85,B09
Feni,2015,10,85,B09
Feni,2015,11,80,B09
Feni,2015,12,80,B09
Hatiya,2015,1,82,B09
Hatiya,2015,2,80,B09
Hatiya,2015,3,75,B09
Hatiya,2015,4,83,B09
Hatiya,2015,5,84,B09
Hatiya,2015,6,88,B09
Hatiya,2015,7,92,B09
Hatiya,2015,8,89,B09
Hatiya,2015,9,89,B09
Hatiya,2015,10,88,B09
Hatiya,2015,11,85,B09
Hatiya,2015,12,83,B09
Kutubdia,2015,1,77,B09
Kutubdia,2015,2,71,B09
Kutubdia,2015,3,69,B09
Kutubdia,2015,4,79,B09
Kutubdia,2015,5,77,B09
Kutubdia,2015,6,85,B09
Kutubdia,2015,7,88,B09
Kutubdia,2015,8,84,B09
Kutubdia,2015,9,83,B09
Kutubdia,2015,10,82,B09
Kutubdia,2015,11,77,B09
Kutubdia,2015,12,76,B09
Maijdi Court,2015,1,79,B09
Maijdi Court,2015,2,74,B09
Maijdi Court,2015,3,68,B09
Maijdi Court,2015,4,78,B09
Maijdi Court,2015,5,78,B09
Maijdi Court,2015,6,85,B09
Maijdi Court,2015,7,90,B09
Maijdi Court,2015,8,87,B09
Maijdi Court,2015,9,87,B09
Maijdi Court,2015,10,84,B09
Maijdi Court,2015,11,82,B09
Maijdi Court,2015,12,81,B09
Rangamati,2015,3,61,B09
Rangamati,2015,4,74,B09
Rangamati,2015,5,78,B09
Rangamati,2015,6,82,B09
Rangamati,2015,7,88,B09
Rangamati,2015,8,85,B09
Rangamati,2015,9,83,B09
Rangamati,2015,10,84,B09
Rangamati,2015,11,82,B09
Rangamati,2015,12,81,B09
Sandwip,2015,1,80,B09
Sandwip,2015,2,76,B09
Sandwip,2015,3,70,B09
Sandwip,2015,4,81,B09
Sandwip,2015,5,81,B09
Sandwip,2015,6,87,B09
Sandwip,2015,7,90,B09
Sandwip,2015,8,88,B09
Sandwip,2015,9,87,B09
Sandwip,2015,10,87,B09
Sandwip,2015,11,83,B09
Sandwip,2015,12,83,B09
Chittagong,2015,1,71,B09
Chittagong,2015,2,68,B09
Chittagong,2015,3,62,B09
Chittagong,2015,4,77,B09
Chittagong,2015,5,77,B09
Chittagong,2015,6,82,B09
Chittagong,2015,7,88,B09
Chittagong,2015,8,84,B09
Chittagong,2015,9,81,B09
Chittagong,2015,10,80,B09
Chittagong,2015,11,75,B09
Chittagong,2015,12,76,B09
Sitakunda,2015,1,77,B09
Sitakunda,2015,2,73,B09
Sitakunda,2015,3,65,B09
Sitakunda,2015,4,78,B09
Sitakunda,2015,5,80,B09
Sitakunda,2015,6,84,B09
Sitakunda,2015,7,89,B09
Sitakunda,2015,8,86,B09
Sitakunda,2015,9,86,B09
Sitakunda,2015,10,85,B09
Sitakunda,2015,11,80,B09
Sitakunda,2015,12,80,B09
Dhaka,2016,1,68,B09
Dhaka,2016,2,63,B09
Dhaka,2016,3,59,B09
Dhaka,2016,4,72,B09
Dhaka,2016,5,74,B09
Dhaka,2016,6,75,B09
Dhaka,2016,7,82,B09
Dhaka,2016,8,77,B09
Dhaka,2016,9,82,B09
Dhaka,2016,10,74,B09
Dhaka,2016,11,73,B09
Dhaka,2016,12,72,B09
Tangail,2016,1,79,B09
Tangail,2016,2,74,B09
Tangail,2016,3,69,B09
Tangail,2016,4,75,B09
Tangail,2016,5,75,B09
Tangail,2016,6,79,B09
Tangail,2016,7,85,B09
Tangail,2016,8,81,B09
Tangail,2016,9,84,B09
Tangail,2016,10,81,B09
Tangail,2016,11,77,B09
Tangail,2016,12,82,B09
Mymensingh,2016,1,84,B09
Mymensingh,2016,2,79,B09
Mymensingh,2016,3,75,B09
Mymensingh,2016,4,81,B09
Mymensingh,2016,5,80,B09
Mymensingh,2016,6,83,B09
Mymensingh,2016,7,86,B09
Mymensingh,2016,8,80,B09
Mymensingh,2016,9,87,B09
Mymensingh,2016,10,83,B09
Mymensingh,2016,11,81,B09
Mymensingh,2016,12,80,B09
Faridpur,2016,1,79,B09
Faridpur,2016,2,74,B09
Faridpur,2016,3,68,B09
Faridpur,2016,4,74,B09
Faridpur,2016,5,79,B09
Faridpur,2016,6,82,B09
Faridpur,2016,7,87,B09
Faridpur,2016,8,83,B09
Faridpur,2016,9,85,B09
Faridpur,2016,10,82,B09
Faridpur,2016,11,80,B09
Faridpur,2016,12,82,B09
Madaripur,2016,1,83,B09
Madaripur,2016,2,79,B09
Madaripur,2016,3,75,B09
Madaripur,2016,4,78,B09
Madaripur,2016,5,81,B09
Madaripur,2016,6,83,B09
Madaripur,2016,7,87,B09
Madaripur,2016,8,85,B09
Madaripur,2016,9,85,B09
Madaripur,2016,10,83,B09
Madaripur,2016,11,82,B09
Madaripur,2016,12,83,B09
Srimangal,2016,1,83,B09
Srimangal,2016,2,77,B09
Srimangal,2016,3,77,B09
Srimangal,2016,4,77,B09
Srimangal,2016,5,82,B09
Srimangal,2016,6,84,B09
Srimangal,2016,7,84,B09
Srimangal,2016,8,82,B09
Srimangal,2016,9,86,B09
Srimangal,2016,10,85,B09
Srimangal,2016,11,84,B09
Srimangal,2016,12,83,B09
Sylhet,2016,1,77,B09
Sylhet,2016,2,71,B09
Sylhet,2016,3,68,B09
Sylhet,2016,4,81,B09
Sylhet,2016,5,81,B09
Sylhet,2016,6,83,B09
Sylhet,2016,7,86,B09
Sylhet,2016,8,81,B09
Sylhet,2016,9,84,B09
Sylhet,2016,10,80,B09
Sylhet,2016,11,77,B09
Sylhet,2016,12,73,B09
Bogura,2016,1,77,B09
Bogura,2016,2,72,B09
Bogura,2016,3,66,B09
Bogura,2016,4,70,B09
Bogura,2016,5,77,B09
Bogura,2016,6,78,B09
Bogura,2016,7,86,B09
Bogura,2016,8,80,B09
Bogura,2016,9,85,B09
Bogura,2016,10,82,B09
Bogura,2016,11,74,B09
Bogura,2016,12,78,B09
Dinajpur,2016,1,80,B09
Dinajpur,2016,2,72,B09
Dinajpur,2016,3,66,B09
Dinajpur,2016,4,68,B09
Dinajpur,2016,5,77,B09
Dinajpur,2016,6,79,B09
Dinajpur,2016,7,85,B09
Dinajpur,2016,8,79,B09
Dinajpur,2016,9,86,B09
Dinajpur,2016,10,82,B09
Dinajpur,2016,11,77,B09
Dinajpur,2016,12,83,B09
Ishurdi,2016,1,82,B09
Ishurdi,2016,2,77,B09
Ishurdi,2016,3,69,B09
Ishurdi,2016,4,70,B09
Ishurdi,2016,5,77,B09
Ishurdi,2016,6,82,B09
Ishurdi,2016,7,88,B09
Ishurdi,2016,8,84,B09
Ishurdi,2016,9,86,B09
Ishurdi,2016,10,82,B09
Ishurdi,2016,11,79,B09
Ishurdi,2016,12,83,B09
Rajshahi,2016,1,83,B09
Rajshahi,2016,2,76,B09
Rajshahi,2016,3,68,B09
Rajshahi,2016,4,69,B09
Rajshahi,2016,5,78,B09
Rajshahi,2016,6,81,B09
Rajshahi,2016,7,88,B09
Rajshahi,2016,8,84,B09
Rajshahi,2016,9,86,B09
Rajshahi,2016,10,83,B09
Rajshahi,2016,11,79,B09
Rajshahi,2016,12,83,B09
Rangpur,2016,1,82,B09
Rangpur,2016,2,74,B09
Rangpur,2016,3,69,B09
Rangpur,2016,4,73,B09
Rangpur,2016,5,79,B09
Rangpur,2016,6,81,B09
Rangpur,2016,7,85,B09
Rangpur,2016,8,79,B09
Rangpur,2016,9,86,B09
Rangpur,2016,10,82,B09
Rangpur,2016,11,77,B09
Rangpur,2016,12,80,B09
Sayedpur,2016,1,82,B09
Sayedpur,2016,2,73,B09
Sayedpur,2016,3,67,B09
Sayedpur,2016,4,71,B09
Sayedpur,2016,5,78,B09
Sayedpur,2016,6,80,B09
Sayedpur,2016,7,85,B09
Sayedpur,2016,8,78,B09
Sayedpur,2016,9,85,B09
Sayedpur,2016,10,81,B09
Sayedpur,2016,11,76,B09
Sayedpur,2016,12,81,B09
Chuadanga,2016,1,81,B09
Chuadanga,2016,2,77,B09
Chuadanga,2016,3,70,B09
Chuadanga,2016,4,69,B09
Chuadanga,2016,5,74,B09
Chuadanga,2016,6,81,B09
Chuadanga,2016,7,88,B09
Chuadanga,2016,8,86,B09
Chuadanga,2016,9,85,B09
Chuadanga,2016,10,82,B09
Chuadanga,2016,11,79,B09
Chuadanga,2016,12,83,B09
Jessore,2016,1,78,B09
Jessore,2016,2,74,B09
Jessore,2016,3,68,B09
Jessore,2016,4,69,B09
Jessore,2016,5,73,B09
Jessore,2016,6,77,B09
Jessore,2016,7,83,B09
Jessore,2016,8,81,B09
Jessore,2016,9,81,B09
Jessore,2016,10,79,B09
Jessore,2016,11,80,B09
Jessore,2016,12,81,B09
Khulna,2016,1,79,B09
Khulna,2016,2,77,B09
Khulna,2016,3,74,B09
Khulna,2016,4,74,B09
Khulna,2016,5,77,B09
Khulna,2016,6,83,B09
Khulna,2016,7,87,B09
Khulna,2016,8,85,B09
Khulna,2016,9,82,B09
Khulna,2016,10,81,B09
Khulna,2016,11,80,B09
Khulna,2016,12,82,B09
Mongla,2016,1,78,B09
Mongla,2016,2,78,B09
Mongla,2016,3,75,B09
Mongla,2016,4,76,B09
Mongla,2016,5,77,B09
Mongla,2016,6,84,B09
Mongla,2016,7,90,B09
Mongla,2016,8,88,B09
Mongla,2016,9,86,B09
Mongla,2016,10,84,B09
Mongla,2016,11,81,B09
Mongla,2016,12,81,B09
Satkhira,2016,1,81,B09
Satkhira,2016,2,78,B09
Satkhira,2016,3,75,B09
Satkhira,2016,4,72,B09
Satkhira,2016,5,74,B09
Satkhira,2016,6,80,B09
Satkhira,2016,7,86,B09
Satkhira,2016,8,85,B09
Satkhira,2016,9,83,B09
Satkhira,2016,10,82,B09
Satkhira,2016,11,80,B09
Satkhira,2016,12,81,B09
Barisal,2016,1,82,B09
Barisal,2016,2,80,B09
Barisal,2016,3,76,B09
Barisal,2016,4,78,B09
Barisal,2016,5,80,B09
Barisal,2016,6,84,B09
Barisal,2016,7,90,B09
Barisal,2016,8,89,B09
Barisal,2016,9,89,B09
Barisal,2016,10,86,B09
Barisal,2016,11,85,B09
Barisal,2016,12,85,B09
Bhola,2016,1,85,B09
Bhola,2016,2,81,B09
Bhola,2016,3,81,B09
Bhola,2016,4,80,B09
Bhola,2016,5,82,B09
Bhola,2016,6,85,B09
Bhola,2016,7,88,B09
Bhola,2016,8,87,B09
Bhola,2016,9,86,B09
Bhola,2016,10,86,B09
Bhola,2016,11,82,B09
Bhola,2016,12,82,B09
Khepupara,2016,1,81,B09
Khepupara,2016,2,81,B09
Khepupara,2016,3,77,B09
Khepupara,2016,4,80,B09
Khepupara,2016,5,81,B09
Khepupara,2016,6,84,B09
Khepupara,2016,7,89,B09
Khepupara,2016,8,88,B09
Khepupara,2016,9,86,B09
Khepupara,2016,10,87,B09
Khepupara,2016,11,84,B09
Khepupara,2016,12,82,B09
Patuakhali,2016,1,81,B09
Patuakhali,2016,2,81,B09
Patuakhali,2016,3,80,B09
Patuakhali,2016,4,83,B09
Patuakhali,2016,5,85,B09
Patuakhali,2016,6,87,B09
Patuakhali,2016,7,92,B09
Patuakhali,2016,8,89,B09
Patuakhali,2016,9,88,B09
Patuakhali,2016,10,87,B09
Patuakhali,2016,11,84,B09
Patuakhali,2016,12,83,B09
Chandpur,2016,1,79,B09
Chandpur,2016,2,77,B09
Chandpur,2016,3,72,B09
Chandpur,2016,4,77,B09
Chandpur,2016,5,79,B09
Chandpur,2016,6,81,B09
Chandpur,2016,7,85,B09
Chandpur,2016,8,82,B09
Chandpur,2016,9,83,B09
Chandpur,2016,10,81,B09
Chandpur,2016,11,79,B09
Chandpur,2016,12,81,B09
Teknaf,2016,1,71,B09
Teknaf,2016,2,72,B09
Teknaf,2016,3,75,B09
Teknaf,2016,4,76,B09
Teknaf,2016,5,79,B09
Teknaf,2016,6,85,B09
Teknaf,2016,7,90,B09
Teknaf,2016,8,89,B09
Teknaf,2016,9,87,B09
Teknaf,2016,10,85,B09
Teknaf,2016,11,80,B09
Teknaf,2016,12,77,B09
Ambagan (Ctg),2016,1,75,B09
Ambagan (Ctg),2016,2,74,B09
Ambagan (Ctg),2016,3,76,B09
Ambagan (Ctg),2016,4,78,B09
Ambagan (Ctg),2016,5,78,B09
Ambagan (Ctg),2016,6,81,B09
Ambagan (Ctg),2016,7,86,B09
Ambagan (Ctg),2016,8,84,B09
Ambagan (Ctg),2016,9,84,B09
Ambagan (Ctg),2016,10,84,B09
Ambagan (Ctg),2016,11,83,B09
Ambagan (Ctg),2016,12,81,B09
Comilla,2016,1,76,B09
Comilla,2016,2,77,B09
Comilla,2016,3,76,B09
Comilla,2016,4,81,B09
Comilla,2016,5,80,B09
Comilla,2016,6,81,B09
Comilla,2016,7,86,B09
Comilla,2016,8,82,B09
Comilla,2016,9,84,B09
Comilla,2016,10,81,B09
Comilla,2016,11,80,B09
Comilla,2016,12,79,B09
Cox's Bazar,2016,1,74,B09
Cox's Bazar,2016,2,76,B09
Cox's Bazar,2016,3,75,B09
Cox's Bazar,2016,4,77,B09
Cox's Bazar,2016,5,79,B09
Cox's Bazar,2016,6,82,B09
Cox's Bazar,2016,7,89,B09
Cox's Bazar,2016,8,86,B09
Cox's Bazar,2016,9,84,B09
Cox's Bazar,2016,10,82,B09
Cox's Bazar,2016,11,78,B09
Cox's Bazar,2016,12,77,B09
Feni,2016,1,78,B09
Feni,2016,2,79,B09
Feni,2016,3,75,B09
Feni,2016,4,80,B09
Feni,2016,5,79,B09
Feni,2016,6,80,B09
Feni,2016,7,86,B09
Feni,2016,8,82,B09
Feni,2016,9,82,B09
Feni,2016,10,82,B09
Feni,2016,11,80,B09
Feni,2016,12,78,B09
Hatiya,2016,1,83,B09
Hatiya,2016,2,84,B09
Hatiya,2016,3,83,B09
Hatiya,2016,4,85,B09
Hatiya,2016,5,86,B09
Hatiya,2016,6,85,B09
Hatiya,2016,7,91,B09
Hatiya,2016,8,89,B09
Hatiya,2016,9,89,B09
Hatiya,2016,10,90,B09
Hatiya,2016,11,87,B09
Hatiya,2016,12,83,B09
Kutubdia,2016,1,78,B09
Kutubdia,2016,2,79,B09
Kutubdia,2016,3,79,B09
Kutubdia,2016,4,79,B09
Kutubdia,2016,5,79,B09
Kutubdia,2016,6,81,B09
Kutubdia,2016,7,86,B09
Kutubdia,2016,8,84,B09
Kutubdia,2016,9,83,B09
Kutubdia,2016,10,82,B09
Kutubdia,2016,11,79,B09
Kutubdia,2016,12,78,B09
Maijdi Court,2016,1,81,B09
Maijdi Court,2016,2,80,B09
Maijdi Court,2016,3,76,B09
Maijdi Court,2016,4,79,B09
Maijdi Court,2016,5,81,B09
Maijdi Court,2016,6,83,B09
Maijdi Court,2016,7,89,B09
Maijdi Court,2016,8,85,B09
Maijdi Court,2016,9,86,B09
Maijdi Court,2016,10,85,B09
Maijdi Court,2016,11,84,B09
Maijdi Court,2016,12,84,B09
Rangamati,2016,1,80,B09
Rangamati,2016,2,76,B09
Rangamati,2016,3,71,B09
Rangamati,2016,4,70,B09
Rangamati,2016,5,76,B09
Rangamati,2016,6,77,B09
Rangamati,2016,7,80,B09
Rangamati,2016,8,83,B09
Rangamati,2016,9,83,B09
Rangamati,2016,10,82,B09
Rangamati,2016,11,80,B09
Rangamati,2016,12,78,B09
Sandwip,2016,1,83,B09
Sandwip,2016,2,82,B09
Sandwip,2016,3,81,B09
Sandwip,2016,4,84,B09
Sandwip,2016,5,84,B09
Sandwip,2016,6,86,B09
Sandwip,2016,7,90,B09
Sandwip,2016,8,86,B09
Sandwip,2016,9,86,B09
Sandwip,2016,10,85,B09
Sandwip,2016,11,84,B09
Sandwip,2016,12,84,B09
Chittagong,2016,1,75,B09
Chittagong,2016,2,72,B09
Chittagong,2016,3,72,B09
Chittagong,2016,4,77,B09
Chittagong,2016,5,78,B09
Chittagong,2016,6,79,B09
Chittagong,2016,7,84,B09
Chittagong,2016,8,82,B09
Chittagong,2016,9,81,B09
Chittagong,2016,10,79,B09
Chittagong,2016,11,76,B09
Chittagong,2016,12,75,B09
Sitakunda,2016,1,79,B09
Sitakunda,2016,2,78,B09
Sitakunda,2016,3,78,B09
Sitakunda,2016,4,81,B09
Sitakunda,2016,5,81,B09
Sitakunda,2016,6,83,B09
Sitakunda,2016,7,87,B09
Sitakunda,2016,8,85,B09
Sitakunda,2016,9,84,B09
Sitakunda,2016,10,84,B09
Sitakunda,2016,11,83,B09
Sitakunda,2016,12,82,B09
Dhaka,2017,1,62,B09
Dhaka,2017,2,57,B09
Dhaka,2017,3,67,B09
Dhaka,2017,4,72,B09
Dhaka,2017,5,73,B09
Dhaka,2017,6,80,B09
Dhaka,2017,7,83,B09
Dhaka,2017,8,83,B09
Dhaka,2017,9,82,B09
Dhaka,2017,10,79,B09
Dhaka,2017,11,67,B09
Dhaka,2017,12,76,B09
Tangail,2017,1,77,B09
Tangail,2017,2,70,B09
Tangail,2017,3,72,B09
Tangail,2017,4,76,B09
Tangail,2017,5,77,B09
Tangail,2017,6,83,B09
Tangail,2017,7,86,B09
Tangail,2017,8,84,B09
Tangail,2017,9,84,B09
Tangail,2017,10,83,B09
Tangail,2017,11,79,B09
Tangail,2017,12,83,B09
Mymensingh,2017,1,76,B09
Mymensingh,2017,2,73,B09
Mymensingh,2017,3,78,B09
Mymensingh,2017,4,81,B09
Mymensingh,2017,5,80,B09
Mymensingh,2017,6,84,B09
Mymensingh,2017,7,86,B09
Mymensingh,2017,8,86,B09
Mymensingh,2017,9,87,B09
Mymensingh,2017,10,85,B09
Mymensingh,2017,11,81,B09
Mymensingh,2017,12,84,B09
Faridpur,2017,1,76,B09
Faridpur,2017,2,70,B09
Faridpur,2017,3,72,B09
Faridpur,2017,4,75,B09
Faridpur,2017,5,78,B09
Faridpur,2017,6,84,B09
Faridpur,2017,7,86,B09
Faridpur,2017,8,84,B09
Faridpur,2017,9,85,B09
Faridpur,2017,10,84,B09
Faridpur,2017,11,78,B09
Faridpur,2017,12,83,B09
Madaripur,2017,1,78,B09
Madaripur,2017,2,73,B09
Madaripur,2017,3,77,B09
Madaripur,2017,4,79,B09
Madaripur,2017,5,79,B09
Madaripur,2017,6,85,B09
Madaripur,2017,7,87,B09
Madaripur,2017,8,85,B09
Madaripur,2017,9,86,B09
Madaripur,2017,10,84,B09
Madaripur,2017,11,79,B09
Madaripur,2017,12,84,B09
Srimangal,2017,1,80,B09
Srimangal,2017,2,72,B09
Srimangal,2017,3,77,B09
Srimangal,2017,4,81,B09
Srimangal,2017,5,79,B09
Srimangal,2017,6,86,B09
Srimangal,2017,7,85,B09
Srimangal,2017,8,85,B09
Srimangal,2017,9,87,B09
Srimangal,2017,10,87,B09
Srimangal,2017,11,84,B09
Srimangal,2017,12,86,B09
Sylhet,2017,1,71,B09
Sylhet,2017,2,65,B09
Sylhet,2017,3,74,B09
Sylhet,2017,4,81,B09
Sylhet,2017,5,78,B09
Sylhet,2017,6,87,B09
Sylhet,2017,7,85,B09
Sylhet,2017,8,88,B09
Sylhet,2017,9,87,B09
Sylhet,2017,10,83,B09
Sylhet,2017,11,77,B09
Sylhet,2017,12,78,B09
Bogura,2017,1,74,B09
Bogura,2017,2,68,B09
Bogura,2017,3,70,B09
Bogura,2017,4,75,B09
Bogura,2017,5,76,B09
Bogura,2017,6,81,B09
Bogura,2017,7,85,B09
Bogura,2017,8,83,B09
Bogura,2017,9,84,B09
Bogura,2017,10,83,B09
Bogura,2017,11,75,B09
Bogura,2017,12,80,B09
Dinajpur,2017,1,79,B09
Dinajpur,2017,2,71,B09
Dinajpur,2017,3,72,B09
Dinajpur,2017,4,77,B09
Dinajpur,2017,5,79,B09
Dinajpur,2017,6,79,B09
Dinajpur,2017,7,84,B09
Dinajpur,2017,8,84,B09
Dinajpur,2017,9,83,B09
Dinajpur,2017,10,84,B09
Dinajpur,2017,11,77,B09
Dinajpur,2017,12,80,B09
Ishurdi,2017,1,77,B09
Ishurdi,2017,2,71,B09
Ishurdi,2017,3,70,B09
Ishurdi,2017,4,72,B09
Ishurdi,2017,5,77,B09
Ishurdi,2017,6,82,B09
Ishurdi,2017,7,87,B09
Ishurdi,2017,8,85,B09
Ishurdi,2017,9,85,B09
Ishurdi,2017,10,85,B09
Ishurdi,2017,11,80,B09
Ishurdi,2017,12,83,B09
Rajshahi,2017,1,77,B09
Rajshahi,2017,2,73,B09
Rajshahi,2017,3,73,B09
Rajshahi,2017,4,72,B09
Rajshahi,2017,5,79,B09
Rajshahi,2017,6,82,B09
Rajshahi,2017,7,88,B09
Rajshahi,2017,8,85,B09
Rajshahi,2017,9,87,B09
Rajshahi,2017,10,87,B09
Rajshahi,2017,11,81,B09
Rajshahi,2017,12,83,B09
Rangpur,2017,1,78,B09
Rangpur,2017,2,75,B09
Rangpur,2017,3,75,B09
Rangpur,2017,4,78,B09
Rangpur,2017,5,79,B09
Rangpur,2017,6,79,B09
Rangpur,2017,7,83,B09
Rangpur,2017,8,84,B09
Rangpur,2017,9,84,B09
Rangpur,2017,10,84,B09
Rangpur,2017,11,77,B09
Rangpur,2017,12,81,B09
Sayedpur,2017,1,77,B09
Sayedpur,2017,2,71,B09
Sayedpur,2017,3,73,B09
Sayedpur,2017,4,77,B09
Sayedpur,2017,5,78,B09
Sayedpur,2017,6,79,B09
Sayedpur,2017,7,83,B09
Sayedpur,2017,8,84,B09
Sayedpur,2017,9,83,B09
Sayedpur,2017,10,84,B09
Sayedpur,2017,11,77,B09
Sayedpur,2017,12,80,B09
Chuadanga,2017,1,78,B09
Chuadanga,2017,2,71,B09
Chuadanga,2017,3,69,B09
Chuadanga,2017,4,72,B09
Chuadanga,2017,5,78,B09
Chuadanga,2017,6,82,B09
Chuadanga,2017,7,87,B09
Chuadanga,2017,8,85,B09
Chuadanga,2017,9,84,B09
Chuadanga,2017,10,85,B09
Chuadanga,2017,11,81,B09
Chuadanga,2017,12,85,B09
Jessore,2017,1,77,B09
Jessore,2017,2,70,B09
Jessore,2017,3,69,B09
Jessore,2017,4,71,B09
Jessore,2017,5,73,B09
Jessore,2017,6,78,B09
Jessore,2017,7,84,B09
Jessore,2017,8,81,B09
Jessore,2017,9,81,B09
Jessore,2017,10,82,B09
Jessore,2017,11,78,B09
Jessore,2017,12,82,B09
Khulna,2017,1,77,B09
Khulna,2017,2,72,B09
Khulna,2017,3,74,B09
Khulna,2017,4,74,B09
Khulna,2017,5,75,B09
Khulna,2017,6,83,B09
Khulna,2017,7,87,B09
Khulna,2017,8,86,B09
Khulna,2017,9,85,B09
Khulna,2017,10,86,B09
Khulna,2017,11,79,B09
Khulna,2017,12,84,B09
Mongla,2017,1,73,B09
Mongla,2017,2,71,B09
Mongla,2017,3,75,B09
Mongla,2017,4,75,B09
Mongla,2017,5,76,B09
Mongla,2017,6,85,B09
Mongla,2017,7,88,B09
Mongla,2017,8,88,B09
Mongla,2017,9,88,B09
Mongla,2017,10,87,B09
Mongla,2017,11,79,B09
Mongla,2017,12,84,B09
Satkhira,2017,1,77,B09
Satkhira,2017,2,73,B09
Satkhira,2017,3,74,B09
Satkhira,2017,4,73,B09
Satkhira,2017,5,73,B09
Satkhira,2017,6,82,B09
Satkhira,2017,7,87,B09
Satkhira,2017,8,84,B09
Satkhira,2017,9,84,B09
Satkhira,2017,10,85,B09
Satkhira,2017,11,79,B09
Satkhira,2017,12,84,B09
Barisal,2017,1,80,B09
Barisal,2017,2,75,B09
Barisal,2017,3,81,B09
Barisal,2017,4,81,B09
Barisal,2017,5,79,B09
Barisal,2017,6,87,B09
Barisal,2017,7,93,B09
Barisal,2017,8,92,B09
Barisal,2017,9,91,B09
Barisal,2017,10,87,B09
Barisal,2017,11,83,B09
Barisal,2017,12,86,B09
Bhola,2017,1,77,B09
Bhola,2017,2,72,B09
Bhola,2017,3,77,B09
Bhola,2017,4,79,B09
Bhola,2017,5,76,B09
Bhola,2017,6,82,B09
Bhola,2017,7,85,B09
Bhola,2017,8,85,B09
Bhola,2017,9,84,B09
Bhola,2017,10,83,B09
Bhola,2017,11,82,B09
Bhola,2017,12,86,B09
Khepupara,2017,1,74,B09
Khepupara,2017,2,74,B09
Khepupara,2017,3,80,B09
Khepupara,2017,4,81,B09
Khepupara,2017,5,79,B09
Khepupara,2017,6,85,B09
Khepupara,2017,7,90,B09
Khepupara,2017,8,87,B09
Khepupara,2017,9,89,B09
Khepupara,2017,10,87,B09
Khepupara,2017,11,83,B09
Khepupara,2017,12,84,B09
Patuakhali,2017,1,75,B09
Patuakhali,2017,2,72,B09
Patuakhali,2017,3,78,B09
Patuakhali,2017,4,82,B09
Patuakhali,2017,5,80,B09
Patuakhali,2017,6,86,B09
Patuakhali,2017,7,90,B09
Patuakhali,2017,8,91,B09
Patuakhali,2017,9,91,B09
Patuakhali,2017,10,90,B09
Patuakhali,2017,11,86,B09
Patuakhali,2017,12,87,B09
Chandpur,2017,1,77,B09
Chandpur,2017,2,69,B09
Chandpur,2017,3,74,B09
Chandpur,2017,4,80,B09
Chandpur,2017,5,78,B09
Chandpur,2017,6,84,B09
Chandpur,2017,7,86,B09
Chandpur,2017,8,84,B09
Chandpur,2017,9,85,B09
Chandpur,2017,10,83,B09
Chandpur,2017,11,76,B09
Chandpur,2017,12,82,B09
Teknaf,2017,1,70,B09
Teknaf,2017,2,70,B09
Teknaf,2017,3,77,B09
Teknaf,2017,4,80,B09
Teknaf,2017,5,81,B09
Teknaf,2017,6,86,B09
Teknaf,2017,7,90,B09
Teknaf,2017,8,88,B09
Teknaf,2017,9,85,B09
Teknaf,2017,10,82,B09
Teknaf,2017,11,69,B09
Teknaf,2017,12,72,B09
Ambagan (Ctg),2017,1,71,B09
Ambagan (Ctg),2017,2,68,B09
Ambagan (Ctg),2017,3,75,B09
Ambagan (Ctg),2017,4,83,B09
Ambagan (Ctg),2017,5,83,B09
Ambagan (Ctg),2017,6,87,B09
Ambagan (Ctg),2017,7,89,B09
Ambagan (Ctg),2017,8,86,B09
Ambagan (Ctg),2017,9,89,B09
Ambagan (Ctg),2017,10,86,B09
Ambagan (Ctg),2017,11,80,B09
Ambagan (Ctg),2017,12,82,B09
Comilla,2017,1,72,B09
Comilla,2017,2,70,B09
Comilla,2017,3,78,B09
Comilla,2017,4,82,B09
Comilla,2017,5,79,B09
Comilla,2017,6,83,B09
Comilla,2017,7,86,B09
Comilla,2017,8,82,B09
Comilla,2017,9,86,B09
Comilla,2017,10,82,B09
Comilla,2017,11,76,B09
Comilla,2017,12,81,B09
Cox's Bazar,2017,1,68,B09
Cox's Bazar,2017,2,67,B09
Cox's Bazar,2017,3,76,B09
Cox's Bazar,2017,4,81,B09
Cox's Bazar,2017,5,78,B09
Cox's Bazar,2017,6,85,B09
Cox's Bazar,2017,7,89,B09
Cox's Bazar,2017,8,87,B09
Cox's Bazar,2017,9,87,B09
Cox's Bazar,2017,10,83,B09
Cox's Bazar,2017,11,76,B09
Cox's Bazar,2017,12,76,B09
Feni,2017,1,72,B09
Feni,2017,2,68,B09
Feni,2017,3,75,B09
Feni,2017,4,79,B09
Feni,2017,5,76,B09
Feni,2017,6,82,B09
Feni,2017,7,86,B09
Feni,2017,8,83,B09
Feni,2017,9,84,B09
Feni,2017,10,83,B09
Feni,2017,11,79,B09
Feni,2017,12,81,B09
Hatiya,2017,1,79,B09
Hatiya,2017,2,77,B09
Hatiya,2017,3,81,B09
Hatiya,2017,4,85,B09
Hatiya,2017,5,84,B09
Hatiya,2017,6,88,B09
Hatiya,2017,7,94,B09
Hatiya,2017,8,89,B09
Hatiya,2017,9,91,B09
Hatiya,2017,10,89,B09
Hatiya,2017,11,86,B09
Hatiya,2017,12,89,B09
Kutubdia,2017,1,71,B09
Kutubdia,2017,2,71,B09
Kutubdia,2017,3,76,B09
Kutubdia,2017,4,80,B09
Kutubdia,2017,5,78,B09
Kutubdia,2017,6,82,B09
Kutubdia,2017,7,87,B09
Kutubdia,2017,8,84,B09
Kutubdia,2017,9,85,B09
Kutubdia,2017,10,82,B09
Kutubdia,2017,11,77,B09
Kutubdia,2017,12,78,B09
Maijdi Court,2017,1,75,B09
Maijdi Court,2017,2,73,B09
Maijdi Court,2017,3,79,B09
Maijdi Court,2017,4,82,B09
Maijdi Court,2017,5,79,B09
Maijdi Court,2017,6,85,B09
Maijdi Court,2017,7,89,B09
Maijdi Court,2017,8,85,B09
Maijdi Court,2017,9,88,B09
Maijdi Court,2017,10,84,B09
Maijdi Court,2017,11,79,B09
Maijdi Court,2017,12,84,B09
Rangamati,2017,1,75,B09
Rangamati,2017,2,67,B09
Rangamati,2017,3,70,B09
Rangamati,2017,4,77,B09
Rangamati,2017,5,75,B09
Rangamati,2017,6,84,B09
Rangamati,2017,7,85,B09
Rangamati,2017,8,81,B09
Rangamati,2017,9,82,B09
Rangamati,2017,10,80,B09
Rangamati,2017,11,79,B09
Rangamati,2017,12,81,B09
Sandwip,2017,1,78,B09
Sandwip,2017,2,75,B09
Sandwip,2017,3,82,B09
Sandwip,2017,4,85,B09
Sandwip,2017,5,81,B09
Sandwip,2017,6,87,B09
Sandwip,2017,7,90,B09
Sandwip,2017,8,87,B09
Sandwip,2017,9,90,B09
Sandwip,2017,10,86,B09
Sandwip,2017,11,82,B09
Sandwip,2017,12,85,B09
Chittagong,2017,1,65,B09
Chittagong,2017,2,65,B09
Chittagong,2017,3,72,B09
Chittagong,2017,4,78,B09
Chittagong,2017,5,77,B09
Chittagong,2017,6,84,B09
Chittagong,2017,7,87,B09
Chittagong,2017,8,84,B09
Chittagong,2017,9,84,B09
Chittagong,2017,10,79,B09
Chittagong,2017,11,75,B09
Chittagong,2017,12,77,B09
Sitakunda,2017,1,75,B09
Sitakunda,2017,2,70,B09
Sitakunda,2017,3,77,B09
Sitakunda,2017,4,82,B09
Sitakunda,2017,5,81,B09
Sitakunda,2017,6,85,B09
Sitakunda,2017,7,88,B09
Sitakunda,2017,8,86,B09
Sitakunda,2017,9,88,B09
Sitakunda,2017,10,85,B09
Sitakunda,2017,11,82,B09
Sitakunda,2017,12,84,B09
Dhaka,2018,1,68,B09
Dhaka,2018,2,61,B09
Dhaka,2018,3,59,B09
Dhaka,2018,4,69,B09
Dhaka,2018,5,79,B09
Dhaka,2018,6,81,B09
Dhaka,2018,7,81,B09
Dhaka,2018,8,78,B09
Dhaka,2018,9,77,B09
Dhaka,2018,10,72,B09
Dhaka,2018,11,68,B09
Dhaka,2018,12,66,B09
Tangail,2018,1,80,B09
Tangail,2018,2,72,B09
Tangail,2018,3,69,B09
Tangail,2018,4,76,B09
Tangail,2018,5,81,B09
Tangail,2018,6,80,B09
Tangail,2018,7,83,B09
Tangail,2018,8,82,B09
Tangail,2018,9,81,B09
Tangail,2018,10,79,B09
Tangail,2018,11,76,B09
Tangail,2018,12,78,B09
Mymensingh,2018,1,82,B09
Mymensingh,2018,2,76,B09
Mymensingh,2018,3,75,B09
Mymensingh,2018,4,79,B09
Mymensingh,2018,5,82,B09
Mymensingh,2018,6,84,B09
Mymensingh,2018,7,85,B09
Mymensingh,2018,8,83,B09
Mymensingh,2018,9,84,B09
Mymensingh,2018,10,84,B09
Mymensingh,2018,11,81,B09
Mymensingh,2018,12,79,B09
Faridpur,2018,1,80,B09
Faridpur,2018,2,73,B09
Faridpur,2018,3,68,B09
Faridpur,2018,4,76,B09
Faridpur,2018,5,82,B09
Faridpur,2018,6,83,B09
Faridpur,2018,7,85,B09
Faridpur,2018,8,83,B09
Faridpur,2018,9,83,B09
Faridpur,2018,10,80,B09
Faridpur,2018,11,78,B09
Faridpur,2018,12,77,B09
Madaripur,2018,1,80,B09
Madaripur,2018,2,76,B09
Madaripur,2018,3,72,B09
Madaripur,2018,4,78,B09
Madaripur,2018,5,84,B09
Madaripur,2018,6,87,B09
Madaripur,2018,7,87,B09
Madaripur,2018,8,84,B09
Madaripur,2018,9,84,B09
Madaripur,2018,10,82,B09
Madaripur,2018,11,81,B09
Madaripur,2018,12,83,B09
Srimangal,2018,1,86,B09
Srimangal,2018,2,78,B09
Srimangal,2018,3,73,B09
Srimangal,2018,4,79,B09
Srimangal,2018,5,83,B09
Srimangal,2018,6,83,B09
Srimangal,2018,7,84,B09
Srimangal,2018,8,84,B09
Srimangal,2018,9,84,B09
Srimangal,2018,10,85,B09
Srimangal,2018,11,82,B09
Srimangal,2018,12,83,B09
Sylhet,2018,1,81,B09
Sylhet,2018,2,71,B09
Sylhet,2018,3,67,B09
Sylhet,2018,4,75,B09
Sylhet,2018,5,83,B09
Sylhet,2018,6,84,B09
Sylhet,2018,7,85,B09
Sylhet,2018,8,83,B09
Sylhet,2018,9,85,B09
Sylhet,2018,10,81,B09
Sylhet,2018,11,77,B09
Sylhet,2018,12,76,B09
Bogura,2018,1,80,B09
Bogura,2018,2,69,B09
Bogura,2018,3,67,B09
Bogura,2018,4,74,B09
Bogura,2018,5,79,B09
Bogura,2018,6,80,B09
Bogura,2018,7,83,B09
Bogura,2018,8,81,B09
Bogura,2018,9,80,B09
Bogura,2018,10,77,B09
Bogura,2018,11,71,B09
Bogura,2018,12,72,B09
Dinajpur,2018,1,84,B09
Dinajpur,2018,2,72,B09
Dinajpur,2018,3,68,B09
Dinajpur,2018,4,76,B09
Dinajpur,2018,5,79,B09
Dinajpur,2018,6,79,B09
Dinajpur,2018,7,81,B09
Dinajpur,2018,8,81,B09
Dinajpur,2018,9,81,B09
Dinajpur,2018,10,80,B09
Dinajpur,2018,11,76,B09
Dinajpur,2018,12,76,B09
Ishurdi,2018,1,82,B09
Ishurdi,2018,2,73,B09
Ishurdi,2018,3,67,B09
Ishurdi,2018,4,77,B09
Ishurdi,2018,5,81,B09
Ishurdi,2018,6,80,B09
Ishurdi,2018,7,85,B09
Ishurdi,2018,8,82,B09
Ishurdi,2018,9,81,B09
Ishurdi,2018,10,80,B09
Ishurdi,2018,11,77,B09
Ishurdi,2018,12,75,B09
Rajshahi,2018,1,83,B09
Rajshahi,2018,2,75,B09
Rajshahi,2018,3,67,B09
Rajshahi,2018,4,75,B09
Rajshahi,2018,5,82,B09
Rajshahi,2018,6,80,B09
Rajshahi,2018,7,86,B09
Rajshahi,2018,8,84,B09
Rajshahi,2018,9,84,B09
Rajshahi,2018,10,82,B09
Rajshahi,2018,11,80,B09
Rajshahi,2018,12,78,B09
Rangpur,2018,1,84,B09
Rangpur,2018,2,74,B09
Rangpur,2018,3,69,B09
Rangpur,2018,4,77,B09
Rangpur,2018,5,79,B09
Rangpur,2018,6,81,B09
Rangpur,2018,7,81,B09
Rangpur,2018,8,80,B09
Rangpur,2018,9,82,B09
Rangpur,2018,10,80,B09
Rangpur,2018,11,77,B09
Rangpur,2018,12,77,B09
Sayedpur,2018,1,84,B09
Sayedpur,2018,2,73,B09
Sayedpur,2018,3,70,B09
Sayedpur,2018,4,76,B09
Sayedpur,2018,5,78,B09
Sayedpur,2018,6,80,B09
Sayedpur,2018,7,81,B09
Sayedpur,2018,8,81,B09
Sayedpur,2018,9,82,B09
Sayedpur,2018,10,80,B09
Sayedpur,2018,11,75,B09
Sayedpur,2018,12,75,B09
Chuadanga,2018,1,79,B09
Chuadanga,2018,2,73,B09
Chuadanga,2018,3,67,B09
Chuadanga,2018,4,74,B09
Chuadanga,2018,5,79,B09
Chuadanga,2018,6,81,B09
Chuadanga,2018,7,86,B09
Chuadanga,2018,8,85,B09
Chuadanga,2018,9,83,B09
Chuadanga,2018,10,82,B09
Chuadanga,2018,11,78,B09
Chuadanga,2018,12,79,B09
Jessore,2018,1,78,B09
Jessore,2018,2,71,B09
Jessore,2018,3,68,B09
Jessore,2018,4,72,B09
Jessore,2018,5,77,B09
Jessore,2018,6,79,B09
Jessore,2018,7,82,B09
Jessore,2018,8,82,B09
Jessore,2018,9,81,B09
Jessore,2018,10,80,B09
Jessore,2018,11,78,B09
Jessore,2018,12,76,B09
Khulna,2018,1,78,B09
Khulna,2018,2,73,B09
Khulna,2018,3,71,B09
Khulna,2018,4,73,B09
Khulna,2018,5,79,B09
Khulna,2018,6,82,B09
Khulna,2018,7,86,B09
Khulna,2018,8,83,B09
Khulna,2018,9,83,B09
Khulna,2018,10,80,B09
Khulna,2018,11,77,B09
Khulna,2018,12,76,B09
Mongla,2018,1,75,B09
Mongla,2018,2,72,B09
Mongla,2018,3,72,B09
Mongla,2018,4,73,B09
Mongla,2018,5,80,B09
Mongla,2018,6,86,B09
Mongla,2018,7,88,B09
Mongla,2018,8,86,B09
Mongla,2018,9,86,B09
Mongla,2018,10,82,B09
Mongla,2018,11,84,B09
Mongla,2018,12,76,B09
Satkhira,2018,1,77,B09
Satkhira,2018,2,71,B09
Satkhira,2018,3,70,B09
Satkhira,2018,4,72,B09
Satkhira,2018,5,76,B09
Satkhira,2018,6,80,B09
Satkhira,2018,7,84,B09
Satkhira,2018,8,84,B09
Satkhira,2018,9,83,B09
Satkhira,2018,10,81,B09
Satkhira,2018,11,80,B09
Satkhira,2018,12,78,B09
Barisal,2018,1,80,B09
Barisal,2018,2,76,B09
Barisal,2018,3,74,B09
Barisal,2018,4,78,B09
Barisal,2018,5,85,B09
Barisal,2018,6,86,B09
Barisal,2018,7,88,B09
Barisal,2018,8,85,B09
Barisal,2018,9,84,B09
Barisal,2018,10,84,B09
Barisal,2018,11,82,B09
Barisal,2018,12,82,B09
Bhola,2018,1,81,B09
Bhola,2018,2,77,B09
Bhola,2018,3,75,B09
Bhola,2018,4,76,B09
Bhola,2018,5,85,B09
Bhola,2018,6,86,B09
Bhola,2018,7,87,B09
Bhola,2018,8,86,B09
Bhola,2018,9,85,B09
Bhola,2018,10,84,B09
Bhola,2018,11,82,B09
Bhola,2018,12,82,B09
Khepupara,2018,1,78,B09
Khepupara,2018,2,78,B09
Khepupara,2018,3,77,B09
Khepupara,2018,4,77,B09
Khepupara,2018,5,81,B09
Khepupara,2018,6,87,B09
Khepupara,2018,7,87,B09
Khepupara,2018,8,86,B09
Khepupara,2018,9,85,B09
Khepupara,2018,10,85,B09
Khepupara,2018,11,84,B09
Khepupara,2018,12,78,B09
Patuakhali,2018,1,79,B09
Patuakhali,2018,2,75,B09
Patuakhali,2018,3,75,B09
Patuakhali,2018,4,78,B09
Patuakhali,2018,5,85,B09
Patuakhali,2018,6,88,B09
Patuakhali,2018,7,89,B09
Patuakhali,2018,8,87,B09
Patuakhali,2018,9,86,B09
Patuakhali,2018,10,84,B09
Patuakhali,2018,11,82,B09
Patuakhali,2018,12,79,B09
Chandpur,2018,1,77,B09
Chandpur,2018,2,73,B09
Chandpur,2018,3,69,B09
Chandpur,2018,4,74,B09
Chandpur,2018,5,82,B09
Chandpur,2018,6,85,B09
Chandpur,2018,7,85,B09
Chandpur,2018,8,83,B09
Chandpur,2018,9,81,B09
Chandpur,2018,10,78,B09
Chandpur,2018,11,76,B09
Chandpur,2018,12,75,B09
Teknaf,2018,1,70,B09
Teknaf,2018,2,75,B09
Teknaf,2018,3,81,B09
Teknaf,2018,4,79,B09
Teknaf,2018,5,74,B09
Teknaf,2018,6,83,B09
Teknaf,2018,7,86,B09
Teknaf,2018,8,84,B09
Teknaf,2018,9,82,B09
Teknaf,2018,10,83,B09
Teknaf,2018,11,73,B09
Teknaf,2018,12,74,B09
Ambagan (Ctg),2018,1,78,B09
Ambagan (Ctg),2018,2,73,B09
Ambagan (Ctg),2018,3,75,B09
Ambagan (Ctg),2018,4,78,B09
Ambagan (Ctg),2018,5,84,B09
Ambagan (Ctg),2018,6,89,B09
Ambagan (Ctg),2018,7,90,B09
Ambagan (Ctg),2018,8,85,B09
Ambagan (Ctg),2018,9,85,B09
Ambagan (Ctg),2018,10,87,B09
Ambagan (Ctg),2018,11,77,B09
Ambagan (Ctg),2018,12,78,B09
Comilla,2018,1,75,B09
Comilla,2018,2,75,B09
Comilla,2018,3,74,B09
Comilla,2018,4,77,B09
Comilla,2018,5,82,B09
Comilla,2018,6,83,B09
Comilla,2018,7,83,B09
Comilla,2018,8,81,B09
Comilla,2018,9,82,B09
Comilla,2018,10,80,B09
Comilla,2018,11,77,B09
Comilla,2018,12,76,B09
Cox's Bazar,2018,1,72,B09
Cox's Bazar,2018,2,71,B09
Cox's Bazar,2018,3,75,B09
Cox's Bazar,2018,4,74,B09
Cox's Bazar,2018,5,79,B09
Cox's Bazar,2018,6,87,B09
Cox's Bazar,2018,7,90,B09
Cox's Bazar,2018,8,87,B09
Cox's Bazar,2018,9,85,B09
Cox's Bazar,2018,10,85,B09
Cox's Bazar,2018,11,75,B09
Cox's Bazar,2018,12,72,B09
Feni,2018,1,78,B09
Feni,2018,2,73,B09
Feni,2018,3,71,B09
Feni,2018,4,74,B09
Feni,2018,5,83,B09
Feni,2018,6,84,B09
Feni,2018,7,86,B09
Feni,2018,8,83,B09
Feni,2018,9,82,B09
Feni,2018,10,82,B09
Feni,2018,11,76,B09
Feni,2018,12,76,B09
Hatiya,2018,1,83,B09
Hatiya,2018,2,83,B09
Hatiya,2018,3,80,B09
Hatiya,2018,4,81,B09
Hatiya,2018,5,87,B09
Hatiya,2018,6,89,B09
Hatiya,2018,7,90,B09
Hatiya,2018,8,87,B09
Hatiya,2018,9,88,B09
Hatiya,2018,10,89,B09
Hatiya,2018,11,80,B09
Hatiya,2018,12,82,B09
Kutubdia,2018,1,72,B09
Kutubdia,2018,2,76,B09
Kutubdia,2018,3,79,B09
Kutubdia,2018,4,75,B09
Kutubdia,2018,5,78,B09
Kutubdia,2018,6,85,B09
Kutubdia,2018,7,86,B09
Kutubdia,2018,8,83,B09
Kutubdia,2018,9,84,B09
Kutubdia,2018,10,83,B09
Kutubdia,2018,11,76,B09
Kutubdia,2018,12,74,B09
Maijdi Court,2018,1,78,B09
Maijdi Court,2018,2,76,B09
Maijdi Court,2018,3,74,B09
Maijdi Court,2018,4,77,B09
Maijdi Court,2018,5,84,B09
Maijdi Court,2018,6,86,B09
Maijdi Court,2018,7,88,B09
Maijdi Court,2018,8,84,B09
Maijdi Court,2018,9,84,B09
Maijdi Court,2018,10,81,B09
Maijdi Court,2018,11,78,B09
Maijdi Court,2018,12,79,B09
Rangamati,2018,1,77,B09
Rangamati,2018,2,68,B09
Rangamati,2018,3,63,B09
Rangamati,2018,4,70,B09
Rangamati,2018,5,77,B09
Rangamati,2018,6,79,B09
Rangamati,2018,7,80,B09
Rangamati,2018,8,75,B09
Rangamati,2018,9,76,B09
Rangamati,2018,10,81,B09
Rangamati,2018,11,74,B09
Rangamati,2018,12,76,B09
Sandwip,2018,1,81,B09
Sandwip,2018,2,78,B09
Sandwip,2018,3,78,B09
Sandwip,2018,4,79,B09
Sandwip,2018,5,85,B09
Sandwip,2018,6,87,B09
Sandwip,2018,7,88,B09
Sandwip,2018,8,86,B09
Sandwip,2018,9,86,B09
Sandwip,2018,10,85,B09
Sandwip,2018,11,80,B09
Sandwip,2018,12,81,B09
Chittagong,2018,1,71,B09
Chittagong,2018,2,72,B09
Chittagong,2018,3,76,B09
Chittagong,2018,4,76,B09
Chittagong,2018,5,79,B09
Chittagong,2018,6,85,B09
Chittagong,2018,7,85,B09
Chittagong,2018,8,82,B09
Chittagong,2018,9,81,B09
Chittagong,2018,10,80,B09
Chittagong,2018,11,73,B09
Chittagong,2018,12,72,B09
Sitakunda,2018,1,81,B09
Sitakunda,2018,2,77,B09
Sitakunda,2018,3,78,B09
Sitakunda,2018,4,76,B09
Sitakunda,2018,5,83,B09
Sitakunda,2018,6,84,B09
Sitakunda,2018,7,86,B09
Sitakunda,2018,8,85,B09
Sitakunda,2018,9,86,B09
Sitakunda,2018,10,85,B09
Sitakunda,2018,11,79,B09
Sitakunda,2018,12,77,B09
Dhaka,2019,1,59,B09
Dhaka,2019,2,63,B09
Dhaka,2019,3,61,B09
Dhaka,2019,4,69,B09
Dhaka,2019,5,73,B09
Dhaka,2019,6,78,B09
Dhaka,2019,7,82,B09
Dhaka,2019,8,79,B09
Dhaka,2019,9,80,B09
Dhaka,2019,10,78,B09
Dhaka,2019,11,74,B09
Dhaka,2019,12,74,B09
Tangail,2019,1,74,B09
Tangail,2019,2,71,B09
Tangail,2019,3,66,B09
Tangail,2019,4,75,B09
Tangail,2019,5,77,B09
Tangail,2019,6,81,B09
Tangail,2019,7,82,B09
Tangail,2019,8,79,B09
Tangail,2019,9,83,B09
Tangail,2019,10,81,B09
Tangail,2019,11,81,B09
Tangail,2019,12,82,B09
Mymensingh,2019,1,74,B09
Mymensingh,2019,2,75,B09
Mymensingh,2019,3,72,B09
Mymensingh,2019,4,78,B09
Mymensingh,2019,5,80,B09
Mymensingh,2019,6,84,B09
Mymensingh,2019,7,84,B09
Mymensingh,2019,8,81,B09
Mymensingh,2019,9,84,B09
Mymensingh,2019,10,86,B09
Mymensingh,2019,11,84,B09
Mymensingh,2019,12,82,B09
Faridpur,2019,1,73,B09
Faridpur,2019,2,75,B09
Faridpur,2019,3,70,B09
Faridpur,2019,4,76,B09
Faridpur,2019,5,77,B09
Faridpur,2019,6,81,B09
Faridpur,2019,7,85,B09
Faridpur,2019,8,83,B09
Faridpur,2019,9,83,B09
Faridpur,2019,10,83,B09
Faridpur,2019,11,80,B09
Faridpur,2019,12,81,B09
Madaripur,2019,1,77,B09
Madaripur,2019,2,74,B09
Madaripur,2019,3,73,B09
Madaripur,2019,4,76,B09
Madaripur,2019,5,78,B09
Madaripur,2019,6,83,B09
Madaripur,2019,7,86,B09
Madaripur,2019,8,84,B09
Madaripur,2019,9,85,B09
Madaripur,2019,10,84,B09
Madaripur,2019,11,82,B09
Madaripur,2019,12,82,B09
Srimangal,2019,1,79,B09
Srimangal,2019,2,75,B09
Srimangal,2019,3,74,B09
Srimangal,2019,4,77,B09
Srimangal,2019,5,79,B09
Srimangal,2019,6,84,B09
Srimangal,2019,7,84,B09
Srimangal,2019,8,83,B09
Srimangal,2019,9,84,B09
Srimangal,2019,10,86,B09
Srimangal,2019,11,85,B09
Srimangal,2019,12,84,B09
Sylhet,2019,1,69,B09
Sylhet,2019,2,69,B09
Sylhet,2019,3,66,B09
Sylhet,2019,4,72,B09
Sylhet,2019,5,80,B09
Sylhet,2019,6,85,B09
Sylhet,2019,7,86,B09
Sylhet,2019,8,82,B09
Sylhet,2019,9,84,B09
Sylhet,2019,10,83,B09
Sylhet,2019,11,79,B09
Sylhet,2019,12,76,B09
Bogura,2019,1,68,B09
Bogura,2019,2,69,B09
Bogura,2019,3,61,B09
Bogura,2019,4,73,B09
Bogura,2019,5,75,B09
Bogura,2019,6,80,B09
Bogura,2019,7,83,B09
Bogura,2019,8,81,B09
Bogura,2019,9,85,B09
Bogura,2019,10,83,B09
Bogura,2019,11,80,B09
Bogura,2019,12,82,B09
Dinajpur,2019,1,72,B09
Dinajpur,2019,2,73,B09
Dinajpur,2019,3,63,B09
Dinajpur,2019,4,75,B09
Dinajpur,2019,5,77,B09
Dinajpur,2019,6,79,B09
Dinajpur,2019,7,83,B09
Dinajpur,2019,8,81,B09
Dinajpur,2019,9,86,B09
Dinajpur,2019,10,83,B09
Dinajpur,2019,11,79,B09
Dinajpur,2019,12,82,B09
Ishurdi,2019,1,75,B09
Ishurdi,2019,2,74,B09
Ishurdi,2019,3,65,B09
Ishurdi,2019,4,75,B09
Ishurdi,2019,5,75,B09
Ishurdi,2019,6,81,B09
Ishurdi,2019,7,83,B09
Ishurdi,2019,8,83,B09
Ishurdi,2019,9,85,B09
Ishurdi,2019,10,84,B09
Ishurdi,2019,11,81,B09
Ishurdi,2019,12,82,B09
Rajshahi,2019,1,77,B09
Rajshahi,2019,2,77,B09
Rajshahi,2019,3,69,B09
Rajshahi,2019,4,76,B09
Rajshahi,2019,5,78,B09
Rajshahi,2019,6,80,B09
Rajshahi,2019,7,85,B09
Rajshahi,2019,8,84,B09
Rajshahi,2019,9,87,B09
Rajshahi,2019,10,85,B09
Rajshahi,2019,11,82,B09
Rajshahi,2019,12,82,B09
Rangpur,2019,1,73,B09
Rangpur,2019,2,75,B09
Rangpur,2019,3,67,B09
Rangpur,2019,4,74,B09
Rangpur,2019,5,79,B09
Rangpur,2019,6,80,B09
Rangpur,2019,7,83,B09
Rangpur,2019,8,80,B09
Rangpur,2019,9,86,B09
Rangpur,2019,10,83,B09
Rangpur,2019,11,80,B09
Rangpur,2019,12,80,B09
Sayedpur,2019,1,72,B09
Sayedpur,2019,2,73,B09
Sayedpur,2019,3,65,B09
Sayedpur,2019,4,73,B09
Sayedpur,2019,5,77,B09
Sayedpur,2019,6,79,B09
Sayedpur,2019,7,82,B09
Sayedpur,2019,8,78,B09
Sayedpur,2019,9,85,B09
Sayedpur,2019,10,81,B09
Sayedpur,2019,11,77,B09
Sayedpur,2019,12,79,B09
Chuadanga,2019,1,76,B09
Chuadanga,2019,2,75,B09
Chuadanga,2019,3,68,B09
Chuadanga,2019,4,75,B09
Chuadanga,2019,5,77,B09
Chuadanga,2019,6,81,B09
Chuadanga,2019,7,85,B09
Chuadanga,2019,8,85,B09
Chuadanga,2019,9,87,B09
Chuadanga,2019,10,86,B09
Chuadanga,2019,11,82,B09
Chuadanga,2019,12,83,B09
Jessore,2019,1,72,B09
Jessore,2019,2,72,B09
Jessore,2019,3,70,B09
Jessore,2019,4,73,B09
Jessore,2019,5,74,B09
Jessore,2019,6,77,B09
Jessore,2019,7,80,B09
Jessore,2019,8,82,B09
Jessore,2019,9,83,B09
Jessore,2019,10,81,B09
Jessore,2019,11,79,B09
Jessore,2019,12,80,B09
Khulna,2019,1,74,B09
Khulna,2019,2,72,B09
Khulna,2019,3,72,B09
Khulna,2019,4,73,B09
Khulna,2019,5,76,B09
Khulna,2019,6,81,B09
Khulna,2019,7,85,B09
Khulna,2019,8,84,B09
Khulna,2019,9,86,B09
Khulna,2019,10,85,B09
Khulna,2019,11,82,B09
Khulna,2019,12,81,B09
Mongla,2019,1,71,B09
Mongla,2019,2,71,B09
Mongla,2019,3,72,B09
Mongla,2019,4,76,B09
Mongla,2019,5,77,B09
Mongla,2019,6,83,B09
Mongla,2019,7,86,B09
Mongla,2019,8,86,B09
Mongla,2019,9,88,B09
Mongla,2019,10,85,B09
Mongla,2019,11,83,B09
Mongla,2019,12,80,B09
Satkhira,2019,1,75,B09
Satkhira,2019,2,75,B09
Satkhira,2019,3,74,B09
Satkhira,2019,4,74,B09
Satkhira,2019,5,75,B09
Satkhira,2019,6,79,B09
Satkhira,2019,7,81,B09
Satkhira,2019,8,85,B09
Satkhira,2019,9,85,B09
Satkhira,2019,10,83,B09
Satkhira,2019,11,81,B09
Satkhira,2019,12,81,B09
Barisal,2019,1,78,B09
Barisal,2019,2,77,B09
Barisal,2019,3,74,B09
Barisal,2019,4,77,B09
Barisal,2019,5,79,B09
Barisal,2019,6,83,B09
Barisal,2019,7,88,B09
Barisal,2019,8,84,B09
Barisal,2019,9,87,B09
Barisal,2019,10,86,B09
Barisal,2019,11,85,B09
Barisal,2019,12,84,B09
Bhola,2019,1,77,B09
Bhola,2019,2,78,B09
Bhola,2019,3,74,B09
Bhola,2019,4,76,B09
Bhola,2019,5,79,B09
Bhola,2019,6,82,B09
Bhola,2019,7,88,B09
Bhola,2019,8,85,B09
Bhola,2019,9,87,B09
Bhola,2019,10,86,B09
Bhola,2019,11,85,B09
Bhola,2019,12,84,B09
Khepupara,2019,1,74,B09
Khepupara,2019,2,74,B09
Khepupara,2019,3,76,B09
Khepupara,2019,4,77,B09
Khepupara,2019,5,79,B09
Khepupara,2019,6,84,B09
Khepupara,2019,7,87,B09
Khepupara,2019,8,86,B09
Khepupara,2019,9,88,B09
Khepupara,2019,10,86,B09
Khepupara,2019,11,85,B09
Khepupara,2019,12,81,B09
Patuakhali,2019,1,75,B09
Patuakhali,2019,2,75,B09
Patuakhali,2019,3,74,B09
Patuakhali,2019,4,77,B09
Patuakhali,2019,5,80,B09
Patuakhali,2019,6,85,B09
Patuakhali,2019,7,89,B09
Patuakhali,2019,8,88,B09
Patuakhali,2019,9,90,B09
Patuakhali,2019,10,88,B09
Patuakhali,2019,11,87,B09
Patuakhali,2019,12,86,B09
Chandpur,2019,1,71,B09
Chandpur,2019,2,72,B09
Chandpur,2019,3,70,B09
Chandpur,2019,4,74,B09
Chandpur,2019,5,78,B09
Chandpur,2019,6,83,B09
Chandpur,2019,7,87,B09
Chandpur,2019,8,84,B09
Chandpur,2019,9,84,B09
Chandpur,2019,10,82,B09
Chandpur,2019,11,80,B09
Chandpur,2019,12,79,B09
Teknaf,2019,1,72,B09
Teknaf,2019,2,70,B09
Teknaf,2019,3,70,B09
Teknaf,2019,4,72,B09
Teknaf,2019,5,73,B09
Teknaf,2019,6,82,B09
Teknaf,2019,7,88,B09
Teknaf,2019,8,84,B09
Teknaf,2019,9,84,B09
Teknaf,2019,10,82,B09
Teknaf,2019,11,77,B09
Teknaf,2019,12,67,B09
Ambagan (Ctg),2019,1,72,B09
Ambagan (Ctg),2019,2,67,B09
Ambagan (Ctg),2019,3,68,B09
Ambagan (Ctg),2019,4,74,B09
Ambagan (Ctg),2019,5,78,B09
Ambagan (Ctg),2019,6,80,B09
Ambagan (Ctg),2019,7,86,B09
Ambagan (Ctg),2019,8,83,B09
Ambagan (Ctg),2019,9,84,B09
Ambagan (Ctg),2019,10,83,B09
Ambagan (Ctg),2019,11,81,B09
Ambagan (Ctg),2019,12,78,B09
Comilla,2019,1,72,B09
Comilla,2019,2,74,B09
Comilla,2019,3,74,B09
Comilla,2019,4,77,B09
Comilla,2019,5,79,B09
Comilla,2019,6,82,B09
Comilla,2019,7,84,B09
Comilla,2019,8,83,B09
Comilla,2019,9,83,B09
Comilla,2019,10,82,B09
Comilla,2019,11,80,B09
Comilla,2019,12,78,B09
Cox's Bazar,2019,1,69,B09
Cox's Bazar,2019,2,68,B09
Cox's Bazar,2019,3,72,B09
Cox's Bazar,2019,4,75,B09
Cox's Bazar,2019,5,76,B09
Cox's Bazar,2019,6,82,B09
Cox's Bazar,2019,7,89,B09
Cox's Bazar,2019,8,85,B09
Cox's Bazar,2019,9,85,B09
Cox's Bazar,2019,10,81,B09
Cox's Bazar,2019,11,76,B09
Cox's Bazar,2019,12,71,B09
Feni,2019,1,69,B09
Feni,2019,2,70,B09
Feni,2019,3,70,B09
Feni,2019,4,72,B09
Feni,2019,5,75,B09
Feni,2019,6,80,B09
Feni,2019,7,85,B09
Feni,2019,8,82,B09
Feni,2019,9,83,B09
Feni,2019,10,82,B09
Feni,2019,11,81,B09
Feni,2019,12,80,B09
Hatiya,2019,1,79,B09
Hatiya,2019,2,81,B09
Hatiya,2019,3,80,B09
Hatiya,2019,4,81,B09
Hatiya,2019,5,83,B09
Hatiya,2019,6,85,B09
Hatiya,2019,7,91,B09
Hatiya,2019,8,89,B09
Hatiya,2019,9,89,B09
Hatiya,2019,10,89,B09
Hatiya,2019,11,87,B09
Hatiya,2019,12,85,B09
Kutubdia,2019,1,73,B09
Kutubdia,2019,2,77,B09
Kutubdia,2019,3,79,B09
Kutubdia,2019,4,78,B09
Kutubdia,2019,5,79,B09
Kutubdia,2019,6,81,B09
Kutubdia,2019,7,87,B09
Kutubdia,2019,8,83,B09
Kutubdia,2019,9,84,B09
Kutubdia,2019,10,83,B09
Kutubdia,2019,11,79,B09
Kutubdia,2019,12,76,B09
Maijdi Court,2019,1,71,B09
Maijdi Court,2019,2,74,B09
Maijdi Court,2019,3,74,B09
Maijdi Court,2019,4,76,B09
Maijdi Court,2019,5,78,B09
Maijdi Court,2019,6,83,B09
Maijdi Court,2019,7,87,B09
Maijdi Court,2019,8,85,B09
Maijdi Court,2019,9,86,B09
Maijdi Court,2019,10,84,B09
Maijdi Court,2019,11,85,B09
Maijdi Court,2019,12,83,B09
Rangamati,2019,1,74,B09
Rangamati,2019,2,71,B09
Rangamati,2019,3,68,B09
Rangamati,2019,4,69,B09
Rangamati,2019,5,71,B09
Rangamati,2019,6,77,B09
Rangamati,2019,7,83,B09
Rangamati,2019,8,79,B09
Rangamati,2019,9,80,B09
Rangamati,2019,10,81,B09
Rangamati,2019,11,79,B09
Rangamati,2019,12,79,B09
Sandwip,2019,1,76,B09
Sandwip,2019,2,76,B09
Sandwip,2019,3,76,B09
Sandwip,2019,4,77,B09
Sandwip,2019,5,80,B09
Sandwip,2019,6,83,B09
Sandwip,2019,7,89,B09
Sandwip,2019,8,87,B09
Sandwip,2019,9,87,B09
Sandwip,2019,10,86,B09
Sandwip,2019,11,85,B09
Sandwip,2019,12,84,B09
Chittagong,2019,1,69,B09
Chittagong,2019,2,70,B09
Chittagong,2019,3,70,B09
Chittagong,2019,4,74,B09
Chittagong,2019,5,78,B09
Chittagong,2019,6,81,B09
Chittagong,2019,7,89,B09
Chittagong,2019,8,83,B09
Chittagong,2019,9,85,B09
Chittagong,2019,10,82,B09
Chittagong,2019,11,78,B09
Chittagong,2019,12,73,B09
Sitakunda,2019,1,72,B09
Sitakunda,2019,2,73,B09
Sitakunda,2019,3,72,B09
Sitakunda,2019,4,78,B09
Sitakunda,2019,5,80,B09
Sitakunda,2019,6,81,B09
Sitakunda,2019,7,87,B09
Sitakunda,2019,8,85,B09
Sitakunda,2019,9,85,B09
Sitakunda,2019,10,85,B09
Sitakunda,2019,11,82,B09
Sitakunda,2019,12,81,B09
Dhaka,2020,1,76,B10
Dhaka,2020,2,59,B10
Dhaka,2020,3,57,B10
Dhaka,2020,4,72,B10
Dhaka,2020,5,80,B10
Dhaka,2020,6,81,B10
Dhaka,2020,7,85,B10
Dhaka,2020,8,84,B10
Dhaka,2020,9,81,B10
Dhaka,2020,10,81,B10
Dhaka,2020,11,69,B10
Dhaka,2020,12,73,B10
Dhaka,2021,1,72,B10
Dhaka,2021,2,60,B10
Dhaka,2021,3,57,B10
Dhaka,2021,4,60,B10
Dhaka,2021,5,69,B10
Dhaka,2021,6,83,B10
Dhaka,2021,7,82,B10
Dhaka,2021,8,83,B10
Dhaka,2021,9,80,B10
Dhaka,2021,10,77,B10
Dhaka,2021,11,68,B10
Dhaka,2021,12,72,B10
Dhaka,2022,1,71,B10
Dhaka,2022,2,62,B10
Dhaka,2022,3,55,B10
Dhaka,2022,4,72,B10
Dhaka,2022,5,75,B10
Dhaka,2022,6,79,B10
Dhaka,2022,7,74,B10
Dhaka,2022,8,75,B10
Dhaka,2022,9,80,B10
Dhaka,2022,10,73,B10
Dhaka,2022,11,63,B10
Dhaka,2022,12,69,B10
Dhaka,2023,1,72,B10
Dhaka,2023,2,61,B10
Dhaka,2023,3,61,B10
Dhaka,2023,4,55,B10
Dhaka,2023,5,64,B10
Dhaka,2023,6,77,B10
Dhaka,2023,7,75,B10
Dhaka,2023,8,82,B10
Dhaka,2023,9,79,B10
Dhaka,2023,10,73,B10
Dhaka,2023,11,67,B10
Dhaka,2023,12,73,B10
Dhaka,2024,1,75,B10
Dhaka,2024,2,59,B10
Dhaka,2024,3,61,B10
Dhaka,2024,4,62,B10
Dhaka,2024,5,69,B10
Dhaka,2024,6,77,B10
Dhaka,2024,7,78,B10
Dhaka,2024,8,82,B10
Dhaka,2024,9,79,B10
Dhaka,2024,10,79,B10
Dhaka,2024,11,63,B10
Dhaka,2024,12,64,B10
Tangail,2020,1,83,B10
Tangail,2020,2,73,B10
Tangail,2020,3,66,B10
Tangail,2020,4,74,B10
Tangail,2020,5,79,B10
Tangail,2020,6,82,B10
Tangail,2020,7,84,B10
Tangail,2020,8,82,B10
Tangail,2020,9,84,B10
Tangail,2020,10,83,B10
Tangail,2020,11,76,B10
Tangail,2020,12,80,B10
Tangail,2021,1,80,B10
Tangail,2021,2,70,B10
Tangail,2021,3,64,B10
Tangail,2021,4,64,B10
Tangail,2021,5,72,B10
Tangail,2021,6,83,B10
Tangail,2021,7,81,B10
Tangail,2021,8,83,B10
Tangail,2021,9,79,B10
Tangail,2021,10,79,B10
Tangail,2021,11,76,B10
Tangail,2021,12,80,B10
Tangail,2022,1,81,B10
Tangail,2022,2,73,B10
Tangail,2022,3,66,B10
Tangail,2022,4,75,B10
Tangail,2022,5,78,B10
Tangail,2022,6,81,B10
Tangail,2022,7,77,B10
Tangail,2022,8,78,B10
Tangail,2022,9,82,B10
Tangail,2022,10,79,B10
Tangail,2022,11,76,B10
Tangail,2022,12,81,B10
Tangail,2023,1,82,B10
Tangail,2023,2,72,B10
Tangail,2023,3,69,B10
Tangail,2023,4,65,B10
Tangail,2023,5,69,B10
Tangail,2023,6,77,B10
Tangail,2023,7,78,B10
Tangail,2023,8,82,B10
Tangail,2023,9,81,B10
Tangail,2023,10,79,B10
Tangail,2023,11,76,B10
Tangail,2023,12,82,B10
Tangail,2024,1,83,B10
Tangail,2024,2,71,B10
Tangail,2024,3,69,B10
Tangail,2024,4,64,B10
Tangail,2024,5,71,B10
Tangail,2024,6,80,B10
Tangail,2024,7,79,B10
Tangail,2024,8,83,B10
Tangail,2024,9,81,B10
Tangail,2024,10,83,B10
Tangail,2024,11,75,B10
Tangail,2024,12,77,B10
Mymensingh,2020,1,83,B10
Mymensingh,2020,2,74,B10
Mymensingh,2020,3,73,B10
Mymensingh,2020,4,77,B10
Mymensingh,2020,5,81,B10
Mymensingh,2020,6,85,B10
Mymensingh,2020,7,87,B10
Mymensingh,2020,8,82,B10
Mymensingh,2020,9,87,B10
Mymensingh,2020,10,85,B10
Mymensingh,2020,11,80,B10
Mymensingh,2020,12,85,B10
Mymensingh,2021,1,85,B10
Mymensingh,2021,2,75,B10
Mymensingh,2021,3,74,B10
Mymensingh,2021,4,74,B10
Mymensingh,2021,5,80,B10
Mymensingh,2021,6,84,B10
Mymensingh,2021,7,85,B10
Mymensingh,2021,8,87,B10
Mymensingh,2021,9,82,B10
Mymensingh,2021,10,83,B10
Mymensingh,2021,11,79,B10
Mymensingh,2021,12,81,B10
Mymensingh,2022,1,80,B10
Mymensingh,2022,2,75,B10
Mymensingh,2022,3,72,B10
Mymensingh,2022,4,81,B10
Mymensingh,2022,5,82,B10
Mymensingh,2022,6,87,B10
Mymensingh,2022,7,82,B10
Mymensingh,2022,8,80,B10
Mymensingh,2022,9,87,B10
Mymensingh,2022,10,84,B10
Mymensingh,2022,11,81,B10
Mymensingh,2022,12,84,B10
Mymensingh,2023,1,83,B10
Mymensingh,2023,2,78,B10
Mymensingh,2023,3,76,B10
Mymensingh,2023,4,73,B10
Mymensingh,2023,5,75,B10
Mymensingh,2023,6,83,B10
Mymensingh,2023,7,83,B10
Mymensingh,2023,8,85,B10
Mymensingh,2023,9,84,B10
Mymensingh,2023,10,85,B10
Mymensingh,2023,11,80,B10
Mymensingh,2023,12,83,B10
Mymensingh,2024,1,85,B10
Mymensingh,2024,2,76,B10
Mymensingh,2024,3,75,B10
Mymensingh,2024,4,75,B10
Mymensingh,2024,5,76,B10
Mymensingh,2024,6,86,B10
Mymensingh,2024,7,84,B10
Mymensingh,2024,8,85,B10
Mymensingh,2024,9,83,B10
Mymensingh,2024,10,87,B10
Mymensingh,2024,11,80,B10
Mymensingh,2024,12,82,B10
Faridpur,2020,1,82,B10
Faridpur,2020,2,71,B10
Faridpur,2020,3,64,B10
Faridpur,2020,4,71,B10
Faridpur,2020,5,80,B10
Faridpur,2020,6,84,B10
Faridpur,2020,7,85,B10
Faridpur,2020,8,84,B10
Faridpur,2020,9,84,B10
Faridpur,2020,10,83,B10
Faridpur,2020,11,77,B10
Faridpur,2020,12,79,B10
Faridpur,2021,1,78,B10
Faridpur,2021,2,68,B10
Faridpur,2021,3,65,B10
Faridpur,2021,4,66,B10
Faridpur,2021,5,75,B10
Faridpur,2021,6,85,B10
Faridpur,2021,7,84,B10
Faridpur,2021,8,86,B10
Faridpur,2021,9,83,B10
Faridpur,2021,10,80,B10
Faridpur,2021,11,76,B10
Faridpur,2021,12,79,B10
Faridpur,2022,1,78,B10
Faridpur,2022,2,72,B10
Faridpur,2022,3,64,B10
Faridpur,2022,4,75,B10
Faridpur,2022,5,79,B10
Faridpur,2022,6,83,B10
Faridpur,2022,7,81,B10
Faridpur,2022,8,82,B10
Faridpur,2022,9,84,B10
Faridpur,2022,10,82,B10
Faridpur,2022,11,74,B10
Faridpur,2022,12,78,B10
Faridpur,2023,1,81,B10
Faridpur,2023,2,71,B10
Faridpur,2023,3,70,B10
Faridpur,2023,4,66,B10
Faridpur,2023,5,75,B10
Faridpur,2023,6,83,B10
Faridpur,2023,7,82,B10
Faridpur,2023,8,85,B10
Faridpur,2023,9,84,B10
Faridpur,2023,10,80,B10
Faridpur,2023,11,76,B10
Faridpur,2023,12,81,B10
Faridpur,2024,1,82,B10
Faridpur,2024,2,71,B10
Faridpur,2024,3,68,B10
Faridpur,2024,4,65,B10
Faridpur,2024,5,73,B10
Faridpur,2024,6,79,B10
Faridpur,2024,7,83,B10
Faridpur,2024,8,85,B10
Faridpur,2024,9,83,B10
Faridpur,2024,10,84,B10
Faridpur,2024,11,74,B10
Faridpur,2024,12,76,B10
Madaripur,2020,1,84,B10
Madaripur,2020,2,73,B10
Madaripur,2020,3,68,B10
Madaripur,2020,4,75,B10
Madaripur,2020,5,79,B10
Madaripur,2020,6,85,B10
Madaripur,2020,7,85,B10
Madaripur,2020,8,84,B10
Madaripur,2020,9,85,B10
Madaripur,2020,10,84,B10
Madaripur,2020,11,78,B10
Madaripur,2020,12,80,B10
Madaripur,2021,1,80,B10
Madaripur,2021,2,74,B10
Madaripur,2021,3,70,B10
Madaripur,2021,4,69,B10
Madaripur,2021,5,76,B10
Madaripur,2021,6,87,B10
Madaripur,2021,7,85,B10
Madaripur,2021,8,86,B10
Madaripur,2021,9,85,B10
Madaripur,2021,10,85,B10
Madaripur,2021,11,81,B10
Madaripur,2021,12,83,B10
Madaripur,2022,1,83,B10
Madaripur,2022,2,78,B10
Madaripur,2022,3,72,B10
Madaripur,2022,4,77,B10
Madaripur,2022,5,80,B10
Madaripur,2022,6,85,B10
Madaripur,2022,7,81,B10
Madaripur,2022,8,82,B10
Madaripur,2022,9,85,B10
Madaripur,2022,10,84,B10
Madaripur,2022,11,82,B10
Madaripur,2022,12,82,B10
Madaripur,2023,1,82,B10
Madaripur,2023,2,77,B10
Madaripur,2023,3,75,B10
Madaripur,2023,4,72,B10
Madaripur,2023,5,77,B10
Madaripur,2023,6,84,B10
Madaripur,2023,7,84,B10
Madaripur,2023,8,88,B10
Madaripur,2023,9,86,B10
Madaripur,2023,10,83,B10
Madaripur,2023,11,81,B10
Madaripur,2023,12,84,B10
Madaripur,2024,1,86,B10
Madaripur,2024,2,78,B10
Madaripur,2024,3,74,B10
Madaripur,2024,4,73,B10
Madaripur,2024,5,78,B10
Madaripur,2024,6,83,B10
Madaripur,2024,7,86,B10
Madaripur,2024,8,87,B10
Madaripur,2024,9,86,B10
Madaripur,2024,10,85,B10
Madaripur,2024,11,82,B10
Madaripur,2024,12,81,B10
Srimangal,2020,1,85,B10
Srimangal,2020,2,75,B10
Srimangal,2020,3,69,B10
Srimangal,2020,4,75,B10
Srimangal,2020,5,80,B10
Srimangal,2020,6,85,B10
Srimangal,2020,7,86,B10
Srimangal,2020,8,83,B10
Srimangal,2020,9,87,B10
Srimangal,2020,10,86,B10
Srimangal,2020,11,84,B10
Srimangal,2020,12,85,B10
Srimangal,2021,1,84,B10
Srimangal,2021,2,75,B10
Srimangal,2021,3,70,B10
Srimangal,2021,4,71,B10
Srimangal,2021,5,77,B10
Srimangal,2021,6,83,B10
Srimangal,2021,7,84,B10
Srimangal,2021,8,86,B10
Srimangal,2021,9,83,B10
Srimangal,2021,10,84,B10
Srimangal,2021,11,82,B10
Srimangal,2021,12,84,B10
Srimangal,2022,1,84,B10
Srimangal,2022,2,76,B10
Srimangal,2022,3,72,B10
Srimangal,2022,4,76,B10
Srimangal,2022,5,84,B10
Srimangal,2022,6,88,B10
Srimangal,2022,7,84,B10
Srimangal,2022,8,83,B10
Srimangal,2022,9,86,B10
Srimangal,2022,10,86,B10
Srimangal,2022,11,81,B10
Srimangal,2022,12,83,B10
Srimangal,2023,1,81,B10
Srimangal,2023,2,74,B10
Srimangal,2023,3,74,B10
Srimangal,2023,4,72,B10
Srimangal,2023,5,73,B10
Srimangal,2023,6,84,B10
Srimangal,2023,7,81,B10
Srimangal,2023,8,85,B10
Srimangal,2023,9,83,B10
Srimangal,2023,10,85,B10
Srimangal,2023,11,82,B10
Srimangal,2023,12,85,B10
Srimangal,2024,1,87,B10
Srimangal,2024,2,75,B10
Srimangal,2024,3,72,B10
Srimangal,2024,4,73,B10
Srimangal,2024,5,78,B10
Srimangal,2024,6,86,B10
Srimangal,2024,7,82,B10
Srimangal,2024,8,86,B10
Srimangal,2024,9,82,B10
Srimangal,2024,10,86,B10
Srimangal,2024,11,81,B10
Srimangal,2024,12,84,B10
Sylhet,2020,1,78,B10
Sylhet,2020,2,67,B10
Sylhet,2020,3,63,B10
Sylhet,2020,4,67,B10
Sylhet,2020,5,81,B10
Sylhet,2020,6,88,B10
Sylhet,2020,7,88,B10
Sylhet,2020,8,85,B10
Sylhet,2020,9,87,B10
Sylhet,2020,10,84,B10
Sylhet,2020,11,74,B10
Sylhet,2020,12,78,B10
Sylhet,2021,1,76,B10
Sylhet,2021,2,65,B10
Sylhet,2021,3,60,B10
Sylhet,2021,4,67,B10
Sylhet,2021,5,77,B10
Sylhet,2021,6,87,B10
Sylhet,2021,7,86,B10
Sylhet,2021,8,89,B10
Sylhet,2021,9,79,B10
Sylhet,2021,10,80,B10
Sylhet,2021,11,74,B10
Sylhet,2021,12,76,B10
Sylhet,2022,1,74,B10
Sylhet,2022,2,68,B10
Sylhet,2022,3,66,B10
Sylhet,2022,4,79,B10
Sylhet,2022,5,82,B10
Sylhet,2022,6,89,B10
Sylhet,2022,7,82,B10
Sylhet,2022,8,80,B10
Sylhet,2022,9,84,B10
Sylhet,2022,10,82,B10
Sylhet,2022,11,73,B10
Sylhet,2022,12,76,B10
Sylhet,2023,1,72,B10
Sylhet,2023,2,69,B10
Sylhet,2023,3,67,B10
Sylhet,2023,4,69,B10
Sylhet,2023,5,74,B10
Sylhet,2023,6,83,B10
Sylhet,2023,7,83,B10
Sylhet,2023,8,87,B10
Sylhet,2023,9,81,B10
Sylhet,2023,10,82,B10
Sylhet,2023,11,75,B10
Sylhet,2023,12,76,B10
Sylhet,2024,1,80,B10
Sylhet,2024,2,70,B10
Sylhet,2024,3,67,B10
Sylhet,2024,4,76,B10
Sylhet,2024,5,77,B10
Sylhet,2024,6,88,B10
Sylhet,2024,7,83,B10
Sylhet,2024,8,86,B10
Sylhet,2024,9,79,B10
Sylhet,2024,10,84,B10
Sylhet,2024,11,75,B10
Sylhet,2024,12,76,B10
Bogura,2020,1,84,B10
Bogura,2020,2,74,B10
Bogura,2020,3,65,B10
Bogura,2020,4,71,B10
Bogura,2020,5,80,B10
Bogura,2020,6,83,B10
Bogura,2020,7,85,B10
Bogura,2020,8,80,B10
Bogura,2020,9,85,B10
Bogura,2020,10,82,B10
Bogura,2020,11,70,B10
Bogura,2020,12,79,B10
Bogura,2021,1,79,B10
Bogura,2021,2,63,B10
Bogura,2021,3,61,B10
Bogura,2021,4,63,B10
Bogura,2021,5,76,B10
Bogura,2021,6,83,B10
Bogura,2021,7,82,B10
Bogura,2021,8,84,B10
Bogura,2021,9,79,B10
Bogura,2021,10,77,B10
Bogura,2021,11,72,B10
Bogura,2021,12,72,B10
Bogura,2022,1,78,B10
Bogura,2022,2,70,B10
Bogura,2022,3,63,B10
Bogura,2022,4,77,B10
Bogura,2022,5,77,B10
Bogura,2022,6,82,B10
Bogura,2022,7,77,B10
Bogura,2022,8,77,B10
Bogura,2022,9,84,B10
Bogura,2022,10,78,B10
Bogura,2022,11,72,B10
Bogura,2022,12,76,B10
Bogura,2023,1,78,B10
Bogura,2023,2,68,B10
Bogura,2023,3,66,B10
Bogura,2023,4,60,B10
Bogura,2023,5,68,B10
Bogura,2023,6,76,B10
Bogura,2023,7,80,B10
Bogura,2023,8,82,B10
Bogura,2023,9,80,B10
Bogura,2023,10,79,B10
Bogura,2023,11,72,B10
Bogura,2023,12,78,B10
Bogura,2024,1,83,B10
Bogura,2024,2,70,B10
Bogura,2024,3,68,B10
Bogura,2024,4,60,B10
Bogura,2024,5,74,B10
Bogura,2024,6,82,B10
Bogura,2024,7,80,B10
Bogura,2024,8,84,B10
Bogura,2024,9,82,B10
Bogura,2024,10,84,B10
Bogura,2024,11,75,B10
Bogura,2024,12,75,B10
Dinajpur,2020,1,82,B10
Dinajpur,2020,2,74,B10
Dinajpur,2020,3,70,B10
Dinajpur,2020,4,73,B10
Dinajpur,2020,5,82,B10
Dinajpur,2020,6,84,B10
Dinajpur,2020,7,87,B10
Dinajpur,2020,8,81,B10
Dinajpur,2020,9,88,B10
Dinajpur,2020,10,81,B10
Dinajpur,2020,11,75,B10
Dinajpur,2020,12,81,B10
Dinajpur,2021,1,83,B10
Dinajpur,2021,2,73,B10
Dinajpur,2021,3,66,B10
Dinajpur,2021,4,69,B10
Dinajpur,2021,5,78,B10
Dinajpur,2021,6,81,B10
Dinajpur,2021,7,82,B10
Dinajpur,2021,8,86,B10
Dinajpur,2021,9,81,B10
Dinajpur,2021,10,83,B10
Dinajpur,2021,11,77,B10
Dinajpur,2021,12,76,B10
Dinajpur,2022,1,84,B10
Dinajpur,2022,2,76,B10
Dinajpur,2022,3,69,B10
Dinajpur,2022,4,79,B10
Dinajpur,2022,5,79,B10
Dinajpur,2022,6,83,B10
Dinajpur,2022,7,78,B10
Dinajpur,2022,8,80,B10
Dinajpur,2022,9,84,B10
Dinajpur,2022,10,79,B10
Dinajpur,2022,11,76,B10
Dinajpur,2022,12,78,B10
Dinajpur,2023,1,81,B10
Dinajpur,2023,2,73,B10
Dinajpur,2023,3,69,B10
Dinajpur,2023,4,66,B10
Dinajpur,2023,5,67,B10
Dinajpur,2023,6,73,B10
Dinajpur,2023,7,80,B10
Dinajpur,2023,8,83,B10
Dinajpur,2023,9,84,B10
Dinajpur,2023,10,82,B10
Dinajpur,2023,11,76,B10
Dinajpur,2023,12,80,B10
Dinajpur,2024,1,86,B10
Dinajpur,2024,2,71,B10
Dinajpur,2024,3,68,B10
Dinajpur,2024,4,61,B10
Dinajpur,2024,5,70,B10
Dinajpur,2024,6,82,B10
Dinajpur,2024,7,81,B10
Dinajpur,2024,8,81,B10
Dinajpur,2024,9,82,B10
Dinajpur,2024,10,83,B10
Dinajpur,2024,11,79,B10
Dinajpur,2024,12,78,B10
Ishurdi,2020,1,83,B10
Ishurdi,2020,2,75,B10
Ishurdi,2020,3,70,B10
Ishurdi,2020,4,70,B10
Ishurdi,2020,5,79,B10
Ishurdi,2020,6,83,B10
Ishurdi,2020,7,85,B10
Ishurdi,2020,8,83,B10
Ishurdi,2020,9,86,B10
Ishurdi,2020,10,83,B10
Ishurdi,2020,11,77,B10
Ishurdi,2020,12,81,B10
Ishurdi,2021,1,82,B10
Ishurdi,2021,2,72,B10
Ishurdi,2021,3,66,B10
Ishurdi,2021,4,65,B10
Ishurdi,2021,5,77,B10
Ishurdi,2021,6,83,B10
Ishurdi,2021,7,83,B10
Ishurdi,2021,8,84,B10
Ishurdi,2021,9,83,B10
Ishurdi,2021,10,82,B10
Ishurdi,2021,11,78,B10
Ishurdi,2021,12,79,B10
Ishurdi,2022,1,82,B10
Ishurdi,2022,2,77,B10
Ishurdi,2022,3,67,B10
Ishurdi,2022,4,74,B10
Ishurdi,2022,5,79,B10
Ishurdi,2022,6,81,B10
Ishurdi,2022,7,79,B10
Ishurdi,2022,8,81,B10
Ishurdi,2022,9,85,B10
Ishurdi,2022,10,82,B10
Ishurdi,2022,11,77,B10
Ishurdi,2022,12,79,B10
Ishurdi,2023,1,82,B10
Ishurdi,2023,2,75,B10
Ishurdi,2023,3,70,B10
Ishurdi,2023,4,61,B10
Ishurdi,2023,5,71,B10
Ishurdi,2023,6,76,B10
Ishurdi,2023,7,82,B10
Ishurdi,2023,8,84,B10
Ishurdi,2023,9,84,B10
Ishurdi,2023,10,83,B10
Ishurdi,2023,11,80,B10
Ishurdi,2023,12,82,B10
Ishurdi,2024,1,84,B10
Ishurdi,2024,2,76,B10
Ishurdi,2024,3,70,B10
Ishurdi,2024,4,56,B10
Ishurdi,2024,5,70,B10
Ishurdi,2024,6,78,B10
Ishurdi,2024,7,82,B10
Ishurdi,2024,8,85,B10
Ishurdi,2024,9,85,B10
Ishurdi,2024,10,86,B10
Ishurdi,2024,11,81,B10
Ishurdi,2024,12,80,B10
Rajshahi,2020,1,83,B10
Rajshahi,2020,2,74,B10
Rajshahi,2020,3,70,B10
Rajshahi,2020,4,70,B10
Rajshahi,2020,5,81,B10
Rajshahi,2020,6,85,B10
Rajshahi,2020,7,88,B10
Rajshahi,2020,8,85,B10
Rajshahi,2020,9,88,B10
Rajshahi,2020,10,84,B10
Rajshahi,2020,11,77,B10
Rajshahi,2020,12,81,B10
Rajshahi,2021,1,83,B10
Rajshahi,2021,2,71,B10
Rajshahi,2021,3,67,B10
Rajshahi,2021,4,66,B10
Rajshahi,2021,5,80,B10
Rajshahi,2021,6,86,B10
Rajshahi,2021,7,85,B10
Rajshahi,2021,8,88,B10
Rajshahi,2021,9,87,B10
Rajshahi,2021,10,84,B10
Rajshahi,2021,11,79,B10
Rajshahi,2021,12,79,B10
Rajshahi,2022,1,82,B10
Rajshahi,2022,2,77,B10
Rajshahi,2022,3,67,B10
Rajshahi,2022,4,74,B10
Rajshahi,2022,5,80,B10
Rajshahi,2022,6,83,B10
Rajshahi,2022,7,80,B10
Rajshahi,2022,8,83,B10
Rajshahi,2022,9,87,B10
Rajshahi,2022,10,81,B10
Rajshahi,2022,11,76,B10
Rajshahi,2022,12,78,B10
Rajshahi,2023,1,81,B10
Rajshahi,2023,2,73,B10
Rajshahi,2023,3,71,B10
Rajshahi,2023,4,64,B10
Rajshahi,2023,5,72,B10
Rajshahi,2023,6,78,B10
Rajshahi,2023,7,82,B10
Rajshahi,2023,8,85,B10
Rajshahi,2023,9,86,B10
Rajshahi,2023,10,84,B10
Rajshahi,2023,11,80,B10
Rajshahi,2023,12,82,B10
Rajshahi,2024,1,85,B10
Rajshahi,2024,2,76,B10
Rajshahi,2024,3,71,B10
Rajshahi,2024,4,58,B10
Rajshahi,2024,5,73,B10
Rajshahi,2024,6,79,B10
Rajshahi,2024,7,84,B10
Rajshahi,2024,8,87,B10
Rajshahi,2024,9,86,B10
Rajshahi,2024,10,87,B10
Rajshahi,2024,11,81,B10
Rajshahi,2024,12,80,B10
Rangpur,2020,1,83,B10
Rangpur,2020,2,75,B10
Rangpur,2020,3,70,B10
Rangpur,2020,4,72,B10
Rangpur,2020,5,80,B10
Rangpur,2020,6,84,B10
Rangpur,2020,7,86,B10
Rangpur,2020,8,81,B10
Rangpur,2020,9,88,B10
Rangpur,2020,10,81,B10
Rangpur,2020,11,74,B10
Rangpur,2020,12,81,B10
Rangpur,2021,1,84,B10
Rangpur,2021,2,73,B10
Rangpur,2021,3,68,B10
Rangpur,2021,4,70,B10
Rangpur,2021,5,79,B10
Rangpur,2021,6,81,B10
Rangpur,2021,7,81,B10
Rangpur,2021,8,86,B10
Rangpur,2021,9,83,B10
Rangpur,2021,10,83,B10
Rangpur,2021,11,78,B10
Rangpur,2021,12,77,B10
Rangpur,2022,1,82,B10
Rangpur,2022,2,76,B10
Rangpur,2022,3,71,B10
Rangpur,2022,4,82,B10
Rangpur,2022,5,80,B10
Rangpur,2022,6,85,B10
Rangpur,2022,7,79,B10
Rangpur,2022,8,80,B10
Rangpur,2022,9,84,B10
Rangpur,2022,10,79,B10
Rangpur,2022,11,76,B10
Rangpur,2022,12,80,B10
Rangpur,2023,1,82,B10
Rangpur,2023,2,75,B10
Rangpur,2023,3,71,B10
Rangpur,2023,4,68,B10
Rangpur,2023,5,69,B10
Rangpur,2023,6,78,B10
Rangpur,2023,7,80,B10
Rangpur,2023,8,83,B10
Rangpur,2023,9,81,B10
Rangpur,2023,10,81,B10
Rangpur,2023,11,75,B10
Rangpur,2023,12,80,B10
Rangpur,2024,1,87,B10
Rangpur,2024,2,73,B10
Rangpur,2024,3,69,B10
Rangpur,2024,4,62,B10
Rangpur,2024,5,71,B10
Rangpur,2024,6,83,B10
Rangpur,2024,7,81,B10
Rangpur,2024,8,81,B10
Rangpur,2024,9,81,B10
Rangpur,2024,10,83,B10
Rangpur,2024,11,77,B10
Rangpur,2024,12,80,B10
Sayedpur,2020,1,81,B10
Sayedpur,2020,2,72,B10
Sayedpur,2020,3,69,B10
Sayedpur,2020,4,71,B10
Sayedpur,2020,5,80,B10
Sayedpur,2020,6,84,B10
Sayedpur,2020,7,85,B10
Sayedpur,2020,8,80,B10
Sayedpur,2020,9,87,B10
Sayedpur,2020,10,80,B10
Sayedpur,2020,11,74,B10
Sayedpur,2020,12,80,B10
Sayedpur,2021,1,82,B10
Sayedpur,2021,2,72,B10
Sayedpur,2021,3,66,B10
Sayedpur,2021,4,69,B10
Sayedpur,2021,5,78,B10
Sayedpur,2021,6,80,B10
Sayedpur,2021,7,81,B10
Sayedpur,2021,8,84,B10
Sayedpur,2021,9,81,B10
Sayedpur,2021,10,82,B10
Sayedpur,2021,11,77,B10
Sayedpur,2021,12,76,B10
Sayedpur,2022,1,81,B10
Sayedpur,2022,2,75,B10
Sayedpur,2022,3,70,B10
Sayedpur,2022,4,80,B10
Sayedpur,2022,5,79,B10
Sayedpur,2022,6,82,B10
Sayedpur,2022,7,77,B10
Sayedpur,2022,8,79,B10
Sayedpur,2022,9,82,B10
Sayedpur,2022,10,79,B10
Sayedpur,2022,11,76,B10
Sayedpur,2022,12,79,B10
Sayedpur,2023,1,80,B10
Sayedpur,2023,2,73,B10
Sayedpur,2023,3,69,B10
Sayedpur,2023,4,68,B10
Sayedpur,2023,5,68,B10
Sayedpur,2023,6,76,B10
Sayedpur,2023,7,80,B10
Sayedpur,2023,8,82,B10
Sayedpur,2023,9,81,B10
Sayedpur,2023,10,80,B10
Sayedpur,2023,11,73,B10
Sayedpur,2023,12,77,B10
Sayedpur,2024,1,83,B10
Sayedpur,2024,2,71,B10
Sayedpur,2024,3,67,B10
Sayedpur,2024,4,60,B10
Sayedpur,2024,5,68,B10
Sayedpur,2024,6,80,B10
Sayedpur,2024,7,79,B10
Sayedpur,2024,8,79,B10
Sayedpur,2024,9,79,B10
Sayedpur,2024,10,81,B10
Sayedpur,2024,11,76,B10
Sayedpur,2024,12,77,B10
Chuadanga,2020,1,83,B10
Chuadanga,2020,2,75,B10
Chuadanga,2020,3,70,B10
Chuadanga,2020,4,72,B10
Chuadanga,2020,5,80,B10
Chuadanga,2020,6,84,B10
Chuadanga,2020,7,85,B10
Chuadanga,2020,8,86,B10
Chuadanga,2020,9,86,B10
Chuadanga,2020,10,84,B10
Chuadanga,2020,11,78,B10
Chuadanga,2020,12,82,B10
Chuadanga,2021,1,82,B10
Chuadanga,2021,2,73,B10
Chuadanga,2021,3,68,B10
Chuadanga,2021,4,65,B10
Chuadanga,2021,5,76,B10
Chuadanga,2021,6,85,B10
Chuadanga,2021,7,86,B10
Chuadanga,2021,8,87,B10
Chuadanga,2021,9,85,B10
Chuadanga,2021,10,83,B10
Chuadanga,2021,11,82,B10
Chuadanga,2021,12,84,B10
Chuadanga,2022,1,83,B10
Chuadanga,2022,2,79,B10
Chuadanga,2022,3,72,B10
Chuadanga,2022,4,75,B10
Chuadanga,2022,5,79,B10
Chuadanga,2022,6,80,B10
Chuadanga,2022,7,81,B10
Chuadanga,2022,8,83,B10
Chuadanga,2022,9,85,B10
Chuadanga,2022,10,81,B10
Chuadanga,2022,11,78,B10
Chuadanga,2022,12,81,B10
Chuadanga,2023,1,83,B10
Chuadanga,2023,2,75,B10
Chuadanga,2023,3,69,B10
Chuadanga,2023,4,62,B10
Chuadanga,2023,5,72,B10
Chuadanga,2023,6,78,B10
Chuadanga,2023,7,82,B10
Chuadanga,2023,8,85,B10
Chuadanga,2023,9,85,B10
Chuadanga,2023,10,82,B10
Chuadanga,2023,11,80,B10
Chuadanga,2023,12,83,B10
Chuadanga,2024,1,86,B10
Chuadanga,2024,2,76,B10
Chuadanga,2024,3,73,B10
Chuadanga,2024,4,59,B10
Chuadanga,2024,5,71,B10
Chuadanga,2024,6,78,B10
Chuadanga,2024,7,82,B10
Chuadanga,2024,8,87,B10
Chuadanga,2024,9,85,B10
Chuadanga,2024,10,86,B10
Chuadanga,2024,11,81,B10
Chuadanga,2024,12,80,B10
Jessore,2020,1,79,B10
Jessore,2020,2,72,B10
Jessore,2020,3,68,B10
Jessore,2020,4,71,B10
Jessore,2020,5,76,B10
Jessore,2020,6,83,B10
Jessore,2020,7,82,B10
Jessore,2020,8,84,B10
Jessore,2020,9,83,B10
Jessore,2020,10,83,B10
Jessore,2020,11,76,B10
Jessore,2020,12,78,B10
Jessore,2021,1,77,B10
Jessore,2021,2,69,B10
Jessore,2021,3,65,B10
Jessore,2021,4,66,B10
Jessore,2021,5,74,B10
Jessore,2021,6,84,B10
Jessore,2021,7,84,B10
Jessore,2021,8,85,B10
Jessore,2021,9,84,B10
Jessore,2021,10,81,B10
Jessore,2021,11,80,B10
Jessore,2021,12,84,B10
Jessore,2022,1,82,B10
Jessore,2022,2,79,B10
Jessore,2022,3,72,B10
Jessore,2022,4,76,B10
Jessore,2022,5,77,B10
Jessore,2022,6,79,B10
Jessore,2022,7,79,B10
Jessore,2022,8,81,B10
Jessore,2022,9,83,B10
Jessore,2022,10,81,B10
Jessore,2022,11,78,B10
Jessore,2022,12,79,B10
Jessore,2023,1,81,B10
Jessore,2023,2,74,B10
Jessore,2023,3,70,B10
Jessore,2023,4,66,B10
Jessore,2023,5,73,B10
Jessore,2023,6,79,B10
Jessore,2023,7,80,B10
Jessore,2023,8,84,B10
Jessore,2023,9,84,B10
Jessore,2023,10,81,B10
Jessore,2023,11,80,B10
Jessore,2023,12,82,B10
Jessore,2024,1,83,B10
Jessore,2024,2,77,B10
Jessore,2024,3,72,B10
Jessore,2024,4,66,B10
Jessore,2024,5,73,B10
Jessore,2024,6,78,B10
Jessore,2024,7,84,B10
Jessore,2024,8,85,B10
Jessore,2024,9,84,B10
Jessore,2024,10,85,B10
Jessore,2024,11,81,B10
Jessore,2024,12,80,B10
Khulna,2020,1,80,B10
Khulna,2020,2,72,B10
Khulna,2020,3,66,B10
Khulna,2020,4,72,B10
Khulna,2020,5,76,B10
Khulna,2020,6,83,B10
Khulna,2020,7,84,B10
Khulna,2020,8,85,B10
Khulna,2020,9,84,B10
Khulna,2020,10,82,B10
Khulna,2020,11,74,B10
Khulna,2020,12,79,B10
Khulna,2021,1,78,B10
Khulna,2021,2,72,B10
Khulna,2021,3,69,B10
Khulna,2021,4,66,B10
Khulna,2021,5,72,B10
Khulna,2021,6,84,B10
Khulna,2021,7,85,B10
Khulna,2021,8,85,B10
Khulna,2021,9,85,B10
Khulna,2021,10,82,B10
Khulna,2021,11,75,B10
Khulna,2021,12,80,B10
Khulna,2022,1,78,B10
Khulna,2022,2,74,B10
Khulna,2022,3,69,B10
Khulna,2022,4,74,B10
Khulna,2022,5,74,B10
Khulna,2022,6,79,B10
Khulna,2022,7,79,B10
Khulna,2022,8,82,B10
Khulna,2022,9,82,B10
Khulna,2022,10,80,B10
Khulna,2022,11,76,B10
Khulna,2022,12,82,B10
Khulna,2023,1,81,B10
Khulna,2023,2,75,B10
Khulna,2023,3,75,B10
Khulna,2023,4,68,B10
Khulna,2023,5,71,B10
Khulna,2023,6,80,B10
Khulna,2023,7,82,B10
Khulna,2023,8,85,B10
Khulna,2023,9,85,B10
Khulna,2023,10,79,B10
Khulna,2023,11,78,B10
Khulna,2023,12,82,B10
Khulna,2024,1,83,B10
Khulna,2024,2,75,B10
Khulna,2024,3,72,B10
Khulna,2024,4,68,B10
Khulna,2024,5,75,B10
Khulna,2024,6,80,B10
Khulna,2024,7,87,B10
Khulna,2024,8,88,B10
Khulna,2024,9,84,B10
Khulna,2024,10,84,B10
Khulna,2024,11,76,B10
Khulna,2024,12,76,B10
Mongla,2020,1,81,B10
Mongla,2020,2,72,B10
Mongla,2020,3,69,B10
Mongla,2020,4,76,B10
Mongla,2020,5,80,B10
Mongla,2020,6,87,B10
Mongla,2020,7,88,B10
Mongla,2020,8,89,B10
Mongla,2020,9,88,B10
Mongla,2020,10,87,B10
Mongla,2020,11,77,B10
Mongla,2020,12,78,B10
Mongla,2021,1,77,B10
Mongla,2021,2,71,B10
Mongla,2021,3,72,B10
Mongla,2021,4,73,B10
Mongla,2021,5,78,B10
Mongla,2021,6,88,B10
Mongla,2021,7,89,B10
Mongla,2021,8,89,B10
Mongla,2021,9,88,B10
Mongla,2021,10,86,B10
Mongla,2021,11,79,B10
Mongla,2021,12,80,B10
Mongla,2022,1,78,B10
Mongla,2022,2,75,B10
Mongla,2022,3,71,B10
Mongla,2022,4,77,B10
Mongla,2022,5,79,B10
Mongla,2022,6,84,B10
Mongla,2022,7,84,B10
Mongla,2022,8,87,B10
Mongla,2022,9,87,B10
Mongla,2022,10,84,B10
Mongla,2022,11,77,B10
Mongla,2022,12,78,B10
Mongla,2023,1,79,B10
Mongla,2023,2,74,B10
Mongla,2023,3,73,B10
Mongla,2023,4,74,B10
Mongla,2023,5,79,B10
Mongla,2023,6,86,B10
Mongla,2023,7,86,B10
Mongla,2023,8,89,B10
Mongla,2023,9,89,B10
Mongla,2023,10,84,B10
Mongla,2023,11,81,B10
Mongla,2023,12,81,B10
Mongla,2024,1,82,B10
Mongla,2024,2,77,B10
Mongla,2024,3,74,B10
Mongla,2024,4,73,B10
Mongla,2024,5,80,B10
Mongla,2024,6,84,B10
Mongla,2024,7,89,B10
Mongla,2024,8,91,B10
Mongla,2024,9,88,B10
Mongla,2024,10,87,B10
Mongla,2024,11,80,B10
Mongla,2024,12,76,B10
Satkhira,2020,1,80,B10
Satkhira,2020,2,72,B10
Satkhira,2020,3,69,B10
Satkhira,2020,4,72,B10
Satkhira,2020,5,77,B10
Satkhira,2020,6,83,B10
Satkhira,2020,7,82,B10
Satkhira,2020,8,85,B10
Satkhira,2020,9,82,B10
Satkhira,2020,10,81,B10
Satkhira,2020,11,74,B10
Satkhira,2020,12,78,B10
Satkhira,2021,1,77,B10
Satkhira,2021,2,72,B10
Satkhira,2021,3,71,B10
Satkhira,2021,4,68,B10
Satkhira,2021,5,73,B10
Satkhira,2021,6,84,B10
Satkhira,2021,7,84,B10
Satkhira,2021,8,84,B10
Satkhira,2021,9,85,B10
Satkhira,2021,10,81,B10
Satkhira,2021,11,76,B10
Satkhira,2021,12,80,B10
Satkhira,2022,1,78,B10
Satkhira,2022,2,75,B10
Satkhira,2022,3,69,B10
Satkhira,2022,4,74,B10
Satkhira,2022,5,75,B10
Satkhira,2022,6,79,B10
Satkhira,2022,7,82,B10
Satkhira,2022,8,82,B10
Satkhira,2022,9,83,B10
Satkhira,2022,10,81,B10
Satkhira,2022,11,74,B10
Satkhira,2022,12,77,B10
Satkhira,2023,1,79,B10
Satkhira,2023,2,73,B10
Satkhira,2023,3,71,B10
Satkhira,2023,4,69,B10
Satkhira,2023,5,72,B10
Satkhira,2023,6,79,B10
Satkhira,2023,7,82,B10
Satkhira,2023,8,83,B10
Satkhira,2023,9,84,B10
Satkhira,2023,10,80,B10
Satkhira,2023,11,78,B10
Satkhira,2023,12,79,B10
Satkhira,2024,1,81,B10
Satkhira,2024,2,76,B10
Satkhira,2024,3,74,B10
Satkhira,2024,4,68,B10
Satkhira,2024,5,74,B10
Satkhira,2024,6,78,B10
Satkhira,2024,7,85,B10
Satkhira,2024,8,88,B10
Satkhira,2024,9,84,B10
Satkhira,2024,10,84,B10
Satkhira,2024,11,78,B10
Satkhira,2024,12,76,B10
Barisal,2020,1,85,B10
Barisal,2020,2,75,B10
Barisal,2020,3,70,B10
Barisal,2020,4,78,B10
Barisal,2020,5,80,B10
Barisal,2020,6,88,B10
Barisal,2020,7,87,B10
Barisal,2020,8,88,B10
Barisal,2020,9,87,B10
Barisal,2020,10,87,B10
Barisal,2020,11,82,B10
Barisal,2020,12,83,B10
Barisal,2021,1,81,B10
Barisal,2021,2,75,B10
Barisal,2021,3,73,B10
Barisal,2021,4,73,B10
Barisal,2021,5,78,B10
Barisal,2021,6,90,B10
Barisal,2021,7,88,B10
Barisal,2021,8,88,B10
Barisal,2021,9,86,B10
Barisal,2021,10,86,B10
Barisal,2021,11,82,B10
Barisal,2021,12,84,B10
Barisal,2022,1,83,B10
Barisal,2022,2,77,B10
Barisal,2022,3,73,B10
Barisal,2022,4,79,B10
Barisal,2022,5,83,B10
Barisal,2022,6,86,B10
Barisal,2022,7,82,B10
Barisal,2022,8,84,B10
Barisal,2022,9,87,B10
Barisal,2022,10,85,B10
Barisal,2022,11,81,B10
Barisal,2022,12,83,B10
Barisal,2023,1,82,B10
Barisal,2023,2,77,B10
Barisal,2023,3,75,B10
Barisal,2023,4,73,B10
Barisal,2023,5,77,B10
Barisal,2023,6,85,B10
Barisal,2023,7,85,B10
Barisal,2023,8,91,B10
Barisal,2023,9,89,B10
Barisal,2023,10,86,B10
Barisal,2023,11,84,B10
Barisal,2023,12,85,B10
Barisal,2024,1,85,B10
Barisal,2024,2,75,B10
Barisal,2024,3,73,B10
Barisal,2024,4,74,B10
Barisal,2024,5,78,B10
Barisal,2024,6,81,B10
Barisal,2024,7,86,B10
Barisal,2024,8,91,B10
Barisal,2024,9,86,B10
Barisal,2024,10,86,B10
Barisal,2024,11,80,B10
Barisal,2024,12,79,B10
Bhola,2020,1,83,B10
Bhola,2020,2,74,B10
Bhola,2020,3,69,B10
Bhola,2020,4,79,B10
Bhola,2020,5,79,B10
Bhola,2020,6,87,B10
Bhola,2020,7,87,B10
Bhola,2020,8,88,B10
Bhola,2020,9,86,B10
Bhola,2020,10,86,B10
Bhola,2020,11,83,B10
Bhola,2020,12,84,B10
Bhola,2021,1,82,B10
Bhola,2021,2,76,B10
Bhola,2021,3,75,B10
Bhola,2021,4,75,B10
Bhola,2021,5,78,B10
Bhola,2021,6,89,B10
Bhola,2021,7,88,B10
Bhola,2021,8,88,B10
Bhola,2021,9,87,B10
Bhola,2021,10,86,B10
Bhola,2021,11,81,B10
Bhola,2021,12,84,B10
Bhola,2022,1,84,B10
Bhola,2022,2,78,B10
Bhola,2022,3,72,B10
Bhola,2022,4,79,B10
Bhola,2022,5,82,B10
Bhola,2022,6,86,B10
Bhola,2022,7,84,B10
Bhola,2022,8,85,B10
Bhola,2022,9,87,B10
Bhola,2022,10,85,B10
Bhola,2022,11,81,B10
Bhola,2022,12,85,B10
Bhola,2023,1,84,B10
Bhola,2023,2,77,B10
Bhola,2023,3,77,B10
Bhola,2023,4,76,B10
Bhola,2023,5,80,B10
Bhola,2023,6,86,B10
Bhola,2023,7,84,B10
Bhola,2023,8,89,B10
Bhola,2023,9,88,B10
Bhola,2023,10,86,B10
Bhola,2023,11,85,B10
Bhola,2023,12,86,B10
Bhola,2024,1,86,B10
Bhola,2024,2,78,B10
Bhola,2024,3,76,B10
Bhola,2024,4,77,B10
Bhola,2024,5,81,B10
Bhola,2024,6,84,B10
Bhola,2024,7,87,B10
Bhola,2024,8,91,B10
Bhola,2024,9,87,B10
Bhola,2024,10,88,B10
Bhola,2024,11,82,B10
Bhola,2024,12,82,B10
Khepupara,2020,1,80,B10
Khepupara,2020,2,73,B10
Khepupara,2020,3,74,B10
Khepupara,2020,4,81,B10
Khepupara,2020,5,80,B10
Khepupara,2020,6,88,B10
Khepupara,2020,7,86,B10
Khepupara,2020,8,89,B10
Khepupara,2020,9,87,B10
Khepupara,2020,10,87,B10
Khepupara,2020,11,82,B10
Khepupara,2020,12,81,B10
Khepupara,2021,1,78,B10
Khepupara,2021,2,73,B10
Khepupara,2021,3,76,B10
Khepupara,2021,4,74,B10
Khepupara,2021,5,78,B10
Khepupara,2021,6,87,B10
Khepupara,2021,7,87,B10
Khepupara,2021,8,89,B10
Khepupara,2021,9,89,B10
Khepupara,2021,10,87,B10
Khepupara,2021,11,80,B10
Khepupara,2021,12,82,B10
Khepupara,2022,1,82,B10
Khepupara,2022,2,77,B10
Khepupara,2022,3,72,B10
Khepupara,2022,4,78,B10
Khepupara,2022,5,81,B10
Khepupara,2022,6,84,B10
Khepupara,2022,7,85,B10
Khepupara,2022,8,86,B10
Khepupara,2022,9,87,B10
Khepupara,2022,10,85,B10
Khepupara,2022,11,81,B10
Khepupara,2022,12,82,B10
Khepupara,2023,1,80,B10
Khepupara,2023,2,79,B10
Khepupara,2023,3,79,B10
Khepupara,2023,4,78,B10
Khepupara,2023,5,80,B10
Khepupara,2023,6,86,B10
Khepupara,2023,7,87,B10
Khepupara,2023,8,91,B10
Khepupara,2023,9,90,B10
Khepupara,2023,10,88,B10
Khepupara,2023,11,87,B10
Khepupara,2023,12,84,B10
Khepupara,2024,1,83,B10
Khepupara,2024,2,77,B10
Khepupara,2024,3,80,B10
Khepupara,2024,4,77,B10
Khepupara,2024,5,83,B10
Khepupara,2024,6,84,B10
Khepupara,2024,7,89,B10
Khepupara,2024,8,91,B10
Khepupara,2024,9,88,B10
Khepupara,2024,10,85,B10
Khepupara,2024,11,80,B10
Khepupara,2024,12,75,B10
Patuakhali,2020,1,87,B10
Patuakhali,2020,2,80,B10
Patuakhali,2020,3,79,B10
Patuakhali,2020,4,88,B10
Patuakhali,2020,5,85,B10
Patuakhali,2020,6,92,B10
Patuakhali,2020,7,89,B10
Patuakhali,2020,8,91,B10
Patuakhali,2020,9,88,B10
Patuakhali,2020,10,89,B10
Patuakhali,2020,11,87,B10
Patuakhali,2020,12,85,B10
Patuakhali,2021,1,87,B10
Patuakhali,2021,2,77,B10
Patuakhali,2021,3,82,B10
Patuakhali,2021,4,84,B10
Patuakhali,2021,5,90,B10
Patuakhali,2021,6,93,B10
Patuakhali,2021,7,90,B10
Patuakhali,2021,8,90,B10
Patuakhali,2021,9,88,B10
Patuakhali,2021,10,85,B10
Patuakhali,2021,11,79,B10
Patuakhali,2021,12,83,B10
Patuakhali,2022,1,81,B10
Patuakhali,2022,2,75,B10
Patuakhali,2022,3,68,B10
Patuakhali,2022,4,78,B10
Patuakhali,2022,5,82,B10
Patuakhali,2022,6,86,B10
Patuakhali,2022,7,87,B10
Patuakhali,2022,8,88,B10
Patuakhali,2022,9,89,B10
Patuakhali,2022,10,86,B10
Patuakhali,2022,11,81,B10
Patuakhali,2022,12,81,B10
Patuakhali,2023,1,81,B10
Patuakhali,2023,2,75,B10
Patuakhali,2023,3,77,B10
Patuakhali,2023,4,77,B10
Patuakhali,2023,5,80,B10
Patuakhali,2023,6,87,B10
Patuakhali,2023,7,88,B10
Patuakhali,2023,8,90,B10
Patuakhali,2023,9,89,B10
Patuakhali,2023,10,86,B10
Patuakhali,2023,11,84,B10
Patuakhali,2023,12,84,B10
Patuakhali,2024,1,83,B10
Patuakhali,2024,2,75,B10
Patuakhali,2024,3,74,B10
Patuakhali,2024,4,76,B10
Patuakhali,2024,5,82,B10
Patuakhali,2024,6,84,B10
Patuakhali,2024,7,89,B10
Patuakhali,2024,8,92,B10
Patuakhali,2024,9,88,B10
Patuakhali,2024,10,87,B10
Patuakhali,2024,11,83,B10
Patuakhali,2024,12,84,B10
Chandpur,2020,1,81,B10
Chandpur,2020,2,70,B10
Chandpur,2020,3,64,B10
Chandpur,2020,4,79,B10
Chandpur,2020,5,79,B10
Chandpur,2020,6,85,B10
Chandpur,2020,7,86,B10
Chandpur,2020,8,86,B10
Chandpur,2020,9,84,B10
Chandpur,2020,10,83,B10
Chandpur,2020,11,76,B10
Chandpur,2020,12,79,B10
Chandpur,2021,1,78,B10
Chandpur,2021,2,71,B10
Chandpur,2021,3,68,B10
Chandpur,2021,4,70,B10
Chandpur,2021,5,75,B10
Chandpur,2021,6,88,B10
Chandpur,2021,7,85,B10
Chandpur,2021,8,86,B10
Chandpur,2021,9,85,B10
Chandpur,2021,10,83,B10
Chandpur,2021,11,78,B10
Chandpur,2021,12,81,B10
Chandpur,2022,1,79,B10
Chandpur,2022,2,73,B10
Chandpur,2022,3,65,B10
Chandpur,2022,4,78,B10
Chandpur,2022,5,80,B10
Chandpur,2022,6,85,B10
Chandpur,2022,7,81,B10
Chandpur,2022,8,83,B10
Chandpur,2022,9,86,B10
Chandpur,2022,10,82,B10
Chandpur,2022,11,75,B10
Chandpur,2022,12,80,B10
Chandpur,2023,1,80,B10
Chandpur,2023,2,73,B10
Chandpur,2023,3,72,B10
Chandpur,2023,4,72,B10
Chandpur,2023,5,77,B10
Chandpur,2023,6,86,B10
Chandpur,2023,7,84,B10
Chandpur,2023,8,90,B10
Chandpur,2023,9,86,B10
Chandpur,2023,10,82,B10
Chandpur,2023,11,79,B10
Chandpur,2023,12,84,B10
Chandpur,2024,1,84,B10
Chandpur,2024,2,75,B10
Chandpur,2024,3,73,B10
Chandpur,2024,4,77,B10
Chandpur,2024,5,79,B10
Chandpur,2024,6,84,B10
Chandpur,2024,7,85,B10
Chandpur,2024,8,90,B10
Chandpur,2024,9,87,B10
Chandpur,2024,10,86,B10
Chandpur,2024,11,78,B10
Chandpur,2024,12,79,B10
Teknaf,2020,1,70,B10
Teknaf,2020,2,67,B10
Teknaf,2020,3,64,B10
Teknaf,2020,4,74,B10
Teknaf,2020,5,74,B10
Teknaf,2020,6,83,B10
Teknaf,2020,7,86,B10
Teknaf,2020,8,86,B10
Teknaf,2020,9,83,B10
Teknaf,2020,10,82,B10
Teknaf,2020,11,80,B10
Teknaf,2020,12,73,B10
Teknaf,2021,1,73,B10
Teknaf,2021,2,70,B10
Teknaf,2021,3,75,B10
Teknaf,2021,4,76,B10
Teknaf,2021,5,77,B10
Teknaf,2021,6,88,B10
Teknaf,2021,7,89,B10
Teknaf,2021,8,87,B10
Teknaf,2021,9,85,B10
Teknaf,2021,10,84,B10
Teknaf,2021,11,82,B10
Teknaf,2021,12,73,B10
Teknaf,2022,1,70,B10
Teknaf,2022,2,74,B10
Teknaf,2022,3,66,B10
Teknaf,2022,4,77,B10
Teknaf,2022,5,82,B10
Teknaf,2022,6,87,B10
Teknaf,2022,7,84,B10
Teknaf,2022,8,86,B10
Teknaf,2022,9,86,B10
Teknaf,2022,10,83,B10
Teknaf,2022,11,77,B10
Teknaf,2022,12,75,B10
Teknaf,2023,1,71,B10
Teknaf,2023,2,72,B10
Teknaf,2023,3,71,B10
Teknaf,2023,4,75,B10
Teknaf,2023,5,79,B10
Teknaf,2023,6,86,B10
Teknaf,2023,7,85,B10
Teknaf,2024,1,74,B10
Teknaf,2024,2,75,B10
Teknaf,2024,3,77,B10
Teknaf,2024,4,77,B10
Teknaf,2024,5,81,B10
Ambagan (Ctg),2020,1,77,B10
Ambagan (Ctg),2020,2,65,B10
Ambagan (Ctg),2020,3,65,B10
Ambagan (Ctg),2020,4,80,B10
Ambagan (Ctg),2020,5,82,B10
Ambagan (Ctg),2020,6,86,B10
Ambagan (Ctg),2020,7,87,B10
Ambagan (Ctg),2020,8,85,B10
Ambagan (Ctg),2020,9,85,B10
Ambagan (Ctg),2020,10,83,B10
Ambagan (Ctg),2020,11,80,B10
Ambagan (Ctg),2020,12,80,B10
Ambagan (Ctg),2021,1,73,B10
Ambagan (Ctg),2021,2,67,B10
Ambagan (Ctg),2021,3,69,B10
Ambagan (Ctg),2021,4,75,B10
Ambagan (Ctg),2021,5,75,B10
Ambagan (Ctg),2021,6,86,B10
Ambagan (Ctg),2021,7,86,B10
Ambagan (Ctg),2021,8,86,B10
Ambagan (Ctg),2021,9,82,B10
Ambagan (Ctg),2021,10,83,B10
Ambagan (Ctg),2021,11,73,B10
Ambagan (Ctg),2021,12,75,B10
Ambagan (Ctg),2022,1,74,B10
Ambagan (Ctg),2022,2,63,B10
Ambagan (Ctg),2022,3,67,B10
Ambagan (Ctg),2022,4,83,B10
Ambagan (Ctg),2022,5,84,B10
Ambagan (Ctg),2022,6,87,B10
Ambagan (Ctg),2022,7,85,B10
Ambagan (Ctg),2022,8,83,B10
Ambagan (Ctg),2022,9,85,B10
Ambagan (Ctg),2022,10,82,B10
Ambagan (Ctg),2022,11,75,B10
Ambagan (Ctg),2022,12,75,B10
Ambagan (Ctg),2023,1,72,B10
Ambagan (Ctg),2023,2,69,B10
Ambagan (Ctg),2023,3,68,B10
Ambagan (Ctg),2023,4,73,B10
Ambagan (Ctg),2023,5,77,B10
Ambagan (Ctg),2023,6,85,B10
Ambagan (Ctg),2023,7,81,B10
Ambagan (Ctg),2023,8,89,B10
Ambagan (Ctg),2023,9,86,B10
Ambagan (Ctg),2023,10,87,B10
Ambagan (Ctg),2023,11,83,B10
Ambagan (Ctg),2023,12,83,B10
Ambagan (Ctg),2024,1,81,B10
Ambagan (Ctg),2024,2,70,B10
Ambagan (Ctg),2024,3,65,B10
Ambagan (Ctg),2024,4,69,B10
Ambagan (Ctg),2024,5,77,B10
Ambagan (Ctg),2024,6,83,B10
Ambagan (Ctg),2024,7,86,B10
Ambagan (Ctg),2024,8,91,B10
Ambagan (Ctg),2024,9,85,B10
Ambagan (Ctg),2024,10,83,B10
Ambagan (Ctg),2024,11,74,B10
Ambagan (Ctg),2024,12,68,B10
Comilla,2020,1,79,B10
Comilla,2020,2,69,B10
Comilla,2020,3,66,B10
Comilla,2020,4,79,B10
Comilla,2020,5,80,B10
Comilla,2020,6,85,B10
Comilla,2020,7,86,B10
Comilla,2020,8,85,B10
Comilla,2020,9,85,B10
Comilla,2020,10,84,B10
Comilla,2020,11,77,B10
Comilla,2020,12,80,B10
Comilla,2021,1,78,B10
Comilla,2021,2,71,B10
Comilla,2021,3,72,B10
Comilla,2021,4,73,B10
Comilla,2021,5,75,B10
Comilla,2021,6,86,B10
Comilla,2021,7,85,B10
Comilla,2021,8,86,B10
Comilla,2021,9,83,B10
Comilla,2021,10,82,B10
Comilla,2021,11,78,B10
Comilla,2021,12,80,B10
Comilla,2022,1,79,B10
Comilla,2022,2,73,B10
Comilla,2022,3,70,B10
Comilla,2022,4,81,B10
Comilla,2022,5,83,B10
Comilla,2022,6,86,B10
Comilla,2022,7,83,B10
Comilla,2022,8,82,B10
Comilla,2022,9,86,B10
Comilla,2022,10,82,B10
Comilla,2022,11,75,B10
Comilla,2022,12,80,B10
Comilla,2023,1,77,B10
Comilla,2023,2,74,B10
Comilla,2023,3,74,B10
Comilla,2023,4,73,B10
Comilla,2023,5,74,B10
Comilla,2023,6,84,B10
Comilla,2023,7,82,B10
Comilla,2023,8,86,B10
Comilla,2023,9,84,B10
Comilla,2023,10,82,B10
Comilla,2023,11,79,B10
Comilla,2023,12,82,B10
Comilla,2024,1,84,B10
Comilla,2024,2,72,B10
Comilla,2024,3,75,B10
Comilla,2024,4,77,B10
Comilla,2024,5,78,B10
Comilla,2024,6,85,B10
Comilla,2024,7,84,B10
Comilla,2024,8,86,B10
Comilla,2024,9,82,B10
Comilla,2024,10,81,B10
Comilla,2024,11,76,B10
Comilla,2024,12,76,B10
Cox's Bazar,2020,1,73,B10
Cox's Bazar,2020,2,67,B10
Cox's Bazar,2020,3,66,B10
Cox's Bazar,2020,4,75,B10
Cox's Bazar,2020,5,77,B10
Cox's Bazar,2020,6,86,B10
Cox's Bazar,2020,7,88,B10
Cox's Bazar,2020,8,88,B10
Cox's Bazar,2020,9,85,B10
Cox's Bazar,2020,10,82,B10
Cox's Bazar,2020,11,77,B10
Cox's Bazar,2020,12,72,B10
Cox's Bazar,2021,1,67,B10
Cox's Bazar,2021,2,69,B10
Cox's Bazar,2021,3,71,B10
Cox's Bazar,2021,4,75,B10
Cox's Bazar,2021,5,75,B10
Cox's Bazar,2021,6,88,B10
Cox's Bazar,2021,7,88,B10
Cox's Bazar,2021,8,88,B10
Cox's Bazar,2021,9,83,B10
Cox's Bazar,2021,10,83,B10
Cox's Bazar,2021,11,70,B10
Cox's Bazar,2021,12,72,B10
Cox's Bazar,2022,1,73,B10
Cox's Bazar,2022,2,65,B10
Cox's Bazar,2022,3,70,B10
Cox's Bazar,2022,4,76,B10
Cox's Bazar,2022,5,80,B10
Cox's Bazar,2022,6,86,B10
Cox's Bazar,2022,7,82,B10
Cox's Bazar,2022,8,83,B10
Cox's Bazar,2022,9,85,B10
Cox's Bazar,2022,10,79,B10
Cox's Bazar,2022,11,72,B10
Cox's Bazar,2022,12,70,B10
Cox's Bazar,2023,1,67,B10
Cox's Bazar,2023,2,68,B10
Cox's Bazar,2023,3,66,B10
Cox's Bazar,2023,4,71,B10
Cox's Bazar,2023,5,77,B10
Cox's Bazar,2023,6,83,B10
Cox's Bazar,2023,7,83,B10
Cox's Bazar,2023,8,89,B10
Cox's Bazar,2023,9,85,B10
Cox's Bazar,2023,10,81,B10
Cox's Bazar,2023,11,75,B10
Cox's Bazar,2023,12,75,B10
Cox's Bazar,2024,1,70,B10
Cox's Bazar,2024,2,65,B10
Cox's Bazar,2024,3,66,B10
Cox's Bazar,2024,4,72,B10
Cox's Bazar,2024,5,75,B10
Cox's Bazar,2024,6,84,B10
Cox's Bazar,2024,7,88,B10
Cox's Bazar,2024,8,89,B10
Cox's Bazar,2024,9,85,B10
Cox's Bazar,2024,10,79,B10
Cox's Bazar,2024,11,70,B10
Cox's Bazar,2024,12,65,B10
Feni,2020,1,79,B10
Feni,2020,2,69,B10
Feni,2020,3,64,B10
Feni,2020,4,75,B10
Feni,2020,5,77,B10
Feni,2020,6,84,B10
Feni,2020,7,84,B10
Feni,2020,8,82,B10
Feni,2020,9,83,B10
Feni,2020,10,83,B10
Feni,2020,11,78,B10
Feni,2020,12,80,B10
Feni,2021,1,75,B10
Feni,2021,2,70,B10
Feni,2021,3,69,B10
Feni,2021,4,68,B10
Feni,2021,5,71,B10
Feni,2021,6,85,B10
Feni,2021,7,84,B10
Feni,2021,8,85,B10
Feni,2021,9,80,B10
Feni,2021,10,81,B10
Feni,2021,11,76,B10
Feni,2021,12,78,B10
Feni,2022,1,78,B10
Feni,2022,2,70,B10
Feni,2022,3,66,B10
Feni,2022,4,74,B10
Feni,2022,5,79,B10
Feni,2022,6,83,B10
Feni,2022,7,79,B10
Feni,2022,8,79,B10
Feni,2022,9,85,B10
Feni,2022,10,80,B10
Feni,2022,11,76,B10
Feni,2022,12,78,B10
Feni,2023,1,76,B10
Feni,2023,2,69,B10
Feni,2023,3,69,B10
Feni,2023,4,68,B10
Feni,2023,5,73,B10
Feni,2023,6,82,B10
Feni,2023,7,80,B10
Feni,2023,8,86,B10
Feni,2023,9,83,B10
Feni,2023,10,82,B10
Feni,2023,11,78,B10
Feni,2023,12,79,B10
Feni,2024,1,80,B10
Feni,2024,2,73,B10
Feni,2024,3,71,B10
Feni,2024,4,73,B10
Feni,2024,5,76,B10
Feni,2024,6,84,B10
Feni,2024,7,83,B10
Feni,2024,8,87,B10
Feni,2024,9,81,B10
Feni,2024,10,81,B10
Feni,2024,11,77,B10
Feni,2024,12,77,B10
Hatiya,2020,1,85,B10
Hatiya,2020,2,80,B10
Hatiya,2020,3,77,B10
Hatiya,2020,4,84,B10
Hatiya,2020,5,83,B10
Hatiya,2020,6,90,B10
Hatiya,2020,7,92,B10
Hatiya,2020,8,91,B10
Hatiya,2020,9,91,B10
Hatiya,2020,10,89,B10
Hatiya,2020,11,85,B10
Hatiya,2020,12,84,B10
Hatiya,2021,1,82,B10
Hatiya,2021,2,77,B10
Hatiya,2021,3,78,B10
Hatiya,2021,4,77,B10
Hatiya,2021,5,82,B10
Hatiya,2021,6,91,B10
Hatiya,2021,7,90,B10
Hatiya,2021,8,90,B10
Hatiya,2021,9,89,B10
Hatiya,2021,10,89,B10
Hatiya,2021,11,83,B10
Hatiya,2021,12,85,B10
Hatiya,2022,1,85,B10
Hatiya,2022,2,78,B10
Hatiya,2022,3,73,B10
Hatiya,2022,4,80,B10
Hatiya,2022,5,82,B10
Hatiya,2022,6,89,B10
Hatiya,2022,7,86,B10
Hatiya,2022,8,88,B10
Hatiya,2022,9,89,B10
Hatiya,2022,10,86,B10
Hatiya,2022,11,83,B10
Hatiya,2022,12,84,B10
Hatiya,2023,1,81,B10
Hatiya,2023,2,80,B10
Hatiya,2023,3,78,B10
Hatiya,2023,4,78,B10
Hatiya,2023,5,82,B10
Hatiya,2023,6,89,B10
Hatiya,2023,7,86,B10
Hatiya,2023,8,91,B10
Hatiya,2023,9,89,B10
Hatiya,2023,10,89,B10
Hatiya,2023,11,86,B10
Hatiya,2023,12,85,B10
Hatiya,2024,1,85,B10
Hatiya,2024,2,79,B10
Hatiya,2024,3,78,B10
Hatiya,2024,4,80,B10
Hatiya,2024,5,83,B10
Hatiya,2024,6,88,B10
Hatiya,2024,7,90,B10
Hatiya,2024,8,92,B10
Kutubdia,2020,1,77,B10
Kutubdia,2020,2,73,B10
Kutubdia,2020,3,73,B10
Kutubdia,2020,4,77,B10
Kutubdia,2020,5,79,B10
Kutubdia,2020,6,83,B10
Kutubdia,2020,7,85,B10
Kutubdia,2020,8,86,B10
Kutubdia,2020,9,85,B10
Kutubdia,2020,10,83,B10
Kutubdia,2020,11,79,B10
Kutubdia,2020,12,75,B10
Kutubdia,2021,1,74,B10
Kutubdia,2021,2,73,B10
Kutubdia,2021,3,75,B10
Kutubdia,2021,4,77,B10
Kutubdia,2021,5,76,B10
Kutubdia,2021,6,86,B10
Kutubdia,2021,7,86,B10
Kutubdia,2021,8,86,B10
Kutubdia,2021,9,83,B10
Kutubdia,2021,10,82,B10
Kutubdia,2021,11,74,B10
Kutubdia,2021,12,75,B10
Kutubdia,2022,1,74,B10
Kutubdia,2022,2,77,B10
Kutubdia,2022,3,83,B10
Kutubdia,2022,4,80,B10
Kutubdia,2022,5,80,B10
Kutubdia,2022,6,83,B10
Kutubdia,2022,7,80,B10
Kutubdia,2022,8,81,B10
Kutubdia,2022,9,83,B10
Kutubdia,2022,10,80,B10
Kutubdia,2022,11,76,B10
Kutubdia,2022,12,74,B10
Kutubdia,2023,1,73,B10
Kutubdia,2023,2,74,B10
Kutubdia,2023,3,74,B10
Kutubdia,2023,4,75,B10
Kutubdia,2023,5,76,B10
Kutubdia,2023,6,81,B10
Kutubdia,2023,7,80,B10
Kutubdia,2023,8,85,B10
Kutubdia,2023,9,83,B10
Kutubdia,2023,10,82,B10
Kutubdia,2023,11,80,B10
Kutubdia,2023,12,78,B10
Kutubdia,2024,1,76,B10
Kutubdia,2024,2,75,B10
Kutubdia,2024,3,73,B10
Kutubdia,2024,4,75,B10
Kutubdia,2024,5,78,B10
Kutubdia,2024,6,82,B10
Kutubdia,2024,7,85,B10
Kutubdia,2024,8,87,B10
Kutubdia,2024,9,84,B10
Kutubdia,2024,10,82,B10
Kutubdia,2024,11,75,B10
Kutubdia,2024,12,71,B10
Maijdi Court,2020,1,84,B10
Maijdi Court,2020,2,72,B10
Maijdi Court,2020,3,68,B10
Maijdi Court,2020,4,78,B10
Maijdi Court,2020,5,78,B10
Maijdi Court,2020,6,86,B10
Maijdi Court,2020,7,86,B10
Maijdi Court,2020,8,86,B10
Maijdi Court,2020,9,85,B10
Maijdi Court,2020,10,84,B10
Maijdi Court,2020,11,80,B10
Maijdi Court,2020,12,80,B10
Maijdi Court,2021,1,76,B10
Maijdi Court,2021,2,69,B10
Maijdi Court,2021,3,71,B10
Maijdi Court,2021,4,70,B10
Maijdi Court,2021,5,75,B10
Maijdi Court,2021,6,88,B10
Maijdi Court,2021,7,86,B10
Maijdi Court,2021,8,87,B10
Maijdi Court,2021,9,84,B10
Maijdi Court,2021,10,82,B10
Maijdi Court,2021,11,76,B10
Maijdi Court,2021,12,81,B10
Maijdi Court,2022,1,81,B10
Maijdi Court,2022,2,75,B10
Maijdi Court,2022,3,70,B10
Maijdi Court,2022,4,80,B10
Maijdi Court,2022,5,82,B10
Maijdi Court,2022,6,85,B10
Maijdi Court,2022,7,81,B10
Maijdi Court,2022,8,82,B10
Maijdi Court,2022,9,87,B10
Maijdi Court,2022,10,83,B10
Maijdi Court,2022,11,80,B10
Maijdi Court,2022,12,82,B10
Maijdi Court,2023,1,80,B10
Maijdi Court,2023,2,76,B10
Maijdi Court,2023,3,77,B10
Maijdi Court,2023,4,75,B10
Maijdi Court,2023,5,79,B10
Maijdi Court,2023,6,87,B10
Maijdi Court,2023,7,83,B10
Maijdi Court,2023,8,88,B10
Maijdi Court,2023,9,87,B10
Maijdi Court,2023,10,82,B10
Maijdi Court,2023,11,80,B10
Maijdi Court,2023,12,80,B10
Maijdi Court,2024,1,81,B10
Maijdi Court,2024,2,74,B10
Maijdi Court,2024,3,73,B10
Maijdi Court,2024,4,75,B10
Maijdi Court,2024,5,79,B10
Maijdi Court,2024,6,83,B10
Maijdi Court,2024,7,86,B10
Maijdi Court,2024,8,90,B10
Maijdi Court,2024,9,84,B10
Maijdi Court,2024,10,83,B10
Maijdi Court,2024,11,75,B10
Maijdi Court,2024,12,74,B10
Rangamati,2020,1,77,B10
Rangamati,2020,2,70,B10
Rangamati,2020,3,61,B10
Rangamati,2020,4,71,B10
Rangamati,2020,5,71,B10
Rangamati,2020,6,77,B10
Rangamati,2020,7,77,B10
Rangamati,2020,8,75,B10
Rangamati,2020,9,76,B10
Rangamati,2020,10,76,B10
Rangamati,2020,11,79,B10
Rangamati,2020,12,78,B10
Rangamati,2021,1,75,B10
Rangamati,2021,2,68,B10
Rangamati,2021,3,62,B10
Rangamati,2021,4,64,B10
Rangamati,2021,5,66,B10
Rangamati,2021,6,80,B10
Rangamati,2021,7,79,B10
Rangamati,2021,8,77,B10
Rangamati,2021,9,75,B10
Rangamati,2021,10,77,B10
Rangamati,2021,11,79,B10
Rangamati,2021,12,79,B10
Rangamati,2022,1,76,B10
Rangamati,2022,2,66,B10
Rangamati,2022,3,64,B10
Rangamati,2022,4,68,B10
Rangamati,2022,5,78,B10
Rangamati,2022,6,75,B10
Rangamati,2022,7,65,B10
Rangamati,2022,8,74,B10
Rangamati,2022,9,71,B10
Rangamati,2022,10,69,B10
Rangamati,2022,11,72,B10
Rangamati,2022,12,74,B10
Rangamati,2023,1,72,B10
Rangamati,2023,2,65,B10
Rangamati,2023,3,66,B10
Rangamati,2023,4,64,B10
Rangamati,2023,5,68,B10
Rangamati,2023,6,76,B10
Rangamati,2023,7,70,B10
Rangamati,2023,8,77,B10
Rangamati,2023,9,72,B10
Rangamati,2023,10,71,B10
Rangamati,2023,11,69,B10
Rangamati,2023,12,74,B10
Rangamati,2024,1,77,B10
Rangamati,2024,2,68,B10
Rangamati,2024,3,65,B10
Rangamati,2024,4,63,B10
Rangamati,2024,5,68,B10
Rangamati,2024,6,75,B10
Rangamati,2024,7,79,B10
Rangamati,2024,8,86,B10
Rangamati,2024,9,79,B10
Rangamati,2024,10,81,B10
Rangamati,2024,11,79,B10
Rangamati,2024,12,80,B10
Sandwip,2020,1,82,B10
Sandwip,2020,2,76,B10
Sandwip,2020,3,71,B10
Sandwip,2020,4,81,B10
Sandwip,2020,5,81,B10
Sandwip,2020,6,88,B10
Sandwip,2020,7,88,B10
Sandwip,2020,8,87,B10
Sandwip,2020,9,88,B10
Sandwip,2020,10,86,B10
Sandwip,2020,11,86,B10
Sandwip,2020,12,84,B10
Sandwip,2021,1,80,B10
Sandwip,2021,2,75,B10
Sandwip,2021,3,76,B10
Sandwip,2021,4,76,B10
Sandwip,2021,5,78,B10
Sandwip,2021,6,88,B10
Sandwip,2021,7,88,B10
Sandwip,2021,8,88,B10
Sandwip,2021,9,84,B10
Sandwip,2021,10,84,B10
Sandwip,2021,11,81,B10
Sandwip,2021,12,81,B10
Sandwip,2022,1,82,B10
Sandwip,2022,2,74,B10
Sandwip,2022,3,71,B10
Sandwip,2022,4,80,B10
Sandwip,2022,5,83,B10
Sandwip,2022,6,87,B10
Sandwip,2022,7,83,B10
Sandwip,2022,8,84,B10
Sandwip,2022,9,88,B10
Sandwip,2022,10,86,B10
Sandwip,2022,11,83,B10
Sandwip,2022,12,83,B10
Sandwip,2023,1,81,B10
Sandwip,2023,2,76,B10
Sandwip,2023,3,78,B10
Sandwip,2023,4,77,B10
Sandwip,2023,5,80,B10
Sandwip,2023,6,86,B10
Sandwip,2023,7,85,B10
Sandwip,2023,8,90,B10
Sandwip,2023,9,86,B10
Sandwip,2023,10,87,B10
Sandwip,2023,11,84,B10
Sandwip,2023,12,83,B10
Sandwip,2024,1,84,B10
Sandwip,2024,2,77,B10
Sandwip,2024,3,75,B10
Sandwip,2024,4,78,B10
Sandwip,2024,5,81,B10
Sandwip,2024,6,86,B10
Sandwip,2024,7,88,B10
Sandwip,2024,8,91,B10
Sandwip,2024,9,86,B10
Sandwip,2024,10,87,B10
Sandwip,2024,11,82,B10
Sandwip,2024,12,81,B10
Chittagong,2020,1,73,B10
Chittagong,2020,2,65,B10
Chittagong,2020,3,63,B10
Chittagong,2020,4,76,B10
Chittagong,2020,5,76,B10
Chittagong,2020,6,84,B10
Chittagong,2020,7,86,B10
Chittagong,2020,8,86,B10
Chittagong,2020,9,84,B10
Chittagong,2020,10,81,B10
Chittagong,2020,11,74,B10
Chittagong,2020,12,74,B10
Chittagong,2021,1,70,B10
Chittagong,2021,2,67,B10
Chittagong,2021,3,66,B10
Chittagong,2021,4,72,B10
Chittagong,2021,5,74,B10
Chittagong,2021,6,85,B10
Chittagong,2021,7,86,B10
Chittagong,2021,8,87,B10
Chittagong,2021,9,82,B10
Chittagong,2021,10,80,B10
Chittagong,2021,11,68,B10
Chittagong,2021,12,73,B10
Chittagong,2022,1,72,B10
Chittagong,2022,2,63,B10
Chittagong,2022,3,69,B10
Chittagong,2022,4,78,B10
Chittagong,2022,5,81,B10
Chittagong,2022,6,86,B10
Chittagong,2022,7,80,B10
Chittagong,2022,8,80,B10
Chittagong,2022,9,84,B10
Chittagong,2022,10,78,B10
Chittagong,2022,11,69,B10
Chittagong,2022,12,71,B10
Chittagong,2023,1,67,B10
Chittagong,2023,2,69,B10
Chittagong,2023,3,68,B10
Chittagong,2023,4,71,B10
Chittagong,2023,5,77,B10
Chittagong,2023,6,86,B10
Chittagong,2023,7,84,B10
Chittagong,2023,8,90,B10
Chittagong,2023,9,88,B10
Chittagong,2023,10,84,B10
Chittagong,2023,11,81,B10
Chittagong,2023,12,79,B10
Chittagong,2024,1,75,B10
Chittagong,2024,2,70,B10
Chittagong,2024,3,68,B10
Chittagong,2024,4,76,B10
Chittagong,2024,5,83,B10
Chittagong,2024,6,87,B10
Chittagong,2024,7,86,B10
Chittagong,2024,8,89,B10
Chittagong,2024,9,84,B10
Chittagong,2024,10,79,B10
Chittagong,2024,11,68,B10
Chittagong,2024,12,65,B10
Sitakunda,2020,1,81,B10
Sitakunda,2020,2,73,B10
Sitakunda,2020,3,70,B10
Sitakunda,2020,4,82,B10
Sitakunda,2020,5,81,B10
Sitakunda,2020,6,86,B10
Sitakunda,2020,7,87,B10
Sitakunda,2020,8,86,B10
Sitakunda,2020,9,87,B10
Sitakunda,2020,10,85,B10
Sitakunda,2020,11,82,B10
Sitakunda,2020,12,81,B10
Sitakunda,2021,1,82,B10
Sitakunda,2021,2,75,B10
Sitakunda,2021,3,75,B10
Sitakunda,2021,4,73,B10
Sitakunda,2021,5,73,B10
Sitakunda,2021,6,80,B10
Sitakunda,2021,7,75,B10
Sitakunda,2021,8,74,B10
Sitakunda,2021,9,71,B10
Sitakunda,2021,10,74,B10
Sitakunda,2021,11,74,B10
Sitakunda,2021,12,72,B10
Sitakunda,2022,1,73,B10
Sitakunda,2022,2,66,B10
Sitakunda,2022,3,59,B10
Sitakunda,2022,4,67,B10
Sitakunda,2022,5,71,B10
Sitakunda,2022,6,71,B10
Sitakunda,2022,7,65,B10
Sitakunda,2022,8,66,B10
Sitakunda,2022,9,67,B10
Sitakunda,2022,10,66,B10
Sitakunda,2022,11,66,B10
Sitakunda,2022,12,61,B10
Sitakunda,2023,1,60,B10
Sitakunda,2023,2,62,B10
Sitakunda,2023,3,62,B10
Sitakunda,2023,4,65,B10
Sitakunda,2023,5,66,B10
Sitakunda,2023,6,72,B10
Sitakunda,2023,7,71,B10
Sitakunda,2023,8,76,B10
Sitakunda,2023,9,71,B10
Sitakunda,2023,10,70,B10
Sitakunda,2023,11,66,B10
Sitakunda,2023,12,65,B10
Sitakunda,2024,1,65,B10
Sitakunda,2024,2,59,B10
Sitakunda,2024,3,59,B10
Sitakunda,2024,4,63,B10
Sitakunda,2024,5,73,B10
Sitakunda,2024,6,79,B10
Sitakunda,2024,7,78,B10
Sitakunda,2024,8,81,B10
Sitakunda,2024,9,70,B10
Sitakunda,2024,10,70,B10
Sitakunda,2024,11,74,B10
Sitakunda,2024,12,68,B10
Mongla,2021,7,89.6,B60
Mongla,2021,8,89.6,B60
Mongla,2021,9,89.33,B60
Mongla,2021,10,86.56,B60
Mongla,2021,11,79.54,B60
Mongla,2021,12,81.26,B60
Rajshahi,2021,7,86.06,B60
Rajshahi,2021,8,88.55,B60
Rajshahi,2021,9,87.56,B60
Rajshahi,2021,10,84.96,B60
Rajshahi,2021,11,79.87,B60
Rajshahi,2021,12,79.55,B60
Ambagan (Ctg),2023,8,88.52,B60
Ambagan (Ctg),2023,9,82.67,B60
Ambagan (Ctg),2023,10,84.89,B60
Ambagan (Ctg),2023,11,83.35,B60
Ambagan (Ctg),2023,12,84.02,B60
Ambagan (Ctg),1999,1,71.84,B60
Ambagan (Ctg),1999,2,69.39,B60
Ambagan (Ctg),1999,3,76.52,B60
Ambagan (Ctg),1999,4,84.37,B60
Ambagan (Ctg),1999,5,83.52,B60
Ambagan (Ctg),1999,6,88.37,B60
Ambagan (Ctg),1999,7,90.29,B60
Ambagan (Ctg),1999,8,87.23,B60
Ambagan (Ctg),1999,9,90.23,B60
Ambagan (Ctg),1999,10,86.87,B60
Ambagan (Ctg),1999,11,81.23,B60
Ambagan (Ctg),1999,12,83.13,B60
Ambagan (Ctg),2000,1,74.1,B60
Ambagan (Ctg),2000,2,62,B60
Ambagan (Ctg),2000,3,71.61,B60
Ambagan (Ctg),2000,4,75.7,B60
Ambagan (Ctg),2000,5,81.06,B60
Ambagan (Ctg),2000,6,87.73,B60
Ambagan (Ctg),2000,7,86.97,B60
Ambagan (Ctg),2000,8,87.55,B60
Ambagan (Ctg),2000,9,84.27,B60
Ambagan (Ctg),2000,10,83.42,B60
Ambagan (Ctg),2000,11,76.77,B60
Ambagan (Ctg),2000,12,77.35,B60
Ambagan (Ctg),2001,1,70.74,B60
Ambagan (Ctg),2001,2,62.21,B60
Ambagan (Ctg),2001,3,69.19,B60
Ambagan (Ctg),2001,4,78.13,B60
Ambagan (Ctg),2001,5,84.1,B60
Ambagan (Ctg),2001,6,86.17,B60
Ambagan (Ctg),2001,7,86.29,B60
Ambagan (Ctg),2001,8,87.32,B60
Ambagan (Ctg),2001,9,85.23,B60
Ambagan (Ctg),2001,10,86,B60
Ambagan (Ctg),2001,11,78.8,B60
Ambagan (Ctg),2001,12,72.06,B60
Ambagan (Ctg),2002,1,65,B60
Ambagan (Ctg),2002,2,66.82,B60
Ambagan (Ctg),2002,3,61.9,B60
Ambagan (Ctg),2002,4,73.1,B60
Ambagan (Ctg),2002,5,83.19,B60
Ambagan (Ctg),2002,6,87.47,B60
Ambagan (Ctg),2002,7,87.13,B60
Ambagan (Ctg),2002,8,84.13,B60
Ambagan (Ctg),2002,9,85.1,B60
Ambagan (Ctg),2002,10,85.23,B60
Ambagan (Ctg),2002,11,82.97,B60
Ambagan (Ctg),2002,12,77.1,B60
Ambagan (Ctg),2003,1,74.23,B60
Ambagan (Ctg),2003,2,60.89,B60
Ambagan (Ctg),2003,3,63.48,B60
Ambagan (Ctg),2003,4,77.4,B60
Ambagan (Ctg),2003,5,81.97,B60
Ambagan (Ctg),2003,6,83.9,B60
Ambagan (Ctg),2003,7,90.13,B60
Ambagan (Ctg),2003,8,87.32,B60
Ambagan (Ctg),2003,9,82.5,B60
Ambagan (Ctg),2003,10,81.71,B60
Ambagan (Ctg),2003,11,81.97,B60
Ambagan (Ctg),2003,12,76.06,B60
Ambagan (Ctg),2004,1,75.26,B60
Ambagan (Ctg),2004,2,67.39,B60
Ambagan (Ctg),2004,3,73.26,B60
Ambagan (Ctg),2004,4,77,B60
Ambagan (Ctg),2004,5,80.29,B60
Ambagan (Ctg),2004,6,89.23,B60
Ambagan (Ctg),2004,7,84.74,B60
Ambagan (Ctg),2004,8,84.1,B60
Ambagan (Ctg),2004,9,84.27,B60
Ambagan (Ctg),2004,10,84.48,B60
Ambagan (Ctg),2004,11,74.8,B60
Ambagan (Ctg),2004,12,77.48,B60
Ambagan (Ctg),2005,1,78.74,B60
Ambagan (Ctg),2005,2,65.46,B60
Ambagan (Ctg),2005,3,76.16,B60
Ambagan (Ctg),2005,4,78.93,B60
Ambagan (Ctg),2005,5,79.29,B60
Ambagan (Ctg),2005,6,84.7,B60
Ambagan (Ctg),2005,7,87.13,B60
Ambagan (Ctg),2005,8,84.58,B60
Ambagan (Ctg),2005,9,86.97,B60
Ambagan (Ctg),2005,10,83.13,B60
Ambagan (Ctg),2005,11,76.63,B60
Ambagan (Ctg),2005,12,75,B60
Ambagan (Ctg),2006,1,69.65,B60
Ambagan (Ctg),2006,2,66.21,B60
Ambagan (Ctg),2006,3,76.45,B60
Ambagan (Ctg),2006,4,75.67,B60
Ambagan (Ctg),2006,5,77,B60
Ambagan (Ctg),2006,6,82.9,B60
Ambagan (Ctg),2006,7,86.39,B60
Ambagan (Ctg),2006,8,90.42,B60
Ambagan (Ctg),2006,9,86.47,B60
Ambagan (Ctg),2006,10,86.19,B60
Ambagan (Ctg),2006,11,82.1,B60
Ambagan (Ctg),2006,12,79.55,B60
Ambagan (Ctg),2007,1,76.26,B60
Ambagan (Ctg),2007,2,77.82,B60
Ambagan (Ctg),2007,3,66.55,B60
Ambagan (Ctg),2007,4,74.97,B60
Ambagan (Ctg),2007,5,83.48,B60
Ambagan (Ctg),2007,6,89,B60
Ambagan (Ctg),2007,7,87.26,B60
Ambagan (Ctg),2007,8,81.29,B60
Ambagan (Ctg),2007,9,84.67,B60
Ambagan (Ctg),2007,10,83.68,B60
Ambagan (Ctg),2007,11,78.03,B60
Ambagan (Ctg),2007,12,75.84,B60
Ambagan (Ctg),2008,1,73.16,B60
Ambagan (Ctg),2008,2,73.82,B60
Ambagan (Ctg),2008,3,64.68,B60
Ambagan (Ctg),2008,4,80.43,B60
Ambagan (Ctg),2008,5,82.71,B60
Ambagan (Ctg),2008,6,87.27,B60
Ambagan (Ctg),2008,7,89.94,B60
Ambagan (Ctg),2008,8,85.35,B60
Ambagan (Ctg),2008,9,87.17,B60
Ambagan (Ctg),2008,10,85.13,B60
Ambagan (Ctg),2008,11,83.77,B60
Ambagan (Ctg),2008,12,76.45,B60
Ambagan (Ctg),2009,1,76.03,B60
Ambagan (Ctg),2009,2,69.21,B60
Ambagan (Ctg),2009,3,79.19,B60
Ambagan (Ctg),2009,4,74.4,B60
Ambagan (Ctg),2009,5,78.48,B60
Ambagan (Ctg),2009,6,83.93,B60
Ambagan (Ctg),2009,7,87.35,B60
Ambagan (Ctg),2009,8,86.26,B60
Ambagan (Ctg),2009,9,84.97,B60
Ambagan (Ctg),2009,10,84.68,B60
Ambagan (Ctg),2009,11,80.07,B60
Ambagan (Ctg),2009,12,84.52,B60
Ambagan (Ctg),2010,1,73.26,B60
Ambagan (Ctg),2010,2,62.61,B60
Ambagan (Ctg),2010,3,70.45,B60
Ambagan (Ctg),2010,4,79.03,B60
Ambagan (Ctg),2010,5,77.19,B60
Ambagan (Ctg),2010,6,81.6,B60
Ambagan (Ctg),2010,7,86.42,B60
Ambagan (Ctg),2010,8,86.61,B60
Ambagan (Ctg),2010,9,84.17,B60
Ambagan (Ctg),2010,10,81.65,B60
Ambagan (Ctg),2010,11,76.43,B60
Ambagan (Ctg),2010,12,74.39,B60
Ambagan (Ctg),2011,1,70.74,B60
Ambagan (Ctg),2011,2,59.86,B60
Ambagan (Ctg),2011,3,69.35,B60
Ambagan (Ctg),2011,4,76.43,B60
Ambagan (Ctg),2011,5,78.26,B60
Ambagan (Ctg),2011,6,86.1,B60
Ambagan (Ctg),2011,7,82.74,B60
Ambagan (Ctg),2011,8,84.03,B60
Ambagan (Ctg),2011,9,82.87,B60
Ambagan (Ctg),2011,10,83.48,B60
Ambagan (Ctg),2011,11,78.93,B60
Ambagan (Ctg),2011,12,74.9,B60
Ambagan (Ctg),2012,1,67.42,B60
Ambagan (Ctg),2012,2,66.57,B60
Ambagan (Ctg),2012,3,69.58,B60
Ambagan (Ctg),2012,4,76.97,B60
Ambagan (Ctg),2012,5,79.61,B60
Ambagan (Ctg),2012,6,85.57,B60
Ambagan (Ctg),2012,7,84.87,B60
Ambagan (Ctg),2012,8,88.13,B60
Ambagan (Ctg),2012,9,86.3,B60
Ambagan (Ctg),2012,10,82.74,B60
Ambagan (Ctg),2012,11,77.53,B60
Ambagan (Ctg),2012,12,81.81,B60
Ambagan (Ctg),2013,1,74.94,B60
Ambagan (Ctg),2013,2,64,B60
Ambagan (Ctg),2013,3,77.23,B60
Ambagan (Ctg),2013,4,82.57,B60
Ambagan (Ctg),2013,5,79.74,B60
Ambagan (Ctg),2013,6,87.43,B60
Ambagan (Ctg),2013,7,88.68,B60
Ambagan (Ctg),2013,8,85.19,B60
Ambagan (Ctg),2013,9,82.57,B60
Ambagan (Ctg),2013,10,84.55,B60
Ambagan (Ctg),2013,11,77.17,B60
Ambagan (Ctg),2013,12,80.19,B60
Ambagan (Ctg),2014,1,69.03,B60
Ambagan (Ctg),2014,2,56.82,B60
Ambagan (Ctg),2014,3,70.23,B60
Ambagan (Ctg),2014,4,72.77,B60
Ambagan (Ctg),2014,5,82.97,B60
Ambagan (Ctg),2014,6,83.93,B60
Ambagan (Ctg),2014,7,82.71,B60
Ambagan (Ctg),2014,8,84.84,B60
Ambagan (Ctg),2014,9,85.03,B60
Ambagan (Ctg),2014,10,85.84,B60
Ambagan (Ctg),2014,11,75.53,B60
Ambagan (Ctg),2014,12,77.16,B60
Ambagan (Ctg),2015,1,70.87,B60
Ambagan (Ctg),2015,2,66.64,B60
Ambagan (Ctg),2015,3,63.87,B60
Ambagan (Ctg),2015,4,70.77,B60
Ambagan (Ctg),2015,5,78.03,B60
Ambagan (Ctg),2015,6,84.33,B60
Ambagan (Ctg),2015,7,82.58,B60
Ambagan (Ctg),2015,8,86.23,B60
Ambagan (Ctg),2015,9,81.33,B60
Ambagan (Ctg),2015,10,81.55,B60
Ambagan (Ctg),2015,11,76.9,B60
Ambagan (Ctg),2015,12,78.23,B60
Ambagan (Ctg),2016,1,74.03,B60
Ambagan (Ctg),2016,2,67.29,B60
Ambagan (Ctg),2016,3,62.65,B60
Ambagan (Ctg),2016,4,81.5,B60
Ambagan (Ctg),2016,5,82,B60
Ambagan (Ctg),2016,6,85.6,B60
Ambagan (Ctg),2016,7,89.39,B60
Ambagan (Ctg),2016,8,85.52,B60
Ambagan (Ctg),2016,9,83.93,B60
Ambagan (Ctg),2016,10,84.81,B60
Ambagan (Ctg),2016,11,79.1,B60
Ambagan (Ctg),2016,12,76.68,B60
Ambagan (Ctg),2017,1,75.71,B60
Ambagan (Ctg),2017,2,74.89,B60
Ambagan (Ctg),2017,3,76.42,B60
Ambagan (Ctg),2017,4,78.6,B60
Ambagan (Ctg),2017,5,78.81,B60
Ambagan (Ctg),2017,6,81.37,B60
Ambagan (Ctg),2017,7,86.42,B60
Ambagan (Ctg),2017,8,84.94,B60
Ambagan (Ctg),2017,9,84.57,B60
Ambagan (Ctg),2017,10,84.81,B60
Ambagan (Ctg),2017,11,83.53,B60
Ambagan (Ctg),2017,12,81.35,B60
Ambagan (Ctg),2018,1,78.87,B60
Ambagan (Ctg),2018,2,73.86,B60
Ambagan (Ctg),2018,3,75.84,B60
Ambagan (Ctg),2018,4,78.3,B60
Ambagan (Ctg),2018,5,84.06,B60
Ambagan (Ctg),2018,6,86.47,B60
Ambagan (Ctg),2018,7,90.23,B60
Ambagan (Ctg),2018,8,85.32,B60
Ambagan (Ctg),2018,9,85.37,B60
Ambagan (Ctg),2018,10,87.42,B60
Ambagan (Ctg),2018,11,77.9,B60
Ambagan (Ctg),2018,12,78.19,B60
Ambagan (Ctg),2019,1,72.23,B60
Ambagan (Ctg),2019,2,67.71,B60
Ambagan (Ctg),2019,3,68.39,B60
Ambagan (Ctg),2019,4,74.53,B60
Ambagan (Ctg),2019,5,78.87,B60
Ambagan (Ctg),2019,6,80.9,B60
Ambagan (Ctg),2019,7,86.68,B60
Ambagan (Ctg),2019,8,83.65,B60
Ambagan (Ctg),2019,9,84.03,B60
Ambagan (Ctg),2019,10,83.55,B60
Ambagan (Ctg),2019,11,81.53,B60
Ambagan (Ctg),2019,12,78.45,B60
Ambagan (Ctg),2020,1,77.06,B60
Ambagan (Ctg),2020,2,65.79,B60
Ambagan (Ctg),2020,3,65.16,B60
Ambagan (Ctg),2020,4,80.53,B60
Ambagan (Ctg),2020,5,82.32,B60
Ambagan (Ctg),2020,6,86.23,B60
Ambagan (Ctg),2020,7,87,B60
Ambagan (Ctg),2020,8,85.39,B60
Ambagan (Ctg),2020,9,85.03,B60
Ambagan (Ctg),2020,10,83.94,B60
Ambagan (Ctg),2020,11,80.97,B60
Ambagan (Ctg),2022,1,74.35,B60
Ambagan (Ctg),2022,2,63.68,B60
Ambagan (Ctg),2022,3,67.32,B60
Ambagan (Ctg),2022,4,83.23,B60
Ambagan (Ctg),2022,5,84.97,B60
Ambagan (Ctg),2022,6,87.73,B60
Ambagan (Ctg),2022,7,85.81,B60
Ambagan (Ctg),2022,8,83.16,B60
Ambagan (Ctg),2022,9,85.47,B60
Ambagan (Ctg),2022,10,82.42,B60
Ambagan (Ctg),2022,11,75.07,B60
Ambagan (Ctg),2022,12,75.45,B60
Ambagan (Ctg),2021,7,86.67,B60
Ambagan (Ctg),2021,8,87.31,B60
Ambagan (Ctg),2021,9,83.33,B60
Ambagan (Ctg),2021,10,84.43,B60
Ambagan (Ctg),2021,11,74.23,B60
Ambagan (Ctg),2021,12,76.39,B60
Aricha,2023,8,82.53,B60
Aricha,2023,9,80.28,B60
Aricha,2023,10,80.93,B60
Aricha,2023,11,76.9,B60
Aricha,2023,12,85.39,B60
Badalgachi,2020,12,87.06,B60
Badalgachi,2021,1,84.18,B60
Badalgachi,2021,2,73.12,B60
Badalgachi,2021,3,67.29,B60
Badalgachi,2021,4,67.8,B60
Badalgachi,2021,5,74.5,B60
Badalgachi,2021,6,81.55,B60
Badalgachi,2023,1,86.79,B60
Badalgachi,2023,2,74.11,B60
Badalgachi,2023,3,72.19,B60
Badalgachi,2023,4,65.58,B60
Badalgachi,2023,5,65.06,B60
Badalgachi,2023,6,73.67,B60
Badalgachi,2023,7,77.77,B60
Badalgachi,2023,8,82.47,B60
Badalgachi,2023,9,83.47,B60
Badalgachi,2023,10,85.5,B60
Badalgachi,2023,11,83.85,B60
Badalgachi,2023,12,85.6,B60
Baghabari,2023,8,83.87,B60
Baghabari,2023,9,80.97,B60
Baghabari,2023,10,81.62,B60
Baghabari,2023,11,79.2,B60
Baghabari,2023,12,88.11,B60
Bandarban,2023,8,90.39,B60
Bandarban,2023,9,83.18,B60
Bandarban,2023,10,84.28,B60
Bandarban,2023,11,82.73,B60
Bandarban,2023,12,85.29,B60
Barisal,1949,1,67.58,B60
Barisal,1949,2,63.29,B60
Barisal,1949,3,59.1,B60
Barisal,1949,4,70.8,B60
Barisal,1949,5,76.16,B60
Barisal,1949,6,80.33,B60
Barisal,1949,7,85.19,B60
Barisal,1949,8,85.65,B60
Barisal,1949,9,83.43,B60
Barisal,1949,10,77.84,B60
Barisal,1949,11,68.47,B60
Barisal,1949,12,66.1,B60
Barisal,1950,1,76.58,B60
Barisal,1950,2,75.64,B60
Barisal,1950,3,70.16,B60
Barisal,1950,4,75.3,B60
Barisal,1950,5,78.32,B60
Barisal,1950,6,86.53,B60
Barisal,1950,7,88.52,B60
Barisal,1950,8,90.13,B60
Barisal,1950,9,84.37,B60
Barisal,1950,10,84.68,B60
Barisal,1950,11,72.6,B60
Barisal,1950,12,68.26,B60
Barisal,1951,1,65.58,B60
Barisal,1951,2,60.59,B60
Barisal,1951,5,74.9,B60
Barisal,1951,6,84.67,B60
Barisal,1951,7,88.23,B60
Barisal,1951,8,87.26,B60
Barisal,1951,9,85.83,B60
Barisal,1951,10,86.81,B60
Barisal,1951,11,80.6,B60
Barisal,1951,12,77.03,B60
Barisal,1953,1,75.39,B60
Barisal,1953,2,74.75,B60
Barisal,1953,3,77.97,B60
Barisal,1953,4,76.17,B60
Barisal,1953,5,81.45,B60
Barisal,1953,6,87.97,B60
Barisal,1953,7,90.81,B60
Barisal,1953,8,87.45,B60
Barisal,1953,9,86.87,B60
Barisal,1953,10,80.06,B60
Barisal,1953,11,76.5,B60
Barisal,1953,12,76.35,B60
Barisal,1954,1,71.9,B60
Barisal,1954,2,73.25,B60
Barisal,1954,3,65.48,B60
Barisal,1954,4,72.43,B60
Barisal,1954,5,74.26,B60
Barisal,1954,6,86.27,B60
Barisal,1954,7,84.71,B60
Barisal,1954,8,86.65,B60
Barisal,1954,9,88.1,B60
Barisal,1954,10,85.9,B60
Barisal,1954,11,76.07,B60
Barisal,1954,12,78.26,B60
Barisal,1956,1,73.87,B60
Barisal,1956,2,69.38,B60
Barisal,1956,3,71.9,B60
Barisal,1956,4,77.1,B60
Barisal,1956,5,83.23,B60
Barisal,1956,6,87.2,B60
Barisal,1956,7,86.29,B60
Barisal,1956,8,87.26,B60
Barisal,1956,9,85.47,B60
Barisal,1956,10,84.48,B60
Barisal,1956,11,81.33,B60
Barisal,1956,12,78.81,B60
Barisal,1957,1,79.58,B60
Barisal,1957,2,80.21,B60
Barisal,1957,3,69.94,B60
Barisal,1957,4,85.4,B60
Barisal,1957,5,76.94,B60
Barisal,1957,6,83.3,B60
Barisal,1957,7,87,B60
Barisal,1957,8,87.19,B60
Barisal,1957,9,86.2,B60
Barisal,1957,10,79.74,B60
Barisal,1957,11,73.33,B60
Barisal,1957,12,76.32,B60
Barisal,1958,1,76.84,B60
Barisal,1958,2,75.14,B60
Barisal,1958,4,78.7,B60
Barisal,1958,5,83.06,B60
Barisal,1958,6,84.23,B60
Barisal,1958,7,89.55,B60
Barisal,1958,8,88.29,B60
Barisal,1958,9,85.03,B60
Barisal,1958,10,86.29,B60
Barisal,1958,11,85.87,B60
Barisal,1958,12,78.19,B60
Barisal,1959,1,76.58,B60
Barisal,1959,2,79.79,B60
Barisal,1959,3,71.52,B60
Barisal,1959,4,73.83,B60
Barisal,1959,5,78.58,B60
Barisal,1959,6,84.67,B60
Barisal,1959,7,86.71,B60
Barisal,1959,8,87.06,B60
Barisal,1959,9,90.5,B60
Barisal,1959,10,87.29,B60
Barisal,1959,11,79.47,B60
Barisal,1959,12,78.23,B60
Barisal,1960,1,71.19,B60
Barisal,1960,2,77,B60
Barisal,1960,3,69.45,B60
Barisal,1960,4,71.37,B60
Barisal,1960,5,76.45,B60
Barisal,1960,6,83.8,B60
Barisal,1960,7,88.77,B60
Barisal,1960,8,87.77,B60
Barisal,1960,9,88.03,B60
Barisal,1960,10,79.58,B60
Barisal,1960,11,73.6,B60
Barisal,1960,12,74.61,B60
Barisal,1961,1,73.45,B60
Barisal,1961,2,69.64,B60
Barisal,1961,3,79.03,B60
Barisal,1961,4,78.67,B60
Barisal,1961,5,80.84,B60
Barisal,1961,6,86.3,B60
Barisal,1961,7,83.16,B60
Barisal,1961,8,86.39,B60
Barisal,1961,9,85.23,B60
Barisal,1961,10,82.26,B60
Barisal,1961,11,75.07,B60
Barisal,1961,12,82.42,B60
Barisal,1962,1,73.84,B60
Barisal,1962,2,69.82,B60
Barisal,1962,3,57.65,B60
Barisal,1962,4,71.73,B60
Barisal,1962,5,75.16,B60
Barisal,1962,6,84.33,B60
Barisal,1962,7,83.77,B60
Barisal,1962,8,87.1,B60
Barisal,1962,9,85.27,B60
Barisal,1962,10,81.84,B60
Barisal,1962,11,75.07,B60
Barisal,1962,12,71.1,B60
Barisal,1963,1,67.06,B60
Barisal,1963,2,65.46,B60
Barisal,1963,3,61.19,B60
Barisal,1963,4,71.53,B60
Barisal,1963,5,86.97,B60
Barisal,1963,6,88.27,B60
Barisal,1963,7,87.06,B60
Barisal,1963,8,87.26,B60
Barisal,1963,9,85.5,B60
Barisal,1963,10,85.77,B60
Barisal,1963,11,78.23,B60
Barisal,1963,12,77,B60
Barisal,1964,5,77.46,B60
Barisal,1964,6,84.1,B60
Barisal,1964,7,90.1,B60
Barisal,1964,8,89.19,B60
Barisal,1964,9,87.66,B60
Barisal,1964,10,90.26,B60
Barisal,1964,11,83.93,B60
Barisal,1964,12,82.74,B60
Barisal,1965,1,79.97,B60
Barisal,1965,2,75.5,B60
Barisal,1965,3,73.9,B60
Barisal,1965,4,78.6,B60
Barisal,1965,5,81.43,B60
Barisal,1965,6,87.1,B60
Barisal,1965,7,88.77,B60
Barisal,1965,8,89,B60
Barisal,1965,9,87.83,B60
Barisal,1965,10,79.81,B60
Barisal,1965,11,80.33,B60
Barisal,1965,12,81.32,B60
Barisal,1966,1,81.55,B60
Barisal,1966,2,76.96,B60
Barisal,1966,3,76.84,B60
Barisal,1966,4,79.93,B60
Barisal,1966,5,78.87,B60
Barisal,1966,6,88.4,B60
Barisal,1966,7,86.81,B60
Barisal,1966,8,89.52,B60
Barisal,1966,9,88.47,B60
Barisal,1966,10,87.32,B60
Barisal,1966,11,81.73,B60
Barisal,1966,12,81.81,B60
Barisal,1967,1,77.71,B60
Barisal,1967,2,74.68,B60
Barisal,1967,3,75.58,B60
Barisal,1967,4,74.03,B60
Barisal,1967,5,80.26,B60
Barisal,1967,6,87.97,B60
Barisal,1967,7,90.77,B60
Barisal,1967,8,90.42,B60
Barisal,1967,9,90.23,B60
Barisal,1967,10,83.42,B60
Barisal,1967,11,77,B60
Barisal,1967,12,75.35,B60
Barisal,1968,1,74.81,B60
Barisal,1968,2,72.83,B60
Barisal,1968,3,69.26,B60
Barisal,1968,4,77.3,B60
Barisal,1968,5,79.35,B60
Barisal,1968,6,89.9,B60
Barisal,1968,7,88.71,B60
Barisal,1968,8,88.65,B60
Barisal,1968,9,86.1,B60
Barisal,1968,10,85.74,B60
Barisal,1968,11,80.24,B60
Barisal,1968,12,78.06,B60
Barisal,1969,1,74.1,B60
Barisal,1969,2,69.43,B60
Barisal,1969,3,76.81,B60
Barisal,1969,4,77.47,B60
Barisal,1969,5,77.06,B60
Barisal,1969,6,89.1,B60
Barisal,1969,7,90.71,B60
Barisal,1969,8,91.23,B60
Barisal,1969,9,86.57,B60
Barisal,1969,10,83.94,B60
Barisal,1969,11,80.27,B60
Barisal,1969,12,77.61,B60
Barisal,1970,1,78.1,B60
Barisal,1970,2,74.14,B60
Barisal,1970,3,73.81,B60
Barisal,1970,4,79.73,B60
Barisal,1970,5,80.42,B60
Barisal,1970,6,89.13,B60
Barisal,1970,7,89.65,B60
Barisal,1970,8,88.13,B60
Barisal,1970,9,89.07,B60
Barisal,1970,10,86.52,B60
Barisal,1970,11,80.47,B60
Barisal,1970,12,76.23,B60
Barisal,1971,1,77.71,B60
Barisal,1971,2,69.54,B60
Barisal,1971,3,64,B60
Barisal,1971,4,80.79,B60
Barisal,1971,5,78.15,B60
Barisal,1971,6,88.23,B60
Barisal,1971,7,88.29,B60
Barisal,1971,8,92.17,B60
Barisal,1971,9,88,B60
Barisal,1971,10,80.84,B60
Barisal,1971,11,74.7,B60
Barisal,1971,12,69.84,B60
Barisal,1972,1,77.48,B60
Barisal,1972,2,75.72,B60
Barisal,1972,3,72.03,B60
Barisal,1972,4,77.47,B60
Barisal,1972,5,80.84,B60
Barisal,1972,6,84.7,B60
Barisal,1972,7,88.03,B60
Barisal,1972,8,89.58,B60
Barisal,1972,9,84.17,B60
Barisal,1972,10,83.77,B60
Barisal,1972,11,78.23,B60
Barisal,1972,12,75.87,B60
Barisal,1973,1,73.06,B60
Barisal,1973,2,72.11,B60
Barisal,1973,3,73.55,B60
Barisal,1973,4,78.97,B60
Barisal,1973,5,85.52,B60
Barisal,1973,6,84.43,B60
Barisal,1973,7,90.19,B60
Barisal,1973,8,90.65,B60
Barisal,1973,9,90.87,B60
Barisal,1973,10,85.97,B60
Barisal,1973,11,86.77,B60
Barisal,1973,12,81.68,B60
Barisal,1974,1,77.29,B60
Barisal,1974,2,70.18,B60
Barisal,1974,3,76.68,B60
Barisal,1974,4,82.27,B60
Barisal,1974,5,81.84,B60
Barisal,1974,6,87.6,B60
Barisal,1974,7,92.74,B60
Barisal,1974,8,93.48,B60
Barisal,1974,9,89.3,B60
Barisal,1974,10,86.81,B60
Barisal,1974,11,82.73,B60
Barisal,1974,12,78,B60
Barisal,1975,1,76.1,B60
Barisal,1975,2,70.82,B60
Barisal,1975,5,82.55,B60
Barisal,1975,6,88.47,B60
Barisal,1975,7,91.97,B60
Barisal,1975,8,90.23,B60
Barisal,1975,10,91.19,B60
Barisal,1975,11,84.5,B60
Barisal,1975,12,77.45,B60
Barisal,1976,1,76.52,B60
Barisal,1976,2,78.83,B60
Barisal,1976,3,78.03,B60
Barisal,1976,4,76.63,B60
Barisal,1976,5,83.32,B60
Barisal,1976,6,86.63,B60
Barisal,1976,7,88.52,B60
Barisal,1976,8,89.55,B60
Barisal,1976,9,86.87,B60
Barisal,1976,10,83.71,B60
Barisal,1976,11,82.7,B60
Barisal,1976,12,75.87,B60
Barisal,1977,1,75.16,B60
Barisal,1977,2,73.89,B60
Barisal,1977,3,74.97,B60
Barisal,1977,4,83.07,B60
Barisal,1977,5,83.58,B60
Barisal,1977,6,88.5,B60
Barisal,1977,7,89.55,B60
Barisal,1977,8,87.81,B60
Barisal,1977,9,86.63,B60
Barisal,1977,10,84.48,B60
Barisal,1977,11,81.67,B60
Barisal,1977,12,76.74,B60
Barisal,1978,1,72.42,B60
Barisal,1978,2,68.21,B60
Barisal,1978,3,65.03,B60
Barisal,1978,4,78.27,B60
Barisal,1978,5,82.39,B60
Barisal,1978,6,87.3,B60
Barisal,1978,7,87.29,B60
Barisal,1978,8,86.94,B60
Barisal,1978,9,88.87,B60
Barisal,1978,10,83.03,B60
Barisal,1978,11,78.07,B60
Barisal,1978,12,75.71,B60
Barisal,1979,1,74.9,B60
Barisal,1979,2,69.71,B60
Barisal,1979,3,66.1,B60
Barisal,1979,4,74.53,B60
Barisal,1979,5,76.58,B60
Barisal,1979,6,87.17,B60
Barisal,1979,7,88.45,B60
Barisal,1979,8,89.9,B60
Barisal,1979,9,87.5,B60
Barisal,1979,10,82.77,B60
Barisal,1979,11,81.07,B60
Barisal,1979,12,80.48,B60
Barisal,1980,1,74.9,B60
Barisal,1980,2,75.48,B60
Barisal,1980,3,74.55,B60
Barisal,1980,4,75.07,B60
Barisal,1980,5,81.84,B60
Barisal,1980,6,88.33,B60
Barisal,1980,7,91.32,B60
Barisal,1980,8,88.94,B60
Barisal,1980,9,86.93,B60
Barisal,1980,10,88.32,B60
Barisal,1980,11,77.07,B60
Barisal,1980,12,76.26,B60
Barisal,1981,1,78.74,B60
Barisal,1981,2,75.54,B60
Barisal,1981,3,76.68,B60
Barisal,1981,4,83.6,B60
Barisal,1981,5,83.68,B60
Barisal,1981,6,85.3,B60
Barisal,1981,7,90.55,B60
Barisal,1981,8,87.9,B60
Barisal,1981,9,86.4,B60
Barisal,1981,10,80.61,B60
Barisal,1981,11,76.17,B60
Barisal,1981,12,75.81,B60
Barisal,1982,1,73.87,B60
Barisal,1982,2,75.5,B60
Barisal,1982,3,71.03,B60
Barisal,1982,4,78.87,B60
Barisal,1982,5,76.48,B60
Barisal,1982,6,87.1,B60
Barisal,1982,7,85.58,B60
Barisal,1982,8,88.71,B60
Barisal,1982,9,83.77,B60
Barisal,1982,10,80.35,B60
Barisal,1982,11,77.73,B60
Barisal,1982,12,76.42,B60
Barisal,1983,1,76.74,B60
Barisal,1983,2,73.18,B60
Barisal,1983,3,75.81,B60
Barisal,1983,4,75.77,B60
Barisal,1983,5,81.39,B60
Barisal,1983,6,85.9,B60
Barisal,1983,7,86.45,B60
Barisal,1983,8,89.16,B60
Barisal,1983,9,91.07,B60
Barisal,1983,10,91.65,B60
Barisal,1983,11,84.4,B60
Barisal,1983,12,83.39,B60
Barisal,1984,1,82.74,B60
Barisal,1984,2,76.76,B60
Barisal,1984,3,73.77,B60
Barisal,1984,4,82.3,B60
Barisal,1984,5,84.52,B60
Barisal,1984,6,90.4,B60
Barisal,1984,7,90.13,B60
Barisal,1984,8,90.26,B60
Barisal,1984,9,87.5,B60
Barisal,1984,10,88.84,B60
Barisal,1984,11,82.8,B60
Barisal,1984,12,84.42,B60
Barisal,1985,1,84.23,B60
Barisal,1985,2,76.89,B60
Barisal,1985,3,80.84,B60
Barisal,1985,4,80.63,B60
Barisal,1985,5,87.77,B60
Barisal,1985,6,91.03,B60
Barisal,1985,7,93.48,B60
Barisal,1985,8,89.97,B60
Barisal,1985,9,90.33,B60
Barisal,1985,10,86.06,B60
Barisal,1985,11,85.33,B60
Barisal,1985,12,83.9,B60
Barisal,1986,1,85.9,B60
Barisal,1986,2,81.43,B60
Barisal,1986,3,75.32,B60
Barisal,1986,4,79.63,B60
Barisal,1986,5,82.52,B60
Barisal,1986,6,86.63,B60
Barisal,1986,7,90.94,B60
Barisal,1986,8,87.48,B60
Barisal,1986,9,92.4,B60
Barisal,1986,10,88.29,B60
Barisal,1986,11,88.17,B60
Barisal,1986,12,88.06,B60
Barisal,1987,1,84.16,B60
Barisal,1987,2,79.82,B60
Barisal,1987,3,76.87,B60
Barisal,1987,4,81.83,B60
Barisal,1987,5,81.74,B60
Barisal,1987,6,85.42,B60
Barisal,1987,7,93.77,B60
Barisal,1987,8,89.65,B60
Barisal,1987,9,89,B60
Barisal,1987,10,86.29,B60
Barisal,1987,11,83.9,B60
Barisal,1987,12,83.45,B60
Barisal,1988,1,81.48,B60
Barisal,1988,2,79.41,B60
Barisal,1988,3,76.68,B60
Barisal,1988,4,79.4,B60
Barisal,1988,5,84.1,B60
Barisal,1988,6,88.23,B60
Barisal,1988,7,90.06,B60
Barisal,1988,8,91.39,B60
Barisal,1988,9,87.87,B60
Barisal,1988,10,86.84,B60
Barisal,1988,11,85.5,B60
Barisal,1988,12,84.35,B60
Barisal,1989,1,79.19,B60
Barisal,1989,2,74.89,B60
Barisal,1989,3,70.35,B60
Barisal,1989,4,79.57,B60
Barisal,1989,5,83.81,B60
Barisal,1989,6,87.17,B60
Barisal,1989,7,89.1,B60
Barisal,1989,8,88.26,B60
Barisal,1989,9,90.47,B60
Barisal,1989,10,90.65,B60
Barisal,1989,11,83.67,B60
Barisal,1989,12,81.29,B60
Barisal,1990,1,82.52,B60
Barisal,1990,2,80.68,B60
Barisal,1990,3,82.32,B60
Barisal,1990,4,82.3,B60
Barisal,1990,5,84.52,B60
Barisal,1990,6,89.03,B60
Barisal,1990,7,91.58,B60
Barisal,1990,8,86.87,B60
Barisal,1990,9,89.03,B60
Barisal,1990,10,86.52,B60
Barisal,1990,11,84.57,B60
Barisal,1990,12,81.87,B60
Barisal,1991,1,81.58,B60
Barisal,1991,2,79.89,B60
Barisal,1991,3,77.9,B60
Barisal,1991,4,79.5,B60
Barisal,1991,5,85.94,B60
Barisal,1991,6,89.57,B60
Barisal,1991,7,88,B60
Barisal,1991,8,88.84,B60
Barisal,1991,9,89.57,B60
Barisal,1991,10,88.19,B60
Barisal,1991,11,82.03,B60
Barisal,1991,12,81.77,B60
Barisal,1992,1,81.48,B60
Barisal,1992,2,81.79,B60
Barisal,1992,3,77.42,B60
Barisal,1992,4,79.33,B60
Barisal,1992,5,83.06,B60
Barisal,1992,6,87.63,B60
Barisal,1992,7,89.9,B60
Barisal,1992,8,90.74,B60
Barisal,1992,9,87.57,B60
Barisal,1992,10,87.68,B60
Barisal,1992,11,82.73,B60
Barisal,1992,12,81.55,B60
Barisal,1993,1,82.52,B60
Barisal,1993,2,82.86,B60
Barisal,1993,3,77.42,B60
Barisal,1993,4,82.9,B60
Barisal,1993,5,87.29,B60
Barisal,1993,6,88.73,B60
Barisal,1993,7,90.45,B60
Barisal,1993,8,90.55,B60
Barisal,1993,9,89,B60
Barisal,1993,10,86.61,B60
Barisal,1993,11,85.77,B60
Barisal,1993,12,80.84,B60
Barisal,1994,1,78.13,B60
Barisal,1994,2,75.64,B60
Barisal,1994,3,77.16,B60
Barisal,1994,4,79.53,B60
Barisal,1994,5,83.94,B60
Barisal,1994,6,90.67,B60
Barisal,1994,7,88.65,B60
Barisal,1994,8,89.06,B60
Barisal,1994,9,85.1,B60
Barisal,1994,10,84.55,B60
Barisal,1994,11,84.6,B60
Barisal,1994,12,83.39,B60
Barisal,1995,1,79.94,B60
Barisal,1995,2,78.36,B60
Barisal,1995,3,70.35,B60
Barisal,1995,4,76.6,B60
Barisal,1995,5,84.13,B60
Barisal,1995,6,89.37,B60
Barisal,1995,7,89,B60
Barisal,1995,8,88.32,B60
Barisal,1995,9,89.33,B60
Barisal,1995,10,87.13,B60
Barisal,1995,11,85.3,B60
Barisal,1995,12,80.48,B60
Barisal,1996,1,79.16,B60
Barisal,1996,2,75.17,B60
Barisal,1996,3,76.58,B60
Barisal,1996,4,81.17,B60
Barisal,1996,5,83.65,B60
Barisal,1996,6,86.3,B60
Barisal,1996,7,87.48,B60
Barisal,1996,8,90.03,B60
Barisal,1996,9,87.8,B60
Barisal,1996,10,85.1,B60
Barisal,1996,11,83.8,B60
Barisal,1996,12,80.97,B60
Barisal,1997,1,78.19,B60
Barisal,1997,2,78.64,B60
Barisal,1997,3,80.58,B60
Barisal,1997,4,83.17,B60
Barisal,1997,5,83,B60
Barisal,1997,6,85.6,B60
Barisal,1997,7,90.45,B60
Barisal,1997,8,88.58,B60
Barisal,1997,9,90.1,B60
Barisal,1997,10,83.61,B60
Barisal,1997,11,84.87,B60
Barisal,1997,12,88.39,B60
Barisal,1998,1,87.23,B60
Barisal,1998,2,78.89,B60
Barisal,1998,3,75.26,B60
Barisal,1998,4,80.67,B60
Barisal,1998,5,83.68,B60
Barisal,1998,6,86.33,B60
Barisal,1998,7,91,B60
Barisal,1998,8,90.84,B60
Barisal,1998,9,88.8,B60
Barisal,1998,10,87,B60
Barisal,1998,11,84.43,B60
Barisal,1998,12,83.16,B60
Barisal,1999,1,81.55,B60
Barisal,1999,2,77,B60
Barisal,1999,3,73.45,B60
Barisal,1999,4,78.63,B60
Barisal,1999,5,85.29,B60
Barisal,1999,6,87.3,B60
Barisal,1999,7,90.48,B60
Barisal,1999,8,90.03,B60
Barisal,1999,9,88.53,B60
Barisal,1999,10,88.19,B60
Barisal,1999,11,81.33,B60
Barisal,1999,12,81.58,B60
Barisal,2000,1,80.68,B60
Barisal,2000,2,77.52,B60
Barisal,2000,3,76.81,B60
Barisal,2000,4,79.97,B60
Barisal,2000,5,82.29,B60
Barisal,2000,6,89.13,B60
Barisal,2000,7,87.26,B60
Barisal,2000,8,86.45,B60
Barisal,2000,9,88.43,B60
Barisal,2000,10,88.87,B60
Barisal,2000,11,86.13,B60
Barisal,2000,12,81.94,B60
Barisal,2001,1,80.48,B60
Barisal,2001,2,78.07,B60
Barisal,2001,3,74.42,B60
Barisal,2001,4,76.1,B60
Barisal,2001,5,86.9,B60
Barisal,2001,6,93.13,B60
Barisal,2001,7,90,B60
Barisal,2001,8,86.81,B60
Barisal,2001,9,88.17,B60
Barisal,2001,10,88.61,B60
Barisal,2001,11,88,B60
Barisal,2001,12,85.71,B60
Barisal,2002,1,84.19,B60
Barisal,2002,2,76.18,B60
Barisal,2002,3,71.77,B60
Barisal,2002,4,79.1,B60
Barisal,2002,5,82.42,B60
Barisal,2002,6,88.03,B60
Barisal,2002,7,89.55,B60
Barisal,2002,8,88.97,B60
Barisal,2002,9,91.6,B60
Barisal,2002,10,87.26,B60
Barisal,2002,11,84.03,B60
Barisal,2002,12,82.81,B60
Barisal,2003,1,80.94,B60
Barisal,2003,2,74.89,B60
Barisal,2003,3,76.97,B60
Barisal,2003,4,84.5,B60
Barisal,2003,5,85.61,B60
Barisal,2003,6,91.3,B60
Barisal,2003,7,91.68,B60
Barisal,2003,8,86.16,B60
Barisal,2003,9,87.77,B60
Barisal,2003,10,88.06,B60
Barisal,2003,11,82.77,B60
Barisal,2003,12,83.97,B60
Barisal,2004,1,82,B60
Barisal,2004,2,76.66,B60
Barisal,2004,3,75.61,B60
Barisal,2004,4,79.8,B60
Barisal,2004,5,77.77,B60
Barisal,2004,6,86.8,B60
Barisal,2004,7,86.65,B60
Barisal,2004,8,89,B60
Barisal,2004,9,91,B60
Barisal,2004,10,88.81,B60
Barisal,2004,11,88.6,B60
Barisal,2004,12,87,B60
Barisal,2005,1,86.1,B60
Barisal,2005,2,77.54,B60
Barisal,2005,3,82.29,B60
Barisal,2005,4,80,B60
Barisal,2005,5,82.65,B60
Barisal,2005,6,87.5,B60
Barisal,2005,7,92.1,B60
Barisal,2005,8,92.84,B60
Barisal,2005,9,88.7,B60
Barisal,2005,10,88.81,B60
Barisal,2005,11,84.93,B60
Barisal,2005,12,83.26,B60
Barisal,2006,1,80.68,B60
Barisal,2006,2,79.36,B60
Barisal,2006,3,76.65,B60
Barisal,2006,4,80.43,B60
Barisal,2006,5,82.61,B60
Barisal,2006,6,88.53,B60
Barisal,2006,7,90.45,B60
Barisal,2006,8,88.94,B60
Barisal,2006,9,88.27,B60
Barisal,2006,10,87.19,B60
Barisal,2006,11,83.9,B60
Barisal,2006,12,82.29,B60
Barisal,2007,1,80.29,B60
Barisal,2007,2,80.5,B60
Barisal,2007,3,70.74,B60
Barisal,2007,4,78.7,B60
Barisal,2007,5,81.19,B60
Barisal,2007,6,87.83,B60
Barisal,2007,7,90.71,B60
Barisal,2007,8,87.1,B60
Barisal,2007,9,90.3,B60
Barisal,2007,10,87.48,B60
Barisal,2007,11,84.9,B60
Barisal,2007,12,80.97,B60
Barisal,2008,1,79.97,B60
Barisal,2008,2,76.62,B60
Barisal,2008,3,77.94,B60
Barisal,2008,4,79.27,B60
Barisal,2008,5,80.39,B60
Barisal,2008,6,88.9,B60
Barisal,2008,7,89.87,B60
Barisal,2008,8,87.55,B60
Barisal,2008,9,87.5,B60
Barisal,2008,10,86.61,B60
Barisal,2008,11,82.67,B60
Barisal,2008,12,86.74,B60
Barisal,2009,1,82.19,B60
Barisal,2009,2,74.68,B60
Barisal,2009,3,76.52,B60
Barisal,2009,4,78.03,B60
Barisal,2009,5,78.97,B60
Barisal,2009,6,82.47,B60
Barisal,2009,7,89.32,B60
Barisal,2009,8,89,B60
Barisal,2009,9,87.4,B60
Barisal,2009,10,86.71,B60
Barisal,2009,11,82.9,B60
Barisal,2009,12,81.52,B60
Barisal,2010,1,80.68,B60
Barisal,2010,2,74.64,B60
Barisal,2010,3,73.45,B60
Barisal,2010,4,77.2,B60
Barisal,2010,5,80.77,B60
Barisal,2010,6,87.57,B60
Barisal,2010,7,87.1,B60
Barisal,2010,8,86.84,B60
Barisal,2010,9,88.03,B60
Barisal,2010,10,86.16,B60
Barisal,2010,11,85.13,B60
Barisal,2010,12,81.65,B60
Barisal,2011,1,79.45,B60
Barisal,2011,2,72.89,B60
Barisal,2011,3,72.23,B60
Barisal,2011,4,79.17,B60
Barisal,2011,5,81.9,B60
Barisal,2011,6,87.53,B60
Barisal,2011,7,86.52,B60
Barisal,2011,8,89.52,B60
Barisal,2011,9,88.7,B60
Barisal,2011,10,84.94,B60
Barisal,2011,11,82.83,B60
Barisal,2011,12,84.19,B60
Barisal,2012,1,82.32,B60
Barisal,2012,2,72.72,B60
Barisal,2012,3,74.97,B60
Barisal,2012,4,79.03,B60
Barisal,2012,5,79.74,B60
Barisal,2012,6,86,B60
Barisal,2012,7,88.65,B60
Barisal,2012,8,87.45,B60
Barisal,2012,9,89.83,B60
Barisal,2012,10,86.1,B60
Barisal,2012,11,82.87,B60
Barisal,2012,12,85,B60
Barisal,2013,1,79.61,B60
Barisal,2013,2,76.11,B60
Barisal,2013,3,75.81,B60
Barisal,2013,4,75.8,B60
Barisal,2013,5,86.81,B60
Barisal,2013,6,84.6,B60
Barisal,2013,7,87.48,B60
Barisal,2013,8,87.74,B60
Barisal,2013,9,88.03,B60
Barisal,2013,10,87.84,B60
Barisal,2013,11,80.6,B60
Barisal,2013,12,82.29,B60
Barisal,2014,1,83,B60
Barisal,2014,2,76.89,B60
Barisal,2014,3,71.13,B60
Barisal,2014,4,70.97,B60
Barisal,2014,5,80.74,B60
Barisal,2014,6,85.93,B60
Barisal,2014,7,86.58,B60
Barisal,2014,8,88.94,B60
Barisal,2014,9,85.77,B60
Barisal,2014,10,84.97,B60
Barisal,2014,11,82.27,B60
Barisal,2014,12,85.77,B60
Barisal,2015,1,82.87,B60
Barisal,2015,2,79.86,B60
Barisal,2015,3,72.94,B60
Barisal,2015,4,85.1,B60
Barisal,2015,5,80.61,B60
Barisal,2015,6,85.9,B60
Barisal,2015,7,91.58,B60
Barisal,2015,8,89.06,B60
Barisal,2015,9,88.23,B60
Barisal,2015,10,86.39,B60
Barisal,2015,11,84.93,B60
Barisal,2015,12,83.81,B60
Barisal,2016,1,82.29,B60
Barisal,2016,2,80.79,B60
Barisal,2016,3,76.16,B60
Barisal,2016,4,78.87,B60
Barisal,2016,5,80.77,B60
Barisal,2016,6,84.27,B60
Barisal,2016,7,90.65,B60
Barisal,2016,8,89.61,B60
Barisal,2016,9,89.37,B60
Barisal,2016,10,86.77,B60
Barisal,2016,11,85.27,B60
Barisal,2016,12,85.06,B60
Barisal,2017,1,81.23,B60
Barisal,2017,2,76.46,B60
Barisal,2017,3,81.81,B60
Barisal,2017,4,81.9,B60
Barisal,2017,5,79.45,B60
Barisal,2017,6,88.23,B60
Barisal,2017,7,93.45,B60
Barisal,2017,8,92.42,B60
Barisal,2017,9,91.97,B60
Barisal,2017,10,88.48,B60
Barisal,2017,11,84.43,B60
Barisal,2017,12,87.35,B60
Barisal,2018,1,80.32,B60
Barisal,2018,2,76.75,B60
Barisal,2018,3,74.1,B60
Barisal,2018,4,78.77,B60
Barisal,2018,5,85.39,B60
Barisal,2018,6,86.07,B60
Barisal,2018,7,88.1,B60
Barisal,2018,8,85.61,B60
Barisal,2018,9,84.73,B60
Barisal,2018,10,84.65,B60
Barisal,2018,11,82.93,B60
Barisal,2018,12,82.77,B60
Barisal,2019,1,78.87,B60
Barisal,2019,2,77.54,B60
Barisal,2019,3,74.48,B60
Barisal,2019,4,77.37,B60
Barisal,2019,5,79.77,B60
Barisal,2019,6,83.53,B60
Barisal,2019,7,88.19,B60
Barisal,2019,8,84.84,B60
Barisal,2019,9,87.8,B60
Barisal,2019,10,86.97,B60
Barisal,2019,11,85.13,B60
Barisal,2019,12,84.13,B60
Barisal,2020,1,85.03,B60
Barisal,2020,2,75.59,B60
Barisal,2020,3,70.87,B60
Barisal,2020,4,78.23,B60
Barisal,2020,5,80.13,B60
Barisal,2020,6,88.67,B60
Barisal,2020,7,87.68,B60
Barisal,2020,8,88.23,B60
Barisal,2020,9,87,B60
Barisal,2020,10,87.16,B60
Barisal,2020,11,82.63,B60
Barisal,2020,12,90.16,B60
Barisal,2021,1,85.16,B60
Barisal,2021,2,73.23,B60
Barisal,2021,3,67.69,B60
Barisal,2021,4,67.65,B60
Barisal,2021,5,73.58,B60
Barisal,2021,6,86.85,B60
Barisal,2021,7,88.48,B60
Barisal,2021,8,88.5,B60
Barisal,2021,9,86.87,B60
Barisal,2021,10,86.81,B60
Barisal,2021,11,82.57,B60
Barisal,2021,12,85.11,B60
Barisal,2023,1,86.6,B60
Barisal,2023,2,74.79,B60
Barisal,2023,3,68.23,B60
Barisal,2023,4,65.85,B60
Barisal,2023,5,70.31,B60
Barisal,2023,6,82.2,B60
Barisal,2023,7,81.16,B60
Barisal,2023,8,87.98,B60
Barisal,2023,9,87.05,B60
Barisal,2023,10,85.98,B60
Barisal,2023,11,85.65,B60
Barisal,2023,12,90.24,B60
Barisal,2022,1,83.42,B60
Barisal,2022,2,77.75,B60
Barisal,2022,3,73.94,B60
Barisal,2022,4,79.83,B60
Barisal,2022,5,83.23,B60
Barisal,2022,6,86.47,B60
Barisal,2022,7,82.87,B60
Barisal,2022,8,84.84,B60
Barisal,2022,9,87.03,B60
Barisal,2022,10,85.32,B60
Barisal,2022,11,81.03,B60
Barisal,2022,12,83.13,B60
Bhola,1966,2,75.54,B60
Bhola,1966,4,78.47,B60
Bhola,1966,5,79.42,B60
Bhola,1966,6,88.56,B60
Bhola,1966,7,87.35,B60
Bhola,1966,8,89.39,B60
Bhola,1966,9,87.5,B60
Bhola,1966,10,85.96,B60
Bhola,1966,11,84.77,B60
Bhola,1966,12,85.19,B60
Bhola,1967,1,80.26,B60
Bhola,1967,2,77.79,B60
Bhola,1967,3,77.77,B60
Bhola,1967,4,77.53,B60
Bhola,1967,5,81.42,B60
Bhola,1967,6,85.77,B60
Bhola,1967,7,88.52,B60
Bhola,1967,8,88.19,B60
Bhola,1967,9,91.83,B60
Bhola,1967,10,89.39,B60
Bhola,1967,11,85.53,B60
Bhola,1967,12,83.61,B60
Bhola,1968,1,83.48,B60
Bhola,1968,2,79.69,B60
Bhola,1968,3,78.9,B60
Bhola,1968,4,84.63,B60
Bhola,1968,5,85.81,B60
Bhola,1968,6,90.9,B60
Bhola,1968,7,89.94,B60
Bhola,1968,8,89.87,B60
Bhola,1968,9,86.2,B60
Bhola,1968,10,86.77,B60
Bhola,1968,11,83.7,B60
Bhola,1968,12,81.74,B60
Bhola,1969,1,80.48,B60
Bhola,1969,2,85.25,B60
Bhola,1969,3,82.81,B60
Bhola,1969,4,85.17,B60
Bhola,1969,5,82.94,B60
Bhola,1969,6,92.6,B60
Bhola,1969,7,90.06,B60
Bhola,1969,8,91.42,B60
Bhola,1969,9,86.7,B60
Bhola,1969,10,84.65,B60
Bhola,1969,11,85.27,B60
Bhola,1969,12,85.06,B60
Bhola,1970,1,82.74,B60
Bhola,1970,2,83.18,B60
Bhola,1970,3,85.35,B60
Bhola,1970,4,88.47,B60
Bhola,1970,5,88.97,B60
Bhola,1970,6,91.6,B60
Bhola,1970,7,89.53,B60
Bhola,1970,8,87.58,B60
Bhola,1970,9,91.8,B60
Bhola,1970,10,92.71,B60
Bhola,1970,11,81.6,B60
Bhola,1970,12,83.19,B60
Bhola,1971,1,86.23,B60
Bhola,1971,2,78.46,B60
Bhola,1971,3,82.45,B60
Bhola,1971,4,91.8,B60
Bhola,1971,5,81.56,B60
Bhola,1971,6,88.17,B60
Bhola,1971,7,89.23,B60
Bhola,1971,8,90.29,B60
Bhola,1971,9,86.63,B60
Bhola,1971,10,85.03,B60
Bhola,1971,11,79.6,B60
Bhola,1971,12,76.35,B60
Bhola,1972,1,76.58,B60
Bhola,1972,2,76.03,B60
Bhola,1972,3,78.9,B60
Bhola,1972,4,85.07,B60
Bhola,1972,5,83.32,B60
Bhola,1972,6,87.87,B60
Bhola,1972,7,91.39,B60
Bhola,1972,8,91.48,B60
Bhola,1972,9,84.67,B60
Bhola,1972,10,87.06,B60
Bhola,1972,11,79.5,B60
Bhola,1972,12,77.1,B60
Bhola,1973,1,88.33,B60
Bhola,1973,2,74.5,B60
Bhola,1973,3,76.2,B60
Bhola,1973,4,79.21,B60
Bhola,1973,5,87.32,B60
Bhola,1973,7,87.87,B60
Bhola,1973,8,88.19,B60
Bhola,1973,11,84.9,B60
Bhola,1973,12,82.55,B60
Bhola,1974,1,76.32,B60
Bhola,1974,2,73.68,B60
Bhola,1974,3,78,B60
Bhola,1974,4,82.27,B60
Bhola,1974,5,83.43,B60
Bhola,1974,6,88.77,B60
Bhola,1974,7,93.26,B60
Bhola,1974,8,92.52,B60
Bhola,1974,9,90.33,B60
Bhola,1974,10,88.06,B60
Bhola,1974,11,86.03,B60
Bhola,1974,12,85.68,B60
Bhola,1975,1,79.9,B60
Bhola,1975,2,74.89,B60
Bhola,1975,3,71.42,B60
Bhola,1975,4,80.23,B60
Bhola,1975,5,81.23,B60
Bhola,1975,6,86.63,B60
Bhola,1975,7,93.26,B60
Bhola,1975,8,90.19,B60
Bhola,1975,9,89.07,B60
Bhola,1975,10,88.23,B60
Bhola,1975,11,83.37,B60
Bhola,1975,12,78.16,B60
Bhola,1976,1,76.03,B60
Bhola,1976,2,77.41,B60
Bhola,1976,3,76.45,B60
Bhola,1976,4,78.47,B60
Bhola,1976,5,84.45,B60
Bhola,1976,6,89.1,B60
Bhola,1976,7,90.58,B60
Bhola,1976,8,91.81,B60
Bhola,1976,9,88.63,B60
Bhola,1976,10,85.58,B60
Bhola,1976,11,84.3,B60
Bhola,1976,12,80.32,B60
Bhola,1977,1,80.74,B60
Bhola,1977,2,80.86,B60
Bhola,1977,3,83.03,B60
Bhola,1977,4,84.4,B60
Bhola,1977,5,86.19,B60
Bhola,1977,6,89.5,B60
Bhola,1977,7,89.13,B60
Bhola,1977,8,88.16,B60
Bhola,1977,9,86.47,B60
Bhola,1977,10,83.81,B60
Bhola,1977,11,81.8,B60
Bhola,1977,12,78.29,B60
Bhola,1978,1,78.13,B60
Bhola,1978,2,71.25,B60
Bhola,1978,3,68.84,B60
Bhola,1978,4,80.6,B60
Bhola,1978,5,82.58,B60
Bhola,1978,6,86.83,B60
Bhola,1978,7,87.39,B60
Bhola,1978,8,87.1,B60
Bhola,1978,9,88.4,B60
Bhola,1978,10,84.35,B60
Bhola,1978,11,79.43,B60
Bhola,1978,12,76.42,B60
Bhola,1980,1,73.9,B60
Bhola,1980,2,74.79,B60
Bhola,1980,3,76.52,B60
Bhola,1980,4,77.47,B60
Bhola,1980,5,83.84,B60
Bhola,1980,6,88.23,B60
Bhola,1980,7,89.77,B60
Bhola,1980,8,88.03,B60
Bhola,1980,9,86.97,B60
Bhola,1980,10,85.06,B60
Bhola,1980,11,75.3,B60
Bhola,1980,12,74.61,B60
Bhola,1981,1,78.03,B60
Bhola,1981,2,74.79,B60
Bhola,1981,3,75.45,B60
Bhola,1981,4,83.57,B60
Bhola,1981,5,84.06,B60
Bhola,1981,6,86.3,B60
Bhola,1981,7,90.23,B60
Bhola,1981,8,88.35,B60
Bhola,1981,9,87.13,B60
Bhola,1981,10,78.55,B60
Bhola,1981,11,75.43,B60
Bhola,1981,12,80.97,B60
Bhola,1982,1,74.74,B60
Bhola,1982,2,78.14,B60
Bhola,1982,3,72.45,B60
Bhola,1982,4,81.77,B60
Bhola,1982,5,79.68,B60
Bhola,1982,6,89.3,B60
Bhola,1982,7,87.23,B60
Bhola,1982,8,89,B60
Bhola,1982,9,85.17,B60
Bhola,1982,10,80.74,B60
Bhola,1982,11,79.8,B60
Bhola,1982,12,78.1,B60
Bhola,1983,1,80.65,B60
Bhola,1983,2,75.96,B60
Bhola,1983,3,81.45,B60
Bhola,1983,4,81.07,B60
Bhola,1983,5,84.13,B60
Bhola,1983,6,88.67,B60
Bhola,1983,7,89.52,B60
Bhola,1983,8,87.39,B60
Bhola,1983,9,87.63,B60
Bhola,1983,10,86.55,B60
Bhola,1983,11,81.47,B60
Bhola,1983,12,80.87,B60
Bhola,1984,1,78.74,B60
Bhola,1984,2,73.24,B60
Bhola,1984,3,73.55,B60
Bhola,1984,4,80.63,B60
Bhola,1984,5,83.16,B60
Bhola,1984,6,88.63,B60
Bhola,1984,7,88.16,B60
Bhola,1984,8,88.9,B60
Bhola,1984,9,86.17,B60
Bhola,1984,10,86.23,B60
Bhola,1984,11,79.47,B60
Bhola,1984,12,79.87,B60
Bhola,1985,1,80.23,B60
Bhola,1985,2,75.61,B60
Bhola,1985,3,79.45,B60
Bhola,1985,4,78.77,B60
Bhola,1985,5,82.45,B60
Bhola,1985,6,87.67,B60
Bhola,1985,7,88.29,B60
Bhola,1985,8,86.55,B60
Bhola,1985,9,87.77,B60
Bhola,1985,10,83.29,B60
Bhola,1985,11,80.93,B60
Bhola,1985,12,80.55,B60
Bhola,1986,1,79.03,B60
Bhola,1986,2,72.54,B60
Bhola,1986,3,72.39,B60
Bhola,1986,4,78,B60
Bhola,1986,5,82.45,B60
Bhola,1986,6,86.23,B60
Bhola,1986,7,87.97,B60
Bhola,1986,8,85.29,B60
Bhola,1986,9,89.03,B60
Bhola,1986,10,85.35,B60
Bhola,1986,11,83.7,B60
Bhola,1986,12,80.61,B60
Bhola,1987,1,78.74,B60
Bhola,1987,2,74.25,B60
Bhola,1987,3,75.03,B60
Bhola,1987,4,82.03,B60
Bhola,1987,5,81.71,B60
Bhola,1987,6,85.28,B60
Bhola,1987,7,90.48,B60
Bhola,1987,8,87.84,B60
Bhola,1987,9,88.13,B60
Bhola,1987,10,83.58,B60
Bhola,1987,11,82.2,B60
Bhola,1987,12,82,B60
Bhola,1988,1,79.84,B60
Bhola,1988,2,79.21,B60
Bhola,1988,3,80.45,B60
Bhola,1988,4,81.93,B60
Bhola,1988,5,86.45,B60
Bhola,1988,6,89.27,B60
Bhola,1988,7,90.55,B60
Bhola,1988,8,90.26,B60
Bhola,1988,9,88.6,B60
Bhola,1988,10,86.35,B60
Bhola,1988,11,83.87,B60
Bhola,1988,12,84.45,B60
Bhola,1989,1,79.45,B60
Bhola,1989,2,76.11,B60
Bhola,1989,3,73.87,B60
Bhola,1989,4,79.8,B60
Bhola,1989,5,83,B60
Bhola,1989,6,87.97,B60
Bhola,1989,7,88.94,B60
Bhola,1989,8,87.71,B60
Bhola,1989,9,90.03,B60
Bhola,1989,10,90.19,B60
Bhola,1989,11,83.93,B60
Bhola,1989,12,82.06,B60
Bhola,1990,1,85.48,B60
Bhola,1990,2,83.61,B60
Bhola,1990,3,82.58,B60
Bhola,1990,4,82,B60
Bhola,1990,5,85.32,B60
Bhola,1990,6,89.13,B60
Bhola,1990,7,90.32,B60
Bhola,1990,8,87.26,B60
Bhola,1990,9,89.1,B60
Bhola,1990,10,88.65,B60
Bhola,1990,11,85.53,B60
Bhola,1990,12,83.26,B60
Bhola,1991,1,82.42,B60
Bhola,1991,2,79.86,B60
Bhola,1991,3,79.84,B60
Bhola,1991,4,84.7,B60
Bhola,1991,5,88.9,B60
Bhola,1991,6,91.37,B60
Bhola,1991,7,90.29,B60
Bhola,1991,8,91.68,B60
Bhola,1991,9,93.03,B60
Bhola,1991,10,90.19,B60
Bhola,1991,11,86.73,B60
Bhola,1991,12,87.42,B60
Bhola,1992,1,87.39,B60
Bhola,1992,2,83.97,B60
Bhola,1992,3,84.32,B60
Bhola,1992,4,82.37,B60
Bhola,1992,5,86.16,B60
Bhola,1992,6,87.3,B60
Bhola,1992,7,91.18,B60
Bhola,1992,8,88.87,B60
Bhola,1992,9,90.47,B60
Bhola,1992,10,87.55,B60
Bhola,1992,11,84.87,B60
Bhola,1992,12,77.94,B60
Bhola,1993,1,82.13,B60
Bhola,1993,2,80.61,B60
Bhola,1993,3,77.9,B60
Bhola,1993,4,81.5,B60
Bhola,1993,5,85.42,B60
Bhola,1993,6,89.7,B60
Bhola,1993,7,90.68,B60
Bhola,1993,8,90.81,B60
Bhola,1993,9,89.17,B60
Bhola,1993,10,87.65,B60
Bhola,1993,11,85.53,B60
Bhola,1993,12,82.13,B60
Bhola,1994,1,81.1,B60
Bhola,1994,2,77.75,B60
Bhola,1994,3,79.48,B60
Bhola,1994,4,79.97,B60
Bhola,1994,5,83.65,B60
Bhola,1994,6,90.23,B60
Bhola,1994,7,90.68,B60
Bhola,1994,8,89.29,B60
Bhola,1994,9,86.07,B60
Bhola,1994,10,86,B60
Bhola,1994,11,83.87,B60
Bhola,1994,12,80.16,B60
Bhola,1995,1,78.03,B60
Bhola,1995,2,79.61,B60
Bhola,1995,3,71.13,B60
Bhola,1995,4,79.13,B60
Bhola,1995,5,84.55,B60
Bhola,1995,6,89.23,B60
Bhola,1995,7,90.23,B60
Bhola,1995,8,88.39,B60
Bhola,1995,9,89.5,B60
Bhola,1995,10,87.42,B60
Bhola,1995,11,86.6,B60
Bhola,1995,12,80.9,B60
Bhola,1996,1,79.77,B60
Bhola,1996,2,75.76,B60
Bhola,1996,3,78.32,B60
Bhola,1996,4,82.33,B60
Bhola,1996,5,84.52,B60
Bhola,1996,6,87.37,B60
Bhola,1996,7,88.58,B60
Bhola,1996,8,90.48,B60
Bhola,1996,9,87.53,B60
Bhola,1996,10,84.19,B60
Bhola,1996,11,82.33,B60
Bhola,1996,12,79.48,B60
Bhola,1997,1,78.1,B60
Bhola,1997,2,77.75,B60
Bhola,1997,3,80.42,B60
Bhola,1997,4,81.87,B60
Bhola,1997,5,84.32,B60
Bhola,1997,6,86.27,B60
Bhola,1997,7,90.84,B60
Bhola,1997,8,88.16,B60
Bhola,1997,9,89.2,B60
Bhola,1997,10,83.16,B60
Bhola,1997,11,81.4,B60
Bhola,1997,12,83.16,B60
Bhola,1998,1,84.26,B60
Bhola,1998,2,79.25,B60
Bhola,1998,3,77.97,B60
Bhola,1998,4,82.57,B60
Bhola,1998,5,86.06,B60
Bhola,1998,6,88.17,B60
Bhola,1998,7,93.13,B60
Bhola,1998,8,92.13,B60
Bhola,1998,9,89.93,B60
Bhola,1998,10,87.97,B60
Bhola,1998,11,83.67,B60
Bhola,1998,12,81.97,B60
Bhola,1999,1,80.23,B60
Bhola,1999,2,74.93,B60
Bhola,1999,3,75.87,B60
Bhola,1999,4,79.33,B60
Bhola,1999,5,87.58,B60
Bhola,1999,6,90.03,B60
Bhola,1999,7,90.55,B60
Bhola,1999,8,91.58,B60
Bhola,1999,9,89.9,B60
Bhola,1999,10,88.68,B60
Bhola,1999,11,81.3,B60
Bhola,1999,12,81.06,B60
Bhola,2000,1,80.65,B60
Bhola,2000,2,76.17,B60
Bhola,2000,3,77.52,B60
Bhola,2000,4,80.23,B60
Bhola,2000,5,84.45,B60
Bhola,2000,6,88.9,B60
Bhola,2000,7,89.1,B60
Bhola,2000,8,87.71,B60
Bhola,2000,9,87.9,B60
Bhola,2000,10,85.9,B60
Bhola,2000,11,82.2,B60
Bhola,2000,12,78.77,B60
Bhola,2001,1,77.29,B60
Bhola,2001,2,77.11,B60
Bhola,2001,3,72.48,B60
Bhola,2001,4,74.87,B60
Bhola,2001,5,84.68,B60
Bhola,2001,6,92.2,B60
Bhola,2001,7,89.35,B60
Bhola,2001,8,87,B60
Bhola,2001,9,89.17,B60
Bhola,2001,10,87.84,B60
Bhola,2001,11,86,B60
Bhola,2001,12,82.52,B60
Bhola,2002,1,81.42,B60
Bhola,2002,2,73.18,B60
Bhola,2002,3,73.71,B60
Bhola,2002,4,81.07,B60
Bhola,2002,5,84.26,B60
Bhola,2002,6,89.5,B60
Bhola,2002,7,91.29,B60
Bhola,2002,8,89.35,B60
Bhola,2002,9,87.77,B60
Bhola,2002,10,84.39,B60
Bhola,2002,11,83.1,B60
Bhola,2002,12,83.26,B60
Bhola,2003,1,82.13,B60
Bhola,2003,2,75.29,B60
Bhola,2003,3,75.94,B60
Bhola,2003,4,81.17,B60
Bhola,2003,5,81.39,B60
Bhola,2003,6,88.53,B60
Bhola,2003,7,87.42,B60
Bhola,2003,8,86.55,B60
Bhola,2003,9,88.67,B60
Bhola,2003,10,87.29,B60
Bhola,2003,11,80.73,B60
Bhola,2003,12,83.81,B60
Bhola,2004,1,83.71,B60
Bhola,2004,2,75.9,B60
Bhola,2004,3,77.52,B60
Bhola,2004,4,81.1,B60
Bhola,2004,5,79.48,B60
Bhola,2004,6,88.53,B60
Bhola,2004,7,88.42,B60
Bhola,2004,8,88.26,B60
Bhola,2004,9,90.73,B60
Bhola,2004,10,85.77,B60
Bhola,2004,11,82.87,B60
Bhola,2004,12,83.32,B60
Bhola,2005,1,80.61,B60
Bhola,2005,2,75.07,B60
Bhola,2005,3,79.26,B60
Bhola,2005,4,77.67,B60
Bhola,2005,5,80.39,B60
Bhola,2005,6,85.7,B60
Bhola,2005,7,88.74,B60
Bhola,2005,8,90.65,B60
Bhola,2005,9,88,B60
Bhola,2005,10,88.68,B60
Bhola,2005,11,84.43,B60
Bhola,2005,12,82.55,B60
Bhola,2006,1,82.32,B60
Bhola,2006,2,80.54,B60
Bhola,2006,3,75.06,B60
Bhola,2006,4,76.53,B60
Bhola,2006,5,83.13,B60
Bhola,2006,6,87.37,B60
Bhola,2006,7,88.74,B60
Bhola,2006,8,87.19,B60
Bhola,2006,9,87.83,B60
Bhola,2006,10,88.06,B60
Bhola,2006,11,85.83,B60
Bhola,2006,12,84.03,B60
Bhola,2007,1,80.87,B60
Bhola,2007,2,79.93,B60
Bhola,2007,3,71.74,B60
Bhola,2007,4,78.47,B60
Bhola,2007,5,82.45,B60
Bhola,2007,6,87.47,B60
Bhola,2007,7,90.45,B60
Bhola,2007,8,86.42,B60
Bhola,2007,9,90,B60
Bhola,2007,10,85.84,B60
Bhola,2007,11,85.03,B60
Bhola,2007,12,84.42,B60
Bhola,2008,1,82.77,B60
Bhola,2008,2,78.03,B60
Bhola,2008,3,82.16,B60
Bhola,2008,4,80.33,B60
Bhola,2008,5,83.74,B60
Bhola,2008,6,89,B60
Bhola,2008,7,92.03,B60
Bhola,2008,8,90.03,B60
Bhola,2008,9,88.7,B60
Bhola,2008,10,87.23,B60
Bhola,2008,11,82.33,B60
Bhola,2008,12,86.77,B60
Bhola,2009,1,83,B60
Bhola,2009,2,77.04,B60
Bhola,2009,3,78.03,B60
Bhola,2009,4,81.97,B60
Bhola,2009,5,83.16,B60
Bhola,2009,6,87.93,B60
Bhola,2009,7,93.48,B60
Bhola,2009,8,90.87,B60
Bhola,2009,9,88.33,B60
Bhola,2009,10,85.48,B60
Bhola,2009,11,82.47,B60
Bhola,2009,12,81.87,B60
Bhola,2010,1,81.03,B60
Bhola,2010,2,73.43,B60
Bhola,2010,3,75.84,B60
Bhola,2010,4,83.6,B60
Bhola,2010,5,86.87,B60
Bhola,2010,6,90.23,B60
Bhola,2010,7,89.71,B60
Bhola,2010,8,87.42,B60
Bhola,2010,9,88.2,B60
Bhola,2010,10,84.87,B60
Bhola,2010,11,81.87,B60
Bhola,2010,12,80.87,B60
Bhola,2011,1,79.77,B60
Bhola,2011,2,75.68,B60
Bhola,2011,3,75.19,B60
Bhola,2011,4,79.57,B60
Bhola,2011,5,84.13,B60
Bhola,2011,6,88.23,B60
Bhola,2011,7,87.58,B60
Bhola,2011,8,88.77,B60
Bhola,2011,9,90.03,B60
Bhola,2011,10,85.39,B60
Bhola,2011,11,82.9,B60
Bhola,2011,12,84.9,B60
Bhola,2012,1,82.65,B60
Bhola,2012,2,74.52,B60
Bhola,2012,3,77.87,B60
Bhola,2012,4,81.2,B60
Bhola,2012,5,79.48,B60
Bhola,2012,6,85.87,B60
Bhola,2012,7,88.35,B60
Bhola,2012,8,87.1,B60
Bhola,2012,9,88.63,B60
Bhola,2012,10,86.1,B60
Bhola,2012,11,82.87,B60
Bhola,2012,12,85.39,B60
Bhola,2013,1,78.26,B60
Bhola,2013,2,73.68,B60
Bhola,2013,3,74.26,B60
Bhola,2013,4,76.47,B60
Bhola,2013,5,86.23,B60
Bhola,2013,6,84.8,B60
Bhola,2013,7,87.84,B60
Bhola,2013,8,89.65,B60
Bhola,2013,9,87.7,B60
Bhola,2013,10,86.77,B60
Bhola,2013,11,80.93,B60
Bhola,2013,12,83.06,B60
Bhola,2014,1,83.74,B60
Bhola,2014,2,77.89,B60
Bhola,2014,3,73.68,B60
Bhola,2014,4,74.17,B60
Bhola,2014,5,78.81,B60
Bhola,2014,6,86.8,B60
Bhola,2014,7,87.65,B60
Bhola,2014,8,89.42,B60
Bhola,2014,9,87,B60
Bhola,2014,10,83.94,B60
Bhola,2014,11,83.37,B60
Bhola,2014,12,86.52,B60
Bhola,2015,1,82.68,B60
Bhola,2015,2,78.43,B60
Bhola,2015,3,73.23,B60
Bhola,2015,4,79.57,B60
Bhola,2015,5,80.06,B60
Bhola,2015,6,86.17,B60
Bhola,2015,7,90.13,B60
Bhola,2015,8,89.16,B60
Bhola,2015,9,88.2,B60
Bhola,2015,10,87,B60
Bhola,2015,11,84.27,B60
Bhola,2015,12,84.81,B60
Bhola,2016,1,85.55,B60
Bhola,2016,2,81.86,B60
Bhola,2016,3,81.29,B60
Bhola,2016,4,80.57,B60
Bhola,2016,5,82.42,B60
Bhola,2016,6,85.07,B60
Bhola,2016,7,88.84,B60
Bhola,2016,8,87.81,B60
Bhola,2016,9,86.97,B60
Bhola,2016,10,86.58,B60
Bhola,2016,11,82.23,B60
Bhola,2016,12,82.13,B60
Bhola,2017,1,78,B60
Bhola,2017,2,73.43,B60
Bhola,2017,3,78.1,B60
Bhola,2017,4,79.83,B60
Bhola,2017,5,77.32,B60
Bhola,2017,6,83.3,B60
Bhola,2017,7,86.16,B60
Bhola,2017,8,85.61,B60
Bhola,2017,9,84.97,B60
Bhola,2017,10,84.19,B60
Bhola,2017,11,82.57,B60
Bhola,2017,12,86.71,B60
Bhola,2018,1,81.45,B60
Bhola,2018,2,77.39,B60
Bhola,2018,3,75.03,B60
Bhola,2018,4,76.67,B60
Bhola,2018,5,85,B60
Bhola,2018,6,86.33,B60
Bhola,2018,7,87.58,B60
Bhola,2018,8,86.06,B60
Bhola,2018,9,85.17,B60
Bhola,2018,10,84.81,B60
Bhola,2018,11,82.1,B60
Bhola,2018,12,82.1,B60
Bhola,2019,1,77.74,B60
Bhola,2019,2,78.5,B60
Bhola,2019,3,74.39,B60
Bhola,2019,4,76.83,B60
Bhola,2019,5,79.23,B60
Bhola,2019,6,82.87,B60
Bhola,2019,7,88.68,B60
Bhola,2019,8,85.71,B60
Bhola,2019,9,87.23,B60
Bhola,2019,10,86.23,B60
Bhola,2019,11,85.3,B60
Bhola,2019,12,84.45,B60
Bhola,2020,1,83.71,B60
Bhola,2020,2,74.79,B60
Bhola,2020,3,69.9,B60
Bhola,2020,4,79.2,B60
Bhola,2020,5,79.68,B60
Bhola,2020,6,87.67,B60
Bhola,2020,7,87.87,B60
Bhola,2020,8,88.16,B60
Bhola,2020,9,86.83,B60
Bhola,2020,10,86.87,B60
Bhola,2020,11,83.5,B60
Bhola,2020,12,89.95,B60
Bhola,2021,1,86.19,B60
Bhola,2021,2,75.27,B60
Bhola,2021,3,69.16,B60
Bhola,2021,4,67.93,B60
Bhola,2021,5,71.32,B60
Bhola,2021,6,86.83,B60
Bhola,2021,7,88.72,B60
Bhola,2021,8,88.56,B60
Bhola,2021,9,87.52,B60
Bhola,2021,10,86.84,B60
Bhola,2021,11,82.42,B60
Bhola,2021,12,85.21,B60
Bhola,2023,1,88.84,B60
Bhola,2023,2,76.02,B60
Bhola,2023,3,72.18,B60
Bhola,2023,4,69.72,B60
Bhola,2023,5,74.77,B60
Bhola,2023,6,83.57,B60
Bhola,2023,7,79.89,B60
Bhola,2023,8,87.48,B60
Bhola,2023,9,86.32,B60
Bhola,2023,10,86.65,B60
Bhola,2023,11,87.15,B60
Bhola,2023,12,90.63,B60
Bhola,2022,1,84.97,B60
Bhola,2022,2,78.14,B60
Bhola,2022,3,72.48,B60
Bhola,2022,4,79.37,B60
Bhola,2022,5,82.23,B60
Bhola,2022,6,86.3,B60
Bhola,2022,7,84.19,B60
Bhola,2022,8,85.94,B60
Bhola,2022,9,87.7,B60
Bhola,2022,10,85.77,B60
Bhola,2022,11,81.77,B60
Bhola,2022,12,85,B60
Bogura,1948,2,58.03,B60
Bogura,1948,3,47.35,B60
Bogura,1948,4,63.57,B60
Bogura,1948,5,81.1,B60
Bogura,1948,7,84.61,B60
Bogura,1948,8,83.61,B60
Bogura,1948,9,84.73,B60
Bogura,1948,10,80,B60
Bogura,1948,11,76.83,B60
Bogura,1948,12,70.45,B60
Bogura,1949,1,79.35,B60
Bogura,1949,2,70.57,B60
Bogura,1949,3,61.13,B60
Bogura,1949,4,81.17,B60
Bogura,1949,7,87,B60
Bogura,1949,8,87.65,B60
Bogura,1949,10,82.16,B60
Bogura,1949,11,71.1,B60
Bogura,1949,12,67.6,B60
Bogura,1950,1,68.1,B60
Bogura,1950,2,68.21,B60
Bogura,1950,3,60.1,B60
Bogura,1950,4,45.23,B60
Bogura,1950,5,73.13,B60
Bogura,1950,6,86.03,B60
Bogura,1950,7,86.74,B60
Bogura,1950,8,88.9,B60
Bogura,1950,9,81.57,B60
Bogura,1950,10,83.23,B60
Bogura,1950,11,76.03,B60
Bogura,1950,12,73.29,B60
Bogura,1951,1,71.32,B60
Bogura,1951,2,50.71,B60
Bogura,1951,3,48.32,B60
Bogura,1951,4,48.7,B60
Bogura,1951,5,70.87,B60
Bogura,1951,6,86.43,B60
Bogura,1951,7,85.84,B60
Bogura,1951,8,85.19,B60
Bogura,1951,9,83.27,B60
Bogura,1951,10,84.26,B60
Bogura,1951,11,78,B60
Bogura,1951,12,72.16,B60
Bogura,1952,1,65.9,B60
Bogura,1952,2,53.24,B60
Bogura,1952,3,57,B60
Bogura,1952,4,59.67,B60
Bogura,1952,5,75.39,B60
Bogura,1952,6,82,B60
Bogura,1952,7,84.48,B60
Bogura,1952,8,82.87,B60
Bogura,1952,9,84.37,B60
Bogura,1952,10,77.35,B60
Bogura,1952,11,73.03,B60
Bogura,1952,12,67.9,B60
Bogura,1953,1,78.81,B60
Bogura,1953,2,74.18,B60
Bogura,1953,3,80.26,B60
Bogura,1953,4,66.03,B60
Bogura,1953,5,81.58,B60
Bogura,1953,6,85.97,B60
Bogura,1953,7,89.29,B60
Bogura,1953,8,84.16,B60
Bogura,1953,9,86.9,B60
Bogura,1953,10,78.9,B60
Bogura,1953,11,73.17,B60
Bogura,1953,12,73.52,B60
Bogura,1954,1,75.9,B60
Bogura,1954,2,68,B60
Bogura,1954,3,51.87,B60
Bogura,1954,4,56.87,B60
Bogura,1954,5,73.13,B60
Bogura,1954,6,89.27,B60
Bogura,1954,7,88.65,B60
Bogura,1954,8,87.77,B60
Bogura,1954,9,84.33,B60
Bogura,1954,10,82.16,B60
Bogura,1954,11,75.83,B60
Bogura,1954,12,74.58,B60
Bogura,1955,1,70.26,B60
Bogura,1955,2,55.71,B60
Bogura,1955,3,56.03,B60
Bogura,1955,4,53.8,B60
Bogura,1955,5,73.68,B60
Bogura,1955,6,85.03,B60
Bogura,1955,7,89.19,B60
Bogura,1955,8,89.13,B60
Bogura,1955,9,85.97,B60
Bogura,1955,10,81.1,B60
Bogura,1955,11,79.1,B60
Bogura,1955,12,77.19,B60
Bogura,1956,1,74.23,B60
Bogura,1956,2,63.38,B60
Bogura,1956,3,65.06,B60
Bogura,1956,4,62.77,B60
Bogura,1956,5,83.13,B60
Bogura,1956,6,88.27,B60
Bogura,1956,7,84.39,B60
Bogura,1956,8,87.26,B60
Bogura,1956,9,85.17,B60
Bogura,1956,10,83.77,B60
Bogura,1956,11,75.23,B60
Bogura,1956,12,75.06,B60
Bogura,1957,1,77.29,B60
Bogura,1957,2,68.29,B60
Bogura,1957,3,58.52,B60
Bogura,1957,4,47.43,B60
Bogura,1957,5,61.68,B60
Bogura,1957,6,84.67,B60
Bogura,1957,7,87.29,B60
Bogura,1957,8,84.87,B60
Bogura,1957,9,83.93,B60
Bogura,1957,10,79.29,B60
Bogura,1957,11,71.53,B60
Bogura,1957,12,72.94,B60
Bogura,1958,1,68.58,B60
Bogura,1958,2,62.11,B60
Bogura,1958,3,48.03,B60
Bogura,1958,4,59.03,B60
Bogura,1958,5,75.71,B60
Bogura,1958,6,79.37,B60
Bogura,1958,7,83.45,B60
Bogura,1958,8,88.29,B60
Bogura,1958,9,84.73,B60
Bogura,1958,10,82.03,B60
Bogura,1958,11,77.47,B60
Bogura,1958,12,77.81,B60
Bogura,1959,1,78.61,B60
Bogura,1959,2,70.54,B60
Bogura,1959,3,63.84,B60
Bogura,1959,4,72.5,B60
Bogura,1959,5,82.39,B60
Bogura,1959,6,87.53,B60
Bogura,1959,7,86.45,B60
Bogura,1959,8,87.03,B60
Bogura,1959,9,86.17,B60
Bogura,1959,10,87.58,B60
Bogura,1959,11,76.83,B60
Bogura,1959,12,75.61,B60
Bogura,1960,1,67.23,B60
Bogura,1960,2,60.45,B60
Bogura,1960,3,60.06,B60
Bogura,1960,4,44.07,B60
Bogura,1960,5,69.1,B60
Bogura,1960,6,84.67,B60
Bogura,1960,7,87.68,B60
Bogura,1960,8,87.06,B60
Bogura,1960,9,89.6,B60
Bogura,1960,10,81,B60
Bogura,1960,11,77.93,B60
Bogura,1960,12,76.81,B60
Bogura,1961,1,76.77,B60
Bogura,1961,2,68.25,B60
Bogura,1961,3,59.06,B60
Bogura,1961,4,60.9,B60
Bogura,1961,5,81.65,B60
Bogura,1961,6,87.33,B60
Bogura,1961,7,85.16,B60
Bogura,1961,8,88.77,B60
Bogura,1961,9,85.23,B60
Bogura,1961,10,83.74,B60
Bogura,1961,11,78.67,B60
Bogura,1961,12,77.42,B60
Bogura,1962,1,73.77,B60
Bogura,1962,2,68.75,B60
Bogura,1962,3,51.32,B60
Bogura,1962,4,56.17,B60
Bogura,1962,5,78.81,B60
Bogura,1962,6,87.27,B60
Bogura,1962,7,85.03,B60
Bogura,1962,8,87.48,B60
Bogura,1962,9,82.33,B60
Bogura,1962,10,79.55,B60
Bogura,1962,11,72.9,B60
Bogura,1962,12,73.52,B60
Bogura,1963,1,71,B60
Bogura,1963,2,60.54,B60
Bogura,1963,3,59.35,B60
Bogura,1963,4,65.3,B60
Bogura,1963,5,80.26,B60
Bogura,1963,6,86.1,B60
Bogura,1963,7,88.1,B60
Bogura,1963,8,86.06,B60
Bogura,1963,9,84.27,B60
Bogura,1963,10,84.58,B60
Bogura,1963,11,80.77,B60
Bogura,1963,12,75.48,B60
Bogura,1964,1,66.23,B60
Bogura,1964,2,60.28,B60
Bogura,1964,3,51.9,B60
Bogura,1964,4,69.72,B60
Bogura,1964,5,100,B60
Bogura,1964,6,85.23,B60
Bogura,1964,7,88.16,B60
Bogura,1964,8,85.03,B60
Bogura,1964,9,86,B60
Bogura,1964,10,85.52,B60
Bogura,1964,11,76.47,B60
Bogura,1964,12,73.97,B60
Bogura,1965,1,67.79,B60
Bogura,1965,2,61.18,B60
Bogura,1965,3,54.19,B60
Bogura,1965,4,56.03,B60
Bogura,1965,5,72.58,B60
Bogura,1965,6,87.23,B60
Bogura,1965,7,86.71,B60
Bogura,1965,8,87.1,B60
Bogura,1965,9,85.7,B60
Bogura,1965,10,81.55,B60
Bogura,1965,11,78.6,B60
Bogura,1965,12,71.45,B60
Bogura,1969,1,64.55,B60
Bogura,1969,2,52.93,B60
Bogura,1969,3,55.13,B60
Bogura,1969,4,67.93,B60
Bogura,1969,5,72.94,B60
Bogura,1969,6,86.47,B60
Bogura,1969,7,86.77,B60
Bogura,1969,8,88.16,B60
Bogura,1969,9,85.93,B60
Bogura,1969,10,80.29,B60
Bogura,1969,11,76.27,B60
Bogura,1969,12,71.68,B60
Bogura,1970,1,72.23,B60
Bogura,1970,2,62.11,B60
Bogura,1970,3,54.17,B60
Bogura,1970,4,62.47,B60
Bogura,1970,5,71.26,B60
Bogura,1970,6,86.37,B60
Bogura,1970,7,88.45,B60
Bogura,1970,8,84.13,B60
Bogura,1970,9,86.67,B60
Bogura,1970,10,86.17,B60
Bogura,1970,11,77.1,B60
Bogura,1970,12,75.77,B60
Bogura,1971,1,72.65,B60
Bogura,1971,2,63.04,B60
Bogura,1971,3,63.48,B60
Bogura,1971,7,84.87,B60
Bogura,1971,8,86.13,B60
Bogura,1971,9,82.53,B60
Bogura,1971,10,79.97,B60
Bogura,1971,11,71.43,B60
Bogura,1971,12,66.4,B60
Bogura,1972,1,64.45,B60
Bogura,1972,2,59,B60
Bogura,1972,3,53.06,B60
Bogura,1972,4,55.47,B60
Bogura,1972,5,68.74,B60
Bogura,1972,6,84.13,B60
Bogura,1972,7,84.9,B60
Bogura,1972,8,86.06,B60
Bogura,1972,9,84,B60
Bogura,1972,10,80.16,B60
Bogura,1972,11,75.93,B60
Bogura,1972,12,71.65,B60
Bogura,1973,1,70.26,B60
Bogura,1973,2,63.61,B60
Bogura,1973,3,61.45,B60
Bogura,1973,4,60.7,B60
Bogura,1973,5,82.77,B60
Bogura,1973,6,88.3,B60
Bogura,1973,7,84.84,B60
Bogura,1973,8,84.87,B60
Bogura,1973,9,87.77,B60
Bogura,1973,10,83.06,B60
Bogura,1973,11,80.7,B60
Bogura,1973,12,76.87,B60
Bogura,1974,1,72.23,B60
Bogura,1974,2,64.79,B60
Bogura,1974,3,63.58,B60
Bogura,1974,4,78.47,B60
Bogura,1974,5,81.39,B60
Bogura,1974,6,86,B60
Bogura,1974,7,90.13,B60
Bogura,1974,8,85.17,B60
Bogura,1974,9,86.53,B60
Bogura,1974,10,83.45,B60
Bogura,1974,11,74.9,B60
Bogura,1974,12,71.03,B60
Bogura,1975,1,69.63,B60
Bogura,1975,2,60.79,B60
Bogura,1975,3,51.26,B60
Bogura,1975,4,59.1,B60
Bogura,1975,5,75.32,B60
Bogura,1975,6,81.33,B60
Bogura,1975,7,89.84,B60
Bogura,1975,8,84.55,B60
Bogura,1975,9,87.89,B60
Bogura,1975,10,84.17,B60
Bogura,1975,11,75.21,B60
Bogura,1975,12,73.1,B60
Bogura,1976,1,70.9,B60
Bogura,1976,2,60.41,B60
Bogura,1976,3,50.39,B60
Bogura,1976,4,52.7,B60
Bogura,1976,5,78.77,B60
Bogura,1976,6,85.2,B60
Bogura,1976,7,85.45,B60
Bogura,1976,8,89,B60
Bogura,1976,9,84.93,B60
Bogura,1976,10,81.39,B60
Bogura,1976,11,76.83,B60
Bogura,1976,12,72.84,B60
Bogura,1977,7,88.19,B60
Bogura,1977,8,85.74,B60
Bogura,1977,9,85.47,B60
Bogura,1977,10,85.55,B60
Bogura,1977,11,79.9,B60
Bogura,1977,12,78.26,B60
Bogura,1978,1,71.55,B60
Bogura,1978,3,56.84,B60
Bogura,1978,4,66.93,B60
Bogura,1978,5,85.39,B60
Bogura,1978,6,88.43,B60
Bogura,1978,7,85.84,B60
Bogura,1978,8,83.61,B60
Bogura,1978,9,86.03,B60
Bogura,1978,10,77.22,B60
Bogura,1979,1,70.87,B60
Bogura,1979,2,63.04,B60
Bogura,1979,3,46.03,B60
Bogura,1979,4,60.23,B60
Bogura,1979,5,59.03,B60
Bogura,1979,6,77.23,B60
Bogura,1979,7,88.61,B60
Bogura,1979,8,85.03,B60
Bogura,1979,9,85.37,B60
Bogura,1979,10,80.39,B60
Bogura,1979,11,75.6,B60
Bogura,1979,12,78.13,B60
Bogura,1980,1,70.19,B60
Bogura,1980,2,64.41,B60
Bogura,1980,3,54.87,B60
Bogura,1980,4,58.7,B60
Bogura,1980,5,79.65,B60
Bogura,1980,6,85.37,B60
Bogura,1980,7,86.87,B60
Bogura,1980,8,86.16,B60
Bogura,1980,9,86.37,B60
Bogura,1980,10,83.74,B60
Bogura,1980,11,73.17,B60
Bogura,1980,12,73.26,B60
Bogura,1981,1,78.1,B60
Bogura,1981,2,67.89,B60
Bogura,1981,3,62.48,B60
Bogura,1981,4,75.87,B60
Bogura,1981,5,79.65,B60
Bogura,1981,6,81.73,B60
Bogura,1981,7,87.48,B60
Bogura,1981,8,84.29,B60
Bogura,1981,9,86.37,B60
Bogura,1981,10,74.29,B60
Bogura,1981,11,73.07,B60
Bogura,1981,12,75.84,B60
Bogura,1982,1,72.61,B60
Bogura,1982,2,62.71,B60
Bogura,1982,3,63,B60
Bogura,1982,4,66.67,B60
Bogura,1982,5,70.03,B60
Bogura,1982,6,84.33,B60
Bogura,1982,7,85.84,B60
Bogura,1982,8,85.61,B60
Bogura,1982,9,82.53,B60
Bogura,1982,10,78.19,B60
Bogura,1982,11,75.7,B60
Bogura,1982,12,75.23,B60
Bogura,1983,1,72.13,B60
Bogura,1983,2,61.11,B60
Bogura,1983,3,57.23,B60
Bogura,1983,4,59.13,B60
Bogura,1983,5,79.81,B60
Bogura,1983,6,80.23,B60
Bogura,1983,7,85.03,B60
Bogura,1983,8,85.58,B60
Bogura,1983,9,88.17,B60
Bogura,1983,10,84.32,B60
Bogura,1983,11,74.5,B60
Bogura,1983,12,74.16,B60
Bogura,1984,1,74.71,B60
Bogura,1984,2,67.24,B60
Bogura,1984,3,59.77,B60
Bogura,1984,4,63.7,B60
Bogura,1984,5,85.42,B60
Bogura,1984,6,87.2,B60
Bogura,1984,7,88.06,B60
Bogura,1984,8,85,B60
Bogura,1984,9,85.7,B60
Bogura,1984,10,81.81,B60
Bogura,1984,11,72.4,B60
Bogura,1984,12,74.97,B60
Bogura,1985,1,72.42,B60
Bogura,1985,2,66.21,B60
Bogura,1985,3,60.61,B60
Bogura,1985,4,65.27,B60
Bogura,1985,5,76.81,B60
Bogura,1985,6,85.97,B60
Bogura,1985,7,87.77,B60
Bogura,1985,8,85.26,B60
Bogura,1985,9,87.87,B60
Bogura,1985,10,80.58,B60
Bogura,1985,11,73.43,B60
Bogura,1985,12,74.13,B60
Bogura,1986,1,72.42,B60
Bogura,1986,2,63.36,B60
Bogura,1986,3,52.9,B60
Bogura,1986,4,73.33,B60
Bogura,1986,5,78.74,B60
Bogura,1986,6,85.9,B60
Bogura,1986,7,88.65,B60
Bogura,1986,8,84.74,B60
Bogura,1986,9,88.33,B60
Bogura,1986,10,84.58,B60
Bogura,1986,11,79.03,B60
Bogura,1986,12,76.45,B60
Bogura,1987,1,73.81,B60
Bogura,1987,2,69.86,B60
Bogura,1987,3,68.68,B60
Bogura,1987,4,68.27,B60
Bogura,1987,5,72.97,B60
Bogura,1987,6,83.38,B60
Bogura,1987,7,90.48,B60
Bogura,1987,8,87.65,B60
Bogura,1987,9,86.83,B60
Bogura,1987,10,78.03,B60
Bogura,1987,11,76.93,B60
Bogura,1987,12,76.9,B60
Bogura,1988,1,74.48,B60
Bogura,1988,2,72.17,B60
Bogura,1988,3,71.19,B60
Bogura,1988,4,73.37,B60
Bogura,1988,5,83.26,B60
Bogura,1988,6,85.53,B60
Bogura,1988,7,86.87,B60
Bogura,1988,8,87.19,B60
Bogura,1988,9,84.8,B60
Bogura,1988,10,82.39,B60
Bogura,1988,11,78.5,B60
Bogura,1988,12,80.94,B60
Bogura,1989,1,73.03,B60
Bogura,1989,2,66.93,B60
Bogura,1989,3,64,B60
Bogura,1989,4,63.67,B60
Bogura,1989,5,78.06,B60
Bogura,1989,6,83.2,B60
Bogura,1989,7,87.19,B60
Bogura,1989,8,83.81,B60
Bogura,1989,9,87.7,B60
Bogura,1989,10,84.1,B60
Bogura,1989,11,81.3,B60
Bogura,1989,12,80.2,B60
Bogura,1990,1,79.81,B60
Bogura,1990,2,77.61,B60
Bogura,1990,3,78.65,B60
Bogura,1990,4,80.7,B60
Bogura,1990,5,81.87,B60
Bogura,1990,6,87.03,B60
Bogura,1990,7,90.06,B60
Bogura,1990,8,88.1,B60
Bogura,1990,9,88.87,B60
Bogura,1990,10,88.52,B60
Bogura,1990,11,78,B60
Bogura,1990,12,75.23,B60
Bogura,1991,1,74.32,B60
Bogura,1991,2,70.75,B60
Bogura,1991,3,69.58,B60
Bogura,1991,4,72.83,B60
Bogura,1991,5,87.77,B60
Bogura,1991,6,86.67,B60
Bogura,1991,7,86.48,B60
Bogura,1991,8,84.97,B60
Bogura,1991,9,90.73,B60
Bogura,1991,10,85.97,B60
Bogura,1991,11,76.93,B60
Bogura,1991,12,80.35,B60
Bogura,1992,1,81.1,B60
Bogura,1992,2,74.69,B60
Bogura,1992,3,63.29,B60
Bogura,1992,4,66.03,B60
Bogura,1992,5,77.94,B60
Bogura,1992,6,82.2,B60
Bogura,1992,7,86.9,B60
Bogura,1992,8,84.45,B60
Bogura,1992,9,85.17,B60
Bogura,1992,10,82.61,B60
Bogura,1992,11,77.23,B60
Bogura,1992,12,76.13,B60
Bogura,1993,1,81.39,B60
Bogura,1993,2,74.75,B60
Bogura,1993,3,65.35,B60
Bogura,1993,4,72.07,B60
Bogura,1993,5,81.48,B60
Bogura,1993,6,86.6,B60
Bogura,1993,7,85.84,B60
Bogura,1993,8,87.26,B60
Bogura,1993,9,87.37,B60
Bogura,1993,10,82.9,B60
Bogura,1993,11,77.77,B60
Bogura,1993,12,75.23,B60
Bogura,1994,1,76.55,B60
Bogura,1994,2,73.71,B60
Bogura,1994,3,70,B60
Bogura,1994,4,70,B60
Bogura,1994,5,76.87,B60
Bogura,1994,6,86.9,B60
Bogura,1994,7,83.1,B60
Bogura,1994,8,84.61,B60
Bogura,1994,9,84.77,B60
Bogura,1994,10,80.81,B60
Bogura,1994,11,80.3,B60
Bogura,1994,12,75.87,B60
Bogura,1995,1,72.9,B60
Bogura,1995,2,72.71,B60
Bogura,1995,3,64.97,B60
Bogura,1995,4,65.87,B60
Bogura,1995,5,78.74,B60
Bogura,1995,6,87.23,B60
Bogura,1995,7,88.13,B60
Bogura,1995,8,87.16,B60
Bogura,1995,9,87.37,B60
Bogura,1995,10,83.55,B60
Bogura,1995,11,80.03,B60
Bogura,1995,12,79.16,B60
Bogura,1996,1,76.68,B60
Bogura,1996,2,73.69,B60
Bogura,1996,3,68.48,B60
Bogura,1996,4,68.03,B60
Bogura,1996,5,77.52,B60
Bogura,1996,6,83.57,B60
Bogura,1996,7,85.87,B60
Bogura,1996,8,84.94,B60
Bogura,1996,9,85.3,B60
Bogura,1996,10,82.03,B60
Bogura,1996,11,77.53,B60
Bogura,1996,12,74.29,B60
Bogura,1997,1,74.23,B60
Bogura,1997,2,68.96,B60
Bogura,1997,3,68.94,B60
Bogura,1997,4,79.57,B60
Bogura,1997,5,75.23,B60
Bogura,1997,6,82.03,B60
Bogura,1997,7,86.97,B60
Bogura,1997,8,85.19,B60
Bogura,1997,9,87.8,B60
Bogura,1997,10,78.58,B60
Bogura,1997,11,77.53,B60
Bogura,1997,12,83.52,B60
Bogura,1998,1,81.87,B60
Bogura,1998,2,70.46,B60
Bogura,1998,3,70.39,B60
Bogura,1998,4,77.77,B60
Bogura,1998,5,78.65,B60
Bogura,1998,6,84.5,B60
Bogura,1998,7,88.61,B60
Bogura,1998,8,88.35,B60
Bogura,1998,9,85.67,B60
Bogura,1998,10,85.26,B60
Bogura,1998,11,78.87,B60
Bogura,1998,12,76.42,B60
Bogura,1999,1,75.26,B60
Bogura,1999,2,69.54,B60
Bogura,1999,3,61.77,B60
Bogura,1999,4,73.8,B60
Bogura,1999,5,81.39,B60
Bogura,1999,6,83.27,B60
Bogura,1999,7,86.35,B60
Bogura,1999,8,86.65,B60
Bogura,1999,9,86.7,B60
Bogura,1999,10,83.94,B60
Bogura,1999,11,77.17,B60
Bogura,1999,12,77.06,B60
Bogura,2000,1,77.32,B60
Bogura,2000,2,71.83,B60
Bogura,2000,3,71.19,B60
Bogura,2000,4,77.4,B60
Bogura,2000,5,80.23,B60
Bogura,2000,6,82.8,B60
Bogura,2000,7,83.77,B60
Bogura,2000,8,84.94,B60
Bogura,2000,9,86.77,B60
Bogura,2000,10,82.29,B60
Bogura,2000,11,78.27,B60
Bogura,2000,12,73.39,B60
Bogura,2001,1,72.48,B60
Bogura,2001,2,70.32,B60
Bogura,2001,3,61.29,B60
Bogura,2001,4,67.47,B60
Bogura,2001,5,78.19,B60
Bogura,2001,6,83.9,B60
Bogura,2001,7,82.9,B60
Bogura,2001,8,82.58,B60
Bogura,2001,9,85.83,B60
Bogura,2001,10,85.39,B60
Bogura,2001,11,81.57,B60
Bogura,2001,12,81.65,B60
Bogura,2002,1,78.1,B60
Bogura,2002,2,68.54,B60
Bogura,2002,3,66.39,B60
Bogura,2002,4,78.37,B60
Bogura,2002,5,80.68,B60
Bogura,2002,6,86.93,B60
Bogura,2002,7,89.77,B60
Bogura,2002,8,86.06,B60
Bogura,2002,9,86.87,B60
Bogura,2002,10,83.45,B60
Bogura,2002,11,79,B60
Bogura,2002,12,81.48,B60
Bogura,2003,1,82.55,B60
Bogura,2003,2,74.86,B60
Bogura,2003,3,71.45,B60
Bogura,2003,4,76.93,B60
Bogura,2003,5,76.97,B60
Bogura,2003,6,84.47,B60
Bogura,2003,7,82.16,B60
Bogura,2003,8,82.87,B60
Bogura,2003,9,86.13,B60
Bogura,2003,10,86.23,B60
Bogura,2003,11,76.97,B60
Bogura,2003,12,77.42,B60
Bogura,2004,1,83.84,B60
Bogura,2004,2,69.59,B60
Bogura,2004,3,71.45,B60
Bogura,2004,4,78.53,B60
Bogura,2004,5,73.48,B60
Bogura,2004,6,84,B60
Bogura,2004,7,86.03,B60
Bogura,2004,8,82.65,B60
Bogura,2004,9,87.37,B60
Bogura,2004,10,83,B60
Bogura,2004,11,76.37,B60
Bogura,2004,12,77.42,B60
Bogura,2005,1,78.26,B60
Bogura,2005,2,67.86,B60
Bogura,2005,3,72.65,B60
Bogura,2005,4,72.5,B60
Bogura,2005,5,75.77,B60
Bogura,2005,6,78,B60
Bogura,2005,7,83.94,B60
Bogura,2005,8,85,B60
Bogura,2005,9,82.5,B60
Bogura,2005,10,84.39,B60
Bogura,2005,11,79.17,B60
Bogura,2005,12,74.45,B60
Bogura,2006,1,79.97,B60
Bogura,2006,2,75.07,B60
Bogura,2006,3,61.48,B60
Bogura,2006,4,75.3,B60
Bogura,2006,5,76.45,B60
Bogura,2006,6,82.9,B60
Bogura,2006,7,82.29,B60
Bogura,2006,8,81.1,B60
Bogura,2006,9,83.37,B60
Bogura,2006,10,80.32,B60
Bogura,2006,11,77.1,B60
Bogura,2006,12,75.61,B60
Bogura,2007,1,76.35,B60
Bogura,2007,2,77.14,B60
Bogura,2007,3,65.97,B60
Bogura,2007,4,72.83,B60
Bogura,2007,5,71.29,B60
Bogura,2007,6,83.63,B60
Bogura,2007,7,84.61,B60
Bogura,2007,8,82.58,B60
Bogura,2007,9,82.97,B60
Bogura,2007,10,81.13,B60
Bogura,2007,11,76.17,B60
Bogura,2007,12,76.68,B60
Bogura,2008,1,79.48,B60
Bogura,2008,2,72,B60
Bogura,2008,3,73.71,B60
Bogura,2008,4,71.4,B60
Bogura,2008,5,74.19,B60
Bogura,2008,6,84.07,B60
Bogura,2008,7,85.32,B60
Bogura,2008,8,84.61,B60
Bogura,2008,9,82.03,B60
Bogura,2008,10,81.84,B60
Bogura,2008,11,74.87,B60
Bogura,2008,12,82.74,B60
Bogura,2009,1,81.55,B60
Bogura,2009,2,65.82,B60
Bogura,2009,3,64.55,B60
Bogura,2009,4,69.87,B60
Bogura,2009,5,77.81,B60
Bogura,2009,6,78.33,B60
Bogura,2009,7,81.71,B60
Bogura,2009,8,85.52,B60
Bogura,2009,9,82.27,B60
Bogura,2009,10,79.48,B60
Bogura,2009,11,74.73,B60
Bogura,2009,12,79.1,B60
Bogura,2010,1,80.03,B60
Bogura,2010,2,66.11,B60
Bogura,2010,3,64,B60
Bogura,2010,4,75.43,B60
Bogura,2010,5,74.32,B60
Bogura,2010,6,82.9,B60
Bogura,2010,7,81.61,B60
Bogura,2010,8,82.48,B60
Bogura,2010,9,83.97,B60
Bogura,2010,10,81.32,B60
Bogura,2010,11,74.57,B60
Bogura,2010,12,74.58,B60
Bogura,2011,1,79.71,B60
Bogura,2011,2,68.46,B60
Bogura,2011,3,66.65,B60
Bogura,2011,4,71.47,B60
Bogura,2011,5,77.87,B60
Bogura,2011,6,81.5,B60
Bogura,2011,7,82.55,B60
Bogura,2011,8,85.74,B60
Bogura,2011,9,83.97,B60
Bogura,2011,10,77.58,B60
Bogura,2011,11,75.83,B60
Bogura,2011,12,81.9,B60
Bogura,2012,1,74.35,B60
Bogura,2012,2,63.59,B60
Bogura,2012,3,60.35,B60
Bogura,2012,4,70.63,B60
Bogura,2012,5,71.35,B60
Bogura,2012,6,80.67,B60
Bogura,2012,7,83.65,B60
Bogura,2012,8,82.32,B60
Bogura,2012,9,83.2,B60
Bogura,2012,10,78.97,B60
Bogura,2012,11,74.53,B60
Bogura,2012,12,84.65,B60
Bogura,2013,1,76.45,B60
Bogura,2013,2,67.29,B60
Bogura,2013,3,63.35,B60
Bogura,2013,5,81.26,B60
Bogura,2013,6,79.13,B60
Bogura,2013,7,81.42,B60
Bogura,2013,8,85.55,B60
Bogura,2013,9,81.37,B60
Bogura,2013,10,82.77,B60
Bogura,2013,11,73.63,B60
Bogura,2013,12,78.52,B60
Bogura,2014,1,82.26,B60
Bogura,2014,2,72.04,B60
Bogura,2014,3,62.81,B60
Bogura,2014,4,62,B60
Bogura,2014,5,72.45,B60
Bogura,2014,6,83.57,B60
Bogura,2014,7,83.42,B60
Bogura,2014,8,85.03,B60
Bogura,2014,9,85.13,B60
Bogura,2014,10,79.16,B60
Bogura,2014,11,73.67,B60
Bogura,2014,12,83,B60
Bogura,2015,1,79.68,B60
Bogura,2015,2,74,B60
Bogura,2015,3,67.81,B60
Bogura,2015,4,76.07,B60
Bogura,2015,5,76.55,B60
Bogura,2015,6,82.13,B60
Bogura,2015,7,83.74,B60
Bogura,2015,8,85.61,B60
Bogura,2015,9,81.57,B60
Bogura,2015,10,78.19,B60
Bogura,2015,11,75.57,B60
Bogura,2015,12,77.65,B60
Bogura,2016,1,77.65,B60
Bogura,2016,2,72,B60
Bogura,2016,3,66.94,B60
Bogura,2016,4,70.73,B60
Bogura,2016,5,77.48,B60
Bogura,2016,6,78.77,B60
Bogura,2016,7,86.32,B60
Bogura,2016,8,80.94,B60
Bogura,2016,9,85.47,B60
Bogura,2016,10,82.13,B60
Bogura,2016,11,74.53,B60
Bogura,2016,12,78.9,B60
Bogura,2017,1,74.61,B60
Bogura,2017,2,69,B60
Bogura,2017,3,71.19,B60
Bogura,2017,4,76.23,B60
Bogura,2017,5,77.55,B60
Bogura,2017,6,81.83,B60
Bogura,2017,7,86.06,B60
Bogura,2017,8,84.1,B60
Bogura,2017,9,84.97,B60
Bogura,2017,10,84.52,B60
Bogura,2017,11,75.83,B60
Bogura,2017,12,80.77,B60
Bogura,2018,1,80.77,B60
Bogura,2018,2,69.29,B60
Bogura,2018,3,67.13,B60
Bogura,2018,4,74.67,B60
Bogura,2018,5,79.55,B60
Bogura,2018,6,80.97,B60
Bogura,2018,7,83.35,B60
Bogura,2018,8,81.42,B60
Bogura,2018,9,80.9,B60
Bogura,2018,10,77.42,B60
Bogura,2018,11,71.77,B60
Bogura,2018,12,72.39,B60
Bogura,2019,1,68.68,B60
Bogura,2019,2,69.04,B60
Bogura,2019,3,61.94,B60
Bogura,2019,4,73.47,B60
Bogura,2019,5,75.87,B60
Bogura,2019,6,80.53,B60
Bogura,2019,7,83.23,B60
Bogura,2019,8,81.23,B60
Bogura,2019,9,85.33,B60
Bogura,2019,10,83.65,B60
Bogura,2019,11,80.87,B60
Bogura,2019,12,82.65,B60
Bogura,2020,1,84.94,B60
Bogura,2020,2,74.21,B60
Bogura,2020,3,65.74,B60
Bogura,2020,4,71,B60
Bogura,2020,5,80.32,B60
Bogura,2020,6,83.9,B60
Bogura,2020,7,85.06,B60
Bogura,2020,8,80.77,B60
Bogura,2020,9,85.83,B60
Bogura,2020,10,82.03,B60
Bogura,2020,11,70.07,B60
Bogura,2020,12,87.16,B60
Bogura,2021,1,79.68,B60
Bogura,2021,2,61.04,B60
Bogura,2021,3,54.22,B60
Bogura,2021,4,59.78,B60
Bogura,2021,5,73.29,B60
Bogura,2021,6,81.68,B60
Bogura,2023,1,79.79,B60
Bogura,2023,2,65.23,B60
Bogura,2023,3,62.39,B60
Bogura,2023,4,55.9,B60
Bogura,2023,5,62.61,B60
Bogura,2023,6,75.62,B60
Bogura,2023,7,77.76,B60
Bogura,2023,8,80.74,B60
Bogura,2023,9,79.42,B60
Bogura,2023,10,79.06,B60
Bogura,2023,11,71.07,B60
Bogura,2023,12,79.56,B60
Bogura,2022,1,78.06,B60
Bogura,2022,2,70.68,B60
Bogura,2022,3,63.19,B60
Bogura,2022,4,77.8,B60
Bogura,2022,5,77.77,B60
Bogura,2022,6,82.37,B60
Bogura,2022,7,77.16,B60
Bogura,2022,8,77.74,B60
Bogura,2022,9,84.4,B60
Bogura,2022,10,78.35,B60
Bogura,2022,11,72.63,B60
Bogura,2022,12,76.03,B60
Bogura,2021,7,82.63,B60
Bogura,2021,8,85.24,B60
Bogura,2021,9,79.58,B60
Bogura,2021,10,78.12,B60
Bogura,2021,11,72.7,B60
Bogura,2021,12,73.21,B60
Chandpur,1964,3,79.7,B60
Chandpur,1964,4,81.57,B60
Chandpur,1964,6,86.73,B60
Chandpur,1964,7,89.48,B60
Chandpur,1964,8,86.42,B60
Chandpur,1964,9,86.07,B60
Chandpur,1964,10,86.32,B60
Chandpur,1964,11,79.13,B60
Chandpur,1964,12,76.48,B60
Chandpur,1966,1,74.13,B60
Chandpur,1966,2,72.86,B60
Chandpur,1966,3,66.84,B60
Chandpur,1966,4,66.27,B60
Chandpur,1966,5,70.94,B60
Chandpur,1966,6,86.93,B60
Chandpur,1966,7,85.61,B60
Chandpur,1966,8,88.97,B60
Chandpur,1966,9,85.37,B60
Chandpur,1966,10,83,B60
Chandpur,1966,11,78.87,B60
Chandpur,1966,12,80.16,B60
Chandpur,1967,1,77.81,B60
Chandpur,1967,2,78.11,B60
Chandpur,1967,3,76.48,B60
Chandpur,1967,4,73.23,B60
Chandpur,1967,5,82.52,B60
Chandpur,1967,6,84.37,B60
Chandpur,1967,7,87.7,B60
Chandpur,1967,8,88.48,B60
Chandpur,1967,9,88.97,B60
Chandpur,1967,10,81.19,B60
Chandpur,1967,11,75.67,B60
Chandpur,1967,12,79,B60
Chandpur,1968,1,73.9,B60
Chandpur,1968,2,72.34,B60
Chandpur,1968,3,66.55,B60
Chandpur,1968,4,71.1,B60
Chandpur,1968,5,74.81,B60
Chandpur,1968,6,88.41,B60
Chandpur,1968,7,87.19,B60
Chandpur,1968,8,87.19,B60
Chandpur,1968,9,84.67,B60
Chandpur,1968,10,81.6,B60
Chandpur,1968,11,77.9,B60
Chandpur,1968,12,74.77,B60
Chandpur,1969,1,75.94,B60
Chandpur,1969,2,70,B60
Chandpur,1969,3,74.32,B60
Chandpur,1969,4,72.77,B60
Chandpur,1969,5,71.58,B60
Chandpur,1969,6,89.43,B60
Chandpur,1969,7,88.29,B60
Chandpur,1969,8,89.55,B60
Chandpur,1969,9,84.07,B60
Chandpur,1969,10,79.45,B60
Chandpur,1969,11,74.77,B60
Chandpur,1969,12,74.1,B60
Chandpur,1970,1,74.16,B60
Chandpur,1970,2,73.39,B60
Chandpur,1970,3,69.35,B60
Chandpur,1970,4,73.5,B60
Chandpur,1970,5,73.13,B60
Chandpur,1970,6,86.6,B60
Chandpur,1970,7,89.39,B60
Chandpur,1970,8,87.55,B60
Chandpur,1970,9,88.7,B60
Chandpur,1970,10,86.65,B60
Chandpur,1970,11,78.1,B60
Chandpur,1970,12,74.39,B60
Chandpur,1973,1,73.48,B60
Chandpur,1973,2,75.46,B60
Chandpur,1973,3,67.45,B60
Chandpur,1973,4,75.17,B60
Chandpur,1973,5,82.19,B60
Chandpur,1973,6,86.67,B60
Chandpur,1973,7,84.74,B60
Chandpur,1973,8,85.35,B60
Chandpur,1973,9,88.53,B60
Chandpur,1973,10,82.48,B60
Chandpur,1973,11,80,B60
Chandpur,1973,12,75.89,B60
Chandpur,1974,1,69.42,B60
Chandpur,1974,2,61.89,B60
Chandpur,1974,3,71.97,B60
Chandpur,1974,4,77.9,B60
Chandpur,1974,5,78.74,B60
Chandpur,1974,6,86.8,B60
Chandpur,1974,7,90.29,B60
Chandpur,1974,8,88.35,B60
Chandpur,1974,9,86.53,B60
Chandpur,1974,10,84.06,B60
Chandpur,1974,11,79.52,B60
Chandpur,1974,12,71.97,B60
Chandpur,1975,1,71.65,B60
Chandpur,1975,2,69.18,B60
Chandpur,1975,3,69.9,B60
Chandpur,1975,4,72.83,B60
Chandpur,1975,5,76.32,B60
Chandpur,1975,6,85.1,B60
Chandpur,1975,7,89.84,B60
Chandpur,1975,8,87.13,B60
Chandpur,1975,9,89.7,B60
Chandpur,1975,10,83.35,B60
Chandpur,1975,11,76.28,B60
Chandpur,1975,12,73.52,B60
Chandpur,1976,1,63.97,B60
Chandpur,1976,2,74,B60
Chandpur,1976,3,72.7,B60
Chandpur,1976,4,74.9,B60
Chandpur,1976,5,80.67,B60
Chandpur,1976,6,88.93,B60
Chandpur,1976,7,84.81,B60
Chandpur,1976,9,82.18,B60
Chandpur,1976,10,83.59,B60
Chandpur,1976,11,78.17,B60
Chandpur,1976,12,79.79,B60
Chandpur,1977,1,74.94,B60
Chandpur,1977,2,72.25,B60
Chandpur,1977,3,72.35,B60
Chandpur,1977,8,85.81,B60
Chandpur,1977,9,85.3,B60
Chandpur,1977,10,83.77,B60
Chandpur,1977,11,81.2,B60
Chandpur,1977,12,77.45,B60
Chandpur,1979,1,73.03,B60
Chandpur,1979,2,70.32,B60
Chandpur,1979,3,65.77,B60
Chandpur,1979,4,75.13,B60
Chandpur,1979,5,79.58,B60
Chandpur,1979,6,87.17,B60
Chandpur,1979,7,86.74,B60
Chandpur,1979,9,86.6,B60
Chandpur,1979,10,83.42,B60
Chandpur,1979,11,80.6,B60
Chandpur,1979,12,80.1,B60
Chandpur,1981,1,77.35,B60
Chandpur,1981,2,73.68,B60
Chandpur,1981,3,73.55,B60
Chandpur,1981,4,83.27,B60
Chandpur,1981,5,83.26,B60
Chandpur,1981,6,84.63,B60
Chandpur,1981,7,88.94,B60
Chandpur,1981,8,85.13,B60
Chandpur,1981,9,85.2,B60
Chandpur,1981,10,79.45,B60
Chandpur,1981,11,76.13,B60
Chandpur,1981,12,76.48,B60
Chandpur,1982,1,72.35,B60
Chandpur,1982,2,72.64,B60
Chandpur,1982,3,69.84,B60
Chandpur,1982,4,80.07,B60
Chandpur,1982,5,79.23,B60
Chandpur,1982,6,88.03,B60
Chandpur,1982,7,86.13,B60
Chandpur,1982,8,87.87,B60
Chandpur,1982,9,84.73,B60
Chandpur,1982,10,82.06,B60
Chandpur,1982,11,79.23,B60
Chandpur,1982,12,77.06,B60
Chandpur,1983,1,77.16,B60
Chandpur,1983,2,72.71,B60
Chandpur,1983,3,77.06,B60
Chandpur,1983,4,77.97,B60
Chandpur,1983,5,81.84,B60
Chandpur,1983,6,85.23,B60
Chandpur,1983,7,86.48,B60
Chandpur,1983,8,87.61,B60
Chandpur,1983,9,87.87,B60
Chandpur,1983,10,84.26,B60
Chandpur,1983,11,78.53,B60
Chandpur,1983,12,78.84,B60
Chandpur,1984,1,77.23,B60
Chandpur,1984,2,70.17,B60
Chandpur,1984,3,67.39,B60
Chandpur,1984,4,75.5,B60
Chandpur,1984,5,82.48,B60
Chandpur,1984,6,87.83,B60
Chandpur,1984,7,87.13,B60
Chandpur,1984,8,88.32,B60
Chandpur,1984,9,85.9,B60
Chandpur,1984,10,84.52,B60
Chandpur,1984,11,75.47,B60
Chandpur,1984,12,76.9,B60
Chandpur,1985,1,77.1,B60
Chandpur,1985,2,75.18,B60
Chandpur,1985,3,76.58,B60
Chandpur,1985,4,78.83,B60
Chandpur,1985,5,81.68,B60
Chandpur,1985,6,86.03,B60
Chandpur,1985,7,88.52,B60
Chandpur,1985,8,86.97,B60
Chandpur,1985,9,88.27,B60
Chandpur,1985,10,81.19,B60
Chandpur,1985,11,77.77,B60
Chandpur,1985,12,77.35,B60
Chandpur,1986,1,79.58,B60
Chandpur,1986,2,71.86,B60
Chandpur,1986,3,69.32,B60
Chandpur,1986,4,76.5,B60
Chandpur,1986,5,79.35,B60
Chandpur,1986,6,82.83,B60
Chandpur,1986,7,85.52,B60
Chandpur,1986,8,82.87,B60
Chandpur,1986,9,86.57,B60
Chandpur,1986,10,83.19,B60
Chandpur,1986,11,80.8,B60
Chandpur,1986,12,78.94,B60
Chandpur,1987,1,76.61,B60
Chandpur,1987,2,71.61,B60
Chandpur,1987,3,72.32,B60
Chandpur,1987,4,77.83,B60
Chandpur,1987,5,76.29,B60
Chandpur,1987,6,80.4,B60
Chandpur,1987,7,87.13,B60
Chandpur,1987,8,85.03,B60
Chandpur,1987,9,83.5,B60
Chandpur,1987,10,79.65,B60
Chandpur,1987,11,76.6,B60
Chandpur,1987,12,77.42,B60
Chandpur,1988,1,74.32,B60
Chandpur,1988,2,73.66,B60
Chandpur,1988,3,73.97,B60
Chandpur,1988,4,77.23,B60
Chandpur,1988,5,81.65,B60
Chandpur,1988,6,84,B60
Chandpur,1988,7,84.94,B60
Chandpur,1988,8,85.48,B60
Chandpur,1988,9,82.47,B60
Chandpur,1988,10,79.1,B60
Chandpur,1988,11,78.93,B60
Chandpur,1988,12,80.48,B60
Chandpur,1989,1,73.29,B60
Chandpur,1989,2,70,B60
Chandpur,1989,3,70.03,B60
Chandpur,1989,4,75.23,B60
Chandpur,1989,5,79.9,B60
Chandpur,1989,6,82.53,B60
Chandpur,1989,7,84.35,B60
Chandpur,1989,8,81.97,B60
Chandpur,1989,9,84.77,B60
Chandpur,1989,10,84.06,B60
Chandpur,1989,11,76.9,B60
Chandpur,1989,12,78.03,B60
Chandpur,1990,1,82.39,B60
Chandpur,1990,2,78.46,B60
Chandpur,1990,3,78.55,B60
Chandpur,1990,4,78.37,B60
Chandpur,1990,5,78.74,B60
Chandpur,1990,6,83.9,B60
Chandpur,1990,7,86.03,B60
Chandpur,1990,8,81.94,B60
Chandpur,1990,9,83.67,B60
Chandpur,1990,10,81.03,B60
Chandpur,1990,11,78.57,B60
Chandpur,1990,12,78.68,B60
Chandpur,1991,1,76.68,B60
Chandpur,1991,2,75,B60
Chandpur,1991,3,72.97,B60
Chandpur,1991,4,77.73,B60
Chandpur,1991,5,83.87,B60
Chandpur,1991,6,86.07,B60
Chandpur,1991,7,84.39,B60
Chandpur,1991,8,85.52,B60
Chandpur,1991,9,86.8,B60
Chandpur,1991,10,85.23,B60
Chandpur,1991,11,78.63,B60
Chandpur,1991,12,78.35,B60
Chandpur,1992,1,80.03,B60
Chandpur,1992,2,77.66,B60
Chandpur,1992,3,72.42,B60
Chandpur,1992,4,73.7,B60
Chandpur,1992,5,77.87,B60
Chandpur,1992,6,80.43,B60
Chandpur,1992,7,85.61,B60
Chandpur,1992,8,85.48,B60
Chandpur,1992,9,83.93,B60
Chandpur,1992,10,81.06,B60
Chandpur,1992,11,77.03,B60
Chandpur,1992,12,78.23,B60
Chandpur,1993,1,78.1,B60
Chandpur,1993,2,76.46,B60
Chandpur,1993,3,71.65,B60
Chandpur,1993,4,75.6,B60
Chandpur,1993,5,80.77,B60
Chandpur,1993,6,83.33,B60
Chandpur,1993,7,85.06,B60
Chandpur,1993,8,85.26,B60
Chandpur,1993,9,84.13,B60
Chandpur,1993,10,81.87,B60
Chandpur,1993,11,77.67,B60
Chandpur,1993,12,75.55,B60
Chandpur,1994,1,76.35,B60
Chandpur,1994,2,72.43,B60
Chandpur,1994,3,73.06,B60
Chandpur,1994,4,76.73,B60
Chandpur,1994,5,78.9,B60
Chandpur,1994,6,84.63,B60
Chandpur,1994,7,83.45,B60
Chandpur,1994,8,83.94,B60
Chandpur,1994,9,81.47,B60
Chandpur,1994,10,79.84,B60
Chandpur,1994,11,77.7,B60
Chandpur,1994,12,74.23,B60
Chandpur,1995,1,74.1,B60
Chandpur,1995,2,74.32,B60
Chandpur,1995,3,66.84,B60
Chandpur,1995,4,74.93,B60
Chandpur,1995,5,80.52,B60
Chandpur,1995,6,84.27,B60
Chandpur,1995,7,85.48,B60
Chandpur,1995,8,83.97,B60
Chandpur,1995,9,84.43,B60
Chandpur,1995,10,80.84,B60
Chandpur,1995,11,80.67,B60
Chandpur,1995,12,77.48,B60
Chandpur,1996,1,76.16,B60
Chandpur,1996,2,72.07,B60
Chandpur,1996,3,74.32,B60
Chandpur,1996,4,76.43,B60
Chandpur,1996,5,78.58,B60
Chandpur,1996,6,82.17,B60
Chandpur,1996,7,83.55,B60
Chandpur,1996,8,85.03,B60
Chandpur,1996,9,82.3,B60
Chandpur,1996,10,78.94,B60
Chandpur,1996,11,78.33,B60
Chandpur,1996,12,74.52,B60
Chandpur,1997,1,73.55,B60
Chandpur,1997,2,72.29,B60
Chandpur,1997,3,76.16,B60
Chandpur,1997,4,77.97,B60
Chandpur,1997,5,78,B60
Chandpur,1997,6,83.4,B60
Chandpur,1997,7,86.55,B60
Chandpur,1997,8,83.9,B60
Chandpur,1997,9,85.8,B60
Chandpur,1997,10,78.35,B60
Chandpur,1997,11,77.47,B60
Chandpur,1997,12,81.35,B60
Chandpur,1998,1,81.71,B60
Chandpur,1998,2,75.43,B60
Chandpur,1998,3,73.65,B60
Chandpur,1998,4,79.3,B60
Chandpur,1998,5,81.16,B60
Chandpur,1998,6,81.47,B60
Chandpur,1998,7,86.9,B60
Chandpur,1998,8,85.16,B60
Chandpur,1998,9,83.37,B60
Chandpur,1998,10,81.42,B60
Chandpur,1998,11,80.5,B60
Chandpur,1998,12,78.58,B60
Chandpur,1999,1,75.74,B60
Chandpur,1999,2,71.96,B60
Chandpur,1999,3,71.84,B60
Chandpur,1999,4,75.93,B60
Chandpur,1999,5,81.94,B60
Chandpur,1999,6,84.83,B60
Chandpur,1999,7,87.42,B60
Chandpur,1999,8,86.42,B60
Chandpur,1999,9,86.93,B60
Chandpur,1999,10,85.39,B60
Chandpur,1999,11,77.17,B60
Chandpur,1999,12,77.65,B60
Chandpur,2000,1,77.52,B60
Chandpur,2000,2,71.62,B60
Chandpur,2000,3,72.55,B60
Chandpur,2000,4,77.2,B60
Chandpur,2000,5,80.97,B60
Chandpur,2000,6,82.67,B60
Chandpur,2000,7,82.58,B60
Chandpur,2000,8,82.68,B60
Chandpur,2000,9,82.43,B60
Chandpur,2000,10,82.32,B60
Chandpur,2000,11,77.7,B60
Chandpur,2000,12,75.39,B60
Chandpur,2001,1,72.52,B60
Chandpur,2001,2,71.82,B60
Chandpur,2001,3,67.45,B60
Chandpur,2001,4,73.53,B60
Chandpur,2001,5,80.94,B60
Chandpur,2001,6,85.33,B60
Chandpur,2001,7,83.9,B60
Chandpur,2001,8,81.74,B60
Chandpur,2001,9,84.1,B60
Chandpur,2001,10,83.19,B60
Chandpur,2001,11,82.37,B60
Chandpur,2001,12,80.77,B60
Chandpur,2002,1,77.39,B60
Chandpur,2002,2,68.29,B60
Chandpur,2002,3,69.84,B60
Chandpur,2002,4,75.87,B60
Chandpur,2002,5,79.68,B60
Chandpur,2002,6,84,B60
Chandpur,2002,7,85.58,B60
Chandpur,2002,8,84.03,B60
Chandpur,2002,9,82.13,B60
Chandpur,2002,10,78.97,B60
Chandpur,2002,11,77.3,B60
Chandpur,2002,12,79,B60
Chandpur,2003,1,79.97,B60
Chandpur,2003,2,71.21,B60
Chandpur,2003,3,72.94,B60
Chandpur,2003,4,78.2,B60
Chandpur,2003,5,82.06,B60
Chandpur,2003,6,87.6,B60
Chandpur,2003,7,85.48,B60
Chandpur,2003,8,82.48,B60
Chandpur,2003,9,83.77,B60
Chandpur,2003,10,82.65,B60
Chandpur,2003,11,76.2,B60
Chandpur,2003,12,81.77,B60
Chandpur,2004,1,82.97,B60
Chandpur,2004,2,74.38,B60
Chandpur,2004,3,80.61,B60
Chandpur,2004,4,85.4,B60
Chandpur,2004,5,80.19,B60
Chandpur,2004,6,87.6,B60
Chandpur,2004,7,87.97,B60
Chandpur,2004,8,86.42,B60
Chandpur,2004,9,89,B60
Chandpur,2004,10,84.1,B60
Chandpur,2004,11,79.3,B60
Chandpur,2004,12,79.42,B60
Chandpur,2005,1,80.19,B60
Chandpur,2005,2,73.54,B60
Chandpur,2005,3,79.52,B60
Chandpur,2005,4,80.1,B60
Chandpur,2005,5,81.87,B60
Chandpur,2005,6,84.77,B60
Chandpur,2005,7,87.06,B60
Chandpur,2005,8,88,B60
Chandpur,2005,9,86.3,B60
Chandpur,2005,10,85.19,B60
Chandpur,2005,11,80.23,B60
Chandpur,2005,12,78.65,B60
Chandpur,2006,1,79.29,B60
Chandpur,2006,2,76.25,B60
Chandpur,2006,3,70.06,B60
Chandpur,2006,4,76.73,B60
Chandpur,2006,5,79.94,B60
Chandpur,2006,6,86.83,B60
Chandpur,2006,7,86.94,B60
Chandpur,2006,8,85.32,B60
Chandpur,2006,9,86.03,B60
Chandpur,2006,10,82.74,B60
Chandpur,2006,11,81.13,B60
Chandpur,2006,12,79.16,B60
Chandpur,2007,1,78.81,B60
Chandpur,2007,2,76.68,B60
Chandpur,2007,3,67.32,B60
Chandpur,2007,4,78.1,B60
Chandpur,2007,5,79.16,B60
Chandpur,2007,6,86.23,B60
Chandpur,2007,7,88.87,B60
Chandpur,2007,8,85.23,B60
Chandpur,2007,9,87.23,B60
Chandpur,2007,10,82.42,B60
Chandpur,2007,11,81.17,B60
Chandpur,2007,12,78.97,B60
Chandpur,2008,1,77.03,B60
Chandpur,2008,2,72.48,B60
Chandpur,2008,3,76.32,B60
Chandpur,2008,4,74.67,B60
Chandpur,2008,5,77.39,B60
Chandpur,2008,6,86.23,B60
Chandpur,2008,7,88.16,B60
Chandpur,2008,8,86.81,B60
Chandpur,2008,9,84.7,B60
Chandpur,2008,10,83.42,B60
Chandpur,2008,11,76.23,B60
Chandpur,2008,12,83.35,B60
Chandpur,2009,1,80.29,B60
Chandpur,2009,2,69.93,B60
Chandpur,2009,3,68.74,B60
Chandpur,2009,4,76.2,B60
Chandpur,2009,5,79.13,B60
Chandpur,2009,6,82.33,B60
Chandpur,2009,7,86.77,B60
Chandpur,2009,8,86.55,B60
Chandpur,2009,9,85.1,B60
Chandpur,2009,10,82.71,B60
Chandpur,2009,11,77.87,B60
Chandpur,2009,12,79.19,B60
Chandpur,2010,1,81.45,B60
Chandpur,2010,2,72.21,B60
Chandpur,2010,3,71.52,B60
Chandpur,2010,4,77.7,B60
Chandpur,2010,5,79.87,B60
Chandpur,2010,6,87.13,B60
Chandpur,2010,7,84.84,B60
Chandpur,2010,8,83.9,B60
Chandpur,2010,9,85.93,B60
Chandpur,2010,10,81.87,B60
Chandpur,2010,11,78.83,B60
Chandpur,2010,12,77.61,B60
Chandpur,2011,1,77.68,B60
Chandpur,2011,2,71.11,B60
Chandpur,2011,3,70.1,B60
Chandpur,2011,4,76.47,B60
Chandpur,2011,5,82.45,B60
Chandpur,2011,6,86.53,B60
Chandpur,2011,7,85.1,B60
Chandpur,2011,8,87.35,B60
Chandpur,2011,9,86.03,B60
Chandpur,2011,10,80.77,B60
Chandpur,2011,11,76.83,B60
Chandpur,2011,12,81.03,B60
Chandpur,2012,1,78.65,B60
Chandpur,2012,2,67.41,B60
Chandpur,2012,3,71.42,B60
Chandpur,2012,4,79.63,B60
Chandpur,2012,5,78.26,B60
Chandpur,2012,6,84.8,B60
Chandpur,2012,7,85.81,B60
Chandpur,2012,8,85.32,B60
Chandpur,2012,9,85.17,B60
Chandpur,2012,10,81.58,B60
Chandpur,2012,11,77.77,B60
Chandpur,2012,12,83.45,B60
Chandpur,2013,1,77.55,B60
Chandpur,2013,2,70.93,B60
Chandpur,2013,3,70.61,B60
Chandpur,2013,4,76.03,B60
Chandpur,2013,5,85.74,B60
Chandpur,2013,6,82.97,B60
Chandpur,2013,7,85.23,B60
Chandpur,2013,8,86.16,B60
Chandpur,2013,9,85.8,B60
Chandpur,2013,10,84.55,B60
Chandpur,2013,11,75.17,B60
Chandpur,2013,12,79.48,B60
Chandpur,2014,1,81.23,B60
Chandpur,2014,2,74.64,B60
Chandpur,2014,3,70.23,B60
Chandpur,2014,4,72.3,B60
Chandpur,2014,5,79.58,B60
Chandpur,2014,6,86.73,B60
Chandpur,2014,7,83.68,B60
Chandpur,2014,8,87.52,B60
Chandpur,2014,9,83.9,B60
Chandpur,2014,10,79.52,B60
Chandpur,2014,11,76.73,B60
Chandpur,2014,12,84.13,B60
Chandpur,2015,1,81.19,B60
Chandpur,2015,2,77.68,B60
Chandpur,2015,3,66.23,B60
Chandpur,2015,4,75.4,B60
Chandpur,2015,5,76.77,B60
Chandpur,2015,6,83.07,B60
Chandpur,2015,7,88.13,B60
Chandpur,2015,8,85.81,B60
Chandpur,2015,9,83.7,B60
Chandpur,2015,10,81.94,B60
Chandpur,2015,11,79.4,B60
Chandpur,2015,12,79.1,B60
Chandpur,2016,1,79.81,B60
Chandpur,2016,2,77.17,B60
Chandpur,2016,3,72.68,B60
Chandpur,2016,4,77.67,B60
Chandpur,2016,5,79.42,B60
Chandpur,2016,6,81.23,B60
Chandpur,2016,7,85.77,B60
Chandpur,2016,8,82.42,B60
Chandpur,2016,9,83.13,B60
Chandpur,2016,10,81.45,B60
Chandpur,2016,11,79.53,B60
Chandpur,2016,12,81.06,B60
Chandpur,2017,1,77.68,B60
Chandpur,2017,2,70.32,B60
Chandpur,2017,3,75.35,B60
Chandpur,2017,4,80.5,B60
Chandpur,2017,5,78.61,B60
Chandpur,2017,6,84.53,B60
Chandpur,2017,7,87.45,B60
Chandpur,2017,8,85.29,B60
Chandpur,2017,9,85.53,B60
Chandpur,2017,10,83.84,B60
Chandpur,2017,11,77.2,B60
Chandpur,2017,12,82.71,B60
Chandpur,2018,1,77.65,B60
Chandpur,2018,2,73.68,B60
Chandpur,2018,3,69.26,B60
Chandpur,2018,4,74.73,B60
Chandpur,2018,5,82.32,B60
Chandpur,2018,6,85.03,B60
Chandpur,2018,7,85.87,B60
Chandpur,2018,8,83.26,B60
Chandpur,2018,9,81.37,B60
Chandpur,2018,10,78.58,B60
Chandpur,2018,11,76.4,B60
Chandpur,2018,12,75.77,B60
Chandpur,2019,1,71.55,B60
Chandpur,2019,2,72.86,B60
Chandpur,2019,3,70.87,B60
Chandpur,2019,4,74.07,B60
Chandpur,2019,5,78,B60
Chandpur,2019,6,83.5,B60
Chandpur,2019,7,87.23,B60
Chandpur,2019,8,84,B60
Chandpur,2019,9,84.37,B60
Chandpur,2019,10,82.32,B60
Chandpur,2019,11,80.07,B60
Chandpur,2019,12,79.06,B60
Chandpur,2020,1,81.1,B60
Chandpur,2020,2,70,B60
Chandpur,2020,3,64.71,B60
Chandpur,2020,4,79.1,B60
Chandpur,2020,5,79.29,B60
Chandpur,2020,6,85.43,B60
Chandpur,2020,7,86.65,B60
Chandpur,2020,8,86.32,B60
Chandpur,2020,9,84.53,B60
Chandpur,2020,10,83.77,B60
Chandpur,2020,11,76.63,B60
Chandpur,2020,12,82.71,B60
Chandpur,2021,1,76.95,B60
Chandpur,2021,2,65.25,B60
Chandpur,2021,3,63.36,B60
Chandpur,2021,4,65.48,B60
Chandpur,2021,5,69.26,B60
Chandpur,2021,6,85.92,B60
Chandpur,2021,7,85.98,B60
Chandpur,2021,8,87.12,B60
Chandpur,2021,9,85.61,B60
Chandpur,2021,10,83.76,B60
Chandpur,2021,11,78.91,B60
Chandpur,2021,12,81.76,B60
Chandpur,2023,1,80,B60
Chandpur,2023,2,69.93,B60
Chandpur,2023,3,69.18,B60
Chandpur,2023,4,66.98,B60
Chandpur,2023,5,72.05,B60
Chandpur,2023,6,83.28,B60
Chandpur,2023,7,79.95,B60
Chandpur,2023,8,88.97,B60
Chandpur,2023,9,83.98,B60
Chandpur,2023,10,80.35,B60
Chandpur,2023,11,76.2,B60
Chandpur,2023,12,84.4,B60
Chandpur,2022,1,79.77,B60
Chandpur,2022,2,73.25,B60
Chandpur,2022,3,65.1,B60
Chandpur,2022,4,78.43,B60
Chandpur,2022,5,80.87,B60
Chandpur,2022,6,85.97,B60
Chandpur,2022,7,81.71,B60
Chandpur,2022,8,83,B60
Chandpur,2022,9,86.37,B60
Chandpur,2022,10,82.9,B60
Chandpur,2022,11,75.1,B60
Chandpur,2022,12,80.45,B60
Chittagong,2021,7,86.72,B60
Chittagong,2021,8,87.91,B60
Chittagong,2021,9,82.65,B60
Chittagong,2021,10,81.39,B60
Chittagong,2021,11,69.45,B60
Chittagong,2021,12,73.79,B60
Chittagong,1949,1,70.97,B60
Chittagong,1949,2,68.21,B60
Chittagong,1949,3,80.94,B60
Chittagong,1949,4,79.87,B60
Chittagong,1949,5,81,B60
Chittagong,1949,6,86.97,B60
Chittagong,1949,7,88.55,B60
Chittagong,1949,8,87.2,B60
Chittagong,1949,9,86.37,B60
Chittagong,1949,10,82.74,B60
Chittagong,1949,11,76.1,B60
Chittagong,1949,12,73.77,B60
Chittagong,1950,1,69.58,B60
Chittagong,1950,2,73.29,B60
Chittagong,1950,3,70.16,B60
Chittagong,1950,4,76.17,B60
Chittagong,1950,5,78.23,B60
Chittagong,1950,6,84.43,B60
Chittagong,1950,7,84.71,B60
Chittagong,1950,8,88.06,B60
Chittagong,1950,9,81.07,B60
Chittagong,1950,10,82.45,B60
Chittagong,1950,11,79.37,B60
Chittagong,1950,12,76.29,B60
Chittagong,1951,1,70.87,B60
Chittagong,1951,2,67.75,B60
Chittagong,1951,3,72.74,B60
Chittagong,1951,4,75.9,B60
Chittagong,1951,5,80.68,B60
Chittagong,1951,6,86.87,B60
Chittagong,1951,7,86.06,B60
Chittagong,1951,8,87.9,B60
Chittagong,1951,9,83.13,B60
Chittagong,1951,10,83.13,B60
Chittagong,1951,11,74.73,B60
Chittagong,1951,12,76.42,B60
Chittagong,1952,1,72.03,B60
Chittagong,1952,2,66.28,B60
Chittagong,1952,3,69.26,B60
Chittagong,1952,4,78.27,B60
Chittagong,1952,5,78.71,B60
Chittagong,1952,6,84.5,B60
Chittagong,1952,7,85.68,B60
Chittagong,1952,8,86,B60
Chittagong,1952,9,85.47,B60
Chittagong,1952,10,86.39,B60
Chittagong,1952,11,80.27,B60
Chittagong,1952,12,76.97,B60
Chittagong,1953,1,71.48,B60
Chittagong,1953,2,76.61,B60
Chittagong,1953,3,80.84,B60
Chittagong,1953,4,78.7,B60
Chittagong,1953,5,80.29,B60
Chittagong,1953,6,83.53,B60
Chittagong,1953,7,88.84,B60
Chittagong,1953,8,86.39,B60
Chittagong,1953,9,87.1,B60
Chittagong,1953,10,84.65,B60
Chittagong,1953,11,79.47,B60
Chittagong,1953,12,77.1,B60
Chittagong,1954,1,73.03,B60
Chittagong,1954,2,77.79,B60
Chittagong,1954,3,77.29,B60
Chittagong,1954,4,80.13,B60
Chittagong,1954,5,82.58,B60
Chittagong,1954,6,92.13,B60
Chittagong,1954,7,87.03,B60
Chittagong,1954,8,89.65,B60
Chittagong,1954,9,84.77,B60
Chittagong,1954,10,86.74,B60
Chittagong,1954,11,81.33,B60
Chittagong,1954,12,83.84,B60
Chittagong,1955,1,77.35,B60
Chittagong,1955,2,76.18,B60
Chittagong,1955,3,80.26,B60
Chittagong,1955,4,80.5,B60
Chittagong,1955,5,82.65,B60
Chittagong,1955,6,88.53,B60
Chittagong,1955,7,91.94,B60
Chittagong,1955,8,88.81,B60
Chittagong,1955,9,85.83,B60
Chittagong,1955,10,84.58,B60
Chittagong,1955,11,83.7,B60
Chittagong,1955,12,80.81,B60
Chittagong,1956,1,75.1,B60
Chittagong,1956,2,72.52,B60
Chittagong,1956,3,76.65,B60
Chittagong,1956,4,77.03,B60
Chittagong,1956,5,88.97,B60
Chittagong,1956,6,88.17,B60
Chittagong,1956,7,86.74,B60
Chittagong,1956,8,87.03,B60
Chittagong,1956,9,86.57,B60
Chittagong,1956,10,84.19,B60
Chittagong,1956,11,83.93,B60
Chittagong,1956,12,81.03,B60
Chittagong,1957,1,78.84,B60
Chittagong,1957,2,73.07,B60
Chittagong,1957,3,71.13,B60
Chittagong,1957,4,74.37,B60
Chittagong,1957,5,79.9,B60
Chittagong,1957,6,86.3,B60
Chittagong,1957,7,86.71,B60
Chittagong,1957,8,84.42,B60
Chittagong,1957,9,83.3,B60
Chittagong,1957,10,81.16,B60
Chittagong,1957,11,73.1,B60
Chittagong,1957,12,72.48,B60
Chittagong,1958,1,73.48,B60
Chittagong,1958,2,77.07,B60
Chittagong,1958,3,70.42,B60
Chittagong,1958,4,81.03,B60
Chittagong,1958,5,82.68,B60
Chittagong,1958,6,81.67,B60
Chittagong,1958,7,84.68,B60
Chittagong,1958,8,85.1,B60
Chittagong,1958,9,85.4,B60
Chittagong,1958,10,83.81,B60
Chittagong,1958,11,76.63,B60
Chittagong,1958,12,74.74,B60
Chittagong,1959,1,73,B60
Chittagong,1959,2,72.93,B60
Chittagong,1959,3,78.29,B60
Chittagong,1959,4,77.87,B60
Chittagong,1959,5,81.68,B60
Chittagong,1959,6,86.43,B60
Chittagong,1959,7,86.87,B60
Chittagong,1959,8,89.23,B60
Chittagong,1959,9,87.47,B60
Chittagong,1959,10,85.45,B60
Chittagong,1959,11,76.5,B60
Chittagong,1959,12,77.42,B60
Chittagong,1960,1,71,B60
Chittagong,1960,2,73.41,B60
Chittagong,1960,3,70.65,B60
Chittagong,1960,4,77.93,B60
Chittagong,1960,5,76.65,B60
Chittagong,1960,6,84.87,B60
Chittagong,1960,7,90.55,B60
Chittagong,1960,8,91.74,B60
Chittagong,1960,9,87.5,B60
Chittagong,1960,10,82.16,B60
Chittagong,1960,11,73.3,B60
Chittagong,1960,12,74.39,B60
Chittagong,1961,1,73.26,B60
Chittagong,1961,2,70.25,B60
Chittagong,1961,3,84.48,B60
Chittagong,1961,4,81,B60
Chittagong,1961,5,82.42,B60
Chittagong,1961,6,88.27,B60
Chittagong,1961,7,90.52,B60
Chittagong,1961,8,88.74,B60
Chittagong,1961,9,85.63,B60
Chittagong,1961,10,83.1,B60
Chittagong,1961,11,75.77,B60
Chittagong,1961,12,72.87,B60
Chittagong,1962,1,70.61,B60
Chittagong,1962,2,72.29,B60
Chittagong,1962,3,73.13,B60
Chittagong,1962,4,81.27,B60
Chittagong,1962,5,81.39,B60
Chittagong,1962,6,88,B60
Chittagong,1962,7,87.94,B60
Chittagong,1962,8,89.68,B60
Chittagong,1962,9,85.13,B60
Chittagong,1962,10,84.16,B60
Chittagong,1962,11,79.37,B60
Chittagong,1962,12,76.35,B60
Chittagong,1963,1,69.55,B60
Chittagong,1963,2,68.11,B60
Chittagong,1963,3,73.36,B60
Chittagong,1963,4,80.43,B60
Chittagong,1963,5,85.9,B60
Chittagong,1963,6,96.24,B60
Chittagong,1963,7,95.68,B60
Chittagong,1963,8,94.13,B60
Chittagong,1963,9,86.83,B60
Chittagong,1963,10,84.32,B60
Chittagong,1963,11,80.53,B60
Chittagong,1963,12,79.29,B60
Chittagong,1964,1,71.52,B60
Chittagong,1964,2,71.03,B60
Chittagong,1964,3,78.06,B60
Chittagong,1964,4,80.7,B60
Chittagong,1964,5,79.97,B60
Chittagong,1964,6,85.83,B60
Chittagong,1964,7,88.74,B60
Chittagong,1964,8,87.23,B60
Chittagong,1964,9,84.83,B60
Chittagong,1964,10,85.42,B60
Chittagong,1964,11,79.2,B60
Chittagong,1964,12,74.84,B60
Chittagong,1965,1,72.35,B60
Chittagong,1965,2,71.93,B60
Chittagong,1965,3,73.39,B60
Chittagong,1965,4,78.33,B60
Chittagong,1965,5,80.48,B60
Chittagong,1965,6,88,B60
Chittagong,1965,7,86.81,B60
Chittagong,1965,8,89.58,B60
Chittagong,1965,9,84.2,B60
Chittagong,1965,10,83.55,B60
Chittagong,1965,11,78.87,B60
Chittagong,1966,1,75.65,B60
Chittagong,1966,2,76.32,B60
Chittagong,1966,3,76.13,B60
Chittagong,1966,5,80.39,B60
Chittagong,1966,6,89.53,B60
Chittagong,1966,7,85.1,B60
Chittagong,1966,8,88.68,B60
Chittagong,1966,9,84.2,B60
Chittagong,1966,10,84.55,B60
Chittagong,1966,11,76.8,B60
Chittagong,1966,12,78.13,B60
Chittagong,1967,1,78.03,B60
Chittagong,1967,2,78.39,B60
Chittagong,1967,3,75.81,B60
Chittagong,1967,4,77.27,B60
Chittagong,1967,5,78.68,B60
Chittagong,1967,6,84.93,B60
Chittagong,1967,7,85.16,B60
Chittagong,1967,8,85.68,B60
Chittagong,1967,9,85.73,B60
Chittagong,1967,10,81.32,B60
Chittagong,1967,11,74.5,B60
Chittagong,1967,12,75.84,B60
Chittagong,1968,1,71.68,B60
Chittagong,1968,2,71.66,B60
Chittagong,1968,3,72,B60
Chittagong,1968,4,76.93,B60
Chittagong,1968,5,78.68,B60
Chittagong,1968,6,85.5,B60
Chittagong,1968,7,84.65,B60
Chittagong,1968,8,86.55,B60
Chittagong,1968,9,82.63,B60
Chittagong,1968,10,82.19,B60
Chittagong,1968,11,75.73,B60
Chittagong,1969,1,70.26,B60
Chittagong,1969,2,67.5,B60
Chittagong,1969,3,77.16,B60
Chittagong,1969,4,80.2,B60
Chittagong,1969,6,86.8,B60
Chittagong,1969,7,87,B60
Chittagong,1969,8,88.87,B60
Chittagong,1969,9,83.73,B60
Chittagong,1969,10,80.58,B60
Chittagong,1969,11,77.17,B60
Chittagong,1969,12,75.77,B60
Chittagong,1970,1,70.97,B60
Chittagong,1970,2,71,B60
Chittagong,1970,3,76.23,B60
Chittagong,1970,4,78.73,B60
Chittagong,1970,5,80.1,B60
Chittagong,1970,6,86.2,B60
Chittagong,1970,7,89.13,B60
Chittagong,1970,8,86.77,B60
Chittagong,1970,9,85.53,B60
Chittagong,1970,10,85.58,B60
Chittagong,1970,11,80.2,B60
Chittagong,1970,12,74.94,B60
Chittagong,1971,1,74.9,B60
Chittagong,1971,2,67.29,B60
Chittagong,1971,3,65.8,B60
Chittagong,1971,4,70.79,B60
Chittagong,1971,5,75.16,B60
Chittagong,1971,6,85.7,B60
Chittagong,1971,7,88.13,B60
Chittagong,1971,8,87.39,B60
Chittagong,1971,9,81.9,B60
Chittagong,1971,10,79.94,B60
Chittagong,1971,12,69,B60
Chittagong,1972,2,68.41,B60
Chittagong,1972,3,76.13,B60
Chittagong,1972,4,78.8,B60
Chittagong,1972,5,78.42,B60
Chittagong,1972,6,83.7,B60
Chittagong,1972,7,85.81,B60
Chittagong,1972,8,88.65,B60
Chittagong,1972,10,81.06,B60
Chittagong,1972,11,76.1,B60
Chittagong,1972,12,73.68,B60
Chittagong,1973,1,69.84,B60
Chittagong,1973,2,69.64,B60
Chittagong,1973,3,69.06,B60
Chittagong,1973,4,78.9,B60
Chittagong,1973,5,82.48,B60
Chittagong,1973,6,87.33,B60
Chittagong,1973,7,86.61,B60
Chittagong,1973,8,86.71,B60
Chittagong,1973,9,87.27,B60
Chittagong,1973,10,84.06,B60
Chittagong,1973,11,84.17,B60
Chittagong,1973,12,80.03,B60
Chittagong,1974,1,74.1,B60
Chittagong,1974,2,67.04,B60
Chittagong,1974,3,78.16,B60
Chittagong,1974,4,80.57,B60
Chittagong,1974,5,81.26,B60
Chittagong,1974,6,86.13,B60
Chittagong,1974,7,91.81,B60
Chittagong,1974,8,88.52,B60
Chittagong,1974,9,85.43,B60
Chittagong,1974,10,82.87,B60
Chittagong,1974,11,81.77,B60
Chittagong,1974,12,73.16,B60
Chittagong,1975,1,70.68,B60
Chittagong,1975,2,70.86,B60
Chittagong,1975,3,71.77,B60
Chittagong,1975,4,77.4,B60
Chittagong,1975,5,80.52,B60
Chittagong,1975,6,83.23,B60
Chittagong,1975,7,89.23,B60
Chittagong,1975,8,84.81,B60
Chittagong,1975,9,85.23,B60
Chittagong,1975,10,85.32,B60
Chittagong,1975,11,82.23,B60
Chittagong,1975,12,76,B60
Chittagong,1976,1,72.71,B60
Chittagong,1976,2,73.52,B60
Chittagong,1976,3,76,B60
Chittagong,1976,4,75.83,B60
Chittagong,1976,5,78.35,B60
Chittagong,1976,6,87.4,B60
Chittagong,1976,8,85.61,B60
Chittagong,1976,9,81.9,B60
Chittagong,1976,10,81.13,B60
Chittagong,1976,11,78.7,B60
Chittagong,1976,12,74.71,B60
Chittagong,1977,1,67.45,B60
Chittagong,1977,2,73.39,B60
Chittagong,1977,3,80.26,B60
Chittagong,1977,4,83.57,B60
Chittagong,1977,5,84,B60
Chittagong,1977,6,87.43,B60
Chittagong,1977,7,89.1,B60
Chittagong,1977,8,88.39,B60
Chittagong,1977,9,84.67,B60
Chittagong,1977,10,82.13,B60
Chittagong,1977,11,80.1,B60
Chittagong,1977,12,72.77,B60
Chittagong,1978,1,67.03,B60
Chittagong,1978,2,66.36,B60
Chittagong,1978,3,63.42,B60
Chittagong,1978,4,76.37,B60
Chittagong,1978,5,81.97,B60
Chittagong,1978,6,85.5,B60
Chittagong,1978,7,85.19,B60
Chittagong,1978,8,84.74,B60
Chittagong,1978,9,86.07,B60
Chittagong,1978,10,83.06,B60
Chittagong,1978,11,76.73,B60
Chittagong,1978,12,72.03,B60
Chittagong,1979,1,68.26,B60
Chittagong,1979,2,62.14,B60
Chittagong,1979,3,70.06,B60
Chittagong,1979,4,76.17,B60
Chittagong,1979,5,76.81,B60
Chittagong,1979,6,82.87,B60
Chittagong,1979,7,84.06,B60
Chittagong,1979,8,85.68,B60
Chittagong,1979,9,85.2,B60
Chittagong,1979,10,79.26,B60
Chittagong,1979,11,76.4,B60
Chittagong,1979,12,75.1,B60
Chittagong,1980,1,68.77,B60
Chittagong,1980,2,68.55,B60
Chittagong,1980,3,72.52,B60
Chittagong,1980,4,74,B60
Chittagong,1980,5,80.13,B60
Chittagong,1980,6,82.1,B60
Chittagong,1980,7,85.23,B60
Chittagong,1980,8,85.42,B60
Chittagong,1980,9,83.97,B60
Chittagong,1980,10,82.55,B60
Chittagong,1980,11,72.23,B60
Chittagong,1980,12,70.52,B60
Chittagong,1981,1,72.65,B60
Chittagong,1981,2,66.46,B60
Chittagong,1981,3,69.48,B60
Chittagong,1981,4,80.1,B60
Chittagong,1981,5,78.8,B60
Chittagong,1981,6,84.4,B60
Chittagong,1981,7,87.84,B60
Chittagong,1981,8,83.16,B60
Chittagong,1981,9,83.47,B60
Chittagong,1981,10,76.55,B60
Chittagong,1981,11,72.17,B60
Chittagong,1982,1,69.35,B60
Chittagong,1982,2,68.5,B60
Chittagong,1982,3,67.61,B60
Chittagong,1982,4,77.3,B60
Chittagong,1982,5,75.29,B60
Chittagong,1982,6,85.63,B60
Chittagong,1982,7,85.16,B60
Chittagong,1982,8,87.74,B60
Chittagong,1982,9,82.13,B60
Chittagong,1982,10,78.1,B60
Chittagong,1982,11,74.03,B60
Chittagong,1982,12,73.48,B60
Chittagong,1983,1,72.68,B60
Chittagong,1983,2,67.36,B60
Chittagong,1983,3,76.94,B60
Chittagong,1983,4,76.77,B60
Chittagong,1983,5,78.48,B60
Chittagong,1983,6,80.9,B60
Chittagong,1983,7,82.58,B60
Chittagong,1983,8,84.39,B60
Chittagong,1983,9,82.67,B60
Chittagong,1983,10,82.55,B60
Chittagong,1983,11,80.97,B60
Chittagong,1983,12,73.45,B60
Chittagong,1984,1,71.55,B60
Chittagong,1984,2,66.24,B60
Chittagong,1984,3,74.52,B60
Chittagong,1984,4,77.57,B60
Chittagong,1984,5,82.23,B60
Chittagong,1984,6,85.37,B60
Chittagong,1984,7,81.32,B60
Chittagong,1984,8,86.19,B60
Chittagong,1984,9,81.67,B60
Chittagong,1984,10,82.39,B60
Chittagong,1984,11,74.63,B60
Chittagong,1984,12,73.58,B60
Chittagong,1985,1,72.1,B60
Chittagong,1985,2,70.04,B60
Chittagong,1985,3,80.58,B60
Chittagong,1985,4,81,B60
Chittagong,1985,5,79.48,B60
Chittagong,1985,6,84.67,B60
Chittagong,1985,7,85.77,B60
Chittagong,1985,8,84.94,B60
Chittagong,1985,9,82.73,B60
Chittagong,1985,10,77.61,B60
Chittagong,1985,11,75.33,B60
Chittagong,1985,12,74.9,B60
Chittagong,1986,1,73.61,B60
Chittagong,1986,2,65.75,B60
Chittagong,1986,3,70.03,B60
Chittagong,1986,4,76.53,B60
Chittagong,1986,5,77,B60
Chittagong,1986,6,83.23,B60
Chittagong,1986,7,84.13,B60
Chittagong,1986,8,83.84,B60
Chittagong,1986,9,83.7,B60
Chittagong,1986,10,81.16,B60
Chittagong,1986,11,76.87,B60
Chittagong,1986,12,73.1,B60
Chittagong,1987,1,72.39,B60
Chittagong,1987,2,71.25,B60
Chittagong,1987,3,74.45,B60
Chittagong,1987,4,79.73,B60
Chittagong,1987,5,76.84,B60
Chittagong,1987,6,81.04,B60
Chittagong,1987,7,88.81,B60
Chittagong,1987,8,84.55,B60
Chittagong,1987,9,83.8,B60
Chittagong,1987,10,79.94,B60
Chittagong,1987,11,77.23,B60
Chittagong,1987,12,74.94,B60
Chittagong,1988,1,71.45,B60
Chittagong,1988,2,71.59,B60
Chittagong,1988,3,72.35,B60
Chittagong,1988,4,75.03,B60
Chittagong,1988,5,79.1,B60
Chittagong,1988,6,83.67,B60
Chittagong,1988,7,84.26,B60
Chittagong,1988,8,84.16,B60
Chittagong,1988,9,82.2,B60
Chittagong,1988,10,82.35,B60
Chittagong,1988,11,77.33,B60
Chittagong,1988,12,76.23,B60
Chittagong,1989,1,67.32,B60
Chittagong,1989,2,71.11,B60
Chittagong,1989,3,68.35,B60
Chittagong,1989,4,75.73,B60
Chittagong,1989,5,75.81,B60
Chittagong,1989,6,80.5,B60
Chittagong,1989,7,84.39,B60
Chittagong,1989,8,80.77,B60
Chittagong,1989,9,82.93,B60
Chittagong,1989,10,85.94,B60
Chittagong,1989,11,74.3,B60
Chittagong,1989,12,73.87,B60
Chittagong,1990,1,76.71,B60
Chittagong,1990,2,74.89,B60
Chittagong,1990,3,74.77,B60
Chittagong,1990,4,77.47,B60
Chittagong,1990,5,78.48,B60
Chittagong,1990,6,83.3,B60
Chittagong,1990,7,87.71,B60
Chittagong,1990,8,81.71,B60
Chittagong,1990,9,82.13,B60
Chittagong,1990,10,80.71,B60
Chittagong,1990,11,80.97,B60
Chittagong,1990,12,78.19,B60
Chittagong,1991,1,76.16,B60
Chittagong,1991,2,74.11,B60
Chittagong,1991,3,74.06,B60
Chittagong,1991,5,78.05,B60
Chittagong,1991,6,84.67,B60
Chittagong,1991,7,84.45,B60
Chittagong,1991,8,84.19,B60
Chittagong,1991,9,84.8,B60
Chittagong,1991,10,83.26,B60
Chittagong,1991,11,78.87,B60
Chittagong,1991,12,75.81,B60
Chittagong,1992,1,77.19,B60
Chittagong,1992,2,76.52,B60
Chittagong,1992,3,82.45,B60
Chittagong,1992,4,77.43,B60
Chittagong,1992,5,78.16,B60
Chittagong,1992,6,83.03,B60
Chittagong,1992,7,85.39,B60
Chittagong,1992,8,83.45,B60
Chittagong,1992,9,85.73,B60
Chittagong,1992,10,83.39,B60
Chittagong,1992,11,78,B60
Chittagong,1992,12,78,B60
Chittagong,1993,1,75.19,B60
Chittagong,1993,2,74.89,B60
Chittagong,1993,3,73.87,B60
Chittagong,1993,4,78.77,B60
Chittagong,1993,5,81.19,B60
Chittagong,1993,6,85.47,B60
Chittagong,1993,7,84.23,B60
Chittagong,1993,8,85.71,B60
Chittagong,1993,9,84.37,B60
Chittagong,1993,10,81.58,B60
Chittagong,1993,11,77.73,B60
Chittagong,1993,12,74.71,B60
Chittagong,1994,1,73.55,B60
Chittagong,1994,2,65.21,B60
Chittagong,1994,3,76.26,B60
Chittagong,1994,4,77.7,B60
Chittagong,1994,5,79.61,B60
Chittagong,1994,6,84.93,B60
Chittagong,1994,7,85.16,B60
Chittagong,1994,8,86.03,B60
Chittagong,1994,9,82.87,B60
Chittagong,1994,10,81.87,B60
Chittagong,1994,11,78.83,B60
Chittagong,1994,12,74.87,B60
Chittagong,1995,1,68.03,B60
Chittagong,1995,2,73.68,B60
Chittagong,1995,3,67.52,B60
Chittagong,1995,4,77.53,B60
Chittagong,1995,5,79.16,B60
Chittagong,1995,6,83.23,B60
Chittagong,1995,7,84.65,B60
Chittagong,1995,8,85.32,B60
Chittagong,1995,9,83.2,B60
Chittagong,1995,10,81.87,B60
Chittagong,1995,11,85.07,B60
Chittagong,1995,12,77.55,B60
Chittagong,1996,1,74.39,B60
Chittagong,1996,2,71.41,B60
Chittagong,1996,3,78.94,B60
Chittagong,1996,4,79.47,B60
Chittagong,1996,5,79.52,B60
Chittagong,1996,6,81.63,B60
Chittagong,1996,7,84.55,B60
Chittagong,1996,8,87.39,B60
Chittagong,1996,9,83.9,B60
Chittagong,1996,10,81.61,B60
Chittagong,1996,11,81.6,B60
Chittagong,1996,12,76.65,B60
Chittagong,1997,1,71.71,B60
Chittagong,1997,2,73.89,B60
Chittagong,1997,3,80.16,B60
Chittagong,1997,4,77.77,B60
Chittagong,1997,5,80.26,B60
Chittagong,1997,6,82.7,B60
Chittagong,1997,7,88.52,B60
Chittagong,1997,8,84.42,B60
Chittagong,1997,9,85.1,B60
Chittagong,1997,10,79.45,B60
Chittagong,1997,11,77.17,B60
Chittagong,1997,12,78.45,B60
Chittagong,1998,1,80.55,B60
Chittagong,1998,2,75.36,B60
Chittagong,1998,3,70.16,B60
Chittagong,1998,4,79.97,B60
Chittagong,1998,5,81.03,B60
Chittagong,1998,6,82.1,B60
Chittagong,1998,7,88,B60
Chittagong,1998,8,88.26,B60
Chittagong,1998,9,83.3,B60
Chittagong,1998,10,81.68,B60
Chittagong,1998,11,80.9,B60
Chittagong,1998,12,77.9,B60
Chittagong,1999,1,77.19,B60
Chittagong,1999,2,70.68,B60
Chittagong,1999,3,76.29,B60
Chittagong,1999,4,78.03,B60
Chittagong,1999,5,82.58,B60
Chittagong,1999,6,86,B60
Chittagong,1999,7,85.45,B60
Chittagong,1999,8,87.16,B60
Chittagong,1999,9,84.9,B60
Chittagong,1999,10,84.84,B60
Chittagong,1999,11,78.27,B60
Chittagong,1999,12,79.42,B60
Chittagong,2000,1,77.1,B60
Chittagong,2000,2,69.24,B60
Chittagong,2000,3,76.06,B60
Chittagong,2000,4,79.3,B60
Chittagong,2000,5,82.13,B60
Chittagong,2000,6,84.6,B60
Chittagong,2000,7,85.39,B60
Chittagong,2000,8,85.97,B60
Chittagong,2000,9,85.3,B60
Chittagong,2000,10,85.71,B60
Chittagong,2000,11,81.3,B60
Chittagong,2000,12,76.58,B60
Chittagong,2001,1,73.77,B60
Chittagong,2001,2,74.29,B60
Chittagong,2001,3,67.74,B60
Chittagong,2001,4,72.4,B60
Chittagong,2001,5,77.77,B60
Chittagong,2001,6,81.03,B60
Chittagong,2001,7,81.9,B60
Chittagong,2001,8,80.87,B60
Chittagong,2001,9,81.2,B60
Chittagong,2001,10,79.35,B60
Chittagong,2001,11,77.8,B60
Chittagong,2001,12,70.32,B60
Chittagong,2002,1,71.39,B60
Chittagong,2002,2,67.07,B60
Chittagong,2002,3,66.52,B60
Chittagong,2002,4,72.6,B60
Chittagong,2002,5,75.58,B60
Chittagong,2002,6,78.37,B60
Chittagong,2002,7,83.13,B60
Chittagong,2002,8,80.58,B60
Chittagong,2002,9,76.77,B60
Chittagong,2002,10,74.45,B60
Chittagong,2002,11,73.23,B60
Chittagong,2002,12,69.55,B60
Chittagong,2008,1,77,B60
Chittagong,2008,2,67.76,B60
Chittagong,2008,3,79.81,B60
Chittagong,2008,4,73.57,B60
Chittagong,2008,5,77.97,B60
Chittagong,2008,6,83.43,B60
Chittagong,2008,7,87.94,B60
Chittagong,2008,8,87.68,B60
Chittagong,2008,9,85.2,B60
Chittagong,2008,10,81.77,B60
Chittagong,2008,11,75.93,B60
Chittagong,2008,12,79.19,B60
Chittagong,2009,1,71.39,B60
Chittagong,2009,2,67.39,B60
Chittagong,2009,3,72.1,B60
Chittagong,2009,4,79.23,B60
Chittagong,2009,5,79.06,B60
Chittagong,2009,6,82.7,B60
Chittagong,2009,7,87.1,B60
Chittagong,2009,8,86.77,B60
Chittagong,2009,9,84.43,B60
Chittagong,2009,10,80.61,B60
Chittagong,2009,11,74.2,B60
Chittagong,2009,12,73.55,B60
Chittagong,2010,1,72.35,B60
Chittagong,2010,2,63,B60
Chittagong,2010,3,74.03,B60
Chittagong,2010,4,78.23,B60
Chittagong,2010,5,80.1,B60
Chittagong,2010,6,86.47,B60
Chittagong,2010,7,83.65,B60
Chittagong,2010,8,85.74,B60
Chittagong,2010,9,84.07,B60
Chittagong,2010,10,82.19,B60
Chittagong,2010,11,77.27,B60
Chittagong,2010,12,73.77,B60
Chittagong,2011,1,68.87,B60
Chittagong,2011,2,67,B60
Chittagong,2011,3,69.35,B60
Chittagong,2011,4,77.73,B60
Chittagong,2011,5,80.84,B60
Chittagong,2011,6,85.33,B60
Chittagong,2011,7,84.58,B60
Chittagong,2011,8,87,B60
Chittagong,2011,9,85.8,B60
Chittagong,2011,10,80.45,B60
Chittagong,2011,11,74.6,B60
Chittagong,2011,12,77.03,B60
Chittagong,2012,1,68.19,B60
Chittagong,2012,2,62.52,B60
Chittagong,2012,3,76.29,B60
Chittagong,2012,4,80.17,B60
Chittagong,2012,5,80.06,B60
Chittagong,2012,6,86.6,B60
Chittagong,2012,7,88.32,B60
Chittagong,2012,8,86.65,B60
Chittagong,2012,9,85.67,B60
Chittagong,2012,10,84.58,B60
Chittagong,2012,11,77.67,B60
Chittagong,2012,12,80.71,B60
Chittagong,2013,1,72.58,B60
Chittagong,2013,2,64.79,B60
Chittagong,2013,3,77.06,B60
Chittagong,2013,4,77.9,B60
Chittagong,2013,5,85.87,B60
Chittagong,2013,6,84.5,B60
Chittagong,2013,7,84.23,B60
Chittagong,2013,8,86.1,B60
Chittagong,2013,9,84.47,B60
Chittagong,2013,10,85.77,B60
Chittagong,2013,11,78.1,B60
Chittagong,2013,12,77.77,B60
Chittagong,2014,1,72.06,B60
Chittagong,2014,2,69.36,B60
Chittagong,2014,3,68.97,B60
Chittagong,2014,4,76.8,B60
Chittagong,2014,5,79.77,B60
Chittagong,2014,6,85.43,B60
Chittagong,2014,7,85,B60
Chittagong,2014,8,87.13,B60
Chittagong,2014,9,84.33,B60
Chittagong,2014,10,80.58,B60
Chittagong,2014,11,72.3,B60
Chittagong,2014,12,73.74,B60
Chittagong,2015,1,71.42,B60
Chittagong,2015,2,68.32,B60
Chittagong,2015,3,62.68,B60
Chittagong,2015,4,77.4,B60
Chittagong,2015,5,77.06,B60
Chittagong,2015,6,82.27,B60
Chittagong,2015,7,88.39,B60
Chittagong,2015,8,84.52,B60
Chittagong,2015,9,81.77,B60
Chittagong,2015,10,80.97,B60
Chittagong,2015,11,75.9,B60
Chittagong,2015,12,76.45,B60
Chittagong,2016,1,75.32,B60
Chittagong,2016,2,72.86,B60
Chittagong,2016,3,72.65,B60
Chittagong,2016,4,77.23,B60
Chittagong,2016,5,78.35,B60
Chittagong,2016,6,79.67,B60
Chittagong,2016,7,84.84,B60
Chittagong,2016,8,82.39,B60
Chittagong,2016,9,81.03,B60
Chittagong,2016,10,79.55,B60
Chittagong,2016,11,76.73,B60
Chittagong,2016,12,75.03,B60
Chittagong,2017,1,66.13,B60
Chittagong,2017,2,66.43,B60
Chittagong,2017,3,73.23,B60
Chittagong,2017,4,79.4,B60
Chittagong,2017,5,78.03,B60
Chittagong,2017,6,85.13,B60
Chittagong,2017,7,87.94,B60
Chittagong,2017,8,85.19,B60
Chittagong,2017,9,85.5,B60
Chittagong,2017,10,80.29,B60
Chittagong,2017,11,75.83,B60
Chittagong,2017,12,78.39,B60
Chittagong,2018,1,71.81,B60
Chittagong,2018,2,72.14,B60
Chittagong,2018,3,76.71,B60
Chittagong,2018,4,76.67,B60
Chittagong,2018,5,79.55,B60
Chittagong,2018,6,85.37,B60
Chittagong,2018,7,85.39,B60
Chittagong,2018,8,82.39,B60
Chittagong,2018,9,81.3,B60
Chittagong,2018,10,80.77,B60
Chittagong,2018,11,73.53,B60
Chittagong,2018,12,72.35,B60
Chittagong,2019,1,69.23,B60
Chittagong,2019,2,70.36,B60
Chittagong,2019,3,70.71,B60
Chittagong,2019,4,74.93,B60
Chittagong,2019,5,78.84,B60
Chittagong,2019,6,81.7,B60
Chittagong,2019,7,89,B60
Chittagong,2019,8,83.23,B60
Chittagong,2019,9,85,B60
Chittagong,2019,10,82.23,B60
Chittagong,2019,11,78.43,B60
Chittagong,2019,12,73.97,B60
Chittagong,2020,1,73.97,B60
Chittagong,2020,2,65.69,B60
Chittagong,2020,3,63.35,B60
Chittagong,2020,4,76.77,B60
Chittagong,2020,5,76.77,B60
Chittagong,2020,6,84.37,B60
Chittagong,2020,7,86.16,B60
Chittagong,2020,8,86.55,B60
Chittagong,2020,9,84.03,B60
Chittagong,2020,10,81.52,B60
Chittagong,2020,11,74.8,B60
Chittagong,2020,12,76.77,B60
Chittagong,2021,1,69.34,B60
Chittagong,2021,2,64.5,B60
Chittagong,2021,3,62.86,B60
Chittagong,2021,4,68.48,B60
Chittagong,2021,5,68.87,B60
Chittagong,2021,6,83.98,B60
Chittagong,2023,1,65.77,B60
Chittagong,2023,2,66.18,B60
Chittagong,2023,3,64.55,B60
Chittagong,2023,4,66.72,B60
Chittagong,2023,5,72.21,B60
Chittagong,2023,6,83.75,B60
Chittagong,2023,7,81.19,B60
Chittagong,2023,8,89.08,B60
Chittagong,2023,9,86.15,B60
Chittagong,2023,10,82.1,B60
Chittagong,2023,11,79.6,B60
Chittagong,2023,12,78.95,B60
Chittagong,2022,1,72.42,B60
Chittagong,2022,2,63.68,B60
Chittagong,2022,3,69.9,B60
Chittagong,2022,4,78.73,B60
Chittagong,2022,5,81.65,B60
Chittagong,2022,6,86.67,B60
Chittagong,2022,7,80.29,B60
Chittagong,2022,8,80.16,B60
Chittagong,2022,9,84,B60
Chittagong,2022,10,78.68,B60
Chittagong,2022,11,69.9,B60
Chittagong,2022,12,71.52,B60
Chuadanga,1989,1,63.55,B60
Chuadanga,1989,2,53.75,B60
Chuadanga,1989,3,45.45,B60
Chuadanga,1989,4,48.93,B60
Chuadanga,1989,5,68.16,B60
Chuadanga,1989,6,80.33,B60
Chuadanga,1989,7,81.06,B60
Chuadanga,1989,8,78.71,B60
Chuadanga,1989,9,81.53,B60
Chuadanga,1989,10,77.1,B60
Chuadanga,1989,11,64.1,B60
Chuadanga,1989,12,67.45,B60
Chuadanga,1990,1,76.58,B60
Chuadanga,1990,2,74.89,B60
Chuadanga,1990,3,74.97,B60
Chuadanga,1990,4,72.23,B60
Chuadanga,1990,5,78.03,B60
Chuadanga,1990,6,82.73,B60
Chuadanga,1990,7,86.97,B60
Chuadanga,1990,8,83.74,B60
Chuadanga,1990,9,87,B60
Chuadanga,1990,10,80.06,B60
Chuadanga,1990,11,74.47,B60
Chuadanga,1990,12,72.55,B60
Chuadanga,1991,1,75.03,B60
Chuadanga,1991,2,68.46,B60
Chuadanga,1991,3,65.52,B60
Chuadanga,1991,4,64.07,B60
Chuadanga,1991,5,77.16,B60
Chuadanga,1991,6,84,B60
Chuadanga,1991,7,86.03,B60
Chuadanga,1991,8,85,B60
Chuadanga,1991,9,87.23,B60
Chuadanga,1991,10,83.03,B60
Chuadanga,1991,11,74.7,B60
Chuadanga,1991,12,78.26,B60
Chuadanga,1992,1,80.06,B60
Chuadanga,1992,2,74.38,B60
Chuadanga,1992,3,58.84,B60
Chuadanga,1992,4,54.1,B60
Chuadanga,1992,5,70.26,B60
Chuadanga,1992,6,76.8,B60
Chuadanga,1992,7,87.42,B60
Chuadanga,1992,8,86.94,B60
Chuadanga,1992,9,83.63,B60
Chuadanga,1992,10,82.45,B60
Chuadanga,1992,11,75.3,B60
Chuadanga,1992,12,75.29,B60
Chuadanga,1993,1,74.84,B60
Chuadanga,1993,2,70.82,B60
Chuadanga,1993,3,61.13,B60
Chuadanga,1993,4,68.6,B60
Chuadanga,1993,5,78.23,B60
Chuadanga,1993,6,85.23,B60
Chuadanga,1993,7,86.29,B60
Chuadanga,1993,8,87.68,B60
Chuadanga,1993,9,88.57,B60
Chuadanga,1993,10,83.52,B60
Chuadanga,1993,11,76.73,B60
Chuadanga,1993,12,74.48,B60
Chuadanga,1994,1,77.48,B60
Chuadanga,1994,2,76.25,B60
Chuadanga,1994,3,64.65,B60
Chuadanga,1994,4,65.53,B60
Chuadanga,1994,5,71.29,B60
Chuadanga,1994,6,85.3,B60
Chuadanga,1994,7,86.97,B60
Chuadanga,1994,8,86.1,B60
Chuadanga,1994,9,81.8,B60
Chuadanga,1994,10,80.13,B60
Chuadanga,1994,11,76.63,B60
Chuadanga,1994,12,74.29,B60
Chuadanga,1995,1,74.29,B60
Chuadanga,1995,2,73.39,B60
Chuadanga,1995,3,59.39,B60
Chuadanga,1995,4,58.57,B60
Chuadanga,1995,5,71.1,B60
Chuadanga,1995,6,82.67,B60
Chuadanga,1995,7,88.03,B60
Chuadanga,1995,8,86.48,B60
Chuadanga,1995,9,87.4,B60
Chuadanga,1995,10,82.77,B60
Chuadanga,1995,11,80.67,B60
Chuadanga,1995,12,78.06,B60
Chuadanga,1996,1,78.23,B60
Chuadanga,1996,2,74.55,B60
Chuadanga,1996,3,65.29,B60
Chuadanga,1996,4,65.43,B60
Chuadanga,1996,5,71.32,B60
Chuadanga,1996,6,83.17,B60
Chuadanga,1996,7,86.39,B60
Chuadanga,1996,8,88.06,B60
Chuadanga,1996,9,85.8,B60
Chuadanga,1996,10,82.32,B60
Chuadanga,1996,11,76.67,B60
Chuadanga,1996,12,75.58,B60
Chuadanga,1997,1,76.23,B60
Chuadanga,1997,2,72.39,B60
Chuadanga,1997,3,69.84,B60
Chuadanga,1997,4,72.9,B60
Chuadanga,1997,5,72.35,B60
Chuadanga,1997,6,81.13,B60
Chuadanga,1997,7,87.87,B60
Chuadanga,1997,8,86.26,B60
Chuadanga,1997,9,86.67,B60
Chuadanga,1997,10,78.65,B60
Chuadanga,1997,11,78.2,B60
Chuadanga,1997,12,82.26,B60
Chuadanga,1998,1,82.29,B60
Chuadanga,1998,2,74.57,B60
Chuadanga,1998,3,65.84,B60
Chuadanga,1998,4,73.03,B60
Chuadanga,1998,5,75.23,B60
Chuadanga,1998,6,78.8,B60
Chuadanga,1998,7,87.52,B60
Chuadanga,1998,8,87.29,B60
Chuadanga,1998,9,85.77,B60
Chuadanga,1998,10,83.35,B60
Chuadanga,1998,11,81.4,B60
Chuadanga,1998,12,77.52,B60
Chuadanga,1999,1,76.87,B60
Chuadanga,1999,2,69,B60
Chuadanga,1999,3,55.9,B60
Chuadanga,1999,4,69.4,B60
Chuadanga,1999,5,76.06,B60
Chuadanga,1999,6,82,B60
Chuadanga,1999,7,87.42,B60
Chuadanga,1999,8,86.39,B60
Chuadanga,1999,9,88.87,B60
Chuadanga,1999,10,84.65,B60
Chuadanga,1999,11,76.77,B60
Chuadanga,1999,12,76.9,B60
Chuadanga,2000,1,77.77,B60
Chuadanga,2000,2,74.55,B60
Chuadanga,2000,3,66.03,B60
Chuadanga,2000,4,72.97,B60
Chuadanga,2000,5,79.55,B60
Chuadanga,2000,6,83.57,B60
Chuadanga,2000,7,84.48,B60
Chuadanga,2000,8,85.71,B60
Chuadanga,2000,9,88.23,B60
Chuadanga,2000,10,84.39,B60
Chuadanga,2000,11,78.87,B60
Chuadanga,2000,12,75.42,B60
Chuadanga,2001,1,73.68,B60
Chuadanga,2001,2,68.18,B60
Chuadanga,2001,3,61.19,B60
Chuadanga,2001,4,68.1,B60
Chuadanga,2001,5,79.13,B60
Chuadanga,2001,6,86.4,B60
Chuadanga,2001,7,85.55,B60
Chuadanga,2001,8,84.13,B60
Chuadanga,2001,9,85.73,B60
Chuadanga,2001,10,84.58,B60
Chuadanga,2001,11,80.27,B60
Chuadanga,2001,12,79.84,B60
Chuadanga,2002,1,78.68,B60
Chuadanga,2002,2,70.04,B60
Chuadanga,2002,3,64.16,B60
Chuadanga,2002,4,75.8,B60
Chuadanga,2002,5,80.32,B60
Chuadanga,2002,6,84.07,B60
Chuadanga,2002,7,86.13,B60
Chuadanga,2002,8,87.1,B60
Chuadanga,2002,9,85.73,B60
Chuadanga,2002,10,80.97,B60
Chuadanga,2002,11,79.67,B60
Chuadanga,2002,12,80.19,B60
Chuadanga,2003,1,79.42,B60
Chuadanga,2003,2,74.82,B60
Chuadanga,2003,3,72.52,B60
Chuadanga,2003,4,71.87,B60
Chuadanga,2003,5,71.97,B60
Chuadanga,2003,6,82.63,B60
Chuadanga,2003,7,86.48,B60
Chuadanga,2003,8,85.55,B60
Chuadanga,2003,9,87.23,B60
Chuadanga,2003,10,87.84,B60
Chuadanga,2003,11,78.83,B60
Chuadanga,2003,12,80,B60
Chuadanga,2004,1,80.87,B60
Chuadanga,2004,2,70.55,B60
Chuadanga,2004,3,66.23,B60
Chuadanga,2004,4,71.83,B60
Chuadanga,2004,5,65.74,B60
Chuadanga,2004,6,84.03,B60
Chuadanga,2004,7,84.77,B60
Chuadanga,2004,8,86.45,B60
Chuadanga,2004,9,88.03,B60
Chuadanga,2004,10,82.52,B60
Chuadanga,2004,11,76.1,B60
Chuadanga,2004,12,78.65,B60
Chuadanga,2005,1,78.94,B60
Chuadanga,2005,2,68.64,B60
Chuadanga,2005,3,68.45,B60
Chuadanga,2005,4,69.2,B60
Chuadanga,2005,5,71.97,B60
Chuadanga,2005,6,75.5,B60
Chuadanga,2005,7,86.45,B60
Chuadanga,2005,8,86.19,B60
Chuadanga,2005,9,84.8,B60
Chuadanga,2005,10,87.61,B60
Chuadanga,2005,11,79.93,B60
Chuadanga,2005,12,77.35,B60
Chuadanga,2006,1,76.32,B60
Chuadanga,2006,2,71.14,B60
Chuadanga,2006,3,60.77,B60
Chuadanga,2006,4,69.4,B60
Chuadanga,2006,5,73.58,B60
Chuadanga,2006,6,83.97,B60
Chuadanga,2006,7,85.87,B60
Chuadanga,2006,8,85.03,B60
Chuadanga,2006,9,85.43,B60
Chuadanga,2006,10,82.35,B60
Chuadanga,2006,11,78.83,B60
Chuadanga,2006,12,79.13,B60
Chuadanga,2007,1,76.48,B60
Chuadanga,2007,2,80.32,B60
Chuadanga,2007,3,70.1,B60
Chuadanga,2007,4,72.47,B60
Chuadanga,2007,5,74.65,B60
Chuadanga,2007,6,85.03,B60
Chuadanga,2007,7,89.32,B60
Chuadanga,2007,8,85.74,B60
Chuadanga,2007,9,86.27,B60
Chuadanga,2007,10,83.23,B60
Chuadanga,2007,11,81.13,B60
Chuadanga,2007,12,79.65,B60
Chuadanga,2008,1,79.94,B60
Chuadanga,2008,2,76.28,B60
Chuadanga,2008,3,74.58,B60
Chuadanga,2008,4,69.8,B60
Chuadanga,2008,5,75.39,B60
Chuadanga,2008,6,85.3,B60
Chuadanga,2008,7,89.35,B60
Chuadanga,2008,8,85.94,B60
Chuadanga,2008,9,86.17,B60
Chuadanga,2008,10,83.42,B60
Chuadanga,2008,11,79.57,B60
Chuadanga,2008,12,84.39,B60
Chuadanga,2009,1,81.68,B60
Chuadanga,2009,2,70.11,B60
Chuadanga,2009,3,65.39,B60
Chuadanga,2009,4,66.1,B60
Chuadanga,2009,5,75.29,B60
Chuadanga,2009,6,78.13,B60
Chuadanga,2009,7,86.9,B60
Chuadanga,2009,8,88.71,B60
Chuadanga,2009,9,86.53,B60
Chuadanga,2009,10,82.94,B60
Chuadanga,2009,11,79.07,B60
Chuadanga,2009,12,80.39,B60
Chuadanga,2010,1,82.26,B60
Chuadanga,2010,2,71.89,B60
Chuadanga,2010,3,65.77,B60
Chuadanga,2010,4,71.03,B60
Chuadanga,2010,5,79.03,B60
Chuadanga,2010,6,84.8,B60
Chuadanga,2010,7,84.39,B60
Chuadanga,2010,8,83.81,B60
Chuadanga,2010,9,86.5,B60
Chuadanga,2010,10,84.42,B60
Chuadanga,2010,11,79.93,B60
Chuadanga,2010,12,80.19,B60
Chuadanga,2011,1,79.39,B60
Chuadanga,2011,2,70.68,B60
Chuadanga,2011,3,69.48,B60
Chuadanga,2011,4,72.67,B60
Chuadanga,2011,5,78.9,B60
Chuadanga,2011,6,83.83,B60
Chuadanga,2011,7,85.52,B60
Chuadanga,2011,8,88.77,B60
Chuadanga,2011,9,88.1,B60
Chuadanga,2011,10,82.35,B60
Chuadanga,2011,11,82.1,B60
Chuadanga,2011,12,84.65,B60
Chuadanga,2012,1,81.71,B60
Chuadanga,2012,2,70.55,B60
Chuadanga,2012,3,63.1,B60
Chuadanga,2012,4,69.47,B60
Chuadanga,2012,5,70.55,B60
Chuadanga,2012,6,78.93,B60
Chuadanga,2012,7,88.84,B60
Chuadanga,2012,8,87.39,B60
Chuadanga,2012,9,86.37,B60
Chuadanga,2012,10,83.48,B60
Chuadanga,2012,11,80.87,B60
Chuadanga,2012,12,85.13,B60
Chuadanga,2013,1,79.19,B60
Chuadanga,2013,2,74.57,B60
Chuadanga,2013,3,65.9,B60
Chuadanga,2013,4,65.23,B60
Chuadanga,2013,5,81.06,B60
Chuadanga,2013,6,84.5,B60
Chuadanga,2013,7,86.39,B60
Chuadanga,2013,8,87.9,B60
Chuadanga,2013,9,87.4,B60
Chuadanga,2013,10,88.9,B60
Chuadanga,2013,11,82.03,B60
Chuadanga,2013,12,82.26,B60
Chuadanga,2014,1,82.84,B60
Chuadanga,2014,2,75.75,B60
Chuadanga,2014,3,67.55,B60
Chuadanga,2014,4,60.93,B60
Chuadanga,2014,5,66.52,B60
Chuadanga,2014,6,83.27,B60
Chuadanga,2014,7,87.26,B60
Chuadanga,2014,8,86.42,B60
Chuadanga,2014,9,85.07,B60
Chuadanga,2014,10,83.9,B60
Chuadanga,2014,11,79.47,B60
Chuadanga,2014,12,85.06,B60
Chuadanga,2015,1,82.39,B60
Chuadanga,2015,2,78.68,B60
Chuadanga,2015,3,67.71,B60
Chuadanga,2015,4,74.7,B60
Chuadanga,2015,5,76,B60
Chuadanga,2015,6,81.23,B60
Chuadanga,2015,7,88.29,B60
Chuadanga,2015,8,86.16,B60
Chuadanga,2015,9,84.67,B60
Chuadanga,2015,10,81.97,B60
Chuadanga,2015,11,80.3,B60
Chuadanga,2015,12,82.13,B60
Chuadanga,2016,1,81.45,B60
Chuadanga,2016,2,77.21,B60
Chuadanga,2016,3,70.84,B60
Chuadanga,2016,4,69.4,B60
Chuadanga,2016,5,74.65,B60
Chuadanga,2016,6,81,B60
Chuadanga,2016,7,88.32,B60
Chuadanga,2016,8,86.35,B60
Chuadanga,2016,9,85.13,B60
Chuadanga,2016,10,82.1,B60
Chuadanga,2016,11,79.53,B60
Chuadanga,2016,12,83.1,B60
Chuadanga,2017,1,79.06,B60
Chuadanga,2017,2,72.18,B60
Chuadanga,2017,3,70.39,B60
Chuadanga,2017,4,72.23,B60
Chuadanga,2017,5,78.84,B60
Chuadanga,2017,6,83.3,B60
Chuadanga,2017,7,88.03,B60
Chuadanga,2017,8,86.48,B60
Chuadanga,2017,9,85.47,B60
Chuadanga,2017,10,86.29,B60
Chuadanga,2017,11,81.6,B60
Chuadanga,2017,12,85.68,B60
Chuadanga,2018,1,79.58,B60
Chuadanga,2018,2,73.46,B60
Chuadanga,2018,3,67.42,B60
Chuadanga,2018,4,74.67,B60
Chuadanga,2018,5,79.71,B60
Chuadanga,2018,6,81.4,B60
Chuadanga,2018,7,86.48,B60
Chuadanga,2018,8,85.19,B60
Chuadanga,2018,9,83.6,B60
Chuadanga,2018,10,82.06,B60
Chuadanga,2018,11,78.8,B60
Chuadanga,2018,12,79.26,B60
Chuadanga,2019,1,76.84,B60
Chuadanga,2019,2,75.11,B60
Chuadanga,2019,3,68.84,B60
Chuadanga,2019,4,75.93,B60
Chuadanga,2019,5,77.26,B60
Chuadanga,2019,6,81.23,B60
Chuadanga,2019,7,85.55,B60
Chuadanga,2019,8,85.39,B60
Chuadanga,2019,9,87.27,B60
Chuadanga,2019,10,86,B60
Chuadanga,2019,11,82.7,B60
Chuadanga,2019,12,83.19,B60
Chuadanga,2020,1,83.23,B60
Chuadanga,2020,2,75.07,B60
Chuadanga,2020,3,70.77,B60
Chuadanga,2020,4,72.47,B60
Chuadanga,2020,5,80.1,B60
Chuadanga,2020,6,84.87,B60
Chuadanga,2020,7,85.68,B60
Chuadanga,2020,8,86.42,B60
Chuadanga,2020,9,86.17,B60
Chuadanga,2020,10,84.61,B60
Chuadanga,2020,11,78.5,B60
Chuadanga,2020,12,89.11,B60
Chuadanga,2021,1,85.37,B60
Chuadanga,2021,2,73.54,B60
Chuadanga,2021,3,64.53,B60
Chuadanga,2021,4,60.77,B60
Chuadanga,2021,5,71.58,B60
Chuadanga,2021,6,84.17,B60
Chuadanga,2021,7,86.7,B60
Chuadanga,2021,8,87.5,B60
Chuadanga,2021,9,85.71,B60
Chuadanga,2021,10,83.55,B60
Chuadanga,2021,11,82.71,B60
Chuadanga,2021,12,84.65,B60
Chuadanga,2023,1,87.92,B60
Chuadanga,2023,2,76.75,B60
Chuadanga,2023,3,63.94,B60
Chuadanga,2023,4,54.98,B60
Chuadanga,2023,5,67.34,B60
Chuadanga,2023,6,76.95,B60
Chuadanga,2023,7,79.11,B60
Chuadanga,2023,8,82.4,B60
Chuadanga,2023,9,84.02,B60
Chuadanga,2023,10,82.06,B60
Chuadanga,2023,11,82.28,B60
Chuadanga,2023,12,89.11,B60
Chuadanga,2022,1,83.9,B60
Chuadanga,2022,2,79.86,B60
Chuadanga,2022,3,72.39,B60
Chuadanga,2022,4,75.7,B60
Chuadanga,2022,5,79.1,B60
Chuadanga,2022,6,80.37,B60
Chuadanga,2022,7,81.29,B60
Chuadanga,2022,8,83.35,B60
Chuadanga,2022,9,85.67,B60
Chuadanga,2022,10,81.87,B60
Chuadanga,2022,11,78,B60
Chuadanga,2022,12,81.52,B60
Comilla,1948,1,71.39,B60
Comilla,1948,2,70.62,B60
Comilla,1948,3,68.06,B60
Comilla,1948,4,75.17,B60
Comilla,1948,5,81.39,B60
Comilla,1948,6,87.6,B60
Comilla,1948,7,95.29,B60
Comilla,1948,8,96.58,B60
Comilla,1948,9,90.67,B60
Comilla,1948,10,83.06,B60
Comilla,1948,11,77.43,B60
Comilla,1948,12,73.77,B60
Comilla,1949,1,69.77,B60
Comilla,1949,2,63.04,B60
Comilla,1949,3,70.55,B60
Comilla,1949,4,80.3,B60
Comilla,1949,5,85.39,B60
Comilla,1949,6,88.07,B60
Comilla,1949,7,88.1,B60
Comilla,1949,8,87.58,B60
Comilla,1949,9,87.63,B60
Comilla,1949,10,85.94,B60
Comilla,1949,11,80.2,B60
Comilla,1949,12,78.9,B60
Comilla,1950,1,79.61,B60
Comilla,1950,2,77.25,B60
Comilla,1950,3,70.1,B60
Comilla,1950,4,77.7,B60
Comilla,1950,5,77.03,B60
Comilla,1950,6,88.87,B60
Comilla,1950,7,87.13,B60
Comilla,1950,8,91.23,B60
Comilla,1950,9,84.43,B60
Comilla,1950,10,87.1,B60
Comilla,1950,11,84.43,B60
Comilla,1950,12,83.55,B60
Comilla,1951,1,78.16,B60
Comilla,1951,2,75.04,B60
Comilla,1951,3,74.61,B60
Comilla,1951,4,85.37,B60
Comilla,1951,5,86.03,B60
Comilla,1951,6,87.37,B60
Comilla,1951,7,87.23,B60
Comilla,1951,8,86.42,B60
Comilla,1951,9,85.6,B60
Comilla,1951,10,88.19,B60
Comilla,1951,11,85.07,B60
Comilla,1951,12,82.16,B60
Comilla,1952,1,83.94,B60
Comilla,1952,2,74.17,B60
Comilla,1952,3,72.71,B60
Comilla,1952,4,79.23,B60
Comilla,1952,5,83.06,B60
Comilla,1952,6,87.33,B60
Comilla,1952,7,88.26,B60
Comilla,1952,8,86.32,B60
Comilla,1952,9,89.63,B60
Comilla,1952,10,86.9,B60
Comilla,1952,11,86.23,B60
Comilla,1952,12,82.9,B60
Comilla,1953,1,81.81,B60
Comilla,1953,2,78.32,B60
Comilla,1953,3,82.48,B60
Comilla,1953,4,72.87,B60
Comilla,1953,5,78.97,B60
Comilla,1953,6,87.03,B60
Comilla,1953,7,89.26,B60
Comilla,1953,8,86.03,B60
Comilla,1953,9,86.97,B60
Comilla,1953,10,84.9,B60
Comilla,1953,11,83.07,B60
Comilla,1953,12,84.13,B60
Comilla,1954,1,78.45,B60
Comilla,1954,2,78.96,B60
Comilla,1954,3,73.42,B60
Comilla,1954,4,83.03,B60
Comilla,1954,5,85.43,B60
Comilla,1954,6,91.93,B60
Comilla,1954,7,89.71,B60
Comilla,1954,8,91.61,B60
Comilla,1954,9,87.53,B60
Comilla,1954,10,88.52,B60
Comilla,1954,11,86.1,B60
Comilla,1954,12,85.65,B60
Comilla,1955,1,79.03,B60
Comilla,1955,2,62.25,B60
Comilla,1955,3,69.77,B60
Comilla,1955,4,72.57,B60
Comilla,1955,5,81.42,B60
Comilla,1955,6,86.27,B60
Comilla,1955,7,88.45,B60
Comilla,1955,8,87.48,B60
Comilla,1955,9,85.73,B60
Comilla,1955,10,83.39,B60
Comilla,1955,11,81.7,B60
Comilla,1955,12,75.97,B60
Comilla,1956,1,79.74,B60
Comilla,1956,2,66.69,B60
Comilla,1956,3,72.45,B60
Comilla,1956,4,72.1,B60
Comilla,1956,5,84.71,B60
Comilla,1956,6,87.4,B60
Comilla,1956,7,84.23,B60
Comilla,1956,8,85.52,B60
Comilla,1956,9,84.93,B60
Comilla,1956,10,81.84,B60
Comilla,1956,11,79.83,B60
Comilla,1956,12,77.52,B60
Comilla,1957,1,77.97,B60
Comilla,1957,2,73.68,B60
Comilla,1957,3,61.68,B60
Comilla,1957,4,67.73,B60
Comilla,1957,5,78.19,B60
Comilla,1957,6,84.83,B60
Comilla,1957,7,85.45,B60
Comilla,1957,8,84.65,B60
Comilla,1957,9,85.93,B60
Comilla,1957,10,81.19,B60
Comilla,1957,11,75.17,B60
Comilla,1957,12,75.35,B60
Comilla,1958,1,75.52,B60
Comilla,1958,2,72.07,B60
Comilla,1958,3,63.68,B60
Comilla,1958,4,75,B60
Comilla,1958,5,82.77,B60
Comilla,1958,6,84.3,B60
Comilla,1958,7,84.55,B60
Comilla,1958,8,86.48,B60
Comilla,1958,9,85.23,B60
Comilla,1958,10,85.16,B60
Comilla,1958,11,77.83,B60
Comilla,1958,12,77.71,B60
Comilla,1959,1,75.68,B60
Comilla,1959,2,73,B60
Comilla,1959,3,79.87,B60
Comilla,1959,4,78.3,B60
Comilla,1959,5,82.52,B60
Comilla,1959,6,86,B60
Comilla,1959,7,85.16,B60
Comilla,1959,8,86.26,B60
Comilla,1959,9,87.57,B60
Comilla,1959,10,86.87,B60
Comilla,1959,11,77.83,B60
Comilla,1959,12,75.77,B60
Comilla,1960,1,70.45,B60
Comilla,1960,2,68.79,B60
Comilla,1960,3,74.1,B60
Comilla,1960,4,69.3,B60
Comilla,1960,5,76.48,B60
Comilla,1960,6,84,B60
Comilla,1960,7,88.45,B60
Comilla,1960,8,85.84,B60
Comilla,1960,9,87.2,B60
Comilla,1960,10,80.58,B60
Comilla,1960,11,76.63,B60
Comilla,1960,12,75.52,B60
Comilla,1961,1,74.06,B60
Comilla,1961,2,67.43,B60
Comilla,1961,3,71.94,B60
Comilla,1961,4,74.63,B60
Comilla,1961,5,79.84,B60
Comilla,1961,6,85.47,B60
Comilla,1961,7,84.94,B60
Comilla,1961,8,86.52,B60
Comilla,1961,9,84.33,B60
Comilla,1961,10,82.48,B60
Comilla,1961,11,77,B60
Comilla,1961,12,74.81,B60
Comilla,1962,1,69.61,B60
Comilla,1962,2,67.43,B60
Comilla,1962,3,58.68,B60
Comilla,1962,4,74.6,B60
Comilla,1962,5,79.68,B60
Comilla,1962,6,87.13,B60
Comilla,1962,7,86.61,B60
Comilla,1962,8,87.61,B60
Comilla,1962,9,85.53,B60
Comilla,1962,10,80.77,B60
Comilla,1962,11,78.6,B60
Comilla,1962,12,80.63,B60
Comilla,1964,1,72.1,B60
Comilla,1964,2,71.38,B60
Comilla,1964,3,71.29,B60
Comilla,1964,4,82.6,B60
Comilla,1964,5,86.94,B60
Comilla,1964,6,93.23,B60
Comilla,1964,7,93.97,B60
Comilla,1964,8,91.52,B60
Comilla,1964,9,89.7,B60
Comilla,1964,10,85.68,B60
Comilla,1964,11,81,B60
Comilla,1964,12,80.32,B60
Comilla,1965,1,74.9,B60
Comilla,1965,2,69.86,B60
Comilla,1965,3,72.1,B60
Comilla,1965,4,76.13,B60
Comilla,1965,5,83.23,B60
Comilla,1965,6,89.5,B60
Comilla,1965,7,93.1,B60
Comilla,1965,8,95.68,B60
Comilla,1965,9,86.2,B60
Comilla,1965,10,82,B60
Comilla,1965,11,79.07,B60
Comilla,1965,12,78.45,B60
Comilla,1966,1,77.06,B60
Comilla,1966,2,67.21,B60
Comilla,1966,3,67.9,B60
Comilla,1966,4,78.07,B60
Comilla,1966,5,85.42,B60
Comilla,1966,6,94.5,B60
Comilla,1966,7,92,B60
Comilla,1966,8,93,B60
Comilla,1966,9,89.97,B60
Comilla,1966,10,84.58,B60
Comilla,1966,11,84.23,B60
Comilla,1966,12,86.03,B60
Comilla,1967,2,76.43,B60
Comilla,1967,3,80.96,B60
Comilla,1967,4,74.1,B60
Comilla,1967,5,83.87,B60
Comilla,1967,6,84.07,B60
Comilla,1967,7,86.61,B60
Comilla,1967,8,85.16,B60
Comilla,1967,9,86.8,B60
Comilla,1967,10,81.35,B60
Comilla,1967,11,72.63,B60
Comilla,1967,12,71.94,B60
Comilla,1968,1,69.16,B60
Comilla,1968,2,75,B60
Comilla,1968,3,67.45,B60
Comilla,1968,4,78.33,B60
Comilla,1968,5,78.65,B60
Comilla,1968,6,88.53,B60
Comilla,1968,7,87.06,B60
Comilla,1968,8,88.13,B60
Comilla,1968,9,86.23,B60
Comilla,1968,10,82.81,B60
Comilla,1968,11,79.1,B60
Comilla,1969,1,74.03,B60
Comilla,1969,2,69.61,B60
Comilla,1969,3,78.65,B60
Comilla,1969,4,77.87,B60
Comilla,1969,5,78.13,B60
Comilla,1969,6,87.7,B60
Comilla,1969,7,87.06,B60
Comilla,1969,8,90.44,B60
Comilla,1969,9,84.1,B60
Comilla,1969,10,80.16,B60
Comilla,1969,11,75.13,B60
Comilla,1969,12,73.68,B60
Comilla,1970,1,85.58,B60
Comilla,1970,2,70.43,B60
Comilla,1970,3,69.71,B60
Comilla,1970,4,90.5,B60
Comilla,1970,5,92.45,B60
Comilla,1970,6,93.27,B60
Comilla,1970,7,93.26,B60
Comilla,1970,8,86.68,B60
Comilla,1970,9,86.8,B60
Comilla,1970,10,85.35,B60
Comilla,1970,11,90.67,B60
Comilla,1971,1,84.61,B60
Comilla,1971,2,88.18,B60
Comilla,1971,3,85.8,B60
Comilla,1971,5,83.33,B60
Comilla,1971,6,85.1,B60
Comilla,1971,7,89.23,B60
Comilla,1971,8,89.16,B60
Comilla,1971,9,85.7,B60
Comilla,1971,10,84,B60
Comilla,1971,11,79.1,B60
Comilla,1972,3,65.86,B60
Comilla,1972,4,72.73,B60
Comilla,1972,5,77.1,B60
Comilla,1972,6,82.4,B60
Comilla,1972,7,82.03,B60
Comilla,1972,8,84.1,B60
Comilla,1972,9,78.6,B60
Comilla,1972,10,72.55,B60
Comilla,1972,11,67.33,B60
Comilla,1972,12,63.77,B60
Comilla,1973,1,60.87,B60
Comilla,1973,2,60.39,B60
Comilla,1973,3,64.52,B60
Comilla,1973,4,72.17,B60
Comilla,1973,5,79.39,B60
Comilla,1973,6,83.53,B60
Comilla,1973,7,81.37,B60
Comilla,1973,8,81.81,B60
Comilla,1973,9,83.67,B60
Comilla,1973,10,79.74,B60
Comilla,1973,11,78.97,B60
Comilla,1973,12,75.26,B60
Comilla,1974,1,69.48,B60
Comilla,1974,2,58.29,B60
Comilla,1974,3,69.1,B60
Comilla,1974,4,76.1,B60
Comilla,1974,5,76.87,B60
Comilla,1974,6,82.93,B60
Comilla,1974,7,88.65,B60
Comilla,1974,8,82.65,B60
Comilla,1974,9,81.77,B60
Comilla,1974,10,79.1,B60
Comilla,1974,11,72.13,B60
Comilla,1974,12,67.19,B60
Comilla,1975,1,62.55,B60
Comilla,1975,2,62.25,B60
Comilla,1975,3,57.87,B60
Comilla,1975,4,69.73,B60
Comilla,1975,5,75.71,B60
Comilla,1975,6,79.53,B60
Comilla,1975,7,84.94,B60
Comilla,1975,8,81.48,B60
Comilla,1975,9,82.93,B60
Comilla,1975,10,81.61,B60
Comilla,1975,11,71.47,B60
Comilla,1975,12,62.48,B60
Comilla,1976,1,60.45,B60
Comilla,1976,2,64.1,B60
Comilla,1976,3,67.19,B60
Comilla,1976,4,70.43,B60
Comilla,1976,5,77.68,B60
Comilla,1976,6,85.13,B60
Comilla,1976,7,85.16,B60
Comilla,1976,8,85,B60
Comilla,1976,9,78.37,B60
Comilla,1976,10,76.65,B60
Comilla,1976,11,70.1,B60
Comilla,1976,12,62.23,B60
Comilla,1977,1,63.39,B60
Comilla,1977,2,60.54,B60
Comilla,1977,3,68.77,B60
Comilla,1977,4,78.53,B60
Comilla,1977,5,78.58,B60
Comilla,1977,6,83.33,B60
Comilla,1977,7,85.58,B60
Comilla,1977,8,85.65,B60
Comilla,1977,9,84.43,B60
Comilla,1977,10,84.35,B60
Comilla,1977,11,81.47,B60
Comilla,1977,12,76.48,B60
Comilla,1979,1,68.61,B60
Comilla,1979,2,67.89,B60
Comilla,1979,3,70.81,B60
Comilla,1979,4,75.33,B60
Comilla,1979,5,75.48,B60
Comilla,1979,6,80.43,B60
Comilla,1979,7,85.16,B60
Comilla,1979,8,85.55,B60
Comilla,1979,9,85.07,B60
Comilla,1979,10,81.26,B60
Comilla,1979,11,78.9,B60
Comilla,1979,12,80.61,B60
Comilla,1980,1,72.35,B60
Comilla,1980,2,73.1,B60
Comilla,1980,3,75.68,B60
Comilla,1980,4,77.37,B60
Comilla,1980,5,79.97,B60
Comilla,1980,6,83.47,B60
Comilla,1980,7,84.94,B60
Comilla,1980,8,85.65,B60
Comilla,1980,9,85.8,B60
Comilla,1980,10,82.77,B60
Comilla,1980,11,75.1,B60
Comilla,1980,12,74.13,B60
Comilla,1981,1,72.87,B60
Comilla,1981,2,72.29,B60
Comilla,1981,3,73.9,B60
Comilla,1981,4,81.23,B60
Comilla,1981,5,80.87,B60
Comilla,1981,6,82.53,B60
Comilla,1981,7,86.94,B60
Comilla,1981,8,83.65,B60
Comilla,1981,9,85.13,B60
Comilla,1981,10,79.71,B60
Comilla,1981,11,74.4,B60
Comilla,1981,12,74.29,B60
Comilla,1982,1,69.26,B60
Comilla,1982,2,71,B60
Comilla,1982,3,69.9,B60
Comilla,1982,4,81.13,B60
Comilla,1982,5,78.29,B60
Comilla,1982,6,87.33,B60
Comilla,1982,7,85.29,B60
Comilla,1982,8,85.87,B60
Comilla,1982,9,85.4,B60
Comilla,1982,10,81.1,B60
Comilla,1982,11,78.27,B60
Comilla,1982,12,74.58,B60
Comilla,1983,1,73.55,B60
Comilla,1983,2,69.43,B60
Comilla,1983,3,80.19,B60
Comilla,1983,4,79.97,B60
Comilla,1983,5,81.42,B60
Comilla,1983,6,84,B60
Comilla,1983,7,84.55,B60
Comilla,1983,8,84.68,B60
Comilla,1983,9,85.33,B60
Comilla,1983,10,84.1,B60
Comilla,1983,11,78.73,B60
Comilla,1983,12,78.55,B60
Comilla,1984,1,75.55,B60
Comilla,1984,2,69.83,B60
Comilla,1984,3,73.48,B60
Comilla,1984,4,77.17,B60
Comilla,1984,5,83.52,B60
Comilla,1984,6,84.3,B60
Comilla,1984,7,85.55,B60
Comilla,1984,8,85.58,B60
Comilla,1984,9,83.1,B60
Comilla,1984,10,82.81,B60
Comilla,1984,11,75.53,B60
Comilla,1984,12,75.52,B60
Comilla,1985,1,75.26,B60
Comilla,1985,2,74.04,B60
Comilla,1985,3,80.94,B60
Comilla,1985,4,80.97,B60
Comilla,1985,5,81.13,B60
Comilla,1985,6,85.17,B60
Comilla,1985,7,85.52,B60
Comilla,1985,8,84.19,B60
Comilla,1985,9,85.83,B60
Comilla,1985,10,80.81,B60
Comilla,1985,11,76.3,B60
Comilla,1985,12,75.81,B60
Comilla,1986,1,76.58,B60
Comilla,1986,2,71.11,B60
Comilla,1986,3,72,B60
Comilla,1986,4,80.7,B60
Comilla,1986,5,79.23,B60
Comilla,1986,6,83.93,B60
Comilla,1986,7,85.84,B60
Comilla,1986,8,83.87,B60
Comilla,1986,9,87.3,B60
Comilla,1986,10,84.84,B60
Comilla,1986,11,82.57,B60
Comilla,1986,12,76.42,B60
Comilla,1987,1,76.42,B60
Comilla,1987,2,74.25,B60
Comilla,1987,3,77.29,B60
Comilla,1987,4,82.27,B60
Comilla,1987,5,78.81,B60
Comilla,1987,6,85.52,B60
Comilla,1987,7,89.13,B60
Comilla,1987,8,86.58,B60
Comilla,1987,9,86.37,B60
Comilla,1987,10,81.39,B60
Comilla,1987,11,79.53,B60
Comilla,1987,12,78.71,B60
Comilla,1988,1,75.74,B60
Comilla,1988,2,77.62,B60
Comilla,1988,3,79.16,B60
Comilla,1988,4,81,B60
Comilla,1988,5,83,B60
Comilla,1988,6,85.03,B60
Comilla,1988,7,86.26,B60
Comilla,1988,8,87.74,B60
Comilla,1988,9,85.6,B60
Comilla,1988,10,82.71,B60
Comilla,1988,11,80.13,B60
Comilla,1988,12,80.68,B60
Comilla,1989,1,75.39,B60
Comilla,1989,2,74.39,B60
Comilla,1989,3,73.32,B60
Comilla,1989,4,81.97,B60
Comilla,1989,5,82.26,B60
Comilla,1989,6,86.53,B60
Comilla,1989,7,88.16,B60
Comilla,1989,8,84.74,B60
Comilla,1989,9,88.8,B60
Comilla,1989,10,88.52,B60
Comilla,1989,11,80.77,B60
Comilla,1989,12,76.48,B60
Comilla,1990,1,80.71,B60
Comilla,1990,2,78.36,B60
Comilla,1990,3,81.65,B60
Comilla,1990,4,84.07,B60
Comilla,1990,5,83.29,B60
Comilla,1990,6,88.17,B60
Comilla,1990,7,90.29,B60
Comilla,1990,8,86.52,B60
Comilla,1990,9,87.73,B60
Comilla,1990,10,86,B60
Comilla,1990,11,83.97,B60
Comilla,1990,12,80.03,B60
Comilla,1991,1,79.52,B60
Comilla,1991,2,79.82,B60
Comilla,1991,3,80.06,B60
Comilla,1991,4,83.57,B60
Comilla,1991,5,88.48,B60
Comilla,1991,6,90.33,B60
Comilla,1991,7,88.71,B60
Comilla,1991,8,86.97,B60
Comilla,1991,9,90.33,B60
Comilla,1991,10,88.23,B60
Comilla,1991,11,84.03,B60
Comilla,1991,12,81.13,B60
Comilla,1992,1,83.03,B60
Comilla,1992,2,80.79,B60
Comilla,1992,3,82.45,B60
Comilla,1992,4,80.8,B60
Comilla,1992,5,82.39,B60
Comilla,1992,6,85.8,B60
Comilla,1992,7,89.16,B60
Comilla,1992,8,86.52,B60
Comilla,1992,9,88.53,B60
Comilla,1992,10,86.71,B60
Comilla,1992,11,83.13,B60
Comilla,1992,12,80,B60
Comilla,1993,1,78.06,B60
Comilla,1993,2,77.93,B60
Comilla,1993,3,78.55,B60
Comilla,1993,4,83.63,B60
Comilla,1993,5,85.74,B60
Comilla,1993,6,87.7,B60
Comilla,1993,7,88.71,B60
Comilla,1993,8,89.16,B60
Comilla,1993,9,88.43,B60
Comilla,1993,10,87.52,B60
Comilla,1993,11,83.77,B60
Comilla,1993,12,79.87,B60
Comilla,1994,1,80.26,B60
Comilla,1994,2,79.18,B60
Comilla,1994,3,83.13,B60
Comilla,1994,4,82,B60
Comilla,1994,5,84.16,B60
Comilla,1994,6,88.93,B60
Comilla,1994,7,86.52,B60
Comilla,1994,8,87.87,B60
Comilla,1994,9,86.1,B60
Comilla,1994,10,85.71,B60
Comilla,1994,11,83.47,B60
Comilla,1994,12,76.87,B60
Comilla,1995,1,75.39,B60
Comilla,1995,2,79.36,B60
Comilla,1995,3,73.16,B60
Comilla,1995,4,83.03,B60
Comilla,1995,5,84.94,B60
Comilla,1995,6,89.03,B60
Comilla,1995,7,90.16,B60
Comilla,1995,8,89.45,B60
Comilla,1995,9,88.8,B60
Comilla,1995,10,86.35,B60
Comilla,1995,11,84,B60
Comilla,1995,12,82.26,B60
Comilla,1996,1,80.68,B60
Comilla,1996,2,77.28,B60
Comilla,1996,3,82.94,B60
Comilla,1996,4,84.33,B60
Comilla,1996,5,82.1,B60
Comilla,1996,6,84.03,B60
Comilla,1996,7,86.48,B60
Comilla,1996,8,87.1,B60
Comilla,1996,9,85.6,B60
Comilla,1996,10,83.35,B60
Comilla,1996,11,81.07,B60
Comilla,1996,12,78.13,B60
Comilla,1997,1,75.03,B60
Comilla,1997,2,74.29,B60
Comilla,1997,3,81.1,B60
Comilla,1997,4,81.67,B60
Comilla,1997,5,82.29,B60
Comilla,1997,6,85.83,B60
Comilla,1997,7,87.45,B60
Comilla,1997,8,85.32,B60
Comilla,1997,9,85.6,B60
Comilla,1997,10,81.74,B60
Comilla,1997,11,81.5,B60
Comilla,1997,12,83.87,B60
Comilla,1998,1,83.23,B60
Comilla,1998,2,77.61,B60
Comilla,1998,3,77.61,B60
Comilla,1998,4,83.67,B60
Comilla,1998,5,84.13,B60
Comilla,1998,6,84.73,B60
Comilla,1998,7,89.39,B60
Comilla,1998,8,87.16,B60
Comilla,1998,9,84.7,B60
Comilla,1998,10,83.32,B60
Comilla,1998,11,81.87,B60
Comilla,1998,12,79.77,B60
Comilla,1999,1,76.55,B60
Comilla,1999,2,76.25,B60
Comilla,1999,3,77.35,B60
Comilla,1999,4,80.6,B60
Comilla,1999,5,83.61,B60
Comilla,1999,6,86.6,B60
Comilla,1999,7,87.32,B60
Comilla,1999,8,87.97,B60
Comilla,1999,9,86.53,B60
Comilla,1999,10,85.23,B60
Comilla,1999,11,78.27,B60
Comilla,1999,12,77.52,B60
Comilla,2000,1,78.81,B60
Comilla,2000,2,75.07,B60
Comilla,2000,3,79.65,B60
Comilla,2000,4,82.67,B60
Comilla,2000,5,83.87,B60
Comilla,2000,6,85.43,B60
Comilla,2000,7,84.42,B60
Comilla,2000,8,84.39,B60
Comilla,2000,9,85.73,B60
Comilla,2000,10,86.48,B60
Comilla,2000,11,81.7,B60
Comilla,2000,12,77.19,B60
Comilla,2001,1,73.32,B60
Comilla,2001,2,76.46,B60
Comilla,2001,3,73.45,B60
Comilla,2001,4,77.6,B60
Comilla,2001,5,83.9,B60
Comilla,2001,6,87.4,B60
Comilla,2001,7,85.29,B60
Comilla,2001,8,83.68,B60
Comilla,2001,9,85.57,B60
Comilla,2001,10,85.77,B60
Comilla,2001,11,85.17,B60
Comilla,2001,12,81.9,B60
Comilla,2002,1,78.45,B60
Comilla,2002,2,71.07,B60
Comilla,2002,3,75.13,B60
Comilla,2002,4,81,B60
Comilla,2002,5,83.71,B60
Comilla,2002,6,85.97,B60
Comilla,2002,7,88.45,B60
Comilla,2002,8,85.45,B60
Comilla,2002,9,82.83,B60
Comilla,2002,10,82.71,B60
Comilla,2002,11,81.3,B60
Comilla,2002,12,80.77,B60
Comilla,2003,1,80.19,B60
Comilla,2003,2,73.46,B60
Comilla,2003,3,77.55,B60
Comilla,2003,4,81.3,B60
Comilla,2003,5,80.29,B60
Comilla,2003,6,87.27,B60
Comilla,2003,7,83.61,B60
Comilla,2003,8,82.19,B60
Comilla,2003,9,85.2,B60
Comilla,2003,10,85.71,B60
Comilla,2003,11,78.93,B60
Comilla,2003,12,81.97,B60
Comilla,2004,1,82.52,B60
Comilla,2004,2,74.45,B60
Comilla,2004,3,79.39,B60
Comilla,2004,4,83.17,B60
Comilla,2004,5,78.03,B60
Comilla,2004,6,85.33,B60
Comilla,2004,7,85.48,B60
Comilla,2004,8,83.58,B60
Comilla,2004,9,86.93,B60
Comilla,2004,10,79.48,B60
Comilla,2004,11,77.53,B60
Comilla,2004,12,77.77,B60
Comilla,2005,1,77.16,B60
Comilla,2005,2,76.46,B60
Comilla,2005,3,82,B60
Comilla,2005,4,79.17,B60
Comilla,2005,5,79.94,B60
Comilla,2005,6,84.07,B60
Comilla,2005,7,85.19,B60
Comilla,2005,8,87.26,B60
Comilla,2005,9,85.7,B60
Comilla,2005,10,84.03,B60
Comilla,2005,11,80,B60
Comilla,2005,12,76.97,B60
Comilla,2006,1,78.65,B60
Comilla,2006,2,79.21,B60
Comilla,2006,3,72.58,B60
Comilla,2006,4,78.17,B60
Comilla,2006,5,79.52,B60
Comilla,2006,6,85.2,B60
Comilla,2006,7,85.32,B60
Comilla,2006,8,83.13,B60
Comilla,2006,9,84.7,B60
Comilla,2006,10,83.32,B60
Comilla,2006,11,80.8,B60
Comilla,2006,12,78.77,B60
Comilla,2007,1,77.06,B60
Comilla,2007,2,76.79,B60
Comilla,2007,3,71.94,B60
Comilla,2007,4,81.7,B60
Comilla,2007,5,82.23,B60
Comilla,2007,6,86.27,B60
Comilla,2007,7,88.06,B60
Comilla,2007,8,84.71,B60
Comilla,2007,9,85.7,B60
Comilla,2007,10,82.29,B60
Comilla,2007,11,81.73,B60
Comilla,2007,12,79.55,B60
Comilla,2008,1,79.16,B60
Comilla,2008,2,73,B60
Comilla,2008,3,81.42,B60
Comilla,2008,4,77.57,B60
Comilla,2008,5,79.32,B60
Comilla,2008,6,86.33,B60
Comilla,2008,7,86.45,B60
Comilla,2008,8,86.1,B60
Comilla,2008,9,82.67,B60
Comilla,2008,10,83.45,B60
Comilla,2008,11,77.67,B60
Comilla,2008,12,83.06,B60
Comilla,2009,1,78.52,B60
Comilla,2009,2,73.5,B60
Comilla,2009,3,75.61,B60
Comilla,2009,4,78.83,B60
Comilla,2009,5,80.1,B60
Comilla,2009,6,83.17,B60
Comilla,2009,7,86.19,B60
Comilla,2009,8,86.39,B60
Comilla,2009,9,83.17,B60
Comilla,2009,10,82.19,B60
Comilla,2009,11,76.83,B60
Comilla,2009,12,79.65,B60
Comilla,2010,1,78.29,B60
Comilla,2010,2,71.07,B60
Comilla,2010,3,76.65,B60
Comilla,2010,4,80.97,B60
Comilla,2010,5,80.71,B60
Comilla,2010,6,86.7,B60
Comilla,2010,7,83.61,B60
Comilla,2010,8,83.65,B60
Comilla,2010,9,85.5,B60
Comilla,2010,10,82.77,B60
Comilla,2010,11,78.6,B60
Comilla,2010,12,76.71,B60
Comilla,2011,1,75.97,B60
Comilla,2011,2,68.89,B60
Comilla,2011,3,74.26,B60
Comilla,2011,4,78,B60
Comilla,2011,5,82.61,B60
Comilla,2011,6,85.57,B60
Comilla,2011,7,84.71,B60
Comilla,2011,8,85.42,B60
Comilla,2011,9,84.63,B60
Comilla,2011,10,80.94,B60
Comilla,2011,11,76.73,B60
Comilla,2011,12,81.06,B60
Comilla,2012,1,77.52,B60
Comilla,2012,2,70.24,B60
Comilla,2012,3,75.68,B60
Comilla,2012,4,81.7,B60
Comilla,2012,5,79.97,B60
Comilla,2012,6,84.6,B60
Comilla,2012,7,85.42,B60
Comilla,2012,8,83.97,B60
Comilla,2012,9,85.1,B60
Comilla,2012,10,82.35,B60
Comilla,2012,11,78.07,B60
Comilla,2012,12,83.35,B60
Comilla,2013,1,74.16,B60
Comilla,2013,2,68.71,B60
Comilla,2013,3,75.71,B60
Comilla,2013,4,78.43,B60
Comilla,2013,5,85.16,B60
Comilla,2013,6,81.9,B60
Comilla,2013,7,83.87,B60
Comilla,2013,8,85.48,B60
Comilla,2013,9,84.63,B60
Comilla,2013,10,85.06,B60
Comilla,2013,11,78.27,B60
Comilla,2013,12,81,B60
Comilla,2014,1,79.65,B60
Comilla,2014,2,72.93,B60
Comilla,2014,3,70.03,B60
Comilla,2014,4,72.6,B60
Comilla,2014,5,77.97,B60
Comilla,2014,6,85.53,B60
Comilla,2014,7,82.65,B60
Comilla,2014,8,86.52,B60
Comilla,2014,9,83.5,B60
Comilla,2014,10,81.03,B60
Comilla,2014,11,80.77,B60
Comilla,2014,12,83.81,B60
Comilla,2015,1,78.97,B60
Comilla,2015,2,75.11,B60
Comilla,2015,3,71.29,B60
Comilla,2015,4,80.43,B60
Comilla,2015,5,81.48,B60
Comilla,2015,6,85.2,B60
Comilla,2015,7,87.84,B60
Comilla,2015,8,84.52,B60
Comilla,2015,9,83.63,B60
Comilla,2015,10,80.74,B60
Comilla,2015,11,77.4,B60
Comilla,2015,12,77.61,B60
Comilla,2016,1,76.61,B60
Comilla,2016,2,77.86,B60
Comilla,2016,3,76.97,B60
Comilla,2016,4,81.2,B60
Comilla,2016,5,80.81,B60
Comilla,2016,6,81.43,B60
Comilla,2016,7,86.77,B60
Comilla,2016,8,82.1,B60
Comilla,2016,9,84.5,B60
Comilla,2016,10,81.9,B60
Comilla,2016,11,80.4,B60
Comilla,2016,12,79.35,B60
Comilla,2017,1,73.03,B60
Comilla,2017,2,70.79,B60
Comilla,2017,3,78.77,B60
Comilla,2017,4,82.87,B60
Comilla,2017,5,79.94,B60
Comilla,2017,6,83.83,B60
Comilla,2017,7,87.1,B60
Comilla,2017,8,83.32,B60
Comilla,2017,9,86.3,B60
Comilla,2017,10,82.58,B60
Comilla,2017,11,77.03,B60
Comilla,2017,12,82.03,B60
Comilla,2018,1,75.65,B60
Comilla,2018,2,75.82,B60
Comilla,2018,3,74.77,B60
Comilla,2018,4,77.87,B60
Comilla,2018,5,82.03,B60
Comilla,2018,6,83.67,B60
Comilla,2018,7,83.35,B60
Comilla,2018,8,81.87,B60
Comilla,2018,9,82.43,B60
Comilla,2018,10,80.26,B60
Comilla,2018,11,77.97,B60
Comilla,2018,12,76.39,B60
Comilla,2019,1,72.61,B60
Comilla,2019,2,74.29,B60
Comilla,2019,3,74.65,B60
Comilla,2019,4,77.13,B60
Comilla,2019,5,79.19,B60
Comilla,2019,6,82.3,B60
Comilla,2019,7,84.9,B60
Comilla,2019,8,83.52,B60
Comilla,2019,9,83.33,B60
Comilla,2019,10,82.48,B60
Comilla,2019,11,80.1,B60
Comilla,2019,12,78.87,B60
Comilla,2020,1,79.94,B60
Comilla,2020,2,69.66,B60
Comilla,2020,3,66.74,B60
Comilla,2020,4,79.83,B60
Comilla,2020,5,80.84,B60
Comilla,2020,6,85.8,B60
Comilla,2020,7,86.52,B60
Comilla,2020,8,85,B60
Comilla,2020,9,85.57,B60
Comilla,2020,10,84.03,B60
Comilla,2020,11,77.67,B60
Comilla,2020,12,84.44,B60
Comilla,2021,1,78.94,B60
Comilla,2021,2,65.68,B60
Comilla,2021,3,64.59,B60
Comilla,2021,4,66.25,B60
Comilla,2021,5,69.44,B60
Comilla,2021,6,83.82,B60
Comilla,2021,7,85.56,B60
Comilla,2021,8,86.67,B60
Comilla,2021,9,83.91,B60
Comilla,2021,10,83.06,B60
Comilla,2021,11,78.49,B60
Comilla,2021,12,80.64,B60
Comilla,2023,1,77.71,B60
Comilla,2023,2,70.07,B60
Comilla,2023,3,67.73,B60
Comilla,2023,4,67.02,B60
Comilla,2023,5,67.15,B60
Comilla,2023,6,80.9,B60
Comilla,2023,7,78.89,B60
Comilla,2023,8,84.95,B60
Comilla,2023,9,81.58,B60
Comilla,2023,10,80.56,B60
Comilla,2023,11,75.78,B60
Comilla,2023,12,84.94,B60
Comilla,2022,1,79.39,B60
Comilla,2022,2,73.14,B60
Comilla,2022,3,70.71,B60
Comilla,2022,4,81.63,B60
Comilla,2022,5,83.03,B60
Comilla,2022,6,86.9,B60
Comilla,2022,7,83.06,B60
Comilla,2022,8,82.84,B60
Comilla,2022,9,86.6,B60
Comilla,2022,10,82.77,B60
Comilla,2022,11,75.93,B60
Comilla,2022,12,80.19,B60
Cox's Bazar,1948,1,75.65,B60
Cox's Bazar,1948,2,76.31,B60
Cox's Bazar,1948,3,74.52,B60
Cox's Bazar,1948,4,81.73,B60
Cox's Bazar,1948,5,85.03,B60
Cox's Bazar,1948,6,88.73,B60
Cox's Bazar,1948,7,90.94,B60
Cox's Bazar,1948,8,90.16,B60
Cox's Bazar,1948,9,86.57,B60
Cox's Bazar,1948,10,84.48,B60
Cox's Bazar,1948,11,79.8,B60
Cox's Bazar,1948,12,79.71,B60
Cox's Bazar,1949,1,76.42,B60
Cox's Bazar,1949,2,73.96,B60
Cox's Bazar,1949,3,74.03,B60
Cox's Bazar,1949,4,75.67,B60
Cox's Bazar,1949,5,82.68,B60
Cox's Bazar,1949,6,88.53,B60
Cox's Bazar,1949,7,88.87,B60
Cox's Bazar,1949,8,90.71,B60
Cox's Bazar,1949,9,87.13,B60
Cox's Bazar,1949,10,82.29,B60
Cox's Bazar,1949,11,72.13,B60
Cox's Bazar,1950,1,69.16,B60
Cox's Bazar,1950,2,68.07,B60
Cox's Bazar,1950,3,68.45,B60
Cox's Bazar,1950,4,74.43,B60
Cox's Bazar,1950,5,76.77,B60
Cox's Bazar,1950,6,84.8,B60
Cox's Bazar,1950,7,87.65,B60
Cox's Bazar,1950,8,88.45,B60
Cox's Bazar,1950,9,83.63,B60
Cox's Bazar,1950,10,81.48,B60
Cox's Bazar,1950,11,76,B60
Cox's Bazar,1950,12,71.68,B60
Cox's Bazar,1951,1,67.16,B60
Cox's Bazar,1951,2,68.43,B60
Cox's Bazar,1951,3,73.9,B60
Cox's Bazar,1951,4,77.9,B60
Cox's Bazar,1951,5,76.42,B60
Cox's Bazar,1951,6,87.13,B60
Cox's Bazar,1951,7,86.52,B60
Cox's Bazar,1951,8,87.26,B60
Cox's Bazar,1951,9,84.5,B60
Cox's Bazar,1951,10,82.42,B60
Cox's Bazar,1951,11,71.77,B60
Cox's Bazar,1951,12,71.45,B60
Cox's Bazar,1952,1,67.52,B60
Cox's Bazar,1952,2,67.14,B60
Cox's Bazar,1952,3,66.26,B60
Cox's Bazar,1952,4,76.1,B60
Cox's Bazar,1952,5,82.45,B60
Cox's Bazar,1952,6,88.23,B60
Cox's Bazar,1952,7,91.06,B60
Cox's Bazar,1952,8,91.16,B60
Cox's Bazar,1952,9,91.6,B60
Cox's Bazar,1952,10,84.48,B60
Cox's Bazar,1952,11,76.6,B60
Cox's Bazar,1952,12,77.19,B60
Cox's Bazar,1953,1,72.52,B60
Cox's Bazar,1953,2,80.17,B60
Cox's Bazar,1953,3,83.45,B60
Cox's Bazar,1953,4,84.4,B60
Cox's Bazar,1953,5,87.45,B60
Cox's Bazar,1953,6,88.53,B60
Cox's Bazar,1953,7,89,B60
Cox's Bazar,1953,8,90.16,B60
Cox's Bazar,1953,9,86.23,B60
Cox's Bazar,1953,10,82.1,B60
Cox's Bazar,1953,11,79.1,B60
Cox's Bazar,1953,12,73.55,B60
Cox's Bazar,1954,1,71.16,B60
Cox's Bazar,1954,2,82.32,B60
Cox's Bazar,1954,3,83.16,B60
Cox's Bazar,1954,4,77.5,B60
Cox's Bazar,1954,5,77.52,B60
Cox's Bazar,1954,6,90.53,B60
Cox's Bazar,1954,7,88.52,B60
Cox's Bazar,1954,8,91.29,B60
Cox's Bazar,1954,9,87.97,B60
Cox's Bazar,1954,10,85.68,B60
Cox's Bazar,1954,11,77.97,B60
Cox's Bazar,1954,12,77.55,B60
Cox's Bazar,1955,1,71.1,B60
Cox's Bazar,1955,2,68.39,B60
Cox's Bazar,1955,3,78.9,B60
Cox's Bazar,1955,4,78.23,B60
Cox's Bazar,1955,5,82.32,B60
Cox's Bazar,1955,6,90.67,B60
Cox's Bazar,1955,7,94.13,B60
Cox's Bazar,1955,8,89.84,B60
Cox's Bazar,1955,9,87.3,B60
Cox's Bazar,1955,10,83.1,B60
Cox's Bazar,1955,11,82.03,B60
Cox's Bazar,1955,12,73.97,B60
Cox's Bazar,1956,1,73.87,B60
Cox's Bazar,1956,2,72.34,B60
Cox's Bazar,1956,3,82.52,B60
Cox's Bazar,1956,4,80.43,B60
Cox's Bazar,1956,5,88.32,B60
Cox's Bazar,1956,6,92.5,B60
Cox's Bazar,1956,7,90,B60
Cox's Bazar,1956,8,89.9,B60
Cox's Bazar,1956,9,89.57,B60
Cox's Bazar,1956,10,85.58,B60
Cox's Bazar,1956,11,80.97,B60
Cox's Bazar,1956,12,74.9,B60
Cox's Bazar,1957,1,73.61,B60
Cox's Bazar,1957,2,72.43,B60
Cox's Bazar,1957,3,71.97,B60
Cox's Bazar,1957,4,77.53,B60
Cox's Bazar,1957,5,77.58,B60
Cox's Bazar,1957,6,86,B60
Cox's Bazar,1957,7,90.9,B60
Cox's Bazar,1957,8,89.48,B60
Cox's Bazar,1957,9,85.07,B60
Cox's Bazar,1957,10,80.87,B60
Cox's Bazar,1957,11,74.43,B60
Cox's Bazar,1957,12,73.26,B60
Cox's Bazar,1958,1,73.87,B60
Cox's Bazar,1958,2,75.89,B60
Cox's Bazar,1958,3,78.87,B60
Cox's Bazar,1958,4,78.67,B60
Cox's Bazar,1958,5,80.84,B60
Cox's Bazar,1958,6,85.5,B60
Cox's Bazar,1958,7,89.9,B60
Cox's Bazar,1958,8,89,B60
Cox's Bazar,1958,9,87.9,B60
Cox's Bazar,1958,10,83.74,B60
Cox's Bazar,1958,11,74.83,B60
Cox's Bazar,1958,12,75.32,B60
Cox's Bazar,1959,1,76.74,B60
Cox's Bazar,1959,2,75.68,B60
Cox's Bazar,1959,3,78.9,B60
Cox's Bazar,1959,4,79.63,B60
Cox's Bazar,1959,5,79.32,B60
Cox's Bazar,1959,6,85.03,B60
Cox's Bazar,1959,7,87.29,B60
Cox's Bazar,1959,8,91.52,B60
Cox's Bazar,1959,9,89.77,B60
Cox's Bazar,1959,10,85.77,B60
Cox's Bazar,1959,11,79.63,B60
Cox's Bazar,1959,12,77.81,B60
Cox's Bazar,1960,1,74.35,B60
Cox's Bazar,1960,2,75.24,B60
Cox's Bazar,1960,3,75.39,B60
Cox's Bazar,1960,4,79.57,B60
Cox's Bazar,1960,5,78.16,B60
Cox's Bazar,1960,6,85.77,B60
Cox's Bazar,1960,7,88.9,B60
Cox's Bazar,1960,8,90.06,B60
Cox's Bazar,1960,9,87.9,B60
Cox's Bazar,1960,10,82.26,B60
Cox's Bazar,1960,11,75.03,B60
Cox's Bazar,1960,12,77.65,B60
Cox's Bazar,1961,1,74.87,B60
Cox's Bazar,1961,2,72.82,B60
Cox's Bazar,1961,3,82.77,B60
Cox's Bazar,1961,4,78.53,B60
Cox's Bazar,1961,5,83.19,B60
Cox's Bazar,1961,6,88,B60
Cox's Bazar,1961,7,93.32,B60
Cox's Bazar,1961,8,91.58,B60
Cox's Bazar,1961,9,90.3,B60
Cox's Bazar,1961,10,85.74,B60
Cox's Bazar,1961,11,76.47,B60
Cox's Bazar,1961,12,73.23,B60
Cox's Bazar,1962,1,69.77,B60
Cox's Bazar,1962,2,72.54,B60
Cox's Bazar,1962,3,73.06,B60
Cox's Bazar,1962,4,77.1,B60
Cox's Bazar,1962,5,76.48,B60
Cox's Bazar,1962,6,87.73,B60
Cox's Bazar,1962,7,86.84,B60
Cox's Bazar,1962,8,88.16,B60
Cox's Bazar,1962,9,85.63,B60
Cox's Bazar,1962,10,83.06,B60
Cox's Bazar,1962,11,77.53,B60
Cox's Bazar,1962,12,75.55,B60
Cox's Bazar,1963,1,68.84,B60
Cox's Bazar,1963,2,70.68,B60
Cox's Bazar,1963,3,73.26,B60
Cox's Bazar,1963,4,80.07,B60
Cox's Bazar,1963,5,80.13,B60
Cox's Bazar,1963,6,88.27,B60
Cox's Bazar,1963,7,92.55,B60
Cox's Bazar,1963,8,90.48,B60
Cox's Bazar,1963,9,85.73,B60
Cox's Bazar,1963,10,83.9,B60
Cox's Bazar,1963,11,77.3,B60
Cox's Bazar,1963,12,73.52,B60
Cox's Bazar,1964,1,70.68,B60
Cox's Bazar,1964,2,71.45,B60
Cox's Bazar,1964,3,78.87,B60
Cox's Bazar,1964,4,78.53,B60
Cox's Bazar,1964,5,78.58,B60
Cox's Bazar,1964,6,86.27,B60
Cox's Bazar,1964,7,88.77,B60
Cox's Bazar,1964,8,88.45,B60
Cox's Bazar,1964,9,85.03,B60
Cox's Bazar,1964,10,85.71,B60
Cox's Bazar,1964,11,79.2,B60
Cox's Bazar,1964,12,72.19,B60
Cox's Bazar,1965,1,70.71,B60
Cox's Bazar,1965,2,79.25,B60
Cox's Bazar,1965,3,74.32,B60
Cox's Bazar,1965,4,76.3,B60
Cox's Bazar,1965,5,79.71,B60
Cox's Bazar,1965,6,90.47,B60
Cox's Bazar,1965,7,91.03,B60
Cox's Bazar,1965,8,91.77,B60
Cox's Bazar,1965,9,87.07,B60
Cox's Bazar,1965,10,85.29,B60
Cox's Bazar,1965,11,78.17,B60
Cox's Bazar,1965,12,78.74,B60
Cox's Bazar,1966,1,77.58,B60
Cox's Bazar,1966,2,73.29,B60
Cox's Bazar,1966,3,76.81,B60
Cox's Bazar,1966,4,80.93,B60
Cox's Bazar,1966,5,84.45,B60
Cox's Bazar,1966,6,92.3,B60
Cox's Bazar,1966,7,86.9,B60
Cox's Bazar,1966,8,91.13,B60
Cox's Bazar,1966,9,87.3,B60
Cox's Bazar,1966,10,81,B60
Cox's Bazar,1966,11,74.63,B60
Cox's Bazar,1966,12,73.03,B60
Cox's Bazar,1967,1,75.87,B60
Cox's Bazar,1967,2,72.39,B60
Cox's Bazar,1967,3,73.71,B60
Cox's Bazar,1967,4,77,B60
Cox's Bazar,1967,5,78.71,B60
Cox's Bazar,1967,6,85.53,B60
Cox's Bazar,1967,7,87.94,B60
Cox's Bazar,1967,8,89.39,B60
Cox's Bazar,1967,9,88.57,B60
Cox's Bazar,1967,10,82.55,B60
Cox's Bazar,1967,11,72.83,B60
Cox's Bazar,1967,12,74.55,B60
Cox's Bazar,1968,1,71.39,B60
Cox's Bazar,1968,2,72.28,B60
Cox's Bazar,1968,3,77,B60
Cox's Bazar,1968,4,76.4,B60
Cox's Bazar,1968,5,79.16,B60
Cox's Bazar,1968,6,88,B60
Cox's Bazar,1968,7,88.74,B60
Cox's Bazar,1968,8,90.97,B60
Cox's Bazar,1968,9,88.03,B60
Cox's Bazar,1968,10,85.03,B60
Cox's Bazar,1968,11,78.43,B60
Cox's Bazar,1968,12,73.23,B60
Cox's Bazar,1969,1,74.52,B60
Cox's Bazar,1969,2,75.96,B60
Cox's Bazar,1969,3,80.71,B60
Cox's Bazar,1969,4,82.57,B60
Cox's Bazar,1969,5,79.19,B60
Cox's Bazar,1969,6,90.6,B60
Cox's Bazar,1969,7,92.68,B60
Cox's Bazar,1969,8,92.58,B60
Cox's Bazar,1969,9,83.6,B60
Cox's Bazar,1969,10,79.55,B60
Cox's Bazar,1969,11,72.13,B60
Cox's Bazar,1969,12,72.23,B60
Cox's Bazar,1970,1,70.29,B60
Cox's Bazar,1970,2,75.07,B60
Cox's Bazar,1970,3,71.45,B60
Cox's Bazar,1970,4,75.13,B60
Cox's Bazar,1970,5,79.26,B60
Cox's Bazar,1970,6,84.83,B60
Cox's Bazar,1970,7,89.65,B60
Cox's Bazar,1970,8,86.81,B60
Cox's Bazar,1970,9,86.57,B60
Cox's Bazar,1970,10,83.55,B60
Cox's Bazar,1970,11,77.17,B60
Cox's Bazar,1970,12,71.03,B60
Cox's Bazar,1971,1,71,B60
Cox's Bazar,1971,2,68.43,B60
Cox's Bazar,1971,3,72.81,B60
Cox's Bazar,1971,4,81.7,B60
Cox's Bazar,1971,5,78.19,B60
Cox's Bazar,1971,6,87.9,B60
Cox's Bazar,1971,7,90.06,B60
Cox's Bazar,1971,8,88.58,B60
Cox's Bazar,1971,9,84.23,B60
Cox's Bazar,1971,10,81.52,B60
Cox's Bazar,1971,11,76.2,B60
Cox's Bazar,1972,1,72.19,B60
Cox's Bazar,1972,2,64.76,B60
Cox's Bazar,1972,3,77.03,B60
Cox's Bazar,1972,4,75.93,B60
Cox's Bazar,1972,5,75.94,B60
Cox's Bazar,1972,6,83.73,B60
Cox's Bazar,1972,7,88.13,B60
Cox's Bazar,1972,8,90.03,B60
Cox's Bazar,1972,9,80.53,B60
Cox's Bazar,1972,10,79.29,B60
Cox's Bazar,1972,11,77.27,B60
Cox's Bazar,1972,12,70.58,B60
Cox's Bazar,1973,1,67.48,B60
Cox's Bazar,1973,2,71.39,B60
Cox's Bazar,1973,3,69.87,B60
Cox's Bazar,1973,4,77.1,B60
Cox's Bazar,1973,5,84.35,B60
Cox's Bazar,1973,6,88.67,B60
Cox's Bazar,1973,7,86.39,B60
Cox's Bazar,1973,8,86.71,B60
Cox's Bazar,1973,9,87.63,B60
Cox's Bazar,1973,10,85.23,B60
Cox's Bazar,1973,11,83.07,B60
Cox's Bazar,1973,12,79.94,B60
Cox's Bazar,1974,1,72.23,B60
Cox's Bazar,1974,2,67.75,B60
Cox's Bazar,1974,3,77.71,B60
Cox's Bazar,1974,4,79.57,B60
Cox's Bazar,1974,5,81.9,B60
Cox's Bazar,1974,6,86.9,B60
Cox's Bazar,1974,7,91.81,B60
Cox's Bazar,1974,8,90.71,B60
Cox's Bazar,1974,9,87.57,B60
Cox's Bazar,1974,10,84,B60
Cox's Bazar,1974,11,82.2,B60
Cox's Bazar,1974,12,72.13,B60
Cox's Bazar,1975,1,70.65,B60
Cox's Bazar,1975,2,71.54,B60
Cox's Bazar,1975,3,73.39,B60
Cox's Bazar,1975,4,76.5,B60
Cox's Bazar,1975,5,78.61,B60
Cox's Bazar,1975,6,84.8,B60
Cox's Bazar,1975,7,89.61,B60
Cox's Bazar,1975,8,85.97,B60
Cox's Bazar,1975,9,85.07,B60
Cox's Bazar,1975,10,85.32,B60
Cox's Bazar,1975,11,81.93,B60
Cox's Bazar,1975,12,71.97,B60
Cox's Bazar,1976,1,69.77,B60
Cox's Bazar,1976,2,73.93,B60
Cox's Bazar,1976,3,76.16,B60
Cox's Bazar,1976,4,76.8,B60
Cox's Bazar,1976,5,81.97,B60
Cox's Bazar,1976,6,86.33,B60
Cox's Bazar,1976,8,87.71,B60
Cox's Bazar,1976,9,83.33,B60
Cox's Bazar,1976,10,81.06,B60
Cox's Bazar,1976,11,77.28,B60
Cox's Bazar,1976,12,74.06,B60
Cox's Bazar,1977,1,70.68,B60
Cox's Bazar,1977,2,71.46,B60
Cox's Bazar,1977,3,77.16,B60
Cox's Bazar,1977,4,82.07,B60
Cox's Bazar,1977,5,81.52,B60
Cox's Bazar,1977,6,87.4,B60
Cox's Bazar,1977,7,88.65,B60
Cox's Bazar,1977,8,87.16,B60
Cox's Bazar,1977,9,85.2,B60
Cox's Bazar,1977,10,79.97,B60
Cox's Bazar,1977,11,76.73,B60
Cox's Bazar,1977,12,70.35,B60
Cox's Bazar,1978,1,66.45,B60
Cox's Bazar,1978,2,64.18,B60
Cox's Bazar,1978,3,68.32,B60
Cox's Bazar,1978,4,73.97,B60
Cox's Bazar,1978,5,80.84,B60
Cox's Bazar,1978,6,85.67,B60
Cox's Bazar,1978,7,86.03,B60
Cox's Bazar,1978,8,87.61,B60
Cox's Bazar,1978,9,85.9,B60
Cox's Bazar,1978,10,81.74,B60
Cox's Bazar,1978,11,73.2,B60
Cox's Bazar,1979,1,69.55,B60
Cox's Bazar,1979,2,66.46,B60
Cox's Bazar,1979,3,70.84,B60
Cox's Bazar,1979,4,79.47,B60
Cox's Bazar,1979,5,78.58,B60
Cox's Bazar,1979,6,87.14,B60
Cox's Bazar,1979,7,86.71,B60
Cox's Bazar,1979,8,89.32,B60
Cox's Bazar,1979,9,86.7,B60
Cox's Bazar,1979,10,77.97,B60
Cox's Bazar,1979,12,71.1,B60
Cox's Bazar,1980,1,65.97,B60
Cox's Bazar,1980,2,67.45,B60
Cox's Bazar,1980,3,77.13,B60
Cox's Bazar,1980,4,77,B60
Cox's Bazar,1980,5,82,B60
Cox's Bazar,1980,6,89.23,B60
Cox's Bazar,1980,7,89.87,B60
Cox's Bazar,1980,8,89.13,B60
Cox's Bazar,1980,11,72.3,B60
Cox's Bazar,1980,12,73.13,B60
Cox's Bazar,1981,1,72.16,B60
Cox's Bazar,1981,2,69.14,B60
Cox's Bazar,1981,3,70.71,B60
Cox's Bazar,1981,4,80.23,B60
Cox's Bazar,1981,5,80.1,B60
Cox's Bazar,1981,6,90.43,B60
Cox's Bazar,1981,7,92.84,B60
Cox's Bazar,1981,8,87.68,B60
Cox's Bazar,1981,9,85.7,B60
Cox's Bazar,1981,10,76.45,B60
Cox's Bazar,1981,11,73.03,B60
Cox's Bazar,1981,12,74.45,B60
Cox's Bazar,1982,1,69.29,B60
Cox's Bazar,1982,2,68.46,B60
Cox's Bazar,1982,3,67.32,B60
Cox's Bazar,1982,4,77.1,B60
Cox's Bazar,1982,5,75.48,B60
Cox's Bazar,1982,6,88.8,B60
Cox's Bazar,1982,7,88.71,B60
Cox's Bazar,1982,8,89.94,B60
Cox's Bazar,1982,9,85.73,B60
Cox's Bazar,1982,10,80.48,B60
Cox's Bazar,1982,11,74.23,B60
Cox's Bazar,1982,12,71.97,B60
Cox's Bazar,1983,1,71.45,B60
Cox's Bazar,1983,2,72.75,B60
Cox's Bazar,1983,3,78.55,B60
Cox's Bazar,1983,4,79.67,B60
Cox's Bazar,1983,5,83.81,B60
Cox's Bazar,1983,6,89.13,B60
Cox's Bazar,1983,7,88.71,B60
Cox's Bazar,1983,8,87.68,B60
Cox's Bazar,1983,9,86.23,B60
Cox's Bazar,1983,10,84.06,B60
Cox's Bazar,1983,11,83.97,B60
Cox's Bazar,1983,12,74.58,B60
Cox's Bazar,1984,1,73.29,B60
Cox's Bazar,1984,2,67.66,B60
Cox's Bazar,1984,3,79.77,B60
Cox's Bazar,1984,4,80.27,B60
Cox's Bazar,1984,5,82.39,B60
Cox's Bazar,1984,6,93.07,B60
Cox's Bazar,1984,7,90.29,B60
Cox's Bazar,1984,8,91.23,B60
Cox's Bazar,1984,9,83.8,B60
Cox's Bazar,1984,10,82.77,B60
Cox's Bazar,1984,11,73.77,B60
Cox's Bazar,1984,12,72.71,B60
Cox's Bazar,1985,1,71.42,B60
Cox's Bazar,1985,2,69.54,B60
Cox's Bazar,1985,3,79.81,B60
Cox's Bazar,1985,4,78.27,B60
Cox's Bazar,1985,5,80.29,B60
Cox's Bazar,1985,6,88.8,B60
Cox's Bazar,1985,7,89.42,B60
Cox's Bazar,1985,8,88.9,B60
Cox's Bazar,1985,9,85.27,B60
Cox's Bazar,1985,10,78.23,B60
Cox's Bazar,1985,11,73.5,B60
Cox's Bazar,1985,12,72.26,B60
Cox's Bazar,1986,1,71.16,B60
Cox's Bazar,1986,2,66.14,B60
Cox's Bazar,1986,3,73.65,B60
Cox's Bazar,1986,4,74.77,B60
Cox's Bazar,1986,5,76.35,B60
Cox's Bazar,1986,6,88,B60
Cox's Bazar,1986,7,89.52,B60
Cox's Bazar,1986,8,87.42,B60
Cox's Bazar,1986,9,84.73,B60
Cox's Bazar,1986,10,80.48,B60
Cox's Bazar,1986,11,74.83,B60
Cox's Bazar,1986,12,70.58,B60
Cox's Bazar,1987,1,70.42,B60
Cox's Bazar,1987,2,70.79,B60
Cox's Bazar,1987,3,73.45,B60
Cox's Bazar,1987,4,78.97,B60
Cox's Bazar,1987,5,76.74,B60
Cox's Bazar,1987,6,85.24,B60
Cox's Bazar,1987,7,91.35,B60
Cox's Bazar,1987,8,87.58,B60
Cox's Bazar,1987,9,86.67,B60
Cox's Bazar,1987,10,80.35,B60
Cox's Bazar,1987,11,78.57,B60
Cox's Bazar,1987,12,74.81,B60
Cox's Bazar,1988,1,70.35,B60
Cox's Bazar,1988,2,71.72,B60
Cox's Bazar,1988,3,72.81,B60
Cox's Bazar,1988,4,77.9,B60
Cox's Bazar,1988,5,83.45,B60
Cox's Bazar,1988,6,88.77,B60
Cox's Bazar,1988,7,88.35,B60
Cox's Bazar,1988,8,88.52,B60
Cox's Bazar,1988,9,85.93,B60
Cox's Bazar,1988,10,81.97,B60
Cox's Bazar,1988,11,78.8,B60
Cox's Bazar,1988,12,79.39,B60
Cox's Bazar,1989,1,68.29,B60
Cox's Bazar,1989,2,74.57,B60
Cox's Bazar,1989,3,71.77,B60
Cox's Bazar,1989,4,77.2,B60
Cox's Bazar,1989,5,76.06,B60
Cox's Bazar,1989,6,84.87,B60
Cox's Bazar,1989,7,86.1,B60
Cox's Bazar,1989,8,85.23,B60
Cox's Bazar,1989,9,85.27,B60
Cox's Bazar,1989,10,87.9,B60
Cox's Bazar,1989,11,72.93,B60
Cox's Bazar,1989,12,70.65,B60
Cox's Bazar,1990,1,77.55,B60
Cox's Bazar,1990,2,77.32,B60
Cox's Bazar,1990,3,78.19,B60
Cox's Bazar,1990,4,79.13,B60
Cox's Bazar,1990,5,80.1,B60
Cox's Bazar,1990,6,87.47,B60
Cox's Bazar,1990,7,90.52,B60
Cox's Bazar,1990,8,84.65,B60
Cox's Bazar,1990,9,84.6,B60
Cox's Bazar,1990,10,81.45,B60
Cox's Bazar,1990,11,79.93,B60
Cox's Bazar,1990,12,77.26,B60
Cox's Bazar,1991,1,71.52,B60
Cox's Bazar,1991,2,72.75,B60
Cox's Bazar,1991,3,76.06,B60
Cox's Bazar,1991,4,77.87,B60
Cox's Bazar,1991,5,81.9,B60
Cox's Bazar,1991,6,88.8,B60
Cox's Bazar,1991,7,87.58,B60
Cox's Bazar,1991,8,88.77,B60
Cox's Bazar,1991,9,86.3,B60
Cox's Bazar,1991,10,82.61,B60
Cox's Bazar,1991,11,76.97,B60
Cox's Bazar,1991,12,73.23,B60
Cox's Bazar,1992,1,74.58,B60
Cox's Bazar,1992,2,76.1,B60
Cox's Bazar,1992,3,82,B60
Cox's Bazar,1992,4,77.77,B60
Cox's Bazar,1992,5,78,B60
Cox's Bazar,1992,6,83.07,B60
Cox's Bazar,1992,7,88.39,B60
Cox's Bazar,1992,8,86.45,B60
Cox's Bazar,1992,9,85.43,B60
Cox's Bazar,1992,10,83.35,B60
Cox's Bazar,1992,11,78.1,B60
Cox's Bazar,1992,12,74.97,B60
Cox's Bazar,1993,1,71.35,B60
Cox's Bazar,1993,2,74.75,B60
Cox's Bazar,1993,3,73.55,B60
Cox's Bazar,1993,4,77.3,B60
Cox's Bazar,1993,5,81.39,B60
Cox's Bazar,1993,6,88.9,B60
Cox's Bazar,1993,7,87,B60
Cox's Bazar,1993,8,88.19,B60
Cox's Bazar,1993,9,85.57,B60
Cox's Bazar,1993,10,81.87,B60
Cox's Bazar,1993,11,76.27,B60
Cox's Bazar,1993,12,72.94,B60
Cox's Bazar,1994,1,71.84,B60
Cox's Bazar,1994,2,65.93,B60
Cox's Bazar,1994,3,77.26,B60
Cox's Bazar,1994,4,80.47,B60
Cox's Bazar,1994,5,81.39,B60
Cox's Bazar,1994,6,87.27,B60
Cox's Bazar,1994,7,89.61,B60
Cox's Bazar,1994,8,87.42,B60
Cox's Bazar,1994,9,83.4,B60
Cox's Bazar,1994,10,81.03,B60
Cox's Bazar,1994,11,75.3,B60
Cox's Bazar,1994,12,70.42,B60
Cox's Bazar,1995,1,68.23,B60
Cox's Bazar,1995,2,74.14,B60
Cox's Bazar,1995,3,69.71,B60
Cox's Bazar,1995,4,77.2,B60
Cox's Bazar,1995,5,78.26,B60
Cox's Bazar,1995,6,86.13,B60
Cox's Bazar,1995,7,88.13,B60
Cox's Bazar,1995,8,87.03,B60
Cox's Bazar,1995,9,86.53,B60
Cox's Bazar,1995,10,81.71,B60
Cox's Bazar,1995,11,84.2,B60
Cox's Bazar,1995,12,74.06,B60
Cox's Bazar,1996,1,69.94,B60
Cox's Bazar,1996,2,70.83,B60
Cox's Bazar,1996,3,80.1,B60
Cox's Bazar,1996,4,77.33,B60
Cox's Bazar,1996,5,80.65,B60
Cox's Bazar,1996,6,84.73,B60
Cox's Bazar,1996,7,86.94,B60
Cox's Bazar,1996,8,88.45,B60
Cox's Bazar,1996,9,85.9,B60
Cox's Bazar,1996,10,82.32,B60
Cox's Bazar,1996,11,78.3,B60
Cox's Bazar,1996,12,74,B60
Cox's Bazar,1997,1,68.9,B60
Cox's Bazar,1997,2,71.79,B60
Cox's Bazar,1997,3,78.87,B60
Cox's Bazar,1997,4,76.53,B60
Cox's Bazar,1997,5,78.74,B60
Cox's Bazar,1997,6,85.7,B60
Cox's Bazar,1997,7,90.87,B60
Cox's Bazar,1997,8,86.97,B60
Cox's Bazar,1997,9,86.43,B60
Cox's Bazar,1997,10,78.61,B60
Cox's Bazar,1997,11,75.27,B60
Cox's Bazar,1997,12,74.03,B60
Cox's Bazar,1998,1,77.87,B60
Cox's Bazar,1998,2,75.21,B60
Cox's Bazar,1998,3,69.71,B60
Cox's Bazar,1998,4,78.3,B60
Cox's Bazar,1998,5,80.77,B60
Cox's Bazar,1998,6,84.83,B60
Cox's Bazar,1998,7,89.58,B60
Cox's Bazar,1998,8,89.29,B60
Cox's Bazar,1998,9,84.47,B60
Cox's Bazar,1998,10,81.29,B60
Cox's Bazar,1998,11,77.3,B60
Cox's Bazar,1998,12,73.71,B60
Cox's Bazar,1999,1,71.77,B60
Cox's Bazar,1999,2,68.18,B60
Cox's Bazar,1999,3,76.16,B60
Cox's Bazar,1999,4,76.1,B60
Cox's Bazar,1999,5,83.39,B60
Cox's Bazar,1999,6,88.17,B60
Cox's Bazar,1999,7,90,B60
Cox's Bazar,1999,8,90.81,B60
Cox's Bazar,1999,9,87.97,B60
Cox's Bazar,1999,10,85.61,B60
Cox's Bazar,1999,11,76.13,B60
Cox's Bazar,1999,12,76.65,B60
Cox's Bazar,2000,1,73.45,B60
Cox's Bazar,2000,2,66.48,B60
Cox's Bazar,2000,3,75.74,B60
Cox's Bazar,2000,4,78.9,B60
Cox's Bazar,2000,5,85.23,B60
Cox's Bazar,2000,6,87.47,B60
Cox's Bazar,2000,7,89.16,B60
Cox's Bazar,2000,8,88.13,B60
Cox's Bazar,2000,9,87.8,B60
Cox's Bazar,2000,10,84.94,B60
Cox's Bazar,2000,11,76.93,B60
Cox's Bazar,2000,12,72.94,B60
Cox's Bazar,2001,1,69.16,B60
Cox's Bazar,2001,2,73.89,B60
Cox's Bazar,2001,3,71.23,B60
Cox's Bazar,2001,4,75.67,B60
Cox's Bazar,2001,5,82.48,B60
Cox's Bazar,2001,6,91.33,B60
Cox's Bazar,2001,7,89.81,B60
Cox's Bazar,2001,8,88.03,B60
Cox's Bazar,2001,9,87.27,B60
Cox's Bazar,2001,10,87.1,B60
Cox's Bazar,2001,11,83.23,B60
Cox's Bazar,2001,12,75.84,B60
Cox's Bazar,2002,1,76.1,B60
Cox's Bazar,2002,2,68.36,B60
Cox's Bazar,2002,3,73.9,B60
Cox's Bazar,2002,4,82.07,B60
Cox's Bazar,2002,5,84.61,B60
Cox's Bazar,2002,6,88.33,B60
Cox's Bazar,2002,7,91.87,B60
Cox's Bazar,2002,8,87.87,B60
Cox's Bazar,2002,9,84.7,B60
Cox's Bazar,2002,10,83.23,B60
Cox's Bazar,2002,11,82.33,B60
Cox's Bazar,2002,12,77.29,B60
Cox's Bazar,2003,1,77.42,B60
Cox's Bazar,2003,2,71.71,B60
Cox's Bazar,2003,3,75.16,B60
Cox's Bazar,2003,4,78.93,B60
Cox's Bazar,2003,5,83.29,B60
Cox's Bazar,2003,6,90.37,B60
Cox's Bazar,2003,7,87.45,B60
Cox's Bazar,2003,8,88,B60
Cox's Bazar,2003,9,87.2,B60
Cox's Bazar,2003,10,84.29,B60
Cox's Bazar,2003,11,75.53,B60
Cox's Bazar,2003,12,77.26,B60
Cox's Bazar,2004,1,79.39,B60
Cox's Bazar,2004,2,72.31,B60
Cox's Bazar,2004,3,76.29,B60
Cox's Bazar,2004,4,81.27,B60
Cox's Bazar,2004,5,80.06,B60
Cox's Bazar,2004,6,85.9,B60
Cox's Bazar,2004,7,88.16,B60
Cox's Bazar,2004,8,88.03,B60
Cox's Bazar,2004,9,86.37,B60
Cox's Bazar,2004,10,83.32,B60
Cox's Bazar,2004,11,75.4,B60
Cox's Bazar,2004,12,71.65,B60
Cox's Bazar,2005,1,70.94,B60
Cox's Bazar,2005,2,71.32,B60
Cox's Bazar,2005,3,78.58,B60
Cox's Bazar,2005,4,76.2,B60
Cox's Bazar,2005,5,75.61,B60
Cox's Bazar,2005,6,84.2,B60
Cox's Bazar,2005,7,87.58,B60
Cox's Bazar,2005,8,90.87,B60
Cox's Bazar,2005,9,86.43,B60
Cox's Bazar,2005,10,82,B60
Cox's Bazar,2005,11,76.6,B60
Cox's Bazar,2005,12,77.29,B60
Cox's Bazar,2006,1,72.74,B60
Cox's Bazar,2006,2,75.36,B60
Cox's Bazar,2006,3,68.1,B60
Cox's Bazar,2006,4,72.97,B60
Cox's Bazar,2006,5,80.48,B60
Cox's Bazar,2006,6,86.53,B60
Cox's Bazar,2006,7,89.19,B60
Cox's Bazar,2006,8,86.45,B60
Cox's Bazar,2006,9,85.63,B60
Cox's Bazar,2006,10,81.45,B60
Cox's Bazar,2006,11,74.67,B60
Cox's Bazar,2006,12,73.32,B60
Cox's Bazar,2007,1,72.55,B60
Cox's Bazar,2007,2,72.36,B60
Cox's Bazar,2007,3,67.16,B60
Cox's Bazar,2007,4,76.77,B60
Cox's Bazar,2007,5,79.97,B60
Cox's Bazar,2007,6,83.8,B60
Cox's Bazar,2007,7,89.81,B60
Cox's Bazar,2007,8,86.03,B60
Cox's Bazar,2007,9,86.07,B60
Cox's Bazar,2007,10,83.06,B60
Cox's Bazar,2007,11,80.87,B60
Cox's Bazar,2007,12,71.77,B60
Cox's Bazar,2008,1,72.84,B60
Cox's Bazar,2008,2,66.66,B60
Cox's Bazar,2008,3,78.19,B60
Cox's Bazar,2008,4,71.93,B60
Cox's Bazar,2008,5,76.32,B60
Cox's Bazar,2008,6,85.43,B60
Cox's Bazar,2008,7,89.84,B60
Cox's Bazar,2008,8,87.74,B60
Cox's Bazar,2008,9,86.17,B60
Cox's Bazar,2008,10,81,B60
Cox's Bazar,2008,11,74.83,B60
Cox's Bazar,2008,12,75.74,B60
Cox's Bazar,2009,1,70.16,B60
Cox's Bazar,2009,2,66.82,B60
Cox's Bazar,2009,3,73.42,B60
Cox's Bazar,2009,4,76.9,B60
Cox's Bazar,2009,5,75.58,B60
Cox's Bazar,2009,6,82.23,B60
Cox's Bazar,2009,7,89.61,B60
Cox's Bazar,2009,8,88.74,B60
Cox's Bazar,2009,9,85.03,B60
Cox's Bazar,2009,10,80.29,B60
Cox's Bazar,2009,11,73.17,B60
Cox's Bazar,2009,12,71.68,B60
Cox's Bazar,2010,1,71.58,B60
Cox's Bazar,2010,2,64.93,B60
Cox's Bazar,2010,3,74.71,B60
Cox's Bazar,2010,4,75.4,B60
Cox's Bazar,2010,5,77.81,B60
Cox's Bazar,2010,6,86.17,B60
Cox's Bazar,2010,7,85.48,B60
Cox's Bazar,2010,8,84.26,B60
Cox's Bazar,2010,9,85.4,B60
Cox's Bazar,2010,10,84,B60
Cox's Bazar,2010,11,76.63,B60
Cox's Bazar,2010,12,74,B60
Cox's Bazar,2011,1,67.45,B60
Cox's Bazar,2011,2,67.93,B60
Cox's Bazar,2011,3,69.97,B60
Cox's Bazar,2011,4,77.8,B60
Cox's Bazar,2011,5,80.94,B60
Cox's Bazar,2011,6,87.2,B60
Cox's Bazar,2011,7,85.81,B60
Cox's Bazar,2011,8,88,B60
Cox's Bazar,2011,9,87.77,B60
Cox's Bazar,2011,10,82.19,B60
Cox's Bazar,2011,11,74.33,B60
Cox's Bazar,2011,12,77.32,B60
Cox's Bazar,2012,1,66.77,B60
Cox's Bazar,2012,2,62.66,B60
Cox's Bazar,2012,3,77.29,B60
Cox's Bazar,2012,4,77.13,B60
Cox's Bazar,2012,5,79.32,B60
Cox's Bazar,2012,6,86.03,B60
Cox's Bazar,2012,7,89.77,B60
Cox's Bazar,2012,8,87.23,B60
Cox's Bazar,2012,9,85.3,B60
Cox's Bazar,2012,10,82.65,B60
Cox's Bazar,2012,11,76.03,B60
Cox's Bazar,2012,12,77.32,B60
Cox's Bazar,2013,1,70.52,B60
Cox's Bazar,2013,2,66.64,B60
Cox's Bazar,2013,3,75.16,B60
Cox's Bazar,2013,4,77.33,B60
Cox's Bazar,2013,5,85.9,B60
Cox's Bazar,2013,6,85.5,B60
Cox's Bazar,2013,7,86.35,B60
Cox's Bazar,2013,8,86.35,B60
Cox's Bazar,2013,9,85.87,B60
Cox's Bazar,2013,10,83.9,B60
Cox's Bazar,2013,11,73.37,B60
Cox's Bazar,2013,12,73.35,B60
Cox's Bazar,2014,1,73.13,B60
Cox's Bazar,2014,2,71.29,B60
Cox's Bazar,2014,3,73.23,B60
Cox's Bazar,2014,4,76.83,B60
Cox's Bazar,2014,5,79.16,B60
Cox's Bazar,2014,6,86.3,B60
Cox's Bazar,2014,7,85.42,B60
Cox's Bazar,2014,8,88.9,B60
Cox's Bazar,2014,9,84.27,B60
Cox's Bazar,2014,10,79,B60
Cox's Bazar,2014,11,77.03,B60
Cox's Bazar,2014,12,76.87,B60
Cox's Bazar,2015,1,76.03,B60
Cox's Bazar,2015,2,71.89,B60
Cox's Bazar,2015,3,69.61,B60
Cox's Bazar,2015,4,80.6,B60
Cox's Bazar,2015,5,78.23,B60
Cox's Bazar,2015,6,88.13,B60
Cox's Bazar,2015,7,91.26,B60
Cox's Bazar,2015,8,87.94,B60
Cox's Bazar,2015,9,86.43,B60
Cox's Bazar,2015,10,84.65,B60
Cox's Bazar,2015,11,79.8,B60
Cox's Bazar,2015,12,77.19,B60
Cox's Bazar,2016,1,74.97,B60
Cox's Bazar,2016,2,76.28,B60
Cox's Bazar,2016,3,75.94,B60
Cox's Bazar,2016,4,77.97,B60
Cox's Bazar,2016,5,79.74,B60
Cox's Bazar,2016,6,82.93,B60
Cox's Bazar,2016,7,89.39,B60
Cox's Bazar,2016,8,86.61,B60
Cox's Bazar,2016,9,84.87,B60
Cox's Bazar,2016,10,82.74,B60
Cox's Bazar,2016,11,78.23,B60
Cox's Bazar,2016,12,77.55,B60
Cox's Bazar,2017,1,69.39,B60
Cox's Bazar,2017,2,68.04,B60
Cox's Bazar,2017,3,77.19,B60
Cox's Bazar,2017,4,81.63,B60
Cox's Bazar,2017,5,79.03,B60
Cox's Bazar,2017,6,86.03,B60
Cox's Bazar,2017,7,90.16,B60
Cox's Bazar,2017,8,88,B60
Cox's Bazar,2017,9,88.07,B60
Cox's Bazar,2017,10,83.77,B60
Cox's Bazar,2017,11,77.1,B60
Cox's Bazar,2017,12,77.39,B60
Cox's Bazar,2018,1,72.19,B60
Cox's Bazar,2018,2,71.86,B60
Cox's Bazar,2018,3,75.48,B60
Cox's Bazar,2018,4,74.5,B60
Cox's Bazar,2018,5,79.39,B60
Cox's Bazar,2018,6,87.4,B60
Cox's Bazar,2018,7,90.32,B60
Cox's Bazar,2018,8,87.23,B60
Cox's Bazar,2018,9,85.83,B60
Cox's Bazar,2018,10,85.16,B60
Cox's Bazar,2018,11,75.97,B60
Cox's Bazar,2018,12,72.32,B60
Cox's Bazar,2019,1,69.1,B60
Cox's Bazar,2019,2,68.75,B60
Cox's Bazar,2019,3,72.61,B60
Cox's Bazar,2019,4,75.63,B60
Cox's Bazar,2019,5,76.16,B60
Cox's Bazar,2019,6,82.8,B60
Cox's Bazar,2019,7,89.1,B60
Cox's Bazar,2019,8,85.68,B60
Cox's Bazar,2019,9,85.27,B60
Cox's Bazar,2019,10,81.65,B60
Cox's Bazar,2019,11,76.77,B60
Cox's Bazar,2019,12,71.42,B60
Cox's Bazar,2020,1,73.74,B60
Cox's Bazar,2020,2,67.86,B60
Cox's Bazar,2020,3,66.39,B60
Cox's Bazar,2020,4,75.7,B60
Cox's Bazar,2020,5,77.9,B60
Cox's Bazar,2020,6,86.5,B60
Cox's Bazar,2020,7,88.23,B60
Cox's Bazar,2020,8,88.58,B60
Cox's Bazar,2020,9,85.57,B60
Cox's Bazar,2020,10,82.71,B60
Cox's Bazar,2020,11,77.1,B60
Cox's Bazar,2020,12,74.81,B60
Cox's Bazar,2021,1,66.53,B60
Cox's Bazar,2021,2,67.54,B60
Cox's Bazar,2021,3,66.78,B60
Cox's Bazar,2021,4,71.37,B60
Cox's Bazar,2021,5,70.27,B60
Cox's Bazar,2021,6,85.47,B60
Cox's Bazar,2021,7,88.95,B60
Cox's Bazar,2021,8,88.78,B60
Cox's Bazar,2021,9,83.99,B60
Cox's Bazar,2021,10,83.81,B60
Cox's Bazar,2021,11,70.94,B60
Cox's Bazar,2021,12,72.97,B60
Cox's Bazar,2022,1,73.13,B60
Cox's Bazar,2022,2,65.82,B60
Cox's Bazar,2022,3,70.74,B60
Cox's Bazar,2022,4,76.47,B60
Cox's Bazar,2022,5,80.87,B60
Cox's Bazar,2022,6,86.3,B60
Cox's Bazar,2022,7,82.32,B60
Cox's Bazar,2022,8,83.9,B60
Cox's Bazar,2022,9,85.5,B60
Cox's Bazar,2022,10,79.68,B60
Cox's Bazar,2022,11,72.23,B60
Cox's Bazar,2022,12,70.32,B60
Cox's Bazar,2023,1,65.81,B60
Cox's Bazar,2023,2,65.48,B60
Cox's Bazar,2023,3,61.71,B60
Cox's Bazar,2023,4,65.65,B60
Cox's Bazar,2023,5,72.66,B60
Cox's Bazar,2023,6,81.53,B60
Cox's Bazar,2023,7,79.65,B60
Cox's Bazar,2023,8,87.42,B60
Cox's Bazar,2023,9,82.42,B60
Cox's Bazar,2023,10,78.35,B60
Cox's Bazar,2023,11,72.05,B60
Cox's Bazar,2023,12,74.98,B60
Dhaka,1953,1,70.48,B60
Dhaka,1953,2,64.5,B60
Dhaka,1953,3,73.48,B60
Dhaka,1953,4,68.83,B60
Dhaka,1953,5,80.74,B60
Dhaka,1953,6,86.57,B60
Dhaka,1953,7,88.69,B60
Dhaka,1953,8,85.55,B60
Dhaka,1953,9,87.2,B60
Dhaka,1953,10,80.35,B60
Dhaka,1953,11,75.4,B60
Dhaka,1953,12,72.42,B60
Dhaka,1954,1,69.94,B60
Dhaka,1954,2,64.5,B60
Dhaka,1954,3,53.06,B60
Dhaka,1954,4,74.93,B60
Dhaka,1954,5,78.71,B60
Dhaka,1954,6,89.63,B60
Dhaka,1954,7,85.52,B60
Dhaka,1954,8,86.39,B60
Dhaka,1954,9,84.6,B60
Dhaka,1954,10,81.77,B60
Dhaka,1954,11,73.77,B60
Dhaka,1954,12,72.94,B60
Dhaka,1955,1,70.68,B60
Dhaka,1955,2,54.43,B60
Dhaka,1955,3,63.84,B60
Dhaka,1955,4,68.93,B60
Dhaka,1955,5,79.48,B60
Dhaka,1955,6,84.67,B60
Dhaka,1955,7,87.55,B60
Dhaka,1955,8,86.29,B60
Dhaka,1955,9,84.8,B60
Dhaka,1955,10,81.71,B60
Dhaka,1955,11,78.47,B60
Dhaka,1955,12,73,B60
Dhaka,1956,1,67.74,B60
Dhaka,1956,2,59.31,B60
Dhaka,1956,3,67.13,B60
Dhaka,1956,4,72.73,B60
Dhaka,1956,5,83.23,B60
Dhaka,1956,6,87.57,B60
Dhaka,1956,7,85.29,B60
Dhaka,1956,8,84.94,B60
Dhaka,1956,9,84.33,B60
Dhaka,1956,10,81.94,B60
Dhaka,1956,11,76.67,B60
Dhaka,1956,12,74.52,B60
Dhaka,1957,1,77.32,B60
Dhaka,1957,2,70.36,B60
Dhaka,1957,3,58.1,B60
Dhaka,1957,4,65.53,B60
Dhaka,1957,5,77.13,B60
Dhaka,1957,6,86.33,B60
Dhaka,1957,7,86.71,B60
Dhaka,1957,8,84.81,B60
Dhaka,1957,9,85.73,B60
Dhaka,1957,10,78.65,B60
Dhaka,1957,11,70.67,B60
Dhaka,1957,12,73.61,B60
Dhaka,1958,1,70.68,B60
Dhaka,1958,2,69.57,B60
Dhaka,1958,3,55.39,B60
Dhaka,1958,4,69.8,B60
Dhaka,1958,5,81.42,B60
Dhaka,1958,6,83.93,B60
Dhaka,1958,7,86.13,B60
Dhaka,1958,8,86.19,B60
Dhaka,1958,9,84.6,B60
Dhaka,1958,10,83.39,B60
Dhaka,1958,11,76.7,B60
Dhaka,1958,12,77.29,B60
Dhaka,1959,1,74.71,B60
Dhaka,1959,2,66.11,B60
Dhaka,1959,3,64.68,B60
Dhaka,1959,4,75.13,B60
Dhaka,1959,5,81.03,B60
Dhaka,1959,6,87.6,B60
Dhaka,1959,7,88.45,B60
Dhaka,1959,8,87.52,B60
Dhaka,1959,9,89.1,B60
Dhaka,1959,10,88.52,B60
Dhaka,1959,11,75.73,B60
Dhaka,1959,12,76.06,B60
Dhaka,1960,1,67.65,B60
Dhaka,1960,2,58.62,B60
Dhaka,1960,3,60.16,B60
Dhaka,1960,4,62.8,B60
Dhaka,1960,5,75.48,B60
Dhaka,1960,6,85.2,B60
Dhaka,1960,7,89.06,B60
Dhaka,1960,8,86.71,B60
Dhaka,1960,9,87.8,B60
Dhaka,1960,10,80.16,B60
Dhaka,1960,11,75.03,B60
Dhaka,1960,12,75.35,B60
Dhaka,1961,1,70.58,B60
Dhaka,1961,2,66.29,B60
Dhaka,1961,3,69.71,B60
Dhaka,1961,4,69.93,B60
Dhaka,1961,5,80.35,B60
Dhaka,1961,6,87.8,B60
Dhaka,1961,7,86.55,B60
Dhaka,1961,8,87.58,B60
Dhaka,1961,9,86.57,B60
Dhaka,1961,10,83.87,B60
Dhaka,1961,11,76.17,B60
Dhaka,1961,12,76.52,B60
Dhaka,1962,1,69.84,B60
Dhaka,1962,2,66.36,B60
Dhaka,1962,3,48.9,B60
Dhaka,1962,4,68.07,B60
Dhaka,1962,5,79.03,B60
Dhaka,1962,6,86.67,B60
Dhaka,1962,7,85.29,B60
Dhaka,1962,8,86.32,B60
Dhaka,1962,9,84.7,B60
Dhaka,1962,10,78.45,B60
Dhaka,1962,11,74.2,B60
Dhaka,1962,12,74.39,B60
Dhaka,1963,1,66.9,B60
Dhaka,1963,2,56.11,B60
Dhaka,1963,3,54.77,B60
Dhaka,1963,4,67.43,B60
Dhaka,1963,5,80.26,B60
Dhaka,1963,6,86.03,B60
Dhaka,1963,7,86.13,B60
Dhaka,1963,8,85.45,B60
Dhaka,1963,9,85.03,B60
Dhaka,1963,10,83.23,B60
Dhaka,1963,11,76.97,B60
Dhaka,1963,12,74.03,B60
Dhaka,1964,1,69.35,B60
Dhaka,1964,2,66.66,B60
Dhaka,1964,3,63.32,B60
Dhaka,1964,4,76,B60
Dhaka,1964,5,78.71,B60
Dhaka,1964,6,86,B60
Dhaka,1964,7,88.13,B60
Dhaka,1964,8,84.9,B60
Dhaka,1964,9,85.6,B60
Dhaka,1964,10,86,B60
Dhaka,1964,11,77.2,B60
Dhaka,1964,12,72.23,B60
Dhaka,1965,1,69.1,B60
Dhaka,1965,2,62.79,B60
Dhaka,1965,3,56.81,B60
Dhaka,1965,4,68.63,B60
Dhaka,1965,5,78.13,B60
Dhaka,1965,6,87.7,B60
Dhaka,1965,7,86.52,B60
Dhaka,1965,8,87.29,B60
Dhaka,1965,9,86.07,B60
Dhaka,1965,10,79.84,B60
Dhaka,1965,11,76.77,B60
Dhaka,1965,12,78.65,B60
Dhaka,1966,4,65.6,B60
Dhaka,1966,5,71.61,B60
Dhaka,1966,6,86.5,B60
Dhaka,1966,7,85.1,B60
Dhaka,1966,8,87.45,B60
Dhaka,1966,9,85.8,B60
Dhaka,1966,10,82.23,B60
Dhaka,1966,11,74.77,B60
Dhaka,1966,12,76.16,B60
Dhaka,1967,1,71.03,B60
Dhaka,1967,2,64.39,B60
Dhaka,1967,3,70,B60
Dhaka,1967,4,63.07,B60
Dhaka,1967,5,78.58,B60
Dhaka,1967,6,83.6,B60
Dhaka,1967,7,84.94,B60
Dhaka,1967,8,85.29,B60
Dhaka,1967,9,86.87,B60
Dhaka,1967,10,77.42,B60
Dhaka,1967,11,69.23,B60
Dhaka,1967,12,71.19,B60
Dhaka,1968,1,67.77,B60
Dhaka,1968,2,60.31,B60
Dhaka,1968,3,56.29,B60
Dhaka,1968,4,69.18,B60
Dhaka,1968,5,75.65,B60
Dhaka,1968,6,87.93,B60
Dhaka,1968,7,85.94,B60
Dhaka,1968,8,85.06,B60
Dhaka,1968,9,82.3,B60
Dhaka,1968,10,79.9,B60
Dhaka,1968,11,74.4,B60
Dhaka,1968,12,73.13,B60
Dhaka,1969,1,66.65,B60
Dhaka,1969,2,60.18,B60
Dhaka,1969,3,65.45,B60
Dhaka,1969,4,71.53,B60
Dhaka,1969,5,74.39,B60
Dhaka,1969,6,86.4,B60
Dhaka,1969,7,86.1,B60
Dhaka,1969,8,87.77,B60
Dhaka,1969,9,82,B60
Dhaka,1969,10,78.35,B60
Dhaka,1969,11,72.77,B60
Dhaka,1969,12,71.9,B60
Dhaka,1970,1,70.42,B60
Dhaka,1970,2,61.79,B60
Dhaka,1970,3,62.13,B60
Dhaka,1970,4,71.53,B60
Dhaka,1970,5,75.39,B60
Dhaka,1970,6,85.7,B60
Dhaka,1970,7,86.68,B60
Dhaka,1970,8,85.71,B60
Dhaka,1970,9,85.33,B60
Dhaka,1970,10,84.81,B60
Dhaka,1970,11,74.27,B60
Dhaka,1970,12,71.23,B60
Dhaka,1971,1,70.94,B60
Dhaka,1971,2,59.61,B60
Dhaka,1971,3,58,B60
Dhaka,1971,4,64.8,B60
Dhaka,1971,5,75.94,B60
Dhaka,1971,6,84.17,B60
Dhaka,1971,7,85.23,B60
Dhaka,1971,8,87.48,B60
Dhaka,1971,9,81.48,B60
Dhaka,1971,10,77.87,B60
Dhaka,1971,11,71.55,B60
Dhaka,1972,1,69.23,B60
Dhaka,1972,2,63.55,B60
Dhaka,1972,3,59.87,B60
Dhaka,1972,4,73.6,B60
Dhaka,1972,5,77.52,B60
Dhaka,1972,6,83.6,B60
Dhaka,1972,7,85.71,B60
Dhaka,1972,8,87.03,B60
Dhaka,1972,9,81.53,B60
Dhaka,1972,10,76.77,B60
Dhaka,1972,11,70.77,B60
Dhaka,1972,12,68.03,B60
Dhaka,1973,1,63.87,B60
Dhaka,1973,2,62.04,B60
Dhaka,1973,3,62.32,B60
Dhaka,1973,4,74.1,B60
Dhaka,1973,5,84.55,B60
Dhaka,1973,6,86.87,B60
Dhaka,1973,8,85.52,B60
Dhaka,1973,9,87.2,B60
Dhaka,1973,10,82.77,B60
Dhaka,1973,11,82,B60
Dhaka,1973,12,78.23,B60
Dhaka,1975,1,68.77,B60
Dhaka,1975,2,62.61,B60
Dhaka,1975,3,57.45,B60
Dhaka,1975,4,70.87,B60
Dhaka,1975,5,79.1,B60
Dhaka,1975,6,84.33,B60
Dhaka,1975,7,89,B60
Dhaka,1975,8,84.87,B60
Dhaka,1975,9,87.43,B60
Dhaka,1975,10,85.65,B60
Dhaka,1975,11,77.13,B60
Dhaka,1975,12,70.45,B60
Dhaka,1976,1,66.48,B60
Dhaka,1976,2,66.83,B60
Dhaka,1976,3,63.9,B60
Dhaka,1976,4,66.43,B60
Dhaka,1976,5,79.94,B60
Dhaka,1976,6,87.63,B60
Dhaka,1976,7,86.77,B60
Dhaka,1976,8,87.39,B60
Dhaka,1976,9,83.27,B60
Dhaka,1976,10,78.87,B60
Dhaka,1976,11,74.03,B60
Dhaka,1976,12,70.61,B60
Dhaka,1977,1,66.19,B60
Dhaka,1977,2,66.29,B60
Dhaka,1977,3,68.55,B60
Dhaka,1977,4,81.27,B60
Dhaka,1977,5,82.97,B60
Dhaka,1977,6,88,B60
Dhaka,1977,7,87.32,B60
Dhaka,1977,8,83.87,B60
Dhaka,1977,9,84.6,B60
Dhaka,1977,10,78.81,B60
Dhaka,1977,11,78.03,B60
Dhaka,1977,12,73.65,B60
Dhaka,1978,1,67.19,B60
Dhaka,1978,2,61.32,B60
Dhaka,1978,3,52.68,B60
Dhaka,1978,4,72.57,B60
Dhaka,1978,5,83.97,B60
Dhaka,1978,6,87.8,B60
Dhaka,1978,7,86.52,B60
Dhaka,1978,8,83.45,B60
Dhaka,1978,9,85.9,B60
Dhaka,1978,10,80.42,B60
Dhaka,1978,11,72.4,B60
Dhaka,1978,12,68.1,B60
Dhaka,1979,1,68.03,B60
Dhaka,1979,2,61.61,B60
Dhaka,1979,3,57.1,B60
Dhaka,1979,4,65.73,B60
Dhaka,1979,5,71.52,B60
Dhaka,1979,6,82.83,B60
Dhaka,1979,7,85.74,B60
Dhaka,1979,8,85.26,B60
Dhaka,1979,9,84.77,B60
Dhaka,1979,10,79.03,B60
Dhaka,1979,11,74.83,B60
Dhaka,1979,12,76.68,B60
Dhaka,1980,1,69.39,B60
Dhaka,1980,2,66.34,B60
Dhaka,1980,3,63.97,B60
Dhaka,1980,4,68.33,B60
Dhaka,1980,5,80.42,B60
Dhaka,1980,6,85.2,B60
Dhaka,1980,7,86.39,B60
Dhaka,1980,8,84.77,B60
Dhaka,1980,9,84.9,B60
Dhaka,1980,10,81.65,B60
Dhaka,1980,11,70.07,B60
Dhaka,1980,12,69,B60
Dhaka,1981,1,70.16,B60
Dhaka,1981,2,67.32,B60
Dhaka,1981,3,65.48,B60
Dhaka,1981,4,76.17,B60
Dhaka,1981,5,78.39,B60
Dhaka,1981,6,80.9,B60
Dhaka,1981,7,88.1,B60
Dhaka,1981,8,83.94,B60
Dhaka,1981,9,83.57,B60
Dhaka,1981,10,70.1,B60
Dhaka,1981,11,66.6,B60
Dhaka,1981,12,71.16,B60
Dhaka,1982,1,68.29,B60
Dhaka,1982,2,62.79,B60
Dhaka,1982,3,63.65,B60
Dhaka,1982,4,72.4,B60
Dhaka,1982,5,73.35,B60
Dhaka,1982,6,85.7,B60
Dhaka,1982,7,84.42,B60
Dhaka,1982,8,85.52,B60
Dhaka,1982,9,83.63,B60
Dhaka,1982,10,77.77,B60
Dhaka,1982,11,75.1,B60
Dhaka,1982,12,73.13,B60
Dhaka,1983,1,72.7,B60
Dhaka,1983,2,63.43,B60
Dhaka,1983,3,69.61,B60
Dhaka,1983,4,72.33,B60
Dhaka,1983,5,79.77,B60
Dhaka,1983,6,84.13,B60
Dhaka,1983,7,84.84,B60
Dhaka,1983,8,86.13,B60
Dhaka,1983,9,87.17,B60
Dhaka,1983,10,84.16,B60
Dhaka,1983,11,69.97,B60
Dhaka,1983,12,72.03,B60
Dhaka,1984,1,68.61,B60
Dhaka,1984,2,61.17,B60
Dhaka,1984,3,56.39,B60
Dhaka,1984,4,70.03,B60
Dhaka,1984,5,83.19,B60
Dhaka,1984,6,85.77,B60
Dhaka,1984,7,86.16,B60
Dhaka,1984,8,85.71,B60
Dhaka,1984,9,82.8,B60
Dhaka,1984,10,78.55,B60
Dhaka,1984,11,67.93,B60
Dhaka,1984,12,71.94,B60
Dhaka,1985,1,70.48,B60
Dhaka,1985,2,59.57,B60
Dhaka,1985,3,69.39,B60
Dhaka,1985,4,73.97,B60
Dhaka,1985,5,78.9,B60
Dhaka,1985,6,84.4,B60
Dhaka,1985,7,85.1,B60
Dhaka,1985,8,83.35,B60
Dhaka,1985,9,83.87,B60
Dhaka,1985,10,74.77,B60
Dhaka,1985,11,70.73,B60
Dhaka,1985,12,69.97,B60
Dhaka,1986,1,71.61,B60
Dhaka,1986,2,58.64,B60
Dhaka,1986,3,55.39,B60
Dhaka,1986,4,74.27,B60
Dhaka,1986,5,75.9,B60
Dhaka,1986,6,82.9,B60
Dhaka,1986,7,84.58,B60
Dhaka,1986,8,82.23,B60
Dhaka,1986,9,85.17,B60
Dhaka,1986,10,80.74,B60
Dhaka,1986,11,78.3,B60
Dhaka,1986,12,75.35,B60
Dhaka,1987,1,72.65,B60
Dhaka,1987,2,64.96,B60
Dhaka,1987,3,64.94,B60
Dhaka,1987,4,74,B60
Dhaka,1987,5,74.16,B60
Dhaka,1987,6,82.76,B60
Dhaka,1987,7,88.48,B60
Dhaka,1987,8,84.13,B60
Dhaka,1987,9,83.93,B60
Dhaka,1987,10,77.94,B60
Dhaka,1987,11,73.2,B60
Dhaka,1987,12,75.58,B60
Dhaka,1988,1,70.87,B60
Dhaka,1988,2,67.34,B60
Dhaka,1988,3,68.61,B60
Dhaka,1988,4,73.77,B60
Dhaka,1988,5,80.16,B60
Dhaka,1988,6,84.73,B60
Dhaka,1988,7,84.55,B60
Dhaka,1988,8,84.06,B60
Dhaka,1988,9,81.97,B60
Dhaka,1988,10,77.74,B60
Dhaka,1988,11,74.37,B60
Dhaka,1988,12,78.19,B60
Dhaka,1989,1,68.45,B60
Dhaka,1989,2,63.75,B60
Dhaka,1989,3,58.23,B60
Dhaka,1989,4,67.87,B60
Dhaka,1989,5,77.97,B60
Dhaka,1989,6,81.57,B60
Dhaka,1989,7,84.1,B60
Dhaka,1989,8,79,B60
Dhaka,1989,9,85.1,B60
Dhaka,1989,10,81.61,B60
Dhaka,1989,11,73.6,B60
Dhaka,1989,12,72.81,B60
Dhaka,1990,1,77.1,B60
Dhaka,1990,2,69.14,B60
Dhaka,1990,3,72.52,B60
Dhaka,1990,4,76.87,B60
Dhaka,1990,5,79.42,B60
Dhaka,1990,6,83.6,B60
Dhaka,1990,7,87.13,B60
Dhaka,1990,8,82.68,B60
Dhaka,1990,9,84.17,B60
Dhaka,1990,10,78.06,B60
Dhaka,1990,11,75.33,B60
Dhaka,1990,12,71.39,B60
Dhaka,1991,1,70.06,B60
Dhaka,1991,2,65.11,B60
Dhaka,1991,3,65.32,B60
Dhaka,1991,4,70.07,B60
Dhaka,1991,5,84.48,B60
Dhaka,1991,6,85.9,B60
Dhaka,1991,7,83.39,B60
Dhaka,1991,8,83.74,B60
Dhaka,1991,9,87.9,B60
Dhaka,1991,10,82.9,B60
Dhaka,1991,11,72.07,B60
Dhaka,1991,12,75.03,B60
Dhaka,1992,1,75.55,B60
Dhaka,1992,2,70.41,B60
Dhaka,1992,3,62.29,B60
Dhaka,1992,4,68.33,B60
Dhaka,1992,5,75.35,B60
Dhaka,1992,6,79.97,B60
Dhaka,1992,7,83.1,B60
Dhaka,1992,8,81.94,B60
Dhaka,1992,9,79.6,B60
Dhaka,1992,10,78.32,B60
Dhaka,1992,11,72.8,B60
Dhaka,1992,12,74.45,B60
Dhaka,1993,1,72.84,B60
Dhaka,1993,2,68.61,B60
Dhaka,1993,3,61.55,B60
Dhaka,1993,4,69.7,B60
Dhaka,1993,5,79.77,B60
Dhaka,1993,6,82.37,B60
Dhaka,1993,7,84.03,B60
Dhaka,1993,8,84.71,B60
Dhaka,1993,9,83.07,B60
Dhaka,1993,10,81.87,B60
Dhaka,1993,11,78.9,B60
Dhaka,1993,12,74.87,B60
Dhaka,1994,1,72.94,B60
Dhaka,1994,2,68.57,B60
Dhaka,1994,3,67.48,B60
Dhaka,1994,4,70.07,B60
Dhaka,1994,5,76.42,B60
Dhaka,1994,6,81.93,B60
Dhaka,1994,7,79.74,B60
Dhaka,1994,8,81.68,B60
Dhaka,1994,9,78.43,B60
Dhaka,1994,10,76.45,B60
Dhaka,1994,11,74.57,B60
Dhaka,1994,12,71,B60
Dhaka,1995,1,66.52,B60
Dhaka,1995,2,69.54,B60
Dhaka,1995,3,57.03,B60
Dhaka,1995,4,64.93,B60
Dhaka,1995,5,75.45,B60
Dhaka,1995,6,82.03,B60
Dhaka,1995,7,83.81,B60
Dhaka,1995,8,82.42,B60
Dhaka,1995,9,83.87,B60
Dhaka,1995,10,80.71,B60
Dhaka,1995,11,78.37,B60
Dhaka,1995,12,76.81,B60
Dhaka,1996,1,72.26,B60
Dhaka,1996,2,65.86,B60
Dhaka,1996,3,66.16,B60
Dhaka,1996,4,69.53,B60
Dhaka,1996,5,77.1,B60
Dhaka,1996,6,82.8,B60
Dhaka,1996,7,83.23,B60
Dhaka,1996,8,84.9,B60
Dhaka,1996,9,83,B60
Dhaka,1996,10,78.87,B60
Dhaka,1996,11,75.63,B60
Dhaka,1996,12,71.52,B60
Dhaka,1997,1,69.65,B60
Dhaka,1997,2,64,B60
Dhaka,1997,3,65.84,B60
Dhaka,1997,4,74.2,B60
Dhaka,1997,5,76.1,B60
Dhaka,1997,6,81.23,B60
Dhaka,1997,7,85.52,B60
Dhaka,1997,8,83.13,B60
Dhaka,1997,9,86,B60
Dhaka,1997,10,77,B60
Dhaka,1997,11,74.63,B60
Dhaka,1997,12,79.48,B60
Dhaka,1998,1,77,B60
Dhaka,1998,2,67.71,B60
Dhaka,1998,3,63.42,B60
Dhaka,1998,4,74.63,B60
Dhaka,1998,5,77.52,B60
Dhaka,1998,6,80.4,B60
Dhaka,1998,7,86.45,B60
Dhaka,1998,8,85.39,B60
Dhaka,1998,9,84.17,B60
Dhaka,1998,10,81.06,B60
Dhaka,1998,11,77.5,B60
Dhaka,1998,12,76.06,B60
Dhaka,1999,1,71.84,B60
Dhaka,1999,2,64.11,B60
Dhaka,1999,3,57,B60
Dhaka,1999,4,68.33,B60
Dhaka,1999,5,78.52,B60
Dhaka,1999,6,82.3,B60
Dhaka,1999,7,85.58,B60
Dhaka,1999,8,83.81,B60
Dhaka,1999,9,83.47,B60
Dhaka,1999,10,82.19,B60
Dhaka,1999,11,75,B60
Dhaka,1999,12,70.42,B60
Dhaka,2000,1,71.52,B60
Dhaka,2000,2,60.9,B60
Dhaka,2000,3,62.48,B60
Dhaka,2000,4,73.1,B60
Dhaka,2000,5,77.29,B60
Dhaka,2000,6,79.8,B60
Dhaka,2000,7,79.55,B60
Dhaka,2000,8,80.74,B60
Dhaka,2000,9,80.53,B60
Dhaka,2000,10,80.87,B60
Dhaka,2000,11,72.33,B60
Dhaka,2000,12,68.39,B60
Dhaka,2001,1,62.68,B60
Dhaka,2001,2,61.71,B60
Dhaka,2001,3,55.29,B60
Dhaka,2001,4,66.33,B60
Dhaka,2001,5,78.16,B60
Dhaka,2001,6,83.83,B60
Dhaka,2001,7,81.81,B60
Dhaka,2001,8,81,B60
Dhaka,2001,9,82.03,B60
Dhaka,2001,10,81,B60
Dhaka,2001,11,77.8,B60
Dhaka,2001,12,74.52,B60
Dhaka,2002,1,67.9,B60
Dhaka,2002,2,57.46,B60
Dhaka,2002,3,58.1,B60
Dhaka,2002,4,72.47,B60
Dhaka,2002,5,78.1,B60
Dhaka,2002,6,83.6,B60
Dhaka,2002,7,84.52,B60
Dhaka,2002,8,81.45,B60
Dhaka,2002,9,78.13,B60
Dhaka,2002,10,74.55,B60
Dhaka,2002,11,73.7,B60
Dhaka,2002,12,73.74,B60
Dhaka,2003,1,75,B60
Dhaka,2003,2,65.25,B60
Dhaka,2003,3,64.97,B60
Dhaka,2003,4,70.63,B60
Dhaka,2003,5,72.81,B60
Dhaka,2003,6,81.87,B60
Dhaka,2003,7,79.06,B60
Dhaka,2003,8,78.77,B60
Dhaka,2003,9,82.73,B60
Dhaka,2003,10,80.26,B60
Dhaka,2003,11,66.9,B60
Dhaka,2003,12,72.16,B60
Dhaka,2004,1,73.03,B60
Dhaka,2004,2,60.52,B60
Dhaka,2004,3,62.81,B60
Dhaka,2004,4,72.5,B60
Dhaka,2004,5,67.58,B60
Dhaka,2004,6,81.13,B60
Dhaka,2004,7,81.94,B60
Dhaka,2004,8,78.71,B60
Dhaka,2004,9,85.47,B60
Dhaka,2004,10,74.97,B60
Dhaka,2004,11,69.07,B60
Dhaka,2004,12,70.03,B60
Dhaka,2005,1,68.35,B60
Dhaka,2005,2,60.61,B60
Dhaka,2005,3,66.16,B60
Dhaka,2005,4,66.53,B60
Dhaka,2005,5,73.97,B60
Dhaka,2005,6,79.23,B60
Dhaka,2005,7,81.16,B60
Dhaka,2005,8,82.87,B60
Dhaka,2005,9,81.77,B60
Dhaka,2005,10,80.45,B60
Dhaka,2005,11,72.33,B60
Dhaka,2005,12,66.74,B60
Dhaka,2006,1,69.03,B60
Dhaka,2006,2,65.29,B60
Dhaka,2006,3,53.87,B60
Dhaka,2006,4,67.83,B60
Dhaka,2006,5,72.68,B60
Dhaka,2006,6,81.57,B60
Dhaka,2006,7,80.06,B60
Dhaka,2006,8,77.19,B60
Dhaka,2006,9,80.73,B60
Dhaka,2006,10,76.23,B60
Dhaka,2006,11,68.23,B60
Dhaka,2006,12,69.19,B60
Dhaka,2007,1,68.06,B60
Dhaka,2007,2,68.93,B60
Dhaka,2007,3,54.68,B60
Dhaka,2007,4,69.53,B60
Dhaka,2007,5,70.94,B60
Dhaka,2007,6,81.03,B60
Dhaka,2007,7,84.52,B60
Dhaka,2007,8,80.26,B60
Dhaka,2007,9,80.13,B60
Dhaka,2007,10,78.23,B60
Dhaka,2007,11,77.47,B60
Dhaka,2007,12,69.87,B60
Dhaka,2008,1,69.84,B60
Dhaka,2008,2,61.69,B60
Dhaka,2008,3,67.19,B60
Dhaka,2008,4,64.5,B60
Dhaka,2008,5,70.74,B60
Dhaka,2008,6,80.47,B60
Dhaka,2008,7,83.1,B60
Dhaka,2008,8,81.77,B60
Dhaka,2008,9,81,B60
Dhaka,2008,10,77.84,B60
Dhaka,2008,11,69.53,B60
Dhaka,2008,12,79.39,B60
Dhaka,2009,1,72.45,B60
Dhaka,2009,2,55.04,B60
Dhaka,2009,3,53.42,B60
Dhaka,2009,4,66.43,B60
Dhaka,2009,5,72.16,B60
Dhaka,2009,6,74.73,B60
Dhaka,2009,7,80,B60
Dhaka,2009,8,82.23,B60
Dhaka,2009,9,81.33,B60
Dhaka,2009,10,73.06,B60
Dhaka,2009,11,66.6,B60
Dhaka,2009,12,69.65,B60
Dhaka,2010,1,71.68,B60
Dhaka,2010,2,56.89,B60
Dhaka,2010,3,59.16,B60
Dhaka,2010,4,67.3,B60
Dhaka,2010,5,71.55,B60
Dhaka,2010,6,79.33,B60
Dhaka,2010,7,77.13,B60
Dhaka,2010,8,78.81,B60
Dhaka,2010,9,79.67,B60
Dhaka,2010,10,74.87,B60
Dhaka,2010,11,68.97,B60
Dhaka,2010,12,66.1,B60
Dhaka,2011,1,69.19,B60
Dhaka,2011,2,54.79,B60
Dhaka,2011,3,57.68,B60
Dhaka,2011,4,64.83,B60
Dhaka,2011,5,76.13,B60
Dhaka,2011,6,80.93,B60
Dhaka,2011,7,79.13,B60
Dhaka,2011,8,82.84,B60
Dhaka,2011,9,77.27,B60
Dhaka,2011,10,73.58,B60
Dhaka,2011,11,67.8,B60
Dhaka,2011,12,73.48,B60
Dhaka,2012,1,66.16,B60
Dhaka,2012,2,52,B60
Dhaka,2012,3,57.74,B60
Dhaka,2012,4,69.8,B60
Dhaka,2012,5,70.32,B60
Dhaka,2012,6,77.67,B60
Dhaka,2012,7,79.52,B60
Dhaka,2012,8,78.84,B60
Dhaka,2012,9,79.17,B60
Dhaka,2012,10,71.71,B60
Dhaka,2012,11,68.07,B60
Dhaka,2012,12,77.13,B60
Dhaka,2013,1,65.42,B60
Dhaka,2013,2,55.89,B60
Dhaka,2013,3,55.42,B60
Dhaka,2013,4,63.87,B60
Dhaka,2013,5,78.97,B60
Dhaka,2013,6,76.77,B60
Dhaka,2013,7,77.61,B60
Dhaka,2013,8,80.9,B60
Dhaka,2013,9,81.43,B60
Dhaka,2013,10,78.94,B60
Dhaka,2013,11,66.8,B60
Dhaka,2013,12,72.87,B60
Dhaka,2014,1,72.77,B60
Dhaka,2014,2,62.11,B60
Dhaka,2014,3,52.26,B60
Dhaka,2014,4,56.23,B60
Dhaka,2014,5,68.87,B60
Dhaka,2014,6,78,B60
Dhaka,2014,7,77.19,B60
Dhaka,2014,8,82.26,B60
Dhaka,2014,9,76.53,B60
Dhaka,2014,10,72.23,B60
Dhaka,2014,11,66.87,B60
Dhaka,2014,12,77.74,B60
Dhaka,2015,1,70.58,B60
Dhaka,2015,2,63.32,B60
Dhaka,2015,3,52.87,B60
Dhaka,2015,4,68.37,B60
Dhaka,2015,5,71.35,B60
Dhaka,2015,6,77.6,B60
Dhaka,2015,7,81.84,B60
Dhaka,2015,8,79.71,B60
Dhaka,2015,9,78.47,B60
Dhaka,2015,10,73.29,B60
Dhaka,2015,11,69.67,B60
Dhaka,2015,12,68.55,B60
Dhaka,2016,1,68.87,B60
Dhaka,2016,2,63.45,B60
Dhaka,2016,3,59.58,B60
Dhaka,2016,4,72.4,B60
Dhaka,2016,5,74.48,B60
Dhaka,2016,6,75.57,B60
Dhaka,2016,7,82.68,B60
Dhaka,2016,8,77.74,B60
Dhaka,2016,9,82.13,B60
Dhaka,2016,10,74.77,B60
Dhaka,2016,11,73,B60
Dhaka,2016,12,72.29,B60
Dhaka,2017,1,63.26,B60
Dhaka,2017,2,57.68,B60
Dhaka,2017,3,67.58,B60
Dhaka,2017,4,73.4,B60
Dhaka,2017,5,73.71,B60
Dhaka,2017,6,80.67,B60
Dhaka,2017,7,84.32,B60
Dhaka,2017,8,83.58,B60
Dhaka,2017,9,82.8,B60
Dhaka,2017,10,80.35,B60
Dhaka,2017,11,68.13,B60
Dhaka,2017,12,77.1,B60
Dhaka,2018,1,68.97,B60
Dhaka,2018,2,61.54,B60
Dhaka,2018,3,59.77,B60
Dhaka,2018,4,69.67,B60
Dhaka,2018,5,79.16,B60
Dhaka,2018,6,81.53,B60
Dhaka,2018,7,81.71,B60
Dhaka,2018,8,78.03,B60
Dhaka,2018,9,77.33,B60
Dhaka,2018,10,72.23,B60
Dhaka,2018,11,68.7,B60
Dhaka,2018,12,66.13,B60
Dhaka,2019,1,59.97,B60
Dhaka,2019,2,63.11,B60
Dhaka,2019,3,61.65,B60
Dhaka,2019,4,69.67,B60
Dhaka,2019,5,73.16,B60
Dhaka,2019,6,78.93,B60
Dhaka,2019,7,82.39,B60
Dhaka,2019,8,79.03,B60
Dhaka,2019,9,80.57,B60
Dhaka,2019,10,78.16,B60
Dhaka,2019,11,74.87,B60
Dhaka,2019,12,74.45,B60
Dhaka,2020,1,76.61,B60
Dhaka,2020,2,59.41,B60
Dhaka,2020,3,57.35,B60
Dhaka,2020,4,72.53,B60
Dhaka,2020,5,80.52,B60
Dhaka,2020,6,81.63,B60
Dhaka,2020,7,85.26,B60
Dhaka,2020,8,84.65,B60
Dhaka,2020,9,81.6,B60
Dhaka,2020,10,81.94,B60
Dhaka,2020,11,69.4,B60
Dhaka,2020,12,78.65,B60
Dhaka,2021,1,70.24,B60
Dhaka,2021,2,55.2,B60
Dhaka,2021,3,50.76,B60
Dhaka,2021,4,55.08,B60
Dhaka,2021,5,66.5,B60
Dhaka,2021,6,81.42,B60
Dhaka,2023,1,71.5,B60
Dhaka,2023,2,56.71,B60
Dhaka,2023,3,56.98,B60
Dhaka,2023,4,50.65,B60
Dhaka,2023,5,60.34,B60
Dhaka,2023,6,74.85,B60
Dhaka,2023,7,72.53,B60
Dhaka,2023,8,81.35,B60
Dhaka,2023,9,76,B60
Dhaka,2023,10,69.95,B60
Dhaka,2023,11,62.65,B60
Dhaka,2023,12,72.65,B60
Dhaka,2021,7,83.29,B60
Dhaka,2021,8,83.77,B60
Dhaka,2021,9,80.5,B60
Dhaka,2021,10,77.8,B60
Dhaka,2021,11,69.18,B60
Dhaka,2021,12,73.21,B60
Dhaka,2022,1,71.87,B60
Dhaka,2022,2,62.71,B60
Dhaka,2022,3,55.81,B60
Dhaka,2022,4,72,B60
Dhaka,2022,5,75.39,B60
Dhaka,2022,6,79.13,B60
Dhaka,2022,7,74.94,B60
Dhaka,2022,8,75.03,B60
Dhaka,2022,9,80.97,B60
Dhaka,2022,10,73.97,B60
Dhaka,2022,11,63.77,B60
Dhaka,2022,12,69.23,B60
Dimla,2020,12,82.37,B60
Dimla,2021,1,84.03,B60
Dimla,2021,2,71.32,B60
Dimla,2021,3,64.91,B60
Dimla,2021,4,64.53,B60
Dimla,2021,5,76.94,B60
Dimla,2021,6,79.65,B60
Dimla,2021,7,84.26,B60
Dimla,2021,8,88.89,B60
Dimla,2021,9,83.17,B60
Dimla,2021,10,83.96,B60
Dimla,2021,11,77.25,B60
Dimla,2021,12,76.76,B60
Dimla,2023,1,85.55,B60
Dimla,2023,2,76.25,B60
Dimla,2023,3,67.55,B60
Dimla,2023,4,64.57,B60
Dimla,2023,5,63.24,B60
Dimla,2023,6,77.02,B60
Dimla,2023,7,80.1,B60
Dimla,2023,8,83.85,B60
Dimla,2023,9,81.52,B60
Dimla,2023,10,82.26,B60
Dimla,2023,11,74.78,B60
Dimla,2023,12,81.48,B60
Dinajpur,1948,1,62.13,B60
Dinajpur,1948,2,55.86,B60
Dinajpur,1948,3,44.26,B60
Dinajpur,1948,4,65.93,B60
Dinajpur,1948,5,83.06,B60
Dinajpur,1948,6,85.97,B60
Dinajpur,1948,7,87.29,B60
Dinajpur,1948,8,84.61,B60
Dinajpur,1948,9,85.3,B60
Dinajpur,1948,10,80.74,B60
Dinajpur,1948,11,80.03,B60
Dinajpur,1948,12,72.97,B60
Dinajpur,1949,1,74.29,B60
Dinajpur,1949,2,62.82,B60
Dinajpur,1949,3,47.45,B60
Dinajpur,1949,4,67.5,B60
Dinajpur,1949,5,80.45,B60
Dinajpur,1949,6,87.4,B60
Dinajpur,1949,7,86.84,B60
Dinajpur,1949,8,87.81,B60
Dinajpur,1949,9,85.63,B60
Dinajpur,1949,10,82.06,B60
Dinajpur,1949,11,76.83,B60
Dinajpur,1949,12,75.68,B60
Dinajpur,1950,1,77.26,B60
Dinajpur,1950,2,68.93,B60
Dinajpur,1950,3,62.45,B60
Dinajpur,1950,4,49.6,B60
Dinajpur,1950,5,71.37,B60
Dinajpur,1950,6,83.77,B60
Dinajpur,1950,7,84.94,B60
Dinajpur,1950,8,88.23,B60
Dinajpur,1950,9,84.07,B60
Dinajpur,1950,10,82.45,B60
Dinajpur,1950,11,75.83,B60
Dinajpur,1950,12,77,B60
Dinajpur,1951,1,72.39,B60
Dinajpur,1951,2,57.5,B60
Dinajpur,1951,3,49.84,B60
Dinajpur,1951,4,51.3,B60
Dinajpur,1951,5,73.13,B60
Dinajpur,1951,6,85.47,B60
Dinajpur,1951,7,85.35,B60
Dinajpur,1951,8,83.77,B60
Dinajpur,1951,9,83.87,B60
Dinajpur,1951,10,82.87,B60
Dinajpur,1951,11,79.97,B60
Dinajpur,1951,12,71.68,B60
Dinajpur,1952,1,73.74,B60
Dinajpur,1952,2,66.59,B60
Dinajpur,1952,4,67.83,B60
Dinajpur,1952,5,79.23,B60
Dinajpur,1952,6,82.77,B60
Dinajpur,1952,7,84.94,B60
Dinajpur,1952,8,84.68,B60
Dinajpur,1952,9,87.43,B60
Dinajpur,1952,10,81.94,B60
Dinajpur,1952,11,76.27,B60
Dinajpur,1952,12,75.29,B60
Dinajpur,1953,1,75.94,B60
Dinajpur,1953,2,69.39,B60
Dinajpur,1953,3,71.16,B60
Dinajpur,1953,4,57.67,B60
Dinajpur,1953,5,74.06,B60
Dinajpur,1953,6,81.8,B60
Dinajpur,1953,7,87.65,B60
Dinajpur,1953,8,81.97,B60
Dinajpur,1953,9,84.87,B60
Dinajpur,1953,10,81.45,B60
Dinajpur,1953,11,76.8,B60
Dinajpur,1953,12,76.68,B60
Dinajpur,1954,1,77.52,B60
Dinajpur,1954,2,67.14,B60
Dinajpur,1954,3,47.9,B60
Dinajpur,1954,4,49.13,B60
Dinajpur,1954,5,69.42,B60
Dinajpur,1954,6,85.13,B60
Dinajpur,1954,7,86.13,B60
Dinajpur,1954,8,84.32,B60
Dinajpur,1954,9,81.4,B60
Dinajpur,1954,10,81.03,B60
Dinajpur,1954,11,74.4,B60
Dinajpur,1954,12,72.48,B60
Dinajpur,1955,1,73.39,B60
Dinajpur,1955,2,66.86,B60
Dinajpur,1955,3,53.52,B60
Dinajpur,1955,4,43.63,B60
Dinajpur,1955,5,66.52,B60
Dinajpur,1955,6,81.67,B60
Dinajpur,1955,7,89.16,B60
Dinajpur,1955,8,87.77,B60
Dinajpur,1955,9,85.85,B60
Dinajpur,1955,10,80.35,B60
Dinajpur,1955,11,76.7,B60
Dinajpur,1955,12,73.77,B60
Dinajpur,1956,1,67.42,B60
Dinajpur,1956,2,58.79,B60
Dinajpur,1956,3,55.45,B60
Dinajpur,1956,4,58,B60
Dinajpur,1956,5,78.26,B60
Dinajpur,1956,6,85.23,B60
Dinajpur,1956,7,82.42,B60
Dinajpur,1956,8,86.29,B60
Dinajpur,1956,9,84.23,B60
Dinajpur,1956,10,82.61,B60
Dinajpur,1956,11,75.97,B60
Dinajpur,1956,12,76.39,B60
Dinajpur,1957,1,78.97,B60
Dinajpur,1957,2,66.54,B60
Dinajpur,1957,3,53.19,B60
Dinajpur,1957,4,42.2,B60
Dinajpur,1957,5,50.97,B60
Dinajpur,1957,6,78.13,B60
Dinajpur,1957,7,84.97,B60
Dinajpur,1957,8,84.48,B60
Dinajpur,1957,9,82.73,B60
Dinajpur,1957,10,80.03,B60
Dinajpur,1957,11,73.7,B60
Dinajpur,1957,12,76.13,B60
Dinajpur,1958,1,74,B60
Dinajpur,1958,2,63,B60
Dinajpur,1958,3,47.42,B60
Dinajpur,1958,4,52.9,B60
Dinajpur,1958,5,68.06,B60
Dinajpur,1958,6,76.9,B60
Dinajpur,1958,7,83.52,B60
Dinajpur,1958,8,88.87,B60
Dinajpur,1958,9,84.87,B60
Dinajpur,1958,10,82.19,B60
Dinajpur,1958,11,76.93,B60
Dinajpur,1958,12,78.23,B60
Dinajpur,1959,1,77.35,B60
Dinajpur,1959,2,67.36,B60
Dinajpur,1959,3,56.55,B60
Dinajpur,1959,4,67.43,B60
Dinajpur,1959,5,75.23,B60
Dinajpur,1959,6,84.47,B60
Dinajpur,1959,7,83.9,B60
Dinajpur,1959,8,82.84,B60
Dinajpur,1959,9,85,B60
Dinajpur,1959,10,84.94,B60
Dinajpur,1959,11,75.23,B60
Dinajpur,1959,12,74.35,B60
Dinajpur,1960,1,71.39,B60
Dinajpur,1960,2,60.24,B60
Dinajpur,1960,3,59.71,B60
Dinajpur,1960,4,33.9,B60
Dinajpur,1960,5,60.48,B60
Dinajpur,1960,6,79.33,B60
Dinajpur,1960,7,85.26,B60
Dinajpur,1960,8,84.29,B60
Dinajpur,1960,9,86.6,B60
Dinajpur,1960,10,78.16,B60
Dinajpur,1960,11,73.53,B60
Dinajpur,1960,12,72.84,B60
Dinajpur,1961,1,73.32,B60
Dinajpur,1961,2,67.5,B60
Dinajpur,1961,3,52.74,B60
Dinajpur,1961,4,50.1,B60
Dinajpur,1961,5,65.77,B60
Dinajpur,1961,6,82.67,B60
Dinajpur,1961,7,83.42,B60
Dinajpur,1961,8,85.06,B60
Dinajpur,1961,9,82.37,B60
Dinajpur,1961,10,80.55,B60
Dinajpur,1961,11,73.83,B60
Dinajpur,1961,12,76.19,B60
Dinajpur,1962,1,71,B60
Dinajpur,1962,2,65.29,B60
Dinajpur,1962,3,47,B60
Dinajpur,1962,4,43.37,B60
Dinajpur,1962,5,69.65,B60
Dinajpur,1962,6,81.43,B60
Dinajpur,1962,7,84.13,B60
Dinajpur,1962,8,85.65,B60
Dinajpur,1962,9,82.87,B60
Dinajpur,1962,10,74.61,B60
Dinajpur,1962,11,72.33,B60
Dinajpur,1962,12,74.03,B60
Dinajpur,1963,1,69.48,B60
Dinajpur,1963,2,56.43,B60
Dinajpur,1963,3,52.32,B60
Dinajpur,1963,4,55.7,B60
Dinajpur,1963,5,72.94,B60
Dinajpur,1963,6,79.63,B60
Dinajpur,1963,7,85.9,B60
Dinajpur,1963,8,86.06,B60
Dinajpur,1963,9,83.2,B60
Dinajpur,1963,10,81.87,B60
Dinajpur,1963,11,78.17,B60
Dinajpur,1963,12,76.55,B60
Dinajpur,1964,1,69.97,B60
Dinajpur,1964,2,64.93,B60
Dinajpur,1964,3,54,B60
Dinajpur,1964,4,64.8,B60
Dinajpur,1964,5,73.32,B60
Dinajpur,1964,6,81.2,B60
Dinajpur,1964,7,87.84,B60
Dinajpur,1964,8,84.9,B60
Dinajpur,1964,9,85.4,B60
Dinajpur,1964,10,83.16,B60
Dinajpur,1964,11,74.83,B60
Dinajpur,1964,12,73.1,B60
Dinajpur,1965,1,69.42,B60
Dinajpur,1965,2,65.36,B60
Dinajpur,1965,3,48.77,B60
Dinajpur,1965,4,52.37,B60
Dinajpur,1965,5,65.06,B60
Dinajpur,1965,6,82.07,B60
Dinajpur,1965,7,84.93,B60
Dinajpur,1965,8,87.48,B60
Dinajpur,1965,9,85.47,B60
Dinajpur,1965,10,80.52,B60
Dinajpur,1965,12,73.29,B60
Dinajpur,1966,1,74.23,B60
Dinajpur,1966,2,63.43,B60
Dinajpur,1966,3,46.39,B60
Dinajpur,1966,4,40.73,B60
Dinajpur,1966,5,57.55,B60
Dinajpur,1966,6,80.1,B60
Dinajpur,1966,7,86.61,B60
Dinajpur,1966,8,89.29,B60
Dinajpur,1966,9,84.43,B60
Dinajpur,1966,10,80.84,B60
Dinajpur,1966,11,79.3,B60
Dinajpur,1967,1,68.1,B60
Dinajpur,1967,2,61.61,B60
Dinajpur,1967,3,60.97,B60
Dinajpur,1967,4,46.9,B60
Dinajpur,1967,5,75.81,B60
Dinajpur,1967,6,77.83,B60
Dinajpur,1967,7,85.26,B60
Dinajpur,1967,8,81.29,B60
Dinajpur,1967,9,83.47,B60
Dinajpur,1967,10,82.39,B60
Dinajpur,1967,11,74.27,B60
Dinajpur,1967,12,77.77,B60
Dinajpur,1968,1,78,B60
Dinajpur,1968,2,60.41,B60
Dinajpur,1968,3,47.06,B60
Dinajpur,1968,4,49.77,B60
Dinajpur,1968,5,64.03,B60
Dinajpur,1968,6,83.48,B60
Dinajpur,1968,7,87.23,B60
Dinajpur,1968,8,85.42,B60
Dinajpur,1968,9,83.07,B60
Dinajpur,1968,10,77.42,B60
Dinajpur,1968,11,72.83,B60
Dinajpur,1968,12,74.45,B60
Dinajpur,1969,1,70.68,B60
Dinajpur,1969,2,57.25,B60
Dinajpur,1969,3,56.58,B60
Dinajpur,1969,4,65.57,B60
Dinajpur,1969,5,70.77,B60
Dinajpur,1969,6,84.97,B60
Dinajpur,1969,7,86.55,B60
Dinajpur,1969,8,86.65,B60
Dinajpur,1969,9,84.13,B60
Dinajpur,1969,10,77.63,B60
Dinajpur,1969,11,75.93,B60
Dinajpur,1969,12,76.29,B60
Dinajpur,1970,1,76.06,B60
Dinajpur,1970,2,65.79,B60
Dinajpur,1970,3,51.19,B60
Dinajpur,1970,4,53.47,B60
Dinajpur,1970,5,64.87,B60
Dinajpur,1970,6,83.17,B60
Dinajpur,1970,7,86.84,B60
Dinajpur,1970,8,84.52,B60
Dinajpur,1970,9,85.6,B60
Dinajpur,1970,10,80.68,B60
Dinajpur,1970,11,73,B60
Dinajpur,1970,12,72.84,B60
Dinajpur,1971,1,75.29,B60
Dinajpur,1971,2,62.46,B60
Dinajpur,1971,3,52.35,B60
Dinajpur,1971,8,86.03,B60
Dinajpur,1971,9,84.17,B60
Dinajpur,1971,10,80.77,B60
Dinajpur,1971,11,76.03,B60
Dinajpur,1971,12,73.25,B60
Dinajpur,1972,1,74.29,B60
Dinajpur,1972,2,69.61,B60
Dinajpur,1972,3,54.03,B60
Dinajpur,1972,6,75.87,B60
Dinajpur,1972,7,82.68,B60
Dinajpur,1972,8,81.81,B60
Dinajpur,1972,9,81.63,B60
Dinajpur,1972,10,78.26,B60
Dinajpur,1972,11,78.23,B60
Dinajpur,1972,12,77.26,B60
Dinajpur,1981,1,76.32,B60
Dinajpur,1981,2,75.07,B60
Dinajpur,1981,3,68.52,B60
Dinajpur,1981,4,61.4,B60
Dinajpur,1981,5,57.23,B60
Dinajpur,1981,6,50,B60
Dinajpur,1981,7,59.65,B60
Dinajpur,1981,8,80.45,B60
Dinajpur,1981,9,83.7,B60
Dinajpur,1981,10,68.35,B60
Dinajpur,1981,11,65.57,B60
Dinajpur,1981,12,68.81,B60
Dinajpur,1982,1,65.39,B60
Dinajpur,1982,2,55.43,B60
Dinajpur,1982,3,51.42,B60
Dinajpur,1982,4,61.13,B60
Dinajpur,1982,5,60.26,B60
Dinajpur,1982,6,80.67,B60
Dinajpur,1982,7,84.29,B60
Dinajpur,1982,8,82.23,B60
Dinajpur,1982,9,80.17,B60
Dinajpur,1982,10,73.19,B60
Dinajpur,1982,11,74.03,B60
Dinajpur,1982,12,73.23,B60
Dinajpur,1983,1,70.26,B60
Dinajpur,1983,2,53.96,B60
Dinajpur,1983,3,46.52,B60
Dinajpur,1983,4,51.03,B60
Dinajpur,1983,5,74,B60
Dinajpur,1983,6,75.93,B60
Dinajpur,1983,7,83.81,B60
Dinajpur,1983,8,80.65,B60
Dinajpur,1983,9,86.43,B60
Dinajpur,1983,10,78.52,B60
Dinajpur,1983,11,66.93,B60
Dinajpur,1983,12,72.45,B60
Dinajpur,1984,1,71.26,B60
Dinajpur,1984,2,61.52,B60
Dinajpur,1984,3,49.32,B60
Dinajpur,1984,4,51.1,B60
Dinajpur,1984,5,81.74,B60
Dinajpur,1984,6,81.6,B60
Dinajpur,1984,7,85.13,B60
Dinajpur,1984,8,80.58,B60
Dinajpur,1984,9,83.57,B60
Dinajpur,1984,10,75.55,B60
Dinajpur,1984,11,64.7,B60
Dinajpur,1984,12,71.55,B60
Dinajpur,1985,1,66.39,B60
Dinajpur,1985,2,57.93,B60
Dinajpur,1985,3,49.55,B60
Dinajpur,1985,4,53.4,B60
Dinajpur,1985,5,70.65,B60
Dinajpur,1985,6,80.23,B60
Dinajpur,1985,7,85.94,B60
Dinajpur,1985,8,79.77,B60
Dinajpur,1985,9,83.87,B60
Dinajpur,1985,10,74.94,B60
Dinajpur,1985,11,68.03,B60
Dinajpur,1985,12,69.32,B60
Dinajpur,1986,1,70.58,B60
Dinajpur,1986,2,54.79,B60
Dinajpur,1986,3,40.74,B60
Dinajpur,1986,4,59.4,B60
Dinajpur,1986,5,72.35,B60
Dinajpur,1986,6,77.87,B60
Dinajpur,1986,7,82.94,B60
Dinajpur,1986,8,79.52,B60
Dinajpur,1986,9,84.57,B60
Dinajpur,1986,10,79.42,B60
Dinajpur,1986,11,71.97,B60
Dinajpur,1986,12,71.19,B60
Dinajpur,1987,1,68.74,B60
Dinajpur,1987,2,61.36,B60
Dinajpur,1987,3,61.61,B60
Dinajpur,1987,4,58.43,B60
Dinajpur,1987,5,65.68,B60
Dinajpur,1987,6,79.43,B60
Dinajpur,1987,7,88.48,B60
Dinajpur,1987,8,86.1,B60
Dinajpur,1987,9,86,B60
Dinajpur,1987,10,76,B60
Dinajpur,1987,11,73.63,B60
Dinajpur,1987,12,70.97,B60
Dinajpur,1988,1,68.39,B60
Dinajpur,1988,2,61.45,B60
Dinajpur,1988,3,56.03,B60
Dinajpur,1988,4,60.37,B60
Dinajpur,1988,5,76.58,B60
Dinajpur,1988,6,80.7,B60
Dinajpur,1988,7,83.52,B60
Dinajpur,1988,8,85.55,B60
Dinajpur,1988,9,81.53,B60
Dinajpur,1988,10,75.03,B60
Dinajpur,1988,11,69.1,B60
Dinajpur,1988,12,69.74,B60
Dinajpur,1989,1,69,B60
Dinajpur,1989,2,61.75,B60
Dinajpur,1989,3,55.77,B60
Dinajpur,1989,4,47.1,B60
Dinajpur,1989,5,71.06,B60
Dinajpur,1989,6,82.37,B60
Dinajpur,1989,7,86.77,B60
Dinajpur,1989,8,83.16,B60
Dinajpur,1989,9,89.1,B60
Dinajpur,1989,10,82.48,B60
Dinajpur,1989,11,79.27,B60
Dinajpur,1989,12,78.74,B60
Dinajpur,1990,1,81.29,B60
Dinajpur,1990,2,71.5,B60
Dinajpur,1990,3,68.35,B60
Dinajpur,1990,4,76.3,B60
Dinajpur,1990,5,80.58,B60
Dinajpur,1990,6,84.17,B60
Dinajpur,1990,7,86.32,B60
Dinajpur,1990,8,84.48,B60
Dinajpur,1990,9,85.67,B60
Dinajpur,1990,10,84.9,B60
Dinajpur,1990,11,76.9,B60
Dinajpur,1990,12,76.87,B60
Dinajpur,1991,1,77.06,B60
Dinajpur,1991,2,68.93,B60
Dinajpur,1991,3,60.32,B60
Dinajpur,1991,4,63.93,B60
Dinajpur,1991,5,83.65,B60
Dinajpur,1991,6,84.77,B60
Dinajpur,1991,7,85.61,B60
Dinajpur,1991,8,85.06,B60
Dinajpur,1991,9,89.57,B60
Dinajpur,1991,10,83,B60
Dinajpur,1991,11,76.5,B60
Dinajpur,1991,12,81.45,B60
Dinajpur,1992,1,82.87,B60
Dinajpur,1992,2,74.45,B60
Dinajpur,1992,3,56.03,B60
Dinajpur,1992,4,59.2,B60
Dinajpur,1992,5,76.06,B60
Dinajpur,1992,6,80.37,B60
Dinajpur,1992,7,85.97,B60
Dinajpur,1992,8,83.1,B60
Dinajpur,1992,9,84.5,B60
Dinajpur,1992,10,84.13,B60
Dinajpur,1992,11,78.73,B60
Dinajpur,1992,12,80.1,B60
Dinajpur,1993,1,84.23,B60
Dinajpur,1993,2,72.29,B60
Dinajpur,1993,3,63.52,B60
Dinajpur,1993,4,68.43,B60
Dinajpur,1993,5,81.35,B60
Dinajpur,1993,6,84.7,B60
Dinajpur,1993,7,82.84,B60
Dinajpur,1993,8,87.61,B60
Dinajpur,1993,9,86.47,B60
Dinajpur,1993,10,84,B60
Dinajpur,1993,11,81.1,B60
Dinajpur,1993,12,77.71,B60
Dinajpur,1994,1,81.39,B60
Dinajpur,1994,2,76.32,B60
Dinajpur,1994,3,66.16,B60
Dinajpur,1994,4,60.43,B60
Dinajpur,1994,5,73.94,B60
Dinajpur,1994,6,84.07,B60
Dinajpur,1994,7,80.58,B60
Dinajpur,1994,8,82,B60
Dinajpur,1994,9,83.37,B60
Dinajpur,1994,10,82.71,B60
Dinajpur,1994,11,79.83,B60
Dinajpur,1994,12,77.58,B60
Dinajpur,1995,1,74.26,B60
Dinajpur,1995,2,68.46,B60
Dinajpur,1995,3,57.9,B60
Dinajpur,1995,4,52.4,B60
Dinajpur,1995,5,71.23,B60
Dinajpur,1995,6,84.1,B60
Dinajpur,1995,7,87.26,B60
Dinajpur,1995,8,86.68,B60
Dinajpur,1995,9,88.07,B60
Dinajpur,1995,10,83.77,B60
Dinajpur,1995,11,81.8,B60
Dinajpur,1995,12,81.71,B60
Dinajpur,1996,1,80.32,B60
Dinajpur,1996,2,72.17,B60
Dinajpur,1996,3,61.39,B60
Dinajpur,1996,4,60.2,B60
Dinajpur,1996,5,77.03,B60
Dinajpur,1996,6,83.37,B60
Dinajpur,1996,7,86.81,B60
Dinajpur,1996,8,85.29,B60
Dinajpur,1996,9,86.47,B60
Dinajpur,1996,10,84.84,B60
Dinajpur,1996,11,81.3,B60
Dinajpur,1996,12,80.29,B60
Dinajpur,1997,1,80.06,B60
Dinajpur,1997,2,74.32,B60
Dinajpur,1997,3,64.45,B60
Dinajpur,1997,4,73.53,B60
Dinajpur,1997,5,72.13,B60
Dinajpur,1997,6,80.1,B60
Dinajpur,1997,7,86.29,B60
Dinajpur,1997,8,85.29,B60
Dinajpur,1997,9,87.33,B60
Dinajpur,1997,10,81.39,B60
Dinajpur,1997,11,79.63,B60
Dinajpur,1997,12,85.77,B60
Dinajpur,1998,1,84.1,B60
Dinajpur,1998,2,71.29,B60
Dinajpur,1998,3,71.84,B60
Dinajpur,1998,4,77.43,B60
Dinajpur,1998,5,78.81,B60
Dinajpur,1998,6,83.7,B60
Dinajpur,1998,7,88.16,B60
Dinajpur,1998,8,88.58,B60
Dinajpur,1998,9,86.87,B60
Dinajpur,1998,10,86.13,B60
Dinajpur,1998,11,81.23,B60
Dinajpur,1998,12,80.32,B60
Dinajpur,1999,1,78.48,B60
Dinajpur,1999,2,73.07,B60
Dinajpur,1999,3,60.39,B60
Dinajpur,1999,4,77.37,B60
Dinajpur,1999,5,83.16,B60
Dinajpur,1999,6,85.1,B60
Dinajpur,1999,7,86.97,B60
Dinajpur,1999,8,88.61,B60
Dinajpur,1999,9,88.17,B60
Dinajpur,1999,10,86,B60
Dinajpur,1999,11,80.03,B60
Dinajpur,1999,12,79.23,B60
Dinajpur,2000,1,82.81,B60
Dinajpur,2000,2,74.55,B60
Dinajpur,2000,3,67.29,B60
Dinajpur,2000,4,75.47,B60
Dinajpur,2000,5,85.1,B60
Dinajpur,2000,6,85.33,B60
Dinajpur,2000,7,84.45,B60
Dinajpur,2000,8,84.74,B60
Dinajpur,2000,9,86.83,B60
Dinajpur,2000,10,80.97,B60
Dinajpur,2000,11,82.5,B60
Dinajpur,2000,12,77.61,B60
Dinajpur,2001,1,77.45,B60
Dinajpur,2001,2,74.14,B60
Dinajpur,2001,3,62.52,B60
Dinajpur,2001,4,64.83,B60
Dinajpur,2001,5,78.39,B60
Dinajpur,2001,6,85.13,B60
Dinajpur,2001,7,86.03,B60
Dinajpur,2001,8,82.71,B60
Dinajpur,2001,9,86.5,B60
Dinajpur,2001,10,84.94,B60
Dinajpur,2001,11,81.9,B60
Dinajpur,2001,12,84.52,B60
Dinajpur,2002,1,79.48,B60
Dinajpur,2002,2,71.82,B60
Dinajpur,2002,3,67.32,B60
Dinajpur,2002,4,77.73,B60
Dinajpur,2002,5,79.39,B60
Dinajpur,2002,6,85.1,B60
Dinajpur,2002,7,88.06,B60
Dinajpur,2002,8,84.13,B60
Dinajpur,2002,9,83.7,B60
Dinajpur,2002,10,81.06,B60
Dinajpur,2002,11,79.13,B60
Dinajpur,2002,12,83.77,B60
Dinajpur,2003,1,86.23,B60
Dinajpur,2003,2,79.68,B60
Dinajpur,2003,3,74.77,B60
Dinajpur,2003,4,79.23,B60
Dinajpur,2003,5,77.81,B60
Dinajpur,2003,6,85.07,B60
Dinajpur,2003,7,83.06,B60
Dinajpur,2003,8,83.32,B60
Dinajpur,2003,9,85.37,B60
Dinajpur,2003,10,85.74,B60
Dinajpur,2003,11,80.97,B60
Dinajpur,2003,12,81.19,B60
Dinajpur,2004,1,86.48,B60
Dinajpur,2004,2,76.38,B60
Dinajpur,2004,3,70.03,B60
Dinajpur,2004,4,80.73,B60
Dinajpur,2004,5,78.68,B60
Dinajpur,2004,6,83.77,B60
Dinajpur,2004,7,86.94,B60
Dinajpur,2004,8,82.68,B60
Dinajpur,2004,9,85.9,B60
Dinajpur,2004,10,83.65,B60
Dinajpur,2004,11,76.77,B60
Dinajpur,2004,12,80.16,B60
Dinajpur,2005,1,80.58,B60
Dinajpur,2005,2,71.61,B60
Dinajpur,2005,3,74.26,B60
Dinajpur,2005,4,76.07,B60
Dinajpur,2005,5,80.39,B60
Dinajpur,2005,6,82.03,B60
Dinajpur,2005,7,84.87,B60
Dinajpur,2005,8,86.58,B60
Dinajpur,2005,9,82.1,B60
Dinajpur,2005,10,85.84,B60
Dinajpur,2005,11,81.2,B60
Dinajpur,2005,12,77.52,B60
Dinajpur,2006,1,82.23,B60
Dinajpur,2006,2,75.32,B60
Dinajpur,2006,3,59.03,B60
Dinajpur,2006,4,75.2,B60
Dinajpur,2006,5,78.81,B60
Dinajpur,2006,6,82.97,B60
Dinajpur,2006,7,81.29,B60
Dinajpur,2006,8,81.77,B60
Dinajpur,2006,9,85,B60
Dinajpur,2006,10,80.58,B60
Dinajpur,2006,11,78.87,B60
Dinajpur,2006,12,78.61,B60
Dinajpur,2007,1,77.71,B60
Dinajpur,2007,2,78.89,B60
Dinajpur,2007,3,64.87,B60
Dinajpur,2007,4,74.87,B60
Dinajpur,2007,5,72.68,B60
Dinajpur,2007,6,82.83,B60
Dinajpur,2007,7,86.13,B60
Dinajpur,2007,8,83.55,B60
Dinajpur,2007,9,86.1,B60
Dinajpur,2007,10,82.74,B60
Dinajpur,2007,11,76,B60
Dinajpur,2007,12,77.35,B60
Dinajpur,2008,1,79.32,B60
Dinajpur,2008,2,73.59,B60
Dinajpur,2008,3,72.06,B60
Dinajpur,2008,4,73.6,B60
Dinajpur,2008,5,76.9,B60
Dinajpur,2008,6,84.53,B60
Dinajpur,2008,7,84.74,B60
Dinajpur,2008,8,86.06,B60
Dinajpur,2008,9,84.23,B60
Dinajpur,2008,10,83.29,B60
Dinajpur,2008,11,78.37,B60
Dinajpur,2008,12,85.84,B60
Dinajpur,2009,1,83.84,B60
Dinajpur,2009,2,66.93,B60
Dinajpur,2009,3,64.06,B60
Dinajpur,2009,4,72.27,B60
Dinajpur,2009,5,78.9,B60
Dinajpur,2009,6,79.33,B60
Dinajpur,2009,7,81.74,B60
Dinajpur,2009,8,86.1,B60
Dinajpur,2009,9,82.2,B60
Dinajpur,2009,10,80.61,B60
Dinajpur,2009,11,78.33,B60
Dinajpur,2009,12,83.61,B60
Dinajpur,2010,1,83.97,B60
Dinajpur,2010,2,66.21,B60
Dinajpur,2010,3,62.45,B60
Dinajpur,2010,4,75.03,B60
Dinajpur,2010,5,76.94,B60
Dinajpur,2010,6,83.4,B60
Dinajpur,2010,7,82.84,B60
Dinajpur,2010,8,83.68,B60
Dinajpur,2010,9,84.07,B60
Dinajpur,2010,10,82,B60
Dinajpur,2010,11,78.23,B60
Dinajpur,2010,12,75.32,B60
Dinajpur,2011,1,81.32,B60
Dinajpur,2011,2,71.71,B60
Dinajpur,2011,3,67.77,B60
Dinajpur,2011,4,73.8,B60
Dinajpur,2011,5,79.87,B60
Dinajpur,2011,6,82.17,B60
Dinajpur,2011,7,83.32,B60
Dinajpur,2011,8,84.1,B60
Dinajpur,2011,9,83.73,B60
Dinajpur,2011,10,80.03,B60
Dinajpur,2011,11,77.3,B60
Dinajpur,2011,12,82.48,B60
Dinajpur,2012,1,79.23,B60
Dinajpur,2012,2,67.28,B60
Dinajpur,2012,3,62.39,B60
Dinajpur,2012,4,67.67,B60
Dinajpur,2012,5,72.74,B60
Dinajpur,2012,6,82.1,B60
Dinajpur,2012,7,83.45,B60
Dinajpur,2012,8,81.42,B60
Dinajpur,2012,9,84,B60
Dinajpur,2012,10,80.55,B60
Dinajpur,2012,11,75.37,B60
Dinajpur,2012,12,84.97,B60
Dinajpur,2013,1,78.13,B60
Dinajpur,2013,2,69.64,B60
Dinajpur,2013,3,64.29,B60
Dinajpur,2013,4,69.2,B60
Dinajpur,2013,5,80.97,B60
Dinajpur,2013,6,81.2,B60
Dinajpur,2013,7,82.13,B60
Dinajpur,2013,8,85.06,B60
Dinajpur,2013,9,81.73,B60
Dinajpur,2013,10,85.23,B60
Dinajpur,2013,11,77.97,B60
Dinajpur,2013,12,81.16,B60
Dinajpur,2014,1,84.16,B60
Dinajpur,2014,2,76,B60
Dinajpur,2014,3,64.71,B60
Dinajpur,2014,4,62.33,B60
Dinajpur,2014,5,72.26,B60
Dinajpur,2014,6,82.93,B60
Dinajpur,2014,7,82.48,B60
Dinajpur,2014,8,84.97,B60
Dinajpur,2014,9,85.83,B60
Dinajpur,2014,10,82.16,B60
Dinajpur,2014,11,78.33,B60
Dinajpur,2014,12,83.97,B60
Dinajpur,2015,1,83.35,B60
Dinajpur,2015,2,74.89,B60
Dinajpur,2015,3,66.19,B60
Dinajpur,2015,4,74.6,B60
Dinajpur,2015,5,78.32,B60
Dinajpur,2015,6,81.9,B60
Dinajpur,2015,7,81.81,B60
Dinajpur,2015,8,86.16,B60
Dinajpur,2015,9,83.63,B60
Dinajpur,2015,10,79.39,B60
Dinajpur,2015,11,78.4,B60
Dinajpur,2015,12,81.65,B60
Dinajpur,2016,1,80.97,B60
Dinajpur,2016,2,72.86,B60
Dinajpur,2016,3,66.1,B60
Dinajpur,2016,4,68.37,B60
Dinajpur,2016,5,77.71,B60
Dinajpur,2016,6,79.73,B60
Dinajpur,2016,7,85.81,B60
Dinajpur,2016,8,79.42,B60
Dinajpur,2016,9,86.63,B60
Dinajpur,2016,10,82.39,B60
Dinajpur,2016,11,77.23,B60
Dinajpur,2016,12,83.19,B60
Dinajpur,2017,1,79.65,B60
Dinajpur,2017,2,72.29,B60
Dinajpur,2017,3,72.9,B60
Dinajpur,2017,4,77.6,B60
Dinajpur,2017,5,79.61,B60
Dinajpur,2017,6,80.17,B60
Dinajpur,2017,7,84.61,B60
Dinajpur,2017,8,84.81,B60
Dinajpur,2017,9,84.2,B60
Dinajpur,2017,10,85.1,B60
Dinajpur,2017,11,78.3,B60
Dinajpur,2017,12,81.23,B60
Dinajpur,2018,1,84.52,B60
Dinajpur,2018,2,72.75,B60
Dinajpur,2018,3,68.68,B60
Dinajpur,2018,4,76.9,B60
Dinajpur,2018,5,79.03,B60
Dinajpur,2018,6,79.47,B60
Dinajpur,2018,7,81.26,B60
Dinajpur,2018,8,81.65,B60
Dinajpur,2018,9,81.73,B60
Dinajpur,2018,10,80.29,B60
Dinajpur,2018,11,76.63,B60
Dinajpur,2018,12,76.87,B60
Dinajpur,2019,1,72.42,B60
Dinajpur,2019,2,73.21,B60
Dinajpur,2019,3,63.77,B60
Dinajpur,2019,4,75.4,B60
Dinajpur,2019,5,77.16,B60
Dinajpur,2019,6,79.93,B60
Dinajpur,2019,7,83.48,B60
Dinajpur,2019,8,81.06,B60
Dinajpur,2019,9,86.8,B60
Dinajpur,2019,10,83.94,B60
Dinajpur,2019,11,79.7,B60
Dinajpur,2019,12,82.45,B60
Dinajpur,2020,1,82.84,B60
Dinajpur,2020,2,74.07,B60
Dinajpur,2020,3,70.9,B60
Dinajpur,2020,4,73.27,B60
Dinajpur,2020,5,82,B60
Dinajpur,2020,6,84.03,B60
Dinajpur,2020,7,87.26,B60
Dinajpur,2020,8,81.35,B60
Dinajpur,2020,9,88.23,B60
Dinajpur,2020,10,81.16,B60
Dinajpur,2020,11,75.43,B60
Dinajpur,2020,12,86.02,B60
Dinajpur,2021,1,84.39,B60
Dinajpur,2021,2,69.36,B60
Dinajpur,2021,3,54.4,B60
Dinajpur,2021,4,62.35,B60
Dinajpur,2021,5,72.87,B60
Dinajpur,2021,6,77.98,B60
Dinajpur,2021,7,82.75,B60
Dinajpur,2021,8,86.84,B60
Dinajpur,2021,9,82.02,B60
Dinajpur,2021,10,83.95,B60
Dinajpur,2021,11,78.14,B60
Dinajpur,2021,12,77.29,B60
Dinajpur,2023,1,82.61,B60
Dinajpur,2023,2,70.66,B60
Dinajpur,2023,3,62.19,B60
Dinajpur,2023,4,57.68,B60
Dinajpur,2023,5,59.31,B60
Dinajpur,2023,6,68.65,B60
Dinajpur,2023,7,76.97,B60
Dinajpur,2023,8,80.56,B60
Dinajpur,2023,9,80.23,B60
Dinajpur,2023,10,80.39,B60
Dinajpur,2023,11,75.23,B60
Dinajpur,2023,12,82.4,B60
Dinajpur,2022,1,84,B60
Dinajpur,2022,2,76,B60
Dinajpur,2022,3,69.1,B60
Dinajpur,2022,4,79.13,B60
Dinajpur,2022,5,79.58,B60
Dinajpur,2022,6,83.53,B60
Dinajpur,2022,7,78.06,B60
Dinajpur,2022,8,80.77,B60
Dinajpur,2022,9,84.43,B60
Dinajpur,2022,10,79.65,B60
Dinajpur,2022,11,76.43,B60
Dinajpur,2022,12,78.94,B60
Faridpur,1948,1,91.1,B60
Faridpur,1948,2,78.48,B60
Faridpur,1948,3,74.71,B60
Faridpur,1948,4,76.8,B60
Faridpur,1948,5,79.03,B60
Faridpur,1948,6,82.27,B60
Faridpur,1948,7,85.45,B60
Faridpur,1948,8,84.29,B60
Faridpur,1948,9,83.33,B60
Faridpur,1948,10,79.32,B60
Faridpur,1948,11,80.53,B60
Faridpur,1948,12,78.61,B60
Faridpur,1949,1,75.23,B60
Faridpur,1949,2,68.46,B60
Faridpur,1949,3,72.16,B60
Faridpur,1949,4,83.03,B60
Faridpur,1949,5,83.81,B60
Faridpur,1949,6,88.47,B60
Faridpur,1949,7,88.52,B60
Faridpur,1949,8,87.39,B60
Faridpur,1949,9,85.33,B60
Faridpur,1949,10,84.29,B60
Faridpur,1949,11,78.17,B60
Faridpur,1949,12,81,B60
Faridpur,1950,1,79.74,B60
Faridpur,1950,2,74.43,B60
Faridpur,1950,3,66.03,B60
Faridpur,1950,4,70.5,B60
Faridpur,1950,5,82.9,B60
Faridpur,1950,6,87.67,B60
Faridpur,1950,7,88.26,B60
Faridpur,1950,8,88.48,B60
Faridpur,1950,9,84.37,B60
Faridpur,1950,10,86.1,B60
Faridpur,1950,11,80.3,B60
Faridpur,1950,12,79.23,B60
Faridpur,1951,1,77.87,B60
Faridpur,1951,2,80.29,B60
Faridpur,1951,3,71.87,B60
Faridpur,1951,4,69.17,B60
Faridpur,1951,5,77.23,B60
Faridpur,1951,6,86.43,B60
Faridpur,1951,7,88.45,B60
Faridpur,1951,8,87.55,B60
Faridpur,1951,9,86.27,B60
Faridpur,1951,10,86.71,B60
Faridpur,1951,11,82.43,B60
Faridpur,1951,12,80.52,B60
Faridpur,1952,1,81.29,B60
Faridpur,1952,2,71.79,B60
Faridpur,1952,3,68.74,B60
Faridpur,1952,4,77.07,B60
Faridpur,1952,5,82.9,B60
Faridpur,1952,6,86.7,B60
Faridpur,1952,7,88.42,B60
Faridpur,1952,8,86.94,B60
Faridpur,1952,9,85.97,B60
Faridpur,1952,10,83.23,B60
Faridpur,1952,11,80.93,B60
Faridpur,1952,12,77.06,B60
Faridpur,1953,1,77.87,B60
Faridpur,1953,2,73.43,B60
Faridpur,1953,3,78.26,B60
Faridpur,1953,4,67.53,B60
Faridpur,1953,5,80.61,B60
Faridpur,1953,6,86.77,B60
Faridpur,1953,7,88.65,B60
Faridpur,1953,8,85.61,B60
Faridpur,1953,9,86.73,B60
Faridpur,1953,10,81.06,B60
Faridpur,1953,11,80.4,B60
Faridpur,1953,12,81.1,B60
Faridpur,1954,1,77.97,B60
Faridpur,1954,2,74.61,B60
Faridpur,1954,3,61.84,B60
Faridpur,1954,4,75.53,B60
Faridpur,1954,5,79.61,B60
Faridpur,1954,6,91.33,B60
Faridpur,1954,7,86.45,B60
Faridpur,1954,8,84.03,B60
Faridpur,1954,9,84.03,B60
Faridpur,1954,10,80.52,B60
Faridpur,1954,11,77.1,B60
Faridpur,1954,12,78.29,B60
Faridpur,1955,1,78.35,B60
Faridpur,1955,2,64.18,B60
Faridpur,1955,3,66.26,B60
Faridpur,1955,4,67.77,B60
Faridpur,1955,5,75.45,B60
Faridpur,1955,6,84.4,B60
Faridpur,1955,7,89.13,B60
Faridpur,1955,8,85.65,B60
Faridpur,1955,9,84.37,B60
Faridpur,1955,10,82.52,B60
Faridpur,1955,11,82.1,B60
Faridpur,1955,12,79.52,B60
Faridpur,1956,1,75.71,B60
Faridpur,1956,2,67.48,B60
Faridpur,1956,3,69.19,B60
Faridpur,1956,4,64.37,B60
Faridpur,1956,5,81.58,B60
Faridpur,1956,6,89.4,B60
Faridpur,1956,7,86.19,B60
Faridpur,1956,8,87.13,B60
Faridpur,1956,9,85.7,B60
Faridpur,1956,10,82.71,B60
Faridpur,1956,11,80.23,B60
Faridpur,1956,12,78.39,B60
Faridpur,1957,1,84.58,B60
Faridpur,1957,2,75.93,B60
Faridpur,1957,3,58.06,B60
Faridpur,1957,4,58.17,B60
Faridpur,1957,5,75.26,B60
Faridpur,1957,6,85,B60
Faridpur,1957,7,87.26,B60
Faridpur,1957,8,85.42,B60
Faridpur,1957,9,86.6,B60
Faridpur,1957,10,82.65,B60
Faridpur,1957,11,74.83,B60
Faridpur,1957,12,78.06,B60
Faridpur,1958,1,75.1,B60
Faridpur,1958,2,73.43,B60
Faridpur,1958,3,55.39,B60
Faridpur,1958,4,75.37,B60
Faridpur,1958,5,80.48,B60
Faridpur,1958,6,85.67,B60
Faridpur,1958,7,87.03,B60
Faridpur,1958,8,86.74,B60
Faridpur,1958,9,86.67,B60
Faridpur,1958,10,83.84,B60
Faridpur,1958,11,78.53,B60
Faridpur,1958,12,78.74,B60
Faridpur,1959,1,79.16,B60
Faridpur,1959,2,73.96,B60
Faridpur,1959,3,65.39,B60
Faridpur,1959,4,70.77,B60
Faridpur,1959,5,80.06,B60
Faridpur,1959,6,84.83,B60
Faridpur,1959,7,88.87,B60
Faridpur,1959,8,86.29,B60
Faridpur,1959,9,88.83,B60
Faridpur,1959,10,88.1,B60
Faridpur,1959,11,77.93,B60
Faridpur,1959,12,77.65,B60
Faridpur,1960,1,71.77,B60
Faridpur,1960,2,64.45,B60
Faridpur,1960,3,65.61,B60
Faridpur,1960,4,55.1,B60
Faridpur,1960,5,73.29,B60
Faridpur,1960,6,85.27,B60
Faridpur,1960,7,87.16,B60
Faridpur,1960,8,86.48,B60
Faridpur,1960,9,87.2,B60
Faridpur,1960,10,81.74,B60
Faridpur,1960,11,80.27,B60
Faridpur,1960,12,80.65,B60
Faridpur,1961,1,76.68,B60
Faridpur,1961,2,71.18,B60
Faridpur,1961,3,69.29,B60
Faridpur,1961,4,70.2,B60
Faridpur,1961,5,81.55,B60
Faridpur,1961,6,87.9,B60
Faridpur,1961,7,83.23,B60
Faridpur,1961,8,87.19,B60
Faridpur,1961,9,86.27,B60
Faridpur,1961,10,84.16,B60
Faridpur,1961,11,77.7,B60
Faridpur,1961,12,77.71,B60
Faridpur,1962,1,72.84,B60
Faridpur,1962,2,72.5,B60
Faridpur,1962,3,51.55,B60
Faridpur,1962,4,67.7,B60
Faridpur,1962,5,79.65,B60
Faridpur,1962,6,87.4,B60
Faridpur,1962,7,86.65,B60
Faridpur,1962,8,86.42,B60
Faridpur,1962,9,85.63,B60
Faridpur,1962,10,78.45,B60
Faridpur,1962,11,75.67,B60
Faridpur,1962,12,75.55,B60
Faridpur,1963,1,72.68,B60
Faridpur,1963,2,63.93,B60
Faridpur,1963,3,61.81,B60
Faridpur,1963,4,73.8,B60
Faridpur,1963,5,82.1,B60
Faridpur,1963,6,86.9,B60
Faridpur,1963,7,87.48,B60
Faridpur,1963,8,86.06,B60
Faridpur,1963,9,83.67,B60
Faridpur,1963,10,82.97,B60
Faridpur,1963,11,77.87,B60
Faridpur,1963,12,75.58,B60
Faridpur,1964,1,71.97,B60
Faridpur,1964,2,69,B60
Faridpur,1964,3,63.16,B60
Faridpur,1964,4,75.6,B60
Faridpur,1964,5,76.03,B60
Faridpur,1964,6,85.1,B60
Faridpur,1964,7,89.1,B60
Faridpur,1964,8,85.74,B60
Faridpur,1964,9,84.6,B60
Faridpur,1964,10,85.77,B60
Faridpur,1964,11,79.6,B60
Faridpur,1964,12,76.77,B60
Faridpur,1965,1,73.87,B60
Faridpur,1965,2,73.07,B60
Faridpur,1965,3,61.84,B60
Faridpur,1965,4,66.97,B60
Faridpur,1965,5,79.9,B60
Faridpur,1965,6,88.2,B60
Faridpur,1965,7,88.23,B60
Faridpur,1965,9,86.67,B60
Faridpur,1965,10,79.87,B60
Faridpur,1965,11,78.8,B60
Faridpur,1965,12,76.9,B60
Faridpur,1966,1,81.19,B60
Faridpur,1966,2,61.54,B60
Faridpur,1966,3,56.64,B60
Faridpur,1966,4,61.1,B60
Faridpur,1966,5,68.58,B60
Faridpur,1966,6,83.97,B60
Faridpur,1966,7,85.06,B60
Faridpur,1966,8,86.29,B60
Faridpur,1966,9,84.97,B60
Faridpur,1966,10,82.48,B60
Faridpur,1966,11,79.93,B60
Faridpur,1966,12,78.39,B60
Faridpur,1967,1,72.35,B60
Faridpur,1967,2,67.71,B60
Faridpur,1967,3,67.26,B60
Faridpur,1967,4,57.03,B60
Faridpur,1967,5,68.55,B60
Faridpur,1967,6,83.3,B60
Faridpur,1967,7,87.29,B60
Faridpur,1967,8,87.03,B60
Faridpur,1967,9,87,B60
Faridpur,1967,10,80.26,B60
Faridpur,1967,11,72.73,B60
Faridpur,1967,12,77.52,B60
Faridpur,1968,1,73.71,B60
Faridpur,1968,2,66.43,B60
Faridpur,1968,3,62.74,B60
Faridpur,1968,4,68.87,B60
Faridpur,1968,5,72.42,B60
Faridpur,1968,6,87.93,B60
Faridpur,1968,7,86.06,B60
Faridpur,1968,8,84.74,B60
Faridpur,1968,9,84.03,B60
Faridpur,1968,10,82.1,B60
Faridpur,1968,11,80.37,B60
Faridpur,1968,12,78.42,B60
Faridpur,1969,1,72.74,B60
Faridpur,1969,2,68.96,B60
Faridpur,1969,3,68.58,B60
Faridpur,1969,4,65.93,B60
Faridpur,1969,5,72.1,B60
Faridpur,1969,6,85.63,B60
Faridpur,1969,7,86.58,B60
Faridpur,1969,8,88.61,B60
Faridpur,1969,9,84.07,B60
Faridpur,1969,10,79.84,B60
Faridpur,1969,11,77.63,B60
Faridpur,1969,12,77.58,B60
Faridpur,1970,1,76.19,B60
Faridpur,1970,2,68.07,B60
Faridpur,1970,3,62.81,B60
Faridpur,1970,4,66.97,B60
Faridpur,1970,5,72.1,B60
Faridpur,1970,6,85.8,B60
Faridpur,1970,7,88.87,B60
Faridpur,1970,8,85.94,B60
Faridpur,1970,9,87.33,B60
Faridpur,1970,10,84.23,B60
Faridpur,1970,11,77.97,B60
Faridpur,1970,12,76.03,B60
Faridpur,1971,1,74.9,B60
Faridpur,1971,2,66.89,B60
Faridpur,1971,7,87.16,B60
Faridpur,1971,8,88.55,B60
Faridpur,1971,9,83.7,B60
Faridpur,1971,10,83.65,B60
Faridpur,1971,11,81.03,B60
Faridpur,1971,12,82.89,B60
Faridpur,1972,1,71.58,B60
Faridpur,1972,2,68.76,B60
Faridpur,1972,3,61.77,B60
Faridpur,1972,4,69.77,B60
Faridpur,1972,5,76.61,B60
Faridpur,1972,6,84.07,B60
Faridpur,1972,7,84.71,B60
Faridpur,1972,8,86.48,B60
Faridpur,1972,9,84.53,B60
Faridpur,1972,10,79.58,B60
Faridpur,1972,11,75.07,B60
Faridpur,1972,12,72.35,B60
Faridpur,1973,2,66.21,B60
Faridpur,1973,3,64.68,B60
Faridpur,1973,4,71,B60
Faridpur,1973,5,83.23,B60
Faridpur,1973,6,85.23,B60
Faridpur,1973,7,85.77,B60
Faridpur,1973,8,86.23,B60
Faridpur,1973,9,86.93,B60
Faridpur,1973,10,84.71,B60
Faridpur,1973,11,83.43,B60
Faridpur,1973,12,77.97,B60
Faridpur,1974,1,75.29,B60
Faridpur,1974,2,60.39,B60
Faridpur,1974,3,63.87,B60
Faridpur,1974,4,76.63,B60
Faridpur,1974,5,81.52,B60
Faridpur,1974,6,86.17,B60
Faridpur,1974,7,92.32,B60
Faridpur,1974,8,90.52,B60
Faridpur,1974,9,90.97,B60
Faridpur,1974,10,85.48,B60
Faridpur,1974,11,80.07,B60
Faridpur,1974,12,74.97,B60
Faridpur,1975,1,77.61,B60
Faridpur,1975,2,72.04,B60
Faridpur,1975,3,68.58,B60
Faridpur,1975,4,69.3,B60
Faridpur,1975,5,83.19,B60
Faridpur,1975,6,87.22,B60
Faridpur,1975,7,90.71,B60
Faridpur,1975,8,83.23,B60
Faridpur,1975,9,84.6,B60
Faridpur,1975,10,84.61,B60
Faridpur,1975,11,76.4,B60
Faridpur,1975,12,71.42,B60
Faridpur,1976,1,65.68,B60
Faridpur,1976,2,62.93,B60
Faridpur,1976,3,54.13,B60
Faridpur,1976,4,57.4,B60
Faridpur,1976,5,75.45,B60
Faridpur,1976,6,93.33,B60
Faridpur,1976,9,89.47,B60
Faridpur,1976,10,75,B60
Faridpur,1976,11,70.67,B60
Faridpur,1976,12,77.13,B60
Faridpur,1977,1,70.1,B60
Faridpur,1977,2,68.82,B60
Faridpur,1977,3,63.9,B60
Faridpur,1977,4,80.3,B60
Faridpur,1977,5,81.32,B60
Faridpur,1977,6,88.17,B60
Faridpur,1977,7,87.58,B60
Faridpur,1977,8,83.61,B60
Faridpur,1977,9,82.13,B60
Faridpur,1977,10,79.29,B60
Faridpur,1977,11,79.53,B60
Faridpur,1977,12,75.16,B60
Faridpur,1978,1,67.52,B60
Faridpur,1978,2,62.79,B60
Faridpur,1978,3,54.42,B60
Faridpur,1978,4,72.9,B60
Faridpur,1978,5,81.74,B60
Faridpur,1978,6,86.7,B60
Faridpur,1978,8,83.48,B60
Faridpur,1978,9,86.03,B60
Faridpur,1978,10,79.52,B60
Faridpur,1978,11,75.67,B60
Faridpur,1978,12,71.74,B60
Faridpur,1979,1,71.97,B60
Faridpur,1979,2,67.68,B60
Faridpur,1979,3,57.97,B60
Faridpur,1979,4,67.9,B60
Faridpur,1979,5,70.13,B60
Faridpur,1979,6,83.23,B60
Faridpur,1979,7,86.74,B60
Faridpur,1979,8,86,B60
Faridpur,1979,9,83.9,B60
Faridpur,1979,10,79.35,B60
Faridpur,1979,11,76.53,B60
Faridpur,1979,12,78.71,B60
Faridpur,1980,1,71.45,B60
Faridpur,1980,2,70.14,B60
Faridpur,1980,3,65.55,B60
Faridpur,1980,4,69.9,B60
Faridpur,1980,5,82.32,B60
Faridpur,1980,6,87.83,B60
Faridpur,1980,7,87.29,B60
Faridpur,1980,8,84.97,B60
Faridpur,1980,9,83.87,B60
Faridpur,1980,10,83.77,B60
Faridpur,1980,11,74.4,B60
Faridpur,1980,12,75.45,B60
Faridpur,1981,1,74.19,B60
Faridpur,1981,2,73.5,B60
Faridpur,1981,3,69.81,B60
Faridpur,1981,4,78.43,B60
Faridpur,1981,5,81.77,B60
Faridpur,1981,6,84.4,B60
Faridpur,1981,7,88.54,B60
Faridpur,1981,8,85,B60
Faridpur,1981,9,85.67,B60
Faridpur,1981,10,74.61,B60
Faridpur,1981,11,72.27,B60
Faridpur,1981,12,74.9,B60
Faridpur,1982,1,72.16,B60
Faridpur,1982,2,66.82,B60
Faridpur,1982,3,65.03,B60
Faridpur,1982,4,73.53,B60
Faridpur,1982,5,76.61,B60
Faridpur,1982,6,86.13,B60
Faridpur,1982,7,85.13,B60
Faridpur,1982,8,87.16,B60
Faridpur,1982,9,84,B60
Faridpur,1982,10,76.9,B60
Faridpur,1982,11,76.1,B60
Faridpur,1982,12,73.13,B60
Faridpur,1983,1,73.26,B60
Faridpur,1983,2,66.43,B60
Faridpur,1983,3,68.71,B60
Faridpur,1983,4,66.9,B60
Faridpur,1983,5,80.29,B60
Faridpur,1983,6,82.8,B60
Faridpur,1983,7,86.42,B60
Faridpur,1983,8,86.55,B60
Faridpur,1983,9,86.23,B60
Faridpur,1983,10,82.26,B60
Faridpur,1983,11,74.4,B60
Faridpur,1983,12,75.77,B60
Faridpur,1984,1,74.65,B60
Faridpur,1984,2,67.34,B60
Faridpur,1984,3,59.9,B60
Faridpur,1984,4,68.03,B60
Faridpur,1984,5,82.81,B60
Faridpur,1984,6,86.33,B60
Faridpur,1984,7,86.03,B60
Faridpur,1984,8,85.06,B60
Faridpur,1984,9,82.47,B60
Faridpur,1984,10,81.42,B60
Faridpur,1984,11,73.97,B60
Faridpur,1984,12,75.84,B60
Faridpur,1985,1,75.71,B60
Faridpur,1985,2,64.75,B60
Faridpur,1985,3,67.71,B60
Faridpur,1985,4,73.1,B60
Faridpur,1985,5,81.13,B60
Faridpur,1985,6,86.8,B60
Faridpur,1985,7,87.55,B60
Faridpur,1985,8,85.16,B60
Faridpur,1985,9,85.53,B60
Faridpur,1985,10,79.06,B60
Faridpur,1985,11,76.2,B60
Faridpur,1985,12,75.81,B60
Faridpur,1986,1,76.81,B60
Faridpur,1986,2,67.36,B60
Faridpur,1986,3,55.58,B60
Faridpur,1986,4,76.33,B60
Faridpur,1986,5,78.87,B60
Faridpur,1986,6,84.83,B60
Faridpur,1986,7,87.39,B60
Faridpur,1986,8,83.65,B60
Faridpur,1986,9,87,B60
Faridpur,1986,10,83.23,B60
Faridpur,1986,11,80.7,B60
Faridpur,1986,12,78.06,B60
Faridpur,1987,1,76.16,B60
Faridpur,1987,2,71,B60
Faridpur,1987,3,66.77,B60
Faridpur,1987,4,69.87,B60
Faridpur,1987,5,75.23,B60
Faridpur,1987,6,85.8,B60
Faridpur,1987,7,90.23,B60
Faridpur,1987,8,85.48,B60
Faridpur,1987,9,83.8,B60
Faridpur,1987,10,79.35,B60
Faridpur,1987,11,79.63,B60
Faridpur,1987,12,81.16,B60
Faridpur,1988,1,76.58,B60
Faridpur,1988,2,73.1,B60
Faridpur,1988,3,71.97,B60
Faridpur,1988,4,73.17,B60
Faridpur,1988,5,83.19,B60
Faridpur,1988,6,86.5,B60
Faridpur,1988,7,86.42,B60
Faridpur,1988,8,85.84,B60
Faridpur,1988,9,81.97,B60
Faridpur,1988,10,80.13,B60
Faridpur,1988,11,80.67,B60
Faridpur,1988,12,82.77,B60
Faridpur,1989,1,74.35,B60
Faridpur,1989,2,67.36,B60
Faridpur,1989,3,62.77,B60
Faridpur,1989,4,71.47,B60
Faridpur,1989,5,80.81,B60
Faridpur,1989,6,84.5,B60
Faridpur,1989,7,87.35,B60
Faridpur,1989,8,83.77,B60
Faridpur,1989,9,87,B60
Faridpur,1989,10,84.58,B60
Faridpur,1989,11,78.6,B60
Faridpur,1989,12,78.39,B60
Faridpur,1990,1,79.52,B60
Faridpur,1990,2,75.14,B60
Faridpur,1990,3,77.1,B60
Faridpur,1990,4,80.1,B60
Faridpur,1990,5,82.68,B60
Faridpur,1990,6,87.33,B60
Faridpur,1990,7,88.68,B60
Faridpur,1990,8,84.19,B60
Faridpur,1990,9,85.37,B60
Faridpur,1990,10,81.48,B60
Faridpur,1990,11,78.07,B60
Faridpur,1990,12,78.23,B60
Faridpur,1991,1,77.13,B60
Faridpur,1991,2,73.29,B60
Faridpur,1991,3,70.81,B60
Faridpur,1991,4,74.37,B60
Faridpur,1991,5,84.45,B60
Faridpur,1991,6,88.13,B60
Faridpur,1991,7,87.74,B60
Faridpur,1991,8,86.23,B60
Faridpur,1991,9,88.2,B60
Faridpur,1991,10,84.94,B60
Faridpur,1991,11,79.03,B60
Faridpur,1991,12,81.32,B60
Faridpur,1992,1,81.9,B60
Faridpur,1992,2,76.07,B60
Faridpur,1992,3,63.23,B60
Faridpur,1992,4,65.07,B60
Faridpur,1992,5,77.42,B60
Faridpur,1992,6,83.37,B60
Faridpur,1992,7,86.65,B60
Faridpur,1992,8,85.61,B60
Faridpur,1992,9,84.97,B60
Faridpur,1992,10,82.55,B60
Faridpur,1992,11,76.83,B60
Faridpur,1992,12,76.94,B60
Faridpur,1993,1,77.87,B60
Faridpur,1993,2,73.61,B60
Faridpur,1993,3,66.06,B60
Faridpur,1993,4,73.43,B60
Faridpur,1993,5,82.84,B60
Faridpur,1993,6,85.5,B60
Faridpur,1993,7,86.94,B60
Faridpur,1993,8,88,B60
Faridpur,1993,9,86.17,B60
Faridpur,1993,10,83.65,B60
Faridpur,1993,11,80.03,B60
Faridpur,1993,12,76.58,B60
Faridpur,1994,1,78.52,B60
Faridpur,1994,2,76.07,B60
Faridpur,1994,3,70.55,B60
Faridpur,1994,4,71.8,B60
Faridpur,1994,5,79.23,B60
Faridpur,1994,6,87.37,B60
Faridpur,1994,7,85.65,B60
Faridpur,1994,8,85.77,B60
Faridpur,1994,9,81.63,B60
Faridpur,1994,10,79.23,B60
Faridpur,1994,11,77.47,B60
Faridpur,1994,12,75.71,B60
Faridpur,1995,1,74.65,B60
Faridpur,1995,2,75.25,B60
Faridpur,1995,3,60.84,B60
Faridpur,1995,4,64.87,B60
Faridpur,1995,5,79.61,B60
Faridpur,1995,6,85.77,B60
Faridpur,1995,7,87.55,B60
Faridpur,1995,8,86.58,B60
Faridpur,1995,9,86.87,B60
Faridpur,1995,10,82.35,B60
Faridpur,1995,11,80.07,B60
Faridpur,1995,12,78.58,B60
Faridpur,1996,1,77.45,B60
Faridpur,1996,2,73.48,B60
Faridpur,1996,3,68.87,B60
Faridpur,1996,4,67.97,B60
Faridpur,1996,5,79.9,B60
Faridpur,1996,6,85.83,B60
Faridpur,1996,7,88,B60
Faridpur,1996,8,88.52,B60
Faridpur,1996,9,84.17,B60
Faridpur,1996,10,80.55,B60
Faridpur,1996,11,78.67,B60
Faridpur,1996,12,74.58,B60
Faridpur,1997,1,74.65,B60
Faridpur,1997,2,71.07,B60
Faridpur,1997,3,70.52,B60
Faridpur,1997,4,75,B60
Faridpur,1997,5,76.61,B60
Faridpur,1997,6,84.37,B60
Faridpur,1997,7,87.81,B60
Faridpur,1997,8,85.84,B60
Faridpur,1997,9,86.97,B60
Faridpur,1997,10,79.45,B60
Faridpur,1997,11,79.07,B60
Faridpur,1997,12,82.84,B60
Faridpur,1998,1,83.35,B60
Faridpur,1998,2,76.54,B60
Faridpur,1998,3,73.13,B60
Faridpur,1998,4,77.07,B60
Faridpur,1998,5,80.42,B60
Faridpur,1998,6,84.9,B60
Faridpur,1998,7,88.39,B60
Faridpur,1998,8,86.23,B60
Faridpur,1998,9,84.73,B60
Faridpur,1998,10,82.48,B60
Faridpur,1998,11,79.63,B60
Faridpur,1998,12,77.65,B60
Faridpur,1999,1,75.87,B60
Faridpur,1999,2,69.32,B60
Faridpur,1999,3,63.48,B60
Faridpur,1999,4,74.43,B60
Faridpur,1999,5,81.06,B60
Faridpur,1999,6,84.93,B60
Faridpur,1999,7,88.23,B60
Faridpur,1999,8,87,B60
Faridpur,1999,9,86.9,B60
Faridpur,1999,10,84.1,B60
Faridpur,1999,11,76.93,B60
Faridpur,1999,12,77.58,B60
Faridpur,2000,1,78.55,B60
Faridpur,2000,2,71.66,B60
Faridpur,2000,3,69.52,B60
Faridpur,2000,4,76.8,B60
Faridpur,2000,5,80.52,B60
Faridpur,2000,6,84.33,B60
Faridpur,2000,7,85.39,B60
Faridpur,2000,8,85.94,B60
Faridpur,2000,9,86.63,B60
Faridpur,2000,10,84.39,B60
Faridpur,2000,11,77.83,B60
Faridpur,2000,12,75.52,B60
Faridpur,2001,1,74,B60
Faridpur,2001,2,71.71,B60
Faridpur,2001,3,64.06,B60
Faridpur,2001,4,70.03,B60
Faridpur,2001,5,81.35,B60
Faridpur,2001,6,87.63,B60
Faridpur,2001,7,86.13,B60
Faridpur,2001,8,83.19,B60
Faridpur,2001,9,84.73,B60
Faridpur,2001,10,84.39,B60
Faridpur,2001,11,82.13,B60
Faridpur,2001,12,81.52,B60
Faridpur,2002,1,77.29,B60
Faridpur,2002,2,70.5,B60
Faridpur,2002,3,69.29,B60
Faridpur,2002,4,75.4,B60
Faridpur,2002,5,81.74,B60
Faridpur,2002,6,86.9,B60
Faridpur,2002,7,87.48,B60
Faridpur,2002,8,86.35,B60
Faridpur,2002,9,84.53,B60
Faridpur,2002,10,80.39,B60
Faridpur,2002,11,80.27,B60
Faridpur,2002,12,80.42,B60
Faridpur,2003,1,81.1,B60
Faridpur,2003,2,74.68,B60
Faridpur,2003,3,72.16,B60
Faridpur,2003,4,76.6,B60
Faridpur,2003,5,77.06,B60
Faridpur,2003,6,85.27,B60
Faridpur,2003,7,84.94,B60
Faridpur,2003,8,83.71,B60
Faridpur,2003,9,86.5,B60
Faridpur,2003,10,85.23,B60
Faridpur,2003,11,75.87,B60
Faridpur,2003,12,79.74,B60
Faridpur,2004,1,80.77,B60
Faridpur,2004,2,69.17,B60
Faridpur,2004,3,67.74,B60
Faridpur,2004,4,75.4,B60
Faridpur,2004,5,72.1,B60
Faridpur,2004,6,85.2,B60
Faridpur,2004,7,84.1,B60
Faridpur,2004,8,83.84,B60
Faridpur,2004,9,87.6,B60
Faridpur,2004,10,82.26,B60
Faridpur,2004,11,77.07,B60
Faridpur,2004,12,77.77,B60
Faridpur,2005,1,77.19,B60
Faridpur,2005,2,71.18,B60
Faridpur,2005,3,71.03,B60
Faridpur,2005,4,70.53,B60
Faridpur,2005,5,76.45,B60
Faridpur,2005,6,82.63,B60
Faridpur,2005,7,87.03,B60
Faridpur,2005,8,87.45,B60
Faridpur,2005,9,84.27,B60
Faridpur,2005,10,85.42,B60
Faridpur,2005,11,79.5,B60
Faridpur,2005,12,76.81,B60
Faridpur,2006,1,76.35,B60
Faridpur,2006,2,73.5,B60
Faridpur,2006,3,62.16,B60
Faridpur,2006,4,73.37,B60
Faridpur,2006,5,77.9,B60
Faridpur,2006,6,85.47,B60
Faridpur,2006,7,85.23,B60
Faridpur,2006,8,83.45,B60
Faridpur,2006,9,85.03,B60
Faridpur,2006,10,81.23,B60
Faridpur,2006,11,77.57,B60
Faridpur,2006,12,77.74,B60
Faridpur,2007,1,76.71,B60
Faridpur,2007,2,78.18,B60
Faridpur,2007,3,63.74,B60
Faridpur,2007,4,72.73,B60
Faridpur,2007,5,74.55,B60
Faridpur,2007,6,84.27,B60
Faridpur,2007,7,87,B60
Faridpur,2007,8,80.94,B60
Faridpur,2007,9,82.73,B60
Faridpur,2007,10,80.55,B60
Faridpur,2007,11,79.87,B60
Faridpur,2007,12,76.77,B60
Faridpur,2008,1,77.58,B60
Faridpur,2008,2,73.59,B60
Faridpur,2008,3,73.03,B60
Faridpur,2008,4,71,B60
Faridpur,2008,5,74.58,B60
Faridpur,2008,6,84.67,B60
Faridpur,2008,7,86.84,B60
Faridpur,2008,8,85.13,B60
Faridpur,2008,9,83.07,B60
Faridpur,2008,10,81.13,B60
Faridpur,2008,11,76.5,B60
Faridpur,2008,12,82.9,B60
Faridpur,2009,1,79.61,B60
Faridpur,2009,2,67.75,B60
Faridpur,2009,3,62.68,B60
Faridpur,2009,4,68.1,B60
Faridpur,2009,5,76.26,B60
Faridpur,2009,6,80.3,B60
Faridpur,2009,7,86.1,B60
Faridpur,2009,8,86.35,B60
Faridpur,2009,9,84,B60
Faridpur,2009,10,79.19,B60
Faridpur,2009,11,75.9,B60
Faridpur,2009,12,78.65,B60
Faridpur,2010,1,78.94,B60
Faridpur,2010,2,68.96,B60
Faridpur,2010,3,66.03,B60
Faridpur,2010,4,71.7,B60
Faridpur,2010,5,77.45,B60
Faridpur,2010,6,85.17,B60
Faridpur,2010,7,84.42,B60
Faridpur,2010,8,83.48,B60
Faridpur,2010,9,85.4,B60
Faridpur,2010,10,81.39,B60
Faridpur,2010,11,77.87,B60
Faridpur,2010,12,77.71,B60
Faridpur,2011,1,78.1,B60
Faridpur,2011,2,68.46,B60
Faridpur,2011,3,67.03,B60
Faridpur,2011,4,72.1,B60
Faridpur,2011,5,79.29,B60
Faridpur,2011,6,85.1,B60
Faridpur,2011,7,83.68,B60
Faridpur,2011,8,86.06,B60
Faridpur,2011,9,83.8,B60
Faridpur,2011,10,78.45,B60
Faridpur,2011,11,77.33,B60
Faridpur,2011,12,82.1,B60
Faridpur,2012,1,76.97,B60
Faridpur,2012,2,66.62,B60
Faridpur,2012,3,64.35,B60
Faridpur,2012,4,71.63,B60
Faridpur,2012,5,76.65,B60
Faridpur,2012,6,81.7,B60
Faridpur,2012,7,85.61,B60
Faridpur,2012,8,84.77,B60
Faridpur,2012,9,84.53,B60
Faridpur,2012,10,79.9,B60
Faridpur,2012,11,77.53,B60
Faridpur,2012,12,83.26,B60
Faridpur,2013,1,76.9,B60
Faridpur,2013,2,69.79,B60
Faridpur,2013,3,65,B60
Faridpur,2013,4,68.37,B60
Faridpur,2013,5,84.03,B60
Faridpur,2013,6,82.47,B60
Faridpur,2013,7,83.61,B60
Faridpur,2013,8,85.65,B60
Faridpur,2013,9,85.43,B60
Faridpur,2013,10,85.42,B60
Faridpur,2013,11,76.2,B60
Faridpur,2013,12,79.68,B60
Faridpur,2014,1,83.29,B60
Faridpur,2014,2,74.86,B60
Faridpur,2014,3,65,B60
Faridpur,2014,4,64.37,B60
Faridpur,2014,5,74.77,B60
Faridpur,2014,6,84.83,B60
Faridpur,2014,7,85.29,B60
Faridpur,2014,8,86.42,B60
Faridpur,2014,9,83.73,B60
Faridpur,2014,10,80.81,B60
Faridpur,2014,11,77.6,B60
Faridpur,2014,12,84.58,B60
Faridpur,2015,1,81.45,B60
Faridpur,2015,2,76.61,B60
Faridpur,2015,3,64.81,B60
Faridpur,2015,4,75.57,B60
Faridpur,2015,5,78.48,B60
Faridpur,2015,6,84.5,B60
Faridpur,2015,7,87.39,B60
Faridpur,2015,8,86.48,B60
Faridpur,2015,9,84.37,B60
Faridpur,2015,10,80.65,B60
Faridpur,2015,11,79.57,B60
Faridpur,2015,12,80.97,B60
Faridpur,2016,1,79.68,B60
Faridpur,2016,2,74.52,B60
Faridpur,2016,3,68.16,B60
Faridpur,2016,4,74.07,B60
Faridpur,2016,5,79.42,B60
Faridpur,2016,6,82.43,B60
Faridpur,2016,7,87.35,B60
Faridpur,2016,8,83.35,B60
Faridpur,2016,9,85.5,B60
Faridpur,2016,10,82.65,B60
Faridpur,2016,11,80.63,B60
Faridpur,2016,12,82.19,B60
Faridpur,2017,1,76.71,B60
Faridpur,2017,2,71,B60
Faridpur,2017,3,72.61,B60
Faridpur,2017,4,75.93,B60
Faridpur,2017,5,79,B60
Faridpur,2017,6,84.77,B60
Faridpur,2017,7,86.97,B60
Faridpur,2017,8,85.03,B60
Faridpur,2017,9,86.07,B60
Faridpur,2017,10,85.16,B60
Faridpur,2017,11,78.8,B60
Faridpur,2017,12,83.94,B60
Faridpur,2018,1,80.29,B60
Faridpur,2018,2,73.39,B60
Faridpur,2018,3,68.29,B60
Faridpur,2018,4,76.8,B60
Faridpur,2018,5,82.29,B60
Faridpur,2018,6,83.7,B60
Faridpur,2018,7,85.68,B60
Faridpur,2018,8,83.45,B60
Faridpur,2018,9,83.3,B60
Faridpur,2018,10,80.32,B60
Faridpur,2018,11,78.07,B60
Faridpur,2018,12,77.1,B60
Faridpur,2019,1,73.55,B60
Faridpur,2019,2,75.46,B60
Faridpur,2019,3,70.16,B60
Faridpur,2019,4,76.03,B60
Faridpur,2019,5,77.9,B60
Faridpur,2019,6,81.87,B60
Faridpur,2019,7,85.23,B60
Faridpur,2019,8,83.58,B60
Faridpur,2019,9,83.47,B60
Faridpur,2019,10,83.97,B60
Faridpur,2019,11,80.9,B60
Faridpur,2019,12,81.74,B60
Faridpur,2020,1,82.19,B60
Faridpur,2020,2,71.45,B60
Faridpur,2020,3,64.06,B60
Faridpur,2020,4,71.87,B60
Faridpur,2020,5,80.19,B60
Faridpur,2020,6,84.3,B60
Faridpur,2020,7,85.42,B60
Faridpur,2020,8,84.13,B60
Faridpur,2020,9,84.6,B60
Faridpur,2020,10,83.16,B60
Faridpur,2020,11,77,B60
Faridpur,2020,12,85.18,B60
Faridpur,2021,1,78.94,B60
Faridpur,2021,2,65.29,B60
Faridpur,2021,3,59.03,B60
Faridpur,2021,4,60.07,B60
Faridpur,2021,5,70.65,B60
Faridpur,2021,6,83.08,B60
Faridpur,2021,7,85,B60
Faridpur,2021,8,86.72,B60
Faridpur,2021,9,83.48,B60
Faridpur,2021,10,81.09,B60
Faridpur,2021,11,77.35,B60
Faridpur,2021,12,80.22,B60
Faridpur,2023,1,81.76,B60
Faridpur,2023,2,66.2,B60
Faridpur,2023,3,64.81,B60
Faridpur,2023,4,57.07,B60
Faridpur,2023,5,69.65,B60
Faridpur,2023,6,79.43,B60
Faridpur,2023,7,78.1,B60
Faridpur,2023,8,83.11,B60
Faridpur,2023,9,82.37,B60
Faridpur,2023,10,78.11,B60
Faridpur,2023,11,72.42,B60
Faridpur,2023,12,81.65,B60
Faridpur,2022,1,78.58,B60
Faridpur,2022,2,72.96,B60
Faridpur,2022,3,64.19,B60
Faridpur,2022,4,75.8,B60
Faridpur,2022,5,79.97,B60
Faridpur,2022,6,83.93,B60
Faridpur,2022,7,81.16,B60
Faridpur,2022,8,82,B60
Faridpur,2022,9,84.57,B60
Faridpur,2022,10,82.16,B60
Faridpur,2022,11,74.97,B60
Faridpur,2022,12,78.68,B60
Feni,1974,1,67.29,B60
Feni,1974,2,58.25,B60
Feni,1974,3,69.74,B60
Feni,1974,4,75.83,B60
Feni,1974,5,78.06,B60
Feni,1974,6,83.77,B60
Feni,1974,7,90.23,B60
Feni,1974,8,84.77,B60
Feni,1974,9,82.5,B60
Feni,1974,10,84.16,B60
Feni,1974,11,75.83,B60
Feni,1974,12,69.23,B60
Feni,1975,1,64.68,B60
Feni,1975,2,63,B60
Feni,1975,3,60.52,B60
Feni,1975,4,71.3,B60
Feni,1975,5,77.61,B60
Feni,1975,6,81.1,B60
Feni,1975,7,87.93,B60
Feni,1975,8,81.87,B60
Feni,1975,9,83.03,B60
Feni,1975,10,84.58,B60
Feni,1975,11,88.27,B60
Feni,1975,12,71.65,B60
Feni,1976,1,71.26,B60
Feni,1976,2,74.9,B60
Feni,1976,3,77.19,B60
Feni,1976,4,77.47,B60
Feni,1976,5,83.94,B60
Feni,1976,6,88.6,B60
Feni,1976,7,87.29,B60
Feni,1976,8,88.52,B60
Feni,1976,9,84.4,B60
Feni,1976,10,82.32,B60
Feni,1976,11,77.67,B60
Feni,1976,12,74.94,B60
Feni,1977,1,75.74,B60
Feni,1977,2,73,B60
Feni,1977,3,74.71,B60
Feni,1977,4,84.5,B60
Feni,1977,5,82.84,B60
Feni,1977,6,87.5,B60
Feni,1977,7,89,B60
Feni,1977,8,87.16,B60
Feni,1977,9,83.63,B60
Feni,1977,10,82.13,B60
Feni,1977,11,81.7,B60
Feni,1977,12,73.19,B60
Feni,1978,1,66.29,B60
Feni,1978,2,59.43,B60
Feni,1978,3,63.06,B60
Feni,1978,4,73.73,B60
Feni,1978,5,83.61,B60
Feni,1978,6,84.1,B60
Feni,1978,7,85.9,B60
Feni,1978,8,83.42,B60
Feni,1978,9,86.87,B60
Feni,1978,10,83.61,B60
Feni,1978,11,75.33,B60
Feni,1978,12,68.55,B60
Feni,1979,1,67.87,B60
Feni,1979,2,60.11,B60
Feni,1979,3,66.97,B60
Feni,1979,4,71.83,B60
Feni,1979,5,77.58,B60
Feni,1979,6,84.33,B60
Feni,1979,11,75.5,B60
Feni,1979,12,74.84,B60
Feni,1980,1,70.52,B60
Feni,1980,2,71.48,B60
Feni,1980,3,73.48,B60
Feni,1980,4,74.87,B60
Feni,1980,5,81.68,B60
Feni,1980,6,83.4,B60
Feni,1980,7,87.19,B60
Feni,1980,8,87.87,B60
Feni,1980,9,84.53,B60
Feni,1980,10,84.03,B60
Feni,1980,11,70,B60
Feni,1980,12,69.9,B60
Feni,1981,1,71.45,B60
Feni,1981,2,66.96,B60
Feni,1981,3,70.17,B60
Feni,1981,4,80.93,B60
Feni,1981,5,80.97,B60
Feni,1981,6,84.77,B60
Feni,1981,7,90.29,B60
Feni,1981,8,86,B60
Feni,1981,9,85.7,B60
Feni,1981,10,80.45,B60
Feni,1981,11,72.7,B60
Feni,1981,12,74.65,B60
Feni,1982,1,68.55,B60
Feni,1982,2,69.32,B60
Feni,1982,3,62.55,B60
Feni,1982,4,80.43,B60
Feni,1982,5,77.68,B60
Feni,1982,6,87.4,B60
Feni,1982,7,87.71,B60
Feni,1982,8,88.42,B60
Feni,1982,9,87.37,B60
Feni,1982,10,82.61,B60
Feni,1982,11,78.93,B60
Feni,1982,12,73.65,B60
Feni,1983,1,73.29,B60
Feni,1983,2,73.46,B60
Feni,1983,3,78.84,B60
Feni,1983,4,79.13,B60
Feni,1983,5,83.87,B60
Feni,1983,6,86.93,B60
Feni,1983,8,87.97,B60
Feni,1983,9,88.37,B60
Feni,1983,10,86.9,B60
Feni,1983,11,79.67,B60
Feni,1983,12,77.65,B60
Feni,1984,1,74.19,B60
Feni,1984,2,66.66,B60
Feni,1984,3,71.23,B60
Feni,1984,4,74,B60
Feni,1984,5,85.74,B60
Feni,1984,6,87.3,B60
Feni,1984,7,92.03,B60
Feni,1984,8,89.1,B60
Feni,1984,9,88,B60
Feni,1984,10,85.9,B60
Feni,1984,11,74.53,B60
Feni,1984,12,76.61,B60
Feni,1985,1,72.16,B60
Feni,1985,2,70.25,B60
Feni,1985,3,79.39,B60
Feni,1985,4,79.57,B60
Feni,1985,5,82.03,B60
Feni,1985,6,88.37,B60
Feni,1985,7,88.87,B60
Feni,1985,8,87.26,B60
Feni,1985,9,85.77,B60
Feni,1985,10,80.84,B60
Feni,1985,11,78.33,B60
Feni,1985,12,74.68,B60
Feni,1986,1,73.29,B60
Feni,1986,2,66.04,B60
Feni,1986,3,67.48,B60
Feni,1986,4,76.23,B60
Feni,1986,5,77.61,B60
Feni,1986,6,83.73,B60
Feni,1986,7,87.19,B60
Feni,1986,8,85.45,B60
Feni,1986,9,87.17,B60
Feni,1986,10,85.1,B60
Feni,1986,11,80.27,B60
Feni,1986,12,78.81,B60
Feni,1987,1,75.48,B60
Feni,1987,2,71.46,B60
Feni,1987,3,75.61,B60
Feni,1987,4,81.77,B60
Feni,1987,5,78.58,B60
Feni,1987,6,83.32,B60
Feni,1987,7,89.55,B60
Feni,1987,8,87.52,B60
Feni,1987,9,86.97,B60
Feni,1987,10,82.97,B60
Feni,1987,11,79.4,B60
Feni,1987,12,76.68,B60
Feni,1988,1,75.16,B60
Feni,1988,2,73.03,B60
Feni,1988,3,76.39,B60
Feni,1988,4,80.47,B60
Feni,1988,5,83.45,B60
Feni,1988,6,86.47,B60
Feni,1988,7,88.29,B60
Feni,1988,8,90.03,B60
Feni,1988,9,88.23,B60
Feni,1988,10,84.58,B60
Feni,1988,11,78.47,B60
Feni,1988,12,77.68,B60
Feni,1989,1,70.84,B60
Feni,1989,2,73.43,B60
Feni,1989,3,68.52,B60
Feni,1989,4,77.87,B60
Feni,1989,5,78.61,B60
Feni,1989,6,83.43,B60
Feni,1989,7,85.23,B60
Feni,1989,8,82.29,B60
Feni,1989,9,85.6,B60
Feni,1989,10,87.16,B60
Feni,1989,11,76.87,B60
Feni,1989,12,75.32,B60
Feni,1990,1,78.84,B60
Feni,1990,2,78.46,B60
Feni,1990,3,78.9,B60
Feni,1990,4,81.3,B60
Feni,1990,5,79.52,B60
Feni,1990,6,83.63,B60
Feni,1990,7,87.39,B60
Feni,1990,8,83.58,B60
Feni,1990,9,85.1,B60
Feni,1990,10,82.55,B60
Feni,1990,11,81.3,B60
Feni,1990,12,77.71,B60
Feni,1991,1,75.61,B60
Feni,1991,2,77.11,B60
Feni,1991,3,73.45,B60
Feni,1991,4,77.37,B60
Feni,1991,5,83.71,B60
Feni,1991,6,87.07,B60
Feni,1991,7,85.52,B60
Feni,1991,8,84.68,B60
Feni,1991,9,87.47,B60
Feni,1991,10,84.48,B60
Feni,1991,11,78.97,B60
Feni,1991,12,76.71,B60
Feni,1992,1,78.35,B60
Feni,1992,2,76.21,B60
Feni,1992,3,79.71,B60
Feni,1992,4,75.87,B60
Feni,1992,5,79.19,B60
Feni,1992,6,81.97,B60
Feni,1992,7,85.39,B60
Feni,1992,8,83.19,B60
Feni,1992,9,84.8,B60
Feni,1992,10,83.74,B60
Feni,1992,11,79.83,B60
Feni,1992,12,77.13,B60
Feni,1993,1,74.48,B60
Feni,1993,2,72.68,B60
Feni,1993,3,73.19,B60
Feni,1993,4,79.5,B60
Feni,1993,5,82.03,B60
Feni,1993,6,84.93,B60
Feni,1993,7,85.16,B60
Feni,1993,8,86.42,B60
Feni,1993,9,85.47,B60
Feni,1993,10,84.97,B60
Feni,1993,11,80.2,B60
Feni,1993,12,76.03,B60
Feni,1994,1,75.58,B60
Feni,1994,2,70.43,B60
Feni,1994,3,76.94,B60
Feni,1994,4,78.4,B60
Feni,1994,5,80.9,B60
Feni,1994,6,86.87,B60
Feni,1994,7,84.23,B60
Feni,1994,8,85.23,B60
Feni,1994,9,82.63,B60
Feni,1994,10,82.35,B60
Feni,1994,11,79.53,B60
Feni,1994,12,74.71,B60
Feni,1995,1,71.26,B60
Feni,1995,2,75.32,B60
Feni,1995,3,68.19,B60
Feni,1995,4,77.93,B60
Feni,1995,5,81.19,B60
Feni,1995,6,85.8,B60
Feni,1995,7,86.42,B60
Feni,1995,8,86.35,B60
Feni,1995,9,86.33,B60
Feni,1995,10,84.06,B60
Feni,1995,11,83.87,B60
Feni,1995,12,77.84,B60
Feni,1996,1,75.35,B60
Feni,1996,2,72.9,B60
Feni,1996,3,81.32,B60
Feni,1996,4,79.8,B60
Feni,1996,5,79.71,B60
Feni,1996,6,83.23,B60
Feni,1996,7,85.77,B60
Feni,1996,8,87.81,B60
Feni,1996,9,85.07,B60
Feni,1996,10,83.48,B60
Feni,1996,11,80.5,B60
Feni,1996,12,77.35,B60
Feni,1997,1,74.03,B60
Feni,1997,2,73.89,B60
Feni,1997,3,79.68,B60
Feni,1997,4,79.6,B60
Feni,1997,5,81.26,B60
Feni,1997,6,84.7,B60
Feni,1997,7,88.61,B60
Feni,1997,8,86.23,B60
Feni,1997,9,86.63,B60
Feni,1997,10,81.32,B60
Feni,1997,11,78.6,B60
Feni,1997,12,81.97,B60
Feni,1998,1,82.45,B60
Feni,1998,2,76.29,B60
Feni,1998,3,73.39,B60
Feni,1998,4,80.17,B60
Feni,1998,5,82.23,B60
Feni,1998,6,84.5,B60
Feni,1998,7,89.94,B60
Feni,1998,8,88.52,B60
Feni,1998,9,83.79,B60
Feni,1998,10,83.94,B60
Feni,1998,11,81.07,B60
Feni,1998,12,79.39,B60
Feni,1999,1,77.26,B60
Feni,1999,2,72.61,B60
Feni,1999,3,73.35,B60
Feni,1999,4,75.93,B60
Feni,1999,5,83.16,B60
Feni,1999,6,86.93,B60
Feni,1999,7,87,B60
Feni,1999,8,87.03,B60
Feni,1999,9,86.2,B60
Feni,1999,10,86.06,B60
Feni,1999,11,78.17,B60
Feni,1999,12,77.9,B60
Feni,2000,1,77.71,B60
Feni,2000,2,68.21,B60
Feni,2000,3,75.19,B60
Feni,2000,4,78.9,B60
Feni,2000,5,81.65,B60
Feni,2000,6,82.8,B60
Feni,2000,7,84.26,B60
Feni,2000,8,83.39,B60
Feni,2000,9,83.1,B60
Feni,2000,10,84.16,B60
Feni,2000,11,79.97,B60
Feni,2000,12,77.06,B60
Feni,2001,1,71.71,B60
Feni,2001,2,72.43,B60
Feni,2001,3,66.9,B60
Feni,2001,4,71.5,B60
Feni,2001,5,81,B60
Feni,2001,6,88.37,B60
Feni,2001,7,85.87,B60
Feni,2001,8,82.68,B60
Feni,2001,9,84.1,B60
Feni,2001,10,85.26,B60
Feni,2001,11,84.4,B60
Feni,2001,12,81.26,B60
Feni,2002,1,77.32,B60
Feni,2002,2,70.64,B60
Feni,2002,3,72.58,B60
Feni,2002,4,78.23,B60
Feni,2002,5,82.13,B60
Feni,2002,6,83.67,B60
Feni,2002,7,88.16,B60
Feni,2002,8,84.87,B60
Feni,2002,9,82.07,B60
Feni,2002,10,81.13,B60
Feni,2002,11,78.6,B60
Feni,2002,12,78.06,B60
Feni,2003,1,77.87,B60
Feni,2003,2,69.54,B60
Feni,2003,3,73.81,B60
Feni,2003,4,76.53,B60
Feni,2003,5,79.06,B60
Feni,2003,6,85.52,B60
Feni,2003,7,84.5,B60
Feni,2003,8,82.42,B60
Feni,2003,9,84.03,B60
Feni,2003,10,86.29,B60
Feni,2003,11,78.97,B60
Feni,2003,12,82.19,B60
Feni,2004,1,81.55,B60
Feni,2004,2,74.31,B60
Feni,2004,3,78,B60
Feni,2004,4,82.07,B60
Feni,2004,5,77.87,B60
Feni,2004,6,85.03,B60
Feni,2004,7,86.03,B60
Feni,2004,8,84.39,B60
Feni,2004,9,88.03,B60
Feni,2004,10,84.29,B60
Feni,2004,11,79.5,B60
Feni,2004,12,78.35,B60
Feni,2005,1,78.03,B60
Feni,2005,2,74.32,B60
Feni,2005,4,78.73,B60
Feni,2005,5,80.1,B60
Feni,2005,6,83.77,B60
Feni,2005,7,87.39,B60
Feni,2005,8,89.97,B60
Feni,2005,9,86.2,B60
Feni,2005,10,85.77,B60
Feni,2005,11,81.63,B60
Feni,2005,12,79.06,B60
Feni,2006,1,78.87,B60
Feni,2006,2,78.46,B60
Feni,2006,3,72.61,B60
Feni,2006,4,77,B60
Feni,2006,5,81.61,B60
Feni,2006,6,85.43,B60
Feni,2006,7,87.23,B60
Feni,2006,8,83.71,B60
Feni,2006,9,86.17,B60
Feni,2006,10,84.71,B60
Feni,2006,11,82,B60
Feni,2006,12,78.77,B60
Feni,2007,1,78.06,B60
Feni,2007,2,75.61,B60
Feni,2007,3,68.9,B60
Feni,2007,4,80.77,B60
Feni,2007,5,81.19,B60
Feni,2007,6,86.17,B60
Feni,2007,7,89.48,B60
Feni,2007,8,86.29,B60
Feni,2007,9,86.23,B60
Feni,2007,10,83.61,B60
Feni,2007,11,82.4,B60
Feni,2007,12,79.97,B60
Feni,2008,1,79.9,B60
Feni,2008,2,73.38,B60
Feni,2008,3,79.65,B60
Feni,2008,4,78.1,B60
Feni,2008,5,80.13,B60
Feni,2008,6,85.97,B60
Feni,2008,7,88.58,B60
Feni,2008,8,87.42,B60
Feni,2008,9,84.83,B60
Feni,2008,10,85.48,B60
Feni,2008,11,79.73,B60
Feni,2008,12,84.55,B60
Feni,2009,1,79.55,B60
Feni,2009,2,73.61,B60
Feni,2009,3,75.29,B60
Feni,2009,4,79.3,B60
Feni,2009,5,80.19,B60
Feni,2009,6,83.47,B60
Feni,2009,7,88.65,B60
Feni,2009,8,88.65,B60
Feni,2009,9,84.37,B60
Feni,2009,10,83.61,B60
Feni,2009,11,79.03,B60
Feni,2009,12,79.45,B60
Feni,2010,1,80.1,B60
Feni,2010,2,70.96,B60
Feni,2010,3,77.06,B60
Feni,2010,4,82.5,B60
Feni,2010,5,84.26,B60
Feni,2010,6,90.83,B60
Feni,2010,7,86.23,B60
Feni,2010,8,85.65,B60
Feni,2010,9,86.2,B60
Feni,2010,10,84.39,B60
Feni,2010,11,80.9,B60
Feni,2010,12,80.9,B60
Feni,2011,1,76.87,B60
Feni,2011,2,71.68,B60
Feni,2011,3,75.68,B60
Feni,2011,4,82.77,B60
Feni,2011,5,87.65,B60
Feni,2011,6,88.4,B60
Feni,2011,7,86.23,B60
Feni,2011,8,88.71,B60
Feni,2011,9,86.7,B60
Feni,2011,10,82.35,B60
Feni,2011,11,79.23,B60
Feni,2011,12,82.23,B60
Feni,2012,1,79.39,B60
Feni,2012,2,70.31,B60
Feni,2012,3,77.9,B60
Feni,2012,4,82.27,B60
Feni,2012,5,80.42,B60
Feni,2012,6,87.4,B60
Feni,2012,7,89.42,B60
Feni,2012,8,85.71,B60
Feni,2012,9,86.47,B60
Feni,2012,10,85.48,B60
Feni,2012,11,81.03,B60
Feni,2012,12,83.45,B60
Feni,2013,1,77.1,B60
Feni,2013,2,70.18,B60
Feni,2013,3,72.45,B60
Feni,2013,4,76.53,B60
Feni,2013,5,86.84,B60
Feni,2013,6,83.67,B60
Feni,2013,7,85.97,B60
Feni,2013,8,86.58,B60
Feni,2013,9,86.47,B60
Feni,2013,10,86.81,B60
Feni,2013,11,79.27,B60
Feni,2013,12,80.87,B60
Feni,2014,1,78.48,B60
Feni,2014,2,72.46,B60
Feni,2014,3,70.39,B60
Feni,2014,4,71.27,B60
Feni,2014,5,78.84,B60
Feni,2014,6,85.7,B60
Feni,2014,7,84.32,B60
Feni,2014,8,88.81,B60
Feni,2014,9,85.47,B60
Feni,2014,10,82.65,B60
Feni,2014,11,80,B60
Feni,2014,12,82.71,B60
Feni,2015,1,79.9,B60
Feni,2015,2,72.43,B60
Feni,2015,3,68.13,B60
Feni,2015,4,79.03,B60
Feni,2015,5,80.87,B60
Feni,2015,6,86.17,B60
Feni,2015,7,90.55,B60
Feni,2015,8,87.23,B60
Feni,2015,9,85.9,B60
Feni,2015,10,85.16,B60
Feni,2015,11,80.77,B60
Feni,2015,12,80.61,B60
Feni,2016,1,78.55,B60
Feni,2016,2,79.69,B60
Feni,2016,3,75.61,B60
Feni,2016,4,80.17,B60
Feni,2016,5,79.35,B60
Feni,2016,6,80.47,B60
Feni,2016,7,86.13,B60
Feni,2016,8,82.87,B60
Feni,2016,9,82.37,B60
Feni,2016,10,82.48,B60
Feni,2016,11,80.07,B60
Feni,2016,12,78.13,B60
Feni,2017,1,73.23,B60
Feni,2017,2,69.04,B60
Feni,2017,3,75.94,B60
Feni,2017,4,80.43,B60
Feni,2017,5,77.52,B60
Feni,2017,6,83.37,B60
Feni,2017,7,86.68,B60
Feni,2017,8,84.35,B60
Feni,2017,9,85.4,B60
Feni,2017,10,84.06,B60
Feni,2017,11,80.3,B60
Feni,2017,12,81.94,B60
Feni,2018,1,78.26,B60
Feni,2018,2,73.61,B60
Feni,2018,3,71.84,B60
Feni,2018,4,74.43,B60
Feni,2018,5,83.32,B60
Feni,2018,6,84.57,B60
Feni,2018,7,86.16,B60
Feni,2018,8,83.35,B60
Feni,2018,9,82.5,B60
Feni,2018,10,82.32,B60
Feni,2018,11,76.2,B60
Feni,2018,12,76.32,B60
Feni,2019,1,69.74,B60
Feni,2019,2,70.79,B60
Feni,2019,3,70.48,B60
Feni,2019,4,72.5,B60
Feni,2019,5,75.9,B60
Feni,2019,6,80.03,B60
Feni,2019,7,85.71,B60
Feni,2019,8,82.42,B60
Feni,2019,9,83.7,B60
Feni,2019,10,82.94,B60
Feni,2019,11,81.37,B60
Feni,2019,12,80.32,B60
Feni,2020,1,79.19,B60
Feni,2020,2,69.41,B60
Feni,2020,3,64.61,B60
Feni,2020,4,75.87,B60
Feni,2020,5,77.13,B60
Feni,2020,6,84.53,B60
Feni,2020,7,84.68,B60
Feni,2020,8,82.32,B60
Feni,2020,9,83.53,B60
Feni,2020,10,83.29,B60
Feni,2020,11,78.87,B60
Feni,2020,12,83.65,B60
Feni,2021,1,75.77,B60
Feni,2021,2,65.02,B60
Feni,2021,3,61.5,B60
Feni,2021,4,60.77,B60
Feni,2021,5,64.55,B60
Feni,2021,6,81.98,B60
Feni,2021,7,84.7,B60
Feni,2021,8,85.72,B60
Feni,2021,9,80.47,B60
Feni,2021,10,82.23,B60
Feni,2021,11,77,B60
Feni,2021,12,78.74,B60
Feni,2023,1,75.94,B60
Feni,2023,2,66.07,B60
Feni,2023,3,63.03,B60
Feni,2023,4,60.5,B60
Feni,2023,5,66.6,B60
Feni,2023,6,78.53,B60
Feni,2023,7,75.05,B60
Feni,2023,8,83.9,B60
Feni,2023,9,79.93,B60
Feni,2023,10,80.95,B60
Feni,2023,11,77.07,B60
Feni,2023,12,80.84,B60
Feni,2022,1,78.9,B60
Feni,2022,2,70.96,B60
Feni,2022,3,66.71,B60
Feni,2022,4,74.7,B60
Feni,2022,5,79.39,B60
Feni,2022,6,83.9,B60
Feni,2022,7,79.1,B60
Feni,2022,8,79.13,B60
Feni,2022,9,85.57,B60
Feni,2022,10,80.23,B60
Feni,2022,11,76,B60
Feni,2022,12,78.77,B60
Gazipur,2000,1,85.45,B60
Gazipur,2000,2,65.83,B60
Gazipur,2000,3,61.71,B60
Gazipur,2000,4,68.25,B60
Gazipur,2000,5,76.77,B60
Gazipur,2000,6,77,B60
Gazipur,2000,7,77.18,B60
Gazipur,2000,8,78.29,B60
Gazipur,2000,9,77.8,B60
Gazipur,2000,10,75.27,B60
Gazipur,2000,11,65.58,B60
Gazipur,2000,12,64.15,B60
Gazipur,2001,1,63.89,B60
Gazipur,2001,2,62.54,B60
Gazipur,2001,3,54.84,B60
Gazipur,2001,4,65.25,B60
Gazipur,2001,5,76.81,B60
Gazipur,2001,6,79.38,B60
Gazipur,2001,7,78.15,B60
Gazipur,2001,8,77.08,B60
Gazipur,2001,9,77.62,B60
Gazipur,2001,10,75.68,B60
Gazipur,2001,11,72.4,B60
Gazipur,2001,12,70.44,B60
Gazipur,2002,1,66.35,B60
Gazipur,2002,2,60.21,B60
Gazipur,2002,3,60.24,B60
Gazipur,2002,4,69.87,B60
Gazipur,2002,5,74.82,B60
Gazipur,2002,6,79.35,B60
Gazipur,2002,7,83.53,B60
Gazipur,2002,8,78.47,B60
Gazipur,2002,9,71.37,B60
Gazipur,2002,10,68,B60
Gazipur,2002,11,67.82,B60
Gazipur,2002,12,67.48,B60
Gazipur,2003,1,70.61,B60
Gazipur,2003,2,59.27,B60
Gazipur,2003,3,62.39,B60
Gazipur,2003,4,65.45,B60
Gazipur,2003,5,68.4,B60
Gazipur,2003,6,78.3,B60
Gazipur,2003,7,73.9,B60
Gazipur,2003,8,75,B60
Gazipur,2003,9,76.63,B60
Gazipur,2003,10,74.84,B60
Gazipur,2003,11,58.13,B60
Gazipur,2003,12,61.53,B60
Gazipur,2004,1,66.82,B60
Gazipur,2004,2,57.1,B60
Gazipur,2004,3,60.13,B60
Gazipur,2004,4,68.43,B60
Gazipur,2004,5,65.06,B60
Gazipur,2004,6,76.78,B60
Gazipur,2004,7,77.56,B60
Gazipur,2004,8,74,B60
Gazipur,2004,9,79.78,B60
Gazipur,2004,10,69.37,B60
Gazipur,2004,11,60.72,B60
Gazipur,2004,12,62.27,B60
Gazipur,2005,1,58.71,B60
Gazipur,2005,2,55.16,B60
Gazipur,2005,3,64.77,B60
Gazipur,2005,4,67.88,B60
Gazipur,2005,5,70.66,B60
Gazipur,2005,6,76.43,B60
Gazipur,2005,7,78.19,B60
Gazipur,2005,8,77.48,B60
Gazipur,2005,9,73.98,B60
Gazipur,2005,10,77.29,B60
Gazipur,2005,11,67.88,B60
Gazipur,2005,12,62.87,B60
Gazipur,2006,1,63.19,B60
Gazipur,2006,2,61.2,B60
Gazipur,2006,3,53.94,B60
Gazipur,2006,4,69.4,B60
Gazipur,2006,5,70.52,B60
Gazipur,2006,6,69.88,B60
Gazipur,2006,7,78.28,B60
Gazipur,2006,8,77.24,B60
Gazipur,2006,9,74.22,B60
Gazipur,2006,10,75.73,B60
Gazipur,2006,11,68.28,B60
Gazipur,2006,12,65.38,B60
Gazipur,2007,1,57.58,B60
Gazipur,2007,2,61.62,B60
Gazipur,2007,3,64.39,B60
Gazipur,2007,4,60.38,B60
Gazipur,2007,6,67.57,B60
Gazipur,2007,7,75.73,B60
Gazipur,2007,8,80.48,B60
Gazipur,2007,9,75.25,B60
Gazipur,2007,10,75.53,B60
Gazipur,2007,11,76.77,B60
Gazipur,2007,12,70.82,B60
Gazipur,2008,1,62.1,B60
Gazipur,2008,2,64.31,B60
Gazipur,2008,3,61.16,B60
Gazipur,2008,4,65.25,B60
Gazipur,2008,5,60.55,B60
Gazipur,2008,6,64.28,B60
Gazipur,2008,7,77.02,B60
Gazipur,2008,8,77.68,B60
Gazipur,2008,9,77.97,B60
Gazipur,2008,10,71.53,B60
Gazipur,2008,11,70.67,B60
Gazipur,2008,12,56.8,B60
Gazipur,2009,1,68.69,B60
Gazipur,2009,2,55.41,B60
Gazipur,2009,3,54.79,B60
Gazipur,2009,4,65.87,B60
Gazipur,2009,5,70.45,B60
Gazipur,2009,6,71.23,B60
Gazipur,2009,7,77.11,B60
Gazipur,2009,8,83.81,B60
Gazipur,2009,9,81.58,B60
Gazipur,2009,10,82.56,B60
Gazipur,2009,11,69.78,B60
Gazipur,2009,12,74.95,B60
Gazipur,2010,1,69.69,B60
Gazipur,2010,2,71.79,B60
Gazipur,2010,3,75.77,B60
Gazipur,2010,4,70.3,B60
Gazipur,2010,5,72.87,B60
Gazipur,2010,6,81.82,B60
Gazipur,2010,7,81.27,B60
Gazipur,2010,8,81.65,B60
Gazipur,2010,9,84.13,B60
Gazipur,2010,10,73.92,B60
Gazipur,2010,11,67.9,B60
Gazipur,2010,12,68.76,B60
Gazipur,2011,1,70.27,B60
Gazipur,2011,2,60.16,B60
Gazipur,2011,3,62.74,B60
Gazipur,2011,4,70.9,B60
Gazipur,2011,5,77.79,B60
Gazipur,2011,6,82.45,B60
Gazipur,2011,7,77.77,B60
Gazipur,2011,8,86.31,B60
Gazipur,2011,9,79.15,B60
Gazipur,2011,10,72.15,B60
Gazipur,2011,11,66.45,B60
Gazipur,2011,12,73.52,B60
Gazipur,2012,1,71.82,B60
Gazipur,2012,2,56.57,B60
Gazipur,2012,3,61.65,B60
Gazipur,2012,4,72.58,B60
Gazipur,2012,5,72.77,B60
Gazipur,2012,6,80.98,B60
Gazipur,2012,7,81.11,B60
Gazipur,2012,8,80.48,B60
Gazipur,2012,9,80.83,B60
Gazipur,2012,10,71.18,B60
Gazipur,2012,11,66.85,B60
Gazipur,2012,12,77.82,B60
Gazipur,2013,1,68.24,B60
Gazipur,2013,2,58.77,B60
Gazipur,2013,3,62.77,B60
Gazipur,2013,4,65.65,B60
Gazipur,2013,5,89.24,B60
Gazipur,2013,6,77.63,B60
Gazipur,2013,7,80.29,B60
Gazipur,2013,8,81.03,B60
Gazipur,2013,9,78.08,B60
Gazipur,2013,10,75.98,B60
Gazipur,2013,11,62.68,B60
Gazipur,2013,12,67.42,B60
Gazipur,2014,1,71.76,B60
Gazipur,2014,2,62.7,B60
Gazipur,2014,3,58.05,B60
Gazipur,2014,4,58.27,B60
Gazipur,2014,5,72.32,B60
Gazipur,2014,6,80.82,B60
Gazipur,2014,7,79.77,B60
Gazipur,2014,8,83.42,B60
Gazipur,2014,9,78.33,B60
Gazipur,2014,10,71.08,B60
Gazipur,2014,11,65.9,B60
Gazipur,2014,12,79.44,B60
Gazipur,2015,1,73.76,B60
Gazipur,2015,2,65.62,B60
Gazipur,2015,3,52.65,B60
Gazipur,2015,4,72.02,B60
Gazipur,2015,5,73.42,B60
Gazipur,2015,6,95.25,B60
Gazipur,2015,7,84.84,B60
Gazipur,2015,8,82.03,B60
Gazipur,2015,9,78.1,B60
Gazipur,2015,10,69.15,B60
Gazipur,2015,11,66.35,B60
Gazipur,2015,12,67.76,B60
Gazipur,2016,1,71.89,B60
Gazipur,2016,2,62.71,B60
Gazipur,2016,3,64,B60
Gazipur,2016,4,70.17,B60
Gazipur,2016,5,75.69,B60
Gazipur,2016,6,74.93,B60
Gazipur,2016,7,83.52,B60
Gazipur,2016,8,77.77,B60
Gazipur,2016,9,80.63,B60
Gazipur,2016,10,73.02,B60
Gazipur,2016,11,66.18,B60
Gazipur,2016,12,70.6,B60
Gazipur,2017,1,65.95,B60
Gazipur,2017,2,59.86,B60
Gazipur,2017,3,64.78,B60
Gazipur,2017,4,69.82,B60
Gazipur,2017,5,70.89,B60
Gazipur,2017,6,78.75,B60
Gazipur,2017,7,85.69,B60
Gazipur,2017,8,83.06,B60
Gazipur,2017,9,81.18,B60
Gazipur,2017,10,77.47,B60
Gazipur,2017,11,67,B60
Gazipur,2017,12,74.71,B60
Gazipur,2018,1,70.15,B60
Gazipur,2018,2,62.91,B60
Gazipur,2018,3,63.16,B60
Gazipur,2018,4,69.83,B60
Gazipur,2018,5,79.74,B60
Gazipur,2018,6,79.13,B60
Gazipur,2018,7,83.6,B60
Gazipur,2018,8,78.11,B60
Gazipur,2018,9,75.83,B60
Gazipur,2018,10,72.11,B60
Gazipur,2018,11,65.53,B60
Gazipur,2018,12,66.94,B60
Gazipur,2019,1,62.08,B60
Gazipur,2019,2,63.8,B60
Gazipur,2019,3,62.34,B60
Gazipur,2019,4,71.95,B60
Gazipur,2019,5,73.84,B60
Gazipur,2019,6,79.18,B60
Gazipur,2019,7,81.73,B60
Gazipur,2019,8,78.77,B60
Gazipur,2019,9,80.98,B60
Gazipur,2019,10,76.03,B60
Gazipur,2019,11,71.95,B60
Gazipur,2019,12,74.76,B60
Gazipur,2020,1,76.42,B60
Gazipur,2020,2,62.81,B60
Gazipur,2020,3,56.24,B60
Gazipur,2020,4,64.6,B60
Gazipur,2020,5,71.1,B60
Gazipur,2020,6,77.91,B60
Gazipur,2020,7,82.61,B60
Gazipur,2020,8,80.06,B60
Gazipur,2020,9,80.2,B60
Gazipur,2020,10,75.29,B60
Gazipur,2020,11,63.63,B60
Gazipur,2020,12,70.76,B60
Gazipur,2021,1,72.21,B60
Gazipur,2021,2,61.05,B60
Gazipur,2021,3,56.27,B60
Gazipur,2021,4,60.05,B60
Gazipur,2021,5,67.79,B60
Gazipur,2021,6,82.28,B60
Gazipur,2021,7,82.06,B60
Gazipur,2021,8,82.37,B60
Gazipur,2021,9,74.28,B60
Gazipur,2021,10,70.81,B60
Gazipur,2021,11,64.02,B60
Gazipur,2021,12,68.79,B60
Gazipur,2022,1,69.44,B60
Gazipur,2022,2,65.91,B60
Gazipur,2022,3,58.76,B60
Gazipur,2022,4,70.22,B60
Gazipur,2022,5,77.4,B60
Gazipur,2022,6,80.17,B60
Gazipur,2022,7,76.1,B60
Gopalgonj,2020,12,85.73,B60
Gopalgonj,2021,1,82.6,B60
Gopalgonj,2021,2,70.45,B60
Gopalgonj,2021,3,65.28,B60
Gopalgonj,2021,4,64.42,B60
Gopalgonj,2021,5,67.55,B60
Gopalgonj,2021,6,86.08,B60
Gopalgonj,2021,7,86.49,B60
Gopalgonj,2021,8,87.64,B60
Gopalgonj,2021,9,86.81,B60
Gopalgonj,2021,10,83.83,B60
Gopalgonj,2021,11,79.69,B60
Gopalgonj,2021,12,82.42,B60
Gopalgonj,2023,1,82.55,B60
Gopalgonj,2023,2,71.48,B60
Gopalgonj,2023,3,68.15,B60
Gopalgonj,2023,4,68.35,B60
Gopalgonj,2023,5,71.82,B60
Gopalgonj,2023,6,82.72,B60
Gopalgonj,2023,7,81.24,B60
Gopalgonj,2023,8,86.1,B60
Gopalgonj,2023,9,87,B60
Gopalgonj,2023,10,82.29,B60
Gopalgonj,2023,11,80.8,B60
Gopalgonj,2023,12,85.42,B60
Hatiya,1966,1,80.39,B60
Hatiya,1966,2,81.93,B60
Hatiya,1966,3,78.77,B60
Hatiya,1966,4,80.83,B60
Hatiya,1966,5,80.22,B60
Hatiya,1966,6,91.38,B60
Hatiya,1966,7,88.06,B60
Hatiya,1966,8,89.42,B60
Hatiya,1966,9,86.5,B60
Hatiya,1966,10,85.52,B60
Hatiya,1966,11,82.47,B60
Hatiya,1966,12,83.03,B60
Hatiya,1967,1,76.45,B60
Hatiya,1967,2,78.68,B60
Hatiya,1967,3,77.03,B60
Hatiya,1967,4,73.9,B60
Hatiya,1967,5,77.65,B60
Hatiya,1967,6,84.67,B60
Hatiya,1967,7,87,B60
Hatiya,1967,8,87.97,B60
Hatiya,1967,9,86.93,B60
Hatiya,1967,10,83.42,B60
Hatiya,1967,11,77.77,B60
Hatiya,1967,12,78.58,B60
Hatiya,1968,1,69.81,B60
Hatiya,1968,2,76.69,B60
Hatiya,1968,3,73.32,B60
Hatiya,1968,4,79.9,B60
Hatiya,1968,5,81.84,B60
Hatiya,1968,6,90.23,B60
Hatiya,1968,7,88.68,B60
Hatiya,1968,8,90.19,B60
Hatiya,1968,9,87.7,B60
Hatiya,1968,10,86.39,B60
Hatiya,1968,11,83.9,B60
Hatiya,1968,12,79.48,B60
Hatiya,1969,1,77.42,B60
Hatiya,1969,2,77.14,B60
Hatiya,1969,3,79.84,B60
Hatiya,1969,4,79.8,B60
Hatiya,1969,5,79.55,B60
Hatiya,1969,6,88.9,B60
Hatiya,1969,7,89.84,B60
Hatiya,1969,8,90.19,B60
Hatiya,1969,9,86.1,B60
Hatiya,1969,10,82.52,B60
Hatiya,1969,11,80.13,B60
Hatiya,1969,12,83,B60
Hatiya,1970,2,78.04,B60
Hatiya,1970,3,77.58,B60
Hatiya,1970,4,80.97,B60
Hatiya,1970,5,83.84,B60
Hatiya,1970,6,89.63,B60
Hatiya,1970,7,92.58,B60
Hatiya,1970,8,90.16,B60
Hatiya,1970,9,92.37,B60
Hatiya,1970,10,89.13,B60
Hatiya,1971,7,91.97,B60
Hatiya,1971,8,91.19,B60
Hatiya,1971,9,93.5,B60
Hatiya,1971,10,89.27,B60
Hatiya,1973,5,87.26,B60
Hatiya,1973,6,87.97,B60
Hatiya,1973,7,87.03,B60
Hatiya,1973,8,88.13,B60
Hatiya,1973,9,88.5,B60
Hatiya,1973,10,82.77,B60
Hatiya,1973,11,80.87,B60
Hatiya,1973,12,74.29,B60
Hatiya,1974,1,68.16,B60
Hatiya,1974,2,60.75,B60
Hatiya,1974,3,73.87,B60
Hatiya,1974,4,79.53,B60
Hatiya,1974,5,79.1,B60
Hatiya,1974,6,86.33,B60
Hatiya,1974,7,91.06,B60
Hatiya,1974,8,89.87,B60
Hatiya,1974,9,86.77,B60
Hatiya,1974,10,83.19,B60
Hatiya,1974,11,76.63,B60
Hatiya,1974,12,66.39,B60
Hatiya,1975,1,64.74,B60
Hatiya,1975,2,65.75,B60
Hatiya,1975,3,64.58,B60
Hatiya,1975,4,72.3,B60
Hatiya,1975,5,77.81,B60
Hatiya,1975,6,84.3,B60
Hatiya,1975,7,89.52,B60
Hatiya,1975,8,85.26,B60
Hatiya,1975,9,86.27,B60
Hatiya,1975,10,84.81,B60
Hatiya,1975,11,76.07,B60
Hatiya,1975,12,69.94,B60
Hatiya,1976,1,66.87,B60
Hatiya,1976,2,71.31,B60
Hatiya,1976,3,74.13,B60
Hatiya,1976,4,75.4,B60
Hatiya,1976,5,82.27,B60
Hatiya,1976,6,88.47,B60
Hatiya,1976,7,87.53,B60
Hatiya,1976,8,88.81,B60
Hatiya,1976,9,86.17,B60
Hatiya,1976,10,80.39,B60
Hatiya,1976,11,78,B60
Hatiya,1976,12,74.03,B60
Hatiya,1977,1,74.77,B60
Hatiya,1977,2,74.14,B60
Hatiya,1977,3,77.9,B60
Hatiya,1977,4,83.3,B60
Hatiya,1977,5,83.19,B60
Hatiya,1977,6,88.03,B60
Hatiya,1977,7,89.77,B60
Hatiya,1977,8,88.42,B60
Hatiya,1977,9,86.93,B60
Hatiya,1977,10,83.35,B60
Hatiya,1977,11,81.03,B60
Hatiya,1977,12,72.74,B60
Hatiya,1978,1,66.74,B60
Hatiya,1978,2,61.54,B60
Hatiya,1978,3,69.94,B60
Hatiya,1978,4,78.47,B60
Hatiya,1978,5,80.23,B60
Hatiya,1978,6,84.37,B60
Hatiya,1978,7,86.1,B60
Hatiya,1978,8,88.61,B60
Hatiya,1978,9,85.97,B60
Hatiya,1978,10,80.68,B60
Hatiya,1978,11,72.43,B60
Hatiya,1978,12,70.32,B60
Hatiya,1979,1,65.13,B60
Hatiya,1979,2,60.57,B60
Hatiya,1979,3,65.58,B60
Hatiya,1979,4,73.37,B60
Hatiya,1979,5,74.77,B60
Hatiya,1979,6,85.2,B60
Hatiya,1979,7,86.29,B60
Hatiya,1979,8,88.39,B60
Hatiya,1979,9,86.43,B60
Hatiya,1979,10,78.71,B60
Hatiya,1979,11,75.57,B60
Hatiya,1979,12,71.45,B60
Hatiya,1980,1,68.61,B60
Hatiya,1980,2,70,B60
Hatiya,1980,3,73.29,B60
Hatiya,1980,4,73.97,B60
Hatiya,1980,5,82.03,B60
Hatiya,1980,6,86.33,B60
Hatiya,1980,7,89.71,B60
Hatiya,1980,8,87.68,B60
Hatiya,1980,9,86.07,B60
Hatiya,1980,10,83.1,B60
Hatiya,1980,11,72.57,B60
Hatiya,1980,12,72.39,B60
Hatiya,1982,1,71,B60
Hatiya,1982,2,73.21,B60
Hatiya,1982,3,67.58,B60
Hatiya,1982,4,78.27,B60
Hatiya,1982,5,76.03,B60
Hatiya,1982,6,87.77,B60
Hatiya,1982,7,88.26,B60
Hatiya,1982,8,89.9,B60
Hatiya,1982,9,84.43,B60
Hatiya,1982,10,79.55,B60
Hatiya,1982,11,75.03,B60
Hatiya,1982,12,74.68,B60
Hatiya,1983,1,75.39,B60
Hatiya,1983,2,71.14,B60
Hatiya,1983,3,81.97,B60
Hatiya,1983,4,78.97,B60
Hatiya,1983,5,83.74,B60
Hatiya,1983,6,85.13,B60
Hatiya,1983,8,86.9,B60
Hatiya,1983,9,86.03,B60
Hatiya,1983,10,83.55,B60
Hatiya,1983,11,78.97,B60
Hatiya,1983,12,72.06,B60
Hatiya,1984,1,70.77,B60
Hatiya,1984,2,66.34,B60
Hatiya,1984,3,74.55,B60
Hatiya,1984,4,77.87,B60
Hatiya,1984,5,84.45,B60
Hatiya,1984,6,86.3,B60
Hatiya,1984,7,87.16,B60
Hatiya,1984,8,87.52,B60
Hatiya,1984,9,82.67,B60
Hatiya,1984,10,83.03,B60
Hatiya,1984,11,73.1,B60
Hatiya,1984,12,71.32,B60
Hatiya,1985,1,71.55,B60
Hatiya,1985,2,72.18,B60
Hatiya,1985,3,78.68,B60
Hatiya,1985,4,78,B60
Hatiya,1985,5,79.23,B60
Hatiya,1985,6,85.7,B60
Hatiya,1985,7,88.03,B60
Hatiya,1985,8,85.87,B60
Hatiya,1985,9,84.93,B60
Hatiya,1985,10,78.32,B60
Hatiya,1985,11,75.67,B60
Hatiya,1985,12,75.77,B60
Hatiya,1986,1,75.39,B60
Hatiya,1986,2,67.71,B60
Hatiya,1986,3,75.74,B60
Hatiya,1986,4,79.9,B60
Hatiya,1986,5,82.61,B60
Hatiya,1986,6,86.57,B60
Hatiya,1986,7,89.58,B60
Hatiya,1986,8,87.42,B60
Hatiya,1986,9,88.3,B60
Hatiya,1986,10,84.45,B60
Hatiya,1986,11,83.43,B60
Hatiya,1986,12,79.45,B60
Hatiya,1987,1,74.97,B60
Hatiya,1987,2,72.07,B60
Hatiya,1987,3,75,B60
Hatiya,1987,4,78.8,B60
Hatiya,1987,5,79.16,B60
Hatiya,1987,6,85,B60
Hatiya,1987,7,90.77,B60
Hatiya,1987,8,88.94,B60
Hatiya,1987,9,85.97,B60
Hatiya,1987,10,80.65,B60
Hatiya,1987,11,77.07,B60
Hatiya,1987,12,77.23,B60
Hatiya,1988,1,74.26,B60
Hatiya,1988,2,77.45,B60
Hatiya,1988,3,79.61,B60
Hatiya,1988,4,79.1,B60
Hatiya,1988,5,83.35,B60
Hatiya,1988,6,87.2,B60
Hatiya,1988,7,88.77,B60
Hatiya,1988,8,87.84,B60
Hatiya,1988,9,85.6,B60
Hatiya,1988,10,81.61,B60
Hatiya,1988,11,76.13,B60
Hatiya,1988,12,79.71,B60
Hatiya,1989,1,69.71,B60
Hatiya,1989,2,73.68,B60
Hatiya,1989,3,73.06,B60
Hatiya,1989,4,79.47,B60
Hatiya,1989,5,79.74,B60
Hatiya,1989,6,84.4,B60
Hatiya,1989,7,88.16,B60
Hatiya,1989,8,85.35,B60
Hatiya,1989,9,85.93,B60
Hatiya,1989,10,87.16,B60
Hatiya,1989,11,78.57,B60
Hatiya,1989,12,78.87,B60
Hatiya,1990,1,79.32,B60
Hatiya,1990,2,79.75,B60
Hatiya,1990,3,79.61,B60
Hatiya,1990,4,83.5,B60
Hatiya,1990,5,82.39,B60
Hatiya,1990,6,87.63,B60
Hatiya,1990,7,90.87,B60
Hatiya,1990,8,86.77,B60
Hatiya,1990,9,88.33,B60
Hatiya,1990,10,84.74,B60
Hatiya,1990,11,84.03,B60
Hatiya,1990,12,83.26,B60
Hatiya,1991,1,76.68,B60
Hatiya,1991,2,79.07,B60
Hatiya,1991,3,77.97,B60
Hatiya,1991,4,83.2,B60
Hatiya,1991,5,86.77,B60
Hatiya,1991,6,90.73,B60
Hatiya,1991,7,90.68,B60
Hatiya,1991,8,92.13,B60
Hatiya,1991,9,91.4,B60
Hatiya,1991,10,88.87,B60
Hatiya,1991,11,75.73,B60
Hatiya,1991,12,79.23,B60
Hatiya,1992,1,81.13,B60
Hatiya,1992,2,80.14,B60
Hatiya,1992,3,85.16,B60
Hatiya,1992,4,78.87,B60
Hatiya,1992,5,83.48,B60
Hatiya,1992,6,85.57,B60
Hatiya,1992,7,89.39,B60
Hatiya,1992,8,87.58,B60
Hatiya,1992,9,87.57,B60
Hatiya,1992,10,84.13,B60
Hatiya,1992,11,78.8,B60
Hatiya,1992,12,79.26,B60
Hatiya,1993,1,76.97,B60
Hatiya,1993,2,75.93,B60
Hatiya,1993,3,76.13,B60
Hatiya,1993,4,82.83,B60
Hatiya,1993,5,84.35,B60
Hatiya,1993,6,90.23,B60
Hatiya,1993,7,89.42,B60
Hatiya,1993,8,90.16,B60
Hatiya,1993,9,89.43,B60
Hatiya,1993,10,85.52,B60
Hatiya,1993,11,81.7,B60
Hatiya,1993,12,80.19,B60
Hatiya,1994,1,80.26,B60
Hatiya,1994,2,76.89,B60
Hatiya,1994,3,82.32,B60
Hatiya,1994,4,82.27,B60
Hatiya,1994,5,84.35,B60
Hatiya,1994,6,90.53,B60
Hatiya,1994,7,93.03,B60
Hatiya,1994,8,90.71,B60
Hatiya,1994,9,83,B60
Hatiya,1994,10,85.9,B60
Hatiya,1994,11,81,B60
Hatiya,1994,12,74.84,B60
Hatiya,1995,1,68.1,B60
Hatiya,1995,2,75.64,B60
Hatiya,1995,3,71.1,B60
Hatiya,1995,4,78.47,B60
Hatiya,1995,5,79.55,B60
Hatiya,1995,6,85.9,B60
Hatiya,1995,7,88.32,B60
Hatiya,1995,8,85.97,B60
Hatiya,1995,9,85.37,B60
Hatiya,1995,10,85.81,B60
Hatiya,1995,11,85.53,B60
Hatiya,1995,12,78.48,B60
Hatiya,1996,1,72.32,B60
Hatiya,1996,2,68.69,B60
Hatiya,1996,3,79.03,B60
Hatiya,1996,4,78.53,B60
Hatiya,1996,5,81.06,B60
Hatiya,1996,6,84.8,B60
Hatiya,1996,7,87.06,B60
Hatiya,1996,8,88.23,B60
Hatiya,1996,9,86,B60
Hatiya,1996,10,83.03,B60
Hatiya,1996,11,75.83,B60
Hatiya,1996,12,74.48,B60
Hatiya,1997,1,70.77,B60
Hatiya,1997,2,72.11,B60
Hatiya,1997,3,79.84,B60
Hatiya,1997,4,79.1,B60
Hatiya,1997,5,83.29,B60
Hatiya,1997,6,85.3,B60
Hatiya,1997,7,88.35,B60
Hatiya,1997,8,86.42,B60
Hatiya,1997,9,86.47,B60
Hatiya,1997,10,76.55,B60
Hatiya,1997,11,74.03,B60
Hatiya,1997,12,74.42,B60
Hatiya,1998,1,76.61,B60
Hatiya,1998,2,72.29,B60
Hatiya,1998,3,62.65,B60
Hatiya,1998,4,71.1,B60
Hatiya,1998,5,81.35,B60
Hatiya,1998,6,81.97,B60
Hatiya,1998,7,87.19,B60
Hatiya,1998,8,87.19,B60
Hatiya,1998,9,84.07,B60
Hatiya,1998,10,84.39,B60
Hatiya,1998,11,81.77,B60
Hatiya,1998,12,75.68,B60
Hatiya,1999,1,69.48,B60
Hatiya,1999,2,69.07,B60
Hatiya,1999,3,75.9,B60
Hatiya,1999,4,79.93,B60
Hatiya,1999,5,85,B60
Hatiya,1999,6,87.2,B60
Hatiya,1999,7,89.48,B60
Hatiya,1999,8,90.74,B60
Hatiya,1999,9,87.13,B60
Hatiya,1999,10,87.32,B60
Hatiya,1999,11,81.6,B60
Hatiya,1999,12,82.81,B60
Hatiya,2000,1,81.97,B60
Hatiya,2000,2,72.59,B60
Hatiya,2000,3,78.13,B60
Hatiya,2000,4,80,B60
Hatiya,2000,5,84.97,B60
Hatiya,2000,6,87.5,B60
Hatiya,2000,7,89.29,B60
Hatiya,2000,8,87.45,B60
Hatiya,2000,9,86.87,B60
Hatiya,2000,10,87.23,B60
Hatiya,2000,11,82.3,B60
Hatiya,2000,12,79.68,B60
Hatiya,2001,1,74.61,B60
Hatiya,2001,2,77.43,B60
Hatiya,2001,3,68.81,B60
Hatiya,2001,4,75.67,B60
Hatiya,2001,5,83.26,B60
Hatiya,2001,6,90.07,B60
Hatiya,2001,7,88.71,B60
Hatiya,2001,8,87.16,B60
Hatiya,2001,9,85.8,B60
Hatiya,2001,10,86.06,B60
Hatiya,2001,11,85.83,B60
Hatiya,2001,12,80.29,B60
Hatiya,2002,1,79.32,B60
Hatiya,2002,2,68.71,B60
Hatiya,2002,3,74.87,B60
Hatiya,2002,4,81.63,B60
Hatiya,2002,5,83.23,B60
Hatiya,2002,6,87.5,B60
Hatiya,2002,7,89.81,B60
Hatiya,2002,8,88.16,B60
Hatiya,2002,9,84.17,B60
Hatiya,2002,10,84.94,B60
Hatiya,2002,11,84.2,B60
Hatiya,2002,12,81.16,B60
Hatiya,2003,1,79.65,B60
Hatiya,2003,2,72.32,B60
Hatiya,2003,3,77.74,B60
Hatiya,2003,4,78.93,B60
Hatiya,2003,5,80.97,B60
Hatiya,2003,6,87.97,B60
Hatiya,2003,7,85.58,B60
Hatiya,2003,8,86.39,B60
Hatiya,2003,9,85.63,B60
Hatiya,2003,10,85.32,B60
Hatiya,2003,11,76.37,B60
Hatiya,2003,12,82,B60
Hatiya,2004,1,80.26,B60
Hatiya,2004,2,72.28,B60
Hatiya,2004,3,77.84,B60
Hatiya,2004,4,83.1,B60
Hatiya,2004,5,81.39,B60
Hatiya,2004,6,88.57,B60
Hatiya,2004,7,90.03,B60
Hatiya,2004,8,88.35,B60
Hatiya,2004,9,86.6,B60
Hatiya,2004,10,82.74,B60
Hatiya,2004,11,80.83,B60
Hatiya,2004,12,78.77,B60
Hatiya,2005,1,75.81,B60
Hatiya,2005,2,76,B60
Hatiya,2005,3,82.65,B60
Hatiya,2005,4,81.83,B60
Hatiya,2005,5,80.42,B60
Hatiya,2005,6,84.3,B60
Hatiya,2005,7,88.1,B60
Hatiya,2005,8,90.48,B60
Hatiya,2005,9,87.63,B60
Hatiya,2005,10,86.55,B60
Hatiya,2005,11,82.8,B60
Hatiya,2005,12,79.74,B60
Hatiya,2006,1,78.26,B60
Hatiya,2006,2,80.5,B60
Hatiya,2006,3,70.84,B60
Hatiya,2006,4,79.07,B60
Hatiya,2006,5,89.29,B60
Hatiya,2006,6,87.7,B60
Hatiya,2006,7,92,B60
Hatiya,2006,8,86.81,B60
Hatiya,2006,9,86.47,B60
Hatiya,2006,10,86.87,B60
Hatiya,2006,11,88.3,B60
Hatiya,2006,12,85.39,B60
Hatiya,2007,1,79.55,B60
Hatiya,2007,2,77.86,B60
Hatiya,2007,3,71.55,B60
Hatiya,2007,4,78.23,B60
Hatiya,2007,5,81.81,B60
Hatiya,2007,6,85.9,B60
Hatiya,2007,7,90.42,B60
Hatiya,2007,8,85.87,B60
Hatiya,2007,9,86.57,B60
Hatiya,2007,10,85.71,B60
Hatiya,2007,11,84.43,B60
Hatiya,2007,12,80.81,B60
Hatiya,2008,1,80.39,B60
Hatiya,2008,2,72.45,B60
Hatiya,2008,3,80.13,B60
Hatiya,2008,4,77.5,B60
Hatiya,2008,5,82.19,B60
Hatiya,2008,6,88.33,B60
Hatiya,2008,7,89.9,B60
Hatiya,2008,8,87.87,B60
Hatiya,2008,9,85.2,B60
Hatiya,2008,10,88.35,B60
Hatiya,2008,11,81.63,B60
Hatiya,2008,12,84.71,B60
Hatiya,2009,1,80.1,B60
Hatiya,2009,2,72.04,B60
Hatiya,2009,3,77.03,B60
Hatiya,2009,4,82.33,B60
Hatiya,2009,5,79.77,B60
Hatiya,2009,6,82.93,B60
Hatiya,2009,7,89.26,B60
Hatiya,2009,8,89.58,B60
Hatiya,2009,9,88.8,B60
Hatiya,2009,10,85.87,B60
Hatiya,2009,11,82.4,B60
Hatiya,2009,12,81.71,B60
Hatiya,2010,1,76.16,B60
Hatiya,2010,2,73.04,B60
Hatiya,2010,3,76.42,B60
Hatiya,2010,4,79,B60
Hatiya,2010,5,82.45,B60
Hatiya,2010,6,89.83,B60
Hatiya,2010,7,87.16,B60
Hatiya,2010,8,86.71,B60
Hatiya,2010,9,87.07,B60
Hatiya,2010,10,85.45,B60
Hatiya,2010,11,82.7,B60
Hatiya,2010,12,76.19,B60
Hatiya,2011,1,74.9,B60
Hatiya,2011,2,72.71,B60
Hatiya,2011,3,72.87,B60
Hatiya,2011,4,78.37,B60
Hatiya,2011,5,84.52,B60
Hatiya,2011,6,88.73,B60
Hatiya,2011,7,87.61,B60
Hatiya,2011,8,89.74,B60
Hatiya,2011,9,89.1,B60
Hatiya,2011,10,86.26,B60
Hatiya,2011,11,84.17,B60
Hatiya,2011,12,85.13,B60
Hatiya,2012,1,79.45,B60
Hatiya,2012,2,72.14,B60
Hatiya,2012,3,79.9,B60
Hatiya,2012,4,83.53,B60
Hatiya,2012,5,84.26,B60
Hatiya,2012,6,87.8,B60
Hatiya,2012,7,89.23,B60
Hatiya,2012,8,88.52,B60
Hatiya,2012,9,88.23,B60
Hatiya,2012,10,87.06,B60
Hatiya,2012,11,82.47,B60
Hatiya,2012,12,83.03,B60
Hatiya,2013,1,76.48,B60
Hatiya,2013,2,70.68,B60
Hatiya,2013,3,76.19,B60
Hatiya,2013,4,80.7,B60
Hatiya,2013,5,86.94,B60
Hatiya,2013,6,86.1,B60
Hatiya,2013,7,88.35,B60
Hatiya,2013,8,90.65,B60
Hatiya,2013,9,88.93,B60
Hatiya,2013,10,88.26,B60
Hatiya,2013,11,81.57,B60
Hatiya,2013,12,82.65,B60
Hatiya,2014,1,81.48,B60
Hatiya,2014,2,78.5,B60
Hatiya,2014,3,74.71,B60
Hatiya,2014,4,79.2,B60
Hatiya,2014,5,82.29,B60
Hatiya,2014,6,91,B60
Hatiya,2014,7,90.16,B60
Hatiya,2014,8,91.74,B60
Hatiya,2014,9,88.43,B60
Hatiya,2014,10,88.06,B60
Hatiya,2014,11,86.53,B60
Hatiya,2014,12,87.29,B60
Hatiya,2015,1,82.77,B60
Hatiya,2015,2,80,B60
Hatiya,2015,3,75.35,B60
Hatiya,2015,4,83.1,B60
Hatiya,2015,5,84.81,B60
Hatiya,2015,6,88.8,B60
Hatiya,2015,7,92.74,B60
Hatiya,2015,8,89.65,B60
Hatiya,2015,9,89.87,B60
Hatiya,2015,10,88.81,B60
Hatiya,2015,11,85.57,B60
Hatiya,2015,12,83.19,B60
Hatiya,2016,1,83.03,B60
Hatiya,2016,2,84.72,B60
Hatiya,2016,3,83.32,B60
Hatiya,2016,4,85.07,B60
Hatiya,2016,5,86.16,B60
Hatiya,2016,6,85.63,B60
Hatiya,2016,7,91.03,B60
Hatiya,2016,8,89.13,B60
Hatiya,2016,9,89.9,B60
Hatiya,2016,10,90,B60
Hatiya,2016,11,87.53,B60
Hatiya,2016,12,83.58,B60
Hatiya,2017,1,80.13,B60
Hatiya,2017,2,78,B60
Hatiya,2017,3,82.13,B60
Hatiya,2017,4,86,B60
Hatiya,2017,5,84.9,B60
Hatiya,2017,6,89.1,B60
Hatiya,2017,7,94.9,B60
Hatiya,2017,8,90.16,B60
Hatiya,2017,9,92.27,B60
Hatiya,2017,10,89.74,B60
Hatiya,2017,11,86.7,B60
Hatiya,2017,12,89.52,B60
Hatiya,2018,1,83.9,B60
Hatiya,2018,2,83.64,B60
Hatiya,2018,3,80.61,B60
Hatiya,2018,4,81.5,B60
Hatiya,2018,5,87.45,B60
Hatiya,2018,6,89.83,B60
Hatiya,2018,7,90.26,B60
Hatiya,2018,8,87.65,B60
Hatiya,2018,9,88.57,B60
Hatiya,2018,10,89.39,B60
Hatiya,2018,11,80.33,B60
Hatiya,2018,12,82.42,B60
Hatiya,2019,1,79.81,B60
Hatiya,2019,2,81.32,B60
Hatiya,2019,3,80.97,B60
Hatiya,2019,4,81.4,B60
Hatiya,2019,5,83.55,B60
Hatiya,2019,6,85.83,B60
Hatiya,2019,7,91.94,B60
Hatiya,2019,8,89.29,B60
Hatiya,2019,9,89.73,B60
Hatiya,2019,10,89.26,B60
Hatiya,2019,11,87.33,B60
Hatiya,2019,12,85.48,B60
Hatiya,2020,1,85.94,B60
Hatiya,2020,2,80.14,B60
Hatiya,2020,3,77.16,B60
Hatiya,2020,4,84.1,B60
Hatiya,2020,5,83.87,B60
Hatiya,2020,6,90.33,B60
Hatiya,2020,7,92.32,B60
Hatiya,2020,8,91.81,B60
Hatiya,2020,9,91.9,B60
Hatiya,2020,10,89.71,B60
Hatiya,2020,11,85.97,B60
Hatiya,2020,12,88.5,B60
Hatiya,2021,1,82.08,B60
Hatiya,2021,2,72.82,B60
Hatiya,2021,3,70.41,B60
Hatiya,2021,4,70.21,B60
Hatiya,2021,5,72.6,B60
Hatiya,2021,6,89.14,B60
Hatiya,2021,7,90.83,B60
Hatiya,2021,8,91.11,B60
Hatiya,2021,9,89.76,B60
Hatiya,2021,10,89.61,B60
Hatiya,2021,11,84.31,B60
Hatiya,2021,12,85.6,B60
Hatiya,2023,1,81.13,B60
Hatiya,2023,2,75.55,B60
Hatiya,2023,3,71.42,B60
Hatiya,2023,4,71.2,B60
Hatiya,2023,5,73.94,B60
Hatiya,2023,6,86.35,B60
Hatiya,2023,7,83.89,B60
Hatiya,2023,8,90.58,B60
Hatiya,2023,9,88.33,B60
Hatiya,2023,10,87.31,B60
Hatiya,2023,11,86.6,B60
Hatiya,2023,12,86.95,B60
Hatiya,2022,1,85.13,B60
Hatiya,2022,2,78.93,B60
Hatiya,2022,3,73.19,B60
Hatiya,2022,4,80.53,B60
Hatiya,2022,5,82.9,B60
Hatiya,2022,6,89.03,B60
Hatiya,2022,7,86.03,B60
Hatiya,2022,8,88.1,B60
Hatiya,2022,9,89.2,B60
Hatiya,2022,10,86.87,B60
Hatiya,2022,11,83.13,B60
Hatiya,2022,12,84.58,B60
Hijla,2023,8,89.04,B60
Hijla,2023,9,88.96,B60
Hijla,2023,10,88.28,B60
Hijla,2023,11,85.73,B60
Hijla,2023,12,91.31,B60
Ishurdi,1961,3,63.14,B60
Ishurdi,1961,4,55.93,B60
Ishurdi,1961,5,78.45,B60
Ishurdi,1961,6,88.73,B60
Ishurdi,1961,7,88.39,B60
Ishurdi,1961,8,88.48,B60
Ishurdi,1961,9,85.93,B60
Ishurdi,1961,10,84.52,B60
Ishurdi,1961,11,81.03,B60
Ishurdi,1961,12,80.03,B60
Ishurdi,1962,1,75.1,B60
Ishurdi,1962,2,70.74,B60
Ishurdi,1962,3,49.16,B60
Ishurdi,1962,4,60.93,B60
Ishurdi,1962,5,80.13,B60
Ishurdi,1962,6,88.37,B60
Ishurdi,1962,7,88.42,B60
Ishurdi,1962,8,88.74,B60
Ishurdi,1962,9,85.43,B60
Ishurdi,1962,10,81.23,B60
Ishurdi,1962,11,75.8,B60
Ishurdi,1962,12,77.03,B60
Ishurdi,1963,1,78.97,B60
Ishurdi,1963,2,59.39,B60
Ishurdi,1963,3,53.65,B60
Ishurdi,1963,4,65,B60
Ishurdi,1963,5,77.65,B60
Ishurdi,1963,6,86.3,B60
Ishurdi,1963,7,89.42,B60
Ishurdi,1963,8,90.06,B60
Ishurdi,1963,9,85.73,B60
Ishurdi,1963,10,85.35,B60
Ishurdi,1963,11,81.03,B60
Ishurdi,1963,12,80.55,B60
Ishurdi,1964,1,67.97,B60
Ishurdi,1964,2,66.24,B60
Ishurdi,1964,3,52.19,B60
Ishurdi,1964,4,70.97,B60
Ishurdi,1964,5,77.39,B60
Ishurdi,1964,6,83.25,B60
Ishurdi,1964,7,89.35,B60
Ishurdi,1964,8,85.35,B60
Ishurdi,1964,9,86.43,B60
Ishurdi,1964,10,87.26,B60
Ishurdi,1964,11,78.33,B60
Ishurdi,1964,12,75.97,B60
Ishurdi,1965,1,74.26,B60
Ishurdi,1965,2,65.14,B60
Ishurdi,1965,3,57.9,B60
Ishurdi,1965,4,57.5,B60
Ishurdi,1965,5,70.06,B60
Ishurdi,1965,6,80.3,B60
Ishurdi,1965,7,86.81,B60
Ishurdi,1965,8,88.1,B60
Ishurdi,1965,9,86.5,B60
Ishurdi,1965,10,83.65,B60
Ishurdi,1965,11,80.3,B60
Ishurdi,1965,12,74.58,B60
Ishurdi,1966,1,77.84,B60
Ishurdi,1966,2,68.32,B60
Ishurdi,1966,3,49.06,B60
Ishurdi,1966,4,56.17,B60
Ishurdi,1966,5,61.58,B60
Ishurdi,1966,6,81.37,B60
Ishurdi,1966,7,87,B60
Ishurdi,1966,8,87.45,B60
Ishurdi,1966,9,85.77,B60
Ishurdi,1966,10,84.97,B60
Ishurdi,1966,11,78,B60
Ishurdi,1966,12,78.13,B60
Ishurdi,1967,1,60.65,B60
Ishurdi,1967,2,49.68,B60
Ishurdi,1967,3,60.68,B60
Ishurdi,1967,4,50.07,B60
Ishurdi,1967,5,63,B60
Ishurdi,1967,6,77.17,B60
Ishurdi,1967,7,80.55,B60
Ishurdi,1967,8,84.13,B60
Ishurdi,1967,9,83.8,B60
Ishurdi,1967,10,76.88,B60
Ishurdi,1967,11,64.62,B60
Ishurdi,1967,12,66.77,B60
Ishurdi,1968,1,72.74,B60
Ishurdi,1968,2,57.76,B60
Ishurdi,1968,3,50.87,B60
Ishurdi,1968,4,61.1,B60
Ishurdi,1968,5,67.65,B60
Ishurdi,1968,6,88.73,B60
Ishurdi,1968,7,89,B60
Ishurdi,1968,8,86.77,B60
Ishurdi,1968,9,84.73,B60
Ishurdi,1968,10,83.97,B60
Ishurdi,1968,11,77.23,B60
Ishurdi,1968,12,72.23,B60
Ishurdi,1969,1,70,B60
Ishurdi,1969,2,62.36,B60
Ishurdi,1969,3,62.48,B60
Ishurdi,1969,4,63.23,B60
Ishurdi,1969,5,76.29,B60
Ishurdi,1969,6,86.83,B60
Ishurdi,1969,7,88.84,B60
Ishurdi,1969,8,89.48,B60
Ishurdi,1969,9,85.97,B60
Ishurdi,1969,10,81.16,B60
Ishurdi,1969,11,79.03,B60
Ishurdi,1969,12,75.84,B60
Ishurdi,1970,1,74.29,B60
Ishurdi,1970,2,68.25,B60
Ishurdi,1970,3,57.7,B60
Ishurdi,1970,4,60.7,B60
Ishurdi,1970,5,65.77,B60
Ishurdi,1970,6,84.63,B60
Ishurdi,1970,7,85.71,B60
Ishurdi,1970,8,86.13,B60
Ishurdi,1970,9,87,B60
Ishurdi,1970,10,84.16,B60
Ishurdi,1970,11,74.1,B60
Ishurdi,1970,12,70.97,B60
Ishurdi,1971,1,73.9,B60
Ishurdi,1971,7,84.48,B60
Ishurdi,1971,8,86.03,B60
Ishurdi,1972,2,52.72,B60
Ishurdi,1972,3,49.8,B60
Ishurdi,1972,4,53.13,B60
Ishurdi,1972,5,62.87,B60
Ishurdi,1972,6,76.7,B60
Ishurdi,1972,7,82.16,B60
Ishurdi,1972,8,85.77,B60
Ishurdi,1972,9,82.7,B60
Ishurdi,1972,10,74.65,B60
Ishurdi,1972,11,72.53,B60
Ishurdi,1972,12,74.68,B60
Ishurdi,1973,1,66.81,B60
Ishurdi,1973,2,60.25,B60
Ishurdi,1973,3,55.23,B60
Ishurdi,1973,4,56.53,B60
Ishurdi,1973,5,80.74,B60
Ishurdi,1973,6,84.43,B60
Ishurdi,1973,7,83.19,B60
Ishurdi,1973,8,83.48,B60
Ishurdi,1973,9,85.7,B60
Ishurdi,1973,10,83.1,B60
Ishurdi,1973,11,79.1,B60
Ishurdi,1973,12,75.24,B60
Ishurdi,1974,1,69.61,B60
Ishurdi,1974,2,57.46,B60
Ishurdi,1974,3,55.52,B60
Ishurdi,1974,4,70.2,B60
Ishurdi,1974,5,74,B60
Ishurdi,1974,6,79.83,B60
Ishurdi,1974,7,87.71,B60
Ishurdi,1974,8,83.19,B60
Ishurdi,1974,9,83.97,B60
Ishurdi,1974,10,79.45,B60
Ishurdi,1974,11,74.33,B60
Ishurdi,1974,12,67.9,B60
Ishurdi,1975,1,67.81,B60
Ishurdi,1975,2,59.68,B60
Ishurdi,1975,3,46.81,B60
Ishurdi,1975,4,55.33,B60
Ishurdi,1975,5,70.48,B60
Ishurdi,1975,6,78.87,B60
Ishurdi,1975,7,86.68,B60
Ishurdi,1975,8,82.45,B60
Ishurdi,1975,9,84.27,B60
Ishurdi,1975,10,81.29,B60
Ishurdi,1975,11,73.63,B60
Ishurdi,1975,12,69.48,B60
Ishurdi,1976,1,66.71,B60
Ishurdi,1976,2,63.77,B60
Ishurdi,1976,3,46.87,B60
Ishurdi,1976,4,48.67,B60
Ishurdi,1976,5,71.94,B60
Ishurdi,1976,6,80.17,B60
Ishurdi,1976,7,83.45,B60
Ishurdi,1976,8,84.29,B60
Ishurdi,1976,9,82.4,B60
Ishurdi,1976,10,77.97,B60
Ishurdi,1976,11,71.43,B60
Ishurdi,1976,12,66.61,B60
Ishurdi,1977,1,64.77,B60
Ishurdi,1977,2,61.79,B60
Ishurdi,1977,3,51.84,B60
Ishurdi,1977,4,69.33,B60
Ishurdi,1977,5,76.93,B60
Ishurdi,1977,6,84.63,B60
Ishurdi,1977,7,84.32,B60
Ishurdi,1977,8,82.06,B60
Ishurdi,1977,9,81.3,B60
Ishurdi,1977,10,79.74,B60
Ishurdi,1977,11,76.27,B60
Ishurdi,1977,12,70.1,B60
Ishurdi,1978,1,66.65,B60
Ishurdi,1978,2,61.46,B60
Ishurdi,1978,3,53.68,B60
Ishurdi,1978,4,61.43,B60
Ishurdi,1978,5,75.06,B60
Ishurdi,1978,6,82.63,B60
Ishurdi,1978,7,82.35,B60
Ishurdi,1978,9,81.07,B60
Ishurdi,1978,10,78.94,B60
Ishurdi,1978,11,71.27,B60
Ishurdi,1978,12,67.16,B60
Ishurdi,1979,1,69.06,B60
Ishurdi,1979,2,65.79,B60
Ishurdi,1979,3,43.42,B60
Ishurdi,1979,4,53.8,B60
Ishurdi,1979,5,49.13,B60
Ishurdi,1979,6,71.13,B60
Ishurdi,1979,7,82.23,B60
Ishurdi,1979,8,82.55,B60
Ishurdi,1979,9,82.13,B60
Ishurdi,1979,10,78.52,B60
Ishurdi,1979,11,73.77,B60
Ishurdi,1979,12,73.55,B60
Ishurdi,1980,1,70.06,B60
Ishurdi,1980,2,61.21,B60
Ishurdi,1980,3,55.58,B60
Ishurdi,1980,4,53.37,B60
Ishurdi,1980,5,76.29,B60
Ishurdi,1980,6,83.4,B60
Ishurdi,1980,7,86.19,B60
Ishurdi,1980,8,83.74,B60
Ishurdi,1980,9,82.79,B60
Ishurdi,1980,10,82.45,B60
Ishurdi,1980,11,73.27,B60
Ishurdi,1980,12,69.94,B60
Ishurdi,1981,1,74.52,B60
Ishurdi,1981,2,70.68,B60
Ishurdi,1981,3,65,B60
Ishurdi,1981,4,73.2,B60
Ishurdi,1981,5,77.03,B60
Ishurdi,1981,6,81.33,B60
Ishurdi,1981,7,85.52,B60
Ishurdi,1981,8,82.65,B60
Ishurdi,1981,9,84.37,B60
Ishurdi,1981,10,74.23,B60
Ishurdi,1981,11,69.33,B60
Ishurdi,1981,12,72.55,B60
Ishurdi,1982,1,70.26,B60
Ishurdi,1982,2,64.14,B60
Ishurdi,1982,3,62.97,B60
Ishurdi,1982,4,67.53,B60
Ishurdi,1982,5,65.74,B60
Ishurdi,1982,6,80.17,B60
Ishurdi,1982,7,80.06,B60
Ishurdi,1982,8,83.06,B60
Ishurdi,1982,9,79.63,B60
Ishurdi,1982,10,74.52,B60
Ishurdi,1982,11,72.7,B60
Ishurdi,1982,12,69.58,B60
Ishurdi,1983,1,69.77,B60
Ishurdi,1983,2,60.54,B60
Ishurdi,1983,3,52.68,B60
Ishurdi,1983,4,56.23,B60
Ishurdi,1983,5,77.26,B60
Ishurdi,1983,6,76.63,B60
Ishurdi,1983,7,82.23,B60
Ishurdi,1983,8,83.42,B60
Ishurdi,1983,9,83.4,B60
Ishurdi,1983,10,81.74,B60
Ishurdi,1983,11,73.5,B60
Ishurdi,1983,12,71.94,B60
Ishurdi,1984,1,71.87,B60
Ishurdi,1984,2,61.9,B60
Ishurdi,1984,3,49.87,B60
Ishurdi,1984,4,59.73,B60
Ishurdi,1984,5,74.87,B60
Ishurdi,1984,6,82.93,B60
Ishurdi,1984,7,82.94,B60
Ishurdi,1984,8,82.77,B60
Ishurdi,1984,9,80.73,B60
Ishurdi,1984,10,79.1,B60
Ishurdi,1984,11,68.93,B60
Ishurdi,1984,12,70.1,B60
Ishurdi,1985,1,71.19,B60
Ishurdi,1985,2,58,B60
Ishurdi,1985,3,52.23,B60
Ishurdi,1985,4,54.77,B60
Ishurdi,1985,5,70.68,B60
Ishurdi,1985,6,79.13,B60
Ishurdi,1985,7,83.19,B60
Ishurdi,1985,8,82.19,B60
Ishurdi,1985,9,80.93,B60
Ishurdi,1985,10,81.03,B60
Ishurdi,1985,11,73.03,B60
Ishurdi,1985,12,70.87,B60
Ishurdi,1986,1,69.52,B60
Ishurdi,1986,2,62.75,B60
Ishurdi,1986,3,55.29,B60
Ishurdi,1986,4,68.9,B60
Ishurdi,1986,5,71.81,B60
Ishurdi,1986,6,81.07,B60
Ishurdi,1986,7,88.06,B60
Ishurdi,1986,8,84.06,B60
Ishurdi,1986,9,87.63,B60
Ishurdi,1986,10,84.55,B60
Ishurdi,1986,11,82.1,B60
Ishurdi,1986,12,78.94,B60
Ishurdi,1987,1,76.16,B60
Ishurdi,1987,2,69.11,B60
Ishurdi,1987,3,61,B60
Ishurdi,1987,4,62.03,B60
Ishurdi,1987,5,68.84,B60
Ishurdi,1987,6,80.5,B60
Ishurdi,1987,7,89.29,B60
Ishurdi,1987,8,84.45,B60
Ishurdi,1987,9,85,B60
Ishurdi,1987,10,81.97,B60
Ishurdi,1987,11,77.9,B60
Ishurdi,1987,12,79,B60
Ishurdi,1988,1,77.19,B60
Ishurdi,1988,2,71.14,B60
Ishurdi,1988,3,69.48,B60
Ishurdi,1988,4,64.47,B60
Ishurdi,1988,5,79.39,B60
Ishurdi,1988,6,86.53,B60
Ishurdi,1988,7,88.23,B60
Ishurdi,1988,8,87.65,B60
Ishurdi,1988,9,84.73,B60
Ishurdi,1988,10,80.48,B60
Ishurdi,1988,11,75.67,B60
Ishurdi,1988,12,79.23,B60
Ishurdi,1989,1,72.97,B60
Ishurdi,1989,2,65.75,B60
Ishurdi,1989,3,56.35,B60
Ishurdi,1989,4,54.83,B60
Ishurdi,1989,5,72.45,B60
Ishurdi,1989,6,83.07,B60
Ishurdi,1989,7,87.94,B60
Ishurdi,1989,8,84.74,B60
Ishurdi,1989,9,86.33,B60
Ishurdi,1989,10,84.55,B60
Ishurdi,1989,11,77.57,B60
Ishurdi,1989,12,76.39,B60
Ishurdi,1990,1,78.39,B60
Ishurdi,1990,2,76,B60
Ishurdi,1990,3,75.48,B60
Ishurdi,1990,4,72.4,B60
Ishurdi,1990,5,80.32,B60
Ishurdi,1990,6,85.17,B60
Ishurdi,1990,7,87.71,B60
Ishurdi,1990,8,84.48,B60
Ishurdi,1990,9,86.63,B60
Ishurdi,1990,10,82.45,B60
Ishurdi,1990,11,76.43,B60
Ishurdi,1990,12,74.87,B60
Ishurdi,1991,1,74.68,B60
Ishurdi,1991,2,69.21,B60
Ishurdi,1991,3,64.77,B60
Ishurdi,1991,4,63,B60
Ishurdi,1991,5,80.87,B60
Ishurdi,1991,6,86.3,B60
Ishurdi,1991,7,87.48,B60
Ishurdi,1991,8,86.13,B60
Ishurdi,1991,9,89.37,B60
Ishurdi,1991,10,84.61,B60
Ishurdi,1991,11,76.33,B60
Ishurdi,1991,12,79.58,B60
Ishurdi,1992,1,79.9,B60
Ishurdi,1992,2,76.24,B60
Ishurdi,1992,3,55.26,B60
Ishurdi,1992,4,56.47,B60
Ishurdi,1992,5,71.81,B60
Ishurdi,1992,6,78.4,B60
Ishurdi,1992,7,86.35,B60
Ishurdi,1992,8,84.97,B60
Ishurdi,1992,9,84.13,B60
Ishurdi,1992,10,81.55,B60
Ishurdi,1992,11,76.97,B60
Ishurdi,1992,12,77.39,B60
Ishurdi,1993,1,76.94,B60
Ishurdi,1993,2,70.5,B60
Ishurdi,1993,3,60.52,B60
Ishurdi,1993,4,68.77,B60
Ishurdi,1993,5,81.32,B60
Ishurdi,1993,6,84.6,B60
Ishurdi,1993,7,85.97,B60
Ishurdi,1993,8,87.23,B60
Ishurdi,1993,9,87.5,B60
Ishurdi,1993,10,82.74,B60
Ishurdi,1993,11,78.33,B60
Ishurdi,1993,12,74.16,B60
Ishurdi,1994,1,77.16,B60
Ishurdi,1994,2,75.61,B60
Ishurdi,1994,3,65.32,B60
Ishurdi,1994,4,63.1,B60
Ishurdi,1994,5,73.9,B60
Ishurdi,1994,6,85.43,B60
Ishurdi,1994,7,84.58,B60
Ishurdi,1994,8,85.71,B60
Ishurdi,1994,9,83,B60
Ishurdi,1994,10,79.71,B60
Ishurdi,1994,11,77.7,B60
Ishurdi,1994,12,74,B60
Ishurdi,1995,1,73.39,B60
Ishurdi,1995,2,74,B60
Ishurdi,1995,3,58.13,B60
Ishurdi,1995,4,54.6,B60
Ishurdi,1995,5,71.87,B60
Ishurdi,1995,6,84,B60
Ishurdi,1995,7,87.71,B60
Ishurdi,1995,8,87.35,B60
Ishurdi,1995,9,87.33,B60
Ishurdi,1995,10,82.42,B60
Ishurdi,1995,11,81,B60
Ishurdi,1995,12,78.58,B60
Ishurdi,1996,1,76.77,B60
Ishurdi,1996,2,72.97,B60
Ishurdi,1996,3,63.55,B60
Ishurdi,1996,4,62.2,B60
Ishurdi,1996,5,74.74,B60
Ishurdi,1996,6,84.07,B60
Ishurdi,1996,7,86.39,B60
Ishurdi,1996,8,88.9,B60
Ishurdi,1996,9,85.97,B60
Ishurdi,1996,10,83.26,B60
Ishurdi,1996,11,80,B60
Ishurdi,1996,12,73.9,B60
Ishurdi,1997,1,74.9,B60
Ishurdi,1997,2,67.82,B60
Ishurdi,1997,3,67.06,B60
Ishurdi,1997,4,74.5,B60
Ishurdi,1997,5,74.06,B60
Ishurdi,1997,6,82.9,B60
Ishurdi,1997,7,88.23,B60
Ishurdi,1997,8,86.68,B60
Ishurdi,1997,9,87.2,B60
Ishurdi,1997,10,79.45,B60
Ishurdi,1997,11,78.27,B60
Ishurdi,1997,12,81.23,B60
Ishurdi,1998,1,81.23,B60
Ishurdi,1998,2,73.29,B60
Ishurdi,1998,3,67.77,B60
Ishurdi,1998,4,74.13,B60
Ishurdi,1998,5,79.06,B60
Ishurdi,1998,6,82.37,B60
Ishurdi,1998,7,88.55,B60
Ishurdi,1998,8,88.06,B60
Ishurdi,1998,9,86.23,B60
Ishurdi,1998,10,83.68,B60
Ishurdi,1998,11,81.5,B60
Ishurdi,1998,12,76.06,B60
Ishurdi,1999,1,74.71,B60
Ishurdi,1999,2,67.18,B60
Ishurdi,1999,3,55.26,B60
Ishurdi,1999,4,67.63,B60
Ishurdi,1999,5,77.52,B60
Ishurdi,1999,6,83.97,B60
Ishurdi,1999,7,89.19,B60
Ishurdi,1999,8,87.68,B60
Ishurdi,1999,9,89.07,B60
Ishurdi,1999,10,84.71,B60
Ishurdi,1999,11,77.17,B60
Ishurdi,1999,12,77.13,B60
Ishurdi,2000,1,78.26,B60
Ishurdi,2000,2,74.72,B60
Ishurdi,2000,3,68.03,B60
Ishurdi,2000,4,73.3,B60
Ishurdi,2000,5,81.81,B60
Ishurdi,2000,6,85.07,B60
Ishurdi,2000,7,86.03,B60
Ishurdi,2000,8,85.84,B60
Ishurdi,2000,9,88.73,B60
Ishurdi,2000,10,84.87,B60
Ishurdi,2000,11,80.27,B60
Ishurdi,2000,12,76.42,B60
Ishurdi,2001,1,73.77,B60
Ishurdi,2001,2,70.39,B60
Ishurdi,2001,3,60.03,B60
Ishurdi,2001,4,64.77,B60
Ishurdi,2001,5,80.48,B60
Ishurdi,2001,6,85,B60
Ishurdi,2001,7,84.97,B60
Ishurdi,2001,8,83.94,B60
Ishurdi,2001,9,87.03,B60
Ishurdi,2001,10,83.84,B60
Ishurdi,2001,11,80.53,B60
Ishurdi,2001,12,80.19,B60
Ishurdi,2002,1,77.03,B60
Ishurdi,2002,2,68.54,B60
Ishurdi,2002,3,64.16,B60
Ishurdi,2002,4,74.23,B60
Ishurdi,2002,5,81.87,B60
Ishurdi,2002,6,86.4,B60
Ishurdi,2002,7,87.65,B60
Ishurdi,2002,8,87.29,B60
Ishurdi,2002,9,85.13,B60
Ishurdi,2002,10,81.48,B60
Ishurdi,2002,11,79.07,B60
Ishurdi,2002,12,80.23,B60
Ishurdi,2003,1,80.42,B60
Ishurdi,2003,2,75.29,B60
Ishurdi,2003,3,72.32,B60
Ishurdi,2003,4,73,B60
Ishurdi,2003,5,74.68,B60
Ishurdi,2003,6,84.6,B60
Ishurdi,2003,7,84.45,B60
Ishurdi,2003,8,84.23,B60
Ishurdi,2003,9,87.03,B60
Ishurdi,2003,10,86.77,B60
Ishurdi,2003,11,78.03,B60
Ishurdi,2003,12,80.65,B60
Ishurdi,2004,1,81.45,B60
Ishurdi,2004,2,69.97,B60
Ishurdi,2004,3,64.55,B60
Ishurdi,2004,4,73.1,B60
Ishurdi,2004,5,69.71,B60
Ishurdi,2004,6,86.1,B60
Ishurdi,2004,7,87.52,B60
Ishurdi,2004,8,84.97,B60
Ishurdi,2004,9,87.57,B60
Ishurdi,2004,10,82.65,B60
Ishurdi,2004,11,77.33,B60
Ishurdi,2004,12,78.68,B60
Ishurdi,2005,1,81.06,B60
Ishurdi,2005,2,71.04,B60
Ishurdi,2005,3,68.58,B60
Ishurdi,2005,4,67.93,B60
Ishurdi,2005,5,74.71,B60
Ishurdi,2005,6,78.07,B60
Ishurdi,2005,7,85.45,B60
Ishurdi,2005,8,85.71,B60
Ishurdi,2005,9,84.3,B60
Ishurdi,2005,10,85.97,B60
Ishurdi,2005,11,80.37,B60
Ishurdi,2005,12,75.39,B60
Ishurdi,2006,1,77.26,B60
Ishurdi,2006,2,72.18,B60
Ishurdi,2006,3,61.19,B60
Ishurdi,2006,4,71.57,B60
Ishurdi,2006,5,76.71,B60
Ishurdi,2006,6,83.87,B60
Ishurdi,2006,7,84.81,B60
Ishurdi,2006,8,84.42,B60
Ishurdi,2006,9,85.77,B60
Ishurdi,2006,10,81.77,B60
Ishurdi,2006,11,77.83,B60
Ishurdi,2006,12,77.81,B60
Ishurdi,2007,1,74.84,B60
Ishurdi,2007,2,78.68,B60
Ishurdi,2007,3,64.87,B60
Ishurdi,2007,4,69.43,B60
Ishurdi,2007,5,72.94,B60
Ishurdi,2007,6,82.67,B60
Ishurdi,2007,7,86.94,B60
Ishurdi,2007,8,84.03,B60
Ishurdi,2007,9,85.2,B60
Ishurdi,2007,10,82.1,B60
Ishurdi,2007,11,79.07,B60
Ishurdi,2007,12,77.74,B60
Ishurdi,2008,1,80.52,B60
Ishurdi,2008,2,74.17,B60
Ishurdi,2008,3,72.68,B60
Ishurdi,2008,4,69.27,B60
Ishurdi,2008,5,73.65,B60
Ishurdi,2008,6,84.7,B60
Ishurdi,2008,7,87.65,B60
Ishurdi,2008,8,85.55,B60
Ishurdi,2008,9,84.4,B60
Ishurdi,2008,10,83.16,B60
Ishurdi,2008,11,77.9,B60
Ishurdi,2008,12,84.71,B60
Ishurdi,2009,1,83.48,B60
Ishurdi,2009,2,67.64,B60
Ishurdi,2009,3,63.65,B60
Ishurdi,2009,4,65.43,B60
Ishurdi,2009,5,76.68,B60
Ishurdi,2009,6,75.73,B60
Ishurdi,2009,7,83.81,B60
Ishurdi,2009,8,85.94,B60
Ishurdi,2009,9,84.83,B60
Ishurdi,2009,10,81.16,B60
Ishurdi,2009,11,76.4,B60
Ishurdi,2009,12,79.1,B60
Ishurdi,2010,1,80.74,B60
Ishurdi,2010,2,70.25,B60
Ishurdi,2010,3,61.16,B60
Ishurdi,2010,4,68.3,B60
Ishurdi,2010,5,76,B60
Ishurdi,2010,6,83.8,B60
Ishurdi,2010,7,83.9,B60
Ishurdi,2010,8,83.68,B60
Ishurdi,2010,9,86.1,B60
Ishurdi,2010,10,83.42,B60
Ishurdi,2010,11,78.47,B60
Ishurdi,2010,12,78.55,B60
Ishurdi,2011,1,79.84,B60
Ishurdi,2011,2,71.54,B60
Ishurdi,2011,3,65.84,B60
Ishurdi,2011,4,71.33,B60
Ishurdi,2011,5,78.29,B60
Ishurdi,2011,6,82.3,B60
Ishurdi,2011,7,83.48,B60
Ishurdi,2011,8,87.16,B60
Ishurdi,2011,9,85.4,B60
Ishurdi,2011,10,81.23,B60
Ishurdi,2011,11,79.83,B60
Ishurdi,2011,12,84.1,B60
Ishurdi,2012,1,79.06,B60
Ishurdi,2012,2,66.55,B60
Ishurdi,2012,3,60.1,B60
Ishurdi,2012,4,68.03,B60
Ishurdi,2012,5,71.68,B60
Ishurdi,2012,6,81.67,B60
Ishurdi,2012,7,87.77,B60
Ishurdi,2012,8,86.97,B60
Ishurdi,2012,9,86.9,B60
Ishurdi,2012,10,83.23,B60
Ishurdi,2012,11,80.43,B60
Ishurdi,2012,12,86.61,B60
Ishurdi,2013,1,81.65,B60
Ishurdi,2013,2,74.96,B60
Ishurdi,2013,3,63.39,B60
Ishurdi,2013,4,63.1,B60
Ishurdi,2013,5,81.71,B60
Ishurdi,2013,6,83.43,B60
Ishurdi,2013,7,82.97,B60
Ishurdi,2013,8,85.94,B60
Ishurdi,2013,9,84.6,B60
Ishurdi,2013,10,85.77,B60
Ishurdi,2013,11,78.13,B60
Ishurdi,2013,12,81.16,B60
Ishurdi,2014,1,83.52,B60
Ishurdi,2014,2,76.5,B60
Ishurdi,2014,3,64.68,B60
Ishurdi,2014,4,61.1,B60
Ishurdi,2014,5,69.03,B60
Ishurdi,2014,6,83.87,B60
Ishurdi,2014,7,85.1,B60
Ishurdi,2014,8,84.77,B60
Ishurdi,2014,9,83.33,B60
Ishurdi,2014,10,82.74,B60
Ishurdi,2014,11,77.1,B60
Ishurdi,2014,12,83.45,B60
Ishurdi,2015,1,82.52,B60
Ishurdi,2015,2,77.18,B60
Ishurdi,2015,3,65.23,B60
Ishurdi,2015,4,75.63,B60
Ishurdi,2015,5,77.68,B60
Ishurdi,2015,6,82.1,B60
Ishurdi,2015,7,85.42,B60
Ishurdi,2015,8,85.87,B60
Ishurdi,2015,9,82.87,B60
Ishurdi,2015,10,81.74,B60
Ishurdi,2015,11,80.3,B60
Ishurdi,2015,12,80.61,B60
Ishurdi,2016,1,82,B60
Ishurdi,2016,2,77.38,B60
Ishurdi,2016,3,69.52,B60
Ishurdi,2016,4,70.47,B60
Ishurdi,2016,5,77.87,B60
Ishurdi,2016,6,82.2,B60
Ishurdi,2016,7,88.65,B60
Ishurdi,2016,8,84.42,B60
Ishurdi,2016,9,86.63,B60
Ishurdi,2016,10,82.32,B60
Ishurdi,2016,11,79.53,B60
Ishurdi,2016,12,83.03,B60
Ishurdi,2017,1,78.42,B60
Ishurdi,2017,2,71.89,B60
Ishurdi,2017,3,71.61,B60
Ishurdi,2017,4,73.57,B60
Ishurdi,2017,5,77.68,B60
Ishurdi,2017,6,82.97,B60
Ishurdi,2017,7,87.58,B60
Ishurdi,2017,8,85.52,B60
Ishurdi,2017,9,86.1,B60
Ishurdi,2017,10,86.06,B60
Ishurdi,2017,11,80.57,B60
Ishurdi,2017,12,84.19,B60
Ishurdi,2018,1,82.03,B60
Ishurdi,2018,2,73.14,B60
Ishurdi,2018,3,67.45,B60
Ishurdi,2018,4,77.1,B60
Ishurdi,2018,5,81.06,B60
Ishurdi,2018,6,80.23,B60
Ishurdi,2018,7,85.1,B60
Ishurdi,2018,8,82.71,B60
Ishurdi,2018,9,81.87,B60
Ishurdi,2018,10,80.77,B60
Ishurdi,2018,11,77.23,B60
Ishurdi,2018,12,75.68,B60
Ishurdi,2019,1,75.29,B60
Ishurdi,2019,2,74.36,B60
Ishurdi,2019,3,65.13,B60
Ishurdi,2019,4,75.5,B60
Ishurdi,2019,5,75.77,B60
Ishurdi,2019,6,81.17,B60
Ishurdi,2019,7,83.77,B60
Ishurdi,2019,8,83.61,B60
Ishurdi,2019,9,85.7,B60
Ishurdi,2019,10,84.9,B60
Ishurdi,2019,11,81.87,B60
Ishurdi,2019,12,82.39,B60
Ishurdi,2020,1,83.29,B60
Ishurdi,2020,2,75.9,B60
Ishurdi,2020,3,70.35,B60
Ishurdi,2020,4,70.23,B60
Ishurdi,2020,5,79.19,B60
Ishurdi,2020,6,83.63,B60
Ishurdi,2020,7,85.55,B60
Ishurdi,2020,8,83.94,B60
Ishurdi,2020,9,86,B60
Ishurdi,2020,10,83.68,B60
Ishurdi,2020,11,77.77,B60
Ishurdi,2020,12,88.06,B60
Ishurdi,2021,1,85.44,B60
Ishurdi,2021,2,71.43,B60
Ishurdi,2021,3,59.48,B60
Ishurdi,2021,4,59.6,B60
Ishurdi,2021,5,72.24,B60
Ishurdi,2021,6,81.9,B60
Ishurdi,2021,7,84.2,B60
Ishurdi,2021,8,85.18,B60
Ishurdi,2021,9,84.13,B60
Ishurdi,2021,10,82.47,B60
Ishurdi,2021,11,78.95,B60
Ishurdi,2021,12,80.1,B60
Ishurdi,2023,1,86.39,B60
Ishurdi,2023,2,76.3,B60
Ishurdi,2023,3,66.08,B60
Ishurdi,2023,4,53.87,B60
Ishurdi,2023,5,66.87,B60
Ishurdi,2023,6,73.27,B60
Ishurdi,2023,7,77.42,B60
Ishurdi,2023,8,81.95,B60
Ishurdi,2023,9,83.52,B60
Ishurdi,2023,10,83.77,B60
Ishurdi,2023,11,83.27,B60
Ishurdi,2023,12,86.82,B60
Ishurdi,2022,1,82,B60
Ishurdi,2022,2,77.71,B60
Ishurdi,2022,3,67.61,B60
Ishurdi,2022,4,74.5,B60
Ishurdi,2022,5,79.94,B60
Ishurdi,2022,6,81.7,B60
Ishurdi,2022,7,79.58,B60
Ishurdi,2022,8,81.48,B60
Ishurdi,2022,9,85,B60
Ishurdi,2022,10,82.77,B60
Ishurdi,2022,11,77.17,B60
Ishurdi,2022,12,79.19,B60
Jessore,1948,1,68.81,B60
Jessore,1948,2,70.34,B60
Jessore,1948,3,59.77,B60
Jessore,1948,4,68.37,B60
Jessore,1948,5,89.13,B60
Jessore,1948,6,84.17,B60
Jessore,1948,7,87.26,B60
Jessore,1948,8,86.77,B60
Jessore,1948,9,83.03,B60
Jessore,1948,11,80.53,B60
Jessore,1948,12,76,B60
Jessore,1949,1,97.56,B60
Jessore,1949,2,96.75,B60
Jessore,1949,3,77.71,B60
Jessore,1949,4,80.03,B60
Jessore,1949,5,82.58,B60
Jessore,1949,6,87.03,B60
Jessore,1949,7,90.55,B60
Jessore,1949,8,89.23,B60
Jessore,1949,9,88.83,B60
Jessore,1949,10,85.65,B60
Jessore,1949,11,78.87,B60
Jessore,1949,12,75.68,B60
Jessore,1950,1,74.32,B60
Jessore,1950,2,71.04,B60
Jessore,1950,3,65.1,B60
Jessore,1950,4,68.6,B60
Jessore,1950,5,74.71,B60
Jessore,1950,6,87.63,B60
Jessore,1950,7,88.42,B60
Jessore,1950,8,89.87,B60
Jessore,1950,9,86.73,B60
Jessore,1950,10,87.94,B60
Jessore,1950,11,82.83,B60
Jessore,1950,12,82.68,B60
Jessore,1951,1,77.42,B60
Jessore,1951,2,69.39,B60
Jessore,1951,3,67.42,B60
Jessore,1951,4,60.8,B60
Jessore,1951,5,70.32,B60
Jessore,1951,6,82.47,B60
Jessore,1951,7,86.65,B60
Jessore,1951,8,87.48,B60
Jessore,1951,9,85,B60
Jessore,1951,10,85.9,B60
Jessore,1951,11,84.63,B60
Jessore,1951,12,79.65,B60
Jessore,1952,1,79.87,B60
Jessore,1952,2,72.62,B60
Jessore,1952,3,69.42,B60
Jessore,1952,4,72.67,B60
Jessore,1952,5,77.29,B60
Jessore,1952,6,84.93,B60
Jessore,1952,7,88,B60
Jessore,1952,8,87.74,B60
Jessore,1952,9,86.47,B60
Jessore,1952,10,85.65,B60
Jessore,1952,11,81.4,B60
Jessore,1952,12,81.84,B60
Jessore,1953,1,79.87,B60
Jessore,1953,2,74.64,B60
Jessore,1953,3,74.61,B60
Jessore,1953,4,63.7,B60
Jessore,1953,5,78.32,B60
Jessore,1953,6,86.27,B60
Jessore,1953,7,89.03,B60
Jessore,1953,8,88.71,B60
Jessore,1953,9,88.5,B60
Jessore,1953,10,83.87,B60
Jessore,1953,11,83.83,B60
Jessore,1953,12,87.35,B60
Jessore,1954,1,82.19,B60
Jessore,1954,2,76.57,B60
Jessore,1954,3,69.16,B60
Jessore,1954,4,68.33,B60
Jessore,1954,5,75.32,B60
Jessore,1954,6,89.6,B60
Jessore,1954,7,87,B60
Jessore,1954,8,89.77,B60
Jessore,1954,9,87.7,B60
Jessore,1954,10,85.84,B60
Jessore,1954,11,81.63,B60
Jessore,1954,12,83.03,B60
Jessore,1955,1,80.39,B60
Jessore,1955,2,68.68,B60
Jessore,1955,3,71.03,B60
Jessore,1955,4,65.57,B60
Jessore,1955,5,73.68,B60
Jessore,1955,6,85.43,B60
Jessore,1955,7,89.16,B60
Jessore,1955,8,89.19,B60
Jessore,1955,9,88.97,B60
Jessore,1955,10,89,B60
Jessore,1955,11,84.7,B60
Jessore,1955,12,79,B60
Jessore,1956,1,74.84,B60
Jessore,1956,2,72.28,B60
Jessore,1956,3,69.03,B60
Jessore,1956,4,66.33,B60
Jessore,1956,5,81.77,B60
Jessore,1956,6,89.13,B60
Jessore,1956,7,89.71,B60
Jessore,1956,8,90.45,B60
Jessore,1956,9,91.03,B60
Jessore,1956,10,88.81,B60
Jessore,1956,11,82.27,B60
Jessore,1956,12,79.48,B60
Jessore,1957,1,77.1,B60
Jessore,1957,2,72.07,B60
Jessore,1957,3,62.65,B60
Jessore,1957,4,68.57,B60
Jessore,1957,5,71.81,B60
Jessore,1957,6,81.2,B60
Jessore,1957,7,89.13,B60
Jessore,1957,8,90.65,B60
Jessore,1957,9,89.47,B60
Jessore,1957,10,86.74,B60
Jessore,1957,11,79.8,B60
Jessore,1957,12,80.26,B60
Jessore,1958,1,74.52,B60
Jessore,1958,2,74.63,B60
Jessore,1958,3,59.87,B60
Jessore,1958,4,68.57,B60
Jessore,1958,5,75.1,B60
Jessore,1958,6,80.37,B60
Jessore,1958,7,86.71,B60
Jessore,1958,8,85.65,B60
Jessore,1958,9,85.27,B60
Jessore,1958,10,82.06,B60
Jessore,1958,11,75.23,B60
Jessore,1958,12,72.58,B60
Jessore,1959,1,76.03,B60
Jessore,1959,2,69.32,B60
Jessore,1959,3,62.74,B60
Jessore,1959,4,71.93,B60
Jessore,1959,5,77.52,B60
Jessore,1959,6,86.23,B60
Jessore,1959,7,89.39,B60
Jessore,1959,8,90.9,B60
Jessore,1959,9,92.27,B60
Jessore,1959,10,89.65,B60
Jessore,1959,11,77.17,B60
Jessore,1959,12,77.29,B60
Jessore,1960,1,67.32,B60
Jessore,1960,2,63.71,B60
Jessore,1960,3,65.26,B60
Jessore,1960,4,56.77,B60
Jessore,1960,5,75.58,B60
Jessore,1960,6,82.63,B60
Jessore,1960,7,88.68,B60
Jessore,1960,8,87.03,B60
Jessore,1960,9,86.4,B60
Jessore,1960,10,78.23,B60
Jessore,1960,11,73.2,B60
Jessore,1960,12,70.97,B60
Jessore,1961,1,70.68,B60
Jessore,1961,2,67.68,B60
Jessore,1961,3,69.74,B60
Jessore,1961,4,64.77,B60
Jessore,1961,5,77.06,B60
Jessore,1961,6,85.33,B60
Jessore,1961,7,84.03,B60
Jessore,1961,8,86.26,B60
Jessore,1961,9,84.67,B60
Jessore,1961,10,80.48,B60
Jessore,1961,11,72.07,B60
Jessore,1961,12,70,B60
Jessore,1962,1,67.68,B60
Jessore,1962,2,66.5,B60
Jessore,1962,3,60.03,B60
Jessore,1962,4,70.1,B60
Jessore,1962,5,79.65,B60
Jessore,1962,6,86.87,B60
Jessore,1962,7,85.03,B60
Jessore,1962,8,87.36,B60
Jessore,1962,9,84.33,B60
Jessore,1962,10,78.84,B60
Jessore,1962,11,72.43,B60
Jessore,1962,12,72.48,B60
Jessore,1963,1,69.71,B60
Jessore,1963,2,62.32,B60
Jessore,1963,3,59.52,B60
Jessore,1963,4,71.43,B60
Jessore,1963,5,78.65,B60
Jessore,1963,6,85.63,B60
Jessore,1963,7,86.39,B60
Jessore,1963,8,84.58,B60
Jessore,1963,9,83.67,B60
Jessore,1963,10,81.81,B60
Jessore,1963,11,75.37,B60
Jessore,1963,12,73.84,B60
Jessore,1964,1,70,B60
Jessore,1964,2,67.31,B60
Jessore,1964,3,65.84,B60
Jessore,1964,4,78.77,B60
Jessore,1964,5,78.84,B60
Jessore,1964,6,90.7,B60
Jessore,1964,7,91.87,B60
Jessore,1964,8,90.97,B60
Jessore,1964,9,90.47,B60
Jessore,1964,10,88.03,B60
Jessore,1964,11,81.9,B60
Jessore,1964,12,79.58,B60
Jessore,1965,1,74.94,B60
Jessore,1965,2,67.36,B60
Jessore,1965,3,62.26,B60
Jessore,1965,4,67.13,B60
Jessore,1965,5,69.32,B60
Jessore,1965,6,82.93,B60
Jessore,1965,7,85.35,B60
Jessore,1965,8,89.26,B60
Jessore,1965,9,85.97,B60
Jessore,1965,10,80.65,B60
Jessore,1965,11,74.9,B60
Jessore,1965,12,71.26,B60
Jessore,1966,1,73.23,B60
Jessore,1966,2,63.04,B60
Jessore,1966,3,53.35,B60
Jessore,1966,4,62.1,B60
Jessore,1966,5,68.71,B60
Jessore,1966,6,85.83,B60
Jessore,1966,7,86.06,B60
Jessore,1966,8,87.84,B60
Jessore,1966,9,85.53,B60
Jessore,1966,10,82.32,B60
Jessore,1966,11,75.67,B60
Jessore,1966,12,73.55,B60
Jessore,1967,1,70.42,B60
Jessore,1967,2,61.54,B60
Jessore,1967,3,66.9,B60
Jessore,1967,4,60.97,B60
Jessore,1967,5,70.81,B60
Jessore,1967,6,82.6,B60
Jessore,1967,7,86.1,B60
Jessore,1967,8,88.1,B60
Jessore,1967,9,87.43,B60
Jessore,1967,10,77.26,B60
Jessore,1967,11,68.1,B60
Jessore,1967,12,70.65,B60
Jessore,1968,1,68.04,B60
Jessore,1968,2,58.93,B60
Jessore,1968,3,51.77,B60
Jessore,1968,4,65.23,B60
Jessore,1968,5,68.77,B60
Jessore,1968,6,87.67,B60
Jessore,1968,7,87.06,B60
Jessore,1968,8,85.81,B60
Jessore,1968,9,83.07,B60
Jessore,1968,10,80.45,B60
Jessore,1968,11,76.1,B60
Jessore,1968,12,71.87,B60
Jessore,1969,1,65.1,B60
Jessore,1969,2,60.75,B60
Jessore,1969,3,63.55,B60
Jessore,1969,4,64.53,B60
Jessore,1969,5,73.19,B60
Jessore,1969,6,84.97,B60
Jessore,1969,7,88.65,B60
Jessore,1969,8,87.68,B60
Jessore,1969,9,85.23,B60
Jessore,1969,10,77.84,B60
Jessore,1969,11,71.83,B60
Jessore,1969,12,69.97,B60
Jessore,1970,1,71.61,B60
Jessore,1970,2,62.96,B60
Jessore,1970,3,64.35,B60
Jessore,1970,4,69.07,B60
Jessore,1970,5,70.35,B60
Jessore,1970,6,85.6,B60
Jessore,1970,7,87,B60
Jessore,1970,8,85.71,B60
Jessore,1970,9,86.4,B60
Jessore,1970,10,84.1,B60
Jessore,1970,11,71.83,B60
Jessore,1970,12,68.84,B60
Jessore,1971,1,70.42,B60
Jessore,1971,2,61.64,B60
Jessore,1971,6,92.25,B60
Jessore,1971,7,86.48,B60
Jessore,1971,8,87.52,B60
Jessore,1971,9,80.57,B60
Jessore,1972,2,64.83,B60
Jessore,1972,3,61.13,B60
Jessore,1972,4,63.93,B60
Jessore,1972,5,70.13,B60
Jessore,1972,6,77,B60
Jessore,1972,7,84.9,B60
Jessore,1972,8,88.1,B60
Jessore,1972,9,84.17,B60
Jessore,1972,10,75.74,B60
Jessore,1972,11,70.47,B60
Jessore,1972,12,66.68,B60
Jessore,1973,1,61.29,B60
Jessore,1973,2,58.07,B60
Jessore,1973,3,61.32,B60
Jessore,1973,4,61.77,B60
Jessore,1973,5,79.97,B60
Jessore,1973,6,85.2,B60
Jessore,1973,7,87.35,B60
Jessore,1973,8,87.26,B60
Jessore,1973,9,87.45,B60
Jessore,1973,10,83.77,B60
Jessore,1973,11,81.27,B60
Jessore,1973,12,77.3,B60
Jessore,1974,1,70.13,B60
Jessore,1974,2,58.5,B60
Jessore,1974,3,63.55,B60
Jessore,1974,4,74.1,B60
Jessore,1974,5,74.52,B60
Jessore,1974,6,83.23,B60
Jessore,1974,7,89.97,B60
Jessore,1974,8,87.1,B60
Jessore,1974,9,86.97,B60
Jessore,1974,10,82.32,B60
Jessore,1974,11,71.7,B60
Jessore,1974,12,69.19,B60
Jessore,1975,1,68.45,B60
Jessore,1975,2,62.64,B60
Jessore,1975,3,52.61,B60
Jessore,1975,4,62.87,B60
Jessore,1975,5,72.9,B60
Jessore,1975,6,81.5,B60
Jessore,1975,7,89.97,B60
Jessore,1975,8,86.39,B60
Jessore,1975,9,87.4,B60
Jessore,1975,10,84.42,B60
Jessore,1975,11,74.8,B60
Jessore,1975,12,69.9,B60
Jessore,1976,1,69.03,B60
Jessore,1976,2,66.79,B60
Jessore,1976,3,58.26,B60
Jessore,1976,4,61.73,B60
Jessore,1976,5,77.81,B60
Jessore,1976,6,83.53,B60
Jessore,1976,7,87.9,B60
Jessore,1976,8,86.9,B60
Jessore,1976,9,84.53,B60
Jessore,1976,10,76.39,B60
Jessore,1976,11,73.13,B60
Jessore,1976,12,67.39,B60
Jessore,1977,1,66.1,B60
Jessore,1977,2,63.32,B60
Jessore,1977,3,61.42,B60
Jessore,1977,4,75.33,B60
Jessore,1977,5,77.87,B60
Jessore,1977,6,87.63,B60
Jessore,1977,7,87.26,B60
Jessore,1977,8,84.9,B60
Jessore,1977,9,84.77,B60
Jessore,1977,10,79.9,B60
Jessore,1977,11,77.23,B60
Jessore,1977,12,73.16,B60
Jessore,1979,1,69.42,B60
Jessore,1979,2,66.89,B60
Jessore,1979,3,54.1,B60
Jessore,1979,4,61.93,B60
Jessore,1979,5,60.35,B60
Jessore,1979,6,77.63,B60
Jessore,1979,7,84.45,B60
Jessore,1979,8,85.19,B60
Jessore,1979,9,83.7,B60
Jessore,1979,10,76.42,B60
Jessore,1979,11,71.03,B60
Jessore,1979,12,73.81,B60
Jessore,1980,1,67.61,B60
Jessore,1980,2,66.17,B60
Jessore,1980,3,65.16,B60
Jessore,1980,4,63.93,B60
Jessore,1980,5,74.39,B60
Jessore,1980,6,84.23,B60
Jessore,1980,7,86.68,B60
Jessore,1980,8,85.9,B60
Jessore,1980,9,81.6,B60
Jessore,1980,10,78.48,B60
Jessore,1980,11,67.77,B60
Jessore,1980,12,67,B60
Jessore,1981,1,71.48,B60
Jessore,1981,2,70.29,B60
Jessore,1981,3,66.65,B60
Jessore,1981,4,74.47,B60
Jessore,1981,5,79.42,B60
Jessore,1981,6,80.67,B60
Jessore,1981,7,88.65,B60
Jessore,1981,8,85.06,B60
Jessore,1981,9,85.5,B60
Jessore,1981,10,70.9,B60
Jessore,1981,11,73.9,B60
Jessore,1981,12,76.61,B60
Jessore,1982,1,69.87,B60
Jessore,1982,2,65.36,B60
Jessore,1982,3,66.1,B60
Jessore,1982,4,72.47,B60
Jessore,1982,5,70.16,B60
Jessore,1982,6,84.33,B60
Jessore,1982,7,84.32,B60
Jessore,1982,8,86.9,B60
Jessore,1982,9,82.63,B60
Jessore,1982,10,75.97,B60
Jessore,1982,11,74.23,B60
Jessore,1982,12,71.06,B60
Jessore,1983,1,70.42,B60
Jessore,1983,2,70.43,B60
Jessore,1983,3,67.45,B60
Jessore,1983,4,62.6,B60
Jessore,1983,5,78.48,B60
Jessore,1983,6,80.57,B60
Jessore,1983,7,86.35,B60
Jessore,1983,8,87.97,B60
Jessore,1983,9,86.6,B60
Jessore,1983,10,84.74,B60
Jessore,1983,11,71.77,B60
Jessore,1983,12,71.65,B60
Jessore,1984,1,74.13,B60
Jessore,1984,2,65.79,B60
Jessore,1984,3,56.06,B60
Jessore,1984,4,67.13,B60
Jessore,1984,5,78.71,B60
Jessore,1984,6,88.07,B60
Jessore,1984,7,87.29,B60
Jessore,1984,8,87.55,B60
Jessore,1984,9,83.93,B60
Jessore,1984,10,79.87,B60
Jessore,1984,11,69.5,B60
Jessore,1984,12,69.68,B60
Jessore,1985,1,74.84,B60
Jessore,1985,2,63.25,B60
Jessore,1985,3,65.26,B60
Jessore,1985,4,63.93,B60
Jessore,1985,5,75.97,B60
Jessore,1985,6,85.9,B60
Jessore,1985,7,88.48,B60
Jessore,1985,8,87.42,B60
Jessore,1985,9,87.1,B60
Jessore,1985,10,77.68,B60
Jessore,1985,11,76.3,B60
Jessore,1985,12,71.52,B60
Jessore,1986,1,72.9,B60
Jessore,1986,2,62.25,B60
Jessore,1986,3,55.13,B60
Jessore,1986,4,71.17,B60
Jessore,1986,5,75.97,B60
Jessore,1986,6,84.47,B60
Jessore,1986,7,87.45,B60
Jessore,1986,8,84.65,B60
Jessore,1986,9,88.67,B60
Jessore,1986,10,84.13,B60
Jessore,1986,11,84.37,B60
Jessore,1986,12,76.71,B60
Jessore,1987,1,73.32,B60
Jessore,1987,2,66.57,B60
Jessore,1987,3,66.03,B60
Jessore,1987,4,68.7,B60
Jessore,1987,5,73.03,B60
Jessore,1987,6,82.83,B60
Jessore,1987,7,90.48,B60
Jessore,1987,8,87.06,B60
Jessore,1987,9,85.73,B60
Jessore,1987,10,80.61,B60
Jessore,1987,11,76.9,B60
Jessore,1987,12,77.65,B60
Jessore,1988,1,73.81,B60
Jessore,1988,2,71.17,B60
Jessore,1988,3,71.13,B60
Jessore,1988,4,70.23,B60
Jessore,1988,5,79.39,B60
Jessore,1988,6,84.97,B60
Jessore,1988,7,85.68,B60
Jessore,1988,8,87.81,B60
Jessore,1988,9,84.6,B60
Jessore,1988,10,78.65,B60
Jessore,1988,11,75.6,B60
Jessore,1988,12,79.84,B60
Jessore,1989,1,73.39,B60
Jessore,1989,2,67.32,B60
Jessore,1989,3,60.52,B60
Jessore,1989,4,66.53,B60
Jessore,1989,5,76.03,B60
Jessore,1989,6,83.77,B60
Jessore,1989,7,86.23,B60
Jessore,1989,8,85.35,B60
Jessore,1989,9,88.07,B60
Jessore,1989,10,85.42,B60
Jessore,1989,11,77.17,B60
Jessore,1989,12,77.1,B60
Jessore,1990,1,78.1,B60
Jessore,1990,2,74.61,B60
Jessore,1990,3,76.68,B60
Jessore,1990,4,76.07,B60
Jessore,1990,5,79.52,B60
Jessore,1990,6,85.3,B60
Jessore,1990,7,88.16,B60
Jessore,1990,8,84.87,B60
Jessore,1990,9,88.07,B60
Jessore,1990,10,84.32,B60
Jessore,1990,11,80.27,B60
Jessore,1990,12,78.55,B60
Jessore,1991,1,78.23,B60
Jessore,1991,2,73.86,B60
Jessore,1991,3,71.74,B60
Jessore,1991,4,70.87,B60
Jessore,1991,5,77.1,B60
Jessore,1991,6,85.57,B60
Jessore,1991,7,86.42,B60
Jessore,1991,8,86.9,B60
Jessore,1991,9,88.2,B60
Jessore,1991,10,86.45,B60
Jessore,1991,11,78.37,B60
Jessore,1991,12,80.71,B60
Jessore,1992,1,81.84,B60
Jessore,1992,2,76.31,B60
Jessore,1992,3,68.13,B60
Jessore,1992,4,64.97,B60
Jessore,1992,5,76.77,B60
Jessore,1992,6,80.87,B60
Jessore,1992,7,88.13,B60
Jessore,1992,8,86.87,B60
Jessore,1992,9,86.2,B60
Jessore,1992,10,84.19,B60
Jessore,1992,11,78.2,B60
Jessore,1992,12,78.06,B60
Jessore,1993,1,76.06,B60
Jessore,1993,2,73.29,B60
Jessore,1993,3,66.87,B60
Jessore,1993,4,74.03,B60
Jessore,1993,5,80.58,B60
Jessore,1993,6,85.23,B60
Jessore,1993,7,87.58,B60
Jessore,1993,8,88.16,B60
Jessore,1993,9,88.2,B60
Jessore,1993,10,85.9,B60
Jessore,1993,11,80.97,B60
Jessore,1993,12,78.48,B60
Jessore,1994,1,80.26,B60
Jessore,1994,2,77.89,B60
Jessore,1994,3,69.1,B60
Jessore,1994,4,69.63,B60
Jessore,1994,5,75.23,B60
Jessore,1994,6,86.67,B60
Jessore,1994,7,87.39,B60
Jessore,1994,8,87.94,B60
Jessore,1994,9,83.37,B60
Jessore,1994,10,80.29,B60
Jessore,1994,11,79.47,B60
Jessore,1994,12,74.77,B60
Jessore,1995,1,75.65,B60
Jessore,1995,2,77.25,B60
Jessore,1995,3,64.94,B60
Jessore,1995,4,67.83,B60
Jessore,1995,5,74.68,B60
Jessore,1995,6,85.3,B60
Jessore,1995,7,88.84,B60
Jessore,1995,8,87.77,B60
Jessore,1995,9,87.83,B60
Jessore,1995,10,84.48,B60
Jessore,1995,11,82.67,B60
Jessore,1995,12,81.35,B60
Jessore,1996,1,79.42,B60
Jessore,1996,2,75.07,B60
Jessore,1996,3,70.68,B60
Jessore,1996,4,72.2,B60
Jessore,1996,5,76.71,B60
Jessore,1996,6,84.63,B60
Jessore,1996,7,87.1,B60
Jessore,1996,8,89,B60
Jessore,1996,9,86.03,B60
Jessore,1996,10,83.13,B60
Jessore,1996,11,79.6,B60
Jessore,1996,12,77.58,B60
Jessore,1997,1,76.65,B60
Jessore,1997,2,75.54,B60
Jessore,1997,3,75.71,B60
Jessore,1997,4,76.07,B60
Jessore,1997,5,74.87,B60
Jessore,1997,6,84.13,B60
Jessore,1997,7,88.35,B60
Jessore,1997,8,87.97,B60
Jessore,1997,9,88.17,B60
Jessore,1997,10,80.65,B60
Jessore,1997,11,79.97,B60
Jessore,1997,12,83.19,B60
Jessore,1998,1,82.94,B60
Jessore,1998,2,77.39,B60
Jessore,1998,3,72.74,B60
Jessore,1998,4,78.13,B60
Jessore,1998,5,79.1,B60
Jessore,1998,6,82.27,B60
Jessore,1998,7,87.1,B60
Jessore,1998,8,87.29,B60
Jessore,1998,9,86.03,B60
Jessore,1998,10,84.48,B60
Jessore,1998,11,83.17,B60
Jessore,1998,12,80.42,B60
Jessore,1999,1,77.03,B60
Jessore,1999,2,72.71,B60
Jessore,1999,3,66.65,B60
Jessore,1999,4,72.4,B60
Jessore,1999,5,77.23,B60
Jessore,1999,6,82.93,B60
Jessore,1999,7,88,B60
Jessore,1999,8,87.23,B60
Jessore,1999,9,87.33,B60
Jessore,1999,10,85.94,B60
Jessore,1999,11,79.1,B60
Jessore,1999,12,78.65,B60
Jessore,2000,1,78.84,B60
Jessore,2000,2,72.97,B60
Jessore,2000,3,69.03,B60
Jessore,2000,4,74.6,B60
Jessore,2000,5,79.97,B60
Jessore,2000,6,83.7,B60
Jessore,2000,7,85.23,B60
Jessore,2000,8,84.81,B60
Jessore,2000,9,86.27,B60
Jessore,2000,10,85.13,B60
Jessore,2000,11,80.93,B60
Jessore,2000,12,78.13,B60
Jessore,2001,1,76.55,B60
Jessore,2001,2,72.54,B60
Jessore,2001,3,70.61,B60
Jessore,2001,4,73.87,B60
Jessore,2001,5,79.03,B60
Jessore,2001,6,87.13,B60
Jessore,2001,7,86.52,B60
Jessore,2001,8,84.65,B60
Jessore,2001,9,85.7,B60
Jessore,2001,10,85.29,B60
Jessore,2001,11,82.7,B60
Jessore,2001,12,81.16,B60
Jessore,2002,1,78.84,B60
Jessore,2002,2,69.5,B60
Jessore,2002,3,68.97,B60
Jessore,2002,4,76.93,B60
Jessore,2002,5,78.42,B60
Jessore,2002,6,85.47,B60
Jessore,2002,7,85.42,B60
Jessore,2002,8,86.68,B60
Jessore,2002,9,86.77,B60
Jessore,2002,10,83.48,B60
Jessore,2002,11,82.33,B60
Jessore,2002,12,82,B60
Jessore,2003,1,81.1,B60
Jessore,2003,2,76,B60
Jessore,2003,3,75.45,B60
Jessore,2003,4,76.3,B60
Jessore,2003,5,73.39,B60
Jessore,2003,6,83.1,B60
Jessore,2003,7,84.94,B60
Jessore,2003,8,83.32,B60
Jessore,2003,9,86.77,B60
Jessore,2003,10,88,B60
Jessore,2003,11,79.6,B60
Jessore,2003,12,82.97,B60
Jessore,2004,1,83.13,B60
Jessore,2004,2,73.62,B60
Jessore,2004,3,72.06,B60
Jessore,2004,4,76.53,B60
Jessore,2004,5,73,B60
Jessore,2004,6,84.63,B60
Jessore,2004,7,85.65,B60
Jessore,2004,8,86.94,B60
Jessore,2004,9,87.8,B60
Jessore,2004,10,83.77,B60
Jessore,2004,11,80.03,B60
Jessore,2004,12,82.16,B60
Jessore,2005,1,81.03,B60
Jessore,2005,2,75.18,B60
Jessore,2005,3,75.03,B60
Jessore,2005,4,73.47,B60
Jessore,2005,5,75.48,B60
Jessore,2005,6,79.7,B60
Jessore,2005,7,86.87,B60
Jessore,2005,8,85.61,B60
Jessore,2005,9,84.4,B60
Jessore,2005,10,87.52,B60
Jessore,2005,11,80.9,B60
Jessore,2005,12,78.77,B60
Jessore,2006,1,77.87,B60
Jessore,2006,2,74.18,B60
Jessore,2006,3,68.23,B60
Jessore,2006,4,73.73,B60
Jessore,2006,5,77.87,B60
Jessore,2006,6,84.77,B60
Jessore,2006,7,87.26,B60
Jessore,2006,8,86.1,B60
Jessore,2006,9,86.27,B60
Jessore,2006,10,82.84,B60
Jessore,2006,11,80.9,B60
Jessore,2006,12,79.61,B60
Jessore,2007,1,77.35,B60
Jessore,2007,2,80.39,B60
Jessore,2007,3,70.9,B60
Jessore,2007,4,74.43,B60
Jessore,2007,5,75.32,B60
Jessore,2007,6,81.97,B60
Jessore,2007,7,87.13,B60
Jessore,2007,8,84.19,B60
Jessore,2007,9,85.3,B60
Jessore,2007,10,82.81,B60
Jessore,2007,11,82.03,B60
Jessore,2007,12,80.06,B60
Jessore,2008,1,79.61,B60
Jessore,2008,2,75.93,B60
Jessore,2008,3,76.74,B60
Jessore,2008,4,75.07,B60
Jessore,2008,5,75.13,B60
Jessore,2008,6,83.63,B60
Jessore,2008,7,87.48,B60
Jessore,2008,8,85.55,B60
Jessore,2008,9,86.23,B60
Jessore,2008,10,83.81,B60
Jessore,2008,11,79.8,B60
Jessore,2008,12,84.55,B60
Jessore,2009,1,81.42,B60
Jessore,2009,2,74.46,B60
Jessore,2009,3,70.35,B60
Jessore,2009,4,70.8,B60
Jessore,2009,5,75.58,B60
Jessore,2009,6,78.47,B60
Jessore,2009,7,84.48,B60
Jessore,2009,8,86.61,B60
Jessore,2009,9,83.77,B60
Jessore,2009,10,81.16,B60
Jessore,2009,11,77.73,B60
Jessore,2009,12,78.68,B60
Jessore,2010,1,78.23,B60
Jessore,2010,2,71.36,B60
Jessore,2010,3,69.06,B60
Jessore,2010,4,70.93,B60
Jessore,2010,5,76.35,B60
Jessore,2010,6,82,B60
Jessore,2010,7,81.26,B60
Jessore,2010,8,82.06,B60
Jessore,2010,9,83.5,B60
Jessore,2010,10,82.06,B60
Jessore,2010,11,78.73,B60
Jessore,2010,12,79.23,B60
Jessore,2011,1,77.71,B60
Jessore,2011,2,71.21,B60
Jessore,2011,3,70.29,B60
Jessore,2011,4,73.2,B60
Jessore,2011,5,75.84,B60
Jessore,2011,6,81.6,B60
Jessore,2011,7,82.1,B60
Jessore,2011,8,86.65,B60
Jessore,2011,9,85.3,B60
Jessore,2011,10,79.42,B60
Jessore,2011,11,79.27,B60
Jessore,2011,12,81.52,B60
Jessore,2012,1,80.35,B60
Jessore,2012,2,71.69,B60
Jessore,2012,3,67.77,B60
Jessore,2012,4,72.6,B60
Jessore,2012,5,69.1,B60
Jessore,2012,6,77.03,B60
Jessore,2012,7,84.74,B60
Jessore,2012,8,84.29,B60
Jessore,2012,9,84.53,B60
Jessore,2012,10,81.58,B60
Jessore,2012,11,78.83,B60
Jessore,2012,12,81.45,B60
Jessore,2013,1,77.35,B60
Jessore,2013,2,71.04,B60
Jessore,2013,3,65.65,B60
Jessore,2013,4,67.33,B60
Jessore,2013,5,79.77,B60
Jessore,2013,6,81.33,B60
Jessore,2013,7,82.55,B60
Jessore,2013,8,84.94,B60
Jessore,2013,9,84.67,B60
Jessore,2013,10,85.29,B60
Jessore,2013,11,75.87,B60
Jessore,2013,12,78.29,B60
Jessore,2014,1,80.94,B60
Jessore,2014,2,72.79,B60
Jessore,2014,3,66.26,B60
Jessore,2014,4,63.27,B60
Jessore,2014,5,67.94,B60
Jessore,2014,6,80.73,B60
Jessore,2014,7,83.74,B60
Jessore,2014,8,83.1,B60
Jessore,2014,9,81.57,B60
Jessore,2014,10,81.19,B60
Jessore,2014,11,75.7,B60
Jessore,2014,12,81.29,B60
Jessore,2015,1,78.81,B60
Jessore,2015,2,74.93,B60
Jessore,2015,3,65.94,B60
Jessore,2015,4,73.97,B60
Jessore,2015,5,73.74,B60
Jessore,2015,6,79.43,B60
Jessore,2015,7,84.87,B60
Jessore,2015,8,83.45,B60
Jessore,2015,9,81.17,B60
Jessore,2015,10,80.61,B60
Jessore,2015,11,78.4,B60
Jessore,2015,12,80.06,B60
Jessore,2016,1,78.52,B60
Jessore,2016,2,74.69,B60
Jessore,2016,3,68.84,B60
Jessore,2016,4,69.53,B60
Jessore,2016,5,73.87,B60
Jessore,2016,6,77.97,B60
Jessore,2016,7,83.84,B60
Jessore,2016,8,81.13,B60
Jessore,2016,9,81.33,B60
Jessore,2016,10,79.32,B60
Jessore,2016,11,80.73,B60
Jessore,2016,12,81.19,B60
Jessore,2017,1,78.06,B60
Jessore,2017,2,70.86,B60
Jessore,2017,3,70.19,B60
Jessore,2017,4,71.67,B60
Jessore,2017,5,73.61,B60
Jessore,2017,6,79.17,B60
Jessore,2017,7,84.68,B60
Jessore,2017,8,82.16,B60
Jessore,2017,9,82.3,B60
Jessore,2017,10,83.48,B60
Jessore,2017,11,78.47,B60
Jessore,2017,12,83.16,B60
Jessore,2018,1,78.48,B60
Jessore,2018,2,71.71,B60
Jessore,2018,3,68.55,B60
Jessore,2018,4,72.27,B60
Jessore,2018,5,77.81,B60
Jessore,2018,6,79.03,B60
Jessore,2018,7,82.87,B60
Jessore,2018,8,82.03,B60
Jessore,2018,9,81.27,B60
Jessore,2018,10,80.23,B60
Jessore,2018,11,78.73,B60
Jessore,2018,12,76.81,B60
Jessore,2019,1,72.87,B60
Jessore,2019,2,72.07,B60
Jessore,2019,3,70.52,B60
Jessore,2019,4,73.77,B60
Jessore,2019,5,74.84,B60
Jessore,2019,6,77.33,B60
Jessore,2019,7,80.97,B60
Jessore,2019,8,82.45,B60
Jessore,2019,9,83.23,B60
Jessore,2019,10,81.42,B60
Jessore,2019,11,79.17,B60
Jessore,2019,12,80,B60
Jessore,2020,1,79,B60
Jessore,2020,2,72.69,B60
Jessore,2020,3,68.55,B60
Jessore,2020,4,71.97,B60
Jessore,2020,5,76.16,B60
Jessore,2020,6,83.43,B60
Jessore,2020,7,82,B60
Jessore,2020,8,84.87,B60
Jessore,2020,9,83.2,B60
Jessore,2020,10,83.65,B60
Jessore,2020,11,76.1,B60
Jessore,2020,12,85.42,B60
Jessore,2021,1,80.94,B60
Jessore,2021,2,69.48,B60
Jessore,2021,3,61.48,B60
Jessore,2021,4,63.23,B60
Jessore,2021,5,70.58,B60
Jessore,2021,6,83.02,B60
Jessore,2021,7,84.64,B60
Jessore,2021,8,86.18,B60
Jessore,2021,9,85.02,B60
Jessore,2021,10,82.26,B60
Jessore,2021,11,81.39,B60
Jessore,2021,12,84.47,B60
Jessore,2023,1,82.82,B60
Jessore,2023,2,74.02,B60
Jessore,2023,3,66.73,B60
Jessore,2023,4,62.27,B60
Jessore,2023,5,68.1,B60
Jessore,2023,6,76.38,B60
Jessore,2023,7,78,B60
Jessore,2023,8,82.65,B60
Jessore,2023,9,83.82,B60
Jessore,2023,10,80.45,B60
Jessore,2023,11,83.5,B60
Jessore,2023,12,86.73,B60
Jessore,2022,1,82.65,B60
Jessore,2022,2,79.57,B60
Jessore,2022,3,72.29,B60
Jessore,2022,4,76.5,B60
Jessore,2022,5,77.87,B60
Jessore,2022,6,79.53,B60
Jessore,2022,7,79.87,B60
Jessore,2022,8,81.97,B60
Jessore,2022,9,83.27,B60
Jessore,2022,10,81.87,B60
Jessore,2022,11,78.3,B60
Jessore,2022,12,79.23,B60
Khepupara,1974,1,68.84,B60
Khepupara,1974,2,71.46,B60
Khepupara,1974,3,80.35,B60
Khepupara,1974,4,82.4,B60
Khepupara,1974,5,81.77,B60
Khepupara,1974,6,83.52,B60
Khepupara,1974,7,86.81,B60
Khepupara,1974,8,87.1,B60
Khepupara,1974,9,84.37,B60
Khepupara,1974,10,82.71,B60
Khepupara,1974,11,76.33,B60
Khepupara,1974,12,72.03,B60
Khepupara,1975,1,68.1,B60
Khepupara,1975,2,70.68,B60
Khepupara,1975,3,73.6,B60
Khepupara,1975,4,79.57,B60
Khepupara,1975,5,79.1,B60
Khepupara,1975,6,84.3,B60
Khepupara,1975,7,88.9,B60
Khepupara,1975,8,88.29,B60
Khepupara,1975,9,87.1,B60
Khepupara,1975,10,86.03,B60
Khepupara,1975,11,78.03,B60
Khepupara,1975,12,79.42,B60
Khepupara,1976,1,68.1,B60
Khepupara,1976,2,69.91,B60
Khepupara,1976,3,77.97,B60
Khepupara,1976,4,74.43,B60
Khepupara,1976,5,77.16,B60
Khepupara,1976,6,83.5,B60
Khepupara,1976,7,91,B60
Khepupara,1976,8,88.35,B60
Khepupara,1976,9,82.47,B60
Khepupara,1976,10,78.68,B60
Khepupara,1976,11,84.87,B60
Khepupara,1976,12,71.35,B60
Khepupara,1977,1,67.19,B60
Khepupara,1977,2,64.82,B60
Khepupara,1977,3,69.48,B60
Khepupara,1977,4,79.07,B60
Khepupara,1977,5,91.19,B60
Khepupara,1977,7,89.29,B60
Khepupara,1977,8,84.29,B60
Khepupara,1977,9,81.83,B60
Khepupara,1977,10,78.65,B60
Khepupara,1977,11,73.3,B60
Khepupara,1977,12,61.48,B60
Khepupara,1978,1,60.42,B60
Khepupara,1978,2,55.86,B60
Khepupara,1978,3,54.74,B60
Khepupara,1978,4,80.27,B60
Khepupara,1978,5,81.06,B60
Khepupara,1978,6,86.5,B60
Khepupara,1978,7,87.17,B60
Khepupara,1978,8,88.39,B60
Khepupara,1978,9,87.63,B60
Khepupara,1978,10,84.26,B60
Khepupara,1978,11,75.7,B60
Khepupara,1978,12,70.5,B60
Khepupara,1979,1,59.26,B60
Khepupara,1979,2,55.46,B60
Khepupara,1979,3,69.81,B60
Khepupara,1979,4,76.03,B60
Khepupara,1979,5,75.74,B60
Khepupara,1979,6,86.1,B60
Khepupara,1979,7,87.29,B60
Khepupara,1979,8,86.77,B60
Khepupara,1979,9,87.59,B60
Khepupara,1979,12,100,B60
Khepupara,1980,1,61.55,B60
Khepupara,1980,2,64.17,B60
Khepupara,1980,3,69.06,B60
Khepupara,1980,4,69.87,B60
Khepupara,1980,5,75.71,B60
Khepupara,1980,6,83.37,B60
Khepupara,1980,7,87.77,B60
Khepupara,1980,8,87.87,B60
Khepupara,1980,9,84.37,B60
Khepupara,1980,10,81.48,B60
Khepupara,1980,11,67.9,B60
Khepupara,1980,12,64.52,B60
Khepupara,1981,1,65.74,B60
Khepupara,1981,2,64.57,B60
Khepupara,1981,3,68.45,B60
Khepupara,1981,4,77.93,B60
Khepupara,1981,5,79.77,B60
Khepupara,1981,6,83.83,B60
Khepupara,1981,7,88.87,B60
Khepupara,1981,8,86.03,B60
Khepupara,1981,9,85.37,B60
Khepupara,1981,10,74.74,B60
Khepupara,1981,11,69.3,B60
Khepupara,1981,12,67.1,B60
Khepupara,1982,1,63.06,B60
Khepupara,1982,2,69.68,B60
Khepupara,1982,3,64.39,B60
Khepupara,1982,4,74.33,B60
Khepupara,1982,5,72.13,B60
Khepupara,1982,6,85.1,B60
Khepupara,1982,7,84.26,B60
Khepupara,1982,8,88.97,B60
Khepupara,1982,9,82.9,B60
Khepupara,1982,10,78.32,B60
Khepupara,1982,11,73.17,B60
Khepupara,1983,1,67,B60
Khepupara,1983,2,69.14,B60
Khepupara,1983,3,76.39,B60
Khepupara,1983,4,72,B60
Khepupara,1983,5,77.19,B60
Khepupara,1983,6,84.87,B60
Khepupara,1983,8,88.29,B60
Khepupara,1983,9,86.3,B60
Khepupara,1983,10,83.74,B60
Khepupara,1983,11,76.8,B60
Khepupara,1983,12,73.19,B60
Khepupara,1984,1,71.32,B60
Khepupara,1984,2,63.79,B60
Khepupara,1984,3,71.52,B60
Khepupara,1984,4,76.2,B60
Khepupara,1984,5,79.9,B60
Khepupara,1984,6,85.97,B60
Khepupara,1984,7,86.65,B60
Khepupara,1984,8,89.55,B60
Khepupara,1984,9,83.47,B60
Khepupara,1984,10,84.9,B60
Khepupara,1984,11,77.73,B60
Khepupara,1984,12,69.77,B60
Khepupara,1985,1,73.55,B60
Khepupara,1985,2,75.18,B60
Khepupara,1985,3,81.06,B60
Khepupara,1985,4,77.23,B60
Khepupara,1985,5,82.58,B60
Khepupara,1985,6,86.83,B60
Khepupara,1985,7,88.19,B60
Khepupara,1985,8,87.1,B60
Khepupara,1985,9,88.37,B60
Khepupara,1985,10,83.16,B60
Khepupara,1985,11,79.23,B60
Khepupara,1985,12,78.39,B60
Khepupara,1986,1,79.19,B60
Khepupara,1986,2,73.68,B60
Khepupara,1986,3,77.61,B60
Khepupara,1986,4,85.37,B60
Khepupara,1986,5,86.39,B60
Khepupara,1986,6,89.67,B60
Khepupara,1986,7,89.29,B60
Khepupara,1986,8,86.06,B60
Khepupara,1986,9,90.3,B60
Khepupara,1986,10,89.52,B60
Khepupara,1986,11,88.83,B60
Khepupara,1986,12,89.65,B60
Khepupara,1987,1,87.9,B60
Khepupara,1987,2,87.14,B60
Khepupara,1987,3,88.35,B60
Khepupara,1987,4,89.93,B60
Khepupara,1987,5,83.48,B60
Khepupara,1987,6,87.87,B60
Khepupara,1987,7,90.61,B60
Khepupara,1987,8,87.68,B60
Khepupara,1987,9,89.43,B60
Khepupara,1987,10,90.32,B60
Khepupara,1987,11,92,B60
Khepupara,1987,12,91.29,B60
Khepupara,1988,1,90.03,B60
Khepupara,1988,2,82.45,B60
Khepupara,1988,3,86.39,B60
Khepupara,1988,4,82.57,B60
Khepupara,1988,5,82.39,B60
Khepupara,1988,7,90,B60
Khepupara,1988,8,87.77,B60
Khepupara,1988,9,86.67,B60
Khepupara,1988,10,83.29,B60
Khepupara,1988,11,77.63,B60
Khepupara,1988,12,77.77,B60
Khepupara,1989,1,70.81,B60
Khepupara,1989,2,74.96,B60
Khepupara,1989,3,71.68,B60
Khepupara,1989,4,78.67,B60
Khepupara,1989,5,81.32,B60
Khepupara,1989,6,83.93,B60
Khepupara,1989,7,87.1,B60
Khepupara,1989,8,85.87,B60
Khepupara,1989,9,88.17,B60
Khepupara,1989,10,89.45,B60
Khepupara,1989,11,78.1,B60
Khepupara,1989,12,76.74,B60
Khepupara,1990,1,78.16,B60
Khepupara,1990,2,80.86,B60
Khepupara,1990,3,80.81,B60
Khepupara,1990,4,80.43,B60
Khepupara,1990,5,81.35,B60
Khepupara,1990,6,86.47,B60
Khepupara,1990,7,89,B60
Khepupara,1990,8,84.55,B60
Khepupara,1990,9,86.1,B60
Khepupara,1990,10,82.74,B60
Khepupara,1990,11,81,B60
Khepupara,1990,12,75.71,B60
Khepupara,1991,1,76.26,B60
Khepupara,1991,2,74.75,B60
Khepupara,1991,3,74.23,B60
Khepupara,1991,4,76.97,B60
Khepupara,1991,5,82.29,B60
Khepupara,1991,6,87,B60
Khepupara,1991,7,85.45,B60
Khepupara,1991,8,86.71,B60
Khepupara,1991,9,86.47,B60
Khepupara,1991,10,85.55,B60
Khepupara,1991,11,78.93,B60
Khepupara,1991,12,76.19,B60
Khepupara,1992,1,77.32,B60
Khepupara,1992,2,77,B60
Khepupara,1992,3,78.87,B60
Khepupara,1992,4,77.73,B60
Khepupara,1992,5,79.71,B60
Khepupara,1992,6,82.13,B60
Khepupara,1992,7,87.23,B60
Khepupara,1992,8,85.03,B60
Khepupara,1992,9,85.5,B60
Khepupara,1992,10,84.16,B60
Khepupara,1992,11,80.83,B60
Khepupara,1992,12,76.87,B60
Khepupara,1993,1,75,B60
Khepupara,1993,2,75.46,B60
Khepupara,1993,3,71.35,B60
Khepupara,1993,4,78,B60
Khepupara,1993,5,82.16,B60
Khepupara,1993,6,86,B60
Khepupara,1993,7,86.71,B60
Khepupara,1993,8,87.81,B60
Khepupara,1993,9,87.97,B60
Khepupara,1993,10,85.19,B60
Khepupara,1993,11,82.83,B60
Khepupara,1993,12,75.87,B60
Khepupara,1994,1,75.16,B60
Khepupara,1994,2,74.14,B60
Khepupara,1994,3,76.84,B60
Khepupara,1994,4,78.97,B60
Khepupara,1994,5,80.03,B60
Khepupara,1994,6,87.53,B60
Khepupara,1994,7,88.35,B60
Khepupara,1994,8,87.61,B60
Khepupara,1994,9,84.5,B60
Khepupara,1994,10,84.23,B60
Khepupara,1994,11,80.03,B60
Khepupara,1994,12,73.1,B60
Khepupara,1995,1,70.23,B60
Khepupara,1995,2,75.64,B60
Khepupara,1995,3,70.35,B60
Khepupara,1995,4,74.87,B60
Khepupara,1995,5,80.16,B60
Khepupara,1995,6,87.03,B60
Khepupara,1995,7,88.06,B60
Khepupara,1995,8,87.29,B60
Khepupara,1995,9,87.93,B60
Khepupara,1995,10,86.55,B60
Khepupara,1995,11,85,B60
Khepupara,1995,12,76.61,B60
Khepupara,1996,1,74.71,B60
Khepupara,1996,2,74.41,B60
Khepupara,1996,3,78.26,B60
Khepupara,1996,4,77.37,B60
Khepupara,1996,5,80.68,B60
Khepupara,1996,6,85.57,B60
Khepupara,1996,7,87.06,B60
Khepupara,1996,8,90.42,B60
Khepupara,1996,9,86.1,B60
Khepupara,1996,10,83.77,B60
Khepupara,1996,11,80.77,B60
Khepupara,1996,12,74.9,B60
Khepupara,1997,1,71.74,B60
Khepupara,1997,2,78.82,B60
Khepupara,1997,3,81.74,B60
Khepupara,1997,4,80.87,B60
Khepupara,1997,5,82.39,B60
Khepupara,1997,6,84.87,B60
Khepupara,1997,7,89.42,B60
Khepupara,1997,8,86.87,B60
Khepupara,1997,9,87.4,B60
Khepupara,1997,10,81.84,B60
Khepupara,1997,11,80.3,B60
Khepupara,1997,12,76.9,B60
Khepupara,1998,1,80.23,B60
Khepupara,1998,2,77.96,B60
Khepupara,1998,3,74.48,B60
Khepupara,1998,4,79.23,B60
Khepupara,1998,5,81.13,B60
Khepupara,1998,6,84.13,B60
Khepupara,1998,7,89.1,B60
Khepupara,1998,8,88.65,B60
Khepupara,1998,9,87.43,B60
Khepupara,1998,10,86.42,B60
Khepupara,1998,11,82.5,B60
Khepupara,1998,12,77.61,B60
Khepupara,1999,1,75.61,B60
Khepupara,1999,2,71.93,B60
Khepupara,1999,3,76.06,B60
Khepupara,1999,4,77.33,B60
Khepupara,1999,5,83.32,B60
Khepupara,1999,6,86.8,B60
Khepupara,1999,7,89.65,B60
Khepupara,1999,8,88.58,B60
Khepupara,1999,9,88.87,B60
Khepupara,1999,10,87.1,B60
Khepupara,1999,11,79.4,B60
Khepupara,1999,12,78.32,B60
Khepupara,2000,1,77.84,B60
Khepupara,2000,2,73.69,B60
Khepupara,2000,3,75.97,B60
Khepupara,2000,4,78.67,B60
Khepupara,2000,5,83.26,B60
Khepupara,2000,6,86.6,B60
Khepupara,2000,7,87.48,B60
Khepupara,2000,8,86.35,B60
Khepupara,2000,9,87.13,B60
Khepupara,2000,10,86.35,B60
Khepupara,2000,11,81.03,B60
Khepupara,2000,12,75.29,B60
Khepupara,2001,1,73.35,B60
Khepupara,2001,2,75.96,B60
Khepupara,2001,3,73.16,B60
Khepupara,2001,4,75.37,B60
Khepupara,2001,5,83.19,B60
Khepupara,2001,6,90.13,B60
Khepupara,2001,7,89.13,B60
Khepupara,2001,8,86.23,B60
Khepupara,2001,9,87.13,B60
Khepupara,2001,10,87.39,B60
Khepupara,2001,11,84.77,B60
Khepupara,2001,12,78.06,B60
Khepupara,2002,1,77.74,B60
Khepupara,2002,2,69.82,B60
Khepupara,2002,3,74,B60
Khepupara,2002,4,80.2,B60
Khepupara,2002,5,83.55,B60
Khepupara,2002,6,86.27,B60
Khepupara,2002,7,88.23,B60
Khepupara,2002,8,89.06,B60
Khepupara,2002,9,86.6,B60
Khepupara,2002,10,84.94,B60
Khepupara,2002,11,82.47,B60
Khepupara,2002,12,79.94,B60
Khepupara,2003,1,78.03,B60
Khepupara,2003,2,77.21,B60
Khepupara,2003,3,77.23,B60
Khepupara,2003,4,81.5,B60
Khepupara,2003,5,80.94,B60
Khepupara,2003,6,88.6,B60
Khepupara,2003,7,86.61,B60
Khepupara,2003,8,87.1,B60
Khepupara,2003,9,86.83,B60
Khepupara,2003,10,87.06,B60
Khepupara,2003,11,79.93,B60
Khepupara,2003,12,80.65,B60
Khepupara,2004,1,81.26,B60
Khepupara,2004,2,74.86,B60
Khepupara,2004,3,80.06,B60
Khepupara,2004,4,82.6,B60
Khepupara,2004,5,79.94,B60
Khepupara,2004,6,85.93,B60
Khepupara,2004,7,86.68,B60
Khepupara,2004,8,89.52,B60
Khepupara,2004,9,88.3,B60
Khepupara,2004,10,85.19,B60
Khepupara,2004,11,80.37,B60
Khepupara,2004,12,78.39,B60
Khepupara,2005,1,77.48,B60
Khepupara,2005,2,75.36,B60
Khepupara,2005,3,79.48,B60
Khepupara,2005,4,76.7,B60
Khepupara,2005,5,79.84,B60
Khepupara,2005,6,84.33,B60
Khepupara,2005,7,88.52,B60
Khepupara,2005,8,88.9,B60
Khepupara,2005,9,88.9,B60
Khepupara,2005,10,87.97,B60
Khepupara,2005,11,82.33,B60
Khepupara,2005,12,78.81,B60
Khepupara,2006,1,75.81,B60
Khepupara,2006,2,78.54,B60
Khepupara,2006,3,72.65,B60
Khepupara,2006,4,74.9,B60
Khepupara,2006,5,81.13,B60
Khepupara,2006,6,86.7,B60
Khepupara,2006,7,88.97,B60
Khepupara,2006,8,87.45,B60
Khepupara,2006,9,87.7,B60
Khepupara,2006,10,85.42,B60
Khepupara,2006,11,82.67,B60
Khepupara,2006,12,78.74,B60
Khepupara,2007,1,76.74,B60
Khepupara,2007,2,76.96,B60
Khepupara,2007,3,70.29,B60
Khepupara,2007,4,78.17,B60
Khepupara,2007,5,80.03,B60
Khepupara,2007,6,84.1,B60
Khepupara,2007,7,89.03,B60
Khepupara,2007,8,87.39,B60
Khepupara,2007,9,88.5,B60
Khepupara,2007,10,85.26,B60
Khepupara,2007,11,82.73,B60
Khepupara,2007,12,76.39,B60
Khepupara,2008,1,75.71,B60
Khepupara,2008,2,73.03,B60
Khepupara,2008,3,79.74,B60
Khepupara,2008,4,76.57,B60
Khepupara,2008,5,78.23,B60
Khepupara,2008,6,87,B60
Khepupara,2008,7,89.68,B60
Khepupara,2008,8,86.32,B60
Khepupara,2008,9,86.93,B60
Khepupara,2008,10,84.81,B60
Khepupara,2008,11,81.33,B60
Khepupara,2008,12,83.87,B60
Khepupara,2009,1,80.19,B60
Khepupara,2009,2,72.96,B60
Khepupara,2009,3,73.97,B60
Khepupara,2009,4,77.23,B60
Khepupara,2009,5,77.84,B60
Khepupara,2009,6,83.2,B60
Khepupara,2009,7,89.13,B60
Khepupara,2009,8,88.81,B60
Khepupara,2009,9,87.93,B60
Khepupara,2009,10,85.16,B60
Khepupara,2009,11,80.87,B60
Khepupara,2009,12,78.32,B60
Khepupara,2010,1,75.65,B60
Khepupara,2010,2,74.14,B60
Khepupara,2010,3,77.71,B60
Khepupara,2010,4,77.73,B60
Khepupara,2010,5,80.19,B60
Khepupara,2010,6,87.07,B60
Khepupara,2010,7,86.48,B60
Khepupara,2010,8,84.84,B60
Khepupara,2010,9,85.83,B60
Khepupara,2010,10,85.81,B60
Khepupara,2010,11,82.7,B60
Khepupara,2010,12,77.84,B60
Khepupara,2011,1,75.52,B60
Khepupara,2011,2,71.93,B60
Khepupara,2011,3,72.16,B60
Khepupara,2011,4,77.73,B60
Khepupara,2011,5,81.58,B60
Khepupara,2011,6,87.73,B60
Khepupara,2011,7,86.1,B60
Khepupara,2011,8,89.97,B60
Khepupara,2011,9,88.83,B60
Khepupara,2011,10,83.19,B60
Khepupara,2011,11,81.23,B60
Khepupara,2011,12,79.9,B60
Khepupara,2012,1,76.29,B60
Khepupara,2012,2,67.41,B60
Khepupara,2012,3,76.03,B60
Khepupara,2012,4,76.47,B60
Khepupara,2012,5,77.16,B60
Khepupara,2012,6,83.73,B60
Khepupara,2012,7,89.13,B60
Khepupara,2012,8,88.16,B60
Khepupara,2012,9,88.87,B60
Khepupara,2012,10,83.74,B60
Khepupara,2012,11,80.03,B60
Khepupara,2012,12,80.77,B60
Khepupara,2013,1,71.74,B60
Khepupara,2013,2,65.96,B60
Khepupara,2013,3,72.84,B60
Khepupara,2013,5,85.03,B60
Khepupara,2013,6,84.83,B60
Khepupara,2013,7,86.58,B60
Khepupara,2013,8,86.74,B60
Khepupara,2013,9,88,B60
Khepupara,2013,10,88.19,B60
Khepupara,2013,11,78.67,B60
Khepupara,2013,12,78.26,B60
Khepupara,2014,1,76.74,B60
Khepupara,2014,2,74.32,B60
Khepupara,2014,3,70.77,B60
Khepupara,2014,4,73.8,B60
Khepupara,2014,5,78.13,B60
Khepupara,2014,6,85.2,B60
Khepupara,2014,7,89.39,B60
Khepupara,2014,8,88.97,B60
Khepupara,2014,9,86.93,B60
Khepupara,2014,10,84.03,B60
Khepupara,2014,11,79.57,B60
Khepupara,2014,12,79.19,B60
Khepupara,2015,1,77.87,B60
Khepupara,2015,2,76.89,B60
Khepupara,2015,3,69.61,B60
Khepupara,2015,4,78.13,B60
Khepupara,2015,5,79.1,B60
Khepupara,2015,6,85.5,B60
Khepupara,2015,7,89.39,B60
Khepupara,2015,8,87.29,B60
Khepupara,2015,9,87.53,B60
Khepupara,2015,10,86.74,B60
Khepupara,2015,11,83.83,B60
Khepupara,2015,12,80.65,B60
Khepupara,2016,1,81.74,B60
Khepupara,2016,2,81.86,B60
Khepupara,2016,3,77.65,B60
Khepupara,2016,4,80.1,B60
Khepupara,2016,5,81.23,B60
Khepupara,2016,6,84.97,B60
Khepupara,2016,7,89.03,B60
Khepupara,2016,8,88.16,B60
Khepupara,2016,9,86.63,B60
Khepupara,2016,10,87.03,B60
Khepupara,2016,11,84.67,B60
Khepupara,2016,12,82.1,B60
Khepupara,2017,1,75.52,B60
Khepupara,2017,2,75.07,B60
Khepupara,2017,3,81.06,B60
Khepupara,2017,4,81.37,B60
Khepupara,2017,5,80.13,B60
Khepupara,2017,6,86.2,B60
Khepupara,2017,7,90.94,B60
Khepupara,2017,8,88.03,B60
Khepupara,2017,9,89.9,B60
Khepupara,2017,10,88.42,B60
Khepupara,2017,11,83.9,B60
Khepupara,2017,12,85.52,B60
Khepupara,2018,1,78.48,B60
Khepupara,2018,2,78.21,B60
Khepupara,2018,3,77.55,B60
Khepupara,2018,4,77.47,B60
Khepupara,2018,5,81.23,B60
Khepupara,2018,6,87.8,B60
Khepupara,2018,7,87.74,B60
Khepupara,2018,8,86.35,B60
Khepupara,2018,9,85.9,B60
Khepupara,2018,10,85.55,B60
Khepupara,2018,11,84,B60
Khepupara,2018,12,78.42,B60
Khepupara,2019,1,74.87,B60
Khepupara,2019,2,74.89,B60
Khepupara,2019,3,76.35,B60
Khepupara,2019,4,77.4,B60
Khepupara,2019,5,79.65,B60
Khepupara,2019,6,84.13,B60
Khepupara,2019,7,87.58,B60
Khepupara,2019,8,86.77,B60
Khepupara,2019,9,88.1,B60
Khepupara,2019,10,86.87,B60
Khepupara,2019,11,85.43,B60
Khepupara,2019,12,81.06,B60
Khepupara,2020,1,80.94,B60
Khepupara,2020,2,73.79,B60
Khepupara,2020,3,74.26,B60
Khepupara,2020,4,81.1,B60
Khepupara,2020,5,80.39,B60
Khepupara,2020,6,88.4,B60
Khepupara,2020,7,86.74,B60
Khepupara,2020,8,89.16,B60
Khepupara,2020,9,87.77,B60
Khepupara,2020,10,87.29,B60
Khepupara,2020,11,82.7,B60
Khepupara,2020,12,84.31,B60
Khepupara,2021,1,78.79,B60
Khepupara,2021,2,71.73,B60
Khepupara,2021,3,71,B60
Khepupara,2021,4,67.5,B60
Khepupara,2021,5,70.71,B60
Khepupara,2021,6,84.87,B60
Khepupara,2021,7,88.41,B60
Khepupara,2021,8,89.48,B60
Khepupara,2021,9,89.48,B60
Khepupara,2021,10,87.78,B60
Khepupara,2021,11,81.4,B60
Khepupara,2021,12,83.06,B60
Khepupara,2023,1,80.6,B60
Khepupara,2023,2,76.54,B60
Khepupara,2023,3,73.08,B60
Khepupara,2023,4,71.15,B60
Khepupara,2023,5,74.21,B60
Khepupara,2023,6,83.98,B60
Khepupara,2023,7,84.26,B60
Khepupara,2023,8,90.31,B60
Khepupara,2023,9,89.43,B60
Khepupara,2023,10,86.44,B60
Khepupara,2023,11,88.67,B60
Khepupara,2023,12,87.23,B60
Khepupara,2022,1,82.71,B60
Khepupara,2022,2,77.18,B60
Khepupara,2022,3,72.1,B60
Khepupara,2022,4,78.8,B60
Khepupara,2022,5,81.81,B60
Khepupara,2022,6,84,B60
Khepupara,2022,7,85,B60
Khepupara,2022,8,86.32,B60
Khepupara,2022,9,87.87,B60
Khepupara,2022,10,85.29,B60
Khepupara,2022,11,81.13,B60
Khepupara,2022,12,82.84,B60
Khulna,1948,1,67.03,B60
Khulna,1948,2,68.03,B60
Khulna,1948,3,63.06,B60
Khulna,1948,4,71.53,B60
Khulna,1948,5,76.35,B60
Khulna,1948,6,81.57,B60
Khulna,1948,7,85.71,B60
Khulna,1948,8,83.42,B60
Khulna,1948,9,84.73,B60
Khulna,1948,10,76.19,B60
Khulna,1948,11,73.47,B60
Khulna,1948,12,67.19,B60
Khulna,1949,1,68.06,B60
Khulna,1949,2,68.93,B60
Khulna,1949,3,76.97,B60
Khulna,1949,4,77.4,B60
Khulna,1949,5,83.58,B60
Khulna,1949,6,86.4,B60
Khulna,1949,7,89.9,B60
Khulna,1949,8,87.9,B60
Khulna,1949,9,85.87,B60
Khulna,1949,10,82.45,B60
Khulna,1949,11,70.07,B60
Khulna,1949,12,68.61,B60
Khulna,1950,1,72.06,B60
Khulna,1950,2,70.32,B60
Khulna,1950,3,63.23,B60
Khulna,1950,4,70.3,B60
Khulna,1950,5,76.03,B60
Khulna,1950,6,85.77,B60
Khulna,1950,7,85.58,B60
Khulna,1950,8,86.55,B60
Khulna,1950,9,82.8,B60
Khulna,1950,10,79.39,B60
Khulna,1950,11,76.53,B60
Khulna,1950,12,77.03,B60
Khulna,1951,1,72.1,B60
Khulna,1951,2,66.93,B60
Khulna,1951,3,68.52,B60
Khulna,1951,4,70.47,B60
Khulna,1951,5,76.29,B60
Khulna,1951,6,84.67,B60
Khulna,1951,7,86.45,B60
Khulna,1951,8,86.45,B60
Khulna,1951,9,83.1,B60
Khulna,1951,10,83.94,B60
Khulna,1951,11,77.87,B60
Khulna,1951,12,75.68,B60
Khulna,1952,1,76.19,B60
Khulna,1952,2,70.76,B60
Khulna,1952,3,71.23,B60
Khulna,1952,4,75.33,B60
Khulna,1952,5,78.81,B60
Khulna,1952,6,86.37,B60
Khulna,1952,7,87.68,B60
Khulna,1952,8,85.55,B60
Khulna,1952,9,86.43,B60
Khulna,1952,10,83.84,B60
Khulna,1952,11,79.93,B60
Khulna,1952,12,76.52,B60
Khulna,1953,1,74.16,B60
Khulna,1953,2,72.57,B60
Khulna,1953,3,80.48,B60
Khulna,1953,4,76.1,B60
Khulna,1953,5,79.74,B60
Khulna,1953,6,85.8,B60
Khulna,1953,7,88.58,B60
Khulna,1953,8,87.84,B60
Khulna,1953,9,87.27,B60
Khulna,1953,10,82.52,B60
Khulna,1953,11,77.4,B60
Khulna,1953,12,76.9,B60
Khulna,1954,1,73.1,B60
Khulna,1954,2,71.21,B60
Khulna,1954,3,67.61,B60
Khulna,1954,4,75.6,B60
Khulna,1954,5,80.52,B60
Khulna,1954,6,88.77,B60
Khulna,1954,7,87.13,B60
Khulna,1954,8,86.97,B60
Khulna,1954,9,86.6,B60
Khulna,1954,10,81.81,B60
Khulna,1954,11,75.43,B60
Khulna,1954,12,76.39,B60
Khulna,1955,1,71.03,B60
Khulna,1955,2,63.14,B60
Khulna,1955,3,73.58,B60
Khulna,1955,4,69.57,B60
Khulna,1955,5,75.35,B60
Khulna,1955,6,86.37,B60
Khulna,1955,7,89.1,B60
Khulna,1955,8,89.74,B60
Khulna,1955,9,87.27,B60
Khulna,1955,10,85.74,B60
Khulna,1955,11,80.67,B60
Khulna,1955,12,77.16,B60
Khulna,1957,1,79.03,B60
Khulna,1957,2,74.54,B60
Khulna,1957,3,63.39,B60
Khulna,1957,4,69.3,B60
Khulna,1957,5,77.61,B60
Khulna,1957,6,85.73,B60
Khulna,1957,7,89.52,B60
Khulna,1957,8,86.45,B60
Khulna,1957,9,86.33,B60
Khulna,1957,10,81.52,B60
Khulna,1957,11,75,B60
Khulna,1957,12,75.84,B60
Khulna,1958,1,75.87,B60
Khulna,1958,2,73.57,B60
Khulna,1958,3,67.65,B60
Khulna,1958,4,72.73,B60
Khulna,1958,5,77.61,B60
Khulna,1958,6,84.37,B60
Khulna,1958,7,91.55,B60
Khulna,1958,8,88.45,B60
Khulna,1958,9,86.53,B60
Khulna,1958,10,81.68,B60
Khulna,1958,11,78.03,B60
Khulna,1958,12,76.81,B60
Khulna,1959,1,75.52,B60
Khulna,1959,2,67.54,B60
Khulna,1959,3,75.1,B60
Khulna,1959,4,80.1,B60
Khulna,1959,5,81.1,B60
Khulna,1959,6,84.5,B60
Khulna,1959,7,90.45,B60
Khulna,1959,8,88.45,B60
Khulna,1959,9,89.77,B60
Khulna,1959,10,86.74,B60
Khulna,1959,11,73.83,B60
Khulna,1959,12,76.13,B60
Khulna,1960,1,66.74,B60
Khulna,1960,2,65.1,B60
Khulna,1960,3,67.52,B60
Khulna,1960,4,65.47,B60
Khulna,1960,5,76.84,B60
Khulna,1960,6,87.37,B60
Khulna,1960,7,91.52,B60
Khulna,1960,8,89.97,B60
Khulna,1960,9,88.53,B60
Khulna,1960,10,80.77,B60
Khulna,1960,11,75.6,B60
Khulna,1960,12,81.06,B60
Khulna,1961,1,80.71,B60
Khulna,1961,2,74.57,B60
Khulna,1961,3,82.87,B60
Khulna,1961,4,77.1,B60
Khulna,1961,5,86.13,B60
Khulna,1961,6,85.9,B60
Khulna,1961,7,88.19,B60
Khulna,1961,8,89.35,B60
Khulna,1961,9,87.27,B60
Khulna,1961,10,80.81,B60
Khulna,1961,11,73.93,B60
Khulna,1961,12,79.84,B60
Khulna,1962,1,72.97,B60
Khulna,1962,2,73.04,B60
Khulna,1962,3,60.29,B60
Khulna,1962,4,78.4,B60
Khulna,1962,5,84.52,B60
Khulna,1962,6,91.8,B60
Khulna,1962,8,89.81,B60
Khulna,1962,9,87.4,B60
Khulna,1962,10,80.65,B60
Khulna,1962,11,74.83,B60
Khulna,1962,12,72.67,B60
Khulna,1963,1,66.58,B60
Khulna,1963,2,64.5,B60
Khulna,1963,4,78.2,B60
Khulna,1963,5,82.26,B60
Khulna,1963,6,89.13,B60
Khulna,1963,7,89.65,B60
Khulna,1963,8,90.55,B60
Khulna,1963,9,89.27,B60
Khulna,1963,10,83.48,B60
Khulna,1963,11,75.23,B60
Khulna,1963,12,73.03,B60
Khulna,1964,1,69.26,B60
Khulna,1964,2,70.21,B60
Khulna,1964,3,68.84,B60
Khulna,1964,4,77.8,B60
Khulna,1964,5,74.23,B60
Khulna,1964,6,85.23,B60
Khulna,1964,7,89.23,B60
Khulna,1964,8,88.48,B60
Khulna,1964,9,86.53,B60
Khulna,1964,10,85.77,B60
Khulna,1964,11,74.53,B60
Khulna,1964,12,71.68,B60
Khulna,1965,1,68,B60
Khulna,1965,2,65.79,B60
Khulna,1965,3,63.1,B60
Khulna,1965,4,67.87,B60
Khulna,1965,5,72.48,B60
Khulna,1965,6,84.23,B60
Khulna,1965,7,89.03,B60
Khulna,1965,8,92.16,B60
Khulna,1965,9,88.07,B60
Khulna,1965,10,78.16,B60
Khulna,1965,11,74.67,B60
Khulna,1965,12,69.03,B60
Khulna,1966,1,70.03,B60
Khulna,1966,2,68.82,B60
Khulna,1966,3,66.1,B60
Khulna,1966,4,63.9,B60
Khulna,1966,5,70.84,B60
Khulna,1966,6,86.73,B60
Khulna,1966,7,90.65,B60
Khulna,1966,8,90.84,B60
Khulna,1968,1,66.25,B60
Khulna,1968,2,71.89,B60
Khulna,1968,3,59.9,B60
Khulna,1968,4,72.53,B60
Khulna,1968,5,63.87,B60
Khulna,1968,6,88.93,B60
Khulna,1968,7,91.27,B60
Khulna,1968,8,89.6,B60
Khulna,1968,9,88.03,B60
Khulna,1968,10,87.23,B60
Khulna,1968,11,79.73,B60
Khulna,1968,12,76.48,B60
Khulna,1969,1,68.61,B60
Khulna,1969,2,82,B60
Khulna,1969,3,70.55,B60
Khulna,1969,4,68.67,B60
Khulna,1969,5,68.9,B60
Khulna,1969,6,88.47,B60
Khulna,1969,7,94.39,B60
Khulna,1969,8,92.55,B60
Khulna,1969,9,90.97,B60
Khulna,1969,10,85.74,B60
Khulna,1969,11,72.3,B60
Khulna,1969,12,72.81,B60
Khulna,1970,1,73.77,B60
Khulna,1970,2,78.21,B60
Khulna,1970,3,72.26,B60
Khulna,1970,4,72.03,B60
Khulna,1970,5,77.55,B60
Khulna,1970,6,90.37,B60
Khulna,1970,7,91.13,B60
Khulna,1970,8,92.32,B60
Khulna,1970,9,93.17,B60
Khulna,1970,10,89.52,B60
Khulna,1970,11,83.47,B60
Khulna,1970,12,69.73,B60
Khulna,1971,3,57.05,B60
Khulna,1971,5,76.95,B60
Khulna,1971,6,92.42,B60
Khulna,1971,7,94.71,B60
Khulna,1971,8,92.96,B60
Khulna,1971,9,87.28,B60
Khulna,1971,10,82.8,B60
Khulna,1971,11,73.96,B60
Khulna,1971,12,67.12,B60
Khulna,1972,1,71.05,B60
Khulna,1972,2,73.04,B60
Khulna,1972,3,70.44,B60
Khulna,1972,4,74.62,B60
Khulna,1972,5,74.83,B60
Khulna,1972,7,89.58,B60
Khulna,1973,4,70.5,B60
Khulna,1973,5,72.5,B60
Khulna,1973,6,74.46,B60
Khulna,1973,7,77,B60
Khulna,1973,8,65.85,B60
Khulna,1973,9,58.12,B60
Khulna,1973,12,77.09,B60
Khulna,1974,2,53.79,B60
Khulna,1974,3,65.16,B60
Khulna,1974,4,74.57,B60
Khulna,1974,5,74.35,B60
Khulna,1974,6,82.2,B60
Khulna,1974,7,88.03,B60
Khulna,1974,8,84.32,B60
Khulna,1974,9,85.13,B60
Khulna,1974,10,79.03,B60
Khulna,1974,11,69.6,B60
Khulna,1974,12,65.52,B60
Khulna,1976,1,62.61,B60
Khulna,1976,2,64.86,B60
Khulna,1976,3,60.81,B60
Khulna,1976,4,63.67,B60
Khulna,1976,5,77.17,B60
Khulna,1976,6,81.93,B60
Khulna,1976,7,85.55,B60
Khulna,1976,8,86.06,B60
Khulna,1976,9,84.27,B60
Khulna,1976,10,74.06,B60
Khulna,1976,11,71.2,B60
Khulna,1976,12,62.39,B60
Khulna,1977,1,59.26,B60
Khulna,1977,2,59.25,B60
Khulna,1977,3,65.23,B60
Khulna,1977,4,75,B60
Khulna,1977,5,82.26,B60
Khulna,1977,6,89.04,B60
Khulna,1977,8,86.65,B60
Khulna,1977,9,85.83,B60
Khulna,1977,11,77.53,B60
Khulna,1977,12,74.29,B60
Khulna,1978,1,66.32,B60
Khulna,1978,2,65.14,B60
Khulna,1978,3,66.32,B60
Khulna,1978,4,77.73,B60
Khulna,1978,5,81.77,B60
Khulna,1978,6,87.9,B60
Khulna,1978,7,89.39,B60
Khulna,1978,8,86.84,B60
Khulna,1978,9,86.9,B60
Khulna,1978,10,78.81,B60
Khulna,1978,11,69.53,B60
Khulna,1978,12,66,B60
Khulna,1979,1,71.35,B60
Khulna,1979,2,65.64,B60
Khulna,1979,3,63.23,B60
Khulna,1979,4,74.07,B60
Khulna,1979,5,73,B60
Khulna,1979,6,81.43,B60
Khulna,1979,7,84.23,B60
Khulna,1979,8,85.19,B60
Khulna,1979,9,83.43,B60
Khulna,1979,10,75.26,B60
Khulna,1979,11,72.7,B60
Khulna,1979,12,74.52,B60
Khulna,1980,1,75.48,B60
Khulna,1980,2,71.62,B60
Khulna,1980,3,70.74,B60
Khulna,1980,4,80.77,B60
Khulna,1980,5,82.52,B60
Khulna,1980,6,89.17,B60
Khulna,1980,7,91.42,B60
Khulna,1980,8,87.94,B60
Khulna,1980,9,87.27,B60
Khulna,1980,10,85.61,B60
Khulna,1980,11,76.27,B60
Khulna,1980,12,77.16,B60
Khulna,1981,1,78.52,B60
Khulna,1981,2,75.36,B60
Khulna,1981,3,75.52,B60
Khulna,1981,4,81.3,B60
Khulna,1981,5,84.03,B60
Khulna,1981,6,84.83,B60
Khulna,1981,7,89.74,B60
Khulna,1981,8,86.42,B60
Khulna,1981,9,87.8,B60
Khulna,1981,10,79.55,B60
Khulna,1981,11,75.47,B60
Khulna,1981,12,77,B60
Khulna,1982,1,72.9,B60
Khulna,1982,2,72.5,B60
Khulna,1982,3,70.42,B60
Khulna,1982,4,78.97,B60
Khulna,1982,5,74.39,B60
Khulna,1982,6,85.97,B60
Khulna,1982,7,84.84,B60
Khulna,1982,8,89.48,B60
Khulna,1982,9,86.1,B60
Khulna,1982,10,81.39,B60
Khulna,1982,11,79.03,B60
Khulna,1982,12,74.52,B60
Khulna,1983,1,76.19,B60
Khulna,1983,2,73.39,B60
Khulna,1983,3,74.48,B60
Khulna,1983,4,73.53,B60
Khulna,1983,5,80.87,B60
Khulna,1983,6,87.17,B60
Khulna,1983,8,88.61,B60
Khulna,1983,9,89.33,B60
Khulna,1983,10,87.06,B60
Khulna,1983,11,81.33,B60
Khulna,1983,12,82.68,B60
Khulna,1984,1,80.39,B60
Khulna,1984,2,76.03,B60
Khulna,1984,3,76.19,B60
Khulna,1984,4,86.2,B60
Khulna,1984,5,84.35,B60
Khulna,1984,6,88.4,B60
Khulna,1984,7,89.52,B60
Khulna,1984,8,89.26,B60
Khulna,1984,9,89.87,B60
Khulna,1984,10,88.19,B60
Khulna,1984,11,79.77,B60
Khulna,1984,12,81.45,B60
Khulna,1985,1,82.84,B60
Khulna,1985,2,72.75,B60
Khulna,1985,3,81.13,B60
Khulna,1985,4,81.17,B60
Khulna,1985,5,80.81,B60
Khulna,1985,6,86.53,B60
Khulna,1985,7,88.16,B60
Khulna,1985,8,86.97,B60
Khulna,1985,9,87.3,B60
Khulna,1985,10,83.84,B60
Khulna,1985,11,81,B60
Khulna,1985,12,77.77,B60
Khulna,1986,1,77.97,B60
Khulna,1986,2,70.21,B60
Khulna,1986,3,70.87,B60
Khulna,1986,4,80.7,B60
Khulna,1986,5,81.32,B60
Khulna,1986,6,85.47,B60
Khulna,1986,7,89.06,B60
Khulna,1986,8,85.06,B60
Khulna,1986,9,88.63,B60
Khulna,1986,10,85.48,B60
Khulna,1986,11,82.73,B60
Khulna,1986,12,79.06,B60
Khulna,1987,1,75.97,B60
Khulna,1987,2,71.18,B60
Khulna,1987,3,68.94,B60
Khulna,1987,4,77.83,B60
Khulna,1987,5,79.42,B60
Khulna,1987,6,82.2,B60
Khulna,1987,7,89.65,B60
Khulna,1987,8,86.81,B60
Khulna,1987,9,88.73,B60
Khulna,1987,10,81.13,B60
Khulna,1987,11,80.33,B60
Khulna,1987,12,80.94,B60
Khulna,1988,1,77,B60
Khulna,1988,2,74.55,B60
Khulna,1988,3,73.16,B60
Khulna,1988,4,76.53,B60
Khulna,1988,5,82.35,B60
Khulna,1988,6,86.63,B60
Khulna,1988,7,86.94,B60
Khulna,1988,8,87.84,B60
Khulna,1988,9,84.7,B60
Khulna,1988,10,82,B60
Khulna,1988,11,80.3,B60
Khulna,1988,12,80.84,B60
Khulna,1989,1,72.87,B60
Khulna,1989,2,69.82,B60
Khulna,1989,3,63.9,B60
Khulna,1989,4,72.97,B60
Khulna,1989,5,79.55,B60
Khulna,1989,6,85.1,B60
Khulna,1989,7,85.42,B60
Khulna,1989,8,84.1,B60
Khulna,1989,9,87.33,B60
Khulna,1989,10,86.35,B60
Khulna,1989,11,81.03,B60
Khulna,1989,12,77.35,B60
Khulna,1990,1,77.19,B60
Khulna,1990,2,77.89,B60
Khulna,1990,3,79.35,B60
Khulna,1990,4,78.5,B60
Khulna,1990,5,80.97,B60
Khulna,1990,6,86.07,B60
Khulna,1990,7,88.68,B60
Khulna,1990,8,84.97,B60
Khulna,1990,9,88.47,B60
Khulna,1990,10,85.39,B60
Khulna,1990,11,81.77,B60
Khulna,1990,12,79.13,B60
Khulna,1991,1,78.06,B60
Khulna,1991,2,75.46,B60
Khulna,1991,3,73.19,B60
Khulna,1991,4,75.37,B60
Khulna,1991,5,81.1,B60
Khulna,1991,6,87.53,B60
Khulna,1991,7,86.16,B60
Khulna,1991,8,86.84,B60
Khulna,1991,9,88.63,B60
Khulna,1991,10,86.39,B60
Khulna,1991,11,79.57,B60
Khulna,1991,12,79.68,B60
Khulna,1992,1,80.35,B60
Khulna,1992,2,78.07,B60
Khulna,1992,3,73.26,B60
Khulna,1992,4,72.17,B60
Khulna,1992,5,80.03,B60
Khulna,1992,6,82.2,B60
Khulna,1992,7,88.35,B60
Khulna,1992,8,86.1,B60
Khulna,1992,9,85.07,B60
Khulna,1992,10,83.97,B60
Khulna,1992,11,80.93,B60
Khulna,1992,12,78.68,B60
Khulna,1993,1,76.26,B60
Khulna,1993,2,74.07,B60
Khulna,1993,3,68.23,B60
Khulna,1993,4,74.1,B60
Khulna,1993,5,82.06,B60
Khulna,1993,6,85.53,B60
Khulna,1993,7,86.61,B60
Khulna,1993,8,88,B60
Khulna,1993,9,88.53,B60
Khulna,1993,10,85.26,B60
Khulna,1993,11,80.93,B60
Khulna,1993,12,77.77,B60
Khulna,1994,1,76.71,B60
Khulna,1994,2,75.5,B60
Khulna,1994,3,72.32,B60
Khulna,1994,4,73.97,B60
Khulna,1994,5,79.48,B60
Khulna,1994,6,87.77,B60
Khulna,1994,7,86.97,B60
Khulna,1994,8,86.74,B60
Khulna,1994,9,83.17,B60
Khulna,1994,10,81.55,B60
Khulna,1994,11,80.73,B60
Khulna,1994,12,76.97,B60
Khulna,1995,1,75.68,B60
Khulna,1995,2,76.82,B60
Khulna,1995,3,68.84,B60
Khulna,1995,4,73.17,B60
Khulna,1995,5,81.06,B60
Khulna,1995,6,86.6,B60
Khulna,1995,7,88.26,B60
Khulna,1995,8,87.29,B60
Khulna,1995,9,88.1,B60
Khulna,1995,10,84.9,B60
Khulna,1995,11,83.5,B60
Khulna,1995,12,78.39,B60
Khulna,1996,1,77.42,B60
Khulna,1996,2,78.31,B60
Khulna,1996,3,76.77,B60
Khulna,1996,4,80.03,B60
Khulna,1996,5,79.97,B60
Khulna,1996,6,84.43,B60
Khulna,1996,7,84.74,B60
Khulna,1996,8,86.58,B60
Khulna,1996,9,84.33,B60
Khulna,1996,10,80.81,B60
Khulna,1996,11,78.93,B60
Khulna,1996,12,74.87,B60
Khulna,1997,1,74.13,B60
Khulna,1997,2,70.96,B60
Khulna,1997,3,72.45,B60
Khulna,1997,4,75.77,B60
Khulna,1997,5,77.26,B60
Khulna,1997,6,82.37,B60
Khulna,1997,7,87.1,B60
Khulna,1997,8,85.65,B60
Khulna,1997,9,88.23,B60
Khulna,1997,10,79.81,B60
Khulna,1997,11,75.87,B60
Khulna,1997,12,80.1,B60
Khulna,1998,1,81.26,B60
Khulna,1998,2,77.07,B60
Khulna,1998,3,73.48,B60
Khulna,1998,4,76.67,B60
Khulna,1998,5,77.55,B60
Khulna,1998,6,82.27,B60
Khulna,1998,7,86.13,B60
Khulna,1998,8,86.87,B60
Khulna,1998,9,85.13,B60
Khulna,1998,10,84.19,B60
Khulna,1998,11,80.6,B60
Khulna,1998,12,78.35,B60
Khulna,1999,1,76.74,B60
Khulna,1999,2,72.07,B60
Khulna,1999,3,67.03,B60
Khulna,1999,4,72.67,B60
Khulna,1999,5,82.42,B60
Khulna,1999,6,84.57,B60
Khulna,1999,7,88.23,B60
Khulna,1999,8,87.1,B60
Khulna,1999,9,88.63,B60
Khulna,1999,10,86.16,B60
Khulna,1999,11,78.7,B60
Khulna,1999,12,78.32,B60
Khulna,2000,1,77.42,B60
Khulna,2000,2,73.52,B60
Khulna,2000,3,69.35,B60
Khulna,2000,4,79,B60
Khulna,2000,5,79.61,B60
Khulna,2000,6,86.77,B60
Khulna,2000,7,88.06,B60
Khulna,2000,8,85.06,B60
Khulna,2000,9,85.83,B60
Khulna,2000,10,84.94,B60
Khulna,2000,11,80,B60
Khulna,2000,12,76.68,B60
Khulna,2001,1,73.71,B60
Khulna,2001,2,73.32,B60
Khulna,2001,3,71.45,B60
Khulna,2001,4,75,B60
Khulna,2001,5,79.23,B60
Khulna,2001,6,89.07,B60
Khulna,2001,7,87.74,B60
Khulna,2001,8,84.13,B60
Khulna,2001,9,86.83,B60
Khulna,2001,10,87.03,B60
Khulna,2001,11,82.23,B60
Khulna,2001,12,80.32,B60
Khulna,2002,1,79.23,B60
Khulna,2002,2,71.75,B60
Khulna,2002,3,71.32,B60
Khulna,2002,4,75.8,B60
Khulna,2002,5,79.23,B60
Khulna,2002,6,86.9,B60
Khulna,2002,7,86.87,B60
Khulna,2002,8,89.58,B60
Khulna,2002,9,87.37,B60
Khulna,2002,10,81.97,B60
Khulna,2002,11,82.3,B60
Khulna,2002,12,81.9,B60
Khulna,2003,1,81.32,B60
Khulna,2003,2,75.29,B60
Khulna,2003,3,75.39,B60
Khulna,2003,4,76.97,B60
Khulna,2003,5,76.03,B60
Khulna,2003,6,85,B60
Khulna,2003,7,86.42,B60
Khulna,2003,8,85.55,B60
Khulna,2003,9,87.83,B60
Khulna,2003,10,86.84,B60
Khulna,2003,11,78.47,B60
Khulna,2003,12,82.45,B60
Khulna,2004,1,82.81,B60
Khulna,2004,2,72.41,B60
Khulna,2004,3,73.45,B60
Khulna,2004,4,77.03,B60
Khulna,2004,5,76.77,B60
Khulna,2004,6,85.17,B60
Khulna,2004,7,86.03,B60
Khulna,2004,8,87.26,B60
Khulna,2004,9,87.27,B60
Khulna,2004,10,83.26,B60
Khulna,2004,11,78.83,B60
Khulna,2004,12,79.68,B60
Khulna,2005,1,79.26,B60
Khulna,2005,2,75,B60
Khulna,2005,3,82.52,B60
Khulna,2005,4,80.83,B60
Khulna,2005,5,81.84,B60
Khulna,2005,6,81.93,B60
Khulna,2005,7,86.06,B60
Khulna,2005,8,85.9,B60
Khulna,2005,9,85.4,B60
Khulna,2005,10,87.13,B60
Khulna,2005,11,80.8,B60
Khulna,2005,12,77.65,B60
Khulna,2006,1,76.71,B60
Khulna,2006,2,73.43,B60
Khulna,2006,3,67.81,B60
Khulna,2006,4,70.43,B60
Khulna,2006,5,76.39,B60
Khulna,2006,6,83.7,B60
Khulna,2006,7,86.55,B60
Khulna,2006,8,86.45,B60
Khulna,2006,9,85.77,B60
Khulna,2006,10,83.32,B60
Khulna,2006,11,80.4,B60
Khulna,2006,12,79,B60
Khulna,2007,1,77.77,B60
Khulna,2007,2,79.64,B60
Khulna,2007,3,69.77,B60
Khulna,2007,4,74.93,B60
Khulna,2007,5,75.84,B60
Khulna,2007,6,83,B60
Khulna,2007,7,87.61,B60
Khulna,2007,8,84.13,B60
Khulna,2007,9,90.6,B60
Khulna,2007,10,88.81,B60
Khulna,2007,11,86.03,B60
Khulna,2007,12,80.77,B60
Khulna,2008,1,80,B60
Khulna,2008,2,74.1,B60
Khulna,2008,3,77.16,B60
Khulna,2008,4,74.33,B60
Khulna,2008,5,74.26,B60
Khulna,2008,6,84.23,B60
Khulna,2008,7,88.48,B60
Khulna,2008,8,85.97,B60
Khulna,2008,9,85.73,B60
Khulna,2008,10,84.19,B60
Khulna,2008,11,78.7,B60
Khulna,2008,12,84.39,B60
Khulna,2009,1,81.58,B60
Khulna,2009,2,73.32,B60
Khulna,2009,3,72.29,B60
Khulna,2009,4,71.77,B60
Khulna,2009,5,74.9,B60
Khulna,2009,6,80.9,B60
Khulna,2009,7,86.9,B60
Khulna,2009,8,87.26,B60
Khulna,2009,9,85.27,B60
Khulna,2009,10,81.84,B60
Khulna,2009,11,78.2,B60
Khulna,2009,12,80.19,B60
Khulna,2010,1,78.68,B60
Khulna,2010,2,72.64,B60
Khulna,2010,3,71.29,B60
Khulna,2010,4,72.37,B60
Khulna,2010,5,77.42,B60
Khulna,2010,6,83.7,B60
Khulna,2010,7,84,B60
Khulna,2010,8,83.65,B60
Khulna,2010,9,84.6,B60
Khulna,2010,10,84.1,B60
Khulna,2010,11,79.93,B60
Khulna,2010,12,78,B60
Khulna,2011,1,76.71,B60
Khulna,2011,2,70.75,B60
Khulna,2011,3,70.13,B60
Khulna,2011,4,72.8,B60
Khulna,2011,5,78.13,B60
Khulna,2011,6,84.73,B60
Khulna,2011,7,84.13,B60
Khulna,2011,8,88.61,B60
Khulna,2011,9,87.57,B60
Khulna,2011,10,79.52,B60
Khulna,2011,11,81,B60
Khulna,2011,12,83.39,B60
Khulna,2012,1,80.97,B60
Khulna,2012,2,71.45,B60
Khulna,2012,3,73.71,B60
Khulna,2012,4,77.27,B60
Khulna,2012,5,79.81,B60
Khulna,2012,6,84.93,B60
Khulna,2012,7,90.42,B60
Khulna,2012,8,90.87,B60
Khulna,2012,9,90.03,B60
Khulna,2012,10,85.81,B60
Khulna,2012,11,81.3,B60
Khulna,2012,12,87.65,B60
Khulna,2013,1,83.71,B60
Khulna,2013,2,77.5,B60
Khulna,2013,3,70.1,B60
Khulna,2013,4,71.43,B60
Khulna,2013,5,82.77,B60
Khulna,2013,6,84.83,B60
Khulna,2013,7,90.58,B60
Khulna,2013,8,91.65,B60
Khulna,2013,9,85.47,B60
Khulna,2013,10,86.74,B60
Khulna,2013,11,75.3,B60
Khulna,2013,12,78.9,B60
Khulna,2014,1,81.16,B60
Khulna,2014,2,73.96,B60
Khulna,2014,3,68.19,B60
Khulna,2014,4,66.67,B60
Khulna,2014,5,74.29,B60
Khulna,2014,6,83.8,B60
Khulna,2014,7,86.39,B60
Khulna,2014,8,85.52,B60
Khulna,2014,9,84.97,B60
Khulna,2014,10,79.58,B60
Khulna,2014,11,75.93,B60
Khulna,2014,12,82.84,B60
Khulna,2015,1,80.19,B60
Khulna,2015,2,74.79,B60
Khulna,2015,3,68.9,B60
Khulna,2015,4,76.23,B60
Khulna,2015,5,76.74,B60
Khulna,2015,6,83.37,B60
Khulna,2015,7,90.19,B60
Khulna,2015,8,86.94,B60
Khulna,2015,9,85.43,B60
Khulna,2015,10,81.42,B60
Khulna,2015,11,79.87,B60
Khulna,2015,12,84.74,B60
Khulna,2016,1,79.74,B60
Khulna,2016,2,77.83,B60
Khulna,2016,3,74.52,B60
Khulna,2016,4,74.23,B60
Khulna,2016,5,77.65,B60
Khulna,2016,6,83.8,B60
Khulna,2016,7,87.39,B60
Khulna,2016,8,85.55,B60
Khulna,2016,9,82.87,B60
Khulna,2016,10,81.39,B60
Khulna,2016,11,80.63,B60
Khulna,2016,12,82.84,B60
Khulna,2017,1,78.19,B60
Khulna,2017,2,73.32,B60
Khulna,2017,3,74.94,B60
Khulna,2017,4,74.7,B60
Khulna,2017,5,76.42,B60
Khulna,2017,6,83.93,B60
Khulna,2017,7,88.29,B60
Khulna,2017,8,86.87,B60
Khulna,2017,9,86.13,B60
Khulna,2017,10,87.45,B60
Khulna,2017,11,80.17,B60
Khulna,2017,12,85.32,B60
Khulna,2018,1,78.94,B60
Khulna,2018,2,73.71,B60
Khulna,2018,3,71.39,B60
Khulna,2018,4,73.83,B60
Khulna,2018,5,79.97,B60
Khulna,2018,6,82.3,B60
Khulna,2018,7,86.58,B60
Khulna,2018,8,83.68,B60
Khulna,2018,9,83.4,B60
Khulna,2018,10,80,B60
Khulna,2018,11,77.9,B60
Khulna,2018,12,76.61,B60
Khulna,2019,1,74.77,B60
Khulna,2019,2,72.18,B60
Khulna,2019,3,72.23,B60
Khulna,2019,4,73.23,B60
Khulna,2019,5,76.23,B60
Khulna,2019,6,81.93,B60
Khulna,2019,7,85.35,B60
Khulna,2019,8,84.52,B60
Khulna,2019,9,86.07,B60
Khulna,2019,10,85.19,B60
Khulna,2019,11,82.17,B60
Khulna,2019,12,81.81,B60
Khulna,2020,1,80.81,B60
Khulna,2020,2,72.52,B60
Khulna,2020,3,66.87,B60
Khulna,2020,4,72.9,B60
Khulna,2020,5,76.9,B60
Khulna,2020,6,83.5,B60
Khulna,2020,7,84.13,B60
Khulna,2020,8,85.71,B60
Khulna,2020,9,84.2,B60
Khulna,2020,10,82.84,B60
Khulna,2020,11,74.9,B60
Khulna,2020,12,82.9,B60
Khulna,2021,1,75.65,B60
Khulna,2021,2,66.3,B60
Khulna,2021,3,62.03,B60
Khulna,2021,4,59.82,B60
Khulna,2021,5,66.87,B60
Khulna,2021,6,81.3,B60
Khulna,2021,7,85.53,B60
Khulna,2021,8,86.01,B60
Khulna,2021,9,85.88,B60
Khulna,2021,10,82.51,B60
Khulna,2021,11,76.29,B60
Khulna,2021,12,81.01,B60
Khulna,2023,1,79.44,B60
Khulna,2023,2,72.05,B60
Khulna,2023,3,68.29,B60
Khulna,2023,4,61.82,B60
Khulna,2023,5,65.63,B60
Khulna,2023,6,76.43,B60
Khulna,2023,7,77.84,B60
Khulna,2023,8,83.95,B60
Khulna,2023,9,82.85,B60
Khulna,2023,10,74.52,B60
Khulna,2023,11,74.38,B60
Khulna,2023,12,82.15,B60
Khulna,2022,1,78.87,B60
Khulna,2022,2,74.18,B60
Khulna,2022,3,69.06,B60
Khulna,2022,4,74.5,B60
Khulna,2022,5,74.74,B60
Khulna,2022,6,79.7,B60
Khulna,2022,7,79.48,B60
Khulna,2022,8,82,B60
Khulna,2022,9,82.73,B60
Khulna,2022,10,80.26,B60
Khulna,2022,11,76.13,B60
Khulna,2022,12,82.23,B60
Koyra,2023,8,82.06,B60
Koyra,2023,9,83.43,B60
Koyra,2023,10,76.81,B60
Koyra,2023,11,77.72,B60
Koyra,2023,12,77.23,B60
Kumarkhali,2020,12,82.98,B60
Kumarkhali,2021,1,79.58,B60
Kumarkhali,2021,2,67.79,B60
Kumarkhali,2021,3,56.5,B60
Kumarkhali,2021,4,57.73,B60
Kumarkhali,2021,5,68.74,B60
Kumarkhali,2021,6,84.2,B60
Kumarkhali,2021,7,85.3,B60
Kumarkhali,2021,8,86.78,B60
Kumarkhali,2021,9,84.21,B60
Kumarkhali,2021,10,82.13,B60
Kumarkhali,2021,11,79.37,B60
Kumarkhali,2021,12,79.82,B60
Kumarkhali,2023,1,83.63,B60
Kumarkhali,2023,2,69.05,B60
Kumarkhali,2023,3,63.71,B60
Kumarkhali,2023,4,57.53,B60
Kumarkhali,2023,5,68.44,B60
Kumarkhali,2023,6,74.3,B60
Kumarkhali,2023,7,77.21,B60
Kumarkhali,2023,8,83.23,B60
Kumarkhali,2023,9,82.8,B60
Kumarkhali,2023,10,81.14,B60
Kumarkhali,2023,11,81.22,B60
Kumarkhali,2023,12,82.55,B60
Kutubdia,1977,6,91.46,B60
Kutubdia,1977,7,88.81,B60
Kutubdia,1977,8,84.77,B60
Kutubdia,1977,9,83.03,B60
Kutubdia,1977,10,78.26,B60
Kutubdia,1977,11,69.7,B60
Kutubdia,1977,12,60.87,B60
Kutubdia,1979,1,73.71,B60
Kutubdia,1979,2,77.07,B60
Kutubdia,1979,3,76.77,B60
Kutubdia,1979,4,79.33,B60
Kutubdia,1979,5,78.35,B60
Kutubdia,1979,6,85.8,B60
Kutubdia,1979,7,87.19,B60
Kutubdia,1979,8,88.81,B60
Kutubdia,1979,9,88.97,B60
Kutubdia,1979,10,82.35,B60
Kutubdia,1979,11,78.87,B60
Kutubdia,1979,12,74.84,B60
Kutubdia,1980,1,68.81,B60
Kutubdia,1980,2,72.76,B60
Kutubdia,1980,3,79.4,B60
Kutubdia,1980,4,80.1,B60
Kutubdia,1980,5,80.94,B60
Kutubdia,1980,6,87.57,B60
Kutubdia,1980,7,90.03,B60
Kutubdia,1980,11,81.1,B60
Kutubdia,1980,12,75.55,B60
Kutubdia,1985,1,72.61,B60
Kutubdia,1985,2,72.14,B60
Kutubdia,1985,3,82.19,B60
Kutubdia,1985,4,81.67,B60
Kutubdia,1985,5,81.71,B60
Kutubdia,1985,6,87.37,B60
Kutubdia,1985,7,88.74,B60
Kutubdia,1985,8,88.16,B60
Kutubdia,1985,9,88.23,B60
Kutubdia,1985,10,81.81,B60
Kutubdia,1985,11,79.57,B60
Kutubdia,1985,12,77.19,B60
Kutubdia,1986,1,78.55,B60
Kutubdia,1986,2,68.86,B60
Kutubdia,1986,3,79.29,B60
Kutubdia,1986,4,81.13,B60
Kutubdia,1986,5,78.65,B60
Kutubdia,1986,6,86.43,B60
Kutubdia,1986,7,86.94,B60
Kutubdia,1986,8,86.42,B60
Kutubdia,1986,9,86.27,B60
Kutubdia,1986,10,84.45,B60
Kutubdia,1986,11,81.6,B60
Kutubdia,1986,12,78.13,B60
Kutubdia,1987,1,80.1,B60
Kutubdia,1987,2,80.5,B60
Kutubdia,1987,3,80.26,B60
Kutubdia,1987,4,83.1,B60
Kutubdia,1987,5,79.65,B60
Kutubdia,1987,6,88.2,B60
Kutubdia,1987,7,91.19,B60
Kutubdia,1987,8,88.19,B60
Kutubdia,1987,9,87.83,B60
Kutubdia,1987,10,82.16,B60
Kutubdia,1987,11,79.6,B60
Kutubdia,1987,12,76.77,B60
Kutubdia,1988,1,73.42,B60
Kutubdia,1988,2,77.86,B60
Kutubdia,1988,3,80.68,B60
Kutubdia,1988,4,80.6,B60
Kutubdia,1988,5,81.65,B60
Kutubdia,1988,6,86.63,B60
Kutubdia,1988,7,88.13,B60
Kutubdia,1988,8,88.1,B60
Kutubdia,1988,9,85.83,B60
Kutubdia,1988,10,82.42,B60
Kutubdia,1988,11,79.53,B60
Kutubdia,1988,12,78.42,B60
Kutubdia,1989,1,68.65,B60
Kutubdia,1989,2,77.61,B60
Kutubdia,1989,3,77.39,B60
Kutubdia,1989,4,82.97,B60
Kutubdia,1989,5,80.71,B60
Kutubdia,1989,6,85.33,B60
Kutubdia,1989,7,88.35,B60
Kutubdia,1989,8,85.94,B60
Kutubdia,1989,9,87.2,B60
Kutubdia,1989,10,89.42,B60
Kutubdia,1989,11,78.13,B60
Kutubdia,1989,12,78.52,B60
Kutubdia,1990,1,81.48,B60
Kutubdia,1990,2,80.96,B60
Kutubdia,1990,3,81.71,B60
Kutubdia,1990,4,82.63,B60
Kutubdia,1990,5,83.61,B60
Kutubdia,1990,6,88.67,B60
Kutubdia,1990,7,92.1,B60
Kutubdia,1990,8,86.94,B60
Kutubdia,1990,9,88.07,B60
Kutubdia,1990,10,84.65,B60
Kutubdia,1990,11,82.3,B60
Kutubdia,1990,12,78.48,B60
Kutubdia,1991,1,77.06,B60
Kutubdia,1991,2,78.18,B60
Kutubdia,1991,3,80.42,B60
Kutubdia,1991,4,82.83,B60
Kutubdia,1991,5,80.67,B60
Kutubdia,1991,6,87.83,B60
Kutubdia,1991,7,88.87,B60
Kutubdia,1991,8,88.39,B60
Kutubdia,1991,9,86.7,B60
Kutubdia,1991,10,87,B60
Kutubdia,1991,11,82.7,B60
Kutubdia,1991,12,82.87,B60
Kutubdia,1992,1,83.84,B60
Kutubdia,1992,2,78.24,B60
Kutubdia,1992,3,84.55,B60
Kutubdia,1992,4,82.37,B60
Kutubdia,1992,5,82.94,B60
Kutubdia,1992,6,82.97,B60
Kutubdia,1992,7,89.23,B60
Kutubdia,1992,8,87.61,B60
Kutubdia,1992,9,86.97,B60
Kutubdia,1992,10,84.71,B60
Kutubdia,1992,11,80.27,B60
Kutubdia,1992,12,75.68,B60
Kutubdia,1993,1,77.32,B60
Kutubdia,1993,2,85.14,B60
Kutubdia,1993,3,82.29,B60
Kutubdia,1993,4,84.43,B60
Kutubdia,1993,5,87.16,B60
Kutubdia,1993,6,89.23,B60
Kutubdia,1993,7,88.45,B60
Kutubdia,1993,8,88.32,B60
Kutubdia,1993,9,85.43,B60
Kutubdia,1993,10,81.68,B60
Kutubdia,1993,11,80.7,B60
Kutubdia,1993,12,79.26,B60
Kutubdia,1994,1,75.79,B60
Kutubdia,1994,2,72.68,B60
Kutubdia,1994,3,82.35,B60
Kutubdia,1994,4,81.7,B60
Kutubdia,1994,5,84.71,B60
Kutubdia,1994,6,86.87,B60
Kutubdia,1994,7,88.19,B60
Kutubdia,1994,8,86.84,B60
Kutubdia,1994,9,83.07,B60
Kutubdia,1994,10,81.9,B60
Kutubdia,1994,11,78.2,B60
Kutubdia,1994,12,68.58,B60
Kutubdia,1995,1,66.16,B60
Kutubdia,1995,2,76.32,B60
Kutubdia,1995,3,71.45,B60
Kutubdia,1995,4,79.9,B60
Kutubdia,1995,5,81.81,B60
Kutubdia,1995,6,85.3,B60
Kutubdia,1995,7,92.52,B60
Kutubdia,1995,8,88.9,B60
Kutubdia,1995,9,88.47,B60
Kutubdia,1995,10,85.29,B60
Kutubdia,1995,11,86.63,B60
Kutubdia,1995,12,74.16,B60
Kutubdia,1996,1,73.9,B60
Kutubdia,1996,2,74.24,B60
Kutubdia,1996,3,86.23,B60
Kutubdia,1996,4,82.03,B60
Kutubdia,1996,5,80.1,B60
Kutubdia,1996,6,84.47,B60
Kutubdia,1996,7,86.16,B60
Kutubdia,1996,8,87.58,B60
Kutubdia,1996,9,84.4,B60
Kutubdia,1996,10,81.19,B60
Kutubdia,1996,11,77.47,B60
Kutubdia,1996,12,72.35,B60
Kutubdia,1997,1,64.58,B60
Kutubdia,1997,2,72.54,B60
Kutubdia,1997,3,82.13,B60
Kutubdia,1997,4,81.23,B60
Kutubdia,1997,5,81.13,B60
Kutubdia,1997,6,84.17,B60
Kutubdia,1997,7,88.71,B60
Kutubdia,1997,8,86.29,B60
Kutubdia,1997,9,86.4,B60
Kutubdia,1997,10,79.71,B60
Kutubdia,1997,11,82.8,B60
Kutubdia,1997,12,82.71,B60
Kutubdia,1998,1,82.06,B60
Kutubdia,1998,2,82.29,B60
Kutubdia,1998,3,80.42,B60
Kutubdia,1998,4,83.4,B60
Kutubdia,1998,5,85.94,B60
Kutubdia,1998,6,86.13,B60
Kutubdia,1998,7,91.06,B60
Kutubdia,1998,8,89.68,B60
Kutubdia,1998,9,84.87,B60
Kutubdia,1998,10,83.26,B60
Kutubdia,1998,11,80.83,B60
Kutubdia,1998,12,79.61,B60
Kutubdia,1999,1,76.61,B60
Kutubdia,1999,2,81.54,B60
Kutubdia,1999,3,85.87,B60
Kutubdia,1999,4,83.43,B60
Kutubdia,1999,5,86.68,B60
Kutubdia,1999,6,86.5,B60
Kutubdia,1999,7,86.87,B60
Kutubdia,1999,8,89.71,B60
Kutubdia,1999,9,86.43,B60
Kutubdia,1999,10,84.26,B60
Kutubdia,1999,11,74.53,B60
Kutubdia,1999,12,77.19,B60
Kutubdia,2000,1,75.42,B60
Kutubdia,2000,2,68.79,B60
Kutubdia,2000,3,80.84,B60
Kutubdia,2000,4,81.83,B60
Kutubdia,2000,5,85.1,B60
Kutubdia,2000,6,89,B60
Kutubdia,2000,7,88.77,B60
Kutubdia,2000,8,85.94,B60
Kutubdia,2000,9,84.7,B60
Kutubdia,2000,10,84.65,B60
Kutubdia,2000,11,78.13,B60
Kutubdia,2000,12,73.84,B60
Kutubdia,2001,1,68.65,B60
Kutubdia,2001,2,75.11,B60
Kutubdia,2001,3,75.42,B60
Kutubdia,2001,4,81.93,B60
Kutubdia,2001,5,83.55,B60
Kutubdia,2001,6,89.17,B60
Kutubdia,2001,7,88.52,B60
Kutubdia,2001,8,86.84,B60
Kutubdia,2001,9,85.37,B60
Kutubdia,2001,10,85.16,B60
Kutubdia,2001,11,81.7,B60
Kutubdia,2001,12,76.74,B60
Kutubdia,2002,1,75.58,B60
Kutubdia,2002,2,73.07,B60
Kutubdia,2002,3,79.06,B60
Kutubdia,2002,4,81.63,B60
Kutubdia,2002,5,82,B60
Kutubdia,2002,6,86.13,B60
Kutubdia,2002,7,90.16,B60
Kutubdia,2002,8,87.55,B60
Kutubdia,2002,9,82.13,B60
Kutubdia,2002,10,80.84,B60
Kutubdia,2002,12,73.77,B60
Kutubdia,2003,1,76.9,B60
Kutubdia,2003,2,74.11,B60
Kutubdia,2003,3,74.77,B60
Kutubdia,2003,4,78.27,B60
Kutubdia,2003,5,79.52,B60
Kutubdia,2003,6,89.4,B60
Kutubdia,2003,7,84.23,B60
Kutubdia,2003,8,84.77,B60
Kutubdia,2003,9,84.37,B60
Kutubdia,2003,10,82.32,B60
Kutubdia,2003,11,72.87,B60
Kutubdia,2003,12,74.55,B60
Kutubdia,2004,1,77.71,B60
Kutubdia,2004,2,74.07,B60
Kutubdia,2004,3,77.45,B60
Kutubdia,2004,4,80.33,B60
Kutubdia,2004,5,79.29,B60
Kutubdia,2004,6,82.73,B60
Kutubdia,2004,7,86,B60
Kutubdia,2004,8,85.81,B60
Kutubdia,2004,9,85.03,B60
Kutubdia,2004,10,83.06,B60
Kutubdia,2004,11,74.63,B60
Kutubdia,2004,12,71.68,B60
Kutubdia,2005,1,70.81,B60
Kutubdia,2005,2,74.57,B60
Kutubdia,2005,3,81.03,B60
Kutubdia,2005,4,78.27,B60
Kutubdia,2005,5,77.45,B60
Kutubdia,2005,6,82.63,B60
Kutubdia,2005,7,85.19,B60
Kutubdia,2005,8,88.74,B60
Kutubdia,2005,9,84.17,B60
Kutubdia,2005,10,82.71,B60
Kutubdia,2005,11,76.83,B60
Kutubdia,2005,12,74.58,B60
Kutubdia,2006,1,73.19,B60
Kutubdia,2006,2,80.96,B60
Kutubdia,2006,3,72.55,B60
Kutubdia,2006,4,75.8,B60
Kutubdia,2006,5,78.97,B60
Kutubdia,2006,6,84.27,B60
Kutubdia,2006,7,86.52,B60
Kutubdia,2006,8,83.87,B60
Kutubdia,2006,9,84.6,B60
Kutubdia,2006,10,82.35,B60
Kutubdia,2006,11,75.4,B60
Kutubdia,2006,12,73.26,B60
Kutubdia,2007,1,73.58,B60
Kutubdia,2007,2,74.21,B60
Kutubdia,2007,3,72,B60
Kutubdia,2007,4,80.9,B60
Kutubdia,2007,5,80.35,B60
Kutubdia,2007,6,82.7,B60
Kutubdia,2007,7,87.77,B60
Kutubdia,2007,8,85.55,B60
Kutubdia,2007,9,86.27,B60
Kutubdia,2007,10,83.32,B60
Kutubdia,2007,11,82.5,B60
Kutubdia,2007,12,73.26,B60
Kutubdia,2008,1,75.71,B60
Kutubdia,2008,2,70.07,B60
Kutubdia,2008,3,81.77,B60
Kutubdia,2008,4,75.23,B60
Kutubdia,2008,5,76.68,B60
Kutubdia,2008,6,83.53,B60
Kutubdia,2008,7,87.58,B60
Kutubdia,2008,8,85.65,B60
Kutubdia,2008,9,84.27,B60
Kutubdia,2008,10,81.42,B60
Kutubdia,2008,11,76,B60
Kutubdia,2008,12,77.32,B60
Kutubdia,2009,1,71.84,B60
Kutubdia,2009,2,71.39,B60
Kutubdia,2009,3,80.58,B60
Kutubdia,2009,4,80.93,B60
Kutubdia,2009,5,76.45,B60
Kutubdia,2009,6,81.1,B60
Kutubdia,2009,7,86.61,B60
Kutubdia,2009,8,86.35,B60
Kutubdia,2009,9,84.1,B60
Kutubdia,2009,10,79.48,B60
Kutubdia,2009,11,74.9,B60
Kutubdia,2009,12,70.26,B60
Kutubdia,2010,1,73.06,B60
Kutubdia,2010,2,69.14,B60
Kutubdia,2010,3,78.45,B60
Kutubdia,2010,4,77.4,B60
Kutubdia,2010,5,76.42,B60
Kutubdia,2010,6,84.6,B60
Kutubdia,2010,7,83.16,B60
Kutubdia,2010,8,83.42,B60
Kutubdia,2010,9,82.73,B60
Kutubdia,2010,10,82.42,B60
Kutubdia,2010,11,75.97,B60
Kutubdia,2010,12,71.68,B60
Kutubdia,2011,1,67.32,B60
Kutubdia,2011,2,70.36,B60
Kutubdia,2011,3,73.42,B60
Kutubdia,2011,4,79.1,B60
Kutubdia,2011,5,80.58,B60
Kutubdia,2011,6,86.57,B60
Kutubdia,2011,7,87.03,B60
Kutubdia,2011,8,87.61,B60
Kutubdia,2011,9,87.57,B60
Kutubdia,2011,10,82.13,B60
Kutubdia,2011,11,75.67,B60
Kutubdia,2011,12,77.77,B60
Kutubdia,2012,1,70.48,B60
Kutubdia,2012,2,68.1,B60
Kutubdia,2012,3,79,B60
Kutubdia,2012,4,83.83,B60
Kutubdia,2012,5,86.16,B60
Kutubdia,2012,6,89.97,B60
Kutubdia,2012,7,92.97,B60
Kutubdia,2012,8,91.52,B60
Kutubdia,2012,9,87.33,B60
Kutubdia,2012,10,83.39,B60
Kutubdia,2012,11,82.83,B60
Kutubdia,2012,12,81.65,B60
Kutubdia,2013,1,81.35,B60
Kutubdia,2013,2,80.57,B60
Kutubdia,2013,3,81,B60
Kutubdia,2013,4,87.9,B60
Kutubdia,2013,5,87.97,B60
Kutubdia,2013,6,89.7,B60
Kutubdia,2013,7,89.23,B60
Kutubdia,2013,8,88.55,B60
Kutubdia,2013,9,88.97,B60
Kutubdia,2013,10,89.81,B60
Kutubdia,2013,11,77,B60
Kutubdia,2013,12,76.55,B60
Kutubdia,2014,1,78.9,B60
Kutubdia,2014,2,76.89,B60
Kutubdia,2014,3,74.58,B60
Kutubdia,2014,4,79,B60
Kutubdia,2014,5,78.84,B60
Kutubdia,2014,6,82.07,B60
Kutubdia,2014,7,83.52,B60
Kutubdia,2014,8,87.97,B60
Kutubdia,2014,9,88.6,B60
Kutubdia,2014,10,84.61,B60
Kutubdia,2014,11,76.3,B60
Kutubdia,2014,12,74.61,B60
Kutubdia,2015,1,77.97,B60
Kutubdia,2015,2,71.93,B60
Kutubdia,2015,3,69.32,B60
Kutubdia,2015,4,79,B60
Kutubdia,2015,5,77.84,B60
Kutubdia,2015,6,85.97,B60
Kutubdia,2015,7,88.23,B60
Kutubdia,2015,8,84.87,B60
Kutubdia,2015,9,83.07,B60
Kutubdia,2015,10,82.55,B60
Kutubdia,2015,11,77.97,B60
Kutubdia,2015,12,76.71,B60
Kutubdia,2016,1,78.1,B60
Kutubdia,2016,2,79.76,B60
Kutubdia,2016,3,79.06,B60
Kutubdia,2016,4,79.6,B60
Kutubdia,2016,5,79.1,B60
Kutubdia,2016,6,81.5,B60
Kutubdia,2016,7,86.74,B60
Kutubdia,2016,8,84.42,B60
Kutubdia,2016,9,83.5,B60
Kutubdia,2016,10,82.32,B60
Kutubdia,2016,11,79.53,B60
Kutubdia,2016,12,78.19,B60
Kutubdia,2017,1,72,B60
Kutubdia,2017,2,72.43,B60
Kutubdia,2017,3,77.19,B60
Kutubdia,2017,4,81.17,B60
Kutubdia,2017,5,79.13,B60
Kutubdia,2017,6,83.37,B60
Kutubdia,2017,7,87.65,B60
Kutubdia,2017,8,84.84,B60
Kutubdia,2017,9,85.9,B60
Kutubdia,2017,10,82.55,B60
Kutubdia,2017,11,77.63,B60
Kutubdia,2017,12,78.77,B60
Kutubdia,2018,1,72.1,B60
Kutubdia,2018,2,76.82,B60
Kutubdia,2018,3,79.03,B60
Kutubdia,2018,4,75.47,B60
Kutubdia,2018,5,78.29,B60
Kutubdia,2018,6,85.2,B60
Kutubdia,2018,7,86.16,B60
Kutubdia,2018,8,83.74,B60
Kutubdia,2018,9,84.37,B60
Kutubdia,2018,10,83.26,B60
Kutubdia,2018,11,76.8,B60
Kutubdia,2018,12,74.06,B60
Kutubdia,2019,1,73.65,B60
Kutubdia,2019,2,77.04,B60
Kutubdia,2019,3,79.61,B60
Kutubdia,2019,4,78.63,B60
Kutubdia,2019,5,79.45,B60
Kutubdia,2019,6,81,B60
Kutubdia,2019,7,87.42,B60
Kutubdia,2019,8,83.81,B60
Kutubdia,2019,9,84.97,B60
Kutubdia,2019,10,83.03,B60
Kutubdia,2019,11,79.57,B60
Kutubdia,2019,12,76.87,B60
Kutubdia,2020,1,77.65,B60
Kutubdia,2020,2,73.72,B60
Kutubdia,2020,3,73.94,B60
Kutubdia,2020,4,77.67,B60
Kutubdia,2020,5,79.68,B60
Kutubdia,2020,6,83.87,B60
Kutubdia,2020,7,85.52,B60
Kutubdia,2020,8,86.55,B60
Kutubdia,2020,9,85.17,B60
Kutubdia,2020,10,83.32,B60
Kutubdia,2020,11,79.73,B60
Kutubdia,2020,12,76.66,B60
Kutubdia,2021,1,72.11,B60
Kutubdia,2021,2,69.18,B60
Kutubdia,2021,3,71.14,B60
Kutubdia,2021,4,72.95,B60
Kutubdia,2021,5,73.89,B60
Kutubdia,2021,6,84.9,B60
Kutubdia,2021,7,86.61,B60
Kutubdia,2021,8,86.92,B60
Kutubdia,2021,9,83.5,B60
Kutubdia,2021,10,82.65,B60
Kutubdia,2021,11,74.93,B60
Kutubdia,2021,12,76.12,B60
Kutubdia,2023,1,69.18,B60
Kutubdia,2023,2,69.75,B60
Kutubdia,2023,3,71.02,B60
Kutubdia,2023,4,70.58,B60
Kutubdia,2023,5,73.1,B60
Kutubdia,2023,6,79.18,B60
Kutubdia,2023,7,78.58,B60
Kutubdia,2023,8,83.95,B60
Kutubdia,2023,9,81.25,B60
Kutubdia,2023,10,78.32,B60
Kutubdia,2023,11,73.97,B60
Kutubdia,2023,12,74.98,B60
Kutubdia,2022,1,74,B60
Kutubdia,2022,2,77.68,B60
Kutubdia,2022,3,83.61,B60
Kutubdia,2022,4,80,B60
Kutubdia,2022,5,80,B60
Kutubdia,2022,6,83.63,B60
Kutubdia,2022,7,80.32,B60
Kutubdia,2022,8,81.35,B60
Kutubdia,2022,9,83.7,B60
Kutubdia,2022,10,80.06,B60
Kutubdia,2022,11,76.3,B60
Kutubdia,2022,12,74,B60
Maijdi Court,1951,8,88.14,B60
Maijdi Court,1951,9,85.6,B60
Maijdi Court,1951,10,85.43,B60
Maijdi Court,1951,12,79.56,B60
Maijdi Court,1952,1,79.26,B60
Maijdi Court,1952,2,75.31,B60
Maijdi Court,1952,3,75.32,B60
Maijdi Court,1952,4,80.1,B60
Maijdi Court,1952,5,80.58,B60
Maijdi Court,1952,6,86.3,B60
Maijdi Court,1952,7,87.61,B60
Maijdi Court,1952,8,87.3,B60
Maijdi Court,1952,9,87.9,B60
Maijdi Court,1952,10,86.68,B60
Maijdi Court,1952,11,84.73,B60
Maijdi Court,1952,12,82.32,B60
Maijdi Court,1953,1,74.29,B60
Maijdi Court,1953,2,73.07,B60
Maijdi Court,1953,3,78.71,B60
Maijdi Court,1953,4,78.33,B60
Maijdi Court,1953,5,81.52,B60
Maijdi Court,1953,6,83.57,B60
Maijdi Court,1953,7,88.61,B60
Maijdi Court,1953,8,85.42,B60
Maijdi Court,1953,9,87.13,B60
Maijdi Court,1953,10,85.23,B60
Maijdi Court,1953,11,82.03,B60
Maijdi Court,1953,12,80.65,B60
Maijdi Court,1954,1,77.71,B60
Maijdi Court,1954,2,78.11,B60
Maijdi Court,1954,3,74.55,B60
Maijdi Court,1954,4,77.43,B60
Maijdi Court,1954,5,77.45,B60
Maijdi Court,1954,6,88.23,B60
Maijdi Court,1954,7,85.32,B60
Maijdi Court,1954,8,88.1,B60
Maijdi Court,1954,9,85.43,B60
Maijdi Court,1954,10,87.26,B60
Maijdi Court,1954,11,83.37,B60
Maijdi Court,1954,12,80.71,B60
Maijdi Court,1955,1,76.48,B60
Maijdi Court,1955,2,67.96,B60
Maijdi Court,1955,3,77.1,B60
Maijdi Court,1955,4,74.7,B60
Maijdi Court,1955,5,81.61,B60
Maijdi Court,1955,6,87.33,B60
Maijdi Court,1955,7,90.94,B60
Maijdi Court,1955,8,88.61,B60
Maijdi Court,1955,9,87.17,B60
Maijdi Court,1955,10,85.06,B60
Maijdi Court,1955,11,85.1,B60
Maijdi Court,1955,12,78.55,B60
Maijdi Court,1956,1,76.84,B60
Maijdi Court,1956,2,72.38,B60
Maijdi Court,1956,3,75.87,B60
Maijdi Court,1956,4,76.97,B60
Maijdi Court,1956,5,86.19,B60
Maijdi Court,1956,6,89.23,B60
Maijdi Court,1956,7,87,B60
Maijdi Court,1956,8,87.55,B60
Maijdi Court,1956,9,85.9,B60
Maijdi Court,1956,10,84.7,B60
Maijdi Court,1956,11,82.33,B60
Maijdi Court,1956,12,79.35,B60
Maijdi Court,1957,1,77.52,B60
Maijdi Court,1957,2,73.64,B60
Maijdi Court,1957,3,63.65,B60
Maijdi Court,1957,4,67.87,B60
Maijdi Court,1957,5,74.74,B60
Maijdi Court,1957,6,84.13,B60
Maijdi Court,1957,7,86.15,B60
Maijdi Court,1957,8,85.74,B60
Maijdi Court,1957,9,85.63,B60
Maijdi Court,1957,10,84.48,B60
Maijdi Court,1957,11,77.17,B60
Maijdi Court,1957,12,75.58,B60
Maijdi Court,1958,1,74.81,B60
Maijdi Court,1958,2,79.57,B60
Maijdi Court,1958,3,75.16,B60
Maijdi Court,1958,4,73,B60
Maijdi Court,1958,5,78.26,B60
Maijdi Court,1958,6,82.73,B60
Maijdi Court,1958,7,86.03,B60
Maijdi Court,1958,8,86.16,B60
Maijdi Court,1958,9,84.53,B60
Maijdi Court,1958,10,83.55,B60
Maijdi Court,1958,11,79.6,B60
Maijdi Court,1958,12,76.84,B60
Maijdi Court,1959,1,75.52,B60
Maijdi Court,1959,2,78.21,B60
Maijdi Court,1959,3,80.03,B60
Maijdi Court,1959,4,77.93,B60
Maijdi Court,1959,5,81.94,B60
Maijdi Court,1959,6,88.07,B60
Maijdi Court,1959,7,85.1,B60
Maijdi Court,1959,8,87.68,B60
Maijdi Court,1959,9,88.63,B60
Maijdi Court,1959,10,87.9,B60
Maijdi Court,1959,11,83.2,B60
Maijdi Court,1959,12,83.77,B60
Maijdi Court,1960,1,81.87,B60
Maijdi Court,1960,2,76.34,B60
Maijdi Court,1960,3,71.06,B60
Maijdi Court,1960,4,77.1,B60
Maijdi Court,1960,5,79.94,B60
Maijdi Court,1960,6,85.07,B60
Maijdi Court,1960,7,90.65,B60
Maijdi Court,1960,8,90.39,B60
Maijdi Court,1960,9,89.23,B60
Maijdi Court,1960,10,81.97,B60
Maijdi Court,1960,11,77.3,B60
Maijdi Court,1960,12,81.97,B60
Maijdi Court,1961,1,78.29,B60
Maijdi Court,1961,2,73.32,B60
Maijdi Court,1961,3,83.97,B60
Maijdi Court,1961,4,80.27,B60
Maijdi Court,1961,5,83,B60
Maijdi Court,1961,6,86.8,B60
Maijdi Court,1961,7,88.55,B60
Maijdi Court,1961,8,88.61,B60
Maijdi Court,1961,9,88.1,B60
Maijdi Court,1961,10,85.55,B60
Maijdi Court,1961,11,81,B60
Maijdi Court,1961,12,78.1,B60
Maijdi Court,1962,1,74.19,B60
Maijdi Court,1962,2,69.71,B60
Maijdi Court,1962,3,68.26,B60
Maijdi Court,1962,4,78.97,B60
Maijdi Court,1962,5,80.87,B60
Maijdi Court,1962,6,87.1,B60
Maijdi Court,1962,7,85.81,B60
Maijdi Court,1962,8,87.32,B60
Maijdi Court,1962,9,85.53,B60
Maijdi Court,1962,10,84.13,B60
Maijdi Court,1962,11,83.63,B60
Maijdi Court,1962,12,80.58,B60
Maijdi Court,1963,1,72.26,B60
Maijdi Court,1963,2,69.93,B60
Maijdi Court,1963,3,69.77,B60
Maijdi Court,1963,4,78.57,B60
Maijdi Court,1963,5,83.52,B60
Maijdi Court,1963,6,88.87,B60
Maijdi Court,1963,7,88.81,B60
Maijdi Court,1963,8,88.48,B60
Maijdi Court,1963,10,85.06,B60
Maijdi Court,1963,11,80.8,B60
Maijdi Court,1963,12,80.77,B60
Maijdi Court,1964,1,75.61,B60
Maijdi Court,1964,2,77.48,B60
Maijdi Court,1964,3,83.03,B60
Maijdi Court,1964,4,81.63,B60
Maijdi Court,1964,5,80.97,B60
Maijdi Court,1964,6,87.97,B60
Maijdi Court,1964,7,88.68,B60
Maijdi Court,1964,8,85.16,B60
Maijdi Court,1964,9,85.9,B60
Maijdi Court,1964,10,88.42,B60
Maijdi Court,1964,11,83.23,B60
Maijdi Court,1964,12,79.55,B60
Maijdi Court,1965,1,76.06,B60
Maijdi Court,1965,2,76.61,B60
Maijdi Court,1965,3,73.58,B60
Maijdi Court,1965,4,78.37,B60
Maijdi Court,1965,5,85.55,B60
Maijdi Court,1965,6,87.7,B60
Maijdi Court,1965,7,87.26,B60
Maijdi Court,1965,8,87.61,B60
Maijdi Court,1965,9,87.2,B60
Maijdi Court,1965,10,82.68,B60
Maijdi Court,1965,11,80.2,B60
Maijdi Court,1965,12,79.45,B60
Maijdi Court,1966,1,100,B60
Maijdi Court,1966,2,71.32,B60
Maijdi Court,1966,3,70.77,B60
Maijdi Court,1966,4,73.53,B60
Maijdi Court,1966,5,78.74,B60
Maijdi Court,1966,6,88.4,B60
Maijdi Court,1966,7,87.32,B60
Maijdi Court,1966,9,83.43,B60
Maijdi Court,1966,10,80.87,B60
Maijdi Court,1966,11,77.73,B60
Maijdi Court,1966,12,75.55,B60
Maijdi Court,1967,1,72.71,B60
Maijdi Court,1967,2,77.04,B60
Maijdi Court,1967,3,76.58,B60
Maijdi Court,1967,4,75.37,B60
Maijdi Court,1967,5,79.07,B60
Maijdi Court,1967,6,81.2,B60
Maijdi Court,1967,7,87.45,B60
Maijdi Court,1967,8,85.65,B60
Maijdi Court,1967,9,87.17,B60
Maijdi Court,1967,10,81.77,B60
Maijdi Court,1967,11,73.57,B60
Maijdi Court,1967,12,73.26,B60
Maijdi Court,1968,1,71.35,B60
Maijdi Court,1968,2,70.14,B60
Maijdi Court,1968,3,68.48,B60
Maijdi Court,1968,4,75.47,B60
Maijdi Court,1968,5,79.55,B60
Maijdi Court,1968,6,89.47,B60
Maijdi Court,1968,7,88.03,B60
Maijdi Court,1968,8,87.35,B60
Maijdi Court,1968,9,83.53,B60
Maijdi Court,1968,10,90.81,B60
Maijdi Court,1968,11,78.63,B60
Maijdi Court,1968,12,75.45,B60
Maijdi Court,1969,1,69.84,B60
Maijdi Court,1969,2,66,B60
Maijdi Court,1969,3,75.23,B60
Maijdi Court,1969,4,76.2,B60
Maijdi Court,1969,5,77.16,B60
Maijdi Court,1969,6,86.5,B60
Maijdi Court,1969,7,88.23,B60
Maijdi Court,1969,8,89.03,B60
Maijdi Court,1969,9,84.23,B60
Maijdi Court,1969,10,79.48,B60
Maijdi Court,1969,11,73.27,B60
Maijdi Court,1969,12,72.45,B60
Maijdi Court,1970,1,69.16,B60
Maijdi Court,1970,2,73.89,B60
Maijdi Court,1970,3,77.55,B60
Maijdi Court,1970,4,79.9,B60
Maijdi Court,1970,5,83.83,B60
Maijdi Court,1970,6,87.43,B60
Maijdi Court,1970,7,88.39,B60
Maijdi Court,1970,8,86.87,B60
Maijdi Court,1970,9,88.13,B60
Maijdi Court,1970,10,85.97,B60
Maijdi Court,1970,11,79.97,B60
Maijdi Court,1970,12,71.71,B60
Maijdi Court,1971,1,74.1,B60
Maijdi Court,1971,2,69.14,B60
Maijdi Court,1971,3,61.73,B60
Maijdi Court,1971,5,78.87,B60
Maijdi Court,1971,6,84.11,B60
Maijdi Court,1971,7,89.39,B60
Maijdi Court,1971,8,90.65,B60
Maijdi Court,1971,9,86.5,B60
Maijdi Court,1971,10,81.74,B60
Maijdi Court,1971,11,77.13,B60
Maijdi Court,1971,12,72.14,B60
Maijdi Court,1972,2,71.41,B60
Maijdi Court,1972,3,69.16,B60
Maijdi Court,1972,4,74.4,B60
Maijdi Court,1972,5,75.77,B60
Maijdi Court,1972,6,81.62,B60
Maijdi Court,1972,7,86.32,B60
Maijdi Court,1972,8,87.16,B60
Maijdi Court,1972,9,81.5,B60
Maijdi Court,1972,10,78.35,B60
Maijdi Court,1972,11,74.1,B60
Maijdi Court,1972,12,79.94,B60
Maijdi Court,1973,1,78.71,B60
Maijdi Court,1973,2,81.75,B60
Maijdi Court,1973,3,79.87,B60
Maijdi Court,1973,4,82.67,B60
Maijdi Court,1973,5,85.03,B60
Maijdi Court,1973,6,89.27,B60
Maijdi Court,1973,7,88.26,B60
Maijdi Court,1973,8,89.16,B60
Maijdi Court,1973,9,90.5,B60
Maijdi Court,1973,10,87.55,B60
Maijdi Court,1973,11,88.9,B60
Maijdi Court,1973,12,86.9,B60
Maijdi Court,1974,1,72.33,B60
Maijdi Court,1974,2,71.48,B60
Maijdi Court,1974,3,79.55,B60
Maijdi Court,1974,4,84.97,B60
Maijdi Court,1974,5,83,B60
Maijdi Court,1974,6,86.57,B60
Maijdi Court,1974,7,90.65,B60
Maijdi Court,1974,8,87.45,B60
Maijdi Court,1974,9,86.07,B60
Maijdi Court,1974,10,84.55,B60
Maijdi Court,1974,11,76.52,B60
Maijdi Court,1974,12,75.26,B60
Maijdi Court,1975,1,70.35,B60
Maijdi Court,1975,2,76.11,B60
Maijdi Court,1975,3,74.84,B60
Maijdi Court,1975,4,80.87,B60
Maijdi Court,1975,5,81.83,B60
Maijdi Court,1975,6,85.66,B60
Maijdi Court,1975,7,89.03,B60
Maijdi Court,1975,8,87.59,B60
Maijdi Court,1975,9,87.8,B60
Maijdi Court,1975,10,84.39,B60
Maijdi Court,1975,11,78.93,B60
Maijdi Court,1975,12,70.94,B60
Maijdi Court,1978,3,63.55,B60
Maijdi Court,1978,4,76.24,B60
Maijdi Court,1978,5,84.19,B60
Maijdi Court,1978,6,87.5,B60
Maijdi Court,1979,1,68.87,B60
Maijdi Court,1979,2,63.07,B60
Maijdi Court,1979,3,59.55,B60
Maijdi Court,1979,4,69.2,B60
Maijdi Court,1979,5,71.68,B60
Maijdi Court,1979,6,83.57,B60
Maijdi Court,1979,7,83.32,B60
Maijdi Court,1979,8,83.29,B60
Maijdi Court,1979,9,79.8,B60
Maijdi Court,1979,10,76.16,B60
Maijdi Court,1979,11,71.77,B60
Maijdi Court,1979,12,73.23,B60
Maijdi Court,1980,1,65.48,B60
Maijdi Court,1980,2,63.69,B60
Maijdi Court,1980,3,71.65,B60
Maijdi Court,1980,4,71.73,B60
Maijdi Court,1980,5,80.61,B60
Maijdi Court,1980,6,84.67,B60
Maijdi Court,1980,7,88.29,B60
Maijdi Court,1980,8,86.74,B60
Maijdi Court,1980,9,83.63,B60
Maijdi Court,1980,10,79.29,B60
Maijdi Court,1980,11,68.4,B60
Maijdi Court,1980,12,73.61,B60
Maijdi Court,1981,1,71.03,B60
Maijdi Court,1981,2,68.04,B60
Maijdi Court,1981,3,71.19,B60
Maijdi Court,1981,4,81.37,B60
Maijdi Court,1981,5,82.16,B60
Maijdi Court,1981,7,88.61,B60
Maijdi Court,1981,8,84.77,B60
Maijdi Court,1981,9,85.13,B60
Maijdi Court,1981,10,76.03,B60
Maijdi Court,1981,11,68.93,B60
Maijdi Court,1981,12,71.03,B60
Maijdi Court,1982,1,64.13,B60
Maijdi Court,1982,2,66.75,B60
Maijdi Court,1982,3,59.48,B60
Maijdi Court,1982,4,74.37,B60
Maijdi Court,1982,5,72.71,B60
Maijdi Court,1982,6,85.63,B60
Maijdi Court,1982,7,85.26,B60
Maijdi Court,1982,8,86.97,B60
Maijdi Court,1982,9,81.9,B60
Maijdi Court,1982,10,76.03,B60
Maijdi Court,1982,11,69.77,B60
Maijdi Court,1982,12,66.19,B60
Maijdi Court,1983,1,69.94,B60
Maijdi Court,1983,2,64.71,B60
Maijdi Court,1983,3,74.55,B60
Maijdi Court,1983,4,74.6,B60
Maijdi Court,1983,5,79.81,B60
Maijdi Court,1983,6,81.63,B60
Maijdi Court,1983,7,83.81,B60
Maijdi Court,1983,8,83.29,B60
Maijdi Court,1983,9,82.9,B60
Maijdi Court,1983,10,80.52,B60
Maijdi Court,1983,11,79.27,B60
Maijdi Court,1983,12,80.35,B60
Maijdi Court,1984,1,77.94,B60
Maijdi Court,1984,2,71.07,B60
Maijdi Court,1984,3,73,B60
Maijdi Court,1984,4,76.13,B60
Maijdi Court,1984,5,81.23,B60
Maijdi Court,1984,6,87.33,B60
Maijdi Court,1984,7,87.26,B60
Maijdi Court,1984,8,88.58,B60
Maijdi Court,1984,9,85.3,B60
Maijdi Court,1984,10,84.81,B60
Maijdi Court,1984,11,77.27,B60
Maijdi Court,1984,12,76.13,B60
Maijdi Court,1985,1,78.16,B60
Maijdi Court,1985,2,73.86,B60
Maijdi Court,1985,3,79.87,B60
Maijdi Court,1985,4,77.03,B60
Maijdi Court,1985,5,80.39,B60
Maijdi Court,1985,6,86.97,B60
Maijdi Court,1985,7,88.84,B60
Maijdi Court,1985,8,85.87,B60
Maijdi Court,1985,9,85.63,B60
Maijdi Court,1985,10,77.9,B60
Maijdi Court,1985,11,77.6,B60
Maijdi Court,1985,12,81.03,B60
Maijdi Court,1986,1,80.45,B60
Maijdi Court,1986,2,73.04,B60
Maijdi Court,1986,3,72.06,B60
Maijdi Court,1986,4,78.5,B60
Maijdi Court,1986,5,81.03,B60
Maijdi Court,1986,6,86,B60
Maijdi Court,1986,7,88.71,B60
Maijdi Court,1986,8,85.29,B60
Maijdi Court,1986,9,87.43,B60
Maijdi Court,1986,10,81.61,B60
Maijdi Court,1986,11,81.3,B60
Maijdi Court,1986,12,79.19,B60
Maijdi Court,1987,1,79.71,B60
Maijdi Court,1987,2,74.86,B60
Maijdi Court,1987,3,76.06,B60
Maijdi Court,1987,4,79.63,B60
Maijdi Court,1987,5,77,B60
Maijdi Court,1987,6,84.26,B60
Maijdi Court,1987,7,91.52,B60
Maijdi Court,1987,8,88.71,B60
Maijdi Court,1987,9,88.97,B60
Maijdi Court,1987,10,81.65,B60
Maijdi Court,1987,11,80.57,B60
Maijdi Court,1987,12,80.16,B60
Maijdi Court,1988,1,79.71,B60
Maijdi Court,1988,2,78.21,B60
Maijdi Court,1988,3,77.77,B60
Maijdi Court,1988,4,79.03,B60
Maijdi Court,1988,5,83.32,B60
Maijdi Court,1988,6,86.67,B60
Maijdi Court,1988,7,87.45,B60
Maijdi Court,1988,8,88.55,B60
Maijdi Court,1988,9,84.33,B60
Maijdi Court,1988,10,81.42,B60
Maijdi Court,1988,11,79.93,B60
Maijdi Court,1988,12,82.06,B60
Maijdi Court,1989,1,77.55,B60
Maijdi Court,1989,2,76.54,B60
Maijdi Court,1989,3,75.35,B60
Maijdi Court,1989,4,76.23,B60
Maijdi Court,1989,5,79.1,B60
Maijdi Court,1989,6,82.93,B60
Maijdi Court,1989,7,86.26,B60
Maijdi Court,1989,8,83.48,B60
Maijdi Court,1989,9,86.53,B60
Maijdi Court,1989,10,87.87,B60
Maijdi Court,1989,11,81.37,B60
Maijdi Court,1989,12,80.19,B60
Maijdi Court,1990,1,83.71,B60
Maijdi Court,1990,2,81.96,B60
Maijdi Court,1990,3,80.84,B60
Maijdi Court,1990,4,82.07,B60
Maijdi Court,1990,5,81.32,B60
Maijdi Court,1990,6,86.27,B60
Maijdi Court,1990,7,89.39,B60
Maijdi Court,1990,8,84.71,B60
Maijdi Court,1990,9,86.6,B60
Maijdi Court,1990,10,82.48,B60
Maijdi Court,1990,11,82,B60
Maijdi Court,1990,12,80.39,B60
Maijdi Court,1991,1,79.23,B60
Maijdi Court,1991,2,78.43,B60
Maijdi Court,1991,3,76.65,B60
Maijdi Court,1991,4,77.9,B60
Maijdi Court,1991,5,83.84,B60
Maijdi Court,1991,6,87.83,B60
Maijdi Court,1991,7,86.52,B60
Maijdi Court,1991,8,87.45,B60
Maijdi Court,1991,9,87.67,B60
Maijdi Court,1991,10,84.74,B60
Maijdi Court,1991,11,79.13,B60
Maijdi Court,1991,12,81.52,B60
Maijdi Court,1992,1,83.68,B60
Maijdi Court,1992,2,82.55,B60
Maijdi Court,1992,3,78.84,B60
Maijdi Court,1992,4,77.33,B60
Maijdi Court,1992,5,81.65,B60
Maijdi Court,1992,6,84.23,B60
Maijdi Court,1992,7,87.39,B60
Maijdi Court,1992,8,85.19,B60
Maijdi Court,1992,9,86.17,B60
Maijdi Court,1992,10,83.16,B60
Maijdi Court,1992,11,80.67,B60
Maijdi Court,1992,12,82.39,B60
Maijdi Court,1993,1,81.19,B60
Maijdi Court,1993,2,78.5,B60
Maijdi Court,1993,3,76.97,B60
Maijdi Court,1993,4,79.8,B60
Maijdi Court,1993,5,82.52,B60
Maijdi Court,1993,6,86.7,B60
Maijdi Court,1993,7,87.23,B60
Maijdi Court,1993,8,87.65,B60
Maijdi Court,1993,9,85.2,B60
Maijdi Court,1993,10,83.1,B60
Maijdi Court,1993,11,80.43,B60
Maijdi Court,1993,12,78.23,B60
Maijdi Court,1994,1,77.71,B60
Maijdi Court,1994,2,74.36,B60
Maijdi Court,1994,3,77.42,B60
Maijdi Court,1994,4,76.27,B60
Maijdi Court,1994,5,80.65,B60
Maijdi Court,1994,6,86.53,B60
Maijdi Court,1994,7,85.74,B60
Maijdi Court,1994,8,87.65,B60
Maijdi Court,1994,9,82.87,B60
Maijdi Court,1994,10,80.71,B60
Maijdi Court,1994,11,79.07,B60
Maijdi Court,1994,12,77.42,B60
Maijdi Court,1995,2,80.36,B60
Maijdi Court,1995,3,71.16,B60
Maijdi Court,1995,4,77,B60
Maijdi Court,1995,5,80.19,B60
Maijdi Court,1995,6,86.33,B60
Maijdi Court,1995,7,88.06,B60
Maijdi Court,1995,8,86.45,B60
Maijdi Court,1995,9,87.17,B60
Maijdi Court,1995,10,82.61,B60
Maijdi Court,1995,11,83.8,B60
Maijdi Court,1995,12,79.45,B60
Maijdi Court,1996,1,77.97,B60
Maijdi Court,1996,2,75.24,B60
Maijdi Court,1996,3,79.16,B60
Maijdi Court,1996,4,79.23,B60
Maijdi Court,1996,5,80.23,B60
Maijdi Court,1996,6,85.4,B60
Maijdi Court,1996,7,88.84,B60
Maijdi Court,1996,8,90.71,B60
Maijdi Court,1996,9,85.03,B60
Maijdi Court,1996,10,82.9,B60
Maijdi Court,1996,11,81.73,B60
Maijdi Court,1996,12,78.65,B60
Maijdi Court,1997,1,76.58,B60
Maijdi Court,1997,2,77.89,B60
Maijdi Court,1997,3,79.68,B60
Maijdi Court,1997,4,79.47,B60
Maijdi Court,1997,5,80.35,B60
Maijdi Court,1997,6,83.8,B60
Maijdi Court,1997,7,88.58,B60
Maijdi Court,1997,8,85.03,B60
Maijdi Court,1997,9,85.43,B60
Maijdi Court,1997,10,79.94,B60
Maijdi Court,1997,11,79.77,B60
Maijdi Court,1997,12,83.1,B60
Maijdi Court,1998,1,83.39,B60
Maijdi Court,1998,2,80.25,B60
Maijdi Court,1998,3,78.68,B60
Maijdi Court,1998,4,83.4,B60
Maijdi Court,1998,5,83,B60
Maijdi Court,1998,6,84,B60
Maijdi Court,1998,7,89.55,B60
Maijdi Court,1998,8,89.48,B60
Maijdi Court,1998,9,85.97,B60
Maijdi Court,1998,10,82.94,B60
Maijdi Court,1998,11,79.33,B60
Maijdi Court,1998,12,79.35,B60
Maijdi Court,1999,1,77.19,B60
Maijdi Court,1999,2,75.71,B60
Maijdi Court,1999,3,76.61,B60
Maijdi Court,1999,4,77.9,B60
Maijdi Court,1999,5,83.52,B60
Maijdi Court,1999,6,86.97,B60
Maijdi Court,1999,7,87.58,B60
Maijdi Court,1999,8,88.68,B60
Maijdi Court,1999,9,87.13,B60
Maijdi Court,1999,10,86.06,B60
Maijdi Court,1999,11,79.13,B60
Maijdi Court,1999,12,80.19,B60
Maijdi Court,2000,1,81.32,B60
Maijdi Court,2000,2,76.48,B60
Maijdi Court,2000,3,80.1,B60
Maijdi Court,2000,4,81.7,B60
Maijdi Court,2000,5,83.65,B60
Maijdi Court,2000,6,85.73,B60
Maijdi Court,2000,7,86.16,B60
Maijdi Court,2000,8,85.35,B60
Maijdi Court,2000,9,85.03,B60
Maijdi Court,2000,10,84.55,B60
Maijdi Court,2000,11,80.1,B60
Maijdi Court,2000,12,77.97,B60
Maijdi Court,2001,1,75.48,B60
Maijdi Court,2001,2,76.54,B60
Maijdi Court,2001,3,74.74,B60
Maijdi Court,2001,4,75.83,B60
Maijdi Court,2001,5,82.42,B60
Maijdi Court,2001,6,88.6,B60
Maijdi Court,2001,7,86.52,B60
Maijdi Court,2001,8,84.9,B60
Maijdi Court,2001,9,85.5,B60
Maijdi Court,2001,10,84.52,B60
Maijdi Court,2001,11,83.3,B60
Maijdi Court,2001,12,81.35,B60
Maijdi Court,2002,1,78.94,B60
Maijdi Court,2002,2,72.07,B60
Maijdi Court,2002,3,73.81,B60
Maijdi Court,2002,4,78.9,B60
Maijdi Court,2002,5,83.06,B60
Maijdi Court,2002,6,87.53,B60
Maijdi Court,2002,7,89.19,B60
Maijdi Court,2002,8,86.74,B60
Maijdi Court,2002,9,82.73,B60
Maijdi Court,2002,10,80,B60
Maijdi Court,2002,11,79.47,B60
Maijdi Court,2002,12,79.68,B60
Maijdi Court,2003,1,79.32,B60
Maijdi Court,2003,2,73.11,B60
Maijdi Court,2003,3,75.06,B60
Maijdi Court,2003,4,79.27,B60
Maijdi Court,2003,5,80.81,B60
Maijdi Court,2003,6,88.33,B60
Maijdi Court,2003,7,85.58,B60
Maijdi Court,2003,8,85.84,B60
Maijdi Court,2003,9,86.1,B60
Maijdi Court,2003,10,83.68,B60
Maijdi Court,2003,11,76.93,B60
Maijdi Court,2003,12,82.97,B60
Maijdi Court,2004,1,81.48,B60
Maijdi Court,2004,2,73.34,B60
Maijdi Court,2004,3,77.26,B60
Maijdi Court,2004,4,81.13,B60
Maijdi Court,2004,5,78.06,B60
Maijdi Court,2004,6,86.07,B60
Maijdi Court,2004,7,87.1,B60
Maijdi Court,2004,8,86.1,B60
Maijdi Court,2004,9,89,B60
Maijdi Court,2004,10,82.06,B60
Maijdi Court,2004,11,78.53,B60
Maijdi Court,2004,12,79.13,B60
Maijdi Court,2005,1,77,B60
Maijdi Court,2005,2,75.21,B60
Maijdi Court,2005,3,80.03,B60
Maijdi Court,2005,4,76.1,B60
Maijdi Court,2005,5,79.32,B60
Maijdi Court,2005,6,84.5,B60
Maijdi Court,2005,7,87.74,B60
Maijdi Court,2005,8,90.42,B60
Maijdi Court,2005,9,85.37,B60
Maijdi Court,2005,10,85.39,B60
Maijdi Court,2005,11,80,B60
Maijdi Court,2005,12,78.74,B60
Maijdi Court,2006,1,78.16,B60
Maijdi Court,2006,2,78.82,B60
Maijdi Court,2006,3,72,B60
Maijdi Court,2006,4,75.3,B60
Maijdi Court,2006,5,81.87,B60
Maijdi Court,2006,6,85.33,B60
Maijdi Court,2006,7,87.77,B60
Maijdi Court,2006,8,84.29,B60
Maijdi Court,2006,9,86.1,B60
Maijdi Court,2006,10,84.55,B60
Maijdi Court,2006,11,84.07,B60
Maijdi Court,2006,12,82.55,B60
Maijdi Court,2007,1,80.1,B60
Maijdi Court,2007,2,81.36,B60
Maijdi Court,2007,3,71.87,B60
Maijdi Court,2007,4,79.8,B60
Maijdi Court,2007,5,80.81,B60
Maijdi Court,2007,6,86.03,B60
Maijdi Court,2007,7,89.39,B60
Maijdi Court,2007,8,85.42,B60
Maijdi Court,2007,9,86.8,B60
Maijdi Court,2007,10,83.97,B60
Maijdi Court,2007,11,83,B60
Maijdi Court,2007,12,81.42,B60
Maijdi Court,2008,1,80.87,B60
Maijdi Court,2008,2,74.24,B60
Maijdi Court,2008,3,78.61,B60
Maijdi Court,2008,4,75.23,B60
Maijdi Court,2008,5,78.84,B60
Maijdi Court,2008,6,87.3,B60
Maijdi Court,2008,7,89.23,B60
Maijdi Court,2008,8,86.61,B60
Maijdi Court,2008,9,85.03,B60
Maijdi Court,2008,10,84.61,B60
Maijdi Court,2008,11,79.97,B60
Maijdi Court,2008,12,86.35,B60
Maijdi Court,2009,1,82.39,B60
Maijdi Court,2009,2,76.68,B60
Maijdi Court,2009,3,78.19,B60
Maijdi Court,2009,4,80,B60
Maijdi Court,2009,5,80.48,B60
Maijdi Court,2009,6,84,B60
Maijdi Court,2009,7,87.81,B60
Maijdi Court,2009,8,86.77,B60
Maijdi Court,2009,9,85.37,B60
Maijdi Court,2009,10,83.1,B60
Maijdi Court,2009,11,79.17,B60
Maijdi Court,2009,12,81.13,B60
Maijdi Court,2010,1,80.29,B60
Maijdi Court,2010,2,73.43,B60
Maijdi Court,2010,3,75.42,B60
Maijdi Court,2010,4,77.83,B60
Maijdi Court,2010,5,80.48,B60
Maijdi Court,2010,6,89.2,B60
Maijdi Court,2010,7,86.77,B60
Maijdi Court,2010,8,86.29,B60
Maijdi Court,2010,9,87.03,B60
Maijdi Court,2010,10,84.06,B60
Maijdi Court,2010,11,80.27,B60
Maijdi Court,2010,12,79.77,B60
Maijdi Court,2011,1,77.84,B60
Maijdi Court,2011,2,72.89,B60
Maijdi Court,2011,3,73.84,B60
Maijdi Court,2011,4,78.7,B60
Maijdi Court,2011,5,83.71,B60
Maijdi Court,2011,6,88.1,B60
Maijdi Court,2011,7,87.55,B60
Maijdi Court,2011,8,88.71,B60
Maijdi Court,2011,9,87.4,B60
Maijdi Court,2011,10,81.81,B60
Maijdi Court,2011,11,77.87,B60
Maijdi Court,2011,12,82.42,B60
Maijdi Court,2012,1,78.1,B60
Maijdi Court,2012,2,71.21,B60
Maijdi Court,2012,3,76.61,B60
Maijdi Court,2012,4,82.77,B60
Maijdi Court,2012,5,79.9,B60
Maijdi Court,2012,6,85.5,B60
Maijdi Court,2012,7,87.94,B60
Maijdi Court,2012,8,86.13,B60
Maijdi Court,2012,9,85.57,B60
Maijdi Court,2012,10,82.03,B60
Maijdi Court,2012,11,80.9,B60
Maijdi Court,2012,12,81.65,B60
Maijdi Court,2013,1,73.45,B60
Maijdi Court,2013,2,67.89,B60
Maijdi Court,2013,3,71.23,B60
Maijdi Court,2013,4,75.07,B60
Maijdi Court,2013,5,85.61,B60
Maijdi Court,2013,6,82.33,B60
Maijdi Court,2013,7,86,B60
Maijdi Court,2013,8,87.26,B60
Maijdi Court,2013,9,85.93,B60
Maijdi Court,2013,10,85.1,B60
Maijdi Court,2013,11,76.93,B60
Maijdi Court,2013,12,80.52,B60
Maijdi Court,2014,1,78.52,B60
Maijdi Court,2014,2,73.96,B60
Maijdi Court,2014,3,71.58,B60
Maijdi Court,2014,4,72.97,B60
Maijdi Court,2014,5,78.16,B60
Maijdi Court,2014,6,85.43,B60
Maijdi Court,2014,7,84.48,B60
Maijdi Court,2014,8,88.1,B60
Maijdi Court,2014,9,85.4,B60
Maijdi Court,2014,10,80.81,B60
Maijdi Court,2014,11,80.13,B60
Maijdi Court,2014,12,83.61,B60
Maijdi Court,2015,1,79.23,B60
Maijdi Court,2015,2,74.36,B60
Maijdi Court,2015,3,68.39,B60
Maijdi Court,2015,4,78.6,B60
Maijdi Court,2015,5,78.87,B60
Maijdi Court,2015,6,85.77,B60
Maijdi Court,2015,7,90.16,B60
Maijdi Court,2015,8,87.61,B60
Maijdi Court,2015,9,87.23,B60
Maijdi Court,2015,10,84.16,B60
Maijdi Court,2015,11,82,B60
Maijdi Court,2015,12,81.29,B60
Maijdi Court,2016,1,81.03,B60
Maijdi Court,2016,2,80.21,B60
Maijdi Court,2016,3,76.9,B60
Maijdi Court,2016,4,79.67,B60
Maijdi Court,2016,5,81.55,B60
Maijdi Court,2016,6,83.37,B60
Maijdi Court,2016,7,89.55,B60
Maijdi Court,2016,8,85.97,B60
Maijdi Court,2016,9,86.67,B60
Maijdi Court,2016,10,85.65,B60
Maijdi Court,2016,11,84.17,B60
Maijdi Court,2016,12,84.06,B60
Maijdi Court,2017,1,76.48,B60
Maijdi Court,2017,2,73.32,B60
Maijdi Court,2017,3,79.94,B60
Maijdi Court,2017,4,82.7,B60
Maijdi Court,2017,5,80.1,B60
Maijdi Court,2017,6,85.83,B60
Maijdi Court,2017,7,89.71,B60
Maijdi Court,2017,8,86.16,B60
Maijdi Court,2017,9,88.9,B60
Maijdi Court,2017,10,84.71,B60
Maijdi Court,2017,11,80.13,B60
Maijdi Court,2017,12,85.19,B60
Maijdi Court,2018,1,78.68,B60
Maijdi Court,2018,2,76.21,B60
Maijdi Court,2018,3,74.87,B60
Maijdi Court,2018,4,77.43,B60
Maijdi Court,2018,5,84.87,B60
Maijdi Court,2018,6,86.47,B60
Maijdi Court,2018,7,88.29,B60
Maijdi Court,2018,8,84.94,B60
Maijdi Court,2018,9,84,B60
Maijdi Court,2018,10,81.87,B60
Maijdi Court,2018,11,78.9,B60
Maijdi Court,2018,12,79.45,B60
Maijdi Court,2019,1,71.9,B60
Maijdi Court,2019,2,74.32,B60
Maijdi Court,2019,3,74.71,B60
Maijdi Court,2019,4,76.07,B60
Maijdi Court,2019,5,78.35,B60
Maijdi Court,2019,6,83,B60
Maijdi Court,2019,7,87.29,B60
Maijdi Court,2019,8,85.77,B60
Maijdi Court,2019,9,86.43,B60
Maijdi Court,2019,10,84.55,B60
Maijdi Court,2019,11,85.87,B60
Maijdi Court,2019,12,83.39,B60
Maijdi Court,2020,1,84.42,B60
Maijdi Court,2020,2,72.86,B60
Maijdi Court,2020,3,68.94,B60
Maijdi Court,2020,4,78.87,B60
Maijdi Court,2020,5,78.97,B60
Maijdi Court,2020,6,86.33,B60
Maijdi Court,2020,7,86.29,B60
Maijdi Court,2020,8,86.77,B60
Maijdi Court,2020,9,85.73,B60
Maijdi Court,2020,10,84.84,B60
Maijdi Court,2020,11,80.53,B60
Maijdi Court,2020,12,86.24,B60
Maijdi Court,2021,1,76.47,B60
Maijdi Court,2021,2,65.39,B60
Maijdi Court,2021,3,65,B60
Maijdi Court,2021,4,62.05,B60
Maijdi Court,2021,5,69.1,B60
Maijdi Court,2021,6,84.8,B60
Maijdi Court,2022,1,81.39,B60
Maijdi Court,2022,2,75.07,B60
Maijdi Court,2022,3,70.39,B60
Maijdi Court,2022,4,80.1,B60
Maijdi Court,2022,5,82.35,B60
Maijdi Court,2022,6,85.77,B60
Maijdi Court,2022,7,81.77,B60
Maijdi Court,2022,8,82.45,B60
Maijdi Court,2022,9,87.9,B60
Maijdi Court,2022,10,83.74,B60
Maijdi Court,2022,11,80.43,B60
Maijdi Court,2022,12,82.68,B60
Maijdi Court,2023,1,79.85,B60
Maijdi Court,2023,2,71.16,B60
Maijdi Court,2023,3,71,B60
Maijdi Court,2023,4,68.38,B60
Maijdi Court,2023,5,72.5,B60
Maijdi Court,2023,6,84.33,B60
Maijdi Court,2023,7,80.39,B60
Maijdi Court,2023,8,86.97,B60
Maijdi Court,2023,9,85.28,B60
Maijdi Court,2023,10,80.87,B60
Maijdi Court,2023,11,78.58,B60
Maijdi Court,2023,12,83.15,B60
Madaripur,1977,1,70.45,B60
Madaripur,1977,2,71.5,B60
Madaripur,1977,3,70.42,B60
Madaripur,1977,4,81.83,B60
Madaripur,1977,5,81.81,B60
Madaripur,1977,6,87.8,B60
Madaripur,1977,7,88.55,B60
Madaripur,1977,8,85.94,B60
Madaripur,1977,9,84.57,B60
Madaripur,1977,10,82.45,B60
Madaripur,1977,11,80.6,B60
Madaripur,1977,12,76.77,B60
Madaripur,1978,1,71.26,B60
Madaripur,1978,2,65.07,B60
Madaripur,1978,3,62.68,B60
Madaripur,1978,4,76.9,B60
Madaripur,1978,5,82.06,B60
Madaripur,1978,6,87.5,B60
Madaripur,1978,7,88.1,B60
Madaripur,1978,8,85.81,B60
Madaripur,1978,9,86.47,B60
Madaripur,1978,10,80.65,B60
Madaripur,1978,11,74.57,B60
Madaripur,1978,12,71.61,B60
Madaripur,1980,1,64.23,B60
Madaripur,1980,2,63.31,B60
Madaripur,1980,3,64.16,B60
Madaripur,1980,4,66.67,B60
Madaripur,1980,5,75.97,B60
Madaripur,1980,6,85.1,B60
Madaripur,1980,7,86.68,B60
Madaripur,1980,8,84.55,B60
Madaripur,1980,9,81.7,B60
Madaripur,1980,10,76.74,B60
Madaripur,1980,11,64.83,B60
Madaripur,1980,12,65.35,B60
Madaripur,1981,1,72.06,B60
Madaripur,1981,2,66.39,B60
Madaripur,1981,3,70.94,B60
Madaripur,1981,4,77.27,B60
Madaripur,1981,5,79.35,B60
Madaripur,1981,6,81.03,B60
Madaripur,1981,7,87.74,B60
Madaripur,1982,1,64.35,B60
Madaripur,1982,2,64.21,B60
Madaripur,1982,3,60.32,B60
Madaripur,1982,4,69.17,B60
Madaripur,1982,5,71.87,B60
Madaripur,1982,6,85.63,B60
Madaripur,1982,7,83.71,B60
Madaripur,1982,8,86.71,B60
Madaripur,1982,9,83,B60
Madaripur,1982,10,72.26,B60
Madaripur,1982,11,71.47,B60
Madaripur,1982,12,62.84,B60
Madaripur,1983,1,69.9,B60
Madaripur,1983,2,65.54,B60
Madaripur,1983,3,72.9,B60
Madaripur,1983,4,72.17,B60
Madaripur,1983,5,77.42,B60
Madaripur,1983,6,83.53,B60
Madaripur,1983,7,86.65,B60
Madaripur,1983,8,86.61,B60
Madaripur,1983,9,85.8,B60
Madaripur,1983,10,81,B60
Madaripur,1983,11,73.1,B60
Madaripur,1983,12,69.97,B60
Madaripur,1984,1,69.26,B60
Madaripur,1984,2,65.11,B60
Madaripur,1984,3,54.23,B60
Madaripur,1984,4,69.27,B60
Madaripur,1984,5,78.94,B60
Madaripur,1984,6,83.53,B60
Madaripur,1984,7,81.94,B60
Madaripur,1984,8,84.65,B60
Madaripur,1984,9,78.3,B60
Madaripur,1984,10,77.81,B60
Madaripur,1984,11,68.6,B60
Madaripur,1984,12,67,B60
Madaripur,1985,1,68.87,B60
Madaripur,1985,2,60.21,B60
Madaripur,1985,3,64.06,B60
Madaripur,1985,4,68.63,B60
Madaripur,1985,5,75.16,B60
Madaripur,1985,6,81.87,B60
Madaripur,1985,7,82.65,B60
Madaripur,1985,8,82.1,B60
Madaripur,1985,9,82,B60
Madaripur,1985,10,72.55,B60
Madaripur,1985,11,68.77,B60
Madaripur,1985,12,67.61,B60
Madaripur,1986,1,70.52,B60
Madaripur,1986,2,61.54,B60
Madaripur,1986,3,55.61,B60
Madaripur,1986,4,69.4,B60
Madaripur,1986,5,74.06,B60
Madaripur,1986,6,79.77,B60
Madaripur,1986,7,83.74,B60
Madaripur,1986,8,81.26,B60
Madaripur,1986,9,83.93,B60
Madaripur,1986,10,77.23,B60
Madaripur,1986,11,75.47,B60
Madaripur,1986,12,71.68,B60
Madaripur,1987,1,69.06,B60
Madaripur,1987,2,62.75,B60
Madaripur,1987,3,63.29,B60
Madaripur,1987,4,67.5,B60
Madaripur,1987,5,72.35,B60
Madaripur,1987,6,80.3,B60
Madaripur,1987,7,86.65,B60
Madaripur,1987,8,82.35,B60
Madaripur,1987,9,81.27,B60
Madaripur,1987,10,74,B60
Madaripur,1987,11,71.83,B60
Madaripur,1987,12,73.19,B60
Madaripur,1988,1,71.39,B60
Madaripur,1988,2,66.59,B60
Madaripur,1988,3,66.55,B60
Madaripur,1988,4,68.57,B60
Madaripur,1988,5,78.45,B60
Madaripur,1988,6,83.47,B60
Madaripur,1988,7,82.58,B60
Madaripur,1988,8,83.81,B60
Madaripur,1988,9,76.38,B60
Madaripur,1988,10,72.32,B60
Madaripur,1988,11,69.1,B60
Madaripur,1988,12,73.77,B60
Madaripur,1989,1,63.74,B60
Madaripur,1989,2,61.25,B60
Madaripur,1989,3,56.23,B60
Madaripur,1989,4,66.43,B60
Madaripur,1989,5,72.45,B60
Madaripur,1989,6,79.6,B60
Madaripur,1989,7,81.87,B60
Madaripur,1989,8,80.65,B60
Madaripur,1989,9,83.43,B60
Madaripur,1989,10,80.42,B60
Madaripur,1989,11,72.2,B60
Madaripur,1989,12,70.52,B60
Madaripur,1990,1,74.65,B60
Madaripur,1990,2,71.89,B60
Madaripur,1990,3,75.19,B60
Madaripur,1990,4,74.23,B60
Madaripur,1990,5,76.35,B60
Madaripur,1990,6,81.77,B60
Madaripur,1990,7,84.74,B60
Madaripur,1990,8,80.45,B60
Madaripur,1990,9,81.27,B60
Madaripur,1990,10,76.58,B60
Madaripur,1990,11,72.83,B60
Madaripur,1990,12,70.74,B60
Madaripur,1991,1,72.52,B60
Madaripur,1991,2,65.79,B60
Madaripur,1991,3,65.23,B60
Madaripur,1991,4,71.2,B60
Madaripur,1991,5,80.35,B60
Madaripur,1991,6,84.93,B60
Madaripur,1991,7,83.74,B60
Madaripur,1991,8,84.23,B60
Madaripur,1991,9,83.67,B60
Madaripur,1991,10,81.1,B60
Madaripur,1991,11,70.5,B60
Madaripur,1991,12,74.29,B60
Madaripur,1992,1,75.65,B60
Madaripur,1992,2,71.45,B60
Madaripur,1992,3,64.65,B60
Madaripur,1992,4,63.47,B60
Madaripur,1992,5,73.77,B60
Madaripur,1992,6,78.8,B60
Madaripur,1992,7,85.23,B60
Madaripur,1992,8,82.06,B60
Madaripur,1992,9,80.87,B60
Madaripur,1992,10,76.19,B60
Madaripur,1992,11,71.2,B60
Madaripur,1992,12,71.68,B60
Madaripur,1993,1,71.84,B60
Madaripur,1993,2,68.86,B60
Madaripur,1993,3,60.45,B60
Madaripur,1993,4,68.97,B60
Madaripur,1993,5,77.87,B60
Madaripur,1993,6,82.17,B60
Madaripur,1993,7,84.74,B60
Madaripur,1993,8,84.35,B60
Madaripur,1993,9,83.43,B60
Madaripur,1993,10,79,B60
Madaripur,1993,11,73.33,B60
Madaripur,1993,12,71.1,B60
Madaripur,1994,1,72.03,B60
Madaripur,1994,2,68.18,B60
Madaripur,1994,3,65.48,B60
Madaripur,1994,4,69.53,B60
Madaripur,1994,5,76.94,B60
Madaripur,1994,6,84.57,B60
Madaripur,1994,7,84.19,B60
Madaripur,1994,8,83.19,B60
Madaripur,1994,9,80.57,B60
Madaripur,1994,10,80.61,B60
Madaripur,1994,11,79.77,B60
Madaripur,1994,12,77.35,B60
Madaripur,1995,1,75.9,B60
Madaripur,1995,2,77.14,B60
Madaripur,1995,3,65.03,B60
Madaripur,1995,4,71.37,B60
Madaripur,1995,5,80.1,B60
Madaripur,1995,6,86.8,B60
Madaripur,1995,7,87.39,B60
Madaripur,1995,8,85,B60
Madaripur,1995,9,85.77,B60
Madaripur,1995,10,82.1,B60
Madaripur,1995,11,81.97,B60
Madaripur,1995,12,81.94,B60
Madaripur,1996,1,79.81,B60
Madaripur,1996,2,75.52,B60
Madaripur,1996,3,73.84,B60
Madaripur,1996,4,74.6,B60
Madaripur,1996,5,79.48,B60
Madaripur,1996,6,85.83,B60
Madaripur,1996,7,86.42,B60
Madaripur,1996,8,86.55,B60
Madaripur,1996,9,84.63,B60
Madaripur,1996,10,81.03,B60
Madaripur,1996,11,80.23,B60
Madaripur,1996,12,79.03,B60
Madaripur,1997,1,79,B60
Madaripur,1997,2,76.29,B60
Madaripur,1997,3,76.39,B60
Madaripur,1997,4,79.7,B60
Madaripur,1997,5,81.68,B60
Madaripur,1997,6,85.3,B60
Madaripur,1997,7,87.42,B60
Madaripur,1997,8,86.35,B60
Madaripur,1997,9,87.63,B60
Madaripur,1997,10,80.81,B60
Madaripur,1997,11,79.67,B60
Madaripur,1997,12,83.39,B60
Madaripur,1998,1,83.29,B60
Madaripur,1998,2,78.89,B60
Madaripur,1998,3,72.71,B60
Madaripur,1998,4,80.57,B60
Madaripur,1998,5,82.77,B60
Madaripur,1998,6,84.8,B60
Madaripur,1998,7,88.32,B60
Madaripur,1998,8,87.38,B60
Madaripur,1998,9,83.27,B60
Madaripur,1998,10,79.71,B60
Madaripur,1998,11,80.27,B60
Madaripur,1998,12,80.1,B60
Madaripur,1999,1,78.23,B60
Madaripur,1999,2,73.96,B60
Madaripur,1999,3,69.94,B60
Madaripur,1999,4,76.33,B60
Madaripur,1999,5,83.1,B60
Madaripur,1999,6,86.3,B60
Madaripur,1999,7,87.87,B60
Madaripur,1999,8,86.84,B60
Madaripur,1999,9,86.93,B60
Madaripur,1999,10,85.29,B60
Madaripur,1999,11,79.33,B60
Madaripur,1999,12,80.77,B60
Madaripur,2000,1,80.16,B60
Madaripur,2000,2,77.52,B60
Madaripur,2000,3,72.58,B60
Madaripur,2000,4,79.73,B60
Madaripur,2000,5,82.97,B60
Madaripur,2000,6,85.97,B60
Madaripur,2000,7,86.26,B60
Madaripur,2000,8,85.58,B60
Madaripur,2000,9,86.03,B60
Madaripur,2000,10,85.9,B60
Madaripur,2000,11,81.77,B60
Madaripur,2000,12,79.84,B60
Madaripur,2001,1,77.23,B60
Madaripur,2001,2,75.46,B60
Madaripur,2001,3,71.81,B60
Madaripur,2001,4,76.73,B60
Madaripur,2001,5,84.06,B60
Madaripur,2001,6,89.87,B60
Madaripur,2001,7,89.29,B60
Madaripur,2001,8,85.61,B60
Madaripur,2001,9,86.87,B60
Madaripur,2001,10,85.68,B60
Madaripur,2001,11,83.77,B60
Madaripur,2001,12,82.45,B60
Madaripur,2002,1,79.84,B60
Madaripur,2002,2,72.18,B60
Madaripur,2002,3,71.94,B60
Madaripur,2002,4,78.43,B60
Madaripur,2002,5,82.06,B60
Madaripur,2002,6,86.87,B60
Madaripur,2002,7,88.16,B60
Madaripur,2002,8,86.74,B60
Madaripur,2002,9,85.6,B60
Madaripur,2002,10,82.45,B60
Madaripur,2002,11,81.93,B60
Madaripur,2002,12,82.71,B60
Madaripur,2003,1,81.84,B60
Madaripur,2003,2,74.89,B60
Madaripur,2003,3,75.13,B60
Madaripur,2003,4,79.57,B60
Madaripur,2003,5,79.32,B60
Madaripur,2003,6,85.7,B60
Madaripur,2003,7,85.84,B60
Madaripur,2003,8,83.23,B60
Madaripur,2003,9,86.33,B60
Madaripur,2003,10,85.48,B60
Madaripur,2003,11,78.1,B60
Madaripur,2003,12,82.26,B60
Madaripur,2004,1,82.74,B60
Madaripur,2004,2,73,B60
Madaripur,2004,3,72.48,B60
Madaripur,2004,4,78.33,B60
Madaripur,2004,5,75.39,B60
Madaripur,2004,6,85.63,B60
Madaripur,2004,7,86,B60
Madaripur,2004,8,86.26,B60
Madaripur,2004,9,87.27,B60
Madaripur,2004,10,83.39,B60
Madaripur,2004,11,81.07,B60
Madaripur,2004,12,81.71,B60
Madaripur,2005,1,79.48,B60
Madaripur,2005,2,73.14,B60
Madaripur,2005,3,76.71,B60
Madaripur,2005,4,73.27,B60
Madaripur,2005,5,78.32,B60
Madaripur,2005,6,83.33,B60
Madaripur,2005,7,87.1,B60
Madaripur,2005,8,87.23,B60
Madaripur,2005,9,85.23,B60
Madaripur,2005,10,87.06,B60
Madaripur,2005,11,82.23,B60
Madaripur,2005,12,81.06,B60
Madaripur,2006,1,80.65,B60
Madaripur,2006,2,78,B60
Madaripur,2006,3,70.55,B60
Madaripur,2006,4,75,B60
Madaripur,2006,5,79.77,B60
Madaripur,2006,6,85.83,B60
Madaripur,2006,7,86.26,B60
Madaripur,2006,8,85.03,B60
Madaripur,2006,9,86.23,B60
Madaripur,2006,10,83.68,B60
Madaripur,2006,11,81.7,B60
Madaripur,2006,12,81.74,B60
Madaripur,2007,1,80.06,B60
Madaripur,2007,2,80.36,B60
Madaripur,2007,3,69.45,B60
Madaripur,2007,4,78.47,B60
Madaripur,2007,5,78.52,B60
Madaripur,2007,6,85.83,B60
Madaripur,2007,7,88.39,B60
Madaripur,2007,8,84.13,B60
Madaripur,2007,9,85.73,B60
Madaripur,2007,10,84.35,B60
Madaripur,2007,11,83.37,B60
Madaripur,2007,12,78.26,B60
Madaripur,2008,1,77.9,B60
Madaripur,2008,2,72.55,B60
Madaripur,2008,3,76.74,B60
Madaripur,2008,4,74.77,B60
Madaripur,2008,5,79.42,B60
Madaripur,2008,6,87.7,B60
Madaripur,2008,7,89.52,B60
Madaripur,2008,8,86.35,B60
Madaripur,2008,9,86.23,B60
Madaripur,2008,10,84.61,B60
Madaripur,2008,11,79.97,B60
Madaripur,2008,12,85.26,B60
Madaripur,2009,1,82,B60
Madaripur,2009,2,74.04,B60
Madaripur,2009,3,71.9,B60
Madaripur,2009,4,79.03,B60
Madaripur,2009,5,79.87,B60
Madaripur,2009,6,81.77,B60
Madaripur,2009,7,85.55,B60
Madaripur,2009,8,88.35,B60
Madaripur,2009,9,85.5,B60
Madaripur,2009,10,82.55,B60
Madaripur,2009,11,78.7,B60
Madaripur,2009,12,81.32,B60
Madaripur,2010,1,82.45,B60
Madaripur,2010,2,75,B60
Madaripur,2010,3,71.35,B60
Madaripur,2010,4,75.73,B60
Madaripur,2010,5,80.16,B60
Madaripur,2010,6,86.8,B60
Madaripur,2010,7,86.06,B60
Madaripur,2010,8,83.94,B60
Madaripur,2010,9,86.23,B60
Madaripur,2010,10,84.52,B60
Madaripur,2010,11,82.2,B60
Madaripur,2010,12,83.52,B60
Madaripur,2011,1,81.45,B60
Madaripur,2011,2,74.21,B60
Madaripur,2011,3,72.29,B60
Madaripur,2011,4,76.73,B60
Madaripur,2011,5,82.68,B60
Madaripur,2011,6,87.13,B60
Madaripur,2011,7,84.97,B60
Madaripur,2011,8,86.68,B60
Madaripur,2011,9,85.9,B60
Madaripur,2011,10,83.1,B60
Madaripur,2011,11,82.4,B60
Madaripur,2011,12,85.19,B60
Madaripur,2012,1,81.71,B60
Madaripur,2012,2,71.59,B60
Madaripur,2012,3,71.71,B60
Madaripur,2012,4,78.47,B60
Madaripur,2012,5,79.61,B60
Madaripur,2012,6,84.53,B60
Madaripur,2012,7,86.65,B60
Madaripur,2012,8,85.97,B60
Madaripur,2012,9,87,B60
Madaripur,2012,10,82.68,B60
Madaripur,2012,11,81.4,B60
Madaripur,2012,12,85.39,B60
Madaripur,2013,1,79.26,B60
Madaripur,2013,2,72.61,B60
Madaripur,2013,3,71.03,B60
Madaripur,2013,4,76.27,B60
Madaripur,2013,5,86,B60
Madaripur,2013,6,84.2,B60
Madaripur,2013,7,85.77,B60
Madaripur,2013,8,87.26,B60
Madaripur,2013,9,86.87,B60
Madaripur,2013,10,86.32,B60
Madaripur,2013,11,77.63,B60
Madaripur,2013,12,82.29,B60
Madaripur,2014,1,84.71,B60
Madaripur,2014,2,79.82,B60
Madaripur,2014,3,69.35,B60
Madaripur,2014,4,70.37,B60
Madaripur,2014,5,77.58,B60
Madaripur,2014,6,84.73,B60
Madaripur,2014,7,85.32,B60
Madaripur,2014,8,88.42,B60
Madaripur,2014,9,85.3,B60
Madaripur,2014,10,82.42,B60
Madaripur,2014,11,79.6,B60
Madaripur,2014,12,87.74,B60
Madaripur,2015,1,83.39,B60
Madaripur,2015,2,78.54,B60
Madaripur,2015,3,69.26,B60
Madaripur,2015,4,79.13,B60
Madaripur,2015,5,80.26,B60
Madaripur,2015,6,84.7,B60
Madaripur,2015,7,88.81,B60
Madaripur,2015,8,86.87,B60
Madaripur,2015,9,85.5,B60
Madaripur,2015,10,83.03,B60
Madaripur,2015,11,80.77,B60
Madaripur,2015,12,82.61,B60
Madaripur,2016,1,83.35,B60
Madaripur,2016,2,79.52,B60
Madaripur,2016,3,75.61,B60
Madaripur,2016,4,78.97,B60
Madaripur,2016,5,81.74,B60
Madaripur,2016,6,83.57,B60
Madaripur,2016,7,87.16,B60
Madaripur,2016,8,85.81,B60
Madaripur,2016,9,85.7,B60
Madaripur,2016,10,83.35,B60
Madaripur,2016,11,82.3,B60
Madaripur,2016,12,83.39,B60
Madaripur,2017,1,79.39,B60
Madaripur,2017,2,74.29,B60
Madaripur,2017,3,77.87,B60
Madaripur,2017,4,80.27,B60
Madaripur,2017,5,80.68,B60
Madaripur,2017,6,85.5,B60
Madaripur,2017,7,87.55,B60
Madaripur,2017,8,86.13,B60
Madaripur,2017,9,86.53,B60
Madaripur,2017,10,84.58,B60
Madaripur,2017,11,79.83,B60
Madaripur,2017,12,84.61,B60
Madaripur,2018,1,80.06,B60
Madaripur,2018,2,76.36,B60
Madaripur,2018,3,72.45,B60
Madaripur,2018,4,78,B60
Madaripur,2018,5,84.55,B60
Madaripur,2018,6,87.13,B60
Madaripur,2018,7,87.74,B60
Madaripur,2018,8,84.23,B60
Madaripur,2018,9,84.23,B60
Madaripur,2018,10,82.03,B60
Madaripur,2018,11,81.43,B60
Madaripur,2018,12,83.13,B60
Madaripur,2019,1,77.32,B60
Madaripur,2019,2,74.68,B60
Madaripur,2019,3,73.29,B60
Madaripur,2019,4,76.73,B60
Madaripur,2019,5,78.39,B60
Madaripur,2019,6,83.17,B60
Madaripur,2019,7,86.48,B60
Madaripur,2019,8,84.94,B60
Madaripur,2019,9,85,B60
Madaripur,2019,10,84.55,B60
Madaripur,2019,11,82.57,B60
Madaripur,2019,12,82.26,B60
Madaripur,2020,1,84.13,B60
Madaripur,2020,2,73.83,B60
Madaripur,2020,3,68.55,B60
Madaripur,2020,4,75.27,B60
Madaripur,2020,5,79.87,B60
Madaripur,2020,12,86.29,B60
Madaripur,2021,1,83.61,B60
Madaripur,2021,2,75.14,B60
Madaripur,2021,3,68,B60
Madaripur,2021,4,65.13,B60
Madaripur,2021,5,71.45,B60
Madaripur,2021,6,98.92,B60
Madaripur,2021,7,86.36,B60
Madaripur,2021,8,87.3,B60
Madaripur,2021,9,85.61,B60
Madaripur,2021,10,85.85,B60
Madaripur,2021,11,82.25,B60
Madaripur,2021,12,83.83,B60
Madaripur,2023,1,86.34,B60
Madaripur,2023,2,77.09,B60
Madaripur,2023,3,74.52,B60
Madaripur,2023,4,67.43,B60
Madaripur,2023,5,74.97,B60
Madaripur,2023,6,82.17,B60
Madaripur,2023,7,80.98,B60
Madaripur,2023,8,87.48,B60
Madaripur,2023,9,86.68,B60
Madaripur,2023,10,85,B60
Madaripur,2023,11,82.8,B60
Madaripur,2023,12,88.03,B60
Madaripur,2022,1,83.39,B60
Madaripur,2022,2,78.43,B60
Madaripur,2022,3,72.74,B60
Madaripur,2022,4,77.97,B60
Madaripur,2022,5,80.52,B60
Madaripur,2022,6,85.97,B60
Madaripur,2022,7,81.97,B60
Madaripur,2022,8,82.87,B60
Madaripur,2022,9,85.7,B60
Madaripur,2022,10,84.65,B60
Madaripur,2022,11,82.27,B60
Madaripur,2022,12,82,B60
Maijdi Court,2021,7,86.92,B60
Maijdi Court,2021,8,87.68,B60
Maijdi Court,2021,9,84.49,B60
Maijdi Court,2021,10,83.18,B60
Maijdi Court,2021,11,77,B60
Maijdi Court,2021,12,81.64,B60
Mawa,2023,8,94,B60
Mongla,1989,1,66.84,B60
Mongla,1989,2,65.82,B60
Mongla,1989,3,65.94,B60
Mongla,1989,4,70.3,B60
Mongla,1989,5,77.19,B60
Mongla,1989,6,83.37,B60
Mongla,1989,7,85.16,B60
Mongla,1989,8,87.03,B60
Mongla,1989,9,91.53,B60
Mongla,1989,10,88.94,B60
Mongla,1989,11,78.87,B60
Mongla,1989,12,74.23,B60
Mongla,1990,1,75.26,B60
Mongla,1990,2,76.11,B60
Mongla,1990,3,77.1,B60
Mongla,1990,4,78.43,B60
Mongla,1990,5,80.9,B60
Mongla,1990,6,86.5,B60
Mongla,1990,7,90,B60
Mongla,1990,8,87.16,B60
Mongla,1990,9,91.87,B60
Mongla,1990,10,84.61,B60
Mongla,1990,11,81.97,B60
Mongla,1990,12,76.52,B60
Mongla,1991,1,75.55,B60
Mongla,1991,2,74.54,B60
Mongla,1991,3,73.45,B60
Mongla,1991,4,76.67,B60
Mongla,1991,5,81.61,B60
Mongla,1991,6,88.23,B60
Mongla,1991,7,87.87,B60
Mongla,1991,8,87.97,B60
Mongla,1991,9,89.8,B60
Mongla,1991,10,86.9,B60
Mongla,1991,11,80.77,B60
Mongla,1991,12,78.29,B60
Mongla,1992,1,77.9,B60
Mongla,1992,2,76.97,B60
Mongla,1992,3,74.97,B60
Mongla,1992,4,73.93,B60
Mongla,1992,5,79.23,B60
Mongla,1992,6,84.4,B60
Mongla,1992,7,89.16,B60
Mongla,1992,8,89.19,B60
Mongla,1992,9,89.33,B60
Mongla,1992,10,86.58,B60
Mongla,1992,11,80.9,B60
Mongla,1992,12,79.16,B60
Mongla,1993,1,76.32,B60
Mongla,1993,2,76.86,B60
Mongla,1993,3,74.19,B60
Mongla,1993,4,77.03,B60
Mongla,1993,5,84,B60
Mongla,1993,6,87.57,B60
Mongla,1993,7,87.9,B60
Mongla,1993,8,89.03,B60
Mongla,1993,9,89.83,B60
Mongla,1993,10,84.48,B60
Mongla,1993,11,78.23,B60
Mongla,1993,12,74.48,B60
Mongla,1994,1,75.1,B60
Mongla,1994,2,75.25,B60
Mongla,1994,3,74.55,B60
Mongla,1994,4,76.4,B60
Mongla,1994,5,79.39,B60
Mongla,1994,6,87.57,B60
Mongla,1994,7,87.65,B60
Mongla,1994,8,88.74,B60
Mongla,1994,9,85.53,B60
Mongla,1994,10,83.84,B60
Mongla,1994,11,78.8,B60
Mongla,1994,12,68.45,B60
Mongla,1995,1,68.84,B60
Mongla,1995,2,73,B60
Mongla,1995,3,67.16,B60
Mongla,1995,4,73.37,B60
Mongla,1995,5,81.9,B60
Mongla,1995,6,88.43,B60
Mongla,1995,7,87.68,B60
Mongla,1995,8,87.74,B60
Mongla,1995,9,88.37,B60
Mongla,1995,10,85.16,B60
Mongla,1995,11,81.33,B60
Mongla,1995,12,74.26,B60
Mongla,1996,1,72.45,B60
Mongla,1996,2,70.36,B60
Mongla,1996,3,75.13,B60
Mongla,1996,4,76.5,B60
Mongla,1996,5,79.23,B60
Mongla,1996,6,85.73,B60
Mongla,1996,7,87.61,B60
Mongla,1996,8,89.55,B60
Mongla,1996,9,85.23,B60
Mongla,1996,10,81.94,B60
Mongla,1996,11,78.27,B60
Mongla,1996,12,71.94,B60
Mongla,1997,1,70.81,B60
Mongla,1997,2,75.46,B60
Mongla,1997,3,79.03,B60
Mongla,1997,4,79.47,B60
Mongla,1997,5,81.03,B60
Mongla,1997,6,84.4,B60
Mongla,1997,7,89.39,B60
Mongla,1997,8,87.35,B60
Mongla,1997,9,89.37,B60
Mongla,1997,10,79.81,B60
Mongla,1997,11,77.63,B60
Mongla,1997,12,77.9,B60
Mongla,1998,1,78.65,B60
Mongla,1998,2,76.14,B60
Mongla,1998,3,72.52,B60
Mongla,1998,4,78.73,B60
Mongla,1998,5,79.32,B60
Mongla,1998,6,84.67,B60
Mongla,1998,7,87.94,B60
Mongla,1998,8,89,B60
Mongla,1998,9,88.07,B60
Mongla,1998,10,85.61,B60
Mongla,1998,11,82.13,B60
Mongla,1998,12,76.81,B60
Mongla,1999,1,73.48,B60
Mongla,1999,2,69.75,B60
Mongla,1999,3,70.74,B60
Mongla,1999,4,77.57,B60
Mongla,1999,5,81.71,B60
Mongla,1999,6,84.97,B60
Mongla,1999,7,88.48,B60
Mongla,1999,8,88.84,B60
Mongla,1999,9,89.3,B60
Mongla,1999,10,87.45,B60
Mongla,1999,11,77.6,B60
Mongla,1999,12,76.26,B60
Mongla,2000,1,74.26,B60
Mongla,2000,2,70.72,B60
Mongla,2000,3,71.77,B60
Mongla,2000,4,78.2,B60
Mongla,2000,5,81.84,B60
Mongla,2000,6,85.17,B60
Mongla,2000,7,87.42,B60
Mongla,2000,8,85.94,B60
Mongla,2000,9,87.7,B60
Mongla,2000,10,86.9,B60
Mongla,2000,11,80.33,B60
Mongla,2000,12,72.23,B60
Mongla,2001,1,68.55,B60
Mongla,2001,2,70,B60
Mongla,2001,3,69.74,B60
Mongla,2001,4,77.03,B60
Mongla,2001,5,80.32,B60
Mongla,2001,6,91.1,B60
Mongla,2001,7,88.58,B60
Mongla,2001,8,85.77,B60
Mongla,2001,9,86.67,B60
Mongla,2001,10,87.26,B60
Mongla,2001,11,82.3,B60
Mongla,2001,12,76.52,B60
Mongla,2002,1,76.55,B60
Mongla,2002,2,70.07,B60
Mongla,2002,3,70.58,B60
Mongla,2002,4,79.43,B60
Mongla,2002,5,80.52,B60
Mongla,2002,6,87.43,B60
Mongla,2002,7,85.94,B60
Mongla,2002,8,88.61,B60
Mongla,2002,9,89.2,B60
Mongla,2002,10,83.39,B60
Mongla,2002,11,80,B60
Mongla,2002,12,77.81,B60
Mongla,2003,1,78.16,B60
Mongla,2003,2,73.71,B60
Mongla,2003,3,72.87,B60
Mongla,2003,4,78.67,B60
Mongla,2003,5,77.71,B60
Mongla,2003,6,85.63,B60
Mongla,2003,7,85.71,B60
Mongla,2003,8,87.26,B60
Mongla,2003,9,87.67,B60
Mongla,2003,10,86.19,B60
Mongla,2003,11,80.33,B60
Mongla,2003,12,83.1,B60
Mongla,2004,1,81.65,B60
Mongla,2004,2,71.31,B60
Mongla,2004,3,75.71,B60
Mongla,2004,4,80.77,B60
Mongla,2004,5,77.65,B60
Mongla,2004,6,87.07,B60
Mongla,2004,7,88.03,B60
Mongla,2004,8,89.52,B60
Mongla,2004,9,89.77,B60
Mongla,2004,10,86.55,B60
Mongla,2004,11,81.8,B60
Mongla,2004,12,83,B60
Mongla,2005,1,80.55,B60
Mongla,2005,2,75.57,B60
Mongla,2005,3,78.77,B60
Mongla,2005,4,79.77,B60
Mongla,2005,5,82.06,B60
Mongla,2005,6,85.77,B60
Mongla,2005,7,90.35,B60
Mongla,2005,8,90.23,B60
Mongla,2005,9,89.17,B60
Mongla,2005,10,89.52,B60
Mongla,2005,11,83.13,B60
Mongla,2005,12,77.42,B60
Mongla,2006,1,76.1,B60
Mongla,2006,2,75.32,B60
Mongla,2006,3,69.39,B60
Mongla,2006,4,77.77,B60
Mongla,2006,5,82.68,B60
Mongla,2006,6,89.9,B60
Mongla,2006,7,91.97,B60
Mongla,2006,8,91.9,B60
Mongla,2006,9,88,B60
Mongla,2006,10,84.06,B60
Mongla,2006,11,83.63,B60
Mongla,2006,12,79.68,B60
Mongla,2007,1,74.97,B60
Mongla,2007,2,77.14,B60
Mongla,2007,3,72,B60
Mongla,2007,4,78.7,B60
Mongla,2007,5,78.58,B60
Mongla,2007,6,85.2,B60
Mongla,2007,7,89.71,B60
Mongla,2007,8,87.39,B60
Mongla,2007,9,89.6,B60
Mongla,2007,10,84.9,B60
Mongla,2007,11,81.2,B60
Mongla,2007,12,78.39,B60
Mongla,2008,1,78.13,B60
Mongla,2008,2,73.59,B60
Mongla,2008,3,78.71,B60
Mongla,2008,4,74.7,B60
Mongla,2008,5,76.26,B60
Mongla,2008,6,86.03,B60
Mongla,2008,7,89.48,B60
Mongla,2008,8,87.35,B60
Mongla,2008,9,86.2,B60
Mongla,2008,10,82.97,B60
Mongla,2008,11,77.8,B60
Mongla,2008,12,81.68,B60
Mongla,2009,1,79,B60
Mongla,2009,2,70.61,B60
Mongla,2009,3,70.35,B60
Mongla,2009,4,73.43,B60
Mongla,2009,5,77.32,B60
Mongla,2009,6,82.6,B60
Mongla,2009,7,92.39,B60
Mongla,2009,8,91.48,B60
Mongla,2009,9,89.23,B60
Mongla,2009,10,83.52,B60
Mongla,2009,11,77.57,B60
Mongla,2009,12,76.74,B60
Mongla,2010,1,76.03,B60
Mongla,2010,2,71.64,B60
Mongla,2010,3,71.06,B60
Mongla,2010,4,75.47,B60
Mongla,2010,5,80.13,B60
Mongla,2010,6,86.3,B60
Mongla,2010,7,86.77,B60
Mongla,2010,8,86.48,B60
Mongla,2010,9,86.77,B60
Mongla,2010,10,84.74,B60
Mongla,2010,11,80.63,B60
Mongla,2010,12,75.23,B60
Mongla,2011,1,75.35,B60
Mongla,2011,2,69.68,B60
Mongla,2011,3,71.16,B60
Mongla,2011,4,74.5,B60
Mongla,2011,5,78.74,B60
Mongla,2011,6,86.87,B60
Mongla,2011,7,84.68,B60
Mongla,2011,8,89.1,B60
Mongla,2011,9,91.2,B60
Mongla,2011,10,82.77,B60
Mongla,2011,11,78.57,B60
Mongla,2011,12,81.16,B60
Mongla,2012,1,76.87,B60
Mongla,2012,2,68.97,B60
Mongla,2012,3,72.03,B60
Mongla,2012,4,76.33,B60
Mongla,2012,5,77.23,B60
Mongla,2012,6,81.27,B60
Mongla,2012,7,88.84,B60
Mongla,2012,8,88.13,B60
Mongla,2012,9,88.53,B60
Mongla,2012,10,83.35,B60
Mongla,2012,11,79.4,B60
Mongla,2012,12,80.61,B60
Mongla,2013,1,74,B60
Mongla,2013,2,67.93,B60
Mongla,2013,3,70.06,B60
Mongla,2013,4,73.27,B60
Mongla,2013,5,83.71,B60
Mongla,2013,6,85.7,B60
Mongla,2013,7,87.1,B60
Mongla,2013,8,87.65,B60
Mongla,2013,9,86.63,B60
Mongla,2013,10,87.81,B60
Mongla,2013,11,77.43,B60
Mongla,2013,12,79.19,B60
Mongla,2014,1,80.48,B60
Mongla,2014,2,73.89,B60
Mongla,2014,3,70.74,B60
Mongla,2014,4,71.7,B60
Mongla,2014,5,79.19,B60
Mongla,2014,6,86.67,B60
Mongla,2014,7,87.71,B60
Mongla,2014,8,88.81,B60
Mongla,2014,9,86.8,B60
Mongla,2014,10,82.03,B60
Mongla,2014,11,78.73,B60
Mongla,2014,12,80.9,B60
Mongla,2015,1,78.23,B60
Mongla,2015,2,74.75,B60
Mongla,2015,3,66.74,B60
Mongla,2015,4,76.57,B60
Mongla,2015,5,78.94,B60
Mongla,2015,6,84.7,B60
Mongla,2015,7,91.71,B60
Mongla,2015,8,87.74,B60
Mongla,2015,9,85.73,B60
Mongla,2015,10,83.35,B60
Mongla,2015,11,81.73,B60
Mongla,2015,12,78.94,B60
Mongla,2016,1,78.81,B60
Mongla,2016,2,78.66,B60
Mongla,2016,3,75.26,B60
Mongla,2016,4,76.9,B60
Mongla,2016,5,77.26,B60
Mongla,2016,6,84.57,B60
Mongla,2016,7,90.68,B60
Mongla,2016,8,88.13,B60
Mongla,2016,9,86.33,B60
Mongla,2016,10,84.71,B60
Mongla,2016,11,81.03,B60
Mongla,2016,12,81.71,B60
Mongla,2017,1,73.9,B60
Mongla,2017,2,71.61,B60
Mongla,2017,3,75.9,B60
Mongla,2017,4,76.67,B60
Mongla,2017,5,77.32,B60
Mongla,2017,6,85.6,B60
Mongla,2017,7,89.1,B60
Mongla,2017,8,89.23,B60
Mongla,2017,9,88.73,B60
Mongla,2017,10,87.74,B60
Mongla,2017,11,80.43,B60
Mongla,2017,12,84.48,B60
Mongla,2018,1,75.55,B60
Mongla,2018,2,72.68,B60
Mongla,2018,3,72.52,B60
Mongla,2018,4,73.97,B60
Mongla,2018,5,80.58,B60
Mongla,2018,6,86.6,B60
Mongla,2018,7,88.94,B60
Mongla,2018,8,86.87,B60
Mongla,2018,9,86.63,B60
Mongla,2018,10,82.29,B60
Mongla,2018,11,84.07,B60
Mongla,2018,12,76,B60
Mongla,2019,1,71.52,B60
Mongla,2019,2,71.75,B60
Mongla,2019,3,72.61,B60
Mongla,2019,4,76.13,B60
Mongla,2019,5,77.87,B60
Mongla,2019,6,83.83,B60
Mongla,2019,7,86.94,B60
Mongla,2019,8,86.97,B60
Mongla,2019,9,88.27,B60
Mongla,2019,10,85.81,B60
Mongla,2019,11,83.23,B60
Mongla,2019,12,80.13,B60
Mongla,2020,1,81.45,B60
Mongla,2020,2,72.21,B60
Mongla,2020,3,69.68,B60
Mongla,2020,4,76.53,B60
Mongla,2020,5,80.71,B60
Mongla,2020,6,87.67,B60
Mongla,2020,7,88.39,B60
Mongla,2020,8,89.61,B60
Mongla,2020,9,88.17,B60
Mongla,2020,10,87.23,B60
Mongla,2020,11,77.13,B60
Mongla,2020,12,82.39,B60
Mongla,2021,1,76.13,B60
Mongla,2021,2,66.66,B60
Mongla,2021,3,65.57,B60
Mongla,2021,4,65.28,B60
Mongla,2021,5,70.77,B60
Mongla,2021,6,84.58,B60
Mongla,2023,1,78.94,B60
Mongla,2023,2,71.25,B60
Mongla,2023,3,67.81,B60
Mongla,2023,4,69.85,B60
Mongla,2023,5,72.5,B60
Mongla,2023,6,82.75,B60
Mongla,2023,7,82.19,B60
Mongla,2023,8,87.31,B60
Mongla,2023,9,87.85,B60
Mongla,2023,10,81.69,B60
Mongla,2023,11,80.38,B60
Mongla,2023,12,83.15,B60
Mongla,2022,1,78.77,B60
Mongla,2022,2,75.11,B60
Mongla,2022,3,71.19,B60
Mongla,2022,4,77.8,B60
Mongla,2022,5,79.87,B60
Mongla,2022,6,84.5,B60
Mongla,2022,7,84.39,B60
Mongla,2022,8,87.1,B60
Mongla,2022,9,87.83,B60
Mongla,2022,10,84.81,B60
Mongla,2022,11,77.5,B60
Mongla,2022,12,78.84,B60
Monpura,2023,8,86.56,B60
Monpura,2023,9,87.04,B60
Monpura,2023,10,84.67,B60
Monpura,2023,11,82.42,B60
Monpura,2023,12,82.44,B60
Mymensingh,1948,1,66.87,B60
Mymensingh,1948,2,71.9,B60
Mymensingh,1948,3,64.94,B60
Mymensingh,1948,4,70.93,B60
Mymensingh,1948,5,80.81,B60
Mymensingh,1948,6,84.57,B60
Mymensingh,1948,7,84.19,B60
Mymensingh,1948,8,85.53,B60
Mymensingh,1948,9,87.03,B60
Mymensingh,1948,10,86.23,B60
Mymensingh,1948,11,81.83,B60
Mymensingh,1948,12,77.42,B60
Mymensingh,1950,1,77.32,B60
Mymensingh,1950,2,72,B60
Mymensingh,1950,3,75.94,B60
Mymensingh,1950,4,70.33,B60
Mymensingh,1950,5,80,B60
Mymensingh,1950,6,86.07,B60
Mymensingh,1950,7,86.26,B60
Mymensingh,1950,8,90.39,B60
Mymensingh,1950,9,85.9,B60
Mymensingh,1950,10,87.19,B60
Mymensingh,1950,11,79.5,B60
Mymensingh,1950,12,75.81,B60
Mymensingh,1951,1,74.61,B60
Mymensingh,1951,2,67.43,B60
Mymensingh,1951,3,68.39,B60
Mymensingh,1951,4,69.7,B60
Mymensingh,1951,5,79.68,B60
Mymensingh,1951,6,87.53,B60
Mymensingh,1951,7,87.23,B60
Mymensingh,1951,8,86.71,B60
Mymensingh,1951,9,87.47,B60
Mymensingh,1951,10,89.81,B60
Mymensingh,1951,11,82.5,B60
Mymensingh,1951,12,75.65,B60
Mymensingh,1952,1,73.84,B60
Mymensingh,1952,2,72.03,B60
Mymensingh,1952,3,73.39,B60
Mymensingh,1952,4,71.17,B60
Mymensingh,1952,5,82,B60
Mymensingh,1952,6,85.97,B60
Mymensingh,1952,7,87.19,B60
Mymensingh,1952,8,86.87,B60
Mymensingh,1952,9,88.33,B60
Mymensingh,1952,10,86.42,B60
Mymensingh,1952,11,84.37,B60
Mymensingh,1952,12,79.52,B60
Mymensingh,1953,1,80,B60
Mymensingh,1953,2,77.93,B60
Mymensingh,1953,3,79.48,B60
Mymensingh,1953,4,75.2,B60
Mymensingh,1953,5,83.45,B60
Mymensingh,1953,6,89.03,B60
Mymensingh,1953,7,89.45,B60
Mymensingh,1953,8,88.32,B60
Mymensingh,1953,9,86.13,B60
Mymensingh,1953,10,88.32,B60
Mymensingh,1953,11,84.83,B60
Mymensingh,1953,12,80.71,B60
Mymensingh,1954,1,80.81,B60
Mymensingh,1954,2,77.11,B60
Mymensingh,1954,3,66.87,B60
Mymensingh,1954,4,74.67,B60
Mymensingh,1954,5,83.16,B60
Mymensingh,1954,6,89.3,B60
Mymensingh,1954,7,86.94,B60
Mymensingh,1954,8,86.77,B60
Mymensingh,1954,9,86.43,B60
Mymensingh,1954,10,84.32,B60
Mymensingh,1954,11,81.13,B60
Mymensingh,1954,12,79.65,B60
Mymensingh,1955,1,74.45,B60
Mymensingh,1955,2,64.82,B60
Mymensingh,1955,3,73.68,B60
Mymensingh,1955,4,71.83,B60
Mymensingh,1955,5,80,B60
Mymensingh,1955,6,86.43,B60
Mymensingh,1955,7,88.35,B60
Mymensingh,1955,8,89.68,B60
Mymensingh,1955,9,86.37,B60
Mymensingh,1955,10,83.29,B60
Mymensingh,1955,11,81.8,B60
Mymensingh,1955,12,79.45,B60
Mymensingh,1956,1,77.19,B60
Mymensingh,1956,2,67.03,B60
Mymensingh,1956,3,70.55,B60
Mymensingh,1956,4,71.53,B60
Mymensingh,1956,5,84.94,B60
Mymensingh,1956,6,88.77,B60
Mymensingh,1956,7,85.77,B60
Mymensingh,1956,8,86.52,B60
Mymensingh,1956,9,85.47,B60
Mymensingh,1956,10,85.07,B60
Mymensingh,1956,11,80.57,B60
Mymensingh,1956,12,82.26,B60
Mymensingh,1957,1,82,B60
Mymensingh,1957,2,73.11,B60
Mymensingh,1957,3,61.65,B60
Mymensingh,1957,4,62.4,B60
Mymensingh,1957,5,78.45,B60
Mymensingh,1957,6,87,B60
Mymensingh,1957,7,85.61,B60
Mymensingh,1957,8,83.1,B60
Mymensingh,1957,9,86.1,B60
Mymensingh,1957,10,81.16,B60
Mymensingh,1957,11,79.53,B60
Mymensingh,1957,12,79.55,B60
Mymensingh,1958,1,78.16,B60
Mymensingh,1958,2,75.04,B60
Mymensingh,1958,3,61.94,B60
Mymensingh,1958,4,71.5,B60
Mymensingh,1958,5,81.48,B60
Mymensingh,1958,6,86.6,B60
Mymensingh,1958,7,85.77,B60
Mymensingh,1958,8,87.61,B60
Mymensingh,1958,9,84.03,B60
Mymensingh,1958,10,84.63,B60
Mymensingh,1958,11,80.7,B60
Mymensingh,1958,12,83.06,B60
Mymensingh,1959,1,80.9,B60
Mymensingh,1959,2,68.82,B60
Mymensingh,1959,3,63.39,B60
Mymensingh,1959,4,71.13,B60
Mymensingh,1959,5,79.87,B60
Mymensingh,1959,6,87.3,B60
Mymensingh,1959,7,85.61,B60
Mymensingh,1959,8,86.29,B60
Mymensingh,1959,9,85.67,B60
Mymensingh,1959,10,86.45,B60
Mymensingh,1959,11,78.2,B60
Mymensingh,1959,12,79.58,B60
Mymensingh,1960,1,73.39,B60
Mymensingh,1960,2,66.34,B60
Mymensingh,1960,3,64.13,B60
Mymensingh,1960,4,59.03,B60
Mymensingh,1960,5,73.45,B60
Mymensingh,1960,6,84.03,B60
Mymensingh,1960,7,87.87,B60
Mymensingh,1960,8,85.65,B60
Mymensingh,1960,9,87.63,B60
Mymensingh,1960,10,80.58,B60
Mymensingh,1960,11,81.3,B60
Mymensingh,1960,12,80.06,B60
Mymensingh,1961,1,77.52,B60
Mymensingh,1961,2,75.46,B60
Mymensingh,1961,3,72.97,B60
Mymensingh,1961,4,72.53,B60
Mymensingh,1961,5,81.39,B60
Mymensingh,1961,6,87.27,B60
Mymensingh,1961,7,86.68,B60
Mymensingh,1961,8,85.58,B60
Mymensingh,1961,9,84.3,B60
Mymensingh,1961,10,84.16,B60
Mymensingh,1961,11,80.33,B60
Mymensingh,1961,12,81.52,B60
Mymensingh,1962,1,75.35,B60
Mymensingh,1962,2,74.54,B60
Mymensingh,1962,3,49.65,B60
Mymensingh,1962,4,65.97,B60
Mymensingh,1962,5,77.45,B60
Mymensingh,1962,6,86.13,B60
Mymensingh,1962,7,85.9,B60
Mymensingh,1962,8,87.71,B60
Mymensingh,1962,9,83.9,B60
Mymensingh,1962,10,82.23,B60
Mymensingh,1962,11,82.6,B60
Mymensingh,1962,12,84.1,B60
Mymensingh,1963,1,74.77,B60
Mymensingh,1963,2,68.18,B60
Mymensingh,1963,3,70.13,B60
Mymensingh,1963,4,71.93,B60
Mymensingh,1963,5,82.23,B60
Mymensingh,1963,6,88.63,B60
Mymensingh,1963,7,90.55,B60
Mymensingh,1963,8,89,B60
Mymensingh,1963,9,84.7,B60
Mymensingh,1963,10,86.77,B60
Mymensingh,1963,11,80.27,B60
Mymensingh,1963,12,75.13,B60
Mymensingh,1964,1,73.87,B60
Mymensingh,1964,2,73.38,B60
Mymensingh,1964,3,69.39,B60
Mymensingh,1964,4,80.1,B60
Mymensingh,1964,5,83.74,B60
Mymensingh,1964,6,89.2,B60
Mymensingh,1964,7,90.23,B60
Mymensingh,1964,8,88.13,B60
Mymensingh,1964,9,87.5,B60
Mymensingh,1964,10,85.29,B60
Mymensingh,1964,11,76.03,B60
Mymensingh,1964,12,80.35,B60
Mymensingh,1965,1,74.74,B60
Mymensingh,1965,2,71.11,B60
Mymensingh,1965,3,61.68,B60
Mymensingh,1965,4,63.73,B60
Mymensingh,1965,5,73.4,B60
Mymensingh,1965,6,87.93,B60
Mymensingh,1965,7,87.16,B60
Mymensingh,1965,8,89.16,B60
Mymensingh,1965,9,85.4,B60
Mymensingh,1965,10,79.65,B60
Mymensingh,1965,11,76.97,B60
Mymensingh,1965,12,73.03,B60
Mymensingh,1966,1,74.74,B60
Mymensingh,1966,3,64.39,B60
Mymensingh,1966,4,62.53,B60
Mymensingh,1966,5,71.6,B60
Mymensingh,1966,6,85.67,B60
Mymensingh,1966,7,85.45,B60
Mymensingh,1966,8,88.68,B60
Mymensingh,1966,9,84.2,B60
Mymensingh,1966,10,80.94,B60
Mymensingh,1966,11,76.67,B60
Mymensingh,1966,12,78.48,B60
Mymensingh,1967,1,71.61,B60
Mymensingh,1967,2,69.39,B60
Mymensingh,1967,3,68.45,B60
Mymensingh,1967,4,57.83,B60
Mymensingh,1967,5,76.73,B60
Mymensingh,1967,6,83.5,B60
Mymensingh,1967,7,85.32,B60
Mymensingh,1967,8,84.74,B60
Mymensingh,1967,9,84.63,B60
Mymensingh,1967,10,80.55,B60
Mymensingh,1967,11,72.3,B60
Mymensingh,1967,12,77.39,B60
Mymensingh,1968,1,83.68,B60
Mymensingh,1968,2,69.76,B60
Mymensingh,1968,3,59.87,B60
Mymensingh,1968,4,64.93,B60
Mymensingh,1968,5,72.19,B60
Mymensingh,1968,6,86.67,B60
Mymensingh,1968,7,87.1,B60
Mymensingh,1968,8,83.81,B60
Mymensingh,1968,9,85.33,B60
Mymensingh,1968,10,79.35,B60
Mymensingh,1968,11,72.73,B60
Mymensingh,1968,12,74.29,B60
Mymensingh,1969,1,71.23,B60
Mymensingh,1969,2,66.18,B60
Mymensingh,1969,3,65.68,B60
Mymensingh,1969,4,73.5,B60
Mymensingh,1969,5,71.55,B60
Mymensingh,1969,7,86.1,B60
Mymensingh,1969,8,86.74,B60
Mymensingh,1969,9,81.8,B60
Mymensingh,1969,10,77.65,B60
Mymensingh,1969,11,73.03,B60
Mymensingh,1969,12,70.9,B60
Mymensingh,1970,1,71.16,B60
Mymensingh,1970,2,62.82,B60
Mymensingh,1970,3,60.61,B60
Mymensingh,1970,4,67.9,B60
Mymensingh,1970,5,72.71,B60
Mymensingh,1970,6,84.4,B60
Mymensingh,1970,7,86.39,B60
Mymensingh,1970,8,84.32,B60
Mymensingh,1970,9,83.83,B60
Mymensingh,1970,10,83.19,B60
Mymensingh,1970,11,73.6,B60
Mymensingh,1970,12,68.77,B60
Mymensingh,1971,8,85.94,B60
Mymensingh,1971,9,86.67,B60
Mymensingh,1971,10,84.06,B60
Mymensingh,1971,11,85.27,B60
Mymensingh,1971,12,69.75,B60
Mymensingh,1972,1,67.87,B60
Mymensingh,1972,2,62.93,B60
Mymensingh,1972,3,84.5,B60
Mymensingh,1972,4,70.6,B60
Mymensingh,1972,5,75.39,B60
Mymensingh,1972,6,84.03,B60
Mymensingh,1972,7,84.23,B60
Mymensingh,1972,8,83.23,B60
Mymensingh,1972,9,81.6,B60
Mymensingh,1972,10,83.54,B60
Mymensingh,1972,11,74.33,B60
Mymensingh,1972,12,80.45,B60
Mymensingh,1973,1,67.35,B60
Mymensingh,1973,2,63.54,B60
Mymensingh,1973,4,70.1,B60
Mymensingh,1973,5,81.1,B60
Mymensingh,1973,6,88.71,B60
Mymensingh,1973,7,79.2,B60
Mymensingh,1973,8,85.29,B60
Mymensingh,1974,1,70.74,B60
Mymensingh,1974,2,67.2,B60
Mymensingh,1974,3,74.74,B60
Mymensingh,1974,4,80.63,B60
Mymensingh,1974,7,90.48,B60
Mymensingh,1974,8,86.58,B60
Mymensingh,1974,9,87.67,B60
Mymensingh,1974,10,90.17,B60
Mymensingh,1975,1,83.53,B60
Mymensingh,1975,2,72.04,B60
Mymensingh,1975,3,64.81,B60
Mymensingh,1975,4,78.97,B60
Mymensingh,1975,5,80.11,B60
Mymensingh,1975,6,83.73,B60
Mymensingh,1975,7,89.87,B60
Mymensingh,1975,8,88,B60
Mymensingh,1975,9,87.63,B60
Mymensingh,1975,10,88.13,B60
Mymensingh,1975,11,88.47,B60
Mymensingh,1975,12,91.23,B60
Mymensingh,1976,1,71.96,B60
Mymensingh,1976,2,80.82,B60
Mymensingh,1976,3,80.31,B60
Mymensingh,1976,4,64.37,B60
Mymensingh,1976,5,79.52,B60
Mymensingh,1976,6,89.43,B60
Mymensingh,1976,7,89.74,B60
Mymensingh,1976,8,90.11,B60
Mymensingh,1976,9,88.26,B60
Mymensingh,1976,10,89.13,B60
Mymensingh,1976,11,80.17,B60
Mymensingh,1976,12,76.19,B60
Mymensingh,1977,1,68.16,B60
Mymensingh,1977,2,64.14,B60
Mymensingh,1977,3,61.65,B60
Mymensingh,1977,4,80.13,B60
Mymensingh,1977,5,80.32,B60
Mymensingh,1977,6,89,B60
Mymensingh,1977,7,85.9,B60
Mymensingh,1977,8,84.42,B60
Mymensingh,1977,9,82.43,B60
Mymensingh,1977,10,81.61,B60
Mymensingh,1977,11,79.1,B60
Mymensingh,1977,12,73.87,B60
Mymensingh,1978,1,68.84,B60
Mymensingh,1978,2,59.57,B60
Mymensingh,1978,3,53.26,B60
Mymensingh,1978,4,72.77,B60
Mymensingh,1978,5,85.42,B60
Mymensingh,1978,6,88.37,B60
Mymensingh,1978,7,86.19,B60
Mymensingh,1978,8,82.39,B60
Mymensingh,1978,9,87.5,B60
Mymensingh,1978,10,81.48,B60
Mymensingh,1978,11,77.03,B60
Mymensingh,1978,12,71.65,B60
Mymensingh,1979,1,71,B60
Mymensingh,1979,2,63.93,B60
Mymensingh,1979,3,54.16,B60
Mymensingh,1979,4,62.8,B60
Mymensingh,1979,5,76.03,B60
Mymensingh,1979,6,85.07,B60
Mymensingh,1979,7,89.61,B60
Mymensingh,1979,8,86.13,B60
Mymensingh,1979,9,85.53,B60
Mymensingh,1979,10,81.94,B60
Mymensingh,1979,11,79.3,B60
Mymensingh,1979,12,79.94,B60
Mymensingh,1980,1,73.13,B60
Mymensingh,1980,2,54.72,B60
Mymensingh,1980,3,54.19,B60
Mymensingh,1980,4,60.27,B60
Mymensingh,1980,5,76.77,B60
Mymensingh,1980,6,79.07,B60
Mymensingh,1980,7,80.58,B60
Mymensingh,1980,8,80.77,B60
Mymensingh,1980,9,81.33,B60
Mymensingh,1980,10,75.55,B60
Mymensingh,1980,11,59.7,B60
Mymensingh,1980,12,63,B60
Mymensingh,1981,1,65.48,B60
Mymensingh,1981,2,60.14,B60
Mymensingh,1981,3,53.84,B60
Mymensingh,1981,4,71.87,B60
Mymensingh,1981,5,76.45,B60
Mymensingh,1981,6,75.93,B60
Mymensingh,1981,7,83.74,B60
Mymensingh,1981,8,80.81,B60
Mymensingh,1981,9,80.63,B60
Mymensingh,1981,10,65.68,B60
Mymensingh,1981,11,59.4,B60
Mymensingh,1981,12,65.71,B60
Mymensingh,1982,1,62.26,B60
Mymensingh,1982,2,51.18,B60
Mymensingh,1982,3,56.61,B60
Mymensingh,1982,4,61.77,B60
Mymensingh,1982,5,71,B60
Mymensingh,1982,6,83.7,B60
Mymensingh,1982,7,83.61,B60
Mymensingh,1982,8,78.32,B60
Mymensingh,1982,9,79.03,B60
Mymensingh,1982,10,70.58,B60
Mymensingh,1982,11,65.13,B60
Mymensingh,1982,12,66.35,B60
Mymensingh,1983,1,62.29,B60
Mymensingh,1983,2,47.64,B60
Mymensingh,1983,3,56.94,B60
Mymensingh,1983,4,58.83,B60
Mymensingh,1983,5,78.81,B60
Mymensingh,1983,6,83.07,B60
Mymensingh,1983,7,85.32,B60
Mymensingh,1983,8,85.19,B60
Mymensingh,1983,9,85.97,B60
Mymensingh,1983,10,81.03,B60
Mymensingh,1983,11,68.8,B60
Mymensingh,1983,12,72.03,B60
Mymensingh,1984,1,70.03,B60
Mymensingh,1984,2,61.1,B60
Mymensingh,1984,3,59.03,B60
Mymensingh,1984,4,68.27,B60
Mymensingh,1984,5,84.9,B60
Mymensingh,1984,6,84.57,B60
Mymensingh,1984,7,85.94,B60
Mymensingh,1984,8,83.35,B60
Mymensingh,1984,9,86.33,B60
Mymensingh,1984,10,81.61,B60
Mymensingh,1984,11,68.03,B60
Mymensingh,1984,12,72.74,B60
Mymensingh,1985,1,70.35,B60
Mymensingh,1985,2,66.54,B60
Mymensingh,1985,3,65.35,B60
Mymensingh,1985,4,72.47,B60
Mymensingh,1985,5,79.03,B60
Mymensingh,1985,6,84.9,B60
Mymensingh,1985,7,85.32,B60
Mymensingh,1985,8,82.84,B60
Mymensingh,1985,9,86.1,B60
Mymensingh,1985,10,75.55,B60
Mymensingh,1985,11,70.47,B60
Mymensingh,1985,12,68.65,B60
Mymensingh,1986,1,69.61,B60
Mymensingh,1986,2,58.21,B60
Mymensingh,1986,3,54.1,B60
Mymensingh,1986,4,75.27,B60
Mymensingh,1986,5,73.68,B60
Mymensingh,1986,6,81.53,B60
Mymensingh,1986,7,84.9,B60
Mymensingh,1986,8,79.81,B60
Mymensingh,1986,9,83.13,B60
Mymensingh,1986,10,80.65,B60
Mymensingh,1986,11,76.8,B60
Mymensingh,1986,12,74.9,B60
Mymensingh,1987,1,71.61,B60
Mymensingh,1987,2,71.68,B60
Mymensingh,1987,3,72.1,B60
Mymensingh,1987,4,75.23,B60
Mymensingh,1987,5,79.29,B60
Mymensingh,1987,6,84.8,B60
Mymensingh,1987,7,88.13,B60
Mymensingh,1987,8,85.97,B60
Mymensingh,1987,9,87.1,B60
Mymensingh,1987,10,82.13,B60
Mymensingh,1987,11,80.77,B60
Mymensingh,1987,12,79.68,B60
Mymensingh,1988,1,77.71,B60
Mymensingh,1988,2,76.24,B60
Mymensingh,1988,3,75.97,B60
Mymensingh,1988,4,78.43,B60
Mymensingh,1988,5,84.9,B60
Mymensingh,1988,6,85.03,B60
Mymensingh,1988,7,86.65,B60
Mymensingh,1988,8,88.29,B60
Mymensingh,1988,9,84.57,B60
Mymensingh,1988,10,82.26,B60
Mymensingh,1988,11,79.23,B60
Mymensingh,1988,12,81.97,B60
Mymensingh,1989,1,75.97,B60
Mymensingh,1989,2,70.79,B60
Mymensingh,1989,3,69.52,B60
Mymensingh,1989,4,71.77,B60
Mymensingh,1989,5,80.52,B60
Mymensingh,1989,6,86.7,B60
Mymensingh,1989,7,87.42,B60
Mymensingh,1989,8,84.58,B60
Mymensingh,1989,9,88.7,B60
Mymensingh,1989,10,84.74,B60
Mymensingh,1989,11,79.13,B60
Mymensingh,1989,12,75.97,B60
Mymensingh,1990,1,78.19,B60
Mymensingh,1990,2,74.21,B60
Mymensingh,1990,3,75.1,B60
Mymensingh,1990,4,79.93,B60
Mymensingh,1990,5,82.58,B60
Mymensingh,1990,6,88.1,B60
Mymensingh,1990,7,88.58,B60
Mymensingh,1990,8,85.71,B60
Mymensingh,1990,9,86.9,B60
Mymensingh,1990,10,83.16,B60
Mymensingh,1990,11,78.83,B60
Mymensingh,1990,12,76.32,B60
Mymensingh,1991,1,72.68,B60
Mymensingh,1991,2,73.75,B60
Mymensingh,1991,3,70.48,B60
Mymensingh,1991,4,75.77,B60
Mymensingh,1991,5,87.39,B60
Mymensingh,1991,6,88.03,B60
Mymensingh,1991,7,86.06,B60
Mymensingh,1991,8,85.77,B60
Mymensingh,1991,9,91.63,B60
Mymensingh,1991,10,85.29,B60
Mymensingh,1991,11,77.83,B60
Mymensingh,1991,12,78,B60
Mymensingh,1992,1,79,B60
Mymensingh,1992,2,73,B60
Mymensingh,1992,3,67.71,B60
Mymensingh,1992,4,70.1,B60
Mymensingh,1992,5,79.29,B60
Mymensingh,1992,6,84.8,B60
Mymensingh,1992,7,87.13,B60
Mymensingh,1992,8,84.32,B60
Mymensingh,1992,9,84.97,B60
Mymensingh,1992,10,82.74,B60
Mymensingh,1992,11,76.57,B60
Mymensingh,1992,12,75.32,B60
Mymensingh,1993,1,77.77,B60
Mymensingh,1993,2,74.79,B60
Mymensingh,1993,3,66.52,B60
Mymensingh,1993,4,75.57,B60
Mymensingh,1993,5,82.26,B60
Mymensingh,1993,6,85.67,B60
Mymensingh,1993,7,85.19,B60
Mymensingh,1993,8,85.65,B60
Mymensingh,1993,9,85.1,B60
Mymensingh,1993,10,84.71,B60
Mymensingh,1993,11,80.17,B60
Mymensingh,1993,12,74.71,B60
Mymensingh,1994,1,74.87,B60
Mymensingh,1994,2,72.96,B60
Mymensingh,1994,3,72.45,B60
Mymensingh,1994,4,76.8,B60
Mymensingh,1994,5,80.23,B60
Mymensingh,1994,6,86.03,B60
Mymensingh,1994,7,83.77,B60
Mymensingh,1994,8,84.13,B60
Mymensingh,1994,9,82.8,B60
Mymensingh,1994,10,81.97,B60
Mymensingh,1994,11,78.87,B60
Mymensingh,1994,12,75.42,B60
Mymensingh,1995,1,72.42,B60
Mymensingh,1995,2,72.57,B60
Mymensingh,1995,3,66.94,B60
Mymensingh,1995,4,72,B60
Mymensingh,1995,5,78.81,B60
Mymensingh,1995,6,86.37,B60
Mymensingh,1995,7,87.19,B60
Mymensingh,1995,8,86.13,B60
Mymensingh,1995,9,85.8,B60
Mymensingh,1995,10,82.35,B60
Mymensingh,1995,11,81.43,B60
Mymensingh,1995,12,81.06,B60
Mymensingh,1996,1,74.74,B60
Mymensingh,1996,2,71.59,B60
Mymensingh,1996,3,72.55,B60
Mymensingh,1996,4,73.77,B60
Mymensingh,1996,5,80.16,B60
Mymensingh,1996,6,84.83,B60
Mymensingh,1996,7,86.68,B60
Mymensingh,1996,8,86.65,B60
Mymensingh,1996,9,85.17,B60
Mymensingh,1996,10,82.45,B60
Mymensingh,1996,11,79.33,B60
Mymensingh,1996,12,76.71,B60
Mymensingh,1997,1,74.94,B60
Mymensingh,1997,2,69.36,B60
Mymensingh,1997,3,70.45,B60
Mymensingh,1997,4,77.07,B60
Mymensingh,1997,5,79.32,B60
Mymensingh,1997,6,85.53,B60
Mymensingh,1997,7,87.19,B60
Mymensingh,1997,8,85.48,B60
Mymensingh,1997,9,86.87,B60
Mymensingh,1997,10,80.58,B60
Mymensingh,1997,11,78.57,B60
Mymensingh,1997,12,82.16,B60
Mymensingh,1998,1,77.81,B60
Mymensingh,1998,2,70.68,B60
Mymensingh,1998,3,71.77,B60
Mymensingh,1998,4,80.53,B60
Mymensingh,1998,5,81.13,B60
Mymensingh,1998,6,85.33,B60
Mymensingh,1998,7,90,B60
Mymensingh,1998,8,89.68,B60
Mymensingh,1998,9,84.97,B60
Mymensingh,1998,10,84.19,B60
Mymensingh,1998,11,79.27,B60
Mymensingh,1998,12,77.84,B60
Mymensingh,1999,1,75.94,B60
Mymensingh,1999,2,71.68,B60
Mymensingh,1999,3,68.1,B60
Mymensingh,1999,4,77.7,B60
Mymensingh,1999,5,83.03,B60
Mymensingh,1999,6,85.4,B60
Mymensingh,1999,7,87.29,B60
Mymensingh,1999,8,87.26,B60
Mymensingh,1999,9,87.37,B60
Mymensingh,1999,10,86.65,B60
Mymensingh,1999,11,80.4,B60
Mymensingh,1999,12,80.58,B60
Mymensingh,2000,1,80.35,B60
Mymensingh,2000,2,72.9,B60
Mymensingh,2000,3,77.06,B60
Mymensingh,2000,4,81.9,B60
Mymensingh,2000,5,85.39,B60
Mymensingh,2000,6,86.63,B60
Mymensingh,2000,7,85.39,B60
Mymensingh,2000,8,88.06,B60
Mymensingh,2000,9,89.5,B60
Mymensingh,2000,10,85.58,B60
Mymensingh,2000,11,81.93,B60
Mymensingh,2000,12,76.45,B60
Mymensingh,2001,1,76.71,B60
Mymensingh,2001,2,74.43,B60
Mymensingh,2001,3,70.19,B60
Mymensingh,2001,4,74.9,B60
Mymensingh,2001,5,82.32,B60
Mymensingh,2001,6,86.6,B60
Mymensingh,2001,7,85.74,B60
Mymensingh,2001,8,84.13,B60
Mymensingh,2001,9,86.6,B60
Mymensingh,2001,10,85.61,B60
Mymensingh,2001,11,83.9,B60
Mymensingh,2001,12,80.19,B60
Mymensingh,2002,1,76.65,B60
Mymensingh,2002,2,72.93,B60
Mymensingh,2002,3,72.94,B60
Mymensingh,2002,4,80.5,B60
Mymensingh,2002,5,82.26,B60
Mymensingh,2002,6,87,B60
Mymensingh,2002,7,90.77,B60
Mymensingh,2002,8,84.97,B60
Mymensingh,2002,9,83.73,B60
Mymensingh,2002,10,84.26,B60
Mymensingh,2002,11,82.07,B60
Mymensingh,2002,12,84.06,B60
Mymensingh,2003,1,83.16,B60
Mymensingh,2003,2,74.57,B60
Mymensingh,2003,3,75.1,B60
Mymensingh,2003,4,79.77,B60
Mymensingh,2003,5,80.65,B60
Mymensingh,2003,6,85.87,B60
Mymensingh,2003,7,84.52,B60
Mymensingh,2003,8,84.35,B60
Mymensingh,2003,9,87.77,B60
Mymensingh,2003,10,87.19,B60
Mymensingh,2003,11,80.87,B60
Mymensingh,2003,12,79.87,B60
Mymensingh,2004,1,80.13,B60
Mymensingh,2004,2,72.34,B60
Mymensingh,2004,3,75.26,B60
Mymensingh,2004,4,81.93,B60
Mymensingh,2004,5,80.84,B60
Mymensingh,2004,6,87.7,B60
Mymensingh,2004,7,86.55,B60
Mymensingh,2004,8,84.16,B60
Mymensingh,2004,9,90.77,B60
Mymensingh,2004,10,86.84,B60
Mymensingh,2004,11,82.53,B60
Mymensingh,2004,12,81.32,B60
Mymensingh,2005,1,80,B60
Mymensingh,2005,2,73.93,B60
Mymensingh,2005,3,79.23,B60
Mymensingh,2005,4,78.43,B60
Mymensingh,2005,5,82.29,B60
Mymensingh,2005,6,84.03,B60
Mymensingh,2005,7,86.39,B60
Mymensingh,2005,8,87.81,B60
Mymensingh,2005,9,85.37,B60
Mymensingh,2005,10,87.84,B60
Mymensingh,2005,11,83.83,B60
Mymensingh,2005,12,80.19,B60
Mymensingh,2006,1,84.71,B60
Mymensingh,2006,2,81.71,B60
Mymensingh,2006,3,75.68,B60
Mymensingh,2006,4,80,B60
Mymensingh,2006,5,81.9,B60
Mymensingh,2006,6,87.6,B60
Mymensingh,2006,7,86.03,B60
Mymensingh,2006,8,84.55,B60
Mymensingh,2006,9,88.77,B60
Mymensingh,2006,10,87.23,B60
Mymensingh,2006,11,85.5,B60
Mymensingh,2006,12,85.45,B60
Mymensingh,2007,1,82.65,B60
Mymensingh,2007,2,80.68,B60
Mymensingh,2007,3,74.45,B60
Mymensingh,2007,4,81.7,B60
Mymensingh,2007,5,79.94,B60
Mymensingh,2007,6,87.2,B60
Mymensingh,2007,7,89.45,B60
Mymensingh,2007,8,86.9,B60
Mymensingh,2007,9,86.57,B60
Mymensingh,2007,10,84.9,B60
Mymensingh,2007,11,84.63,B60
Mymensingh,2007,12,83,B60
Mymensingh,2008,1,83.9,B60
Mymensingh,2008,2,74.59,B60
Mymensingh,2008,3,81.03,B60
Mymensingh,2008,4,78.47,B60
Mymensingh,2008,5,79.84,B60
Mymensingh,2008,6,87,B60
Mymensingh,2008,7,88.13,B60
Mymensingh,2008,8,90.1,B60
Mymensingh,2008,9,85.1,B60
Mymensingh,2008,10,86.52,B60
Mymensingh,2008,11,82.73,B60
Mymensingh,2008,12,87.45,B60
Mymensingh,2009,1,85.65,B60
Mymensingh,2009,2,74.96,B60
Mymensingh,2009,3,75.61,B60
Mymensingh,2009,4,79.73,B60
Mymensingh,2009,5,81.55,B60
Mymensingh,2009,6,85.3,B60
Mymensingh,2009,7,84.19,B60
Mymensingh,2009,8,87,B60
Mymensingh,2009,9,85.17,B60
Mymensingh,2009,10,83.35,B60
Mymensingh,2009,11,82,B60
Mymensingh,2009,12,84.77,B60
Mymensingh,2010,1,81.97,B60
Mymensingh,2010,2,74.61,B60
Mymensingh,2010,3,74.19,B60
Mymensingh,2010,4,82.63,B60
Mymensingh,2010,5,81.94,B60
Mymensingh,2010,6,87.27,B60
Mymensingh,2010,7,85.61,B60
Mymensingh,2010,8,85.19,B60
Mymensingh,2010,9,87.2,B60
Mymensingh,2010,10,85.87,B60
Mymensingh,2010,11,82.17,B60
Mymensingh,2010,12,80.55,B60
Mymensingh,2011,1,83.03,B60
Mymensingh,2011,2,73.39,B60
Mymensingh,2011,3,73.16,B60
Mymensingh,2011,4,77.5,B60
Mymensingh,2011,5,82,B60
Mymensingh,2011,6,85.13,B60
Mymensingh,2011,7,86.58,B60
Mymensingh,2011,8,86.84,B60
Mymensingh,2011,9,84.73,B60
Mymensingh,2011,10,83.81,B60
Mymensingh,2011,11,81.77,B60
Mymensingh,2011,12,83.32,B60
Mymensingh,2012,1,79.55,B60
Mymensingh,2012,2,71.45,B60
Mymensingh,2012,3,73.42,B60
Mymensingh,2012,4,80.37,B60
Mymensingh,2012,5,77.9,B60
Mymensingh,2012,6,85.4,B60
Mymensingh,2012,7,86.58,B60
Mymensingh,2012,8,85.1,B60
Mymensingh,2012,9,85.77,B60
Mymensingh,2012,10,82.03,B60
Mymensingh,2012,11,81.07,B60
Mymensingh,2012,12,88.39,B60
Mymensingh,2013,1,78.35,B60
Mymensingh,2013,2,70.79,B60
Mymensingh,2013,3,74.52,B60
Mymensingh,2013,4,77.17,B60
Mymensingh,2013,5,84.13,B60
Mymensingh,2013,6,82.67,B60
Mymensingh,2013,7,83.71,B60
Mymensingh,2013,8,85.48,B60
Mymensingh,2013,9,85.17,B60
Mymensingh,2013,10,85.87,B60
Mymensingh,2013,11,81.07,B60
Mymensingh,2013,12,82.16,B60
Mymensingh,2014,1,82.06,B60
Mymensingh,2014,2,76.79,B60
Mymensingh,2014,3,72.1,B60
Mymensingh,2014,4,73.7,B60
Mymensingh,2014,5,79.45,B60
Mymensingh,2014,6,84.8,B60
Mymensingh,2014,7,84.16,B60
Mymensingh,2014,8,87.52,B60
Mymensingh,2014,9,86.47,B60
Mymensingh,2014,10,83,B60
Mymensingh,2014,11,81.97,B60
Mymensingh,2014,12,86.29,B60
Mymensingh,2015,1,82.29,B60
Mymensingh,2015,2,78.93,B60
Mymensingh,2015,3,74.1,B60
Mymensingh,2015,4,80.6,B60
Mymensingh,2015,5,80.45,B60
Mymensingh,2015,6,85.83,B60
Mymensingh,2015,7,84.58,B60
Mymensingh,2015,8,87.1,B60
Mymensingh,2015,9,85.63,B60
Mymensingh,2015,10,82.48,B60
Mymensingh,2015,11,81.73,B60
Mymensingh,2015,12,82.68,B60
Mymensingh,2016,1,84.16,B60
Mymensingh,2016,2,79.62,B60
Mymensingh,2016,3,75.58,B60
Mymensingh,2016,4,81.2,B60
Mymensingh,2016,5,80.84,B60
Mymensingh,2016,6,83.93,B60
Mymensingh,2016,7,86.65,B60
Mymensingh,2016,8,80.61,B60
Mymensingh,2016,9,87.27,B60
Mymensingh,2016,10,83.77,B60
Mymensingh,2016,11,81.2,B60
Mymensingh,2016,12,80.68,B60
Mymensingh,2017,1,76.74,B60
Mymensingh,2017,2,74.21,B60
Mymensingh,2017,3,78.55,B60
Mymensingh,2017,4,82.47,B60
Mymensingh,2017,5,80.71,B60
Mymensingh,2017,6,85.37,B60
Mymensingh,2017,7,86.94,B60
Mymensingh,2017,8,86.77,B60
Mymensingh,2017,9,87.83,B60
Mymensingh,2017,10,86,B60
Mymensingh,2017,11,81.73,B60
Mymensingh,2017,12,85.13,B60
Mymensingh,2018,1,82.16,B60
Mymensingh,2018,2,76.07,B60
Mymensingh,2018,3,75.58,B60
Mymensingh,2018,4,79.67,B60
Mymensingh,2018,5,82.77,B60
Mymensingh,2018,6,84.53,B60
Mymensingh,2018,7,85.06,B60
Mymensingh,2018,8,83.61,B60
Mymensingh,2018,9,84.4,B60
Mymensingh,2018,10,84.35,B60
Mymensingh,2018,11,81.3,B60
Mymensingh,2018,12,79.55,B60
Mymensingh,2019,1,74.77,B60
Mymensingh,2019,2,75.5,B60
Mymensingh,2019,3,72.55,B60
Mymensingh,2019,4,78.1,B60
Mymensingh,2019,5,80.26,B60
Mymensingh,2019,6,84.03,B60
Mymensingh,2019,7,84,B60
Mymensingh,2019,8,81.35,B60
Mymensingh,2019,9,84.83,B60
Mymensingh,2019,10,86.32,B60
Mymensingh,2019,11,84.2,B60
Mymensingh,2019,12,82.74,B60
Mymensingh,2020,1,83.81,B60
Mymensingh,2020,2,74.28,B60
Mymensingh,2020,3,73.29,B60
Mymensingh,2020,4,77.67,B60
Mymensingh,2020,5,81.39,B60
Mymensingh,2020,6,85.5,B60
Mymensingh,2020,7,87,B60
Mymensingh,2020,8,82.45,B60
Mymensingh,2020,9,87.37,B60
Mymensingh,2020,10,85.35,B60
Mymensingh,2020,11,80.13,B60
Mymensingh,2020,12,87.48,B60
Mymensingh,2021,1,86.6,B60
Mymensingh,2021,2,72.21,B60
Mymensingh,2021,3,66.76,B60
Mymensingh,2021,4,69.28,B60
Mymensingh,2021,5,75.31,B60
Mymensingh,2021,6,81.08,B60
Mymensingh,2021,7,85.91,B60
Mymensingh,2021,8,88.07,B60
Mymensingh,2021,9,83.08,B60
Mymensingh,2021,10,83.95,B60
Mymensingh,2021,11,80.27,B60
Mymensingh,2021,12,82.18,B60
Mymensingh,2023,1,85,B60
Mymensingh,2023,2,76.09,B60
Mymensingh,2023,3,72.15,B60
Mymensingh,2023,4,66.12,B60
Mymensingh,2023,5,69.5,B60
Mymensingh,2023,6,80.98,B60
Mymensingh,2023,7,80.9,B60
Mymensingh,2023,8,83.9,B60
Mymensingh,2023,9,82.27,B60
Mymensingh,2023,10,83.5,B60
Mymensingh,2023,11,79.38,B60
Mymensingh,2023,12,84.9,B60
Mymensingh,2022,1,80.81,B60
Mymensingh,2022,2,75.89,B60
Mymensingh,2022,3,72.61,B60
Mymensingh,2022,4,81.17,B60
Mymensingh,2022,5,82.29,B60
Mymensingh,2022,6,87.57,B60
Mymensingh,2022,7,82.71,B60
Mymensingh,2022,8,80.97,B60
Mymensingh,2022,9,87.07,B60
Mymensingh,2022,10,84.06,B60
Mymensingh,2022,11,81,B60
Mymensingh,2022,12,84.26,B60
Narayanganj,2023,8,82.4,B60
Narayanganj,2023,9,79.6,B60
Narayanganj,2023,10,78.27,B60
Narayanganj,2023,11,68.6,B60
Narayanganj,2023,12,76.4,B60
Narsingdi,2023,8,91.26,B60
Narsingdi,2023,9,90.38,B60
Narsingdi,2023,10,90.83,B60
Narsingdi,2023,11,82.23,B60
Narsingdi,2023,12,89.16,B60
Netrokona,2021,7,84.77,B60
Netrokona,2021,8,87.39,B60
Netrokona,2021,9,83.02,B60
Netrokona,2021,10,83.84,B60
Netrokona,2021,11,81.28,B60
Netrokona,2021,12,80.87,B60
Netrokona,2020,12,86.6,B60
Netrokona,2021,1,84.47,B60
Netrokona,2021,2,71.39,B60
Netrokona,2021,3,70.52,B60
Netrokona,2021,4,70.67,B60
Netrokona,2021,5,75.6,B60
Netrokona,2021,6,83.75,B60
Netrokona,2023,1,82.81,B60
Netrokona,2023,2,74.05,B60
Netrokona,2023,3,74.03,B60
Netrokona,2023,4,67.92,B60
Netrokona,2023,5,69.81,B60
Netrokona,2023,6,82.78,B60
Netrokona,2023,7,84.9,B60
Netrokona,2023,8,84.37,B60
Netrokona,2023,9,81.28,B60
Netrokona,2023,10,83.15,B60
Netrokona,2023,11,77.27,B60
Netrokona,2023,12,83.26,B60
Nikli,2020,12,89.45,B60
Nikli,2021,1,90.19,B60
Nikli,2021,2,76.62,B60
Nikli,2021,3,71.09,B60
Nikli,2021,4,69.71,B60
Nikli,2021,5,75.84,B60
Nikli,2021,6,82.25,B60
Nikli,2023,1,88.31,B60
Nikli,2023,2,80.84,B60
Nikli,2023,3,77.58,B60
Nikli,2023,4,73.05,B60
Nikli,2023,5,69.52,B60
Nikli,2023,6,83.07,B60
Nikli,2023,7,79.77,B60
Nikli,2023,8,84.44,B60
Nikli,2023,9,82.27,B60
Nikli,2023,10,84.98,B60
Nikli,2023,11,82.5,B60
Nikli,2023,12,90.61,B60
Patuakhali,1973,8,87.39,B60
Patuakhali,1973,9,88.42,B60
Patuakhali,1973,10,81.1,B60
Patuakhali,1973,11,79.97,B60
Patuakhali,1973,12,75.58,B60
Patuakhali,1975,1,70.39,B60
Patuakhali,1975,2,62.64,B60
Patuakhali,1975,3,65.97,B60
Patuakhali,1975,4,75.37,B60
Patuakhali,1975,5,81.03,B60
Patuakhali,1975,6,82.3,B60
Patuakhali,1975,7,87.58,B60
Patuakhali,1975,8,85.17,B60
Patuakhali,1975,9,86.17,B60
Patuakhali,1975,10,86.03,B60
Patuakhali,1975,11,77.47,B60
Patuakhali,1975,12,71.65,B60
Patuakhali,1976,1,68.29,B60
Patuakhali,1976,2,71.97,B60
Patuakhali,1976,3,70.39,B60
Patuakhali,1976,4,74.23,B60
Patuakhali,1976,5,75,B60
Patuakhali,1977,1,72.9,B60
Patuakhali,1977,2,70,B60
Patuakhali,1977,3,68.48,B60
Patuakhali,1977,4,76.59,B60
Patuakhali,1977,5,79.85,B60
Patuakhali,1977,6,85.2,B60
Patuakhali,1977,7,87.03,B60
Patuakhali,1977,8,85.55,B60
Patuakhali,1977,10,80.84,B60
Patuakhali,1977,11,77.1,B60
Patuakhali,1977,12,72.81,B60
Patuakhali,1978,1,70.32,B60
Patuakhali,1978,2,65.07,B60
Patuakhali,1978,3,65.87,B60
Patuakhali,1978,4,75.83,B60
Patuakhali,1978,5,75.39,B60
Patuakhali,1978,6,81.03,B60
Patuakhali,1978,7,82.13,B60
Patuakhali,1978,8,83.48,B60
Patuakhali,1978,9,84.93,B60
Patuakhali,1978,10,84.45,B60
Patuakhali,1978,11,79.67,B60
Patuakhali,1978,12,69.06,B60
Patuakhali,1979,1,68.13,B60
Patuakhali,1979,2,62.21,B60
Patuakhali,1979,3,70.26,B60
Patuakhali,1979,6,79.23,B60
Patuakhali,1979,7,81.35,B60
Patuakhali,1979,8,81.19,B60
Patuakhali,1979,9,79.6,B60
Patuakhali,1979,10,74.87,B60
Patuakhali,1979,11,72.87,B60
Patuakhali,1979,12,73.81,B60
Patuakhali,1981,1,69.55,B60
Patuakhali,1981,2,67.29,B60
Patuakhali,1981,3,70.61,B60
Patuakhali,1981,4,79.33,B60
Patuakhali,1981,5,79.65,B60
Patuakhali,1981,6,84.27,B60
Patuakhali,1981,7,89.57,B60
Patuakhali,1981,8,86.71,B60
Patuakhali,1981,9,83.7,B60
Patuakhali,1981,10,73.7,B60
Patuakhali,1981,11,68,B60
Patuakhali,1981,12,68.87,B60
Patuakhali,1982,1,61.87,B60
Patuakhali,1982,2,68.5,B60
Patuakhali,1982,3,62.48,B60
Patuakhali,1982,4,74.8,B60
Patuakhali,1982,5,73.52,B60
Patuakhali,1982,6,85.53,B60
Patuakhali,1982,7,84.19,B60
Patuakhali,1982,8,86.97,B60
Patuakhali,1982,9,81.33,B60
Patuakhali,1982,10,75.32,B60
Patuakhali,1982,11,70.07,B60
Patuakhali,1982,12,64.03,B60
Patuakhali,1983,1,66.65,B60
Patuakhali,1983,2,63.36,B60
Patuakhali,1983,3,74.71,B60
Patuakhali,1983,4,72.4,B60
Patuakhali,1983,5,78.97,B60
Patuakhali,1983,6,84.6,B60
Patuakhali,1983,7,87.58,B60
Patuakhali,1983,8,85.72,B60
Patuakhali,1983,9,84.3,B60
Patuakhali,1983,10,80.65,B60
Patuakhali,1983,11,73.63,B60
Patuakhali,1983,12,67.87,B60
Patuakhali,1984,1,65.9,B60
Patuakhali,1984,2,59.07,B60
Patuakhali,1984,3,63.55,B60
Patuakhali,1984,4,77.77,B60
Patuakhali,1984,5,83.39,B60
Patuakhali,1984,6,87.53,B60
Patuakhali,1984,7,87.65,B60
Patuakhali,1984,8,89.35,B60
Patuakhali,1984,9,84.83,B60
Patuakhali,1984,10,86.61,B60
Patuakhali,1984,11,80.33,B60
Patuakhali,1984,12,79.32,B60
Patuakhali,1985,1,80.71,B60
Patuakhali,1985,2,75.04,B60
Patuakhali,1985,3,83.13,B60
Patuakhali,1985,4,84.7,B60
Patuakhali,1985,5,87.26,B60
Patuakhali,1985,6,89.33,B60
Patuakhali,1985,7,90.03,B60
Patuakhali,1985,8,87.26,B60
Patuakhali,1985,9,86.8,B60
Patuakhali,1985,10,81.61,B60
Patuakhali,1985,11,78.9,B60
Patuakhali,1985,12,74.84,B60
Patuakhali,1986,1,75.29,B60
Patuakhali,1986,2,70,B60
Patuakhali,1986,3,72.94,B60
Patuakhali,1986,4,84,B60
Patuakhali,1986,5,82.19,B60
Patuakhali,1986,6,89.07,B60
Patuakhali,1986,7,89.71,B60
Patuakhali,1986,8,85.97,B60
Patuakhali,1986,9,89.07,B60
Patuakhali,1986,10,84.42,B60
Patuakhali,1986,11,81.9,B60
Patuakhali,1986,12,77.19,B60
Patuakhali,1987,1,73.97,B60
Patuakhali,1987,2,72.89,B60
Patuakhali,1987,3,72.94,B60
Patuakhali,1987,4,79.43,B60
Patuakhali,1987,5,80.9,B60
Patuakhali,1987,6,86.23,B60
Patuakhali,1987,7,90.61,B60
Patuakhali,1987,8,87.35,B60
Patuakhali,1987,9,86.63,B60
Patuakhali,1987,10,82.29,B60
Patuakhali,1987,11,81.63,B60
Patuakhali,1987,12,80.9,B60
Patuakhali,1988,1,77.68,B60
Patuakhali,1988,2,76.48,B60
Patuakhali,1988,3,77.19,B60
Patuakhali,1988,4,80.23,B60
Patuakhali,1988,5,85.71,B60
Patuakhali,1988,6,88.5,B60
Patuakhali,1988,7,91.61,B60
Patuakhali,1988,8,92.03,B60
Patuakhali,1988,9,88.17,B60
Patuakhali,1988,10,83.61,B60
Patuakhali,1988,11,81.43,B60
Patuakhali,1988,12,81.81,B60
Patuakhali,1989,1,77.42,B60
Patuakhali,1989,2,79.57,B60
Patuakhali,1989,3,72.42,B60
Patuakhali,1989,4,79.87,B60
Patuakhali,1989,5,82.23,B60
Patuakhali,1989,6,85.33,B60
Patuakhali,1989,7,87.35,B60
Patuakhali,1989,8,86.19,B60
Patuakhali,1989,9,88.17,B60
Patuakhali,1989,10,89.65,B60
Patuakhali,1989,11,80.27,B60
Patuakhali,1989,12,75.03,B60
Patuakhali,1990,1,79,B60
Patuakhali,1990,2,82.96,B60
Patuakhali,1990,3,81.13,B60
Patuakhali,1990,4,86.47,B60
Patuakhali,1990,5,82.9,B60
Patuakhali,1990,6,88.2,B60
Patuakhali,1990,7,90.55,B60
Patuakhali,1990,8,86.35,B60
Patuakhali,1990,9,88.37,B60
Patuakhali,1990,10,84.77,B60
Patuakhali,1990,11,84,B60
Patuakhali,1990,12,82.87,B60
Patuakhali,1991,1,82,B60
Patuakhali,1991,2,79.89,B60
Patuakhali,1991,3,75.68,B60
Patuakhali,1991,4,79.4,B60
Patuakhali,1991,5,84.23,B60
Patuakhali,1991,6,88.1,B60
Patuakhali,1991,7,87.1,B60
Patuakhali,1991,8,88.45,B60
Patuakhali,1991,9,89.27,B60
Patuakhali,1991,10,87.16,B60
Patuakhali,1991,11,79.93,B60
Patuakhali,1991,12,78.23,B60
Patuakhali,1992,1,78.58,B60
Patuakhali,1992,2,78.21,B60
Patuakhali,1992,3,80.03,B60
Patuakhali,1992,4,80.93,B60
Patuakhali,1992,5,82.23,B60
Patuakhali,1992,6,86,B60
Patuakhali,1992,7,89.03,B60
Patuakhali,1992,8,86.19,B60
Patuakhali,1992,9,86.23,B60
Patuakhali,1992,10,84.68,B60
Patuakhali,1992,11,81.23,B60
Patuakhali,1992,12,78.61,B60
Patuakhali,1993,1,79.81,B60
Patuakhali,1993,2,81.61,B60
Patuakhali,1993,3,75.97,B60
Patuakhali,1993,4,81.23,B60
Patuakhali,1993,5,82.1,B60
Patuakhali,1993,6,87.2,B60
Patuakhali,1993,7,89.97,B60
Patuakhali,1993,8,90.84,B60
Patuakhali,1993,9,90.03,B60
Patuakhali,1993,10,86.19,B60
Patuakhali,1993,11,82.7,B60
Patuakhali,1993,12,80.19,B60
Patuakhali,1994,1,80.42,B60
Patuakhali,1994,2,79.18,B60
Patuakhali,1994,3,82,B60
Patuakhali,1994,4,81.37,B60
Patuakhali,1994,5,83.06,B60
Patuakhali,1994,6,90.2,B60
Patuakhali,1994,7,91.13,B60
Patuakhali,1994,8,91.29,B60
Patuakhali,1994,9,87.6,B60
Patuakhali,1994,10,85.26,B60
Patuakhali,1994,11,83.37,B60
Patuakhali,1994,12,79.61,B60
Patuakhali,1995,1,77.81,B60
Patuakhali,1995,2,80.79,B60
Patuakhali,1995,3,75.74,B60
Patuakhali,1995,4,80.67,B60
Patuakhali,1995,5,86.84,B60
Patuakhali,1995,6,89.17,B60
Patuakhali,1995,7,90.29,B60
Patuakhali,1995,8,88.97,B60
Patuakhali,1995,9,89.8,B60
Patuakhali,1995,10,87.68,B60
Patuakhali,1995,11,87.23,B60
Patuakhali,1995,12,79.9,B60
Patuakhali,1996,1,80.71,B60
Patuakhali,1996,2,77.34,B60
Patuakhali,1996,3,80.55,B60
Patuakhali,1996,4,82,B60
Patuakhali,1996,5,83.71,B60
Patuakhali,1996,6,88.57,B60
Patuakhali,1996,7,90.39,B60
Patuakhali,1996,8,91.9,B60
Patuakhali,1996,9,89.17,B60
Patuakhali,1996,10,87.55,B60
Patuakhali,1996,11,83.73,B60
Patuakhali,1996,12,81.19,B60
Patuakhali,1997,1,77.52,B60
Patuakhali,1997,2,77.57,B60
Patuakhali,1997,3,79.55,B60
Patuakhali,1997,4,83.63,B60
Patuakhali,1997,5,85.06,B60
Patuakhali,1997,6,87.5,B60
Patuakhali,1997,7,91.23,B60
Patuakhali,1997,8,87.68,B60
Patuakhali,1997,9,88.63,B60
Patuakhali,1997,10,83.74,B60
Patuakhali,1997,11,82.57,B60
Patuakhali,1997,12,82.42,B60
Patuakhali,1998,1,82.58,B60
Patuakhali,1998,2,78.18,B60
Patuakhali,1998,3,73.58,B60
Patuakhali,1998,4,80.53,B60
Patuakhali,1998,5,84.45,B60
Patuakhali,1998,6,86.07,B60
Patuakhali,1998,7,90.58,B60
Patuakhali,1998,8,90.03,B60
Patuakhali,1998,9,88.17,B60
Patuakhali,1998,10,86.68,B60
Patuakhali,1998,11,83.53,B60
Patuakhali,1998,12,81.68,B60
Patuakhali,1999,1,78.13,B60
Patuakhali,1999,2,71.04,B60
Patuakhali,1999,3,72.71,B60
Patuakhali,1999,4,76.97,B60
Patuakhali,1999,5,83.84,B60
Patuakhali,1999,6,88.73,B60
Patuakhali,1999,7,90.74,B60
Patuakhali,1999,8,90.35,B60
Patuakhali,1999,9,89.93,B60
Patuakhali,1999,10,88.42,B60
Patuakhali,1999,11,81.83,B60
Patuakhali,1999,12,80.84,B60
Patuakhali,2000,1,80.52,B60
Patuakhali,2000,2,74.66,B60
Patuakhali,2000,3,75.06,B60
Patuakhali,2000,4,80.1,B60
Patuakhali,2000,5,83.77,B60
Patuakhali,2000,6,89.87,B60
Patuakhali,2000,7,89.16,B60
Patuakhali,2000,8,88.1,B60
Patuakhali,2000,9,88.67,B60
Patuakhali,2000,10,87.32,B60
Patuakhali,2000,11,82.63,B60
Patuakhali,2000,12,79.06,B60
Patuakhali,2001,1,76.42,B60
Patuakhali,2001,2,75.71,B60
Patuakhali,2001,3,73.13,B60
Patuakhali,2001,4,80.1,B60
Patuakhali,2001,5,85,B60
Patuakhali,2001,6,92.87,B60
Patuakhali,2001,7,89.65,B60
Patuakhali,2001,8,87.03,B60
Patuakhali,2001,9,88.63,B60
Patuakhali,2001,10,88.81,B60
Patuakhali,2001,11,86.4,B60
Patuakhali,2001,12,81.74,B60
Patuakhali,2002,1,80.35,B60
Patuakhali,2002,2,72.14,B60
Patuakhali,2002,3,73.52,B60
Patuakhali,2002,4,81.5,B60
Patuakhali,2002,5,85.97,B60
Patuakhali,2002,6,90.67,B60
Patuakhali,2002,7,92.65,B60
Patuakhali,2002,8,92.48,B60
Patuakhali,2002,9,89.63,B60
Patuakhali,2002,10,86.61,B60
Patuakhali,2002,11,84.23,B60
Patuakhali,2002,12,85.94,B60
Patuakhali,2003,1,84.9,B60
Patuakhali,2003,2,83.36,B60
Patuakhali,2003,3,80.94,B60
Patuakhali,2003,4,82.4,B60
Patuakhali,2003,5,84,B60
Patuakhali,2003,6,92.6,B60
Patuakhali,2003,7,90.71,B60
Patuakhali,2003,8,89.32,B60
Patuakhali,2003,9,90.4,B60
Patuakhali,2003,10,88.97,B60
Patuakhali,2003,11,85.47,B60
Patuakhali,2003,12,87.97,B60
Patuakhali,2004,1,83.23,B60
Patuakhali,2004,2,75.55,B60
Patuakhali,2004,3,84.23,B60
Patuakhali,2004,4,88.83,B60
Patuakhali,2004,5,84.48,B60
Patuakhali,2004,6,88.9,B60
Patuakhali,2004,7,89.23,B60
Patuakhali,2004,8,90.94,B60
Patuakhali,2004,9,90.83,B60
Patuakhali,2004,10,87.29,B60
Patuakhali,2004,11,83.2,B60
Patuakhali,2004,12,80.68,B60
Patuakhali,2005,1,78.71,B60
Patuakhali,2005,2,74.32,B60
Patuakhali,2005,3,80.35,B60
Patuakhali,2005,4,80.33,B60
Patuakhali,2005,5,82.29,B60
Patuakhali,2005,6,87.23,B60
Patuakhali,2005,7,89.94,B60
Patuakhali,2005,8,90.84,B60
Patuakhali,2005,9,89.93,B60
Patuakhali,2005,10,89.74,B60
Patuakhali,2005,11,84.43,B60
Patuakhali,2005,12,81.58,B60
Patuakhali,2006,1,79.06,B60
Patuakhali,2006,2,78.93,B60
Patuakhali,2006,3,72.29,B60
Patuakhali,2006,4,77.97,B60
Patuakhali,2006,5,83.87,B60
Patuakhali,2006,6,88.97,B60
Patuakhali,2006,7,90.65,B60
Patuakhali,2006,8,89.94,B60
Patuakhali,2006,9,89.4,B60
Patuakhali,2006,10,86.97,B60
Patuakhali,2006,11,84.67,B60
Patuakhali,2006,12,82,B60
Patuakhali,2007,1,79.9,B60
Patuakhali,2007,2,79.71,B60
Patuakhali,2007,3,71.32,B60
Patuakhali,2007,4,82.03,B60
Patuakhali,2007,5,82.58,B60
Patuakhali,2007,6,89.47,B60
Patuakhali,2007,7,93.84,B60
Patuakhali,2007,8,90.35,B60
Patuakhali,2007,9,92.07,B60
Patuakhali,2007,10,86.94,B60
Patuakhali,2007,11,83.83,B60
Patuakhali,2007,12,77.74,B60
Patuakhali,2008,1,78.61,B60
Patuakhali,2008,2,73.55,B60
Patuakhali,2008,3,79.52,B60
Patuakhali,2008,4,78.03,B60
Patuakhali,2008,5,79.55,B60
Patuakhali,2008,6,89.13,B60
Patuakhali,2008,7,91.77,B60
Patuakhali,2008,8,88.94,B60
Patuakhali,2008,9,89.47,B60
Patuakhali,2008,10,86.94,B60
Patuakhali,2008,11,83.83,B60
Patuakhali,2008,12,86.32,B60
Patuakhali,2009,1,82.55,B60
Patuakhali,2009,2,75.36,B60
Patuakhali,2009,3,76.32,B60
Patuakhali,2009,4,80.37,B60
Patuakhali,2009,5,81.1,B60
Patuakhali,2009,6,85.73,B60
Patuakhali,2009,7,91.68,B60
Patuakhali,2009,8,90.74,B60
Patuakhali,2009,9,88.8,B60
Patuakhali,2009,10,86.16,B60
Patuakhali,2009,11,82.3,B60
Patuakhali,2009,12,82.9,B60
Patuakhali,2010,1,87,B60
Patuakhali,2010,2,80.61,B60
Patuakhali,2010,3,83.29,B60
Patuakhali,2010,4,83.77,B60
Patuakhali,2010,5,85.06,B60
Patuakhali,2010,6,92.5,B60
Patuakhali,2010,7,94.52,B60
Patuakhali,2010,8,94.16,B60
Patuakhali,2010,9,93,B60
Patuakhali,2010,10,91.74,B60
Patuakhali,2010,11,91.07,B60
Patuakhali,2010,12,88.77,B60
Patuakhali,2011,1,86.16,B60
Patuakhali,2011,2,75.04,B60
Patuakhali,2011,3,73.19,B60
Patuakhali,2011,4,80.33,B60
Patuakhali,2011,5,84,B60
Patuakhali,2011,6,90,B60
Patuakhali,2011,7,89.1,B60
Patuakhali,2011,8,91.84,B60
Patuakhali,2011,9,91.97,B60
Patuakhali,2011,10,86.39,B60
Patuakhali,2011,11,83.9,B60
Patuakhali,2011,12,84.35,B60
Patuakhali,2012,1,81.39,B60
Patuakhali,2012,2,72.62,B60
Patuakhali,2012,3,77,B60
Patuakhali,2012,4,80.9,B60
Patuakhali,2012,5,85.58,B60
Patuakhali,2012,6,85.9,B60
Patuakhali,2012,7,90.71,B60
Patuakhali,2012,8,89.65,B60
Patuakhali,2012,9,90.9,B60
Patuakhali,2012,10,86.71,B60
Patuakhali,2012,11,83.67,B60
Patuakhali,2012,12,85.03,B60
Patuakhali,2013,1,77.77,B60
Patuakhali,2013,2,71.86,B60
Patuakhali,2013,3,73.48,B60
Patuakhali,2013,4,77.67,B60
Patuakhali,2013,5,87.71,B60
Patuakhali,2013,6,86.97,B60
Patuakhali,2013,7,89.9,B60
Patuakhali,2013,8,89.58,B60
Patuakhali,2013,9,90.6,B60
Patuakhali,2013,10,89.06,B60
Patuakhali,2013,11,79.67,B60
Patuakhali,2013,12,81.77,B60
Patuakhali,2014,1,80.97,B60
Patuakhali,2014,2,75.46,B60
Patuakhali,2014,3,71.13,B60
Patuakhali,2014,4,74.07,B60
Patuakhali,2014,5,82.29,B60
Patuakhali,2014,6,88.2,B60
Patuakhali,2014,7,89.45,B60
Patuakhali,2014,8,91.26,B60
Patuakhali,2014,9,88.57,B60
Patuakhali,2014,10,84.39,B60
Patuakhali,2014,11,82.47,B60
Patuakhali,2014,12,85.06,B60
Patuakhali,2015,1,80.97,B60
Patuakhali,2015,2,76.61,B60
Patuakhali,2015,3,69.81,B60
Patuakhali,2015,4,80.33,B60
Patuakhali,2015,5,81.1,B60
Patuakhali,2015,6,88.97,B60
Patuakhali,2015,7,92.29,B60
Patuakhali,2015,8,90.68,B60
Patuakhali,2015,9,89.2,B60
Patuakhali,2015,10,87.06,B60
Patuakhali,2015,11,85,B60
Patuakhali,2015,12,82.84,B60
Patuakhali,2016,1,81.84,B60
Patuakhali,2016,2,81.76,B60
Patuakhali,2016,3,80.61,B60
Patuakhali,2016,4,83.27,B60
Patuakhali,2016,5,85.68,B60
Patuakhali,2016,6,87.03,B60
Patuakhali,2016,7,92.06,B60
Patuakhali,2016,8,89.1,B60
Patuakhali,2016,9,88.07,B60
Patuakhali,2016,10,87.94,B60
Patuakhali,2016,11,84.7,B60
Patuakhali,2016,12,83.68,B60
Patuakhali,2017,1,76.42,B60
Patuakhali,2017,2,73.36,B60
Patuakhali,2017,3,78.9,B60
Patuakhali,2017,4,82.83,B60
Patuakhali,2017,5,80.77,B60
Patuakhali,2017,6,87.5,B60
Patuakhali,2017,7,91.42,B60
Patuakhali,2017,8,91.97,B60
Patuakhali,2017,9,92.23,B60
Patuakhali,2017,10,91.42,B60
Patuakhali,2017,11,86.7,B60
Patuakhali,2017,12,88.58,B60
Patuakhali,2018,1,79.23,B60
Patuakhali,2018,2,75.39,B60
Patuakhali,2018,3,75.35,B60
Patuakhali,2018,4,78.9,B60
Patuakhali,2018,5,85.61,B60
Patuakhali,2018,6,88.8,B60
Patuakhali,2018,7,89.58,B60
Patuakhali,2018,8,87.9,B60
Patuakhali,2018,9,86.07,B60
Patuakhali,2018,10,84.94,B60
Patuakhali,2018,11,82.73,B60
Patuakhali,2018,12,79.97,B60
Patuakhali,2019,1,75.81,B60
Patuakhali,2019,2,75,B60
Patuakhali,2019,3,74.87,B60
Patuakhali,2019,4,77.8,B60
Patuakhali,2019,5,80.16,B60
Patuakhali,2019,6,85.47,B60
Patuakhali,2019,7,89.77,B60
Patuakhali,2019,8,88.58,B60
Patuakhali,2019,9,90.47,B60
Patuakhali,2019,10,88.13,B60
Patuakhali,2019,11,87.9,B60
Patuakhali,2019,12,86.42,B60
Patuakhali,2020,1,87.13,B60
Patuakhali,2020,2,80.48,B60
Patuakhali,2020,3,79.81,B60
Patuakhali,2020,4,88.03,B60
Patuakhali,2020,5,85.48,B60
Patuakhali,2020,6,92,B60
Patuakhali,2020,7,89.97,B60
Patuakhali,2020,8,91.16,B60
Patuakhali,2020,9,88.97,B60
Patuakhali,2020,10,89.35,B60
Patuakhali,2020,11,87.77,B60
Patuakhali,2020,12,90.24,B60
Patuakhali,2021,1,87.65,B60
Patuakhali,2021,2,73.04,B60
Patuakhali,2021,3,78.09,B60
Patuakhali,2021,4,82.1,B60
Patuakhali,2021,5,83.6,B60
Patuakhali,2021,7,90.43,B60
Patuakhali,2021,8,90.72,B60
Patuakhali,2021,9,88.91,B60
Patuakhali,2021,10,86.24,B60
Patuakhali,2021,11,79.81,B60
Patuakhali,2021,12,83.35,B60
Patuakhali,2023,1,81.89,B60
Patuakhali,2023,2,71.98,B60
Patuakhali,2023,3,72.32,B60
Patuakhali,2023,4,70.58,B60
Patuakhali,2023,5,73.94,B60
Patuakhali,2023,6,84.08,B60
Patuakhali,2023,7,84.82,B60
Patuakhali,2023,8,88.81,B60
Patuakhali,2023,9,88.13,B60
Patuakhali,2023,10,85.93,B60
Patuakhali,2023,11,84.28,B60
Patuakhali,2023,12,88.32,B60
Patuakhali,2022,1,81.68,B60
Patuakhali,2022,2,75.57,B60
Patuakhali,2022,3,68.52,B60
Patuakhali,2022,4,78.73,B60
Patuakhali,2022,5,82.19,B60
Patuakhali,2022,6,86.67,B60
Patuakhali,2022,7,87.84,B60
Patuakhali,2022,8,88.26,B60
Patuakhali,2022,9,89.53,B60
Patuakhali,2022,10,86.9,B60
Patuakhali,2022,11,81.07,B60
Patuakhali,2022,12,81.9,B60
Rajarhat,2020,12,86.18,B60
Rajarhat,2021,1,86.74,B60
Rajarhat,2021,2,73.75,B60
Rajarhat,2021,3,65.86,B60
Rajarhat,2021,4,65.23,B60
Rajarhat,2021,5,78.55,B60
Rajarhat,2021,6,80.02,B60
Rajarhat,2021,7,84.69,B60
Rajarhat,2021,8,88.57,B60
Rajarhat,2021,9,84.09,B60
Rajarhat,2021,10,85.17,B60
Rajarhat,2021,11,80.08,B60
Rajarhat,2021,12,80.16,B60
Rajarhat,2023,1,88.65,B60
Rajarhat,2023,2,79.05,B60
Rajarhat,2023,3,68.89,B60
Rajarhat,2023,4,64.33,B60
Rajarhat,2023,5,65.97,B60
Rajarhat,2023,6,78.85,B60
Rajarhat,2023,7,77.65,B60
Rajarhat,2023,8,83.23,B60
Rajarhat,2023,9,80.38,B60
Rajarhat,2023,10,82.87,B60
Rajarhat,2023,11,78.68,B60
Rajarhat,2023,12,81.53,B60
Rajshahi,1964,1,72.16,B60
Rajshahi,1964,2,69.24,B60
Rajshahi,1964,3,54.52,B60
Rajshahi,1964,4,69.47,B60
Rajshahi,1964,5,76.52,B60
Rajshahi,1964,6,81.73,B60
Rajshahi,1964,7,88.81,B60
Rajshahi,1964,8,84.48,B60
Rajshahi,1964,9,85.47,B60
Rajshahi,1964,10,85.74,B60
Rajshahi,1964,11,77.07,B60
Rajshahi,1964,12,74.39,B60
Rajshahi,1965,1,71.61,B60
Rajshahi,1965,2,66.25,B60
Rajshahi,1965,3,59.87,B60
Rajshahi,1965,4,64.2,B60
Rajshahi,1965,5,70.37,B60
Rajshahi,1965,6,81.86,B60
Rajshahi,1965,7,87.39,B60
Rajshahi,1965,8,87.32,B60
Rajshahi,1965,9,85.7,B60
Rajshahi,1965,10,80.29,B60
Rajshahi,1965,11,79.5,B60
Rajshahi,1965,12,72.9,B60
Rajshahi,1966,1,76.97,B60
Rajshahi,1966,2,66.14,B60
Rajshahi,1966,3,48.03,B60
Rajshahi,1966,4,54.67,B60
Rajshahi,1966,5,62.06,B60
Rajshahi,1966,6,79.17,B60
Rajshahi,1966,7,85.13,B60
Rajshahi,1966,8,87.19,B60
Rajshahi,1966,9,84.67,B60
Rajshahi,1966,10,81.74,B60
Rajshahi,1966,11,77.77,B60
Rajshahi,1966,12,82.74,B60
Rajshahi,1967,1,76.06,B60
Rajshahi,1967,2,66.93,B60
Rajshahi,1967,3,69.32,B60
Rajshahi,1967,4,52.77,B60
Rajshahi,1967,5,65.1,B60
Rajshahi,1967,6,79.07,B60
Rajshahi,1967,7,86.26,B60
Rajshahi,1967,8,87.06,B60
Rajshahi,1967,9,86.1,B60
Rajshahi,1967,10,78.77,B60
Rajshahi,1967,11,76.45,B60
Rajshahi,1967,12,78.65,B60
Rajshahi,1968,1,76.13,B60
Rajshahi,1968,2,65.62,B60
Rajshahi,1968,3,57.94,B60
Rajshahi,1968,4,55.2,B60
Rajshahi,1968,5,55.73,B60
Rajshahi,1968,6,83.53,B60
Rajshahi,1968,7,88,B60
Rajshahi,1968,8,86.58,B60
Rajshahi,1968,9,87.53,B60
Rajshahi,1968,10,83.55,B60
Rajshahi,1968,11,80.2,B60
Rajshahi,1968,12,80.58,B60
Rajshahi,1969,1,65.71,B60
Rajshahi,1969,2,54.64,B60
Rajshahi,1969,3,58.61,B60
Rajshahi,1969,4,57.17,B60
Rajshahi,1969,5,72.23,B60
Rajshahi,1969,6,81.63,B60
Rajshahi,1969,7,85.06,B60
Rajshahi,1969,8,85.87,B60
Rajshahi,1969,9,83.83,B60
Rajshahi,1969,10,74.35,B60
Rajshahi,1969,11,72.27,B60
Rajshahi,1969,12,70.45,B60
Rajshahi,1970,1,70.03,B60
Rajshahi,1970,2,61.39,B60
Rajshahi,1970,3,59.48,B60
Rajshahi,1970,4,56.7,B60
Rajshahi,1970,5,61.52,B60
Rajshahi,1970,6,83.73,B60
Rajshahi,1970,7,85.94,B60
Rajshahi,1970,8,81.9,B60
Rajshahi,1970,9,85.1,B60
Rajshahi,1970,10,83.74,B60
Rajshahi,1970,11,72.77,B60
Rajshahi,1970,12,68.68,B60
Rajshahi,1971,1,68.32,B60
Rajshahi,1971,2,59.36,B60
Rajshahi,1971,5,74.33,B60
Rajshahi,1971,6,85.9,B60
Rajshahi,1971,7,85.84,B60
Rajshahi,1971,8,87.03,B60
Rajshahi,1971,9,80.53,B60
Rajshahi,1971,10,79.84,B60
Rajshahi,1971,11,76.8,B60
Rajshahi,1971,12,75.67,B60
Rajshahi,1972,1,74.71,B60
Rajshahi,1972,2,68.1,B60
Rajshahi,1972,3,57.45,B60
Rajshahi,1972,4,57.13,B60
Rajshahi,1972,5,61.42,B60
Rajshahi,1972,6,74.3,B60
Rajshahi,1972,7,83.35,B60
Rajshahi,1972,8,85.65,B60
Rajshahi,1972,9,82.27,B60
Rajshahi,1972,10,75.06,B60
Rajshahi,1972,11,73,B60
Rajshahi,1972,12,67.84,B60
Rajshahi,1973,1,68.26,B60
Rajshahi,1973,2,62.18,B60
Rajshahi,1973,3,58.35,B60
Rajshahi,1973,4,56.53,B60
Rajshahi,1973,5,79.16,B60
Rajshahi,1973,6,86.6,B60
Rajshahi,1973,7,84.1,B60
Rajshahi,1973,8,84.23,B60
Rajshahi,1973,9,88.37,B60
Rajshahi,1973,10,81.45,B60
Rajshahi,1973,11,78.8,B60
Rajshahi,1973,12,76.29,B60
Rajshahi,1974,1,67.58,B60
Rajshahi,1974,2,54.57,B60
Rajshahi,1974,3,55.42,B60
Rajshahi,1974,4,67.3,B60
Rajshahi,1974,5,71.32,B60
Rajshahi,1974,6,78.13,B60
Rajshahi,1974,7,88.42,B60
Rajshahi,1974,8,83.48,B60
Rajshahi,1974,9,82.57,B60
Rajshahi,1974,10,77.9,B60
Rajshahi,1974,11,71.03,B60
Rajshahi,1974,12,67.45,B60
Rajshahi,1975,1,69.19,B60
Rajshahi,1975,2,59.43,B60
Rajshahi,1975,3,50.1,B60
Rajshahi,1975,4,54.67,B60
Rajshahi,1975,5,68.03,B60
Rajshahi,1975,6,75.5,B60
Rajshahi,1975,7,86.61,B60
Rajshahi,1975,8,82.97,B60
Rajshahi,1975,9,85.2,B60
Rajshahi,1975,10,81.9,B60
Rajshahi,1975,11,70.83,B60
Rajshahi,1975,12,67.45,B60
Rajshahi,1976,1,69.13,B60
Rajshahi,1976,2,59.28,B60
Rajshahi,1976,3,47.77,B60
Rajshahi,1976,4,49.37,B60
Rajshahi,1976,5,73.77,B60
Rajshahi,1976,6,81.23,B60
Rajshahi,1976,7,85.58,B60
Rajshahi,1976,8,85.97,B60
Rajshahi,1976,9,84.37,B60
Rajshahi,1976,10,75.52,B60
Rajshahi,1976,11,69.67,B60
Rajshahi,1976,12,69.55,B60
Rajshahi,1977,1,68.32,B60
Rajshahi,1977,2,62.46,B60
Rajshahi,1977,3,53.35,B60
Rajshahi,1977,4,70.7,B60
Rajshahi,1977,5,81.16,B60
Rajshahi,1977,6,89.7,B60
Rajshahi,1977,7,87.58,B60
Rajshahi,1977,8,83.84,B60
Rajshahi,1977,9,81.7,B60
Rajshahi,1977,10,81.06,B60
Rajshahi,1977,11,77.63,B60
Rajshahi,1977,12,72.52,B60
Rajshahi,1978,1,65.32,B60
Rajshahi,1978,2,63.75,B60
Rajshahi,1978,3,57.97,B60
Rajshahi,1978,4,62.07,B60
Rajshahi,1978,5,77.9,B60
Rajshahi,1978,6,87.67,B60
Rajshahi,1978,7,86.87,B60
Rajshahi,1978,8,87,B60
Rajshahi,1978,9,84.87,B60
Rajshahi,1978,10,78.03,B60
Rajshahi,1978,11,73.3,B60
Rajshahi,1978,12,69.97,B60
Rajshahi,1979,1,73.13,B60
Rajshahi,1979,2,69.07,B60
Rajshahi,1979,3,44.94,B60
Rajshahi,1979,4,57.5,B60
Rajshahi,1979,5,51.29,B60
Rajshahi,1979,6,72.5,B60
Rajshahi,1979,7,88.48,B60
Rajshahi,1979,8,84.9,B60
Rajshahi,1979,9,83.6,B60
Rajshahi,1979,10,79.58,B60
Rajshahi,1979,11,75.33,B60
Rajshahi,1979,12,78.58,B60
Rajshahi,1980,1,73,B60
Rajshahi,1980,2,65.76,B60
Rajshahi,1980,3,57.74,B60
Rajshahi,1980,4,49.8,B60
Rajshahi,1980,5,75.42,B60
Rajshahi,1980,6,86.4,B60
Rajshahi,1980,7,88.68,B60
Rajshahi,1980,8,86.06,B60
Rajshahi,1980,9,83.83,B60
Rajshahi,1980,10,81.35,B60
Rajshahi,1980,11,71.23,B60
Rajshahi,1980,12,70.03,B60
Rajshahi,1981,1,76.19,B60
Rajshahi,1981,2,69.18,B60
Rajshahi,1981,3,62.81,B60
Rajshahi,1981,4,72.37,B60
Rajshahi,1981,5,79.45,B60
Rajshahi,1981,6,83.33,B60
Rajshahi,1981,7,88.9,B60
Rajshahi,1981,8,85.24,B60
Rajshahi,1981,9,84.28,B60
Rajshahi,1981,10,71.61,B60
Rajshahi,1981,11,68.1,B60
Rajshahi,1981,12,75,B60
Rajshahi,1982,1,72.61,B60
Rajshahi,1982,2,65.61,B60
Rajshahi,1982,3,66.03,B60
Rajshahi,1982,4,67.5,B60
Rajshahi,1982,5,66.61,B60
Rajshahi,1982,6,83.3,B60
Rajshahi,1982,7,83.81,B60
Rajshahi,1982,8,86.97,B60
Rajshahi,1982,9,79.93,B60
Rajshahi,1982,10,76.26,B60
Rajshahi,1982,11,75.97,B60
Rajshahi,1982,12,72.87,B60
Rajshahi,1983,1,72.94,B60
Rajshahi,1983,2,62.43,B60
Rajshahi,1983,3,50.81,B60
Rajshahi,1983,4,58.4,B60
Rajshahi,1983,5,77.58,B60
Rajshahi,1983,6,76.8,B60
Rajshahi,1983,7,84.32,B60
Rajshahi,1983,8,87.1,B60
Rajshahi,1983,9,86.7,B60
Rajshahi,1983,10,82.84,B60
Rajshahi,1983,11,75.7,B60
Rajshahi,1983,12,76.1,B60
Rajshahi,1984,1,76.87,B60
Rajshahi,1984,2,66.17,B60
Rajshahi,1984,3,54.13,B60
Rajshahi,1984,4,57.23,B60
Rajshahi,1984,5,76.29,B60
Rajshahi,1984,6,86.53,B60
Rajshahi,1984,7,88.26,B60
Rajshahi,1984,8,87.61,B60
Rajshahi,1984,9,84.33,B60
Rajshahi,1984,10,82,B60
Rajshahi,1984,11,71.93,B60
Rajshahi,1984,12,75,B60
Rajshahi,1985,1,76.48,B60
Rajshahi,1985,2,65.29,B60
Rajshahi,1985,3,55.97,B60
Rajshahi,1985,4,60.29,B60
Rajshahi,1985,5,77.77,B60
Rajshahi,1985,6,84.7,B60
Rajshahi,1985,7,88.71,B60
Rajshahi,1985,8,86.29,B60
Rajshahi,1985,9,86.87,B60
Rajshahi,1985,10,81.71,B60
Rajshahi,1985,11,76,B60
Rajshahi,1985,12,76.61,B60
Rajshahi,1986,1,74.61,B60
Rajshahi,1986,2,66.75,B60
Rajshahi,1986,3,51.32,B60
Rajshahi,1986,4,69.13,B60
Rajshahi,1986,5,73.26,B60
Rajshahi,1986,6,80.83,B60
Rajshahi,1986,7,87.35,B60
Rajshahi,1986,8,84.16,B60
Rajshahi,1986,9,86.57,B60
Rajshahi,1986,10,83.61,B60
Rajshahi,1986,11,81.1,B60
Rajshahi,1986,12,79.1,B60
Rajshahi,1987,1,75.77,B60
Rajshahi,1987,2,68.61,B60
Rajshahi,1987,3,61.32,B60
Rajshahi,1987,4,60.13,B60
Rajshahi,1987,5,66.48,B60
Rajshahi,1987,6,81.29,B60
Rajshahi,1987,7,90.26,B60
Rajshahi,1987,8,88,B60
Rajshahi,1987,9,87,B60
Rajshahi,1987,10,80.45,B60
Rajshahi,1987,11,78.6,B60
Rajshahi,1987,12,78.45,B60
Rajshahi,1988,1,74.61,B60
Rajshahi,1988,2,72.62,B60
Rajshahi,1988,3,63.58,B60
Rajshahi,1988,4,64.83,B60
Rajshahi,1988,5,78.52,B60
Rajshahi,1988,6,85.7,B60
Rajshahi,1988,7,87.94,B60
Rajshahi,1988,8,87.1,B60
Rajshahi,1988,9,82.9,B60
Rajshahi,1988,10,81.61,B60
Rajshahi,1988,11,76.07,B60
Rajshahi,1988,12,79.97,B60
Rajshahi,1989,1,74.61,B60
Rajshahi,1989,2,64.18,B60
Rajshahi,1989,3,55.68,B60
Rajshahi,1989,4,51.23,B60
Rajshahi,1989,5,72.71,B60
Rajshahi,1989,6,84.6,B60
Rajshahi,1989,7,88.9,B60
Rajshahi,1989,8,86.16,B60
Rajshahi,1989,9,88.33,B60
Rajshahi,1989,10,84.48,B60
Rajshahi,1989,11,79.87,B60
Rajshahi,1989,12,80.42,B60
Rajshahi,1990,1,80.48,B60
Rajshahi,1990,2,76.5,B60
Rajshahi,1990,3,75.23,B60
Rajshahi,1990,4,70.83,B60
Rajshahi,1990,5,82.32,B60
Rajshahi,1990,6,86.23,B60
Rajshahi,1990,7,89.29,B60
Rajshahi,1990,8,85.26,B60
Rajshahi,1990,9,86.93,B60
Rajshahi,1990,10,84.42,B60
Rajshahi,1990,11,78.33,B60
Rajshahi,1990,12,77.35,B60
Rajshahi,1991,1,76,B60
Rajshahi,1991,2,71.18,B60
Rajshahi,1991,3,65.94,B60
Rajshahi,1991,4,61.6,B60
Rajshahi,1991,5,79.06,B60
Rajshahi,1991,6,85.9,B60
Rajshahi,1991,7,87.77,B60
Rajshahi,1991,8,86.9,B60
Rajshahi,1991,9,89.57,B60
Rajshahi,1991,10,85.87,B60
Rajshahi,1991,11,78.5,B60
Rajshahi,1991,12,81.39,B60
Rajshahi,1992,1,81.74,B60
Rajshahi,1992,2,75.93,B60
Rajshahi,1992,3,56.52,B60
Rajshahi,1992,4,52.87,B60
Rajshahi,1992,5,71.42,B60
Rajshahi,1992,6,77.53,B60
Rajshahi,1992,7,87.1,B60
Rajshahi,1992,8,85.74,B60
Rajshahi,1992,9,83.03,B60
Rajshahi,1992,10,83.13,B60
Rajshahi,1992,11,78.23,B60
Rajshahi,1992,12,78.06,B60
Rajshahi,1993,1,77.23,B60
Rajshahi,1993,2,68.25,B60
Rajshahi,1993,3,58.42,B60
Rajshahi,1993,4,65.77,B60
Rajshahi,1993,5,78.1,B60
Rajshahi,1993,6,83.77,B60
Rajshahi,1993,7,87.42,B60
Rajshahi,1993,8,88.45,B60
Rajshahi,1993,9,88.7,B60
Rajshahi,1993,10,85.03,B60
Rajshahi,1993,11,81.1,B60
Rajshahi,1993,12,76.97,B60
Rajshahi,1994,1,80.55,B60
Rajshahi,1994,2,77.29,B60
Rajshahi,1994,3,65.77,B60
Rajshahi,1994,4,63.43,B60
Rajshahi,1994,5,74.71,B60
Rajshahi,1994,6,86.97,B60
Rajshahi,1994,7,86.29,B60
Rajshahi,1994,8,86.23,B60
Rajshahi,1994,9,81.5,B60
Rajshahi,1994,10,75.16,B60
Rajshahi,1994,11,75.63,B60
Rajshahi,1994,12,75.45,B60
Rajshahi,1995,1,75.81,B60
Rajshahi,1995,2,75.04,B60
Rajshahi,1995,3,62.13,B60
Rajshahi,1995,4,58.83,B60
Rajshahi,1995,5,71.68,B60
Rajshahi,1995,6,85.67,B60
Rajshahi,1995,7,89.23,B60
Rajshahi,1995,8,88.39,B60
Rajshahi,1995,9,88.6,B60
Rajshahi,1995,10,83.58,B60
Rajshahi,1995,11,82.37,B60
Rajshahi,1995,12,79.68,B60
Rajshahi,1996,1,78.81,B60
Rajshahi,1996,2,75.14,B60
Rajshahi,1996,3,63.45,B60
Rajshahi,1996,4,60.73,B60
Rajshahi,1996,5,73.74,B60
Rajshahi,1996,6,84.97,B60
Rajshahi,1996,7,87.42,B60
Rajshahi,1996,8,87.39,B60
Rajshahi,1996,9,85.7,B60
Rajshahi,1996,10,83.81,B60
Rajshahi,1996,11,79,B60
Rajshahi,1996,12,74.23,B60
Rajshahi,1997,1,75.87,B60
Rajshahi,1997,2,71.18,B60
Rajshahi,1997,3,65.58,B60
Rajshahi,1997,4,71.4,B60
Rajshahi,1997,5,70.26,B60
Rajshahi,1997,6,81.63,B60
Rajshahi,1997,7,89.58,B60
Rajshahi,1997,8,88.13,B60
Rajshahi,1997,9,88.03,B60
Rajshahi,1997,10,81.26,B60
Rajshahi,1997,11,80.87,B60
Rajshahi,1997,12,85.06,B60
Rajshahi,1998,1,83.65,B60
Rajshahi,1998,2,74.86,B60
Rajshahi,1998,3,68.52,B60
Rajshahi,1998,4,73.53,B60
Rajshahi,1998,5,75.35,B60
Rajshahi,1998,6,81.5,B60
Rajshahi,1998,7,89.42,B60
Rajshahi,1998,8,88.26,B60
Rajshahi,1998,9,87.5,B60
Rajshahi,1998,10,86.23,B60
Rajshahi,1998,11,82.83,B60
Rajshahi,1998,12,78.23,B60
Rajshahi,1999,1,77.26,B60
Rajshahi,1999,2,71.5,B60
Rajshahi,1999,3,57.77,B60
Rajshahi,1999,4,68.8,B60
Rajshahi,1999,5,79.77,B60
Rajshahi,1999,6,83.13,B60
Rajshahi,1999,7,89.39,B60
Rajshahi,1999,8,89.26,B60
Rajshahi,1999,9,89.23,B60
Rajshahi,1999,10,86.26,B60
Rajshahi,1999,11,79.13,B60
Rajshahi,1999,12,77.77,B60
Rajshahi,2000,1,79.55,B60
Rajshahi,2000,2,75.62,B60
Rajshahi,2000,3,67.74,B60
Rajshahi,2000,4,72.47,B60
Rajshahi,2000,5,81.61,B60
Rajshahi,2000,6,84.33,B60
Rajshahi,2000,7,85.94,B60
Rajshahi,2000,8,86.55,B60
Rajshahi,2000,9,89.27,B60
Rajshahi,2000,10,84.48,B60
Rajshahi,2000,11,81,B60
Rajshahi,2000,12,76,B60
Rajshahi,2001,1,74.61,B60
Rajshahi,2001,2,71.32,B60
Rajshahi,2001,3,61.1,B60
Rajshahi,2001,4,62.67,B60
Rajshahi,2001,5,81.16,B60
Rajshahi,2001,6,86.33,B60
Rajshahi,2001,7,86.52,B60
Rajshahi,2001,8,85.52,B60
Rajshahi,2001,9,86.6,B60
Rajshahi,2001,10,86.77,B60
Rajshahi,2001,11,82.27,B60
Rajshahi,2001,12,82.61,B60
Rajshahi,2002,1,78.81,B60
Rajshahi,2002,2,70.43,B60
Rajshahi,2002,3,64,B60
Rajshahi,2002,4,75.6,B60
Rajshahi,2002,5,83.03,B60
Rajshahi,2002,6,85.2,B60
Rajshahi,2002,7,87.1,B60
Rajshahi,2002,8,86.48,B60
Rajshahi,2002,9,85.57,B60
Rajshahi,2002,10,81.77,B60
Rajshahi,2002,11,80.23,B60
Rajshahi,2002,12,81.42,B60
Rajshahi,2003,1,80.32,B60
Rajshahi,2003,2,76.25,B60
Rajshahi,2003,3,71.74,B60
Rajshahi,2003,4,69.83,B60
Rajshahi,2003,5,72.45,B60
Rajshahi,2003,6,82.3,B60
Rajshahi,2003,7,85.35,B60
Rajshahi,2003,8,84.65,B60
Rajshahi,2003,9,86.37,B60
Rajshahi,2003,10,87.55,B60
Rajshahi,2003,11,79.17,B60
Rajshahi,2003,12,78.45,B60
Rajshahi,2004,1,82.23,B60
Rajshahi,2004,2,70.79,B60
Rajshahi,2004,3,64.39,B60
Rajshahi,2004,4,72.47,B60
Rajshahi,2004,5,67.58,B60
Rajshahi,2004,6,83.9,B60
Rajshahi,2004,7,86.42,B60
Rajshahi,2004,8,85.23,B60
Rajshahi,2004,9,88,B60
Rajshahi,2004,10,83.74,B60
Rajshahi,2004,11,77.8,B60
Rajshahi,2004,12,77.32,B60
Rajshahi,2005,1,79.68,B60
Rajshahi,2005,2,69.79,B60
Rajshahi,2005,3,70.16,B60
Rajshahi,2005,4,68.6,B60
Rajshahi,2005,5,75.81,B60
Rajshahi,2005,6,76.33,B60
Rajshahi,2005,7,86.81,B60
Rajshahi,2005,8,86.19,B60
Rajshahi,2005,9,84.7,B60
Rajshahi,2005,10,86.35,B60
Rajshahi,2005,11,80.93,B60
Rajshahi,2005,12,74.55,B60
Rajshahi,2006,1,75.68,B60
Rajshahi,2006,2,71.32,B60
Rajshahi,2006,3,58.94,B60
Rajshahi,2006,4,69.13,B60
Rajshahi,2006,5,76.97,B60
Rajshahi,2006,6,84.7,B60
Rajshahi,2006,7,85.71,B60
Rajshahi,2006,8,85.32,B60
Rajshahi,2006,9,86.87,B60
Rajshahi,2006,10,82.35,B60
Rajshahi,2006,11,80,B60
Rajshahi,2006,12,78.39,B60
Rajshahi,2007,1,75.52,B60
Rajshahi,2007,2,78.61,B60
Rajshahi,2007,3,66.87,B60
Rajshahi,2007,4,68.53,B60
Rajshahi,2007,5,74.87,B60
Rajshahi,2007,6,84.03,B60
Rajshahi,2007,7,87.68,B60
Rajshahi,2007,8,85.13,B60
Rajshahi,2007,9,86.3,B60
Rajshahi,2007,10,84,B60
Rajshahi,2007,11,78.13,B60
Rajshahi,2007,12,77.45,B60
Rajshahi,2008,1,78.97,B60
Rajshahi,2008,2,72.97,B60
Rajshahi,2008,3,68.45,B60
Rajshahi,2008,4,66.73,B60
Rajshahi,2008,5,75.03,B60
Rajshahi,2008,6,86.03,B60
Rajshahi,2008,7,89.03,B60
Rajshahi,2008,8,86.06,B60
Rajshahi,2008,9,85.93,B60
Rajshahi,2008,10,83.52,B60
Rajshahi,2008,11,78.7,B60
Rajshahi,2008,12,85.42,B60
Rajshahi,2009,1,83.26,B60
Rajshahi,2009,2,68.39,B60
Rajshahi,2009,3,63,B60
Rajshahi,2009,4,61.63,B60
Rajshahi,2009,5,76.32,B60
Rajshahi,2009,6,76.73,B60
Rajshahi,2009,7,85.26,B60
Rajshahi,2009,8,87.45,B60
Rajshahi,2009,9,85.33,B60
Rajshahi,2009,10,81.48,B60
Rajshahi,2009,11,77.07,B60
Rajshahi,2009,12,80.77,B60
Rajshahi,2010,1,80.03,B60
Rajshahi,2010,2,69.79,B60
Rajshahi,2010,3,61,B60
Rajshahi,2010,4,67.47,B60
Rajshahi,2010,5,74.48,B60
Rajshahi,2010,6,82.33,B60
Rajshahi,2010,7,83.87,B60
Rajshahi,2010,8,83.87,B60
Rajshahi,2010,9,85.73,B60
Rajshahi,2010,10,85.74,B60
Rajshahi,2010,11,80.53,B60
Rajshahi,2010,12,79.19,B60
Rajshahi,2011,1,80.65,B60
Rajshahi,2011,2,73.07,B60
Rajshahi,2011,3,64.58,B60
Rajshahi,2011,4,72.07,B60
Rajshahi,2011,5,81.65,B60
Rajshahi,2011,6,84.9,B60
Rajshahi,2011,7,85.48,B60
Rajshahi,2011,8,88.13,B60
Rajshahi,2011,9,86.13,B60
Rajshahi,2011,10,82.35,B60
Rajshahi,2011,11,80.87,B60
Rajshahi,2011,12,83.42,B60
Rajshahi,2012,1,79.19,B60
Rajshahi,2012,2,66.1,B60
Rajshahi,2012,3,58.97,B60
Rajshahi,2012,4,69,B60
Rajshahi,2012,5,67.48,B60
Rajshahi,2012,6,80.1,B60
Rajshahi,2012,7,86.97,B60
Rajshahi,2012,8,85.32,B60
Rajshahi,2012,9,86.53,B60
Rajshahi,2012,10,80.71,B60
Rajshahi,2012,11,78.4,B60
Rajshahi,2012,12,85,B60
Rajshahi,2013,1,79.39,B60
Rajshahi,2013,2,74.04,B60
Rajshahi,2013,3,64.52,B60
Rajshahi,2013,4,62.7,B60
Rajshahi,2013,5,80.1,B60
Rajshahi,2013,6,83.1,B60
Rajshahi,2013,7,83.81,B60
Rajshahi,2013,8,86.87,B60
Rajshahi,2013,9,84.27,B60
Rajshahi,2013,10,86.61,B60
Rajshahi,2013,11,76.63,B60
Rajshahi,2013,12,80.61,B60
Rajshahi,2014,1,82.39,B60
Rajshahi,2014,2,76.86,B60
Rajshahi,2014,3,65.97,B60
Rajshahi,2014,4,63.27,B60
Rajshahi,2014,5,70.58,B60
Rajshahi,2014,6,84.63,B60
Rajshahi,2014,7,86.32,B60
Rajshahi,2014,8,86.87,B60
Rajshahi,2014,9,84.37,B60
Rajshahi,2014,10,82.9,B60
Rajshahi,2014,11,77.43,B60
Rajshahi,2014,12,83.39,B60
Rajshahi,2015,1,82.55,B60
Rajshahi,2015,2,77.89,B60
Rajshahi,2015,3,66.03,B60
Rajshahi,2015,4,77.17,B60
Rajshahi,2015,5,77.68,B60
Rajshahi,2015,6,82.37,B60
Rajshahi,2015,7,86.68,B60
Rajshahi,2015,8,86.42,B60
Rajshahi,2015,9,84.53,B60
Rajshahi,2015,10,82.87,B60
Rajshahi,2015,11,81.77,B60
Rajshahi,2015,12,82.61,B60
Rajshahi,2016,1,83.45,B60
Rajshahi,2016,2,76.69,B60
Rajshahi,2016,3,68.52,B60
Rajshahi,2016,4,69.83,B60
Rajshahi,2016,5,78.42,B60
Rajshahi,2016,6,81.07,B60
Rajshahi,2016,7,88.58,B60
Rajshahi,2016,8,84.9,B60
Rajshahi,2016,9,86.73,B60
Rajshahi,2016,10,83.87,B60
Rajshahi,2016,11,79.97,B60
Rajshahi,2016,12,83.77,B60
Rajshahi,2017,1,78.26,B60
Rajshahi,2017,2,73.61,B60
Rajshahi,2017,3,73.35,B60
Rajshahi,2017,4,73.2,B60
Rajshahi,2017,5,80.32,B60
Rajshahi,2017,6,82.77,B60
Rajshahi,2017,7,89.35,B60
Rajshahi,2017,8,86.1,B60
Rajshahi,2017,9,88.37,B60
Rajshahi,2017,10,87.87,B60
Rajshahi,2017,11,81.83,B60
Rajshahi,2017,12,83.84,B60
Rajshahi,2018,1,83.26,B60
Rajshahi,2018,2,75.29,B60
Rajshahi,2018,3,67.32,B60
Rajshahi,2018,4,75.33,B60
Rajshahi,2018,5,82,B60
Rajshahi,2018,6,80.97,B60
Rajshahi,2018,7,86.45,B60
Rajshahi,2018,8,84.13,B60
Rajshahi,2018,9,84.53,B60
Rajshahi,2018,10,82.94,B60
Rajshahi,2018,11,80.23,B60
Rajshahi,2018,12,78.42,B60
Rajshahi,2019,1,77.03,B60
Rajshahi,2019,2,77.25,B60
Rajshahi,2019,3,69.03,B60
Rajshahi,2019,4,76.4,B60
Rajshahi,2019,5,78.65,B60
Rajshahi,2019,6,80.83,B60
Rajshahi,2019,7,85.94,B60
Rajshahi,2019,8,84.55,B60
Rajshahi,2019,9,87.53,B60
Rajshahi,2019,10,85.9,B60
Rajshahi,2019,11,82.33,B60
Rajshahi,2019,12,82.52,B60
Rajshahi,2020,1,83.06,B60
Rajshahi,2020,2,74.52,B60
Rajshahi,2020,3,70.97,B60
Rajshahi,2020,4,70.43,B60
Rajshahi,2020,5,81.32,B60
Rajshahi,2020,6,85.77,B60
Rajshahi,2020,7,88.32,B60
Rajshahi,2020,8,85.45,B60
Rajshahi,2020,9,88.2,B60
Rajshahi,2020,10,84.68,B60
Rajshahi,2020,11,77,B60
Rajshahi,2020,12,87.55,B60
Rajshahi,2021,1,83.82,B60
Rajshahi,2021,2,71.07,B60
Rajshahi,2021,3,60.29,B60
Rajshahi,2021,4,61.9,B60
Rajshahi,2021,5,74.23,B60
Rajshahi,2021,6,83.73,B60
Rajshahi,2023,1,83.71,B60
Rajshahi,2023,2,73.18,B60
Rajshahi,2023,3,66.52,B60
Rajshahi,2023,4,57.2,B60
Rajshahi,2023,5,67.06,B60
Rajshahi,2023,6,74.27,B60
Rajshahi,2023,7,79.39,B60
Rajshahi,2023,8,82.58,B60
Rajshahi,2023,9,84.23,B60
Rajshahi,2023,10,83.68,B60
Rajshahi,2023,11,81.05,B60
Rajshahi,2023,12,85.08,B60
Rajshahi,2022,1,82.42,B60
Rajshahi,2022,2,77.25,B60
Rajshahi,2022,3,67.1,B60
Rajshahi,2022,4,74.47,B60
Rajshahi,2022,5,80.26,B60
Rajshahi,2022,6,83,B60
Rajshahi,2022,7,80.19,B60
Rajshahi,2022,8,83.65,B60
Rajshahi,2022,9,87.27,B60
Rajshahi,2022,10,81.97,B60
Rajshahi,2022,11,76.57,B60
Rajshahi,2022,12,78.77,B60
Ramgati,2023,8,88.81,B60
Ramgati,2023,9,82.46,B60
Ramgati,2023,10,86.52,B60
Ramgati,2023,11,82.53,B60
Ramgati,2023,12,85.97,B60
Rangamati,1957,8,84.29,B60
Rangamati,1957,9,87.87,B60
Rangamati,1957,10,87.65,B60
Rangamati,1957,11,81.97,B60
Rangamati,1957,12,81.42,B60
Rangamati,1958,1,76.84,B60
Rangamati,1958,2,73.14,B60
Rangamati,1958,3,65.61,B60
Rangamati,1958,4,64.93,B60
Rangamati,1958,5,75.77,B60
Rangamati,1958,6,80.37,B60
Rangamati,1958,7,86.58,B60
Rangamati,1958,8,88.61,B60
Rangamati,1958,9,87.93,B60
Rangamati,1958,10,87.29,B60
Rangamati,1958,11,85.33,B60
Rangamati,1958,12,85.84,B60
Rangamati,1959,1,79.48,B60
Rangamati,1959,2,77.71,B60
Rangamati,1959,3,74.77,B60
Rangamati,1959,4,67.53,B60
Rangamati,1959,5,74.29,B60
Rangamati,1959,6,84.93,B60
Rangamati,1959,7,86.68,B60
Rangamati,1959,8,90,B60
Rangamati,1959,9,88.67,B60
Rangamati,1959,10,90.06,B60
Rangamati,1959,11,86.2,B60
Rangamati,1959,12,88.45,B60
Rangamati,1960,1,81.1,B60
Rangamati,1960,2,71.55,B60
Rangamati,1960,3,68.45,B60
Rangamati,1960,4,67.8,B60
Rangamati,1960,5,73.19,B60
Rangamati,1960,6,85.53,B60
Rangamati,1960,7,89.87,B60
Rangamati,1960,8,84.26,B60
Rangamati,1960,9,87.67,B60
Rangamati,1960,10,85.35,B60
Rangamati,1960,11,81.73,B60
Rangamati,1960,12,82.03,B60
Rangamati,1961,1,75.9,B60
Rangamati,1961,2,70.57,B60
Rangamati,1961,3,71.81,B60
Rangamati,1961,4,72.97,B60
Rangamati,1961,5,75.68,B60
Rangamati,1961,6,87.57,B60
Rangamati,1961,7,86.52,B60
Rangamati,1961,8,87.58,B60
Rangamati,1961,9,85.23,B60
Rangamati,1961,10,84.26,B60
Rangamati,1961,11,80.9,B60
Rangamati,1961,12,80.13,B60
Rangamati,1962,1,74.9,B60
Rangamati,1962,2,68.86,B60
Rangamati,1962,3,60.16,B60
Rangamati,1962,4,69.13,B60
Rangamati,1962,5,72.39,B60
Rangamati,1962,6,85.57,B60
Rangamati,1962,7,82.48,B60
Rangamati,1962,8,86.68,B60
Rangamati,1962,9,82.2,B60
Rangamati,1962,10,82.71,B60
Rangamati,1962,11,81.7,B60
Rangamati,1962,12,81.87,B60
Rangamati,1963,1,74.97,B60
Rangamati,1963,2,65.43,B60
Rangamati,1963,3,61.9,B60
Rangamati,1963,4,73.6,B60
Rangamati,1963,5,79.32,B60
Rangamati,1963,6,87.63,B60
Rangamati,1963,7,89,B60
Rangamati,1963,8,84.26,B60
Rangamati,1963,9,82.83,B60
Rangamati,1963,10,82.65,B60
Rangamati,1963,11,80,B60
Rangamati,1963,12,81.16,B60
Rangamati,1964,1,74.19,B60
Rangamati,1964,2,68.28,B60
Rangamati,1964,3,70.65,B60
Rangamati,1964,4,75.5,B60
Rangamati,1964,5,76.48,B60
Rangamati,1964,6,84.34,B60
Rangamati,1964,7,87.1,B60
Rangamati,1964,11,81.13,B60
Rangamati,1965,1,79.77,B60
Rangamati,1965,2,71.18,B60
Rangamati,1965,3,65.74,B60
Rangamati,1965,4,70.07,B60
Rangamati,1965,5,76.39,B60
Rangamati,1965,6,85.8,B60
Rangamati,1965,7,86.94,B60
Rangamati,1965,8,87.68,B60
Rangamati,1965,9,83.93,B60
Rangamati,1965,10,84.1,B60
Rangamati,1965,11,83.47,B60
Rangamati,1965,12,82.71,B60
Rangamati,1966,1,79.03,B60
Rangamati,1966,2,66.54,B60
Rangamati,1966,3,67.74,B60
Rangamati,1966,4,69,B60
Rangamati,1966,5,75.39,B60
Rangamati,1966,6,86.83,B60
Rangamati,1966,7,85.23,B60
Rangamati,1966,8,87.52,B60
Rangamati,1966,9,83.63,B60
Rangamati,1966,10,82.1,B60
Rangamati,1966,11,79.6,B60
Rangamati,1966,12,83,B60
Rangamati,1967,1,82.06,B60
Rangamati,1967,2,72.71,B60
Rangamati,1967,3,70.23,B60
Rangamati,1967,4,68.97,B60
Rangamati,1967,5,76.52,B60
Rangamati,1967,6,79.3,B60
Rangamati,1967,7,83.94,B60
Rangamati,1967,8,83.81,B60
Rangamati,1967,9,83.37,B60
Rangamati,1967,10,82.58,B60
Rangamati,1967,11,77.87,B60
Rangamati,1967,12,78.65,B60
Rangamati,1968,1,76.03,B60
Rangamati,1968,2,68.21,B60
Rangamati,1968,3,66.06,B60
Rangamati,1968,4,70.13,B60
Rangamati,1968,5,74.55,B60
Rangamati,1968,6,87.53,B60
Rangamati,1968,7,85.23,B60
Rangamati,1968,8,86.13,B60
Rangamati,1968,9,82.8,B60
Rangamati,1968,10,81.52,B60
Rangamati,1968,11,81.63,B60
Rangamati,1968,12,84,B60
Rangamati,1969,1,92.06,B60
Rangamati,1969,2,70.93,B60
Rangamati,1969,3,68.81,B60
Rangamati,1969,4,72.43,B60
Rangamati,1969,5,85.48,B60
Rangamati,1969,6,71.83,B60
Rangamati,1969,7,85.16,B60
Rangamati,1969,8,89.52,B60
Rangamati,1969,9,84.67,B60
Rangamati,1969,10,81.68,B60
Rangamati,1969,11,78.07,B60
Rangamati,1969,12,81.23,B60
Rangamati,1970,1,74.39,B60
Rangamati,1970,2,72.5,B60
Rangamati,1970,3,69,B60
Rangamati,1970,4,73.27,B60
Rangamati,1970,5,79.19,B60
Rangamati,1970,6,83.63,B60
Rangamati,1970,7,89.77,B60
Rangamati,1970,8,86.77,B60
Rangamati,1970,9,84.83,B60
Rangamati,1970,10,82.9,B60
Rangamati,1970,11,81.4,B60
Rangamati,1970,12,75.42,B60
Rangamati,1971,1,76,B60
Rangamati,1971,2,66.82,B60
Rangamati,1971,3,61.84,B60
Rangamati,1971,4,75.1,B60
Rangamati,1971,5,78,B60
Rangamati,1971,6,88.4,B60
Rangamati,1971,7,88.61,B60
Rangamati,1971,8,91.97,B60
Rangamati,1971,9,85.67,B60
Rangamati,1971,10,83.87,B60
Rangamati,1971,11,80.23,B60
Rangamati,1971,12,76.87,B60
Rangamati,1972,1,75.65,B60
Rangamati,1972,2,69.31,B60
Rangamati,1972,3,66.1,B60
Rangamati,1972,4,71.73,B60
Rangamati,1972,5,74.74,B60
Rangamati,1972,6,81.57,B60
Rangamati,1972,7,83.1,B60
Rangamati,1972,8,85.16,B60
Rangamati,1972,9,82.67,B60
Rangamati,1972,10,80.39,B60
Rangamati,1972,11,78.6,B60
Rangamati,1972,12,73.65,B60
Rangamati,1973,1,71.61,B60
Rangamati,1973,2,66.29,B60
Rangamati,1973,3,66.94,B60
Rangamati,1973,4,71.5,B60
Rangamati,1973,5,81.29,B60
Rangamati,1973,6,86.47,B60
Rangamati,1973,7,83.39,B60
Rangamati,1973,8,86.19,B60
Rangamati,1973,9,85.77,B60
Rangamati,1973,10,83.81,B60
Rangamati,1973,11,83.63,B60
Rangamati,1973,12,82.71,B60
Rangamati,1974,1,75.32,B60
Rangamati,1974,2,71.3,B60
Rangamati,1974,3,71.1,B60
Rangamati,1974,6,84.03,B60
Rangamati,1974,7,89.19,B60
Rangamati,1974,8,86.39,B60
Rangamati,1974,9,85.73,B60
Rangamati,1974,10,83.61,B60
Rangamati,1974,11,82.03,B60
Rangamati,1974,12,81.06,B60
Rangamati,1975,1,74.48,B60
Rangamati,1975,2,70.61,B60
Rangamati,1975,3,67.45,B60
Rangamati,1975,4,71.6,B60
Rangamati,1975,5,77.74,B60
Rangamati,1975,6,84.17,B60
Rangamati,1975,7,87.55,B60
Rangamati,1975,8,84.19,B60
Rangamati,1975,9,83.1,B60
Rangamati,1975,10,83.61,B60
Rangamati,1975,11,82.87,B60
Rangamati,1975,12,75.35,B60
Rangamati,1976,1,74.19,B60
Rangamati,1976,2,84.14,B60
Rangamati,1976,3,69.61,B60
Rangamati,1976,4,73.93,B60
Rangamati,1976,5,80.1,B60
Rangamati,1976,6,88.07,B60
Rangamati,1976,7,88.61,B60
Rangamati,1976,8,84.39,B60
Rangamati,1976,9,81.7,B60
Rangamati,1976,10,80.1,B60
Rangamati,1976,11,80.3,B60
Rangamati,1976,12,78.65,B60
Rangamati,1977,1,81.65,B60
Rangamati,1977,2,79.32,B60
Rangamati,1977,3,76.06,B60
Rangamati,1977,4,80.27,B60
Rangamati,1977,5,80.29,B60
Rangamati,1977,6,84.67,B60
Rangamati,1977,7,86.61,B60
Rangamati,1977,8,85.16,B60
Rangamati,1977,9,83.53,B60
Rangamati,1977,10,81.52,B60
Rangamati,1977,11,81.57,B60
Rangamati,1977,12,80.1,B60
Rangamati,1978,1,70.77,B60
Rangamati,1978,2,68.75,B60
Rangamati,1978,3,68.87,B60
Rangamati,1978,4,69.1,B60
Rangamati,1978,5,78.39,B60
Rangamati,1978,6,86.37,B60
Rangamati,1978,7,85.42,B60
Rangamati,1978,8,83.68,B60
Rangamati,1978,9,85.67,B60
Rangamati,1978,10,83.26,B60
Rangamati,1978,11,74.27,B60
Rangamati,1978,12,77.61,B60
Rangamati,1979,1,72.32,B60
Rangamati,1979,2,66.57,B60
Rangamati,1979,3,71.19,B60
Rangamati,1979,4,77.2,B60
Rangamati,1979,5,75.77,B60
Rangamati,1979,6,82.07,B60
Rangamati,1979,7,85.33,B60
Rangamati,1979,8,88,B60
Rangamati,1979,9,86.1,B60
Rangamati,1979,10,82.32,B60
Rangamati,1979,11,80.7,B60
Rangamati,1979,12,80.35,B60
Rangamati,1980,1,73.61,B60
Rangamati,1980,2,72.34,B60
Rangamati,1980,3,74.84,B60
Rangamati,1980,4,68.9,B60
Rangamati,1980,5,77.07,B60
Rangamati,1980,6,83.97,B60
Rangamati,1980,7,81.74,B60
Rangamati,1980,8,82.55,B60
Rangamati,1980,9,84.2,B60
Rangamati,1980,10,82.16,B60
Rangamati,1980,11,80.07,B60
Rangamati,1980,12,83.45,B60
Rangamati,1981,4,79.97,B60
Rangamati,1981,5,79.74,B60
Rangamati,1981,6,83.1,B60
Rangamati,1981,7,87.84,B60
Rangamati,1981,8,84.87,B60
Rangamati,1981,9,85.9,B60
Rangamati,1981,10,79.81,B60
Rangamati,1981,11,78.07,B60
Rangamati,1981,12,79.19,B60
Rangamati,1982,1,75.23,B60
Rangamati,1982,2,75.79,B60
Rangamati,1982,3,64.9,B60
Rangamati,1982,4,73,B60
Rangamati,1982,5,75.48,B60
Rangamati,1982,6,86.07,B60
Rangamati,1982,7,86.97,B60
Rangamati,1982,8,87.06,B60
Rangamati,1982,9,84.5,B60
Rangamati,1982,10,83.03,B60
Rangamati,1982,11,79.73,B60
Rangamati,1982,12,79.23,B60
Rangamati,1983,1,75.19,B60
Rangamati,1983,2,68.96,B60
Rangamati,1983,3,69.58,B60
Rangamati,1983,4,68.87,B60
Rangamati,1983,5,76.71,B60
Rangamati,1983,6,80.3,B60
Rangamati,1983,7,83.87,B60
Rangamati,1983,8,83.03,B60
Rangamati,1983,9,80.87,B60
Rangamati,1983,10,79.61,B60
Rangamati,1983,11,78.5,B60
Rangamati,1983,12,73.97,B60
Rangamati,1984,1,74.52,B60
Rangamati,1984,2,65.93,B60
Rangamati,1984,3,61.58,B60
Rangamati,1984,4,69.2,B60
Rangamati,1984,5,78.32,B60
Rangamati,1984,6,84.47,B60
Rangamati,1984,7,83,B60
Rangamati,1984,8,83.61,B60
Rangamati,1984,9,83.77,B60
Rangamati,1984,10,81.71,B60
Rangamati,1984,11,75.1,B60
Rangamati,1984,12,72.87,B60
Rangamati,1985,1,70.03,B60
Rangamati,1985,2,64.96,B60
Rangamati,1985,3,69.65,B60
Rangamati,1985,4,72.83,B60
Rangamati,1985,5,75.23,B60
Rangamati,1985,6,84.57,B60
Rangamati,1985,7,85.06,B60
Rangamati,1985,8,84.71,B60
Rangamati,1985,9,82.23,B60
Rangamati,1985,10,75.52,B60
Rangamati,1985,11,76.87,B60
Rangamati,1985,12,74.48,B60
Rangamati,1986,1,74.48,B60
Rangamati,1986,2,63.96,B60
Rangamati,1986,3,57.9,B60
Rangamati,1986,4,68.87,B60
Rangamati,1986,5,73.55,B60
Rangamati,1986,6,81.77,B60
Rangamati,1986,7,85.52,B60
Rangamati,1986,8,84.45,B60
Rangamati,1986,9,83.03,B60
Rangamati,1986,10,81.61,B60
Rangamati,1986,11,82.17,B60
Rangamati,1986,12,79.65,B60
Rangamati,1987,1,75.97,B60
Rangamati,1987,2,71.5,B60
Rangamati,1987,3,69.65,B60
Rangamati,1987,4,76.63,B60
Rangamati,1987,5,74.87,B60
Rangamati,1987,6,82.48,B60
Rangamati,1987,7,87.71,B60
Rangamati,1987,8,87.23,B60
Rangamati,1987,9,85.9,B60
Rangamati,1987,10,81.94,B60
Rangamati,1987,11,81.47,B60
Rangamati,1987,12,79.97,B60
Rangamati,1988,1,73.87,B60
Rangamati,1988,2,67.41,B60
Rangamati,1988,3,67.71,B60
Rangamati,1988,4,71.67,B60
Rangamati,1988,5,78.84,B60
Rangamati,1988,6,85.23,B60
Rangamati,1988,7,86.03,B60
Rangamati,1988,8,86.13,B60
Rangamati,1988,9,84.03,B60
Rangamati,1988,10,83.13,B60
Rangamati,1988,11,80.03,B60
Rangamati,1988,12,80.84,B60
Rangamati,1989,1,71.81,B60
Rangamati,1989,2,70.25,B60
Rangamati,1989,3,59.55,B60
Rangamati,1989,4,70,B60
Rangamati,1989,5,74.9,B60
Rangamati,1989,6,80.1,B60
Rangamati,1989,7,86.94,B60
Rangamati,1989,8,81.65,B60
Rangamati,1989,9,84.43,B60
Rangamati,1989,10,86.52,B60
Rangamati,1989,11,79.1,B60
Rangamati,1989,12,76.13,B60
Rangamati,1990,1,76.77,B60
Rangamati,1990,2,71.07,B60
Rangamati,1990,3,73.42,B60
Rangamati,1990,4,75.5,B60
Rangamati,1990,5,79.52,B60
Rangamati,1990,6,82.7,B60
Rangamati,1990,7,87.48,B60
Rangamati,1990,8,82.42,B60
Rangamati,1990,9,83.53,B60
Rangamati,1990,10,82.45,B60
Rangamati,1990,11,83.63,B60
Rangamati,1990,12,82.19,B60
Rangamati,1991,1,77.52,B60
Rangamati,1991,2,71.25,B60
Rangamati,1991,3,67.61,B60
Rangamati,1991,4,73.77,B60
Rangamati,1991,5,78.74,B60
Rangamati,1991,6,85.1,B60
Rangamati,1991,7,85.29,B60
Rangamati,1991,8,84.71,B60
Rangamati,1991,9,85.27,B60
Rangamati,1991,10,84.42,B60
Rangamati,1991,11,82.83,B60
Rangamati,1991,12,80.42,B60
Rangamati,1992,1,78.39,B60
Rangamati,1992,2,74.79,B60
Rangamati,1992,3,74.42,B60
Rangamati,1992,4,71.97,B60
Rangamati,1992,5,73.45,B60
Rangamati,1992,6,81.97,B60
Rangamati,1992,7,83.94,B60
Rangamati,1992,8,82.39,B60
Rangamati,1992,9,83.9,B60
Rangamati,1992,10,83.71,B60
Rangamati,1992,11,81.33,B60
Rangamati,1992,12,81.9,B60
Rangamati,1993,1,75.68,B60
Rangamati,1993,2,70.86,B60
Rangamati,1993,3,67.84,B60
Rangamati,1993,4,73.6,B60
Rangamati,1993,5,79.65,B60
Rangamati,1993,6,83.77,B60
Rangamati,1993,7,84.32,B60
Rangamati,1993,8,86.16,B60
Rangamati,1993,9,83.8,B60
Rangamati,1993,10,83.9,B60
Rangamati,1993,11,80.87,B60
Rangamati,1993,12,78.87,B60
Rangamati,1994,1,75.19,B60
Rangamati,1994,2,65.86,B60
Rangamati,1994,3,72.55,B60
Rangamati,1994,4,72.73,B60
Rangamati,1994,5,78.23,B60
Rangamati,1994,6,83.8,B60
Rangamati,1994,7,83.71,B60
Rangamati,1994,8,84.26,B60
Rangamati,1994,9,82.63,B60
Rangamati,1994,10,83.87,B60
Rangamati,1994,11,81.77,B60
Rangamati,1994,12,78.58,B60
Rangamati,1995,1,71.19,B60
Rangamati,1995,2,70.79,B60
Rangamati,1995,3,67.74,B60
Rangamati,1995,4,67.83,B60
Rangamati,1995,5,74.55,B60
Rangamati,1995,6,82.53,B60
Rangamati,1995,7,84.61,B60
Rangamati,1995,8,84.39,B60
Rangamati,1995,9,84.33,B60
Rangamati,1995,10,84.48,B60
Rangamati,1995,11,86.3,B60
Rangamati,1995,12,81.84,B60
Rangamati,1996,1,76.84,B60
Rangamati,1996,2,69,B60
Rangamati,1996,3,71.55,B60
Rangamati,1996,4,75.37,B60
Rangamati,1996,5,79.74,B60
Rangamati,1996,6,83.9,B60
Rangamati,1996,7,85.1,B60
Rangamati,1996,8,87.1,B60
Rangamati,1996,9,85.77,B60
Rangamati,1996,10,84.71,B60
Rangamati,1996,11,83.23,B60
Rangamati,1996,12,81.74,B60
Rangamati,1997,1,74.94,B60
Rangamati,1997,2,69.89,B60
Rangamati,1997,3,74.1,B60
Rangamati,1997,4,76.37,B60
Rangamati,1997,5,78.48,B60
Rangamati,1997,6,83.43,B60
Rangamati,1997,7,87.52,B60
Rangamati,1997,8,85.23,B60
Rangamati,1997,9,86.53,B60
Rangamati,1997,10,82.94,B60
Rangamati,1997,11,81.7,B60
Rangamati,1997,12,82.61,B60
Rangamati,1998,1,81.03,B60
Rangamati,1998,2,74.93,B60
Rangamati,1998,3,69.77,B60
Rangamati,1998,4,76.73,B60
Rangamati,1998,5,80.23,B60
Rangamati,1998,6,83.4,B60
Rangamati,1998,7,88.26,B60
Rangamati,1998,8,87.42,B60
Rangamati,1998,9,85.57,B60
Rangamati,1998,10,84.61,B60
Rangamati,1998,11,85.03,B60
Rangamati,1998,12,81.16,B60
Rangamati,1999,1,75.84,B60
Rangamati,1999,2,66.68,B60
Rangamati,1999,3,65.65,B60
Rangamati,1999,4,69.33,B60
Rangamati,1999,5,81.81,B60
Rangamati,1999,6,87.67,B60
Rangamati,1999,7,87.68,B60
Rangamati,1999,8,88.06,B60
Rangamati,1999,9,85,B60
Rangamati,1999,10,85.94,B60
Rangamati,1999,11,82.43,B60
Rangamati,1999,12,83.32,B60
Rangamati,2000,1,79.19,B60
Rangamati,2000,2,72.69,B60
Rangamati,2000,3,72.9,B60
Rangamati,2000,4,75.63,B60
Rangamati,2000,5,83.42,B60
Rangamati,2000,6,86.63,B60
Rangamati,2000,7,84.45,B60
Rangamati,2000,8,86.52,B60
Rangamati,2000,9,85.57,B60
Rangamati,2000,10,85.1,B60
Rangamati,2000,11,82.77,B60
Rangamati,2000,12,80.29,B60
Rangamati,2001,1,75.58,B60
Rangamati,2001,2,67.43,B60
Rangamati,2001,3,62.32,B60
Rangamati,2001,4,63.9,B60
Rangamati,2001,5,79.03,B60
Rangamati,2001,6,84.83,B60
Rangamati,2001,7,83.52,B60
Rangamati,2001,8,82.1,B60
Rangamati,2001,9,84.2,B60
Rangamati,2001,10,86.06,B60
Rangamati,2001,11,86.07,B60
Rangamati,2001,12,82.26,B60
Rangamati,2002,1,84.39,B60
Rangamati,2002,2,73.29,B60
Rangamati,2002,3,64,B60
Rangamati,2002,4,78.1,B60
Rangamati,2002,5,82.19,B60
Rangamati,2002,6,83.43,B60
Rangamati,2002,7,88.06,B60
Rangamati,2002,8,85.9,B60
Rangamati,2002,9,84.23,B60
Rangamati,2002,10,83.65,B60
Rangamati,2002,11,86.13,B60
Rangamati,2002,12,84.16,B60
Rangamati,2003,1,82.84,B60
Rangamati,2003,2,72.82,B60
Rangamati,2003,3,67.03,B60
Rangamati,2003,4,72.03,B60
Rangamati,2003,5,78.13,B60
Rangamati,2003,6,86.37,B60
Rangamati,2003,7,83.97,B60
Rangamati,2003,8,84.9,B60
Rangamati,2003,9,84.17,B60
Rangamati,2003,10,84.87,B60
Rangamati,2003,11,83.8,B60
Rangamati,2003,12,83.58,B60
Rangamati,2004,1,80.45,B60
Rangamati,2004,2,65.86,B60
Rangamati,2004,3,69.58,B60
Rangamati,2004,4,76.2,B60
Rangamati,2004,5,74.9,B60
Rangamati,2004,6,83.67,B60
Rangamati,2004,7,86.23,B60
Rangamati,2004,8,84.23,B60
Rangamati,2004,9,86.57,B60
Rangamati,2004,10,86,B60
Rangamati,2004,11,82.17,B60
Rangamati,2004,12,79.71,B60
Rangamati,2005,1,75.23,B60
Rangamati,2005,2,64.93,B60
Rangamati,2005,3,70.06,B60
Rangamati,2005,4,72.63,B60
Rangamati,2005,5,78.32,B60
Rangamati,2005,6,81,B60
Rangamati,2005,7,83.77,B60
Rangamati,2005,8,87.84,B60
Rangamati,2005,9,86.73,B60
Rangamati,2005,10,84.48,B60
Rangamati,2005,11,83.53,B60
Rangamati,2005,12,83.16,B60
Rangamati,2006,1,77.74,B60
Rangamati,2006,2,71.14,B60
Rangamati,2006,3,56.52,B60
Rangamati,2006,4,67.87,B60
Rangamati,2006,5,78.84,B60
Rangamati,2006,6,84.4,B60
Rangamati,2006,7,83,B60
Rangamati,2006,8,82.87,B60
Rangamati,2006,9,84.87,B60
Rangamati,2006,10,84.58,B60
Rangamati,2006,11,84.77,B60
Rangamati,2006,12,82.42,B60
Rangamati,2007,1,78.23,B60
Rangamati,2007,2,73.18,B60
Rangamati,2007,3,60.68,B60
Rangamati,2007,4,76,B60
Rangamati,2007,5,81.42,B60
Rangamati,2007,6,85.6,B60
Rangamati,2007,7,87.23,B60
Rangamati,2007,8,84.77,B60
Rangamati,2007,9,86.83,B60
Rangamati,2007,10,85.19,B60
Rangamati,2007,11,85.23,B60
Rangamati,2007,12,82.61,B60
Rangamati,2008,1,81.1,B60
Rangamati,2008,2,70.55,B60
Rangamati,2008,3,72.45,B60
Rangamati,2008,4,65.67,B60
Rangamati,2008,5,72.81,B60
Rangamati,2008,6,83.03,B60
Rangamati,2008,7,85.35,B60
Rangamati,2008,8,85.94,B60
Rangamati,2008,9,84.2,B60
Rangamati,2008,10,84.55,B60
Rangamati,2008,11,83.23,B60
Rangamati,2008,12,83.87,B60
Rangamati,2009,1,75,B60
Rangamati,2009,2,64.93,B60
Rangamati,2009,3,62.81,B60
Rangamati,2009,4,72.3,B60
Rangamati,2009,5,75.94,B60
Rangamati,2009,6,81.67,B60
Rangamati,2009,7,85.06,B60
Rangamati,2009,8,87.06,B60
Rangamati,2009,9,85.43,B60
Rangamati,2009,10,84.97,B60
Rangamati,2009,11,82.9,B60
Rangamati,2009,12,82.52,B60
Rangamati,2010,1,77.74,B60
Rangamati,2010,2,66.18,B60
Rangamati,2010,3,63.77,B60
Rangamati,2010,4,73.6,B60
Rangamati,2010,5,79.77,B60
Rangamati,2010,6,85.5,B60
Rangamati,2010,7,84.32,B60
Rangamati,2010,8,84.26,B60
Rangamati,2010,9,84.9,B60
Rangamati,2010,10,84.84,B60
Rangamati,2010,11,83.37,B60
Rangamati,2010,12,82.39,B60
Rangamati,2011,1,77.29,B60
Rangamati,2011,2,68.57,B60
Rangamati,2011,3,65.52,B60
Rangamati,2011,4,72.87,B60
Rangamati,2011,5,79.26,B60
Rangamati,2011,6,84.2,B60
Rangamati,2011,7,85.52,B60
Rangamati,2011,8,87.23,B60
Rangamati,2011,9,85.33,B60
Rangamati,2011,10,85.26,B60
Rangamati,2011,11,81.13,B60
Rangamati,2011,12,83.23,B60
Rangamati,2012,1,77.19,B60
Rangamati,2012,2,63.24,B60
Rangamati,2012,3,68.26,B60
Rangamati,2012,4,77,B60
Rangamati,2012,5,77.16,B60
Rangamati,2012,6,85.07,B60
Rangamati,2012,7,86.1,B60
Rangamati,2012,8,83.55,B60
Rangamati,2012,9,83.7,B60
Rangamati,2012,10,85.55,B60
Rangamati,2012,11,83.87,B60
Rangamati,2012,12,83.32,B60
Rangamati,2013,1,75.16,B60
Rangamati,2013,2,62.61,B60
Rangamati,2013,3,63.9,B60
Rangamati,2013,4,68.7,B60
Rangamati,2013,5,79.65,B60
Rangamati,2013,6,82.9,B60
Rangamati,2013,7,83.55,B60
Rangamati,2013,8,85.74,B60
Rangamati,2013,9,84.37,B60
Rangamati,2013,10,86.52,B60
Rangamati,2013,11,82.2,B60
Rangamati,2013,12,82.26,B60
Rangamati,2014,1,77.94,B60
Rangamati,2014,2,67.25,B60
Rangamati,2014,3,60.55,B60
Rangamati,2014,4,62.03,B60
Rangamati,2014,5,76.97,B60
Rangamati,2014,6,84.3,B60
Rangamati,2014,7,80.74,B60
Rangamati,2014,8,83.55,B60
Rangamati,2014,9,83.57,B60
Rangamati,2014,10,82.65,B60
Rangamati,2014,11,82.63,B60
Rangamati,2014,12,83.1,B60
Rangamati,2015,3,61.13,B60
Rangamati,2015,4,74.03,B60
Rangamati,2015,5,78.35,B60
Rangamati,2015,6,82.87,B60
Rangamati,2015,7,88.03,B60
Rangamati,2015,8,85.68,B60
Rangamati,2015,9,83.47,B60
Rangamati,2015,10,84.19,B60
Rangamati,2015,11,82.63,B60
Rangamati,2015,12,81.55,B60
Rangamati,2016,1,80.9,B60
Rangamati,2016,2,76.48,B60
Rangamati,2016,3,71.29,B60
Rangamati,2016,4,70.6,B60
Rangamati,2016,5,76.97,B60
Rangamati,2016,6,77.37,B60
Rangamati,2016,7,80.61,B60
Rangamati,2016,8,83.45,B60
Rangamati,2016,9,83.5,B60
Rangamati,2016,10,82.35,B60
Rangamati,2016,11,80.9,B60
Rangamati,2016,12,78.58,B60
Rangamati,2017,1,75.81,B60
Rangamati,2017,2,68.57,B60
Rangamati,2017,3,70.55,B60
Rangamati,2017,4,78.17,B60
Rangamati,2017,5,76.26,B60
Rangamati,2017,6,85.37,B60
Rangamati,2017,7,86.26,B60
Rangamati,2017,8,82.45,B60
Rangamati,2017,9,82.47,B60
Rangamati,2017,10,80.65,B60
Rangamati,2017,11,80.37,B60
Rangamati,2017,12,82.32,B60
Rangamati,2018,1,77.26,B60
Rangamati,2018,2,68.96,B60
Rangamati,2018,3,63.87,B60
Rangamati,2018,4,70.8,B60
Rangamati,2018,5,77.87,B60
Rangamati,2018,6,79.77,B60
Rangamati,2018,7,80.84,B60
Rangamati,2018,8,75.45,B60
Rangamati,2018,9,76.53,B60
Rangamati,2018,10,81.77,B60
Rangamati,2018,11,74.57,B60
Rangamati,2018,12,76.58,B60
Rangamati,2019,1,74.58,B60
Rangamati,2019,2,71.18,B60
Rangamati,2019,3,68.29,B60
Rangamati,2019,4,69.47,B60
Rangamati,2019,5,71.45,B60
Rangamati,2019,6,77.83,B60
Rangamati,2019,7,83.48,B60
Rangamati,2019,8,79.81,B60
Rangamati,2019,9,80.27,B60
Rangamati,2019,10,81.45,B60
Rangamati,2019,11,79.57,B60
Rangamati,2019,12,79.71,B60
Rangamati,2020,1,77.97,B60
Rangamati,2020,2,70.83,B60
Rangamati,2020,3,61.87,B60
Rangamati,2020,4,71.03,B60
Rangamati,2020,5,71.45,B60
Rangamati,2020,6,77.53,B60
Rangamati,2020,7,77.68,B60
Rangamati,2020,8,75.87,B60
Rangamati,2020,9,76.7,B60
Rangamati,2020,10,76.55,B60
Rangamati,2020,11,79.73,B60
Rangamati,2020,12,85.35,B60
Rangamati,2021,1,82.76,B60
Rangamati,2021,2,65.77,B60
Rangamati,2021,3,52.79,B60
Rangamati,2021,4,56.65,B60
Rangamati,2021,5,55.6,B60
Rangamati,2021,6,75.87,B60
Rangamati,2021,7,80.31,B60
Rangamati,2021,8,77.45,B60
Rangamati,2021,9,76.46,B60
Rangamati,2021,10,77.99,B60
Rangamati,2021,11,79.59,B60
Rangamati,2021,12,79.63,B60
Rangamati,2023,1,77.69,B60
Rangamati,2023,2,65.73,B60
Rangamati,2023,3,58.71,B60
Rangamati,2023,4,55.42,B60
Rangamati,2023,5,60.92,B60
Rangamati,2023,6,70.63,B60
Rangamati,2023,7,65.37,B60
Rangamati,2023,8,76,B60
Rangamati,2023,9,69.85,B60
Rangamati,2023,10,73.28,B60
Rangamati,2023,11,72.23,B60
Rangamati,2023,12,77.84,B60
Rangamati,2022,1,76.55,B60
Rangamati,2022,2,66.61,B60
Rangamati,2022,3,64.61,B60
Rangamati,2022,4,68.97,B60
Rangamati,2022,5,78.45,B60
Rangamati,2022,6,75.97,B60
Rangamati,2022,7,65.35,B60
Rangamati,2022,8,74.32,B60
Rangamati,2022,9,71.73,B60
Rangamati,2022,10,69.84,B60
Rangamati,2022,11,72.17,B60
Rangamati,2022,12,74.74,B60
Rangpur,1957,4,50.82,B60
Rangpur,1957,5,73,B60
Rangpur,1957,6,85.2,B60
Rangpur,1957,7,87.77,B60
Rangpur,1957,8,87.77,B60
Rangpur,1957,9,85.27,B60
Rangpur,1957,10,82.23,B60
Rangpur,1957,11,80.7,B60
Rangpur,1957,12,84.19,B60
Rangpur,1958,1,81.32,B60
Rangpur,1958,2,72.64,B60
Rangpur,1958,3,50.39,B60
Rangpur,1958,4,64.9,B60
Rangpur,1958,5,77.29,B60
Rangpur,1958,6,80.19,B60
Rangpur,1959,1,83.26,B60
Rangpur,1959,2,75.46,B60
Rangpur,1959,3,69.13,B60
Rangpur,1959,4,72.97,B60
Rangpur,1959,5,83.06,B60
Rangpur,1959,6,87.37,B60
Rangpur,1959,7,86,B60
Rangpur,1959,8,84.39,B60
Rangpur,1959,9,86.43,B60
Rangpur,1959,10,88.97,B60
Rangpur,1959,11,82.9,B60
Rangpur,1959,12,83.16,B60
Rangpur,1960,1,76.97,B60
Rangpur,1960,2,72.69,B60
Rangpur,1960,3,67.39,B60
Rangpur,1960,4,50.13,B60
Rangpur,1960,5,69.3,B60
Rangpur,1960,6,86.07,B60
Rangpur,1960,7,88.1,B60
Rangpur,1960,8,86.29,B60
Rangpur,1960,9,89.2,B60
Rangpur,1960,10,82.84,B60
Rangpur,1960,11,82.77,B60
Rangpur,1960,12,87.42,B60
Rangpur,1961,1,83.29,B60
Rangpur,1961,2,75.57,B60
Rangpur,1961,3,62.45,B60
Rangpur,1961,4,62.57,B60
Rangpur,1961,5,79.77,B60
Rangpur,1961,6,85.87,B60
Rangpur,1961,7,85.84,B60
Rangpur,1961,8,87.39,B60
Rangpur,1961,9,85.47,B60
Rangpur,1961,10,86.84,B60
Rangpur,1961,11,83.03,B60
Rangpur,1961,12,85.03,B60
Rangpur,1962,1,81.48,B60
Rangpur,1962,2,74.21,B60
Rangpur,1962,3,60.71,B60
Rangpur,1962,4,59.9,B60
Rangpur,1962,5,82.16,B60
Rangpur,1962,6,87.1,B60
Rangpur,1962,7,86.03,B60
Rangpur,1962,8,88.26,B60
Rangpur,1962,9,86.53,B60
Rangpur,1962,10,82.84,B60
Rangpur,1962,11,81.8,B60
Rangpur,1962,12,82.39,B60
Rangpur,1963,1,77.06,B60
Rangpur,1963,2,65.36,B60
Rangpur,1963,3,66.26,B60
Rangpur,1963,4,71.33,B60
Rangpur,1963,5,80.55,B60
Rangpur,1963,6,85.5,B60
Rangpur,1963,7,88.87,B60
Rangpur,1963,8,87.63,B60
Rangpur,1963,9,84.73,B60
Rangpur,1963,10,84.58,B60
Rangpur,1963,11,80.2,B60
Rangpur,1963,12,79.55,B60
Rangpur,1964,1,73.77,B60
Rangpur,1964,2,71,B60
Rangpur,1964,3,64.48,B60
Rangpur,1964,4,74.53,B60
Rangpur,1964,5,81.61,B60
Rangpur,1964,6,86.33,B60
Rangpur,1964,7,89,B60
Rangpur,1964,8,84.87,B60
Rangpur,1964,9,85.4,B60
Rangpur,1964,10,85.06,B60
Rangpur,1964,11,79.63,B60
Rangpur,1964,12,77.26,B60
Rangpur,1965,1,76.06,B60
Rangpur,1965,2,71.5,B60
Rangpur,1965,3,66.71,B60
Rangpur,1965,4,69.87,B60
Rangpur,1965,5,78.84,B60
Rangpur,1965,6,86.37,B60
Rangpur,1965,7,85.23,B60
Rangpur,1965,8,86.65,B60
Rangpur,1965,9,85.27,B60
Rangpur,1965,10,80.97,B60
Rangpur,1965,11,81.93,B60
Rangpur,1965,12,79.13,B60
Rangpur,1966,1,80.74,B60
Rangpur,1966,2,73.71,B60
Rangpur,1966,3,60.42,B60
Rangpur,1966,4,66.73,B60
Rangpur,1966,5,72.84,B60
Rangpur,1966,6,86.53,B60
Rangpur,1966,7,87.71,B60
Rangpur,1966,8,88.61,B60
Rangpur,1966,9,86.83,B60
Rangpur,1966,10,84.16,B60
Rangpur,1966,11,85.83,B60
Rangpur,1966,12,82.42,B60
Rangpur,1967,1,80.65,B60
Rangpur,1967,2,76.29,B60
Rangpur,1967,3,75.58,B60
Rangpur,1967,4,72.4,B60
Rangpur,1967,5,76.45,B60
Rangpur,1967,6,78.7,B60
Rangpur,1967,7,83.71,B60
Rangpur,1967,8,78.65,B60
Rangpur,1967,9,83.23,B60
Rangpur,1967,10,85.16,B60
Rangpur,1967,11,84.4,B60
Rangpur,1967,12,84.74,B60
Rangpur,1969,1,81.68,B60
Rangpur,1969,2,77.39,B60
Rangpur,1969,3,75,B60
Rangpur,1969,4,76.03,B60
Rangpur,1969,5,77.94,B60
Rangpur,1969,6,78.87,B60
Rangpur,1969,7,85.35,B60
Rangpur,1969,8,83.87,B60
Rangpur,1969,9,83.8,B60
Rangpur,1969,10,83.58,B60
Rangpur,1969,11,83.33,B60
Rangpur,1969,12,83.13,B60
Rangpur,1970,1,84.94,B60
Rangpur,1970,2,83.25,B60
Rangpur,1970,3,77.61,B60
Rangpur,1970,4,74.9,B60
Rangpur,1970,5,78.58,B60
Rangpur,1970,6,85.4,B60
Rangpur,1970,7,86.58,B60
Rangpur,1970,8,84.84,B60
Rangpur,1970,9,86.73,B60
Rangpur,1970,10,88.48,B60
Rangpur,1970,11,83.83,B60
Rangpur,1970,12,83.73,B60
Rangpur,1971,1,86.23,B60
Rangpur,1971,2,83.74,B60
Rangpur,1971,6,89,B60
Rangpur,1971,7,86.55,B60
Rangpur,1971,8,87.26,B60
Rangpur,1971,9,86.63,B60
Rangpur,1971,10,87.45,B60
Rangpur,1971,11,87.87,B60
Rangpur,1971,12,94.1,B60
Rangpur,1972,1,85.65,B60
Rangpur,1972,2,87.17,B60
Rangpur,1972,3,80.55,B60
Rangpur,1972,4,78.53,B60
Rangpur,1972,5,79.52,B60
Rangpur,1972,6,82.37,B60
Rangpur,1972,7,85.29,B60
Rangpur,1972,9,86.07,B60
Rangpur,1972,10,86.87,B60
Rangpur,1972,11,87.93,B60
Rangpur,1972,12,88.16,B60
Rangpur,1973,1,88.61,B60
Rangpur,1973,2,84.29,B60
Rangpur,1973,3,84.1,B60
Rangpur,1973,4,82.77,B60
Rangpur,1973,5,84.13,B60
Rangpur,1973,6,85.03,B60
Rangpur,1973,7,83.42,B60
Rangpur,1973,8,82.32,B60
Rangpur,1973,9,86.3,B60
Rangpur,1973,10,84.97,B60
Rangpur,1973,11,85.6,B60
Rangpur,1973,12,87.42,B60
Rangpur,1975,1,87.74,B60
Rangpur,1975,2,87.54,B60
Rangpur,1975,3,87.16,B60
Rangpur,1975,4,83.5,B60
Rangpur,1975,5,85.16,B60
Rangpur,1975,6,84.83,B60
Rangpur,1975,7,87.52,B60
Rangpur,1975,8,88.5,B60
Rangpur,1975,9,90.27,B60
Rangpur,1975,10,91.84,B60
Rangpur,1975,11,91.8,B60
Rangpur,1975,12,91.19,B60
Rangpur,1976,1,90.97,B60
Rangpur,1976,2,90.69,B60
Rangpur,1976,3,87.61,B60
Rangpur,1976,4,87.6,B60
Rangpur,1976,5,86.97,B60
Rangpur,1976,6,89.17,B60
Rangpur,1976,7,90.9,B60
Rangpur,1976,8,89.29,B60
Rangpur,1976,9,86.3,B60
Rangpur,1976,10,88.84,B60
Rangpur,1976,11,91.93,B60
Rangpur,1976,12,91.19,B60
Rangpur,1977,1,90.48,B60
Rangpur,1977,4,81.43,B60
Rangpur,1977,5,79.71,B60
Rangpur,1977,6,83.27,B60
Rangpur,1977,7,84.84,B60
Rangpur,1977,8,86.48,B60
Rangpur,1977,9,86.73,B60
Rangpur,1977,10,89.74,B60
Rangpur,1977,12,90.1,B60
Rangpur,1978,1,88.39,B60
Rangpur,1978,2,87.93,B60
Rangpur,1978,3,39.81,B60
Rangpur,1978,4,61.63,B60
Rangpur,1978,5,81.68,B60
Rangpur,1978,6,86.83,B60
Rangpur,1978,7,87.84,B60
Rangpur,1978,8,80.84,B60
Rangpur,1978,9,84.73,B60
Rangpur,1978,10,75.13,B60
Rangpur,1978,11,75.63,B60
Rangpur,1978,12,69.74,B60
Rangpur,1979,1,68.77,B60
Rangpur,1979,2,61.18,B60
Rangpur,1979,3,45.81,B60
Rangpur,1979,4,56.2,B60
Rangpur,1979,5,65.8,B60
Rangpur,1979,6,77.9,B60
Rangpur,1979,7,85.77,B60
Rangpur,1979,8,80.74,B60
Rangpur,1979,9,81.73,B60
Rangpur,1979,10,80.13,B60
Rangpur,1979,11,78.97,B60
Rangpur,1979,12,78.27,B60
Rangpur,1980,1,72.77,B60
Rangpur,1980,2,67.14,B60
Rangpur,1980,3,61.39,B60
Rangpur,1980,4,66.07,B60
Rangpur,1980,5,78.9,B60
Rangpur,1980,6,83.5,B60
Rangpur,1980,7,83.74,B60
Rangpur,1980,8,85.1,B60
Rangpur,1980,9,85.3,B60
Rangpur,1980,10,82.06,B60
Rangpur,1980,11,72.1,B60
Rangpur,1980,12,72.81,B60
Rangpur,1981,1,76.55,B60
Rangpur,1981,2,68.46,B60
Rangpur,1981,3,60.55,B60
Rangpur,1981,4,72.37,B60
Rangpur,1981,5,80.58,B60
Rangpur,1981,6,80.43,B60
Rangpur,1981,10,74.74,B60
Rangpur,1981,11,70.7,B60
Rangpur,1981,12,74.06,B60
Rangpur,1982,1,73.1,B60
Rangpur,1982,2,63.71,B60
Rangpur,1982,3,62.45,B60
Rangpur,1982,4,69.07,B60
Rangpur,1982,5,73.13,B60
Rangpur,1982,6,83.63,B60
Rangpur,1982,7,84.39,B60
Rangpur,1982,8,82.03,B60
Rangpur,1982,9,84.57,B60
Rangpur,1982,10,79.48,B60
Rangpur,1982,11,76.6,B60
Rangpur,1982,12,77.26,B60
Rangpur,1983,1,75.39,B60
Rangpur,1983,2,64.89,B60
Rangpur,1983,3,56.71,B60
Rangpur,1983,4,63.32,B60
Rangpur,1983,5,80.84,B60
Rangpur,1983,6,82.7,B60
Rangpur,1983,7,85.39,B60
Rangpur,1983,8,83.45,B60
Rangpur,1983,9,86.97,B60
Rangpur,1983,10,85,B60
Rangpur,1983,11,80.17,B60
Rangpur,1983,12,86.06,B60
Rangpur,1984,1,83.84,B60
Rangpur,1984,2,73.31,B60
Rangpur,1984,3,64.61,B60
Rangpur,1984,4,66,B60
Rangpur,1984,5,85.16,B60
Rangpur,1984,6,85.37,B60
Rangpur,1984,7,88.26,B60
Rangpur,1984,8,84.42,B60
Rangpur,1984,9,88.57,B60
Rangpur,1984,10,86.65,B60
Rangpur,1984,11,78.87,B60
Rangpur,1984,12,83.74,B60
Rangpur,1985,1,81.26,B60
Rangpur,1985,2,76.86,B60
Rangpur,1985,3,66.52,B60
Rangpur,1985,4,69.97,B60
Rangpur,1985,5,80.26,B60
Rangpur,1985,6,84.5,B60
Rangpur,1985,7,88.65,B60
Rangpur,1985,8,84.39,B60
Rangpur,1985,9,87.87,B60
Rangpur,1985,10,85.55,B60
Rangpur,1985,11,81.6,B60
Rangpur,1985,12,82.1,B60
Rangpur,1986,1,83.06,B60
Rangpur,1986,2,70,B60
Rangpur,1986,3,55.65,B60
Rangpur,1986,4,74.27,B60
Rangpur,1986,5,77.97,B60
Rangpur,1986,6,84.07,B60
Rangpur,1986,7,86.35,B60
Rangpur,1986,8,84.29,B60
Rangpur,1986,9,89.37,B60
Rangpur,1986,10,86.52,B60
Rangpur,1986,11,83.93,B60
Rangpur,1986,12,82.68,B60
Rangpur,1987,1,84.45,B60
Rangpur,1987,2,82.39,B60
Rangpur,1987,3,75.52,B60
Rangpur,1987,4,75.67,B60
Rangpur,1987,5,79.42,B60
Rangpur,1987,6,87.67,B60
Rangpur,1987,7,90.9,B60
Rangpur,1987,8,87.94,B60
Rangpur,1987,9,90,B60
Rangpur,1987,10,87.48,B60
Rangpur,1987,11,86.1,B60
Rangpur,1987,12,86.9,B60
Rangpur,1988,1,84.03,B60
Rangpur,1988,2,77.72,B60
Rangpur,1988,3,71.52,B60
Rangpur,1988,4,74.2,B60
Rangpur,1988,5,83.16,B60
Rangpur,1988,6,85.1,B60
Rangpur,1988,7,87,B60
Rangpur,1988,8,88.77,B60
Rangpur,1988,9,87.47,B60
Rangpur,1988,10,84.23,B60
Rangpur,1988,11,79.97,B60
Rangpur,1988,12,82.29,B60
Rangpur,1989,1,78.94,B60
Rangpur,1989,2,70.75,B60
Rangpur,1989,3,70.16,B60
Rangpur,1989,4,60.23,B60
Rangpur,1989,5,77.97,B60
Rangpur,1989,6,83.97,B60
Rangpur,1989,7,88.16,B60
Rangpur,1989,8,84.77,B60
Rangpur,1989,9,89.9,B60
Rangpur,1989,10,85.35,B60
Rangpur,1989,11,83.6,B60
Rangpur,1989,12,82.06,B60
Rangpur,1990,1,84,B60
Rangpur,1990,2,76.29,B60
Rangpur,1990,3,72.52,B60
Rangpur,1990,4,79.2,B60
Rangpur,1990,5,83.03,B60
Rangpur,1990,6,86.47,B60
Rangpur,1990,7,87.35,B60
Rangpur,1990,8,86.06,B60
Rangpur,1990,9,87.73,B60
Rangpur,1990,10,87.26,B60
Rangpur,1990,11,78.83,B60
Rangpur,1990,12,79.74,B60
Rangpur,1991,1,80.26,B60
Rangpur,1991,2,72.29,B60
Rangpur,1991,3,66.52,B60
Rangpur,1991,4,71.53,B60
Rangpur,1991,5,86.84,B60
Rangpur,1991,6,87.17,B60
Rangpur,1991,7,86.19,B60
Rangpur,1991,8,85.77,B60
Rangpur,1991,9,90.3,B60
Rangpur,1991,10,85.61,B60
Rangpur,1991,11,81.87,B60
Rangpur,1991,12,82.77,B60
Rangpur,1992,1,84.55,B60
Rangpur,1992,2,76.83,B60
Rangpur,1992,3,61.58,B60
Rangpur,1992,4,65.03,B60
Rangpur,1992,5,81.03,B60
Rangpur,1992,6,84.53,B60
Rangpur,1992,7,87.94,B60
Rangpur,1992,8,86.68,B60
Rangpur,1992,9,88.57,B60
Rangpur,1992,10,86.68,B60
Rangpur,1992,11,79.83,B60
Rangpur,1992,12,81.48,B60
Rangpur,1993,1,86.97,B60
Rangpur,1993,2,78.54,B60
Rangpur,1993,3,69.55,B60
Rangpur,1993,4,74.63,B60
Rangpur,1993,5,85.68,B60
Rangpur,1993,6,88.37,B60
Rangpur,1993,7,85.39,B60
Rangpur,1993,8,87.97,B60
Rangpur,1993,9,87.73,B60
Rangpur,1993,10,85.55,B60
Rangpur,1993,11,82.77,B60
Rangpur,1993,12,79.74,B60
Rangpur,1994,1,83.45,B60
Rangpur,1994,2,78.64,B60
Rangpur,1994,3,71.32,B60
Rangpur,1994,4,72.03,B60
Rangpur,1994,5,72.72,B60
Rangpur,1994,6,85.43,B60
Rangpur,1994,7,82.1,B60
Rangpur,1994,8,83.81,B60
Rangpur,1994,9,84.4,B60
Rangpur,1994,10,85.61,B60
Rangpur,1994,11,80.03,B60
Rangpur,1994,12,79.45,B60
Rangpur,1995,1,78.45,B60
Rangpur,1995,2,76,B60
Rangpur,1995,3,66.32,B60
Rangpur,1995,4,66.57,B60
Rangpur,1995,5,78.97,B60
Rangpur,1995,6,86.93,B60
Rangpur,1995,7,88.13,B60
Rangpur,1995,8,86.71,B60
Rangpur,1995,9,88.3,B60
Rangpur,1995,10,85.19,B60
Rangpur,1995,11,82.77,B60
Rangpur,1995,12,84.65,B60
Rangpur,1996,1,84.19,B60
Rangpur,1996,2,76.38,B60
Rangpur,1996,3,67.58,B60
Rangpur,1996,4,67.53,B60
Rangpur,1996,5,81.97,B60
Rangpur,1996,6,85,B60
Rangpur,1996,7,87.94,B60
Rangpur,1996,8,84.94,B60
Rangpur,1996,9,86.93,B60
Rangpur,1996,10,85.35,B60
Rangpur,1996,11,81.23,B60
Rangpur,1996,12,78.74,B60
Rangpur,1997,1,80.42,B60
Rangpur,1997,2,77.46,B60
Rangpur,1997,3,70.68,B60
Rangpur,1997,4,78.5,B60
Rangpur,1997,5,79.23,B60
Rangpur,1997,6,84.93,B60
Rangpur,1997,7,86.9,B60
Rangpur,1997,8,85.58,B60
Rangpur,1997,9,88.8,B60
Rangpur,1997,10,83.35,B60
Rangpur,1997,11,81.53,B60
Rangpur,1997,12,85.61,B60
Rangpur,1998,1,85.19,B60
Rangpur,1998,2,74.79,B60
Rangpur,1998,3,73.87,B60
Rangpur,1998,4,78.33,B60
Rangpur,1998,5,79.87,B60
Rangpur,1998,6,86.2,B60
Rangpur,1998,7,89.58,B60
Rangpur,1998,8,89.16,B60
Rangpur,1998,9,87.23,B60
Rangpur,1998,10,86.9,B60
Rangpur,1998,11,81.37,B60
Rangpur,1998,12,79.87,B60
Rangpur,1999,1,79.81,B60
Rangpur,1999,2,76.57,B60
Rangpur,1999,3,66.35,B60
Rangpur,1999,4,81.8,B60
Rangpur,1999,5,83.32,B60
Rangpur,1999,6,85.63,B60
Rangpur,1999,7,87.26,B60
Rangpur,1999,8,88.39,B60
Rangpur,1999,9,86.8,B60
Rangpur,1999,10,86.52,B60
Rangpur,1999,11,79.73,B60
Rangpur,1999,12,77.29,B60
Rangpur,2000,1,81.45,B60
Rangpur,2000,2,73.03,B60
Rangpur,2000,3,68.06,B60
Rangpur,2000,4,77.07,B60
Rangpur,2000,5,83.45,B60
Rangpur,2000,6,84.77,B60
Rangpur,2000,7,83.39,B60
Rangpur,2000,8,85.1,B60
Rangpur,2000,9,87.37,B60
Rangpur,2000,10,82.19,B60
Rangpur,2000,11,82.53,B60
Rangpur,2000,12,77.06,B60
Rangpur,2001,1,79.23,B60
Rangpur,2001,2,76.54,B60
Rangpur,2001,3,64.97,B60
Rangpur,2001,4,70.37,B60
Rangpur,2001,5,81.97,B60
Rangpur,2001,6,83.33,B60
Rangpur,2001,7,83.23,B60
Rangpur,2001,8,83.68,B60
Rangpur,2001,9,86.8,B60
Rangpur,2001,10,85.58,B60
Rangpur,2001,11,82.3,B60
Rangpur,2001,12,81.74,B60
Rangpur,2002,1,79.32,B60
Rangpur,2002,2,74.32,B60
Rangpur,2002,3,70.42,B60
Rangpur,2002,4,81.07,B60
Rangpur,2002,5,81.03,B60
Rangpur,2002,6,87.2,B60
Rangpur,2002,7,88.94,B60
Rangpur,2002,8,84.29,B60
Rangpur,2002,9,83.93,B60
Rangpur,2002,10,81.35,B60
Rangpur,2002,11,79.4,B60
Rangpur,2002,12,82.61,B60
Rangpur,2003,1,86.13,B60
Rangpur,2003,2,77.43,B60
Rangpur,2003,3,73.03,B60
Rangpur,2003,4,79.13,B60
Rangpur,2003,5,78.68,B60
Rangpur,2003,6,86.37,B60
Rangpur,2003,7,84.06,B60
Rangpur,2003,8,82.61,B60
Rangpur,2003,9,85.77,B60
Rangpur,2003,10,86.39,B60
Rangpur,2003,11,81.87,B60
Rangpur,2003,12,77.94,B60
Rangpur,2004,1,85.19,B60
Rangpur,2004,2,73.86,B60
Rangpur,2004,3,72.77,B60
Rangpur,2004,4,80.27,B60
Rangpur,2004,5,80.68,B60
Rangpur,2004,6,85.7,B60
Rangpur,2004,7,87.84,B60
Rangpur,2004,8,83.26,B60
Rangpur,2004,9,87.8,B60
Rangpur,2004,10,84.48,B60
Rangpur,2004,11,77.67,B60
Rangpur,2004,12,78.52,B60
Rangpur,2005,1,80.32,B60
Rangpur,2005,2,73.75,B60
Rangpur,2005,3,76.39,B60
Rangpur,2005,4,77.2,B60
Rangpur,2005,5,81.16,B60
Rangpur,2005,6,84.3,B60
Rangpur,2005,7,85.29,B60
Rangpur,2005,8,87.23,B60
Rangpur,2005,9,83.87,B60
Rangpur,2005,10,86.39,B60
Rangpur,2005,11,80.6,B60
Rangpur,2005,12,77.29,B60
Rangpur,2006,1,84.65,B60
Rangpur,2006,2,78.04,B60
Rangpur,2006,3,65.68,B60
Rangpur,2006,4,78.3,B60
Rangpur,2006,5,78.65,B60
Rangpur,2006,6,85.17,B60
Rangpur,2006,7,81.32,B60
Rangpur,2006,8,80.74,B60
Rangpur,2006,9,85.27,B60
Rangpur,2006,10,82.32,B60
Rangpur,2006,11,81.03,B60
Rangpur,2006,12,80.74,B60
Rangpur,2007,1,80.87,B60
Rangpur,2007,2,80.32,B60
Rangpur,2007,3,69.19,B60
Rangpur,2007,4,76.7,B60
Rangpur,2007,5,76.35,B60
Rangpur,2007,6,84.23,B60
Rangpur,2007,7,86.68,B60
Rangpur,2007,8,84.58,B60
Rangpur,2007,9,86.3,B60
Rangpur,2007,10,82.77,B60
Rangpur,2007,11,77.93,B60
Rangpur,2007,12,79.77,B60
Rangpur,2008,1,82.19,B60
Rangpur,2008,2,74.24,B60
Rangpur,2008,3,74.81,B60
Rangpur,2008,4,75.27,B60
Rangpur,2008,5,79.52,B60
Rangpur,2008,6,85.9,B60
Rangpur,2008,7,85.87,B60
Rangpur,2008,8,87.81,B60
Rangpur,2008,9,84.77,B60
Rangpur,2008,10,83.55,B60
Rangpur,2008,11,78.63,B60
Rangpur,2008,12,86.42,B60
Rangpur,2009,1,84.52,B60
Rangpur,2009,2,72.11,B60
Rangpur,2009,3,67.13,B60
Rangpur,2009,4,75.73,B60
Rangpur,2009,5,81.03,B60
Rangpur,2009,6,81.6,B60
Rangpur,2009,7,81.71,B60
Rangpur,2009,8,89.29,B60
Rangpur,2009,9,85.47,B60
Rangpur,2009,10,83,B60
Rangpur,2009,11,80.4,B60
Rangpur,2009,12,85.23,B60
Rangpur,2010,1,83.87,B60
Rangpur,2010,2,72.29,B60
Rangpur,2010,3,66.9,B60
Rangpur,2010,4,78.87,B60
Rangpur,2010,5,80.74,B60
Rangpur,2010,6,86.53,B60
Rangpur,2010,7,82.97,B60
Rangpur,2010,8,83.9,B60
Rangpur,2010,9,85.23,B60
Rangpur,2010,10,82.29,B60
Rangpur,2010,11,80.3,B60
Rangpur,2010,12,78.9,B60
Rangpur,2011,1,84,B60
Rangpur,2011,2,74.96,B60
Rangpur,2011,3,70.68,B60
Rangpur,2011,4,74.4,B60
Rangpur,2011,5,81.71,B60
Rangpur,2011,6,82.1,B60
Rangpur,2011,7,83.84,B60
Rangpur,2011,8,84.61,B60
Rangpur,2011,9,82.33,B60
Rangpur,2011,10,80.61,B60
Rangpur,2011,11,78.27,B60
Rangpur,2011,12,83.16,B60
Rangpur,2012,1,80.29,B60
Rangpur,2012,2,70.17,B60
Rangpur,2012,3,63.94,B60
Rangpur,2012,4,72.97,B60
Rangpur,2012,5,76,B60
Rangpur,2012,6,83.73,B60
Rangpur,2012,7,84.19,B60
Rangpur,2012,8,80.55,B60
Rangpur,2012,9,84.37,B60
Rangpur,2012,10,80.52,B60
Rangpur,2012,11,76.1,B60
Rangpur,2012,12,86.94,B60
Rangpur,2013,1,80.32,B60
Rangpur,2013,2,72.79,B60
Rangpur,2013,3,66.26,B60
Rangpur,2013,4,70.4,B60
Rangpur,2013,5,82.19,B60
Rangpur,2013,6,81.3,B60
Rangpur,2013,7,81.06,B60
Rangpur,2013,8,84.13,B60
Rangpur,2013,9,82.2,B60
Rangpur,2013,10,83.68,B60
Rangpur,2013,11,77.1,B60
Rangpur,2013,12,80.74,B60
Rangpur,2014,1,84.16,B60
Rangpur,2014,2,76.21,B60
Rangpur,2014,3,64.74,B60
Rangpur,2014,4,63.2,B60
Rangpur,2014,5,75.32,B60
Rangpur,2014,6,83.53,B60
Rangpur,2014,7,81.39,B60
Rangpur,2014,8,85.23,B60
Rangpur,2014,9,86,B60
Rangpur,2014,10,80.42,B60
Rangpur,2014,11,77.97,B60
Rangpur,2014,12,82.32,B60
Rangpur,2015,1,82.84,B60
Rangpur,2015,2,77.14,B60
Rangpur,2015,3,68.65,B60
Rangpur,2015,4,76.7,B60
Rangpur,2015,5,80.42,B60
Rangpur,2015,6,84.6,B60
Rangpur,2015,7,81.26,B60
Rangpur,2015,8,86.42,B60
Rangpur,2015,9,84.2,B60
Rangpur,2015,10,78.26,B60
Rangpur,2015,11,77.97,B60
Rangpur,2015,12,82.29,B60
Rangpur,2016,1,82.45,B60
Rangpur,2016,2,74.31,B60
Rangpur,2016,3,69.42,B60
Rangpur,2016,4,73.4,B60
Rangpur,2016,5,79.84,B60
Rangpur,2016,6,81.9,B60
Rangpur,2016,7,85.81,B60
Rangpur,2016,8,79.13,B60
Rangpur,2016,9,86.23,B60
Rangpur,2016,10,82.03,B60
Rangpur,2016,11,77.07,B60
Rangpur,2016,12,80.48,B60
Rangpur,2017,1,79.19,B60
Rangpur,2017,2,75.79,B60
Rangpur,2017,3,75.52,B60
Rangpur,2017,4,79.4,B60
Rangpur,2017,5,79.52,B60
Rangpur,2017,6,80.1,B60
Rangpur,2017,7,83.94,B60
Rangpur,2017,8,84.68,B60
Rangpur,2017,9,85.47,B60
Rangpur,2017,10,85.1,B60
Rangpur,2017,11,77.9,B60
Rangpur,2017,12,82.19,B60
Rangpur,2018,1,84.26,B60
Rangpur,2018,2,74.64,B60
Rangpur,2018,3,69.19,B60
Rangpur,2018,4,77.27,B60
Rangpur,2018,5,79.1,B60
Rangpur,2018,6,81.2,B60
Rangpur,2018,7,81.45,B60
Rangpur,2018,8,80.68,B60
Rangpur,2018,9,82.5,B60
Rangpur,2018,10,80.39,B60
Rangpur,2018,11,77.93,B60
Rangpur,2018,12,77.23,B60
Rangpur,2019,1,73.55,B60
Rangpur,2019,2,75.86,B60
Rangpur,2019,3,67.35,B60
Rangpur,2019,4,74.93,B60
Rangpur,2019,5,79.71,B60
Rangpur,2019,6,80.7,B60
Rangpur,2019,7,83.29,B60
Rangpur,2019,8,80.32,B60
Rangpur,2019,9,86.57,B60
Rangpur,2019,10,83.58,B60
Rangpur,2019,11,80.7,B60
Rangpur,2019,12,80.94,B60
Rangpur,2020,1,83.55,B60
Rangpur,2020,2,75.66,B60
Rangpur,2020,3,70.65,B60
Rangpur,2020,4,72.33,B60
Rangpur,2020,5,80.48,B60
Rangpur,2020,6,84.33,B60
Rangpur,2020,7,86.58,B60
Rangpur,2020,8,81.03,B60
Rangpur,2020,9,88.27,B60
Rangpur,2020,10,81.26,B60
Rangpur,2020,11,74.47,B60
Rangpur,2020,12,85.08,B60
Rangpur,2021,1,84.61,B60
Rangpur,2021,2,70.98,B60
Rangpur,2021,3,59.07,B60
Rangpur,2021,4,64.42,B60
Rangpur,2021,5,74.84,B60
Rangpur,2021,6,77.42,B60
Rangpur,2021,7,82.24,B60
Rangpur,2021,8,86.77,B60
Rangpur,2021,9,84.24,B60
Rangpur,2021,10,84.22,B60
Rangpur,2021,11,78.5,B60
Rangpur,2021,12,77.87,B60
Rangpur,2023,1,84.74,B60
Rangpur,2023,2,71.82,B60
Rangpur,2023,3,64.42,B60
Rangpur,2023,4,60.82,B60
Rangpur,2023,5,60.84,B60
Rangpur,2023,6,75.58,B60
Rangpur,2023,7,74.68,B60
Rangpur,2023,8,81.37,B60
Rangpur,2023,9,77.65,B60
Rangpur,2023,10,77.98,B60
Rangpur,2023,11,72.8,B60
Rangpur,2023,12,80.29,B60
Rangpur,2022,1,82.19,B60
Rangpur,2022,2,76.21,B60
Rangpur,2022,3,71.32,B60
Rangpur,2022,4,82.3,B60
Rangpur,2022,5,80.58,B60
Rangpur,2022,6,85.57,B60
Rangpur,2022,7,79.42,B60
Rangpur,2022,8,80.32,B60
Rangpur,2022,9,84.2,B60
Rangpur,2022,10,79.94,B60
Rangpur,2022,11,76.83,B60
Rangpur,2022,12,80.77,B60
Sandwip,1967,1,75.16,B60
Sandwip,1967,2,87.82,B60
Sandwip,1967,3,87.87,B60
Sandwip,1967,4,86.96,B60
Sandwip,1967,5,85.06,B60
Sandwip,1967,6,85.67,B60
Sandwip,1967,7,91.58,B60
Sandwip,1967,8,91.29,B60
Sandwip,1967,9,92.73,B60
Sandwip,1967,10,90.13,B60
Sandwip,1967,11,86.7,B60
Sandwip,1967,12,83.97,B60
Sandwip,1968,1,77.23,B60
Sandwip,1968,2,80.93,B60
Sandwip,1968,3,79.26,B60
Sandwip,1968,4,81,B60
Sandwip,1968,5,83.29,B60
Sandwip,1968,6,91.53,B60
Sandwip,1968,7,89.16,B60
Sandwip,1968,8,88.94,B60
Sandwip,1968,9,84.57,B60
Sandwip,1968,10,84.9,B60
Sandwip,1968,11,79.73,B60
Sandwip,1968,12,81.03,B60
Sandwip,1969,1,79.03,B60
Sandwip,1969,2,75.32,B60
Sandwip,1969,3,78.42,B60
Sandwip,1969,4,78.33,B60
Sandwip,1969,5,74.94,B60
Sandwip,1969,6,84.3,B60
Sandwip,1969,7,88.35,B60
Sandwip,1969,8,90.19,B60
Sandwip,1969,9,86.13,B60
Sandwip,1969,10,71.78,B60
Sandwip,1969,11,80.13,B60
Sandwip,1969,12,83.29,B60
Sandwip,1970,1,85.39,B60
Sandwip,1970,2,86.61,B60
Sandwip,1970,3,86.71,B60
Sandwip,1970,4,87.13,B60
Sandwip,1970,5,86.35,B60
Sandwip,1970,6,89.47,B60
Sandwip,1970,7,92.48,B60
Sandwip,1970,8,89.77,B60
Sandwip,1970,9,87.6,B60
Sandwip,1970,10,85.97,B60
Sandwip,1970,11,85.7,B60
Sandwip,1970,12,85.61,B60
Sandwip,1971,1,88.55,B60
Sandwip,1971,2,82.39,B60
Sandwip,1971,3,76.81,B60
Sandwip,1971,4,80.6,B60
Sandwip,1971,5,85.35,B60
Sandwip,1971,6,89.7,B60
Sandwip,1971,7,92,B60
Sandwip,1971,8,92.16,B60
Sandwip,1971,9,87.5,B60
Sandwip,1971,10,86.39,B60
Sandwip,1971,11,86.1,B60
Sandwip,1971,12,85.9,B60
Sandwip,1972,1,83.94,B60
Sandwip,1972,2,82.66,B60
Sandwip,1972,3,84.45,B60
Sandwip,1972,4,85.76,B60
Sandwip,1972,5,83.97,B60
Sandwip,1972,6,87.43,B60
Sandwip,1972,7,81.13,B60
Sandwip,1972,8,85.13,B60
Sandwip,1972,9,76.1,B60
Sandwip,1972,10,81.55,B60
Sandwip,1972,11,78.07,B60
Sandwip,1972,12,81.03,B60
Sandwip,1973,1,74.47,B60
Sandwip,1973,2,75.43,B60
Sandwip,1973,3,75.84,B60
Sandwip,1973,4,79.7,B60
Sandwip,1973,5,82.48,B60
Sandwip,1973,6,84.77,B60
Sandwip,1973,7,87,B60
Sandwip,1973,8,86.42,B60
Sandwip,1973,9,86.72,B60
Sandwip,1973,10,82.61,B60
Sandwip,1973,11,86.27,B60
Sandwip,1973,12,78.61,B60
Sandwip,1974,1,82.71,B60
Sandwip,1974,2,79.29,B60
Sandwip,1974,3,84.29,B60
Sandwip,1974,4,84.33,B60
Sandwip,1974,5,84.42,B60
Sandwip,1974,6,88.57,B60
Sandwip,1974,7,92.52,B60
Sandwip,1974,8,87.81,B60
Sandwip,1974,9,85.27,B60
Sandwip,1974,10,84.23,B60
Sandwip,1974,11,80.13,B60
Sandwip,1974,12,78.58,B60
Sandwip,1976,5,88.26,B60
Sandwip,1976,6,90.97,B60
Sandwip,1976,7,92.42,B60
Sandwip,1976,8,90.52,B60
Sandwip,1976,9,86.67,B60
Sandwip,1976,10,84.74,B60
Sandwip,1976,11,83.27,B60
Sandwip,1976,12,81.35,B60
Sandwip,1977,1,82.06,B60
Sandwip,1977,2,81.68,B60
Sandwip,1977,3,82.52,B60
Sandwip,1977,4,86.6,B60
Sandwip,1977,5,86.32,B60
Sandwip,1977,6,91.37,B60
Sandwip,1977,7,91.65,B60
Sandwip,1977,8,89.03,B60
Sandwip,1977,9,85.63,B60
Sandwip,1977,10,83.68,B60
Sandwip,1977,11,79.7,B60
Sandwip,1977,12,78.32,B60
Sandwip,1978,1,75.39,B60
Sandwip,1978,2,73.36,B60
Sandwip,1978,3,76.35,B60
Sandwip,1978,4,81.9,B60
Sandwip,1978,5,85.35,B60
Sandwip,1978,6,88,B60
Sandwip,1978,7,88.03,B60
Sandwip,1978,8,87.32,B60
Sandwip,1978,9,88.7,B60
Sandwip,1978,10,83.65,B60
Sandwip,1978,11,79.4,B60
Sandwip,1978,12,74.87,B60
Sandwip,1979,1,74.06,B60
Sandwip,1979,2,71.36,B60
Sandwip,1979,3,76.45,B60
Sandwip,1979,4,75.63,B60
Sandwip,1979,5,80.23,B60
Sandwip,1979,6,86.13,B60
Sandwip,1979,7,88.68,B60
Sandwip,1979,8,88.03,B60
Sandwip,1979,9,86.13,B60
Sandwip,1979,10,80.58,B60
Sandwip,1979,11,79.77,B60
Sandwip,1979,12,73.35,B60
Sandwip,1980,1,66.42,B60
Sandwip,1980,2,66.86,B60
Sandwip,1980,3,72.71,B60
Sandwip,1980,4,79.33,B60
Sandwip,1980,5,85.19,B60
Sandwip,1980,6,87.03,B60
Sandwip,1980,7,89.19,B60
Sandwip,1980,8,89.19,B60
Sandwip,1980,9,85.27,B60
Sandwip,1980,10,82.42,B60
Sandwip,1980,11,75.3,B60
Sandwip,1980,12,77.9,B60
Sandwip,1981,1,84.61,B60
Sandwip,1981,2,80.21,B60
Sandwip,1981,3,80.74,B60
Sandwip,1981,4,87.23,B60
Sandwip,1981,5,87.77,B60
Sandwip,1981,6,88,B60
Sandwip,1981,7,92.84,B60
Sandwip,1981,8,87.9,B60
Sandwip,1981,9,86.63,B60
Sandwip,1981,10,72.84,B60
Sandwip,1981,11,69.67,B60
Sandwip,1981,12,72.97,B60
Sandwip,1982,1,68.39,B60
Sandwip,1982,2,70.75,B60
Sandwip,1982,3,69.97,B60
Sandwip,1982,4,79.67,B60
Sandwip,1982,5,79.29,B60
Sandwip,1982,6,90.5,B60
Sandwip,1982,7,88.35,B60
Sandwip,1982,8,89.74,B60
Sandwip,1982,9,83.7,B60
Sandwip,1982,10,76.48,B60
Sandwip,1982,11,74.03,B60
Sandwip,1982,12,77.9,B60
Sandwip,1983,1,76.03,B60
Sandwip,1983,2,74.14,B60
Sandwip,1983,3,82.74,B60
Sandwip,1983,4,80.7,B60
Sandwip,1983,5,83.42,B60
Sandwip,1983,6,87.43,B60
Sandwip,1983,7,90.39,B60
Sandwip,1983,8,89.19,B60
Sandwip,1983,9,89.33,B60
Sandwip,1983,10,87.35,B60
Sandwip,1983,11,82.73,B60
Sandwip,1983,12,79.1,B60
Sandwip,1984,1,76.65,B60
Sandwip,1984,2,68.97,B60
Sandwip,1984,3,80.97,B60
Sandwip,1984,4,81.37,B60
Sandwip,1984,5,87.58,B60
Sandwip,1984,6,89.93,B60
Sandwip,1984,7,91.77,B60
Sandwip,1984,8,91.1,B60
Sandwip,1984,9,86.6,B60
Sandwip,1984,10,86.19,B60
Sandwip,1984,11,77.67,B60
Sandwip,1984,12,78.74,B60
Sandwip,1985,1,77.19,B60
Sandwip,1985,2,77.14,B60
Sandwip,1985,3,85.77,B60
Sandwip,1985,4,83.03,B60
Sandwip,1985,5,85.32,B60
Sandwip,1985,6,91.33,B60
Sandwip,1985,7,92.77,B60
Sandwip,1985,8,89.55,B60
Sandwip,1985,9,87.7,B60
Sandwip,1985,10,82.23,B60
Sandwip,1985,11,81.77,B60
Sandwip,1985,12,81.23,B60
Sandwip,1986,1,80,B60
Sandwip,1986,2,71.04,B60
Sandwip,1986,3,78.58,B60
Sandwip,1986,4,80.4,B60
Sandwip,1986,5,81.45,B60
Sandwip,1986,6,88.6,B60
Sandwip,1986,7,91.03,B60
Sandwip,1986,8,87.35,B60
Sandwip,1986,9,88.97,B60
Sandwip,1986,10,85.68,B60
Sandwip,1986,11,81.9,B60
Sandwip,1986,12,78.16,B60
Sandwip,1987,1,76.68,B60
Sandwip,1987,2,75.18,B60
Sandwip,1987,3,78,B60
Sandwip,1987,4,80.97,B60
Sandwip,1987,5,80.97,B60
Sandwip,1987,6,88.09,B60
Sandwip,1987,7,93.77,B60
Sandwip,1987,8,90.87,B60
Sandwip,1987,9,89.53,B60
Sandwip,1987,10,82,B60
Sandwip,1987,11,81.13,B60
Sandwip,1987,12,77.39,B60
Sandwip,1988,1,75.1,B60
Sandwip,1988,2,76.45,B60
Sandwip,1988,3,76.29,B60
Sandwip,1988,4,80.4,B60
Sandwip,1988,5,85.26,B60
Sandwip,1988,6,90.23,B60
Sandwip,1988,7,91.45,B60
Sandwip,1988,8,91.48,B60
Sandwip,1988,9,88.4,B60
Sandwip,1988,10,83.97,B60
Sandwip,1988,11,79.6,B60
Sandwip,1988,12,80.42,B60
Sandwip,1989,1,73.84,B60
Sandwip,1989,2,78,B60
Sandwip,1989,3,76.84,B60
Sandwip,1989,4,82.6,B60
Sandwip,1989,5,83.74,B60
Sandwip,1989,6,86.2,B60
Sandwip,1989,7,88.42,B60
Sandwip,1989,8,86.61,B60
Sandwip,1989,9,87.9,B60
Sandwip,1989,10,88.16,B60
Sandwip,1989,11,80.93,B60
Sandwip,1989,12,79.71,B60
Sandwip,1990,1,84.77,B60
Sandwip,1990,2,81.68,B60
Sandwip,1990,3,81.71,B60
Sandwip,1990,4,83.3,B60
Sandwip,1990,5,82.39,B60
Sandwip,1990,6,86.97,B60
Sandwip,1990,7,91,B60
Sandwip,1990,8,85.42,B60
Sandwip,1990,9,86.27,B60
Sandwip,1990,10,81.61,B60
Sandwip,1990,11,82.53,B60
Sandwip,1990,12,79.77,B60
Sandwip,1991,1,75.84,B60
Sandwip,1991,2,78.39,B60
Sandwip,1991,3,75.61,B60
Sandwip,1991,5,84.75,B60
Sandwip,1991,6,88.93,B60
Sandwip,1991,7,88.42,B60
Sandwip,1991,8,88.1,B60
Sandwip,1991,9,89.2,B60
Sandwip,1991,10,87.52,B60
Sandwip,1991,11,82.27,B60
Sandwip,1991,12,80.94,B60
Sandwip,1992,1,83.74,B60
Sandwip,1992,2,81.45,B60
Sandwip,1992,3,85.94,B60
Sandwip,1992,4,79.93,B60
Sandwip,1992,5,84.03,B60
Sandwip,1992,6,86,B60
Sandwip,1992,7,90.26,B60
Sandwip,1992,8,88.19,B60
Sandwip,1992,9,86.63,B60
Sandwip,1992,10,85.52,B60
Sandwip,1992,11,84.37,B60
Sandwip,1992,12,83.65,B60
Sandwip,1993,1,82.45,B60
Sandwip,1993,2,81.46,B60
Sandwip,1993,3,79.52,B60
Sandwip,1993,4,84.53,B60
Sandwip,1993,5,85.19,B60
Sandwip,1993,6,89.67,B60
Sandwip,1993,7,89.52,B60
Sandwip,1993,8,90.19,B60
Sandwip,1993,9,87.77,B60
Sandwip,1993,10,84.77,B60
Sandwip,1993,11,82.93,B60
Sandwip,1993,12,80.16,B60
Sandwip,1994,1,79.42,B60
Sandwip,1994,2,72.79,B60
Sandwip,1994,3,85.06,B60
Sandwip,1994,4,84.67,B60
Sandwip,1994,5,86.26,B60
Sandwip,1994,6,90.17,B60
Sandwip,1994,7,89.65,B60
Sandwip,1994,8,88.52,B60
Sandwip,1994,9,84.3,B60
Sandwip,1994,10,85.55,B60
Sandwip,1994,11,83.23,B60
Sandwip,1994,12,83.45,B60
Sandwip,1995,1,76.58,B60
Sandwip,1995,2,82.82,B60
Sandwip,1995,3,78.48,B60
Sandwip,1995,4,83.07,B60
Sandwip,1995,5,83.1,B60
Sandwip,1995,6,89.33,B60
Sandwip,1995,7,91.26,B60
Sandwip,1995,8,89.32,B60
Sandwip,1995,9,88.93,B60
Sandwip,1995,10,86.26,B60
Sandwip,1995,11,86.87,B60
Sandwip,1995,12,80.13,B60
Sandwip,1996,1,78.81,B60
Sandwip,1996,2,77.69,B60
Sandwip,1996,3,85.39,B60
Sandwip,1996,4,82.17,B60
Sandwip,1996,5,86,B60
Sandwip,1996,6,86.87,B60
Sandwip,1996,7,90.58,B60
Sandwip,1996,8,90.58,B60
Sandwip,1996,9,87.57,B60
Sandwip,1996,10,84.32,B60
Sandwip,1996,11,82.33,B60
Sandwip,1996,12,80.81,B60
Sandwip,1997,1,76.48,B60
Sandwip,1997,2,81.25,B60
Sandwip,1997,3,86.16,B60
Sandwip,1997,4,82.57,B60
Sandwip,1997,5,85.06,B60
Sandwip,1997,6,87.9,B60
Sandwip,1997,7,91.77,B60
Sandwip,1997,8,87.61,B60
Sandwip,1997,9,89.23,B60
Sandwip,1997,10,83.35,B60
Sandwip,1997,11,83.07,B60
Sandwip,1997,12,76.74,B60
Sandwip,1998,1,84.06,B60
Sandwip,1998,2,81.82,B60
Sandwip,1998,3,76.48,B60
Sandwip,1998,4,84.13,B60
Sandwip,1998,5,85.77,B60
Sandwip,1998,6,88.17,B60
Sandwip,1998,7,92.39,B60
Sandwip,1998,8,92.39,B60
Sandwip,1998,9,88.37,B60
Sandwip,1998,10,86.16,B60
Sandwip,1998,11,83.87,B60
Sandwip,1998,12,79.52,B60
Sandwip,1999,1,79.23,B60
Sandwip,1999,2,74.93,B60
Sandwip,1999,3,78.23,B60
Sandwip,1999,4,81.17,B60
Sandwip,1999,5,86.84,B60
Sandwip,1999,6,91.63,B60
Sandwip,1999,7,92.16,B60
Sandwip,1999,8,91.68,B60
Sandwip,1999,9,89.43,B60
Sandwip,1999,10,89.19,B60
Sandwip,1999,11,80.47,B60
Sandwip,1999,12,81.58,B60
Sandwip,2000,1,80.48,B60
Sandwip,2000,2,73.72,B60
Sandwip,2000,3,82.87,B60
Sandwip,2000,4,83.4,B60
Sandwip,2000,5,87.55,B60
Sandwip,2000,6,90.07,B60
Sandwip,2000,7,90.26,B60
Sandwip,2000,8,87.9,B60
Sandwip,2000,9,87.83,B60
Sandwip,2000,10,89.42,B60
Sandwip,2000,11,87.17,B60
Sandwip,2000,12,81.35,B60
Sandwip,2001,1,82.35,B60
Sandwip,2001,2,82.36,B60
Sandwip,2001,3,74.45,B60
Sandwip,2001,4,81.2,B60
Sandwip,2001,5,85.65,B60
Sandwip,2001,6,90.73,B60
Sandwip,2001,7,87.9,B60
Sandwip,2001,8,85.1,B60
Sandwip,2001,9,86.57,B60
Sandwip,2001,10,87.16,B60
Sandwip,2001,11,87.3,B60
Sandwip,2001,12,82.9,B60
Sandwip,2002,1,82,B60
Sandwip,2002,2,79.96,B60
Sandwip,2002,3,78.1,B60
Sandwip,2002,4,84.73,B60
Sandwip,2002,5,88,B60
Sandwip,2002,6,88.27,B60
Sandwip,2002,7,89.29,B60
Sandwip,2002,12,97.06,B60
Sandwip,2004,2,82.55,B60
Sandwip,2004,3,83.71,B60
Sandwip,2004,4,82.9,B60
Sandwip,2004,5,83.68,B60
Sandwip,2004,6,87,B60
Sandwip,2004,7,88.32,B60
Sandwip,2004,8,86.55,B60
Sandwip,2004,9,89.53,B60
Sandwip,2004,10,84.97,B60
Sandwip,2004,11,81.73,B60
Sandwip,2004,12,80.32,B60
Sandwip,2005,1,78.32,B60
Sandwip,2005,2,79.54,B60
Sandwip,2005,3,85.26,B60
Sandwip,2005,4,80.5,B60
Sandwip,2005,5,81.71,B60
Sandwip,2005,6,85.07,B60
Sandwip,2005,7,88.03,B60
Sandwip,2005,8,89.52,B60
Sandwip,2005,9,86.63,B60
Sandwip,2005,10,86.13,B60
Sandwip,2005,11,81.8,B60
Sandwip,2005,12,82.1,B60
Sandwip,2006,1,77.74,B60
Sandwip,2006,2,80.54,B60
Sandwip,2006,3,71.42,B60
Sandwip,2006,4,77.27,B60
Sandwip,2006,5,83.03,B60
Sandwip,2006,6,87.03,B60
Sandwip,2006,7,88.45,B60
Sandwip,2006,8,84.55,B60
Sandwip,2006,9,86.87,B60
Sandwip,2006,10,85.71,B60
Sandwip,2006,11,83.57,B60
Sandwip,2006,12,81.94,B60
Sandwip,2007,1,79.55,B60
Sandwip,2007,2,77,B60
Sandwip,2007,3,69.23,B60
Sandwip,2007,4,80.23,B60
Sandwip,2007,5,81.94,B60
Sandwip,2007,6,86.47,B60
Sandwip,2007,7,89.74,B60
Sandwip,2007,8,87.32,B60
Sandwip,2007,9,88.17,B60
Sandwip,2007,10,85.77,B60
Sandwip,2007,11,84.4,B60
Sandwip,2007,12,81.45,B60
Sandwip,2008,1,81.52,B60
Sandwip,2008,2,73.59,B60
Sandwip,2008,3,80.81,B60
Sandwip,2008,4,75.87,B60
Sandwip,2008,5,79.48,B60
Sandwip,2008,6,87.7,B60
Sandwip,2008,7,90.06,B60
Sandwip,2008,8,87.87,B60
Sandwip,2008,9,85.9,B60
Sandwip,2008,10,85.39,B60
Sandwip,2008,11,80.73,B60
Sandwip,2008,12,83.65,B60
Sandwip,2009,1,80.39,B60
Sandwip,2009,2,73.68,B60
Sandwip,2009,3,75.81,B60
Sandwip,2009,4,79.63,B60
Sandwip,2009,5,80.84,B60
Sandwip,2009,6,84.2,B60
Sandwip,2009,7,89.55,B60
Sandwip,2009,8,88.84,B60
Sandwip,2009,9,86.83,B60
Sandwip,2009,10,85.16,B60
Sandwip,2009,11,81.53,B60
Sandwip,2009,12,81.87,B60
Sandwip,2010,1,79.35,B60
Sandwip,2010,2,71.79,B60
Sandwip,2010,3,78.35,B60
Sandwip,2010,4,79.9,B60
Sandwip,2010,5,82.26,B60
Sandwip,2010,6,89.87,B60
Sandwip,2010,7,86.29,B60
Sandwip,2010,8,86.97,B60
Sandwip,2010,9,87.33,B60
Sandwip,2010,10,85.84,B60
Sandwip,2010,11,82.6,B60
Sandwip,2010,12,82.06,B60
Sandwip,2011,1,77.71,B60
Sandwip,2011,2,74.14,B60
Sandwip,2011,3,74.77,B60
Sandwip,2011,4,80.03,B60
Sandwip,2011,5,83.48,B60
Sandwip,2011,6,87.53,B60
Sandwip,2011,7,86.39,B60
Sandwip,2011,8,89.06,B60
Sandwip,2011,9,87.67,B60
Sandwip,2011,10,84.19,B60
Sandwip,2011,11,81.57,B60
Sandwip,2011,12,84.19,B60
Sandwip,2012,1,77.16,B60
Sandwip,2012,2,70.72,B60
Sandwip,2012,3,79.81,B60
Sandwip,2012,4,81.97,B60
Sandwip,2012,5,81.9,B60
Sandwip,2012,6,86.67,B60
Sandwip,2012,7,89.26,B60
Sandwip,2012,8,86.74,B60
Sandwip,2012,9,85.47,B60
Sandwip,2012,10,84.55,B60
Sandwip,2012,11,80.47,B60
Sandwip,2013,1,74.48,B60
Sandwip,2013,2,68.89,B60
Sandwip,2013,3,76.52,B60
Sandwip,2013,4,77.4,B60
Sandwip,2013,5,86.26,B60
Sandwip,2013,6,84.27,B60
Sandwip,2013,7,85.81,B60
Sandwip,2013,8,88.13,B60
Sandwip,2013,9,88,B60
Sandwip,2013,10,87.39,B60
Sandwip,2013,11,80.73,B60
Sandwip,2013,12,83.03,B60
Sandwip,2014,1,78.16,B60
Sandwip,2014,2,75.86,B60
Sandwip,2014,3,71.68,B60
Sandwip,2014,4,76.27,B60
Sandwip,2014,5,80.97,B60
Sandwip,2014,6,88.9,B60
Sandwip,2014,7,85.71,B60
Sandwip,2014,8,89.77,B60
Sandwip,2014,9,86.1,B60
Sandwip,2014,10,83.77,B60
Sandwip,2014,11,81.37,B60
Sandwip,2014,12,82.61,B60
Sandwip,2015,1,80.71,B60
Sandwip,2015,2,76.79,B60
Sandwip,2015,3,70.52,B60
Sandwip,2015,4,81.37,B60
Sandwip,2015,5,81.74,B60
Sandwip,2015,6,87.07,B60
Sandwip,2015,7,90.71,B60
Sandwip,2015,8,88.35,B60
Sandwip,2015,9,87.47,B60
Sandwip,2015,10,87,B60
Sandwip,2015,11,83.6,B60
Sandwip,2015,12,83.23,B60
Sandwip,2016,1,83.1,B60
Sandwip,2016,2,82.03,B60
Sandwip,2016,3,81.71,B60
Sandwip,2016,4,84.27,B60
Sandwip,2016,5,84.29,B60
Sandwip,2016,6,86.07,B60
Sandwip,2016,7,90.1,B60
Sandwip,2016,8,86.81,B60
Sandwip,2016,9,86.7,B60
Sandwip,2016,10,85.42,B60
Sandwip,2016,11,84.87,B60
Sandwip,2016,12,84.1,B60
Sandwip,2017,1,78.9,B60
Sandwip,2017,2,76.11,B60
Sandwip,2017,3,82.68,B60
Sandwip,2017,4,86.33,B60
Sandwip,2017,5,82.45,B60
Sandwip,2017,6,88.4,B60
Sandwip,2017,7,90.94,B60
Sandwip,2017,8,88.45,B60
Sandwip,2017,9,90.73,B60
Sandwip,2017,10,87.16,B60
Sandwip,2017,11,82.73,B60
Sandwip,2017,12,85.45,B60
Sandwip,2018,1,81.29,B60
Sandwip,2018,2,78.04,B60
Sandwip,2018,3,78.23,B60
Sandwip,2018,4,79.33,B60
Sandwip,2018,5,85.74,B60
Sandwip,2018,6,87.8,B60
Sandwip,2018,7,88.77,B60
Sandwip,2018,8,86.16,B60
Sandwip,2018,9,86.23,B60
Sandwip,2018,10,85.94,B60
Sandwip,2018,11,80.87,B60
Sandwip,2018,12,81.52,B60
Sandwip,2019,1,76.87,B60
Sandwip,2019,2,76.32,B60
Sandwip,2019,3,76.32,B60
Sandwip,2019,4,77.53,B60
Sandwip,2019,5,80.39,B60
Sandwip,2019,6,83.67,B60
Sandwip,2019,7,89.9,B60
Sandwip,2019,8,87.03,B60
Sandwip,2019,9,87.13,B60
Sandwip,2019,10,86.94,B60
Sandwip,2019,11,85.33,B60
Sandwip,2019,12,84.29,B60
Sandwip,2020,1,82.55,B60
Sandwip,2020,2,76.86,B60
Sandwip,2020,3,71.61,B60
Sandwip,2020,4,81.63,B60
Sandwip,2020,5,81.94,B60
Sandwip,2020,6,88.2,B60
Sandwip,2020,7,88.26,B60
Sandwip,2020,8,87.61,B60
Sandwip,2020,9,88.43,B60
Sandwip,2020,10,86.58,B60
Sandwip,2020,11,86.47,B60
Sandwip,2020,12,89.74,B60
Sandwip,2021,1,84.35,B60
Sandwip,2021,2,72.79,B60
Sandwip,2021,3,70.24,B60
Sandwip,2021,4,68.93,B60
Sandwip,2021,5,73.05,B60
Sandwip,2021,6,87,B60
Sandwip,2021,7,88.66,B60
Sandwip,2021,8,89.37,B60
Sandwip,2021,9,85.02,B60
Sandwip,2021,10,85.16,B60
Sandwip,2021,11,81.93,B60
Sandwip,2021,12,82.2,B60
Sandwip,2023,1,83.13,B60
Sandwip,2023,2,73.45,B60
Sandwip,2023,3,71.58,B60
Sandwip,2023,4,69.35,B60
Sandwip,2023,5,74.47,B60
Sandwip,2023,6,85.8,B60
Sandwip,2023,7,82.08,B60
Sandwip,2023,8,89.47,B60
Sandwip,2023,9,85.78,B60
Sandwip,2023,10,86.86,B60
Sandwip,2023,11,84.2,B60
Sandwip,2023,12,84.89,B60
Sandwip,2022,1,82.1,B60
Sandwip,2022,2,74,B60
Sandwip,2022,3,71.97,B60
Sandwip,2022,4,80.33,B60
Sandwip,2022,5,83.48,B60
Sandwip,2022,6,87.03,B60
Sandwip,2022,7,83.35,B60
Sandwip,2022,8,84.03,B60
Sandwip,2022,9,88.13,B60
Sandwip,2022,10,86.1,B60
Sandwip,2022,11,83.3,B60
Sandwip,2022,12,83.58,B60
Satkhira,1948,1,67.48,B60
Satkhira,1948,2,67.21,B60
Satkhira,1948,3,63.19,B60
Satkhira,1948,4,70.57,B60
Satkhira,1948,5,75.74,B60
Satkhira,1948,6,85.43,B60
Satkhira,1948,7,89.48,B60
Satkhira,1948,8,89.32,B60
Satkhira,1948,9,88.1,B60
Satkhira,1948,10,82.61,B60
Satkhira,1948,11,83.07,B60
Satkhira,1948,12,76.1,B60
Satkhira,1949,1,83.48,B60
Satkhira,1949,2,81.79,B60
Satkhira,1949,3,84.42,B60
Satkhira,1949,4,79.27,B60
Satkhira,1949,5,82.03,B60
Satkhira,1949,6,87.9,B60
Satkhira,1949,7,88.77,B60
Satkhira,1949,8,89.39,B60
Satkhira,1949,9,87.63,B60
Satkhira,1949,10,83.61,B60
Satkhira,1949,11,73.77,B60
Satkhira,1949,12,74.16,B60
Satkhira,1950,1,75.71,B60
Satkhira,1950,2,75.11,B60
Satkhira,1950,3,68.84,B60
Satkhira,1950,4,74.9,B60
Satkhira,1950,5,78.1,B60
Satkhira,1950,6,88.9,B60
Satkhira,1950,7,88.35,B60
Satkhira,1950,8,90.61,B60
Satkhira,1950,9,87.6,B60
Satkhira,1950,10,86.39,B60
Satkhira,1950,11,78.97,B60
Satkhira,1950,12,77.42,B60
Satkhira,1951,1,75.23,B60
Satkhira,1951,2,68.43,B60
Satkhira,1951,3,74.55,B60
Satkhira,1951,4,78.1,B60
Satkhira,1951,5,76.65,B60
Satkhira,1951,6,82.67,B60
Satkhira,1951,7,86.94,B60
Satkhira,1951,8,87.48,B60
Satkhira,1951,9,86.53,B60
Satkhira,1951,10,88.71,B60
Satkhira,1951,11,82.9,B60
Satkhira,1951,12,80.23,B60
Satkhira,1952,1,79.48,B60
Satkhira,1952,3,69.32,B60
Satkhira,1952,4,76.37,B60
Satkhira,1952,5,77.32,B60
Satkhira,1952,6,84.67,B60
Satkhira,1952,7,89.97,B60
Satkhira,1952,8,88.55,B60
Satkhira,1952,9,87.17,B60
Satkhira,1952,10,85.71,B60
Satkhira,1952,11,81.67,B60
Satkhira,1952,12,75.55,B60
Satkhira,1953,1,74.03,B60
Satkhira,1953,2,76.79,B60
Satkhira,1953,3,81.42,B60
Satkhira,1953,4,77.8,B60
Satkhira,1953,5,78.29,B60
Satkhira,1953,6,85.8,B60
Satkhira,1953,7,87.9,B60
Satkhira,1953,8,87.87,B60
Satkhira,1953,9,86.53,B60
Satkhira,1953,10,82.39,B60
Satkhira,1953,11,76.63,B60
Satkhira,1953,12,75.23,B60
Satkhira,1954,1,76.42,B60
Satkhira,1954,2,76.5,B60
Satkhira,1954,3,70.74,B60
Satkhira,1954,4,79.17,B60
Satkhira,1954,5,77.26,B60
Satkhira,1954,6,86.5,B60
Satkhira,1954,7,85.32,B60
Satkhira,1954,8,88.06,B60
Satkhira,1954,9,86.93,B60
Satkhira,1954,10,81.9,B60
Satkhira,1954,11,74.2,B60
Satkhira,1954,12,73.77,B60
Satkhira,1956,1,71.35,B60
Satkhira,1956,2,68.07,B60
Satkhira,1956,3,72.19,B60
Satkhira,1956,4,73,B60
Satkhira,1956,5,77.65,B60
Satkhira,1956,6,87.03,B60
Satkhira,1956,7,86,B60
Satkhira,1956,8,87.9,B60
Satkhira,1956,9,87.27,B60
Satkhira,1956,10,85.94,B60
Satkhira,1956,11,78.63,B60
Satkhira,1956,12,80.55,B60
Satkhira,1957,1,82.32,B60
Satkhira,1957,2,74.93,B60
Satkhira,1957,3,61.52,B60
Satkhira,1957,4,62.77,B60
Satkhira,1957,5,66.61,B60
Satkhira,1957,6,76.93,B60
Satkhira,1957,7,86.97,B60
Satkhira,1957,8,87.29,B60
Satkhira,1957,9,89.73,B60
Satkhira,1957,10,82.74,B60
Satkhira,1957,11,72.5,B60
Satkhira,1957,12,77.1,B60
Satkhira,1958,1,77.84,B60
Satkhira,1958,2,75.36,B60
Satkhira,1958,3,63.9,B60
Satkhira,1958,4,73.7,B60
Satkhira,1958,5,77.35,B60
Satkhira,1958,6,81.63,B60
Satkhira,1958,7,89,B60
Satkhira,1958,8,87.1,B60
Satkhira,1958,9,87.6,B60
Satkhira,1958,10,84.39,B60
Satkhira,1958,11,78.53,B60
Satkhira,1958,12,78.71,B60
Satkhira,1959,1,79.87,B60
Satkhira,1959,2,68.75,B60
Satkhira,1959,3,69.19,B60
Satkhira,1959,4,76.23,B60
Satkhira,1959,5,76.1,B60
Satkhira,1959,6,84.2,B60
Satkhira,1959,7,87.84,B60
Satkhira,1959,8,87.65,B60
Satkhira,1959,9,89.83,B60
Satkhira,1959,10,88.23,B60
Satkhira,1959,11,76.23,B60
Satkhira,1959,12,74.16,B60
Satkhira,1960,1,67.39,B60
Satkhira,1960,2,70.28,B60
Satkhira,1960,3,66.97,B60
Satkhira,1960,4,83.8,B60
Satkhira,1960,5,75.16,B60
Satkhira,1960,6,83.8,B60
Satkhira,1960,7,87.16,B60
Satkhira,1960,8,88.71,B60
Satkhira,1960,9,87.27,B60
Satkhira,1960,10,82.32,B60
Satkhira,1960,11,76.23,B60
Satkhira,1960,12,77.87,B60
Satkhira,1961,1,90.68,B60
Satkhira,1961,2,87.39,B60
Satkhira,1961,3,81.23,B60
Satkhira,1961,4,80.1,B60
Satkhira,1961,5,78.39,B60
Satkhira,1961,6,85.4,B60
Satkhira,1961,7,85.65,B60
Satkhira,1961,8,87.39,B60
Satkhira,1961,9,86.3,B60
Satkhira,1961,10,84.29,B60
Satkhira,1961,11,75.3,B60
Satkhira,1961,12,73.9,B60
Satkhira,1962,1,72.94,B60
Satkhira,1962,2,71.18,B60
Satkhira,1962,3,61.35,B60
Satkhira,1962,4,73.23,B60
Satkhira,1962,5,75.06,B60
Satkhira,1962,6,86.57,B60
Satkhira,1962,7,86.35,B60
Satkhira,1962,8,87.81,B60
Satkhira,1962,9,86.2,B60
Satkhira,1962,10,79.52,B60
Satkhira,1962,11,76.23,B60
Satkhira,1962,12,78.19,B60
Satkhira,1963,1,85.68,B60
Satkhira,1963,2,74.36,B60
Satkhira,1963,3,62.42,B60
Satkhira,1963,4,73.63,B60
Satkhira,1963,5,76.19,B60
Satkhira,1963,6,83.83,B60
Satkhira,1963,7,87.1,B60
Satkhira,1963,8,87.71,B60
Satkhira,1963,9,86.83,B60
Satkhira,1963,10,84.29,B60
Satkhira,1963,11,80.63,B60
Satkhira,1963,12,83.48,B60
Satkhira,1964,1,82.61,B60
Satkhira,1964,2,82.03,B60
Satkhira,1964,3,77.55,B60
Satkhira,1964,4,75.1,B60
Satkhira,1964,5,75.29,B60
Satkhira,1964,6,81.23,B60
Satkhira,1964,7,87.35,B60
Satkhira,1964,8,86.42,B60
Satkhira,1964,9,85.57,B60
Satkhira,1964,10,86.65,B60
Satkhira,1964,11,78.17,B60
Satkhira,1964,12,78.65,B60
Satkhira,1965,1,73.45,B60
Satkhira,1965,2,66.43,B60
Satkhira,1965,3,65.06,B60
Satkhira,1965,4,71.77,B60
Satkhira,1965,6,82.43,B60
Satkhira,1965,7,85.26,B60
Satkhira,1965,8,87.03,B60
Satkhira,1965,9,88.03,B60
Satkhira,1965,10,82.94,B60
Satkhira,1965,11,78.87,B60
Satkhira,1965,12,75.42,B60
Satkhira,1966,1,71.13,B60
Satkhira,1966,2,67.32,B60
Satkhira,1966,4,71.33,B60
Satkhira,1966,6,85.4,B60
Satkhira,1966,7,87.74,B60
Satkhira,1966,8,91,B60
Satkhira,1966,10,91.55,B60
Satkhira,1966,11,89.5,B60
Satkhira,1966,12,82.19,B60
Satkhira,1967,1,79.35,B60
Satkhira,1967,2,75.89,B60
Satkhira,1967,3,74.87,B60
Satkhira,1967,4,76.18,B60
Satkhira,1967,5,78.29,B60
Satkhira,1969,1,80.52,B60
Satkhira,1969,2,86.39,B60
Satkhira,1969,3,76.48,B60
Satkhira,1969,4,77.63,B60
Satkhira,1969,5,82.03,B60
Satkhira,1969,6,84.2,B60
Satkhira,1969,7,89.68,B60
Satkhira,1969,8,92.52,B60
Satkhira,1969,9,90.07,B60
Satkhira,1969,10,87.9,B60
Satkhira,1969,11,81.8,B60
Satkhira,1969,12,77.35,B60
Satkhira,1970,1,79.1,B60
Satkhira,1970,2,73.29,B60
Satkhira,1970,3,75.35,B60
Satkhira,1970,4,74.03,B60
Satkhira,1970,5,71.94,B60
Satkhira,1970,6,88.43,B60
Satkhira,1970,7,90.58,B60
Satkhira,1970,8,89.26,B60
Satkhira,1970,9,89.07,B60
Satkhira,1970,10,87.29,B60
Satkhira,1970,11,76.47,B60
Satkhira,1970,12,77.29,B60
Satkhira,1971,1,66.06,B60
Satkhira,1971,3,62.68,B60
Satkhira,1971,5,78.81,B60
Satkhira,1971,6,88.03,B60
Satkhira,1971,7,90.81,B60
Satkhira,1971,8,89.71,B60
Satkhira,1971,9,87.13,B60
Satkhira,1971,10,86.1,B60
Satkhira,1971,11,74.67,B60
Satkhira,1971,12,60.5,B60
Satkhira,1972,1,72.19,B60
Satkhira,1972,2,72.59,B60
Satkhira,1972,3,71.77,B60
Satkhira,1972,4,79.8,B60
Satkhira,1972,5,78.19,B60
Satkhira,1973,2,55.93,B60
Satkhira,1973,3,59.55,B60
Satkhira,1973,4,63.13,B60
Satkhira,1973,5,75.03,B60
Satkhira,1973,6,80.13,B60
Satkhira,1973,7,85.74,B60
Satkhira,1973,8,85.29,B60
Satkhira,1973,9,86.5,B60
Satkhira,1973,10,80.61,B60
Satkhira,1973,11,76.33,B60
Satkhira,1973,12,72.19,B60
Satkhira,1974,1,64.03,B60
Satkhira,1974,2,54.46,B60
Satkhira,1974,3,62.68,B60
Satkhira,1974,4,72.3,B60
Satkhira,1974,5,70.16,B60
Satkhira,1974,6,78.17,B60
Satkhira,1974,7,87.26,B60
Satkhira,1974,8,83.68,B60
Satkhira,1974,9,84.73,B60
Satkhira,1974,10,81.45,B60
Satkhira,1974,11,70.77,B60
Satkhira,1974,12,65.77,B60
Satkhira,1975,1,62.68,B60
Satkhira,1975,2,62.07,B60
Satkhira,1975,3,53.71,B60
Satkhira,1975,4,64.5,B60
Satkhira,1975,5,69.1,B60
Satkhira,1975,6,77.87,B60
Satkhira,1975,7,86.1,B60
Satkhira,1975,8,83.52,B60
Satkhira,1975,9,84.7,B60
Satkhira,1975,10,81.58,B60
Satkhira,1975,11,72.37,B60
Satkhira,1975,12,65.58,B60
Satkhira,1976,1,63.32,B60
Satkhira,1976,2,64.55,B60
Satkhira,1976,3,62.84,B60
Satkhira,1976,4,62.57,B60
Satkhira,1976,5,75.23,B60
Satkhira,1976,6,79.13,B60
Satkhira,1976,7,85,B60
Satkhira,1976,8,86,B60
Satkhira,1976,9,84.53,B60
Satkhira,1976,10,77.45,B60
Satkhira,1976,11,75.37,B60
Satkhira,1976,12,69.9,B60
Satkhira,1977,1,65.87,B60
Satkhira,1977,2,65.64,B60
Satkhira,1977,3,67.97,B60
Satkhira,1977,4,75.47,B60
Satkhira,1977,5,77.77,B60
Satkhira,1977,6,84.87,B60
Satkhira,1977,7,87.39,B60
Satkhira,1977,8,86.39,B60
Satkhira,1977,9,83.73,B60
Satkhira,1977,10,79.65,B60
Satkhira,1977,11,77.4,B60
Satkhira,1977,12,73.35,B60
Satkhira,1978,1,68.32,B60
Satkhira,1978,2,62.61,B60
Satkhira,1978,3,58.13,B60
Satkhira,1978,4,71.63,B60
Satkhira,1978,5,76.87,B60
Satkhira,1978,6,82.8,B60
Satkhira,1978,7,86.35,B60
Satkhira,1978,8,87,B60
Satkhira,1978,9,85.7,B60
Satkhira,1978,10,79.71,B60
Satkhira,1978,11,70.97,B60
Satkhira,1978,12,67.94,B60
Satkhira,1979,1,69.23,B60
Satkhira,1979,2,63.11,B60
Satkhira,1979,3,51.65,B60
Satkhira,1979,4,59.57,B60
Satkhira,1979,5,58.19,B60
Satkhira,1979,6,74.3,B60
Satkhira,1979,7,82.19,B60
Satkhira,1979,8,84,B60
Satkhira,1979,9,80.47,B60
Satkhira,1979,10,72.42,B60
Satkhira,1979,11,69.3,B60
Satkhira,1979,12,69.45,B60
Satkhira,1980,1,64.48,B60
Satkhira,1980,2,64,B60
Satkhira,1980,3,65.54,B60
Satkhira,1980,4,64.7,B60
Satkhira,1980,5,69.71,B60
Satkhira,1980,6,82.67,B60
Satkhira,1980,8,83.81,B60
Satkhira,1980,9,82.73,B60
Satkhira,1980,10,79.13,B60
Satkhira,1980,11,62.81,B60
Satkhira,1980,12,59.12,B60
Satkhira,1981,1,66.5,B60
Satkhira,1981,2,66.07,B60
Satkhira,1981,3,65.42,B60
Satkhira,1981,4,73.07,B60
Satkhira,1981,5,76.71,B60
Satkhira,1981,6,79.63,B60
Satkhira,1981,7,86.71,B60
Satkhira,1981,8,84.71,B60
Satkhira,1981,9,85.4,B60
Satkhira,1981,10,68.84,B60
Satkhira,1981,11,60.63,B60
Satkhira,1981,12,66.35,B60
Satkhira,1982,1,62.71,B60
Satkhira,1982,2,64.39,B60
Satkhira,1982,3,60.52,B60
Satkhira,1982,4,66.73,B60
Satkhira,1982,5,61.94,B60
Satkhira,1982,6,77.03,B60
Satkhira,1982,7,79.48,B60
Satkhira,1982,8,85.65,B60
Satkhira,1982,9,79.67,B60
Satkhira,1982,10,72.29,B60
Satkhira,1982,11,66.57,B60
Satkhira,1982,12,60.45,B60
Satkhira,1983,1,64.94,B60
Satkhira,1983,2,61.82,B60
Satkhira,1983,3,63.35,B60
Satkhira,1983,4,62.97,B60
Satkhira,1983,5,70.45,B60
Satkhira,1983,6,77.1,B60
Satkhira,1983,7,83,B60
Satkhira,1983,8,86.94,B60
Satkhira,1983,9,85.77,B60
Satkhira,1983,10,79.26,B60
Satkhira,1983,11,64.63,B60
Satkhira,1983,12,63.9,B60
Satkhira,1984,1,64.87,B60
Satkhira,1984,2,56.62,B60
Satkhira,1984,3,52.97,B60
Satkhira,1984,4,66.2,B60
Satkhira,1984,5,71.81,B60
Satkhira,1984,6,84.2,B60
Satkhira,1984,7,84.23,B60
Satkhira,1984,8,85.19,B60
Satkhira,1984,9,80.87,B60
Satkhira,1984,10,76.42,B60
Satkhira,1984,11,61.77,B60
Satkhira,1984,12,59.94,B60
Satkhira,1985,1,66.16,B60
Satkhira,1985,2,56.21,B60
Satkhira,1985,3,60.48,B60
Satkhira,1985,4,61.17,B60
Satkhira,1985,5,69.42,B60
Satkhira,1985,6,77.9,B60
Satkhira,1985,7,83.29,B60
Satkhira,1985,8,83.45,B60
Satkhira,1985,9,84.2,B60
Satkhira,1985,10,74.23,B60
Satkhira,1985,11,66.97,B60
Satkhira,1985,12,64.32,B60
Satkhira,1986,1,64.97,B60
Satkhira,1986,2,55.04,B60
Satkhira,1986,3,50.45,B60
Satkhira,1986,4,63.93,B60
Satkhira,1986,5,67.94,B60
Satkhira,1986,6,77.7,B60
Satkhira,1986,7,84.16,B60
Satkhira,1986,8,80.16,B60
Satkhira,1986,9,85.2,B60
Satkhira,1986,10,78.61,B60
Satkhira,1986,11,74.23,B60
Satkhira,1986,12,68.52,B60
Satkhira,1987,1,65.65,B60
Satkhira,1987,2,61.89,B60
Satkhira,1987,3,61.23,B60
Satkhira,1987,4,64.9,B60
Satkhira,1987,5,68.61,B60
Satkhira,1987,6,75.2,B60
Satkhira,1987,7,85.23,B60
Satkhira,1987,8,82.65,B60
Satkhira,1987,9,83.5,B60
Satkhira,1987,10,73.29,B60
Satkhira,1987,11,68.37,B60
Satkhira,1987,12,66.65,B60
Satkhira,1988,1,65.48,B60
Satkhira,1988,2,66.31,B60
Satkhira,1988,3,63.06,B60
Satkhira,1988,4,63.87,B60
Satkhira,1988,5,73.32,B60
Satkhira,1988,6,80.9,B60
Satkhira,1988,7,83.35,B60
Satkhira,1988,8,85.1,B60
Satkhira,1988,9,82.9,B60
Satkhira,1988,10,73.81,B60
Satkhira,1988,11,67.83,B60
Satkhira,1988,12,71.13,B60
Satkhira,1989,1,72.13,B60
Satkhira,1989,2,67.79,B60
Satkhira,1989,3,64.06,B60
Satkhira,1989,4,71.93,B60
Satkhira,1989,5,76.71,B60
Satkhira,1989,6,82.6,B60
Satkhira,1989,7,84.94,B60
Satkhira,1989,8,85.29,B60
Satkhira,1989,9,87.43,B60
Satkhira,1989,10,85.03,B60
Satkhira,1989,11,78.57,B60
Satkhira,1989,12,76.26,B60
Satkhira,1990,1,74.71,B60
Satkhira,1990,2,75,B60
Satkhira,1990,3,77.55,B60
Satkhira,1990,4,74.8,B60
Satkhira,1990,5,76.97,B60
Satkhira,1990,6,83.93,B60
Satkhira,1990,7,86.52,B60
Satkhira,1990,8,85.06,B60
Satkhira,1990,9,87.67,B60
Satkhira,1990,10,83.61,B60
Satkhira,1990,11,77.83,B60
Satkhira,1990,12,75.16,B60
Satkhira,1991,1,77.16,B60
Satkhira,1991,2,73.21,B60
Satkhira,1991,3,73.32,B60
Satkhira,1991,4,72.33,B60
Satkhira,1991,5,76.74,B60
Satkhira,1991,6,84.67,B60
Satkhira,1991,7,85.19,B60
Satkhira,1991,8,87.03,B60
Satkhira,1991,9,87.2,B60
Satkhira,1991,10,85.58,B60
Satkhira,1991,11,76.73,B60
Satkhira,1991,12,78.39,B60
Satkhira,1992,1,78.32,B60
Satkhira,1992,2,75.41,B60
Satkhira,1992,3,68.65,B60
Satkhira,1992,4,67,B60
Satkhira,1992,5,74.97,B60
Satkhira,1992,6,78.37,B60
Satkhira,1992,7,85.26,B60
Satkhira,1992,8,84.94,B60
Satkhira,1992,9,84.8,B60
Satkhira,1992,10,82.13,B60
Satkhira,1992,11,76.07,B60
Satkhira,1992,12,73.94,B60
Satkhira,1993,1,74.16,B60
Satkhira,1993,2,72.07,B60
Satkhira,1993,3,68.32,B60
Satkhira,1993,4,73.77,B60
Satkhira,1993,5,77.94,B60
Satkhira,1993,6,83.37,B60
Satkhira,1993,7,85.71,B60
Satkhira,1993,8,86.45,B60
Satkhira,1993,9,87.63,B60
Satkhira,1993,10,84.06,B60
Satkhira,1993,11,78.5,B60
Satkhira,1993,12,76.19,B60
Satkhira,1994,1,75.42,B60
Satkhira,1994,2,75.89,B60
Satkhira,1994,3,69.9,B60
Satkhira,1994,4,73.03,B60
Satkhira,1994,5,75.19,B60
Satkhira,1994,6,86.1,B60
Satkhira,1994,7,85.45,B60
Satkhira,1994,8,86.74,B60
Satkhira,1994,9,82.73,B60
Satkhira,1994,10,80.29,B60
Satkhira,1994,11,78.07,B60
Satkhira,1994,12,72.58,B60
Satkhira,1995,1,73.71,B60
Satkhira,1995,2,74.82,B60
Satkhira,1995,3,68.29,B60
Satkhira,1995,4,69.77,B60
Satkhira,1995,5,76.74,B60
Satkhira,1995,6,84.33,B60
Satkhira,1995,7,87.16,B60
Satkhira,1995,8,86.39,B60
Satkhira,1995,9,87.07,B60
Satkhira,1995,10,84.19,B60
Satkhira,1995,11,81.83,B60
Satkhira,1995,12,77,B60
Satkhira,1996,1,76.32,B60
Satkhira,1996,2,75.17,B60
Satkhira,1996,3,72.68,B60
Satkhira,1996,4,72.17,B60
Satkhira,1996,5,75.48,B60
Satkhira,1996,6,82.13,B60
Satkhira,1996,7,84.68,B60
Satkhira,1996,8,87.68,B60
Satkhira,1996,9,85.77,B60
Satkhira,1996,10,83.61,B60
Satkhira,1996,11,79.13,B60
Satkhira,1996,12,74.39,B60
Satkhira,1997,1,75.45,B60
Satkhira,1997,2,73.21,B60
Satkhira,1997,3,75.48,B60
Satkhira,1997,4,79.33,B60
Satkhira,1997,5,77.16,B60
Satkhira,1997,6,81.77,B60
Satkhira,1997,7,87.71,B60
Satkhira,1997,8,87.58,B60
Satkhira,1997,9,89.1,B60
Satkhira,1997,10,80.55,B60
Satkhira,1997,11,77.83,B60
Satkhira,1997,12,81.58,B60
Satkhira,1998,1,81.39,B60
Satkhira,1998,2,78.54,B60
Satkhira,1998,3,76.35,B60
Satkhira,1998,4,79.17,B60
Satkhira,1998,5,77,B60
Satkhira,1998,6,81.47,B60
Satkhira,1998,7,85.65,B60
Satkhira,1998,8,86.71,B60
Satkhira,1998,9,86.53,B60
Satkhira,1998,10,85.84,B60
Satkhira,1998,11,83.37,B60
Satkhira,1998,12,78.9,B60
Satkhira,1999,1,76.48,B60
Satkhira,1999,2,72,B60
Satkhira,1999,3,68.48,B60
Satkhira,1999,4,73.1,B60
Satkhira,1999,5,78.77,B60
Satkhira,1999,6,82.4,B60
Satkhira,1999,7,86.1,B60
Satkhira,1999,8,86.61,B60
Satkhira,1999,9,87.77,B60
Satkhira,1999,10,85,B60
Satkhira,1999,11,77.27,B60
Satkhira,1999,12,76.97,B60
Satkhira,2000,1,76.52,B60
Satkhira,2000,2,73.69,B60
Satkhira,2000,3,68.71,B60
Satkhira,2000,4,75.13,B60
Satkhira,2000,5,76.32,B60
Satkhira,2000,6,81.97,B60
Satkhira,2000,7,83.29,B60
Satkhira,2000,8,82.74,B60
Satkhira,2000,9,85.33,B60
Satkhira,2000,10,81.58,B60
Satkhira,2000,11,77.47,B60
Satkhira,2000,12,74.39,B60
Satkhira,2001,1,71,B60
Satkhira,2001,2,71.43,B60
Satkhira,2001,3,71.35,B60
Satkhira,2001,4,74.83,B60
Satkhira,2001,5,75.77,B60
Satkhira,2001,6,86.23,B60
Satkhira,2001,7,85.94,B60
Satkhira,2001,8,84.26,B60
Satkhira,2001,9,84.53,B60
Satkhira,2001,10,84.65,B60
Satkhira,2001,11,81.37,B60
Satkhira,2001,12,80.29,B60
Satkhira,2002,1,78.26,B60
Satkhira,2002,2,68.93,B60
Satkhira,2002,3,68.16,B60
Satkhira,2002,4,74.77,B60
Satkhira,2002,5,75.45,B60
Satkhira,2002,6,84.2,B60
Satkhira,2002,7,82.87,B60
Satkhira,2002,8,86.48,B60
Satkhira,2002,9,86.83,B60
Satkhira,2002,10,82.65,B60
Satkhira,2002,11,81.27,B60
Satkhira,2002,12,78.97,B60
Satkhira,2003,1,78.03,B60
Satkhira,2003,2,74.5,B60
Satkhira,2003,3,73.19,B60
Satkhira,2003,4,75.63,B60
Satkhira,2003,5,75.1,B60
Satkhira,2003,6,81.6,B60
Satkhira,2003,7,84.87,B60
Satkhira,2003,8,84.81,B60
Satkhira,2003,9,86.33,B60
Satkhira,2003,10,87.77,B60
Satkhira,2003,11,79.57,B60
Satkhira,2003,12,80.23,B60
Satkhira,2004,1,80.68,B60
Satkhira,2004,2,70.31,B60
Satkhira,2004,3,70.52,B60
Satkhira,2004,4,75.53,B60
Satkhira,2004,5,71.87,B60
Satkhira,2004,6,82.4,B60
Satkhira,2004,7,84.16,B60
Satkhira,2004,8,86.77,B60
Satkhira,2004,9,85.87,B60
Satkhira,2004,10,83.06,B60
Satkhira,2004,11,77.97,B60
Satkhira,2004,12,78,B60
Satkhira,2005,1,77.1,B60
Satkhira,2005,2,69.32,B60
Satkhira,2005,3,74.45,B60
Satkhira,2005,4,70.63,B60
Satkhira,2005,5,72.35,B60
Satkhira,2005,6,78.17,B60
Satkhira,2005,7,85.32,B60
Satkhira,2005,8,85.55,B60
Satkhira,2005,9,86,B60
Satkhira,2005,10,87.87,B60
Satkhira,2005,11,79.97,B60
Satkhira,2005,12,76.35,B60
Satkhira,2006,1,74.19,B60
Satkhira,2006,2,71.75,B60
Satkhira,2006,3,66.77,B60
Satkhira,2006,4,72,B60
Satkhira,2006,5,75.35,B60
Satkhira,2006,6,83.63,B60
Satkhira,2006,7,87.1,B60
Satkhira,2006,8,86,B60
Satkhira,2006,9,85.5,B60
Satkhira,2006,10,84.06,B60
Satkhira,2006,11,79.77,B60
Satkhira,2006,12,78.65,B60
Satkhira,2007,1,75.58,B60
Satkhira,2007,2,78.61,B60
Satkhira,2007,3,70.1,B60
Satkhira,2007,4,74.07,B60
Satkhira,2007,5,72.29,B60
Satkhira,2007,6,81.37,B60
Satkhira,2007,7,86.13,B60
Satkhira,2007,8,84.55,B60
Satkhira,2007,9,86.73,B60
Satkhira,2007,10,82.9,B60
Satkhira,2007,11,82.17,B60
Satkhira,2007,12,79.45,B60
Satkhira,2008,1,78.26,B60
Satkhira,2008,2,74.93,B60
Satkhira,2008,3,77.42,B60
Satkhira,2008,4,74.7,B60
Satkhira,2008,5,73.06,B60
Satkhira,2008,6,83.93,B60
Satkhira,2008,7,88.1,B60
Satkhira,2008,8,86.65,B60
Satkhira,2008,9,86.83,B60
Satkhira,2008,10,83.61,B60
Satkhira,2008,11,78.47,B60
Satkhira,2008,12,83.77,B60
Satkhira,2009,1,81.32,B60
Satkhira,2009,2,74.36,B60
Satkhira,2009,3,72.23,B60
Satkhira,2009,4,72.8,B60
Satkhira,2009,5,75.16,B60
Satkhira,2009,6,78.07,B60
Satkhira,2009,7,85.77,B60
Satkhira,2009,8,86.97,B60
Satkhira,2009,9,84.63,B60
Satkhira,2009,10,82.26,B60
Satkhira,2009,11,79.17,B60
Satkhira,2009,12,77.65,B60
Satkhira,2010,1,76.29,B60
Satkhira,2010,2,73.07,B60
Satkhira,2010,3,70.84,B60
Satkhira,2010,4,73.7,B60
Satkhira,2010,5,78.23,B60
Satkhira,2010,6,84.33,B60
Satkhira,2010,7,84.1,B60
Satkhira,2010,8,84.1,B60
Satkhira,2010,9,85.63,B60
Satkhira,2010,10,84.29,B60
Satkhira,2010,11,80.77,B60
Satkhira,2010,12,78.81,B60
Satkhira,2011,1,76.68,B60
Satkhira,2011,2,71.79,B60
Satkhira,2011,3,70.9,B60
Satkhira,2011,4,73.67,B60
Satkhira,2011,5,76.39,B60
Satkhira,2011,6,82.6,B60
Satkhira,2011,7,82.94,B60
Satkhira,2011,8,86.68,B60
Satkhira,2011,9,85.07,B60
Satkhira,2011,10,79.97,B60
Satkhira,2011,11,78.33,B60
Satkhira,2011,12,81.19,B60
Satkhira,2012,1,79.52,B60
Satkhira,2012,2,72.45,B60
Satkhira,2012,3,71.48,B60
Satkhira,2012,4,72.27,B60
Satkhira,2012,5,70.52,B60
Satkhira,2012,6,77.03,B60
Satkhira,2012,7,84.35,B60
Satkhira,2012,8,85.19,B60
Satkhira,2012,9,85,B60
Satkhira,2012,10,81.84,B60
Satkhira,2012,11,78.33,B60
Satkhira,2012,12,81.29,B60
Satkhira,2013,1,76.45,B60
Satkhira,2013,2,72.11,B60
Satkhira,2013,3,71.39,B60
Satkhira,2013,4,70.73,B60
Satkhira,2013,5,80.94,B60
Satkhira,2013,6,81.27,B60
Satkhira,2013,7,83.61,B60
Satkhira,2013,8,85.19,B60
Satkhira,2013,9,85,B60
Satkhira,2013,10,86.35,B60
Satkhira,2013,11,76.8,B60
Satkhira,2013,12,79.1,B60
Satkhira,2014,1,79.84,B60
Satkhira,2014,2,72.79,B60
Satkhira,2014,3,68.58,B60
Satkhira,2014,4,67.03,B60
Satkhira,2014,5,73.23,B60
Satkhira,2014,6,82.87,B60
Satkhira,2014,7,85.13,B60
Satkhira,2014,8,84.06,B60
Satkhira,2014,9,83.3,B60
Satkhira,2014,10,81.16,B60
Satkhira,2014,11,75.4,B60
Satkhira,2014,12,79.74,B60
Satkhira,2015,1,79.58,B60
Satkhira,2015,2,75,B60
Satkhira,2015,3,67.71,B60
Satkhira,2015,4,76.57,B60
Satkhira,2015,5,73.45,B60
Satkhira,2015,6,79.8,B60
Satkhira,2015,7,88.29,B60
Satkhira,2015,8,84,B60
Satkhira,2015,9,81.9,B60
Satkhira,2015,10,81.32,B60
Satkhira,2015,11,80.97,B60
Satkhira,2015,12,81.16,B60
Satkhira,2016,1,81.58,B60
Satkhira,2016,2,78.24,B60
Satkhira,2016,3,75.39,B60
Satkhira,2016,4,72.47,B60
Satkhira,2016,5,74.94,B60
Satkhira,2016,6,80.93,B60
Satkhira,2016,7,86.55,B60
Satkhira,2016,8,85.29,B60
Satkhira,2016,9,83.1,B60
Satkhira,2016,10,82.32,B60
Satkhira,2016,11,80.6,B60
Satkhira,2016,12,81.77,B60
Satkhira,2017,1,78.13,B60
Satkhira,2017,2,74.39,B60
Satkhira,2017,3,75.29,B60
Satkhira,2017,4,73.7,B60
Satkhira,2017,5,73.77,B60
Satkhira,2017,6,83.17,B60
Satkhira,2017,7,87.65,B60
Satkhira,2017,8,85,B60
Satkhira,2017,9,84.87,B60
Satkhira,2017,10,85.52,B60
Satkhira,2017,11,80.07,B60
Satkhira,2017,12,84.65,B60
Satkhira,2018,1,77.61,B60
Satkhira,2018,2,71.75,B60
Satkhira,2018,3,70.65,B60
Satkhira,2018,4,72.37,B60
Satkhira,2018,5,76.58,B60
Satkhira,2018,6,80.97,B60
Satkhira,2018,7,84.84,B60
Satkhira,2018,8,84.61,B60
Satkhira,2018,9,83.83,B60
Satkhira,2018,10,81.13,B60
Satkhira,2018,11,80.23,B60
Satkhira,2018,12,78.13,B60
Satkhira,2019,1,75.77,B60
Satkhira,2019,2,75.11,B60
Satkhira,2019,3,74.1,B60
Satkhira,2019,4,74.5,B60
Satkhira,2019,5,75.55,B60
Satkhira,2019,6,79.77,B60
Satkhira,2019,7,81.45,B60
Satkhira,2019,8,85.32,B60
Satkhira,2019,9,85.5,B60
Satkhira,2019,10,83.32,B60
Satkhira,2019,11,81.43,B60
Satkhira,2019,12,81.29,B60
Satkhira,2020,1,80.29,B60
Satkhira,2020,2,72.14,B60
Satkhira,2020,3,69.77,B60
Satkhira,2020,4,72.57,B60
Satkhira,2020,5,77.65,B60
Satkhira,2020,6,83.93,B60
Satkhira,2020,7,82.19,B60
Satkhira,2020,8,85.19,B60
Satkhira,2020,9,82.87,B60
Satkhira,2020,10,81.97,B60
Satkhira,2020,11,74.87,B60
Satkhira,2020,12,85.61,B60
Satkhira,2021,1,76.79,B60
Satkhira,2021,2,69.3,B60
Satkhira,2021,3,67.57,B60
Satkhira,2021,4,62.88,B60
Satkhira,2021,5,79.18,B60
Satkhira,2021,6,80.97,B60
Satkhira,2021,7,85.04,B60
Satkhira,2021,8,84.67,B60
Satkhira,2021,9,85.52,B60
Satkhira,2021,10,81.73,B60
Satkhira,2021,11,77.2,B60
Satkhira,2021,12,80.54,B60
Satkhira,2023,1,78.63,B60
Satkhira,2023,2,69.43,B60
Satkhira,2023,3,64.58,B60
Satkhira,2023,4,64.5,B60
Satkhira,2023,5,67.05,B60
Satkhira,2023,6,75.88,B60
Satkhira,2023,7,79.37,B60
Satkhira,2023,8,81.16,B60
Satkhira,2023,9,82.75,B60
Satkhira,2023,10,78.13,B60
Satkhira,2023,11,77.85,B60
Satkhira,2023,12,81.53,B60
Satkhira,2022,1,78.68,B60
Satkhira,2022,2,75.61,B60
Satkhira,2022,3,69.03,B60
Satkhira,2022,4,74.27,B60
Satkhira,2022,5,75.81,B60
Satkhira,2022,6,79.2,B60
Satkhira,2022,7,82.16,B60
Satkhira,2022,8,82.84,B60
Satkhira,2022,9,83.33,B60
Satkhira,2022,10,81.87,B60
Satkhira,2022,11,74.83,B60
Satkhira,2022,12,77.87,B60
Sayedpur,2023,1,81.21,B60
Sayedpur,2023,2,71.41,B60
Sayedpur,2023,3,64.58,B60
Sayedpur,2023,4,61.35,B60
Sayedpur,2023,5,61.66,B60
Sayedpur,2023,6,73.55,B60
Sayedpur,2023,7,76.35,B60
Sayedpur,2023,8,79.94,B60
Sayedpur,2023,9,78.98,B60
Sayedpur,2023,10,79.29,B60
Sayedpur,2023,11,72.13,B60
Sayedpur,2023,12,77.97,B60
Sitakunda,1977,5,78.75,B60
Sitakunda,1977,6,84.43,B60
Sitakunda,1977,7,86.03,B60
Sitakunda,1977,8,86.97,B60
Sitakunda,1977,9,83.9,B60
Sitakunda,1977,10,82.9,B60
Sitakunda,1977,11,76.03,B60
Sitakunda,1977,12,70.29,B60
Sitakunda,1978,1,62.74,B60
Sitakunda,1978,2,57.86,B60
Sitakunda,1978,3,59,B60
Sitakunda,1978,4,72.23,B60
Sitakunda,1978,5,78.16,B60
Sitakunda,1978,6,81.47,B60
Sitakunda,1978,7,83.65,B60
Sitakunda,1978,8,81,B60
Sitakunda,1978,9,82.63,B60
Sitakunda,1978,10,80.42,B60
Sitakunda,1978,11,73.47,B60
Sitakunda,1978,12,65,B60
Sitakunda,1979,1,61.68,B60
Sitakunda,1979,2,58,B60
Sitakunda,1979,3,66.06,B60
Sitakunda,1979,4,72.37,B60
Sitakunda,1979,5,73.94,B60
Sitakunda,1979,6,81.53,B60
Sitakunda,1979,7,82.9,B60
Sitakunda,1979,8,83.58,B60
Sitakunda,1979,9,82.9,B60
Sitakunda,1979,10,76.87,B60
Sitakunda,1979,11,74.43,B60
Sitakunda,1979,12,73.42,B60
Sitakunda,1980,1,64.55,B60
Sitakunda,1980,2,67.07,B60
Sitakunda,1980,3,71.55,B60
Sitakunda,1980,4,73.83,B60
Sitakunda,1980,5,79.03,B60
Sitakunda,1980,6,81.9,B60
Sitakunda,1980,7,85.77,B60
Sitakunda,1980,8,86.74,B60
Sitakunda,1980,9,83.67,B60
Sitakunda,1980,10,82.97,B60
Sitakunda,1980,11,70.73,B60
Sitakunda,1980,12,70.1,B60
Sitakunda,1981,1,71.45,B60
Sitakunda,1981,2,67.32,B60
Sitakunda,1981,3,70.32,B60
Sitakunda,1981,4,80.5,B60
Sitakunda,1981,5,78.48,B60
Sitakunda,1981,6,81.03,B60
Sitakunda,1981,7,87,B60
Sitakunda,1981,8,80.58,B60
Sitakunda,1981,9,82.67,B60
Sitakunda,1981,10,73.39,B60
Sitakunda,1981,11,69,B60
Sitakunda,1981,12,70.42,B60
Sitakunda,1982,1,65.71,B60
Sitakunda,1982,2,68.36,B60
Sitakunda,1982,3,63.52,B60
Sitakunda,1982,4,76.1,B60
Sitakunda,1982,5,77.06,B60
Sitakunda,1982,6,85.53,B60
Sitakunda,1982,7,86.61,B60
Sitakunda,1982,8,88,B60
Sitakunda,1982,9,83.6,B60
Sitakunda,1982,10,79.65,B60
Sitakunda,1982,11,69.27,B60
Sitakunda,1982,12,57.81,B60
Sitakunda,1983,1,67.06,B60
Sitakunda,1983,2,66.75,B60
Sitakunda,1983,3,75.94,B60
Sitakunda,1983,4,76.37,B60
Sitakunda,1983,5,79.94,B60
Sitakunda,1983,6,83.04,B60
Sitakunda,1983,7,84.97,B60
Sitakunda,1983,8,84.45,B60
Sitakunda,1983,9,82.5,B60
Sitakunda,1983,10,81.87,B60
Sitakunda,1983,11,77.77,B60
Sitakunda,1983,12,71.06,B60
Sitakunda,1984,1,67.71,B60
Sitakunda,1984,2,63.14,B60
Sitakunda,1984,3,76.45,B60
Sitakunda,1984,4,75.57,B60
Sitakunda,1984,5,80.42,B60
Sitakunda,1984,6,82.67,B60
Sitakunda,1984,7,85,B60
Sitakunda,1984,8,83.74,B60
Sitakunda,1984,9,80.07,B60
Sitakunda,1984,10,76.19,B60
Sitakunda,1984,11,65.43,B60
Sitakunda,1984,12,63.94,B60
Sitakunda,1985,1,61.13,B60
Sitakunda,1985,2,58.14,B60
Sitakunda,1985,3,74.65,B60
Sitakunda,1985,4,72.7,B60
Sitakunda,1985,5,75.35,B60
Sitakunda,1985,6,82.3,B60
Sitakunda,1985,7,82.84,B60
Sitakunda,1985,8,80.74,B60
Sitakunda,1985,9,78.83,B60
Sitakunda,1985,10,72.13,B60
Sitakunda,1985,11,70.5,B60
Sitakunda,1985,12,68.81,B60
Sitakunda,1986,1,64.84,B60
Sitakunda,1986,2,54.25,B60
Sitakunda,1986,3,66.29,B60
Sitakunda,1986,4,71.03,B60
Sitakunda,1986,5,73.19,B60
Sitakunda,1986,6,80.57,B60
Sitakunda,1986,7,83.71,B60
Sitakunda,1986,8,82.29,B60
Sitakunda,1986,9,80.23,B60
Sitakunda,1986,10,77.68,B60
Sitakunda,1986,11,75.33,B60
Sitakunda,1986,12,70.29,B60
Sitakunda,1987,1,68.52,B60
Sitakunda,1987,2,63.96,B60
Sitakunda,1987,3,70.65,B60
Sitakunda,1987,4,75.67,B60
Sitakunda,1987,5,74.29,B60
Sitakunda,1987,6,82.53,B60
Sitakunda,1987,7,88.81,B60
Sitakunda,1987,8,85.13,B60
Sitakunda,1987,9,82.1,B60
Sitakunda,1987,10,75.52,B60
Sitakunda,1987,11,74.9,B60
Sitakunda,1987,12,69.03,B60
Sitakunda,1988,1,63.1,B60
Sitakunda,1988,2,65.72,B60
Sitakunda,1988,3,69.97,B60
Sitakunda,1988,4,73.27,B60
Sitakunda,1988,5,77.58,B60
Sitakunda,1988,6,83.13,B60
Sitakunda,1988,7,84.94,B60
Sitakunda,1988,8,84.61,B60
Sitakunda,1988,9,81.8,B60
Sitakunda,1988,10,78.39,B60
Sitakunda,1988,11,75.9,B60
Sitakunda,1988,12,79.97,B60
Sitakunda,1989,1,69.03,B60
Sitakunda,1989,2,76.11,B60
Sitakunda,1989,3,67.94,B60
Sitakunda,1989,4,80.87,B60
Sitakunda,1989,5,79.9,B60
Sitakunda,1989,6,80.93,B60
Sitakunda,1989,7,84.13,B60
Sitakunda,1989,8,80.32,B60
Sitakunda,1989,9,81.77,B60
Sitakunda,1989,10,83,B60
Sitakunda,1989,11,73.1,B60
Sitakunda,1989,12,71.68,B60
Sitakunda,1990,1,76.55,B60
Sitakunda,1990,2,75.21,B60
Sitakunda,1990,3,75.87,B60
Sitakunda,1990,4,79.37,B60
Sitakunda,1990,5,80,B60
Sitakunda,1990,6,83.2,B60
Sitakunda,1990,7,88.52,B60
Sitakunda,1990,8,80.84,B60
Sitakunda,1990,9,82.1,B60
Sitakunda,1990,10,80.97,B60
Sitakunda,1990,11,78.27,B60
Sitakunda,1990,12,76.19,B60
Sitakunda,1991,1,71.45,B60
Sitakunda,1991,2,71.04,B60
Sitakunda,1991,3,68.9,B60
Sitakunda,1991,4,74.63,B60
Sitakunda,1991,5,80.71,B60
Sitakunda,1991,6,84.9,B60
Sitakunda,1991,7,84.52,B60
Sitakunda,1991,8,83.06,B60
Sitakunda,1991,9,85.1,B60
Sitakunda,1991,10,82.26,B60
Sitakunda,1991,11,77.93,B60
Sitakunda,1991,12,73.45,B60
Sitakunda,1992,1,75.68,B60
Sitakunda,1992,2,73.59,B60
Sitakunda,1992,3,80.42,B60
Sitakunda,1992,4,74.03,B60
Sitakunda,1992,5,78.19,B60
Sitakunda,1992,6,82.63,B60
Sitakunda,1992,7,85.32,B60
Sitakunda,1992,8,84.39,B60
Sitakunda,1992,9,84.6,B60
Sitakunda,1992,10,83.45,B60
Sitakunda,1992,11,80.07,B60
Sitakunda,1992,12,78.42,B60
Sitakunda,1993,1,74.71,B60
Sitakunda,1993,2,74.57,B60
Sitakunda,1993,3,70.9,B60
Sitakunda,1993,4,78.63,B60
Sitakunda,1993,5,82.13,B60
Sitakunda,1993,6,86.03,B60
Sitakunda,1993,7,85.87,B60
Sitakunda,1993,8,87.77,B60
Sitakunda,1993,9,84.83,B60
Sitakunda,1993,10,85.06,B60
Sitakunda,1993,11,81.23,B60
Sitakunda,1993,12,77.97,B60
Sitakunda,1994,1,76,B60
Sitakunda,1994,2,66.43,B60
Sitakunda,1994,3,78.87,B60
Sitakunda,1994,4,78.03,B60
Sitakunda,1994,5,81.84,B60
Sitakunda,1994,6,85.5,B60
Sitakunda,1994,7,85.65,B60
Sitakunda,1994,8,86.87,B60
Sitakunda,1994,9,81.97,B60
Sitakunda,1994,10,83.45,B60
Sitakunda,1994,11,83.03,B60
Sitakunda,1994,12,76.03,B60
Sitakunda,1995,1,70.13,B60
Sitakunda,1995,2,74.43,B60
Sitakunda,1995,3,67.58,B60
Sitakunda,1995,4,78.47,B60
Sitakunda,1995,5,80.84,B60
Sitakunda,1995,6,85.87,B60
Sitakunda,1995,7,87.19,B60
Sitakunda,1995,8,86.97,B60
Sitakunda,1995,9,84.8,B60
Sitakunda,1995,10,84.23,B60
Sitakunda,1995,11,85.1,B60
Sitakunda,1995,12,81.29,B60
Sitakunda,1996,1,78.1,B60
Sitakunda,1996,2,72.03,B60
Sitakunda,1996,3,80.81,B60
Sitakunda,1996,4,80.63,B60
Sitakunda,1996,5,80.81,B60
Sitakunda,1996,6,83.8,B60
Sitakunda,1996,7,86.35,B60
Sitakunda,1996,8,88.97,B60
Sitakunda,1996,9,85.53,B60
Sitakunda,1996,10,83.1,B60
Sitakunda,1996,11,82,B60
Sitakunda,1996,12,78.87,B60
Sitakunda,1997,1,76.87,B60
Sitakunda,1997,2,75.25,B60
Sitakunda,1997,3,82.61,B60
Sitakunda,1997,4,80.3,B60
Sitakunda,1997,5,81.39,B60
Sitakunda,1997,6,85.87,B60
Sitakunda,1997,7,90.65,B60
Sitakunda,1997,8,86.97,B60
Sitakunda,1997,9,87.73,B60
Sitakunda,1997,10,82.06,B60
Sitakunda,1997,11,80.23,B60
Sitakunda,1997,12,81.03,B60
Sitakunda,1998,1,82.26,B60
Sitakunda,1998,2,77.43,B60
Sitakunda,1998,3,74.81,B60
Sitakunda,1998,4,82.37,B60
Sitakunda,1998,5,83.45,B60
Sitakunda,1998,6,85.33,B60
Sitakunda,1998,7,91.55,B60
Sitakunda,1998,8,91.74,B60
Sitakunda,1998,9,86.9,B60
Sitakunda,1998,10,84.71,B60
Sitakunda,1998,11,83.43,B60
Sitakunda,1998,12,80.68,B60
Sitakunda,1999,1,78.65,B60
Sitakunda,1999,2,72.39,B60
Sitakunda,1999,3,75.48,B60
Sitakunda,1999,4,78.1,B60
Sitakunda,1999,5,83.06,B60
Sitakunda,1999,6,88.53,B60
Sitakunda,1999,7,89.39,B60
Sitakunda,1999,8,89.45,B60
Sitakunda,1999,9,87.17,B60
Sitakunda,1999,10,86.23,B60
Sitakunda,1999,11,80.37,B60
Sitakunda,1999,12,81.19,B60
Sitakunda,2000,1,78.65,B60
Sitakunda,2000,2,70.21,B60
Sitakunda,2000,3,75.35,B60
Sitakunda,2000,4,78.9,B60
Sitakunda,2000,5,83.87,B60
Sitakunda,2000,6,86.93,B60
Sitakunda,2000,7,88.81,B60
Sitakunda,2000,8,88.29,B60
Sitakunda,2000,9,86.37,B60
Sitakunda,2000,10,86.45,B60
Sitakunda,2000,11,81.2,B60
Sitakunda,2000,12,77.87,B60
Sitakunda,2001,1,75.29,B60
Sitakunda,2001,2,75.39,B60
Sitakunda,2001,3,68.77,B60
Sitakunda,2001,4,75.27,B60
Sitakunda,2001,5,81.42,B60
Sitakunda,2001,6,87.77,B60
Sitakunda,2001,7,87.16,B60
Sitakunda,2001,8,85.61,B60
Sitakunda,2001,9,85.5,B60
Sitakunda,2001,10,85.55,B60
Sitakunda,2001,11,83.47,B60
Sitakunda,2001,12,80.16,B60
Sitakunda,2002,1,78.06,B60
Sitakunda,2002,2,69.14,B60
Sitakunda,2002,3,70.42,B60
Sitakunda,2002,4,81.37,B60
Sitakunda,2002,5,83,B60
Sitakunda,2002,6,86.57,B60
Sitakunda,2002,7,90.94,B60
Sitakunda,2002,8,87.58,B60
Sitakunda,2002,9,84.73,B60
Sitakunda,2002,10,84.55,B60
Sitakunda,2002,11,84,B60
Sitakunda,2002,12,82.32,B60
Sitakunda,2003,1,81.45,B60
Sitakunda,2003,2,70.86,B60
Sitakunda,2003,3,75.35,B60
Sitakunda,2003,4,79.9,B60
Sitakunda,2003,5,82.68,B60
Sitakunda,2003,6,87.3,B60
Sitakunda,2003,7,85.06,B60
Sitakunda,2003,8,85.71,B60
Sitakunda,2003,9,86.33,B60
Sitakunda,2003,10,85.29,B60
Sitakunda,2003,11,78.6,B60
Sitakunda,2003,12,80.71,B60
Sitakunda,2004,1,80.9,B60
Sitakunda,2004,2,72.76,B60
Sitakunda,2004,3,77.74,B60
Sitakunda,2004,4,80.97,B60
Sitakunda,2004,5,79.52,B60
Sitakunda,2004,6,86.13,B60
Sitakunda,2004,7,88.16,B60
Sitakunda,2004,8,86.29,B60
Sitakunda,2004,9,87.83,B60
Sitakunda,2004,10,84.9,B60
Sitakunda,2004,11,80.9,B60
Sitakunda,2004,12,78.81,B60
Sitakunda,2005,1,74.71,B60
Sitakunda,2005,2,74.04,B60
Sitakunda,2005,3,81.19,B60
Sitakunda,2005,4,79.17,B60
Sitakunda,2005,5,81.45,B60
Sitakunda,2005,6,83.77,B60
Sitakunda,2005,7,86.55,B60
Sitakunda,2005,8,90.45,B60
Sitakunda,2005,9,87.5,B60
Sitakunda,2005,10,86.1,B60
Sitakunda,2005,11,82,B60
Sitakunda,2005,12,81.84,B60
Sitakunda,2006,1,78.55,B60
Sitakunda,2006,2,81,B60
Sitakunda,2006,3,70.61,B60
Sitakunda,2006,4,77.23,B60
Sitakunda,2006,5,82.16,B60
Sitakunda,2006,6,85.67,B60
Sitakunda,2006,7,86.9,B60
Sitakunda,2006,8,83.87,B60
Sitakunda,2006,9,86.93,B60
Sitakunda,2006,10,86.16,B60
Sitakunda,2006,11,82.87,B60
Sitakunda,2006,12,80.52,B60
Sitakunda,2007,1,78.16,B60
Sitakunda,2007,2,76.96,B60
Sitakunda,2007,3,69.77,B60
Sitakunda,2007,4,81.13,B60
Sitakunda,2007,5,82.32,B60
Sitakunda,2007,6,86.87,B60
Sitakunda,2007,7,90.19,B60
Sitakunda,2007,8,87.55,B60
Sitakunda,2007,9,88.37,B60
Sitakunda,2007,10,87.1,B60
Sitakunda,2007,11,85.03,B60
Sitakunda,2007,12,81.58,B60
Sitakunda,2008,1,80.45,B60
Sitakunda,2008,2,74.34,B60
Sitakunda,2008,3,82.35,B60
Sitakunda,2008,4,75.87,B60
Sitakunda,2008,5,79.39,B60
Sitakunda,2008,6,87.47,B60
Sitakunda,2008,7,90.1,B60
Sitakunda,2008,8,88.52,B60
Sitakunda,2008,9,85.93,B60
Sitakunda,2008,10,86.03,B60
Sitakunda,2008,11,81.77,B60
Sitakunda,2008,12,86.71,B60
Sitakunda,2009,1,79.81,B60
Sitakunda,2009,2,73.82,B60
Sitakunda,2009,3,74.74,B60
Sitakunda,2009,4,81.93,B60
Sitakunda,2009,5,80.68,B60
Sitakunda,2009,6,83.8,B60
Sitakunda,2009,7,88.97,B60
Sitakunda,2009,8,88.81,B60
Sitakunda,2009,9,86.87,B60
Sitakunda,2009,10,84.32,B60
Sitakunda,2009,11,80.27,B60
Sitakunda,2009,12,79.9,B60
Sitakunda,2010,1,77.9,B60
Sitakunda,2010,2,70.18,B60
Sitakunda,2010,3,75.42,B60
Sitakunda,2010,4,79.7,B60
Sitakunda,2010,5,82.1,B60
Sitakunda,2010,6,88.8,B60
Sitakunda,2010,7,86.32,B60
Sitakunda,2010,8,87.58,B60
Sitakunda,2010,9,87.73,B60
Sitakunda,2010,10,86.06,B60
Sitakunda,2010,11,85.3,B60
Sitakunda,2010,12,80.48,B60
Sitakunda,2011,1,72.48,B60
Sitakunda,2011,2,67.32,B60
Sitakunda,2011,3,71.26,B60
Sitakunda,2011,4,79.93,B60
Sitakunda,2011,5,83.71,B60
Sitakunda,2011,6,87.27,B60
Sitakunda,2011,7,87.42,B60
Sitakunda,2011,8,88.58,B60
Sitakunda,2011,9,87.9,B60
Sitakunda,2011,10,84.9,B60
Sitakunda,2011,11,81.07,B60
Sitakunda,2011,12,81.68,B60
Sitakunda,2012,1,79.23,B60
Sitakunda,2012,2,66.97,B60
Sitakunda,2012,3,78.94,B60
Sitakunda,2012,4,82.13,B60
Sitakunda,2012,5,84.97,B60
Sitakunda,2012,6,87.2,B60
Sitakunda,2012,7,89.06,B60
Sitakunda,2012,8,85.71,B60
Sitakunda,2012,9,85.8,B60
Sitakunda,2012,10,85.06,B60
Sitakunda,2012,11,82.5,B60
Sitakunda,2012,12,81.97,B60
Sitakunda,2013,1,75.55,B60
Sitakunda,2013,2,70.71,B60
Sitakunda,2013,3,76.39,B60
Sitakunda,2013,4,78.57,B60
Sitakunda,2013,5,86.1,B60
Sitakunda,2013,6,85.77,B60
Sitakunda,2013,7,85.42,B60
Sitakunda,2013,8,88.39,B60
Sitakunda,2013,9,87.57,B60
Sitakunda,2013,10,85.45,B60
Sitakunda,2013,11,78.43,B60
Sitakunda,2013,12,81.68,B60
Sitakunda,2014,1,76.61,B60
Sitakunda,2014,2,72.82,B60
Sitakunda,2014,3,69.29,B60
Sitakunda,2014,4,71.7,B60
Sitakunda,2014,5,78.52,B60
Sitakunda,2014,6,86.77,B60
Sitakunda,2014,7,84.26,B60
Sitakunda,2014,8,87.32,B60
Sitakunda,2014,9,84.2,B60
Sitakunda,2014,10,82.29,B60
Sitakunda,2014,11,80.37,B60
Sitakunda,2014,12,79.77,B60
Sitakunda,2015,1,77.32,B60
Sitakunda,2015,2,73.39,B60
Sitakunda,2015,3,65.52,B60
Sitakunda,2015,4,78.53,B60
Sitakunda,2015,5,80.65,B60
Sitakunda,2015,6,84.17,B60
Sitakunda,2015,7,89.35,B60
Sitakunda,2015,8,86.97,B60
Sitakunda,2015,9,86.03,B60
Sitakunda,2015,10,85.32,B60
Sitakunda,2015,11,80.2,B60
Sitakunda,2015,12,80.42,B60
Sitakunda,2016,1,79.29,B60
Sitakunda,2016,2,78.83,B60
Sitakunda,2016,3,78.39,B60
Sitakunda,2016,4,81.83,B60
Sitakunda,2016,5,81.03,B60
Sitakunda,2016,6,83.23,B60
Sitakunda,2016,7,87.19,B60
Sitakunda,2016,8,85.29,B60
Sitakunda,2016,9,84.67,B60
Sitakunda,2016,10,84.74,B60
Sitakunda,2016,11,83.6,B60
Sitakunda,2016,12,82.29,B60
Sitakunda,2017,1,76.1,B60
Sitakunda,2017,2,71.29,B60
Sitakunda,2017,3,78.1,B60
Sitakunda,2017,4,83.37,B60
Sitakunda,2017,5,81.65,B60
Sitakunda,2017,6,86.13,B60
Sitakunda,2017,7,88.77,B60
Sitakunda,2017,8,87.16,B60
Sitakunda,2017,9,88.9,B60
Sitakunda,2017,10,85.84,B60
Sitakunda,2017,11,83.5,B60
Sitakunda,2017,12,85.26,B60
Sitakunda,2018,1,81.13,B60
Sitakunda,2018,2,77.36,B60
Sitakunda,2018,3,78.26,B60
Sitakunda,2018,4,76.87,B60
Sitakunda,2018,5,83.97,B60
Sitakunda,2018,6,84.97,B60
Sitakunda,2018,7,86.94,B60
Sitakunda,2018,8,85.87,B60
Sitakunda,2018,9,86.43,B60
Sitakunda,2018,10,85.58,B60
Sitakunda,2018,11,79.07,B60
Sitakunda,2018,12,77.61,B60
Sitakunda,2019,1,72.94,B60
Sitakunda,2019,2,73.04,B60
Sitakunda,2019,3,72.97,B60
Sitakunda,2019,4,78.37,B60
Sitakunda,2019,5,80.94,B60
Sitakunda,2019,6,81.87,B60
Sitakunda,2019,7,87.94,B60
Sitakunda,2019,8,85.97,B60
Sitakunda,2019,9,85.93,B60
Sitakunda,2019,10,85.48,B60
Sitakunda,2019,11,82.97,B60
Sitakunda,2019,12,81.65,B60
Sitakunda,2020,1,81,B60
Sitakunda,2020,2,73.38,B60
Sitakunda,2020,3,70.9,B60
Sitakunda,2020,4,82.2,B60
Sitakunda,2020,5,81.16,B60
Sitakunda,2020,6,86.4,B60
Sitakunda,2020,7,87.52,B60
Sitakunda,2020,8,86.48,B60
Sitakunda,2020,9,87.6,B60
Sitakunda,2020,10,85.65,B60
Sitakunda,2020,11,82.4,B60
Sitakunda,2020,12,83.9,B60
Sitakunda,2021,1,84.19,B60
Sitakunda,2021,2,73.93,B60
Sitakunda,2021,3,72.12,B60
Sitakunda,2021,4,66.43,B60
Sitakunda,2021,5,66.56,B60
Sitakunda,2021,6,75.92,B60
Sitakunda,2021,7,76.05,B60
Sitakunda,2021,8,75.1,B60
Sitakunda,2021,9,72.14,B60
Sitakunda,2021,10,74.43,B60
Sitakunda,2021,11,74.65,B60
Sitakunda,2021,12,72.62,B60
Sitakunda,2023,1,61.89,B60
Sitakunda,2023,2,54.82,B60
Sitakunda,2023,3,60.34,B60
Sitakunda,2023,4,60.48,B60
Sitakunda,2023,5,63.32,B60
Sitakunda,2023,6,66.12,B60
Sitakunda,2023,7,66.37,B60
Sitakunda,2023,8,74.5,B60
Sitakunda,2023,9,68.58,B60
Sitakunda,2023,10,67.87,B60
Sitakunda,2023,11,65.2,B60
Sitakunda,2023,12,67.03,B60
Sitakunda,2022,1,73.87,B60
Sitakunda,2022,2,66.96,B60
Sitakunda,2022,3,59.9,B60
Sitakunda,2022,4,67.2,B60
Sitakunda,2022,5,71.77,B60
Sitakunda,2022,6,71.9,B60
Sitakunda,2022,7,65.55,B60
Sitakunda,2022,8,66.81,B60
Sitakunda,2022,9,67.57,B60
Sitakunda,2022,10,66.19,B60
Sitakunda,2022,11,66.97,B60
Sitakunda,2022,12,61.16,B60
Srimangal,1948,1,75.48,B60
Srimangal,1948,2,71.41,B60
Srimangal,1948,3,66.58,B60
Srimangal,1948,4,75.47,B60
Srimangal,1948,5,84.45,B60
Srimangal,1948,6,88.43,B60
Srimangal,1948,7,86.81,B60
Srimangal,1948,9,87.77,B60
Srimangal,1948,10,81.77,B60
Srimangal,1948,11,84.1,B60
Srimangal,1948,12,78.74,B60
Srimangal,1949,1,74.65,B60
Srimangal,1949,2,67.21,B60
Srimangal,1949,3,63.39,B60
Srimangal,1949,4,78.2,B60
Srimangal,1949,5,84.19,B60
Srimangal,1949,6,90.8,B60
Srimangal,1949,7,89.16,B60
Srimangal,1949,8,90.9,B60
Srimangal,1949,9,91.1,B60
Srimangal,1949,10,91.16,B60
Srimangal,1949,11,87.73,B60
Srimangal,1949,12,90.35,B60
Srimangal,1950,1,90.61,B60
Srimangal,1950,2,81,B60
Srimangal,1950,3,78.84,B60
Srimangal,1950,4,77.9,B60
Srimangal,1950,5,83.52,B60
Srimangal,1950,6,89.73,B60
Srimangal,1950,7,88.77,B60
Srimangal,1950,8,93.42,B60
Srimangal,1950,9,91.33,B60
Srimangal,1950,10,91.9,B60
Srimangal,1950,11,91.23,B60
Srimangal,1950,12,92.19,B60
Srimangal,1951,1,91.55,B60
Srimangal,1951,2,79.04,B60
Srimangal,1951,3,74.32,B60
Srimangal,1951,4,78.93,B60
Srimangal,1951,5,84.23,B60
Srimangal,1951,6,89,B60
Srimangal,1951,7,88.16,B60
Srimangal,1951,8,89.32,B60
Srimangal,1951,9,87.5,B60
Srimangal,1951,10,91.26,B60
Srimangal,1951,11,90.07,B60
Srimangal,1951,12,88.84,B60
Srimangal,1952,1,89.13,B60
Srimangal,1952,2,78.34,B60
Srimangal,1952,3,73.65,B60
Srimangal,1952,4,76.93,B60
Srimangal,1952,5,81.35,B60
Srimangal,1952,6,87.57,B60
Srimangal,1952,7,90.77,B60
Srimangal,1952,8,90.23,B60
Srimangal,1952,9,90.67,B60
Srimangal,1952,10,91.74,B60
Srimangal,1952,11,92.67,B60
Srimangal,1952,12,92.68,B60
Srimangal,1953,1,89.97,B60
Srimangal,1953,2,83.79,B60
Srimangal,1953,3,80.06,B60
Srimangal,1953,4,74.5,B60
Srimangal,1953,5,83.71,B60
Srimangal,1953,6,89.23,B60
Srimangal,1953,7,88.87,B60
Srimangal,1953,8,90.29,B60
Srimangal,1953,9,91.83,B60
Srimangal,1953,10,89.19,B60
Srimangal,1953,11,90.17,B60
Srimangal,1953,12,92.16,B60
Srimangal,1954,1,90.9,B60
Srimangal,1954,2,83.39,B60
Srimangal,1954,3,71.81,B60
Srimangal,1954,4,79.23,B60
Srimangal,1954,5,80.48,B60
Srimangal,1954,6,89.37,B60
Srimangal,1954,7,89.52,B60
Srimangal,1954,8,89.9,B60
Srimangal,1954,9,87.97,B60
Srimangal,1954,10,89.1,B60
Srimangal,1954,12,88.03,B60
Srimangal,1955,1,88,B60
Srimangal,1955,2,76.32,B60
Srimangal,1955,3,69.68,B60
Srimangal,1955,4,72.17,B60
Srimangal,1955,5,80.29,B60
Srimangal,1955,6,88,B60
Srimangal,1955,7,88.71,B60
Srimangal,1955,8,91.35,B60
Srimangal,1955,9,89.83,B60
Srimangal,1955,10,86.81,B60
Srimangal,1955,11,89.03,B60
Srimangal,1955,12,88.58,B60
Srimangal,1956,1,88,B60
Srimangal,1956,2,75.93,B60
Srimangal,1956,3,73.29,B60
Srimangal,1956,4,76.1,B60
Srimangal,1956,5,85.35,B60
Srimangal,1956,6,87.37,B60
Srimangal,1956,7,88.71,B60
Srimangal,1956,8,89.29,B60
Srimangal,1956,9,89.4,B60
Srimangal,1956,10,87.81,B60
Srimangal,1956,11,90.3,B60
Srimangal,1956,12,90.9,B60
Srimangal,1957,1,89.84,B60
Srimangal,1957,2,83.71,B60
Srimangal,1957,3,72.58,B60
Srimangal,1957,4,68.73,B60
Srimangal,1957,5,78.68,B60
Srimangal,1957,6,86.23,B60
Srimangal,1957,7,84.65,B60
Srimangal,1957,8,86.16,B60
Srimangal,1957,9,88.3,B60
Srimangal,1957,10,87.16,B60
Srimangal,1957,11,85.13,B60
Srimangal,1957,12,88.71,B60
Srimangal,1958,1,87,B60
Srimangal,1958,2,80.86,B60
Srimangal,1958,3,69.39,B60
Srimangal,1958,4,72.3,B60
Srimangal,1958,5,77.29,B60
Srimangal,1958,6,83.03,B60
Srimangal,1958,7,84.52,B60
Srimangal,1958,8,87.35,B60
Srimangal,1958,9,87.23,B60
Srimangal,1958,10,89.03,B60
Srimangal,1958,11,87.33,B60
Srimangal,1958,12,88.84,B60
Srimangal,1959,1,84.97,B60
Srimangal,1959,2,76.5,B60
Srimangal,1959,3,70.84,B60
Srimangal,1959,4,70.1,B60
Srimangal,1959,5,77.71,B60
Srimangal,1959,6,84.73,B60
Srimangal,1959,7,85.94,B60
Srimangal,1959,8,85.48,B60
Srimangal,1959,9,88.2,B60
Srimangal,1959,10,88.32,B60
Srimangal,1959,11,84.47,B60
Srimangal,1959,12,86.26,B60
Srimangal,1960,1,80.19,B60
Srimangal,1960,2,70.66,B60
Srimangal,1960,3,69.42,B60
Srimangal,1960,4,58.9,B60
Srimangal,1960,5,70.1,B60
Srimangal,1960,6,83.2,B60
Srimangal,1960,7,86.77,B60
Srimangal,1960,8,84.16,B60
Srimangal,1960,9,87.2,B60
Srimangal,1960,10,85.77,B60
Srimangal,1960,11,84.6,B60
Srimangal,1960,12,86.48,B60
Srimangal,1961,1,80.72,B60
Srimangal,1961,2,71.82,B60
Srimangal,1961,3,76.84,B60
Srimangal,1961,4,75.07,B60
Srimangal,1961,5,80.23,B60
Srimangal,1961,6,84.53,B60
Srimangal,1961,7,85.52,B60
Srimangal,1961,8,86.84,B60
Srimangal,1961,9,87.53,B60
Srimangal,1961,10,88.74,B60
Srimangal,1961,11,84.1,B60
Srimangal,1961,12,86.29,B60
Srimangal,1962,1,81.74,B60
Srimangal,1962,2,75.46,B60
Srimangal,1962,3,61.45,B60
Srimangal,1962,4,71.87,B60
Srimangal,1962,5,77.61,B60
Srimangal,1962,6,84.8,B60
Srimangal,1962,7,85.84,B60
Srimangal,1962,8,87.77,B60
Srimangal,1962,9,83.4,B60
Srimangal,1962,10,82.55,B60
Srimangal,1962,11,81.47,B60
Srimangal,1962,12,85,B60
Srimangal,1963,1,78.1,B60
Srimangal,1963,2,68.86,B60
Srimangal,1963,3,66.52,B60
Srimangal,1963,4,71.1,B60
Srimangal,1963,5,79.39,B60
Srimangal,1963,6,85.93,B60
Srimangal,1963,7,86.35,B60
Srimangal,1963,8,87.74,B60
Srimangal,1963,9,85.93,B60
Srimangal,1963,10,86.97,B60
Srimangal,1963,11,84.33,B60
Srimangal,1963,12,83.55,B60
Srimangal,1964,1,81.26,B60
Srimangal,1964,2,79.29,B60
Srimangal,1964,3,72.58,B60
Srimangal,1964,4,78.37,B60
Srimangal,1964,5,79.03,B60
Srimangal,1964,6,85.63,B60
Srimangal,1964,7,88.23,B60
Srimangal,1964,8,86.52,B60
Srimangal,1964,9,87.3,B60
Srimangal,1964,10,87.97,B60
Srimangal,1964,11,85.03,B60
Srimangal,1964,12,85.39,B60
Srimangal,1965,1,84,B60
Srimangal,1965,2,82.36,B60
Srimangal,1965,3,70.29,B60
Srimangal,1965,4,72.63,B60
Srimangal,1965,5,77.1,B60
Srimangal,1965,6,86.1,B60
Srimangal,1965,7,87.32,B60
Srimangal,1965,8,88.39,B60
Srimangal,1965,10,85.19,B60
Srimangal,1965,11,84.37,B60
Srimangal,1965,12,86.19,B60
Srimangal,1966,1,87.29,B60
Srimangal,1966,2,75.04,B60
Srimangal,1966,3,67.26,B60
Srimangal,1966,4,65.87,B60
Srimangal,1966,5,75.25,B60
Srimangal,1966,6,86.47,B60
Srimangal,1966,7,87.16,B60
Srimangal,1966,8,88.1,B60
Srimangal,1966,9,87.43,B60
Srimangal,1966,10,86.35,B60
Srimangal,1966,11,85.93,B60
Srimangal,1966,12,89,B60
Srimangal,1967,1,85.55,B60
Srimangal,1967,2,74.82,B60
Srimangal,1967,3,71.87,B60
Srimangal,1967,4,64.43,B60
Srimangal,1967,5,75.68,B60
Srimangal,1967,6,84.67,B60
Srimangal,1967,7,87.74,B60
Srimangal,1967,8,87.61,B60
Srimangal,1967,9,88.77,B60
Srimangal,1967,10,85.32,B60
Srimangal,1967,11,81.97,B60
Srimangal,1967,12,85.26,B60
Srimangal,1968,1,83.97,B60
Srimangal,1968,2,77.1,B60
Srimangal,1968,3,64.06,B60
Srimangal,1968,4,67.77,B60
Srimangal,1968,5,76.1,B60
Srimangal,1968,6,85.87,B60
Srimangal,1968,7,87.9,B60
Srimangal,1968,8,88.32,B60
Srimangal,1968,9,88.87,B60
Srimangal,1968,10,87.61,B60
Srimangal,1968,11,88.33,B60
Srimangal,1968,12,89.97,B60
Srimangal,1969,1,86.26,B60
Srimangal,1969,2,76.25,B60
Srimangal,1969,3,69.39,B60
Srimangal,1969,4,68.1,B60
Srimangal,1969,5,70.1,B60
Srimangal,1969,6,84.9,B60
Srimangal,1969,7,88.1,B60
Srimangal,1969,8,88.9,B60
Srimangal,1969,9,86.53,B60
Srimangal,1969,10,87.45,B60
Srimangal,1969,11,88.7,B60
Srimangal,1969,12,89.23,B60
Srimangal,1970,1,90.84,B60
Srimangal,1970,2,83.46,B60
Srimangal,1970,3,64.1,B60
Srimangal,1970,4,67.7,B60
Srimangal,1970,5,72.35,B60
Srimangal,1970,6,85.1,B60
Srimangal,1970,7,88.9,B60
Srimangal,1970,8,86.81,B60
Srimangal,1970,9,88.9,B60
Srimangal,1970,10,89.1,B60
Srimangal,1970,11,87.75,B60
Srimangal,1970,12,91.1,B60
Srimangal,1971,1,89.84,B60
Srimangal,1971,2,77.54,B60
Srimangal,1971,3,65.5,B60
Srimangal,1971,7,88.82,B60
Srimangal,1971,8,88.61,B60
Srimangal,1971,9,90.3,B60
Srimangal,1971,10,91.16,B60
Srimangal,1971,11,91.97,B60
Srimangal,1971,12,93.11,B60
Srimangal,1972,1,88.26,B60
Srimangal,1972,2,80.31,B60
Srimangal,1972,3,67.97,B60
Srimangal,1972,4,73.87,B60
Srimangal,1972,5,78.29,B60
Srimangal,1972,7,84.71,B60
Srimangal,1972,8,89.35,B60
Srimangal,1972,9,90.9,B60
Srimangal,1972,10,87.29,B60
Srimangal,1972,11,89.47,B60
Srimangal,1972,12,89.19,B60
Srimangal,1973,1,86.1,B60
Srimangal,1973,2,79.89,B60
Srimangal,1973,3,71.39,B60
Srimangal,1973,4,73.83,B60
Srimangal,1973,5,84.71,B60
Srimangal,1973,6,88.23,B60
Srimangal,1973,7,87.26,B60
Srimangal,1973,8,90.9,B60
Srimangal,1973,9,92.43,B60
Srimangal,1973,10,90.52,B60
Srimangal,1973,11,91.23,B60
Srimangal,1973,12,87.97,B60
Srimangal,1974,1,86.32,B60
Srimangal,1974,2,83.43,B60
Srimangal,1974,3,80.74,B60
Srimangal,1974,4,86.2,B60
Srimangal,1974,5,85.87,B60
Srimangal,1974,6,88.13,B60
Srimangal,1974,7,90.71,B60
Srimangal,1974,10,88.65,B60
Srimangal,1974,11,89.77,B60
Srimangal,1974,12,90.45,B60
Srimangal,1975,1,88.74,B60
Srimangal,1975,3,80.71,B60
Srimangal,1975,4,78.87,B60
Srimangal,1975,5,83.74,B60
Srimangal,1975,6,84.4,B60
Srimangal,1975,7,87.1,B60
Srimangal,1975,9,87.5,B60
Srimangal,1975,10,87.68,B60
Srimangal,1975,11,88.67,B60
Srimangal,1975,12,90.13,B60
Srimangal,1976,1,87.48,B60
Srimangal,1976,4,75.77,B60
Srimangal,1976,6,88.83,B60
Srimangal,1976,7,88.16,B60
Srimangal,1976,8,87.13,B60
Srimangal,1976,9,85.67,B60
Srimangal,1976,10,87.45,B60
Srimangal,1976,12,86,B60
Srimangal,1977,1,86.13,B60
Srimangal,1977,2,83.71,B60
Srimangal,1977,3,76.81,B60
Srimangal,1977,4,85.4,B60
Srimangal,1977,5,85,B60
Srimangal,1977,6,88.93,B60
Srimangal,1977,8,89.19,B60
Srimangal,1977,9,88.63,B60
Srimangal,1977,10,87.06,B60
Srimangal,1977,11,88,B60
Srimangal,1977,12,86.58,B60
Srimangal,1978,1,87.23,B60
Srimangal,1978,3,70.45,B60
Srimangal,1978,5,86.19,B60
Srimangal,1978,6,89.1,B60
Srimangal,1978,7,87.77,B60
Srimangal,1978,8,86.1,B60
Srimangal,1978,9,88.77,B60
Srimangal,1978,10,87.68,B60
Srimangal,1978,11,86.17,B60
Srimangal,1978,12,86.74,B60
Srimangal,1979,1,86.45,B60
Srimangal,1979,2,81.18,B60
Srimangal,1979,3,72.35,B60
Srimangal,1979,4,77.5,B60
Srimangal,1979,5,79.23,B60
Srimangal,1979,6,87.87,B60
Srimangal,1979,7,89.97,B60
Srimangal,1979,8,88.68,B60
Srimangal,1979,9,88.47,B60
Srimangal,1979,10,82.32,B60
Srimangal,1979,11,83.6,B60
Srimangal,1979,12,84.71,B60
Srimangal,1980,1,85,B60
Srimangal,1980,2,76.1,B60
Srimangal,1980,3,80.9,B60
Srimangal,1980,4,74.89,B60
Srimangal,1980,5,85,B60
Srimangal,1980,6,87.03,B60
Srimangal,1980,7,84.16,B60
Srimangal,1980,8,86.1,B60
Srimangal,1980,9,84.61,B60
Srimangal,1980,10,88.57,B60
Srimangal,1980,11,88,B60
Srimangal,1980,12,87.19,B60
Srimangal,1982,1,82.32,B60
Srimangal,1982,2,82.57,B60
Srimangal,1982,3,81.16,B60
Srimangal,1982,4,84.93,B60
Srimangal,1982,5,81.84,B60
Srimangal,1982,6,86.9,B60
Srimangal,1982,7,84.42,B60
Srimangal,1982,8,86.1,B60
Srimangal,1982,9,86.27,B60
Srimangal,1982,10,81,B60
Srimangal,1982,11,84.27,B60
Srimangal,1982,12,83.94,B60
Srimangal,1983,1,83.16,B60
Srimangal,1983,2,78.71,B60
Srimangal,1983,3,80.23,B60
Srimangal,1983,4,81.03,B60
Srimangal,1983,5,83.94,B60
Srimangal,1983,6,85.33,B60
Srimangal,1983,7,84.87,B60
Srimangal,1983,8,90.25,B60
Srimangal,1984,1,71.87,B60
Srimangal,1984,2,65.28,B60
Srimangal,1984,3,58.13,B60
Srimangal,1984,4,57.63,B60
Srimangal,1984,5,80.1,B60
Srimangal,1984,6,79.87,B60
Srimangal,1984,7,85.35,B60
Srimangal,1984,8,82.16,B60
Srimangal,1984,9,85.73,B60
Srimangal,1984,10,77.16,B60
Srimangal,1984,11,72.87,B60
Srimangal,1984,12,76.1,B60
Srimangal,1985,1,78.52,B60
Srimangal,1985,2,70.29,B60
Srimangal,1985,3,84.19,B60
Srimangal,1985,7,81.54,B60
Srimangal,1985,8,79.23,B60
Srimangal,1985,9,81.23,B60
Srimangal,1985,10,75.87,B60
Srimangal,1985,11,71.33,B60
Srimangal,1985,12,69.81,B60
Srimangal,1986,1,71.74,B60
Srimangal,1986,2,58.43,B60
Srimangal,1986,3,51.39,B60
Srimangal,1986,4,68.97,B60
Srimangal,1986,5,71.35,B60
Srimangal,1986,6,76.53,B60
Srimangal,1986,7,81.35,B60
Srimangal,1986,8,79,B60
Srimangal,1986,9,83.9,B60
Srimangal,1986,10,80.84,B60
Srimangal,1986,11,76.33,B60
Srimangal,1986,12,74.16,B60
Srimangal,1987,1,70.68,B60
Srimangal,1987,2,62.07,B60
Srimangal,1987,3,64.19,B60
Srimangal,1987,4,70.87,B60
Srimangal,1987,5,71.52,B60
Srimangal,1987,6,80.7,B60
Srimangal,1987,7,81.58,B60
Srimangal,1987,8,81.81,B60
Srimangal,1987,9,83.07,B60
Srimangal,1987,10,79.06,B60
Srimangal,1987,11,77.47,B60
Srimangal,1987,12,75.32,B60
Srimangal,1988,1,68.9,B60
Srimangal,1988,2,64.72,B60
Srimangal,1988,3,66.32,B60
Srimangal,1988,4,69.83,B60
Srimangal,1988,5,80.87,B60
Srimangal,1988,6,78.7,B60
Srimangal,1988,7,83.45,B60
Srimangal,1988,8,86.45,B60
Srimangal,1988,9,85.93,B60
Srimangal,1988,10,85.03,B60
Srimangal,1988,11,83,B60
Srimangal,1988,12,85.03,B60
Srimangal,1989,1,79.52,B60
Srimangal,1989,2,72.5,B60
Srimangal,1989,3,68.26,B60
Srimangal,1989,4,68.5,B60
Srimangal,1989,5,77.97,B60
Srimangal,1989,6,84.23,B60
Srimangal,1989,7,85.26,B60
Srimangal,1989,8,85.13,B60
Srimangal,1989,9,86.67,B60
Srimangal,1989,10,87.84,B60
Srimangal,1989,11,81.07,B60
Srimangal,1989,12,79.87,B60
Srimangal,1990,1,80.84,B60
Srimangal,1990,2,76.75,B60
Srimangal,1990,3,73.9,B60
Srimangal,1990,4,76.93,B60
Srimangal,1990,5,80.06,B60
Srimangal,1990,6,84.5,B60
Srimangal,1990,7,83.9,B60
Srimangal,1990,8,83.87,B60
Srimangal,1990,9,86.87,B60
Srimangal,1990,10,85.55,B60
Srimangal,1990,11,82.63,B60
Srimangal,1990,12,81.81,B60
Srimangal,1991,1,78.35,B60
Srimangal,1991,2,78.07,B60
Srimangal,1991,3,70.84,B60
Srimangal,1991,4,78.67,B60
Srimangal,1991,5,86.32,B60
Srimangal,1991,6,86.4,B60
Srimangal,1991,7,84.55,B60
Srimangal,1991,8,83.23,B60
Srimangal,1991,9,87.23,B60
Srimangal,1991,10,86.29,B60
Srimangal,1991,11,81.97,B60
Srimangal,1991,12,81.65,B60
Srimangal,1992,1,82,B60
Srimangal,1992,2,77.24,B60
Srimangal,1992,3,70.58,B60
Srimangal,1992,4,72,B60
Srimangal,1992,5,80.1,B60
Srimangal,1992,6,83.37,B60
Srimangal,1992,7,86.19,B60
Srimangal,1992,8,84.52,B60
Srimangal,1992,9,84.9,B60
Srimangal,1992,10,84.87,B60
Srimangal,1992,11,82.07,B60
Srimangal,1992,12,80.42,B60
Srimangal,1993,1,79.58,B60
Srimangal,1993,2,74.82,B60
Srimangal,1993,3,69.97,B60
Srimangal,1993,4,73.97,B60
Srimangal,1993,5,83.55,B60
Srimangal,1993,6,86.47,B60
Srimangal,1993,7,85.13,B60
Srimangal,1993,8,85.52,B60
Srimangal,1993,9,85.7,B60
Srimangal,1993,10,85.97,B60
Srimangal,1993,11,82.7,B60
Srimangal,1993,12,79.68,B60
Srimangal,1994,1,79.13,B60
Srimangal,1994,2,73.39,B60
Srimangal,1994,3,73.87,B60
Srimangal,1994,4,76.07,B60
Srimangal,1994,5,81,B60
Srimangal,1994,6,83.87,B60
Srimangal,1994,7,83.1,B60
Srimangal,1994,8,84.45,B60
Srimangal,1994,9,82.6,B60
Srimangal,1994,10,85.55,B60
Srimangal,1994,11,83.23,B60
Srimangal,1994,12,78.65,B60
Srimangal,1995,1,77.42,B60
Srimangal,1995,2,76.29,B60
Srimangal,1995,3,67.39,B60
Srimangal,1995,4,72.17,B60
Srimangal,1995,5,77.19,B60
Srimangal,1995,6,84.3,B60
Srimangal,1995,7,84.1,B60
Srimangal,1995,8,86.84,B60
Srimangal,1995,9,85.67,B60
Srimangal,1995,10,84.42,B60
Srimangal,1995,11,85.4,B60
Srimangal,1995,12,83.97,B60
Srimangal,1996,1,80.45,B60
Srimangal,1996,2,72.86,B60
Srimangal,1996,3,72.19,B60
Srimangal,1996,4,75.4,B60
Srimangal,1996,5,80.13,B60
Srimangal,1996,6,83.43,B60
Srimangal,1996,7,86.45,B60
Srimangal,1996,8,85.81,B60
Srimangal,1996,9,86.4,B60
Srimangal,1996,10,84.1,B60
Srimangal,1996,11,83.87,B60
Srimangal,1996,12,81.06,B60
Srimangal,1997,1,79.29,B60
Srimangal,1997,2,74.21,B60
Srimangal,1997,3,71.61,B60
Srimangal,1997,4,75.87,B60
Srimangal,1997,5,79.1,B60
Srimangal,1997,6,84.43,B60
Srimangal,1997,7,87.61,B60
Srimangal,1997,8,85.77,B60
Srimangal,1997,9,87.9,B60
Srimangal,1997,10,83.35,B60
Srimangal,1997,11,82.07,B60
Srimangal,1997,12,87.16,B60
Srimangal,1998,1,83.61,B60
Srimangal,1998,2,72.46,B60
Srimangal,1998,3,71.42,B60
Srimangal,1998,4,78.43,B60
Srimangal,1998,5,80.48,B60
Srimangal,1998,6,83.47,B60
Srimangal,1998,7,86.61,B60
Srimangal,1998,8,86.42,B60
Srimangal,1998,9,85.57,B60
Srimangal,1998,10,85.77,B60
Srimangal,1998,11,84.13,B60
Srimangal,1998,12,81.42,B60
Srimangal,1999,1,80.06,B60
Srimangal,1999,2,72.68,B60
Srimangal,1999,3,63.97,B60
Srimangal,1999,4,68.13,B60
Srimangal,1999,5,80.29,B60
Srimangal,1999,6,82.93,B60
Srimangal,1999,7,86.16,B60
Srimangal,1999,8,85.68,B60
Srimangal,1999,9,87.17,B60
Srimangal,1999,10,86.55,B60
Srimangal,1999,11,81.6,B60
Srimangal,1999,12,80.13,B60
Srimangal,2000,1,80.65,B60
Srimangal,2000,2,74.45,B60
Srimangal,2000,3,77.71,B60
Srimangal,2000,4,77.03,B60
Srimangal,2000,5,84.45,B60
Srimangal,2000,6,85.77,B60
Srimangal,2000,7,82.94,B60
Srimangal,2000,8,85.97,B60
Srimangal,2000,9,87.23,B60
Srimangal,2000,10,86.48,B60
Srimangal,2000,11,84.27,B60
Srimangal,2000,12,79.65,B60
Srimangal,2001,1,78.23,B60
Srimangal,2001,2,75.5,B60
Srimangal,2001,3,72.26,B60
Srimangal,2001,4,74.97,B60
Srimangal,2001,5,83.84,B60
Srimangal,2001,6,87.47,B60
Srimangal,2001,7,85.29,B60
Srimangal,2001,8,86.06,B60
Srimangal,2001,9,85.27,B60
Srimangal,2001,10,87.94,B60
Srimangal,2001,11,86.6,B60
Srimangal,2001,12,85.9,B60
Srimangal,2002,1,83.1,B60
Srimangal,2002,2,73.43,B60
Srimangal,2002,3,70.81,B60
Srimangal,2002,4,78.4,B60
Srimangal,2002,5,83.55,B60
Srimangal,2002,6,86.7,B60
Srimangal,2002,7,89,B60
Srimangal,2002,8,86.81,B60
Srimangal,2002,9,83.87,B60
Srimangal,2002,10,86.19,B60
Srimangal,2002,11,84.43,B60
Srimangal,2002,12,83.71,B60
Srimangal,2003,1,83.1,B60
Srimangal,2003,2,74.11,B60
Srimangal,2003,3,71.03,B60
Srimangal,2003,4,76.3,B60
Srimangal,2003,5,79.71,B60
Srimangal,2003,6,84.83,B60
Srimangal,2003,7,83.32,B60
Srimangal,2003,8,82.48,B60
Srimangal,2003,9,85.97,B60
Srimangal,2003,10,86.97,B60
Srimangal,2003,11,81.9,B60
Srimangal,2003,12,83.84,B60
Srimangal,2004,1,84.19,B60
Srimangal,2004,2,72.45,B60
Srimangal,2004,3,68.84,B60
Srimangal,2004,4,78.5,B60
Srimangal,2004,5,77.42,B60
Srimangal,2004,6,84.67,B60
Srimangal,2004,7,86.06,B60
Srimangal,2004,8,82.52,B60
Srimangal,2004,9,86.43,B60
Srimangal,2004,10,84.65,B60
Srimangal,2004,11,81.03,B60
Srimangal,2004,12,80.97,B60
Srimangal,2005,1,79.65,B60
Srimangal,2005,2,71.18,B60
Srimangal,2005,3,75.77,B60
Srimangal,2005,4,75.33,B60
Srimangal,2005,5,81.26,B60
Srimangal,2005,6,82.1,B60
Srimangal,2005,7,84.81,B60
Srimangal,2005,8,84.35,B60
Srimangal,2005,9,84.23,B60
Srimangal,2005,10,84.35,B60
Srimangal,2005,11,82.33,B60
Srimangal,2005,12,80.19,B60
Srimangal,2006,1,79.16,B60
Srimangal,2006,2,72.46,B60
Srimangal,2006,3,63.16,B60
Srimangal,2006,4,73.87,B60
Srimangal,2006,5,79.81,B60
Srimangal,2006,6,84.7,B60
Srimangal,2006,7,83.74,B60
Srimangal,2006,8,83.1,B60
Srimangal,2006,9,84.87,B60
Srimangal,2006,10,84.77,B60
Srimangal,2006,11,83.17,B60
Srimangal,2006,12,81.13,B60
Srimangal,2007,1,80.35,B60
Srimangal,2007,2,77.07,B60
Srimangal,2007,3,70.06,B60
Srimangal,2007,4,77.97,B60
Srimangal,2007,5,79.39,B60
Srimangal,2007,6,85.57,B60
Srimangal,2007,7,85.58,B60
Srimangal,2007,8,85.61,B60
Srimangal,2007,9,84.43,B60
Srimangal,2007,10,84.26,B60
Srimangal,2007,11,85.1,B60
Srimangal,2007,12,83.32,B60
Srimangal,2008,1,82.94,B60
Srimangal,2008,2,75.17,B60
Srimangal,2008,3,75.35,B60
Srimangal,2008,4,70.23,B60
Srimangal,2008,5,77.19,B60
Srimangal,2008,6,83.67,B60
Srimangal,2008,7,84.61,B60
Srimangal,2008,8,85.74,B60
Srimangal,2008,9,83.43,B60
Srimangal,2008,10,85.42,B60
Srimangal,2008,11,81.13,B60
Srimangal,2008,12,85.55,B60
Srimangal,2009,1,82.26,B60
Srimangal,2009,2,70.82,B60
Srimangal,2009,3,67.23,B60
Srimangal,2009,4,76.47,B60
Srimangal,2009,5,80.29,B60
Srimangal,2009,6,83.37,B60
Srimangal,2009,7,82.77,B60
Srimangal,2009,8,85.58,B60
Srimangal,2009,9,85.77,B60
Srimangal,2009,10,84.65,B60
Srimangal,2009,11,82.23,B60
Srimangal,2009,12,83.68,B60
Srimangal,2010,1,83.81,B60
Srimangal,2010,2,69.32,B60
Srimangal,2010,3,64.29,B60
Srimangal,2010,4,74.9,B60
Srimangal,2010,5,81.29,B60
Srimangal,2010,6,86.37,B60
Srimangal,2010,7,84.84,B60
Srimangal,2010,8,86.06,B60
Srimangal,2010,9,88.17,B60
Srimangal,2010,10,85.65,B60
Srimangal,2010,11,82.47,B60
Srimangal,2010,12,81.74,B60
Srimangal,2011,1,82.29,B60
Srimangal,2011,2,73.54,B60
Srimangal,2011,3,70.48,B60
Srimangal,2011,4,73.73,B60
Srimangal,2011,5,82.03,B60
Srimangal,2011,6,84.03,B60
Srimangal,2011,7,84.48,B60
Srimangal,2011,8,85.9,B60
Srimangal,2011,9,83.57,B60
Srimangal,2011,10,82.16,B60
Srimangal,2011,11,79.93,B60
Srimangal,2011,12,83.97,B60
Srimangal,2012,1,79.45,B60
Srimangal,2012,2,65.28,B60
Srimangal,2012,3,65.94,B60
Srimangal,2012,4,75.87,B60
Srimangal,2012,5,78.68,B60
Srimangal,2012,6,85.37,B60
Srimangal,2012,7,82.52,B60
Srimangal,2012,8,82.74,B60
Srimangal,2012,9,84.93,B60
Srimangal,2012,10,84.94,B60
Srimangal,2012,11,82.77,B60
Srimangal,2012,12,87.55,B60
Srimangal,2013,1,79.68,B60
Srimangal,2013,2,72.07,B60
Srimangal,2013,3,67.23,B60
Srimangal,2013,4,72.53,B60
Srimangal,2013,5,83,B60
Srimangal,2013,6,82.8,B60
Srimangal,2013,7,83.52,B60
Srimangal,2013,8,85.9,B60
Srimangal,2013,9,85.47,B60
Srimangal,2013,10,85.45,B60
Srimangal,2013,11,81.03,B60
Srimangal,2013,12,83.39,B60
Srimangal,2014,1,83.48,B60
Srimangal,2014,2,76.68,B60
Srimangal,2014,3,68.65,B60
Srimangal,2014,4,72,B60
Srimangal,2014,5,80.32,B60
Srimangal,2014,6,85.87,B60
Srimangal,2014,7,82.84,B60
Srimangal,2014,8,85.52,B60
Srimangal,2014,9,85.9,B60
Srimangal,2014,10,83.84,B60
Srimangal,2014,11,81.23,B60
Srimangal,2014,12,84.77,B60
Srimangal,2015,1,81,B60
Srimangal,2015,2,76.11,B60
Srimangal,2015,3,70.68,B60
Srimangal,2015,4,78.97,B60
Srimangal,2015,5,82.65,B60
Srimangal,2015,6,83.43,B60
Srimangal,2015,7,85.48,B60
Srimangal,2015,8,86.19,B60
Srimangal,2015,9,84.73,B60
Srimangal,2015,10,84.84,B60
Srimangal,2015,11,82.7,B60
Srimangal,2015,12,84.06,B60
Srimangal,2016,1,83.26,B60
Srimangal,2016,2,77.86,B60
Srimangal,2016,3,77.13,B60
Srimangal,2016,4,77.9,B60
Srimangal,2016,5,82.94,B60
Srimangal,2016,6,84.03,B60
Srimangal,2016,7,84.42,B60
Srimangal,2016,8,82.97,B60
Srimangal,2016,9,86.27,B60
Srimangal,2016,10,85.42,B60
Srimangal,2016,11,84.23,B60
Srimangal,2016,12,83.16,B60
Srimangal,2017,1,80.84,B60
Srimangal,2017,2,72.68,B60
Srimangal,2017,3,77.74,B60
Srimangal,2017,4,81.87,B60
Srimangal,2017,5,80.35,B60
Srimangal,2017,6,87.27,B60
Srimangal,2017,7,85.77,B60
Srimangal,2017,8,85.55,B60
Srimangal,2017,9,88.23,B60
Srimangal,2017,10,87.61,B60
Srimangal,2017,11,84.7,B60
Srimangal,2017,12,87.39,B60
Srimangal,2018,1,86.03,B60
Srimangal,2018,2,78,B60
Srimangal,2018,3,73.35,B60
Srimangal,2018,4,79.33,B60
Srimangal,2018,5,83.58,B60
Srimangal,2018,6,83.7,B60
Srimangal,2018,7,84.1,B60
Srimangal,2018,8,84.32,B60
Srimangal,2018,9,84.83,B60
Srimangal,2018,10,85,B60
Srimangal,2018,11,82.83,B60
Srimangal,2018,12,83.48,B60
Srimangal,2019,1,79.74,B60
Srimangal,2019,2,75.93,B60
Srimangal,2019,3,74.39,B60
Srimangal,2019,4,77.23,B60
Srimangal,2019,5,79.61,B60
Srimangal,2019,6,84.27,B60
Srimangal,2019,7,84.84,B60
Srimangal,2019,8,83.48,B60
Srimangal,2019,9,84.6,B60
Srimangal,2019,10,86.84,B60
Srimangal,2019,11,85.53,B60
Srimangal,2019,12,84.52,B60
Srimangal,2020,1,85.77,B60
Srimangal,2020,2,75.72,B60
Srimangal,2020,3,69.26,B60
Srimangal,2020,4,75.07,B60
Srimangal,2020,5,80.87,B60
Srimangal,2020,6,85.43,B60
Srimangal,2020,7,86.13,B60
Srimangal,2020,8,83.65,B60
Srimangal,2020,9,87.6,B60
Srimangal,2020,10,86.55,B60
Srimangal,2020,11,84.1,B60
Srimangal,2020,12,89.89,B60
Srimangal,2021,1,87.56,B60
Srimangal,2021,2,70.98,B60
Srimangal,2021,3,60.41,B60
Srimangal,2021,4,64.05,B60
Srimangal,2021,5,72.74,B60
Srimangal,2021,6,79.85,B60
Srimangal,2021,7,84.78,B60
Srimangal,2021,8,86.68,B60
Srimangal,2021,9,84.39,B60
Srimangal,2021,10,85.36,B60
Srimangal,2021,11,82.79,B60
Srimangal,2021,12,84.92,B60
Srimangal,2023,1,82.1,B60
Srimangal,2023,2,69.64,B60
Srimangal,2023,3,67.76,B60
Srimangal,2023,4,66.15,B60
Srimangal,2023,5,67.13,B60
Srimangal,2023,6,80.75,B60
Srimangal,2023,7,76.08,B60
Srimangal,2023,8,83.19,B60
Srimangal,2023,9,80.3,B60
Srimangal,2023,10,83.73,B60
Srimangal,2023,11,81.3,B60
Srimangal,2023,12,87.35,B60
Srimangal,2022,1,84.71,B60
Srimangal,2022,2,76.04,B60
Srimangal,2022,3,72.29,B60
Srimangal,2022,4,76.5,B60
Srimangal,2022,5,84.71,B60
Srimangal,2022,6,88.1,B60
Srimangal,2022,7,84,B60
Srimangal,2022,8,83.87,B60
Srimangal,2022,9,86.33,B60
Srimangal,2022,10,86.19,B60
Srimangal,2022,11,81.17,B60
Srimangal,2022,12,83.52,B60
Sayedpur,1991,1,71.23,B60
Sayedpur,1991,2,61.29,B60
Sayedpur,1991,3,52.55,B60
Sayedpur,1991,4,60.3,B60
Sayedpur,1991,5,81.65,B60
Sayedpur,1991,6,80.17,B60
Sayedpur,1991,7,80.55,B60
Sayedpur,1991,8,80.06,B60
Sayedpur,1991,9,85.3,B60
Sayedpur,1991,10,73.52,B60
Sayedpur,1991,11,65.5,B60
Sayedpur,1991,12,70.65,B60
Sayedpur,1992,1,71.52,B60
Sayedpur,1992,2,65.55,B60
Sayedpur,1992,3,52.61,B60
Sayedpur,1992,4,51.27,B60
Sayedpur,1992,5,70.52,B60
Sayedpur,1992,6,75.27,B60
Sayedpur,1992,7,81.74,B60
Sayedpur,1992,8,78.1,B60
Sayedpur,1992,9,79.03,B60
Sayedpur,1992,10,75.16,B60
Sayedpur,1992,11,67.13,B60
Sayedpur,1992,12,71.26,B60
Sayedpur,1993,1,79.29,B60
Sayedpur,1993,2,66.64,B60
Sayedpur,1993,3,55,B60
Sayedpur,1993,4,60.7,B60
Sayedpur,1993,5,75.9,B60
Sayedpur,1993,6,80.8,B60
Sayedpur,1993,7,83.06,B60
Sayedpur,1993,8,84.65,B60
Sayedpur,1993,9,82.63,B60
Sayedpur,1993,10,76.06,B60
Sayedpur,1993,11,72.23,B60
Sayedpur,1993,12,67.84,B60
Sayedpur,1994,1,74.29,B60
Sayedpur,1994,2,67.79,B60
Sayedpur,1994,3,61.19,B60
Sayedpur,1994,4,58.17,B60
Sayedpur,1994,5,69.52,B60
Sayedpur,1994,6,79.97,B60
Sayedpur,1994,7,74.94,B60
Sayedpur,1994,8,76.61,B60
Sayedpur,1994,9,77.27,B60
Sayedpur,1994,10,73.52,B60
Sayedpur,1994,11,66.3,B60
Sayedpur,1994,12,65.32,B60
Sayedpur,1995,1,65.39,B60
Sayedpur,1995,2,63.39,B60
Sayedpur,1995,3,54.32,B60
Sayedpur,1995,4,52.33,B60
Sayedpur,1995,5,69,B60
Sayedpur,1995,6,82.6,B60
Sayedpur,1995,7,84.16,B60
Sayedpur,1995,8,83.1,B60
Sayedpur,1995,9,83.93,B60
Sayedpur,1995,10,75.26,B60
Sayedpur,1995,11,73.4,B60
Sayedpur,1995,12,74.39,B60
Sayedpur,1996,1,74.65,B60
Sayedpur,1996,2,65.48,B60
Sayedpur,1996,3,57.52,B60
Sayedpur,1996,4,55.13,B60
Sayedpur,1996,5,75.19,B60
Sayedpur,1996,6,79.73,B60
Sayedpur,1996,7,83.48,B60
Sayedpur,1996,8,80.77,B60
Sayedpur,1996,9,80.97,B60
Sayedpur,1996,10,75.9,B60
Sayedpur,1996,11,70.9,B60
Sayedpur,1996,12,67.55,B60
Sayedpur,1997,1,71.1,B60
Sayedpur,1997,2,65,B60
Sayedpur,1997,3,55.52,B60
Sayedpur,1997,4,66.3,B60
Sayedpur,1997,5,67.35,B60
Sayedpur,1997,6,77.7,B60
Sayedpur,1997,7,82.19,B60
Sayedpur,1997,8,79.9,B60
Sayedpur,1997,9,82.67,B60
Sayedpur,1997,10,72.29,B60
Sayedpur,1997,11,71.17,B60
Sayedpur,1997,12,78.39,B60
Sayedpur,1998,1,77.23,B60
Sayedpur,1998,2,62.04,B60
Sayedpur,1998,3,63.65,B60
Sayedpur,1998,4,71.73,B60
Sayedpur,1998,5,74.84,B60
Sayedpur,1998,6,81.77,B60
Sayedpur,1998,7,85.84,B60
Sayedpur,1998,8,86.13,B60
Sayedpur,1998,9,81.3,B60
Sayedpur,1998,10,79.77,B60
Sayedpur,1998,11,70.5,B60
Sayedpur,1998,12,68.26,B60
Sayedpur,1999,1,70.42,B60
Sayedpur,1999,2,64.14,B60
Sayedpur,1999,3,51.77,B60
Sayedpur,1999,4,73.17,B60
Sayedpur,1999,5,77.58,B60
Sayedpur,1999,6,80.33,B60
Sayedpur,1999,7,83.29,B60
Sayedpur,1999,8,83.97,B60
Sayedpur,1999,9,82.73,B60
Sayedpur,1999,10,79.94,B60
Sayedpur,1999,11,69.5,B60
Sayedpur,1999,12,67.48,B60
Sayedpur,2000,1,74.58,B60
Sayedpur,2000,2,68.93,B60
Sayedpur,2000,3,64.52,B60
Sayedpur,2000,4,72.67,B60
Sayedpur,2000,5,81.32,B60
Sayedpur,2000,6,83.6,B60
Sayedpur,2000,7,81.77,B60
Sayedpur,2000,8,82.94,B60
Sayedpur,2000,9,85.43,B60
Sayedpur,2000,10,80.23,B60
Sayedpur,2000,11,80.23,B60
Sayedpur,2000,12,76,B60
Sayedpur,2001,1,76.35,B60
Sayedpur,2001,2,72.46,B60
Sayedpur,2001,3,59.42,B60
Sayedpur,2001,4,66.6,B60
Sayedpur,2001,5,78.81,B60
Sayedpur,2001,6,82.53,B60
Sayedpur,2001,7,83.39,B60
Sayedpur,2001,8,83.77,B60
Sayedpur,2001,9,86.87,B60
Sayedpur,2001,10,85.55,B60
Sayedpur,2001,11,82.77,B60
Sayedpur,2001,12,82.45,B60
Sayedpur,2002,1,78.32,B60
Sayedpur,2002,2,72.32,B60
Sayedpur,2002,3,67.81,B60
Sayedpur,2002,4,78.73,B60
Sayedpur,2002,5,80.52,B60
Sayedpur,2002,6,85.47,B60
Sayedpur,2002,7,88.23,B60
Sayedpur,2002,8,83.61,B60
Sayedpur,2002,9,82.33,B60
Sayedpur,2002,10,79.84,B60
Sayedpur,2002,11,78.3,B60
Sayedpur,2002,12,82.74,B60
Sayedpur,2003,1,85.39,B60
Sayedpur,2003,2,76.36,B60
Sayedpur,2003,3,71.19,B60
Sayedpur,2003,4,78.37,B60
Sayedpur,2003,5,77.87,B60
Sayedpur,2003,6,84.73,B60
Sayedpur,2003,7,83.19,B60
Sayedpur,2003,8,82.74,B60
Sayedpur,2003,9,85.07,B60
Sayedpur,2003,10,85.1,B60
Sayedpur,2003,11,80.43,B60
Sayedpur,2003,12,78.16,B60
Sayedpur,2004,1,84.97,B60
Sayedpur,2004,2,72.83,B60
Sayedpur,2004,3,69.71,B60
Sayedpur,2004,4,79.17,B60
Sayedpur,2004,5,78.9,B60
Sayedpur,2004,6,83.2,B60
Sayedpur,2004,7,86.23,B60
Sayedpur,2004,8,82.06,B60
Sayedpur,2004,9,85.67,B60
Sayedpur,2004,10,82.58,B60
Sayedpur,2004,11,75.8,B60
Sayedpur,2004,12,77.58,B60
Sayedpur,2005,1,79.1,B60
Sayedpur,2005,2,71.64,B60
Sayedpur,2005,3,74.06,B60
Sayedpur,2005,4,75.47,B60
Sayedpur,2005,5,78.87,B60
Sayedpur,2005,6,82.33,B60
Sayedpur,2005,7,84.42,B60
Sayedpur,2005,8,86.26,B60
Sayedpur,2005,9,81.87,B60
Sayedpur,2005,10,84.97,B60
Sayedpur,2005,11,78.67,B60
Sayedpur,2005,12,75.23,B60
Sayedpur,2006,1,83.87,B60
Sayedpur,2006,2,76.21,B60
Sayedpur,2006,3,63.06,B60
Sayedpur,2006,4,75.43,B60
Sayedpur,2006,5,77.77,B60
Sayedpur,2006,6,84.17,B60
Sayedpur,2006,7,81.1,B60
Sayedpur,2006,8,80.45,B60
Sayedpur,2006,9,85.33,B60
Sayedpur,2006,10,80.68,B60
Sayedpur,2006,11,80.03,B60
Sayedpur,2006,12,79,B60
Sayedpur,2007,1,78.84,B60
Sayedpur,2007,2,79.04,B60
Sayedpur,2007,3,67.45,B60
Sayedpur,2007,4,75.33,B60
Sayedpur,2007,5,74.65,B60
Sayedpur,2007,6,82.9,B60
Sayedpur,2007,7,86.13,B60
Sayedpur,2007,8,83.32,B60
Sayedpur,2007,9,86.57,B60
Sayedpur,2007,10,81.68,B60
Sayedpur,2007,11,76.13,B60
Sayedpur,2007,12,78.29,B60
Sayedpur,2008,1,80.58,B60
Sayedpur,2008,2,71.52,B60
Sayedpur,2008,3,71.06,B60
Sayedpur,2008,4,73.3,B60
Sayedpur,2008,5,77.84,B60
Sayedpur,2008,6,84.8,B60
Sayedpur,2008,7,85.16,B60
Sayedpur,2008,8,86.87,B60
Sayedpur,2008,9,83.17,B60
Sayedpur,2008,10,80.71,B60
Sayedpur,2008,11,75.67,B60
Sayedpur,2008,12,84.1,B60
Sayedpur,2009,1,82.84,B60
Sayedpur,2009,2,67.07,B60
Sayedpur,2009,3,65.26,B60
Sayedpur,2009,4,72.7,B60
Sayedpur,2009,5,78.94,B60
Sayedpur,2009,6,79.57,B60
Sayedpur,2009,7,81.1,B60
Sayedpur,2009,8,84.97,B60
Sayedpur,2009,9,81.9,B60
Sayedpur,2009,10,80.81,B60
Sayedpur,2009,11,77.8,B60
Sayedpur,2009,12,83.23,B60
Sayedpur,2010,1,83.65,B60
Sayedpur,2010,2,68.61,B60
Sayedpur,2010,3,65.94,B60
Sayedpur,2010,4,77.8,B60
Sayedpur,2010,5,79.77,B60
Sayedpur,2010,6,85,B60
Sayedpur,2010,7,83.58,B60
Sayedpur,2010,8,84.03,B60
Sayedpur,2010,9,85.1,B60
Sayedpur,2010,10,82.71,B60
Sayedpur,2010,11,78.57,B60
Sayedpur,2010,12,76.26,B60
Sayedpur,2011,1,82.29,B60
Sayedpur,2011,2,72,B60
Sayedpur,2011,3,69.29,B60
Sayedpur,2011,4,74.97,B60
Sayedpur,2011,5,80.23,B60
Sayedpur,2011,6,82.37,B60
Sayedpur,2011,7,84.1,B60
Sayedpur,2011,8,84.29,B60
Sayedpur,2011,9,83.37,B60
Sayedpur,2011,10,80,B60
Sayedpur,2011,11,77.03,B60
Sayedpur,2011,12,82.39,B60
Sayedpur,2012,1,78.84,B60
Sayedpur,2012,2,68.79,B60
Sayedpur,2012,3,61.9,B60
Sayedpur,2012,4,70.8,B60
Sayedpur,2012,5,75.71,B60
Sayedpur,2012,6,83.97,B60
Sayedpur,2012,7,85,B60
Sayedpur,2012,8,80.84,B60
Sayedpur,2012,9,85.03,B60
Sayedpur,2012,10,79.52,B60
Sayedpur,2012,11,75.07,B60
Sayedpur,2012,12,86.35,B60
Sayedpur,2013,1,78.32,B60
Sayedpur,2013,2,69.21,B60
Sayedpur,2013,3,64.65,B60
Sayedpur,2013,4,70.43,B60
Sayedpur,2013,5,82.58,B60
Sayedpur,2013,6,82.03,B60
Sayedpur,2013,7,82.48,B60
Sayedpur,2013,8,85.06,B60
Sayedpur,2013,9,82.57,B60
Sayedpur,2013,10,84.35,B60
Sayedpur,2013,11,79.3,B60
Sayedpur,2013,12,82.77,B60
Sayedpur,2014,1,85.61,B60
Sayedpur,2014,2,77.32,B60
Sayedpur,2014,3,67.71,B60
Sayedpur,2014,4,64.03,B60
Sayedpur,2014,5,73.39,B60
Sayedpur,2014,6,84.13,B60
Sayedpur,2014,7,82.55,B60
Sayedpur,2014,8,85.87,B60
Sayedpur,2014,9,85.67,B60
Sayedpur,2014,10,81.19,B60
Sayedpur,2014,11,78.67,B60
Sayedpur,2014,12,83.94,B60
Sayedpur,2015,1,83.9,B60
Sayedpur,2015,2,77.57,B60
Sayedpur,2015,3,69.13,B60
Sayedpur,2015,4,76.9,B60
Sayedpur,2015,5,80.87,B60
Sayedpur,2015,6,82.57,B60
Sayedpur,2015,7,81.23,B60
Sayedpur,2015,8,86.26,B60
Sayedpur,2015,9,84.43,B60
Sayedpur,2015,10,79.97,B60
Sayedpur,2015,11,78.73,B60
Sayedpur,2015,12,81.84,B60
Sayedpur,2016,1,82.35,B60
Sayedpur,2016,2,73.69,B60
Sayedpur,2016,3,67.68,B60
Sayedpur,2016,4,71.33,B60
Sayedpur,2016,5,78.1,B60
Sayedpur,2016,6,80.2,B60
Sayedpur,2016,7,85.74,B60
Sayedpur,2016,8,78.87,B60
Sayedpur,2016,9,85.6,B60
Sayedpur,2016,10,81.71,B60
Sayedpur,2016,11,76.43,B60
Sayedpur,2016,12,81.03,B60
Sayedpur,2017,1,78.19,B60
Sayedpur,2017,2,72.25,B60
Sayedpur,2017,3,73.65,B60
Sayedpur,2017,4,77.43,B60
Sayedpur,2017,5,78.94,B60
Sayedpur,2017,6,80.13,B60
Sayedpur,2017,7,84.06,B60
Sayedpur,2017,8,85.26,B60
Sayedpur,2017,9,83.63,B60
Sayedpur,2017,10,84.68,B60
Sayedpur,2017,11,78.1,B60
Sayedpur,2017,12,81.55,B60
Sayedpur,2018,1,84.13,B60
Sayedpur,2018,2,73.89,B60
Sayedpur,2018,3,70.48,B60
Sayedpur,2018,4,76.67,B60
Sayedpur,2018,5,78.32,B60
Sayedpur,2018,6,80.57,B60
Sayedpur,2018,7,81.23,B60
Sayedpur,2018,8,81.9,B60
Sayedpur,2018,9,82.1,B60
Sayedpur,2018,10,80.81,B60
Sayedpur,2018,11,75.47,B60
Sayedpur,2018,12,75,B60
Sayedpur,2019,1,72.58,B60
Sayedpur,2019,2,73.25,B60
Sayedpur,2019,3,65.06,B60
Sayedpur,2019,4,73.8,B60
Sayedpur,2019,5,77.71,B60
Sayedpur,2019,6,79.2,B60
Sayedpur,2019,7,82.68,B60
Sayedpur,2019,8,78.65,B60
Sayedpur,2019,9,85.03,B60
Sayedpur,2019,10,81.97,B60
Sayedpur,2019,11,77.53,B60
Sayedpur,2019,12,79.74,B60
Sayedpur,2020,1,81.19,B60
Sayedpur,2020,2,72.76,B60
Sayedpur,2020,3,69.1,B60
Sayedpur,2020,4,71.27,B60
Sayedpur,2020,5,80.23,B60
Sayedpur,2020,6,84.3,B60
Sayedpur,2020,7,85.58,B60
Sayedpur,2020,8,80.58,B60
Sayedpur,2020,9,87.2,B60
Sayedpur,2020,10,80.16,B60
Sayedpur,2020,11,74.13,B60
Sayedpur,2020,12,82.66,B60
Sayedpur,2021,1,82.23,B60
Sayedpur,2021,2,69.61,B60
Sayedpur,2021,3,58,B60
Sayedpur,2021,4,61.55,B60
Sayedpur,2021,5,73.32,B60
Sayedpur,2021,6,79.13,B60
Sayedpur,2021,7,82.31,B60
Sayedpur,2021,8,84.89,B60
Sayedpur,2021,9,81.63,B60
Sayedpur,2021,10,82.82,B60
Sayedpur,2021,11,77.87,B60
Sayedpur,2021,12,77.27,B60
Sayedpur,2022,1,81.9,B60
Sayedpur,2022,2,75,B60
Sayedpur,2022,3,70,B60
Sayedpur,2022,4,80.73,B60
Sayedpur,2022,5,79.1,B60
Sayedpur,2022,6,82.6,B60
Sayedpur,2022,7,77.29,B60
Sayedpur,2022,8,79.35,B60
Sayedpur,2022,9,82.7,B60
Sayedpur,2022,10,79.42,B60
Sayedpur,2022,11,76.17,B60
Sayedpur,2022,12,79.13,B60
Sylhet,1956,2,10,B60
Sylhet,1956,3,75,B60
Sylhet,1956,4,78.6,B60
Sylhet,1956,5,88.39,B60
Sylhet,1956,6,90.73,B60
Sylhet,1956,7,89.26,B60
Sylhet,1956,8,89.45,B60
Sylhet,1956,9,86.13,B60
Sylhet,1956,10,85.94,B60
Sylhet,1956,11,81.2,B60
Sylhet,1956,12,77.77,B60
Sylhet,1957,1,80.29,B60
Sylhet,1957,2,75.07,B60
Sylhet,1957,3,62.29,B60
Sylhet,1957,4,68.47,B60
Sylhet,1957,5,86.71,B60
Sylhet,1957,6,89.57,B60
Sylhet,1957,7,87.81,B60
Sylhet,1957,8,85.77,B60
Sylhet,1957,9,88.33,B60
Sylhet,1957,10,83.26,B60
Sylhet,1957,11,75.43,B60
Sylhet,1957,12,76.58,B60
Sylhet,1958,1,74.35,B60
Sylhet,1958,2,71.39,B60
Sylhet,1958,3,58.45,B60
Sylhet,1958,4,75.77,B60
Sylhet,1958,5,83.84,B60
Sylhet,1958,6,85.93,B60
Sylhet,1958,7,85.23,B60
Sylhet,1958,8,89.9,B60
Sylhet,1958,9,87,B60
Sylhet,1958,10,86.84,B60
Sylhet,1958,11,75.97,B60
Sylhet,1958,12,79.29,B60
Sylhet,1959,1,74.84,B60
Sylhet,1959,2,71.04,B60
Sylhet,1959,3,71.19,B60
Sylhet,1959,4,77.03,B60
Sylhet,1959,5,85.19,B60
Sylhet,1959,6,89.53,B60
Sylhet,1959,7,86.06,B60
Sylhet,1959,8,86.71,B60
Sylhet,1959,9,86.5,B60
Sylhet,1959,10,88.23,B60
Sylhet,1959,11,76.5,B60
Sylhet,1959,12,74.58,B60
Sylhet,1960,1,69.06,B60
Sylhet,1960,2,59.55,B60
Sylhet,1960,3,67.13,B60
Sylhet,1960,4,63.37,B60
Sylhet,1960,5,81.42,B60
Sylhet,1960,6,86.13,B60
Sylhet,1960,7,91.03,B60
Sylhet,1960,8,85.87,B60
Sylhet,1960,9,88.03,B60
Sylhet,1960,10,81.84,B60
Sylhet,1960,11,81.53,B60
Sylhet,1961,3,71,B60
Sylhet,1961,4,70.9,B60
Sylhet,1961,5,77.16,B60
Sylhet,1961,6,84.67,B60
Sylhet,1961,7,82.87,B60
Sylhet,1961,8,83.94,B60
Sylhet,1961,9,80.33,B60
Sylhet,1961,10,79.71,B60
Sylhet,1961,11,69.9,B60
Sylhet,1961,12,65.16,B60
Sylhet,1962,1,61.77,B60
Sylhet,1962,2,60.56,B60
Sylhet,1962,3,46.87,B60
Sylhet,1962,4,68.93,B60
Sylhet,1962,5,76.94,B60
Sylhet,1962,6,88.8,B60
Sylhet,1962,7,84.84,B60
Sylhet,1962,8,88.97,B60
Sylhet,1962,9,83.43,B60
Sylhet,1962,10,82.52,B60
Sylhet,1962,11,77.9,B60
Sylhet,1962,12,74,B60
Sylhet,1963,1,63.71,B60
Sylhet,1963,2,56.96,B60
Sylhet,1963,3,55.03,B60
Sylhet,1963,4,70.03,B60
Sylhet,1963,5,82.03,B60
Sylhet,1963,6,89.13,B60
Sylhet,1963,7,88.71,B60
Sylhet,1963,8,88.29,B60
Sylhet,1963,9,84.77,B60
Sylhet,1963,10,84.26,B60
Sylhet,1963,11,79.47,B60
Sylhet,1963,12,74.29,B60
Sylhet,1964,1,72.19,B60
Sylhet,1964,2,65.86,B60
Sylhet,1964,3,66.23,B60
Sylhet,1964,4,80,B60
Sylhet,1964,5,81.58,B60
Sylhet,1964,6,89.73,B60
Sylhet,1964,7,89.35,B60
Sylhet,1964,8,86.06,B60
Sylhet,1964,9,87.73,B60
Sylhet,1964,10,87.19,B60
Sylhet,1964,11,77.47,B60
Sylhet,1964,12,72.9,B60
Sylhet,1965,1,69.97,B60
Sylhet,1965,2,69.46,B60
Sylhet,1965,3,62.55,B60
Sylhet,1965,4,74.7,B60
Sylhet,1965,5,80.87,B60
Sylhet,1965,6,89.03,B60
Sylhet,1965,7,87.58,B60
Sylhet,1965,8,89.87,B60
Sylhet,1965,9,88.33,B60
Sylhet,1965,10,84.32,B60
Sylhet,1965,11,79.1,B60
Sylhet,1965,12,75.42,B60
Sylhet,1966,1,76.23,B60
Sylhet,1966,2,64.32,B60
Sylhet,1966,3,64.19,B60
Sylhet,1966,4,72.53,B60
Sylhet,1966,6,88.9,B60
Sylhet,1966,7,87.77,B60
Sylhet,1966,8,89.32,B60
Sylhet,1966,9,85.23,B60
Sylhet,1966,10,81.67,B60
Sylhet,1967,1,71.57,B60
Sylhet,1967,2,67.86,B60
Sylhet,1967,3,71.9,B60
Sylhet,1967,4,68.13,B60
Sylhet,1967,5,79.32,B60
Sylhet,1967,6,87.57,B60
Sylhet,1967,7,86.42,B60
Sylhet,1967,8,84.03,B60
Sylhet,1967,9,87.83,B60
Sylhet,1967,10,82.16,B60
Sylhet,1967,11,75.27,B60
Sylhet,1967,12,75.19,B60
Sylhet,1968,1,72.19,B60
Sylhet,1968,2,61.62,B60
Sylhet,1968,3,59.48,B60
Sylhet,1968,4,73.4,B60
Sylhet,1968,5,82.68,B60
Sylhet,1968,6,88.3,B60
Sylhet,1968,7,88.81,B60
Sylhet,1968,8,88.42,B60
Sylhet,1968,9,90,B60
Sylhet,1968,10,83.48,B60
Sylhet,1968,11,78.17,B60
Sylhet,1968,12,74.19,B60
Sylhet,1969,1,71.32,B60
Sylhet,1969,2,59,B60
Sylhet,1969,3,65.39,B60
Sylhet,1969,4,75.33,B60
Sylhet,1969,5,78.13,B60
Sylhet,1969,6,89.33,B60
Sylhet,1969,7,87.13,B60
Sylhet,1969,8,89.97,B60
Sylhet,1969,9,81.77,B60
Sylhet,1969,10,81.68,B60
Sylhet,1969,11,76.47,B60
Sylhet,1969,12,75.74,B60
Sylhet,1970,1,76.52,B60
Sylhet,1970,2,67.96,B60
Sylhet,1970,3,66.26,B60
Sylhet,1970,4,76.1,B60
Sylhet,1970,5,80.84,B60
Sylhet,1970,6,88.03,B60
Sylhet,1970,7,89.68,B60
Sylhet,1970,8,87.1,B60
Sylhet,1970,9,87.93,B60
Sylhet,1970,10,86.1,B60
Sylhet,1970,11,77.3,B60
Sylhet,1970,12,73.23,B60
Sylhet,1971,1,73.84,B60
Sylhet,1971,2,63.86,B60
Sylhet,1971,3,58.31,B60
Sylhet,1971,5,72,B60
Sylhet,1971,6,86.9,B60
Sylhet,1971,7,84.9,B60
Sylhet,1971,8,85.13,B60
Sylhet,1971,9,83.4,B60
Sylhet,1971,10,80.26,B60
Sylhet,1971,11,71.27,B60
Sylhet,1972,1,65.17,B60
Sylhet,1972,2,62.9,B60
Sylhet,1972,3,56.94,B60
Sylhet,1972,4,77.93,B60
Sylhet,1972,5,84.03,B60
Sylhet,1972,6,87.53,B60
Sylhet,1972,7,86.06,B60
Sylhet,1972,8,86.39,B60
Sylhet,1972,9,83.9,B60
Sylhet,1972,10,80.55,B60
Sylhet,1972,11,75.6,B60
Sylhet,1972,12,70.84,B60
Sylhet,1974,1,72.71,B60
Sylhet,1974,2,59.86,B60
Sylhet,1974,3,64.26,B60
Sylhet,1974,4,78.47,B60
Sylhet,1974,5,81.74,B60
Sylhet,1974,6,88.3,B60
Sylhet,1974,7,90.58,B60
Sylhet,1974,8,86.77,B60
Sylhet,1974,9,87.3,B60
Sylhet,1974,10,86.55,B60
Sylhet,1974,11,78.03,B60
Sylhet,1974,12,74.71,B60
Sylhet,1975,1,69.52,B60
Sylhet,1975,2,67.07,B60
Sylhet,1975,3,59.42,B60
Sylhet,1975,4,72.6,B60
Sylhet,1975,5,82.23,B60
Sylhet,1975,7,90.03,B60
Sylhet,1975,8,84.58,B60
Sylhet,1975,9,87,B60
Sylhet,1975,10,85.19,B60
Sylhet,1975,11,78.73,B60
Sylhet,1976,1,69.77,B60
Sylhet,1976,2,67.14,B60
Sylhet,1976,3,70.39,B60
Sylhet,1976,4,76.13,B60
Sylhet,1976,5,80.87,B60
Sylhet,1976,6,89.67,B60
Sylhet,1976,7,87.16,B60
Sylhet,1976,8,89.1,B60
Sylhet,1976,9,83.37,B60
Sylhet,1976,10,80.45,B60
Sylhet,1976,11,79.03,B60
Sylhet,1976,12,75.13,B60
Sylhet,1977,1,70.35,B60
Sylhet,1977,2,69.5,B60
Sylhet,1977,3,71.35,B60
Sylhet,1977,4,84.1,B60
Sylhet,1977,5,82.29,B60
Sylhet,1977,6,89.17,B60
Sylhet,1977,7,87.19,B60
Sylhet,1977,8,86.42,B60
Sylhet,1977,9,83.77,B60
Sylhet,1977,10,84.74,B60
Sylhet,1977,11,80.9,B60
Sylhet,1977,12,74.81,B60
Sylhet,1978,1,71.48,B60
Sylhet,1978,2,62.61,B60
Sylhet,1978,3,58.03,B60
Sylhet,1978,4,68.83,B60
Sylhet,1978,5,84.1,B60
Sylhet,1978,6,88.57,B60
Sylhet,1978,7,86.29,B60
Sylhet,1978,8,82.87,B60
Sylhet,1978,9,87,B60
Sylhet,1978,10,81.26,B60
Sylhet,1978,11,78.63,B60
Sylhet,1978,12,69,B60
Sylhet,1979,2,59.25,B60
Sylhet,1979,3,57.58,B60
Sylhet,1979,4,68,B60
Sylhet,1979,5,78.48,B60
Sylhet,1979,6,84.7,B60
Sylhet,1979,7,89.61,B60
Sylhet,1979,8,85.42,B60
Sylhet,1979,9,88,B60
Sylhet,1979,10,82.71,B60
Sylhet,1979,11,78.3,B60
Sylhet,1979,12,76.71,B60
Sylhet,1980,1,71.03,B60
Sylhet,1980,2,65.1,B60
Sylhet,1980,3,68.58,B60
Sylhet,1980,4,74.03,B60
Sylhet,1980,5,82.9,B60
Sylhet,1980,6,85.13,B60
Sylhet,1980,7,85.87,B60
Sylhet,1980,8,86.19,B60
Sylhet,1980,9,87.87,B60
Sylhet,1980,10,83.23,B60
Sylhet,1980,11,71.7,B60
Sylhet,1980,12,72.68,B60
Sylhet,1981,1,70.94,B60
Sylhet,1981,2,69.07,B60
Sylhet,1981,3,66.9,B60
Sylhet,1981,4,76.33,B60
Sylhet,1981,5,82.1,B60
Sylhet,1981,6,83.87,B60
Sylhet,1981,7,89.13,B60
Sylhet,1981,8,86.55,B60
Sylhet,1981,9,85.27,B60
Sylhet,1981,10,78.9,B60
Sylhet,1981,11,70.3,B60
Sylhet,1981,12,72.42,B60
Sylhet,1982,1,70.48,B60
Sylhet,1982,2,63.29,B60
Sylhet,1982,3,62.71,B60
Sylhet,1982,4,80.17,B60
Sylhet,1982,5,78.65,B60
Sylhet,1982,6,87.87,B60
Sylhet,1982,7,88.42,B60
Sylhet,1982,8,84.74,B60
Sylhet,1982,9,87.5,B60
Sylhet,1982,10,80.29,B60
Sylhet,1982,11,75.7,B60
Sylhet,1982,12,74.16,B60
Sylhet,1983,1,69.32,B60
Sylhet,1983,2,63.07,B60
Sylhet,1983,3,72.06,B60
Sylhet,1983,4,75.6,B60
Sylhet,1983,5,82.35,B60
Sylhet,1983,6,86.3,B60
Sylhet,1983,7,87.77,B60
Sylhet,1983,8,87.19,B60
Sylhet,1983,9,87.13,B60
Sylhet,1983,10,83.1,B60
Sylhet,1983,11,71.83,B60
Sylhet,1983,12,73.87,B60
Sylhet,1984,1,72.48,B60
Sylhet,1984,2,66.14,B60
Sylhet,1984,3,57,B60
Sylhet,1984,4,72.63,B60
Sylhet,1984,5,86.45,B60
Sylhet,1984,6,83.03,B60
Sylhet,1984,7,87.48,B60
Sylhet,1984,8,83.45,B60
Sylhet,1984,9,87.13,B60
Sylhet,1984,10,84.68,B60
Sylhet,1984,11,71.93,B60
Sylhet,1984,12,76.71,B60
Sylhet,1985,1,72.45,B60
Sylhet,1985,2,67.14,B60
Sylhet,1985,3,77.23,B60
Sylhet,1985,4,80.57,B60
Sylhet,1985,5,80.48,B60
Sylhet,1985,6,87.67,B60
Sylhet,1985,7,87.23,B60
Sylhet,1985,8,85.55,B60
Sylhet,1985,9,87.4,B60
Sylhet,1985,10,80.42,B60
Sylhet,1985,11,74.13,B60
Sylhet,1985,12,72.74,B60
Sylhet,1986,1,74.32,B60
Sylhet,1986,2,63.36,B60
Sylhet,1986,3,56.84,B60
Sylhet,1986,4,78.03,B60
Sylhet,1986,5,76.19,B60
Sylhet,1986,6,83.03,B60
Sylhet,1986,7,88.16,B60
Sylhet,1986,8,87.23,B60
Sylhet,1986,9,88.43,B60
Sylhet,1986,10,83.77,B60
Sylhet,1986,11,79.03,B60
Sylhet,1986,12,74.58,B60
Sylhet,1987,1,71.39,B60
Sylhet,1987,2,65.93,B60
Sylhet,1987,3,71.97,B60
Sylhet,1987,4,77.43,B60
Sylhet,1987,5,77.68,B60
Sylhet,1987,6,90.04,B60
Sylhet,1987,7,90.61,B60
Sylhet,1987,8,89.48,B60
Sylhet,1987,9,89.17,B60
Sylhet,1987,10,82.55,B60
Sylhet,1987,11,77.5,B60
Sylhet,1987,12,73.35,B60
Sylhet,1988,1,70.52,B60
Sylhet,1988,2,71.07,B60
Sylhet,1988,3,70.16,B60
Sylhet,1988,4,75.9,B60
Sylhet,1988,5,87.48,B60
Sylhet,1988,6,84.77,B60
Sylhet,1988,7,88.45,B60
Sylhet,1988,8,91.84,B60
Sylhet,1988,9,86.4,B60
Sylhet,1988,10,82.58,B60
Sylhet,1988,11,76.17,B60
Sylhet,1988,12,79.39,B60
Sylhet,1989,1,75.45,B60
Sylhet,1989,2,66.61,B60
Sylhet,1989,3,62.35,B60
Sylhet,1989,4,72.93,B60
Sylhet,1989,5,79.65,B60
Sylhet,1989,6,86.13,B60
Sylhet,1989,7,88.32,B60
Sylhet,1989,8,85,B60
Sylhet,1989,9,88.73,B60
Sylhet,1989,10,85.84,B60
Sylhet,1989,11,79.13,B60
Sylhet,1989,12,76.9,B60
Sylhet,1990,1,82.23,B60
Sylhet,1990,2,72.5,B60
Sylhet,1990,3,71.97,B60
Sylhet,1990,4,80.23,B60
Sylhet,1990,5,79.55,B60
Sylhet,1990,6,87.4,B60
Sylhet,1990,7,87.45,B60
Sylhet,1990,8,85.68,B60
Sylhet,1990,9,89.73,B60
Sylhet,1990,10,83.45,B60
Sylhet,1990,11,77.5,B60
Sylhet,1990,12,74.68,B60
Sylhet,1991,1,73.29,B60
Sylhet,1991,2,73.07,B60
Sylhet,1991,3,68.77,B60
Sylhet,1991,4,76.77,B60
Sylhet,1991,5,88.45,B60
Sylhet,1991,6,89.1,B60
Sylhet,1991,7,85.32,B60
Sylhet,1991,8,85.23,B60
Sylhet,1991,9,90.1,B60
Sylhet,1991,10,84.61,B60
Sylhet,1991,11,77.97,B60
Sylhet,1991,12,77.26,B60
Sylhet,1992,1,79,B60
Sylhet,1992,2,74.69,B60
Sylhet,1992,3,73.81,B60
Sylhet,1992,4,75.57,B60
Sylhet,1992,5,81.23,B60
Sylhet,1992,6,84.27,B60
Sylhet,1992,7,87.94,B60
Sylhet,1992,8,84.68,B60
Sylhet,1992,9,86.03,B60
Sylhet,1992,10,82.03,B60
Sylhet,1992,11,75.63,B60
Sylhet,1992,12,74.61,B60
Sylhet,1993,1,77.71,B60
Sylhet,1993,2,75.14,B60
Sylhet,1993,3,70.1,B60
Sylhet,1993,4,75.2,B60
Sylhet,1993,5,83.9,B60
Sylhet,1993,6,87.8,B60
Sylhet,1993,7,87.68,B60
Sylhet,1993,8,87.06,B60
Sylhet,1993,9,85.9,B60
Sylhet,1993,10,85.39,B60
Sylhet,1993,11,77.23,B60
Sylhet,1993,12,71.23,B60
Sylhet,1994,1,76.45,B60
Sylhet,1994,2,71.32,B60
Sylhet,1994,3,74.48,B60
Sylhet,1994,4,75.83,B60
Sylhet,1994,5,80.16,B60
Sylhet,1994,6,87.57,B60
Sylhet,1994,7,83.74,B60
Sylhet,1994,8,84.42,B60
Sylhet,1994,9,82.43,B60
Sylhet,1994,10,83.48,B60
Sylhet,1994,11,78,B60
Sylhet,1994,12,72.35,B60
Sylhet,1995,1,73.16,B60
Sylhet,1995,2,71.79,B60
Sylhet,1995,3,64.32,B60
Sylhet,1995,4,71.43,B60
Sylhet,1995,5,79.68,B60
Sylhet,1995,6,88.47,B60
Sylhet,1995,7,87.77,B60
Sylhet,1995,8,87.77,B60
Sylhet,1995,9,86.43,B60
Sylhet,1995,10,81.94,B60
Sylhet,1995,11,81.73,B60
Sylhet,1995,12,80.58,B60
Sylhet,1996,1,77.19,B60
Sylhet,1996,2,68.62,B60
Sylhet,1996,3,76.13,B60
Sylhet,1996,4,76.77,B60
Sylhet,1996,5,83.68,B60
Sylhet,1996,6,85.67,B60
Sylhet,1996,7,90.13,B60
Sylhet,1996,8,88.1,B60
Sylhet,1996,9,83.93,B60
Sylhet,1996,10,82.87,B60
Sylhet,1996,11,77.33,B60
Sylhet,1996,12,74.1,B60
Sylhet,1997,1,88.35,B60
Sylhet,1997,2,72.5,B60
Sylhet,1997,3,69.39,B60
Sylhet,1997,4,73.8,B60
Sylhet,1997,5,79.61,B60
Sylhet,1997,6,87.83,B60
Sylhet,1997,7,85.19,B60
Sylhet,1997,8,84.94,B60
Sylhet,1997,9,89.03,B60
Sylhet,1997,10,79.65,B60
Sylhet,1997,11,78.7,B60
Sylhet,1997,12,81.71,B60
Sylhet,1998,1,78.65,B60
Sylhet,1998,2,71.54,B60
Sylhet,1998,3,70.61,B60
Sylhet,1998,4,78.37,B60
Sylhet,1998,5,80.52,B60
Sylhet,1998,6,88.6,B60
Sylhet,1998,7,92.65,B60
Sylhet,1998,8,90.45,B60
Sylhet,1998,9,85.3,B60
Sylhet,1998,10,83,B60
Sylhet,1998,11,76.77,B60
Sylhet,1998,12,73.84,B60
Sylhet,1999,1,71.74,B60
Sylhet,1999,2,65.32,B60
Sylhet,1999,3,64.68,B60
Sylhet,1999,4,75.7,B60
Sylhet,1999,5,83.45,B60
Sylhet,1999,6,85.8,B60
Sylhet,1999,7,87.65,B60
Sylhet,1999,8,86.52,B60
Sylhet,1999,9,86.37,B60
Sylhet,1999,10,85.1,B60
Sylhet,1999,11,77.47,B60
Sylhet,1999,12,72.23,B60
Sylhet,2000,1,76,B60
Sylhet,2000,2,70.45,B60
Sylhet,2000,3,74.61,B60
Sylhet,2000,4,80.6,B60
Sylhet,2000,5,84.48,B60
Sylhet,2000,6,88.17,B60
Sylhet,2000,7,83.81,B60
Sylhet,2000,8,88.39,B60
Sylhet,2000,9,87.7,B60
Sylhet,2000,10,82.71,B60
Sylhet,2000,11,77.27,B60
Sylhet,2000,12,70.68,B60
Sylhet,2001,1,71.94,B60
Sylhet,2001,2,69.5,B60
Sylhet,2001,3,62.87,B60
Sylhet,2001,4,71.23,B60
Sylhet,2001,5,82.32,B60
Sylhet,2001,6,88.33,B60
Sylhet,2001,7,87.19,B60
Sylhet,2001,8,86.23,B60
Sylhet,2001,9,87.23,B60
Sylhet,2001,10,87.19,B60
Sylhet,2001,11,83.63,B60
Sylhet,2001,12,77.94,B60
Sylhet,2002,1,77.39,B60
Sylhet,2002,2,70.14,B60
Sylhet,2002,3,64.65,B60
Sylhet,2002,4,79.67,B60
Sylhet,2002,5,82.71,B60
Sylhet,2002,6,91.2,B60
Sylhet,2002,7,92.06,B60
Sylhet,2002,8,88.1,B60
Sylhet,2002,9,83.7,B60
Sylhet,2002,10,83.9,B60
Sylhet,2002,11,80.13,B60
Sylhet,2002,12,81.23,B60
Sylhet,2003,1,76.97,B60
Sylhet,2003,2,67.86,B60
Sylhet,2003,3,68,B60
Sylhet,2003,4,74.77,B60
Sylhet,2003,5,78.87,B60
Sylhet,2003,6,87.77,B60
Sylhet,2003,7,84.71,B60
Sylhet,2003,8,83.55,B60
Sylhet,2003,9,86.27,B60
Sylhet,2003,10,85.16,B60
Sylhet,2003,11,76.2,B60
Sylhet,2003,12,73,B60
Sylhet,2004,1,75.13,B60
Sylhet,2004,2,62.97,B60
Sylhet,2004,3,65.77,B60
Sylhet,2004,4,80.3,B60
Sylhet,2004,5,77.29,B60
Sylhet,2004,6,83.97,B60
Sylhet,2004,7,87.39,B60
Sylhet,2004,8,82.39,B60
Sylhet,2004,9,87.3,B60
Sylhet,2004,10,82.52,B60
Sylhet,2004,11,73.83,B60
Sylhet,2004,12,70.45,B60
Sylhet,2005,1,74.45,B60
Sylhet,2005,2,70.36,B60
Sylhet,2005,3,75.58,B60
Sylhet,2005,4,72.67,B60
Sylhet,2005,5,81.19,B60
Sylhet,2005,6,83.77,B60
Sylhet,2005,7,85.52,B60
Sylhet,2005,8,87.16,B60
Sylhet,2005,9,81.7,B60
Sylhet,2005,10,82.68,B60
Sylhet,2005,11,75.3,B60
Sylhet,2005,12,69.39,B60
Sylhet,2006,1,73,B60
Sylhet,2006,2,70.18,B60
Sylhet,2006,3,60.13,B60
Sylhet,2006,4,73.6,B60
Sylhet,2006,5,77.45,B60
Sylhet,2006,6,86.9,B60
Sylhet,2006,7,82.39,B60
Sylhet,2006,8,80.42,B60
Sylhet,2006,9,83.1,B60
Sylhet,2006,10,78.71,B60
Sylhet,2006,11,76.27,B60
Sylhet,2006,12,72.74,B60
Sylhet,2007,1,72.48,B60
Sylhet,2007,2,69.86,B60
Sylhet,2007,3,59.61,B60
Sylhet,2007,4,76.37,B60
Sylhet,2007,5,79.29,B60
Sylhet,2007,6,86.77,B60
Sylhet,2007,7,87.77,B60
Sylhet,2007,8,84.39,B60
Sylhet,2007,9,83.6,B60
Sylhet,2007,10,80.58,B60
Sylhet,2007,11,78.63,B60
Sylhet,2007,12,77.71,B60
Sylhet,2008,1,77.84,B60
Sylhet,2008,2,68.14,B60
Sylhet,2008,3,73.16,B60
Sylhet,2008,4,71.7,B60
Sylhet,2008,5,77.58,B60
Sylhet,2008,6,86.07,B60
Sylhet,2008,7,87.1,B60
Sylhet,2008,8,88.48,B60
Sylhet,2008,9,82.97,B60
Sylhet,2008,10,81.97,B60
Sylhet,2008,11,71.8,B60
Sylhet,2008,12,79.06,B60
Sylhet,2009,1,74.97,B60
Sylhet,2009,2,64.43,B60
Sylhet,2009,3,59.81,B60
Sylhet,2009,4,74.2,B60
Sylhet,2009,5,78.19,B60
Sylhet,2009,6,84.53,B60
Sylhet,2009,7,83.29,B60
Sylhet,2009,8,87.32,B60
Sylhet,2009,9,82.1,B60
Sylhet,2009,10,80.94,B60
Sylhet,2009,11,76.17,B60
Sylhet,2009,12,76.9,B60
Sylhet,2010,1,73.81,B60
Sylhet,2010,2,59.79,B60
Sylhet,2010,3,61.74,B60
Sylhet,2010,4,79.6,B60
Sylhet,2010,5,82.35,B60
Sylhet,2010,6,89.3,B60
Sylhet,2010,7,85.1,B60
Sylhet,2010,8,86.68,B60
Sylhet,2010,9,87.3,B60
Sylhet,2010,10,79.03,B60
Sylhet,2010,11,75.4,B60
Sylhet,2010,12,74.16,B60
Sylhet,2011,1,77.45,B60
Sylhet,2011,2,64.96,B60
Sylhet,2011,3,64.74,B60
Sylhet,2011,4,69.1,B60
Sylhet,2011,5,80.74,B60
Sylhet,2011,6,85.07,B60
Sylhet,2011,7,86.39,B60
Sylhet,2011,8,85.39,B60
Sylhet,2011,9,82.83,B60
Sylhet,2011,10,77.61,B60
Sylhet,2011,11,72.87,B60
Sylhet,2011,12,75.19,B60
Sylhet,2012,1,76.39,B60
Sylhet,2012,2,60.86,B60
Sylhet,2012,3,63.13,B60
Sylhet,2012,4,77.9,B60
Sylhet,2012,5,77.19,B60
Sylhet,2012,6,88.13,B60
Sylhet,2012,7,84.68,B60
Sylhet,2012,8,84.74,B60
Sylhet,2012,9,84.5,B60
Sylhet,2012,10,81.32,B60
Sylhet,2012,11,77.6,B60
Sylhet,2012,12,82.87,B60
Sylhet,2013,1,74.26,B60
Sylhet,2013,2,62.75,B60
Sylhet,2013,3,60.29,B60
Sylhet,2013,4,69.33,B60
Sylhet,2013,5,83.58,B60
Sylhet,2013,6,81.17,B60
Sylhet,2013,7,83.84,B60
Sylhet,2013,8,85.26,B60
Sylhet,2013,9,83.63,B60
Sylhet,2013,10,81.13,B60
Sylhet,2013,11,74.1,B60
Sylhet,2013,12,75.87,B60
Sylhet,2014,1,75.55,B60
Sylhet,2014,2,73.57,B60
Sylhet,2014,3,62.32,B60
Sylhet,2014,4,63.47,B60
Sylhet,2014,5,79.35,B60
Sylhet,2014,6,86.6,B60
Sylhet,2014,7,81.81,B60
Sylhet,2014,8,86.81,B60
Sylhet,2014,9,85.83,B60
Sylhet,2014,10,77.87,B60
Sylhet,2014,11,74.27,B60
Sylhet,2014,12,77.03,B60
Sylhet,2015,1,75.26,B60
Sylhet,2015,2,68.25,B60
Sylhet,2015,3,62.77,B60
Sylhet,2015,4,78.4,B60
Sylhet,2015,5,82.48,B60
Sylhet,2015,6,86.93,B60
Sylhet,2015,7,83.29,B60
Sylhet,2015,8,88.1,B60
Sylhet,2015,9,86.07,B60
Sylhet,2015,10,77.23,B60
Sylhet,2015,11,73.77,B60
Sylhet,2015,12,76.77,B60
Sylhet,2016,1,77.71,B60
Sylhet,2016,2,71.72,B60
Sylhet,2016,3,68.23,B60
Sylhet,2016,4,81.07,B60
Sylhet,2016,5,81.52,B60
Sylhet,2016,6,83.4,B60
Sylhet,2016,7,86.97,B60
Sylhet,2016,8,81.58,B60
Sylhet,2016,9,84.27,B60
Sylhet,2016,10,80.94,B60
Sylhet,2016,11,77.9,B60
Sylhet,2016,12,73.42,B60
Sylhet,2017,1,71.74,B60
Sylhet,2017,2,65.39,B60
Sylhet,2017,3,74.81,B60
Sylhet,2017,4,82.03,B60
Sylhet,2017,5,78.74,B60
Sylhet,2017,6,87.7,B60
Sylhet,2017,7,86.29,B60
Sylhet,2017,8,88.58,B60
Sylhet,2017,9,88.07,B60
Sylhet,2017,10,83.9,B60
Sylhet,2017,11,77.57,B60
Sylhet,2017,12,79.29,B60
Sylhet,2018,1,81.13,B60
Sylhet,2018,2,71.14,B60
Sylhet,2018,3,67.39,B60
Sylhet,2018,4,75.57,B60
Sylhet,2018,5,83.39,B60
Sylhet,2018,6,84.3,B60
Sylhet,2018,7,85.61,B60
Sylhet,2018,8,83.68,B60
Sylhet,2018,9,85,B60
Sylhet,2018,10,81.16,B60
Sylhet,2018,11,77.37,B60
Sylhet,2018,12,76.39,B60
Sylhet,2019,1,69.97,B60
Sylhet,2019,2,69.43,B60
Sylhet,2019,3,66,B60
Sylhet,2019,4,72.17,B60
Sylhet,2019,5,80.94,B60
Sylhet,2019,6,85.3,B60
Sylhet,2019,7,86.84,B60
Sylhet,2019,8,82.13,B60
Sylhet,2019,9,84.37,B60
Sylhet,2019,10,83.16,B60
Sylhet,2019,11,79.6,B60
Sylhet,2019,12,76.19,B60
Sylhet,2020,1,78.87,B60
Sylhet,2020,2,67.76,B60
Sylhet,2020,3,63.23,B60
Sylhet,2020,4,67.3,B60
Sylhet,2020,5,81.29,B60
Sylhet,2020,6,88,B60
Sylhet,2020,7,88.81,B60
Sylhet,2020,8,85.16,B60
Sylhet,2020,9,87.8,B60
Sylhet,2020,10,84.26,B60
Sylhet,2020,11,74.33,B60
Sylhet,2020,12,77.89,B60
Sylhet,2021,1,78.1,B60
Sylhet,2021,2,60.75,B60
Sylhet,2021,3,51.66,B60
Sylhet,2021,4,61.47,B60
Sylhet,2021,5,74,B60
Sylhet,2021,6,85.18,B60
Sylhet,2021,7,86.42,B60
Sylhet,2021,8,89.72,B60
Sylhet,2021,9,79.94,B60
Sylhet,2021,10,81.18,B60
Sylhet,2021,11,74.64,B60
Sylhet,2021,12,76.9,B60
Sylhet,2023,1,71.13,B60
Sylhet,2023,2,65.48,B60
Sylhet,2023,3,62.81,B60
Sylhet,2023,4,63.8,B60
Sylhet,2023,5,69.4,B60
Sylhet,2023,6,82.42,B60
Sylhet,2023,7,79.47,B60
Sylhet,2023,8,84.76,B60
Sylhet,2023,9,79.05,B60
Sylhet,2023,10,80.63,B60
Sylhet,2023,11,71.85,B60
Sylhet,2023,12,76.21,B60
Sylhet,2022,1,74.74,B60
Sylhet,2022,2,68.96,B60
Sylhet,2022,3,66.06,B60
Sylhet,2022,4,79.9,B60
Sylhet,2022,5,82.39,B60
Sylhet,2022,6,89.87,B60
Sylhet,2022,7,82.55,B60
Sylhet,2022,8,80.58,B60
Sylhet,2022,9,84.63,B60
Sylhet,2022,10,82.29,B60
Sylhet,2022,11,73.53,B60
Sylhet,2022,12,76.68,B60
Tangail,1987,1,72.45,B60
Tangail,1987,2,66.54,B60
Tangail,1987,3,64.9,B60
Tangail,1987,4,73.17,B60
Tangail,1987,5,75.1,B60
Tangail,1987,6,82.91,B60
Tangail,1987,7,88.19,B60
Tangail,1987,8,85.35,B60
Tangail,1987,9,84.03,B60
Tangail,1987,10,78,B60
Tangail,1987,11,76.57,B60
Tangail,1987,12,78.68,B60
Tangail,1988,1,73.58,B60
Tangail,1988,2,67.17,B60
Tangail,1988,3,66.55,B60
Tangail,1988,4,71.4,B60
Tangail,1988,5,79.16,B60
Tangail,1988,6,85.17,B60
Tangail,1988,7,85.84,B60
Tangail,1988,8,86,B60
Tangail,1988,9,83.13,B60
Tangail,1988,10,80.06,B60
Tangail,1988,11,80,B60
Tangail,1988,12,84.19,B60
Tangail,1989,1,75.26,B60
Tangail,1989,2,69.18,B60
Tangail,1989,3,64.06,B60
Tangail,1989,4,66.87,B60
Tangail,1989,5,78.84,B60
Tangail,1989,6,83.73,B60
Tangail,1989,7,86.23,B60
Tangail,1989,8,83.29,B60
Tangail,1989,9,86.67,B60
Tangail,1989,10,84.03,B60
Tangail,1989,11,79.87,B60
Tangail,1989,12,81.23,B60
Tangail,1990,1,82.32,B60
Tangail,1990,2,77.04,B60
Tangail,1990,3,76.71,B60
Tangail,1990,4,77.27,B60
Tangail,1990,5,80.87,B60
Tangail,1990,6,84.63,B60
Tangail,1990,7,86.06,B60
Tangail,1990,8,82.71,B60
Tangail,1990,9,84.53,B60
Tangail,1990,10,82.35,B60
Tangail,1990,11,77.9,B60
Tangail,1990,12,77.03,B60
Tangail,1991,1,76.68,B60
Tangail,1991,2,72.25,B60
Tangail,1991,3,68.42,B60
Tangail,1991,4,72.03,B60
Tangail,1991,5,83.9,B60
Tangail,1991,6,84.67,B60
Tangail,1991,7,84.03,B60
Tangail,1991,8,84.06,B60
Tangail,1991,9,87.9,B60
Tangail,1991,10,83.65,B60
Tangail,1991,11,77.63,B60
Tangail,1991,12,79.71,B60
Tangail,1992,1,82.52,B60
Tangail,1992,2,77.03,B60
Tangail,1992,3,64.13,B60
Tangail,1992,4,64.57,B60
Tangail,1992,5,77.87,B60
Tangail,1992,6,82.9,B60
Tangail,1992,7,86.84,B60
Tangail,1992,8,85.9,B60
Tangail,1992,9,85.53,B60
Tangail,1992,10,83.35,B60
Tangail,1992,11,78.43,B60
Tangail,1992,12,79.68,B60
Tangail,1993,1,80.87,B60
Tangail,1993,2,75.11,B60
Tangail,1993,3,66.81,B60
Tangail,1993,4,73.9,B60
Tangail,1993,5,83.16,B60
Tangail,1993,6,86.63,B60
Tangail,1993,7,86.26,B60
Tangail,1993,8,86,B60
Tangail,1993,9,85.83,B60
Tangail,1993,10,83.97,B60
Tangail,1993,11,81,B60
Tangail,1993,12,78.81,B60
Tangail,1994,1,80.61,B60
Tangail,1994,2,78.21,B60
Tangail,1994,3,72.42,B60
Tangail,1994,4,74.67,B60
Tangail,1994,5,80.71,B60
Tangail,1994,6,86.53,B60
Tangail,1994,7,84.13,B60
Tangail,1994,8,85.65,B60
Tangail,1994,9,83,B60
Tangail,1994,10,80.97,B60
Tangail,1994,11,80.93,B60
Tangail,1994,12,78.42,B60
Tangail,1995,1,77.87,B60
Tangail,1995,2,78.46,B60
Tangail,1995,3,67.35,B60
Tangail,1995,4,67.77,B60
Tangail,1995,5,79.32,B60
Tangail,1995,6,85.9,B60
Tangail,1995,7,86.84,B60
Tangail,1995,8,86.61,B60
Tangail,1995,9,86.57,B60
Tangail,1995,10,84.39,B60
Tangail,1995,11,83.03,B60
Tangail,1995,12,81.55,B60
Tangail,1996,1,80.32,B60
Tangail,1996,2,76.52,B60
Tangail,1996,3,70.19,B60
Tangail,1996,4,72.1,B60
Tangail,1996,5,79.45,B60
Tangail,1996,6,84.77,B60
Tangail,1996,7,85.74,B60
Tangail,1996,8,86.39,B60
Tangail,1996,9,85.27,B60
Tangail,1996,10,82.94,B60
Tangail,1996,11,81.87,B60
Tangail,1996,12,79.32,B60
Tangail,1997,1,79.23,B60
Tangail,1997,2,73.75,B60
Tangail,1997,3,71.55,B60
Tangail,1997,4,78.6,B60
Tangail,1997,5,79.32,B60
Tangail,1997,6,85.13,B60
Tangail,1997,7,86.87,B60
Tangail,1997,8,86.9,B60
Tangail,1997,9,87.8,B60
Tangail,1997,10,82.35,B60
Tangail,1997,11,80.57,B60
Tangail,1997,12,85.45,B60
Tangail,1998,1,84.52,B60
Tangail,1998,2,74.32,B60
Tangail,1998,3,72.1,B60
Tangail,1998,4,78.6,B60
Tangail,1998,5,81.26,B60
Tangail,1998,6,84.2,B60
Tangail,1998,7,88.26,B60
Tangail,1998,8,87.68,B60
Tangail,1998,9,86.63,B60
Tangail,1998,10,83.68,B60
Tangail,1998,11,84.1,B60
Tangail,1998,12,83.42,B60
Tangail,1999,1,80.77,B60
Tangail,1999,2,74.86,B60
Tangail,1999,3,67.06,B60
Tangail,1999,4,73.53,B60
Tangail,1999,5,82.39,B60
Tangail,1999,6,85.2,B60
Tangail,1999,7,87.81,B60
Tangail,1999,8,86.58,B60
Tangail,1999,9,87.57,B60
Tangail,1999,10,85.71,B60
Tangail,1999,11,80.43,B60
Tangail,1999,12,80.16,B60
Tangail,2000,1,81.71,B60
Tangail,2000,2,75.21,B60
Tangail,2000,3,72.97,B60
Tangail,2000,4,77.27,B60
Tangail,2000,5,81.48,B60
Tangail,2000,6,83,B60
Tangail,2000,7,82.97,B60
Tangail,2000,8,83.84,B60
Tangail,2000,9,86.47,B60
Tangail,2000,10,84.55,B60
Tangail,2000,11,81.9,B60
Tangail,2000,12,80,B60
Tangail,2001,1,78.35,B60
Tangail,2001,2,75.18,B60
Tangail,2001,3,65.87,B60
Tangail,2001,4,73.23,B60
Tangail,2001,5,83.75,B60
Tangail,2001,7,84.67,B60
Tangail,2001,8,82.71,B60
Tangail,2001,9,84.67,B60
Tangail,2001,10,84.52,B60
Tangail,2001,11,83.73,B60
Tangail,2001,12,83.87,B60
Tangail,2002,1,79.61,B60
Tangail,2002,2,72.54,B60
Tangail,2002,3,70.48,B60
Tangail,2002,4,77.77,B60
Tangail,2002,5,81.61,B60
Tangail,2002,6,84.8,B60
Tangail,2002,7,88.1,B60
Tangail,2002,8,85.13,B60
Tangail,2002,9,82.93,B60
Tangail,2002,10,81.74,B60
Tangail,2002,11,81.47,B60
Tangail,2002,12,83.48,B60
Tangail,2003,1,84.16,B60
Tangail,2003,2,75.32,B60
Tangail,2003,3,74.06,B60
Tangail,2003,4,75.93,B60
Tangail,2003,5,78.45,B60
Tangail,2003,6,84.93,B60
Tangail,2003,7,81.68,B60
Tangail,2003,8,82.26,B60
Tangail,2003,9,85.93,B60
Tangail,2003,10,85.52,B60
Tangail,2003,11,79.13,B60
Tangail,2003,12,82.84,B60
Tangail,2004,1,82.77,B60
Tangail,2004,2,72.31,B60
Tangail,2004,3,70,B60
Tangail,2004,4,76.4,B60
Tangail,2004,5,73.29,B60
Tangail,2004,6,84.93,B60
Tangail,2004,7,85.26,B60
Tangail,2004,8,82.45,B60
Tangail,2004,9,87.53,B60
Tangail,2004,10,83.13,B60
Tangail,2004,11,79.47,B60
Tangail,2004,12,80.61,B60
Tangail,2005,1,80.48,B60
Tangail,2005,2,71.96,B60
Tangail,2005,3,72.35,B60
Tangail,2005,4,73.07,B60
Tangail,2005,5,78.06,B60
Tangail,2005,6,79.93,B60
Tangail,2005,7,84.77,B60
Tangail,2005,8,86.26,B60
Tangail,2005,9,85.67,B60
Tangail,2005,10,86.29,B60
Tangail,2005,11,82.63,B60
Tangail,2005,12,79.58,B60
Tangail,2006,1,80.42,B60
Tangail,2006,2,75,B60
Tangail,2006,3,64.29,B60
Tangail,2006,4,76.53,B60
Tangail,2006,5,78.71,B60
Tangail,2006,6,86.23,B60
Tangail,2006,7,84.26,B60
Tangail,2006,8,83.55,B60
Tangail,2006,9,85.27,B60
Tangail,2006,10,82.77,B60
Tangail,2006,11,80.47,B60
Tangail,2006,12,80.35,B60
Tangail,2007,1,79.03,B60
Tangail,2007,2,80.61,B60
Tangail,2007,3,69.58,B60
Tangail,2007,4,74.9,B60
Tangail,2007,5,74.29,B60
Tangail,2007,6,84.17,B60
Tangail,2007,7,86.84,B60
Tangail,2007,8,83.71,B60
Tangail,2007,9,83.3,B60
Tangail,2007,10,81.9,B60
Tangail,2007,11,80.93,B60
Tangail,2007,12,80.94,B60
Tangail,2008,1,80.58,B60
Tangail,2008,2,76,B60
Tangail,2008,3,75.9,B60
Tangail,2008,4,72.6,B60
Tangail,2008,5,75.52,B60
Tangail,2008,6,84.27,B60
Tangail,2008,7,85.97,B60
Tangail,2008,8,84.97,B60
Tangail,2008,9,83.43,B60
Tangail,2008,10,83.03,B60
Tangail,2008,11,78.5,B60
Tangail,2008,12,85.39,B60
Tangail,2009,1,83.32,B60
Tangail,2009,2,69.14,B60
Tangail,2009,3,65.77,B60
Tangail,2009,4,71.03,B60
Tangail,2009,5,78.06,B60
Tangail,2009,6,79.03,B60
Tangail,2009,7,83.32,B60
Tangail,2009,8,86,B60
Tangail,2009,9,83.47,B60
Tangail,2009,10,81.16,B60
Tangail,2009,11,78.6,B60
Tangail,2009,12,82.68,B60
Tangail,2010,1,81.48,B60
Tangail,2010,2,72.57,B60
Tangail,2010,3,66.74,B60
Tangail,2010,4,75.33,B60
Tangail,2010,5,76.71,B60
Tangail,2010,6,84.47,B60
Tangail,2010,7,82.45,B60
Tangail,2010,8,84.29,B60
Tangail,2010,9,85.33,B60
Tangail,2010,10,83.74,B60
Tangail,2010,11,80.7,B60
Tangail,2010,12,79.84,B60
Tangail,2011,1,81.16,B60
Tangail,2011,2,72.79,B60
Tangail,2011,3,71.19,B60
Tangail,2011,4,73.9,B60
Tangail,2011,5,79.32,B60
Tangail,2011,6,82.83,B60
Tangail,2011,7,83.87,B60
Tangail,2011,8,87.87,B60
Tangail,2011,9,83.87,B60
Tangail,2011,10,80.87,B60
Tangail,2011,11,80.17,B60
Tangail,2011,12,84.26,B60
Tangail,2012,1,79.87,B60
Tangail,2012,2,69.55,B60
Tangail,2012,3,65.39,B60
Tangail,2012,4,73.77,B60
Tangail,2012,5,75.94,B60
Tangail,2012,6,83,B60
Tangail,2012,7,84.71,B60
Tangail,2012,8,84.23,B60
Tangail,2012,9,85.37,B60
Tangail,2012,10,80.45,B60
Tangail,2012,11,79.53,B60
Tangail,2012,12,85.87,B60
Tangail,2013,1,79.06,B60
Tangail,2013,2,73.39,B60
Tangail,2013,3,67.58,B60
Tangail,2013,4,68.4,B60
Tangail,2013,5,81.94,B60
Tangail,2013,6,80,B60
Tangail,2013,7,81.55,B60
Tangail,2013,8,84.84,B60
Tangail,2013,9,83.17,B60
Tangail,2013,10,84.13,B60
Tangail,2013,11,77.4,B60
Tangail,2013,12,81.68,B60
Tangail,2014,1,83.77,B60
Tangail,2014,2,75.79,B60
Tangail,2014,3,65.55,B60
Tangail,2014,4,63.8,B60
Tangail,2014,5,74.16,B60
Tangail,2014,6,82.67,B60
Tangail,2014,7,84.03,B60
Tangail,2014,8,84.42,B60
Tangail,2014,9,82.2,B60
Tangail,2014,10,79.77,B60
Tangail,2014,11,78.4,B60
Tangail,2014,12,85.19,B60
Tangail,2015,1,81.48,B60
Tangail,2015,2,75.21,B60
Tangail,2015,3,66.74,B60
Tangail,2015,4,76.83,B60
Tangail,2015,5,76.35,B60
Tangail,2015,6,82.8,B60
Tangail,2015,7,83.77,B60
Tangail,2015,8,85.1,B60
Tangail,2015,9,80.6,B60
Tangail,2015,10,80.1,B60
Tangail,2015,11,77.97,B60
Tangail,2015,12,80.87,B60
Tangail,2016,1,79.65,B60
Tangail,2016,2,74.24,B60
Tangail,2016,3,69.65,B60
Tangail,2016,4,75.2,B60
Tangail,2016,5,75.61,B60
Tangail,2016,6,79.8,B60
Tangail,2016,7,85.16,B60
Tangail,2016,8,81.48,B60
Tangail,2016,9,84.6,B60
Tangail,2016,10,81.16,B60
Tangail,2016,11,77.73,B60
Tangail,2016,12,82,B60
Tangail,2017,1,78.23,B60
Tangail,2017,2,71.5,B60
Tangail,2017,3,72.71,B60
Tangail,2017,4,77.3,B60
Tangail,2017,5,78.13,B60
Tangail,2017,6,84.03,B60
Tangail,2017,7,86.52,B60
Tangail,2017,8,84.52,B60
Tangail,2017,9,84.63,B60
Tangail,2017,10,83.42,B60
Tangail,2017,11,80.1,B60
Tangail,2017,12,84.19,B60
Tangail,2018,1,80.39,B60
Tangail,2018,2,72.86,B60
Tangail,2018,3,69.26,B60
Tangail,2018,4,76.07,B60
Tangail,2018,5,81,B60
Tangail,2018,6,80.33,B60
Tangail,2018,7,83.65,B60
Tangail,2018,8,82.35,B60
Tangail,2018,9,81.33,B60
Tangail,2018,10,79.9,B60
Tangail,2018,11,76.43,B60
Tangail,2018,12,78.06,B60
Tangail,2019,1,74.26,B60
Tangail,2019,2,71.64,B60
Tangail,2019,3,66.61,B60
Tangail,2019,4,75.2,B60
Tangail,2019,5,77.32,B60
Tangail,2019,6,81.23,B60
Tangail,2019,7,82.61,B60
Tangail,2019,8,79.13,B60
Tangail,2019,9,83.07,B60
Tangail,2019,10,81.61,B60
Tangail,2019,11,81.4,B60
Tangail,2019,12,82.13,B60
Tangail,2020,1,83.19,B60
Tangail,2020,2,73.28,B60
Tangail,2020,3,66.35,B60
Tangail,2020,4,74.2,B60
Tangail,2020,5,79.45,B60
Tangail,2020,6,82.43,B60
Tangail,2020,7,84.45,B60
Tangail,2020,8,82,B60
Tangail,2020,9,84,B60
Tangail,2020,10,83.13,B60
Tangail,2020,11,76.27,B60
Tangail,2020,12,86.89,B60
Tangail,2021,1,83.05,B60
Tangail,2021,2,69.86,B60
Tangail,2021,3,58.45,B60
Tangail,2021,4,60.03,B60
Tangail,2021,5,68.98,B60
Tangail,2021,6,81.65,B60
Tangail,2021,7,82.3,B60
Tangail,2021,8,84.41,B60
Tangail,2021,9,80.16,B60
Tangail,2021,10,80.16,B60
Tangail,2021,11,77.09,B60
Tangail,2021,12,80.55,B60
Tangail,2023,1,84.19,B60
Tangail,2023,2,72.07,B60
Tangail,2023,3,65.68,B60
Tangail,2023,4,60.77,B60
Tangail,2023,5,64.74,B60
Tangail,2023,6,75.82,B60
Tangail,2023,7,75.5,B60
Tangail,2023,8,80.08,B60
Tangail,2023,9,78.93,B60
Tangail,2023,10,79.31,B60
Tangail,2023,11,76.37,B60
Tangail,2023,12,85.02,B60
Tangail,2022,1,81.06,B60
Tangail,2022,2,73.61,B60
Tangail,2022,3,66.32,B60
Tangail,2022,4,75.77,B60
Tangail,2022,5,78.32,B60
Tangail,2022,6,81.13,B60
Tangail,2022,7,77,B60
Tangail,2022,8,78.94,B60
Tangail,2022,9,82.53,B60
Tangail,2022,10,79.39,B60
Tangail,2022,11,76.03,B60
Tangail,2022,12,81.1,B60
Tarash,2020,12,82.66,B60
Tarash,2021,1,80.92,B60
Tarash,2021,2,69.73,B60
Tarash,2021,3,69.91,B60
Tarash,2021,4,71.03,B60
Tarash,2021,5,75.82,B60
Tarash,2021,6,84.47,B60
Tarash,2021,7,84.12,B60
Tarash,2021,8,87.29,B60
Tarash,2021,9,82.36,B60
Tarash,2021,10,81.39,B60
Tarash,2021,11,74.88,B60
Tarash,2021,12,76.22,B60
Tarash,2023,1,85.65,B60
Tarash,2023,2,77.27,B60
Tarash,2023,3,73.03,B60
Tarash,2023,4,69.47,B60
Tarash,2023,5,66.94,B60
Tarash,2023,6,76.07,B60
Tarash,2023,7,77.68,B60
Tarash,2023,8,81.27,B60
Tarash,2023,9,80.2,B60
Tarash,2023,10,81.68,B60
Tarash,2023,11,80.23,B60
Tarash,2023,12,83.44,B60
Teknaf,1977,1,60.1,B60
Teknaf,1977,2,60.11,B60
Teknaf,1977,3,71.23,B60
Teknaf,1977,4,76.7,B60
Teknaf,1977,5,74.94,B60
Teknaf,1977,6,83.37,B60
Teknaf,1977,7,86.45,B60
Teknaf,1977,8,84.32,B60
Teknaf,1977,9,80.97,B60
Teknaf,1977,10,77.03,B60
Teknaf,1977,11,71.1,B60
Teknaf,1977,12,62.16,B60
Teknaf,1978,1,51,B60
Teknaf,1978,2,49.86,B60
Teknaf,1978,3,58.65,B60
Teknaf,1978,4,68.83,B60
Teknaf,1978,5,75.68,B60
Teknaf,1978,6,81.13,B60
Teknaf,1978,7,81.71,B60
Teknaf,1978,8,84.97,B60
Teknaf,1978,9,81.37,B60
Teknaf,1978,10,78.32,B60
Teknaf,1978,11,68,B60
Teknaf,1978,12,58.32,B60
Teknaf,1979,1,57.97,B60
Teknaf,1979,2,54.57,B60
Teknaf,1979,3,64.97,B60
Teknaf,1979,4,74.53,B60
Teknaf,1979,5,73.77,B60
Teknaf,1979,6,84.7,B60
Teknaf,1979,7,85.61,B60
Teknaf,1979,8,89.23,B60
Teknaf,1979,9,86.3,B60
Teknaf,1979,10,76.35,B60
Teknaf,1979,11,68.77,B60
Teknaf,1979,12,64.35,B60
Teknaf,1980,1,54.84,B60
Teknaf,1980,2,56.79,B60
Teknaf,1980,3,67.39,B60
Teknaf,1980,4,69.6,B60
Teknaf,1980,5,75.06,B60
Teknaf,1980,6,87.17,B60
Teknaf,1980,7,88,B60
Teknaf,1980,8,87.42,B60
Teknaf,1980,9,83.5,B60
Teknaf,1980,10,79.19,B60
Teknaf,1980,11,68.23,B60
Teknaf,1980,12,71.74,B60
Teknaf,1981,1,73.94,B60
Teknaf,1981,2,72.43,B60
Teknaf,1981,3,65.1,B60
Teknaf,1981,4,76.27,B60
Teknaf,1981,5,76.81,B60
Teknaf,1981,6,85,B60
Teknaf,1981,7,89.19,B60
Teknaf,1981,8,86.26,B60
Teknaf,1981,9,81.37,B60
Teknaf,1981,10,73.52,B60
Teknaf,1981,11,70.03,B60
Teknaf,1981,12,63.97,B60
Teknaf,1982,1,55.52,B60
Teknaf,1982,2,61.46,B60
Teknaf,1982,3,59.9,B60
Teknaf,1982,4,70.27,B60
Teknaf,1982,5,71.29,B60
Teknaf,1982,6,84.33,B60
Teknaf,1982,7,86.42,B60
Teknaf,1982,8,88.68,B60
Teknaf,1982,9,83.63,B60
Teknaf,1982,10,77.74,B60
Teknaf,1982,11,63.5,B60
Teknaf,1982,12,60.83,B60
Teknaf,1983,1,58.16,B60
Teknaf,1983,2,68.79,B60
Teknaf,1983,3,79.26,B60
Teknaf,1983,4,74.7,B60
Teknaf,1983,5,78.74,B60
Teknaf,1983,6,87.13,B60
Teknaf,1983,8,86.77,B60
Teknaf,1983,9,84.33,B60
Teknaf,1983,10,79.42,B60
Teknaf,1983,11,75.97,B60
Teknaf,1983,12,64.58,B60
Teknaf,1984,1,62.48,B60
Teknaf,1984,2,55.07,B60
Teknaf,1984,3,71.61,B60
Teknaf,1984,4,71.8,B60
Teknaf,1984,5,75.74,B60
Teknaf,1984,6,87.07,B60
Teknaf,1984,7,85.58,B60
Teknaf,1984,8,88.03,B60
Teknaf,1984,9,81.03,B60
Teknaf,1984,10,79,B60
Teknaf,1984,11,67.03,B60
Teknaf,1984,12,60.26,B60
Teknaf,1985,1,55.77,B60
Teknaf,1985,2,54.36,B60
Teknaf,1985,3,73.65,B60
Teknaf,1985,4,72.7,B60
Teknaf,1985,5,76.87,B60
Teknaf,1985,6,86.73,B60
Teknaf,1985,7,87.45,B60
Teknaf,1985,8,87.9,B60
Teknaf,1985,9,82.67,B60
Teknaf,1985,10,74.84,B60
Teknaf,1985,11,66.17,B60
Teknaf,1985,12,68.23,B60
Teknaf,1986,1,62.35,B60
Teknaf,1986,2,56.93,B60
Teknaf,1986,3,67.45,B60
Teknaf,1986,4,71.3,B60
Teknaf,1986,5,70.65,B60
Teknaf,1986,6,84.43,B60
Teknaf,1986,7,87.74,B60
Teknaf,1986,8,86.29,B60
Teknaf,1986,9,82.6,B60
Teknaf,1986,10,79.94,B60
Teknaf,1986,11,72.3,B60
Teknaf,1986,12,66.13,B60
Teknaf,1987,1,64.06,B60
Teknaf,1987,2,64.11,B60
Teknaf,1987,3,69.55,B60
Teknaf,1987,4,75,B60
Teknaf,1987,5,73.26,B60
Teknaf,1987,6,84.83,B60
Teknaf,1987,7,91.58,B60
Teknaf,1987,8,88,B60
Teknaf,1987,9,87.87,B60
Teknaf,1987,10,78.42,B60
Teknaf,1987,11,76.2,B60
Teknaf,1987,12,67.13,B60
Teknaf,1988,1,64.26,B60
Teknaf,1988,2,64.62,B60
Teknaf,1988,3,68.52,B60
Teknaf,1988,4,73.73,B60
Teknaf,1988,5,76.35,B60
Teknaf,1988,6,87.1,B60
Teknaf,1988,7,84.97,B60
Teknaf,1988,8,87.74,B60
Teknaf,1988,9,81.93,B60
Teknaf,1988,10,78.48,B60
Teknaf,1988,11,73.83,B60
Teknaf,1988,12,70.81,B60
Teknaf,1989,1,56.84,B60
Teknaf,1989,2,67.68,B60
Teknaf,1989,3,64.45,B60
Teknaf,1989,4,72.57,B60
Teknaf,1989,5,73.94,B60
Teknaf,1989,6,86,B60
Teknaf,1989,7,86,B60
Teknaf,1989,8,88.52,B60
Teknaf,1989,9,87.87,B60
Teknaf,1989,10,88.81,B60
Teknaf,1989,11,71.53,B60
Teknaf,1989,12,70.06,B60
Teknaf,1990,1,73.13,B60
Teknaf,1990,2,74.32,B60
Teknaf,1990,3,77.1,B60
Teknaf,1990,4,78,B60
Teknaf,1990,5,77.81,B60
Teknaf,1990,6,88.2,B60
Teknaf,1990,7,90.71,B60
Teknaf,1990,8,85.29,B60
Teknaf,1990,9,83.47,B60
Teknaf,1990,10,79.13,B60
Teknaf,1990,11,76.87,B60
Teknaf,1990,12,72.71,B60
Teknaf,1991,1,70.68,B60
Teknaf,1991,2,67.75,B60
Teknaf,1991,3,69.87,B60
Teknaf,1991,4,74.6,B60
Teknaf,1991,5,78,B60
Teknaf,1991,6,89.77,B60
Teknaf,1991,7,90.13,B60
Teknaf,1991,8,89.97,B60
Teknaf,1991,9,87.9,B60
Teknaf,1991,10,83.68,B60
Teknaf,1991,11,74.07,B60
Teknaf,1991,12,69.39,B60
Teknaf,1992,1,80.16,B60
Teknaf,1992,2,93.31,B60
Teknaf,1992,3,86.77,B60
Teknaf,1992,4,77.13,B60
Teknaf,1992,5,92.32,B60
Teknaf,1992,6,89.83,B60
Teknaf,1992,7,88.97,B60
Teknaf,1992,8,87.68,B60
Teknaf,1992,9,86.73,B60
Teknaf,1992,10,83.81,B60
Teknaf,1992,11,80.77,B60
Teknaf,1992,12,74.52,B60
Teknaf,1993,1,79.45,B60
Teknaf,1993,2,72.79,B60
Teknaf,1993,3,70.45,B60
Teknaf,1993,4,78.17,B60
Teknaf,1993,5,80.23,B60
Teknaf,1993,6,89.1,B60
Teknaf,1993,7,88.77,B60
Teknaf,1993,8,90.65,B60
Teknaf,1993,9,87.13,B60
Teknaf,1993,10,83.1,B60
Teknaf,1993,11,73.93,B60
Teknaf,1993,12,70.74,B60
Teknaf,1994,1,68.39,B60
Teknaf,1994,2,56.82,B60
Teknaf,1994,3,75.55,B60
Teknaf,1994,4,79.1,B60
Teknaf,1994,5,80,B60
Teknaf,1994,6,91.27,B60
Teknaf,1994,7,92.52,B60
Teknaf,1994,8,90.32,B60
Teknaf,1994,9,87.7,B60
Teknaf,1994,10,84.9,B60
Teknaf,1994,11,78.5,B60
Teknaf,1994,12,68.45,B60
Teknaf,1995,1,62.74,B60
Teknaf,1995,2,73.79,B60
Teknaf,1995,3,63.61,B60
Teknaf,1995,4,80.77,B60
Teknaf,1995,5,82.42,B60
Teknaf,1995,6,89.73,B60
Teknaf,1995,7,91.87,B60
Teknaf,1995,8,89.77,B60
Teknaf,1995,9,90.27,B60
Teknaf,1995,10,85.61,B60
Teknaf,1995,11,85.63,B60
Teknaf,1995,12,71.52,B60
Teknaf,1996,1,65.87,B60
Teknaf,1996,2,75.45,B60
Teknaf,1996,3,81.42,B60
Teknaf,1996,4,82.4,B60
Teknaf,1996,5,85.19,B60
Teknaf,1996,6,87.03,B60
Teknaf,1996,7,89.81,B60
Teknaf,1996,8,90.94,B60
Teknaf,1996,9,88.2,B60
Teknaf,1996,10,84.42,B60
Teknaf,1996,11,79.4,B60
Teknaf,1996,12,73,B60
Teknaf,1997,1,62.77,B60
Teknaf,1997,2,71.96,B60
Teknaf,1997,3,79.13,B60
Teknaf,1997,4,79.37,B60
Teknaf,1997,5,81.23,B60
Teknaf,1997,6,87.97,B60
Teknaf,1997,7,92.06,B60
Teknaf,1997,8,89.97,B60
Teknaf,1997,9,88.73,B60
Teknaf,1997,10,82.55,B60
Teknaf,1997,11,78.07,B60
Teknaf,1997,12,72.94,B60
Teknaf,1998,1,76.42,B60
Teknaf,1998,2,70.79,B60
Teknaf,1998,3,65.77,B60
Teknaf,1998,4,79.43,B60
Teknaf,1998,5,82.13,B60
Teknaf,1998,6,86.9,B60
Teknaf,1998,7,90.9,B60
Teknaf,1998,8,91,B60
Teknaf,1998,9,87.73,B60
Teknaf,1998,10,84.32,B60
Teknaf,1998,11,81.43,B60
Teknaf,1998,12,70,B60
Teknaf,1999,1,64.97,B60
Teknaf,1999,2,67.32,B60
Teknaf,1999,3,75.06,B60
Teknaf,1999,4,76.47,B60
Teknaf,1999,5,84.84,B60
Teknaf,1999,6,89,B60
Teknaf,1999,7,91,B60
Teknaf,1999,8,92.19,B60
Teknaf,1999,9,89.03,B60
Teknaf,1999,10,85.9,B60
Teknaf,1999,11,78.23,B60
Teknaf,1999,12,74.74,B60
Teknaf,2000,1,69.77,B60
Teknaf,2000,2,61.28,B60
Teknaf,2000,3,74.29,B60
Teknaf,2000,4,77.77,B60
Teknaf,2000,5,84.35,B60
Teknaf,2000,6,88.3,B60
Teknaf,2000,7,89.68,B60
Teknaf,2000,8,86.94,B60
Teknaf,2000,9,87.57,B60
Teknaf,2000,10,84.45,B60
Teknaf,2000,11,75.67,B60
Teknaf,2000,12,62.13,B60
Teknaf,2001,1,63.23,B60
Teknaf,2001,2,70.18,B60
Teknaf,2001,3,64.81,B60
Teknaf,2001,4,76.83,B60
Teknaf,2001,5,81.16,B60
Teknaf,2001,6,92.07,B60
Teknaf,2001,7,91.65,B60
Teknaf,2001,8,89.45,B60
Teknaf,2001,9,87.73,B60
Teknaf,2001,10,85.81,B60
Teknaf,2001,11,82.23,B60
Teknaf,2001,12,73.39,B60
Teknaf,2002,1,72.1,B60
Teknaf,2002,2,62.32,B60
Teknaf,2002,3,68.39,B60
Teknaf,2002,4,76.27,B60
Teknaf,2002,5,82.19,B60
Teknaf,2002,6,88.4,B60
Teknaf,2002,7,91.26,B60
Teknaf,2002,8,88.84,B60
Teknaf,2002,9,85.93,B60
Teknaf,2002,10,86,B60
Teknaf,2002,11,81.4,B60
Teknaf,2002,12,72.29,B60
Teknaf,2003,1,71.26,B60
Teknaf,2003,2,66.39,B60
Teknaf,2003,3,72.77,B60
Teknaf,2003,4,78.93,B60
Teknaf,2003,5,83.58,B60
Teknaf,2003,6,92.1,B60
Teknaf,2003,7,88.03,B60
Teknaf,2003,8,89.42,B60
Teknaf,2003,9,88.5,B60
Teknaf,2003,10,84.97,B60
Teknaf,2003,11,74.07,B60
Teknaf,2003,12,74.77,B60
Teknaf,2004,1,73.42,B60
Teknaf,2004,2,68.9,B60
Teknaf,2004,3,75.39,B60
Teknaf,2004,4,80.03,B60
Teknaf,2004,5,81.45,B60
Teknaf,2004,6,87.1,B60
Teknaf,2004,7,89.58,B60
Teknaf,2004,8,91.45,B60
Teknaf,2004,9,88.4,B60
Teknaf,2004,10,85.29,B60
Teknaf,2004,11,74.13,B60
Teknaf,2004,12,73.71,B60
Teknaf,2005,1,72,B60
Teknaf,2005,2,70,B60
Teknaf,2005,3,78.48,B60
Teknaf,2005,4,79.07,B60
Teknaf,2005,5,79,B60
Teknaf,2005,6,85.43,B60
Teknaf,2005,7,89.48,B60
Teknaf,2005,8,93.16,B60
Teknaf,2005,9,87.63,B60
Teknaf,2005,10,84.06,B60
Teknaf,2005,11,78.77,B60
Teknaf,2005,12,79.58,B60
Teknaf,2006,1,74.16,B60
Teknaf,2006,2,77.5,B60
Teknaf,2006,3,72.48,B60
Teknaf,2006,4,78.03,B60
Teknaf,2006,5,82.9,B60
Teknaf,2006,6,87.63,B60
Teknaf,2006,7,90.9,B60
Teknaf,2006,8,89.48,B60
Teknaf,2006,9,87.97,B60
Teknaf,2006,10,85,B60
Teknaf,2006,11,78,B60
Teknaf,2006,12,71.65,B60
Teknaf,2007,1,67.48,B60
Teknaf,2007,2,68.64,B60
Teknaf,2007,3,66.35,B60
Teknaf,2007,4,78.6,B60
Teknaf,2007,5,83.29,B60
Teknaf,2007,6,84.7,B60
Teknaf,2007,7,89.68,B60
Teknaf,2007,8,88.94,B60
Teknaf,2007,9,87.57,B60
Teknaf,2007,10,87.45,B60
Teknaf,2007,11,83.63,B60
Teknaf,2007,12,73.23,B60
Teknaf,2008,1,72.23,B60
Teknaf,2008,2,67.31,B60
Teknaf,2008,3,81.74,B60
Teknaf,2008,4,76.8,B60
Teknaf,2008,5,80.61,B60
Teknaf,2008,6,89.17,B60
Teknaf,2008,7,92.16,B60
Teknaf,2008,8,90.1,B60
Teknaf,2008,9,87.83,B60
Teknaf,2008,10,85.55,B60
Teknaf,2008,11,79.57,B60
Teknaf,2008,12,75.23,B60
Teknaf,2009,1,69.35,B60
Teknaf,2009,2,66.29,B60
Teknaf,2009,3,76.97,B60
Teknaf,2009,4,80.43,B60
Teknaf,2009,5,79.13,B60
Teknaf,2009,6,86,B60
Teknaf,2009,7,92.39,B60
Teknaf,2009,8,90.39,B60
Teknaf,2009,9,87.97,B60
Teknaf,2009,10,84.87,B60
Teknaf,2009,11,78.87,B60
Teknaf,2009,12,72.45,B60
Teknaf,2010,1,73.48,B60
Teknaf,2010,2,67.68,B60
Teknaf,2010,3,78.42,B60
Teknaf,2010,4,84.9,B60
Teknaf,2010,5,85.55,B60
Teknaf,2010,6,90.33,B60
Teknaf,2010,7,89.42,B60
Teknaf,2010,8,87.94,B60
Teknaf,2010,9,88.63,B60
Teknaf,2010,10,87.45,B60
Teknaf,2010,11,81.3,B60
Teknaf,2010,12,79.06,B60
Teknaf,2011,1,70.77,B60
Teknaf,2011,2,69.64,B60
Teknaf,2011,3,73,B60
Teknaf,2011,4,79.37,B60
Teknaf,2011,5,83.45,B60
Teknaf,2011,6,90.4,B60
Teknaf,2011,7,89.39,B60
Teknaf,2011,8,90.42,B60
Teknaf,2011,9,90.43,B60
Teknaf,2011,10,85.71,B60
Teknaf,2011,11,75.13,B60
Teknaf,2011,12,77.03,B60
Teknaf,2012,1,67.35,B60
Teknaf,2012,2,59.9,B60
Teknaf,2012,3,75.65,B60
Teknaf,2012,4,79.83,B60
Teknaf,2012,5,82.65,B60
Teknaf,2012,6,88.63,B60
Teknaf,2012,7,92.71,B60
Teknaf,2012,8,89.94,B60
Teknaf,2012,9,87.1,B60
Teknaf,2012,10,83.19,B60
Teknaf,2012,11,75.73,B60
Teknaf,2012,12,69.84,B60
Teknaf,2013,1,64.03,B60
Teknaf,2013,2,62.61,B60
Teknaf,2013,3,74.52,B60
Teknaf,2013,4,77.37,B60
Teknaf,2013,5,85.32,B60
Teknaf,2013,6,87.13,B60
Teknaf,2013,7,89.35,B60
Teknaf,2013,8,87.81,B60
Teknaf,2013,9,87.67,B60
Teknaf,2013,10,84.74,B60
Teknaf,2013,11,78.47,B60
Teknaf,2013,12,71.61,B60
Teknaf,2014,1,74.87,B60
Teknaf,2014,2,71.82,B60
Teknaf,2014,3,70.29,B60
Teknaf,2014,4,80.17,B60
Teknaf,2014,5,77.48,B60
Teknaf,2014,6,85.5,B60
Teknaf,2014,7,88.23,B60
Teknaf,2014,8,90.55,B60
Teknaf,2014,9,87.43,B60
Teknaf,2014,10,82.32,B60
Teknaf,2014,11,79.23,B60
Teknaf,2014,12,75.74,B60
Teknaf,2015,1,73.48,B60
Teknaf,2015,2,68.32,B60
Teknaf,2015,3,66.55,B60
Teknaf,2015,4,78.9,B60
Teknaf,2015,5,80.9,B60
Teknaf,2015,6,88.47,B60
Teknaf,2015,7,90.68,B60
Teknaf,2015,8,87.87,B60
Teknaf,2015,9,86.13,B60
Teknaf,2015,10,83.55,B60
Teknaf,2015,11,79.4,B60
Teknaf,2015,12,75.97,B60
Teknaf,2016,1,71.9,B60
Teknaf,2016,2,72.76,B60
Teknaf,2016,3,75.55,B60
Teknaf,2016,4,76.53,B60
Teknaf,2016,5,79.35,B60
Teknaf,2016,6,85.53,B60
Teknaf,2016,7,90.58,B60
Teknaf,2016,8,89.35,B60
Teknaf,2016,9,87.1,B60
Teknaf,2016,10,85.52,B60
Teknaf,2016,11,80.3,B60
Teknaf,2016,12,77.94,B60
Teknaf,2017,1,71.03,B60
Teknaf,2017,2,70.64,B60
Teknaf,2017,3,77.68,B60
Teknaf,2017,4,81.27,B60
Teknaf,2017,5,81.35,B60
Teknaf,2017,6,86.8,B60
Teknaf,2017,7,91,B60
Teknaf,2017,8,89.26,B60
Teknaf,2017,9,86.47,B60
Teknaf,2017,10,82.71,B60
Teknaf,2017,11,69.7,B60
Teknaf,2017,12,73.32,B60
Teknaf,2018,1,70.13,B60
Teknaf,2018,2,75.43,B60
Teknaf,2018,3,81.29,B60
Teknaf,2018,4,79.73,B60
Teknaf,2018,5,74.35,B60
Teknaf,2018,6,83.43,B60
Teknaf,2018,7,86.52,B60
Teknaf,2018,8,84.9,B60
Teknaf,2018,9,82.4,B60
Teknaf,2018,10,83.68,B60
Teknaf,2018,11,73.77,B60
Teknaf,2018,12,74,B60
Teknaf,2019,1,72.03,B60
Teknaf,2019,2,70.43,B60
Teknaf,2019,3,70.45,B60
Teknaf,2019,4,72.23,B60
Teknaf,2019,5,73.26,B60
Teknaf,2019,6,82.27,B60
Teknaf,2019,7,88.19,B60
Teknaf,2019,8,84.58,B60
Teknaf,2019,9,84.4,B60
Teknaf,2019,10,82.13,B60
Teknaf,2019,11,77.57,B60
Teknaf,2019,12,67.74,B60
Teknaf,2020,1,70.13,B60
Teknaf,2020,2,67.17,B60
Teknaf,2020,3,64,B60
Teknaf,2020,4,74.67,B60
Teknaf,2020,5,74.26,B60
Teknaf,2020,12,66.43,B60
Teknaf,2021,1,65.55,B60
Teknaf,2021,2,64.55,B60
Teknaf,2021,3,71.97,B60
Teknaf,2021,4,73.03,B60
Teknaf,2021,5,74.31,B60
Teknaf,2021,6,86.97,B60
Teknaf,2021,7,89.58,B60
Teknaf,2021,8,87.86,B60
Teknaf,2021,9,85.65,B60
Teknaf,2021,10,85.13,B60
Teknaf,2021,11,82.48,B60
Teknaf,2021,12,74.23,B60
Teknaf,2023,1,69.87,B60
Teknaf,2023,2,69.75,B60
Teknaf,2023,3,71.37,B60
Teknaf,2023,4,72.3,B60
Teknaf,2023,5,76.44,B60
Teknaf,2023,6,83.15,B60
Teknaf,2023,7,81.66,B60
Teknaf,2023,8,86.4,B60
Teknaf,2023,9,84.38,B60
Teknaf,2023,10,82.97,B60
Teknaf,2023,11,81.7,B60
Teknaf,2023,12,81.65,B60
Teknaf,2022,1,70.39,B60
Teknaf,2022,2,74.14,B60
Teknaf,2022,3,66.39,B60
Teknaf,2022,4,77.4,B60
Teknaf,2022,5,82.1,B60
Teknaf,2022,6,87,B60
Teknaf,2022,7,84.71,B60
Teknaf,2022,8,86.16,B60
Teknaf,2022,9,86.33,B60
Teknaf,2022,10,83.23,B60
Teknaf,2022,11,77.37,B60
Teknaf,2022,12,75.32,B60
Tetulia,2020,12,84.08,B60
Tetulia,2021,1,85.92,B60
Tetulia,2021,2,69.98,B60
Tetulia,2021,3,60.14,B60
Tetulia,2021,4,58.25,B60
Tetulia,2021,5,74.76,B60
Tetulia,2021,6,82.05,B60
Tetulia,2023,1,84.94,B60
Tetulia,2023,2,71.38,B60
Tetulia,2023,3,63.79,B60
Tetulia,2023,4,61.83,B60
Tetulia,2023,5,63.26,B60
Tetulia,2023,6,76.2,B60
Tetulia,2023,7,82.82,B60
Tetulia,2023,8,84.21,B60
Tetulia,2023,9,78.27,B60
Tetulia,2023,10,79.18,B60
Tetulia,2023,11,72.1,B60
Tetulia,2023,12,81.06,B60
