Station_Name,Year,Month,Rainfall,Block
Dhaka,2011,1,0,B05
Dhaka,2011,2,0,B05
Dhaka,2011,3,20,B05
Dhaka,2011,4,123,B05
Dhaka,2011,5,235,B05
Dhaka,2011,6,314,B05
Dhaka,2011,7,356,B05
Dhaka,2011,8,409,B05
Dhaka,2011,9,207,B05
Dhaka,2011,10,112,B05
Dhaka,2011,11,0,B05
Dhaka,2011,12,0,B05
Dhaka,2012,1,10,B05
Dhaka,2012,2,1,B05
Dhaka,2012,3,37,B05
Dhaka,2012,4,269,B05
Dhaka,2012,5,137,B05
Dhaka,2012,6,175,B05
Dhaka,2012,7,226,B05
Dhaka,2012,8,282,B05
Dhaka,2012,9,81,B05
Dhaka,2012,10,38,B05
Dhaka,2012,11,68,B05
Dhaka,2012,12,5,B05
Dhaka,2013,1,0,B05
Dhaka,2013,2,8,B05
Dhaka,2013,3,26,B05
Dhaka,2013,4,32,B05
Dhaka,2013,5,378,B05
Dhaka,2013,6,325,B05
Dhaka,2013,7,302,B05
Dhaka,2013,8,212,B05
Dhaka,2013,9,138,B05
Dhaka,2013,10,131,B05
Dhaka,2013,11,0,B05
Dhaka,2013,12,4,B05
Dhaka,2014,1,0,B05
Dhaka,2014,2,12,B05
Dhaka,2014,3,10,B05
Dhaka,2014,4,80,B05
Dhaka,2014,5,147,B05
Dhaka,2014,6,342,B05
Dhaka,2014,7,212,B05
Dhaka,2014,8,391,B05
Dhaka,2014,9,156,B05
Dhaka,2014,10,49,B05
Dhaka,2014,11,0,B05
Dhaka,2014,12,0,B05
Tangail,2011,1,3,B05
Tangail,2011,2,0,B05
Tangail,2011,3,48,B05
Tangail,2011,4,68,B05
Tangail,2011,5,198,B05
Tangail,2011,6,303,B05
Tangail,2011,7,259,B05
Tangail,2011,8,761,B05
Tangail,2011,9,150,B05
Tangail,2011,10,49,B05
Tangail,2011,11,0,B05
Tangail,2011,12,0,B05
Tangail,2012,1,10,B05
Tangail,2012,2,0,B05
Tangail,2012,3,2,B05
Tangail,2012,4,106,B05
Tangail,2012,5,171,B05
Tangail,2012,6,246,B05
Tangail,2012,7,241,B05
Tangail,2012,8,204,B05
Tangail,2012,9,319,B05
Tangail,2012,10,75,B05
Tangail,2012,11,94,B05
Tangail,2012,12,1,B05
Tangail,2013,1,0,B05
Tangail,2013,2,13,B05
Tangail,2013,3,3,B05
Tangail,2013,4,60,B05
Tangail,2013,5,293,B05
Tangail,2013,6,213,B05
Tangail,2013,7,106,B05
Tangail,2013,8,238,B05
Tangail,2013,9,126,B05
Tangail,2013,10,128,B05
Tangail,2013,11,0,B05
Tangail,2013,12,2,B05
Tangail,2014,1,0,B05
Tangail,2014,2,24,B05
Tangail,2014,3,24,B05
Tangail,2014,4,47,B05
Tangail,2014,5,127,B05
Tangail,2014,6,585,B05
Tangail,2014,7,239,B05
Tangail,2014,8,234,B05
Tangail,2014,9,320,B05
Tangail,2014,10,41,B05
Tangail,2014,11,0,B05
Tangail,2014,12,0,B05
Mymensingh,2011,1,1,B05
Mymensingh,2011,2,12,B05
Mymensingh,2011,3,32,B05
Mymensingh,2011,4,80,B05
Mymensingh,2011,5,239,B05
Mymensingh,2011,6,449,B05
Mymensingh,2011,7,333,B05
Mymensingh,2011,8,741,B05
Mymensingh,2011,9,242,B05
Mymensingh,2011,10,18,B05
Mymensingh,2011,11,0,B05
Mymensingh,2011,12,0,B05
Mymensingh,2012,1,18,B05
Mymensingh,2012,2,0,B05
Mymensingh,2012,3,1,B05
Mymensingh,2012,4,202,B05
Mymensingh,2012,5,85,B05
Mymensingh,2012,6,241,B05
Mymensingh,2012,7,409,B05
Mymensingh,2012,8,238,B05
Mymensingh,2012,9,221,B05
Mymensingh,2012,10,45,B05
Mymensingh,2012,11,19,B05
Mymensingh,2012,12,0,B05
Mymensingh,2013,1,0,B05
Mymensingh,2013,2,18,B05
Mymensingh,2013,3,21,B05
Mymensingh,2013,4,69,B05
Mymensingh,2013,5,308,B05
Mymensingh,2013,6,267,B05
Mymensingh,2013,7,318,B05
Mymensingh,2013,8,343,B05
Mymensingh,2013,9,132,B05
Mymensingh,2013,10,263,B05
Mymensingh,2013,11,0,B05
Mymensingh,2013,12,0,B05
Mymensingh,2014,1,0,B05
Mymensingh,2014,2,42,B05
Mymensingh,2014,3,24,B05
Mymensingh,2014,4,78,B05
Mymensingh,2014,5,160,B05
Mymensingh,2014,6,342,B05
Mymensingh,2014,7,303,B05
Mymensingh,2014,8,559,B05
Mymensingh,2014,9,410,B05
Mymensingh,2014,10,16,B05
Mymensingh,2014,11,0,B05
Mymensingh,2014,12,0,B05
Faridpur,2011,1,0,B05
Faridpur,2011,2,0,B05
Faridpur,2011,3,17,B05
Faridpur,2011,4,109,B05
Faridpur,2011,5,163,B05
Faridpur,2011,6,383,B05
Faridpur,2011,7,253,B05
Faridpur,2011,8,469,B05
Faridpur,2011,9,113,B05
Faridpur,2011,10,2,B05
Faridpur,2011,11,0,B05
Faridpur,2011,12,0,B05
Faridpur,2012,1,30,B05
Faridpur,2012,2,1,B05
Faridpur,2012,3,4,B05
Faridpur,2012,4,168,B05
Faridpur,2012,5,109,B05
Faridpur,2012,6,128,B05
Faridpur,2012,7,252,B05
Faridpur,2012,8,221,B05
Faridpur,2012,9,165,B05
Faridpur,2012,10,83,B05
Faridpur,2012,11,111,B05
Faridpur,2012,12,7,B05
Faridpur,2013,1,0,B05
Faridpur,2013,2,12,B05
Faridpur,2013,3,12,B05
Faridpur,2013,4,55,B05
Faridpur,2013,5,380,B05
Faridpur,2013,6,291,B05
Faridpur,2013,7,198,B05
Faridpur,2013,8,264,B05
Faridpur,2013,9,225,B05
Faridpur,2013,10,202,B05
Faridpur,2013,11,0,B05
Faridpur,2013,12,0,B05
Faridpur,2014,1,0,B05
Faridpur,2014,2,12,B05
Faridpur,2014,3,0,B05
Faridpur,2014,4,29,B05
Faridpur,2014,5,191,B05
Faridpur,2014,6,446,B05
Faridpur,2014,7,246,B05
Faridpur,2014,8,381,B05
Faridpur,2014,9,165,B05
Faridpur,2014,10,82,B05
Faridpur,2014,11,0,B05
Faridpur,2014,12,0,B05
Madaripur,2011,1,0,B05
Madaripur,2011,2,1,B05
Madaripur,2011,3,20,B05
Madaripur,2011,4,101,B05
Madaripur,2011,5,169,B05
Madaripur,2011,6,408,B05
Madaripur,2011,7,342,B05
Madaripur,2011,8,380,B05
Madaripur,2011,9,131,B05
Madaripur,2011,10,61,B05
Madaripur,2011,11,0,B05
Madaripur,2011,12,0,B05
Madaripur,2012,1,25,B05
Madaripur,2012,2,16,B05
Madaripur,2012,3,1,B05
Madaripur,2012,4,170,B05
Madaripur,2012,5,110,B05
Madaripur,2012,6,144,B05
Madaripur,2012,7,377,B05
Madaripur,2012,8,203,B05
Madaripur,2012,9,216,B05
Madaripur,2012,10,197,B05
Madaripur,2012,11,86,B05
Madaripur,2012,12,1,B05
Madaripur,2013,1,0,B05
Madaripur,2013,2,6,B05
Madaripur,2013,3,15,B05
Madaripur,2013,4,29,B05
Madaripur,2013,5,751,B05
Madaripur,2013,6,199,B05
Madaripur,2013,7,309,B05
Madaripur,2013,8,274,B05
Madaripur,2013,9,365,B05
Madaripur,2013,10,200,B05
Madaripur,2013,11,4,B05
Madaripur,2013,12,0,B05
Madaripur,2014,1,0,B05
Madaripur,2014,2,12,B05
Madaripur,2014,3,7,B05
Madaripur,2014,4,25,B05
Madaripur,2014,5,175,B05
Madaripur,2014,6,362,B05
Madaripur,2014,7,209,B05
Madaripur,2014,8,308,B05
Madaripur,2014,9,257,B05
Madaripur,2014,10,81,B05
Madaripur,2014,11,0,B05
Madaripur,2014,12,0,B05
Srimangal,2011,1,6,B05
Srimangal,2011,2,7,B05
Srimangal,2011,3,56,B05
Srimangal,2011,4,96,B05
Srimangal,2011,5,595,B05
Srimangal,2011,6,401,B05
Srimangal,2011,7,401,B05
Srimangal,2011,8,307,B05
Srimangal,2011,9,108,B05
Srimangal,2011,10,73,B05
Srimangal,2011,11,0,B05
Srimangal,2011,12,0,B05
Srimangal,2012,1,3,B05
Srimangal,2012,2,0,B05
Srimangal,2012,3,17,B05
Srimangal,2012,4,290,B05
Srimangal,2012,5,268,B05
Srimangal,2012,6,518,B05
Srimangal,2012,7,125,B05
Srimangal,2012,8,353,B05
Srimangal,2012,9,139,B05
Srimangal,2012,10,193,B05
Srimangal,2012,11,21,B05
Srimangal,2012,12,0,B05
Srimangal,2013,1,0,B05
Srimangal,2013,2,9,B05
Srimangal,2013,3,31,B05
Srimangal,2013,4,104,B05
Srimangal,2013,5,783,B05
Srimangal,2013,6,301,B05
Srimangal,2013,7,294,B05
Srimangal,2013,8,420,B05
Srimangal,2013,9,241,B05
Srimangal,2013,10,159,B05
Srimangal,2013,11,5,B05
Srimangal,2013,12,5,B05
Srimangal,2014,1,0,B05
Srimangal,2014,2,13,B05
Srimangal,2014,3,49,B05
Srimangal,2014,4,96,B05
Srimangal,2014,5,380,B05
Srimangal,2014,6,457,B05
Srimangal,2014,7,332,B05
Srimangal,2014,8,394,B05
Srimangal,2014,9,487,B05
Srimangal,2014,10,74,B05
Srimangal,2014,11,0,B05
Srimangal,2014,12,0,B05
Sylhet,2011,1,0,B05
Sylhet,2011,2,3,B05
Sylhet,2011,3,99,B05
Sylhet,2011,4,78,B05
Sylhet,2011,5,403,B05
Sylhet,2011,6,578,B05
Sylhet,2011,7,673,B05
Sylhet,2011,8,722,B05
Sylhet,2011,9,490,B05
Sylhet,2011,10,55,B05
Sylhet,2011,11,0,B05
Sylhet,2011,12,0,B05
Sylhet,2012,1,10,B05
Sylhet,2012,2,0,B05
Sylhet,2012,3,101,B05
Sylhet,2012,4,659,B05
Sylhet,2012,5,406,B05
Sylhet,2012,6,1185,B05
Sylhet,2012,7,700,B05
Sylhet,2012,8,738,B05
Sylhet,2012,9,261,B05
Sylhet,2012,10,502,B05
Sylhet,2012,11,48,B05
Sylhet,2012,12,0,B05
Sylhet,2013,1,0,B05
Sylhet,2013,2,7,B05
Sylhet,2013,3,16,B05
Sylhet,2013,4,229,B05
Sylhet,2013,5,959,B05
Sylhet,2013,6,729,B05
Sylhet,2013,7,567,B05
Sylhet,2013,8,520,B05
Sylhet,2013,9,347,B05
Sylhet,2013,10,451,B05
Sylhet,2013,11,0,B05
Sylhet,2013,12,0,B05
Sylhet,2014,1,0,B05
Sylhet,2014,2,34,B05
Sylhet,2014,3,78,B05
Sylhet,2014,4,118,B05
Sylhet,2014,5,540,B05
Sylhet,2014,6,724,B05
Sylhet,2014,7,316,B05
Sylhet,2014,8,797,B05
Sylhet,2014,9,732,B05
Sylhet,2014,10,33,B05
Sylhet,2014,11,0,B05
Sylhet,2014,12,0,B05
Bogura,2011,1,1,B05
Bogura,2011,2,0,B05
Bogura,2011,3,7,B05
Bogura,2011,4,145,B05
Bogura,2011,5,194,B05
Bogura,2011,6,193,B05
Bogura,2011,7,175,B05
Bogura,2011,8,606,B05
Bogura,2011,9,389,B05
Bogura,2011,10,0,B05
Bogura,2011,11,11,B05
Bogura,2011,12,0,B05
Bogura,2012,1,19,B05
Bogura,2012,2,0,B05
Bogura,2012,3,0,B05
Bogura,2012,4,74,B05
Bogura,2012,5,94,B05
Bogura,2012,6,147,B05
Bogura,2012,7,186,B05
Bogura,2012,8,164,B05
Bogura,2012,9,345,B05
Bogura,2012,10,74,B05
Bogura,2012,11,36,B05
Bogura,2012,12,1,B05
Bogura,2013,1,0,B05
Bogura,2013,2,22,B05
Bogura,2013,3,3,B05
Bogura,2013,4,0,B05
Bogura,2013,5,152,B05
Bogura,2013,6,204,B05
Bogura,2013,7,283,B05
Bogura,2013,8,256,B05
Bogura,2013,9,99,B05
Bogura,2013,10,200,B05
Bogura,2013,11,0,B05
Bogura,2013,12,0,B05
Bogura,2014,1,0,B05
Bogura,2014,2,46,B05
Bogura,2014,3,8,B05
Bogura,2014,4,43,B05
Bogura,2014,5,196,B05
Bogura,2014,6,585,B05
Bogura,2014,7,211,B05
Bogura,2014,8,226,B05
Bogura,2014,9,329,B05
Bogura,2014,10,64,B05
Bogura,2014,11,0,B05
Bogura,2014,12,0,B05
Dinajpur,2011,1,0,B05
Dinajpur,2011,2,28,B05
Dinajpur,2011,3,27,B05
Dinajpur,2011,4,61,B05
Dinajpur,2011,5,250,B05
Dinajpur,2011,6,348,B05
Dinajpur,2011,7,285,B05
Dinajpur,2011,8,381,B05
Dinajpur,2011,9,261,B05
Dinajpur,2011,10,0,B05
Dinajpur,2011,11,3,B05
Dinajpur,2011,12,0,B05
Dinajpur,2012,1,5,B05
Dinajpur,2012,2,5,B05
Dinajpur,2012,3,3,B05
Dinajpur,2012,4,57,B05
Dinajpur,2012,5,79,B05
Dinajpur,2012,6,380,B05
Dinajpur,2012,7,435,B05
Dinajpur,2012,8,106,B05
Dinajpur,2012,9,349,B05
Dinajpur,2012,10,91,B05
Dinajpur,2012,11,1,B05
Dinajpur,2012,12,0,B05
Dinajpur,2013,1,0,B05
Dinajpur,2013,2,10,B05
Dinajpur,2013,3,0,B05
Dinajpur,2013,4,99,B05
Dinajpur,2013,5,133,B05
Dinajpur,2013,6,370,B05
Dinajpur,2013,7,255,B05
Dinajpur,2013,8,469,B05
Dinajpur,2013,9,182,B05
Dinajpur,2013,10,309,B05
Dinajpur,2013,11,0,B05
Dinajpur,2013,12,0,B05
Dinajpur,2014,1,0,B05
Dinajpur,2014,2,31,B05
Dinajpur,2014,3,2,B05
Dinajpur,2014,4,3,B05
Dinajpur,2014,5,186,B05
Dinajpur,2014,6,257,B05
Dinajpur,2014,7,293,B05
Dinajpur,2014,8,181,B05
Dinajpur,2014,9,424,B05
Dinajpur,2014,10,21,B05
Dinajpur,2014,11,0,B05
Dinajpur,2014,12,0,B05
Ishurdi,2011,1,4,B05
Ishurdi,2011,2,1,B05
Ishurdi,2011,3,30,B05
Ishurdi,2011,4,96,B05
Ishurdi,2011,5,155,B05
Ishurdi,2011,6,253,B05
Ishurdi,2011,7,289,B05
Ishurdi,2011,8,645,B05
Ishurdi,2011,9,261,B05
Ishurdi,2011,10,2,B05
Ishurdi,2011,11,0,B05
Ishurdi,2011,12,0,B05
Ishurdi,2012,1,12,B05
Ishurdi,2012,2,0,B05
Ishurdi,2012,3,5,B05
Ishurdi,2012,4,51,B05
Ishurdi,2012,5,69,B05
Ishurdi,2012,6,177,B05
Ishurdi,2012,7,215,B05
Ishurdi,2012,8,97,B05
Ishurdi,2012,9,178,B05
Ishurdi,2012,10,157,B05
Ishurdi,2012,11,86,B05
Ishurdi,2012,12,15,B05
Ishurdi,2013,1,1,B05
Ishurdi,2013,2,14,B05
Ishurdi,2013,3,0,B05
Ishurdi,2013,4,69,B05
Ishurdi,2013,5,182,B05
Ishurdi,2013,6,264,B05
Ishurdi,2013,7,130,B05
Ishurdi,2013,8,218,B05
Ishurdi,2013,9,121,B05
Ishurdi,2013,10,130,B05
Ishurdi,2013,11,0,B05
Ishurdi,2013,12,0,B05
Ishurdi,2014,1,3,B05
Ishurdi,2014,2,33,B05
Ishurdi,2014,3,32,B05
Ishurdi,2014,4,19,B05
Ishurdi,2014,5,129,B05
Ishurdi,2014,6,525,B05
Ishurdi,2014,7,182,B05
Ishurdi,2014,8,249,B05
Ishurdi,2014,9,179,B05
Ishurdi,2014,10,89,B05
Ishurdi,2014,11,0,B05
Ishurdi,2014,12,0,B05
Rajshahi,2011,1,6,B05
Rajshahi,2011,2,0,B05
Rajshahi,2011,3,10,B05
Rajshahi,2011,4,94,B05
Rajshahi,2011,5,187,B05
Rajshahi,2011,6,341,B05
Rajshahi,2011,7,144,B05
Rajshahi,2011,8,454,B05
Rajshahi,2011,9,203,B05
Rajshahi,2011,10,35,B05
Rajshahi,2011,11,1,B05
Rajshahi,2011,12,0,B05
Rajshahi,2012,1,6,B05
Rajshahi,2012,2,0,B05
Rajshahi,2012,3,6,B05
Rajshahi,2012,4,123,B05
Rajshahi,2012,5,17,B05
Rajshahi,2012,6,137,B05
Rajshahi,2012,7,314,B05
Rajshahi,2012,8,179,B05
Rajshahi,2012,9,178,B05
Rajshahi,2012,10,102,B05
Rajshahi,2012,11,101,B05
Rajshahi,2012,12,1,B05
Rajshahi,2013,1,0,B05
Rajshahi,2013,2,22,B05
Rajshahi,2013,3,12,B05
Rajshahi,2013,4,51,B05
Rajshahi,2013,5,188,B05
Rajshahi,2013,6,178,B05
Rajshahi,2013,7,101,B05
Rajshahi,2013,8,254,B05
Rajshahi,2013,9,238,B05
Rajshahi,2013,10,204,B05
Rajshahi,2013,11,0,B05
Rajshahi,2013,12,0,B05
Rajshahi,2014,1,0,B05
Rajshahi,2014,2,27,B05
Rajshahi,2014,3,12,B05
Rajshahi,2014,4,51,B05
Rajshahi,2014,5,151,B05
Rajshahi,2014,6,188,B05
Rajshahi,2014,7,242,B05
Rajshahi,2014,8,359,B05
Rajshahi,2014,9,153,B05
Rajshahi,2014,10,5,B05
Rajshahi,2014,11,0,B05
Rajshahi,2014,12,0,B05
Rangpur,2011,1,0,B05
Rangpur,2011,2,20,B05
Rangpur,2011,3,13,B05
Rangpur,2011,4,28,B05
Rangpur,2011,5,261,B05
Rangpur,2011,6,306,B05
Rangpur,2011,7,389,B05
Rangpur,2011,8,542,B05
Rangpur,2011,9,366,B05
Rangpur,2011,10,6,B05
Rangpur,2011,11,1,B05
Rangpur,2011,12,0,B05
Rangpur,2012,1,7,B05
Rangpur,2012,2,2,B05
Rangpur,2012,3,2,B05
Rangpur,2012,4,191,B05
Rangpur,2012,5,212,B05
Rangpur,2012,6,369,B05
Rangpur,2012,7,445,B05
Rangpur,2012,8,187,B05
Rangpur,2012,9,405,B05
Rangpur,2012,10,57,B05
Rangpur,2012,11,0,B05
Rangpur,2012,12,0,B05
Rangpur,2013,1,0,B05
Rangpur,2013,2,14,B05
Rangpur,2013,3,4,B05
Rangpur,2013,4,115,B05
Rangpur,2013,5,383,B05
Rangpur,2013,6,327,B05
Rangpur,2013,7,296,B05
Rangpur,2013,8,268,B05
Rangpur,2013,9,229,B05
Rangpur,2013,10,280,B05
Rangpur,2013,11,0,B05
Rangpur,2013,12,0,B05
Rangpur,2014,1,0,B05
Rangpur,2014,2,26,B05
Rangpur,2014,3,1,B05
Rangpur,2014,4,15,B05
Rangpur,2014,5,214,B05
Rangpur,2014,6,255,B05
Rangpur,2014,7,110,B05
Rangpur,2014,8,362,B05
Rangpur,2014,9,599,B05
Rangpur,2014,10,53,B05
Rangpur,2014,11,0,B05
Rangpur,2014,12,0,B05
Sayedpur,2011,1,0,B05
Sayedpur,2011,2,19,B05
Sayedpur,2011,3,28,B05
Sayedpur,2011,4,50,B05
Sayedpur,2011,5,283,B05
Sayedpur,2011,6,223,B05
Sayedpur,2011,7,409,B05
Sayedpur,2011,8,559,B05
Sayedpur,2011,9,318,B05
Sayedpur,2011,10,0,B05
Sayedpur,2011,11,1,B05
Sayedpur,2011,12,0,B05
Sayedpur,2012,1,6,B05
Sayedpur,2012,2,6,B05
Sayedpur,2012,3,3,B05
Sayedpur,2012,4,91,B05
Sayedpur,2012,5,148,B05
Sayedpur,2012,6,328,B05
Sayedpur,2012,7,456,B05
Sayedpur,2012,8,97,B05
Sayedpur,2012,9,628,B05
Sayedpur,2012,10,27,B05
Sayedpur,2012,11,0,B05
Sayedpur,2012,12,0,B05
Sayedpur,2013,1,0,B05
Sayedpur,2013,2,14,B05
Sayedpur,2013,3,3,B05
Sayedpur,2013,4,58,B05
Sayedpur,2013,5,206,B05
Sayedpur,2013,6,310,B05
Sayedpur,2013,7,245,B05
Sayedpur,2013,8,388,B05
Sayedpur,2013,9,161,B05
Sayedpur,2013,10,337,B05
Sayedpur,2013,11,0,B05
Sayedpur,2013,12,0,B05
Sayedpur,2014,1,0,B05
Sayedpur,2014,2,26,B05
Sayedpur,2014,3,7,B05
Sayedpur,2014,4,6,B05
Sayedpur,2014,5,157,B05
Sayedpur,2014,6,366,B05
Sayedpur,2014,7,200,B05
Sayedpur,2014,8,470,B05
Sayedpur,2014,9,411,B05
Sayedpur,2014,10,45,B05
Sayedpur,2014,11,0,B05
Sayedpur,2014,12,0,B05
Chuadanga,2011,1,1,B05
Chuadanga,2011,2,1,B05
Chuadanga,2011,3,42,B05
Chuadanga,2011,4,85,B05
Chuadanga,2011,5,151,B05
Chuadanga,2011,6,358,B05
Chuadanga,2011,7,321,B05
Chuadanga,2011,8,405,B05
Chuadanga,2011,9,240,B05
Chuadanga,2011,10,17,B05
Chuadanga,2011,11,1,B05
Chuadanga,2011,12,0,B05
Chuadanga,2012,1,27,B05
Chuadanga,2012,2,0,B05
Chuadanga,2012,3,6,B05
Chuadanga,2012,4,74,B05
Chuadanga,2012,5,48,B05
Chuadanga,2012,6,125,B05
Chuadanga,2012,7,322,B05
Chuadanga,2012,8,143,B05
Chuadanga,2012,9,173,B05
Chuadanga,2012,10,132,B05
Chuadanga,2012,11,81,B05
Chuadanga,2012,12,7,B05
Chuadanga,2013,1,3,B05
Chuadanga,2013,2,12,B05
Chuadanga,2013,3,1,B05
Chuadanga,2013,4,32,B05
Chuadanga,2013,5,260,B05
Chuadanga,2013,6,156,B05
Chuadanga,2013,7,169,B05
Chuadanga,2013,8,202,B05
Chuadanga,2013,9,122,B05
Chuadanga,2013,10,208,B05
Chuadanga,2013,11,0,B05
Chuadanga,2013,12,0,B05
Chuadanga,2014,1,1,B05
Chuadanga,2014,2,37,B05
Chuadanga,2014,3,54,B05
Chuadanga,2014,4,0,B05
Chuadanga,2014,5,53,B05
Chuadanga,2014,6,236,B05
Chuadanga,2014,7,179,B05
Chuadanga,2014,8,271,B05
Chuadanga,2014,9,163,B05
Chuadanga,2014,10,96,B05
Chuadanga,2014,11,0,B05
Chuadanga,2014,12,0,B05
Jessore,2011,1,0,B05
Jessore,2011,2,0,B05
Jessore,2011,3,34,B05
Jessore,2011,4,33,B05
Jessore,2011,5,132,B05
Jessore,2011,6,314,B05
Jessore,2011,7,296,B05
Jessore,2011,8,306,B05
Jessore,2011,9,227,B05
Jessore,2011,10,18,B05
Jessore,2011,11,1,B05
Jessore,2011,12,0,B05
Jessore,2012,1,31,B05
Jessore,2012,2,4,B05
Jessore,2012,3,5,B05
Jessore,2012,4,82,B05
Jessore,2012,5,36,B05
Jessore,2012,6,221,B05
Jessore,2012,7,334,B05
Jessore,2012,8,187,B05
Jessore,2012,9,271,B05
Jessore,2012,10,71,B05
Jessore,2012,11,61,B05
Jessore,2012,12,2,B05
Jessore,2013,1,6,B05
Jessore,2013,2,15,B05
Jessore,2013,3,8,B05
Jessore,2013,4,63,B05
Jessore,2013,5,278,B05
Jessore,2013,6,203,B05
Jessore,2013,7,249,B05
Jessore,2013,8,309,B05
Jessore,2013,9,322,B05
Jessore,2013,10,223,B05
Jessore,2013,11,0,B05
Jessore,2013,12,0,B05
Jessore,2014,1,0,B05
Jessore,2014,2,19,B05
Jessore,2014,3,10,B05
Jessore,2014,4,0,B05
Jessore,2014,5,165,B05
Jessore,2014,6,286,B05
Jessore,2014,7,435,B05
Jessore,2014,8,180,B05
Jessore,2014,9,186,B05
Jessore,2014,10,37,B05
Jessore,2014,11,0,B05
Jessore,2014,12,0,B05
Khulna,2011,1,0,B05
Khulna,2011,2,1,B05
Khulna,2011,3,16,B05
Khulna,2011,4,28,B05
Khulna,2011,5,145,B05
Khulna,2011,6,381,B05
Khulna,2011,7,387,B05
Khulna,2011,8,614,B05
Khulna,2011,9,367,B05
Khulna,2011,10,3,B05
Khulna,2011,11,6,B05
Khulna,2011,12,0,B05
Khulna,2012,1,66,B05
Khulna,2012,2,18,B05
Khulna,2012,3,1,B05
Khulna,2012,4,52,B05
Khulna,2012,5,63,B05
Khulna,2012,6,255,B05
Khulna,2012,7,391,B05
Khulna,2012,8,254,B05
Khulna,2012,9,374,B05
Khulna,2012,10,89,B05
Khulna,2012,11,80,B05
Khulna,2012,12,2,B05
Khulna,2013,1,1,B05
Khulna,2013,2,7,B05
Khulna,2013,3,19,B05
Khulna,2013,4,62,B05
Khulna,2013,5,430,B05
Khulna,2013,6,212,B05
Khulna,2013,7,313,B05
Khulna,2013,8,482,B05
Khulna,2013,9,278,B05
Khulna,2013,10,260,B05
Khulna,2013,11,0,B05
Khulna,2013,12,0,B05
Khulna,2014,1,0,B05
Khulna,2014,2,24,B05
Khulna,2014,3,5,B05
Khulna,2014,4,0,B05
Khulna,2014,5,118,B05
Khulna,2014,6,447,B05
Khulna,2014,7,394,B05
Khulna,2014,8,258,B05
Khulna,2014,9,205,B05
Khulna,2014,10,10,B05
Khulna,2014,11,0,B05
Khulna,2014,12,0,B05
Mongla,2011,1,0,B05
Mongla,2011,2,0,B05
Mongla,2011,3,8,B05
Mongla,2011,4,112,B05
Mongla,2011,5,132,B05
Mongla,2011,6,504,B05
Mongla,2011,7,392,B05
Mongla,2011,8,639,B05
Mongla,2011,9,421,B05
Mongla,2011,10,39,B05
Mongla,2011,11,0,B05
Mongla,2011,12,0,B05
Mongla,2012,1,40,B05
Mongla,2012,2,13,B05
Mongla,2012,3,8,B05
Mongla,2012,4,85,B05
Mongla,2012,5,61,B05
Mongla,2012,6,193,B05
Mongla,2012,7,359,B05
Mongla,2012,8,449,B05
Mongla,2012,9,420,B05
Mongla,2012,10,114,B05
Mongla,2012,11,34,B05
Mongla,2012,12,8,B05
Mongla,2013,1,0,B05
Mongla,2013,2,5,B05
Mongla,2013,3,2,B05
Mongla,2013,4,28,B05
Mongla,2013,5,359,B05
Mongla,2013,6,244,B05
Mongla,2013,7,401,B05
Mongla,2013,8,287,B05
Mongla,2013,9,219,B05
Mongla,2013,10,286,B05
Mongla,2013,11,0,B05
Mongla,2013,12,0,B05
Mongla,2014,1,0,B05
Mongla,2014,2,35,B05
Mongla,2014,3,2,B05
Mongla,2014,4,2,B05
Mongla,2014,5,222,B05
Mongla,2014,6,308,B05
Mongla,2014,7,302,B05
Mongla,2014,8,221,B05
Mongla,2014,9,280,B05
Mongla,2014,10,136,B05
Mongla,2014,11,0,B05
Mongla,2014,12,0,B05
Satkhira,2011,1,0,B05
Satkhira,2011,2,1,B05
Satkhira,2011,3,58,B05
Satkhira,2011,4,58,B05
Satkhira,2011,5,218,B05
Satkhira,2011,6,450,B05
Satkhira,2011,7,428,B05
Satkhira,2011,8,638,B05
Satkhira,2011,9,217,B05
Satkhira,2011,10,53,B05
Satkhira,2011,11,0,B05
Satkhira,2011,12,0,B05
Satkhira,2012,1,36,B05
Satkhira,2012,2,14,B05
Satkhira,2012,3,0,B05
Satkhira,2012,4,94,B05
Satkhira,2012,5,72,B05
Satkhira,2012,6,199,B05
Satkhira,2012,7,239,B05
Satkhira,2012,8,314,B05
Satkhira,2012,9,282,B05
Satkhira,2012,10,95,B05
Satkhira,2012,11,105,B05
Satkhira,2012,12,8,B05
Satkhira,2013,1,5,B05
Satkhira,2013,2,12,B05
Satkhira,2013,3,37,B05
Satkhira,2013,4,29,B05
Satkhira,2013,5,310,B05
Satkhira,2013,6,245,B05
Satkhira,2013,7,266,B05
Satkhira,2013,8,215,B05
Satkhira,2013,9,296,B05
Satkhira,2013,10,247,B05
Satkhira,2013,11,0,B05
Satkhira,2013,12,0,B05
Satkhira,2014,1,0,B05
Satkhira,2014,2,31,B05
Satkhira,2014,3,36,B05
Satkhira,2014,4,0,B05
Satkhira,2014,5,162,B05
Satkhira,2014,6,330,B05
Satkhira,2014,7,243,B05
Satkhira,2014,8,175,B05
Satkhira,2014,9,242,B05
Satkhira,2014,10,79,B05
Satkhira,2014,11,0,B05
Satkhira,2014,12,0,B05
Barisal,2011,1,0,B05
Barisal,2011,2,0,B05
Barisal,2011,3,34,B05
Barisal,2011,4,105,B05
Barisal,2011,5,153,B05
Barisal,2011,6,481,B05
Barisal,2011,7,314,B05
Barisal,2011,8,428,B05
Barisal,2011,9,337,B05
Barisal,2011,10,56,B05
Barisal,2011,11,1,B05
Barisal,2011,12,0,B05
Barisal,2012,1,31,B05
Barisal,2012,2,2,B05
Barisal,2012,3,11,B05
Barisal,2012,4,223,B05
Barisal,2012,5,105,B05
Barisal,2012,6,205,B05
Barisal,2012,7,275,B05
Barisal,2012,8,270,B05
Barisal,2012,9,381,B05
Barisal,2012,10,70,B05
Barisal,2012,11,44,B05
Barisal,2012,12,0,B05
Barisal,2013,1,0,B05
Barisal,2013,2,6,B05
Barisal,2013,3,5,B05
Barisal,2013,4,64,B05
Barisal,2013,5,701,B05
Barisal,2013,6,277,B05
Barisal,2013,7,377,B05
Barisal,2013,8,398,B05
Barisal,2013,9,312,B05
Barisal,2013,10,181,B05
Barisal,2013,11,0,B05
Barisal,2013,12,0,B05
Barisal,2014,1,0,B05
Barisal,2014,2,15,B05
Barisal,2014,3,13,B05
Barisal,2014,4,0,B05
Barisal,2014,5,235,B05
Barisal,2014,6,341,B05
Barisal,2014,7,277,B05
Barisal,2014,8,253,B05
Barisal,2014,9,254,B05
Barisal,2014,10,66,B05
Barisal,2014,11,0,B05
Barisal,2014,12,0,B05
Bhola,2011,1,0,B05
Bhola,2011,2,0,B05
Bhola,2011,3,32,B05
Bhola,2011,4,66,B05
Bhola,2011,5,317,B05
Bhola,2011,6,425,B05
Bhola,2011,7,398,B05
Bhola,2011,8,383,B05
Bhola,2011,9,331,B05
Bhola,2011,10,63,B05
Bhola,2011,11,0,B05
Bhola,2011,12,0,B05
Bhola,2012,1,6,B05
Bhola,2012,2,1,B05
Bhola,2012,3,8,B05
Bhola,2012,4,191,B05
Bhola,2012,5,96,B05
Bhola,2012,6,233,B05
Bhola,2012,7,323,B05
Bhola,2012,8,285,B05
Bhola,2012,9,191,B05
Bhola,2012,10,123,B05
Bhola,2012,11,35,B05
Bhola,2012,12,1,B05
Bhola,2013,1,0,B05
Bhola,2013,2,9,B05
Bhola,2013,3,0,B05
Bhola,2013,4,28,B05
Bhola,2013,5,655,B05
Bhola,2013,6,270,B05
Bhola,2013,7,327,B05
Bhola,2013,8,477,B05
Bhola,2013,9,228,B05
Bhola,2013,10,200,B05
Bhola,2013,11,0,B05
Bhola,2013,12,0,B05
Bhola,2014,1,0,B05
Bhola,2014,2,16,B05
Bhola,2014,3,14,B05
Bhola,2014,4,9,B05
Bhola,2014,5,129,B05
Bhola,2014,6,479,B05
Bhola,2014,7,299,B05
Bhola,2014,8,496,B05
Bhola,2014,9,269,B05
Bhola,2014,10,51,B05
Bhola,2014,11,0,B05
Bhola,2014,12,0,B05
Khepupara,2011,1,0,B05
Khepupara,2011,2,0,B05
Khepupara,2011,3,35,B05
Khepupara,2011,4,106,B05
Khepupara,2011,5,249,B05
Khepupara,2011,6,542,B05
Khepupara,2011,7,802,B05
Khepupara,2011,8,925,B05
Khepupara,2011,9,345,B05
Khepupara,2011,10,88,B05
Khepupara,2011,11,0,B05
Khepupara,2011,12,0,B05
Khepupara,2012,1,9,B05
Khepupara,2012,2,0,B05
Khepupara,2012,3,49,B05
Khepupara,2012,4,96,B05
Khepupara,2012,5,128,B05
Khepupara,2012,6,415,B05
Khepupara,2012,7,639,B05
Khepupara,2012,8,392,B05
Khepupara,2012,9,562,B05
Khepupara,2012,10,259,B05
Khepupara,2012,11,69,B05
Khepupara,2012,12,10,B05
Khepupara,2013,1,0,B05
Khepupara,2013,2,1,B05
Khepupara,2013,3,0,B05
Khepupara,2013,4,0,B05
Khepupara,2013,5,727,B05
Khepupara,2013,6,395,B05
Khepupara,2013,7,640,B05
Khepupara,2013,8,403,B05
Khepupara,2013,9,536,B05
Khepupara,2013,10,418,B05
Khepupara,2013,11,0,B05
Khepupara,2013,12,0,B05
Khepupara,2014,1,0,B05
Khepupara,2014,2,31,B05
Khepupara,2014,3,3,B05
Khepupara,2014,4,7,B05
Khepupara,2014,5,189,B05
Khepupara,2014,6,342,B05
Khepupara,2014,7,460,B05
Khepupara,2014,8,441,B05
Khepupara,2014,9,270,B05
Khepupara,2014,10,133,B05
Khepupara,2014,11,0,B05
Khepupara,2014,12,1,B05
Patuakhali,2011,1,0,B05
Patuakhali,2011,2,0,B05
Patuakhali,2011,3,17,B05
Patuakhali,2011,4,34,B05
Patuakhali,2011,5,180,B05
Patuakhali,2011,6,680,B05
Patuakhali,2011,7,356,B05
Patuakhali,2011,8,655,B05
Patuakhali,2011,9,406,B05
Patuakhali,2011,10,80,B05
Patuakhali,2011,11,6,B05
Patuakhali,2011,12,0,B05
Patuakhali,2012,1,7,B05
Patuakhali,2012,2,2,B05
Patuakhali,2012,3,48,B05
Patuakhali,2012,4,80,B05
Patuakhali,2012,5,79,B05
Patuakhali,2012,6,287,B05
Patuakhali,2012,7,392,B05
Patuakhali,2012,8,439,B05
Patuakhali,2012,9,348,B05
Patuakhali,2012,10,142,B05
Patuakhali,2012,11,71,B05
Patuakhali,2012,12,0,B05
Patuakhali,2013,1,1,B05
Patuakhali,2013,2,4,B05
Patuakhali,2013,3,0,B05
Patuakhali,2013,4,27,B05
Patuakhali,2013,5,637,B05
Patuakhali,2013,6,333,B05
Patuakhali,2013,7,552,B05
Patuakhali,2013,8,411,B05
Patuakhali,2013,9,412,B05
Patuakhali,2013,10,281,B05
Patuakhali,2013,11,0,B05
Patuakhali,2013,12,0,B05
Patuakhali,2014,1,0,B05
Patuakhali,2014,2,3,B05
Patuakhali,2014,3,2,B05
Patuakhali,2014,4,14,B05
Patuakhali,2014,5,301,B05
Patuakhali,2014,6,406,B05
Patuakhali,2014,7,543,B05
Patuakhali,2014,8,349,B05
Patuakhali,2014,9,279,B05
Patuakhali,2014,10,131,B05
Patuakhali,2014,11,0,B05
Patuakhali,2014,12,0,B05
Chandpur,2011,1,0,B05
Chandpur,2011,2,1,B05
Chandpur,2011,3,35,B05
Chandpur,2011,4,145,B05
Chandpur,2011,5,424,B05
Chandpur,2011,6,410,B05
Chandpur,2011,7,291,B05
Chandpur,2011,8,403,B05
Chandpur,2011,9,291,B05
Chandpur,2011,10,128,B05
Chandpur,2011,11,0,B05
Chandpur,2011,12,0,B05
Chandpur,2012,1,12,B05
Chandpur,2012,2,12,B05
Chandpur,2012,3,30,B05
Chandpur,2012,4,194,B05
Chandpur,2012,5,121,B05
Chandpur,2012,6,279,B05
Chandpur,2012,7,298,B05
Chandpur,2012,8,452,B05
Chandpur,2012,9,137,B05
Chandpur,2012,10,128,B05
Chandpur,2012,11,92,B05
Chandpur,2012,12,2,B05
Chandpur,2013,1,0,B05
Chandpur,2013,2,3,B05
Chandpur,2013,3,15,B05
Chandpur,2013,4,135,B05
Chandpur,2013,5,670,B05
Chandpur,2013,6,497,B05
Chandpur,2013,7,225,B05
Chandpur,2013,8,331,B05
Chandpur,2013,9,502,B05
Chandpur,2013,10,167,B05
Chandpur,2013,11,0,B05
Chandpur,2013,12,0,B05
Chandpur,2014,1,0,B05
Chandpur,2014,2,20,B05
Chandpur,2014,3,4,B05
Chandpur,2014,4,40,B05
Chandpur,2014,5,179,B05
Chandpur,2014,6,509,B05
Chandpur,2014,7,319,B05
Chandpur,2014,8,258,B05
Chandpur,2014,9,346,B05
Chandpur,2014,10,98,B05
Chandpur,2014,11,1,B05
Chandpur,2014,12,0,B05
Ambagan (Ctg),2011,1,0,B05
Ambagan (Ctg),2011,2,0,B05
Ambagan (Ctg),2011,3,35,B05
Ambagan (Ctg),2011,4,117,B05
Ambagan (Ctg),2011,5,355,B05
Ambagan (Ctg),2011,6,454,B05
Ambagan (Ctg),2011,7,613,B05
Ambagan (Ctg),2011,8,748,B05
Ambagan (Ctg),2011,9,740,B05
Ambagan (Ctg),2011,10,66,B05
Ambagan (Ctg),2011,11,0,B05
Ambagan (Ctg),2011,12,0,B05
Ambagan (Ctg),2012,1,0,B05
Ambagan (Ctg),2012,2,0,B05
Ambagan (Ctg),2012,3,31,B05
Ambagan (Ctg),2012,4,231,B05
Ambagan (Ctg),2012,5,114,B05
Ambagan (Ctg),2012,6,1268,B05
Ambagan (Ctg),2012,7,662,B05
Ambagan (Ctg),2012,8,300,B05
Ambagan (Ctg),2012,9,221,B05
Ambagan (Ctg),2012,10,445,B05
Ambagan (Ctg),2012,11,3,B05
Ambagan (Ctg),2012,12,0,B05
Ambagan (Ctg),2013,1,0,B05
Ambagan (Ctg),2013,2,1,B05
Ambagan (Ctg),2013,3,5,B05
Ambagan (Ctg),2013,4,58,B05
Ambagan (Ctg),2013,5,469,B05
Ambagan (Ctg),2013,6,504,B05
Ambagan (Ctg),2013,7,391,B05
Ambagan (Ctg),2013,8,243,B05
Ambagan (Ctg),2013,9,305,B05
Ambagan (Ctg),2013,10,403,B05
Ambagan (Ctg),2013,11,0,B05
Ambagan (Ctg),2013,12,0,B05
Ambagan (Ctg),2014,1,0,B05
Ambagan (Ctg),2014,2,40,B05
Ambagan (Ctg),2014,3,32,B05
Ambagan (Ctg),2014,4,30,B05
Ambagan (Ctg),2014,5,368,B05
Ambagan (Ctg),2014,6,1235,B05
Ambagan (Ctg),2014,7,389,B05
Ambagan (Ctg),2014,8,599,B05
Ambagan (Ctg),2014,9,355,B05
Ambagan (Ctg),2014,10,107,B05
Ambagan (Ctg),2014,11,1,B05
Ambagan (Ctg),2014,12,0,B05
Chittagong (Patenga),2011,1,0,B05
Chittagong (Patenga),2011,2,0,B05
Chittagong (Patenga),2011,3,35,B05
Chittagong (Patenga),2011,4,133,B05
Chittagong (Patenga),2011,5,276,B05
Chittagong (Patenga),2011,6,481,B05
Chittagong (Patenga),2011,7,562,B05
Chittagong (Patenga),2011,8,806,B05
Chittagong (Patenga),2011,9,762,B05
Chittagong (Patenga),2011,10,46,B05
Chittagong (Patenga),2011,11,0,B05
Chittagong (Patenga),2011,12,0,B05
Chittagong (Patenga),2012,1,0,B05
Chittagong (Patenga),2012,2,0,B05
Chittagong (Patenga),2012,3,30,B05
Chittagong (Patenga),2012,4,192,B05
Chittagong (Patenga),2012,5,188,B05
Chittagong (Patenga),2012,6,1337,B05
Chittagong (Patenga),2012,7,788,B05
Chittagong (Patenga),2012,8,299,B05
Chittagong (Patenga),2012,9,170,B05
Chittagong (Patenga),2012,10,636,B05
Chittagong (Patenga),2012,11,3,B05
Chittagong (Patenga),2012,12,0,B05
Chittagong (Patenga),2013,1,0,B05
Chittagong (Patenga),2013,2,0,B05
Chittagong (Patenga),2013,3,3,B05
Chittagong (Patenga),2013,4,58,B05
Chittagong (Patenga),2013,5,773,B05
Chittagong (Patenga),2013,6,513,B05
Chittagong (Patenga),2013,7,405,B05
Chittagong (Patenga),2013,8,267,B05
Chittagong (Patenga),2013,9,173,B05
Chittagong (Patenga),2013,10,369,B05
Chittagong (Patenga),2013,11,0,B05
Chittagong (Patenga),2013,12,0,B05
Chittagong (Patenga),2014,1,0,B05
Chittagong (Patenga),2014,2,37,B05
Chittagong (Patenga),2014,3,18,B05
Chittagong (Patenga),2014,4,43,B05
Chittagong (Patenga),2014,5,304,B05
Chittagong (Patenga),2014,6,1494,B05
Chittagong (Patenga),2014,7,395,B05
Chittagong (Patenga),2014,8,692,B05
Chittagong (Patenga),2014,9,363,B05
Chittagong (Patenga),2014,10,104,B05
Chittagong (Patenga),2014,11,0,B05
Chittagong (Patenga),2014,12,0,B05
Comilla,2011,1,0,B05
Comilla,2011,2,0,B05
Comilla,2011,3,28,B05
Comilla,2011,4,76,B05
Comilla,2011,5,351,B05
Comilla,2011,6,346,B05
Comilla,2011,7,273,B05
Comilla,2011,8,501,B05
Comilla,2011,9,233,B05
Comilla,2011,10,76,B05
Comilla,2011,11,0,B05
Comilla,2011,12,0,B05
Comilla,2012,1,16,B05
Comilla,2012,2,1,B05
Comilla,2012,3,13,B05
Comilla,2012,4,195,B05
Comilla,2012,5,209,B05
Comilla,2012,6,442,B05
Comilla,2012,7,282,B05
Comilla,2012,8,373,B05
Comilla,2012,9,178,B05
Comilla,2012,10,115,B05
Comilla,2012,11,102,B05
Comilla,2012,12,3,B05
Comilla,2013,1,0,B05
Comilla,2013,2,3,B05
Comilla,2013,3,30,B05
Comilla,2013,4,28,B05
Comilla,2013,5,467,B05
Comilla,2013,6,214,B05
Comilla,2013,7,276,B05
Comilla,2013,8,243,B05
Comilla,2013,9,255,B05
Comilla,2013,10,124,B05
Comilla,2013,11,0,B05
Comilla,2013,12,3,B05
Comilla,2014,1,0,B05
Comilla,2014,2,8,B05
Comilla,2014,3,17,B05
Comilla,2014,4,16,B05
Comilla,2014,5,195,B05
Comilla,2014,6,394,B05
Comilla,2014,7,227,B05
Comilla,2014,8,418,B05
Comilla,2014,9,296,B05
Comilla,2014,10,64,B05
Comilla,2014,11,0,B05
Comilla,2014,12,0,B05
Cox's Bazar,2011,1,11,B05
Cox's Bazar,2011,2,0,B05
Cox's Bazar,2011,3,4,B05
Cox's Bazar,2011,4,123,B05
Cox's Bazar,2011,5,296,B05
Cox's Bazar,2011,6,926,B05
Cox's Bazar,2011,7,877,B05
Cox's Bazar,2011,8,1226,B05
Cox's Bazar,2011,9,692,B05
Cox's Bazar,2011,10,280,B05
Cox's Bazar,2011,11,0,B05
Cox's Bazar,2011,12,5,B05
Cox's Bazar,2012,1,0,B05
Cox's Bazar,2012,2,0,B05
Cox's Bazar,2012,3,109,B05
Cox's Bazar,2012,4,148,B05
Cox's Bazar,2012,5,254,B05
Cox's Bazar,2012,6,1102,B05
Cox's Bazar,2012,7,1130,B05
Cox's Bazar,2012,8,801,B05
Cox's Bazar,2012,9,302,B05
Cox's Bazar,2012,10,263,B05
Cox's Bazar,2012,11,14,B05
Cox's Bazar,2012,12,0,B05
Cox's Bazar,2013,1,0,B05
Cox's Bazar,2013,2,0,B05
Cox's Bazar,2013,3,0,B05
Cox's Bazar,2013,4,54,B05
Cox's Bazar,2013,5,700,B05
Cox's Bazar,2013,6,876,B05
Cox's Bazar,2013,7,772,B05
Cox's Bazar,2013,8,1000,B05
Cox's Bazar,2013,9,237,B05
Cox's Bazar,2013,10,420,B05
Cox's Bazar,2013,11,0,B05
Cox's Bazar,2013,12,0,B05
Cox's Bazar,2014,1,0,B05
Cox's Bazar,2014,2,29,B05
Cox's Bazar,2014,3,1,B05
Cox's Bazar,2014,4,4,B05
Cox's Bazar,2014,5,139,B05
Cox's Bazar,2014,6,677,B05
Cox's Bazar,2014,7,717,B05
Cox's Bazar,2014,8,611,B05
Cox's Bazar,2014,9,264,B05
Cox's Bazar,2014,10,41,B05
Cox's Bazar,2014,11,0,B05
Cox's Bazar,2014,12,0,B05
Feni,2011,1,0,B05
Feni,2011,2,10,B05
Feni,2011,3,55,B05
Feni,2011,4,58,B05
Feni,2011,5,437,B05
Feni,2011,6,599,B05
Feni,2011,7,576,B05
Feni,2011,8,832,B05
Feni,2011,9,402,B05
Feni,2011,10,225,B05
Feni,2011,11,0,B05
Feni,2011,12,0,B05
Feni,2012,1,2,B05
Feni,2012,2,0,B05
Feni,2012,3,28,B05
Feni,2012,4,388,B05
Feni,2012,5,138,B05
Feni,2012,6,723,B05
Feni,2012,7,568,B05
Feni,2012,8,390,B05
Feni,2012,9,274,B05
Feni,2012,10,356,B05
Feni,2012,11,18,B05
Feni,2012,12,0,B05
Feni,2013,1,0,B05
Feni,2013,2,3,B05
Feni,2013,3,26,B05
Feni,2013,4,17,B05
Feni,2013,5,533,B05
Feni,2013,6,493,B05
Feni,2013,7,382,B05
Feni,2013,8,468,B05
Feni,2013,9,373,B05
Feni,2013,10,193,B05
Feni,2013,11,0,B05
Feni,2013,12,0,B05
Feni,2014,1,0,B05
Feni,2014,2,14,B05
Feni,2014,3,21,B05
Feni,2014,4,5,B05
Feni,2014,5,243,B05
Feni,2014,6,701,B05
Feni,2014,7,370,B05
Feni,2014,8,603,B05
Feni,2014,9,456,B05
Feni,2014,10,97,B05
Feni,2014,11,0,B05
Feni,2014,12,0,B05
Hatiya,2011,1,0,B05
Hatiya,2011,2,0,B05
Hatiya,2011,3,67,B05
Hatiya,2011,4,61,B05
Hatiya,2011,5,529,B05
Hatiya,2011,6,635,B05
Hatiya,2011,7,715,B05
Hatiya,2011,8,1018,B05
Hatiya,2011,9,659,B05
Hatiya,2011,10,158,B05
Hatiya,2011,11,0,B05
Hatiya,2011,12,0,B05
Hatiya,2012,1,0,B05
Hatiya,2012,2,0,B05
Hatiya,2012,3,8,B05
Hatiya,2012,4,267,B05
Hatiya,2012,5,317,B05
Hatiya,2012,6,538,B05
Hatiya,2012,7,738,B05
Hatiya,2012,8,501,B05
Hatiya,2012,9,377,B05
Hatiya,2012,10,244,B05
Hatiya,2012,11,13,B05
Hatiya,2012,12,2,B05
Hatiya,2013,1,0,B05
Hatiya,2013,2,4,B05
Hatiya,2013,3,0,B05
Hatiya,2013,4,50,B05
Hatiya,2013,5,842,B05
Hatiya,2013,6,592,B05
Hatiya,2013,7,544,B05
Hatiya,2013,8,677,B05
Hatiya,2013,9,435,B05
Hatiya,2013,10,292,B05
Hatiya,2013,11,0,B05
Hatiya,2013,12,0,B05
Hatiya,2014,1,0,B05
Hatiya,2014,2,27,B05
Hatiya,2014,3,14,B05
Hatiya,2014,4,2,B05
Hatiya,2014,5,158,B05
Hatiya,2014,6,916,B05
Hatiya,2014,7,702,B05
Hatiya,2014,8,603,B05
Hatiya,2014,9,435,B05
Hatiya,2014,10,269,B05
Hatiya,2014,11,2,B05
Hatiya,2014,12,0,B05
Kutubdia,2011,1,5,B05
Kutubdia,2011,2,0,B05
Kutubdia,2011,3,22,B05
Kutubdia,2011,4,118,B05
Kutubdia,2011,5,316,B05
Kutubdia,2011,6,952,B05
Kutubdia,2011,7,803,B05
Kutubdia,2011,8,856,B05
Kutubdia,2011,9,597,B05
Kutubdia,2011,10,224,B05
Kutubdia,2011,11,0,B05
Kutubdia,2011,12,1,B05
Kutubdia,2012,1,0,B05
Kutubdia,2012,2,0,B05
Kutubdia,2012,3,37,B05
Kutubdia,2012,4,135,B05
Kutubdia,2012,5,251,B05
Kutubdia,2012,6,1178,B05
Kutubdia,2012,7,1688,B05
Kutubdia,2012,8,527,B05
Kutubdia,2012,9,260,B05
Kutubdia,2012,10,554,B05
Kutubdia,2012,11,47,B05
Kutubdia,2012,12,0,B05
Kutubdia,2013,1,0,B05
Kutubdia,2013,2,1,B05
Kutubdia,2013,3,0,B05
Kutubdia,2013,4,85,B05
Kutubdia,2013,5,1088,B05
Kutubdia,2013,6,1058,B05
Kutubdia,2013,7,818,B05
Kutubdia,2013,8,642,B05
Kutubdia,2013,9,296,B05
Kutubdia,2013,10,215,B05
Kutubdia,2013,11,0,B05
Kutubdia,2013,12,0,B05
Kutubdia,2014,1,0,B05
Kutubdia,2014,2,48,B05
Kutubdia,2014,3,4,B05
Kutubdia,2014,4,55,B05
Kutubdia,2014,5,103,B05
Kutubdia,2014,6,1055,B05
Kutubdia,2014,7,620,B05
Kutubdia,2014,8,545,B05
Kutubdia,2014,9,449,B05
Kutubdia,2014,10,80,B05
Kutubdia,2014,11,1,B05
Kutubdia,2014,12,0,B05
Maijdi Court,2011,1,0,B05
Maijdi Court,2011,2,6,B05
Maijdi Court,2011,3,24,B05
Maijdi Court,2011,4,61,B05
Maijdi Court,2011,5,358,B05
Maijdi Court,2011,6,794,B05
Maijdi Court,2011,7,791,B05
Maijdi Court,2011,8,691,B05
Maijdi Court,2011,9,392,B05
Maijdi Court,2011,10,117,B05
Maijdi Court,2011,11,0,B05
Maijdi Court,2011,12,0,B05
Maijdi Court,2012,1,6,B05
Maijdi Court,2012,2,0,B05
Maijdi Court,2012,3,44,B05
Maijdi Court,2012,4,267,B05
Maijdi Court,2012,5,286,B05
Maijdi Court,2012,6,483,B05
Maijdi Court,2012,7,431,B05
Maijdi Court,2012,8,442,B05
Maijdi Court,2012,9,322,B05
Maijdi Court,2012,10,156,B05
Maijdi Court,2012,11,29,B05
Maijdi Court,2012,12,0,B05
Maijdi Court,2013,1,0,B05
Maijdi Court,2013,2,8,B05
Maijdi Court,2013,3,4,B05
Maijdi Court,2013,4,65,B05
Maijdi Court,2013,5,671,B05
Maijdi Court,2013,6,658,B05
Maijdi Court,2013,7,482,B05
Maijdi Court,2013,8,583,B05
Maijdi Court,2013,9,355,B05
Maijdi Court,2013,10,218,B05
Maijdi Court,2013,11,0,B05
Maijdi Court,2013,12,0,B05
Maijdi Court,2014,1,0,B05
Maijdi Court,2014,2,20,B05
Maijdi Court,2014,3,58,B05
Maijdi Court,2014,4,42,B05
Maijdi Court,2014,5,215,B05
Maijdi Court,2014,6,710,B05
Maijdi Court,2014,7,557,B05
Maijdi Court,2014,8,667,B05
Maijdi Court,2014,9,434,B05
Maijdi Court,2014,10,108,B05
Maijdi Court,2014,11,2,B05
Maijdi Court,2014,12,0,B05
Rangamati,2011,1,1,B05
Rangamati,2011,2,1,B05
Rangamati,2011,3,49,B05
Rangamati,2011,4,78,B05
Rangamati,2011,5,169,B05
Rangamati,2011,6,516,B05
Rangamati,2011,7,463,B05
Rangamati,2011,8,566,B05
Rangamati,2011,9,420,B05
Rangamati,2011,10,98,B05
Rangamati,2011,11,0,B05
Rangamati,2011,12,0,B05
Rangamati,2012,1,0,B05
Rangamati,2012,2,0,B05
Rangamati,2012,3,91,B05
Rangamati,2012,4,284,B05
Rangamati,2012,5,187,B05
Rangamati,2012,6,834,B05
Rangamati,2012,7,489,B05
Rangamati,2012,8,297,B05
Rangamati,2012,9,268,B05
Rangamati,2012,10,344,B05
Rangamati,2012,11,23,B05
Rangamati,2012,12,0,B05
Rangamati,2013,1,0,B05
Rangamati,2013,2,2,B05
Rangamati,2013,3,2,B05
Rangamati,2013,4,83,B05
Rangamati,2013,5,435,B05
Rangamati,2013,6,280,B05
Rangamati,2013,7,274,B05
Rangamati,2013,8,200,B05
Rangamati,2013,9,476,B05
Rangamati,2013,10,198,B05
Rangamati,2013,11,0,B05
Rangamati,2013,12,0,B05
Rangamati,2014,1,0,B05
Rangamati,2014,2,23,B05
Rangamati,2014,3,17,B05
Rangamati,2014,4,1,B05
Rangamati,2014,5,339,B05
Rangamati,2014,6,610,B05
Rangamati,2014,7,161,B05
Rangamati,2014,8,294,B05
Rangamati,2014,9,316,B05
Rangamati,2014,10,152,B05
Rangamati,2014,11,10,B05
Rangamati,2014,12,0,B05
Sandwip,2011,1,0,B05
Sandwip,2011,2,0,B05
Sandwip,2011,3,120,B05
Sandwip,2011,4,124,B05
Sandwip,2011,5,372,B05
Sandwip,2011,6,661,B05
Sandwip,2011,7,734,B05
Sandwip,2011,8,1124,B05
Sandwip,2011,9,823,B05
Sandwip,2011,10,302,B05
Sandwip,2011,11,0,B05
Sandwip,2011,12,0,B05
Sandwip,2012,1,0,B05
Sandwip,2012,2,0,B05
Sandwip,2012,3,52,B05
Sandwip,2012,4,314,B05
Sandwip,2012,5,226,B05
Sandwip,2012,6,753,B05
Sandwip,2012,7,1399,B05
Sandwip,2012,8,889,B05
Sandwip,2012,9,182,B05
Sandwip,2012,10,263,B05
Sandwip,2012,11,3,B05
Sandwip,2012,12,0,B05
Sandwip,2013,1,0,B05
Sandwip,2013,2,0,B05
Sandwip,2013,3,0,B05
Sandwip,2013,4,52,B05
Sandwip,2013,5,570,B05
Sandwip,2013,6,560,B05
Sandwip,2013,7,441,B05
Sandwip,2013,8,746,B05
Sandwip,2013,9,573,B05
Sandwip,2013,10,241,B05
Sandwip,2013,11,0,B05
Sandwip,2013,12,0,B05
Sandwip,2014,1,0,B05
Sandwip,2014,2,34,B05
Sandwip,2014,3,32,B05
Sandwip,2014,4,33,B05
Sandwip,2014,5,218,B05
Sandwip,2014,6,1167,B05
Sandwip,2014,7,549,B05
Sandwip,2014,8,960,B05
Sandwip,2014,9,414,B05
Sandwip,2014,10,58,B05
Sandwip,2014,11,3,B05
Sandwip,2014,12,0,B05
Sitakunda,2011,1,1,B05
Sitakunda,2011,2,0,B05
Sitakunda,2011,3,126,B05
Sitakunda,2011,4,163,B05
Sitakunda,2011,5,361,B05
Sitakunda,2011,6,502,B05
Sitakunda,2011,7,818,B05
Sitakunda,2011,8,1136,B05
Sitakunda,2011,9,524,B05
Sitakunda,2011,10,127,B05
Sitakunda,2011,11,0,B05
Sitakunda,2011,12,0,B05
Sitakunda,2012,1,1,B05
Sitakunda,2012,2,0,B05
Sitakunda,2012,3,24,B05
Sitakunda,2012,4,352,B05
Sitakunda,2012,5,251,B05
Sitakunda,2012,6,954,B05
Sitakunda,2012,7,1274,B05
Sitakunda,2012,8,567,B05
Sitakunda,2012,9,234,B05
Sitakunda,2012,10,256,B05
Sitakunda,2012,11,19,B05
Sitakunda,2012,12,1,B05
Sitakunda,2013,1,0,B05
Sitakunda,2013,2,0,B05
Sitakunda,2013,3,13,B05
Sitakunda,2013,4,57,B05
Sitakunda,2013,5,470,B05
Sitakunda,2013,6,569,B05
Sitakunda,2013,7,333,B05
Sitakunda,2013,8,390,B05
Sitakunda,2013,9,496,B05
Sitakunda,2013,10,269,B05
Sitakunda,2013,11,1,B05
Sitakunda,2013,12,0,B05
Sitakunda,2014,1,0,B05
Sitakunda,2014,2,25,B05
Sitakunda,2014,3,21,B05
Sitakunda,2014,4,27,B05
Sitakunda,2014,5,194,B05
Sitakunda,2014,6,995,B05
Sitakunda,2014,7,508,B05
Sitakunda,2014,8,757,B05
Sitakunda,2014,9,350,B05
Sitakunda,2014,10,87,B05
Sitakunda,2014,11,0,B05
Sitakunda,2014,12,0,B05
Teknaf,2011,1,9,B05
Teknaf,2011,2,1,B05
Teknaf,2011,3,11,B05
Teknaf,2011,4,130,B05
Teknaf,2011,5,312,B05
Teknaf,2011,6,1180,B05
Teknaf,2011,7,848,B05
Teknaf,2011,8,1163,B05
Teknaf,2011,9,826,B05
Teknaf,2011,10,474,B05
Teknaf,2011,11,0,B05
Teknaf,2011,12,0,B05
Teknaf,2012,1,0,B05
Teknaf,2012,2,0,B05
Teknaf,2012,3,22,B05
Teknaf,2012,4,142,B05
Teknaf,2012,5,154,B05
Teknaf,2012,6,1431,B05
Teknaf,2012,7,1349,B05
Teknaf,2012,8,933,B05
Teknaf,2012,9,496,B05
Teknaf,2012,10,319,B05
Teknaf,2012,11,23,B05
Teknaf,2012,12,0,B05
Teknaf,2013,1,0,B05
Teknaf,2013,2,0,B05
Teknaf,2013,3,0,B05
Teknaf,2013,4,34,B05
Teknaf,2013,5,753,B05
Teknaf,2013,6,821,B05
Teknaf,2013,7,1127,B05
Teknaf,2013,8,851,B05
Teknaf,2013,9,329,B05
Teknaf,2013,10,271,B05
Teknaf,2013,11,0,B05
Teknaf,2013,12,0,B05
Teknaf,2014,1,0,B05
Teknaf,2014,2,22,B05
Teknaf,2014,3,0,B05
Teknaf,2014,4,1,B05
Teknaf,2014,5,78,B05
Teknaf,2014,6,887,B05
Teknaf,2014,7,894,B05
Teknaf,2014,8,1022,B05
Teknaf,2014,9,507,B05
Teknaf,2014,10,65,B05
Teknaf,2014,11,30,B05
Teknaf,2014,12,1,B05
Dhaka,2015,1,3,B06
Dhaka,2015,2,17,B06
Dhaka,2015,3,4,B06
Dhaka,2015,4,166,B06
Dhaka,2015,5,185,B06
Dhaka,2015,6,375,B06
Dhaka,2015,7,623,B06
Dhaka,2015,8,395,B06
Dhaka,2015,9,346,B06
Dhaka,2015,10,51,B06
Dhaka,2015,11,0,B06
Dhaka,2015,12,1,B06
Tangail,2015,1,0,B06
Tangail,2015,2,8,B06
Tangail,2015,3,14,B06
Tangail,2015,4,253,B06
Tangail,2015,5,158,B06
Tangail,2015,6,498,B06
Tangail,2015,7,408,B06
Tangail,2015,8,318,B06
Tangail,2015,9,185,B06
Tangail,2015,10,26,B06
Tangail,2015,11,0,B06
Tangail,2015,12,3,B06
Mymensingh,2015,1,15,B06
Mymensingh,2015,2,19,B06
Mymensingh,2015,3,1,B06
Mymensingh,2015,4,203,B06
Mymensingh,2015,5,212,B06
Mymensingh,2015,6,502,B06
Mymensingh,2015,7,329,B06
Mymensingh,2015,8,413,B06
Mymensingh,2015,9,308,B06
Mymensingh,2015,10,78,B06
Mymensingh,2015,11,4,B06
Mymensingh,2015,12,0,B06
Faridpur,2015,1,6,B06
Faridpur,2015,2,21,B06
Faridpur,2015,3,2,B06
Faridpur,2015,4,159,B06
Faridpur,2015,5,147,B06
Faridpur,2015,6,347,B06
Faridpur,2015,7,540,B06
Faridpur,2015,8,304,B06
Faridpur,2015,9,215,B06
Faridpur,2015,10,80,B06
Faridpur,2015,11,0,B06
Faridpur,2015,12,6,B06
Madaripur,2015,1,9,B06
Madaripur,2015,2,21,B06
Madaripur,2015,3,20,B06
Madaripur,2015,4,153,B06
Madaripur,2015,5,127,B06
Madaripur,2015,6,389,B06
Madaripur,2015,7,569,B06
Madaripur,2015,8,246,B06
Madaripur,2015,9,301,B06
Madaripur,2015,10,37,B06
Madaripur,2015,11,0,B06
Madaripur,2015,12,5,B06
Srimangal,2015,1,5,B06
Srimangal,2015,2,48,B06
Srimangal,2015,3,26,B06
Srimangal,2015,4,376,B06
Srimangal,2015,5,511,B06
Srimangal,2015,6,230,B06
Srimangal,2015,7,579,B06
Srimangal,2015,8,421,B06
Srimangal,2015,9,186,B06
Srimangal,2015,10,104,B06
Srimangal,2015,11,21,B06
Srimangal,2015,12,11,B06
Sylhet,2015,1,16,B06
Sylhet,2015,2,40,B06
Sylhet,2015,3,28,B06
Sylhet,2015,4,539,B06
Sylhet,2015,5,747,B06
Sylhet,2015,6,857,B06
Sylhet,2015,7,644,B06
Sylhet,2015,8,754,B06
Sylhet,2015,9,832,B06
Sylhet,2015,10,53,B06
Sylhet,2015,11,4,B06
Sylhet,2015,12,7,B06
Bogura,2015,1,12,B06
Bogura,2015,2,72,B06
Bogura,2015,3,21,B06
Bogura,2015,4,202,B06
Bogura,2015,5,220,B06
Bogura,2015,6,310,B06
Bogura,2015,7,213,B06
Bogura,2015,8,293,B06
Bogura,2015,9,198,B06
Bogura,2015,10,40,B06
Bogura,2015,11,0,B06
Bogura,2015,12,0,B06
Dinajpur,2015,1,25,B06
Dinajpur,2015,2,3,B06
Dinajpur,2015,3,28,B06
Dinajpur,2015,4,91,B06
Dinajpur,2015,5,376,B06
Dinajpur,2015,6,273,B06
Dinajpur,2015,7,328,B06
Dinajpur,2015,8,590,B06
Dinajpur,2015,9,251,B06
Dinajpur,2015,10,0,B06
Dinajpur,2015,11,0,B06
Dinajpur,2015,12,0,B06
Ishurdi,2015,1,0,B06
Ishurdi,2015,2,8,B06
Ishurdi,2015,3,38,B06
Ishurdi,2015,4,111,B06
Ishurdi,2015,5,147,B06
Ishurdi,2015,6,332,B06
Ishurdi,2015,7,394,B06
Ishurdi,2015,8,254,B06
Ishurdi,2015,9,213,B06
Ishurdi,2015,10,82,B06
Ishurdi,2015,11,3,B06
Ishurdi,2015,12,2,B06
Rajshahi,2015,1,14,B06
Rajshahi,2015,2,14,B06
Rajshahi,2015,3,39,B06
Rajshahi,2015,4,144,B06
Rajshahi,2015,5,177,B06
Rajshahi,2015,6,285,B06
Rajshahi,2015,7,353,B06
Rajshahi,2015,8,127,B06
Rajshahi,2015,9,254,B06
Rajshahi,2015,10,7,B06
Rajshahi,2015,11,6,B06
Rajshahi,2015,12,1,B06
Rangpur,2015,1,25,B06
Rangpur,2015,2,24,B06
Rangpur,2015,3,15,B06
Rangpur,2015,4,123,B06
Rangpur,2015,5,298,B06
Rangpur,2015,6,524,B06
Rangpur,2015,7,234,B06
Rangpur,2015,8,687,B06
Rangpur,2015,9,484,B06
Rangpur,2015,10,3,B06
Rangpur,2015,11,0,B06
Rangpur,2015,12,0,B06
Sayedpur,2015,1,27,B06
Sayedpur,2015,2,3,B06
Sayedpur,2015,3,32,B06
Sayedpur,2015,4,85,B06
Sayedpur,2015,5,233,B06
Sayedpur,2015,6,300,B06
Sayedpur,2015,7,232,B06
Sayedpur,2015,8,562,B06
Sayedpur,2015,9,386,B06
Sayedpur,2015,10,25,B06
Sayedpur,2015,11,0,B06
Sayedpur,2015,12,0,B06
Chuadanga,2015,1,0,B06
Chuadanga,2015,2,40,B06
Chuadanga,2015,3,14,B06
Chuadanga,2015,4,95,B06
Chuadanga,2015,5,108,B06
Chuadanga,2015,6,324,B06
Chuadanga,2015,7,427,B06
Chuadanga,2015,8,244,B06
Chuadanga,2015,9,151,B06
Chuadanga,2015,10,58,B06
Chuadanga,2015,11,1,B06
Chuadanga,2015,12,3,B06
Jessore,2015,1,2,B06
Jessore,2015,2,93,B06
Jessore,2015,3,25,B06
Jessore,2015,4,108,B06
Jessore,2015,5,125,B06
Jessore,2015,6,379,B06
Jessore,2015,7,561,B06
Jessore,2015,8,281,B06
Jessore,2015,9,247,B06
Jessore,2015,10,43,B06
Jessore,2015,11,0,B06
Jessore,2015,12,3,B06
Khulna,2015,1,41,B06
Khulna,2015,2,35,B06
Khulna,2015,3,28,B06
Khulna,2015,4,107,B06
Khulna,2015,5,128,B06
Khulna,2015,6,318,B06
Khulna,2015,7,922,B06
Khulna,2015,8,353,B06
Khulna,2015,9,293,B06
Khulna,2015,10,83,B06
Khulna,2015,11,3,B06
Khulna,2015,12,6,B06
Mongla,2015,1,18,B06
Mongla,2015,2,3,B06
Mongla,2015,3,23,B06
Mongla,2015,4,95,B06
Mongla,2015,5,98,B06
Mongla,2015,6,396,B06
Mongla,2015,7,891,B06
Mongla,2015,8,270,B06
Mongla,2015,9,284,B06
Mongla,2015,10,21,B06
Mongla,2015,11,4,B06
Mongla,2015,12,7,B06
Satkhira,2015,1,59,B06
Satkhira,2015,2,10,B06
Satkhira,2015,3,32,B06
Satkhira,2015,4,167,B06
Satkhira,2015,5,16,B06
Satkhira,2015,6,226,B06
Satkhira,2015,7,681,B06
Satkhira,2015,8,229,B06
Satkhira,2015,9,308,B06
Satkhira,2015,10,57,B06
Satkhira,2015,11,0,B06
Satkhira,2015,12,7,B06
Barisal,2015,1,3,B06
Barisal,2015,2,24,B06
Barisal,2015,3,18,B06
Barisal,2015,4,135,B06
Barisal,2015,5,72,B06
Barisal,2015,6,641,B06
Barisal,2015,7,785,B06
Barisal,2015,8,254,B06
Barisal,2015,9,352,B06
Barisal,2015,10,128,B06
Barisal,2015,11,19,B06
Barisal,2015,12,3,B06
Bhola,2015,1,1,B06
Bhola,2015,2,10,B06
Bhola,2015,3,42,B06
Bhola,2015,4,96,B06
Bhola,2015,5,76,B06
Bhola,2015,6,707,B06
Bhola,2015,7,743,B06
Bhola,2015,8,416,B06
Bhola,2015,9,372,B06
Bhola,2015,10,178,B06
Bhola,2015,11,6,B06
Bhola,2015,12,2,B06
Khepupara,2015,1,8,B06
Khepupara,2015,2,15,B06
Khepupara,2015,3,18,B06
Khepupara,2015,4,102,B06
Khepupara,2015,5,41,B06
Khepupara,2015,6,610,B06
Khepupara,2015,7,1092,B06
Khepupara,2015,8,604,B06
Khepupara,2015,9,433,B06
Khepupara,2015,10,166,B06
Khepupara,2015,11,43,B06
Khepupara,2015,12,19,B06
Patuakhali,2015,1,9,B06
Patuakhali,2015,2,4,B06
Patuakhali,2015,3,33,B06
Patuakhali,2015,4,179,B06
Patuakhali,2015,5,38,B06
Patuakhali,2015,6,648,B06
Patuakhali,2015,7,1033,B06
Patuakhali,2015,8,595,B06
Patuakhali,2015,9,374,B06
Patuakhali,2015,10,157,B06
Patuakhali,2015,11,6,B06
Patuakhali,2015,12,22,B06
Chandpur,2015,1,3,B06
Chandpur,2015,2,29,B06
Chandpur,2015,3,11,B06
Chandpur,2015,4,175,B06
Chandpur,2015,5,160,B06
Chandpur,2015,6,675,B06
Chandpur,2015,7,872,B06
Chandpur,2015,8,500,B06
Chandpur,2015,9,249,B06
Chandpur,2015,10,128,B06
Chandpur,2015,11,0,B06
Chandpur,2015,12,2,B06
Teknaf,2015,1,11,B06
Teknaf,2015,2,0,B06
Teknaf,2015,3,0,B06
Teknaf,2015,4,111,B06
Teknaf,2015,5,127,B06
Teknaf,2015,6,1695,B06
Teknaf,2015,7,1710,B06
Teknaf,2015,8,824,B06
Teknaf,2015,9,710,B06
Teknaf,2015,10,201,B06
Teknaf,2015,11,44,B06
Teknaf,2015,12,14,B06
Chittagong,2015,1,6,B06
Chittagong,2015,2,0,B06
Chittagong,2015,3,18,B06
Chittagong,2015,4,218,B06
Chittagong,2015,5,92,B06
Chittagong,2015,6,713,B06
Chittagong,2015,7,1555,B06
Chittagong,2015,8,568,B06
Chittagong,2015,9,331,B06
Chittagong,2015,10,193,B06
Chittagong,2015,11,7,B06
Chittagong,2015,12,12,B06
Comilla,2015,1,1,B06
Comilla,2015,2,24,B06
Comilla,2015,3,11,B06
Comilla,2015,4,206,B06
Comilla,2015,5,187,B06
Comilla,2015,6,286,B06
Comilla,2015,7,820,B06
Comilla,2015,8,188,B06
Comilla,2015,9,377,B06
Comilla,2015,10,44,B06
Comilla,2015,11,1,B06
Comilla,2015,12,10,B06
Cox's Bazar,2015,1,10,B06
Cox's Bazar,2015,2,0,B06
Cox's Bazar,2015,3,16,B06
Cox's Bazar,2015,4,72,B06
Cox's Bazar,2015,5,96,B06
Cox's Bazar,2015,6,1573,B06
Cox's Bazar,2015,7,1400,B06
Cox's Bazar,2015,8,657,B06
Cox's Bazar,2015,9,618,B06
Cox's Bazar,2015,10,207,B06
Cox's Bazar,2015,11,40,B06
Cox's Bazar,2015,12,27,B06
Feni,2015,1,1,B06
Feni,2015,2,0,B06
Feni,2015,3,15,B06
Feni,2015,4,118,B06
Feni,2015,5,254,B06
Feni,2015,6,374,B06
Feni,2015,7,1128,B06
Feni,2015,8,487,B06
Feni,2015,9,478,B06
Feni,2015,10,243,B06
Feni,2015,11,1,B06
Feni,2015,12,0,B06
Hatiya,2015,1,14,B06
Hatiya,2015,2,7,B06
Hatiya,2015,3,65,B06
Hatiya,2015,4,243,B06
Hatiya,2015,5,107,B06
Hatiya,2015,6,900,B06
Hatiya,2015,7,1281,B06
Hatiya,2015,8,471,B06
Hatiya,2015,9,619,B06
Hatiya,2015,10,585,B06
Hatiya,2015,11,52,B06
Hatiya,2015,12,16,B06
Kutubdia,2015,1,16,B06
Kutubdia,2015,2,0,B06
Kutubdia,2015,3,4,B06
Kutubdia,2015,4,188,B06
Kutubdia,2015,5,81,B06
Kutubdia,2015,6,1034,B06
Kutubdia,2015,7,1517,B06
Kutubdia,2015,8,666,B06
Kutubdia,2015,9,452,B06
Kutubdia,2015,10,220,B06
Kutubdia,2015,11,40,B06
Kutubdia,2015,12,35,B06
Maijdi Court,2015,1,1,B06
Maijdi Court,2015,2,3,B06
Maijdi Court,2015,3,32,B06
Maijdi Court,2015,4,174,B06
Maijdi Court,2015,5,117,B06
Maijdi Court,2015,6,693,B06
Maijdi Court,2015,7,978,B06
Maijdi Court,2015,8,464,B06
Maijdi Court,2015,9,571,B06
Maijdi Court,2015,10,165,B06
Maijdi Court,2015,11,0,B06
Maijdi Court,2015,12,11,B06
Rangamati,2015,1,0,B06
Rangamati,2015,2,0,B06
Rangamati,2015,3,52,B06
Rangamati,2015,4,238,B06
Rangamati,2015,5,130,B06
Rangamati,2015,6,562,B06
Rangamati,2015,7,1035,B06
Rangamati,2015,8,714,B06
Rangamati,2015,9,386,B06
Rangamati,2015,10,213,B06
Rangamati,2015,11,10,B06
Rangamati,2015,12,2,B06
Sandwip,2015,1,3,B06
Sandwip,2015,2,0,B06
Sandwip,2015,3,17,B06
Sandwip,2015,4,188,B06
Sandwip,2015,5,182,B06
Sandwip,2015,6,764,B06
Sandwip,2015,7,1480,B06
Sandwip,2015,8,532,B06
Sandwip,2015,9,476,B06
Sandwip,2015,10,362,B06
Sandwip,2015,11,7,B06
Sandwip,2015,12,13,B06
Sitakunda,2015,1,3,B06
Sitakunda,2015,2,0,B06
Sitakunda,2015,3,5,B06
Sitakunda,2015,4,168,B06
Sitakunda,2015,5,209,B06
Sitakunda,2015,6,761,B06
Sitakunda,2015,7,1304,B06
Sitakunda,2015,8,592,B06
Sitakunda,2015,9,548,B06
Sitakunda,2015,10,213,B06
Sitakunda,2015,11,3,B06
Sitakunda,2015,12,5,B06
Ambagan (Ctg),2015,1,4,B06
Ambagan (Ctg),2015,2,0,B06
Ambagan (Ctg),2015,3,18,B06
Ambagan (Ctg),2015,4,292,B06
Ambagan (Ctg),2015,5,110,B06
Ambagan (Ctg),2015,6,699,B06
Ambagan (Ctg),2015,7,1466,B06
Ambagan (Ctg),2015,8,586,B06
Ambagan (Ctg),2015,9,390,B06
Ambagan (Ctg),2015,10,349,B06
Ambagan (Ctg),2015,11,4,B06
Ambagan (Ctg),2015,12,9,B06
Dhaka,2016,1,3,B06
Dhaka,2016,2,13,B06
Dhaka,2016,3,55,B06
Dhaka,2016,4,55,B06
Dhaka,2016,5,212,B06
Dhaka,2016,6,212,B06
Dhaka,2016,7,405,B06
Dhaka,2016,8,171,B06
Dhaka,2016,9,138,B06
Dhaka,2016,10,76,B06
Dhaka,2016,11,25,B06
Dhaka,2016,12,0,B06
Tangail,2016,1,8,B06
Tangail,2016,2,15,B06
Tangail,2016,3,26,B06
Tangail,2016,4,45,B06
Tangail,2016,5,182,B06
Tangail,2016,6,126,B06
Tangail,2016,7,359,B06
Tangail,2016,8,101,B06
Tangail,2016,9,141,B06
Tangail,2016,10,124,B06
Tangail,2016,11,4,B06
Tangail,2016,12,0,B06
Mymensingh,2016,1,19,B06
Mymensingh,2016,2,8,B06
Mymensingh,2016,3,47,B06
Mymensingh,2016,4,111,B06
Mymensingh,2016,5,326,B06
Mymensingh,2016,6,391,B06
Mymensingh,2016,7,518,B06
Mymensingh,2016,8,106,B06
Mymensingh,2016,9,409,B06
Mymensingh,2016,10,32,B06
Mymensingh,2016,11,1,B06
Mymensingh,2016,12,0,B06
Faridpur,2016,1,2,B06
Faridpur,2016,2,16,B06
Faridpur,2016,3,24,B06
Faridpur,2016,4,57,B06
Faridpur,2016,5,222,B06
Faridpur,2016,6,281,B06
Faridpur,2016,7,500,B06
Faridpur,2016,8,305,B06
Faridpur,2016,9,125,B06
Faridpur,2016,10,89,B06
Faridpur,2016,11,28,B06
Faridpur,2016,12,0,B06
Madaripur,2016,1,3,B06
Madaripur,2016,2,84,B06
Madaripur,2016,3,14,B06
Madaripur,2016,4,65,B06
Madaripur,2016,5,364,B06
Madaripur,2016,6,182,B06
Madaripur,2016,7,423,B06
Madaripur,2016,8,422,B06
Madaripur,2016,9,295,B06
Madaripur,2016,10,71,B06
Madaripur,2016,11,60,B06
Madaripur,2016,12,0,B06
Srimangal,2016,1,2,B06
Srimangal,2016,2,131,B06
Srimangal,2016,3,94,B06
Srimangal,2016,4,303,B06
Srimangal,2016,5,475,B06
Srimangal,2016,6,387,B06
Srimangal,2016,7,185,B06
Srimangal,2016,8,307,B06
Srimangal,2016,9,207,B06
Srimangal,2016,10,227,B06
Srimangal,2016,11,228,B06
Srimangal,2016,12,0,B06
Sylhet,2016,1,11,B06
Sylhet,2016,2,28,B06
Sylhet,2016,3,134,B06
Sylhet,2016,4,1004,B06
Sylhet,2016,5,703,B06
Sylhet,2016,6,657,B06
Sylhet,2016,7,531,B06
Sylhet,2016,8,396,B06
Sylhet,2016,9,561,B06
Sylhet,2016,10,158,B06
Sylhet,2016,11,108,B06
Sylhet,2016,12,5,B06
Bogura,2016,1,15,B06
Bogura,2016,2,0,B06
Bogura,2016,3,2,B06
Bogura,2016,4,28,B06
Bogura,2016,5,251,B06
Bogura,2016,6,84,B06
Bogura,2016,7,327,B06
Bogura,2016,8,132,B06
Bogura,2016,9,135,B06
Bogura,2016,10,107,B06
Bogura,2016,11,0,B06
Bogura,2016,12,0,B06
Dinajpur,2016,1,11,B06
Dinajpur,2016,2,0,B06
Dinajpur,2016,3,25,B06
Dinajpur,2016,4,26,B06
Dinajpur,2016,5,221,B06
Dinajpur,2016,6,129,B06
Dinajpur,2016,7,446,B06
Dinajpur,2016,8,119,B06
Dinajpur,2016,9,473,B06
Dinajpur,2016,10,199,B06
Dinajpur,2016,11,0,B06
Dinajpur,2016,12,11,B06
Ishurdi,2016,1,30,B06
Ishurdi,2016,2,12,B06
Ishurdi,2016,3,112,B06
Ishurdi,2016,4,52,B06
Ishurdi,2016,5,177,B06
Ishurdi,2016,6,136,B06
Ishurdi,2016,7,240,B06
Ishurdi,2016,8,132,B06
Ishurdi,2016,9,381,B06
Ishurdi,2016,10,42,B06
Ishurdi,2016,11,2,B06
Ishurdi,2016,12,0,B06
Rajshahi,2016,1,42,B06
Rajshahi,2016,2,3,B06
Rajshahi,2016,3,25,B06
Rajshahi,2016,4,175,B06
Rajshahi,2016,5,212,B06
Rajshahi,2016,6,109,B06
Rajshahi,2016,7,376,B06
Rajshahi,2016,8,168,B06
Rajshahi,2016,9,170,B06
Rajshahi,2016,10,95,B06
Rajshahi,2016,11,0,B06
Rajshahi,2016,12,0,B06
Rangpur,2016,1,12,B06
Rangpur,2016,2,0,B06
Rangpur,2016,3,123,B06
Rangpur,2016,4,49,B06
Rangpur,2016,5,313,B06
Rangpur,2016,6,390,B06
Rangpur,2016,7,749,B06
Rangpur,2016,8,118,B06
Rangpur,2016,9,285,B06
Rangpur,2016,10,120,B06
Rangpur,2016,11,0,B06
Rangpur,2016,12,6,B06
Sayedpur,2016,1,10,B06
Sayedpur,2016,2,1,B06
Sayedpur,2016,3,47,B06
Sayedpur,2016,4,26,B06
Sayedpur,2016,5,269,B06
Sayedpur,2016,6,125,B06
Sayedpur,2016,7,368,B06
Sayedpur,2016,8,90,B06
Sayedpur,2016,9,335,B06
Sayedpur,2016,10,102,B06
Sayedpur,2016,11,0,B06
Sayedpur,2016,12,6,B06
Chuadanga,2016,1,0,B06
Chuadanga,2016,2,82,B06
Chuadanga,2016,3,40,B06
Chuadanga,2016,4,79,B06
Chuadanga,2016,5,88,B06
Chuadanga,2016,6,122,B06
Chuadanga,2016,7,331,B06
Chuadanga,2016,8,465,B06
Chuadanga,2016,9,125,B06
Chuadanga,2016,10,61,B06
Chuadanga,2016,11,2,B06
Chuadanga,2016,12,0,B06
Jessore,2016,1,3,B06
Jessore,2016,2,21,B06
Jessore,2016,3,60,B06
Jessore,2016,4,10,B06
Jessore,2016,5,269,B06
Jessore,2016,6,241,B06
Jessore,2016,7,370,B06
Jessore,2016,8,204,B06
Jessore,2016,9,76,B06
Jessore,2016,10,66,B06
Jessore,2016,11,46,B06
Jessore,2016,12,0,B06
Khulna,2016,1,0,B06
Khulna,2016,2,97,B06
Khulna,2016,3,5,B06
Khulna,2016,4,54,B06
Khulna,2016,5,350,B06
Khulna,2016,6,353,B06
Khulna,2016,7,413,B06
Khulna,2016,8,646,B06
Khulna,2016,9,148,B06
Khulna,2016,10,81,B06
Khulna,2016,11,75,B06
Khulna,2016,12,0,B06
Mongla,2016,1,16,B06
Mongla,2016,2,53,B06
Mongla,2016,3,20,B06
Mongla,2016,4,21,B06
Mongla,2016,5,270,B06
Mongla,2016,6,366,B06
Mongla,2016,7,538,B06
Mongla,2016,8,544,B06
Mongla,2016,9,76,B06
Mongla,2016,10,159,B06
Mongla,2016,11,55,B06
Mongla,2016,12,0,B06
Satkhira,2016,1,3,B06
Satkhira,2016,2,136,B06
Satkhira,2016,3,7,B06
Satkhira,2016,4,14,B06
Satkhira,2016,5,235,B06
Satkhira,2016,6,184,B06
Satkhira,2016,7,226,B06
Satkhira,2016,8,202,B06
Satkhira,2016,9,131,B06
Satkhira,2016,10,167,B06
Satkhira,2016,11,40,B06
Satkhira,2016,12,0,B06
Barisal,2016,1,1,B06
Barisal,2016,2,31,B06
Barisal,2016,3,8,B06
Barisal,2016,4,51,B06
Barisal,2016,5,438,B06
Barisal,2016,6,318,B06
Barisal,2016,7,497,B06
Barisal,2016,8,574,B06
Barisal,2016,9,286,B06
Barisal,2016,10,55,B06
Barisal,2016,11,92,B06
Barisal,2016,12,0,B06
Bhola,2016,1,2,B06
Bhola,2016,2,31,B06
Bhola,2016,3,24,B06
Bhola,2016,4,34,B06
Bhola,2016,5,473,B06
Bhola,2016,6,328,B06
Bhola,2016,7,378,B06
Bhola,2016,8,567,B06
Bhola,2016,9,277,B06
Bhola,2016,10,173,B06
Bhola,2016,11,173,B06
Bhola,2016,12,0,B06
Khepupara,2016,1,6,B06
Khepupara,2016,2,13,B06
Khepupara,2016,3,3,B06
Khepupara,2016,4,22,B06
Khepupara,2016,5,582,B06
Khepupara,2016,6,367,B06
Khepupara,2016,7,770,B06
Khepupara,2016,8,424,B06
Khepupara,2016,9,225,B06
Khepupara,2016,10,219,B06
Khepupara,2016,11,153,B06
Khepupara,2016,12,0,B06
Patuakhali,2016,1,12,B06
Patuakhali,2016,2,53,B06
Patuakhali,2016,3,3,B06
Patuakhali,2016,4,42,B06
Patuakhali,2016,5,454,B06
Patuakhali,2016,6,387,B06
Patuakhali,2016,7,677,B06
Patuakhali,2016,8,521,B06
Patuakhali,2016,9,203,B06
Patuakhali,2016,10,254,B06
Patuakhali,2016,11,145,B06
Patuakhali,2016,12,0,B06
Chandpur,2016,1,0,B06
Chandpur,2016,2,33,B06
Chandpur,2016,3,12,B06
Chandpur,2016,4,19,B06
Chandpur,2016,5,520,B06
Chandpur,2016,6,296,B06
Chandpur,2016,7,539,B06
Chandpur,2016,8,510,B06
Chandpur,2016,9,151,B06
Chandpur,2016,10,135,B06
Chandpur,2016,11,135,B06
Chandpur,2016,12,0,B06
Teknaf,2016,1,0,B06
Teknaf,2016,2,0,B06
Teknaf,2016,3,20,B06
Teknaf,2016,4,22,B06
Teknaf,2016,5,346,B06
Teknaf,2016,6,867,B06
Teknaf,2016,7,1351,B06
Teknaf,2016,8,920,B06
Teknaf,2016,9,512,B06
Teknaf,2016,10,208,B06
Teknaf,2016,11,53,B06
Teknaf,2016,12,0,B06
Chittagong,2016,1,5,B06
Chittagong,2016,2,6,B06
Chittagong,2016,3,77,B06
Chittagong,2016,4,39,B06
Chittagong,2016,5,253,B06
Chittagong,2016,6,201,B06
Chittagong,2016,7,568,B06
Chittagong,2016,8,398,B06
Chittagong,2016,9,323,B06
Chittagong,2016,10,249,B06
Chittagong,2016,11,89,B06
Chittagong,2016,12,0,B06
Comilla,2016,1,1,B06
Comilla,2016,2,47,B06
Comilla,2016,3,72,B06
Comilla,2016,4,118,B06
Comilla,2016,5,448,B06
Comilla,2016,6,210,B06
Comilla,2016,7,557,B06
Comilla,2016,8,277,B06
Comilla,2016,9,143,B06
Comilla,2016,10,111,B06
Comilla,2016,11,190,B06
Comilla,2016,12,0,B06
Cox's Bazar,2016,1,0,B06
Cox's Bazar,2016,2,0,B06
Cox's Bazar,2016,3,25,B06
Cox's Bazar,2016,4,22,B06
Cox's Bazar,2016,5,359,B06
Cox's Bazar,2016,6,538,B06
Cox's Bazar,2016,7,1113,B06
Cox's Bazar,2016,8,472,B06
Cox's Bazar,2016,9,309,B06
Cox's Bazar,2016,10,418,B06
Cox's Bazar,2016,11,41,B06
Cox's Bazar,2016,12,0,B06
Feni,2016,1,0,B06
Feni,2016,2,51,B06
Feni,2016,3,116,B06
Feni,2016,4,25,B06
Feni,2016,5,450,B06
Feni,2016,6,428,B06
Feni,2016,7,634,B06
Feni,2016,8,439,B06
Feni,2016,9,439,B06
Feni,2016,10,323,B06
Feni,2016,11,186,B06
Feni,2016,12,0,B06
Hatiya,2016,1,4,B06
Hatiya,2016,2,34,B06
Hatiya,2016,3,50,B06
Hatiya,2016,4,40,B06
Hatiya,2016,5,314,B06
Hatiya,2016,6,430,B06
Hatiya,2016,7,984,B06
Hatiya,2016,8,637,B06
Hatiya,2016,9,348,B06
Hatiya,2016,10,589,B06
Hatiya,2016,11,238,B06
Hatiya,2016,12,0,B06
Kutubdia,2016,1,9,B06
Kutubdia,2016,2,4,B06
Kutubdia,2016,3,65,B06
Kutubdia,2016,4,14,B06
Kutubdia,2016,5,318,B06
Kutubdia,2016,6,329,B06
Kutubdia,2016,7,872,B06
Kutubdia,2016,8,573,B06
Kutubdia,2016,9,377,B06
Kutubdia,2016,10,262,B06
Kutubdia,2016,11,102,B06
Kutubdia,2016,12,0,B06
Maijdi Court,2016,1,2,B06
Maijdi Court,2016,2,32,B06
Maijdi Court,2016,3,83,B06
Maijdi Court,2016,4,63,B06
Maijdi Court,2016,5,467,B06
Maijdi Court,2016,6,304,B06
Maijdi Court,2016,7,564,B06
Maijdi Court,2016,8,528,B06
Maijdi Court,2016,9,340,B06
Maijdi Court,2016,10,285,B06
Maijdi Court,2016,11,170,B06
Maijdi Court,2016,12,0,B06
Rangamati,2016,1,3,B06
Rangamati,2016,2,85,B06
Rangamati,2016,3,11,B06
Rangamati,2016,4,29,B06
Rangamati,2016,5,274,B06
Rangamati,2016,6,513,B06
Rangamati,2016,7,405,B06
Rangamati,2016,8,239,B06
Rangamati,2016,9,214,B06
Rangamati,2016,10,139,B06
Rangamati,2016,11,120,B06
Rangamati,2016,12,0,B06
Sandwip,2016,1,3,B06
Sandwip,2016,2,13,B06
Sandwip,2016,3,161,B06
Sandwip,2016,4,34,B06
Sandwip,2016,5,360,B06
Sandwip,2016,6,392,B06
Sandwip,2016,7,1095,B06
Sandwip,2016,8,565,B06
Sandwip,2016,9,434,B06
Sandwip,2016,10,431,B06
Sandwip,2016,11,255,B06
Sandwip,2016,12,0,B06
Sitakunda,2016,1,3,B06
Sitakunda,2016,2,285,B06
Sitakunda,2016,3,55,B06
Sitakunda,2016,4,65,B06
Sitakunda,2016,5,328,B06
Sitakunda,2016,6,323,B06
Sitakunda,2016,7,631,B06
Sitakunda,2016,8,359,B06
Sitakunda,2016,9,378,B06
Sitakunda,2016,10,217,B06
Sitakunda,2016,11,109,B06
Sitakunda,2016,12,0,B06
Ambagan (Ctg),2016,1,2,B06
Ambagan (Ctg),2016,2,17,B06
Ambagan (Ctg),2016,3,65,B06
Ambagan (Ctg),2016,4,36,B06
Ambagan (Ctg),2016,5,274,B06
Ambagan (Ctg),2016,6,268,B06
Ambagan (Ctg),2016,7,583,B06
Ambagan (Ctg),2016,8,390,B06
Ambagan (Ctg),2016,9,386,B06
Ambagan (Ctg),2016,10,157,B06
Ambagan (Ctg),2016,11,96,B06
Ambagan (Ctg),2016,12,0,B06
Dhaka,2017,1,0,B06
Dhaka,2017,2,2,B06
Dhaka,2017,3,100,B06
Dhaka,2017,4,228,B06
Dhaka,2017,5,188,B06
Dhaka,2017,6,414,B06
Dhaka,2017,7,584,B06
Dhaka,2017,8,544,B06
Dhaka,2017,9,381,B06
Dhaka,2017,10,412,B06
Dhaka,2017,11,6,B06
Dhaka,2017,12,33,B06
Tangail,2017,1,0,B06
Tangail,2017,2,1,B06
Tangail,2017,3,61,B06
Tangail,2017,4,256,B06
Tangail,2017,5,242,B06
Tangail,2017,6,272,B06
Tangail,2017,7,503,B06
Tangail,2017,8,469,B06
Tangail,2017,9,290,B06
Tangail,2017,10,376,B06
Tangail,2017,11,17,B06
Tangail,2017,12,46,B06
Mymensingh,2017,1,0,B06
Mymensingh,2017,2,0,B06
Mymensingh,2017,3,164,B06
Mymensingh,2017,4,319,B06
Mymensingh,2017,5,316,B06
Mymensingh,2017,6,530,B06
Mymensingh,2017,7,368,B06
Mymensingh,2017,8,436,B06
Mymensingh,2017,9,309,B06
Mymensingh,2017,10,341,B06
Mymensingh,2017,11,25,B06
Mymensingh,2017,12,34,B06
Faridpur,2017,1,0,B06
Faridpur,2017,2,0,B06
Faridpur,2017,3,83,B06
Faridpur,2017,4,152,B06
Faridpur,2017,5,195,B06
Faridpur,2017,6,313,B06
Faridpur,2017,7,500,B06
Faridpur,2017,8,321,B06
Faridpur,2017,9,219,B06
Faridpur,2017,10,291,B06
Faridpur,2017,11,14,B06
Faridpur,2017,12,29,B06
Madaripur,2017,1,0,B06
Madaripur,2017,2,0,B06
Madaripur,2017,3,105,B06
Madaripur,2017,4,312,B06
Madaripur,2017,5,212,B06
Madaripur,2017,6,417,B06
Madaripur,2017,7,471,B06
Madaripur,2017,8,477,B06
Madaripur,2017,9,264,B06
Madaripur,2017,10,422,B06
Madaripur,2017,11,17,B06
Madaripur,2017,12,45,B06
Srimangal,2017,1,0,B06
Srimangal,2017,2,1,B06
Srimangal,2017,3,237,B06
Srimangal,2017,4,641,B06
Srimangal,2017,5,362,B06
Srimangal,2017,6,925,B06
Srimangal,2017,7,237,B06
Srimangal,2017,8,462,B06
Srimangal,2017,9,463,B06
Srimangal,2017,10,355,B06
Srimangal,2017,11,12,B06
Srimangal,2017,12,118,B06
Sylhet,2017,1,0,B06
Sylhet,2017,2,137,B06
Sylhet,2017,3,344,B06
Sylhet,2017,4,874,B06
Sylhet,2017,5,629,B06
Sylhet,2017,6,1047,B06
Sylhet,2017,7,774,B06
Sylhet,2017,8,1155,B06
Sylhet,2017,9,571,B06
Sylhet,2017,10,318,B06
Sylhet,2017,11,3,B06
Sylhet,2017,12,92,B06
Bogura,2017,1,0,B06
Bogura,2017,2,0,B06
Bogura,2017,3,99,B06
Bogura,2017,4,164,B06
Bogura,2017,5,386,B06
Bogura,2017,6,242,B06
Bogura,2017,7,504,B06
Bogura,2017,8,252,B06
Bogura,2017,9,259,B06
Bogura,2017,10,239,B06
Bogura,2017,11,3,B06
Bogura,2017,12,15,B06
Dinajpur,2017,1,5,B06
Dinajpur,2017,2,0,B06
Dinajpur,2017,3,102,B06
Dinajpur,2017,4,192,B06
Dinajpur,2017,5,175,B06
Dinajpur,2017,6,159,B06
Dinajpur,2017,7,195,B06
Dinajpur,2017,8,655,B06
Dinajpur,2017,9,125,B06
Dinajpur,2017,10,144,B06
Dinajpur,2017,11,0,B06
Dinajpur,2017,12,0,B06
Ishurdi,2017,1,1,B06
Ishurdi,2017,2,0,B06
Ishurdi,2017,3,21,B06
Ishurdi,2017,4,118,B06
Ishurdi,2017,5,111,B06
Ishurdi,2017,6,159,B06
Ishurdi,2017,7,456,B06
Ishurdi,2017,8,274,B06
Ishurdi,2017,9,278,B06
Ishurdi,2017,10,323,B06
Ishurdi,2017,11,19,B06
Ishurdi,2017,12,39,B06
Rajshahi,2017,1,2,B06
Rajshahi,2017,2,0,B06
Rajshahi,2017,3,45,B06
Rajshahi,2017,4,80,B06
Rajshahi,2017,5,193,B06
Rajshahi,2017,6,141,B06
Rajshahi,2017,7,393,B06
Rajshahi,2017,8,219,B06
Rajshahi,2017,9,132,B06
Rajshahi,2017,10,237,B06
Rajshahi,2017,11,5,B06
Rajshahi,2017,12,20,B06
Rangpur,2017,1,3,B06
Rangpur,2017,2,0,B06
Rangpur,2017,3,120,B06
Rangpur,2017,4,172,B06
Rangpur,2017,5,358,B06
Rangpur,2017,6,97,B06
Rangpur,2017,7,344,B06
Rangpur,2017,8,547,B06
Rangpur,2017,9,105,B06
Rangpur,2017,10,146,B06
Rangpur,2017,11,0,B06
Rangpur,2017,12,0,B06
Sayedpur,2017,1,3,B06
Sayedpur,2017,2,0,B06
Sayedpur,2017,3,50,B06
Sayedpur,2017,4,178,B06
Sayedpur,2017,5,260,B06
Sayedpur,2017,6,255,B06
Sayedpur,2017,7,335,B06
Sayedpur,2017,8,739,B06
Sayedpur,2017,9,107,B06
Sayedpur,2017,10,200,B06
Sayedpur,2017,11,0,B06
Sayedpur,2017,12,0,B06
Chuadanga,2017,1,0,B06
Chuadanga,2017,2,0,B06
Chuadanga,2017,3,9,B06
Chuadanga,2017,4,157,B06
Chuadanga,2017,5,240,B06
Chuadanga,2017,6,132,B06
Chuadanga,2017,7,377,B06
Chuadanga,2017,8,199,B06
Chuadanga,2017,9,88,B06
Chuadanga,2017,10,251,B06
Chuadanga,2017,11,26,B06
Chuadanga,2017,12,53,B06
Jessore,2017,1,0,B06
Jessore,2017,2,0,B06
Jessore,2017,3,24,B06
Jessore,2017,4,138,B06
Jessore,2017,5,186,B06
Jessore,2017,6,245,B06
Jessore,2017,7,663,B06
Jessore,2017,8,311,B06
Jessore,2017,9,172,B06
Jessore,2017,10,383,B06
Jessore,2017,11,26,B06
Jessore,2017,12,30,B06
Khulna,2017,1,0,B06
Khulna,2017,2,2,B06
Khulna,2017,3,59,B06
Khulna,2017,4,99,B06
Khulna,2017,5,200,B06
Khulna,2017,6,356,B06
Khulna,2017,7,690,B06
Khulna,2017,8,313,B06
Khulna,2017,9,175,B06
Khulna,2017,10,322,B06
Khulna,2017,11,19,B06
Khulna,2017,12,51,B06
Mongla,2017,1,0,B06
Mongla,2017,2,0,B06
Mongla,2017,3,81,B06
Mongla,2017,4,55,B06
Mongla,2017,5,115,B06
Mongla,2017,6,335,B06
Mongla,2017,7,534,B06
Mongla,2017,8,355,B06
Mongla,2017,9,207,B06
Mongla,2017,10,342,B06
Mongla,2017,11,17,B06
Mongla,2017,12,59,B06
Satkhira,2017,1,0,B06
Satkhira,2017,2,0,B06
Satkhira,2017,3,48,B06
Satkhira,2017,4,19,B06
Satkhira,2017,5,144,B06
Satkhira,2017,6,275,B06
Satkhira,2017,7,591,B06
Satkhira,2017,8,238,B06
Satkhira,2017,9,209,B06
Satkhira,2017,10,323,B06
Satkhira,2017,11,26,B06
Satkhira,2017,12,58,B06
Barisal,2017,1,0,B06
Barisal,2017,2,0,B06
Barisal,2017,3,59,B06
Barisal,2017,4,364,B06
Barisal,2017,5,118,B06
Barisal,2017,6,505,B06
Barisal,2017,7,550,B06
Barisal,2017,8,342,B06
Barisal,2017,9,228,B06
Barisal,2017,10,387,B06
Barisal,2017,11,14,B06
Barisal,2017,12,57,B06
Bhola,2017,1,0,B06
Bhola,2017,2,0,B06
Bhola,2017,3,130,B06
Bhola,2017,4,315,B06
Bhola,2017,5,99,B06
Bhola,2017,6,385,B06
Bhola,2017,7,551,B06
Bhola,2017,8,395,B06
Bhola,2017,9,274,B06
Bhola,2017,10,238,B06
Bhola,2017,11,17,B06
Bhola,2017,12,93,B06
Khepupara,2017,1,0,B06
Khepupara,2017,2,0,B06
Khepupara,2017,3,150,B06
Khepupara,2017,4,84,B06
Khepupara,2017,5,82,B06
Khepupara,2017,6,509,B06
Khepupara,2017,7,1079,B06
Khepupara,2017,8,344,B06
Khepupara,2017,9,574,B06
Khepupara,2017,10,444,B06
Khepupara,2017,11,23,B06
Khepupara,2017,12,55,B06
Patuakhali,2017,1,0,B06
Patuakhali,2017,2,0,B06
Patuakhali,2017,3,119,B06
Patuakhali,2017,4,249,B06
Patuakhali,2017,5,65,B06
Patuakhali,2017,6,368,B06
Patuakhali,2017,7,743,B06
Patuakhali,2017,8,530,B06
Patuakhali,2017,9,272,B06
Patuakhali,2017,10,416,B06
Patuakhali,2017,11,17,B06
Patuakhali,2017,12,52,B06
Chandpur,2017,1,0,B06
Chandpur,2017,2,1,B06
Chandpur,2017,3,147,B06
Chandpur,2017,4,230,B06
Chandpur,2017,5,197,B06
Chandpur,2017,6,435,B06
Chandpur,2017,7,647,B06
Chandpur,2017,8,557,B06
Chandpur,2017,9,379,B06
Chandpur,2017,10,274,B06
Chandpur,2017,11,14,B06
Chandpur,2017,12,125,B06
Teknaf,2017,1,0,B06
Teknaf,2017,2,0,B06
Teknaf,2017,3,128,B06
Teknaf,2017,4,163,B06
Teknaf,2017,5,166,B06
Teknaf,2017,6,856,B06
Teknaf,2017,7,1409,B06
Teknaf,2017,8,767,B06
Teknaf,2017,9,488,B06
Teknaf,2017,10,164,B06
Teknaf,2017,11,9,B06
Teknaf,2017,12,28,B06
Chittagong,2017,1,0,B06
Chittagong,2017,2,0,B06
Chittagong,2017,3,102,B06
Chittagong,2017,4,296,B06
Chittagong,2017,5,275,B06
Chittagong,2017,6,845,B06
Chittagong,2017,7,1008,B06
Chittagong,2017,8,523,B06
Chittagong,2017,9,560,B06
Chittagong,2017,10,123,B06
Chittagong,2017,11,2,B06
Chittagong,2017,12,17,B06
Comilla,2017,1,0,B06
Comilla,2017,2,8,B06
Comilla,2017,3,231,B06
Comilla,2017,4,361,B06
Comilla,2017,5,222,B06
Comilla,2017,6,432,B06
Comilla,2017,7,676,B06
Comilla,2017,8,526,B06
Comilla,2017,9,282,B06
Comilla,2017,10,274,B06
Comilla,2017,11,5,B06
Comilla,2017,12,162,B06
Cox's Bazar,2017,1,0,B06
Cox's Bazar,2017,2,0,B06
Cox's Bazar,2017,3,216,B06
Cox's Bazar,2017,4,361,B06
Cox's Bazar,2017,5,143,B06
Cox's Bazar,2017,6,541,B06
Cox's Bazar,2017,7,1437,B06
Cox's Bazar,2017,8,531,B06
Cox's Bazar,2017,9,524,B06
Cox's Bazar,2017,10,149,B06
Cox's Bazar,2017,11,13,B06
Cox's Bazar,2017,12,36,B06
Feni,2017,1,0,B06
Feni,2017,2,0,B06
Feni,2017,3,169,B06
Feni,2017,4,446,B06
Feni,2017,5,220,B06
Feni,2017,6,773,B06
Feni,2017,7,1032,B06
Feni,2017,8,603,B06
Feni,2017,9,643,B06
Feni,2017,10,492,B06
Feni,2017,11,4,B06
Feni,2017,12,94,B06
Hatiya,2017,1,0,B06
Hatiya,2017,2,0,B06
Hatiya,2017,3,136,B06
Hatiya,2017,4,379,B06
Hatiya,2017,5,192,B06
Hatiya,2017,6,553,B06
Hatiya,2017,7,1170,B06
Hatiya,2017,8,691,B06
Hatiya,2017,9,650,B06
Hatiya,2017,10,420,B06
Hatiya,2017,11,3,B06
Hatiya,2017,12,41,B06
Kutubdia,2017,1,0,B06
Kutubdia,2017,2,0,B06
Kutubdia,2017,3,169,B06
Kutubdia,2017,4,270,B06
Kutubdia,2017,5,187,B06
Kutubdia,2017,6,639,B06
Kutubdia,2017,7,1188,B06
Kutubdia,2017,8,444,B06
Kutubdia,2017,9,615,B06
Kutubdia,2017,10,170,B06
Kutubdia,2017,11,9,B06
Kutubdia,2017,12,30,B06
Maijdi Court,2017,1,0,B06
Maijdi Court,2017,2,36,B06
Maijdi Court,2017,3,194,B06
Maijdi Court,2017,4,318,B06
Maijdi Court,2017,5,288,B06
Maijdi Court,2017,6,522,B06
Maijdi Court,2017,7,994,B06
Maijdi Court,2017,8,606,B06
Maijdi Court,2017,9,439,B06
Maijdi Court,2017,10,415,B06
Maijdi Court,2017,11,13,B06
Maijdi Court,2017,12,77,B06
Rangamati,2017,1,0,B06
Rangamati,2017,2,0,B06
Rangamati,2017,3,108,B06
Rangamati,2017,4,388,B06
Rangamati,2017,5,186,B06
Rangamati,2017,6,1189,B06
Rangamati,2017,7,684,B06
Rangamati,2017,8,629,B06
Rangamati,2017,9,428,B06
Rangamati,2017,10,159,B06
Rangamati,2017,11,18,B06
Rangamati,2017,12,30,B06
Sandwip,2017,1,0,B06
Sandwip,2017,2,0,B06
Sandwip,2017,3,190,B06
Sandwip,2017,4,368,B06
Sandwip,2017,5,331,B06
Sandwip,2017,6,871,B06
Sandwip,2017,7,1209,B06
Sandwip,2017,8,714,B06
Sandwip,2017,9,994,B06
Sandwip,2017,10,357,B06
Sandwip,2017,11,1,B06
Sandwip,2017,12,37,B06
Sitakunda,2017,1,0,B06
Sitakunda,2017,2,0,B06
Sitakunda,2017,3,119,B06
Sitakunda,2017,4,419,B06
Sitakunda,2017,5,239,B06
Sitakunda,2017,6,949,B06
Sitakunda,2017,7,1313,B06
Sitakunda,2017,8,772,B06
Sitakunda,2017,9,835,B06
Sitakunda,2017,10,179,B06
Sitakunda,2017,11,1,B06
Sitakunda,2017,12,42,B06
Ambagan (Ctg),2017,1,0,B06
Ambagan (Ctg),2017,2,0,B06
Ambagan (Ctg),2017,3,120,B06
Ambagan (Ctg),2017,4,419,B06
Ambagan (Ctg),2017,5,333,B06
Ambagan (Ctg),2017,6,753,B06
Ambagan (Ctg),2017,7,1036,B06
Ambagan (Ctg),2017,8,432,B06
Ambagan (Ctg),2017,9,593,B06
Ambagan (Ctg),2017,10,210,B06
Ambagan (Ctg),2017,11,0,B06
Ambagan (Ctg),2017,12,29,B06
Dhaka,2018,1,0,B06
Dhaka,2018,2,20,B06
Dhaka,2018,3,3,B06
Dhaka,2018,4,309,B06
Dhaka,2018,5,392,B06
Dhaka,2018,6,366,B06
Dhaka,2018,7,354,B06
Dhaka,2018,8,141,B06
Dhaka,2018,9,76,B06
Dhaka,2018,10,45,B06
Dhaka,2018,11,13,B06
Dhaka,2018,12,13,B06
Tangail,2018,1,0,B06
Tangail,2018,2,40,B06
Tangail,2018,3,24,B06
Tangail,2018,4,211,B06
Tangail,2018,5,336,B06
Tangail,2018,6,218,B06
Tangail,2018,7,329,B06
Tangail,2018,8,174,B06
Tangail,2018,9,202,B06
Tangail,2018,10,77,B06
Tangail,2018,11,5,B06
Tangail,2018,12,23,B06
Mymensingh,2018,1,0,B06
Mymensingh,2018,2,10,B06
Mymensingh,2018,3,28,B06
Mymensingh,2018,4,238,B06
Mymensingh,2018,5,531,B06
Mymensingh,2018,6,303,B06
Mymensingh,2018,7,302,B06
Mymensingh,2018,8,193,B06
Mymensingh,2018,9,351,B06
Mymensingh,2018,10,121,B06
Mymensingh,2018,11,36,B06
Mymensingh,2018,12,18,B06
Faridpur,2018,1,0,B06
Faridpur,2018,2,4,B06
Faridpur,2018,3,6,B06
Faridpur,2018,4,222,B06
Faridpur,2018,5,258,B06
Faridpur,2018,6,224,B06
Faridpur,2018,7,422,B06
Faridpur,2018,8,83,B06
Faridpur,2018,9,143,B06
Faridpur,2018,10,68,B06
Faridpur,2018,11,22,B06
Faridpur,2018,12,13,B06
Madaripur,2018,1,0,B06
Madaripur,2018,2,1,B06
Madaripur,2018,3,1,B06
Madaripur,2018,4,143,B06
Madaripur,2018,5,378,B06
Madaripur,2018,6,413,B06
Madaripur,2018,7,457,B06
Madaripur,2018,8,212,B06
Madaripur,2018,9,168,B06
Madaripur,2018,10,69,B06
Madaripur,2018,11,9,B06
Madaripur,2018,12,10,B06
Srimangal,2018,1,34,B06
Srimangal,2018,2,19,B06
Srimangal,2018,3,49,B06
Srimangal,2018,4,173,B06
Srimangal,2018,5,635,B06
Srimangal,2018,6,383,B06
Srimangal,2018,7,183,B06
Srimangal,2018,8,366,B06
Srimangal,2018,9,174,B06
Srimangal,2018,10,118,B06
Srimangal,2018,11,2,B06
Srimangal,2018,12,50,B06
Sylhet,2018,1,0,B06
Sylhet,2018,2,39,B06
Sylhet,2018,3,94,B06
Sylhet,2018,4,330,B06
Sylhet,2018,5,583,B06
Sylhet,2018,6,789,B06
Sylhet,2018,7,677,B06
Sylhet,2018,8,410,B06
Sylhet,2018,9,452,B06
Sylhet,2018,10,139,B06
Sylhet,2018,11,39,B06
Sylhet,2018,12,29,B06
Bogura,2018,1,0,B06
Bogura,2018,2,35,B06
Bogura,2018,3,28,B06
Bogura,2018,4,128,B06
Bogura,2018,5,371,B06
Bogura,2018,6,255,B06
Bogura,2018,7,406,B06
Bogura,2018,8,177,B06
Bogura,2018,9,162,B06
Bogura,2018,10,70,B06
Bogura,2018,11,0,B06
Bogura,2018,12,18,B06
Dinajpur,2018,1,0,B06
Dinajpur,2018,2,0,B06
Dinajpur,2018,3,29,B06
Dinajpur,2018,4,70,B06
Dinajpur,2018,5,155,B06
Dinajpur,2018,6,124,B06
Dinajpur,2018,7,165,B06
Dinajpur,2018,8,164,B06
Dinajpur,2018,9,195,B06
Dinajpur,2018,10,8,B06
Dinajpur,2018,11,0,B06
Dinajpur,2018,12,10,B06
Ishurdi,2018,1,0,B06
Ishurdi,2018,2,9,B06
Ishurdi,2018,3,47,B06
Ishurdi,2018,4,220,B06
Ishurdi,2018,5,190,B06
Ishurdi,2018,6,149,B06
Ishurdi,2018,7,426,B06
Ishurdi,2018,8,90,B06
Ishurdi,2018,9,73,B06
Ishurdi,2018,10,94,B06
Ishurdi,2018,11,4,B06
Ishurdi,2018,12,19,B06
Rajshahi,2018,1,0,B06
Rajshahi,2018,2,12,B06
Rajshahi,2018,3,9,B06
Rajshahi,2018,4,75,B06
Rajshahi,2018,5,176,B06
Rajshahi,2018,6,139,B06
Rajshahi,2018,7,238,B06
Rajshahi,2018,8,84,B06
Rajshahi,2018,9,119,B06
Rajshahi,2018,10,87,B06
Rajshahi,2018,11,0,B06
Rajshahi,2018,12,17,B06
Rangpur,2018,1,0,B06
Rangpur,2018,2,0,B06
Rangpur,2018,3,13,B06
Rangpur,2018,4,151,B06
Rangpur,2018,5,365,B06
Rangpur,2018,6,347,B06
Rangpur,2018,7,169,B06
Rangpur,2018,8,213,B06
Rangpur,2018,9,144,B06
Rangpur,2018,10,33,B06
Rangpur,2018,11,0,B06
Rangpur,2018,12,7,B06
Sayedpur,2018,1,0,B06
Sayedpur,2018,2,0,B06
Sayedpur,2018,3,25,B06
Sayedpur,2018,4,171,B06
Sayedpur,2018,5,144,B06
Sayedpur,2018,6,416,B06
Sayedpur,2018,7,207,B06
Sayedpur,2018,8,256,B06
Sayedpur,2018,9,245,B06
Sayedpur,2018,10,20,B06
Sayedpur,2018,11,0,B06
Sayedpur,2018,12,9,B06
Chuadanga,2018,1,0,B06
Chuadanga,2018,2,3,B06
Chuadanga,2018,3,1,B06
Chuadanga,2018,4,105,B06
Chuadanga,2018,5,175,B06
Chuadanga,2018,6,216,B06
Chuadanga,2018,7,376,B06
Chuadanga,2018,8,155,B06
Chuadanga,2018,9,112,B06
Chuadanga,2018,10,55,B06
Chuadanga,2018,11,0,B06
Chuadanga,2018,12,25,B06
Jessore,2018,1,0,B06
Jessore,2018,2,3,B06
Jessore,2018,3,11,B06
Jessore,2018,4,186,B06
Jessore,2018,5,148,B06
Jessore,2018,6,101,B06
Jessore,2018,7,412,B06
Jessore,2018,8,130,B06
Jessore,2018,9,76,B06
Jessore,2018,10,63,B06
Jessore,2018,11,1,B06
Jessore,2018,12,11,B06
Khulna,2018,1,0,B06
Khulna,2018,2,0,B06
Khulna,2018,3,1,B06
Khulna,2018,4,64,B06
Khulna,2018,5,226,B06
Khulna,2018,6,266,B06
Khulna,2018,7,264,B06
Khulna,2018,8,107,B06
Khulna,2018,9,106,B06
Khulna,2018,10,36,B06
Khulna,2018,11,0,B06
Khulna,2018,12,3,B06
Mongla,2018,1,0,B06
Mongla,2018,2,0,B06
Mongla,2018,3,1,B06
Mongla,2018,4,69,B06
Mongla,2018,5,254,B06
Mongla,2018,6,526,B06
Mongla,2018,7,388,B06
Mongla,2018,8,254,B06
Mongla,2018,9,177,B06
Mongla,2018,10,100,B06
Mongla,2018,11,0,B06
Mongla,2018,12,2,B06
Satkhira,2018,1,0,B06
Satkhira,2018,2,0,B06
Satkhira,2018,3,0,B06
Satkhira,2018,4,50,B06
Satkhira,2018,5,162,B06
Satkhira,2018,6,273,B06
Satkhira,2018,7,246,B06
Satkhira,2018,8,279,B06
Satkhira,2018,9,167,B06
Satkhira,2018,10,105,B06
Satkhira,2018,11,0,B06
Satkhira,2018,12,10,B06
Barisal,2018,1,0,B06
Barisal,2018,2,0,B06
Barisal,2018,3,9,B06
Barisal,2018,4,139,B06
Barisal,2018,5,259,B06
Barisal,2018,6,331,B06
Barisal,2018,7,294,B06
Barisal,2018,8,189,B06
Barisal,2018,9,82,B06
Barisal,2018,10,110,B06
Barisal,2018,11,1,B06
Barisal,2018,12,4,B06
Bhola,2018,1,0,B06
Bhola,2018,2,0,B06
Bhola,2018,3,2,B06
Bhola,2018,4,107,B06
Bhola,2018,5,300,B06
Bhola,2018,6,393,B06
Bhola,2018,7,286,B06
Bhola,2018,8,185,B06
Bhola,2018,9,124,B06
Bhola,2018,10,115,B06
Bhola,2018,11,0,B06
Bhola,2018,12,1,B06
Khepupara,2018,1,0,B06
Khepupara,2018,2,0,B06
Khepupara,2018,3,0,B06
Khepupara,2018,4,22,B06
Khepupara,2018,5,246,B06
Khepupara,2018,6,797,B06
Khepupara,2018,7,1010,B06
Khepupara,2018,8,325,B06
Khepupara,2018,9,294,B06
Khepupara,2018,10,260,B06
Khepupara,2018,11,6,B06
Khepupara,2018,12,1,B06
Patuakhali,2018,1,0,B06
Patuakhali,2018,2,0,B06
Patuakhali,2018,3,1,B06
Patuakhali,2018,4,125,B06
Patuakhali,2018,5,239,B06
Patuakhali,2018,6,396,B06
Patuakhali,2018,7,485,B06
Patuakhali,2018,8,339,B06
Patuakhali,2018,9,106,B06
Patuakhali,2018,10,201,B06
Patuakhali,2018,11,10,B06
Patuakhali,2018,12,0,B06
Chandpur,2018,1,0,B06
Chandpur,2018,2,2,B06
Chandpur,2018,3,5,B06
Chandpur,2018,4,166,B06
Chandpur,2018,5,451,B06
Chandpur,2018,6,541,B06
Chandpur,2018,7,420,B06
Chandpur,2018,8,220,B06
Chandpur,2018,9,79,B06
Chandpur,2018,10,73,B06
Chandpur,2018,11,14,B06
Chandpur,2018,12,2,B06
Teknaf,2018,1,92,B06
Teknaf,2018,2,0,B06
Teknaf,2018,3,0,B06
Teknaf,2018,4,12,B06
Teknaf,2018,5,181,B06
Teknaf,2018,6,1001,B06
Teknaf,2018,7,1288,B06
Teknaf,2018,8,502,B06
Teknaf,2018,9,244,B06
Teknaf,2018,10,593,B06
Teknaf,2018,11,5,B06
Teknaf,2018,12,10,B06
Chittagong,2018,1,13,B06
Chittagong,2018,2,0,B06
Chittagong,2018,3,20,B06
Chittagong,2018,4,72,B06
Chittagong,2018,5,388,B06
Chittagong,2018,6,667,B06
Chittagong,2018,7,807,B06
Chittagong,2018,8,325,B06
Chittagong,2018,9,148,B06
Chittagong,2018,10,306,B06
Chittagong,2018,11,2,B06
Chittagong,2018,12,4,B06
Comilla,2018,1,0,B06
Comilla,2018,2,0,B06
Comilla,2018,3,21,B06
Comilla,2018,4,214,B06
Comilla,2018,5,406,B06
Comilla,2018,6,516,B06
Comilla,2018,7,268,B06
Comilla,2018,8,117,B06
Comilla,2018,9,121,B06
Comilla,2018,10,42,B06
Comilla,2018,11,0,B06
Comilla,2018,12,7,B06
Cox's Bazar,2018,1,26,B06
Cox's Bazar,2018,2,0,B06
Cox's Bazar,2018,3,0,B06
Cox's Bazar,2018,4,56,B06
Cox's Bazar,2018,5,172,B06
Cox's Bazar,2018,6,984,B06
Cox's Bazar,2018,7,1246,B06
Cox's Bazar,2018,8,398,B06
Cox's Bazar,2018,9,341,B06
Cox's Bazar,2018,10,395,B06
Cox's Bazar,2018,11,8,B06
Cox's Bazar,2018,12,8,B06
Feni,2018,1,0,B06
Feni,2018,2,2,B06
Feni,2018,3,16,B06
Feni,2018,4,222,B06
Feni,2018,5,418,B06
Feni,2018,6,623,B06
Feni,2018,7,572,B06
Feni,2018,8,523,B06
Feni,2018,9,196,B06
Feni,2018,10,89,B06
Feni,2018,11,0,B06
Feni,2018,12,1,B06
Hatiya,2018,1,0,B06
Hatiya,2018,2,0,B06
Hatiya,2018,3,1,B06
Hatiya,2018,4,73,B06
Hatiya,2018,5,394,B06
Hatiya,2018,6,616,B06
Hatiya,2018,7,736,B06
Hatiya,2018,8,291,B06
Hatiya,2018,9,226,B06
Hatiya,2018,10,309,B06
Hatiya,2018,11,7,B06
Hatiya,2018,12,5,B06
Kutubdia,2018,1,11,B06
Kutubdia,2018,2,0,B06
Kutubdia,2018,3,0,B06
Kutubdia,2018,4,90,B06
Kutubdia,2018,5,273,B06
Kutubdia,2018,6,737,B06
Kutubdia,2018,7,744,B06
Kutubdia,2018,8,435,B06
Kutubdia,2018,9,319,B06
Kutubdia,2018,10,365,B06
Kutubdia,2018,11,4,B06
Kutubdia,2018,12,18,B06
Maijdi Court,2018,1,0,B06
Maijdi Court,2018,2,2,B06
Maijdi Court,2018,3,1,B06
Maijdi Court,2018,4,162,B06
Maijdi Court,2018,5,406,B06
Maijdi Court,2018,6,519,B06
Maijdi Court,2018,7,705,B06
Maijdi Court,2018,8,327,B06
Maijdi Court,2018,9,164,B06
Maijdi Court,2018,10,101,B06
Maijdi Court,2018,11,0,B06
Maijdi Court,2018,12,1,B06
Rangamati,2018,1,6,B06
Rangamati,2018,2,0,B06
Rangamati,2018,3,4,B06
Rangamati,2018,4,236,B06
Rangamati,2018,5,291,B06
Rangamati,2018,6,1037,B06
Rangamati,2018,7,504,B06
Rangamati,2018,8,281,B06
Rangamati,2018,9,336,B06
Rangamati,2018,10,257,B06
Rangamati,2018,11,0,B06
Rangamati,2018,12,35,B06
Sandwip,2018,1,1,B06
Sandwip,2018,2,3,B06
Sandwip,2018,3,0,B06
Sandwip,2018,4,166,B06
Sandwip,2018,5,473,B06
Sandwip,2018,6,904,B06
Sandwip,2018,7,1272,B06
Sandwip,2018,8,621,B06
Sandwip,2018,9,239,B06
Sandwip,2018,10,251,B06
Sandwip,2018,11,0,B06
Sandwip,2018,12,0,B06
Sitakunda,2018,1,18,B06
Sitakunda,2018,2,0,B06
Sitakunda,2018,3,0,B06
Sitakunda,2018,4,246,B06
Sitakunda,2018,5,279,B06
Sitakunda,2018,6,1025,B06
Sitakunda,2018,7,1114,B06
Sitakunda,2018,8,454,B06
Sitakunda,2018,9,170,B06
Sitakunda,2018,10,218,B06
Sitakunda,2018,11,0,B06
Sitakunda,2018,12,3,B06
Ambagan (Ctg),2018,1,13,B06
Ambagan (Ctg),2018,2,0,B06
Ambagan (Ctg),2018,3,12,B06
Ambagan (Ctg),2018,4,115,B06
Ambagan (Ctg),2018,5,348,B06
Ambagan (Ctg),2018,6,791,B06
Ambagan (Ctg),2018,7,751,B06
Ambagan (Ctg),2018,8,330,B06
Ambagan (Ctg),2018,9,152,B06
Ambagan (Ctg),2018,10,496,B06
Ambagan (Ctg),2018,11,2,B06
Ambagan (Ctg),2018,12,22,B06
Dhaka,2019,1,1,B06
Dhaka,2019,2,115,B06
Dhaka,2019,3,39,B06
Dhaka,2019,4,212,B06
Dhaka,2019,5,231,B06
Dhaka,2019,6,242,B06
Dhaka,2019,7,383,B06
Dhaka,2019,8,223,B06
Dhaka,2019,9,161,B06
Dhaka,2019,10,188,B06
Dhaka,2019,11,37,B06
Dhaka,2019,12,5,B06
Tangail,2019,1,0,B06
Tangail,2019,2,52,B06
Tangail,2019,3,17,B06
Tangail,2019,4,195,B06
Tangail,2019,5,295,B06
Tangail,2019,6,327,B06
Tangail,2019,7,484,B06
Tangail,2019,8,158,B06
Tangail,2019,9,149,B06
Tangail,2019,10,150,B06
Tangail,2019,11,20,B06
Tangail,2019,12,6,B06
Mymensingh,2019,1,0,B06
Mymensingh,2019,2,32,B06
Mymensingh,2019,3,6,B06
Mymensingh,2019,4,84,B06
Mymensingh,2019,5,337,B06
Mymensingh,2019,6,402,B06
Mymensingh,2019,7,603,B06
Mymensingh,2019,8,118,B06
Mymensingh,2019,9,181,B06
Mymensingh,2019,10,205,B06
Mymensingh,2019,11,14,B06
Mymensingh,2019,12,2,B06
Faridpur,2019,1,0,B06
Faridpur,2019,2,94,B06
Faridpur,2019,3,10,B06
Faridpur,2019,4,72,B06
Faridpur,2019,5,164,B06
Faridpur,2019,6,105,B06
Faridpur,2019,7,284,B06
Faridpur,2019,8,223,B06
Faridpur,2019,9,117,B06
Faridpur,2019,10,113,B06
Faridpur,2019,11,39,B06
Faridpur,2019,12,9,B06
Madaripur,2019,1,0,B06
Madaripur,2019,2,134,B06
Madaripur,2019,3,89,B06
Madaripur,2019,4,71,B06
Madaripur,2019,5,143,B06
Madaripur,2019,6,212,B06
Madaripur,2019,7,310,B06
Madaripur,2019,8,354,B06
Madaripur,2019,9,214,B06
Madaripur,2019,10,171,B06
Madaripur,2019,11,113,B06
Madaripur,2019,12,4,B06
Srimangal,2019,1,0,B06
Srimangal,2019,2,42,B06
Srimangal,2019,3,34,B06
Srimangal,2019,4,131,B06
Srimangal,2019,5,439,B06
Srimangal,2019,6,465,B06
Srimangal,2019,7,485,B06
Srimangal,2019,8,177,B06
Srimangal,2019,9,205,B06
Srimangal,2019,10,205,B06
Srimangal,2019,11,28,B06
Srimangal,2019,12,3,B06
Sylhet,2019,1,0,B06
Sylhet,2019,2,29,B06
Sylhet,2019,3,39,B06
Sylhet,2019,4,349,B06
Sylhet,2019,5,653,B06
Sylhet,2019,6,789,B06
Sylhet,2019,7,697,B06
Sylhet,2019,8,446,B06
Sylhet,2019,9,309,B06
Sylhet,2019,10,348,B06
Sylhet,2019,11,9,B06
Sylhet,2019,12,0,B06
Bogura,2019,1,0,B06
Bogura,2019,2,26,B06
Bogura,2019,3,13,B06
Bogura,2019,4,55,B06
Bogura,2019,5,158,B06
Bogura,2019,6,348,B06
Bogura,2019,7,451,B06
Bogura,2019,8,132,B06
Bogura,2019,9,160,B06
Bogura,2019,10,287,B06
Bogura,2019,11,2,B06
Bogura,2019,12,1,B06
Dinajpur,2019,1,0,B06
Dinajpur,2019,2,27,B06
Dinajpur,2019,3,0,B06
Dinajpur,2019,4,130,B06
Dinajpur,2019,5,187,B06
Dinajpur,2019,6,293,B06
Dinajpur,2019,7,680,B06
Dinajpur,2019,8,328,B06
Dinajpur,2019,9,492,B06
Dinajpur,2019,10,151,B06
Dinajpur,2019,11,0,B06
Dinajpur,2019,12,0,B06
Ishurdi,2019,1,0,B06
Ishurdi,2019,2,53,B06
Ishurdi,2019,3,8,B06
Ishurdi,2019,4,82,B06
Ishurdi,2019,5,126,B06
Ishurdi,2019,6,286,B06
Ishurdi,2019,7,300,B06
Ishurdi,2019,8,148,B06
Ishurdi,2019,9,179,B06
Ishurdi,2019,10,220,B06
Ishurdi,2019,11,36,B06
Ishurdi,2019,12,6,B06
Rajshahi,2019,1,0,B06
Rajshahi,2019,2,46,B06
Rajshahi,2019,3,67,B06
Rajshahi,2019,4,114,B06
Rajshahi,2019,5,147,B06
Rajshahi,2019,6,121,B06
Rajshahi,2019,7,262,B06
Rajshahi,2019,8,114,B06
Rajshahi,2019,9,187,B06
Rajshahi,2019,10,174,B06
Rajshahi,2019,11,3,B06
Rajshahi,2019,12,0,B06
Rangpur,2019,1,0,B06
Rangpur,2019,2,28,B06
Rangpur,2019,3,2,B06
Rangpur,2019,4,141,B06
Rangpur,2019,5,347,B06
Rangpur,2019,6,288,B06
Rangpur,2019,7,594,B06
Rangpur,2019,8,223,B06
Rangpur,2019,9,517,B06
Rangpur,2019,10,149,B06
Rangpur,2019,11,0,B06
Rangpur,2019,12,0,B06
Sayedpur,2019,1,0,B06
Sayedpur,2019,2,42,B06
Sayedpur,2019,3,1,B06
Sayedpur,2019,4,114,B06
Sayedpur,2019,5,192,B06
Sayedpur,2019,6,344,B06
Sayedpur,2019,7,519,B06
Sayedpur,2019,8,299,B06
Sayedpur,2019,9,509,B06
Sayedpur,2019,10,110,B06
Sayedpur,2019,11,0,B06
Sayedpur,2019,12,0,B06
Chuadanga,2019,1,0,B06
Chuadanga,2019,2,79,B06
Chuadanga,2019,3,16,B06
Chuadanga,2019,4,81,B06
Chuadanga,2019,5,227,B06
Chuadanga,2019,6,148,B06
Chuadanga,2019,7,172,B06
Chuadanga,2019,8,130,B06
Chuadanga,2019,9,262,B06
Chuadanga,2019,10,141,B06
Chuadanga,2019,11,31,B06
Jessore,2019,1,0,B06
Jessore,2019,2,107,B06
Jessore,2019,3,68,B06
Jessore,2019,4,173,B06
Jessore,2019,5,122,B06
Jessore,2019,6,134,B06
Jessore,2019,7,219,B06
Jessore,2019,8,238,B06
Jessore,2019,9,209,B06
Jessore,2019,10,133,B06
Jessore,2019,11,75,B06
Jessore,2019,12,14,B06
Khulna,2019,1,0,B06
Khulna,2019,2,166,B06
Khulna,2019,3,74,B06
Khulna,2019,4,102,B06
Khulna,2019,5,104,B06
Khulna,2019,6,114,B06
Khulna,2019,7,335,B06
Khulna,2019,8,370,B06
Khulna,2019,9,283,B06
Khulna,2019,10,187,B06
Khulna,2019,11,175,B06
Khulna,2019,12,15,B06
Mongla,2019,1,0,B06
Mongla,2019,2,100,B06
Mongla,2019,3,41,B06
Mongla,2019,4,101,B06
Mongla,2019,5,82,B06
Mongla,2019,6,286,B06
Mongla,2019,7,301,B06
Mongla,2019,8,389,B06
Mongla,2019,9,290,B06
Mongla,2019,10,97,B06
Mongla,2019,11,265,B06
Satkhira,2019,1,0,B06
Satkhira,2019,2,125,B06
Satkhira,2019,3,86,B06
Satkhira,2019,4,101,B06
Satkhira,2019,5,117,B06
Satkhira,2019,6,218,B06
Satkhira,2019,7,143,B06
Satkhira,2019,8,573,B06
Satkhira,2019,9,245,B06
Satkhira,2019,10,112,B06
Satkhira,2019,11,172,B06
Satkhira,2019,12,11,B06
Barisal,2019,1,0,B06
Barisal,2019,2,64,B06
Barisal,2019,3,29,B06
Barisal,2019,4,95,B06
Barisal,2019,5,139,B06
Barisal,2019,6,148,B06
Barisal,2019,7,454,B06
Barisal,2019,8,255,B06
Barisal,2019,9,238,B06
Barisal,2019,10,190,B06
Barisal,2019,11,365,B06
Barisal,2019,12,12,B06
Bhola,2019,1,0,B06
Bhola,2019,2,57,B06
Bhola,2019,3,44,B06
Bhola,2019,4,93,B06
Bhola,2019,5,146,B06
Bhola,2019,6,147,B06
Bhola,2019,7,407,B06
Bhola,2019,8,362,B06
Bhola,2019,9,268,B06
Bhola,2019,10,94,B06
Bhola,2019,11,259,B06
Bhola,2019,12,18,B06
Khepupara,2019,1,0,B06
Khepupara,2019,2,58,B06
Khepupara,2019,3,62,B06
Khepupara,2019,4,82,B06
Khepupara,2019,5,182,B06
Khepupara,2019,6,510,B06
Khepupara,2019,7,629,B06
Khepupara,2019,8,684,B06
Khepupara,2019,9,270,B06
Khepupara,2019,10,393,B06
Khepupara,2019,11,220,B06
Khepupara,2019,12,5,B06
Patuakhali,2019,1,0,B06
Patuakhali,2019,2,74,B06
Patuakhali,2019,3,45,B06
Patuakhali,2019,4,65,B06
Patuakhali,2019,5,163,B06
Patuakhali,2019,6,262,B06
Patuakhali,2019,7,618,B06
Patuakhali,2019,8,338,B06
Patuakhali,2019,9,198,B06
Patuakhali,2019,10,102,B06
Patuakhali,2019,11,231,B06
Patuakhali,2019,12,11,B06
Chandpur,2019,1,0,B06
Chandpur,2019,2,122,B06
Chandpur,2019,3,42,B06
Chandpur,2019,4,110,B06
Chandpur,2019,5,214,B06
Chandpur,2019,6,193,B06
Chandpur,2019,7,394,B06
Chandpur,2019,8,291,B06
Chandpur,2019,9,143,B06
Chandpur,2019,10,128,B06
Chandpur,2019,11,91,B06
Chandpur,2019,12,4,B06
Teknaf,2019,1,0,B06
Teknaf,2019,2,1,B06
Teknaf,2019,3,81,B06
Teknaf,2019,4,6,B06
Teknaf,2019,5,77,B06
Teknaf,2019,6,311,B06
Teknaf,2019,7,1513,B06
Teknaf,2019,8,677,B06
Teknaf,2019,9,1153,B06
Teknaf,2019,10,151,B06
Teknaf,2019,11,23,B06
Teknaf,2019,12,0,B06
Chittagong,2019,1,0,B06
Chittagong,2019,2,5,B06
Chittagong,2019,3,8,B06
Chittagong,2019,4,73,B06
Chittagong,2019,5,206,B06
Chittagong,2019,6,152,B06
Chittagong,2019,7,1110,B06
Chittagong,2019,8,466,B06
Chittagong,2019,9,365,B06
Chittagong,2019,10,123,B06
Chittagong,2019,11,83,B06
Chittagong,2019,12,10,B06
Comilla,2019,1,0,B06
Comilla,2019,2,70,B06
Comilla,2019,3,29,B06
Comilla,2019,4,238,B06
Comilla,2019,5,269,B06
Comilla,2019,6,202,B06
Comilla,2019,7,477,B06
Comilla,2019,8,250,B06
Comilla,2019,9,208,B06
Comilla,2019,10,108,B06
Comilla,2019,11,60,B06
Comilla,2019,12,8,B06
Cox's Bazar,2019,1,0,B06
Cox's Bazar,2019,2,12,B06
Cox's Bazar,2019,3,82,B06
Cox's Bazar,2019,4,16,B06
Cox's Bazar,2019,5,98,B06
Cox's Bazar,2019,6,225,B06
Cox's Bazar,2019,7,951,B06
Cox's Bazar,2019,8,412,B06
Cox's Bazar,2019,9,628,B06
Cox's Bazar,2019,10,256,B06
Cox's Bazar,2019,11,80,B06
Cox's Bazar,2019,12,0,B06
Feni,2019,1,0,B06
Feni,2019,2,80,B06
Feni,2019,3,34,B06
Feni,2019,4,143,B06
Feni,2019,5,199,B06
Feni,2019,6,261,B06
Feni,2019,7,802,B06
Feni,2019,8,492,B06
Feni,2019,9,324,B06
Feni,2019,10,212,B06
Feni,2019,11,52,B06
Feni,2019,12,4,B06
Hatiya,2019,1,0,B06
Hatiya,2019,2,48,B06
Hatiya,2019,3,31,B06
Hatiya,2019,4,39,B06
Hatiya,2019,5,162,B06
Hatiya,2019,6,344,B06
Hatiya,2019,7,1000,B06
Hatiya,2019,8,509,B06
Hatiya,2019,9,297,B06
Hatiya,2019,10,209,B06
Hatiya,2019,11,175,B06
Hatiya,2019,12,8,B06
Kutubdia,2019,1,0,B06
Kutubdia,2019,2,21,B06
Kutubdia,2019,3,46,B06
Kutubdia,2019,4,23,B06
Kutubdia,2019,5,94,B06
Kutubdia,2019,6,139,B06
Kutubdia,2019,7,1244,B06
Kutubdia,2019,8,303,B06
Kutubdia,2019,9,496,B06
Kutubdia,2019,10,187,B06
Kutubdia,2019,11,57,B06
Kutubdia,2019,12,3,B06
Maijdi Court,2019,1,0,B06
Maijdi Court,2019,2,64,B06
Maijdi Court,2019,3,45,B06
Maijdi Court,2019,4,134,B06
Maijdi Court,2019,5,291,B06
Maijdi Court,2019,6,266,B06
Maijdi Court,2019,7,729,B06
Maijdi Court,2019,8,474,B06
Maijdi Court,2019,9,423,B06
Maijdi Court,2019,10,243,B06
Maijdi Court,2019,11,201,B06
Maijdi Court,2019,12,4,B06
Rangamati,2019,1,0,B06
Rangamati,2019,2,36,B06
Rangamati,2019,3,15,B06
Rangamati,2019,4,102,B06
Rangamati,2019,5,215,B06
Rangamati,2019,6,267,B06
Rangamati,2019,7,1137,B06
Rangamati,2019,8,355,B06
Rangamati,2019,9,271,B06
Rangamati,2019,10,170,B06
Rangamati,2019,11,133,B06
Rangamati,2019,12,5,B06
Sandwip,2019,1,0,B06
Sandwip,2019,2,33,B06
Sandwip,2019,3,5,B06
Sandwip,2019,4,78,B06
Sandwip,2019,5,168,B06
Sandwip,2019,6,235,B06
Sandwip,2019,7,1226,B06
Sandwip,2019,8,305,B06
Sandwip,2019,9,486,B06
Sandwip,2019,10,117,B06
Sandwip,2019,11,78,B06
Sandwip,2019,12,5,B06
Sitakunda,2019,1,0,B06
Sitakunda,2019,2,35,B06
Sitakunda,2019,3,20,B06
Sitakunda,2019,4,222,B06
Sitakunda,2019,5,286,B06
Sitakunda,2019,6,250,B06
Sitakunda,2019,7,1472,B06
Sitakunda,2019,8,424,B06
Sitakunda,2019,9,333,B06
Sitakunda,2019,10,170,B06
Sitakunda,2019,11,114,B06
Sitakunda,2019,12,14,B06
Ambagan (Ctg),2019,1,0,B06
Ambagan (Ctg),2019,2,40,B06
Ambagan (Ctg),2019,3,12,B06
Ambagan (Ctg),2019,4,109,B06
Ambagan (Ctg),2019,5,205,B06
Ambagan (Ctg),2019,6,137,B06
Ambagan (Ctg),2019,7,1118,B06
Ambagan (Ctg),2019,8,530,B06
Ambagan (Ctg),2019,9,402,B06
Ambagan (Ctg),2019,10,206,B06
Ambagan (Ctg),2019,11,103,B06
Ambagan (Ctg),2019,12,8,B06
Dhaka,2020,1,21,B07
Dhaka,2020,2,1,B07
Dhaka,2020,3,30,B07
Dhaka,2020,4,127,B07
Dhaka,2020,5,301,B07
Dhaka,2020,6,271,B07
Dhaka,2020,7,404,B07
Dhaka,2020,8,285,B07
Dhaka,2020,9,140,B07
Dhaka,2020,10,300,B07
Dhaka,2020,11,40,B07
Dhaka,2020,12,0,B07
Dhaka,2021,1,0,B07
Dhaka,2021,2,0,B07
Dhaka,2021,3,3,B07
Dhaka,2021,4,39,B07
Dhaka,2021,5,216,B07
Dhaka,2021,6,546,B07
Dhaka,2021,7,333,B07
Dhaka,2021,8,249,B07
Dhaka,2021,9,141,B07
Dhaka,2021,10,166,B07
Dhaka,2021,11,27,B07
Dhaka,2021,12,153,B07
Dhaka,2022,1,12,B07
Dhaka,2022,2,20,B07
Dhaka,2022,3,14,B07
Dhaka,2022,4,106,B07
Dhaka,2022,5,217,B07
Dhaka,2022,6,168,B07
Dhaka,2022,7,51,B07
Dhaka,2022,8,130,B07
Dhaka,2022,9,282,B07
Dhaka,2022,10,297,B07
Dhaka,2022,11,0,B07
Dhaka,2022,12,4,B07
Dhaka,2023,1,0,B07
Dhaka,2023,2,2,B07
Dhaka,2023,3,74,B07
Dhaka,2023,4,30,B07
Dhaka,2023,5,145,B07
Dhaka,2023,6,363,B07
Dhaka,2023,7,244,B07
Dhaka,2023,8,474,B07
Dhaka,2023,9,413,B07
Dhaka,2023,10,326,B07
Dhaka,2023,11,32,B07
Dhaka,2023,12,57,B07
Dhaka,2024,1,0,B07
Dhaka,2024,2,16,B07
Dhaka,2024,3,86,B07
Dhaka,2024,4,24,B07
Dhaka,2024,5,399,B07
Dhaka,2024,6,215,B07
Dhaka,2024,7,346,B07
Dhaka,2024,8,542,B07
Dhaka,2024,9,490,B07
Dhaka,2024,10,271,B07
Dhaka,2024,11,22,B07
Dhaka,2024,12,0,B07
Tangail,2020,1,28,B07
Tangail,2020,2,1,B07
Tangail,2020,3,27,B07
Tangail,2020,4,200,B07
Tangail,2020,5,419,B07
Tangail,2020,6,306,B07
Tangail,2020,7,459,B07
Tangail,2020,8,136,B07
Tangail,2020,9,212,B07
Tangail,2020,10,169,B07
Tangail,2020,11,0,B07
Tangail,2020,12,0,B07
Tangail,2021,1,0,B07
Tangail,2021,2,0,B07
Tangail,2021,3,8,B07
Tangail,2021,4,58,B07
Tangail,2021,5,200,B07
Tangail,2021,6,546,B07
Tangail,2021,7,171,B07
Tangail,2021,8,459,B07
Tangail,2021,9,109,B07
Tangail,2021,10,221,B07
Tangail,2021,11,7,B07
Tangail,2021,12,38,B07
Tangail,2022,1,16,B07
Tangail,2022,2,42,B07
Tangail,2022,3,0,B07
Tangail,2022,4,105,B07
Tangail,2022,5,305,B07
Tangail,2022,6,234,B07
Tangail,2022,7,91,B07
Tangail,2022,8,231,B07
Tangail,2022,9,288,B07
Tangail,2022,10,306,B07
Tangail,2022,11,0,B07
Tangail,2022,12,9,B07
Tangail,2023,1,0,B07
Tangail,2023,2,0,B07
Tangail,2023,3,108,B07
Tangail,2023,4,31,B07
Tangail,2023,5,204,B07
Tangail,2023,6,224,B07
Tangail,2023,7,442,B07
Tangail,2023,8,471,B07
Tangail,2023,9,166,B07
Tangail,2023,10,272,B07
Tangail,2023,11,3,B07
Tangail,2023,12,45,B07
Tangail,2024,1,0,B07
Tangail,2024,2,10,B07
Tangail,2024,3,43,B07
Tangail,2024,4,5,B07
Tangail,2024,5,241,B07
Tangail,2024,6,254,B07
Tangail,2024,7,303,B07
Tangail,2024,8,436,B07
Tangail,2024,9,362,B07
Tangail,2024,10,371,B07
Tangail,2024,11,0,B07
Tangail,2024,12,0,B07
Mymensingh,2020,1,11,B07
Mymensingh,2020,2,1,B07
Mymensingh,2020,3,10,B07
Mymensingh,2020,4,107,B07
Mymensingh,2020,5,562,B07
Mymensingh,2020,6,440,B07
Mymensingh,2020,7,600,B07
Mymensingh,2020,8,95,B07
Mymensingh,2020,9,388,B07
Mymensingh,2020,10,179,B07
Mymensingh,2020,11,2,B07
Mymensingh,2020,12,0,B07
Mymensingh,2021,1,0,B07
Mymensingh,2021,2,0,B07
Mymensingh,2021,3,2,B07
Mymensingh,2021,4,42,B07
Mymensingh,2021,5,289,B07
Mymensingh,2021,6,430,B07
Mymensingh,2021,7,265,B07
Mymensingh,2021,8,504,B07
Mymensingh,2021,9,61,B07
Mymensingh,2021,10,188,B07
Mymensingh,2021,11,1,B07
Mymensingh,2021,12,9,B07
Mymensingh,2022,1,9,B07
Mymensingh,2022,2,15,B07
Mymensingh,2022,3,0,B07
Mymensingh,2022,4,60,B07
Mymensingh,2022,5,304,B07
Mymensingh,2022,6,469,B07
Mymensingh,2022,7,118,B07
Mymensingh,2022,8,238,B07
Mymensingh,2022,9,343,B07
Mymensingh,2022,10,240,B07
Mymensingh,2022,11,0,B07
Mymensingh,2022,12,0,B07
Mymensingh,2023,1,0,B07
Mymensingh,2023,2,11,B07
Mymensingh,2023,3,102,B07
Mymensingh,2023,4,16,B07
Mymensingh,2023,5,244,B07
Mymensingh,2023,6,261,B07
Mymensingh,2023,7,348,B07
Mymensingh,2023,8,394,B07
Mymensingh,2023,9,197,B07
Mymensingh,2023,10,478,B07
Mymensingh,2023,11,3,B07
Mymensingh,2023,12,27,B07
Mymensingh,2024,1,0,B07
Mymensingh,2024,2,17,B07
Mymensingh,2024,3,37,B07
Mymensingh,2024,4,36,B07
Mymensingh,2024,5,286,B07
Mymensingh,2024,6,380,B07
Mymensingh,2024,7,318,B07
Mymensingh,2024,8,546,B07
Mymensingh,2024,9,175,B07
Mymensingh,2024,10,250,B07
Mymensingh,2024,11,0,B07
Mymensingh,2024,12,0,B07
Faridpur,2020,1,24,B07
Faridpur,2020,2,2,B07
Faridpur,2020,3,31,B07
Faridpur,2020,4,112,B07
Faridpur,2020,5,316,B07
Faridpur,2020,6,255,B07
Faridpur,2020,7,1005,B07
Faridpur,2020,8,889,B07
Faridpur,2020,9,722,B07
Faridpur,2020,10,98,B07
Faridpur,2020,11,288,B07
Faridpur,2020,12,0,B07
Faridpur,2021,1,0,B07
Faridpur,2021,2,0,B07
Faridpur,2021,3,0,B07
Faridpur,2021,4,18,B07
Faridpur,2021,5,175,B07
Faridpur,2021,6,317,B07
Faridpur,2021,7,465,B07
Faridpur,2021,8,362,B07
Faridpur,2021,9,124,B07
Faridpur,2021,10,70,B07
Faridpur,2021,11,29,B07
Faridpur,2021,12,174,B07
Faridpur,2022,1,7,B07
Faridpur,2022,2,37,B07
Faridpur,2022,3,0,B07
Faridpur,2022,4,36,B07
Faridpur,2022,5,256,B07
Faridpur,2022,6,223,B07
Faridpur,2022,7,111,B07
Faridpur,2022,8,244,B07
Faridpur,2022,9,181,B07
Faridpur,2022,10,296,B07
Faridpur,2022,11,0,B07
Faridpur,2022,12,2,B07
Faridpur,2023,1,0,B07
Faridpur,2023,2,0,B07
Faridpur,2023,3,33,B07
Faridpur,2023,4,118,B07
Faridpur,2023,5,136,B07
Faridpur,2023,6,122,B07
Faridpur,2023,7,185,B07
Faridpur,2023,8,293,B07
Faridpur,2023,9,190,B07
Faridpur,2023,10,286,B07
Faridpur,2023,11,5,B07
Faridpur,2023,12,73,B07
Faridpur,2024,1,1,B07
Faridpur,2024,2,6,B07
Faridpur,2024,3,12,B07
Faridpur,2024,4,29,B07
Faridpur,2024,5,158,B07
Faridpur,2024,6,32,B07
Faridpur,2024,7,374,B07
Faridpur,2024,8,258,B07
Faridpur,2024,9,424,B07
Faridpur,2024,10,211,B07
Faridpur,2024,11,3,B07
Faridpur,2024,12,1,B07
Madaripur,2020,1,22,B07
Madaripur,2020,2,0,B07
Madaripur,2020,3,20,B07
Madaripur,2020,4,165,B07
Madaripur,2020,5,305,B07
Madaripur,2020,6,250,B07
Madaripur,2020,7,273,B07
Madaripur,2020,8,247,B07
Madaripur,2020,9,194,B07
Madaripur,2020,10,133,B07
Madaripur,2020,11,10,B07
Madaripur,2020,12,0,B07
Madaripur,2021,1,0,B07
Madaripur,2021,2,0,B07
Madaripur,2021,3,1,B07
Madaripur,2021,4,42,B07
Madaripur,2021,5,166,B07
Madaripur,2021,6,427,B07
Madaripur,2021,7,357,B07
Madaripur,2021,8,192,B07
Madaripur,2021,9,139,B07
Madaripur,2021,10,81,B07
Madaripur,2021,11,27,B07
Madaripur,2021,12,113,B07
Madaripur,2022,1,18,B07
Madaripur,2022,2,58,B07
Madaripur,2022,3,0,B07
Madaripur,2022,4,27,B07
Madaripur,2022,5,339,B07
Madaripur,2022,6,324,B07
Madaripur,2022,7,87,B07
Madaripur,2022,8,204,B07
Madaripur,2022,9,380,B07
Madaripur,2022,10,437,B07
Madaripur,2022,11,0,B07
Madaripur,2022,12,0,B07
Madaripur,2023,1,0,B07
Madaripur,2023,2,0,B07
Madaripur,2023,3,117,B07
Madaripur,2023,4,122,B07
Madaripur,2023,5,163,B07
Madaripur,2023,6,255,B07
Madaripur,2023,7,178,B07
Madaripur,2023,8,473,B07
Madaripur,2023,9,252,B07
Madaripur,2023,10,125,B07
Madaripur,2023,11,106,B07
Madaripur,2023,12,38,B07
Madaripur,2024,1,5,B07
Madaripur,2024,2,52,B07
Madaripur,2024,3,74,B07
Madaripur,2024,4,11,B07
Madaripur,2024,5,356,B07
Madaripur,2024,6,170,B07
Madaripur,2024,7,243,B07
Madaripur,2024,8,425,B07
Madaripur,2024,9,419,B07
Madaripur,2024,10,308,B07
Madaripur,2024,11,9,B07
Madaripur,2024,12,6,B07
Srimangal,2020,1,20,B07
Srimangal,2020,2,0,B07
Srimangal,2020,3,4,B07
Srimangal,2020,4,274,B07
Srimangal,2020,5,333,B07
Srimangal,2020,6,504,B07
Srimangal,2020,7,383,B07
Srimangal,2020,8,219,B07
Srimangal,2020,9,344,B07
Srimangal,2020,10,196,B07
Srimangal,2020,11,9,B07
Srimangal,2020,12,0,B07
Srimangal,2021,1,3,B07
Srimangal,2021,2,0,B07
Srimangal,2021,3,109,B07
Srimangal,2021,4,39,B07
Srimangal,2021,5,236,B07
Srimangal,2021,6,172,B07
Srimangal,2021,7,295,B07
Srimangal,2021,8,428,B07
Srimangal,2021,9,189,B07
Srimangal,2021,10,166,B07
Srimangal,2021,11,2,B07
Srimangal,2021,12,66,B07
Srimangal,2022,1,21,B07
Srimangal,2022,2,27,B07
Srimangal,2022,3,30,B07
Srimangal,2022,4,102,B07
Srimangal,2022,5,613,B07
Srimangal,2022,6,553,B07
Srimangal,2022,7,257,B07
Srimangal,2022,8,411,B07
Srimangal,2022,9,304,B07
Srimangal,2022,10,446,B07
Srimangal,2022,11,0,B07
Srimangal,2022,12,1,B07
Srimangal,2023,1,0,B07
Srimangal,2023,2,1,B07
Srimangal,2023,3,114,B07
Srimangal,2023,4,98,B07
Srimangal,2023,5,187,B07
Srimangal,2023,6,641,B07
Srimangal,2023,7,309,B07
Srimangal,2023,8,389,B07
Srimangal,2023,9,233,B07
Srimangal,2023,10,154,B07
Srimangal,2023,11,111,B07
Srimangal,2023,12,39,B07
Srimangal,2024,1,0,B07
Srimangal,2024,2,73,B07
Srimangal,2024,3,46,B07
Srimangal,2024,4,73,B07
Srimangal,2024,5,729,B07
Srimangal,2024,6,613,B07
Srimangal,2024,7,369,B07
Srimangal,2024,8,650,B07
Srimangal,2024,9,150,B07
Srimangal,2024,10,95,B07
Srimangal,2024,11,20,B07
Srimangal,2024,12,0,B07
Sylhet,2020,1,18,B07
Sylhet,2020,2,3,B07
Sylhet,2020,3,23,B07
Sylhet,2020,4,244,B07
Sylhet,2020,5,640,B07
Sylhet,2020,6,651,B07
Sylhet,2020,7,990,B07
Sylhet,2020,8,382,B07
Sylhet,2020,9,883,B07
Sylhet,2020,10,382,B07
Sylhet,2020,11,12,B07
Sylhet,2020,12,0,B07
Sylhet,2021,1,0,B07
Sylhet,2021,2,0,B07
Sylhet,2021,3,127,B07
Sylhet,2021,4,143,B07
Sylhet,2021,5,290,B07
Sylhet,2021,6,664,B07
Sylhet,2021,7,703,B07
Sylhet,2021,8,928,B07
Sylhet,2021,9,200,B07
Sylhet,2021,10,240,B07
Sylhet,2021,11,0,B07
Sylhet,2021,12,14,B07
Sylhet,2022,1,16,B07
Sylhet,2022,2,24,B07
Sylhet,2022,3,79,B07
Sylhet,2022,4,287,B07
Sylhet,2022,5,902,B07
Sylhet,2022,6,1485,B07
Sylhet,2022,7,778,B07
Sylhet,2022,8,461,B07
Sylhet,2022,9,744,B07
Sylhet,2022,10,334,B07
Sylhet,2022,11,0,B07
Sylhet,2022,12,8,B07
Sylhet,2023,1,0,B07
Sylhet,2023,2,7,B07
Sylhet,2023,3,203,B07
Sylhet,2023,4,285,B07
Sylhet,2023,5,329,B07
Sylhet,2023,6,1267,B07
Sylhet,2023,7,1062,B07
Sylhet,2023,8,926,B07
Sylhet,2023,9,453,B07
Sylhet,2023,10,691,B07
Sylhet,2023,11,72,B07
Sylhet,2023,12,42,B07
Sylhet,2024,1,0,B07
Sylhet,2024,2,60,B07
Sylhet,2024,3,89,B07
Sylhet,2024,4,468,B07
Sylhet,2024,5,821,B07
Sylhet,2024,6,2124,B07
Sylhet,2024,7,1075,B07
Sylhet,2024,8,826,B07
Sylhet,2024,9,290,B07
Sylhet,2024,10,428,B07
Sylhet,2024,11,4,B07
Sylhet,2024,12,0,B07
Bogura,2020,1,14,B07
Bogura,2020,2,2,B07
Bogura,2020,3,29,B07
Bogura,2020,4,109,B07
Bogura,2020,5,478,B07
Bogura,2020,6,436,B07
Bogura,2020,7,485,B07
Bogura,2020,8,166,B07
Bogura,2020,9,239,B07
Bogura,2020,10,157,B07
Bogura,2020,11,0,B07
Bogura,2020,12,0,B07
Bogura,2021,1,0,B07
Bogura,2021,2,0,B07
Bogura,2021,3,6,B07
Bogura,2021,4,24,B07
Bogura,2021,5,274,B07
Bogura,2021,6,391,B07
Bogura,2021,7,278,B07
Bogura,2021,8,412,B07
Bogura,2021,9,117,B07
Bogura,2021,10,93,B07
Bogura,2021,11,0,B07
Bogura,2021,12,1,B07
Bogura,2022,1,17,B07
Bogura,2022,2,40,B07
Bogura,2022,3,0,B07
Bogura,2022,4,57,B07
Bogura,2022,5,271,B07
Bogura,2022,6,331,B07
Bogura,2022,7,212,B07
Bogura,2022,8,131,B07
Bogura,2022,9,398,B07
Bogura,2022,10,103,B07
Bogura,2022,11,0,B07
Bogura,2022,12,3,B07
Bogura,2023,1,0,B07
Bogura,2023,2,0,B07
Bogura,2023,3,99,B07
Bogura,2023,4,16,B07
Bogura,2023,5,193,B07
Bogura,2023,6,107,B07
Bogura,2023,7,170,B07
Bogura,2023,8,621,B07
Bogura,2023,9,177,B07
Bogura,2023,10,259,B07
Bogura,2023,11,0,B07
Bogura,2023,12,29,B07
Bogura,2024,1,0,B07
Bogura,2024,2,34,B07
Bogura,2024,3,23,B07
Bogura,2024,4,0,B07
Bogura,2024,5,345,B07
Bogura,2024,6,249,B07
Bogura,2024,7,227,B07
Bogura,2024,8,342,B07
Bogura,2024,9,289,B07
Bogura,2024,10,103,B07
Bogura,2024,11,0,B07
Bogura,2024,12,0,B07
Dinajpur,2020,1,5,B07
Dinajpur,2020,2,7,B07
Dinajpur,2020,3,29,B07
Dinajpur,2020,4,95,B07
Dinajpur,2020,5,466,B07
Dinajpur,2020,6,403,B07
Dinajpur,2020,7,618,B07
Dinajpur,2020,8,318,B07
Dinajpur,2020,9,831,B07
Dinajpur,2020,10,95,B07
Dinajpur,2020,11,3,B07
Dinajpur,2020,12,0,B07
Dinajpur,2021,1,0,B07
Dinajpur,2021,2,0,B07
Dinajpur,2021,3,0,B07
Dinajpur,2021,4,22,B07
Dinajpur,2021,5,278,B07
Dinajpur,2021,6,273,B07
Dinajpur,2021,7,180,B07
Dinajpur,2021,8,407,B07
Dinajpur,2021,9,144,B07
Dinajpur,2021,10,442,B07
Dinajpur,2021,11,0,B07
Dinajpur,2021,12,5,B07
Dinajpur,2022,1,18,B07
Dinajpur,2022,2,61,B07
Dinajpur,2022,3,0,B07
Dinajpur,2022,4,77,B07
Dinajpur,2022,5,413,B07
Dinajpur,2022,6,425,B07
Dinajpur,2022,7,182,B07
Dinajpur,2022,8,237,B07
Dinajpur,2022,9,227,B07
Dinajpur,2022,10,97,B07
Dinajpur,2022,11,0,B07
Dinajpur,2022,12,0,B07
Dinajpur,2023,1,0,B07
Dinajpur,2023,2,0,B07
Dinajpur,2023,3,80,B07
Dinajpur,2023,4,41,B07
Dinajpur,2023,5,74,B07
Dinajpur,2023,6,199,B07
Dinajpur,2023,7,356,B07
Dinajpur,2023,8,458,B07
Dinajpur,2023,9,533,B07
Dinajpur,2023,10,213,B07
Dinajpur,2023,11,0,B07
Dinajpur,2023,12,15,B07
Dinajpur,2024,1,0,B07
Dinajpur,2024,2,2,B07
Dinajpur,2024,3,90,B07
Dinajpur,2024,4,0,B07
Dinajpur,2024,5,120,B07
Dinajpur,2024,6,324,B07
Dinajpur,2024,7,428,B07
Dinajpur,2024,8,231,B07
Dinajpur,2024,9,470,B07
Dinajpur,2024,10,44,B07
Dinajpur,2024,11,0,B07
Dinajpur,2024,12,0,B07
Ishurdi,2020,1,23,B07
Ishurdi,2020,2,0,B07
Ishurdi,2020,3,21,B07
Ishurdi,2020,4,29,B07
Ishurdi,2020,5,380,B07
Ishurdi,2020,6,237,B07
Ishurdi,2020,7,437,B07
Ishurdi,2020,8,157,B07
Ishurdi,2020,9,264,B07
Ishurdi,2020,10,165,B07
Ishurdi,2020,11,0,B07
Ishurdi,2020,12,3,B07
Ishurdi,2021,1,0,B07
Ishurdi,2021,2,0,B07
Ishurdi,2021,3,1,B07
Ishurdi,2021,4,41,B07
Ishurdi,2021,5,179,B07
Ishurdi,2021,6,396,B07
Ishurdi,2021,7,315,B07
Ishurdi,2021,8,324,B07
Ishurdi,2021,9,182,B07
Ishurdi,2021,10,114,B07
Ishurdi,2021,11,18,B07
Ishurdi,2021,12,16,B07
Ishurdi,2022,1,23,B07
Ishurdi,2022,2,46,B07
Ishurdi,2022,3,0,B07
Ishurdi,2022,4,28,B07
Ishurdi,2022,5,183,B07
Ishurdi,2022,6,104,B07
Ishurdi,2022,7,55,B07
Ishurdi,2022,8,210,B07
Ishurdi,2022,9,290,B07
Ishurdi,2022,10,144,B07
Ishurdi,2022,11,0,B07
Ishurdi,2022,12,0,B07
Ishurdi,2023,1,0,B07
Ishurdi,2023,2,0,B07
Ishurdi,2023,3,40,B07
Ishurdi,2023,4,48,B07
Ishurdi,2023,5,132,B07
Ishurdi,2023,6,165,B07
Ishurdi,2023,7,236,B07
Ishurdi,2023,8,274,B07
Ishurdi,2023,9,271,B07
Ishurdi,2023,10,153,B07
Ishurdi,2023,11,1,B07
Ishurdi,2023,12,38,B07
Ishurdi,2024,1,0,B07
Ishurdi,2024,2,12,B07
Ishurdi,2024,3,28,B07
Ishurdi,2024,4,0,B07
Ishurdi,2024,5,116,B07
Ishurdi,2024,6,41,B07
Ishurdi,2024,7,166,B07
Ishurdi,2024,8,556,B07
Ishurdi,2024,9,477,B07
Ishurdi,2024,10,220,B07
Ishurdi,2024,11,0,B07
Ishurdi,2024,12,0,B07
Rajshahi,2020,1,16,B07
Rajshahi,2020,2,1,B07
Rajshahi,2020,3,27,B07
Rajshahi,2020,4,32,B07
Rajshahi,2020,5,187,B07
Rajshahi,2020,6,283,B07
Rajshahi,2020,7,412,B07
Rajshahi,2020,8,142,B07
Rajshahi,2020,9,213,B07
Rajshahi,2020,10,98,B07
Rajshahi,2020,11,0,B07
Rajshahi,2020,12,0,B07
Rajshahi,2021,1,0,B07
Rajshahi,2021,2,0,B07
Rajshahi,2021,3,0,B07
Rajshahi,2021,4,15,B07
Rajshahi,2021,5,140,B07
Rajshahi,2021,6,263,B07
Rajshahi,2021,7,325,B07
Rajshahi,2021,8,542,B07
Rajshahi,2021,9,135,B07
Rajshahi,2021,10,116,B07
Rajshahi,2021,11,1,B07
Rajshahi,2021,12,1,B07
Rajshahi,2022,1,3,B07
Rajshahi,2022,2,39,B07
Rajshahi,2022,3,0,B07
Rajshahi,2022,4,20,B07
Rajshahi,2022,5,222,B07
Rajshahi,2022,6,70,B07
Rajshahi,2022,7,60,B07
Rajshahi,2022,8,263,B07
Rajshahi,2022,9,329,B07
Rajshahi,2022,10,57,B07
Rajshahi,2022,11,0,B07
Rajshahi,2022,12,1,B07
Rajshahi,2023,1,0,B07
Rajshahi,2023,2,0,B07
Rajshahi,2023,3,25,B07
Rajshahi,2023,4,48,B07
Rajshahi,2023,5,103,B07
Rajshahi,2023,6,85,B07
Rajshahi,2023,7,137,B07
Rajshahi,2023,8,179,B07
Rajshahi,2023,9,267,B07
Rajshahi,2023,10,275,B07
Rajshahi,2023,11,3,B07
Rajshahi,2023,12,38,B07
Rajshahi,2024,1,0,B07
Rajshahi,2024,2,23,B07
Rajshahi,2024,3,23,B07
Rajshahi,2024,4,0,B07
Rajshahi,2024,5,153,B07
Rajshahi,2024,6,15,B07
Rajshahi,2024,7,350,B07
Rajshahi,2024,8,291,B07
Rajshahi,2024,9,160,B07
Rajshahi,2024,10,201,B07
Rajshahi,2024,11,14,B07
Rajshahi,2024,12,0,B07
Rangpur,2020,1,7,B07
Rangpur,2020,2,2,B07
Rangpur,2020,3,32,B07
Rangpur,2020,4,194,B07
Rangpur,2020,5,347,B07
Rangpur,2020,6,390,B07
Rangpur,2020,7,803,B07
Rangpur,2020,8,181,B07
Rangpur,2020,9,1035,B07
Rangpur,2020,10,119,B07
Rangpur,2020,11,0,B07
Rangpur,2020,12,0,B07
Rangpur,2021,1,0,B07
Rangpur,2021,2,0,B07
Rangpur,2021,3,4,B07
Rangpur,2021,4,27,B07
Rangpur,2021,5,292,B07
Rangpur,2021,6,201,B07
Rangpur,2021,7,194,B07
Rangpur,2021,8,424,B07
Rangpur,2021,9,193,B07
Rangpur,2021,10,384,B07
Rangpur,2021,11,0,B07
Rangpur,2021,12,5,B07
Rangpur,2022,1,8,B07
Rangpur,2022,2,82,B07
Rangpur,2022,3,0,B07
Rangpur,2022,4,178,B07
Rangpur,2022,5,276,B07
Rangpur,2022,6,585,B07
Rangpur,2022,7,246,B07
Rangpur,2022,8,309,B07
Rangpur,2022,9,164,B07
Rangpur,2022,10,73,B07
Rangpur,2022,11,0,B07
Rangpur,2022,12,0,B07
Rangpur,2023,1,0,B07
Rangpur,2023,2,0,B07
Rangpur,2023,3,51,B07
Rangpur,2023,4,45,B07
Rangpur,2023,5,198,B07
Rangpur,2023,6,423,B07
Rangpur,2023,7,196,B07
Rangpur,2023,8,495,B07
Rangpur,2023,9,388,B07
Rangpur,2023,10,164,B07
Rangpur,2023,11,4,B07
Rangpur,2023,12,13,B07
Rangpur,2024,1,0,B07
Rangpur,2024,2,4,B07
Rangpur,2024,3,97,B07
Rangpur,2024,4,0,B07
Rangpur,2024,5,107,B07
Rangpur,2024,6,551,B07
Rangpur,2024,7,454,B07
Rangpur,2024,8,249,B07
Rangpur,2024,9,327,B07
Rangpur,2024,10,97,B07
Rangpur,2024,11,0,B07
Rangpur,2024,12,0,B07
Sayedpur,2020,1,6,B07
Sayedpur,2020,2,9,B07
Sayedpur,2020,3,21,B07
Sayedpur,2020,4,100,B07
Sayedpur,2020,5,412,B07
Sayedpur,2020,6,433,B07
Sayedpur,2020,7,629,B07
Sayedpur,2020,8,253,B07
Sayedpur,2020,9,794,B07
Sayedpur,2020,10,15,B07
Sayedpur,2020,11,0,B07
Sayedpur,2020,12,0,B07
Sayedpur,2021,1,0,B07
Sayedpur,2021,2,0,B07
Sayedpur,2021,3,0,B07
Sayedpur,2021,4,53,B07
Sayedpur,2021,5,316,B07
Sayedpur,2021,6,218,B07
Sayedpur,2021,7,318,B07
Sayedpur,2021,8,540,B07
Sayedpur,2021,9,235,B07
Sayedpur,2021,10,351,B07
Sayedpur,2021,11,0,B07
Sayedpur,2021,12,6,B07
Sayedpur,2022,1,12,B07
Sayedpur,2022,2,71,B07
Sayedpur,2022,3,0,B07
Sayedpur,2022,4,196,B07
Sayedpur,2022,5,290,B07
Sayedpur,2022,6,376,B07
Sayedpur,2022,7,121,B07
Sayedpur,2022,8,191,B07
Sayedpur,2022,9,251,B07
Sayedpur,2022,10,70,B07
Sayedpur,2022,11,0,B07
Sayedpur,2022,12,0,B07
Sayedpur,2023,1,0,B07
Sayedpur,2023,2,0,B07
Sayedpur,2023,3,101,B07
Sayedpur,2023,4,45,B07
Sayedpur,2023,5,108,B07
Sayedpur,2023,6,239,B07
Sayedpur,2023,7,320,B07
Sayedpur,2023,8,436,B07
Sayedpur,2023,9,634,B07
Sayedpur,2023,10,210,B07
Sayedpur,2023,11,0,B07
Sayedpur,2023,12,6,B07
Sayedpur,2024,1,0,B07
Sayedpur,2024,2,1,B07
Sayedpur,2024,3,42,B07
Sayedpur,2024,4,0,B07
Sayedpur,2024,5,154,B07
Sayedpur,2024,6,352,B07
Sayedpur,2024,7,498,B07
Sayedpur,2024,8,131,B07
Sayedpur,2024,9,432,B07
Sayedpur,2024,10,67,B07
Sayedpur,2024,11,0,B07
Sayedpur,2024,12,0,B07
Chuadanga,2020,1,19,B07
Chuadanga,2020,2,4,B07
Chuadanga,2020,3,39,B07
Chuadanga,2020,4,65,B07
Chuadanga,2020,5,348,B07
Chuadanga,2020,6,305,B07
Chuadanga,2020,7,490,B07
Chuadanga,2020,8,162,B07
Chuadanga,2020,9,234,B07
Chuadanga,2020,10,81,B07
Chuadanga,2020,11,2,B07
Chuadanga,2020,12,0,B07
Chuadanga,2021,1,0,B07
Chuadanga,2021,2,0,B07
Chuadanga,2021,3,13,B07
Chuadanga,2021,4,6,B07
Chuadanga,2021,5,224,B07
Chuadanga,2021,6,275,B07
Chuadanga,2021,7,322,B07
Chuadanga,2021,8,515,B07
Chuadanga,2021,9,154,B07
Chuadanga,2021,10,61,B07
Chuadanga,2021,11,37,B07
Chuadanga,2021,12,74,B07
Chuadanga,2022,1,17,B07
Chuadanga,2022,2,77,B07
Chuadanga,2022,3,0,B07
Chuadanga,2022,4,15,B07
Chuadanga,2022,5,177,B07
Chuadanga,2022,6,104,B07
Chuadanga,2022,7,168,B07
Chuadanga,2022,8,176,B07
Chuadanga,2022,9,419,B07
Chuadanga,2022,10,64,B07
Chuadanga,2022,11,0,B07
Chuadanga,2022,12,0,B07
Chuadanga,2023,1,0,B07
Chuadanga,2023,2,0,B07
Chuadanga,2023,3,14,B07
Chuadanga,2023,4,41,B07
Chuadanga,2023,5,103,B07
Chuadanga,2023,6,134,B07
Chuadanga,2023,7,124,B07
Chuadanga,2023,8,210,B07
Chuadanga,2023,9,185,B07
Chuadanga,2023,10,195,B07
Chuadanga,2023,11,2,B07
Chuadanga,2023,12,58,B07
Chuadanga,2024,1,20,B07
Chuadanga,2024,2,3,B07
Chuadanga,2024,3,23,B07
Chuadanga,2024,4,2,B07
Chuadanga,2024,5,131,B07
Chuadanga,2024,6,101,B07
Chuadanga,2024,7,85,B07
Chuadanga,2024,8,448,B07
Chuadanga,2024,9,368,B07
Chuadanga,2024,10,300,B07
Chuadanga,2024,11,0,B07
Chuadanga,2024,12,0,B07
Jessore,2020,1,25,B07
Jessore,2020,2,0,B07
Jessore,2020,3,32,B07
Jessore,2020,4,82,B07
Jessore,2020,5,251,B07
Jessore,2020,6,347,B07
Jessore,2020,7,262,B07
Jessore,2020,8,407,B07
Jessore,2020,9,262,B07
Jessore,2020,10,294,B07
Jessore,2020,11,1,B07
Jessore,2020,12,0,B07
Jessore,2021,1,0,B07
Jessore,2021,2,1,B07
Jessore,2021,3,0,B07
Jessore,2021,4,99,B07
Jessore,2021,5,159,B07
Jessore,2021,6,365,B07
Jessore,2021,7,328,B07
Jessore,2021,8,254,B07
Jessore,2021,9,334,B07
Jessore,2021,10,167,B07
Jessore,2021,11,45,B07
Jessore,2021,12,193,B07
Jessore,2022,1,7,B07
Jessore,2022,2,38,B07
Jessore,2022,3,0,B07
Jessore,2022,4,19,B07
Jessore,2022,5,182,B07
Jessore,2022,6,72,B07
Jessore,2022,7,74,B07
Jessore,2022,8,215,B07
Jessore,2022,9,162,B07
Jessore,2022,10,110,B07
Jessore,2022,11,0,B07
Jessore,2022,12,0,B07
Jessore,2023,1,0,B07
Jessore,2023,2,1,B07
Jessore,2023,3,58,B07
Jessore,2023,4,62,B07
Jessore,2023,5,220,B07
Jessore,2023,6,162,B07
Jessore,2023,7,85,B07
Jessore,2023,8,309,B07
Jessore,2023,9,171,B07
Jessore,2023,10,200,B07
Jessore,2023,11,15,B07
Jessore,2023,12,104,B07
Jessore,2024,1,31,B07
Jessore,2024,2,14,B07
Jessore,2024,3,59,B07
Jessore,2024,4,0,B07
Jessore,2024,5,218,B07
Jessore,2024,6,51,B07
Jessore,2024,7,399,B07
Jessore,2024,8,735,B07
Jessore,2024,9,433,B07
Jessore,2024,10,233,B07
Jessore,2024,11,0,B07
Jessore,2024,12,2,B07
Khulna,2020,1,30,B07
Khulna,2020,2,2,B07
Khulna,2020,3,10,B07
Khulna,2020,4,179,B07
Khulna,2020,5,243,B07
Khulna,2020,6,350,B07
Khulna,2020,7,223,B07
Khulna,2020,8,265,B07
Khulna,2020,9,172,B07
Khulna,2020,10,90,B07
Khulna,2020,11,6,B07
Khulna,2020,12,0,B07
Khulna,2021,1,0,B07
Khulna,2021,2,3,B07
Khulna,2021,3,0,B07
Khulna,2021,4,2,B07
Khulna,2021,5,124,B07
Khulna,2021,6,468,B07
Khulna,2021,7,525,B07
Khulna,2021,8,203,B07
Khulna,2021,9,339,B07
Khulna,2021,10,234,B07
Khulna,2021,11,3,B07
Khulna,2021,12,66,B07
Khulna,2022,1,8,B07
Khulna,2022,2,75,B07
Khulna,2022,3,0,B07
Khulna,2022,4,12,B07
Khulna,2022,5,186,B07
Khulna,2022,6,76,B07
Khulna,2022,7,116,B07
Khulna,2022,8,184,B07
Khulna,2022,9,350,B07
Khulna,2022,10,292,B07
Khulna,2022,11,0,B07
Khulna,2022,12,0,B07
Khulna,2023,1,0,B07
Khulna,2023,2,0,B07
Khulna,2023,3,94,B07
Khulna,2023,4,34,B07
Khulna,2023,5,157,B07
Khulna,2023,6,228,B07
Khulna,2023,7,151,B07
Khulna,2023,8,294,B07
Khulna,2023,9,266,B07
Khulna,2023,10,165,B07
Khulna,2023,11,46,B07
Khulna,2023,12,23,B07
Khulna,2024,1,10,B07
Khulna,2024,2,53,B07
Khulna,2024,3,23,B07
Khulna,2024,4,7,B07
Khulna,2024,5,305,B07
Khulna,2024,6,63,B07
Khulna,2024,7,416,B07
Khulna,2024,8,468,B07
Khulna,2024,9,512,B07
Khulna,2024,10,243,B07
Khulna,2024,11,0,B07
Khulna,2024,12,5,B07
Mongla,2020,1,54,B07
Mongla,2020,2,3,B07
Mongla,2020,3,8,B07
Mongla,2020,4,103,B07
Mongla,2020,5,245,B07
Mongla,2020,6,429,B07
Mongla,2020,7,446,B07
Mongla,2020,8,401,B07
Mongla,2020,9,227,B07
Mongla,2020,10,326,B07
Mongla,2020,11,12,B07
Mongla,2020,12,0,B07
Mongla,2021,1,0,B07
Mongla,2021,2,0,B07
Mongla,2021,3,0,B07
Mongla,2021,4,0,B07
Mongla,2021,5,187,B07
Mongla,2021,6,430,B07
Mongla,2021,7,867,B07
Mongla,2021,8,338,B07
Mongla,2021,9,408,B07
Mongla,2021,10,251,B07
Mongla,2021,11,2,B07
Mongla,2021,12,60,B07
Mongla,2022,1,6,B07
Mongla,2022,2,29,B07
Mongla,2022,3,0,B07
Mongla,2022,4,1,B07
Mongla,2022,5,120,B07
Mongla,2022,6,212,B07
Mongla,2022,7,148,B07
Mongla,2022,8,261,B07
Mongla,2022,9,317,B07
Mongla,2022,10,434,B07
Mongla,2022,11,0,B07
Mongla,2022,12,0,B07
Mongla,2023,1,0,B07
Mongla,2023,2,0,B07
Mongla,2023,3,60,B07
Mongla,2023,4,84,B07
Mongla,2023,5,146,B07
Mongla,2023,6,349,B07
Mongla,2023,7,411,B07
Mongla,2023,8,485,B07
Mongla,2023,9,285,B07
Mongla,2023,10,265,B07
Mongla,2023,11,92,B07
Mongla,2023,12,1,B07
Mongla,2024,1,6,B07
Mongla,2024,2,18,B07
Mongla,2024,3,13,B07
Mongla,2024,4,11,B07
Mongla,2024,5,365,B07
Mongla,2024,6,295,B07
Mongla,2024,7,390,B07
Mongla,2024,8,956,B07
Mongla,2024,9,523,B07
Mongla,2024,10,262,B07
Mongla,2024,11,0,B07
Mongla,2024,12,5,B07
Satkhira,2020,1,34,B07
Satkhira,2020,2,2,B07
Satkhira,2020,3,86,B07
Satkhira,2020,4,20,B07
Satkhira,2020,5,316,B07
Satkhira,2020,6,295,B07
Satkhira,2020,7,266,B07
Satkhira,2020,8,423,B07
Satkhira,2020,9,79,B07
Satkhira,2020,10,66,B07
Satkhira,2020,11,5,B07
Satkhira,2020,12,0,B07
Satkhira,2021,1,0,B07
Satkhira,2021,2,3,B07
Satkhira,2021,3,0,B07
Satkhira,2021,4,1,B07
Satkhira,2021,5,122,B07
Satkhira,2021,6,440,B07
Satkhira,2021,7,472,B07
Satkhira,2021,8,248,B07
Satkhira,2021,9,351,B07
Satkhira,2021,10,217,B07
Satkhira,2021,11,3,B07
Satkhira,2021,12,87,B07
Satkhira,2022,1,15,B07
Satkhira,2022,2,67,B07
Satkhira,2022,3,0,B07
Satkhira,2022,4,2,B07
Satkhira,2022,5,170,B07
Satkhira,2022,6,82,B07
Satkhira,2022,7,186,B07
Satkhira,2022,8,198,B07
Satkhira,2022,9,300,B07
Satkhira,2022,10,123,B07
Satkhira,2022,11,0,B07
Satkhira,2022,12,0,B07
Satkhira,2023,1,0,B07
Satkhira,2023,2,2,B07
Satkhira,2023,3,76,B07
Satkhira,2023,4,68,B07
Satkhira,2023,5,173,B07
Satkhira,2023,6,277,B07
Satkhira,2023,7,173,B07
Satkhira,2023,8,427,B07
Satkhira,2023,9,95,B07
Satkhira,2023,10,176,B07
Satkhira,2023,11,2,B07
Satkhira,2023,12,21,B07
Satkhira,2024,1,46,B07
Satkhira,2024,2,65,B07
Satkhira,2024,3,27,B07
Satkhira,2024,4,29,B07
Satkhira,2024,5,343,B07
Satkhira,2024,6,39,B07
Satkhira,2024,7,277,B07
Satkhira,2024,8,664,B07
Satkhira,2024,9,407,B07
Satkhira,2024,10,291,B07
Satkhira,2024,11,0,B07
Satkhira,2024,12,7,B07
Barisal,2020,1,54,B07
Barisal,2020,2,2,B07
Barisal,2020,3,5,B07
Barisal,2020,4,178,B07
Barisal,2020,5,272,B07
Barisal,2020,6,327,B07
Barisal,2020,7,310,B07
Barisal,2020,8,453,B07
Barisal,2020,9,408,B07
Barisal,2020,10,278,B07
Barisal,2020,11,5,B07
Barisal,2020,12,0,B07
Barisal,2021,1,0,B07
Barisal,2021,2,1,B07
Barisal,2021,3,1,B07
Barisal,2021,4,0,B07
Barisal,2021,5,50,B07
Barisal,2021,6,404,B07
Barisal,2021,7,379,B07
Barisal,2021,8,296,B07
Barisal,2021,9,244,B07
Barisal,2021,10,277,B07
Barisal,2021,11,1,B07
Barisal,2021,12,66,B07
Barisal,2022,1,4,B07
Barisal,2022,2,33,B07
Barisal,2022,3,0,B07
Barisal,2022,4,6,B07
Barisal,2022,5,208,B07
Barisal,2022,6,289,B07
Barisal,2022,7,185,B07
Barisal,2022,8,331,B07
Barisal,2022,9,278,B07
Barisal,2022,10,476,B07
Barisal,2022,11,0,B07
Barisal,2022,12,1,B07
Barisal,2023,1,0,B07
Barisal,2023,2,0,B07
Barisal,2023,3,41,B07
Barisal,2023,4,17,B07
Barisal,2023,5,170,B07
Barisal,2023,6,199,B07
Barisal,2023,7,192,B07
Barisal,2023,8,620,B07
Barisal,2023,9,332,B07
Barisal,2023,10,303,B07
Barisal,2023,11,225,B07
Barisal,2023,12,4,B07
Barisal,2024,1,7,B07
Barisal,2024,2,18,B07
Barisal,2024,3,22,B07
Barisal,2024,4,23,B07
Barisal,2024,5,395,B07
Barisal,2024,6,103,B07
Barisal,2024,7,241,B07
Barisal,2024,8,862,B07
Barisal,2024,9,559,B07
Barisal,2024,10,301,B07
Barisal,2024,11,2,B07
Barisal,2024,12,3,B07
Bhola,2020,1,63,B07
Bhola,2020,2,2,B07
Bhola,2020,3,3,B07
Bhola,2020,4,283,B07
Bhola,2020,5,191,B07
Bhola,2020,6,387,B07
Bhola,2020,7,392,B07
Bhola,2020,8,430,B07
Bhola,2020,9,286,B07
Bhola,2020,10,346,B07
Bhola,2020,11,15,B07
Bhola,2020,12,0,B07
Bhola,2021,1,0,B07
Bhola,2021,2,1,B07
Bhola,2021,3,0,B07
Bhola,2021,4,2,B07
Bhola,2021,5,77,B07
Bhola,2021,6,654,B07
Bhola,2021,7,402,B07
Bhola,2021,8,363,B07
Bhola,2021,9,197,B07
Bhola,2021,10,240,B07
Bhola,2021,11,2,B07
Bhola,2021,12,67,B07
Bhola,2022,1,7,B07
Bhola,2022,2,23,B07
Bhola,2022,3,0,B07
Bhola,2022,4,38,B07
Bhola,2022,5,199,B07
Bhola,2022,6,324,B07
Bhola,2022,7,140,B07
Bhola,2022,8,289,B07
Bhola,2022,9,252,B07
Bhola,2022,10,415,B07
Bhola,2022,11,0,B07
Bhola,2022,12,3,B07
Bhola,2023,1,0,B07
Bhola,2023,2,0,B07
Bhola,2023,3,73,B07
Bhola,2023,4,40,B07
Bhola,2023,5,202,B07
Bhola,2023,6,299,B07
Bhola,2023,7,181,B07
Bhola,2023,8,647,B07
Bhola,2023,9,311,B07
Bhola,2023,10,249,B07
Bhola,2023,11,252,B07
Bhola,2023,12,7,B07
Bhola,2024,1,5,B07
Bhola,2024,2,11,B07
Bhola,2024,3,17,B07
Bhola,2024,4,36,B07
Bhola,2024,5,430,B07
Bhola,2024,6,145,B07
Bhola,2024,7,422,B07
Bhola,2024,8,1002,B07
Bhola,2024,9,616,B07
Bhola,2024,10,320,B07
Bhola,2024,11,10,B07
Bhola,2024,12,2,B07
Khepupara,2020,1,63,B07
Khepupara,2020,2,3,B07
Khepupara,2020,3,30,B07
Khepupara,2020,4,120,B07
Khepupara,2020,5,123,B07
Khepupara,2020,6,732,B07
Khepupara,2020,7,567,B07
Khepupara,2020,8,676,B07
Khepupara,2020,9,465,B07
Khepupara,2020,10,553,B07
Khepupara,2020,11,49,B07
Khepupara,2020,12,0,B07
Khepupara,2021,1,4,B07
Khepupara,2021,2,0,B07
Khepupara,2021,3,0,B07
Khepupara,2021,4,0,B07
Khepupara,2021,5,123,B07
Khepupara,2021,6,554,B07
Khepupara,2021,7,836,B07
Khepupara,2021,8,426,B07
Khepupara,2021,9,344,B07
Khepupara,2021,10,278,B07
Khepupara,2021,11,0,B07
Khepupara,2021,12,50,B07
Khepupara,2022,1,4,B07
Khepupara,2022,2,36,B07
Khepupara,2022,3,0,B07
Khepupara,2022,4,3,B07
Khepupara,2022,5,370,B07
Khepupara,2022,6,154,B07
Khepupara,2022,7,219,B07
Khepupara,2022,8,499,B07
Khepupara,2022,9,521,B07
Khepupara,2022,10,497,B07
Khepupara,2022,11,0,B07
Khepupara,2022,12,0,B07
Khepupara,2023,1,0,B07
Khepupara,2023,2,0,B07
Khepupara,2023,3,62,B07
Khepupara,2023,4,66,B07
Khepupara,2023,5,99,B07
Khepupara,2023,6,361,B07
Khepupara,2023,7,304,B07
Khepupara,2023,8,1305,B07
Khepupara,2023,9,544,B07
Khepupara,2023,10,332,B07
Khepupara,2023,11,166,B07
Khepupara,2023,12,0,B07
Khepupara,2024,1,13,B07
Khepupara,2024,2,1,B07
Khepupara,2024,3,22,B07
Khepupara,2024,4,3,B07
Khepupara,2024,5,326,B07
Khepupara,2024,6,259,B07
Khepupara,2024,7,841,B07
Khepupara,2024,8,1345,B07
Khepupara,2024,9,584,B07
Khepupara,2024,10,252,B07
Khepupara,2024,11,0,B07
Khepupara,2024,12,0,B07
Patuakhali,2020,1,35,B07
Patuakhali,2020,2,3,B07
Patuakhali,2020,3,29,B07
Patuakhali,2020,4,114,B07
Patuakhali,2020,5,226,B07
Patuakhali,2020,6,468,B07
Patuakhali,2020,7,497,B07
Patuakhali,2020,8,556,B07
Patuakhali,2020,9,425,B07
Patuakhali,2020,10,478,B07
Patuakhali,2020,11,11,B07
Patuakhali,2020,12,0,B07
Patuakhali,2021,1,0,B07
Patuakhali,2021,2,0,B07
Patuakhali,2021,3,0,B07
Patuakhali,2021,4,1,B07
Patuakhali,2021,5,70,B07
Patuakhali,2021,6,541,B07
Patuakhali,2021,7,780,B07
Patuakhali,2021,8,447,B07
Patuakhali,2021,9,296,B07
Patuakhali,2021,10,249,B07
Patuakhali,2021,11,2,B07
Patuakhali,2021,12,58,B07
Patuakhali,2022,1,6,B07
Patuakhali,2022,2,19,B07
Patuakhali,2022,3,0,B07
Patuakhali,2022,4,5,B07
Patuakhali,2022,5,216,B07
Patuakhali,2022,6,232,B07
Patuakhali,2022,7,285,B07
Patuakhali,2022,8,326,B07
Patuakhali,2022,9,296,B07
Patuakhali,2022,10,380,B07
Patuakhali,2022,11,0,B07
Patuakhali,2022,12,0,B07
Patuakhali,2023,1,0,B07
Patuakhali,2023,2,0,B07
Patuakhali,2023,3,95,B07
Patuakhali,2023,4,14,B07
Patuakhali,2023,5,130,B07
Patuakhali,2023,6,254,B07
Patuakhali,2023,7,270,B07
Patuakhali,2023,8,630,B07
Patuakhali,2023,9,421,B07
Patuakhali,2023,10,357,B07
Patuakhali,2023,11,211,B07
Patuakhali,2023,12,8,B07
Patuakhali,2024,1,7,B07
Patuakhali,2024,2,16,B07
Patuakhali,2024,3,10,B07
Patuakhali,2024,4,12,B07
Patuakhali,2024,5,540,B07
Patuakhali,2024,6,126,B07
Patuakhali,2024,7,610,B07
Patuakhali,2024,8,1018,B07
Patuakhali,2024,9,664,B07
Patuakhali,2024,10,277,B07
Patuakhali,2024,11,19,B07
Patuakhali,2024,12,4,B07
Chandpur,2020,1,35,B07
Chandpur,2020,2,2,B07
Chandpur,2020,3,30,B07
Chandpur,2020,4,374,B07
Chandpur,2020,5,207,B07
Chandpur,2020,6,251,B07
Chandpur,2020,7,293,B07
Chandpur,2020,8,404,B07
Chandpur,2020,9,224,B07
Chandpur,2020,10,332,B07
Chandpur,2020,11,17,B07
Chandpur,2020,12,0,B07
Chandpur,2021,1,2,B07
Chandpur,2021,2,0,B07
Chandpur,2021,3,2,B07
Chandpur,2021,4,3,B07
Chandpur,2021,5,87,B07
Chandpur,2021,6,437,B07
Chandpur,2021,7,391,B07
Chandpur,2021,8,419,B07
Chandpur,2021,9,261,B07
Chandpur,2021,10,196,B07
Chandpur,2021,11,34,B07
Chandpur,2021,12,126,B07
Chandpur,2022,1,6,B07
Chandpur,2022,2,46,B07
Chandpur,2022,3,0,B07
Chandpur,2022,4,78,B07
Chandpur,2022,5,317,B07
Chandpur,2022,6,305,B07
Chandpur,2022,7,129,B07
Chandpur,2022,8,144,B07
Chandpur,2022,9,216,B07
Chandpur,2022,10,422,B07
Chandpur,2022,11,0,B07
Chandpur,2022,12,0,B07
Chandpur,2023,1,0,B07
Chandpur,2023,2,0,B07
Chandpur,2023,3,175,B07
Chandpur,2023,4,102,B07
Chandpur,2023,5,243,B07
Chandpur,2023,6,167,B07
Chandpur,2023,7,198,B07
Chandpur,2023,8,596,B07
Chandpur,2023,9,179,B07
Chandpur,2023,10,188,B07
Chandpur,2023,11,245,B07
Chandpur,2023,12,33,B07
Chandpur,2024,1,3,B07
Chandpur,2024,2,22,B07
Chandpur,2024,3,93,B07
Chandpur,2024,4,37,B07
Chandpur,2024,5,420,B07
Chandpur,2024,6,22,B07
Chandpur,2024,7,327,B07
Chandpur,2024,8,785,B07
Chandpur,2024,9,524,B07
Chandpur,2024,10,441,B07
Chandpur,2024,11,4,B07
Chandpur,2024,12,2,B07
Ambagan (Ctg),2020,1,51,B07
Ambagan (Ctg),2020,2,4,B07
Ambagan (Ctg),2020,3,130,B07
Ambagan (Ctg),2020,4,137,B07
Ambagan (Ctg),2020,5,245,B07
Ambagan (Ctg),2020,6,420,B07
Ambagan (Ctg),2020,7,548,B07
Ambagan (Ctg),2020,8,480,B07
Ambagan (Ctg),2020,9,340,B07
Ambagan (Ctg),2020,10,216,B07
Ambagan (Ctg),2020,11,99,B07
Ambagan (Ctg),2020,12,0,B07
Ambagan (Ctg),2021,1,0,B07
Ambagan (Ctg),2021,2,0,B07
Ambagan (Ctg),2021,3,0,B07
Ambagan (Ctg),2021,4,19,B07
Ambagan (Ctg),2021,5,187,B07
Ambagan (Ctg),2021,6,743,B07
Ambagan (Ctg),2021,7,904,B07
Ambagan (Ctg),2021,8,685,B07
Ambagan (Ctg),2021,9,283,B07
Ambagan (Ctg),2021,10,380,B07
Ambagan (Ctg),2021,11,0,B07
Ambagan (Ctg),2021,12,79,B07
Ambagan (Ctg),2022,1,5,B07
Ambagan (Ctg),2022,2,15,B07
Ambagan (Ctg),2022,3,0,B07
Ambagan (Ctg),2022,4,34,B07
Ambagan (Ctg),2022,5,355,B07
Ambagan (Ctg),2022,6,717,B07
Ambagan (Ctg),2022,7,271,B07
Ambagan (Ctg),2022,8,152,B07
Ambagan (Ctg),2022,9,520,B07
Ambagan (Ctg),2022,10,185,B07
Ambagan (Ctg),2022,11,0,B07
Ambagan (Ctg),2022,12,4,B07
Ambagan (Ctg),2023,1,0,B07
Ambagan (Ctg),2023,2,1,B07
Ambagan (Ctg),2023,3,42,B07
Ambagan (Ctg),2023,4,57,B07
Ambagan (Ctg),2023,5,210,B07
Ambagan (Ctg),2023,6,362,B07
Ambagan (Ctg),2023,7,133,B07
Ambagan (Ctg),2023,8,1120,B07
Ambagan (Ctg),2023,9,191,B07
Ambagan (Ctg),2023,10,124,B07
Ambagan (Ctg),2023,11,83,B07
Ambagan (Ctg),2023,12,8,B07
Ambagan (Ctg),2024,1,6,B07
Ambagan (Ctg),2024,2,1,B07
Ambagan (Ctg),2024,3,17,B07
Ambagan (Ctg),2024,4,23,B07
Ambagan (Ctg),2024,5,550,B07
Ambagan (Ctg),2024,6,191,B07
Ambagan (Ctg),2024,7,592,B07
Ambagan (Ctg),2024,8,1094,B07
Ambagan (Ctg),2024,9,361,B07
Ambagan (Ctg),2024,10,79,B07
Ambagan (Ctg),2024,11,1,B07
Ambagan (Ctg),2024,12,1,B07
Chittagong (Patenga),2020,1,49,B07
Chittagong (Patenga),2020,2,5,B07
Chittagong (Patenga),2020,3,0,B07
Chittagong (Patenga),2020,4,129,B07
Chittagong (Patenga),2020,5,119,B07
Chittagong (Patenga),2020,6,399,B07
Chittagong (Patenga),2020,7,605,B07
Chittagong (Patenga),2020,8,680,B07
Chittagong (Patenga),2020,9,350,B07
Chittagong (Patenga),2020,10,338,B07
Chittagong (Patenga),2020,11,125,B07
Chittagong (Patenga),2020,12,0,B07
Chittagong (Patenga),2021,1,0,B07
Chittagong (Patenga),2021,2,0,B07
Chittagong (Patenga),2021,3,0,B07
Chittagong (Patenga),2021,4,2,B07
Chittagong (Patenga),2021,5,130,B07
Chittagong (Patenga),2021,6,793,B07
Chittagong (Patenga),2021,7,1071,B07
Chittagong (Patenga),2021,8,735,B07
Chittagong (Patenga),2021,9,364,B07
Chittagong (Patenga),2021,10,234,B07
Chittagong (Patenga),2021,11,0,B07
Chittagong (Patenga),2021,12,95,B07
Chittagong (Patenga),2022,1,1,B07
Chittagong (Patenga),2022,2,11,B07
Chittagong (Patenga),2022,3,0,B07
Chittagong (Patenga),2022,4,44,B07
Chittagong (Patenga),2022,5,345,B07
Chittagong (Patenga),2022,6,582,B07
Chittagong (Patenga),2022,7,271,B07
Chittagong (Patenga),2022,8,116,B07
Chittagong (Patenga),2022,9,386,B07
Chittagong (Patenga),2022,10,154,B07
Chittagong (Patenga),2022,11,0,B07
Chittagong (Patenga),2022,12,20,B07
Chittagong (Patenga),2023,1,1,B07
Chittagong (Patenga),2023,2,0,B07
Chittagong (Patenga),2023,3,29,B07
Chittagong (Patenga),2023,4,89,B07
Chittagong (Patenga),2023,5,162,B07
Chittagong (Patenga),2023,6,466,B07
Chittagong (Patenga),2023,7,95,B07
Chittagong (Patenga),2023,8,1110,B07
Chittagong (Patenga),2023,9,283,B07
Chittagong (Patenga),2023,10,194,B07
Chittagong (Patenga),2023,11,84,B07
Chittagong (Patenga),2023,12,9,B07
Chittagong (Patenga),2024,1,9,B07
Chittagong (Patenga),2024,2,2,B07
Chittagong (Patenga),2024,3,9,B07
Chittagong (Patenga),2024,4,32,B07
Chittagong (Patenga),2024,5,586,B07
Chittagong (Patenga),2024,6,261,B07
Chittagong (Patenga),2024,7,750,B07
Chittagong (Patenga),2024,8,1121,B07
Chittagong (Patenga),2024,9,583,B07
Chittagong (Patenga),2024,10,160,B07
Chittagong (Patenga),2024,11,11,B07
Chittagong (Patenga),2024,12,0,B07
Comilla,2020,1,39,B07
Comilla,2020,2,5,B07
Comilla,2020,3,2,B07
Comilla,2020,4,215,B07
Comilla,2020,5,298,B07
Comilla,2020,6,497,B07
Comilla,2020,7,470,B07
Comilla,2020,8,211,B07
Comilla,2020,9,303,B07
Comilla,2020,10,191,B07
Comilla,2020,11,45,B07
Comilla,2020,12,0,B07
Comilla,2021,1,0,B07
Comilla,2021,2,0,B07
Comilla,2021,3,0,B07
Comilla,2021,4,3,B07
Comilla,2021,5,132,B07
Comilla,2021,6,258,B07
Comilla,2021,7,636,B07
Comilla,2021,8,288,B07
Comilla,2021,9,544,B07
Comilla,2021,10,118,B07
Comilla,2021,11,36,B07
Comilla,2021,12,164,B07
Comilla,2022,1,6,B07
Comilla,2022,2,23,B07
Comilla,2022,3,10,B07
Comilla,2022,4,53,B07
Comilla,2022,5,279,B07
Comilla,2022,6,340,B07
Comilla,2022,7,144,B07
Comilla,2022,8,99,B07
Comilla,2022,9,262,B07
Comilla,2022,10,196,B07
Comilla,2022,11,0,B07
Comilla,2022,12,2,B07
Comilla,2023,1,0,B07
Comilla,2023,2,0,B07
Comilla,2023,3,96,B07
Comilla,2023,4,33,B07
Comilla,2023,5,114,B07
Comilla,2023,6,514,B07
Comilla,2023,7,226,B07
Comilla,2023,8,542,B07
Comilla,2023,9,303,B07
Comilla,2023,10,130,B07
Comilla,2023,11,122,B07
Comilla,2023,12,33,B07
Comilla,2024,1,2,B07
Comilla,2024,2,4,B07
Comilla,2024,3,73,B07
Comilla,2024,4,19,B07
Comilla,2024,5,300,B07
Comilla,2024,6,276,B07
Comilla,2024,7,224,B07
Comilla,2024,8,880,B07
Comilla,2024,9,327,B07
Comilla,2024,10,263,B07
Comilla,2024,11,11,B07
Comilla,2024,12,1,B07
Cox's Bazar,2020,1,27,B07
Cox's Bazar,2020,2,1,B07
Cox's Bazar,2020,3,0,B07
Cox's Bazar,2020,4,56,B07
Cox's Bazar,2020,5,189,B07
Cox's Bazar,2020,6,936,B07
Cox's Bazar,2020,7,934,B07
Cox's Bazar,2020,8,1068,B07
Cox's Bazar,2020,9,426,B07
Cox's Bazar,2020,10,430,B07
Cox's Bazar,2020,11,34,B07
Cox's Bazar,2020,12,0,B07
Cox's Bazar,2021,1,0,B07
Cox's Bazar,2021,2,0,B07
Cox's Bazar,2021,3,0,B07
Cox's Bazar,2021,4,46,B07
Cox's Bazar,2021,5,160,B07
Cox's Bazar,2021,6,731,B07
Cox's Bazar,2021,7,1097,B07
Cox's Bazar,2021,8,995,B07
Cox's Bazar,2021,9,206,B07
Cox's Bazar,2021,10,208,B07
Cox's Bazar,2021,11,0,B07
Cox's Bazar,2021,12,39,B07
Cox's Bazar,2022,1,8,B07
Cox's Bazar,2022,2,30,B07
Cox's Bazar,2022,3,4,B07
Cox's Bazar,2022,4,52,B07
Cox's Bazar,2022,5,237,B07
Cox's Bazar,2022,6,726,B07
Cox's Bazar,2022,7,167,B07
Cox's Bazar,2022,8,328,B07
Cox's Bazar,2022,9,412,B07
Cox's Bazar,2022,10,85,B07
Cox's Bazar,2022,11,0,B07
Cox's Bazar,2022,12,15,B07
Cox's Bazar,2023,1,0,B07
Cox's Bazar,2023,2,0,B07
Cox's Bazar,2023,3,30,B07
Cox's Bazar,2023,4,53,B07
Cox's Bazar,2023,5,154,B07
Cox's Bazar,2023,6,335,B07
Cox's Bazar,2023,7,251,B07
Cox's Bazar,2023,8,872,B07
Cox's Bazar,2023,9,278,B07
Cox's Bazar,2023,10,317,B07
Cox's Bazar,2023,11,95,B07
Cox's Bazar,2023,12,5,B07
Cox's Bazar,2024,1,7,B07
Cox's Bazar,2024,2,0,B07
Cox's Bazar,2024,3,15,B07
Cox's Bazar,2024,4,0,B07
Cox's Bazar,2024,5,214,B07
Cox's Bazar,2024,6,538,B07
Cox's Bazar,2024,7,1672,B07
Cox's Bazar,2024,8,1541,B07
Cox's Bazar,2024,9,924,B07
Cox's Bazar,2024,10,156,B07
Cox's Bazar,2024,11,17,B07
Cox's Bazar,2024,12,0,B07
Feni,2020,1,67,B07
Feni,2020,2,6,B07
Feni,2020,3,18,B07
Feni,2020,4,186,B07
Feni,2020,5,414,B07
Feni,2020,6,548,B07
Feni,2020,7,746,B07
Feni,2020,8,321,B07
Feni,2020,9,375,B07
Feni,2020,10,352,B07
Feni,2020,11,72,B07
Feni,2020,12,0,B07
Feni,2021,1,0,B07
Feni,2021,2,0,B07
Feni,2021,3,0,B07
Feni,2021,4,16,B07
Feni,2021,5,75,B07
Feni,2021,6,530,B07
Feni,2021,7,792,B07
Feni,2021,8,439,B07
Feni,2021,9,296,B07
Feni,2021,10,193,B07
Feni,2021,11,19,B07
Feni,2021,12,89,B07
Feni,2022,1,8,B07
Feni,2022,2,13,B07
Feni,2022,3,3,B07
Feni,2022,4,30,B07
Feni,2022,5,379,B07
Feni,2022,6,483,B07
Feni,2022,7,315,B07
Feni,2022,8,403,B07
Feni,2022,9,644,B07
Feni,2022,10,202,B07
Feni,2022,11,0,B07
Feni,2022,12,0,B07
Feni,2023,1,0,B07
Feni,2023,2,0,B07
Feni,2023,3,148,B07
Feni,2023,4,40,B07
Feni,2023,5,148,B07
Feni,2023,6,434,B07
Feni,2023,7,202,B07
Feni,2023,8,743,B07
Feni,2023,9,255,B07
Feni,2023,10,173,B07
Feni,2023,11,126,B07
Feni,2023,12,26,B07
Feni,2024,1,2,B07
Feni,2024,2,12,B07
Feni,2024,3,135,B07
Feni,2024,4,64,B07
Feni,2024,5,475,B07
Feni,2024,6,555,B07
Feni,2024,7,687,B07
Feni,2024,8,1787,B07
Feni,2024,9,346,B07
Feni,2024,10,151,B07
Feni,2024,11,2,B07
Feni,2024,12,5,B07
Hatiya,2020,1,47,B07
Hatiya,2020,2,6,B07
Hatiya,2020,3,8,B07
Hatiya,2020,4,245,B07
Hatiya,2020,5,312,B07
Hatiya,2020,6,664,B07
Hatiya,2020,7,546,B07
Hatiya,2020,8,758,B07
Hatiya,2020,9,584,B07
Hatiya,2020,10,408,B07
Hatiya,2020,11,85,B07
Hatiya,2020,12,0,B07
Hatiya,2021,1,1,B07
Hatiya,2021,2,0,B07
Hatiya,2021,3,0,B07
Hatiya,2021,4,2,B07
Hatiya,2021,5,170,B07
Hatiya,2021,6,953,B07
Hatiya,2021,7,795,B07
Hatiya,2021,8,801,B07
Hatiya,2021,9,322,B07
Hatiya,2021,10,169,B07
Hatiya,2021,11,0,B07
Hatiya,2021,12,67,B07
Hatiya,2022,1,5,B07
Hatiya,2022,2,13,B07
Hatiya,2022,3,0,B07
Hatiya,2022,4,69,B07
Hatiya,2022,5,291,B07
Hatiya,2022,6,558,B07
Hatiya,2022,7,303,B07
Hatiya,2022,8,449,B07
Hatiya,2022,9,167,B07
Hatiya,2022,10,342,B07
Hatiya,2022,11,5,B07
Hatiya,2022,12,8,B07
Hatiya,2023,1,0,B07
Hatiya,2023,2,0,B07
Hatiya,2023,3,65,B07
Hatiya,2023,4,54,B07
Hatiya,2023,5,239,B07
Hatiya,2023,6,564,B07
Hatiya,2023,7,490,B07
Hatiya,2023,8,846,B07
Hatiya,2023,9,495,B07
Hatiya,2023,10,307,B07
Hatiya,2023,11,133,B07
Hatiya,2023,12,5,B07
Hatiya,2024,1,12,B07
Hatiya,2024,2,28,B07
Hatiya,2024,3,43,B07
Hatiya,2024,4,24,B07
Hatiya,2024,5,417,B07
Hatiya,2024,6,341,B07
Hatiya,2024,7,526,B07
Hatiya,2024,8,1192,B07
Hatiya,2024,9,563,B07
Hatiya,2024,10,229,B07
Hatiya,2024,11,0,B07
Hatiya,2024,12,2,B07
Kutubdia,2020,1,40,B07
Kutubdia,2020,2,0,B07
Kutubdia,2020,3,0,B07
Kutubdia,2020,4,82,B07
Kutubdia,2020,5,305,B07
Kutubdia,2020,6,631,B07
Kutubdia,2020,7,879,B07
Kutubdia,2020,8,898,B07
Kutubdia,2020,9,215,B07
Kutubdia,2020,10,368,B07
Kutubdia,2020,11,55,B07
Kutubdia,2020,12,0,B07
Kutubdia,2021,1,0,B07
Kutubdia,2021,2,0,B07
Kutubdia,2021,3,0,B07
Kutubdia,2021,4,11,B07
Kutubdia,2021,5,100,B07
Kutubdia,2021,6,816,B07
Kutubdia,2021,7,1145,B07
Kutubdia,2021,8,893,B07
Kutubdia,2021,9,228,B07
Kutubdia,2021,10,215,B07
Kutubdia,2021,11,0,B07
Kutubdia,2021,12,85,B07
Kutubdia,2022,1,7,B07
Kutubdia,2022,2,15,B07
Kutubdia,2022,3,0,B07
Kutubdia,2022,4,40,B07
Kutubdia,2022,5,288,B07
Kutubdia,2022,6,546,B07
Kutubdia,2022,7,213,B07
Kutubdia,2022,8,97,B07
Kutubdia,2022,9,333,B07
Kutubdia,2022,10,169,B07
Kutubdia,2022,11,0,B07
Kutubdia,2022,12,0,B07
Kutubdia,2023,1,0,B07
Kutubdia,2023,2,0,B07
Kutubdia,2023,3,2,B07
Kutubdia,2023,4,57,B07
Kutubdia,2023,5,166,B07
Kutubdia,2023,6,289,B07
Kutubdia,2023,7,169,B07
Kutubdia,2023,8,850,B07
Kutubdia,2023,9,485,B07
Kutubdia,2023,10,261,B07
Kutubdia,2023,11,107,B07
Kutubdia,2023,12,0,B07
Kutubdia,2024,1,7,B07
Kutubdia,2024,2,0,B07
Kutubdia,2024,3,9,B07
Kutubdia,2024,4,0,B07
Kutubdia,2024,5,469,B07
Kutubdia,2024,6,515,B07
Kutubdia,2024,7,800,B07
Kutubdia,2024,8,1283,B07
Kutubdia,2024,9,622,B07
Kutubdia,2024,10,112,B07
Kutubdia,2024,11,1,B07
Kutubdia,2024,12,0,B07
Maijdi Court,2020,1,82,B07
Maijdi Court,2020,2,4,B07
Maijdi Court,2020,3,9,B07
Maijdi Court,2020,4,201,B07
Maijdi Court,2020,5,219,B07
Maijdi Court,2020,6,492,B07
Maijdi Court,2020,7,742,B07
Maijdi Court,2020,8,547,B07
Maijdi Court,2020,9,335,B07
Maijdi Court,2020,10,420,B07
Maijdi Court,2020,11,47,B07
Maijdi Court,2020,12,0,B07
Maijdi Court,2021,1,0,B07
Maijdi Court,2021,2,0,B07
Maijdi Court,2021,3,0,B07
Maijdi Court,2021,4,6,B07
Maijdi Court,2021,5,158,B07
Maijdi Court,2021,6,639,B07
Maijdi Court,2021,7,551,B07
Maijdi Court,2021,8,449,B07
Maijdi Court,2021,9,233,B07
Maijdi Court,2021,10,212,B07
Maijdi Court,2021,11,0,B07
Maijdi Court,2021,12,92,B07
Maijdi Court,2022,1,20,B07
Maijdi Court,2022,2,10,B07
Maijdi Court,2022,3,0,B07
Maijdi Court,2022,4,99,B07
Maijdi Court,2022,5,330,B07
Maijdi Court,2022,6,334,B07
Maijdi Court,2022,7,205,B07
Maijdi Court,2022,8,314,B07
Maijdi Court,2022,9,239,B07
Maijdi Court,2022,10,352,B07
Maijdi Court,2022,11,0,B07
Maijdi Court,2022,12,0,B07
Maijdi Court,2023,1,0,B07
Maijdi Court,2023,2,0,B07
Maijdi Court,2023,3,93,B07
Maijdi Court,2023,4,19,B07
Maijdi Court,2023,5,186,B07
Maijdi Court,2023,6,403,B07
Maijdi Court,2023,7,177,B07
Maijdi Court,2023,8,593,B07
Maijdi Court,2023,9,436,B07
Maijdi Court,2023,10,174,B07
Maijdi Court,2023,11,124,B07
Maijdi Court,2023,12,22,B07
Maijdi Court,2024,1,4,B07
Maijdi Court,2024,2,30,B07
Maijdi Court,2024,3,62,B07
Maijdi Court,2024,4,23,B07
Maijdi Court,2024,5,411,B07
Maijdi Court,2024,6,322,B07
Maijdi Court,2024,7,465,B07
Maijdi Court,2024,8,1646,B07
Maijdi Court,2024,9,532,B07
Maijdi Court,2024,10,327,B07
Maijdi Court,2024,11,5,B07
Maijdi Court,2024,12,0,B07
Rangamati,2020,1,52,B07
Rangamati,2020,2,5,B07
Rangamati,2020,3,0,B07
Rangamati,2020,4,147,B07
Rangamati,2020,5,340,B07
Rangamati,2020,6,350,B07
Rangamati,2020,7,433,B07
Rangamati,2020,8,213,B07
Rangamati,2020,9,289,B07
Rangamati,2020,10,324,B07
Rangamati,2020,11,34,B07
Rangamati,2020,12,0,B07
Rangamati,2021,1,0,B07
Rangamati,2021,2,0,B07
Rangamati,2021,3,0,B07
Rangamati,2021,4,32,B07
Rangamati,2021,5,99,B07
Rangamati,2021,6,375,B07
Rangamati,2021,7,478,B07
Rangamati,2021,8,568,B07
Rangamati,2021,9,231,B07
Rangamati,2021,10,146,B07
Rangamati,2021,11,0,B07
Rangamati,2021,12,73,B07
Rangamati,2022,1,11,B07
Rangamati,2022,2,8,B07
Rangamati,2022,3,0,B07
Rangamati,2022,4,64,B07
Rangamati,2022,5,332,B07
Rangamati,2022,6,550,B07
Rangamati,2022,7,385,B07
Rangamati,2022,8,345,B07
Rangamati,2022,9,243,B07
Rangamati,2022,10,157,B07
Rangamati,2022,11,4,B07
Rangamati,2022,12,4,B07
Rangamati,2023,1,0,B07
Rangamati,2023,2,0,B07
Rangamati,2023,3,47,B07
Rangamati,2023,4,66,B07
Rangamati,2023,5,84,B07
Rangamati,2023,6,411,B07
Rangamati,2023,7,197,B07
Rangamati,2023,8,1104,B07
Rangamati,2023,9,361,B07
Rangamati,2023,10,57,B07
Rangamati,2023,11,72,B07
Rangamati,2023,12,11,B07
Rangamati,2024,1,4,B07
Rangamati,2024,2,1,B07
Rangamati,2024,3,17,B07
Rangamati,2024,4,23,B07
Rangamati,2024,5,459,B07
Rangamati,2024,6,327,B07
Rangamati,2024,7,443,B07
Rangamati,2024,8,936,B07
Rangamati,2024,9,281,B07
Rangamati,2024,10,161,B07
Rangamati,2024,11,12,B07
Rangamati,2024,12,0,B07
Sandwip,2020,1,38,B07
Sandwip,2020,2,7,B07
Sandwip,2020,3,3,B07
Sandwip,2020,4,309,B07
Sandwip,2020,5,238,B07
Sandwip,2020,6,575,B07
Sandwip,2020,7,760,B07
Sandwip,2020,8,855,B07
Sandwip,2020,9,655,B07
Sandwip,2020,10,295,B07
Sandwip,2020,11,115,B07
Sandwip,2020,12,0,B07
Sandwip,2021,1,0,B07
Sandwip,2021,2,0,B07
Sandwip,2021,3,0,B07
Sandwip,2021,4,0,B07
Sandwip,2021,5,137,B07
Sandwip,2021,6,754,B07
Sandwip,2021,7,866,B07
Sandwip,2021,8,894,B07
Sandwip,2021,9,372,B07
Sandwip,2021,10,137,B07
Sandwip,2021,11,0,B07
Sandwip,2021,12,61,B07
Sandwip,2022,1,6,B07
Sandwip,2022,2,18,B07
Sandwip,2022,3,0,B07
Sandwip,2022,4,76,B07
Sandwip,2022,5,334,B07
Sandwip,2022,6,664,B07
Sandwip,2022,7,316,B07
Sandwip,2022,8,103,B07
Sandwip,2022,9,564,B07
Sandwip,2022,10,147,B07
Sandwip,2022,11,0,B07
Sandwip,2022,12,11,B07
Sandwip,2023,1,0,B07
Sandwip,2023,2,0,B07
Sandwip,2023,3,71,B07
Sandwip,2023,4,14,B07
Sandwip,2023,5,205,B07
Sandwip,2023,6,475,B07
Sandwip,2023,7,177,B07
Sandwip,2023,8,1045,B07
Sandwip,2023,9,558,B07
Sandwip,2023,10,259,B07
Sandwip,2023,11,102,B07
Sandwip,2023,12,21,B07
Sandwip,2024,1,5,B07
Sandwip,2024,2,2,B07
Sandwip,2024,3,45,B07
Sandwip,2024,4,20,B07
Sandwip,2024,5,395,B07
Sandwip,2024,6,532,B07
Sandwip,2024,7,715,B07
Sandwip,2024,8,1612,B07
Sandwip,2024,9,548,B07
Sandwip,2024,10,277,B07
Sandwip,2024,11,9,B07
Sandwip,2024,12,1,B07
Sitakunda,2020,1,46,B07
Sitakunda,2020,2,0,B07
Sitakunda,2020,3,0,B07
Sitakunda,2020,4,171,B07
Sitakunda,2020,5,244,B07
Sitakunda,2020,6,576,B07
Sitakunda,2020,7,711,B07
Sitakunda,2020,8,657,B07
Sitakunda,2020,9,550,B07
Sitakunda,2020,10,340,B07
Sitakunda,2020,11,54,B07
Sitakunda,2020,12,0,B07
Sitakunda,2021,1,0,B07
Sitakunda,2021,2,0,B07
Sitakunda,2021,3,0,B07
Sitakunda,2021,4,3,B07
Sitakunda,2021,5,74,B07
Sitakunda,2021,6,1072,B07
Sitakunda,2021,7,716,B07
Sitakunda,2021,8,672,B07
Sitakunda,2021,9,221,B07
Sitakunda,2021,10,196,B07
Sitakunda,2021,11,0,B07
Sitakunda,2021,12,66,B07
Sitakunda,2022,1,8,B07
Sitakunda,2022,2,18,B07
Sitakunda,2022,3,6,B07
Sitakunda,2022,4,75,B07
Sitakunda,2022,5,467,B07
Sitakunda,2022,6,723,B07
Sitakunda,2022,7,205,B07
Sitakunda,2022,8,123,B07
Sitakunda,2022,9,506,B07
Sitakunda,2022,10,143,B07
Sitakunda,2022,11,0,B07
Sitakunda,2022,12,50,B07
Sitakunda,2023,1,0,B07
Sitakunda,2023,2,0,B07
Sitakunda,2023,3,132,B07
Sitakunda,2023,4,85,B07
Sitakunda,2023,5,139,B07
Sitakunda,2023,6,473,B07
Sitakunda,2023,7,192,B07
Sitakunda,2023,8,1249,B07
Sitakunda,2023,9,322,B07
Sitakunda,2023,10,100,B07
Sitakunda,2023,11,12,B07
Sitakunda,2023,12,0,B07
Sitakunda,2024,1,2,B07
Sitakunda,2024,2,0,B07
Sitakunda,2024,3,10,B07
Sitakunda,2024,4,41,B07
Sitakunda,2024,5,300,B07
Sitakunda,2024,6,343,B07
Sitakunda,2024,7,742,B07
Sitakunda,2024,8,1517,B07
Sitakunda,2024,9,229,B07
Sitakunda,2024,10,132,B07
Sitakunda,2024,11,1,B07
Sitakunda,2024,12,0,B07
Teknaf,2020,1,12,B07
Teknaf,2020,2,0,B07
Teknaf,2020,3,0,B07
Teknaf,2020,4,74,B07
Teknaf,2020,5,227,B07
Teknaf,2020,6,636,B07
Teknaf,2020,7,911,B07
Teknaf,2020,8,1177,B07
Teknaf,2020,9,570,B07
Teknaf,2020,10,195,B07
Teknaf,2020,11,98,B07
Teknaf,2020,12,0,B07
Teknaf,2021,1,0,B07
Teknaf,2021,2,0,B07
Teknaf,2021,3,0,B07
Teknaf,2021,4,12,B07
Teknaf,2021,5,59,B07
Teknaf,2021,6,874,B07
Teknaf,2021,7,1068,B07
Teknaf,2021,8,703,B07
Teknaf,2021,9,173,B07
Teknaf,2021,10,134,B07
Teknaf,2021,11,0,B07
Teknaf,2021,12,21,B07
Teknaf,2022,1,0,B07
Teknaf,2022,2,5,B07
Teknaf,2022,3,0,B07
Teknaf,2022,4,33,B07
Teknaf,2022,5,260,B07
Teknaf,2022,6,875,B07
Teknaf,2022,7,282,B07
Teknaf,2022,8,529,B07
Teknaf,2022,9,443,B07
Teknaf,2022,10,174,B07
Teknaf,2022,11,27,B07
Teknaf,2022,12,0,B07
Teknaf,2023,1,0,B07
Teknaf,2023,2,0,B07
Teknaf,2023,3,12,B07
Teknaf,2023,4,11,B07
Teknaf,2023,5,92,B07
Teknaf,2023,6,381,B07
Teknaf,2023,7,375,B07
Teknaf,2023,8,0,B07
Teknaf,2023,9,0,B07
Teknaf,2023,10,0,B07
Teknaf,2023,11,0,B07
Teknaf,2023,12,0,B07
Teknaf,2024,1,0,B07
Teknaf,2024,2,0,B07
Teknaf,2024,3,9,B07
Teknaf,2024,4,0,B07
Teknaf,2024,5,194,B07
Ambagan (Ctg),2023,7,130,B59
Ambagan (Ctg),2023,8,1061,B59
Ambagan (Ctg),2023,9,197,B59
Ambagan (Ctg),2023,10,121,B59
Ambagan (Ctg),2023,11,81,B59
Ambagan (Ctg),2023,12,8,B59
Ambagan (Ctg),1999,1,0,B59
Ambagan (Ctg),1999,2,0,B59
Ambagan (Ctg),1999,3,1,B59
Ambagan (Ctg),1999,4,0,B59
Ambagan (Ctg),1999,5,403,B59
Ambagan (Ctg),1999,6,896,B59
Ambagan (Ctg),1999,7,609,B59
Ambagan (Ctg),1999,8,834,B59
Ambagan (Ctg),1999,9,244,B59
Ambagan (Ctg),1999,10,198,B59
Ambagan (Ctg),1999,11,11,B59
Ambagan (Ctg),1999,12,81,B59
Ambagan (Ctg),2000,1,34,B59
Ambagan (Ctg),2000,2,10,B59
Ambagan (Ctg),2000,3,46,B59
Ambagan (Ctg),2000,4,119,B59
Ambagan (Ctg),2000,5,464,B59
Ambagan (Ctg),2000,6,622,B59
Ambagan (Ctg),2000,7,708,B59
Ambagan (Ctg),2000,8,564,B59
Ambagan (Ctg),2000,9,165,B59
Ambagan (Ctg),2000,10,488,B59
Ambagan (Ctg),2000,11,15,B59
Ambagan (Ctg),2000,12,0,B59
Ambagan (Ctg),2001,1,0,B59
Ambagan (Ctg),2001,2,7,B59
Ambagan (Ctg),2001,3,8,B59
Ambagan (Ctg),2001,4,40,B59
Ambagan (Ctg),2001,5,461,B59
Ambagan (Ctg),2001,6,601,B59
Ambagan (Ctg),2001,7,385,B59
Ambagan (Ctg),2001,8,237,B59
Ambagan (Ctg),2001,9,226,B59
Ambagan (Ctg),2001,10,242,B59
Ambagan (Ctg),2001,11,81,B59
Ambagan (Ctg),2001,12,0,B59
Ambagan (Ctg),2002,1,1,B59
Ambagan (Ctg),2002,2,0,B59
Ambagan (Ctg),2002,3,70,B59
Ambagan (Ctg),2002,4,79,B59
Ambagan (Ctg),2002,5,453,B59
Ambagan (Ctg),2002,6,374,B59
Ambagan (Ctg),2002,7,920,B59
Ambagan (Ctg),2002,8,456,B59
Ambagan (Ctg),2002,9,145,B59
Ambagan (Ctg),2002,10,128,B59
Ambagan (Ctg),2002,11,128,B59
Ambagan (Ctg),2002,12,10,B59
Ambagan (Ctg),2003,1,0,B59
Ambagan (Ctg),2003,2,0,B59
Ambagan (Ctg),2003,3,53,B59
Ambagan (Ctg),2003,4,170,B59
Ambagan (Ctg),2003,5,198,B59
Ambagan (Ctg),2003,6,1209,B59
Ambagan (Ctg),2003,7,296,B59
Ambagan (Ctg),2003,8,260,B59
Ambagan (Ctg),2003,9,210,B59
Ambagan (Ctg),2003,10,234,B59
Ambagan (Ctg),2003,11,0,B59
Ambagan (Ctg),2003,12,66,B59
Ambagan (Ctg),2004,1,0,B59
Ambagan (Ctg),2004,2,0,B59
Ambagan (Ctg),2004,3,6,B59
Ambagan (Ctg),2004,4,165,B59
Ambagan (Ctg),2004,5,275,B59
Ambagan (Ctg),2004,6,638,B59
Ambagan (Ctg),2004,7,905,B59
Ambagan (Ctg),2004,8,142,B59
Ambagan (Ctg),2004,9,590,B59
Ambagan (Ctg),2004,10,203,B59
Ambagan (Ctg),2004,11,0,B59
Ambagan (Ctg),2004,12,0,B59
Ambagan (Ctg),2005,1,5,B59
Ambagan (Ctg),2005,2,0,B59
Ambagan (Ctg),2005,3,57,B59
Ambagan (Ctg),2005,4,121,B59
Ambagan (Ctg),2005,5,148,B59
Ambagan (Ctg),2005,6,233,B59
Ambagan (Ctg),2005,7,596,B59
Ambagan (Ctg),2005,8,654,B59
Ambagan (Ctg),2005,9,386,B59
Ambagan (Ctg),2005,10,100,B59
Ambagan (Ctg),2005,11,23,B59
Ambagan (Ctg),2005,12,8,B59
Ambagan (Ctg),2006,1,0,B59
Ambagan (Ctg),2006,2,0,B59
Ambagan (Ctg),2006,3,0,B59
Ambagan (Ctg),2006,4,50,B59
Ambagan (Ctg),2006,5,859,B59
Ambagan (Ctg),2006,6,288,B59
Ambagan (Ctg),2006,7,495,B59
Ambagan (Ctg),2006,8,138,B59
Ambagan (Ctg),2006,9,438,B59
Ambagan (Ctg),2006,10,91,B59
Ambagan (Ctg),2006,11,16,B59
Ambagan (Ctg),2006,12,0,B59
Ambagan (Ctg),2007,1,0,B59
Ambagan (Ctg),2007,2,49,B59
Ambagan (Ctg),2007,3,4,B59
Ambagan (Ctg),2007,4,223,B59
Ambagan (Ctg),2007,5,263,B59
Ambagan (Ctg),2007,6,953,B59
Ambagan (Ctg),2007,7,930,B59
Ambagan (Ctg),2007,8,589,B59
Ambagan (Ctg),2007,9,512,B59
Ambagan (Ctg),2007,10,635,B59
Ambagan (Ctg),2007,11,182,B59
Ambagan (Ctg),2007,12,0,B59
Ambagan (Ctg),2008,1,56,B59
Ambagan (Ctg),2008,2,13,B59
Ambagan (Ctg),2008,3,14,B59
Ambagan (Ctg),2008,4,1,B59
Ambagan (Ctg),2008,5,272,B59
Ambagan (Ctg),2008,6,618,B59
Ambagan (Ctg),2008,7,962,B59
Ambagan (Ctg),2008,8,809,B59
Ambagan (Ctg),2008,9,266,B59
Ambagan (Ctg),2008,10,216,B59
Ambagan (Ctg),2008,11,43,B59
Ambagan (Ctg),2008,12,0,B59
Ambagan (Ctg),2009,1,0,B59
Ambagan (Ctg),2009,2,0,B59
Ambagan (Ctg),2009,3,2,B59
Ambagan (Ctg),2009,4,125,B59
Ambagan (Ctg),2009,5,360,B59
Ambagan (Ctg),2009,6,408,B59
Ambagan (Ctg),2009,7,1025,B59
Ambagan (Ctg),2009,8,589,B59
Ambagan (Ctg),2009,9,261,B59
Ambagan (Ctg),2009,10,321,B59
Ambagan (Ctg),2009,11,39,B59
Ambagan (Ctg),2009,12,0,B59
Ambagan (Ctg),2010,1,0,B59
Ambagan (Ctg),2010,2,9,B59
Ambagan (Ctg),2010,3,50,B59
Ambagan (Ctg),2010,4,50,B59
Ambagan (Ctg),2010,5,282,B59
Ambagan (Ctg),2010,6,916,B59
Ambagan (Ctg),2010,7,245,B59
Ambagan (Ctg),2010,8,392,B59
Ambagan (Ctg),2010,9,86,B59
Ambagan (Ctg),2010,10,301,B59
Ambagan (Ctg),2010,11,52,B59
Ambagan (Ctg),2010,12,22,B59
Ambagan (Ctg),2011,1,0,B59
Ambagan (Ctg),2011,2,0,B59
Ambagan (Ctg),2011,3,35,B59
Ambagan (Ctg),2011,4,117,B59
Ambagan (Ctg),2011,5,355,B59
Ambagan (Ctg),2011,6,454,B59
Ambagan (Ctg),2011,7,613,B59
Ambagan (Ctg),2011,8,748,B59
Ambagan (Ctg),2011,9,740,B59
Ambagan (Ctg),2011,10,66,B59
Ambagan (Ctg),2011,11,0,B59
Ambagan (Ctg),2011,12,0,B59
Ambagan (Ctg),2012,1,0,B59
Ambagan (Ctg),2012,2,0,B59
Ambagan (Ctg),2012,3,31,B59
Ambagan (Ctg),2012,4,231,B59
Ambagan (Ctg),2012,5,114,B59
Ambagan (Ctg),2012,6,1268,B59
Ambagan (Ctg),2012,7,662,B59
Ambagan (Ctg),2012,8,300,B59
Ambagan (Ctg),2012,9,221,B59
Ambagan (Ctg),2012,10,445,B59
Ambagan (Ctg),2012,11,3,B59
Ambagan (Ctg),2012,12,0,B59
Ambagan (Ctg),2013,1,0,B59
Ambagan (Ctg),2013,2,1,B59
Ambagan (Ctg),2013,3,5,B59
Ambagan (Ctg),2013,4,58,B59
Ambagan (Ctg),2013,5,469,B59
Ambagan (Ctg),2013,6,504,B59
Ambagan (Ctg),2013,7,391,B59
Ambagan (Ctg),2013,8,243,B59
Ambagan (Ctg),2013,9,305,B59
Ambagan (Ctg),2013,10,403,B59
Ambagan (Ctg),2013,11,0,B59
Ambagan (Ctg),2013,12,0,B59
Ambagan (Ctg),2014,1,0,B59
Ambagan (Ctg),2014,2,40,B59
Ambagan (Ctg),2014,3,32,B59
Ambagan (Ctg),2014,4,30,B59
Ambagan (Ctg),2014,5,368,B59
Ambagan (Ctg),2014,6,1235,B59
Ambagan (Ctg),2014,7,389,B59
Ambagan (Ctg),2014,8,599,B59
Ambagan (Ctg),2014,9,355,B59
Ambagan (Ctg),2014,10,107,B59
Ambagan (Ctg),2014,11,1,B59
Ambagan (Ctg),2014,12,0,B59
Ambagan (Ctg),2015,1,4,B59
Ambagan (Ctg),2015,2,0,B59
Ambagan (Ctg),2015,3,18,B59
Ambagan (Ctg),2015,4,292,B59
Ambagan (Ctg),2015,5,110,B59
Ambagan (Ctg),2015,6,699,B59
Ambagan (Ctg),2015,7,1466,B59
Ambagan (Ctg),2015,8,586,B59
Ambagan (Ctg),2015,9,390,B59
Ambagan (Ctg),2015,10,349,B59
Ambagan (Ctg),2015,11,4,B59
Ambagan (Ctg),2015,12,9,B59
Ambagan (Ctg),2016,1,2,B59
Ambagan (Ctg),2016,2,17,B59
Ambagan (Ctg),2016,3,65,B59
Ambagan (Ctg),2016,4,36,B59
Ambagan (Ctg),2016,5,274,B59
Ambagan (Ctg),2016,6,268,B59
Ambagan (Ctg),2016,7,583,B59
Ambagan (Ctg),2016,8,390,B59
Ambagan (Ctg),2016,9,386,B59
Ambagan (Ctg),2016,10,157,B59
Ambagan (Ctg),2016,11,96,B59
Ambagan (Ctg),2016,12,0,B59
Ambagan (Ctg),2017,1,0,B59
Ambagan (Ctg),2017,2,0,B59
Ambagan (Ctg),2017,3,120,B59
Ambagan (Ctg),2017,4,419,B59
Ambagan (Ctg),2017,5,333,B59
Ambagan (Ctg),2017,6,753,B59
Ambagan (Ctg),2017,7,1036,B59
Ambagan (Ctg),2017,8,432,B59
Ambagan (Ctg),2017,9,593,B59
Ambagan (Ctg),2017,10,210,B59
Ambagan (Ctg),2017,11,0,B59
Ambagan (Ctg),2017,12,29,B59
Ambagan (Ctg),2018,1,13,B59
Ambagan (Ctg),2018,2,0,B59
Ambagan (Ctg),2018,3,12,B59
Ambagan (Ctg),2018,4,115,B59
Ambagan (Ctg),2018,5,348,B59
Ambagan (Ctg),2018,6,791,B59
Ambagan (Ctg),2018,7,751,B59
Ambagan (Ctg),2018,8,330,B59
Ambagan (Ctg),2018,9,152,B59
Ambagan (Ctg),2018,10,496,B59
Ambagan (Ctg),2018,11,2,B59
Ambagan (Ctg),2018,12,22,B59
Ambagan (Ctg),2019,1,0,B59
Ambagan (Ctg),2019,2,40,B59
Ambagan (Ctg),2019,3,12,B59
Ambagan (Ctg),2019,4,109,B59
Ambagan (Ctg),2019,5,205,B59
Ambagan (Ctg),2019,6,137,B59
Ambagan (Ctg),2019,7,1118,B59
Ambagan (Ctg),2019,8,530,B59
Ambagan (Ctg),2019,9,402,B59
Ambagan (Ctg),2019,10,206,B59
Ambagan (Ctg),2019,11,103,B59
Ambagan (Ctg),2019,12,8,B59
Ambagan (Ctg),2020,1,51,B59
Ambagan (Ctg),2020,2,4,B59
Ambagan (Ctg),2020,3,130,B59
Ambagan (Ctg),2020,4,137,B59
Ambagan (Ctg),2020,5,245,B59
Ambagan (Ctg),2020,6,420,B59
Ambagan (Ctg),2020,7,548,B59
Ambagan (Ctg),2020,8,480,B59
Ambagan (Ctg),2020,9,340,B59
Ambagan (Ctg),2020,10,216,B59
Ambagan (Ctg),2020,11,99,B59
Ambagan (Ctg),2022,1,5,B59
Ambagan (Ctg),2022,2,15,B59
Ambagan (Ctg),2022,3,0,B59
Ambagan (Ctg),2022,4,34,B59
Ambagan (Ctg),2022,5,355,B59
Ambagan (Ctg),2022,6,717,B59
Ambagan (Ctg),2022,7,271,B59
Ambagan (Ctg),2022,8,152,B59
Ambagan (Ctg),2022,9,520,B59
Ambagan (Ctg),2022,10,185,B59
Ambagan (Ctg),2022,11,0,B59
Ambagan (Ctg),2022,12,4,B59
Aricha,2023,7,66,B59
Aricha,2023,8,158,B59
Aricha,2023,9,157,B59
Aricha,2023,10,217,B59
Aricha,2023,11,19,B59
Aricha,2023,12,43,B59
Badalgachi,2020,12,0,B59
Badalgachi,2021,1,0,B59
Badalgachi,2021,2,0,B59
Badalgachi,2021,3,0,B59
Badalgachi,2021,4,11,B59
Badalgachi,2021,5,259,B59
Badalgachi,2021,6,541,B59
Badalgachi,2021,7,191,B59
Badalgachi,2021,8,370,B59
Badalgachi,2021,9,97,B59
Badalgachi,2021,10,109,B59
Badalgachi,2021,11,0,B59
Badalgachi,2021,12,0,B59
Badalgachi,2023,1,0,B59
Badalgachi,2023,2,0,B59
Badalgachi,2023,3,69,B59
Badalgachi,2023,4,26,B59
Badalgachi,2023,5,109,B59
Badalgachi,2023,6,123,B59
Badalgachi,2023,7,154,B59
Badalgachi,2023,8,418,B59
Badalgachi,2023,9,289,B59
Badalgachi,2023,10,103,B59
Badalgachi,2023,11,0,B59
Badalgachi,2023,12,20,B59
Baghabari,2023,7,115,B59
Baghabari,2023,8,217,B59
Baghabari,2023,9,57,B59
Baghabari,2023,10,195,B59
Baghabari,2023,11,7,B59
Baghabari,2023,12,40,B59
Bandarban,2023,7,416,B59
Bandarban,2023,8,1467,B59
Bandarban,2023,9,421,B59
Bandarban,2023,10,54,B59
Bandarban,2023,11,41,B59
Bandarban,2023,12,30,B59
Barisal,1949,1,0,B59
Barisal,1949,2,9,B59
Barisal,1949,3,8,B59
Barisal,1949,4,140,B59
Barisal,1949,5,217,B59
Barisal,1949,6,512,B59
Barisal,1949,7,575,B59
Barisal,1949,8,349,B59
Barisal,1949,9,252,B59
Barisal,1949,10,128,B59
Barisal,1949,11,41,B59
Barisal,1949,12,0,B59
Barisal,1950,1,0,B59
Barisal,1950,2,90,B59
Barisal,1950,3,13,B59
Barisal,1950,4,66,B59
Barisal,1950,5,87,B59
Barisal,1950,6,476,B59
Barisal,1950,7,546,B59
Barisal,1950,8,337,B59
Barisal,1950,9,187,B59
Barisal,1950,10,339,B59
Barisal,1950,11,98,B59
Barisal,1950,12,0,B59
Barisal,1951,1,0,B59
Barisal,1951,2,0,B59
Barisal,1951,3,67,B59
Barisal,1951,4,137,B59
Barisal,1951,5,114,B59
Barisal,1951,6,394,B59
Barisal,1951,7,375,B59
Barisal,1951,8,194,B59
Barisal,1951,9,286,B59
Barisal,1951,10,301,B59
Barisal,1951,11,31,B59
Barisal,1951,12,0,B59
Barisal,1953,1,10,B59
Barisal,1953,2,3,B59
Barisal,1953,3,3,B59
Barisal,1953,4,46,B59
Barisal,1953,5,339,B59
Barisal,1953,6,715,B59
Barisal,1953,7,526,B59
Barisal,1953,8,166,B59
Barisal,1953,9,174,B59
Barisal,1953,10,45,B59
Barisal,1953,11,0,B59
Barisal,1953,12,0,B59
Barisal,1954,1,0,B59
Barisal,1954,2,3,B59
Barisal,1954,3,56,B59
Barisal,1954,4,14,B59
Barisal,1954,5,70,B59
Barisal,1954,6,500,B59
Barisal,1954,7,260,B59
Barisal,1954,8,360,B59
Barisal,1954,9,144,B59
Barisal,1954,10,169,B59
Barisal,1954,11,1,B59
Barisal,1954,12,6,B59
Barisal,1956,1,17,B59
Barisal,1956,2,0,B59
Barisal,1956,3,20,B59
Barisal,1956,4,92,B59
Barisal,1956,5,343,B59
Barisal,1956,6,784,B59
Barisal,1956,7,319,B59
Barisal,1956,8,497,B59
Barisal,1956,9,700,B59
Barisal,1956,10,184,B59
Barisal,1956,11,46,B59
Barisal,1956,12,0,B59
Barisal,1957,1,104,B59
Barisal,1957,2,13,B59
Barisal,1957,3,0,B59
Barisal,1957,4,1,B59
Barisal,1957,5,22,B59
Barisal,1957,6,244,B59
Barisal,1957,7,564,B59
Barisal,1957,8,286,B59
Barisal,1957,9,216,B59
Barisal,1957,10,52,B59
Barisal,1957,11,0,B59
Barisal,1957,12,0,B59
Barisal,1958,1,0,B59
Barisal,1958,2,12,B59
Barisal,1958,4,129,B59
Barisal,1958,5,289,B59
Barisal,1958,6,171,B59
Barisal,1958,7,414,B59
Barisal,1958,8,268,B59
Barisal,1958,9,321,B59
Barisal,1958,10,208,B59
Barisal,1958,11,0,B59
Barisal,1958,12,0,B59
Barisal,1959,1,24,B59
Barisal,1959,2,5,B59
Barisal,1959,3,59,B59
Barisal,1959,4,59,B59
Barisal,1959,5,258,B59
Barisal,1959,6,377,B59
Barisal,1959,7,751,B59
Barisal,1959,8,621,B59
Barisal,1959,9,608,B59
Barisal,1959,10,475,B59
Barisal,1959,11,0,B59
Barisal,1959,12,0,B59
Barisal,1960,1,0,B59
Barisal,1960,2,0,B59
Barisal,1960,3,36,B59
Barisal,1960,4,13,B59
Barisal,1960,5,324,B59
Barisal,1960,6,433,B59
Barisal,1960,7,716,B59
Barisal,1960,8,823,B59
Barisal,1960,9,650,B59
Barisal,1960,10,316,B59
Barisal,1960,11,79,B59
Barisal,1960,12,0,B59
Barisal,1961,1,8,B59
Barisal,1961,2,43,B59
Barisal,1961,3,51,B59
Barisal,1961,4,44,B59
Barisal,1961,5,303,B59
Barisal,1961,6,553,B59
Barisal,1961,7,244,B59
Barisal,1961,8,529,B59
Barisal,1961,9,206,B59
Barisal,1961,10,108,B59
Barisal,1961,11,0,B59
Barisal,1961,12,0,B59
Barisal,1962,1,0,B59
Barisal,1962,2,44,B59
Barisal,1962,3,0,B59
Barisal,1962,4,1,B59
Barisal,1962,5,134,B59
Barisal,1962,6,325,B59
Barisal,1962,7,421,B59
Barisal,1962,8,229,B59
Barisal,1962,9,333,B59
Barisal,1962,10,154,B59
Barisal,1962,11,262,B59
Barisal,1962,12,0,B59
Barisal,1963,1,0,B59
Barisal,1963,2,0,B59
Barisal,1963,3,260,B59
Barisal,1963,4,54,B59
Barisal,1963,5,252,B59
Barisal,1963,6,232,B59
Barisal,1963,7,367,B59
Barisal,1963,8,234,B59
Barisal,1963,9,274,B59
Barisal,1963,10,385,B59
Barisal,1963,11,0,B59
Barisal,1963,12,0,B59
Barisal,1964,1,0,B59
Barisal,1964,2,0,B59
Barisal,1964,3,0,B59
Barisal,1964,4,0,B59
Barisal,1964,5,47,B59
Barisal,1964,6,225,B59
Barisal,1964,7,318,B59
Barisal,1964,8,254,B59
Barisal,1964,9,141,B59
Barisal,1964,10,214,B59
Barisal,1964,11,78,B59
Barisal,1964,12,0,B59
Barisal,1965,1,0,B59
Barisal,1965,2,44,B59
Barisal,1965,3,34,B59
Barisal,1965,4,53,B59
Barisal,1965,5,76,B59
Barisal,1965,6,370,B59
Barisal,1965,7,185,B59
Barisal,1965,8,346,B59
Barisal,1965,9,179,B59
Barisal,1965,10,171,B59
Barisal,1965,11,1,B59
Barisal,1965,12,16,B59
Barisal,1966,1,19,B59
Barisal,1966,2,0,B59
Barisal,1966,3,0,B59
Barisal,1966,4,1,B59
Barisal,1966,5,175,B59
Barisal,1966,6,416,B59
Barisal,1966,7,328,B59
Barisal,1966,8,434,B59
Barisal,1966,9,311,B59
Barisal,1966,10,317,B59
Barisal,1966,11,26,B59
Barisal,1966,12,53,B59
Barisal,1967,1,42,B59
Barisal,1967,2,0,B59
Barisal,1967,3,92,B59
Barisal,1967,4,105,B59
Barisal,1967,5,71,B59
Barisal,1967,6,159,B59
Barisal,1967,7,292,B59
Barisal,1967,8,228,B59
Barisal,1967,9,547,B59
Barisal,1967,10,342,B59
Barisal,1967,11,0,B59
Barisal,1967,12,0,B59
Barisal,1968,1,0,B59
Barisal,1968,2,14,B59
Barisal,1968,3,86,B59
Barisal,1968,4,64,B59
Barisal,1968,5,246,B59
Barisal,1968,6,847,B59
Barisal,1968,7,422,B59
Barisal,1968,8,331,B59
Barisal,1968,9,159,B59
Barisal,1968,10,231,B59
Barisal,1968,11,12,B59
Barisal,1968,12,0,B59
Barisal,1969,1,0,B59
Barisal,1969,2,0,B59
Barisal,1969,3,107,B59
Barisal,1969,4,82,B59
Barisal,1969,5,55,B59
Barisal,1969,6,347,B59
Barisal,1969,7,487,B59
Barisal,1969,8,546,B59
Barisal,1969,9,366,B59
Barisal,1969,10,45,B59
Barisal,1969,11,22,B59
Barisal,1969,12,0,B59
Barisal,1970,1,0,B59
Barisal,1970,2,24,B59
Barisal,1970,3,5,B59
Barisal,1970,4,91,B59
Barisal,1970,5,124,B59
Barisal,1970,6,408,B59
Barisal,1970,7,530,B59
Barisal,1970,8,317,B59
Barisal,1970,9,571,B59
Barisal,1970,10,253,B59
Barisal,1970,11,90,B59
Barisal,1970,12,0,B59
Barisal,1971,1,7,B59
Barisal,1971,2,1,B59
Barisal,1971,3,0,B59
Barisal,1971,4,104,B59
Barisal,1971,5,267,B59
Barisal,1971,6,503,B59
Barisal,1971,7,250,B59
Barisal,1971,8,233,B59
Barisal,1971,9,394,B59
Barisal,1971,10,152,B59
Barisal,1971,11,114,B59
Barisal,1971,12,0,B59
Barisal,1972,1,0,B59
Barisal,1972,2,58,B59
Barisal,1972,3,0,B59
Barisal,1972,4,121,B59
Barisal,1972,5,130,B59
Barisal,1972,6,262,B59
Barisal,1972,7,248,B59
Barisal,1972,8,458,B59
Barisal,1972,9,90,B59
Barisal,1972,10,29,B59
Barisal,1972,11,0,B59
Barisal,1972,12,0,B59
Barisal,1973,1,0,B59
Barisal,1973,2,12,B59
Barisal,1973,3,81,B59
Barisal,1973,4,42,B59
Barisal,1973,5,508,B59
Barisal,1973,6,502,B59
Barisal,1973,7,392,B59
Barisal,1973,8,266,B59
Barisal,1973,9,398,B59
Barisal,1973,10,308,B59
Barisal,1973,11,171,B59
Barisal,1973,12,197,B59
Barisal,1974,1,2,B59
Barisal,1974,2,0,B59
Barisal,1974,3,149,B59
Barisal,1974,4,187,B59
Barisal,1974,5,265,B59
Barisal,1974,6,289,B59
Barisal,1974,7,684,B59
Barisal,1974,8,238,B59
Barisal,1974,9,361,B59
Barisal,1974,10,153,B59
Barisal,1974,11,18,B59
Barisal,1974,12,0,B59
Barisal,1975,1,0,B59
Barisal,1975,2,1,B59
Barisal,1975,5,230,B59
Barisal,1975,6,353,B59
Barisal,1975,7,321,B59
Barisal,1975,8,351,B59
Barisal,1975,10,150,B59
Barisal,1975,11,44,B59
Barisal,1975,12,0,B59
Barisal,1976,1,0,B59
Barisal,1976,2,20,B59
Barisal,1976,3,2,B59
Barisal,1976,4,100,B59
Barisal,1976,5,164,B59
Barisal,1976,6,330,B59
Barisal,1976,7,350,B59
Barisal,1976,8,379,B59
Barisal,1976,9,305,B59
Barisal,1976,10,147,B59
Barisal,1976,11,23,B59
Barisal,1976,12,25,B59
Barisal,1977,1,9,B59
Barisal,1977,2,36,B59
Barisal,1977,3,0,B59
Barisal,1977,4,307,B59
Barisal,1977,5,157,B59
Barisal,1977,6,557,B59
Barisal,1977,7,299,B59
Barisal,1977,8,138,B59
Barisal,1977,9,237,B59
Barisal,1977,10,69,B59
Barisal,1977,11,53,B59
Barisal,1977,12,0,B59
Barisal,1978,1,0,B59
Barisal,1978,2,0,B59
Barisal,1978,3,14,B59
Barisal,1978,4,242,B59
Barisal,1978,5,387,B59
Barisal,1978,6,631,B59
Barisal,1978,7,409,B59
Barisal,1978,8,403,B59
Barisal,1978,9,300,B59
Barisal,1978,10,127,B59
Barisal,1978,11,3,B59
Barisal,1978,12,0,B59
Barisal,1979,1,1,B59
Barisal,1979,2,14,B59
Barisal,1979,3,30,B59
Barisal,1979,4,38,B59
Barisal,1979,5,67,B59
Barisal,1979,6,453,B59
Barisal,1979,7,559,B59
Barisal,1979,8,642,B59
Barisal,1979,9,316,B59
Barisal,1979,10,127,B59
Barisal,1979,11,31,B59
Barisal,1979,12,47,B59
Barisal,1980,1,0,B59
Barisal,1980,2,55,B59
Barisal,1980,3,47,B59
Barisal,1980,4,13,B59
Barisal,1980,5,235,B59
Barisal,1980,6,272,B59
Barisal,1980,7,526,B59
Barisal,1980,8,297,B59
Barisal,1980,9,192,B59
Barisal,1980,10,282,B59
Barisal,1980,11,0,B59
Barisal,1980,12,0,B59
Barisal,1981,1,24,B59
Barisal,1981,2,43,B59
Barisal,1981,3,115,B59
Barisal,1981,4,412,B59
Barisal,1981,5,280,B59
Barisal,1981,6,433,B59
Barisal,1981,7,521,B59
Barisal,1981,8,217,B59
Barisal,1981,9,173,B59
Barisal,1981,10,71,B59
Barisal,1981,11,0,B59
Barisal,1981,12,33,B59
Barisal,1982,1,0,B59
Barisal,1982,2,57,B59
Barisal,1982,3,17,B59
Barisal,1982,4,178,B59
Barisal,1982,5,65,B59
Barisal,1982,6,465,B59
Barisal,1982,7,223,B59
Barisal,1982,8,593,B59
Barisal,1982,9,219,B59
Barisal,1982,10,6,B59
Barisal,1982,11,34,B59
Barisal,1982,12,11,B59
Barisal,1983,1,8,B59
Barisal,1983,2,39,B59
Barisal,1983,3,18,B59
Barisal,1983,4,92,B59
Barisal,1983,5,318,B59
Barisal,1983,6,292,B59
Barisal,1983,7,399,B59
Barisal,1983,8,575,B59
Barisal,1983,9,312,B59
Barisal,1983,10,192,B59
Barisal,1983,11,48,B59
Barisal,1983,12,19,B59
Barisal,1984,1,16,B59
Barisal,1984,2,0,B59
Barisal,1984,3,1,B59
Barisal,1984,4,102,B59
Barisal,1984,5,283,B59
Barisal,1984,6,1025,B59
Barisal,1984,7,448,B59
Barisal,1984,8,431,B59
Barisal,1984,9,224,B59
Barisal,1984,10,118,B59
Barisal,1984,11,0,B59
Barisal,1984,12,1,B59
Barisal,1985,1,1,B59
Barisal,1985,2,2,B59
Barisal,1985,3,45,B59
Barisal,1985,4,64,B59
Barisal,1985,5,226,B59
Barisal,1985,6,322,B59
Barisal,1985,7,291,B59
Barisal,1985,8,308,B59
Barisal,1985,9,180,B59
Barisal,1985,10,198,B59
Barisal,1985,11,8,B59
Barisal,1985,12,0,B59
Barisal,1986,1,6,B59
Barisal,1986,2,0,B59
Barisal,1986,3,7,B59
Barisal,1986,4,102,B59
Barisal,1986,5,181,B59
Barisal,1986,6,254,B59
Barisal,1986,7,381,B59
Barisal,1986,8,252,B59
Barisal,1986,9,526,B59
Barisal,1986,10,135,B59
Barisal,1986,11,274,B59
Barisal,1986,12,1,B59
Barisal,1987,1,4,B59
Barisal,1987,2,3,B59
Barisal,1987,3,8,B59
Barisal,1987,4,150,B59
Barisal,1987,5,96,B59
Barisal,1987,6,185,B59
Barisal,1987,7,568,B59
Barisal,1987,8,683,B59
Barisal,1987,9,302,B59
Barisal,1987,10,93,B59
Barisal,1987,11,37,B59
Barisal,1987,12,0,B59
Barisal,1988,1,0,B59
Barisal,1988,2,22,B59
Barisal,1988,3,65,B59
Barisal,1988,4,96,B59
Barisal,1988,5,393,B59
Barisal,1988,6,565,B59
Barisal,1988,7,422,B59
Barisal,1988,8,459,B59
Barisal,1988,9,228,B59
Barisal,1988,10,101,B59
Barisal,1988,11,113,B59
Barisal,1988,12,0,B59
Barisal,1989,1,0,B59
Barisal,1989,2,14,B59
Barisal,1989,3,1,B59
Barisal,1989,4,89,B59
Barisal,1989,5,164,B59
Barisal,1989,6,206,B59
Barisal,1989,7,453,B59
Barisal,1989,8,203,B59
Barisal,1989,9,413,B59
Barisal,1989,10,451,B59
Barisal,1989,11,0,B59
Barisal,1989,12,0,B59
Barisal,1990,1,0,B59
Barisal,1990,2,79,B59
Barisal,1990,3,182,B59
Barisal,1990,4,139,B59
Barisal,1990,5,352,B59
Barisal,1990,6,386,B59
Barisal,1990,7,457,B59
Barisal,1990,8,299,B59
Barisal,1990,9,190,B59
Barisal,1990,10,194,B59
Barisal,1990,11,70,B59
Barisal,1990,12,30,B59
Barisal,1991,1,10,B59
Barisal,1991,2,14,B59
Barisal,1991,3,38,B59
Barisal,1991,4,53,B59
Barisal,1991,5,191,B59
Barisal,1991,6,562,B59
Barisal,1991,7,356,B59
Barisal,1991,8,369,B59
Barisal,1991,9,232,B59
Barisal,1991,10,497,B59
Barisal,1991,11,54,B59
Barisal,1991,12,16,B59
Barisal,1992,1,4,B59
Barisal,1992,2,98,B59
Barisal,1992,3,0,B59
Barisal,1992,4,1,B59
Barisal,1992,5,205,B59
Barisal,1992,6,190,B59
Barisal,1992,7,299,B59
Barisal,1992,8,326,B59
Barisal,1992,9,210,B59
Barisal,1992,10,98,B59
Barisal,1992,11,8,B59
Barisal,1992,12,0,B59
Barisal,1993,1,1,B59
Barisal,1993,2,35,B59
Barisal,1993,3,235,B59
Barisal,1993,4,216,B59
Barisal,1993,5,393,B59
Barisal,1993,6,390,B59
Barisal,1993,7,410,B59
Barisal,1993,8,493,B59
Barisal,1993,9,238,B59
Barisal,1993,10,134,B59
Barisal,1993,11,21,B59
Barisal,1993,12,0,B59
Barisal,1994,1,4,B59
Barisal,1994,2,13,B59
Barisal,1994,3,92,B59
Barisal,1994,4,101,B59
Barisal,1994,5,178,B59
Barisal,1994,6,571,B59
Barisal,1994,7,202,B59
Barisal,1994,8,378,B59
Barisal,1994,9,144,B59
Barisal,1994,10,87,B59
Barisal,1994,11,7,B59
Barisal,1994,12,0,B59
Barisal,1995,1,1,B59
Barisal,1995,2,62,B59
Barisal,1995,3,6,B59
Barisal,1995,4,12,B59
Barisal,1995,5,144,B59
Barisal,1995,6,657,B59
Barisal,1995,7,517,B59
Barisal,1995,8,342,B59
Barisal,1995,9,208,B59
Barisal,1995,10,156,B59
Barisal,1995,11,153,B59
Barisal,1995,12,0,B59
Barisal,1996,1,0,B59
Barisal,1996,2,19,B59
Barisal,1996,3,12,B59
Barisal,1996,4,131,B59
Barisal,1996,5,98,B59
Barisal,1996,6,446,B59
Barisal,1996,7,314,B59
Barisal,1996,8,322,B59
Barisal,1996,9,202,B59
Barisal,1996,10,270,B59
Barisal,1996,11,4,B59
Barisal,1996,12,1,B59
Barisal,1997,1,1,B59
Barisal,1997,2,30,B59
Barisal,1997,3,79,B59
Barisal,1997,4,203,B59
Barisal,1997,5,235,B59
Barisal,1997,6,205,B59
Barisal,1997,7,406,B59
Barisal,1997,8,191,B59
Barisal,1997,9,378,B59
Barisal,1997,10,7,B59
Barisal,1997,11,11,B59
Barisal,1997,12,12,B59
Barisal,1998,1,148,B59
Barisal,1998,2,54,B59
Barisal,1998,3,273,B59
Barisal,1998,4,251,B59
Barisal,1998,5,179,B59
Barisal,1998,6,208,B59
Barisal,1998,7,616,B59
Barisal,1998,8,516,B59
Barisal,1998,9,254,B59
Barisal,1998,10,89,B59
Barisal,1998,11,270,B59
Barisal,1998,12,0,B59
Barisal,1999,1,0,B59
Barisal,1999,2,0,B59
Barisal,1999,3,0,B59
Barisal,1999,4,20,B59
Barisal,1999,5,212,B59
Barisal,1999,6,260,B59
Barisal,1999,7,527,B59
Barisal,1999,8,404,B59
Barisal,1999,9,301,B59
Barisal,1999,10,228,B59
Barisal,1999,11,1,B59
Barisal,1999,12,2,B59
Barisal,2000,1,19,B59
Barisal,2000,2,16,B59
Barisal,2000,3,50,B59
Barisal,2000,4,135,B59
Barisal,2000,5,246,B59
Barisal,2000,6,286,B59
Barisal,2000,7,389,B59
Barisal,2000,8,203,B59
Barisal,2000,9,245,B59
Barisal,2000,10,171,B59
Barisal,2000,11,10,B59
Barisal,2000,12,0,B59
Barisal,2001,1,0,B59
Barisal,2001,2,17,B59
Barisal,2001,3,4,B59
Barisal,2001,4,16,B59
Barisal,2001,5,282,B59
Barisal,2001,6,641,B59
Barisal,2001,7,556,B59
Barisal,2001,8,191,B59
Barisal,2001,9,149,B59
Barisal,2001,10,305,B59
Barisal,2001,11,67,B59
Barisal,2001,12,0,B59
Barisal,2002,1,19,B59
Barisal,2002,2,0,B59
Barisal,2002,3,36,B59
Barisal,2002,4,101,B59
Barisal,2002,5,324,B59
Barisal,2002,6,577,B59
Barisal,2002,7,717,B59
Barisal,2002,8,272,B59
Barisal,2002,9,346,B59
Barisal,2002,10,53,B59
Barisal,2002,11,92,B59
Barisal,2002,12,0,B59
Barisal,2003,1,0,B59
Barisal,2003,2,4,B59
Barisal,2003,3,117,B59
Barisal,2003,4,104,B59
Barisal,2003,5,85,B59
Barisal,2003,6,521,B59
Barisal,2003,7,243,B59
Barisal,2003,8,186,B59
Barisal,2003,9,206,B59
Barisal,2003,10,301,B59
Barisal,2003,11,0,B59
Barisal,2003,12,28,B59
Barisal,2004,1,0,B59
Barisal,2004,2,0,B59
Barisal,2004,3,11,B59
Barisal,2004,4,87,B59
Barisal,2004,5,126,B59
Barisal,2004,6,316,B59
Barisal,2004,7,241,B59
Barisal,2004,8,478,B59
Barisal,2004,9,1067,B59
Barisal,2004,10,203,B59
Barisal,2004,11,0,B59
Barisal,2004,12,0,B59
Barisal,2005,1,11,B59
Barisal,2005,2,0,B59
Barisal,2005,3,138,B59
Barisal,2005,4,26,B59
Barisal,2005,5,85,B59
Barisal,2005,6,326,B59
Barisal,2005,7,463,B59
Barisal,2005,8,302,B59
Barisal,2005,9,174,B59
Barisal,2005,10,415,B59
Barisal,2005,11,0,B59
Barisal,2005,12,3,B59
Barisal,2006,1,0,B59
Barisal,2006,2,0,B59
Barisal,2006,3,4,B59
Barisal,2006,4,41,B59
Barisal,2006,5,274,B59
Barisal,2006,6,352,B59
Barisal,2006,7,384,B59
Barisal,2006,8,378,B59
Barisal,2006,9,522,B59
Barisal,2006,10,41,B59
Barisal,2006,11,2,B59
Barisal,2006,12,0,B59
Barisal,2007,1,0,B59
Barisal,2007,2,72,B59
Barisal,2007,3,33,B59
Barisal,2007,4,50,B59
Barisal,2007,5,146,B59
Barisal,2007,6,471,B59
Barisal,2007,7,560,B59
Barisal,2007,8,218,B59
Barisal,2007,9,326,B59
Barisal,2007,10,357,B59
Barisal,2007,11,95,B59
Barisal,2007,12,0,B59
Barisal,2008,1,41,B59
Barisal,2008,2,24,B59
Barisal,2008,3,22,B59
Barisal,2008,4,16,B59
Barisal,2008,5,64,B59
Barisal,2008,6,239,B59
Barisal,2008,7,550,B59
Barisal,2008,8,357,B59
Barisal,2008,9,210,B59
Barisal,2008,10,341,B59
Barisal,2008,11,0,B59
Barisal,2008,12,0,B59
Barisal,2009,1,0,B59
Barisal,2009,2,20,B59
Barisal,2009,3,13,B59
Barisal,2009,4,112,B59
Barisal,2009,5,133,B59
Barisal,2009,6,139,B59
Barisal,2009,7,542,B59
Barisal,2009,8,518,B59
Barisal,2009,9,168,B59
Barisal,2009,10,162,B59
Barisal,2009,11,13,B59
Barisal,2009,12,0,B59
Barisal,2010,1,0,B59
Barisal,2010,2,1,B59
Barisal,2010,3,1,B59
Barisal,2010,4,10,B59
Barisal,2010,5,212,B59
Barisal,2010,6,481,B59
Barisal,2010,7,251,B59
Barisal,2010,8,156,B59
Barisal,2010,9,184,B59
Barisal,2010,10,275,B59
Barisal,2010,11,64,B59
Barisal,2010,12,27,B59
Barisal,2011,1,0,B59
Barisal,2011,2,0,B59
Barisal,2011,3,34,B59
Barisal,2011,4,105,B59
Barisal,2011,5,153,B59
Barisal,2011,6,481,B59
Barisal,2011,7,314,B59
Barisal,2011,8,428,B59
Barisal,2011,9,337,B59
Barisal,2011,10,56,B59
Barisal,2011,11,1,B59
Barisal,2011,12,0,B59
Barisal,2012,1,31,B59
Barisal,2012,2,2,B59
Barisal,2012,3,11,B59
Barisal,2012,4,223,B59
Barisal,2012,5,105,B59
Barisal,2012,6,205,B59
Barisal,2012,7,275,B59
Barisal,2012,8,270,B59
Barisal,2012,9,381,B59
Barisal,2012,10,70,B59
Barisal,2012,11,44,B59
Barisal,2012,12,0,B59
Barisal,2013,1,0,B59
Barisal,2013,2,6,B59
Barisal,2013,3,5,B59
Barisal,2013,4,64,B59
Barisal,2013,5,701,B59
Barisal,2013,6,277,B59
Barisal,2013,7,377,B59
Barisal,2013,8,398,B59
Barisal,2013,9,312,B59
Barisal,2013,10,181,B59
Barisal,2013,11,0,B59
Barisal,2013,12,0,B59
Barisal,2014,1,0,B59
Barisal,2014,2,15,B59
Barisal,2014,3,13,B59
Barisal,2014,4,0,B59
Barisal,2014,5,235,B59
Barisal,2014,6,341,B59
Barisal,2014,7,277,B59
Barisal,2014,8,253,B59
Barisal,2014,9,254,B59
Barisal,2014,10,66,B59
Barisal,2014,11,0,B59
Barisal,2014,12,0,B59
Barisal,2015,1,3,B59
Barisal,2015,2,24,B59
Barisal,2015,3,18,B59
Barisal,2015,4,135,B59
Barisal,2015,5,72,B59
Barisal,2015,6,641,B59
Barisal,2015,7,785,B59
Barisal,2015,8,254,B59
Barisal,2015,9,352,B59
Barisal,2015,10,128,B59
Barisal,2015,11,19,B59
Barisal,2015,12,3,B59
Barisal,2016,1,1,B59
Barisal,2016,2,31,B59
Barisal,2016,3,8,B59
Barisal,2016,4,51,B59
Barisal,2016,5,438,B59
Barisal,2016,6,318,B59
Barisal,2016,7,497,B59
Barisal,2016,8,574,B59
Barisal,2016,9,286,B59
Barisal,2016,10,55,B59
Barisal,2016,11,92,B59
Barisal,2016,12,0,B59
Barisal,2017,1,0,B59
Barisal,2017,2,0,B59
Barisal,2017,3,59,B59
Barisal,2017,4,364,B59
Barisal,2017,5,118,B59
Barisal,2017,6,505,B59
Barisal,2017,7,550,B59
Barisal,2017,8,342,B59
Barisal,2017,9,228,B59
Barisal,2017,10,387,B59
Barisal,2017,11,14,B59
Barisal,2017,12,57,B59
Barisal,2018,1,0,B59
Barisal,2018,2,0,B59
Barisal,2018,3,9,B59
Barisal,2018,4,139,B59
Barisal,2018,5,259,B59
Barisal,2018,6,331,B59
Barisal,2018,7,294,B59
Barisal,2018,8,189,B59
Barisal,2018,9,82,B59
Barisal,2018,10,110,B59
Barisal,2018,11,1,B59
Barisal,2018,12,4,B59
Barisal,2019,1,0,B59
Barisal,2019,2,64,B59
Barisal,2019,3,29,B59
Barisal,2019,4,95,B59
Barisal,2019,5,139,B59
Barisal,2019,6,148,B59
Barisal,2019,7,454,B59
Barisal,2019,8,255,B59
Barisal,2019,9,238,B59
Barisal,2019,10,190,B59
Barisal,2019,11,365,B59
Barisal,2019,12,12,B59
Barisal,2020,1,54,B59
Barisal,2020,2,2,B59
Barisal,2020,3,5,B59
Barisal,2020,4,178,B59
Barisal,2020,5,272,B59
Barisal,2020,6,327,B59
Barisal,2020,7,310,B59
Barisal,2020,8,453,B59
Barisal,2020,9,408,B59
Barisal,2020,10,278,B59
Barisal,2020,11,5,B59
Barisal,2020,12,0,B59
Barisal,2021,1,0,B59
Barisal,2021,2,1,B59
Barisal,2021,3,1,B59
Barisal,2021,4,0,B59
Barisal,2021,5,60,B59
Barisal,2021,6,340,B59
Barisal,2021,7,399,B59
Barisal,2021,8,259,B59
Barisal,2021,9,244,B59
Barisal,2021,10,277,B59
Barisal,2021,11,0,B59
Barisal,2021,12,67,B59
Barisal,2023,1,0,B59
Barisal,2023,2,0,B59
Barisal,2023,3,51,B59
Barisal,2023,4,10,B59
Barisal,2023,5,172,B59
Barisal,2023,6,225,B59
Barisal,2023,7,182,B59
Barisal,2023,8,585,B59
Barisal,2023,9,340,B59
Barisal,2023,10,277,B59
Barisal,2023,11,225,B59
Barisal,2023,12,4,B59
Barisal,2022,1,4,B59
Barisal,2022,2,33,B59
Barisal,2022,3,0,B59
Barisal,2022,4,6,B59
Barisal,2022,5,208,B59
Barisal,2022,6,289,B59
Barisal,2022,7,185,B59
Barisal,2022,8,331,B59
Barisal,2022,9,278,B59
Barisal,2022,10,476,B59
Barisal,2022,11,0,B59
Barisal,2022,12,1,B59
Bhola,1966,1,0,B59
Bhola,1966,2,0,B59
Bhola,1966,3,0,B59
Bhola,1966,4,16,B59
Bhola,1966,5,121,B59
Bhola,1966,6,285,B59
Bhola,1966,7,194,B59
Bhola,1966,8,545,B59
Bhola,1966,9,373,B59
Bhola,1966,10,175,B59
Bhola,1966,11,21,B59
Bhola,1966,12,42,B59
Bhola,1967,1,14,B59
Bhola,1967,2,0,B59
Bhola,1967,3,60,B59
Bhola,1967,4,80,B59
Bhola,1967,5,95,B59
Bhola,1967,6,258,B59
Bhola,1967,7,572,B59
Bhola,1967,8,555,B59
Bhola,1967,9,334,B59
Bhola,1967,10,441,B59
Bhola,1967,11,1,B59
Bhola,1967,12,0,B59
Bhola,1968,1,0,B59
Bhola,1968,2,86,B59
Bhola,1968,3,0,B59
Bhola,1968,4,0,B59
Bhola,1968,5,0,B59
Bhola,1968,6,0,B59
Bhola,1968,7,505,B59
Bhola,1968,8,374,B59
Bhola,1968,9,122,B59
Bhola,1968,10,162,B59
Bhola,1968,11,6,B59
Bhola,1968,12,0,B59
Bhola,1969,1,0,B59
Bhola,1969,2,0,B59
Bhola,1969,3,399,B59
Bhola,1969,4,320,B59
Bhola,1969,5,45,B59
Bhola,1969,6,584,B59
Bhola,1969,7,662,B59
Bhola,1969,8,597,B59
Bhola,1969,9,456,B59
Bhola,1969,10,53,B59
Bhola,1969,11,0,B59
Bhola,1969,12,0,B59
Bhola,1970,1,0,B59
Bhola,1970,2,26,B59
Bhola,1970,3,4,B59
Bhola,1970,4,70,B59
Bhola,1970,5,69,B59
Bhola,1970,6,402,B59
Bhola,1970,7,233,B59
Bhola,1970,8,287,B59
Bhola,1970,9,503,B59
Bhola,1970,10,288,B59
Bhola,1970,11,9,B59
Bhola,1970,12,0,B59
Bhola,1971,1,0,B59
Bhola,1971,2,0,B59
Bhola,1971,3,0,B59
Bhola,1971,4,0,B59
Bhola,1971,5,247,B59
Bhola,1971,6,584,B59
Bhola,1971,7,409,B59
Bhola,1971,8,381,B59
Bhola,1971,9,409,B59
Bhola,1971,10,107,B59
Bhola,1971,11,1283,B59
Bhola,1971,12,0,B59
Bhola,1972,1,0,B59
Bhola,1972,2,13,B59
Bhola,1972,3,0,B59
Bhola,1972,4,59,B59
Bhola,1972,5,64,B59
Bhola,1972,6,512,B59
Bhola,1972,7,242,B59
Bhola,1972,8,586,B59
Bhola,1972,9,42,B59
Bhola,1972,10,167,B59
Bhola,1972,11,0,B59
Bhola,1972,12,0,B59
Bhola,1973,1,0,B59
Bhola,1973,2,0,B59
Bhola,1973,3,99,B59
Bhola,1973,4,53,B59
Bhola,1973,5,500,B59
Bhola,1973,7,445,B59
Bhola,1973,8,305,B59
Bhola,1973,11,197,B59
Bhola,1973,12,151,B59
Bhola,1974,1,0,B59
Bhola,1974,2,0,B59
Bhola,1974,3,218,B59
Bhola,1974,4,87,B59
Bhola,1974,5,207,B59
Bhola,1974,6,433,B59
Bhola,1974,7,817,B59
Bhola,1974,8,437,B59
Bhola,1974,9,341,B59
Bhola,1974,10,201,B59
Bhola,1974,11,53,B59
Bhola,1974,12,0,B59
Bhola,1975,1,0,B59
Bhola,1975,2,16,B59
Bhola,1975,3,0,B59
Bhola,1975,4,0,B59
Bhola,1975,5,161,B59
Bhola,1975,6,428,B59
Bhola,1975,7,597,B59
Bhola,1975,8,252,B59
Bhola,1975,9,320,B59
Bhola,1975,10,263,B59
Bhola,1975,11,149,B59
Bhola,1975,12,0,B59
Bhola,1976,1,0,B59
Bhola,1976,2,45,B59
Bhola,1976,3,1,B59
Bhola,1976,4,86,B59
Bhola,1976,5,281,B59
Bhola,1976,6,414,B59
Bhola,1976,7,530,B59
Bhola,1976,8,669,B59
Bhola,1976,9,212,B59
Bhola,1976,10,153,B59
Bhola,1976,11,42,B59
Bhola,1976,12,0,B59
Bhola,1977,1,60,B59
Bhola,1977,2,64,B59
Bhola,1977,3,0,B59
Bhola,1977,4,436,B59
Bhola,1977,5,319,B59
Bhola,1977,6,672,B59
Bhola,1977,7,462,B59
Bhola,1977,8,309,B59
Bhola,1977,9,327,B59
Bhola,1977,10,89,B59
Bhola,1977,11,137,B59
Bhola,1977,12,0,B59
Bhola,1978,1,0,B59
Bhola,1978,2,0,B59
Bhola,1978,3,1,B59
Bhola,1978,4,189,B59
Bhola,1978,5,517,B59
Bhola,1978,6,512,B59
Bhola,1978,7,514,B59
Bhola,1978,8,586,B59
Bhola,1978,9,438,B59
Bhola,1978,10,116,B59
Bhola,1978,11,6,B59
Bhola,1978,12,0,B59
Bhola,1980,1,0,B59
Bhola,1980,2,144,B59
Bhola,1980,3,144,B59
Bhola,1980,4,42,B59
Bhola,1980,5,749,B59
Bhola,1980,6,435,B59
Bhola,1980,7,678,B59
Bhola,1980,8,308,B59
Bhola,1980,9,180,B59
Bhola,1980,10,322,B59
Bhola,1980,11,0,B59
Bhola,1980,12,0,B59
Bhola,1981,1,51,B59
Bhola,1981,2,16,B59
Bhola,1981,3,119,B59
Bhola,1981,4,415,B59
Bhola,1981,5,258,B59
Bhola,1981,6,556,B59
Bhola,1981,7,561,B59
Bhola,1981,8,378,B59
Bhola,1981,9,265,B59
Bhola,1981,10,4,B59
Bhola,1981,11,0,B59
Bhola,1981,12,26,B59
Bhola,1982,1,0,B59
Bhola,1982,2,56,B59
Bhola,1982,3,16,B59
Bhola,1982,4,208,B59
Bhola,1982,5,93,B59
Bhola,1982,6,515,B59
Bhola,1982,7,261,B59
Bhola,1982,8,579,B59
Bhola,1982,9,246,B59
Bhola,1982,10,11,B59
Bhola,1982,11,29,B59
Bhola,1982,12,0,B59
Bhola,1983,1,10,B59
Bhola,1983,2,33,B59
Bhola,1983,3,17,B59
Bhola,1983,4,239,B59
Bhola,1983,5,434,B59
Bhola,1983,6,573,B59
Bhola,1983,7,526,B59
Bhola,1983,8,490,B59
Bhola,1983,9,353,B59
Bhola,1983,10,400,B59
Bhola,1983,11,41,B59
Bhola,1983,12,32,B59
Bhola,1984,1,9,B59
Bhola,1984,2,0,B59
Bhola,1984,3,0,B59
Bhola,1984,4,130,B59
Bhola,1984,5,230,B59
Bhola,1984,6,919,B59
Bhola,1984,7,445,B59
Bhola,1984,8,464,B59
Bhola,1984,9,297,B59
Bhola,1984,10,144,B59
Bhola,1984,11,0,B59
Bhola,1984,12,0,B59
Bhola,1985,1,3,B59
Bhola,1985,2,3,B59
Bhola,1985,3,67,B59
Bhola,1985,4,80,B59
Bhola,1985,5,438,B59
Bhola,1985,6,326,B59
Bhola,1985,7,298,B59
Bhola,1985,8,287,B59
Bhola,1985,9,238,B59
Bhola,1985,10,52,B59
Bhola,1985,11,24,B59
Bhola,1985,12,0,B59
Bhola,1986,1,10,B59
Bhola,1986,2,0,B59
Bhola,1986,3,1,B59
Bhola,1986,4,202,B59
Bhola,1986,5,308,B59
Bhola,1986,6,288,B59
Bhola,1986,7,458,B59
Bhola,1986,8,386,B59
Bhola,1986,9,563,B59
Bhola,1986,10,159,B59
Bhola,1986,11,236,B59
Bhola,1986,12,0,B59
Bhola,1987,1,1,B59
Bhola,1987,2,0,B59
Bhola,1987,3,20,B59
Bhola,1987,4,214,B59
Bhola,1987,5,139,B59
Bhola,1987,6,168,B59
Bhola,1987,7,660,B59
Bhola,1987,8,893,B59
Bhola,1987,9,182,B59
Bhola,1987,10,53,B59
Bhola,1987,11,20,B59
Bhola,1987,12,28,B59
Bhola,1988,1,0,B59
Bhola,1988,2,48,B59
Bhola,1988,3,68,B59
Bhola,1988,4,75,B59
Bhola,1988,5,381,B59
Bhola,1988,6,706,B59
Bhola,1988,7,417,B59
Bhola,1988,8,457,B59
Bhola,1988,9,258,B59
Bhola,1988,10,149,B59
Bhola,1988,11,89,B59
Bhola,1988,12,0,B59
Bhola,1989,1,0,B59
Bhola,1989,2,13,B59
Bhola,1989,3,0,B59
Bhola,1989,4,67,B59
Bhola,1989,5,128,B59
Bhola,1989,6,540,B59
Bhola,1989,7,385,B59
Bhola,1989,8,180,B59
Bhola,1989,9,378,B59
Bhola,1989,10,251,B59
Bhola,1989,11,0,B59
Bhola,1989,12,0,B59
Bhola,1990,1,0,B59
Bhola,1990,2,84,B59
Bhola,1990,3,155,B59
Bhola,1990,4,118,B59
Bhola,1990,5,249,B59
Bhola,1990,6,358,B59
Bhola,1990,7,370,B59
Bhola,1990,8,287,B59
Bhola,1990,9,199,B59
Bhola,1990,10,322,B59
Bhola,1990,11,83,B59
Bhola,1990,12,35,B59
Bhola,1991,1,17,B59
Bhola,1991,2,40,B59
Bhola,1991,3,37,B59
Bhola,1991,4,164,B59
Bhola,1991,5,162,B59
Bhola,1991,6,745,B59
Bhola,1991,7,390,B59
Bhola,1991,8,396,B59
Bhola,1991,9,361,B59
Bhola,1991,10,412,B59
Bhola,1991,11,3,B59
Bhola,1991,12,17,B59
Bhola,1992,1,1,B59
Bhola,1992,2,126,B59
Bhola,1992,3,0,B59
Bhola,1992,4,0,B59
Bhola,1992,5,208,B59
Bhola,1992,6,275,B59
Bhola,1992,7,363,B59
Bhola,1992,8,211,B59
Bhola,1992,9,280,B59
Bhola,1992,10,144,B59
Bhola,1992,11,0,B59
Bhola,1992,12,1,B59
Bhola,1993,1,0,B59
Bhola,1993,2,44,B59
Bhola,1993,3,236,B59
Bhola,1993,4,116,B59
Bhola,1993,5,315,B59
Bhola,1993,6,631,B59
Bhola,1993,7,473,B59
Bhola,1993,8,480,B59
Bhola,1993,9,219,B59
Bhola,1993,10,46,B59
Bhola,1993,11,33,B59
Bhola,1993,12,0,B59
Bhola,1994,1,2,B59
Bhola,1994,2,13,B59
Bhola,1994,3,110,B59
Bhola,1994,4,60,B59
Bhola,1994,5,230,B59
Bhola,1994,6,559,B59
Bhola,1994,7,328,B59
Bhola,1994,8,355,B59
Bhola,1994,9,87,B59
Bhola,1994,10,40,B59
Bhola,1994,11,5,B59
Bhola,1994,12,0,B59
Bhola,1995,1,1,B59
Bhola,1995,2,52,B59
Bhola,1995,3,5,B59
Bhola,1995,4,50,B59
Bhola,1995,5,173,B59
Bhola,1995,6,531,B59
Bhola,1995,7,399,B59
Bhola,1995,8,281,B59
Bhola,1995,9,304,B59
Bhola,1995,10,60,B59
Bhola,1995,11,182,B59
Bhola,1995,12,0,B59
Bhola,1996,1,0,B59
Bhola,1996,2,8,B59
Bhola,1996,3,49,B59
Bhola,1996,4,138,B59
Bhola,1996,5,128,B59
Bhola,1996,6,546,B59
Bhola,1996,7,292,B59
Bhola,1996,8,401,B59
Bhola,1996,9,142,B59
Bhola,1996,10,169,B59
Bhola,1996,11,6,B59
Bhola,1996,12,2,B59
Bhola,1997,1,1,B59
Bhola,1997,2,43,B59
Bhola,1997,3,93,B59
Bhola,1997,4,169,B59
Bhola,1997,5,259,B59
Bhola,1997,6,112,B59
Bhola,1997,7,523,B59
Bhola,1997,8,291,B59
Bhola,1997,9,439,B59
Bhola,1997,10,38,B59
Bhola,1997,11,0,B59
Bhola,1997,12,7,B59
Bhola,1998,1,54,B59
Bhola,1998,2,48,B59
Bhola,1998,3,193,B59
Bhola,1998,4,187,B59
Bhola,1998,5,264,B59
Bhola,1998,6,255,B59
Bhola,1998,7,500,B59
Bhola,1998,8,483,B59
Bhola,1998,9,263,B59
Bhola,1998,10,171,B59
Bhola,1998,11,124,B59
Bhola,1998,12,6,B59
Bhola,1999,1,0,B59
Bhola,1999,2,0,B59
Bhola,1999,3,0,B59
Bhola,1999,4,72,B59
Bhola,1999,5,319,B59
Bhola,1999,6,359,B59
Bhola,1999,7,590,B59
Bhola,1999,8,432,B59
Bhola,1999,9,398,B59
Bhola,1999,10,436,B59
Bhola,1999,11,0,B59
Bhola,1999,12,8,B59
Bhola,2000,1,42,B59
Bhola,2000,2,8,B59
Bhola,2000,3,61,B59
Bhola,2000,4,126,B59
Bhola,2000,5,279,B59
Bhola,2000,6,416,B59
Bhola,2000,7,432,B59
Bhola,2000,8,233,B59
Bhola,2000,9,206,B59
Bhola,2000,10,139,B59
Bhola,2000,11,89,B59
Bhola,2000,12,0,B59
Bhola,2001,1,0,B59
Bhola,2001,2,10,B59
Bhola,2001,3,4,B59
Bhola,2001,4,10,B59
Bhola,2001,5,450,B59
Bhola,2001,6,892,B59
Bhola,2001,7,406,B59
Bhola,2001,8,198,B59
Bhola,2001,9,218,B59
Bhola,2001,10,290,B59
Bhola,2001,11,60,B59
Bhola,2001,12,0,B59
Bhola,2002,1,22,B59
Bhola,2002,2,0,B59
Bhola,2002,3,24,B59
Bhola,2002,4,65,B59
Bhola,2002,5,294,B59
Bhola,2002,6,474,B59
Bhola,2002,7,576,B59
Bhola,2002,8,421,B59
Bhola,2002,9,320,B59
Bhola,2002,10,54,B59
Bhola,2002,11,74,B59
Bhola,2002,12,0,B59
Bhola,2003,1,0,B59
Bhola,2003,2,4,B59
Bhola,2003,3,48,B59
Bhola,2003,4,86,B59
Bhola,2003,5,101,B59
Bhola,2003,6,593,B59
Bhola,2003,7,255,B59
Bhola,2003,8,269,B59
Bhola,2003,9,170,B59
Bhola,2003,10,263,B59
Bhola,2003,11,0,B59
Bhola,2003,12,30,B59
Bhola,2004,1,0,B59
Bhola,2004,2,0,B59
Bhola,2004,3,11,B59
Bhola,2004,4,129,B59
Bhola,2004,5,157,B59
Bhola,2004,6,580,B59
Bhola,2004,7,467,B59
Bhola,2004,8,460,B59
Bhola,2004,9,993,B59
Bhola,2004,10,282,B59
Bhola,2004,11,1,B59
Bhola,2004,12,0,B59
Bhola,2005,1,7,B59
Bhola,2005,2,0,B59
Bhola,2005,3,106,B59
Bhola,2005,4,63,B59
Bhola,2005,5,87,B59
Bhola,2005,6,181,B59
Bhola,2005,7,860,B59
Bhola,2005,8,460,B59
Bhola,2005,9,197,B59
Bhola,2005,10,397,B59
Bhola,2005,11,0,B59
Bhola,2005,12,8,B59
Bhola,2006,1,0,B59
Bhola,2006,2,0,B59
Bhola,2006,3,7,B59
Bhola,2006,4,8,B59
Bhola,2006,5,399,B59
Bhola,2006,6,311,B59
Bhola,2006,7,353,B59
Bhola,2006,8,447,B59
Bhola,2006,9,626,B59
Bhola,2006,10,38,B59
Bhola,2006,11,0,B59
Bhola,2006,12,0,B59
Bhola,2007,1,0,B59
Bhola,2007,2,80,B59
Bhola,2007,3,27,B59
Bhola,2007,4,140,B59
Bhola,2007,5,140,B59
Bhola,2007,6,440,B59
Bhola,2007,7,511,B59
Bhola,2007,8,203,B59
Bhola,2007,9,411,B59
Bhola,2007,10,277,B59
Bhola,2007,11,99,B59
Bhola,2007,12,0,B59
Bhola,2008,1,23,B59
Bhola,2008,2,15,B59
Bhola,2008,3,4,B59
Bhola,2008,4,16,B59
Bhola,2008,5,162,B59
Bhola,2008,6,313,B59
Bhola,2008,7,729,B59
Bhola,2008,8,247,B59
Bhola,2008,9,155,B59
Bhola,2008,10,348,B59
Bhola,2008,11,0,B59
Bhola,2008,12,0,B59
Bhola,2009,1,0,B59
Bhola,2009,2,3,B59
Bhola,2009,3,6,B59
Bhola,2009,4,117,B59
Bhola,2009,5,244,B59
Bhola,2009,6,175,B59
Bhola,2009,7,544,B59
Bhola,2009,8,448,B59
Bhola,2009,9,219,B59
Bhola,2009,10,146,B59
Bhola,2009,11,18,B59
Bhola,2009,12,0,B59
Bhola,2010,1,0,B59
Bhola,2010,2,0,B59
Bhola,2010,3,1,B59
Bhola,2010,4,10,B59
Bhola,2010,5,195,B59
Bhola,2010,6,401,B59
Bhola,2010,7,353,B59
Bhola,2010,8,91,B59
Bhola,2010,9,232,B59
Bhola,2010,10,442,B59
Bhola,2010,11,39,B59
Bhola,2010,12,8,B59
Bhola,2011,1,0,B59
Bhola,2011,2,0,B59
Bhola,2011,3,32,B59
Bhola,2011,4,66,B59
Bhola,2011,5,317,B59
Bhola,2011,6,425,B59
Bhola,2011,7,398,B59
Bhola,2011,8,383,B59
Bhola,2011,9,331,B59
Bhola,2011,10,63,B59
Bhola,2011,11,0,B59
Bhola,2011,12,0,B59
Bhola,2012,1,6,B59
Bhola,2012,2,1,B59
Bhola,2012,3,8,B59
Bhola,2012,4,191,B59
Bhola,2012,5,96,B59
Bhola,2012,6,233,B59
Bhola,2012,7,323,B59
Bhola,2012,8,285,B59
Bhola,2012,9,191,B59
Bhola,2012,10,123,B59
Bhola,2012,11,35,B59
Bhola,2012,12,1,B59
Bhola,2013,1,0,B59
Bhola,2013,2,9,B59
Bhola,2013,3,0,B59
Bhola,2013,4,28,B59
Bhola,2013,5,655,B59
Bhola,2013,6,270,B59
Bhola,2013,7,327,B59
Bhola,2013,8,477,B59
Bhola,2013,9,228,B59
Bhola,2013,10,200,B59
Bhola,2013,11,0,B59
Bhola,2013,12,0,B59
Bhola,2014,1,0,B59
Bhola,2014,2,16,B59
Bhola,2014,3,14,B59
Bhola,2014,4,9,B59
Bhola,2014,5,129,B59
Bhola,2014,6,479,B59
Bhola,2014,7,299,B59
Bhola,2014,8,496,B59
Bhola,2014,9,269,B59
Bhola,2014,10,51,B59
Bhola,2014,11,0,B59
Bhola,2014,12,0,B59
Bhola,2015,1,1,B59
Bhola,2015,2,10,B59
Bhola,2015,3,42,B59
Bhola,2015,4,96,B59
Bhola,2015,5,76,B59
Bhola,2015,6,707,B59
Bhola,2015,7,743,B59
Bhola,2015,8,416,B59
Bhola,2015,9,372,B59
Bhola,2015,10,178,B59
Bhola,2015,11,6,B59
Bhola,2015,12,2,B59
Bhola,2016,1,2,B59
Bhola,2016,2,31,B59
Bhola,2016,3,24,B59
Bhola,2016,4,34,B59
Bhola,2016,5,473,B59
Bhola,2016,6,328,B59
Bhola,2016,7,378,B59
Bhola,2016,8,567,B59
Bhola,2016,9,277,B59
Bhola,2016,10,173,B59
Bhola,2016,11,173,B59
Bhola,2016,12,0,B59
Bhola,2017,1,0,B59
Bhola,2017,2,0,B59
Bhola,2017,3,130,B59
Bhola,2017,4,315,B59
Bhola,2017,5,99,B59
Bhola,2017,6,385,B59
Bhola,2017,7,551,B59
Bhola,2017,8,395,B59
Bhola,2017,9,274,B59
Bhola,2017,10,238,B59
Bhola,2017,11,17,B59
Bhola,2017,12,93,B59
Bhola,2018,1,0,B59
Bhola,2018,2,0,B59
Bhola,2018,3,2,B59
Bhola,2018,4,107,B59
Bhola,2018,5,300,B59
Bhola,2018,6,393,B59
Bhola,2018,7,286,B59
Bhola,2018,8,185,B59
Bhola,2018,9,124,B59
Bhola,2018,10,115,B59
Bhola,2018,11,0,B59
Bhola,2018,12,1,B59
Bhola,2019,1,0,B59
Bhola,2019,2,57,B59
Bhola,2019,3,44,B59
Bhola,2019,4,93,B59
Bhola,2019,5,146,B59
Bhola,2019,6,147,B59
Bhola,2019,7,407,B59
Bhola,2019,8,362,B59
Bhola,2019,9,268,B59
Bhola,2019,10,94,B59
Bhola,2019,11,259,B59
Bhola,2019,12,18,B59
Bhola,2020,1,63,B59
Bhola,2020,2,2,B59
Bhola,2020,3,3,B59
Bhola,2020,4,283,B59
Bhola,2020,5,191,B59
Bhola,2020,6,387,B59
Bhola,2020,7,392,B59
Bhola,2020,8,430,B59
Bhola,2020,9,286,B59
Bhola,2020,10,346,B59
Bhola,2020,11,15,B59
Bhola,2020,12,0,B59
Bhola,2021,1,0,B59
Bhola,2021,2,1,B59
Bhola,2021,3,0,B59
Bhola,2021,4,1,B59
Bhola,2021,5,104,B59
Bhola,2021,6,638,B59
Bhola,2021,7,392,B59
Bhola,2021,8,329,B59
Bhola,2021,9,196,B59
Bhola,2021,10,228,B59
Bhola,2021,11,2,B59
Bhola,2021,12,68,B59
Bhola,2023,1,0,B59
Bhola,2023,2,0,B59
Bhola,2023,3,100,B59
Bhola,2023,4,13,B59
Bhola,2023,5,202,B59
Bhola,2023,6,366,B59
Bhola,2023,7,149,B59
Bhola,2023,8,615,B59
Bhola,2023,9,319,B59
Bhola,2023,10,240,B59
Bhola,2023,11,253,B59
Bhola,2023,12,7,B59
Bhola,2022,1,7,B59
Bhola,2022,2,23,B59
Bhola,2022,3,0,B59
Bhola,2022,4,38,B59
Bhola,2022,5,199,B59
Bhola,2022,6,324,B59
Bhola,2022,7,140,B59
Bhola,2022,8,289,B59
Bhola,2022,9,252,B59
Bhola,2022,10,415,B59
Bhola,2022,11,0,B59
Bhola,2022,12,3,B59
Bogura,1948,2,5,B59
Bogura,1948,3,3,B59
Bogura,1948,4,110,B59
Bogura,1948,5,297,B59
Bogura,1948,7,271,B59
Bogura,1948,8,424,B59
Bogura,1948,9,223,B59
Bogura,1948,10,304,B59
Bogura,1948,11,22,B59
Bogura,1948,12,0,B59
Bogura,1949,1,2,B59
Bogura,1949,2,0,B59
Bogura,1949,3,0,B59
Bogura,1949,4,154,B59
Bogura,1949,7,286,B59
Bogura,1949,8,288,B59
Bogura,1949,10,21,B59
Bogura,1949,11,0,B59
Bogura,1949,12,0,B59
Bogura,1950,1,0,B59
Bogura,1950,2,18,B59
Bogura,1950,3,36,B59
Bogura,1950,4,2,B59
Bogura,1950,5,123,B59
Bogura,1950,6,180,B59
Bogura,1950,7,158,B59
Bogura,1950,8,555,B59
Bogura,1950,9,102,B59
Bogura,1950,10,182,B59
Bogura,1950,11,21,B59
Bogura,1950,12,0,B59
Bogura,1951,1,5,B59
Bogura,1951,2,0,B59
Bogura,1951,3,13,B59
Bogura,1951,4,0,B59
Bogura,1951,5,90,B59
Bogura,1951,6,351,B59
Bogura,1951,7,390,B59
Bogura,1951,8,226,B59
Bogura,1951,9,86,B59
Bogura,1951,10,169,B59
Bogura,1951,11,21,B59
Bogura,1951,12,0,B59
Bogura,1952,1,0,B59
Bogura,1952,2,0,B59
Bogura,1952,3,13,B59
Bogura,1952,4,192,B59
Bogura,1952,5,114,B59
Bogura,1952,6,393,B59
Bogura,1952,7,336,B59
Bogura,1952,8,203,B59
Bogura,1952,9,376,B59
Bogura,1952,10,234,B59
Bogura,1952,11,66,B59
Bogura,1952,12,0,B59
Bogura,1953,1,8,B59
Bogura,1953,2,9,B59
Bogura,1953,3,90,B59
Bogura,1953,4,32,B59
Bogura,1953,5,146,B59
Bogura,1953,6,140,B59
Bogura,1953,7,57,B59
Bogura,1953,8,128,B59
Bogura,1953,9,346,B59
Bogura,1953,10,93,B59
Bogura,1953,11,4,B59
Bogura,1953,12,0,B59
Bogura,1954,1,17,B59
Bogura,1954,2,19,B59
Bogura,1954,3,0,B59
Bogura,1954,4,14,B59
Bogura,1954,5,145,B59
Bogura,1954,6,597,B59
Bogura,1954,7,501,B59
Bogura,1954,8,283,B59
Bogura,1954,9,221,B59
Bogura,1954,10,88,B59
Bogura,1954,11,0,B59
Bogura,1954,12,5,B59
Bogura,1955,1,8,B59
Bogura,1955,2,6,B59
Bogura,1955,3,30,B59
Bogura,1955,4,50,B59
Bogura,1955,5,240,B59
Bogura,1955,6,332,B59
Bogura,1955,7,504,B59
Bogura,1955,8,505,B59
Bogura,1955,9,332,B59
Bogura,1955,10,142,B59
Bogura,1955,11,44,B59
Bogura,1955,12,0,B59
Bogura,1956,1,8,B59
Bogura,1956,2,2,B59
Bogura,1956,3,48,B59
Bogura,1956,4,49,B59
Bogura,1956,5,177,B59
Bogura,1956,6,467,B59
Bogura,1956,7,145,B59
Bogura,1956,8,515,B59
Bogura,1956,9,154,B59
Bogura,1956,10,276,B59
Bogura,1956,11,23,B59
Bogura,1956,12,8,B59
Bogura,1957,1,48,B59
Bogura,1957,2,32,B59
Bogura,1957,3,35,B59
Bogura,1957,4,0,B59
Bogura,1957,5,0,B59
Bogura,1957,6,287,B59
Bogura,1957,7,489,B59
Bogura,1957,8,197,B59
Bogura,1957,9,173,B59
Bogura,1957,10,83,B59
Bogura,1957,11,0,B59
Bogura,1957,12,0,B59
Bogura,1958,1,1,B59
Bogura,1958,2,49,B59
Bogura,1958,3,254,B59
Bogura,1958,4,43,B59
Bogura,1958,5,121,B59
Bogura,1958,6,161,B59
Bogura,1958,7,372,B59
Bogura,1958,8,442,B59
Bogura,1958,9,303,B59
Bogura,1958,10,83,B59
Bogura,1958,11,5,B59
Bogura,1958,12,0,B59
Bogura,1959,1,35,B59
Bogura,1959,2,0,B59
Bogura,1959,3,119,B59
Bogura,1959,4,51,B59
Bogura,1959,5,180,B59
Bogura,1959,6,285,B59
Bogura,1959,7,125,B59
Bogura,1959,8,722,B59
Bogura,1959,9,312,B59
Bogura,1959,10,633,B59
Bogura,1959,11,0,B59
Bogura,1959,12,0,B59
Bogura,1960,1,0,B59
Bogura,1960,2,0,B59
Bogura,1960,3,34,B59
Bogura,1960,4,0,B59
Bogura,1960,5,187,B59
Bogura,1960,6,107,B59
Bogura,1960,7,311,B59
Bogura,1960,8,254,B59
Bogura,1960,9,406,B59
Bogura,1960,10,41,B59
Bogura,1960,11,6,B59
Bogura,1960,12,0,B59
Bogura,1961,1,24,B59
Bogura,1961,2,27,B59
Bogura,1961,3,1,B59
Bogura,1961,4,31,B59
Bogura,1961,5,130,B59
Bogura,1961,6,319,B59
Bogura,1961,7,152,B59
Bogura,1961,8,492,B59
Bogura,1961,9,101,B59
Bogura,1961,10,212,B59
Bogura,1961,11,4,B59
Bogura,1961,12,0,B59
Bogura,1962,1,9,B59
Bogura,1962,2,16,B59
Bogura,1962,3,1,B59
Bogura,1962,4,12,B59
Bogura,1962,5,287,B59
Bogura,1962,6,203,B59
Bogura,1962,7,278,B59
Bogura,1962,8,224,B59
Bogura,1962,9,65,B59
Bogura,1962,10,37,B59
Bogura,1962,11,0,B59
Bogura,1962,12,0,B59
Bogura,1963,1,0,B59
Bogura,1963,2,0,B59
Bogura,1963,3,13,B59
Bogura,1963,4,48,B59
Bogura,1963,5,187,B59
Bogura,1963,6,380,B59
Bogura,1963,7,457,B59
Bogura,1963,8,206,B59
Bogura,1963,9,161,B59
Bogura,1963,10,224,B59
Bogura,1963,11,17,B59
Bogura,1963,12,1,B59
Bogura,1964,1,0,B59
Bogura,1964,2,10,B59
Bogura,1964,3,21,B59
Bogura,1964,4,69,B59
Bogura,1964,6,263,B59
Bogura,1964,7,461,B59
Bogura,1964,8,188,B59
Bogura,1964,9,245,B59
Bogura,1964,10,212,B59
Bogura,1964,11,0,B59
Bogura,1964,12,0,B59
Bogura,1965,1,0,B59
Bogura,1965,2,13,B59
Bogura,1965,3,1,B59
Bogura,1965,4,14,B59
Bogura,1965,5,30,B59
Bogura,1965,6,240,B59
Bogura,1965,7,546,B59
Bogura,1965,8,458,B59
Bogura,1965,9,188,B59
Bogura,1965,10,45,B59
Bogura,1965,11,13,B59
Bogura,1965,12,2,B59
Bogura,1966,1,40,B59
Bogura,1966,2,0,B59
Bogura,1966,3,1,B59
Bogura,1966,4,19,B59
Bogura,1966,5,87,B59
Bogura,1966,6,155,B59
Bogura,1966,7,246,B59
Bogura,1966,8,342,B59
Bogura,1966,9,178,B59
Bogura,1966,10,115,B59
Bogura,1966,11,38,B59
Bogura,1966,12,13,B59
Bogura,1967,1,13,B59
Bogura,1967,2,0,B59
Bogura,1967,3,88,B59
Bogura,1967,4,37,B59
Bogura,1967,5,232,B59
Bogura,1967,6,227,B59
Bogura,1967,7,400,B59
Bogura,1967,8,197,B59
Bogura,1967,9,172,B59
Bogura,1967,10,61,B59
Bogura,1967,11,1,B59
Bogura,1967,12,0,B59
Bogura,1968,1,3,B59
Bogura,1968,2,1,B59
Bogura,1968,3,20,B59
Bogura,1968,4,16,B59
Bogura,1968,5,18,B59
Bogura,1968,6,422,B59
Bogura,1968,7,549,B59
Bogura,1968,8,289,B59
Bogura,1968,9,192,B59
Bogura,1968,10,125,B59
Bogura,1968,11,13,B59
Bogura,1968,12,0,B59
Bogura,1969,1,3,B59
Bogura,1969,2,0,B59
Bogura,1969,3,19,B59
Bogura,1969,4,131,B59
Bogura,1969,5,106,B59
Bogura,1969,6,207,B59
Bogura,1969,7,206,B59
Bogura,1969,8,433,B59
Bogura,1969,9,357,B59
Bogura,1969,10,30,B59
Bogura,1969,11,32,B59
Bogura,1969,12,0,B59
Bogura,1970,1,0,B59
Bogura,1970,2,0,B59
Bogura,1970,3,0,B59
Bogura,1970,4,0,B59
Bogura,1970,5,113,B59
Bogura,1970,6,506,B59
Bogura,1970,7,629,B59
Bogura,1970,8,171,B59
Bogura,1970,9,201,B59
Bogura,1970,10,164,B59
Bogura,1970,11,10,B59
Bogura,1970,12,0,B59
Bogura,1971,1,13,B59
Bogura,1971,2,4,B59
Bogura,1971,3,8,B59
Bogura,1971,7,344,B59
Bogura,1971,8,312,B59
Bogura,1971,9,392,B59
Bogura,1971,10,128,B59
Bogura,1971,11,41,B59
Bogura,1971,12,0,B59
Bogura,1972,1,3,B59
Bogura,1972,2,16,B59
Bogura,1972,3,14,B59
Bogura,1972,4,6,B59
Bogura,1972,5,134,B59
Bogura,1972,6,268,B59
Bogura,1972,7,307,B59
Bogura,1972,8,261,B59
Bogura,1972,9,137,B59
Bogura,1972,10,101,B59
Bogura,1972,11,0,B59
Bogura,1972,12,0,B59
Bogura,1973,1,12,B59
Bogura,1973,2,63,B59
Bogura,1973,3,10,B59
Bogura,1973,4,95,B59
Bogura,1973,5,259,B59
Bogura,1973,6,835,B59
Bogura,1973,7,350,B59
Bogura,1973,8,194,B59
Bogura,1973,9,584,B59
Bogura,1973,10,60,B59
Bogura,1973,11,27,B59
Bogura,1973,12,27,B59
Bogura,1974,1,0,B59
Bogura,1974,2,0,B59
Bogura,1974,3,68,B59
Bogura,1974,4,120,B59
Bogura,1974,5,254,B59
Bogura,1974,6,221,B59
Bogura,1974,7,474,B59
Bogura,1974,8,416,B59
Bogura,1974,9,130,B59
Bogura,1974,10,168,B59
Bogura,1974,11,0,B59
Bogura,1974,12,3,B59
Bogura,1975,1,4,B59
Bogura,1975,2,6,B59
Bogura,1975,3,24,B59
Bogura,1975,4,52,B59
Bogura,1975,5,223,B59
Bogura,1975,6,112,B59
Bogura,1975,7,490,B59
Bogura,1975,8,107,B59
Bogura,1975,9,204,B59
Bogura,1975,10,209,B59
Bogura,1975,11,1,B59
Bogura,1975,12,0,B59
Bogura,1976,1,0,B59
Bogura,1976,2,11,B59
Bogura,1976,3,22,B59
Bogura,1976,4,45,B59
Bogura,1976,5,157,B59
Bogura,1976,6,396,B59
Bogura,1976,7,429,B59
Bogura,1976,8,453,B59
Bogura,1976,9,296,B59
Bogura,1976,10,69,B59
Bogura,1976,11,4,B59
Bogura,1976,12,0,B59
Bogura,1977,7,365,B59
Bogura,1977,8,173,B59
Bogura,1977,9,169,B59
Bogura,1977,10,157,B59
Bogura,1977,11,48,B59
Bogura,1977,12,24,B59
Bogura,1978,1,2,B59
Bogura,1978,3,25,B59
Bogura,1978,4,155,B59
Bogura,1978,5,374,B59
Bogura,1978,6,654,B59
Bogura,1978,7,306,B59
Bogura,1978,8,191,B59
Bogura,1978,9,161,B59
Bogura,1978,10,2,B59
Bogura,1979,1,9,B59
Bogura,1979,2,15,B59
Bogura,1979,3,10,B59
Bogura,1979,4,95,B59
Bogura,1979,5,38,B59
Bogura,1979,6,145,B59
Bogura,1979,7,725,B59
Bogura,1979,8,641,B59
Bogura,1979,9,463,B59
Bogura,1979,10,45,B59
Bogura,1979,11,27,B59
Bogura,1979,12,14,B59
Bogura,1980,1,9,B59
Bogura,1980,2,3,B59
Bogura,1980,3,15,B59
Bogura,1980,4,69,B59
Bogura,1980,5,263,B59
Bogura,1980,6,326,B59
Bogura,1980,7,410,B59
Bogura,1980,8,237,B59
Bogura,1980,9,195,B59
Bogura,1980,10,89,B59
Bogura,1980,11,0,B59
Bogura,1980,12,0,B59
Bogura,1981,1,32,B59
Bogura,1981,2,20,B59
Bogura,1981,3,25,B59
Bogura,1981,4,189,B59
Bogura,1981,5,240,B59
Bogura,1981,6,193,B59
Bogura,1981,7,379,B59
Bogura,1981,8,278,B59
Bogura,1981,9,301,B59
Bogura,1981,10,0,B59
Bogura,1981,11,0,B59
Bogura,1981,12,82,B59
Bogura,1982,1,0,B59
Bogura,1982,2,4,B59
Bogura,1982,3,32,B59
Bogura,1982,4,48,B59
Bogura,1982,5,121,B59
Bogura,1982,6,234,B59
Bogura,1982,7,360,B59
Bogura,1982,8,262,B59
Bogura,1982,9,120,B59
Bogura,1982,10,30,B59
Bogura,1982,11,11,B59
Bogura,1982,12,1,B59
Bogura,1983,1,7,B59
Bogura,1983,2,3,B59
Bogura,1983,3,31,B59
Bogura,1983,4,31,B59
Bogura,1983,5,355,B59
Bogura,1983,6,102,B59
Bogura,1983,7,248,B59
Bogura,1983,8,274,B59
Bogura,1983,9,308,B59
Bogura,1983,10,378,B59
Bogura,1983,11,5,B59
Bogura,1983,12,26,B59
Bogura,1984,1,11,B59
Bogura,1984,2,16,B59
Bogura,1984,3,6,B59
Bogura,1984,4,48,B59
Bogura,1984,5,388,B59
Bogura,1984,6,539,B59
Bogura,1984,7,431,B59
Bogura,1984,8,272,B59
Bogura,1984,9,404,B59
Bogura,1984,10,186,B59
Bogura,1984,11,0,B59
Bogura,1984,12,2,B59
Bogura,1985,1,0,B59
Bogura,1985,2,4,B59
Bogura,1985,3,1,B59
Bogura,1985,4,54,B59
Bogura,1985,5,272,B59
Bogura,1985,6,459,B59
Bogura,1985,7,235,B59
Bogura,1985,8,164,B59
Bogura,1985,9,365,B59
Bogura,1985,10,135,B59
Bogura,1985,11,2,B59
Bogura,1985,12,2,B59
Bogura,1986,1,3,B59
Bogura,1986,2,4,B59
Bogura,1986,3,0,B59
Bogura,1986,4,128,B59
Bogura,1986,5,210,B59
Bogura,1986,6,163,B59
Bogura,1986,7,446,B59
Bogura,1986,8,225,B59
Bogura,1986,9,462,B59
Bogura,1986,10,467,B59
Bogura,1986,11,19,B59
Bogura,1986,12,13,B59
Bogura,1987,1,0,B59
Bogura,1987,2,3,B59
Bogura,1987,3,17,B59
Bogura,1987,4,132,B59
Bogura,1987,5,178,B59
Bogura,1987,6,271,B59
Bogura,1987,7,525,B59
Bogura,1987,8,623,B59
Bogura,1987,9,145,B59
Bogura,1987,10,31,B59
Bogura,1987,11,19,B59
Bogura,1987,12,3,B59
Bogura,1988,1,0,B59
Bogura,1988,2,29,B59
Bogura,1988,3,63,B59
Bogura,1988,4,87,B59
Bogura,1988,5,349,B59
Bogura,1988,6,756,B59
Bogura,1988,7,486,B59
Bogura,1988,8,235,B59
Bogura,1988,9,292,B59
Bogura,1988,10,43,B59
Bogura,1988,11,92,B59
Bogura,1988,12,1,B59
Bogura,1989,1,0,B59
Bogura,1989,2,16,B59
Bogura,1989,3,2,B59
Bogura,1989,4,0,B59
Bogura,1989,5,130,B59
Bogura,1989,6,253,B59
Bogura,1989,7,594,B59
Bogura,1989,8,111,B59
Bogura,1989,9,273,B59
Bogura,1989,10,30,B59
Bogura,1989,11,0,B59
Bogura,1989,12,4,B59
Bogura,1990,1,0,B59
Bogura,1990,2,27,B59
Bogura,1990,3,24,B59
Bogura,1990,4,41,B59
Bogura,1990,5,292,B59
Bogura,1990,6,378,B59
Bogura,1990,7,499,B59
Bogura,1990,8,265,B59
Bogura,1990,9,320,B59
Bogura,1990,10,227,B59
Bogura,1990,11,4,B59
Bogura,1990,12,0,B59
Bogura,1991,1,4,B59
Bogura,1991,2,14,B59
Bogura,1991,3,8,B59
Bogura,1991,4,48,B59
Bogura,1991,5,416,B59
Bogura,1991,6,240,B59
Bogura,1991,7,404,B59
Bogura,1991,8,207,B59
Bogura,1991,9,733,B59
Bogura,1991,10,105,B59
Bogura,1991,11,0,B59
Bogura,1991,12,112,B59
Bogura,1992,1,0,B59
Bogura,1992,2,14,B59
Bogura,1992,3,0,B59
Bogura,1992,4,30,B59
Bogura,1992,5,140,B59
Bogura,1992,6,202,B59
Bogura,1992,7,289,B59
Bogura,1992,8,159,B59
Bogura,1992,9,424,B59
Bogura,1992,10,108,B59
Bogura,1992,11,3,B59
Bogura,1992,12,0,B59
Bogura,1993,1,65,B59
Bogura,1993,2,8,B59
Bogura,1993,3,14,B59
Bogura,1993,4,58,B59
Bogura,1993,5,268,B59
Bogura,1993,6,466,B59
Bogura,1993,7,432,B59
Bogura,1993,8,266,B59
Bogura,1993,9,240,B59
Bogura,1993,10,95,B59
Bogura,1993,11,2,B59
Bogura,1993,12,0,B59
Bogura,1994,1,14,B59
Bogura,1994,2,26,B59
Bogura,1994,3,4,B59
Bogura,1994,4,32,B59
Bogura,1994,5,156,B59
Bogura,1994,6,305,B59
Bogura,1994,7,165,B59
Bogura,1994,8,208,B59
Bogura,1994,9,268,B59
Bogura,1994,10,199,B59
Bogura,1994,11,5,B59
Bogura,1994,12,0,B59
Bogura,1995,1,16,B59
Bogura,1995,2,18,B59
Bogura,1995,3,14,B59
Bogura,1995,4,0,B59
Bogura,1995,5,111,B59
Bogura,1995,6,462,B59
Bogura,1995,7,524,B59
Bogura,1995,8,438,B59
Bogura,1995,9,477,B59
Bogura,1995,10,117,B59
Bogura,1995,11,70,B59
Bogura,1995,12,1,B59
Bogura,1996,1,3,B59
Bogura,1996,2,28,B59
Bogura,1996,3,7,B59
Bogura,1996,4,104,B59
Bogura,1996,5,184,B59
Bogura,1996,6,283,B59
Bogura,1996,7,338,B59
Bogura,1996,8,185,B59
Bogura,1996,9,366,B59
Bogura,1996,10,176,B59
Bogura,1996,11,0,B59
Bogura,1996,12,0,B59
Bogura,1997,1,10,B59
Bogura,1997,2,11,B59
Bogura,1997,3,9,B59
Bogura,1997,4,140,B59
Bogura,1997,5,102,B59
Bogura,1997,6,199,B59
Bogura,1997,7,298,B59
Bogura,1997,8,245,B59
Bogura,1997,9,220,B59
Bogura,1997,10,29,B59
Bogura,1997,11,2,B59
Bogura,1997,12,27,B59
Bogura,1998,1,10,B59
Bogura,1998,2,13,B59
Bogura,1998,3,26,B59
Bogura,1998,4,84,B59
Bogura,1998,5,143,B59
Bogura,1998,6,367,B59
Bogura,1998,7,749,B59
Bogura,1998,8,563,B59
Bogura,1998,9,283,B59
Bogura,1998,10,353,B59
Bogura,1998,11,10,B59
Bogura,1998,12,0,B59
Bogura,1999,1,0,B59
Bogura,1999,2,0,B59
Bogura,1999,3,0,B59
Bogura,1999,4,9,B59
Bogura,1999,5,261,B59
Bogura,1999,6,283,B59
Bogura,1999,7,343,B59
Bogura,1999,8,397,B59
Bogura,1999,9,145,B59
Bogura,1999,10,133,B59
Bogura,1999,11,17,B59
Bogura,1999,12,0,B59
Bogura,2000,1,18,B59
Bogura,2000,2,37,B59
Bogura,2000,3,76,B59
Bogura,2000,4,158,B59
Bogura,2000,5,272,B59
Bogura,2000,6,250,B59
Bogura,2000,7,190,B59
Bogura,2000,8,289,B59
Bogura,2000,9,466,B59
Bogura,2000,10,84,B59
Bogura,2000,11,0,B59
Bogura,2000,12,0,B59
Bogura,2001,1,0,B59
Bogura,2001,2,0,B59
Bogura,2001,3,0,B59
Bogura,2001,4,22,B59
Bogura,2001,5,223,B59
Bogura,2001,6,299,B59
Bogura,2001,7,185,B59
Bogura,2001,8,115,B59
Bogura,2001,9,344,B59
Bogura,2001,10,203,B59
Bogura,2001,11,8,B59
Bogura,2001,12,0,B59
Bogura,2002,1,7,B59
Bogura,2002,2,0,B59
Bogura,2002,3,13,B59
Bogura,2002,4,284,B59
Bogura,2002,5,132,B59
Bogura,2002,6,254,B59
Bogura,2002,7,476,B59
Bogura,2002,8,496,B59
Bogura,2002,9,326,B59
Bogura,2002,10,27,B59
Bogura,2002,11,21,B59
Bogura,2002,12,0,B59
Bogura,2003,1,4,B59
Bogura,2003,2,53,B59
Bogura,2003,3,72,B59
Bogura,2003,4,113,B59
Bogura,2003,5,214,B59
Bogura,2003,6,364,B59
Bogura,2003,7,219,B59
Bogura,2003,8,220,B59
Bogura,2003,9,156,B59
Bogura,2003,10,264,B59
Bogura,2003,11,0,B59
Bogura,2003,12,13,B59
Bogura,2004,1,0,B59
Bogura,2004,2,0,B59
Bogura,2004,3,45,B59
Bogura,2004,4,90,B59
Bogura,2004,5,137,B59
Bogura,2004,6,638,B59
Bogura,2004,7,529,B59
Bogura,2004,8,261,B59
Bogura,2004,9,206,B59
Bogura,2004,10,251,B59
Bogura,2004,11,0,B59
Bogura,2004,12,0,B59
Bogura,2005,1,5,B59
Bogura,2005,2,9,B59
Bogura,2005,3,58,B59
Bogura,2005,4,72,B59
Bogura,2005,5,138,B59
Bogura,2005,6,130,B59
Bogura,2005,7,471,B59
Bogura,2005,8,328,B59
Bogura,2005,9,356,B59
Bogura,2005,10,523,B59
Bogura,2005,11,0,B59
Bogura,2005,12,1,B59
Bogura,2006,1,0,B59
Bogura,2006,2,0,B59
Bogura,2006,3,12,B59
Bogura,2006,4,143,B59
Bogura,2006,5,193,B59
Bogura,2006,6,184,B59
Bogura,2006,7,192,B59
Bogura,2006,8,138,B59
Bogura,2006,9,174,B59
Bogura,2006,10,69,B59
Bogura,2006,11,1,B59
Bogura,2006,12,0,B59
Bogura,2007,1,0,B59
Bogura,2007,2,18,B59
Bogura,2007,3,25,B59
Bogura,2007,4,28,B59
Bogura,2007,5,92,B59
Bogura,2007,6,732,B59
Bogura,2007,7,320,B59
Bogura,2007,8,256,B59
Bogura,2007,9,302,B59
Bogura,2007,10,131,B59
Bogura,2007,11,15,B59
Bogura,2007,12,0,B59
Bogura,2008,1,27,B59
Bogura,2008,2,0,B59
Bogura,2008,3,22,B59
Bogura,2008,4,20,B59
Bogura,2008,5,213,B59
Bogura,2008,6,393,B59
Bogura,2008,7,474,B59
Bogura,2008,8,374,B59
Bogura,2008,9,109,B59
Bogura,2008,10,159,B59
Bogura,2008,11,0,B59
Bogura,2008,12,0,B59
Bogura,2009,1,0,B59
Bogura,2009,2,3,B59
Bogura,2009,3,3,B59
Bogura,2009,4,49,B59
Bogura,2009,5,205,B59
Bogura,2009,6,128,B59
Bogura,2009,7,194,B59
Bogura,2009,8,570,B59
Bogura,2009,9,169,B59
Bogura,2009,10,89,B59
Bogura,2009,11,0,B59
Bogura,2009,12,0,B59
Bogura,2010,1,0,B59
Bogura,2010,2,0,B59
Bogura,2010,3,0,B59
Bogura,2010,4,29,B59
Bogura,2010,5,185,B59
Bogura,2010,6,286,B59
Bogura,2010,7,92,B59
Bogura,2010,8,225,B59
Bogura,2010,9,244,B59
Bogura,2010,10,190,B59
Bogura,2010,11,3,B59
Bogura,2010,12,20,B59
Bogura,2011,1,1,B59
Bogura,2011,2,0,B59
Bogura,2011,3,7,B59
Bogura,2011,4,145,B59
Bogura,2011,5,194,B59
Bogura,2011,6,193,B59
Bogura,2011,7,175,B59
Bogura,2011,8,606,B59
Bogura,2011,9,389,B59
Bogura,2011,10,0,B59
Bogura,2011,11,11,B59
Bogura,2011,12,0,B59
Bogura,2012,1,19,B59
Bogura,2012,2,0,B59
Bogura,2012,3,0,B59
Bogura,2012,4,74,B59
Bogura,2012,5,94,B59
Bogura,2012,6,147,B59
Bogura,2012,7,186,B59
Bogura,2012,8,164,B59
Bogura,2012,9,345,B59
Bogura,2012,10,74,B59
Bogura,2012,11,36,B59
Bogura,2012,12,1,B59
Bogura,2013,1,0,B59
Bogura,2013,2,22,B59
Bogura,2013,3,3,B59
Bogura,2013,4,0,B59
Bogura,2013,5,152,B59
Bogura,2013,6,204,B59
Bogura,2013,7,283,B59
Bogura,2013,8,256,B59
Bogura,2013,9,99,B59
Bogura,2013,10,200,B59
Bogura,2013,11,0,B59
Bogura,2013,12,0,B59
Bogura,2014,1,0,B59
Bogura,2014,2,46,B59
Bogura,2014,3,8,B59
Bogura,2014,4,43,B59
Bogura,2014,5,196,B59
Bogura,2014,6,585,B59
Bogura,2014,7,211,B59
Bogura,2014,8,226,B59
Bogura,2014,9,329,B59
Bogura,2014,10,64,B59
Bogura,2014,11,0,B59
Bogura,2014,12,0,B59
Bogura,2015,1,12,B59
Bogura,2015,2,72,B59
Bogura,2015,3,21,B59
Bogura,2015,4,202,B59
Bogura,2015,5,220,B59
Bogura,2015,6,310,B59
Bogura,2015,7,213,B59
Bogura,2015,8,293,B59
Bogura,2015,9,198,B59
Bogura,2015,10,40,B59
Bogura,2015,11,0,B59
Bogura,2015,12,0,B59
Bogura,2016,1,15,B59
Bogura,2016,2,0,B59
Bogura,2016,3,2,B59
Bogura,2016,4,28,B59
Bogura,2016,5,251,B59
Bogura,2016,6,84,B59
Bogura,2016,7,327,B59
Bogura,2016,8,132,B59
Bogura,2016,9,135,B59
Bogura,2016,10,107,B59
Bogura,2016,11,0,B59
Bogura,2016,12,0,B59
Bogura,2017,1,0,B59
Bogura,2017,2,0,B59
Bogura,2017,3,99,B59
Bogura,2017,4,164,B59
Bogura,2017,5,386,B59
Bogura,2017,6,242,B59
Bogura,2017,7,504,B59
Bogura,2017,8,252,B59
Bogura,2017,9,259,B59
Bogura,2017,10,239,B59
Bogura,2017,11,3,B59
Bogura,2017,12,15,B59
Bogura,2018,1,0,B59
Bogura,2018,2,35,B59
Bogura,2018,3,28,B59
Bogura,2018,4,128,B59
Bogura,2018,5,371,B59
Bogura,2018,6,255,B59
Bogura,2018,7,406,B59
Bogura,2018,8,177,B59
Bogura,2018,9,162,B59
Bogura,2018,10,70,B59
Bogura,2018,11,0,B59
Bogura,2018,12,18,B59
Bogura,2019,1,0,B59
Bogura,2019,2,26,B59
Bogura,2019,3,13,B59
Bogura,2019,4,55,B59
Bogura,2019,5,158,B59
Bogura,2019,6,348,B59
Bogura,2019,7,451,B59
Bogura,2019,8,132,B59
Bogura,2019,9,160,B59
Bogura,2019,10,287,B59
Bogura,2019,11,2,B59
Bogura,2019,12,1,B59
Bogura,2020,1,14,B59
Bogura,2020,2,2,B59
Bogura,2020,3,29,B59
Bogura,2020,4,109,B59
Bogura,2020,5,478,B59
Bogura,2020,6,436,B59
Bogura,2020,7,485,B59
Bogura,2020,8,166,B59
Bogura,2020,9,239,B59
Bogura,2020,10,157,B59
Bogura,2020,11,0,B59
Bogura,2020,12,0,B59
Bogura,2021,1,0,B59
Bogura,2021,2,0,B59
Bogura,2021,3,6,B59
Bogura,2021,4,24,B59
Bogura,2021,5,262,B59
Bogura,2021,6,404,B59
Bogura,2021,7,239,B59
Bogura,2021,8,408,B59
Bogura,2021,9,115,B59
Bogura,2021,10,90,B59
Bogura,2021,11,0,B59
Bogura,2021,12,1,B59
Bogura,2023,1,0,B59
Bogura,2023,2,0,B59
Bogura,2023,3,100,B59
Bogura,2023,4,20,B59
Bogura,2023,5,188,B59
Bogura,2023,6,112,B59
Bogura,2023,7,152,B59
Bogura,2023,8,622,B59
Bogura,2023,9,209,B59
Bogura,2023,10,229,B59
Bogura,2023,11,0,B59
Bogura,2023,12,28,B59
Bogura,2022,1,17,B59
Bogura,2022,2,40,B59
Bogura,2022,3,0,B59
Bogura,2022,4,57,B59
Bogura,2022,5,271,B59
Bogura,2022,6,331,B59
Bogura,2022,7,212,B59
Bogura,2022,8,131,B59
Bogura,2022,9,398,B59
Bogura,2022,10,103,B59
Bogura,2022,11,0,B59
Bogura,2022,12,3,B59
Chandpur,1964,1,0,B59
Chandpur,1964,2,0,B59
Chandpur,1964,3,23,B59
Chandpur,1964,4,75,B59
Chandpur,1964,6,301,B59
Chandpur,1964,7,517,B59
Chandpur,1964,8,234,B59
Chandpur,1964,9,261,B59
Chandpur,1964,10,390,B59
Chandpur,1964,11,76,B59
Chandpur,1964,12,0,B59
Chandpur,1966,1,8,B59
Chandpur,1966,2,0,B59
Chandpur,1966,3,0,B59
Chandpur,1966,4,25,B59
Chandpur,1966,5,128,B59
Chandpur,1966,6,354,B59
Chandpur,1966,7,238,B59
Chandpur,1966,8,317,B59
Chandpur,1966,9,588,B59
Chandpur,1966,10,219,B59
Chandpur,1966,11,9,B59
Chandpur,1966,12,32,B59
Chandpur,1967,1,21,B59
Chandpur,1967,2,0,B59
Chandpur,1967,3,83,B59
Chandpur,1967,4,311,B59
Chandpur,1967,5,109,B59
Chandpur,1967,6,163,B59
Chandpur,1967,7,382,B59
Chandpur,1967,8,296,B59
Chandpur,1967,9,321,B59
Chandpur,1967,10,125,B59
Chandpur,1967,11,0,B59
Chandpur,1967,12,0,B59
Chandpur,1968,1,0,B59
Chandpur,1968,2,0,B59
Chandpur,1968,3,126,B59
Chandpur,1968,4,73,B59
Chandpur,1968,5,217,B59
Chandpur,1968,6,565,B59
Chandpur,1968,7,502,B59
Chandpur,1968,8,657,B59
Chandpur,1968,9,101,B59
Chandpur,1968,10,96,B59
Chandpur,1968,11,1,B59
Chandpur,1968,12,0,B59
Chandpur,1969,1,0,B59
Chandpur,1969,2,0,B59
Chandpur,1969,3,28,B59
Chandpur,1969,4,194,B59
Chandpur,1969,5,55,B59
Chandpur,1969,6,484,B59
Chandpur,1969,7,423,B59
Chandpur,1969,8,367,B59
Chandpur,1969,9,292,B59
Chandpur,1969,10,75,B59
Chandpur,1969,11,14,B59
Chandpur,1969,12,0,B59
Chandpur,1970,1,0,B59
Chandpur,1970,2,0,B59
Chandpur,1970,3,13,B59
Chandpur,1970,4,71,B59
Chandpur,1970,5,57,B59
Chandpur,1970,6,387,B59
Chandpur,1970,7,433,B59
Chandpur,1970,8,172,B59
Chandpur,1970,9,208,B59
Chandpur,1970,10,238,B59
Chandpur,1970,11,1,B59
Chandpur,1970,12,0,B59
Chandpur,1973,1,0,B59
Chandpur,1973,2,0,B59
Chandpur,1973,3,0,B59
Chandpur,1973,4,54,B59
Chandpur,1973,5,454,B59
Chandpur,1973,6,182,B59
Chandpur,1973,7,489,B59
Chandpur,1973,8,53,B59
Chandpur,1973,9,205,B59
Chandpur,1973,10,157,B59
Chandpur,1973,11,0,B59
Chandpur,1973,12,0,B59
Chandpur,1974,1,0,B59
Chandpur,1974,2,0,B59
Chandpur,1974,3,274,B59
Chandpur,1974,4,127,B59
Chandpur,1974,5,330,B59
Chandpur,1974,6,360,B59
Chandpur,1974,7,578,B59
Chandpur,1974,8,210,B59
Chandpur,1974,9,2,B59
Chandpur,1974,10,18,B59
Chandpur,1974,11,1,B59
Chandpur,1974,12,0,B59
Chandpur,1975,1,0,B59
Chandpur,1975,2,0,B59
Chandpur,1975,3,1,B59
Chandpur,1975,4,2,B59
Chandpur,1975,5,101,B59
Chandpur,1975,6,161,B59
Chandpur,1975,7,474,B59
Chandpur,1975,8,124,B59
Chandpur,1975,9,147,B59
Chandpur,1975,10,15,B59
Chandpur,1975,11,7,B59
Chandpur,1975,12,0,B59
Chandpur,1976,1,0,B59
Chandpur,1976,2,0,B59
Chandpur,1976,3,0,B59
Chandpur,1976,4,0,B59
Chandpur,1976,5,27,B59
Chandpur,1976,6,182,B59
Chandpur,1976,7,110,B59
Chandpur,1976,9,37,B59
Chandpur,1976,10,6,B59
Chandpur,1976,11,0,B59
Chandpur,1976,12,0,B59
Chandpur,1977,1,0,B59
Chandpur,1977,2,6,B59
Chandpur,1977,3,0,B59
Chandpur,1977,8,276,B59
Chandpur,1977,9,154,B59
Chandpur,1977,10,80,B59
Chandpur,1977,11,122,B59
Chandpur,1977,12,0,B59
Chandpur,1979,1,38,B59
Chandpur,1979,2,21,B59
Chandpur,1979,3,7,B59
Chandpur,1979,4,115,B59
Chandpur,1979,5,218,B59
Chandpur,1979,6,629,B59
Chandpur,1979,7,556,B59
Chandpur,1979,9,289,B59
Chandpur,1979,10,32,B59
Chandpur,1979,11,10,B59
Chandpur,1979,12,8,B59
Chandpur,1981,1,8,B59
Chandpur,1981,2,6,B59
Chandpur,1981,3,20,B59
Chandpur,1981,4,893,B59
Chandpur,1981,5,599,B59
Chandpur,1981,6,403,B59
Chandpur,1981,7,436,B59
Chandpur,1981,8,235,B59
Chandpur,1981,9,147,B59
Chandpur,1981,10,14,B59
Chandpur,1981,11,0,B59
Chandpur,1981,12,40,B59
Chandpur,1982,1,0,B59
Chandpur,1982,2,46,B59
Chandpur,1982,3,36,B59
Chandpur,1982,4,205,B59
Chandpur,1982,5,161,B59
Chandpur,1982,6,664,B59
Chandpur,1982,7,815,B59
Chandpur,1982,8,939,B59
Chandpur,1982,9,250,B59
Chandpur,1982,10,17,B59
Chandpur,1982,11,83,B59
Chandpur,1982,12,8,B59
Chandpur,1983,1,10,B59
Chandpur,1983,2,14,B59
Chandpur,1983,3,148,B59
Chandpur,1983,4,440,B59
Chandpur,1983,5,751,B59
Chandpur,1983,6,512,B59
Chandpur,1983,7,304,B59
Chandpur,1983,8,676,B59
Chandpur,1983,9,332,B59
Chandpur,1983,10,401,B59
Chandpur,1983,11,56,B59
Chandpur,1983,12,37,B59
Chandpur,1984,1,25,B59
Chandpur,1984,2,0,B59
Chandpur,1984,3,1,B59
Chandpur,1984,4,32,B59
Chandpur,1984,5,620,B59
Chandpur,1984,6,1351,B59
Chandpur,1984,7,533,B59
Chandpur,1984,8,734,B59
Chandpur,1984,9,349,B59
Chandpur,1984,10,120,B59
Chandpur,1984,11,0,B59
Chandpur,1984,12,7,B59
Chandpur,1985,1,1,B59
Chandpur,1985,2,0,B59
Chandpur,1985,3,371,B59
Chandpur,1985,4,119,B59
Chandpur,1985,5,515,B59
Chandpur,1985,6,324,B59
Chandpur,1985,7,341,B59
Chandpur,1985,8,437,B59
Chandpur,1985,9,536,B59
Chandpur,1985,10,18,B59
Chandpur,1985,11,0,B59
Chandpur,1985,12,0,B59
Chandpur,1986,1,6,B59
Chandpur,1986,2,0,B59
Chandpur,1986,3,14,B59
Chandpur,1986,4,123,B59
Chandpur,1986,5,157,B59
Chandpur,1986,6,226,B59
Chandpur,1986,7,399,B59
Chandpur,1986,8,283,B59
Chandpur,1986,9,478,B59
Chandpur,1986,10,186,B59
Chandpur,1986,11,197,B59
Chandpur,1986,12,0,B59
Chandpur,1987,1,0,B59
Chandpur,1987,2,0,B59
Chandpur,1987,3,58,B59
Chandpur,1987,4,245,B59
Chandpur,1987,5,105,B59
Chandpur,1987,6,81,B59
Chandpur,1987,7,750,B59
Chandpur,1987,8,579,B59
Chandpur,1987,9,231,B59
Chandpur,1987,10,155,B59
Chandpur,1987,11,27,B59
Chandpur,1987,12,7,B59
Chandpur,1988,1,0,B59
Chandpur,1988,2,50,B59
Chandpur,1988,3,70,B59
Chandpur,1988,4,161,B59
Chandpur,1988,5,342,B59
Chandpur,1988,6,382,B59
Chandpur,1988,7,305,B59
Chandpur,1988,8,307,B59
Chandpur,1988,9,140,B59
Chandpur,1988,10,123,B59
Chandpur,1988,11,74,B59
Chandpur,1988,12,0,B59
Chandpur,1989,1,0,B59
Chandpur,1989,2,0,B59
Chandpur,1989,3,4,B59
Chandpur,1989,4,40,B59
Chandpur,1989,5,111,B59
Chandpur,1989,6,304,B59
Chandpur,1989,7,282,B59
Chandpur,1989,8,211,B59
Chandpur,1989,9,232,B59
Chandpur,1989,10,317,B59
Chandpur,1989,11,0,B59
Chandpur,1989,12,3,B59
Chandpur,1990,1,0,B59
Chandpur,1990,2,36,B59
Chandpur,1990,3,111,B59
Chandpur,1990,4,163,B59
Chandpur,1990,5,189,B59
Chandpur,1990,6,311,B59
Chandpur,1990,7,421,B59
Chandpur,1990,8,177,B59
Chandpur,1990,9,208,B59
Chandpur,1990,10,263,B59
Chandpur,1990,11,55,B59
Chandpur,1990,12,22,B59
Chandpur,1991,1,7,B59
Chandpur,1991,2,23,B59
Chandpur,1991,3,109,B59
Chandpur,1991,4,150,B59
Chandpur,1991,5,376,B59
Chandpur,1991,6,419,B59
Chandpur,1991,7,252,B59
Chandpur,1991,8,320,B59
Chandpur,1991,9,531,B59
Chandpur,1991,10,284,B59
Chandpur,1991,11,6,B59
Chandpur,1991,12,13,B59
Chandpur,1992,1,0,B59
Chandpur,1992,2,96,B59
Chandpur,1992,3,0,B59
Chandpur,1992,4,20,B59
Chandpur,1992,5,147,B59
Chandpur,1992,6,178,B59
Chandpur,1992,7,332,B59
Chandpur,1992,8,331,B59
Chandpur,1992,9,146,B59
Chandpur,1992,10,81,B59
Chandpur,1992,11,1,B59
Chandpur,1992,12,0,B59
Chandpur,1993,1,0,B59
Chandpur,1993,2,108,B59
Chandpur,1993,3,142,B59
Chandpur,1993,4,110,B59
Chandpur,1993,5,317,B59
Chandpur,1993,6,299,B59
Chandpur,1993,7,414,B59
Chandpur,1993,8,448,B59
Chandpur,1993,9,259,B59
Chandpur,1993,10,88,B59
Chandpur,1993,11,7,B59
Chandpur,1993,12,0,B59
Chandpur,1994,1,8,B59
Chandpur,1994,2,9,B59
Chandpur,1994,3,85,B59
Chandpur,1994,4,310,B59
Chandpur,1994,5,178,B59
Chandpur,1994,6,287,B59
Chandpur,1994,7,169,B59
Chandpur,1994,8,383,B59
Chandpur,1994,9,98,B59
Chandpur,1994,10,44,B59
Chandpur,1994,11,1,B59
Chandpur,1994,12,0,B59
Chandpur,1995,1,2,B59
Chandpur,1995,2,25,B59
Chandpur,1995,3,0,B59
Chandpur,1995,4,51,B59
Chandpur,1995,5,177,B59
Chandpur,1995,6,352,B59
Chandpur,1995,7,430,B59
Chandpur,1995,8,488,B59
Chandpur,1995,9,239,B59
Chandpur,1995,10,77,B59
Chandpur,1995,11,184,B59
Chandpur,1995,12,0,B59
Chandpur,1996,1,3,B59
Chandpur,1996,2,10,B59
Chandpur,1996,3,75,B59
Chandpur,1996,4,184,B59
Chandpur,1996,5,171,B59
Chandpur,1996,6,361,B59
Chandpur,1996,7,318,B59
Chandpur,1996,8,204,B59
Chandpur,1996,9,264,B59
Chandpur,1996,10,236,B59
Chandpur,1996,11,20,B59
Chandpur,1996,12,0,B59
Chandpur,1997,1,2,B59
Chandpur,1997,2,29,B59
Chandpur,1997,3,54,B59
Chandpur,1997,4,72,B59
Chandpur,1997,5,133,B59
Chandpur,1997,6,266,B59
Chandpur,1997,7,492,B59
Chandpur,1997,8,338,B59
Chandpur,1997,9,421,B59
Chandpur,1997,10,34,B59
Chandpur,1997,11,0,B59
Chandpur,1997,12,33,B59
Chandpur,1998,1,23,B59
Chandpur,1998,2,54,B59
Chandpur,1998,3,130,B59
Chandpur,1998,4,158,B59
Chandpur,1998,5,237,B59
Chandpur,1998,6,92,B59
Chandpur,1998,7,622,B59
Chandpur,1998,8,336,B59
Chandpur,1998,9,186,B59
Chandpur,1998,10,97,B59
Chandpur,1998,11,157,B59
Chandpur,1998,12,0,B59
Chandpur,1999,1,0,B59
Chandpur,1999,2,0,B59
Chandpur,1999,3,1,B59
Chandpur,1999,4,21,B59
Chandpur,1999,5,357,B59
Chandpur,1999,6,289,B59
Chandpur,1999,7,947,B59
Chandpur,1999,8,323,B59
Chandpur,1999,9,394,B59
Chandpur,1999,10,284,B59
Chandpur,1999,11,4,B59
Chandpur,1999,12,1,B59
Chandpur,2000,1,25,B59
Chandpur,2000,2,15,B59
Chandpur,2000,3,58,B59
Chandpur,2000,4,160,B59
Chandpur,2000,5,470,B59
Chandpur,2000,6,288,B59
Chandpur,2000,7,293,B59
Chandpur,2000,8,214,B59
Chandpur,2000,9,73,B59
Chandpur,2000,10,188,B59
Chandpur,2000,11,1,B59
Chandpur,2000,12,0,B59
Chandpur,2001,1,0,B59
Chandpur,2001,2,25,B59
Chandpur,2001,3,1,B59
Chandpur,2001,4,23,B59
Chandpur,2001,5,448,B59
Chandpur,2001,6,541,B59
Chandpur,2001,7,387,B59
Chandpur,2001,8,197,B59
Chandpur,2001,9,321,B59
Chandpur,2001,10,157,B59
Chandpur,2001,11,76,B59
Chandpur,2001,12,0,B59
Chandpur,2002,1,14,B59
Chandpur,2002,2,0,B59
Chandpur,2002,3,88,B59
Chandpur,2002,4,91,B59
Chandpur,2002,5,277,B59
Chandpur,2002,6,549,B59
Chandpur,2002,7,477,B59
Chandpur,2002,8,399,B59
Chandpur,2002,9,258,B59
Chandpur,2002,10,32,B59
Chandpur,2002,11,77,B59
Chandpur,2002,12,0,B59
Chandpur,2003,1,0,B59
Chandpur,2003,2,13,B59
Chandpur,2003,3,109,B59
Chandpur,2003,4,81,B59
Chandpur,2003,5,125,B59
Chandpur,2003,6,533,B59
Chandpur,2003,7,209,B59
Chandpur,2003,8,279,B59
Chandpur,2003,9,200,B59
Chandpur,2003,10,143,B59
Chandpur,2003,11,0,B59
Chandpur,2003,12,26,B59
Chandpur,2004,1,0,B59
Chandpur,2004,2,0,B59
Chandpur,2004,3,9,B59
Chandpur,2004,4,104,B59
Chandpur,2004,5,101,B59
Chandpur,2004,6,374,B59
Chandpur,2004,7,312,B59
Chandpur,2004,8,334,B59
Chandpur,2004,9,845,B59
Chandpur,2004,10,302,B59
Chandpur,2004,11,0,B59
Chandpur,2004,12,2,B59
Chandpur,2005,1,7,B59
Chandpur,2005,2,0,B59
Chandpur,2005,3,122,B59
Chandpur,2005,4,91,B59
Chandpur,2005,5,115,B59
Chandpur,2005,6,31,B59
Chandpur,2005,7,344,B59
Chandpur,2005,8,318,B59
Chandpur,2005,9,149,B59
Chandpur,2005,10,360,B59
Chandpur,2005,11,0,B59
Chandpur,2005,12,2,B59
Chandpur,2006,1,0,B59
Chandpur,2006,2,0,B59
Chandpur,2006,3,0,B59
Chandpur,2006,4,27,B59
Chandpur,2006,5,260,B59
Chandpur,2006,6,336,B59
Chandpur,2006,7,348,B59
Chandpur,2006,8,309,B59
Chandpur,2006,9,410,B59
Chandpur,2006,10,24,B59
Chandpur,2006,11,0,B59
Chandpur,2006,12,0,B59
Chandpur,2007,1,0,B59
Chandpur,2007,2,57,B59
Chandpur,2007,3,40,B59
Chandpur,2007,4,51,B59
Chandpur,2007,5,226,B59
Chandpur,2007,6,399,B59
Chandpur,2007,7,782,B59
Chandpur,2007,8,180,B59
Chandpur,2007,9,266,B59
Chandpur,2007,10,228,B59
Chandpur,2007,11,109,B59
Chandpur,2007,12,0,B59
Chandpur,2008,1,39,B59
Chandpur,2008,2,22,B59
Chandpur,2008,3,64,B59
Chandpur,2008,4,67,B59
Chandpur,2008,5,240,B59
Chandpur,2008,6,193,B59
Chandpur,2008,7,649,B59
Chandpur,2008,8,320,B59
Chandpur,2008,9,213,B59
Chandpur,2008,10,333,B59
Chandpur,2008,11,0,B59
Chandpur,2008,12,0,B59
Chandpur,2009,1,0,B59
Chandpur,2009,2,1,B59
Chandpur,2009,3,5,B59
Chandpur,2009,4,56,B59
Chandpur,2009,5,220,B59
Chandpur,2009,6,177,B59
Chandpur,2009,7,431,B59
Chandpur,2009,8,312,B59
Chandpur,2009,9,146,B59
Chandpur,2009,10,195,B59
Chandpur,2009,11,3,B59
Chandpur,2009,12,0,B59
Chandpur,2010,1,0,B59
Chandpur,2010,2,23,B59
Chandpur,2010,3,3,B59
Chandpur,2010,4,17,B59
Chandpur,2010,5,191,B59
Chandpur,2010,6,541,B59
Chandpur,2010,7,233,B59
Chandpur,2010,8,204,B59
Chandpur,2010,9,229,B59
Chandpur,2010,10,303,B59
Chandpur,2010,11,6,B59
Chandpur,2010,12,15,B59
Chandpur,2011,1,0,B59
Chandpur,2011,2,1,B59
Chandpur,2011,3,35,B59
Chandpur,2011,4,145,B59
Chandpur,2011,5,424,B59
Chandpur,2011,6,410,B59
Chandpur,2011,7,291,B59
Chandpur,2011,8,403,B59
Chandpur,2011,9,291,B59
Chandpur,2011,10,128,B59
Chandpur,2011,11,0,B59
Chandpur,2011,12,0,B59
Chandpur,2012,1,12,B59
Chandpur,2012,2,12,B59
Chandpur,2012,3,30,B59
Chandpur,2012,4,194,B59
Chandpur,2012,5,121,B59
Chandpur,2012,6,279,B59
Chandpur,2012,7,298,B59
Chandpur,2012,8,452,B59
Chandpur,2012,9,137,B59
Chandpur,2012,10,128,B59
Chandpur,2012,11,92,B59
Chandpur,2012,12,2,B59
Chandpur,2013,1,0,B59
Chandpur,2013,2,3,B59
Chandpur,2013,3,15,B59
Chandpur,2013,4,135,B59
Chandpur,2013,5,670,B59
Chandpur,2013,6,497,B59
Chandpur,2013,7,225,B59
Chandpur,2013,8,331,B59
Chandpur,2013,9,502,B59
Chandpur,2013,10,167,B59
Chandpur,2013,11,0,B59
Chandpur,2013,12,0,B59
Chandpur,2014,1,0,B59
Chandpur,2014,2,20,B59
Chandpur,2014,3,4,B59
Chandpur,2014,4,40,B59
Chandpur,2014,5,179,B59
Chandpur,2014,6,509,B59
Chandpur,2014,7,319,B59
Chandpur,2014,8,258,B59
Chandpur,2014,9,346,B59
Chandpur,2014,10,98,B59
Chandpur,2014,11,1,B59
Chandpur,2014,12,0,B59
Chandpur,2015,1,3,B59
Chandpur,2015,2,29,B59
Chandpur,2015,3,11,B59
Chandpur,2015,4,175,B59
Chandpur,2015,5,160,B59
Chandpur,2015,6,675,B59
Chandpur,2015,7,872,B59
Chandpur,2015,8,500,B59
Chandpur,2015,9,249,B59
Chandpur,2015,10,128,B59
Chandpur,2015,11,0,B59
Chandpur,2015,12,2,B59
Chandpur,2016,1,0,B59
Chandpur,2016,2,33,B59
Chandpur,2016,3,12,B59
Chandpur,2016,4,19,B59
Chandpur,2016,5,520,B59
Chandpur,2016,6,296,B59
Chandpur,2016,7,539,B59
Chandpur,2016,8,510,B59
Chandpur,2016,9,151,B59
Chandpur,2016,10,135,B59
Chandpur,2016,11,135,B59
Chandpur,2016,12,0,B59
Chandpur,2017,1,0,B59
Chandpur,2017,2,1,B59
Chandpur,2017,3,147,B59
Chandpur,2017,4,230,B59
Chandpur,2017,5,197,B59
Chandpur,2017,6,435,B59
Chandpur,2017,7,647,B59
Chandpur,2017,8,557,B59
Chandpur,2017,9,379,B59
Chandpur,2017,10,274,B59
Chandpur,2017,11,14,B59
Chandpur,2017,12,125,B59
Chandpur,2018,1,0,B59
Chandpur,2018,2,2,B59
Chandpur,2018,3,5,B59
Chandpur,2018,4,166,B59
Chandpur,2018,5,451,B59
Chandpur,2018,6,541,B59
Chandpur,2018,7,420,B59
Chandpur,2018,8,220,B59
Chandpur,2018,9,79,B59
Chandpur,2018,10,73,B59
Chandpur,2018,11,14,B59
Chandpur,2018,12,2,B59
Chandpur,2019,1,0,B59
Chandpur,2019,2,122,B59
Chandpur,2019,3,42,B59
Chandpur,2019,4,110,B59
Chandpur,2019,5,214,B59
Chandpur,2019,6,193,B59
Chandpur,2019,7,394,B59
Chandpur,2019,8,291,B59
Chandpur,2019,9,143,B59
Chandpur,2019,10,128,B59
Chandpur,2019,11,91,B59
Chandpur,2019,12,4,B59
Chandpur,2020,1,35,B59
Chandpur,2020,2,2,B59
Chandpur,2020,3,30,B59
Chandpur,2020,4,374,B59
Chandpur,2020,5,207,B59
Chandpur,2020,6,251,B59
Chandpur,2020,7,293,B59
Chandpur,2020,8,404,B59
Chandpur,2020,9,224,B59
Chandpur,2020,10,332,B59
Chandpur,2020,11,17,B59
Chandpur,2020,12,0,B59
Chandpur,2021,1,2,B59
Chandpur,2021,2,0,B59
Chandpur,2021,3,2,B59
Chandpur,2021,4,3,B59
Chandpur,2021,5,136,B59
Chandpur,2021,6,469,B59
Chandpur,2021,7,357,B59
Chandpur,2021,8,398,B59
Chandpur,2021,9,235,B59
Chandpur,2021,10,198,B59
Chandpur,2021,11,34,B59
Chandpur,2021,12,126,B59
Chandpur,2023,1,0,B59
Chandpur,2023,2,0,B59
Chandpur,2023,3,188,B59
Chandpur,2023,4,60,B59
Chandpur,2023,5,236,B59
Chandpur,2023,6,223,B59
Chandpur,2023,7,204,B59
Chandpur,2023,8,530,B59
Chandpur,2023,9,184,B59
Chandpur,2023,10,179,B59
Chandpur,2023,11,245,B59
Chandpur,2023,12,35,B59
Chandpur,2022,1,6,B59
Chandpur,2022,2,46,B59
Chandpur,2022,3,0,B59
Chandpur,2022,4,78,B59
Chandpur,2022,5,317,B59
Chandpur,2022,6,305,B59
Chandpur,2022,7,129,B59
Chandpur,2022,8,144,B59
Chandpur,2022,9,216,B59
Chandpur,2022,10,422,B59
Chandpur,2022,11,0,B59
Chandpur,2022,12,0,B59
Chittagong,1949,1,3,B59
Chittagong,1949,2,17,B59
Chittagong,1949,3,70,B59
Chittagong,1949,4,267,B59
Chittagong,1949,5,240,B59
Chittagong,1949,6,624,B59
Chittagong,1949,7,856,B59
Chittagong,1949,8,139,B59
Chittagong,1949,9,577,B59
Chittagong,1949,10,104,B59
Chittagong,1949,11,84,B59
Chittagong,1949,12,0,B59
Chittagong,1950,1,0,B59
Chittagong,1950,2,44,B59
Chittagong,1950,3,2,B59
Chittagong,1950,4,102,B59
Chittagong,1950,5,175,B59
Chittagong,1950,6,1676,B59
Chittagong,1950,7,997,B59
Chittagong,1950,8,669,B59
Chittagong,1950,9,179,B59
Chittagong,1950,10,187,B59
Chittagong,1950,11,93,B59
Chittagong,1950,12,0,B59
Chittagong,1951,1,0,B59
Chittagong,1951,2,0,B59
Chittagong,1951,3,70,B59
Chittagong,1951,4,181,B59
Chittagong,1951,5,139,B59
Chittagong,1951,6,458,B59
Chittagong,1951,7,670,B59
Chittagong,1951,8,747,B59
Chittagong,1951,9,295,B59
Chittagong,1951,10,488,B59
Chittagong,1951,11,0,B59
Chittagong,1951,12,7,B59
Chittagong,1952,1,0,B59
Chittagong,1952,2,0,B59
Chittagong,1952,3,73,B59
Chittagong,1952,4,236,B59
Chittagong,1952,5,204,B59
Chittagong,1952,6,687,B59
Chittagong,1952,7,491,B59
Chittagong,1952,8,401,B59
Chittagong,1952,9,146,B59
Chittagong,1952,10,307,B59
Chittagong,1952,11,152,B59
Chittagong,1952,12,0,B59
Chittagong,1953,1,0,B59
Chittagong,1953,2,0,B59
Chittagong,1953,3,5,B59
Chittagong,1953,4,57,B59
Chittagong,1953,5,508,B59
Chittagong,1953,6,527,B59
Chittagong,1953,7,764,B59
Chittagong,1953,8,524,B59
Chittagong,1953,9,622,B59
Chittagong,1953,10,315,B59
Chittagong,1953,11,17,B59
Chittagong,1953,12,0,B59
Chittagong,1954,1,7,B59
Chittagong,1954,2,14,B59
Chittagong,1954,3,26,B59
Chittagong,1954,4,5,B59
Chittagong,1954,5,236,B59
Chittagong,1954,6,1270,B59
Chittagong,1954,7,488,B59
Chittagong,1954,8,1120,B59
Chittagong,1954,9,162,B59
Chittagong,1954,10,306,B59
Chittagong,1954,11,0,B59
Chittagong,1954,12,1,B59
Chittagong,1955,1,0,B59
Chittagong,1955,2,0,B59
Chittagong,1955,3,254,B59
Chittagong,1955,4,37,B59
Chittagong,1955,5,356,B59
Chittagong,1955,6,482,B59
Chittagong,1955,7,1274,B59
Chittagong,1955,8,410,B59
Chittagong,1955,9,208,B59
Chittagong,1955,10,174,B59
Chittagong,1955,11,226,B59
Chittagong,1955,12,0,B59
Chittagong,1956,1,1,B59
Chittagong,1956,2,0,B59
Chittagong,1956,3,33,B59
Chittagong,1956,4,83,B59
Chittagong,1956,5,505,B59
Chittagong,1956,6,688,B59
Chittagong,1956,7,318,B59
Chittagong,1956,8,728,B59
Chittagong,1956,9,513,B59
Chittagong,1956,10,147,B59
Chittagong,1956,11,116,B59
Chittagong,1956,12,0,B59
Chittagong,1957,1,35,B59
Chittagong,1957,2,6,B59
Chittagong,1957,3,0,B59
Chittagong,1957,4,0,B59
Chittagong,1957,5,175,B59
Chittagong,1957,6,257,B59
Chittagong,1957,7,560,B59
Chittagong,1957,8,289,B59
Chittagong,1957,9,287,B59
Chittagong,1957,10,170,B59
Chittagong,1957,11,0,B59
Chittagong,1957,12,1,B59
Chittagong,1958,1,6,B59
Chittagong,1958,2,4,B59
Chittagong,1958,3,0,B59
Chittagong,1958,4,38,B59
Chittagong,1958,5,158,B59
Chittagong,1958,6,234,B59
Chittagong,1958,7,265,B59
Chittagong,1958,8,455,B59
Chittagong,1958,9,503,B59
Chittagong,1958,10,153,B59
Chittagong,1958,11,0,B59
Chittagong,1958,12,1,B59
Chittagong,1959,1,24,B59
Chittagong,1959,2,52,B59
Chittagong,1959,3,337,B59
Chittagong,1959,4,3,B59
Chittagong,1959,5,200,B59
Chittagong,1959,6,519,B59
Chittagong,1959,7,553,B59
Chittagong,1959,8,696,B59
Chittagong,1959,9,289,B59
Chittagong,1959,10,323,B59
Chittagong,1959,11,0,B59
Chittagong,1959,12,17,B59
Chittagong,1960,1,0,B59
Chittagong,1960,2,0,B59
Chittagong,1960,3,24,B59
Chittagong,1960,4,0,B59
Chittagong,1960,5,170,B59
Chittagong,1960,6,434,B59
Chittagong,1960,7,811,B59
Chittagong,1960,8,352,B59
Chittagong,1960,9,177,B59
Chittagong,1960,10,199,B59
Chittagong,1960,11,0,B59
Chittagong,1960,12,2,B59
Chittagong,1961,1,0,B59
Chittagong,1961,2,5,B59
Chittagong,1961,3,15,B59
Chittagong,1961,4,35,B59
Chittagong,1961,5,134,B59
Chittagong,1961,6,948,B59
Chittagong,1961,7,1171,B59
Chittagong,1961,8,900,B59
Chittagong,1961,9,160,B59
Chittagong,1961,10,332,B59
Chittagong,1961,11,2,B59
Chittagong,1961,12,0,B59
Chittagong,1962,1,6,B59
Chittagong,1962,2,42,B59
Chittagong,1962,3,257,B59
Chittagong,1962,4,57,B59
Chittagong,1962,5,205,B59
Chittagong,1962,6,714,B59
Chittagong,1962,7,511,B59
Chittagong,1962,8,279,B59
Chittagong,1962,9,230,B59
Chittagong,1962,10,278,B59
Chittagong,1962,11,0,B59
Chittagong,1962,12,0,B59
Chittagong,1963,1,0,B59
Chittagong,1963,2,0,B59
Chittagong,1963,3,30,B59
Chittagong,1963,4,60,B59
Chittagong,1963,5,201,B59
Chittagong,1963,6,595,B59
Chittagong,1963,7,970,B59
Chittagong,1963,8,256,B59
Chittagong,1963,9,113,B59
Chittagong,1963,10,225,B59
Chittagong,1963,11,0,B59
Chittagong,1963,12,0,B59
Chittagong,1964,1,3,B59
Chittagong,1964,2,3,B59
Chittagong,1964,3,0,B59
Chittagong,1964,4,198,B59
Chittagong,1964,5,195,B59
Chittagong,1964,6,419,B59
Chittagong,1964,7,1077,B59
Chittagong,1964,8,623,B59
Chittagong,1964,9,266,B59
Chittagong,1964,10,268,B59
Chittagong,1964,11,19,B59
Chittagong,1964,12,0,B59
Chittagong,1965,1,0,B59
Chittagong,1965,2,71,B59
Chittagong,1965,3,31,B59
Chittagong,1965,4,5,B59
Chittagong,1965,5,190,B59
Chittagong,1965,6,614,B59
Chittagong,1965,7,971,B59
Chittagong,1965,8,625,B59
Chittagong,1965,9,223,B59
Chittagong,1965,10,152,B59
Chittagong,1965,11,0,B59
Chittagong,1965,12,0,B59
Chittagong,1966,1,0,B59
Chittagong,1966,2,0,B59
Chittagong,1966,3,28,B59
Chittagong,1966,5,174,B59
Chittagong,1966,6,531,B59
Chittagong,1966,7,224,B59
Chittagong,1966,8,606,B59
Chittagong,1966,9,403,B59
Chittagong,1966,10,234,B59
Chittagong,1966,11,0,B59
Chittagong,1966,12,100,B59
Chittagong,1967,1,16,B59
Chittagong,1967,2,0,B59
Chittagong,1967,3,29,B59
Chittagong,1967,4,127,B59
Chittagong,1967,5,91,B59
Chittagong,1967,6,222,B59
Chittagong,1967,7,308,B59
Chittagong,1967,8,554,B59
Chittagong,1967,9,339,B59
Chittagong,1967,10,218,B59
Chittagong,1967,11,0,B59
Chittagong,1967,12,0,B59
Chittagong,1968,1,7,B59
Chittagong,1968,2,11,B59
Chittagong,1968,3,58,B59
Chittagong,1968,4,10,B59
Chittagong,1968,5,363,B59
Chittagong,1968,6,585,B59
Chittagong,1968,7,1095,B59
Chittagong,1968,8,363,B59
Chittagong,1968,9,101,B59
Chittagong,1968,10,90,B59
Chittagong,1968,11,0,B59
Chittagong,1969,1,21,B59
Chittagong,1969,2,0,B59
Chittagong,1969,3,120,B59
Chittagong,1969,4,251,B59
Chittagong,1969,5,0,B59
Chittagong,1969,6,677,B59
Chittagong,1969,7,684,B59
Chittagong,1969,8,715,B59
Chittagong,1969,9,257,B59
Chittagong,1969,10,30,B59
Chittagong,1969,11,33,B59
Chittagong,1969,12,0,B59
Chittagong,1970,1,1,B59
Chittagong,1970,2,20,B59
Chittagong,1970,3,2,B59
Chittagong,1970,4,40,B59
Chittagong,1970,5,158,B59
Chittagong,1970,6,313,B59
Chittagong,1970,7,1041,B59
Chittagong,1970,8,405,B59
Chittagong,1970,9,317,B59
Chittagong,1970,10,380,B59
Chittagong,1970,11,151,B59
Chittagong,1970,12,0,B59
Chittagong,1971,1,10,B59
Chittagong,1971,2,0,B59
Chittagong,1971,3,0,B59
Chittagong,1971,4,2,B59
Chittagong,1971,5,63,B59
Chittagong,1971,6,853,B59
Chittagong,1971,7,949,B59
Chittagong,1971,8,707,B59
Chittagong,1971,9,184,B59
Chittagong,1971,10,59,B59
Chittagong,1971,12,0,B59
Chittagong,1972,2,2,B59
Chittagong,1972,3,0,B59
Chittagong,1972,4,87,B59
Chittagong,1972,5,15,B59
Chittagong,1972,6,457,B59
Chittagong,1972,7,372,B59
Chittagong,1972,8,565,B59
Chittagong,1972,10,88,B59
Chittagong,1972,11,0,B59
Chittagong,1972,12,0,B59
Chittagong,1973,1,5,B59
Chittagong,1973,2,8,B59
Chittagong,1973,3,14,B59
Chittagong,1973,4,142,B59
Chittagong,1973,5,457,B59
Chittagong,1973,6,407,B59
Chittagong,1973,7,407,B59
Chittagong,1973,8,276,B59
Chittagong,1973,9,551,B59
Chittagong,1973,10,225,B59
Chittagong,1973,11,259,B59
Chittagong,1973,12,40,B59
Chittagong,1974,1,7,B59
Chittagong,1974,2,0,B59
Chittagong,1974,3,158,B59
Chittagong,1974,4,80,B59
Chittagong,1974,5,323,B59
Chittagong,1974,6,958,B59
Chittagong,1974,7,943,B59
Chittagong,1974,8,529,B59
Chittagong,1974,9,347,B59
Chittagong,1974,10,308,B59
Chittagong,1974,11,63,B59
Chittagong,1974,12,0,B59
Chittagong,1975,1,0,B59
Chittagong,1975,2,5,B59
Chittagong,1975,3,0,B59
Chittagong,1975,4,65,B59
Chittagong,1975,5,251,B59
Chittagong,1975,6,389,B59
Chittagong,1975,7,906,B59
Chittagong,1975,8,294,B59
Chittagong,1975,9,312,B59
Chittagong,1975,10,231,B59
Chittagong,1975,11,145,B59
Chittagong,1975,12,0,B59
Chittagong,1976,1,0,B59
Chittagong,1976,2,6,B59
Chittagong,1976,3,2,B59
Chittagong,1976,4,50,B59
Chittagong,1976,5,123,B59
Chittagong,1976,6,1041,B59
Chittagong,1976,8,377,B59
Chittagong,1976,9,96,B59
Chittagong,1976,10,163,B59
Chittagong,1976,11,251,B59
Chittagong,1976,12,10,B59
Chittagong,1977,1,0,B59
Chittagong,1977,2,71,B59
Chittagong,1977,3,0,B59
Chittagong,1977,4,418,B59
Chittagong,1977,5,271,B59
Chittagong,1977,6,430,B59
Chittagong,1977,7,715,B59
Chittagong,1977,8,328,B59
Chittagong,1977,9,92,B59
Chittagong,1977,10,124,B59
Chittagong,1977,11,35,B59
Chittagong,1977,12,0,B59
Chittagong,1978,1,0,B59
Chittagong,1978,2,0,B59
Chittagong,1978,3,2,B59
Chittagong,1978,4,48,B59
Chittagong,1978,5,369,B59
Chittagong,1978,6,811,B59
Chittagong,1978,7,277,B59
Chittagong,1978,8,425,B59
Chittagong,1978,9,381,B59
Chittagong,1978,10,192,B59
Chittagong,1978,11,0,B59
Chittagong,1978,12,0,B59
Chittagong,1979,1,1,B59
Chittagong,1979,2,2,B59
Chittagong,1979,3,1,B59
Chittagong,1979,4,43,B59
Chittagong,1979,5,213,B59
Chittagong,1979,6,653,B59
Chittagong,1979,7,446,B59
Chittagong,1979,8,920,B59
Chittagong,1979,9,425,B59
Chittagong,1979,10,59,B59
Chittagong,1979,11,52,B59
Chittagong,1979,12,36,B59
Chittagong,1980,1,0,B59
Chittagong,1980,2,28,B59
Chittagong,1980,3,52,B59
Chittagong,1980,4,46,B59
Chittagong,1980,5,456,B59
Chittagong,1980,6,517,B59
Chittagong,1980,7,627,B59
Chittagong,1980,8,702,B59
Chittagong,1980,9,229,B59
Chittagong,1980,10,275,B59
Chittagong,1980,11,0,B59
Chittagong,1980,12,0,B59
Chittagong,1981,1,15,B59
Chittagong,1981,2,2,B59
Chittagong,1981,3,129,B59
Chittagong,1981,4,279,B59
Chittagong,1981,5,341,B59
Chittagong,1981,6,364,B59
Chittagong,1981,7,825,B59
Chittagong,1981,8,343,B59
Chittagong,1981,9,150,B59
Chittagong,1981,10,20,B59
Chittagong,1981,11,1,B59
Chittagong,1982,1,0,B59
Chittagong,1982,2,7,B59
Chittagong,1982,3,53,B59
Chittagong,1982,4,143,B59
Chittagong,1982,5,44,B59
Chittagong,1982,6,746,B59
Chittagong,1982,7,475,B59
Chittagong,1982,8,797,B59
Chittagong,1982,9,401,B59
Chittagong,1982,10,5,B59
Chittagong,1982,11,43,B59
Chittagong,1982,12,1,B59
Chittagong,1983,1,5,B59
Chittagong,1983,2,44,B59
Chittagong,1983,3,79,B59
Chittagong,1983,4,219,B59
Chittagong,1983,5,222,B59
Chittagong,1983,6,609,B59
Chittagong,1983,7,812,B59
Chittagong,1983,8,1457,B59
Chittagong,1983,9,162,B59
Chittagong,1983,10,390,B59
Chittagong,1983,11,57,B59
Chittagong,1983,12,52,B59
Chittagong,1984,1,1,B59
Chittagong,1984,2,0,B59
Chittagong,1984,3,0,B59
Chittagong,1984,4,125,B59
Chittagong,1984,5,428,B59
Chittagong,1984,6,595,B59
Chittagong,1984,7,802,B59
Chittagong,1984,8,326,B59
Chittagong,1984,9,175,B59
Chittagong,1984,10,122,B59
Chittagong,1984,11,0,B59
Chittagong,1984,12,2,B59
Chittagong,1985,1,17,B59
Chittagong,1985,2,6,B59
Chittagong,1985,3,88,B59
Chittagong,1985,4,143,B59
Chittagong,1985,5,511,B59
Chittagong,1985,6,517,B59
Chittagong,1985,7,1031,B59
Chittagong,1985,8,469,B59
Chittagong,1985,9,143,B59
Chittagong,1985,10,47,B59
Chittagong,1985,11,198,B59
Chittagong,1985,12,2,B59
Chittagong,1986,1,2,B59
Chittagong,1986,2,0,B59
Chittagong,1986,3,0,B59
Chittagong,1986,4,145,B59
Chittagong,1986,5,177,B59
Chittagong,1986,6,820,B59
Chittagong,1986,7,894,B59
Chittagong,1986,8,311,B59
Chittagong,1986,9,139,B59
Chittagong,1986,10,200,B59
Chittagong,1986,11,122,B59
Chittagong,1986,12,0,B59
Chittagong,1987,1,3,B59
Chittagong,1987,2,20,B59
Chittagong,1987,3,80,B59
Chittagong,1987,4,287,B59
Chittagong,1987,5,63,B59
Chittagong,1987,6,348,B59
Chittagong,1987,7,1206,B59
Chittagong,1987,8,673,B59
Chittagong,1987,9,429,B59
Chittagong,1987,10,35,B59
Chittagong,1987,11,49,B59
Chittagong,1987,12,17,B59
Chittagong,1988,1,0,B59
Chittagong,1988,2,11,B59
Chittagong,1988,3,35,B59
Chittagong,1988,4,182,B59
Chittagong,1988,5,433,B59
Chittagong,1988,6,643,B59
Chittagong,1988,7,632,B59
Chittagong,1988,8,413,B59
Chittagong,1988,9,329,B59
Chittagong,1988,10,342,B59
Chittagong,1988,11,72,B59
Chittagong,1988,12,1,B59
Chittagong,1989,1,0,B59
Chittagong,1989,2,2,B59
Chittagong,1989,3,0,B59
Chittagong,1989,4,220,B59
Chittagong,1989,5,82,B59
Chittagong,1989,6,277,B59
Chittagong,1989,7,1173,B59
Chittagong,1989,8,66,B59
Chittagong,1989,9,360,B59
Chittagong,1989,10,404,B59
Chittagong,1989,11,14,B59
Chittagong,1989,12,0,B59
Chittagong,1990,1,0,B59
Chittagong,1990,2,39,B59
Chittagong,1990,3,53,B59
Chittagong,1990,4,250,B59
Chittagong,1990,5,205,B59
Chittagong,1990,6,668,B59
Chittagong,1990,7,1038,B59
Chittagong,1990,8,115,B59
Chittagong,1990,9,141,B59
Chittagong,1990,10,233,B59
Chittagong,1990,11,74,B59
Chittagong,1990,12,36,B59
Chittagong,1991,1,19,B59
Chittagong,1991,2,0,B59
Chittagong,1991,3,43,B59
Chittagong,1991,5,371,B59
Chittagong,1991,6,774,B59
Chittagong,1991,7,818,B59
Chittagong,1991,8,357,B59
Chittagong,1991,9,360,B59
Chittagong,1991,10,211,B59
Chittagong,1991,11,99,B59
Chittagong,1991,12,13,B59
Chittagong,1992,1,0,B59
Chittagong,1992,2,119,B59
Chittagong,1992,3,0,B59
Chittagong,1992,4,1,B59
Chittagong,1992,5,127,B59
Chittagong,1992,6,571,B59
Chittagong,1992,7,412,B59
Chittagong,1992,8,280,B59
Chittagong,1992,9,292,B59
Chittagong,1992,10,435,B59
Chittagong,1992,11,4,B59
Chittagong,1992,12,34,B59
Chittagong,1993,1,9,B59
Chittagong,1993,2,71,B59
Chittagong,1993,3,223,B59
Chittagong,1993,4,100,B59
Chittagong,1993,5,667,B59
Chittagong,1993,6,791,B59
Chittagong,1993,7,437,B59
Chittagong,1993,8,638,B59
Chittagong,1993,9,273,B59
Chittagong,1993,10,129,B59
Chittagong,1993,11,14,B59
Chittagong,1993,12,0,B59
Chittagong,1994,1,7,B59
Chittagong,1994,2,8,B59
Chittagong,1994,3,194,B59
Chittagong,1994,4,262,B59
Chittagong,1994,5,208,B59
Chittagong,1994,6,581,B59
Chittagong,1994,7,380,B59
Chittagong,1994,8,397,B59
Chittagong,1994,9,100,B59
Chittagong,1994,10,101,B59
Chittagong,1994,11,20,B59
Chittagong,1994,12,0,B59
Chittagong,1995,1,0,B59
Chittagong,1995,2,12,B59
Chittagong,1995,3,18,B59
Chittagong,1995,4,51,B59
Chittagong,1995,5,268,B59
Chittagong,1995,6,359,B59
Chittagong,1995,7,685,B59
Chittagong,1995,8,546,B59
Chittagong,1995,9,129,B59
Chittagong,1995,10,53,B59
Chittagong,1995,11,323,B59
Chittagong,1995,12,0,B59
Chittagong,1996,1,0,B59
Chittagong,1996,2,106,B59
Chittagong,1996,3,91,B59
Chittagong,1996,4,234,B59
Chittagong,1996,5,251,B59
Chittagong,1996,6,476,B59
Chittagong,1996,7,465,B59
Chittagong,1996,8,584,B59
Chittagong,1996,9,350,B59
Chittagong,1996,10,343,B59
Chittagong,1996,11,3,B59
Chittagong,1996,12,1,B59
Chittagong,1997,1,0,B59
Chittagong,1997,2,32,B59
Chittagong,1997,3,118,B59
Chittagong,1997,4,40,B59
Chittagong,1997,5,267,B59
Chittagong,1997,6,425,B59
Chittagong,1997,7,1033,B59
Chittagong,1997,8,383,B59
Chittagong,1997,9,530,B59
Chittagong,1997,10,134,B59
Chittagong,1997,11,49,B59
Chittagong,1997,12,4,B59
Chittagong,1998,1,37,B59
Chittagong,1998,2,103,B59
Chittagong,1998,3,97,B59
Chittagong,1998,4,184,B59
Chittagong,1998,5,387,B59
Chittagong,1998,6,132,B59
Chittagong,1998,7,1291,B59
Chittagong,1998,8,1194,B59
Chittagong,1998,9,193,B59
Chittagong,1998,10,122,B59
Chittagong,1998,11,93,B59
Chittagong,1998,12,0,B59
Chittagong,1999,1,0,B59
Chittagong,1999,2,0,B59
Chittagong,1999,3,0,B59
Chittagong,1999,4,0,B59
Chittagong,1999,5,463,B59
Chittagong,1999,6,879,B59
Chittagong,1999,7,491,B59
Chittagong,1999,8,848,B59
Chittagong,1999,9,203,B59
Chittagong,1999,10,201,B59
Chittagong,1999,11,2,B59
Chittagong,1999,12,107,B59
Chittagong,2000,1,17,B59
Chittagong,2000,2,0,B59
Chittagong,2000,3,16,B59
Chittagong,2000,4,108,B59
Chittagong,2000,5,748,B59
Chittagong,2000,6,643,B59
Chittagong,2000,7,713,B59
Chittagong,2000,8,689,B59
Chittagong,2000,9,138,B59
Chittagong,2000,10,416,B59
Chittagong,2000,11,15,B59
Chittagong,2000,12,0,B59
Chittagong,2001,1,0,B59
Chittagong,2001,2,12,B59
Chittagong,2001,3,1,B59
Chittagong,2001,4,41,B59
Chittagong,2001,5,423,B59
Chittagong,2001,6,567,B59
Chittagong,2001,7,385,B59
Chittagong,2001,8,238,B59
Chittagong,2001,9,224,B59
Chittagong,2001,10,242,B59
Chittagong,2001,11,81,B59
Chittagong,2001,12,0,B59
Chittagong,2002,1,1,B59
Chittagong,2002,2,0,B59
Chittagong,2002,3,70,B59
Chittagong,2002,4,67,B59
Chittagong,2002,5,453,B59
Chittagong,2002,6,366,B59
Chittagong,2002,7,920,B59
Chittagong,2002,8,456,B59
Chittagong,2002,9,145,B59
Chittagong,2002,10,129,B59
Chittagong,2002,11,128,B59
Chittagong,2002,12,10,B59
Chittagong,2003,1,0,B59
Chittagong,2003,2,0,B59
Chittagong,2003,3,53,B59
Chittagong,2003,4,167,B59
Chittagong,2003,5,198,B59
Chittagong,2003,6,1209,B59
Chittagong,2003,7,372,B59
Chittagong,2003,8,260,B59
Chittagong,2003,9,210,B59
Chittagong,2003,10,234,B59
Chittagong,2003,11,0,B59
Chittagong,2003,12,66,B59
Chittagong,2008,1,64,B59
Chittagong,2008,2,7,B59
Chittagong,2008,3,6,B59
Chittagong,2008,4,1,B59
Chittagong,2008,5,244,B59
Chittagong,2008,6,538,B59
Chittagong,2008,7,963,B59
Chittagong,2008,8,757,B59
Chittagong,2008,9,250,B59
Chittagong,2008,10,171,B59
Chittagong,2008,11,31,B59
Chittagong,2008,12,0,B59
Chittagong,2009,1,0,B59
Chittagong,2009,2,2,B59
Chittagong,2009,3,3,B59
Chittagong,2009,4,114,B59
Chittagong,2009,5,373,B59
Chittagong,2009,6,434,B59
Chittagong,2009,7,1244,B59
Chittagong,2009,8,693,B59
Chittagong,2009,9,281,B59
Chittagong,2009,10,300,B59
Chittagong,2009,11,17,B59
Chittagong,2009,12,0,B59
Chittagong,2010,1,0,B59
Chittagong,2010,2,8,B59
Chittagong,2010,3,40,B59
Chittagong,2010,4,46,B59
Chittagong,2010,5,346,B59
Chittagong,2010,6,747,B59
Chittagong,2010,7,267,B59
Chittagong,2010,8,516,B59
Chittagong,2010,9,116,B59
Chittagong,2010,10,294,B59
Chittagong,2010,11,38,B59
Chittagong,2010,12,19,B59
Chittagong,2011,1,0,B59
Chittagong,2011,2,0,B59
Chittagong,2011,3,35,B59
Chittagong,2011,4,133,B59
Chittagong,2011,5,276,B59
Chittagong,2011,6,481,B59
Chittagong,2011,7,562,B59
Chittagong,2011,8,806,B59
Chittagong,2011,9,762,B59
Chittagong,2011,10,46,B59
Chittagong,2011,11,0,B59
Chittagong,2011,12,0,B59
Chittagong,2012,1,0,B59
Chittagong,2012,2,0,B59
Chittagong,2012,3,30,B59
Chittagong,2012,4,192,B59
Chittagong,2012,5,188,B59
Chittagong,2012,6,1337,B59
Chittagong,2012,7,788,B59
Chittagong,2012,8,299,B59
Chittagong,2012,9,170,B59
Chittagong,2012,10,636,B59
Chittagong,2012,11,3,B59
Chittagong,2012,12,0,B59
Chittagong,2013,1,0,B59
Chittagong,2013,2,0,B59
Chittagong,2013,3,3,B59
Chittagong,2013,4,58,B59
Chittagong,2013,5,773,B59
Chittagong,2013,6,513,B59
Chittagong,2013,7,405,B59
Chittagong,2013,8,267,B59
Chittagong,2013,9,173,B59
Chittagong,2013,10,369,B59
Chittagong,2013,11,0,B59
Chittagong,2013,12,0,B59
Chittagong,2014,1,0,B59
Chittagong,2014,2,37,B59
Chittagong,2014,3,18,B59
Chittagong,2014,4,43,B59
Chittagong,2014,5,304,B59
Chittagong,2014,6,1494,B59
Chittagong,2014,7,395,B59
Chittagong,2014,8,692,B59
Chittagong,2014,9,363,B59
Chittagong,2014,10,104,B59
Chittagong,2014,11,0,B59
Chittagong,2014,12,0,B59
Chittagong,2015,1,6,B59
Chittagong,2015,2,0,B59
Chittagong,2015,3,18,B59
Chittagong,2015,4,218,B59
Chittagong,2015,5,92,B59
Chittagong,2015,6,713,B59
Chittagong,2015,7,1555,B59
Chittagong,2015,8,568,B59
Chittagong,2015,9,331,B59
Chittagong,2015,10,193,B59
Chittagong,2015,11,7,B59
Chittagong,2015,12,12,B59
Chittagong,2016,1,5,B59
Chittagong,2016,2,6,B59
Chittagong,2016,3,77,B59
Chittagong,2016,4,39,B59
Chittagong,2016,5,253,B59
Chittagong,2016,6,201,B59
Chittagong,2016,7,568,B59
Chittagong,2016,8,398,B59
Chittagong,2016,9,323,B59
Chittagong,2016,10,249,B59
Chittagong,2016,11,89,B59
Chittagong,2016,12,0,B59
Chittagong,2017,1,0,B59
Chittagong,2017,2,0,B59
Chittagong,2017,3,102,B59
Chittagong,2017,4,296,B59
Chittagong,2017,5,275,B59
Chittagong,2017,6,845,B59
Chittagong,2017,7,1008,B59
Chittagong,2017,8,523,B59
Chittagong,2017,9,560,B59
Chittagong,2017,10,123,B59
Chittagong,2017,11,2,B59
Chittagong,2017,12,17,B59
Chittagong,2018,1,13,B59
Chittagong,2018,2,0,B59
Chittagong,2018,3,20,B59
Chittagong,2018,4,72,B59
Chittagong,2018,5,388,B59
Chittagong,2018,6,667,B59
Chittagong,2018,7,807,B59
Chittagong,2018,8,325,B59
Chittagong,2018,9,148,B59
Chittagong,2018,10,306,B59
Chittagong,2018,11,2,B59
Chittagong,2018,12,4,B59
Chittagong,2019,1,0,B59
Chittagong,2019,2,5,B59
Chittagong,2019,3,8,B59
Chittagong,2019,4,73,B59
Chittagong,2019,5,206,B59
Chittagong,2019,6,152,B59
Chittagong,2019,7,1110,B59
Chittagong,2019,8,466,B59
Chittagong,2019,9,365,B59
Chittagong,2019,10,123,B59
Chittagong,2019,11,83,B59
Chittagong,2019,12,10,B59
Chittagong,2020,1,49,B59
Chittagong,2020,2,5,B59
Chittagong,2020,3,0,B59
Chittagong,2020,4,129,B59
Chittagong,2020,5,119,B59
Chittagong,2020,6,399,B59
Chittagong,2020,7,605,B59
Chittagong,2020,8,680,B59
Chittagong,2020,9,350,B59
Chittagong,2020,10,338,B59
Chittagong,2020,11,125,B59
Chittagong,2020,12,0,B59
Chittagong,2021,1,0,B59
Chittagong,2021,2,0,B59
Chittagong,2021,3,0,B59
Chittagong,2021,4,25,B59
Chittagong,2021,5,107,B59
Chittagong,2021,6,905,B59
Chittagong,2021,7,865,B59
Chittagong,2021,8,753,B59
Chittagong,2021,9,314,B59
Chittagong,2021,10,234,B59
Chittagong,2021,11,0,B59
Chittagong,2021,12,95,B59
Chittagong,2023,1,0,B59
Chittagong,2023,2,0,B59
Chittagong,2023,3,38,B59
Chittagong,2023,4,80,B59
Chittagong,2023,5,162,B59
Chittagong,2023,6,462,B59
Chittagong,2023,7,107,B59
Chittagong,2023,8,1097,B59
Chittagong,2023,9,294,B59
Chittagong,2023,10,170,B59
Chittagong,2023,11,83,B59
Chittagong,2023,12,9,B59
Chittagong,2022,1,1,B59
Chittagong,2022,2,11,B59
Chittagong,2022,3,0,B59
Chittagong,2022,4,44,B59
Chittagong,2022,5,345,B59
Chittagong,2022,6,582,B59
Chittagong,2022,7,271,B59
Chittagong,2022,8,116,B59
Chittagong,2022,9,386,B59
Chittagong,2022,10,154,B59
Chittagong,2022,11,0,B59
Chittagong,2022,12,20,B59
Chuadanga,1989,1,0,B59
Chuadanga,1989,2,3,B59
Chuadanga,1989,3,4,B59
Chuadanga,1989,4,0,B59
Chuadanga,1989,5,136,B59
Chuadanga,1989,6,189,B59
Chuadanga,1989,7,442,B59
Chuadanga,1989,8,35,B59
Chuadanga,1989,9,95,B59
Chuadanga,1989,10,16,B59
Chuadanga,1989,12,0,B59
Chuadanga,1990,1,0,B59
Chuadanga,1990,2,0,B59
Chuadanga,1990,3,0,B59
Chuadanga,1990,4,0,B59
Chuadanga,1990,5,94,B59
Chuadanga,1990,6,211,B59
Chuadanga,1990,7,431,B59
Chuadanga,1990,8,139,B59
Chuadanga,1990,9,366,B59
Chuadanga,1990,10,155,B59
Chuadanga,1990,11,55,B59
Chuadanga,1990,12,0,B59
Chuadanga,1991,1,16,B59
Chuadanga,1991,2,21,B59
Chuadanga,1991,3,18,B59
Chuadanga,1991,4,42,B59
Chuadanga,1991,5,144,B59
Chuadanga,1991,6,260,B59
Chuadanga,1991,7,221,B59
Chuadanga,1991,8,206,B59
Chuadanga,1991,9,502,B59
Chuadanga,1991,10,141,B59
Chuadanga,1991,11,0,B59
Chuadanga,1991,12,106,B59
Chuadanga,1992,1,15,B59
Chuadanga,1992,2,47,B59
Chuadanga,1992,3,0,B59
Chuadanga,1992,4,5,B59
Chuadanga,1992,5,150,B59
Chuadanga,1992,6,157,B59
Chuadanga,1992,7,402,B59
Chuadanga,1992,8,303,B59
Chuadanga,1992,9,131,B59
Chuadanga,1992,10,76,B59
Chuadanga,1992,11,10,B59
Chuadanga,1992,12,0,B59
Chuadanga,1993,1,0,B59
Chuadanga,1993,2,26,B59
Chuadanga,1993,3,55,B59
Chuadanga,1993,4,114,B59
Chuadanga,1993,5,99,B59
Chuadanga,1993,6,410,B59
Chuadanga,1993,7,253,B59
Chuadanga,1993,8,223,B59
Chuadanga,1993,9,471,B59
Chuadanga,1993,10,61,B59
Chuadanga,1993,11,6,B59
Chuadanga,1993,12,0,B59
Chuadanga,1994,1,50,B59
Chuadanga,1994,2,34,B59
Chuadanga,1994,3,8,B59
Chuadanga,1994,4,65,B59
Chuadanga,1994,5,120,B59
Chuadanga,1994,6,272,B59
Chuadanga,1994,7,266,B59
Chuadanga,1994,8,256,B59
Chuadanga,1994,9,98,B59
Chuadanga,1994,10,125,B59
Chuadanga,1994,11,3,B59
Chuadanga,1994,12,0,B59
Chuadanga,1995,1,15,B59
Chuadanga,1995,2,36,B59
Chuadanga,1995,3,2,B59
Chuadanga,1995,4,1,B59
Chuadanga,1995,5,78,B59
Chuadanga,1995,6,303,B59
Chuadanga,1995,7,246,B59
Chuadanga,1995,8,300,B59
Chuadanga,1995,9,456,B59
Chuadanga,1995,10,0,B59
Chuadanga,1995,11,75,B59
Chuadanga,1995,12,7,B59
Chuadanga,1996,1,13,B59
Chuadanga,1996,2,36,B59
Chuadanga,1996,3,3,B59
Chuadanga,1996,4,60,B59
Chuadanga,1996,5,128,B59
Chuadanga,1996,6,281,B59
Chuadanga,1996,7,217,B59
Chuadanga,1996,8,263,B59
Chuadanga,1996,9,213,B59
Chuadanga,1996,10,204,B59
Chuadanga,1996,11,0,B59
Chuadanga,1996,12,0,B59
Chuadanga,1997,1,4,B59
Chuadanga,1997,2,36,B59
Chuadanga,1997,3,79,B59
Chuadanga,1997,4,39,B59
Chuadanga,1997,5,177,B59
Chuadanga,1997,6,184,B59
Chuadanga,1997,7,350,B59
Chuadanga,1997,8,304,B59
Chuadanga,1997,9,201,B59
Chuadanga,1997,10,27,B59
Chuadanga,1997,11,6,B59
Chuadanga,1997,12,20,B59
Chuadanga,1998,1,42,B59
Chuadanga,1998,2,13,B59
Chuadanga,1998,3,67,B59
Chuadanga,1998,4,44,B59
Chuadanga,1998,5,162,B59
Chuadanga,1998,6,89,B59
Chuadanga,1998,7,440,B59
Chuadanga,1998,8,277,B59
Chuadanga,1998,9,175,B59
Chuadanga,1998,10,131,B59
Chuadanga,1998,11,68,B59
Chuadanga,1998,12,0,B59
Chuadanga,1999,1,0,B59
Chuadanga,1999,2,0,B59
Chuadanga,1999,3,0,B59
Chuadanga,1999,4,17,B59
Chuadanga,1999,5,158,B59
Chuadanga,1999,6,297,B59
Chuadanga,1999,7,463,B59
Chuadanga,1999,8,296,B59
Chuadanga,1999,9,416,B59
Chuadanga,1999,10,136,B59
Chuadanga,1999,11,5,B59
Chuadanga,1999,12,0,B59
Chuadanga,2000,1,8,B59
Chuadanga,2000,2,70,B59
Chuadanga,2000,3,19,B59
Chuadanga,2000,4,47,B59
Chuadanga,2000,5,309,B59
Chuadanga,2000,6,103,B59
Chuadanga,2000,7,527,B59
Chuadanga,2000,8,126,B59
Chuadanga,2000,9,489,B59
Chuadanga,2000,10,103,B59
Chuadanga,2000,11,0,B59
Chuadanga,2000,12,0,B59
Chuadanga,2001,1,0,B59
Chuadanga,2001,2,3,B59
Chuadanga,2001,3,6,B59
Chuadanga,2001,4,71,B59
Chuadanga,2001,5,311,B59
Chuadanga,2001,6,329,B59
Chuadanga,2001,7,195,B59
Chuadanga,2001,8,72,B59
Chuadanga,2001,9,222,B59
Chuadanga,2001,10,154,B59
Chuadanga,2001,11,9,B59
Chuadanga,2001,12,0,B59
Chuadanga,2002,1,33,B59
Chuadanga,2002,2,1,B59
Chuadanga,2002,3,25,B59
Chuadanga,2002,4,146,B59
Chuadanga,2002,5,240,B59
Chuadanga,2002,6,297,B59
Chuadanga,2002,7,331,B59
Chuadanga,2002,8,261,B59
Chuadanga,2002,9,263,B59
Chuadanga,2002,10,115,B59
Chuadanga,2002,11,77,B59
Chuadanga,2002,12,0,B59
Chuadanga,2003,1,0,B59
Chuadanga,2003,2,20,B59
Chuadanga,2003,3,80,B59
Chuadanga,2003,4,50,B59
Chuadanga,2003,5,70,B59
Chuadanga,2003,6,241,B59
Chuadanga,2003,7,296,B59
Chuadanga,2003,8,241,B59
Chuadanga,2003,9,191,B59
Chuadanga,2003,10,320,B59
Chuadanga,2003,11,0,B59
Chuadanga,2003,12,13,B59
Chuadanga,2004,1,0,B59
Chuadanga,2004,2,0,B59
Chuadanga,2004,3,0,B59
Chuadanga,2004,4,65,B59
Chuadanga,2004,5,78,B59
Chuadanga,2004,6,434,B59
Chuadanga,2004,7,202,B59
Chuadanga,2004,8,228,B59
Chuadanga,2004,9,818,B59
Chuadanga,2004,10,126,B59
Chuadanga,2004,11,0,B59
Chuadanga,2004,12,0,B59
Chuadanga,2005,1,5,B59
Chuadanga,2005,2,2,B59
Chuadanga,2005,3,112,B59
Chuadanga,2005,4,22,B59
Chuadanga,2005,5,57,B59
Chuadanga,2005,6,109,B59
Chuadanga,2005,7,281,B59
Chuadanga,2005,8,165,B59
Chuadanga,2005,9,153,B59
Chuadanga,2005,10,572,B59
Chuadanga,2005,11,0,B59
Chuadanga,2005,12,4,B59
Chuadanga,2006,1,0,B59
Chuadanga,2006,2,0,B59
Chuadanga,2006,3,1,B59
Chuadanga,2006,4,42,B59
Chuadanga,2006,5,108,B59
Chuadanga,2006,6,211,B59
Chuadanga,2006,7,337,B59
Chuadanga,2006,8,161,B59
Chuadanga,2006,9,526,B59
Chuadanga,2006,10,61,B59
Chuadanga,2006,11,5,B59
Chuadanga,2006,12,0,B59
Chuadanga,2007,1,0,B59
Chuadanga,2007,2,71,B59
Chuadanga,2007,3,34,B59
Chuadanga,2007,4,28,B59
Chuadanga,2007,5,121,B59
Chuadanga,2007,6,232,B59
Chuadanga,2007,7,737,B59
Chuadanga,2007,8,244,B59
Chuadanga,2007,9,194,B59
Chuadanga,2007,10,94,B59
Chuadanga,2007,11,42,B59
Chuadanga,2007,12,0,B59
Chuadanga,2008,1,45,B59
Chuadanga,2008,2,33,B59
Chuadanga,2008,3,42,B59
Chuadanga,2008,4,26,B59
Chuadanga,2008,5,179,B59
Chuadanga,2008,6,166,B59
Chuadanga,2008,7,637,B59
Chuadanga,2008,8,97,B59
Chuadanga,2008,9,476,B59
Chuadanga,2008,10,150,B59
Chuadanga,2008,11,0,B59
Chuadanga,2008,12,0,B59
Chuadanga,2009,1,2,B59
Chuadanga,2009,2,4,B59
Chuadanga,2009,3,32,B59
Chuadanga,2009,4,0,B59
Chuadanga,2009,5,166,B59
Chuadanga,2009,6,114,B59
Chuadanga,2009,7,199,B59
Chuadanga,2009,8,338,B59
Chuadanga,2009,9,279,B59
Chuadanga,2009,10,89,B59
Chuadanga,2009,11,11,B59
Chuadanga,2009,12,0,B59
Chuadanga,2010,1,0,B59
Chuadanga,2010,2,5,B59
Chuadanga,2010,3,0,B59
Chuadanga,2010,4,6,B59
Chuadanga,2010,5,170,B59
Chuadanga,2010,6,159,B59
Chuadanga,2010,7,105,B59
Chuadanga,2010,8,80,B59
Chuadanga,2010,9,199,B59
Chuadanga,2010,10,71,B59
Chuadanga,2010,11,3,B59
Chuadanga,2010,12,54,B59
Chuadanga,2011,1,1,B59
Chuadanga,2011,2,1,B59
Chuadanga,2011,3,42,B59
Chuadanga,2011,4,85,B59
Chuadanga,2011,5,151,B59
Chuadanga,2011,6,358,B59
Chuadanga,2011,7,321,B59
Chuadanga,2011,8,405,B59
Chuadanga,2011,9,240,B59
Chuadanga,2011,10,17,B59
Chuadanga,2011,11,1,B59
Chuadanga,2011,12,0,B59
Chuadanga,2012,1,27,B59
Chuadanga,2012,2,0,B59
Chuadanga,2012,3,6,B59
Chuadanga,2012,4,74,B59
Chuadanga,2012,5,48,B59
Chuadanga,2012,6,125,B59
Chuadanga,2012,7,322,B59
Chuadanga,2012,8,143,B59
Chuadanga,2012,9,173,B59
Chuadanga,2012,10,132,B59
Chuadanga,2012,11,81,B59
Chuadanga,2012,12,7,B59
Chuadanga,2013,1,3,B59
Chuadanga,2013,2,12,B59
Chuadanga,2013,3,1,B59
Chuadanga,2013,4,32,B59
Chuadanga,2013,5,260,B59
Chuadanga,2013,6,156,B59
Chuadanga,2013,7,169,B59
Chuadanga,2013,8,202,B59
Chuadanga,2013,9,122,B59
Chuadanga,2013,10,208,B59
Chuadanga,2013,11,0,B59
Chuadanga,2013,12,0,B59
Chuadanga,2014,1,1,B59
Chuadanga,2014,2,37,B59
Chuadanga,2014,3,54,B59
Chuadanga,2014,4,0,B59
Chuadanga,2014,5,53,B59
Chuadanga,2014,6,236,B59
Chuadanga,2014,7,179,B59
Chuadanga,2014,8,271,B59
Chuadanga,2014,9,163,B59
Chuadanga,2014,10,96,B59
Chuadanga,2014,11,0,B59
Chuadanga,2014,12,0,B59
Chuadanga,2015,1,0,B59
Chuadanga,2015,2,40,B59
Chuadanga,2015,3,14,B59
Chuadanga,2015,4,95,B59
Chuadanga,2015,5,108,B59
Chuadanga,2015,6,324,B59
Chuadanga,2015,7,427,B59
Chuadanga,2015,8,244,B59
Chuadanga,2015,9,151,B59
Chuadanga,2015,10,58,B59
Chuadanga,2015,11,1,B59
Chuadanga,2015,12,3,B59
Chuadanga,2016,1,0,B59
Chuadanga,2016,2,82,B59
Chuadanga,2016,3,40,B59
Chuadanga,2016,4,79,B59
Chuadanga,2016,5,88,B59
Chuadanga,2016,6,122,B59
Chuadanga,2016,7,331,B59
Chuadanga,2016,8,465,B59
Chuadanga,2016,9,125,B59
Chuadanga,2016,10,61,B59
Chuadanga,2016,11,2,B59
Chuadanga,2016,12,0,B59
Chuadanga,2017,1,0,B59
Chuadanga,2017,2,0,B59
Chuadanga,2017,3,9,B59
Chuadanga,2017,4,157,B59
Chuadanga,2017,5,240,B59
Chuadanga,2017,6,132,B59
Chuadanga,2017,7,377,B59
Chuadanga,2017,8,199,B59
Chuadanga,2017,9,88,B59
Chuadanga,2017,10,251,B59
Chuadanga,2017,11,26,B59
Chuadanga,2017,12,53,B59
Chuadanga,2018,1,0,B59
Chuadanga,2018,2,3,B59
Chuadanga,2018,3,1,B59
Chuadanga,2018,4,105,B59
Chuadanga,2018,5,175,B59
Chuadanga,2018,6,216,B59
Chuadanga,2018,7,376,B59
Chuadanga,2018,8,155,B59
Chuadanga,2018,9,112,B59
Chuadanga,2018,10,55,B59
Chuadanga,2018,11,0,B59
Chuadanga,2018,12,25,B59
Chuadanga,2019,1,0,B59
Chuadanga,2019,2,79,B59
Chuadanga,2019,3,16,B59
Chuadanga,2019,4,81,B59
Chuadanga,2019,5,227,B59
Chuadanga,2019,6,148,B59
Chuadanga,2019,7,172,B59
Chuadanga,2019,8,130,B59
Chuadanga,2019,9,262,B59
Chuadanga,2019,10,141,B59
Chuadanga,2019,11,31,B59
Chuadanga,2019,12,3,B59
Chuadanga,2020,1,19,B59
Chuadanga,2020,2,4,B59
Chuadanga,2020,3,39,B59
Chuadanga,2020,4,65,B59
Chuadanga,2020,5,348,B59
Chuadanga,2020,6,305,B59
Chuadanga,2020,7,490,B59
Chuadanga,2020,8,162,B59
Chuadanga,2020,9,234,B59
Chuadanga,2020,10,81,B59
Chuadanga,2020,11,2,B59
Chuadanga,2020,12,0,B59
Chuadanga,2021,1,0,B59
Chuadanga,2021,2,0,B59
Chuadanga,2021,3,13,B59
Chuadanga,2021,4,6,B59
Chuadanga,2021,5,221,B59
Chuadanga,2021,6,296,B59
Chuadanga,2021,7,298,B59
Chuadanga,2021,8,521,B59
Chuadanga,2021,9,147,B59
Chuadanga,2021,10,77,B59
Chuadanga,2021,11,37,B59
Chuadanga,2021,12,75,B59
Chuadanga,2023,1,0,B59
Chuadanga,2023,2,0,B59
Chuadanga,2023,3,21,B59
Chuadanga,2023,4,41,B59
Chuadanga,2023,5,96,B59
Chuadanga,2023,6,171,B59
Chuadanga,2023,7,114,B59
Chuadanga,2023,8,201,B59
Chuadanga,2023,9,190,B59
Chuadanga,2023,10,189,B59
Chuadanga,2023,11,2,B59
Chuadanga,2023,12,53,B59
Chuadanga,2022,1,17,B59
Chuadanga,2022,2,77,B59
Chuadanga,2022,3,0,B59
Chuadanga,2022,4,15,B59
Chuadanga,2022,5,177,B59
Chuadanga,2022,6,104,B59
Chuadanga,2022,7,168,B59
Chuadanga,2022,8,176,B59
Chuadanga,2022,9,419,B59
Chuadanga,2022,10,64,B59
Chuadanga,2022,11,0,B59
Chuadanga,2022,12,0,B59
Comilla,1948,1,0,B59
Comilla,1948,2,194,B59
Comilla,1948,3,43,B59
Comilla,1948,4,293,B59
Comilla,1948,5,240,B59
Comilla,1948,6,619,B59
Comilla,1948,7,1045,B59
Comilla,1948,8,347,B59
Comilla,1948,9,388,B59
Comilla,1948,10,219,B59
Comilla,1948,11,14,B59
Comilla,1948,12,0,B59
Comilla,1949,1,0,B59
Comilla,1949,2,0,B59
Comilla,1949,3,112,B59
Comilla,1949,4,494,B59
Comilla,1949,5,665,B59
Comilla,1949,6,884,B59
Comilla,1949,7,747,B59
Comilla,1949,8,661,B59
Comilla,1949,9,294,B59
Comilla,1949,10,148,B59
Comilla,1949,11,0,B59
Comilla,1949,12,0,B59
Comilla,1950,1,0,B59
Comilla,1950,2,19,B59
Comilla,1950,3,26,B59
Comilla,1950,4,28,B59
Comilla,1950,5,257,B59
Comilla,1950,6,421,B59
Comilla,1950,7,266,B59
Comilla,1950,8,530,B59
Comilla,1950,9,183,B59
Comilla,1950,10,297,B59
Comilla,1950,11,258,B59
Comilla,1950,12,0,B59
Comilla,1951,1,0,B59
Comilla,1951,2,0,B59
Comilla,1951,3,23,B59
Comilla,1951,4,212,B59
Comilla,1951,5,200,B59
Comilla,1951,6,539,B59
Comilla,1951,7,857,B59
Comilla,1951,8,596,B59
Comilla,1951,9,401,B59
Comilla,1951,10,427,B59
Comilla,1951,11,55,B59
Comilla,1951,12,0,B59
Comilla,1952,1,10,B59
Comilla,1952,2,0,B59
Comilla,1952,3,18,B59
Comilla,1952,4,471,B59
Comilla,1952,5,541,B59
Comilla,1952,6,899,B59
Comilla,1952,7,644,B59
Comilla,1952,8,419,B59
Comilla,1952,9,570,B59
Comilla,1952,10,422,B59
Comilla,1952,11,133,B59
Comilla,1952,12,0,B59
Comilla,1953,1,2,B59
Comilla,1953,2,2,B59
Comilla,1953,3,29,B59
Comilla,1953,4,20,B59
Comilla,1953,5,225,B59
Comilla,1953,6,661,B59
Comilla,1953,7,612,B59
Comilla,1953,8,370,B59
Comilla,1953,9,493,B59
Comilla,1953,10,147,B59
Comilla,1953,11,0,B59
Comilla,1953,12,42,B59
Comilla,1954,1,6,B59
Comilla,1954,2,44,B59
Comilla,1954,3,70,B59
Comilla,1954,4,106,B59
Comilla,1954,5,183,B59
Comilla,1954,6,979,B59
Comilla,1954,7,389,B59
Comilla,1954,8,376,B59
Comilla,1954,9,264,B59
Comilla,1954,10,238,B59
Comilla,1954,11,0,B59
Comilla,1954,12,0,B59
Comilla,1955,1,0,B59
Comilla,1955,2,0,B59
Comilla,1955,3,88,B59
Comilla,1955,4,69,B59
Comilla,1955,5,302,B59
Comilla,1955,6,270,B59
Comilla,1955,7,663,B59
Comilla,1955,8,329,B59
Comilla,1955,9,246,B59
Comilla,1955,10,55,B59
Comilla,1955,11,148,B59
Comilla,1955,12,0,B59
Comilla,1956,1,8,B59
Comilla,1956,2,3,B59
Comilla,1956,3,74,B59
Comilla,1956,4,94,B59
Comilla,1956,5,227,B59
Comilla,1956,6,803,B59
Comilla,1956,7,423,B59
Comilla,1956,8,387,B59
Comilla,1956,9,444,B59
Comilla,1956,10,141,B59
Comilla,1956,11,23,B59
Comilla,1956,12,0,B59
Comilla,1957,1,52,B59
Comilla,1957,2,57,B59
Comilla,1957,3,8,B59
Comilla,1957,4,69,B59
Comilla,1957,5,125,B59
Comilla,1957,6,374,B59
Comilla,1957,7,384,B59
Comilla,1957,8,154,B59
Comilla,1957,9,366,B59
Comilla,1957,10,42,B59
Comilla,1957,11,0,B59
Comilla,1957,12,1,B59
Comilla,1958,1,3,B59
Comilla,1958,2,91,B59
Comilla,1958,3,44,B59
Comilla,1958,4,118,B59
Comilla,1958,5,240,B59
Comilla,1958,6,233,B59
Comilla,1958,7,251,B59
Comilla,1958,8,771,B59
Comilla,1958,9,239,B59
Comilla,1958,10,255,B59
Comilla,1958,11,5,B59
Comilla,1958,12,0,B59
Comilla,1959,1,37,B59
Comilla,1959,2,66,B59
Comilla,1959,3,153,B59
Comilla,1959,4,108,B59
Comilla,1959,5,270,B59
Comilla,1959,6,336,B59
Comilla,1959,7,396,B59
Comilla,1959,8,581,B59
Comilla,1959,9,207,B59
Comilla,1959,10,311,B59
Comilla,1959,11,0,B59
Comilla,1959,12,0,B59
Comilla,1960,1,0,B59
Comilla,1960,2,0,B59
Comilla,1960,3,35,B59
Comilla,1960,4,38,B59
Comilla,1960,5,353,B59
Comilla,1960,6,373,B59
Comilla,1960,7,591,B59
Comilla,1960,8,334,B59
Comilla,1960,9,454,B59
Comilla,1960,10,153,B59
Comilla,1960,11,62,B59
Comilla,1960,12,0,B59
Comilla,1961,1,1,B59
Comilla,1961,2,12,B59
Comilla,1961,3,21,B59
Comilla,1961,4,116,B59
Comilla,1961,5,182,B59
Comilla,1961,6,639,B59
Comilla,1961,7,382,B59
Comilla,1961,8,577,B59
Comilla,1961,9,114,B59
Comilla,1961,10,134,B59
Comilla,1961,11,0,B59
Comilla,1961,12,0,B59
Comilla,1962,1,12,B59
Comilla,1962,2,12,B59
Comilla,1962,3,5,B59
Comilla,1962,4,189,B59
Comilla,1962,5,237,B59
Comilla,1962,6,446,B59
Comilla,1962,7,456,B59
Comilla,1962,8,230,B59
Comilla,1962,9,98,B59
Comilla,1962,10,231,B59
Comilla,1962,11,0,B59
Comilla,1962,12,0,B59
Comilla,1964,1,20,B59
Comilla,1964,2,30,B59
Comilla,1964,3,29,B59
Comilla,1964,4,121,B59
Comilla,1964,5,343,B59
Comilla,1964,6,544,B59
Comilla,1964,7,816,B59
Comilla,1964,8,540,B59
Comilla,1964,9,428,B59
Comilla,1964,10,533,B59
Comilla,1964,11,28,B59
Comilla,1964,12,0,B59
Comilla,1965,1,0,B59
Comilla,1965,2,0,B59
Comilla,1965,3,14,B59
Comilla,1965,4,0,B59
Comilla,1965,5,53,B59
Comilla,1965,6,717,B59
Comilla,1965,7,595,B59
Comilla,1965,8,810,B59
Comilla,1965,9,329,B59
Comilla,1965,10,49,B59
Comilla,1965,11,99,B59
Comilla,1965,12,14,B59
Comilla,1966,1,14,B59
Comilla,1966,2,0,B59
Comilla,1966,3,29,B59
Comilla,1966,4,44,B59
Comilla,1966,5,127,B59
Comilla,1966,6,641,B59
Comilla,1966,7,315,B59
Comilla,1966,8,342,B59
Comilla,1966,9,540,B59
Comilla,1966,10,348,B59
Comilla,1966,11,28,B59
Comilla,1966,12,58,B59
Comilla,1967,2,0,B59
Comilla,1967,3,130,B59
Comilla,1967,4,191,B59
Comilla,1967,5,186,B59
Comilla,1967,6,204,B59
Comilla,1967,7,393,B59
Comilla,1967,8,295,B59
Comilla,1967,9,443,B59
Comilla,1967,10,272,B59
Comilla,1967,11,0,B59
Comilla,1967,12,0,B59
Comilla,1968,1,0,B59
Comilla,1968,2,0,B59
Comilla,1968,3,45,B59
Comilla,1968,4,197,B59
Comilla,1968,5,418,B59
Comilla,1968,6,524,B59
Comilla,1968,7,498,B59
Comilla,1968,8,442,B59
Comilla,1968,9,185,B59
Comilla,1968,10,88,B59
Comilla,1968,11,10,B59
Comilla,1969,1,0,B59
Comilla,1969,2,0,B59
Comilla,1969,3,57,B59
Comilla,1969,4,237,B59
Comilla,1969,5,41,B59
Comilla,1969,6,782,B59
Comilla,1969,7,559,B59
Comilla,1969,8,572,B59
Comilla,1969,9,366,B59
Comilla,1969,10,26,B59
Comilla,1969,11,27,B59
Comilla,1969,12,0,B59
Comilla,1970,1,20,B59
Comilla,1970,2,9,B59
Comilla,1970,3,63,B59
Comilla,1970,4,134,B59
Comilla,1970,5,187,B59
Comilla,1970,6,129,B59
Comilla,1970,7,546,B59
Comilla,1970,8,240,B59
Comilla,1970,9,37,B59
Comilla,1970,10,284,B59
Comilla,1970,11,74,B59
Comilla,1971,1,5,B59
Comilla,1971,2,10,B59
Comilla,1971,3,0,B59
Comilla,1971,5,46,B59
Comilla,1971,6,123,B59
Comilla,1971,7,291,B59
Comilla,1971,8,307,B59
Comilla,1971,9,172,B59
Comilla,1971,10,166,B59
Comilla,1971,11,57,B59
Comilla,1972,1,0,B59
Comilla,1972,2,0,B59
Comilla,1972,3,15,B59
Comilla,1972,4,117,B59
Comilla,1972,5,252,B59
Comilla,1972,6,369,B59
Comilla,1972,7,206,B59
Comilla,1972,8,385,B59
Comilla,1972,9,69,B59
Comilla,1972,10,57,B59
Comilla,1972,11,1,B59
Comilla,1972,12,0,B59
Comilla,1973,1,10,B59
Comilla,1973,2,30,B59
Comilla,1973,3,53,B59
Comilla,1973,4,72,B59
Comilla,1973,5,445,B59
Comilla,1973,6,489,B59
Comilla,1973,7,332,B59
Comilla,1973,8,138,B59
Comilla,1973,9,127,B59
Comilla,1973,10,198,B59
Comilla,1973,11,160,B59
Comilla,1973,12,0,B59
Comilla,1974,1,0,B59
Comilla,1974,2,0,B59
Comilla,1974,3,84,B59
Comilla,1974,4,234,B59
Comilla,1974,5,203,B59
Comilla,1974,6,488,B59
Comilla,1974,7,763,B59
Comilla,1974,8,271,B59
Comilla,1974,9,442,B59
Comilla,1974,10,150,B59
Comilla,1974,11,65,B59
Comilla,1974,12,0,B59
Comilla,1975,1,0,B59
Comilla,1975,2,43,B59
Comilla,1975,3,6,B59
Comilla,1975,4,84,B59
Comilla,1975,5,194,B59
Comilla,1975,6,259,B59
Comilla,1975,7,516,B59
Comilla,1975,8,143,B59
Comilla,1975,9,258,B59
Comilla,1975,10,182,B59
Comilla,1975,11,128,B59
Comilla,1975,12,0,B59
Comilla,1976,1,0,B59
Comilla,1976,2,10,B59
Comilla,1976,3,49,B59
Comilla,1976,4,44,B59
Comilla,1976,5,266,B59
Comilla,1976,6,521,B59
Comilla,1976,7,517,B59
Comilla,1976,8,435,B59
Comilla,1976,9,17,B59
Comilla,1976,10,96,B59
Comilla,1976,11,10,B59
Comilla,1976,12,0,B59
Comilla,1977,1,0,B59
Comilla,1977,2,78,B59
Comilla,1977,3,7,B59
Comilla,1977,4,359,B59
Comilla,1977,5,392,B59
Comilla,1977,6,417,B59
Comilla,1977,7,435,B59
Comilla,1977,8,116,B59
Comilla,1977,9,149,B59
Comilla,1977,10,132,B59
Comilla,1977,11,35,B59
Comilla,1977,12,5,B59
Comilla,1979,1,7,B59
Comilla,1979,2,8,B59
Comilla,1979,3,35,B59
Comilla,1979,4,20,B59
Comilla,1979,5,26,B59
Comilla,1979,6,173,B59
Comilla,1979,7,167,B59
Comilla,1979,8,486,B59
Comilla,1979,9,344,B59
Comilla,1979,10,157,B59
Comilla,1979,11,29,B59
Comilla,1979,12,9,B59
Comilla,1980,1,0,B59
Comilla,1980,2,41,B59
Comilla,1980,3,50,B59
Comilla,1980,4,82,B59
Comilla,1980,5,429,B59
Comilla,1980,6,195,B59
Comilla,1980,7,472,B59
Comilla,1980,8,428,B59
Comilla,1980,9,219,B59
Comilla,1980,10,175,B59
Comilla,1980,11,0,B59
Comilla,1980,12,2,B59
Comilla,1981,1,16,B59
Comilla,1981,2,13,B59
Comilla,1981,3,101,B59
Comilla,1981,4,470,B59
Comilla,1981,5,383,B59
Comilla,1981,6,315,B59
Comilla,1981,7,511,B59
Comilla,1981,8,250,B59
Comilla,1981,9,112,B59
Comilla,1981,10,0,B59
Comilla,1981,11,0,B59
Comilla,1981,12,27,B59
Comilla,1982,1,0,B59
Comilla,1982,2,12,B59
Comilla,1982,3,7,B59
Comilla,1982,4,232,B59
Comilla,1982,5,358,B59
Comilla,1982,6,593,B59
Comilla,1982,7,219,B59
Comilla,1982,8,519,B59
Comilla,1982,9,194,B59
Comilla,1982,10,19,B59
Comilla,1982,11,32,B59
Comilla,1982,12,0,B59
Comilla,1983,1,14,B59
Comilla,1983,2,25,B59
Comilla,1983,3,98,B59
Comilla,1983,4,93,B59
Comilla,1983,5,290,B59
Comilla,1983,6,195,B59
Comilla,1983,7,396,B59
Comilla,1983,8,518,B59
Comilla,1983,9,403,B59
Comilla,1983,10,221,B59
Comilla,1983,11,17,B59
Comilla,1983,12,16,B59
Comilla,1984,1,12,B59
Comilla,1984,2,5,B59
Comilla,1984,3,0,B59
Comilla,1984,4,98,B59
Comilla,1984,5,635,B59
Comilla,1984,6,428,B59
Comilla,1984,7,391,B59
Comilla,1984,8,449,B59
Comilla,1984,9,233,B59
Comilla,1984,10,186,B59
Comilla,1984,11,0,B59
Comilla,1984,12,2,B59
Comilla,1985,1,3,B59
Comilla,1985,2,6,B59
Comilla,1985,3,75,B59
Comilla,1985,4,151,B59
Comilla,1985,5,301,B59
Comilla,1985,6,264,B59
Comilla,1985,7,208,B59
Comilla,1985,8,345,B59
Comilla,1985,9,266,B59
Comilla,1985,10,22,B59
Comilla,1985,11,0,B59
Comilla,1985,12,0,B59
Comilla,1986,1,5,B59
Comilla,1986,2,0,B59
Comilla,1986,3,2,B59
Comilla,1986,4,231,B59
Comilla,1986,5,242,B59
Comilla,1986,6,165,B59
Comilla,1986,7,389,B59
Comilla,1986,8,244,B59
Comilla,1986,9,369,B59
Comilla,1986,10,208,B59
Comilla,1986,11,137,B59
Comilla,1986,12,0,B59
Comilla,1987,1,0,B59
Comilla,1987,2,0,B59
Comilla,1987,3,45,B59
Comilla,1987,4,212,B59
Comilla,1987,5,117,B59
Comilla,1987,6,149,B59
Comilla,1987,7,429,B59
Comilla,1987,8,350,B59
Comilla,1987,9,354,B59
Comilla,1987,10,156,B59
Comilla,1987,11,58,B59
Comilla,1987,12,13,B59
Comilla,1988,1,0,B59
Comilla,1988,2,17,B59
Comilla,1988,3,33,B59
Comilla,1988,4,10,B59
Comilla,1988,5,470,B59
Comilla,1988,6,379,B59
Comilla,1988,7,415,B59
Comilla,1988,8,423,B59
Comilla,1988,9,216,B59
Comilla,1988,10,227,B59
Comilla,1988,11,59,B59
Comilla,1988,12,0,B59
Comilla,1989,1,0,B59
Comilla,1989,2,18,B59
Comilla,1989,3,18,B59
Comilla,1989,4,70,B59
Comilla,1989,5,183,B59
Comilla,1989,6,342,B59
Comilla,1989,7,332,B59
Comilla,1989,8,77,B59
Comilla,1989,9,239,B59
Comilla,1989,10,160,B59
Comilla,1989,11,0,B59
Comilla,1989,12,0,B59
Comilla,1990,1,0,B59
Comilla,1990,2,21,B59
Comilla,1990,3,179,B59
Comilla,1990,4,228,B59
Comilla,1990,5,331,B59
Comilla,1990,6,333,B59
Comilla,1990,7,303,B59
Comilla,1990,8,252,B59
Comilla,1990,9,227,B59
Comilla,1990,10,239,B59
Comilla,1990,11,71,B59
Comilla,1990,12,27,B59
Comilla,1991,1,11,B59
Comilla,1991,2,50,B59
Comilla,1991,3,229,B59
Comilla,1991,4,270,B59
Comilla,1991,5,439,B59
Comilla,1991,6,331,B59
Comilla,1991,7,394,B59
Comilla,1991,8,409,B59
Comilla,1991,9,377,B59
Comilla,1991,10,240,B59
Comilla,1991,11,50,B59
Comilla,1991,12,114,B59
Comilla,1992,1,0,B59
Comilla,1992,2,63,B59
Comilla,1992,3,0,B59
Comilla,1992,4,10,B59
Comilla,1992,5,154,B59
Comilla,1992,6,298,B59
Comilla,1992,7,259,B59
Comilla,1992,8,128,B59
Comilla,1992,9,128,B59
Comilla,1992,10,197,B59
Comilla,1992,11,2,B59
Comilla,1992,12,1,B59
Comilla,1993,1,1,B59
Comilla,1993,2,129,B59
Comilla,1993,3,81,B59
Comilla,1993,4,174,B59
Comilla,1993,5,642,B59
Comilla,1993,6,506,B59
Comilla,1993,7,540,B59
Comilla,1993,8,287,B59
Comilla,1993,9,245,B59
Comilla,1993,10,219,B59
Comilla,1993,11,40,B59
Comilla,1993,12,0,B59
Comilla,1994,1,10,B59
Comilla,1994,2,11,B59
Comilla,1994,3,124,B59
Comilla,1994,4,150,B59
Comilla,1994,5,185,B59
Comilla,1994,6,431,B59
Comilla,1994,7,116,B59
Comilla,1994,8,245,B59
Comilla,1994,9,91,B59
Comilla,1994,10,20,B59
Comilla,1994,11,1,B59
Comilla,1994,12,0,B59
Comilla,1995,1,0,B59
Comilla,1995,2,29,B59
Comilla,1995,3,12,B59
Comilla,1995,4,114,B59
Comilla,1995,5,318,B59
Comilla,1995,6,329,B59
Comilla,1995,7,529,B59
Comilla,1995,8,452,B59
Comilla,1995,9,124,B59
Comilla,1995,10,48,B59
Comilla,1995,11,147,B59
Comilla,1995,12,0,B59
Comilla,1996,1,12,B59
Comilla,1996,2,0,B59
Comilla,1996,3,114,B59
Comilla,1996,4,102,B59
Comilla,1996,5,449,B59
Comilla,1996,6,392,B59
Comilla,1996,7,308,B59
Comilla,1996,8,146,B59
Comilla,1996,9,178,B59
Comilla,1996,10,322,B59
Comilla,1996,11,12,B59
Comilla,1996,12,1,B59
Comilla,1997,1,8,B59
Comilla,1997,2,11,B59
Comilla,1997,3,117,B59
Comilla,1997,4,160,B59
Comilla,1997,5,199,B59
Comilla,1997,6,350,B59
Comilla,1997,7,664,B59
Comilla,1997,8,270,B59
Comilla,1997,9,277,B59
Comilla,1997,10,47,B59
Comilla,1997,11,1,B59
Comilla,1997,12,30,B59
Comilla,1998,1,27,B59
Comilla,1998,2,54,B59
Comilla,1998,3,109,B59
Comilla,1998,4,249,B59
Comilla,1998,5,342,B59
Comilla,1998,6,100,B59
Comilla,1998,7,854,B59
Comilla,1998,8,336,B59
Comilla,1998,9,281,B59
Comilla,1998,10,48,B59
Comilla,1998,11,118,B59
Comilla,1998,12,0,B59
Comilla,1999,1,0,B59
Comilla,1999,2,0,B59
Comilla,1999,3,2,B59
Comilla,1999,4,7,B59
Comilla,1999,5,229,B59
Comilla,1999,6,350,B59
Comilla,1999,7,892,B59
Comilla,1999,8,371,B59
Comilla,1999,9,365,B59
Comilla,1999,10,292,B59
Comilla,1999,11,43,B59
Comilla,1999,12,0,B59
Comilla,2000,1,45,B59
Comilla,2000,2,52,B59
Comilla,2000,3,121,B59
Comilla,2000,4,212,B59
Comilla,2000,5,554,B59
Comilla,2000,6,295,B59
Comilla,2000,7,182,B59
Comilla,2000,8,319,B59
Comilla,2000,9,106,B59
Comilla,2000,10,155,B59
Comilla,2000,11,3,B59
Comilla,2000,12,0,B59
Comilla,2001,1,0,B59
Comilla,2001,2,13,B59
Comilla,2001,3,6,B59
Comilla,2001,4,54,B59
Comilla,2001,5,300,B59
Comilla,2001,6,590,B59
Comilla,2001,7,184,B59
Comilla,2001,8,312,B59
Comilla,2001,9,258,B59
Comilla,2001,10,161,B59
Comilla,2001,11,72,B59
Comilla,2001,12,0,B59
Comilla,2002,1,29,B59
Comilla,2002,2,0,B59
Comilla,2002,3,72,B59
Comilla,2002,4,91,B59
Comilla,2002,5,344,B59
Comilla,2002,6,316,B59
Comilla,2002,7,766,B59
Comilla,2002,8,223,B59
Comilla,2002,9,129,B59
Comilla,2002,10,83,B59
Comilla,2002,11,83,B59
Comilla,2002,12,0,B59
Comilla,2003,1,2,B59
Comilla,2003,2,50,B59
Comilla,2003,3,128,B59
Comilla,2003,4,132,B59
Comilla,2003,5,141,B59
Comilla,2003,6,673,B59
Comilla,2003,7,290,B59
Comilla,2003,8,131,B59
Comilla,2003,9,97,B59
Comilla,2003,10,129,B59
Comilla,2003,11,3,B59
Comilla,2003,12,49,B59
Comilla,2004,1,0,B59
Comilla,2004,2,4,B59
Comilla,2004,3,6,B59
Comilla,2004,4,175,B59
Comilla,2004,5,186,B59
Comilla,2004,6,654,B59
Comilla,2004,7,311,B59
Comilla,2004,8,183,B59
Comilla,2004,9,686,B59
Comilla,2004,10,218,B59
Comilla,2004,11,1,B59
Comilla,2004,12,0,B59
Comilla,2005,1,6,B59
Comilla,2005,2,2,B59
Comilla,2005,3,249,B59
Comilla,2005,4,157,B59
Comilla,2005,5,193,B59
Comilla,2005,6,259,B59
Comilla,2005,7,403,B59
Comilla,2005,8,410,B59
Comilla,2005,9,395,B59
Comilla,2005,10,349,B59
Comilla,2005,11,0,B59
Comilla,2005,12,1,B59
Comilla,2006,1,0,B59
Comilla,2006,2,0,B59
Comilla,2006,3,0,B59
Comilla,2006,4,117,B59
Comilla,2006,5,607,B59
Comilla,2006,6,402,B59
Comilla,2006,7,151,B59
Comilla,2006,8,226,B59
Comilla,2006,9,300,B59
Comilla,2006,10,94,B59
Comilla,2006,11,1,B59
Comilla,2006,12,0,B59
Comilla,2007,1,0,B59
Comilla,2007,2,20,B59
Comilla,2007,3,21,B59
Comilla,2007,4,179,B59
Comilla,2007,5,153,B59
Comilla,2007,6,548,B59
Comilla,2007,7,654,B59
Comilla,2007,8,221,B59
Comilla,2007,9,339,B59
Comilla,2007,10,280,B59
Comilla,2007,11,82,B59
Comilla,2007,12,0,B59
Comilla,2008,1,30,B59
Comilla,2008,2,11,B59
Comilla,2008,3,26,B59
Comilla,2008,4,34,B59
Comilla,2008,5,282,B59
Comilla,2008,6,330,B59
Comilla,2008,7,457,B59
Comilla,2008,8,375,B59
Comilla,2008,9,247,B59
Comilla,2008,10,265,B59
Comilla,2008,11,0,B59
Comilla,2008,12,0,B59
Comilla,2009,1,0,B59
Comilla,2009,2,0,B59
Comilla,2009,3,3,B59
Comilla,2009,4,48,B59
Comilla,2009,5,295,B59
Comilla,2009,6,235,B59
Comilla,2009,7,573,B59
Comilla,2009,8,427,B59
Comilla,2009,9,145,B59
Comilla,2009,10,98,B59
Comilla,2009,11,0,B59
Comilla,2009,12,0,B59
Comilla,2010,1,0,B59
Comilla,2010,2,13,B59
Comilla,2010,3,30,B59
Comilla,2010,4,23,B59
Comilla,2010,5,343,B59
Comilla,2010,6,417,B59
Comilla,2010,7,94,B59
Comilla,2010,8,125,B59
Comilla,2010,9,241,B59
Comilla,2010,10,277,B59
Comilla,2010,11,0,B59
Comilla,2010,12,15,B59
Comilla,2011,1,0,B59
Comilla,2011,2,0,B59
Comilla,2011,3,28,B59
Comilla,2011,4,76,B59
Comilla,2011,5,351,B59
Comilla,2011,6,346,B59
Comilla,2011,7,273,B59
Comilla,2011,8,501,B59
Comilla,2011,9,233,B59
Comilla,2011,10,76,B59
Comilla,2011,11,0,B59
Comilla,2011,12,0,B59
Comilla,2012,1,16,B59
Comilla,2012,2,1,B59
Comilla,2012,3,13,B59
Comilla,2012,4,195,B59
Comilla,2012,5,209,B59
Comilla,2012,6,442,B59
Comilla,2012,7,282,B59
Comilla,2012,8,373,B59
Comilla,2012,9,178,B59
Comilla,2012,10,115,B59
Comilla,2012,11,102,B59
Comilla,2012,12,3,B59
Comilla,2013,1,0,B59
Comilla,2013,2,3,B59
Comilla,2013,3,30,B59
Comilla,2013,4,28,B59
Comilla,2013,5,467,B59
Comilla,2013,6,214,B59
Comilla,2013,7,276,B59
Comilla,2013,8,243,B59
Comilla,2013,9,255,B59
Comilla,2013,10,124,B59
Comilla,2013,11,0,B59
Comilla,2013,12,3,B59
Comilla,2014,1,0,B59
Comilla,2014,2,8,B59
Comilla,2014,3,17,B59
Comilla,2014,4,16,B59
Comilla,2014,5,195,B59
Comilla,2014,6,394,B59
Comilla,2014,7,227,B59
Comilla,2014,8,418,B59
Comilla,2014,9,296,B59
Comilla,2014,10,64,B59
Comilla,2014,11,0,B59
Comilla,2014,12,0,B59
Comilla,2015,1,1,B59
Comilla,2015,2,24,B59
Comilla,2015,3,11,B59
Comilla,2015,4,206,B59
Comilla,2015,5,187,B59
Comilla,2015,6,286,B59
Comilla,2015,7,820,B59
Comilla,2015,8,188,B59
Comilla,2015,9,377,B59
Comilla,2015,10,44,B59
Comilla,2015,11,1,B59
Comilla,2015,12,10,B59
Comilla,2016,1,1,B59
Comilla,2016,2,47,B59
Comilla,2016,3,72,B59
Comilla,2016,4,118,B59
Comilla,2016,5,448,B59
Comilla,2016,6,210,B59
Comilla,2016,7,557,B59
Comilla,2016,8,277,B59
Comilla,2016,9,143,B59
Comilla,2016,10,111,B59
Comilla,2016,11,190,B59
Comilla,2016,12,0,B59
Comilla,2017,1,0,B59
Comilla,2017,2,8,B59
Comilla,2017,3,231,B59
Comilla,2017,4,361,B59
Comilla,2017,5,222,B59
Comilla,2017,6,432,B59
Comilla,2017,7,676,B59
Comilla,2017,8,526,B59
Comilla,2017,9,282,B59
Comilla,2017,10,274,B59
Comilla,2017,11,5,B59
Comilla,2017,12,162,B59
Comilla,2018,1,0,B59
Comilla,2018,2,0,B59
Comilla,2018,3,21,B59
Comilla,2018,4,214,B59
Comilla,2018,5,406,B59
Comilla,2018,6,516,B59
Comilla,2018,7,268,B59
Comilla,2018,8,117,B59
Comilla,2018,9,121,B59
Comilla,2018,10,42,B59
Comilla,2018,11,0,B59
Comilla,2018,12,7,B59
Comilla,2019,1,0,B59
Comilla,2019,2,70,B59
Comilla,2019,3,29,B59
Comilla,2019,4,238,B59
Comilla,2019,5,269,B59
Comilla,2019,6,202,B59
Comilla,2019,7,477,B59
Comilla,2019,8,250,B59
Comilla,2019,9,208,B59
Comilla,2019,10,108,B59
Comilla,2019,11,60,B59
Comilla,2019,12,8,B59
Comilla,2020,1,39,B59
Comilla,2020,2,5,B59
Comilla,2020,3,2,B59
Comilla,2020,4,215,B59
Comilla,2020,5,298,B59
Comilla,2020,6,497,B59
Comilla,2020,7,470,B59
Comilla,2020,8,211,B59
Comilla,2020,9,303,B59
Comilla,2020,10,191,B59
Comilla,2020,11,45,B59
Comilla,2020,12,0,B59
Comilla,2021,1,0,B59
Comilla,2021,2,0,B59
Comilla,2021,3,0,B59
Comilla,2021,4,4,B59
Comilla,2021,5,136,B59
Comilla,2021,6,439,B59
Comilla,2021,7,365,B59
Comilla,2021,8,269,B59
Comilla,2021,9,544,B59
Comilla,2021,10,118,B59
Comilla,2021,11,20,B59
Comilla,2021,12,164,B59
Comilla,2023,1,0,B59
Comilla,2023,2,0,B59
Comilla,2023,3,100,B59
Comilla,2023,4,30,B59
Comilla,2023,5,101,B59
Comilla,2023,6,586,B59
Comilla,2023,7,172,B59
Comilla,2023,8,534,B59
Comilla,2023,9,290,B59
Comilla,2023,10,131,B59
Comilla,2023,11,122,B59
Comilla,2023,12,33,B59
Comilla,2022,1,6,B59
Comilla,2022,2,23,B59
Comilla,2022,3,10,B59
Comilla,2022,4,53,B59
Comilla,2022,5,279,B59
Comilla,2022,6,340,B59
Comilla,2022,7,144,B59
Comilla,2022,8,99,B59
Comilla,2022,9,262,B59
Comilla,2022,10,196,B59
Comilla,2022,11,0,B59
Comilla,2022,12,2,B59
Cox's Bazar,1948,1,3,B59
Cox's Bazar,1948,2,0,B59
Cox's Bazar,1948,3,0,B59
Cox's Bazar,1948,4,200,B59
Cox's Bazar,1948,5,424,B59
Cox's Bazar,1948,6,827,B59
Cox's Bazar,1948,7,969,B59
Cox's Bazar,1948,8,958,B59
Cox's Bazar,1948,9,274,B59
Cox's Bazar,1948,10,189,B59
Cox's Bazar,1948,11,46,B59
Cox's Bazar,1948,12,0,B59
Cox's Bazar,1949,3,0,B59
Cox's Bazar,1949,4,184,B59
Cox's Bazar,1949,5,423,B59
Cox's Bazar,1949,6,1004,B59
Cox's Bazar,1949,7,870,B59
Cox's Bazar,1949,8,826,B59
Cox's Bazar,1949,9,669,B59
Cox's Bazar,1949,10,161,B59
Cox's Bazar,1949,11,8,B59
Cox's Bazar,1949,12,8,B59
Cox's Bazar,1950,1,0,B59
Cox's Bazar,1950,2,50,B59
Cox's Bazar,1950,3,11,B59
Cox's Bazar,1950,4,20,B59
Cox's Bazar,1950,5,202,B59
Cox's Bazar,1950,6,790,B59
Cox's Bazar,1950,7,1368,B59
Cox's Bazar,1950,8,744,B59
Cox's Bazar,1950,9,440,B59
Cox's Bazar,1950,10,241,B59
Cox's Bazar,1950,11,88,B59
Cox's Bazar,1950,12,0,B59
Cox's Bazar,1951,1,0,B59
Cox's Bazar,1951,2,0,B59
Cox's Bazar,1951,3,46,B59
Cox's Bazar,1951,4,165,B59
Cox's Bazar,1951,5,72,B59
Cox's Bazar,1951,6,691,B59
Cox's Bazar,1951,7,661,B59
Cox's Bazar,1951,8,765,B59
Cox's Bazar,1951,9,799,B59
Cox's Bazar,1951,10,606,B59
Cox's Bazar,1951,11,7,B59
Cox's Bazar,1951,12,24,B59
Cox's Bazar,1952,1,0,B59
Cox's Bazar,1952,2,1,B59
Cox's Bazar,1952,3,37,B59
Cox's Bazar,1952,4,206,B59
Cox's Bazar,1952,5,258,B59
Cox's Bazar,1952,6,809,B59
Cox's Bazar,1952,7,1266,B59
Cox's Bazar,1952,8,439,B59
Cox's Bazar,1952,9,617,B59
Cox's Bazar,1952,10,505,B59
Cox's Bazar,1952,11,37,B59
Cox's Bazar,1952,12,0,B59
Cox's Bazar,1953,1,2,B59
Cox's Bazar,1953,2,0,B59
Cox's Bazar,1953,3,0,B59
Cox's Bazar,1953,4,6,B59
Cox's Bazar,1953,5,455,B59
Cox's Bazar,1953,6,722,B59
Cox's Bazar,1953,7,1084,B59
Cox's Bazar,1953,8,606,B59
Cox's Bazar,1953,9,401,B59
Cox's Bazar,1953,10,99,B59
Cox's Bazar,1953,11,21,B59
Cox's Bazar,1953,12,0,B59
Cox's Bazar,1954,1,0,B59
Cox's Bazar,1954,2,15,B59
Cox's Bazar,1954,3,0,B59
Cox's Bazar,1954,4,0,B59
Cox's Bazar,1954,5,139,B59
Cox's Bazar,1954,6,1504,B59
Cox's Bazar,1954,7,858,B59
Cox's Bazar,1954,8,884,B59
Cox's Bazar,1954,9,132,B59
Cox's Bazar,1954,10,413,B59
Cox's Bazar,1954,11,0,B59
Cox's Bazar,1954,12,0,B59
Cox's Bazar,1955,1,0,B59
Cox's Bazar,1955,2,0,B59
Cox's Bazar,1955,3,80,B59
Cox's Bazar,1955,4,35,B59
Cox's Bazar,1955,5,375,B59
Cox's Bazar,1955,6,611,B59
Cox's Bazar,1955,7,972,B59
Cox's Bazar,1955,8,366,B59
Cox's Bazar,1955,9,373,B59
Cox's Bazar,1955,10,349,B59
Cox's Bazar,1955,11,142,B59
Cox's Bazar,1955,12,1,B59
Cox's Bazar,1956,1,0,B59
Cox's Bazar,1956,2,0,B59
Cox's Bazar,1956,3,0,B59
Cox's Bazar,1956,4,23,B59
Cox's Bazar,1956,5,664,B59
Cox's Bazar,1956,6,810,B59
Cox's Bazar,1956,7,623,B59
Cox's Bazar,1956,8,926,B59
Cox's Bazar,1956,9,554,B59
Cox's Bazar,1956,10,222,B59
Cox's Bazar,1956,11,46,B59
Cox's Bazar,1956,12,0,B59
Cox's Bazar,1957,1,87,B59
Cox's Bazar,1957,2,5,B59
Cox's Bazar,1957,3,0,B59
Cox's Bazar,1957,4,0,B59
Cox's Bazar,1957,5,120,B59
Cox's Bazar,1957,6,493,B59
Cox's Bazar,1957,7,1027,B59
Cox's Bazar,1957,8,397,B59
Cox's Bazar,1957,9,407,B59
Cox's Bazar,1957,10,77,B59
Cox's Bazar,1957,11,0,B59
Cox's Bazar,1957,12,0,B59
Cox's Bazar,1958,1,0,B59
Cox's Bazar,1958,2,10,B59
Cox's Bazar,1958,3,0,B59
Cox's Bazar,1958,4,23,B59
Cox's Bazar,1958,5,95,B59
Cox's Bazar,1958,6,379,B59
Cox's Bazar,1958,7,831,B59
Cox's Bazar,1958,8,504,B59
Cox's Bazar,1958,9,421,B59
Cox's Bazar,1958,10,153,B59
Cox's Bazar,1958,11,15,B59
Cox's Bazar,1958,12,13,B59
Cox's Bazar,1959,1,37,B59
Cox's Bazar,1959,2,24,B59
Cox's Bazar,1959,3,51,B59
Cox's Bazar,1959,4,9,B59
Cox's Bazar,1959,5,210,B59
Cox's Bazar,1959,6,550,B59
Cox's Bazar,1959,7,1023,B59
Cox's Bazar,1959,8,853,B59
Cox's Bazar,1959,9,372,B59
Cox's Bazar,1959,10,219,B59
Cox's Bazar,1959,11,0,B59
Cox's Bazar,1959,12,47,B59
Cox's Bazar,1960,1,0,B59
Cox's Bazar,1960,2,0,B59
Cox's Bazar,1960,3,40,B59
Cox's Bazar,1960,4,0,B59
Cox's Bazar,1960,5,204,B59
Cox's Bazar,1960,6,644,B59
Cox's Bazar,1960,7,705,B59
Cox's Bazar,1960,8,907,B59
Cox's Bazar,1960,9,183,B59
Cox's Bazar,1960,10,309,B59
Cox's Bazar,1960,11,78,B59
Cox's Bazar,1960,12,0,B59
Cox's Bazar,1961,1,0,B59
Cox's Bazar,1961,2,3,B59
Cox's Bazar,1961,3,3,B59
Cox's Bazar,1961,4,30,B59
Cox's Bazar,1961,5,294,B59
Cox's Bazar,1961,6,719,B59
Cox's Bazar,1961,7,1387,B59
Cox's Bazar,1961,8,937,B59
Cox's Bazar,1961,9,574,B59
Cox's Bazar,1961,10,340,B59
Cox's Bazar,1961,11,24,B59
Cox's Bazar,1961,12,0,B59
Cox's Bazar,1962,1,0,B59
Cox's Bazar,1962,2,0,B59
Cox's Bazar,1962,3,0,B59
Cox's Bazar,1962,4,18,B59
Cox's Bazar,1962,5,258,B59
Cox's Bazar,1962,6,1105,B59
Cox's Bazar,1962,7,625,B59
Cox's Bazar,1962,8,499,B59
Cox's Bazar,1962,9,281,B59
Cox's Bazar,1962,10,245,B59
Cox's Bazar,1962,11,0,B59
Cox's Bazar,1962,12,0,B59
Cox's Bazar,1963,1,0,B59
Cox's Bazar,1963,2,0,B59
Cox's Bazar,1963,3,4,B59
Cox's Bazar,1963,4,157,B59
Cox's Bazar,1963,5,617,B59
Cox's Bazar,1963,6,1027,B59
Cox's Bazar,1963,7,1104,B59
Cox's Bazar,1963,8,305,B59
Cox's Bazar,1963,9,403,B59
Cox's Bazar,1963,10,386,B59
Cox's Bazar,1963,11,0,B59
Cox's Bazar,1963,12,0,B59
Cox's Bazar,1964,1,0,B59
Cox's Bazar,1964,2,0,B59
Cox's Bazar,1964,3,0,B59
Cox's Bazar,1964,4,63,B59
Cox's Bazar,1964,5,267,B59
Cox's Bazar,1964,6,653,B59
Cox's Bazar,1964,7,1121,B59
Cox's Bazar,1964,8,773,B59
Cox's Bazar,1964,9,170,B59
Cox's Bazar,1964,10,308,B59
Cox's Bazar,1964,11,24,B59
Cox's Bazar,1964,12,0,B59
Cox's Bazar,1965,1,0,B59
Cox's Bazar,1965,2,72,B59
Cox's Bazar,1965,3,0,B59
Cox's Bazar,1965,4,10,B59
Cox's Bazar,1965,5,351,B59
Cox's Bazar,1965,6,1123,B59
Cox's Bazar,1965,7,1526,B59
Cox's Bazar,1965,8,1109,B59
Cox's Bazar,1965,9,278,B59
Cox's Bazar,1965,10,416,B59
Cox's Bazar,1965,11,19,B59
Cox's Bazar,1965,12,84,B59
Cox's Bazar,1966,1,13,B59
Cox's Bazar,1966,2,0,B59
Cox's Bazar,1966,3,84,B59
Cox's Bazar,1966,4,30,B59
Cox's Bazar,1966,5,64,B59
Cox's Bazar,1966,6,1532,B59
Cox's Bazar,1966,7,699,B59
Cox's Bazar,1966,8,1075,B59
Cox's Bazar,1966,9,388,B59
Cox's Bazar,1966,10,184,B59
Cox's Bazar,1966,11,55,B59
Cox's Bazar,1966,12,16,B59
Cox's Bazar,1967,1,57,B59
Cox's Bazar,1967,2,0,B59
Cox's Bazar,1967,3,4,B59
Cox's Bazar,1967,4,44,B59
Cox's Bazar,1967,5,95,B59
Cox's Bazar,1967,6,696,B59
Cox's Bazar,1967,7,1172,B59
Cox's Bazar,1967,8,1002,B59
Cox's Bazar,1967,9,966,B59
Cox's Bazar,1967,10,276,B59
Cox's Bazar,1967,11,0,B59
Cox's Bazar,1967,12,0,B59
Cox's Bazar,1968,1,42,B59
Cox's Bazar,1968,2,40,B59
Cox's Bazar,1968,3,7,B59
Cox's Bazar,1968,4,65,B59
Cox's Bazar,1968,5,342,B59
Cox's Bazar,1968,6,1093,B59
Cox's Bazar,1968,7,951,B59
Cox's Bazar,1968,8,887,B59
Cox's Bazar,1968,9,201,B59
Cox's Bazar,1968,10,289,B59
Cox's Bazar,1968,11,3,B59
Cox's Bazar,1968,12,0,B59
Cox's Bazar,1969,1,0,B59
Cox's Bazar,1969,2,0,B59
Cox's Bazar,1969,3,75,B59
Cox's Bazar,1969,4,93,B59
Cox's Bazar,1969,5,103,B59
Cox's Bazar,1969,6,952,B59
Cox's Bazar,1969,7,1193,B59
Cox's Bazar,1969,8,1262,B59
Cox's Bazar,1969,9,465,B59
Cox's Bazar,1969,10,123,B59
Cox's Bazar,1969,11,15,B59
Cox's Bazar,1969,12,0,B59
Cox's Bazar,1970,1,0,B59
Cox's Bazar,1970,2,40,B59
Cox's Bazar,1970,3,0,B59
Cox's Bazar,1970,4,69,B59
Cox's Bazar,1970,5,331,B59
Cox's Bazar,1970,6,578,B59
Cox's Bazar,1970,7,1424,B59
Cox's Bazar,1970,8,598,B59
Cox's Bazar,1970,9,308,B59
Cox's Bazar,1970,10,458,B59
Cox's Bazar,1970,11,67,B59
Cox's Bazar,1970,12,0,B59
Cox's Bazar,1971,1,4,B59
Cox's Bazar,1971,2,0,B59
Cox's Bazar,1971,3,1,B59
Cox's Bazar,1971,4,5,B59
Cox's Bazar,1971,5,155,B59
Cox's Bazar,1971,6,1179,B59
Cox's Bazar,1971,7,1518,B59
Cox's Bazar,1971,8,680,B59
Cox's Bazar,1971,9,112,B59
Cox's Bazar,1971,10,163,B59
Cox's Bazar,1971,11,91,B59
Cox's Bazar,1972,1,0,B59
Cox's Bazar,1972,2,4,B59
Cox's Bazar,1972,3,0,B59
Cox's Bazar,1972,4,52,B59
Cox's Bazar,1972,5,124,B59
Cox's Bazar,1972,6,288,B59
Cox's Bazar,1972,7,324,B59
Cox's Bazar,1972,8,839,B59
Cox's Bazar,1972,9,56,B59
Cox's Bazar,1972,10,440,B59
Cox's Bazar,1972,11,1,B59
Cox's Bazar,1972,12,0,B59
Cox's Bazar,1973,1,3,B59
Cox's Bazar,1973,2,4,B59
Cox's Bazar,1973,3,2,B59
Cox's Bazar,1973,4,6,B59
Cox's Bazar,1973,5,496,B59
Cox's Bazar,1973,6,790,B59
Cox's Bazar,1973,7,874,B59
Cox's Bazar,1973,8,463,B59
Cox's Bazar,1973,9,382,B59
Cox's Bazar,1973,10,242,B59
Cox's Bazar,1973,11,248,B59
Cox's Bazar,1973,12,13,B59
Cox's Bazar,1974,1,3,B59
Cox's Bazar,1974,2,0,B59
Cox's Bazar,1974,3,158,B59
Cox's Bazar,1974,4,76,B59
Cox's Bazar,1974,5,486,B59
Cox's Bazar,1974,6,832,B59
Cox's Bazar,1974,7,1291,B59
Cox's Bazar,1974,8,1059,B59
Cox's Bazar,1974,9,210,B59
Cox's Bazar,1974,10,116,B59
Cox's Bazar,1974,11,88,B59
Cox's Bazar,1974,12,0,B59
Cox's Bazar,1975,1,0,B59
Cox's Bazar,1975,2,0,B59
Cox's Bazar,1975,3,0,B59
Cox's Bazar,1975,4,11,B59
Cox's Bazar,1975,5,254,B59
Cox's Bazar,1975,6,484,B59
Cox's Bazar,1975,7,1293,B59
Cox's Bazar,1975,8,462,B59
Cox's Bazar,1975,9,280,B59
Cox's Bazar,1975,10,667,B59
Cox's Bazar,1975,11,300,B59
Cox's Bazar,1975,12,25,B59
Cox's Bazar,1976,1,0,B59
Cox's Bazar,1976,2,0,B59
Cox's Bazar,1976,3,0,B59
Cox's Bazar,1976,4,86,B59
Cox's Bazar,1976,5,244,B59
Cox's Bazar,1976,6,889,B59
Cox's Bazar,1976,7,50,B59
Cox's Bazar,1976,8,671,B59
Cox's Bazar,1976,9,49,B59
Cox's Bazar,1976,10,235,B59
Cox's Bazar,1976,11,275,B59
Cox's Bazar,1976,12,0,B59
Cox's Bazar,1977,1,0,B59
Cox's Bazar,1977,2,22,B59
Cox's Bazar,1977,3,0,B59
Cox's Bazar,1977,4,566,B59
Cox's Bazar,1977,5,354,B59
Cox's Bazar,1977,6,930,B59
Cox's Bazar,1977,7,1077,B59
Cox's Bazar,1977,8,649,B59
Cox's Bazar,1977,9,239,B59
Cox's Bazar,1977,10,25,B59
Cox's Bazar,1977,11,53,B59
Cox's Bazar,1977,12,31,B59
Cox's Bazar,1978,1,0,B59
Cox's Bazar,1978,2,0,B59
Cox's Bazar,1978,3,0,B59
Cox's Bazar,1978,4,270,B59
Cox's Bazar,1978,5,518,B59
Cox's Bazar,1978,6,621,B59
Cox's Bazar,1978,7,535,B59
Cox's Bazar,1978,8,571,B59
Cox's Bazar,1978,9,479,B59
Cox's Bazar,1978,10,187,B59
Cox's Bazar,1978,11,0,B59
Cox's Bazar,1979,1,0,B59
Cox's Bazar,1979,2,0,B59
Cox's Bazar,1979,3,0,B59
Cox's Bazar,1979,4,3,B59
Cox's Bazar,1979,5,22,B59
Cox's Bazar,1979,6,35,B59
Cox's Bazar,1979,7,195,B59
Cox's Bazar,1979,8,332,B59
Cox's Bazar,1979,9,102,B59
Cox's Bazar,1979,10,17,B59
Cox's Bazar,1979,12,10,B59
Cox's Bazar,1980,1,0,B59
Cox's Bazar,1980,2,2,B59
Cox's Bazar,1980,3,27,B59
Cox's Bazar,1980,4,0,B59
Cox's Bazar,1980,5,117,B59
Cox's Bazar,1980,6,258,B59
Cox's Bazar,1980,7,185,B59
Cox's Bazar,1980,8,267,B59
Cox's Bazar,1980,11,0,B59
Cox's Bazar,1980,12,0,B59
Cox's Bazar,1981,1,31,B59
Cox's Bazar,1981,2,0,B59
Cox's Bazar,1981,3,40,B59
Cox's Bazar,1981,4,219,B59
Cox's Bazar,1981,5,240,B59
Cox's Bazar,1981,6,705,B59
Cox's Bazar,1981,7,839,B59
Cox's Bazar,1981,8,445,B59
Cox's Bazar,1981,9,438,B59
Cox's Bazar,1981,10,61,B59
Cox's Bazar,1981,11,5,B59
Cox's Bazar,1981,12,29,B59
Cox's Bazar,1982,1,0,B59
Cox's Bazar,1982,2,22,B59
Cox's Bazar,1982,3,13,B59
Cox's Bazar,1982,4,123,B59
Cox's Bazar,1982,5,26,B59
Cox's Bazar,1982,6,1199,B59
Cox's Bazar,1982,7,866,B59
Cox's Bazar,1982,8,850,B59
Cox's Bazar,1982,9,483,B59
Cox's Bazar,1982,10,3,B59
Cox's Bazar,1982,11,119,B59
Cox's Bazar,1982,12,0,B59
Cox's Bazar,1983,1,8,B59
Cox's Bazar,1983,2,47,B59
Cox's Bazar,1983,3,19,B59
Cox's Bazar,1983,4,123,B59
Cox's Bazar,1983,5,261,B59
Cox's Bazar,1983,6,721,B59
Cox's Bazar,1983,7,1027,B59
Cox's Bazar,1983,8,888,B59
Cox's Bazar,1983,9,347,B59
Cox's Bazar,1983,10,379,B59
Cox's Bazar,1983,11,290,B59
Cox's Bazar,1983,12,44,B59
Cox's Bazar,1984,1,3,B59
Cox's Bazar,1984,2,0,B59
Cox's Bazar,1984,3,0,B59
Cox's Bazar,1984,4,66,B59
Cox's Bazar,1984,5,329,B59
Cox's Bazar,1984,6,1275,B59
Cox's Bazar,1984,7,731,B59
Cox's Bazar,1984,8,817,B59
Cox's Bazar,1984,9,280,B59
Cox's Bazar,1984,10,127,B59
Cox's Bazar,1984,11,0,B59
Cox's Bazar,1984,12,4,B59
Cox's Bazar,1985,1,6,B59
Cox's Bazar,1985,2,1,B59
Cox's Bazar,1985,3,13,B59
Cox's Bazar,1985,4,68,B59
Cox's Bazar,1985,5,474,B59
Cox's Bazar,1985,6,652,B59
Cox's Bazar,1985,7,807,B59
Cox's Bazar,1985,8,530,B59
Cox's Bazar,1985,9,259,B59
Cox's Bazar,1985,10,61,B59
Cox's Bazar,1985,11,350,B59
Cox's Bazar,1985,12,0,B59
Cox's Bazar,1986,1,0,B59
Cox's Bazar,1986,2,0,B59
Cox's Bazar,1986,3,0,B59
Cox's Bazar,1986,4,51,B59
Cox's Bazar,1986,5,141,B59
Cox's Bazar,1986,6,921,B59
Cox's Bazar,1986,7,799,B59
Cox's Bazar,1986,8,328,B59
Cox's Bazar,1986,9,322,B59
Cox's Bazar,1986,10,233,B59
Cox's Bazar,1986,11,114,B59
Cox's Bazar,1986,12,0,B59
Cox's Bazar,1987,1,1,B59
Cox's Bazar,1987,2,60,B59
Cox's Bazar,1987,3,9,B59
Cox's Bazar,1987,4,194,B59
Cox's Bazar,1987,5,50,B59
Cox's Bazar,1987,6,483,B59
Cox's Bazar,1987,7,1885,B59
Cox's Bazar,1987,8,1298,B59
Cox's Bazar,1987,9,410,B59
Cox's Bazar,1987,10,88,B59
Cox's Bazar,1987,11,102,B59
Cox's Bazar,1987,12,13,B59
Cox's Bazar,1988,1,0,B59
Cox's Bazar,1988,2,1,B59
Cox's Bazar,1988,3,13,B59
Cox's Bazar,1988,4,167,B59
Cox's Bazar,1988,5,337,B59
Cox's Bazar,1988,6,1306,B59
Cox's Bazar,1988,7,777,B59
Cox's Bazar,1988,8,918,B59
Cox's Bazar,1988,9,516,B59
Cox's Bazar,1988,10,182,B59
Cox's Bazar,1988,11,83,B59
Cox's Bazar,1988,12,77,B59
Cox's Bazar,1989,1,0,B59
Cox's Bazar,1989,2,6,B59
Cox's Bazar,1989,3,0,B59
Cox's Bazar,1989,4,160,B59
Cox's Bazar,1989,5,83,B59
Cox's Bazar,1989,6,766,B59
Cox's Bazar,1989,7,865,B59
Cox's Bazar,1989,8,182,B59
Cox's Bazar,1989,9,460,B59
Cox's Bazar,1989,10,516,B59
Cox's Bazar,1989,11,28,B59
Cox's Bazar,1989,12,0,B59
Cox's Bazar,1990,1,0,B59
Cox's Bazar,1990,2,69,B59
Cox's Bazar,1990,3,174,B59
Cox's Bazar,1990,4,135,B59
Cox's Bazar,1990,5,261,B59
Cox's Bazar,1990,6,1201,B59
Cox's Bazar,1990,7,1211,B59
Cox's Bazar,1990,8,277,B59
Cox's Bazar,1990,9,272,B59
Cox's Bazar,1990,10,294,B59
Cox's Bazar,1990,11,255,B59
Cox's Bazar,1990,12,19,B59
Cox's Bazar,1991,1,4,B59
Cox's Bazar,1991,2,0,B59
Cox's Bazar,1991,3,22,B59
Cox's Bazar,1991,4,175,B59
Cox's Bazar,1991,5,210,B59
Cox's Bazar,1991,6,1297,B59
Cox's Bazar,1991,7,878,B59
Cox's Bazar,1991,8,782,B59
Cox's Bazar,1991,9,497,B59
Cox's Bazar,1991,10,211,B59
Cox's Bazar,1991,11,88,B59
Cox's Bazar,1991,12,13,B59
Cox's Bazar,1992,1,1,B59
Cox's Bazar,1992,2,45,B59
Cox's Bazar,1992,3,0,B59
Cox's Bazar,1992,4,1,B59
Cox's Bazar,1992,5,149,B59
Cox's Bazar,1992,6,767,B59
Cox's Bazar,1992,7,824,B59
Cox's Bazar,1992,8,451,B59
Cox's Bazar,1992,9,328,B59
Cox's Bazar,1992,10,237,B59
Cox's Bazar,1992,11,99,B59
Cox's Bazar,1992,12,6,B59
Cox's Bazar,1993,1,34,B59
Cox's Bazar,1993,2,86,B59
Cox's Bazar,1993,3,98,B59
Cox's Bazar,1993,4,96,B59
Cox's Bazar,1993,5,508,B59
Cox's Bazar,1993,6,835,B59
Cox's Bazar,1993,7,677,B59
Cox's Bazar,1993,8,736,B59
Cox's Bazar,1993,9,248,B59
Cox's Bazar,1993,10,165,B59
Cox's Bazar,1993,11,39,B59
Cox's Bazar,1993,12,0,B59
Cox's Bazar,1994,1,5,B59
Cox's Bazar,1994,2,18,B59
Cox's Bazar,1994,3,239,B59
Cox's Bazar,1994,4,237,B59
Cox's Bazar,1994,5,309,B59
Cox's Bazar,1994,6,1022,B59
Cox's Bazar,1994,7,768,B59
Cox's Bazar,1994,8,520,B59
Cox's Bazar,1994,9,265,B59
Cox's Bazar,1994,10,88,B59
Cox's Bazar,1994,11,32,B59
Cox's Bazar,1994,12,0,B59
Cox's Bazar,1995,1,0,B59
Cox's Bazar,1995,2,3,B59
Cox's Bazar,1995,3,8,B59
Cox's Bazar,1995,4,24,B59
Cox's Bazar,1995,5,401,B59
Cox's Bazar,1995,6,565,B59
Cox's Bazar,1995,7,977,B59
Cox's Bazar,1995,8,559,B59
Cox's Bazar,1995,9,463,B59
Cox's Bazar,1995,10,46,B59
Cox's Bazar,1995,11,409,B59
Cox's Bazar,1995,12,0,B59
Cox's Bazar,1996,1,0,B59
Cox's Bazar,1996,2,83,B59
Cox's Bazar,1996,3,2,B59
Cox's Bazar,1996,4,77,B59
Cox's Bazar,1996,5,279,B59
Cox's Bazar,1996,6,671,B59
Cox's Bazar,1996,7,946,B59
Cox's Bazar,1996,8,702,B59
Cox's Bazar,1996,9,528,B59
Cox's Bazar,1996,10,446,B59
Cox's Bazar,1996,11,8,B59
Cox's Bazar,1996,12,0,B59
Cox's Bazar,1997,1,2,B59
Cox's Bazar,1997,2,20,B59
Cox's Bazar,1997,3,40,B59
Cox's Bazar,1997,4,28,B59
Cox's Bazar,1997,5,283,B59
Cox's Bazar,1997,6,390,B59
Cox's Bazar,1997,7,1277,B59
Cox's Bazar,1997,8,613,B59
Cox's Bazar,1997,9,640,B59
Cox's Bazar,1997,10,173,B59
Cox's Bazar,1997,11,37,B59
Cox's Bazar,1997,12,33,B59
Cox's Bazar,1998,1,15,B59
Cox's Bazar,1998,2,19,B59
Cox's Bazar,1998,3,20,B59
Cox's Bazar,1998,4,148,B59
Cox's Bazar,1998,5,381,B59
Cox's Bazar,1998,6,365,B59
Cox's Bazar,1998,7,1257,B59
Cox's Bazar,1998,8,1154,B59
Cox's Bazar,1998,9,323,B59
Cox's Bazar,1998,10,184,B59
Cox's Bazar,1998,11,87,B59
Cox's Bazar,1998,12,0,B59
Cox's Bazar,1999,1,0,B59
Cox's Bazar,1999,2,0,B59
Cox's Bazar,1999,3,0,B59
Cox's Bazar,1999,4,8,B59
Cox's Bazar,1999,5,578,B59
Cox's Bazar,1999,6,853,B59
Cox's Bazar,1999,7,919,B59
Cox's Bazar,1999,8,1134,B59
Cox's Bazar,1999,9,391,B59
Cox's Bazar,1999,10,277,B59
Cox's Bazar,1999,11,1,B59
Cox's Bazar,1999,12,124,B59
Cox's Bazar,2000,1,1,B59
Cox's Bazar,2000,2,2,B59
Cox's Bazar,2000,3,96,B59
Cox's Bazar,2000,4,65,B59
Cox's Bazar,2000,5,589,B59
Cox's Bazar,2000,6,841,B59
Cox's Bazar,2000,7,1300,B59
Cox's Bazar,2000,8,870,B59
Cox's Bazar,2000,9,503,B59
Cox's Bazar,2000,10,424,B59
Cox's Bazar,2000,11,16,B59
Cox's Bazar,2000,12,0,B59
Cox's Bazar,2001,1,0,B59
Cox's Bazar,2001,2,26,B59
Cox's Bazar,2001,3,0,B59
Cox's Bazar,2001,4,6,B59
Cox's Bazar,2001,5,379,B59
Cox's Bazar,2001,6,1373,B59
Cox's Bazar,2001,7,903,B59
Cox's Bazar,2001,8,534,B59
Cox's Bazar,2001,9,426,B59
Cox's Bazar,2001,10,236,B59
Cox's Bazar,2001,11,131,B59
Cox's Bazar,2001,12,0,B59
Cox's Bazar,2002,1,26,B59
Cox's Bazar,2002,2,0,B59
Cox's Bazar,2002,3,43,B59
Cox's Bazar,2002,4,92,B59
Cox's Bazar,2002,5,494,B59
Cox's Bazar,2002,6,503,B59
Cox's Bazar,2002,7,1236,B59
Cox's Bazar,2002,8,658,B59
Cox's Bazar,2002,9,316,B59
Cox's Bazar,2002,10,330,B59
Cox's Bazar,2002,11,219,B59
Cox's Bazar,2002,12,1,B59
Cox's Bazar,2003,1,0,B59
Cox's Bazar,2003,2,4,B59
Cox's Bazar,2003,3,68,B59
Cox's Bazar,2003,4,10,B59
Cox's Bazar,2003,5,574,B59
Cox's Bazar,2003,6,1349,B59
Cox's Bazar,2003,7,896,B59
Cox's Bazar,2003,8,655,B59
Cox's Bazar,2003,9,347,B59
Cox's Bazar,2003,10,207,B59
Cox's Bazar,2003,11,0,B59
Cox's Bazar,2003,12,3,B59
Cox's Bazar,2004,1,0,B59
Cox's Bazar,2004,2,0,B59
Cox's Bazar,2004,3,1,B59
Cox's Bazar,2004,4,204,B59
Cox's Bazar,2004,5,250,B59
Cox's Bazar,2004,6,705,B59
Cox's Bazar,2004,7,751,B59
Cox's Bazar,2004,8,686,B59
Cox's Bazar,2004,9,438,B59
Cox's Bazar,2004,10,247,B59
Cox's Bazar,2004,11,0,B59
Cox's Bazar,2004,12,0,B59
Cox's Bazar,2005,1,6,B59
Cox's Bazar,2005,2,0,B59
Cox's Bazar,2005,3,27,B59
Cox's Bazar,2005,4,113,B59
Cox's Bazar,2005,5,178,B59
Cox's Bazar,2005,6,848,B59
Cox's Bazar,2005,7,608,B59
Cox's Bazar,2005,8,957,B59
Cox's Bazar,2005,9,342,B59
Cox's Bazar,2005,10,257,B59
Cox's Bazar,2005,11,23,B59
Cox's Bazar,2005,12,25,B59
Cox's Bazar,2006,1,0,B59
Cox's Bazar,2006,2,0,B59
Cox's Bazar,2006,3,0,B59
Cox's Bazar,2006,4,114,B59
Cox's Bazar,2006,5,800,B59
Cox's Bazar,2006,6,662,B59
Cox's Bazar,2006,7,802,B59
Cox's Bazar,2006,8,385,B59
Cox's Bazar,2006,9,678,B59
Cox's Bazar,2006,10,78,B59
Cox's Bazar,2006,11,10,B59
Cox's Bazar,2006,12,0,B59
Cox's Bazar,2007,1,0,B59
Cox's Bazar,2007,2,65,B59
Cox's Bazar,2007,3,0,B59
Cox's Bazar,2007,4,100,B59
Cox's Bazar,2007,5,373,B59
Cox's Bazar,2007,6,640,B59
Cox's Bazar,2007,7,1274,B59
Cox's Bazar,2007,8,526,B59
Cox's Bazar,2007,9,409,B59
Cox's Bazar,2007,10,492,B59
Cox's Bazar,2007,11,127,B59
Cox's Bazar,2007,12,0,B59
Cox's Bazar,2008,1,15,B59
Cox's Bazar,2008,2,50,B59
Cox's Bazar,2008,3,4,B59
Cox's Bazar,2008,4,0,B59
Cox's Bazar,2008,5,244,B59
Cox's Bazar,2008,6,1318,B59
Cox's Bazar,2008,7,1275,B59
Cox's Bazar,2008,8,664,B59
Cox's Bazar,2008,9,387,B59
Cox's Bazar,2008,10,184,B59
Cox's Bazar,2008,11,3,B59
Cox's Bazar,2008,12,0,B59
Cox's Bazar,2009,1,0,B59
Cox's Bazar,2009,2,0,B59
Cox's Bazar,2009,3,0,B59
Cox's Bazar,2009,4,130,B59
Cox's Bazar,2009,5,241,B59
Cox's Bazar,2009,6,324,B59
Cox's Bazar,2009,7,971,B59
Cox's Bazar,2009,8,944,B59
Cox's Bazar,2009,9,485,B59
Cox's Bazar,2009,10,130,B59
Cox's Bazar,2009,11,58,B59
Cox's Bazar,2009,12,0,B59
Cox's Bazar,2010,1,0,B59
Cox's Bazar,2010,2,0,B59
Cox's Bazar,2010,3,15,B59
Cox's Bazar,2010,4,12,B59
Cox's Bazar,2010,5,717,B59
Cox's Bazar,2010,6,982,B59
Cox's Bazar,2010,7,496,B59
Cox's Bazar,2010,8,501,B59
Cox's Bazar,2010,9,257,B59
Cox's Bazar,2010,10,375,B59
Cox's Bazar,2010,11,15,B59
Cox's Bazar,2010,12,68,B59
Cox's Bazar,2011,1,11,B59
Cox's Bazar,2011,2,0,B59
Cox's Bazar,2011,3,4,B59
Cox's Bazar,2011,4,123,B59
Cox's Bazar,2011,5,296,B59
Cox's Bazar,2011,6,926,B59
Cox's Bazar,2011,7,877,B59
Cox's Bazar,2011,8,1226,B59
Cox's Bazar,2011,9,692,B59
Cox's Bazar,2011,10,280,B59
Cox's Bazar,2011,11,0,B59
Cox's Bazar,2011,12,5,B59
Cox's Bazar,2012,1,0,B59
Cox's Bazar,2012,2,0,B59
Cox's Bazar,2012,3,109,B59
Cox's Bazar,2012,4,148,B59
Cox's Bazar,2012,5,254,B59
Cox's Bazar,2012,6,1102,B59
Cox's Bazar,2012,7,1130,B59
Cox's Bazar,2012,8,801,B59
Cox's Bazar,2012,9,302,B59
Cox's Bazar,2012,10,263,B59
Cox's Bazar,2012,11,14,B59
Cox's Bazar,2012,12,0,B59
Cox's Bazar,2013,1,0,B59
Cox's Bazar,2013,2,0,B59
Cox's Bazar,2013,3,0,B59
Cox's Bazar,2013,4,54,B59
Cox's Bazar,2013,5,700,B59
Cox's Bazar,2013,6,876,B59
Cox's Bazar,2013,7,772,B59
Cox's Bazar,2013,8,1000,B59
Cox's Bazar,2013,9,237,B59
Cox's Bazar,2013,10,420,B59
Cox's Bazar,2013,11,0,B59
Cox's Bazar,2013,12,0,B59
Cox's Bazar,2014,1,0,B59
Cox's Bazar,2014,2,29,B59
Cox's Bazar,2014,3,1,B59
Cox's Bazar,2014,4,4,B59
Cox's Bazar,2014,5,139,B59
Cox's Bazar,2014,6,677,B59
Cox's Bazar,2014,7,717,B59
Cox's Bazar,2014,8,611,B59
Cox's Bazar,2014,9,264,B59
Cox's Bazar,2014,10,41,B59
Cox's Bazar,2014,11,0,B59
Cox's Bazar,2014,12,0,B59
Cox's Bazar,2015,1,10,B59
Cox's Bazar,2015,2,0,B59
Cox's Bazar,2015,3,16,B59
Cox's Bazar,2015,4,72,B59
Cox's Bazar,2015,5,96,B59
Cox's Bazar,2015,6,1573,B59
Cox's Bazar,2015,7,1400,B59
Cox's Bazar,2015,8,657,B59
Cox's Bazar,2015,9,618,B59
Cox's Bazar,2015,10,207,B59
Cox's Bazar,2015,11,40,B59
Cox's Bazar,2015,12,27,B59
Cox's Bazar,2016,1,0,B59
Cox's Bazar,2016,2,0,B59
Cox's Bazar,2016,3,25,B59
Cox's Bazar,2016,4,22,B59
Cox's Bazar,2016,5,359,B59
Cox's Bazar,2016,6,538,B59
Cox's Bazar,2016,7,1113,B59
Cox's Bazar,2016,8,472,B59
Cox's Bazar,2016,9,309,B59
Cox's Bazar,2016,10,418,B59
Cox's Bazar,2016,11,41,B59
Cox's Bazar,2016,12,0,B59
Cox's Bazar,2017,1,0,B59
Cox's Bazar,2017,2,0,B59
Cox's Bazar,2017,3,216,B59
Cox's Bazar,2017,4,361,B59
Cox's Bazar,2017,5,143,B59
Cox's Bazar,2017,6,541,B59
Cox's Bazar,2017,7,1437,B59
Cox's Bazar,2017,8,531,B59
Cox's Bazar,2017,9,524,B59
Cox's Bazar,2017,10,149,B59
Cox's Bazar,2017,11,13,B59
Cox's Bazar,2017,12,36,B59
Cox's Bazar,2018,1,26,B59
Cox's Bazar,2018,2,0,B59
Cox's Bazar,2018,3,0,B59
Cox's Bazar,2018,4,56,B59
Cox's Bazar,2018,5,172,B59
Cox's Bazar,2018,6,984,B59
Cox's Bazar,2018,7,1246,B59
Cox's Bazar,2018,8,398,B59
Cox's Bazar,2018,9,341,B59
Cox's Bazar,2018,10,395,B59
Cox's Bazar,2018,11,8,B59
Cox's Bazar,2018,12,8,B59
Cox's Bazar,2019,1,0,B59
Cox's Bazar,2019,2,12,B59
Cox's Bazar,2019,3,82,B59
Cox's Bazar,2019,4,16,B59
Cox's Bazar,2019,5,98,B59
Cox's Bazar,2019,6,225,B59
Cox's Bazar,2019,7,951,B59
Cox's Bazar,2019,8,412,B59
Cox's Bazar,2019,9,628,B59
Cox's Bazar,2019,10,256,B59
Cox's Bazar,2019,11,80,B59
Cox's Bazar,2019,12,0,B59
Cox's Bazar,2020,1,27,B59
Cox's Bazar,2020,2,1,B59
Cox's Bazar,2020,3,0,B59
Cox's Bazar,2020,4,56,B59
Cox's Bazar,2020,5,189,B59
Cox's Bazar,2020,6,936,B59
Cox's Bazar,2020,7,934,B59
Cox's Bazar,2020,8,1068,B59
Cox's Bazar,2020,9,426,B59
Cox's Bazar,2020,10,430,B59
Cox's Bazar,2020,11,34,B59
Cox's Bazar,2020,12,0,B59
Cox's Bazar,2021,1,0,B59
Cox's Bazar,2021,2,0,B59
Cox's Bazar,2021,3,0,B59
Cox's Bazar,2021,4,46,B59
Cox's Bazar,2021,5,160,B59
Cox's Bazar,2021,6,808,B59
Cox's Bazar,2021,7,1095,B59
Cox's Bazar,2021,8,936,B59
Cox's Bazar,2021,9,185,B59
Cox's Bazar,2021,10,207,B59
Cox's Bazar,2021,11,0,B59
Cox's Bazar,2021,12,39,B59
Cox's Bazar,2022,1,8,B59
Cox's Bazar,2022,2,30,B59
Cox's Bazar,2022,3,4,B59
Cox's Bazar,2022,4,52,B59
Cox's Bazar,2022,5,237,B59
Cox's Bazar,2022,6,726,B59
Cox's Bazar,2022,7,167,B59
Cox's Bazar,2022,8,328,B59
Cox's Bazar,2022,9,412,B59
Cox's Bazar,2022,10,85,B59
Cox's Bazar,2022,11,0,B59
Cox's Bazar,2022,12,15,B59
Cox's Bazar,2023,1,0,B59
Cox's Bazar,2023,2,0,B59
Cox's Bazar,2023,3,30,B59
Cox's Bazar,2023,4,53,B59
Cox's Bazar,2023,5,164,B59
Cox's Bazar,2023,6,337,B59
Cox's Bazar,2023,7,254,B59
Cox's Bazar,2023,8,879,B59
Cox's Bazar,2023,9,284,B59
Cox's Bazar,2023,10,209,B59
Cox's Bazar,2023,11,94,B59
Cox's Bazar,2023,12,5,B59
Dhaka,1953,1,0,B59
Dhaka,1953,2,0,B59
Dhaka,1953,3,0,B59
Dhaka,1953,4,90,B59
Dhaka,1953,5,274,B59
Dhaka,1953,6,333,B59
Dhaka,1953,7,392,B59
Dhaka,1953,8,326,B59
Dhaka,1953,9,352,B59
Dhaka,1953,10,52,B59
Dhaka,1953,11,13,B59
Dhaka,1953,12,0,B59
Dhaka,1954,1,14,B59
Dhaka,1954,2,0,B59
Dhaka,1954,3,0,B59
Dhaka,1954,4,86,B59
Dhaka,1954,5,211,B59
Dhaka,1954,6,810,B59
Dhaka,1954,7,320,B59
Dhaka,1954,8,433,B59
Dhaka,1954,9,167,B59
Dhaka,1954,10,218,B59
Dhaka,1954,11,0,B59
Dhaka,1954,12,10,B59
Dhaka,1955,1,0,B59
Dhaka,1955,2,0,B59
Dhaka,1955,3,0,B59
Dhaka,1955,4,54,B59
Dhaka,1955,5,201,B59
Dhaka,1955,6,254,B59
Dhaka,1955,7,502,B59
Dhaka,1955,8,247,B59
Dhaka,1955,9,149,B59
Dhaka,1955,10,71,B59
Dhaka,1955,11,99,B59
Dhaka,1955,12,0,B59
Dhaka,1956,1,12,B59
Dhaka,1956,2,5,B59
Dhaka,1956,3,189,B59
Dhaka,1956,4,135,B59
Dhaka,1956,5,69,B59
Dhaka,1956,6,433,B59
Dhaka,1956,7,690,B59
Dhaka,1956,8,489,B59
Dhaka,1956,9,286,B59
Dhaka,1956,10,121,B59
Dhaka,1956,11,53,B59
Dhaka,1956,12,13,B59
Dhaka,1957,1,68,B59
Dhaka,1957,2,69,B59
Dhaka,1957,3,16,B59
Dhaka,1957,4,117,B59
Dhaka,1957,5,114,B59
Dhaka,1957,6,487,B59
Dhaka,1957,7,385,B59
Dhaka,1957,8,125,B59
Dhaka,1957,9,144,B59
Dhaka,1957,10,29,B59
Dhaka,1957,11,0,B59
Dhaka,1957,12,0,B59
Dhaka,1958,1,0,B59
Dhaka,1958,2,95,B59
Dhaka,1958,3,5,B59
Dhaka,1958,4,64,B59
Dhaka,1958,5,200,B59
Dhaka,1958,6,161,B59
Dhaka,1958,7,184,B59
Dhaka,1958,8,267,B59
Dhaka,1958,9,91,B59
Dhaka,1958,10,191,B59
Dhaka,1958,11,0,B59
Dhaka,1958,12,0,B59
Dhaka,1959,1,15,B59
Dhaka,1959,2,4,B59
Dhaka,1959,3,78,B59
Dhaka,1959,4,78,B59
Dhaka,1959,5,254,B59
Dhaka,1959,6,368,B59
Dhaka,1959,7,230,B59
Dhaka,1959,8,413,B59
Dhaka,1959,9,445,B59
Dhaka,1959,10,568,B59
Dhaka,1959,11,0,B59
Dhaka,1959,12,0,B59
Dhaka,1960,1,0,B59
Dhaka,1960,2,0,B59
Dhaka,1960,3,16,B59
Dhaka,1960,4,19,B59
Dhaka,1960,5,358,B59
Dhaka,1960,6,304,B59
Dhaka,1960,7,655,B59
Dhaka,1960,8,189,B59
Dhaka,1960,9,231,B59
Dhaka,1960,10,38,B59
Dhaka,1960,11,24,B59
Dhaka,1960,12,0,B59
Dhaka,1961,1,1,B59
Dhaka,1961,2,12,B59
Dhaka,1961,3,20,B59
Dhaka,1961,4,205,B59
Dhaka,1961,5,219,B59
Dhaka,1961,6,856,B59
Dhaka,1961,7,296,B59
Dhaka,1961,8,288,B59
Dhaka,1961,9,221,B59
Dhaka,1961,10,52,B59
Dhaka,1961,11,0,B59
Dhaka,1961,12,0,B59
Dhaka,1962,1,0,B59
Dhaka,1962,2,15,B59
Dhaka,1962,3,6,B59
Dhaka,1962,4,166,B59
Dhaka,1962,5,205,B59
Dhaka,1962,6,191,B59
Dhaka,1962,7,355,B59
Dhaka,1962,8,273,B59
Dhaka,1962,9,395,B59
Dhaka,1962,10,180,B59
Dhaka,1962,11,0,B59
Dhaka,1962,12,0,B59
Dhaka,1963,1,0,B59
Dhaka,1963,2,0,B59
Dhaka,1963,3,51,B59
Dhaka,1963,4,98,B59
Dhaka,1963,5,219,B59
Dhaka,1963,6,621,B59
Dhaka,1963,7,404,B59
Dhaka,1963,8,186,B59
Dhaka,1963,9,200,B59
Dhaka,1963,10,182,B59
Dhaka,1963,11,7,B59
Dhaka,1963,12,3,B59
Dhaka,1964,1,9,B59
Dhaka,1964,2,42,B59
Dhaka,1964,3,18,B59
Dhaka,1964,4,296,B59
Dhaka,1964,5,236,B59
Dhaka,1964,6,354,B59
Dhaka,1964,7,629,B59
Dhaka,1964,8,155,B59
Dhaka,1964,9,269,B59
Dhaka,1964,10,283,B59
Dhaka,1964,11,41,B59
Dhaka,1964,12,0,B59
Dhaka,1965,1,0,B59
Dhaka,1965,2,28,B59
Dhaka,1965,3,22,B59
Dhaka,1965,4,55,B59
Dhaka,1965,5,305,B59
Dhaka,1965,6,442,B59
Dhaka,1965,7,304,B59
Dhaka,1965,8,480,B59
Dhaka,1965,9,300,B59
Dhaka,1965,10,50,B59
Dhaka,1965,11,131,B59
Dhaka,1965,12,0,B59
Dhaka,1966,4,34,B59
Dhaka,1966,5,127,B59
Dhaka,1966,6,270,B59
Dhaka,1966,7,291,B59
Dhaka,1966,8,306,B59
Dhaka,1966,9,496,B59
Dhaka,1966,10,261,B59
Dhaka,1966,11,14,B59
Dhaka,1966,12,15,B59
Dhaka,1967,1,23,B59
Dhaka,1967,2,12,B59
Dhaka,1967,3,168,B59
Dhaka,1967,4,185,B59
Dhaka,1967,5,216,B59
Dhaka,1967,6,241,B59
Dhaka,1967,7,363,B59
Dhaka,1967,8,504,B59
Dhaka,1967,9,266,B59
Dhaka,1967,10,74,B59
Dhaka,1967,11,1,B59
Dhaka,1967,12,0,B59
Dhaka,1968,1,0,B59
Dhaka,1968,2,5,B59
Dhaka,1968,3,121,B59
Dhaka,1968,4,27,B59
Dhaka,1968,5,194,B59
Dhaka,1968,6,590,B59
Dhaka,1968,7,480,B59
Dhaka,1968,8,212,B59
Dhaka,1968,9,128,B59
Dhaka,1968,10,69,B59
Dhaka,1968,11,74,B59
Dhaka,1968,12,0,B59
Dhaka,1969,1,0,B59
Dhaka,1969,2,1,B59
Dhaka,1969,3,65,B59
Dhaka,1969,4,86,B59
Dhaka,1969,5,95,B59
Dhaka,1969,6,249,B59
Dhaka,1969,7,198,B59
Dhaka,1969,8,540,B59
Dhaka,1969,9,201,B59
Dhaka,1969,10,103,B59
Dhaka,1969,11,2,B59
Dhaka,1969,12,0,B59
Dhaka,1970,1,16,B59
Dhaka,1970,2,8,B59
Dhaka,1970,3,23,B59
Dhaka,1970,4,45,B59
Dhaka,1970,5,192,B59
Dhaka,1970,6,276,B59
Dhaka,1970,7,496,B59
Dhaka,1970,8,280,B59
Dhaka,1970,9,200,B59
Dhaka,1970,10,427,B59
Dhaka,1970,11,32,B59
Dhaka,1970,12,0,B59
Dhaka,1971,1,3,B59
Dhaka,1971,2,28,B59
Dhaka,1971,3,0,B59
Dhaka,1971,4,0,B59
Dhaka,1971,5,344,B59
Dhaka,1971,6,339,B59
Dhaka,1971,7,550,B59
Dhaka,1971,8,540,B59
Dhaka,1971,9,259,B59
Dhaka,1971,10,118,B59
Dhaka,1971,11,95,B59
Dhaka,1972,1,0,B59
Dhaka,1972,2,11,B59
Dhaka,1972,3,12,B59
Dhaka,1972,4,248,B59
Dhaka,1972,5,340,B59
Dhaka,1972,6,353,B59
Dhaka,1972,7,249,B59
Dhaka,1972,8,380,B59
Dhaka,1972,9,110,B59
Dhaka,1972,10,105,B59
Dhaka,1972,11,0,B59
Dhaka,1972,12,0,B59
Dhaka,1973,1,0,B59
Dhaka,1973,2,21,B59
Dhaka,1973,3,32,B59
Dhaka,1973,4,131,B59
Dhaka,1973,5,621,B59
Dhaka,1973,6,414,B59
Dhaka,1973,8,238,B59
Dhaka,1973,9,348,B59
Dhaka,1973,10,128,B59
Dhaka,1973,11,64,B59
Dhaka,1973,12,86,B59
Dhaka,1975,1,1,B59
Dhaka,1975,2,29,B59
Dhaka,1975,3,13,B59
Dhaka,1975,4,98,B59
Dhaka,1975,5,317,B59
Dhaka,1975,6,235,B59
Dhaka,1975,7,559,B59
Dhaka,1975,8,307,B59
Dhaka,1975,9,329,B59
Dhaka,1975,10,232,B59
Dhaka,1975,11,25,B59
Dhaka,1975,12,0,B59
Dhaka,1976,1,0,B59
Dhaka,1976,2,7,B59
Dhaka,1976,3,117,B59
Dhaka,1976,4,34,B59
Dhaka,1976,5,459,B59
Dhaka,1976,6,627,B59
Dhaka,1976,7,346,B59
Dhaka,1976,8,361,B59
Dhaka,1976,9,165,B59
Dhaka,1976,10,114,B59
Dhaka,1976,11,8,B59
Dhaka,1976,12,0,B59
Dhaka,1977,1,0,B59
Dhaka,1977,2,66,B59
Dhaka,1977,3,71,B59
Dhaka,1977,4,255,B59
Dhaka,1977,5,381,B59
Dhaka,1977,6,252,B59
Dhaka,1977,7,306,B59
Dhaka,1977,8,92,B59
Dhaka,1977,9,131,B59
Dhaka,1977,10,273,B59
Dhaka,1977,11,10,B59
Dhaka,1977,12,24,B59
Dhaka,1978,1,0,B59
Dhaka,1978,2,20,B59
Dhaka,1978,3,18,B59
Dhaka,1978,4,194,B59
Dhaka,1978,5,454,B59
Dhaka,1978,6,529,B59
Dhaka,1978,7,320,B59
Dhaka,1978,8,426,B59
Dhaka,1978,9,192,B59
Dhaka,1978,10,98,B59
Dhaka,1978,11,0,B59
Dhaka,1978,12,0,B59
Dhaka,1979,1,3,B59
Dhaka,1979,2,13,B59
Dhaka,1979,3,6,B59
Dhaka,1979,4,17,B59
Dhaka,1979,5,114,B59
Dhaka,1979,6,258,B59
Dhaka,1979,7,267,B59
Dhaka,1979,8,525,B59
Dhaka,1979,9,382,B59
Dhaka,1979,10,146,B59
Dhaka,1979,11,55,B59
Dhaka,1979,12,51,B59
Dhaka,1980,1,3,B59
Dhaka,1980,2,32,B59
Dhaka,1980,3,54,B59
Dhaka,1980,4,147,B59
Dhaka,1980,5,414,B59
Dhaka,1980,6,323,B59
Dhaka,1980,7,380,B59
Dhaka,1980,8,269,B59
Dhaka,1980,9,296,B59
Dhaka,1980,10,300,B59
Dhaka,1980,11,0,B59
Dhaka,1980,12,0,B59
Dhaka,1981,1,10,B59
Dhaka,1981,2,42,B59
Dhaka,1981,3,109,B59
Dhaka,1981,4,274,B59
Dhaka,1981,5,272,B59
Dhaka,1981,6,168,B59
Dhaka,1981,7,356,B59
Dhaka,1981,8,188,B59
Dhaka,1981,9,320,B59
Dhaka,1981,10,82,B59
Dhaka,1981,11,9,B59
Dhaka,1981,12,35,B59
Dhaka,1982,1,0,B59
Dhaka,1982,2,15,B59
Dhaka,1982,3,81,B59
Dhaka,1982,4,104,B59
Dhaka,1982,5,154,B59
Dhaka,1982,6,514,B59
Dhaka,1982,7,136,B59
Dhaka,1982,8,346,B59
Dhaka,1982,9,258,B59
Dhaka,1982,10,146,B59
Dhaka,1982,11,51,B59
Dhaka,1982,12,0,B59
Dhaka,1983,1,14,B59
Dhaka,1983,2,61,B59
Dhaka,1983,3,138,B59
Dhaka,1983,4,318,B59
Dhaka,1983,5,348,B59
Dhaka,1983,6,300,B59
Dhaka,1983,7,179,B59
Dhaka,1983,8,437,B59
Dhaka,1983,9,322,B59
Dhaka,1983,10,253,B59
Dhaka,1983,11,0,B59
Dhaka,1983,12,18,B59
Dhaka,1984,1,13,B59
Dhaka,1984,2,1,B59
Dhaka,1984,3,5,B59
Dhaka,1984,4,124,B59
Dhaka,1984,5,707,B59
Dhaka,1984,6,637,B59
Dhaka,1984,7,694,B59
Dhaka,1984,8,311,B59
Dhaka,1984,9,478,B59
Dhaka,1984,10,58,B59
Dhaka,1984,11,0,B59
Dhaka,1984,12,0,B59
Dhaka,1985,1,8,B59
Dhaka,1985,2,1,B59
Dhaka,1985,3,195,B59
Dhaka,1985,4,176,B59
Dhaka,1985,5,300,B59
Dhaka,1985,6,399,B59
Dhaka,1985,7,262,B59
Dhaka,1985,8,317,B59
Dhaka,1985,9,306,B59
Dhaka,1985,10,79,B59
Dhaka,1985,11,0,B59
Dhaka,1985,12,10,B59
Dhaka,1986,1,22,B59
Dhaka,1986,2,0,B59
Dhaka,1986,3,23,B59
Dhaka,1986,4,247,B59
Dhaka,1986,5,191,B59
Dhaka,1986,6,304,B59
Dhaka,1986,7,443,B59
Dhaka,1986,8,171,B59
Dhaka,1986,9,687,B59
Dhaka,1986,10,237,B59
Dhaka,1986,11,172,B59
Dhaka,1986,12,3,B59
Dhaka,1987,1,4,B59
Dhaka,1987,2,0,B59
Dhaka,1987,3,33,B59
Dhaka,1987,4,230,B59
Dhaka,1987,5,109,B59
Dhaka,1987,6,316,B59
Dhaka,1987,7,526,B59
Dhaka,1987,8,462,B59
Dhaka,1987,9,363,B59
Dhaka,1987,10,104,B59
Dhaka,1987,11,7,B59
Dhaka,1987,12,33,B59
Dhaka,1988,1,0,B59
Dhaka,1988,2,44,B59
Dhaka,1988,3,74,B59
Dhaka,1988,4,282,B59
Dhaka,1988,5,513,B59
Dhaka,1988,6,580,B59
Dhaka,1988,7,255,B59
Dhaka,1988,8,169,B59
Dhaka,1988,9,196,B59
Dhaka,1988,10,213,B59
Dhaka,1988,11,153,B59
Dhaka,1988,12,3,B59
Dhaka,1989,1,0,B59
Dhaka,1989,2,32,B59
Dhaka,1989,3,0,B59
Dhaka,1989,4,85,B59
Dhaka,1989,5,228,B59
Dhaka,1989,6,319,B59
Dhaka,1989,7,347,B59
Dhaka,1989,8,59,B59
Dhaka,1989,9,305,B59
Dhaka,1989,10,240,B59
Dhaka,1989,11,0,B59
Dhaka,1989,12,12,B59
Dhaka,1990,1,0,B59
Dhaka,1990,2,36,B59
Dhaka,1990,3,151,B59
Dhaka,1990,4,154,B59
Dhaka,1990,5,202,B59
Dhaka,1990,6,229,B59
Dhaka,1990,7,567,B59
Dhaka,1990,8,227,B59
Dhaka,1990,9,247,B59
Dhaka,1990,10,181,B59
Dhaka,1990,11,103,B59
Dhaka,1990,12,6,B59
Dhaka,1991,1,27,B59
Dhaka,1991,2,8,B59
Dhaka,1991,3,46,B59
Dhaka,1991,4,53,B59
Dhaka,1991,5,529,B59
Dhaka,1991,6,320,B59
Dhaka,1991,7,318,B59
Dhaka,1991,8,345,B59
Dhaka,1991,9,692,B59
Dhaka,1991,10,392,B59
Dhaka,1991,11,14,B59
Dhaka,1991,12,106,B59
Dhaka,1992,1,1,B59
Dhaka,1992,2,47,B59
Dhaka,1992,3,0,B59
Dhaka,1992,4,25,B59
Dhaka,1992,5,153,B59
Dhaka,1992,6,132,B59
Dhaka,1992,7,386,B59
Dhaka,1992,8,182,B59
Dhaka,1992,9,158,B59
Dhaka,1992,10,83,B59
Dhaka,1992,11,2,B59
Dhaka,1992,12,0,B59
Dhaka,1993,1,0,B59
Dhaka,1993,2,52,B59
Dhaka,1993,3,88,B59
Dhaka,1993,4,113,B59
Dhaka,1993,5,556,B59
Dhaka,1993,6,504,B59
Dhaka,1993,7,421,B59
Dhaka,1993,8,432,B59
Dhaka,1993,9,417,B59
Dhaka,1993,10,217,B59
Dhaka,1993,11,19,B59
Dhaka,1993,12,0,B59
Dhaka,1994,1,13,B59
Dhaka,1994,2,54,B59
Dhaka,1994,3,115,B59
Dhaka,1994,4,201,B59
Dhaka,1994,5,254,B59
Dhaka,1994,6,266,B59
Dhaka,1994,7,153,B59
Dhaka,1994,8,246,B59
Dhaka,1994,9,169,B59
Dhaka,1994,10,55,B59
Dhaka,1994,11,14,B59
Dhaka,1994,12,0,B59
Dhaka,1995,1,8,B59
Dhaka,1995,2,31,B59
Dhaka,1995,3,0,B59
Dhaka,1995,4,88,B59
Dhaka,1995,5,264,B59
Dhaka,1995,6,237,B59
Dhaka,1995,7,354,B59
Dhaka,1995,8,360,B59
Dhaka,1995,9,205,B59
Dhaka,1995,10,91,B59
Dhaka,1995,11,112,B59
Dhaka,1995,12,1,B59
Dhaka,1996,1,0,B59
Dhaka,1996,2,21,B59
Dhaka,1996,3,54,B59
Dhaka,1996,4,199,B59
Dhaka,1996,5,208,B59
Dhaka,1996,6,343,B59
Dhaka,1996,7,257,B59
Dhaka,1996,8,361,B59
Dhaka,1996,9,244,B59
Dhaka,1996,10,357,B59
Dhaka,1996,11,0,B59
Dhaka,1996,12,0,B59
Dhaka,1997,1,2,B59
Dhaka,1997,2,7,B59
Dhaka,1997,3,82,B59
Dhaka,1997,4,133,B59
Dhaka,1997,5,151,B59
Dhaka,1997,6,249,B59
Dhaka,1997,7,549,B59
Dhaka,1997,8,230,B59
Dhaka,1997,9,440,B59
Dhaka,1997,10,30,B59
Dhaka,1997,11,1,B59
Dhaka,1997,12,22,B59
Dhaka,1998,1,49,B59
Dhaka,1998,2,4,B59
Dhaka,1998,3,83,B59
Dhaka,1998,4,178,B59
Dhaka,1998,5,405,B59
Dhaka,1998,6,89,B59
Dhaka,1998,7,521,B59
Dhaka,1998,8,552,B59
Dhaka,1998,9,246,B59
Dhaka,1998,10,100,B59
Dhaka,1998,11,83,B59
Dhaka,1998,12,0,B59
Dhaka,1999,1,0,B59
Dhaka,1999,2,0,B59
Dhaka,1999,3,0,B59
Dhaka,1999,4,21,B59
Dhaka,1999,5,428,B59
Dhaka,1999,6,348,B59
Dhaka,1999,7,553,B59
Dhaka,1999,8,282,B59
Dhaka,1999,9,361,B59
Dhaka,1999,10,368,B59
Dhaka,1999,11,13,B59
Dhaka,1999,12,0,B59
Dhaka,2000,1,13,B59
Dhaka,2000,2,44,B59
Dhaka,2000,3,172,B59
Dhaka,2000,4,189,B59
Dhaka,2000,5,471,B59
Dhaka,2000,6,165,B59
Dhaka,2000,7,197,B59
Dhaka,2000,8,359,B59
Dhaka,2000,9,216,B59
Dhaka,2000,10,278,B59
Dhaka,2000,11,0,B59
Dhaka,2000,12,0,B59
Dhaka,2001,1,0,B59
Dhaka,2001,2,1,B59
Dhaka,2001,3,33,B59
Dhaka,2001,4,46,B59
Dhaka,2001,5,402,B59
Dhaka,2001,6,386,B59
Dhaka,2001,7,202,B59
Dhaka,2001,8,205,B59
Dhaka,2001,9,209,B59
Dhaka,2001,10,177,B59
Dhaka,2001,11,18,B59
Dhaka,2001,12,0,B59
Dhaka,2002,1,22,B59
Dhaka,2002,2,4,B59
Dhaka,2002,3,51,B59
Dhaka,2002,4,111,B59
Dhaka,2002,5,272,B59
Dhaka,2002,6,373,B59
Dhaka,2002,7,446,B59
Dhaka,2002,8,272,B59
Dhaka,2002,9,156,B59
Dhaka,2002,10,52,B59
Dhaka,2002,11,36,B59
Dhaka,2002,12,0,B59
Dhaka,2003,1,0,B59
Dhaka,2003,2,25,B59
Dhaka,2003,3,96,B59
Dhaka,2003,4,123,B59
Dhaka,2003,5,140,B59
Dhaka,2003,6,473,B59
Dhaka,2003,7,191,B59
Dhaka,2003,8,202,B59
Dhaka,2003,9,264,B59
Dhaka,2003,10,134,B59
Dhaka,2003,11,0,B59
Dhaka,2003,12,45,B59
Dhaka,2004,1,0,B59
Dhaka,2004,2,0,B59
Dhaka,2004,3,9,B59
Dhaka,2004,4,167,B59
Dhaka,2004,5,162,B59
Dhaka,2004,6,476,B59
Dhaka,2004,7,295,B59
Dhaka,2004,8,191,B59
Dhaka,2004,9,839,B59
Dhaka,2004,10,208,B59
Dhaka,2004,11,0,B59
Dhaka,2004,12,0,B59
Dhaka,2005,1,1,B59
Dhaka,2005,2,3,B59
Dhaka,2005,3,155,B59
Dhaka,2005,4,91,B59
Dhaka,2005,5,291,B59
Dhaka,2005,6,259,B59
Dhaka,2005,7,542,B59
Dhaka,2005,8,361,B59
Dhaka,2005,9,514,B59
Dhaka,2005,10,417,B59
Dhaka,2005,11,3,B59
Dhaka,2005,12,0,B59
Dhaka,2006,1,0,B59
Dhaka,2006,2,0,B59
Dhaka,2006,3,0,B59
Dhaka,2006,4,181,B59
Dhaka,2006,5,185,B59
Dhaka,2006,6,326,B59
Dhaka,2006,7,331,B59
Dhaka,2006,8,167,B59
Dhaka,2006,9,663,B59
Dhaka,2006,10,61,B59
Dhaka,2006,11,5,B59
Dhaka,2006,12,0,B59
Dhaka,2007,1,0,B59
Dhaka,2007,2,30,B59
Dhaka,2007,3,11,B59
Dhaka,2007,4,163,B59
Dhaka,2007,5,185,B59
Dhaka,2007,6,628,B59
Dhaka,2007,7,753,B59
Dhaka,2007,8,505,B59
Dhaka,2007,9,179,B59
Dhaka,2007,10,320,B59
Dhaka,2007,11,111,B59
Dhaka,2007,12,0,B59
Dhaka,2008,1,23,B59
Dhaka,2008,2,56,B59
Dhaka,2008,3,45,B59
Dhaka,2008,4,91,B59
Dhaka,2008,5,205,B59
Dhaka,2008,6,577,B59
Dhaka,2008,7,563,B59
Dhaka,2008,8,319,B59
Dhaka,2008,9,279,B59
Dhaka,2008,10,227,B59
Dhaka,2008,11,0,B59
Dhaka,2008,12,0,B59
Dhaka,2009,1,1,B59
Dhaka,2009,2,1,B59
Dhaka,2009,3,43,B59
Dhaka,2009,4,14,B59
Dhaka,2009,5,168,B59
Dhaka,2009,6,170,B59
Dhaka,2009,7,676,B59
Dhaka,2009,8,482,B59
Dhaka,2009,9,298,B59
Dhaka,2009,10,74,B59
Dhaka,2009,11,4,B59
Dhaka,2009,12,0,B59
Dhaka,2010,1,0,B59
Dhaka,2010,2,48,B59
Dhaka,2010,3,22,B59
Dhaka,2010,4,37,B59
Dhaka,2010,5,177,B59
Dhaka,2010,6,308,B59
Dhaka,2010,7,167,B59
Dhaka,2010,8,340,B59
Dhaka,2010,9,169,B59
Dhaka,2010,10,174,B59
Dhaka,2010,11,0,B59
Dhaka,2010,12,81,B59
Dhaka,2011,1,0,B59
Dhaka,2011,2,0,B59
Dhaka,2011,3,20,B59
Dhaka,2011,4,123,B59
Dhaka,2011,5,235,B59
Dhaka,2011,6,314,B59
Dhaka,2011,7,356,B59
Dhaka,2011,8,409,B59
Dhaka,2011,9,207,B59
Dhaka,2011,10,112,B59
Dhaka,2011,11,0,B59
Dhaka,2011,12,0,B59
Dhaka,2012,1,10,B59
Dhaka,2012,2,1,B59
Dhaka,2012,3,37,B59
Dhaka,2012,4,269,B59
Dhaka,2012,5,137,B59
Dhaka,2012,6,175,B59
Dhaka,2012,7,226,B59
Dhaka,2012,8,282,B59
Dhaka,2012,9,81,B59
Dhaka,2012,10,38,B59
Dhaka,2012,11,68,B59
Dhaka,2012,12,5,B59
Dhaka,2013,1,0,B59
Dhaka,2013,2,8,B59
Dhaka,2013,3,26,B59
Dhaka,2013,4,32,B59
Dhaka,2013,5,378,B59
Dhaka,2013,6,325,B59
Dhaka,2013,7,302,B59
Dhaka,2013,8,212,B59
Dhaka,2013,9,172,B59
Dhaka,2013,10,131,B59
Dhaka,2013,11,0,B59
Dhaka,2013,12,4,B59
Dhaka,2014,1,0,B59
Dhaka,2014,2,12,B59
Dhaka,2014,3,10,B59
Dhaka,2014,4,80,B59
Dhaka,2014,5,147,B59
Dhaka,2014,6,342,B59
Dhaka,2014,7,212,B59
Dhaka,2014,8,391,B59
Dhaka,2014,9,156,B59
Dhaka,2014,10,49,B59
Dhaka,2014,11,0,B59
Dhaka,2014,12,0,B59
Dhaka,2015,1,3,B59
Dhaka,2015,2,17,B59
Dhaka,2015,3,4,B59
Dhaka,2015,4,166,B59
Dhaka,2015,5,185,B59
Dhaka,2015,6,375,B59
Dhaka,2015,7,623,B59
Dhaka,2015,8,395,B59
Dhaka,2015,9,346,B59
Dhaka,2015,10,51,B59
Dhaka,2015,11,0,B59
Dhaka,2015,12,1,B59
Dhaka,2016,1,3,B59
Dhaka,2016,2,13,B59
Dhaka,2016,3,55,B59
Dhaka,2016,4,55,B59
Dhaka,2016,5,212,B59
Dhaka,2016,6,212,B59
Dhaka,2016,7,405,B59
Dhaka,2016,8,171,B59
Dhaka,2016,9,138,B59
Dhaka,2016,10,76,B59
Dhaka,2016,11,25,B59
Dhaka,2016,12,0,B59
Dhaka,2017,1,0,B59
Dhaka,2017,2,2,B59
Dhaka,2017,3,100,B59
Dhaka,2017,4,228,B59
Dhaka,2017,5,188,B59
Dhaka,2017,6,414,B59
Dhaka,2017,7,584,B59
Dhaka,2017,8,544,B59
Dhaka,2017,9,381,B59
Dhaka,2017,10,412,B59
Dhaka,2017,11,6,B59
Dhaka,2017,12,33,B59
Dhaka,2018,1,0,B59
Dhaka,2018,2,20,B59
Dhaka,2018,3,3,B59
Dhaka,2018,4,309,B59
Dhaka,2018,5,392,B59
Dhaka,2018,6,366,B59
Dhaka,2018,7,354,B59
Dhaka,2018,8,141,B59
Dhaka,2018,9,76,B59
Dhaka,2018,10,45,B59
Dhaka,2018,11,13,B59
Dhaka,2018,12,13,B59
Dhaka,2019,1,1,B59
Dhaka,2019,2,115,B59
Dhaka,2019,3,39,B59
Dhaka,2019,4,212,B59
Dhaka,2019,5,231,B59
Dhaka,2019,6,242,B59
Dhaka,2019,7,383,B59
Dhaka,2019,8,223,B59
Dhaka,2019,9,161,B59
Dhaka,2019,10,188,B59
Dhaka,2019,11,37,B59
Dhaka,2019,12,5,B59
Dhaka,2020,1,21,B59
Dhaka,2020,2,1,B59
Dhaka,2020,3,30,B59
Dhaka,2020,4,127,B59
Dhaka,2020,5,301,B59
Dhaka,2020,6,271,B59
Dhaka,2020,7,404,B59
Dhaka,2020,8,285,B59
Dhaka,2020,9,140,B59
Dhaka,2020,10,300,B59
Dhaka,2020,11,40,B59
Dhaka,2020,12,0,B59
Dhaka,2021,1,0,B59
Dhaka,2021,2,0,B59
Dhaka,2021,3,3,B59
Dhaka,2021,4,39,B59
Dhaka,2021,5,223,B59
Dhaka,2021,6,543,B59
Dhaka,2021,7,318,B59
Dhaka,2021,8,247,B59
Dhaka,2021,9,140,B59
Dhaka,2021,10,166,B59
Dhaka,2021,11,27,B59
Dhaka,2021,12,153,B59
Dhaka,2023,1,0,B59
Dhaka,2023,2,2,B59
Dhaka,2023,3,90,B59
Dhaka,2023,4,15,B59
Dhaka,2023,5,143,B59
Dhaka,2023,6,454,B59
Dhaka,2023,7,160,B59
Dhaka,2023,8,482,B59
Dhaka,2023,9,401,B59
Dhaka,2023,10,326,B59
Dhaka,2023,11,32,B59
Dhaka,2023,12,57,B59
Dhaka,2022,1,12,B59
Dhaka,2022,2,20,B59
Dhaka,2022,3,14,B59
Dhaka,2022,4,106,B59
Dhaka,2022,5,217,B59
Dhaka,2022,6,168,B59
Dhaka,2022,7,51,B59
Dhaka,2022,8,130,B59
Dhaka,2022,9,282,B59
Dhaka,2022,10,297,B59
Dhaka,2022,11,0,B59
Dhaka,2022,12,4,B59
Dimla,2020,12,0,B59
Dimla,2021,1,0,B59
Dimla,2021,2,0,B59
Dimla,2021,3,27,B59
Dimla,2021,4,41,B59
Dimla,2021,5,269,B59
Dimla,2021,6,348,B59
Dimla,2021,7,420,B59
Dimla,2021,8,568,B59
Dimla,2021,9,213,B59
Dimla,2021,10,339,B59
Dimla,2021,11,0,B59
Dimla,2021,12,1,B59
Dimla,2023,1,0,B59
Dimla,2023,2,0,B59
Dimla,2023,3,58,B59
Dimla,2023,4,38,B59
Dimla,2023,5,199,B59
Dimla,2023,6,518,B59
Dimla,2023,7,451,B59
Dimla,2023,8,505,B59
Dimla,2023,9,647,B59
Dimla,2023,10,142,B59
Dimla,2023,11,0,B59
Dimla,2023,12,4,B59
Dinajpur,1948,1,0,B59
Dinajpur,1948,2,0,B59
Dinajpur,1948,3,0,B59
Dinajpur,1948,4,71,B59
Dinajpur,1948,5,244,B59
Dinajpur,1948,6,285,B59
Dinajpur,1948,7,442,B59
Dinajpur,1948,8,362,B59
Dinajpur,1948,9,231,B59
Dinajpur,1948,10,236,B59
Dinajpur,1948,11,39,B59
Dinajpur,1948,12,0,B59
Dinajpur,1949,1,8,B59
Dinajpur,1949,2,52,B59
Dinajpur,1949,3,25,B59
Dinajpur,1949,4,111,B59
Dinajpur,1949,5,450,B59
Dinajpur,1949,6,586,B59
Dinajpur,1949,7,296,B59
Dinajpur,1949,8,291,B59
Dinajpur,1949,9,330,B59
Dinajpur,1949,10,150,B59
Dinajpur,1949,11,0,B59
Dinajpur,1949,12,0,B59
Dinajpur,1950,1,0,B59
Dinajpur,1950,2,0,B59
Dinajpur,1950,3,19,B59
Dinajpur,1950,4,0,B59
Dinajpur,1950,5,88,B59
Dinajpur,1950,6,393,B59
Dinajpur,1950,7,189,B59
Dinajpur,1950,8,288,B59
Dinajpur,1950,9,111,B59
Dinajpur,1950,10,0,B59
Dinajpur,1950,11,0,B59
Dinajpur,1950,12,0,B59
Dinajpur,1951,1,0,B59
Dinajpur,1951,2,0,B59
Dinajpur,1951,3,0,B59
Dinajpur,1951,4,0,B59
Dinajpur,1951,5,0,B59
Dinajpur,1951,6,384,B59
Dinajpur,1951,7,373,B59
Dinajpur,1951,8,480,B59
Dinajpur,1951,9,150,B59
Dinajpur,1951,10,85,B59
Dinajpur,1951,11,7,B59
Dinajpur,1951,12,0,B59
Dinajpur,1952,1,0,B59
Dinajpur,1952,2,0,B59
Dinajpur,1952,4,115,B59
Dinajpur,1952,5,290,B59
Dinajpur,1952,6,372,B59
Dinajpur,1952,7,637,B59
Dinajpur,1952,8,144,B59
Dinajpur,1952,9,511,B59
Dinajpur,1952,10,97,B59
Dinajpur,1952,11,0,B59
Dinajpur,1952,12,0,B59
Dinajpur,1953,1,20,B59
Dinajpur,1953,2,0,B59
Dinajpur,1953,3,5,B59
Dinajpur,1953,4,50,B59
Dinajpur,1953,5,58,B59
Dinajpur,1953,6,254,B59
Dinajpur,1953,7,715,B59
Dinajpur,1953,8,136,B59
Dinajpur,1953,9,217,B59
Dinajpur,1953,10,28,B59
Dinajpur,1953,11,0,B59
Dinajpur,1953,12,0,B59
Dinajpur,1954,1,12,B59
Dinajpur,1954,2,0,B59
Dinajpur,1954,3,0,B59
Dinajpur,1954,4,0,B59
Dinajpur,1954,5,125,B59
Dinajpur,1954,6,647,B59
Dinajpur,1954,7,339,B59
Dinajpur,1954,8,301,B59
Dinajpur,1954,9,227,B59
Dinajpur,1954,10,37,B59
Dinajpur,1954,11,0,B59
Dinajpur,1954,12,0,B59
Dinajpur,1955,1,0,B59
Dinajpur,1955,2,0,B59
Dinajpur,1955,3,0,B59
Dinajpur,1955,4,15,B59
Dinajpur,1955,5,73,B59
Dinajpur,1955,6,269,B59
Dinajpur,1955,7,506,B59
Dinajpur,1955,8,627,B59
Dinajpur,1955,9,269,B59
Dinajpur,1955,10,27,B59
Dinajpur,1955,11,9,B59
Dinajpur,1955,12,0,B59
Dinajpur,1956,1,0,B59
Dinajpur,1956,2,0,B59
Dinajpur,1956,3,0,B59
Dinajpur,1956,4,69,B59
Dinajpur,1956,5,162,B59
Dinajpur,1956,6,449,B59
Dinajpur,1956,7,404,B59
Dinajpur,1956,8,634,B59
Dinajpur,1956,9,217,B59
Dinajpur,1956,10,221,B59
Dinajpur,1956,11,24,B59
Dinajpur,1956,12,0,B59
Dinajpur,1957,1,85,B59
Dinajpur,1957,2,3,B59
Dinajpur,1957,3,4,B59
Dinajpur,1957,4,0,B59
Dinajpur,1957,5,3,B59
Dinajpur,1957,6,240,B59
Dinajpur,1957,7,449,B59
Dinajpur,1957,8,218,B59
Dinajpur,1957,9,158,B59
Dinajpur,1957,10,77,B59
Dinajpur,1957,11,0,B59
Dinajpur,1957,12,0,B59
Dinajpur,1958,1,0,B59
Dinajpur,1958,2,0,B59
Dinajpur,1958,3,16,B59
Dinajpur,1958,4,39,B59
Dinajpur,1958,5,98,B59
Dinajpur,1958,6,346,B59
Dinajpur,1958,7,207,B59
Dinajpur,1958,8,489,B59
Dinajpur,1958,9,203,B59
Dinajpur,1958,10,77,B59
Dinajpur,1958,11,0,B59
Dinajpur,1958,12,0,B59
Dinajpur,1959,1,33,B59
Dinajpur,1959,2,0,B59
Dinajpur,1959,3,9,B59
Dinajpur,1959,4,133,B59
Dinajpur,1959,5,165,B59
Dinajpur,1959,6,293,B59
Dinajpur,1959,7,234,B59
Dinajpur,1959,8,213,B59
Dinajpur,1959,9,119,B59
Dinajpur,1959,10,362,B59
Dinajpur,1959,11,0,B59
Dinajpur,1959,12,0,B59
Dinajpur,1960,1,0,B59
Dinajpur,1960,2,0,B59
Dinajpur,1960,3,36,B59
Dinajpur,1960,4,0,B59
Dinajpur,1960,5,188,B59
Dinajpur,1960,6,219,B59
Dinajpur,1960,7,573,B59
Dinajpur,1960,8,146,B59
Dinajpur,1960,9,370,B59
Dinajpur,1960,10,34,B59
Dinajpur,1960,11,0,B59
Dinajpur,1960,12,0,B59
Dinajpur,1961,1,0,B59
Dinajpur,1961,2,4,B59
Dinajpur,1961,3,0,B59
Dinajpur,1961,4,4,B59
Dinajpur,1961,5,68,B59
Dinajpur,1961,6,404,B59
Dinajpur,1961,7,149,B59
Dinajpur,1961,8,192,B59
Dinajpur,1961,9,133,B59
Dinajpur,1961,10,105,B59
Dinajpur,1961,11,0,B59
Dinajpur,1961,12,4,B59
Dinajpur,1962,1,5,B59
Dinajpur,1962,2,2,B59
Dinajpur,1962,3,10,B59
Dinajpur,1962,4,27,B59
Dinajpur,1962,5,64,B59
Dinajpur,1962,6,193,B59
Dinajpur,1962,7,179,B59
Dinajpur,1962,8,556,B59
Dinajpur,1962,9,347,B59
Dinajpur,1962,10,52,B59
Dinajpur,1962,11,0,B59
Dinajpur,1962,12,0,B59
Dinajpur,1963,1,0,B59
Dinajpur,1963,2,0,B59
Dinajpur,1963,3,86,B59
Dinajpur,1963,4,68,B59
Dinajpur,1963,5,104,B59
Dinajpur,1963,6,246,B59
Dinajpur,1963,7,380,B59
Dinajpur,1963,8,287,B59
Dinajpur,1963,9,325,B59
Dinajpur,1963,10,185,B59
Dinajpur,1963,11,22,B59
Dinajpur,1963,12,0,B59
Dinajpur,1964,1,0,B59
Dinajpur,1964,2,0,B59
Dinajpur,1964,3,5,B59
Dinajpur,1964,4,109,B59
Dinajpur,1964,5,231,B59
Dinajpur,1964,6,363,B59
Dinajpur,1964,7,555,B59
Dinajpur,1964,8,217,B59
Dinajpur,1964,9,316,B59
Dinajpur,1964,10,219,B59
Dinajpur,1964,11,0,B59
Dinajpur,1964,12,0,B59
Dinajpur,1965,1,0,B59
Dinajpur,1965,2,0,B59
Dinajpur,1965,3,69,B59
Dinajpur,1965,4,0,B59
Dinajpur,1965,5,81,B59
Dinajpur,1965,6,1054,B59
Dinajpur,1965,7,446,B59
Dinajpur,1965,8,718,B59
Dinajpur,1965,9,334,B59
Dinajpur,1965,10,15,B59
Dinajpur,1965,11,0,B59
Dinajpur,1965,12,0,B59
Dinajpur,1966,1,19,B59
Dinajpur,1966,2,0,B59
Dinajpur,1966,3,3,B59
Dinajpur,1966,4,20,B59
Dinajpur,1966,5,194,B59
Dinajpur,1966,6,57,B59
Dinajpur,1966,7,602,B59
Dinajpur,1966,8,264,B59
Dinajpur,1966,9,266,B59
Dinajpur,1966,10,30,B59
Dinajpur,1966,11,26,B59
Dinajpur,1966,12,26,B59
Dinajpur,1967,1,0,B59
Dinajpur,1967,2,0,B59
Dinajpur,1967,3,151,B59
Dinajpur,1967,4,62,B59
Dinajpur,1967,5,119,B59
Dinajpur,1967,6,226,B59
Dinajpur,1967,7,328,B59
Dinajpur,1967,8,172,B59
Dinajpur,1967,9,407,B59
Dinajpur,1967,10,105,B59
Dinajpur,1967,11,0,B59
Dinajpur,1967,12,0,B59
Dinajpur,1968,1,5,B59
Dinajpur,1968,2,0,B59
Dinajpur,1968,3,10,B59
Dinajpur,1968,4,40,B59
Dinajpur,1968,5,154,B59
Dinajpur,1968,6,496,B59
Dinajpur,1968,7,533,B59
Dinajpur,1968,8,203,B59
Dinajpur,1968,9,108,B59
Dinajpur,1968,10,255,B59
Dinajpur,1968,11,0,B59
Dinajpur,1968,12,0,B59
Dinajpur,1969,1,7,B59
Dinajpur,1969,2,0,B59
Dinajpur,1969,3,52,B59
Dinajpur,1969,4,123,B59
Dinajpur,1969,5,148,B59
Dinajpur,1969,6,362,B59
Dinajpur,1969,7,592,B59
Dinajpur,1969,8,373,B59
Dinajpur,1969,9,276,B59
Dinajpur,1969,10,40,B59
Dinajpur,1969,11,56,B59
Dinajpur,1969,12,0,B59
Dinajpur,1970,1,42,B59
Dinajpur,1970,2,0,B59
Dinajpur,1970,3,1,B59
Dinajpur,1970,4,76,B59
Dinajpur,1970,5,74,B59
Dinajpur,1970,6,253,B59
Dinajpur,1970,7,586,B59
Dinajpur,1970,8,126,B59
Dinajpur,1970,9,217,B59
Dinajpur,1970,10,48,B59
Dinajpur,1970,11,0,B59
Dinajpur,1970,12,0,B59
Dinajpur,1971,1,8,B59
Dinajpur,1971,2,11,B59
Dinajpur,1971,3,0,B59
Dinajpur,1971,8,295,B59
Dinajpur,1971,9,94,B59
Dinajpur,1971,10,302,B59
Dinajpur,1971,11,0,B59
Dinajpur,1971,12,0,B59
Dinajpur,1972,1,0,B59
Dinajpur,1972,2,0,B59
Dinajpur,1972,3,4,B59
Dinajpur,1972,6,171,B59
Dinajpur,1972,7,257,B59
Dinajpur,1972,8,371,B59
Dinajpur,1972,9,130,B59
Dinajpur,1972,10,52,B59
Dinajpur,1972,11,0,B59
Dinajpur,1972,12,0,B59
Dinajpur,1981,1,27,B59
Dinajpur,1981,2,47,B59
Dinajpur,1981,3,0,B59
Dinajpur,1981,4,78,B59
Dinajpur,1981,5,595,B59
Dinajpur,1981,6,103,B59
Dinajpur,1981,7,715,B59
Dinajpur,1981,8,289,B59
Dinajpur,1981,9,214,B59
Dinajpur,1981,10,0,B59
Dinajpur,1981,11,5,B59
Dinajpur,1981,12,44,B59
Dinajpur,1982,1,0,B59
Dinajpur,1982,2,2,B59
Dinajpur,1982,3,8,B59
Dinajpur,1982,4,111,B59
Dinajpur,1982,5,101,B59
Dinajpur,1982,6,264,B59
Dinajpur,1982,7,260,B59
Dinajpur,1982,8,361,B59
Dinajpur,1982,9,164,B59
Dinajpur,1982,10,42,B59
Dinajpur,1982,11,29,B59
Dinajpur,1982,12,0,B59
Dinajpur,1983,1,11,B59
Dinajpur,1983,2,0,B59
Dinajpur,1983,3,20,B59
Dinajpur,1983,4,9,B59
Dinajpur,1983,5,311,B59
Dinajpur,1983,6,157,B59
Dinajpur,1983,7,700,B59
Dinajpur,1983,8,363,B59
Dinajpur,1983,9,320,B59
Dinajpur,1983,10,177,B59
Dinajpur,1983,11,0,B59
Dinajpur,1983,12,32,B59
Dinajpur,1984,1,46,B59
Dinajpur,1984,2,3,B59
Dinajpur,1984,3,13,B59
Dinajpur,1984,4,28,B59
Dinajpur,1984,5,311,B59
Dinajpur,1984,6,457,B59
Dinajpur,1984,7,470,B59
Dinajpur,1984,8,270,B59
Dinajpur,1984,9,498,B59
Dinajpur,1984,10,65,B59
Dinajpur,1984,11,0,B59
Dinajpur,1984,12,4,B59
Dinajpur,1985,1,0,B59
Dinajpur,1985,2,5,B59
Dinajpur,1985,3,1,B59
Dinajpur,1985,4,17,B59
Dinajpur,1985,5,146,B59
Dinajpur,1985,6,551,B59
Dinajpur,1985,7,484,B59
Dinajpur,1985,8,278,B59
Dinajpur,1985,9,326,B59
Dinajpur,1985,10,282,B59
Dinajpur,1985,11,0,B59
Dinajpur,1985,12,7,B59
Dinajpur,1986,1,0,B59
Dinajpur,1986,2,0,B59
Dinajpur,1986,3,0,B59
Dinajpur,1986,4,65,B59
Dinajpur,1986,5,178,B59
Dinajpur,1986,6,203,B59
Dinajpur,1986,7,500,B59
Dinajpur,1986,8,329,B59
Dinajpur,1986,9,267,B59
Dinajpur,1986,10,365,B59
Dinajpur,1986,11,0,B59
Dinajpur,1986,12,37,B59
Dinajpur,1987,1,1,B59
Dinajpur,1987,2,38,B59
Dinajpur,1987,3,70,B59
Dinajpur,1987,4,134,B59
Dinajpur,1987,5,116,B59
Dinajpur,1987,6,277,B59
Dinajpur,1987,7,1196,B59
Dinajpur,1987,8,798,B59
Dinajpur,1987,9,430,B59
Dinajpur,1987,10,112,B59
Dinajpur,1987,11,7,B59
Dinajpur,1987,12,0,B59
Dinajpur,1988,1,1,B59
Dinajpur,1988,2,10,B59
Dinajpur,1988,3,17,B59
Dinajpur,1988,4,108,B59
Dinajpur,1988,5,170,B59
Dinajpur,1988,6,347,B59
Dinajpur,1988,7,401,B59
Dinajpur,1988,8,848,B59
Dinajpur,1988,9,200,B59
Dinajpur,1988,10,106,B59
Dinajpur,1988,11,13,B59
Dinajpur,1988,12,0,B59
Dinajpur,1989,1,22,B59
Dinajpur,1989,2,8,B59
Dinajpur,1989,3,1,B59
Dinajpur,1989,4,0,B59
Dinajpur,1989,5,408,B59
Dinajpur,1989,6,253,B59
Dinajpur,1989,7,412,B59
Dinajpur,1989,8,232,B59
Dinajpur,1989,9,493,B59
Dinajpur,1989,10,82,B59
Dinajpur,1989,11,0,B59
Dinajpur,1989,12,2,B59
Dinajpur,1990,1,0,B59
Dinajpur,1990,2,6,B59
Dinajpur,1990,3,41,B59
Dinajpur,1990,4,159,B59
Dinajpur,1990,5,245,B59
Dinajpur,1990,6,355,B59
Dinajpur,1990,7,479,B59
Dinajpur,1990,8,251,B59
Dinajpur,1990,9,352,B59
Dinajpur,1990,10,193,B59
Dinajpur,1990,11,0,B59
Dinajpur,1990,12,0,B59
Dinajpur,1991,1,27,B59
Dinajpur,1991,2,4,B59
Dinajpur,1991,3,1,B59
Dinajpur,1991,4,18,B59
Dinajpur,1991,5,400,B59
Dinajpur,1991,6,376,B59
Dinajpur,1991,7,184,B59
Dinajpur,1991,8,282,B59
Dinajpur,1991,9,647,B59
Dinajpur,1991,10,29,B59
Dinajpur,1991,11,0,B59
Dinajpur,1991,12,44,B59
Dinajpur,1992,1,6,B59
Dinajpur,1992,2,6,B59
Dinajpur,1992,3,1,B59
Dinajpur,1992,4,5,B59
Dinajpur,1992,5,87,B59
Dinajpur,1992,6,212,B59
Dinajpur,1992,7,535,B59
Dinajpur,1992,8,228,B59
Dinajpur,1992,9,483,B59
Dinajpur,1992,10,76,B59
Dinajpur,1992,11,6,B59
Dinajpur,1992,12,4,B59
Dinajpur,1993,1,42,B59
Dinajpur,1993,2,0,B59
Dinajpur,1993,3,29,B59
Dinajpur,1993,4,82,B59
Dinajpur,1993,5,308,B59
Dinajpur,1993,6,495,B59
Dinajpur,1993,7,218,B59
Dinajpur,1993,8,565,B59
Dinajpur,1993,9,361,B59
Dinajpur,1993,10,64,B59
Dinajpur,1993,11,15,B59
Dinajpur,1993,12,0,B59
Dinajpur,1994,1,23,B59
Dinajpur,1994,2,22,B59
Dinajpur,1994,3,0,B59
Dinajpur,1994,4,50,B59
Dinajpur,1994,5,146,B59
Dinajpur,1994,6,294,B59
Dinajpur,1994,7,148,B59
Dinajpur,1994,8,122,B59
Dinajpur,1994,9,248,B59
Dinajpur,1994,10,89,B59
Dinajpur,1994,11,0,B59
Dinajpur,1994,12,0,B59
Dinajpur,1995,1,3,B59
Dinajpur,1995,2,12,B59
Dinajpur,1995,3,10,B59
Dinajpur,1995,4,0,B59
Dinajpur,1995,5,54,B59
Dinajpur,1995,6,287,B59
Dinajpur,1995,7,472,B59
Dinajpur,1995,8,593,B59
Dinajpur,1995,9,1026,B59
Dinajpur,1995,10,77,B59
Dinajpur,1995,11,74,B59
Dinajpur,1995,12,5,B59
Dinajpur,1996,1,16,B59
Dinajpur,1996,2,4,B59
Dinajpur,1996,3,0,B59
Dinajpur,1996,4,29,B59
Dinajpur,1996,5,76,B59
Dinajpur,1996,6,320,B59
Dinajpur,1996,7,428,B59
Dinajpur,1996,8,353,B59
Dinajpur,1996,9,744,B59
Dinajpur,1996,10,75,B59
Dinajpur,1996,11,0,B59
Dinajpur,1996,12,0,B59
Dinajpur,1997,1,21,B59
Dinajpur,1997,2,11,B59
Dinajpur,1997,3,3,B59
Dinajpur,1997,4,64,B59
Dinajpur,1997,5,90,B59
Dinajpur,1997,6,501,B59
Dinajpur,1997,7,461,B59
Dinajpur,1997,8,330,B59
Dinajpur,1997,9,289,B59
Dinajpur,1997,10,3,B59
Dinajpur,1997,11,0,B59
Dinajpur,1997,12,36,B59
Dinajpur,1998,1,2,B59
Dinajpur,1998,2,17,B59
Dinajpur,1998,3,24,B59
Dinajpur,1998,4,148,B59
Dinajpur,1998,5,152,B59
Dinajpur,1998,6,237,B59
Dinajpur,1998,7,566,B59
Dinajpur,1998,8,548,B59
Dinajpur,1998,9,317,B59
Dinajpur,1998,10,380,B59
Dinajpur,1998,11,0,B59
Dinajpur,1998,12,0,B59
Dinajpur,1999,1,0,B59
Dinajpur,1999,2,0,B59
Dinajpur,1999,3,0,B59
Dinajpur,1999,4,68,B59
Dinajpur,1999,5,367,B59
Dinajpur,1999,6,283,B59
Dinajpur,1999,7,403,B59
Dinajpur,1999,8,587,B59
Dinajpur,1999,9,589,B59
Dinajpur,1999,10,234,B59
Dinajpur,1999,11,5,B59
Dinajpur,1999,12,0,B59
Dinajpur,2000,1,0,B59
Dinajpur,2000,2,30,B59
Dinajpur,2000,3,1,B59
Dinajpur,2000,4,147,B59
Dinajpur,2000,5,325,B59
Dinajpur,2000,6,399,B59
Dinajpur,2000,7,197,B59
Dinajpur,2000,8,195,B59
Dinajpur,2000,9,196,B59
Dinajpur,2000,10,25,B59
Dinajpur,2000,11,0,B59
Dinajpur,2000,12,0,B59
Dinajpur,2001,1,0,B59
Dinajpur,2001,2,0,B59
Dinajpur,2001,3,0,B59
Dinajpur,2001,4,5,B59
Dinajpur,2001,5,222,B59
Dinajpur,2001,6,573,B59
Dinajpur,2001,7,158,B59
Dinajpur,2001,8,318,B59
Dinajpur,2001,9,462,B59
Dinajpur,2001,10,382,B59
Dinajpur,2001,11,53,B59
Dinajpur,2001,12,0,B59
Dinajpur,2002,1,8,B59
Dinajpur,2002,2,18,B59
Dinajpur,2002,3,13,B59
Dinajpur,2002,4,168,B59
Dinajpur,2002,5,104,B59
Dinajpur,2002,6,658,B59
Dinajpur,2002,7,795,B59
Dinajpur,2002,8,246,B59
Dinajpur,2002,9,481,B59
Dinajpur,2002,10,56,B59
Dinajpur,2002,11,6,B59
Dinajpur,2002,12,0,B59
Dinajpur,2003,1,11,B59
Dinajpur,2003,2,34,B59
Dinajpur,2003,3,53,B59
Dinajpur,2003,4,105,B59
Dinajpur,2003,5,147,B59
Dinajpur,2003,6,337,B59
Dinajpur,2003,7,532,B59
Dinajpur,2003,8,197,B59
Dinajpur,2003,9,230,B59
Dinajpur,2003,10,380,B59
Dinajpur,2003,11,0,B59
Dinajpur,2003,12,31,B59
Dinajpur,2004,1,7,B59
Dinajpur,2004,2,0,B59
Dinajpur,2004,3,12,B59
Dinajpur,2004,4,163,B59
Dinajpur,2004,5,278,B59
Dinajpur,2004,6,517,B59
Dinajpur,2004,7,602,B59
Dinajpur,2004,8,128,B59
Dinajpur,2004,9,253,B59
Dinajpur,2004,10,330,B59
Dinajpur,2004,11,0,B59
Dinajpur,2004,12,3,B59
Dinajpur,2005,1,9,B59
Dinajpur,2005,2,15,B59
Dinajpur,2005,3,37,B59
Dinajpur,2005,4,89,B59
Dinajpur,2005,5,255,B59
Dinajpur,2005,6,474,B59
Dinajpur,2005,7,507,B59
Dinajpur,2005,8,597,B59
Dinajpur,2005,9,222,B59
Dinajpur,2005,10,770,B59
Dinajpur,2005,11,0,B59
Dinajpur,2005,12,0,B59
Dinajpur,2006,1,0,B59
Dinajpur,2006,2,0,B59
Dinajpur,2006,3,1,B59
Dinajpur,2006,4,67,B59
Dinajpur,2006,5,259,B59
Dinajpur,2006,6,222,B59
Dinajpur,2006,7,218,B59
Dinajpur,2006,8,126,B59
Dinajpur,2006,9,340,B59
Dinajpur,2006,10,21,B59
Dinajpur,2006,11,23,B59
Dinajpur,2006,12,8,B59
Dinajpur,2007,1,0,B59
Dinajpur,2007,2,30,B59
Dinajpur,2007,3,2,B59
Dinajpur,2007,4,33,B59
Dinajpur,2007,5,121,B59
Dinajpur,2007,6,474,B59
Dinajpur,2007,7,401,B59
Dinajpur,2007,8,233,B59
Dinajpur,2007,9,234,B59
Dinajpur,2007,10,51,B59
Dinajpur,2007,11,0,B59
Dinajpur,2007,12,0,B59
Dinajpur,2008,1,33,B59
Dinajpur,2008,2,1,B59
Dinajpur,2008,3,19,B59
Dinajpur,2008,4,27,B59
Dinajpur,2008,5,220,B59
Dinajpur,2008,6,363,B59
Dinajpur,2008,7,437,B59
Dinajpur,2008,8,385,B59
Dinajpur,2008,9,242,B59
Dinajpur,2008,10,45,B59
Dinajpur,2008,11,0,B59
Dinajpur,2008,12,0,B59
Dinajpur,2009,1,0,B59
Dinajpur,2009,2,0,B59
Dinajpur,2009,3,10,B59
Dinajpur,2009,4,41,B59
Dinajpur,2009,5,369,B59
Dinajpur,2009,6,457,B59
Dinajpur,2009,7,281,B59
Dinajpur,2009,8,471,B59
Dinajpur,2009,9,128,B59
Dinajpur,2009,10,267,B59
Dinajpur,2009,11,1,B59
Dinajpur,2009,12,0,B59
Dinajpur,2010,1,0,B59
Dinajpur,2010,2,0,B59
Dinajpur,2010,3,0,B59
Dinajpur,2010,4,84,B59
Dinajpur,2010,5,206,B59
Dinajpur,2010,6,515,B59
Dinajpur,2010,7,356,B59
Dinajpur,2010,8,290,B59
Dinajpur,2010,9,107,B59
Dinajpur,2010,10,82,B59
Dinajpur,2010,11,1,B59
Dinajpur,2010,12,0,B59
Dinajpur,2011,1,0,B59
Dinajpur,2011,2,28,B59
Dinajpur,2011,3,27,B59
Dinajpur,2011,4,61,B59
Dinajpur,2011,5,250,B59
Dinajpur,2011,6,348,B59
Dinajpur,2011,7,285,B59
Dinajpur,2011,8,381,B59
Dinajpur,2011,9,261,B59
Dinajpur,2011,10,0,B59
Dinajpur,2011,11,3,B59
Dinajpur,2011,12,0,B59
Dinajpur,2012,1,5,B59
Dinajpur,2012,2,5,B59
Dinajpur,2012,3,3,B59
Dinajpur,2012,4,57,B59
Dinajpur,2012,5,79,B59
Dinajpur,2012,6,380,B59
Dinajpur,2012,7,435,B59
Dinajpur,2012,8,106,B59
Dinajpur,2012,9,349,B59
Dinajpur,2012,10,91,B59
Dinajpur,2012,11,1,B59
Dinajpur,2012,12,0,B59
Dinajpur,2013,1,0,B59
Dinajpur,2013,2,10,B59
Dinajpur,2013,3,0,B59
Dinajpur,2013,4,99,B59
Dinajpur,2013,5,133,B59
Dinajpur,2013,6,370,B59
Dinajpur,2013,7,255,B59
Dinajpur,2013,8,469,B59
Dinajpur,2013,9,182,B59
Dinajpur,2013,10,309,B59
Dinajpur,2013,11,0,B59
Dinajpur,2013,12,0,B59
Dinajpur,2014,1,0,B59
Dinajpur,2014,2,31,B59
Dinajpur,2014,3,2,B59
Dinajpur,2014,4,3,B59
Dinajpur,2014,5,186,B59
Dinajpur,2014,6,257,B59
Dinajpur,2014,7,293,B59
Dinajpur,2014,8,181,B59
Dinajpur,2014,9,424,B59
Dinajpur,2014,10,21,B59
Dinajpur,2014,11,0,B59
Dinajpur,2014,12,0,B59
Dinajpur,2015,1,25,B59
Dinajpur,2015,2,3,B59
Dinajpur,2015,3,28,B59
Dinajpur,2015,4,91,B59
Dinajpur,2015,5,376,B59
Dinajpur,2015,6,273,B59
Dinajpur,2015,7,328,B59
Dinajpur,2015,8,590,B59
Dinajpur,2015,9,251,B59
Dinajpur,2015,10,0,B59
Dinajpur,2015,11,0,B59
Dinajpur,2015,12,0,B59
Dinajpur,2016,1,11,B59
Dinajpur,2016,2,0,B59
Dinajpur,2016,3,25,B59
Dinajpur,2016,4,26,B59
Dinajpur,2016,5,221,B59
Dinajpur,2016,6,129,B59
Dinajpur,2016,7,446,B59
Dinajpur,2016,8,119,B59
Dinajpur,2016,9,473,B59
Dinajpur,2016,10,199,B59
Dinajpur,2016,11,0,B59
Dinajpur,2016,12,11,B59
Dinajpur,2017,1,5,B59
Dinajpur,2017,2,0,B59
Dinajpur,2017,3,102,B59
Dinajpur,2017,4,192,B59
Dinajpur,2017,5,175,B59
Dinajpur,2017,6,159,B59
Dinajpur,2017,7,195,B59
Dinajpur,2017,8,655,B59
Dinajpur,2017,9,125,B59
Dinajpur,2017,10,144,B59
Dinajpur,2017,11,0,B59
Dinajpur,2017,12,0,B59
Dinajpur,2018,1,0,B59
Dinajpur,2018,2,0,B59
Dinajpur,2018,3,29,B59
Dinajpur,2018,4,70,B59
Dinajpur,2018,5,155,B59
Dinajpur,2018,6,124,B59
Dinajpur,2018,7,165,B59
Dinajpur,2018,8,164,B59
Dinajpur,2018,9,195,B59
Dinajpur,2018,10,8,B59
Dinajpur,2018,11,0,B59
Dinajpur,2018,12,10,B59
Dinajpur,2019,1,0,B59
Dinajpur,2019,2,27,B59
Dinajpur,2019,3,0,B59
Dinajpur,2019,4,130,B59
Dinajpur,2019,5,187,B59
Dinajpur,2019,6,293,B59
Dinajpur,2019,7,680,B59
Dinajpur,2019,8,328,B59
Dinajpur,2019,9,492,B59
Dinajpur,2019,10,151,B59
Dinajpur,2019,11,0,B59
Dinajpur,2019,12,0,B59
Dinajpur,2020,1,5,B59
Dinajpur,2020,2,7,B59
Dinajpur,2020,3,29,B59
Dinajpur,2020,4,95,B59
Dinajpur,2020,5,466,B59
Dinajpur,2020,6,403,B59
Dinajpur,2020,7,618,B59
Dinajpur,2020,8,318,B59
Dinajpur,2020,9,831,B59
Dinajpur,2020,10,95,B59
Dinajpur,2020,11,3,B59
Dinajpur,2020,12,0,B59
Dinajpur,2021,1,0,B59
Dinajpur,2021,2,0,B59
Dinajpur,2021,3,0,B59
Dinajpur,2021,4,22,B59
Dinajpur,2021,5,277,B59
Dinajpur,2021,6,289,B59
Dinajpur,2021,7,185,B59
Dinajpur,2021,8,412,B59
Dinajpur,2021,9,121,B59
Dinajpur,2021,10,442,B59
Dinajpur,2021,11,0,B59
Dinajpur,2021,12,5,B59
Dinajpur,2023,1,0,B59
Dinajpur,2023,2,0,B59
Dinajpur,2023,3,83,B59
Dinajpur,2023,4,60,B59
Dinajpur,2023,5,52,B59
Dinajpur,2023,6,259,B59
Dinajpur,2023,7,285,B59
Dinajpur,2023,8,457,B59
Dinajpur,2023,9,534,B59
Dinajpur,2023,10,209,B59
Dinajpur,2023,11,0,B59
Dinajpur,2023,12,16,B59
Dinajpur,2022,1,18,B59
Dinajpur,2022,2,61,B59
Dinajpur,2022,3,0,B59
Dinajpur,2022,4,77,B59
Dinajpur,2022,5,413,B59
Dinajpur,2022,6,425,B59
Dinajpur,2022,7,182,B59
Dinajpur,2022,8,237,B59
Dinajpur,2022,9,227,B59
Dinajpur,2022,10,97,B59
Dinajpur,2022,11,0,B59
Dinajpur,2022,12,0,B59
Faridpur,1948,1,3,B59
Faridpur,1948,2,76,B59
Faridpur,1948,3,35,B59
Faridpur,1948,4,245,B59
Faridpur,1948,5,324,B59
Faridpur,1948,6,402,B59
Faridpur,1948,7,359,B59
Faridpur,1948,8,410,B59
Faridpur,1948,9,108,B59
Faridpur,1948,10,481,B59
Faridpur,1948,11,42,B59
Faridpur,1948,12,0,B59
Faridpur,1949,1,0,B59
Faridpur,1949,2,12,B59
Faridpur,1949,3,75,B59
Faridpur,1949,4,441,B59
Faridpur,1949,5,417,B59
Faridpur,1949,6,482,B59
Faridpur,1949,7,412,B59
Faridpur,1949,8,261,B59
Faridpur,1949,9,377,B59
Faridpur,1949,10,96,B59
Faridpur,1949,11,0,B59
Faridpur,1949,12,0,B59
Faridpur,1950,1,0,B59
Faridpur,1950,2,14,B59
Faridpur,1950,3,0,B59
Faridpur,1950,4,38,B59
Faridpur,1950,5,375,B59
Faridpur,1950,6,708,B59
Faridpur,1950,7,419,B59
Faridpur,1950,8,441,B59
Faridpur,1950,9,161,B59
Faridpur,1950,10,166,B59
Faridpur,1950,11,165,B59
Faridpur,1950,12,0,B59
Faridpur,1951,1,0,B59
Faridpur,1951,2,0,B59
Faridpur,1951,3,45,B59
Faridpur,1951,4,43,B59
Faridpur,1951,5,100,B59
Faridpur,1951,6,291,B59
Faridpur,1951,7,389,B59
Faridpur,1951,8,240,B59
Faridpur,1951,9,201,B59
Faridpur,1951,10,180,B59
Faridpur,1951,11,38,B59
Faridpur,1951,12,0,B59
Faridpur,1952,1,0,B59
Faridpur,1952,2,0,B59
Faridpur,1952,3,18,B59
Faridpur,1952,4,167,B59
Faridpur,1952,5,297,B59
Faridpur,1952,6,220,B59
Faridpur,1952,7,468,B59
Faridpur,1952,8,338,B59
Faridpur,1952,9,290,B59
Faridpur,1952,10,93,B59
Faridpur,1952,11,22,B59
Faridpur,1952,12,0,B59
Faridpur,1953,1,0,B59
Faridpur,1953,2,7,B59
Faridpur,1953,3,129,B59
Faridpur,1953,4,40,B59
Faridpur,1953,5,246,B59
Faridpur,1953,6,591,B59
Faridpur,1953,7,677,B59
Faridpur,1953,8,298,B59
Faridpur,1953,9,289,B59
Faridpur,1953,10,55,B59
Faridpur,1953,11,35,B59
Faridpur,1953,12,0,B59
Faridpur,1954,1,11,B59
Faridpur,1954,2,0,B59
Faridpur,1954,3,0,B59
Faridpur,1954,4,154,B59
Faridpur,1954,5,207,B59
Faridpur,1954,6,788,B59
Faridpur,1954,7,414,B59
Faridpur,1954,8,261,B59
Faridpur,1954,9,103,B59
Faridpur,1954,10,159,B59
Faridpur,1954,11,0,B59
Faridpur,1954,12,0,B59
Faridpur,1955,1,0,B59
Faridpur,1955,2,0,B59
Faridpur,1955,3,21,B59
Faridpur,1955,4,165,B59
Faridpur,1955,5,216,B59
Faridpur,1955,6,167,B59
Faridpur,1955,7,309,B59
Faridpur,1955,8,255,B59
Faridpur,1955,9,331,B59
Faridpur,1955,10,120,B59
Faridpur,1955,11,51,B59
Faridpur,1955,12,0,B59
Faridpur,1956,1,4,B59
Faridpur,1956,2,14,B59
Faridpur,1956,3,72,B59
Faridpur,1956,4,112,B59
Faridpur,1956,5,211,B59
Faridpur,1956,6,459,B59
Faridpur,1956,7,303,B59
Faridpur,1956,8,435,B59
Faridpur,1956,9,311,B59
Faridpur,1956,10,140,B59
Faridpur,1956,11,77,B59
Faridpur,1956,12,2,B59
Faridpur,1957,1,52,B59
Faridpur,1957,2,38,B59
Faridpur,1957,3,16,B59
Faridpur,1957,4,15,B59
Faridpur,1957,5,163,B59
Faridpur,1957,6,299,B59
Faridpur,1957,7,322,B59
Faridpur,1957,8,220,B59
Faridpur,1957,9,155,B59
Faridpur,1957,10,40,B59
Faridpur,1957,11,0,B59
Faridpur,1957,12,0,B59
Faridpur,1958,1,0,B59
Faridpur,1958,2,36,B59
Faridpur,1958,3,34,B59
Faridpur,1958,4,196,B59
Faridpur,1958,5,194,B59
Faridpur,1958,6,119,B59
Faridpur,1958,7,162,B59
Faridpur,1958,8,226,B59
Faridpur,1958,9,92,B59
Faridpur,1958,10,364,B59
Faridpur,1958,11,0,B59
Faridpur,1958,12,0,B59
Faridpur,1959,1,24,B59
Faridpur,1959,2,14,B59
Faridpur,1959,3,68,B59
Faridpur,1959,4,173,B59
Faridpur,1959,5,341,B59
Faridpur,1959,6,183,B59
Faridpur,1959,7,296,B59
Faridpur,1959,8,489,B59
Faridpur,1959,9,528,B59
Faridpur,1959,10,697,B59
Faridpur,1959,11,0,B59
Faridpur,1959,12,0,B59
Faridpur,1960,1,0,B59
Faridpur,1960,2,0,B59
Faridpur,1960,3,14,B59
Faridpur,1960,4,44,B59
Faridpur,1960,5,315,B59
Faridpur,1960,6,254,B59
Faridpur,1960,7,663,B59
Faridpur,1960,8,278,B59
Faridpur,1960,9,203,B59
Faridpur,1960,10,116,B59
Faridpur,1960,11,6,B59
Faridpur,1960,12,0,B59
Faridpur,1961,1,6,B59
Faridpur,1961,2,40,B59
Faridpur,1961,3,31,B59
Faridpur,1961,4,27,B59
Faridpur,1961,5,183,B59
Faridpur,1961,6,359,B59
Faridpur,1961,7,415,B59
Faridpur,1961,8,233,B59
Faridpur,1961,9,128,B59
Faridpur,1961,10,183,B59
Faridpur,1961,11,38,B59
Faridpur,1961,12,0,B59
Faridpur,1962,1,0,B59
Faridpur,1962,2,32,B59
Faridpur,1962,3,2,B59
Faridpur,1962,4,156,B59
Faridpur,1962,5,273,B59
Faridpur,1962,6,382,B59
Faridpur,1962,7,388,B59
Faridpur,1962,8,159,B59
Faridpur,1962,9,261,B59
Faridpur,1962,10,111,B59
Faridpur,1962,11,0,B59
Faridpur,1962,12,0,B59
Faridpur,1963,1,3,B59
Faridpur,1963,2,0,B59
Faridpur,1963,3,33,B59
Faridpur,1963,4,155,B59
Faridpur,1963,5,213,B59
Faridpur,1963,6,530,B59
Faridpur,1963,7,344,B59
Faridpur,1963,8,126,B59
Faridpur,1963,9,140,B59
Faridpur,1963,10,179,B59
Faridpur,1963,11,40,B59
Faridpur,1963,12,1,B59
Faridpur,1964,1,2,B59
Faridpur,1964,2,0,B59
Faridpur,1964,3,0,B59
Faridpur,1964,4,303,B59
Faridpur,1964,5,63,B59
Faridpur,1964,6,353,B59
Faridpur,1964,7,548,B59
Faridpur,1964,8,267,B59
Faridpur,1964,9,175,B59
Faridpur,1964,10,307,B59
Faridpur,1964,11,1,B59
Faridpur,1964,12,0,B59
Faridpur,1965,1,0,B59
Faridpur,1965,2,12,B59
Faridpur,1965,3,14,B59
Faridpur,1965,4,24,B59
Faridpur,1965,5,64,B59
Faridpur,1965,6,341,B59
Faridpur,1965,7,371,B59
Faridpur,1965,9,338,B59
Faridpur,1965,10,20,B59
Faridpur,1965,11,17,B59
Faridpur,1965,12,0,B59
Faridpur,1966,1,3,B59
Faridpur,1966,2,0,B59
Faridpur,1966,3,0,B59
Faridpur,1966,4,155,B59
Faridpur,1966,5,37,B59
Faridpur,1966,6,317,B59
Faridpur,1966,7,216,B59
Faridpur,1966,8,257,B59
Faridpur,1966,9,145,B59
Faridpur,1966,10,191,B59
Faridpur,1966,11,0,B59
Faridpur,1966,12,19,B59
Faridpur,1967,1,38,B59
Faridpur,1967,2,1,B59
Faridpur,1967,3,44,B59
Faridpur,1967,4,93,B59
Faridpur,1967,5,64,B59
Faridpur,1967,6,403,B59
Faridpur,1967,7,210,B59
Faridpur,1967,8,297,B59
Faridpur,1967,9,262,B59
Faridpur,1967,10,56,B59
Faridpur,1967,11,0,B59
Faridpur,1967,12,0,B59
Faridpur,1968,1,3,B59
Faridpur,1968,2,0,B59
Faridpur,1968,3,74,B59
Faridpur,1968,4,35,B59
Faridpur,1968,5,189,B59
Faridpur,1968,6,398,B59
Faridpur,1968,7,243,B59
Faridpur,1968,8,262,B59
Faridpur,1968,9,194,B59
Faridpur,1968,10,88,B59
Faridpur,1968,11,79,B59
Faridpur,1968,12,13,B59
Faridpur,1969,1,0,B59
Faridpur,1969,2,0,B59
Faridpur,1969,3,67,B59
Faridpur,1969,4,84,B59
Faridpur,1969,5,100,B59
Faridpur,1969,6,267,B59
Faridpur,1969,7,263,B59
Faridpur,1969,8,407,B59
Faridpur,1969,9,143,B59
Faridpur,1969,10,57,B59
Faridpur,1969,11,41,B59
Faridpur,1969,12,5,B59
Faridpur,1970,1,12,B59
Faridpur,1970,2,15,B59
Faridpur,1970,3,25,B59
Faridpur,1970,4,68,B59
Faridpur,1970,5,173,B59
Faridpur,1970,6,308,B59
Faridpur,1970,7,382,B59
Faridpur,1970,8,291,B59
Faridpur,1970,9,433,B59
Faridpur,1970,10,413,B59
Faridpur,1970,11,32,B59
Faridpur,1970,12,0,B59
Faridpur,1971,1,12,B59
Faridpur,1971,2,9,B59
Faridpur,1971,7,278,B59
Faridpur,1971,8,538,B59
Faridpur,1971,9,292,B59
Faridpur,1971,10,135,B59
Faridpur,1971,11,66,B59
Faridpur,1971,12,0,B59
Faridpur,1972,1,0,B59
Faridpur,1972,2,70,B59
Faridpur,1972,3,2,B59
Faridpur,1972,4,177,B59
Faridpur,1972,5,257,B59
Faridpur,1972,6,246,B59
Faridpur,1972,7,203,B59
Faridpur,1972,8,366,B59
Faridpur,1972,9,259,B59
Faridpur,1972,10,62,B59
Faridpur,1972,11,0,B59
Faridpur,1972,12,0,B59
Faridpur,1973,1,0,B59
Faridpur,1973,2,9,B59
Faridpur,1973,3,40,B59
Faridpur,1973,4,250,B59
Faridpur,1973,5,486,B59
Faridpur,1973,6,431,B59
Faridpur,1973,7,203,B59
Faridpur,1973,8,472,B59
Faridpur,1973,9,397,B59
Faridpur,1973,10,207,B59
Faridpur,1973,11,60,B59
Faridpur,1973,12,44,B59
Faridpur,1974,1,1,B59
Faridpur,1974,2,0,B59
Faridpur,1974,3,68,B59
Faridpur,1974,4,146,B59
Faridpur,1974,5,316,B59
Faridpur,1974,6,344,B59
Faridpur,1974,7,714,B59
Faridpur,1974,8,152,B59
Faridpur,1974,9,260,B59
Faridpur,1974,10,210,B59
Faridpur,1974,11,0,B59
Faridpur,1974,12,0,B59
Faridpur,1975,1,0,B59
Faridpur,1975,2,19,B59
Faridpur,1975,3,0,B59
Faridpur,1975,4,114,B59
Faridpur,1975,5,256,B59
Faridpur,1975,6,210,B59
Faridpur,1975,7,581,B59
Faridpur,1975,8,234,B59
Faridpur,1975,9,293,B59
Faridpur,1975,10,244,B59
Faridpur,1975,11,18,B59
Faridpur,1975,12,0,B59
Faridpur,1976,1,0,B59
Faridpur,1976,2,18,B59
Faridpur,1976,3,0,B59
Faridpur,1976,4,103,B59
Faridpur,1976,5,403,B59
Faridpur,1976,6,315,B59
Faridpur,1976,7,598,B59
Faridpur,1976,8,250,B59
Faridpur,1976,9,156,B59
Faridpur,1976,10,81,B59
Faridpur,1976,11,0,B59
Faridpur,1976,12,0,B59
Faridpur,1977,1,4,B59
Faridpur,1977,2,18,B59
Faridpur,1977,3,0,B59
Faridpur,1977,4,263,B59
Faridpur,1977,5,175,B59
Faridpur,1977,6,762,B59
Faridpur,1977,7,323,B59
Faridpur,1977,8,142,B59
Faridpur,1977,9,190,B59
Faridpur,1977,10,150,B59
Faridpur,1977,11,8,B59
Faridpur,1977,12,4,B59
Faridpur,1978,1,0,B59
Faridpur,1978,2,13,B59
Faridpur,1978,3,19,B59
Faridpur,1978,4,42,B59
Faridpur,1978,5,205,B59
Faridpur,1978,6,401,B59
Faridpur,1978,7,9,B59
Faridpur,1978,8,192,B59
Faridpur,1978,9,203,B59
Faridpur,1978,10,46,B59
Faridpur,1978,11,0,B59
Faridpur,1978,12,0,B59
Faridpur,1979,1,9,B59
Faridpur,1979,2,27,B59
Faridpur,1979,3,65,B59
Faridpur,1979,4,22,B59
Faridpur,1979,5,14,B59
Faridpur,1979,6,467,B59
Faridpur,1979,7,296,B59
Faridpur,1979,8,377,B59
Faridpur,1979,9,278,B59
Faridpur,1979,10,181,B59
Faridpur,1979,11,36,B59
Faridpur,1979,12,37,B59
Faridpur,1980,1,3,B59
Faridpur,1980,2,99,B59
Faridpur,1980,3,54,B59
Faridpur,1980,4,98,B59
Faridpur,1980,5,397,B59
Faridpur,1980,6,341,B59
Faridpur,1980,7,312,B59
Faridpur,1980,8,243,B59
Faridpur,1980,9,213,B59
Faridpur,1980,10,290,B59
Faridpur,1980,11,22,B59
Faridpur,1980,12,0,B59
Faridpur,1981,1,10,B59
Faridpur,1981,2,58,B59
Faridpur,1981,3,140,B59
Faridpur,1981,4,357,B59
Faridpur,1981,5,263,B59
Faridpur,1981,6,283,B59
Faridpur,1981,7,422,B59
Faridpur,1981,8,740,B59
Faridpur,1981,9,199,B59
Faridpur,1981,10,35,B59
Faridpur,1981,11,0,B59
Faridpur,1981,12,92,B59
Faridpur,1982,1,0,B59
Faridpur,1982,2,24,B59
Faridpur,1982,3,63,B59
Faridpur,1982,4,126,B59
Faridpur,1982,5,217,B59
Faridpur,1982,6,211,B59
Faridpur,1982,7,210,B59
Faridpur,1982,8,271,B59
Faridpur,1982,9,147,B59
Faridpur,1982,10,25,B59
Faridpur,1982,11,116,B59
Faridpur,1982,12,0,B59
Faridpur,1983,1,4,B59
Faridpur,1983,2,50,B59
Faridpur,1983,3,87,B59
Faridpur,1983,4,173,B59
Faridpur,1983,5,320,B59
Faridpur,1983,6,196,B59
Faridpur,1983,7,303,B59
Faridpur,1983,8,550,B59
Faridpur,1983,9,173,B59
Faridpur,1983,10,375,B59
Faridpur,1983,11,0,B59
Faridpur,1983,12,20,B59
Faridpur,1984,1,5,B59
Faridpur,1984,2,0,B59
Faridpur,1984,3,54,B59
Faridpur,1984,4,78,B59
Faridpur,1984,5,473,B59
Faridpur,1984,6,822,B59
Faridpur,1984,7,337,B59
Faridpur,1984,8,288,B59
Faridpur,1984,9,313,B59
Faridpur,1984,10,139,B59
Faridpur,1984,11,35,B59
Faridpur,1984,12,0,B59
Faridpur,1985,1,2,B59
Faridpur,1985,2,2,B59
Faridpur,1985,3,134,B59
Faridpur,1985,4,175,B59
Faridpur,1985,5,208,B59
Faridpur,1985,6,219,B59
Faridpur,1985,7,217,B59
Faridpur,1985,8,214,B59
Faridpur,1985,9,255,B59
Faridpur,1985,10,56,B59
Faridpur,1985,11,0,B59
Faridpur,1985,12,0,B59
Faridpur,1986,1,3,B59
Faridpur,1986,2,0,B59
Faridpur,1986,3,4,B59
Faridpur,1986,4,220,B59
Faridpur,1986,5,189,B59
Faridpur,1986,6,228,B59
Faridpur,1986,7,357,B59
Faridpur,1986,8,209,B59
Faridpur,1986,9,831,B59
Faridpur,1986,10,127,B59
Faridpur,1986,11,149,B59
Faridpur,1986,12,2,B59
Faridpur,1987,1,0,B59
Faridpur,1987,2,8,B59
Faridpur,1987,3,38,B59
Faridpur,1987,4,105,B59
Faridpur,1987,5,157,B59
Faridpur,1987,6,384,B59
Faridpur,1987,7,352,B59
Faridpur,1987,8,409,B59
Faridpur,1987,9,456,B59
Faridpur,1987,10,47,B59
Faridpur,1987,11,14,B59
Faridpur,1987,12,23,B59
Faridpur,1988,1,0,B59
Faridpur,1988,2,34,B59
Faridpur,1988,3,98,B59
Faridpur,1988,4,133,B59
Faridpur,1988,5,511,B59
Faridpur,1988,6,468,B59
Faridpur,1988,7,241,B59
Faridpur,1988,8,243,B59
Faridpur,1988,9,128,B59
Faridpur,1988,10,169,B59
Faridpur,1988,11,148,B59
Faridpur,1988,12,10,B59
Faridpur,1989,1,0,B59
Faridpur,1989,2,5,B59
Faridpur,1989,3,5,B59
Faridpur,1989,4,124,B59
Faridpur,1989,5,263,B59
Faridpur,1989,6,242,B59
Faridpur,1989,7,243,B59
Faridpur,1989,8,92,B59
Faridpur,1989,9,277,B59
Faridpur,1989,10,178,B59
Faridpur,1989,11,0,B59
Faridpur,1989,12,9,B59
Faridpur,1990,1,0,B59
Faridpur,1990,2,36,B59
Faridpur,1990,3,227,B59
Faridpur,1990,4,156,B59
Faridpur,1990,5,315,B59
Faridpur,1990,6,289,B59
Faridpur,1990,7,405,B59
Faridpur,1990,8,145,B59
Faridpur,1990,9,192,B59
Faridpur,1990,10,168,B59
Faridpur,1990,11,48,B59
Faridpur,1990,12,4,B59
Faridpur,1991,1,27,B59
Faridpur,1991,2,58,B59
Faridpur,1991,3,59,B59
Faridpur,1991,4,103,B59
Faridpur,1991,5,265,B59
Faridpur,1991,6,337,B59
Faridpur,1991,7,306,B59
Faridpur,1991,8,186,B59
Faridpur,1991,9,360,B59
Faridpur,1991,10,350,B59
Faridpur,1991,11,1,B59
Faridpur,1991,12,104,B59
Faridpur,1992,1,4,B59
Faridpur,1992,2,61,B59
Faridpur,1992,3,0,B59
Faridpur,1992,4,5,B59
Faridpur,1992,5,216,B59
Faridpur,1992,6,238,B59
Faridpur,1992,7,387,B59
Faridpur,1992,8,209,B59
Faridpur,1992,9,95,B59
Faridpur,1992,10,121,B59
Faridpur,1992,11,0,B59
Faridpur,1992,12,0,B59
Faridpur,1993,1,0,B59
Faridpur,1993,2,57,B59
Faridpur,1993,3,48,B59
Faridpur,1993,4,179,B59
Faridpur,1993,5,154,B59
Faridpur,1993,6,514,B59
Faridpur,1993,7,223,B59
Faridpur,1993,8,352,B59
Faridpur,1993,9,409,B59
Faridpur,1993,10,320,B59
Faridpur,1993,11,0,B59
Faridpur,1993,12,0,B59
Faridpur,1994,1,11,B59
Faridpur,1994,2,31,B59
Faridpur,1994,3,44,B59
Faridpur,1994,4,134,B59
Faridpur,1994,5,197,B59
Faridpur,1994,6,258,B59
Faridpur,1994,7,246,B59
Faridpur,1994,8,248,B59
Faridpur,1994,9,107,B59
Faridpur,1994,10,66,B59
Faridpur,1994,11,2,B59
Faridpur,1994,12,0,B59
Faridpur,1995,1,7,B59
Faridpur,1995,2,8,B59
Faridpur,1995,3,0,B59
Faridpur,1995,4,45,B59
Faridpur,1995,5,281,B59
Faridpur,1995,6,395,B59
Faridpur,1995,7,507,B59
Faridpur,1995,8,366,B59
Faridpur,1995,9,256,B59
Faridpur,1995,10,42,B59
Faridpur,1995,11,97,B59
Faridpur,1995,12,2,B59
Faridpur,1996,1,2,B59
Faridpur,1996,2,15,B59
Faridpur,1996,3,28,B59
Faridpur,1996,4,182,B59
Faridpur,1996,5,283,B59
Faridpur,1996,6,316,B59
Faridpur,1996,7,210,B59
Faridpur,1996,8,447,B59
Faridpur,1996,9,115,B59
Faridpur,1996,10,212,B59
Faridpur,1996,11,0,B59
Faridpur,1996,12,0,B59
Faridpur,1997,1,11,B59
Faridpur,1997,2,26,B59
Faridpur,1997,3,20,B59
Faridpur,1997,4,156,B59
Faridpur,1997,5,137,B59
Faridpur,1997,6,266,B59
Faridpur,1997,7,337,B59
Faridpur,1997,8,294,B59
Faridpur,1997,9,162,B59
Faridpur,1997,10,68,B59
Faridpur,1997,11,53,B59
Faridpur,1997,12,18,B59
Faridpur,1998,1,49,B59
Faridpur,1998,2,22,B59
Faridpur,1998,3,69,B59
Faridpur,1998,4,122,B59
Faridpur,1998,5,205,B59
Faridpur,1998,6,202,B59
Faridpur,1998,7,357,B59
Faridpur,1998,8,341,B59
Faridpur,1998,9,282,B59
Faridpur,1998,10,74,B59
Faridpur,1998,11,95,B59
Faridpur,1998,12,0,B59
Faridpur,1999,1,0,B59
Faridpur,1999,2,0,B59
Faridpur,1999,3,0,B59
Faridpur,1999,4,59,B59
Faridpur,1999,5,208,B59
Faridpur,1999,6,335,B59
Faridpur,1999,7,421,B59
Faridpur,1999,8,452,B59
Faridpur,1999,9,204,B59
Faridpur,1999,10,422,B59
Faridpur,1999,11,4,B59
Faridpur,1999,12,0,B59
Faridpur,2000,1,17,B59
Faridpur,2000,2,57,B59
Faridpur,2000,3,31,B59
Faridpur,2000,4,169,B59
Faridpur,2000,5,398,B59
Faridpur,2000,6,128,B59
Faridpur,2000,7,153,B59
Faridpur,2000,8,345,B59
Faridpur,2000,9,399,B59
Faridpur,2000,10,255,B59
Faridpur,2000,11,0,B59
Faridpur,2000,12,0,B59
Faridpur,2001,1,0,B59
Faridpur,2001,2,3,B59
Faridpur,2001,3,21,B59
Faridpur,2001,4,124,B59
Faridpur,2001,5,286,B59
Faridpur,2001,6,325,B59
Faridpur,2001,7,239,B59
Faridpur,2001,8,222,B59
Faridpur,2001,9,206,B59
Faridpur,2001,10,165,B59
Faridpur,2001,11,43,B59
Faridpur,2001,12,0,B59
Faridpur,2002,1,19,B59
Faridpur,2002,2,0,B59
Faridpur,2002,3,56,B59
Faridpur,2002,4,91,B59
Faridpur,2002,5,286,B59
Faridpur,2002,6,395,B59
Faridpur,2002,7,586,B59
Faridpur,2002,8,420,B59
Faridpur,2002,9,158,B59
Faridpur,2002,10,38,B59
Faridpur,2002,11,130,B59
Faridpur,2002,12,0,B59
Faridpur,2003,1,0,B59
Faridpur,2003,2,113,B59
Faridpur,2003,3,110,B59
Faridpur,2003,4,109,B59
Faridpur,2003,5,89,B59
Faridpur,2003,6,294,B59
Faridpur,2003,7,276,B59
Faridpur,2003,8,120,B59
Faridpur,2003,9,81,B59
Faridpur,2003,10,182,B59
Faridpur,2003,11,0,B59
Faridpur,2003,12,26,B59
Faridpur,2004,1,3,B59
Faridpur,2004,2,0,B59
Faridpur,2004,3,6,B59
Faridpur,2004,4,52,B59
Faridpur,2004,5,208,B59
Faridpur,2004,6,420,B59
Faridpur,2004,7,235,B59
Faridpur,2004,8,155,B59
Faridpur,2004,9,764,B59
Faridpur,2004,10,156,B59
Faridpur,2004,11,0,B59
Faridpur,2004,12,2,B59
Faridpur,2005,1,8,B59
Faridpur,2005,2,7,B59
Faridpur,2005,3,136,B59
Faridpur,2005,4,13,B59
Faridpur,2005,5,68,B59
Faridpur,2005,6,233,B59
Faridpur,2005,7,384,B59
Faridpur,2005,8,276,B59
Faridpur,2005,9,167,B59
Faridpur,2005,10,357,B59
Faridpur,2005,11,0,B59
Faridpur,2005,12,1,B59
Faridpur,2006,1,0,B59
Faridpur,2006,2,0,B59
Faridpur,2006,3,0,B59
Faridpur,2006,4,128,B59
Faridpur,2006,5,218,B59
Faridpur,2006,6,229,B59
Faridpur,2006,7,340,B59
Faridpur,2006,8,192,B59
Faridpur,2006,9,486,B59
Faridpur,2006,10,55,B59
Faridpur,2006,11,1,B59
Faridpur,2006,12,0,B59
Faridpur,2007,1,0,B59
Faridpur,2007,2,59,B59
Faridpur,2007,3,4,B59
Faridpur,2007,4,60,B59
Faridpur,2007,5,93,B59
Faridpur,2007,6,528,B59
Faridpur,2007,7,676,B59
Faridpur,2007,8,216,B59
Faridpur,2007,9,130,B59
Faridpur,2007,10,180,B59
Faridpur,2007,11,94,B59
Faridpur,2007,12,0,B59
Faridpur,2008,1,42,B59
Faridpur,2008,2,45,B59
Faridpur,2008,3,31,B59
Faridpur,2008,4,31,B59
Faridpur,2008,5,58,B59
Faridpur,2008,6,236,B59
Faridpur,2008,7,430,B59
Faridpur,2008,8,175,B59
Faridpur,2008,9,223,B59
Faridpur,2008,10,172,B59
Faridpur,2008,11,0,B59
Faridpur,2008,12,0,B59
Faridpur,2009,1,0,B59
Faridpur,2009,2,2,B59
Faridpur,2009,3,31,B59
Faridpur,2009,4,15,B59
Faridpur,2009,5,166,B59
Faridpur,2009,6,175,B59
Faridpur,2009,7,523,B59
Faridpur,2009,8,435,B59
Faridpur,2009,9,165,B59
Faridpur,2009,10,69,B59
Faridpur,2009,11,3,B59
Faridpur,2009,12,0,B59
Faridpur,2010,1,0,B59
Faridpur,2010,2,6,B59
Faridpur,2010,3,0,B59
Faridpur,2010,4,12,B59
Faridpur,2010,5,142,B59
Faridpur,2010,6,367,B59
Faridpur,2010,7,215,B59
Faridpur,2010,8,209,B59
Faridpur,2010,9,195,B59
Faridpur,2010,10,189,B59
Faridpur,2010,11,12,B59
Faridpur,2010,12,62,B59
Faridpur,2011,1,0,B59
Faridpur,2011,2,0,B59
Faridpur,2011,3,17,B59
Faridpur,2011,4,109,B59
Faridpur,2011,5,163,B59
Faridpur,2011,6,383,B59
Faridpur,2011,7,253,B59
Faridpur,2011,8,469,B59
Faridpur,2011,9,113,B59
Faridpur,2011,10,2,B59
Faridpur,2011,11,0,B59
Faridpur,2011,12,0,B59
Faridpur,2012,1,30,B59
Faridpur,2012,2,1,B59
Faridpur,2012,3,4,B59
Faridpur,2012,4,168,B59
Faridpur,2012,5,109,B59
Faridpur,2012,6,128,B59
Faridpur,2012,7,252,B59
Faridpur,2012,8,221,B59
Faridpur,2012,9,165,B59
Faridpur,2012,10,83,B59
Faridpur,2012,11,111,B59
Faridpur,2012,12,7,B59
Faridpur,2013,1,0,B59
Faridpur,2013,2,12,B59
Faridpur,2013,3,12,B59
Faridpur,2013,4,55,B59
Faridpur,2013,5,380,B59
Faridpur,2013,6,291,B59
Faridpur,2013,7,198,B59
Faridpur,2013,8,264,B59
Faridpur,2013,9,225,B59
Faridpur,2013,10,202,B59
Faridpur,2013,11,0,B59
Faridpur,2013,12,0,B59
Faridpur,2014,1,0,B59
Faridpur,2014,2,12,B59
Faridpur,2014,3,0,B59
Faridpur,2014,4,29,B59
Faridpur,2014,5,191,B59
Faridpur,2014,6,446,B59
Faridpur,2014,7,246,B59
Faridpur,2014,8,381,B59
Faridpur,2014,9,165,B59
Faridpur,2014,10,82,B59
Faridpur,2014,11,0,B59
Faridpur,2014,12,0,B59
Faridpur,2015,1,6,B59
Faridpur,2015,2,21,B59
Faridpur,2015,3,2,B59
Faridpur,2015,4,159,B59
Faridpur,2015,5,147,B59
Faridpur,2015,6,347,B59
Faridpur,2015,7,540,B59
Faridpur,2015,8,304,B59
Faridpur,2015,9,215,B59
Faridpur,2015,10,80,B59
Faridpur,2015,11,0,B59
Faridpur,2015,12,6,B59
Faridpur,2016,1,2,B59
Faridpur,2016,2,16,B59
Faridpur,2016,3,24,B59
Faridpur,2016,4,57,B59
Faridpur,2016,5,222,B59
Faridpur,2016,6,281,B59
Faridpur,2016,7,500,B59
Faridpur,2016,8,305,B59
Faridpur,2016,9,125,B59
Faridpur,2016,10,89,B59
Faridpur,2016,11,28,B59
Faridpur,2016,12,0,B59
Faridpur,2017,1,0,B59
Faridpur,2017,2,0,B59
Faridpur,2017,3,83,B59
Faridpur,2017,4,152,B59
Faridpur,2017,5,195,B59
Faridpur,2017,6,313,B59
Faridpur,2017,7,500,B59
Faridpur,2017,8,321,B59
Faridpur,2017,9,219,B59
Faridpur,2017,10,291,B59
Faridpur,2017,11,14,B59
Faridpur,2017,12,29,B59
Faridpur,2018,1,0,B59
Faridpur,2018,2,4,B59
Faridpur,2018,3,6,B59
Faridpur,2018,4,222,B59
Faridpur,2018,5,258,B59
Faridpur,2018,6,224,B59
Faridpur,2018,7,422,B59
Faridpur,2018,8,83,B59
Faridpur,2018,9,143,B59
Faridpur,2018,10,68,B59
Faridpur,2018,11,22,B59
Faridpur,2018,12,13,B59
Faridpur,2019,1,0,B59
Faridpur,2019,2,94,B59
Faridpur,2019,3,10,B59
Faridpur,2019,4,72,B59
Faridpur,2019,5,164,B59
Faridpur,2019,6,105,B59
Faridpur,2019,7,284,B59
Faridpur,2019,8,223,B59
Faridpur,2019,9,117,B59
Faridpur,2019,10,113,B59
Faridpur,2019,11,39,B59
Faridpur,2019,12,9,B59
Faridpur,2020,1,24,B59
Faridpur,2020,2,2,B59
Faridpur,2020,3,31,B59
Faridpur,2020,4,112,B59
Faridpur,2020,5,316,B59
Faridpur,2020,6,255,B59
Faridpur,2020,7,1005,B59
Faridpur,2020,8,889,B59
Faridpur,2020,9,722,B59
Faridpur,2020,10,98,B59
Faridpur,2020,11,288,B59
Faridpur,2020,12,0,B59
Faridpur,2021,1,0,B59
Faridpur,2021,2,0,B59
Faridpur,2021,3,0,B59
Faridpur,2021,4,18,B59
Faridpur,2021,5,174,B59
Faridpur,2021,6,321,B59
Faridpur,2021,7,456,B59
Faridpur,2021,8,354,B59
Faridpur,2021,9,122,B59
Faridpur,2021,10,71,B59
Faridpur,2021,11,29,B59
Faridpur,2021,12,175,B59
Faridpur,2023,1,0,B59
Faridpur,2023,2,0,B59
Faridpur,2023,3,45,B59
Faridpur,2023,4,32,B59
Faridpur,2023,5,153,B59
Faridpur,2023,6,155,B59
Faridpur,2023,7,167,B59
Faridpur,2023,8,284,B59
Faridpur,2023,9,189,B59
Faridpur,2023,10,284,B59
Faridpur,2023,11,5,B59
Faridpur,2023,12,65,B59
Faridpur,2022,1,7,B59
Faridpur,2022,2,37,B59
Faridpur,2022,3,0,B59
Faridpur,2022,4,36,B59
Faridpur,2022,5,256,B59
Faridpur,2022,6,223,B59
Faridpur,2022,7,111,B59
Faridpur,2022,8,244,B59
Faridpur,2022,9,181,B59
Faridpur,2022,10,296,B59
Faridpur,2022,11,0,B59
Faridpur,2022,12,2,B59
Feni,1973,11,80,B59
Feni,1973,12,79,B59
Feni,1974,1,4,B59
Feni,1974,2,0,B59
Feni,1974,3,64,B59
Feni,1974,4,130,B59
Feni,1974,5,353,B59
Feni,1974,6,577,B59
Feni,1974,7,1337,B59
Feni,1974,8,524,B59
Feni,1974,9,361,B59
Feni,1974,10,386,B59
Feni,1974,11,79,B59
Feni,1974,12,0,B59
Feni,1975,1,0,B59
Feni,1975,2,63,B59
Feni,1975,3,0,B59
Feni,1975,4,49,B59
Feni,1975,5,163,B59
Feni,1975,6,319,B59
Feni,1975,7,328,B59
Feni,1975,8,250,B59
Feni,1975,9,222,B59
Feni,1975,10,677,B59
Feni,1975,11,147,B59
Feni,1975,12,0,B59
Feni,1976,1,0,B59
Feni,1976,2,37,B59
Feni,1976,3,47,B59
Feni,1976,4,140,B59
Feni,1976,5,289,B59
Feni,1976,6,1002,B59
Feni,1976,7,537,B59
Feni,1976,8,722,B59
Feni,1976,9,263,B59
Feni,1976,10,147,B59
Feni,1976,11,19,B59
Feni,1976,12,0,B59
Feni,1977,1,18,B59
Feni,1977,2,98,B59
Feni,1977,3,0,B59
Feni,1977,4,435,B59
Feni,1977,5,521,B59
Feni,1977,6,572,B59
Feni,1977,7,773,B59
Feni,1977,8,425,B59
Feni,1977,9,237,B59
Feni,1977,10,61,B59
Feni,1977,11,33,B59
Feni,1977,12,0,B59
Feni,1978,1,0,B59
Feni,1978,2,8,B59
Feni,1978,3,20,B59
Feni,1978,4,115,B59
Feni,1978,5,556,B59
Feni,1978,6,429,B59
Feni,1978,7,458,B59
Feni,1978,8,439,B59
Feni,1978,9,416,B59
Feni,1978,10,99,B59
Feni,1978,11,0,B59
Feni,1978,12,0,B59
Feni,1979,1,0,B59
Feni,1979,2,7,B59
Feni,1979,3,64,B59
Feni,1979,4,17,B59
Feni,1979,5,153,B59
Feni,1979,6,653,B59
Feni,1979,11,54,B59
Feni,1979,12,16,B59
Feni,1980,1,12,B59
Feni,1980,2,41,B59
Feni,1980,3,66,B59
Feni,1980,4,74,B59
Feni,1980,5,515,B59
Feni,1980,6,115,B59
Feni,1980,7,137,B59
Feni,1980,8,219,B59
Feni,1980,9,32,B59
Feni,1980,10,307,B59
Feni,1980,11,3,B59
Feni,1980,12,0,B59
Feni,1981,1,0,B59
Feni,1981,2,37,B59
Feni,1981,3,72,B59
Feni,1981,4,432,B59
Feni,1981,5,580,B59
Feni,1981,6,463,B59
Feni,1981,7,1091,B59
Feni,1981,8,371,B59
Feni,1981,9,254,B59
Feni,1981,10,10,B59
Feni,1981,11,0,B59
Feni,1981,12,13,B59
Feni,1982,1,0,B59
Feni,1982,2,16,B59
Feni,1982,3,4,B59
Feni,1982,4,413,B59
Feni,1982,5,158,B59
Feni,1982,6,763,B59
Feni,1982,7,687,B59
Feni,1982,8,894,B59
Feni,1982,9,406,B59
Feni,1982,10,9,B59
Feni,1982,11,37,B59
Feni,1982,12,0,B59
Feni,1983,1,15,B59
Feni,1983,2,53,B59
Feni,1983,3,10,B59
Feni,1983,4,99,B59
Feni,1983,5,590,B59
Feni,1983,6,349,B59
Feni,1983,8,110,B59
Feni,1983,9,181,B59
Feni,1983,10,301,B59
Feni,1983,11,12,B59
Feni,1983,12,20,B59
Feni,1984,1,19,B59
Feni,1984,2,0,B59
Feni,1984,3,3,B59
Feni,1984,4,48,B59
Feni,1984,5,563,B59
Feni,1984,6,436,B59
Feni,1984,7,1292,B59
Feni,1984,8,381,B59
Feni,1984,9,400,B59
Feni,1984,10,155,B59
Feni,1984,11,0,B59
Feni,1984,12,18,B59
Feni,1985,1,3,B59
Feni,1985,2,5,B59
Feni,1985,3,105,B59
Feni,1985,4,133,B59
Feni,1985,5,340,B59
Feni,1985,6,713,B59
Feni,1985,7,635,B59
Feni,1985,8,650,B59
Feni,1985,9,261,B59
Feni,1985,10,23,B59
Feni,1985,11,5,B59
Feni,1985,12,1,B59
Feni,1986,1,11,B59
Feni,1986,2,18,B59
Feni,1986,3,0,B59
Feni,1986,4,223,B59
Feni,1986,5,242,B59
Feni,1986,6,337,B59
Feni,1986,7,701,B59
Feni,1986,8,469,B59
Feni,1986,9,487,B59
Feni,1986,10,181,B59
Feni,1986,11,104,B59
Feni,1986,12,0,B59
Feni,1987,1,3,B59
Feni,1987,2,1,B59
Feni,1987,3,62,B59
Feni,1987,4,395,B59
Feni,1987,5,165,B59
Feni,1987,6,265,B59
Feni,1987,7,937,B59
Feni,1987,8,820,B59
Feni,1987,9,550,B59
Feni,1987,10,44,B59
Feni,1987,11,41,B59
Feni,1987,12,14,B59
Feni,1988,1,0,B59
Feni,1988,2,32,B59
Feni,1988,3,4,B59
Feni,1988,4,150,B59
Feni,1988,5,470,B59
Feni,1988,6,383,B59
Feni,1988,7,727,B59
Feni,1988,8,744,B59
Feni,1988,9,538,B59
Feni,1988,10,225,B59
Feni,1988,11,87,B59
Feni,1988,12,0,B59
Feni,1989,1,0,B59
Feni,1989,2,23,B59
Feni,1989,3,15,B59
Feni,1989,4,126,B59
Feni,1989,5,225,B59
Feni,1989,6,597,B59
Feni,1989,7,1048,B59
Feni,1989,8,115,B59
Feni,1989,9,336,B59
Feni,1989,10,633,B59
Feni,1989,11,2,B59
Feni,1989,12,0,B59
Feni,1990,1,0,B59
Feni,1990,2,31,B59
Feni,1990,3,287,B59
Feni,1990,4,213,B59
Feni,1990,5,485,B59
Feni,1990,6,545,B59
Feni,1990,7,972,B59
Feni,1990,8,543,B59
Feni,1990,9,271,B59
Feni,1990,10,393,B59
Feni,1990,11,178,B59
Feni,1990,12,62,B59
Feni,1991,1,4,B59
Feni,1991,2,77,B59
Feni,1991,3,59,B59
Feni,1991,4,213,B59
Feni,1991,5,651,B59
Feni,1991,6,770,B59
Feni,1991,7,753,B59
Feni,1991,8,494,B59
Feni,1991,9,739,B59
Feni,1991,10,420,B59
Feni,1991,11,41,B59
Feni,1991,12,10,B59
Feni,1992,1,0,B59
Feni,1992,2,90,B59
Feni,1992,3,0,B59
Feni,1992,4,0,B59
Feni,1992,5,229,B59
Feni,1992,6,299,B59
Feni,1992,7,384,B59
Feni,1992,8,221,B59
Feni,1992,9,317,B59
Feni,1992,10,190,B59
Feni,1992,11,17,B59
Feni,1992,12,1,B59
Feni,1993,1,0,B59
Feni,1993,2,146,B59
Feni,1993,3,183,B59
Feni,1993,4,383,B59
Feni,1993,5,525,B59
Feni,1993,6,656,B59
Feni,1993,7,616,B59
Feni,1993,8,784,B59
Feni,1993,9,358,B59
Feni,1993,10,249,B59
Feni,1993,11,12,B59
Feni,1993,12,0,B59
Feni,1994,1,2,B59
Feni,1994,2,3,B59
Feni,1994,3,56,B59
Feni,1994,4,354,B59
Feni,1994,5,178,B59
Feni,1994,6,534,B59
Feni,1994,7,228,B59
Feni,1994,8,357,B59
Feni,1994,9,230,B59
Feni,1994,10,55,B59
Feni,1994,11,6,B59
Feni,1994,12,0,B59
Feni,1995,1,1,B59
Feni,1995,2,61,B59
Feni,1995,3,54,B59
Feni,1995,4,87,B59
Feni,1995,5,424,B59
Feni,1995,6,639,B59
Feni,1995,7,620,B59
Feni,1995,8,549,B59
Feni,1995,9,319,B59
Feni,1995,10,33,B59
Feni,1995,11,222,B59
Feni,1995,12,0,B59
Feni,1996,1,3,B59
Feni,1996,2,10,B59
Feni,1996,3,267,B59
Feni,1996,4,109,B59
Feni,1996,5,247,B59
Feni,1996,6,506,B59
Feni,1996,7,541,B59
Feni,1996,8,628,B59
Feni,1996,9,202,B59
Feni,1996,10,298,B59
Feni,1996,11,0,B59
Feni,1996,12,5,B59
Feni,1997,1,0,B59
Feni,1997,2,24,B59
Feni,1997,3,115,B59
Feni,1997,4,92,B59
Feni,1997,5,237,B59
Feni,1997,6,323,B59
Feni,1997,7,794,B59
Feni,1997,8,708,B59
Feni,1997,9,465,B59
Feni,1997,10,30,B59
Feni,1997,11,2,B59
Feni,1997,12,17,B59
Feni,1998,1,35,B59
Feni,1998,2,17,B59
Feni,1998,3,150,B59
Feni,1998,4,407,B59
Feni,1998,5,415,B59
Feni,1998,6,248,B59
Feni,1998,7,979,B59
Feni,1998,8,858,B59
Feni,1998,9,338,B59
Feni,1998,10,91,B59
Feni,1998,11,197,B59
Feni,1998,12,0,B59
Feni,1999,1,0,B59
Feni,1999,2,0,B59
Feni,1999,3,41,B59
Feni,1999,4,4,B59
Feni,1999,5,409,B59
Feni,1999,6,837,B59
Feni,1999,7,972,B59
Feni,1999,8,571,B59
Feni,1999,9,250,B59
Feni,1999,10,232,B59
Feni,1999,11,57,B59
Feni,1999,12,32,B59
Feni,2000,1,34,B59
Feni,2000,2,10,B59
Feni,2000,3,195,B59
Feni,2000,4,178,B59
Feni,2000,5,520,B59
Feni,2000,6,594,B59
Feni,2000,7,718,B59
Feni,2000,8,756,B59
Feni,2000,9,376,B59
Feni,2000,10,210,B59
Feni,2000,11,60,B59
Feni,2000,12,0,B59
Feni,2001,1,0,B59
Feni,2001,2,4,B59
Feni,2001,3,0,B59
Feni,2001,4,40,B59
Feni,2001,5,322,B59
Feni,2001,6,770,B59
Feni,2001,7,480,B59
Feni,2001,8,589,B59
Feni,2001,9,101,B59
Feni,2001,10,177,B59
Feni,2001,11,56,B59
Feni,2001,12,0,B59
Feni,2002,1,4,B59
Feni,2002,2,0,B59
Feni,2002,3,95,B59
Feni,2002,4,94,B59
Feni,2002,5,455,B59
Feni,2002,6,460,B59
Feni,2002,7,790,B59
Feni,2002,8,439,B59
Feni,2002,9,218,B59
Feni,2002,10,20,B59
Feni,2002,11,85,B59
Feni,2002,12,0,B59
Feni,2003,1,0,B59
Feni,2003,2,2,B59
Feni,2003,3,92,B59
Feni,2003,4,48,B59
Feni,2003,5,93,B59
Feni,2003,6,1046,B59
Feni,2003,7,397,B59
Feni,2003,8,315,B59
Feni,2003,9,356,B59
Feni,2003,10,242,B59
Feni,2003,11,0,B59
Feni,2003,12,60,B59
Feni,2004,1,0,B59
Feni,2004,2,0,B59
Feni,2004,3,0,B59
Feni,2004,4,177,B59
Feni,2004,5,185,B59
Feni,2004,6,468,B59
Feni,2004,7,499,B59
Feni,2004,8,104,B59
Feni,2004,9,708,B59
Feni,2004,10,254,B59
Feni,2004,11,0,B59
Feni,2004,12,0,B59
Feni,2005,1,11,B59
Feni,2005,2,0,B59
Feni,2005,4,188,B59
Feni,2005,5,331,B59
Feni,2005,6,292,B59
Feni,2005,7,784,B59
Feni,2005,8,615,B59
Feni,2005,9,279,B59
Feni,2005,10,346,B59
Feni,2005,11,22,B59
Feni,2005,12,0,B59
Feni,2006,1,0,B59
Feni,2006,2,0,B59
Feni,2006,3,0,B59
Feni,2006,4,52,B59
Feni,2006,5,577,B59
Feni,2006,6,390,B59
Feni,2006,7,439,B59
Feni,2006,8,188,B59
Feni,2006,9,388,B59
Feni,2006,10,52,B59
Feni,2006,11,0,B59
Feni,2006,12,0,B59
Feni,2007,1,0,B59
Feni,2007,2,73,B59
Feni,2007,3,4,B59
Feni,2007,4,128,B59
Feni,2007,5,282,B59
Feni,2007,6,509,B59
Feni,2007,7,970,B59
Feni,2007,8,402,B59
Feni,2007,9,601,B59
Feni,2007,10,499,B59
Feni,2007,11,75,B59
Feni,2007,12,0,B59
Feni,2008,1,29,B59
Feni,2008,2,16,B59
Feni,2008,3,30,B59
Feni,2008,4,16,B59
Feni,2008,5,285,B59
Feni,2008,6,505,B59
Feni,2008,7,788,B59
Feni,2008,8,687,B59
Feni,2008,9,249,B59
Feni,2008,10,269,B59
Feni,2008,11,0,B59
Feni,2008,12,0,B59
Feni,2009,1,0,B59
Feni,2009,2,1,B59
Feni,2009,3,20,B59
Feni,2009,4,36,B59
Feni,2009,5,506,B59
Feni,2009,6,371,B59
Feni,2009,7,854,B59
Feni,2009,8,682,B59
Feni,2009,9,234,B59
Feni,2009,10,226,B59
Feni,2009,11,55,B59
Feni,2009,12,0,B59
Feni,2010,1,0,B59
Feni,2010,2,36,B59
Feni,2010,3,6,B59
Feni,2010,4,62,B59
Feni,2010,5,338,B59
Feni,2010,6,728,B59
Feni,2010,7,444,B59
Feni,2010,8,348,B59
Feni,2010,9,321,B59
Feni,2010,10,383,B59
Feni,2010,11,20,B59
Feni,2010,12,23,B59
Feni,2011,1,0,B59
Feni,2011,2,10,B59
Feni,2011,3,55,B59
Feni,2011,4,58,B59
Feni,2011,5,437,B59
Feni,2011,6,599,B59
Feni,2011,7,576,B59
Feni,2011,8,832,B59
Feni,2011,9,402,B59
Feni,2011,10,225,B59
Feni,2011,11,0,B59
Feni,2011,12,0,B59
Feni,2012,1,2,B59
Feni,2012,2,0,B59
Feni,2012,3,28,B59
Feni,2012,4,388,B59
Feni,2012,5,138,B59
Feni,2012,6,723,B59
Feni,2012,7,568,B59
Feni,2012,8,390,B59
Feni,2012,9,274,B59
Feni,2012,10,356,B59
Feni,2012,11,18,B59
Feni,2012,12,0,B59
Feni,2013,1,0,B59
Feni,2013,2,3,B59
Feni,2013,3,26,B59
Feni,2013,4,17,B59
Feni,2013,5,533,B59
Feni,2013,6,493,B59
Feni,2013,7,382,B59
Feni,2013,8,468,B59
Feni,2013,9,373,B59
Feni,2013,10,193,B59
Feni,2013,11,0,B59
Feni,2013,12,0,B59
Feni,2014,1,0,B59
Feni,2014,2,14,B59
Feni,2014,3,21,B59
Feni,2014,4,5,B59
Feni,2014,5,243,B59
Feni,2014,6,701,B59
Feni,2014,7,370,B59
Feni,2014,8,603,B59
Feni,2014,9,456,B59
Feni,2014,10,97,B59
Feni,2014,11,0,B59
Feni,2014,12,0,B59
Feni,2015,1,1,B59
Feni,2015,2,0,B59
Feni,2015,3,15,B59
Feni,2015,4,118,B59
Feni,2015,5,254,B59
Feni,2015,6,374,B59
Feni,2015,7,1128,B59
Feni,2015,8,487,B59
Feni,2015,9,478,B59
Feni,2015,10,243,B59
Feni,2015,11,1,B59
Feni,2015,12,0,B59
Feni,2016,1,0,B59
Feni,2016,2,51,B59
Feni,2016,3,116,B59
Feni,2016,4,25,B59
Feni,2016,5,450,B59
Feni,2016,6,428,B59
Feni,2016,7,634,B59
Feni,2016,8,439,B59
Feni,2016,9,439,B59
Feni,2016,10,323,B59
Feni,2016,11,186,B59
Feni,2016,12,0,B59
Feni,2017,1,0,B59
Feni,2017,2,0,B59
Feni,2017,3,169,B59
Feni,2017,4,446,B59
Feni,2017,5,220,B59
Feni,2017,6,773,B59
Feni,2017,7,1032,B59
Feni,2017,8,603,B59
Feni,2017,9,643,B59
Feni,2017,10,492,B59
Feni,2017,11,4,B59
Feni,2017,12,94,B59
Feni,2018,1,0,B59
Feni,2018,2,2,B59
Feni,2018,3,16,B59
Feni,2018,4,222,B59
Feni,2018,5,418,B59
Feni,2018,6,623,B59
Feni,2018,7,572,B59
Feni,2018,8,523,B59
Feni,2018,9,196,B59
Feni,2018,10,89,B59
Feni,2018,11,0,B59
Feni,2018,12,1,B59
Feni,2019,1,0,B59
Feni,2019,2,80,B59
Feni,2019,3,34,B59
Feni,2019,4,143,B59
Feni,2019,5,199,B59
Feni,2019,6,261,B59
Feni,2019,7,802,B59
Feni,2019,8,492,B59
Feni,2019,9,324,B59
Feni,2019,10,212,B59
Feni,2019,11,52,B59
Feni,2019,12,4,B59
Feni,2020,1,67,B59
Feni,2020,2,6,B59
Feni,2020,3,18,B59
Feni,2020,4,186,B59
Feni,2020,5,414,B59
Feni,2020,6,548,B59
Feni,2020,7,746,B59
Feni,2020,8,321,B59
Feni,2020,9,375,B59
Feni,2020,10,352,B59
Feni,2020,11,72,B59
Feni,2020,12,0,B59
Feni,2021,1,0,B59
Feni,2021,2,0,B59
Feni,2021,3,0,B59
Feni,2021,4,16,B59
Feni,2021,5,74,B59
Feni,2021,6,618,B59
Feni,2021,7,721,B59
Feni,2021,8,382,B59
Feni,2021,9,296,B59
Feni,2021,10,192,B59
Feni,2021,11,19,B59
Feni,2021,12,89,B59
Feni,2023,1,0,B59
Feni,2023,2,0,B59
Feni,2023,3,131,B59
Feni,2023,4,40,B59
Feni,2023,5,142,B59
Feni,2023,6,488,B59
Feni,2023,7,220,B59
Feni,2023,8,698,B59
Feni,2023,9,246,B59
Feni,2023,10,116,B59
Feni,2023,11,125,B59
Feni,2023,12,2,B59
Feni,2022,1,8,B59
Feni,2022,2,13,B59
Feni,2022,3,3,B59
Feni,2022,4,30,B59
Feni,2022,5,379,B59
Feni,2022,6,483,B59
Feni,2022,7,315,B59
Feni,2022,8,403,B59
Feni,2022,9,644,B59
Feni,2022,10,202,B59
Feni,2022,11,0,B59
Feni,2022,12,0,B59
Gazipur,2000,1,11.8,B59
Gazipur,2000,2,18.2,B59
Gazipur,2000,3,60.9,B59
Gazipur,2000,4,197.8,B59
Gazipur,2000,5,349.1,B59
Gazipur,2000,6,206.6,B59
Gazipur,2000,7,167,B59
Gazipur,2000,8,449.2,B59
Gazipur,2000,9,218.4,B59
Gazipur,2000,10,340.6,B59
Gazipur,2000,11,0.4,B59
Gazipur,2000,12,0,B59
Gazipur,2001,1,0,B59
Gazipur,2001,2,3.8,B59
Gazipur,2001,3,8.2,B59
Gazipur,2001,4,98.8,B59
Gazipur,2001,5,413,B59
Gazipur,2001,6,263,B59
Gazipur,2001,7,185.4,B59
Gazipur,2001,8,265.6,B59
Gazipur,2001,9,288.2,B59
Gazipur,2001,10,281.6,B59
Gazipur,2001,11,14.6,B59
Gazipur,2001,12,0,B59
Gazipur,2002,1,22.4,B59
Gazipur,2002,2,1,B59
Gazipur,2002,3,77,B59
Gazipur,2002,4,188,B59
Gazipur,2002,5,330.3,B59
Gazipur,2002,6,480.6,B59
Gazipur,2002,7,458.6,B59
Gazipur,2002,8,452.4,B59
Gazipur,2002,9,124.8,B59
Gazipur,2002,10,51.2,B59
Gazipur,2002,11,201.2,B59
Gazipur,2002,12,0,B59
Gazipur,2003,1,0,B59
Gazipur,2003,2,6.4,B59
Gazipur,2003,3,119,B59
Gazipur,2003,4,149.6,B59
Gazipur,2003,5,255.2,B59
Gazipur,2003,6,664.2,B59
Gazipur,2003,7,237.8,B59
Gazipur,2003,8,264,B59
Gazipur,2003,9,187.8,B59
Gazipur,2003,10,294.8,B59
Gazipur,2003,11,0,B59
Gazipur,2003,12,13.2,B59
Gazipur,2004,1,8,B59
Gazipur,2004,2,0,B59
Gazipur,2004,3,7.4,B59
Gazipur,2004,4,138,B59
Gazipur,2004,5,149.2,B59
Gazipur,2004,6,509.4,B59
Gazipur,2004,7,340.4,B59
Gazipur,2004,8,147,B59
Gazipur,2004,9,709.4,B59
Gazipur,2004,10,173.8,B59
Gazipur,2004,11,0,B59
Gazipur,2004,12,0,B59
Gazipur,2005,1,8.8,B59
Gazipur,2005,2,1,B59
Gazipur,2005,3,175.2,B59
Gazipur,2005,4,84.4,B59
Gazipur,2005,5,208,B59
Gazipur,2005,6,121.6,B59
Gazipur,2005,7,444.6,B59
Gazipur,2005,8,526.4,B59
Gazipur,2005,9,506,B59
Gazipur,2005,10,341.6,B59
Gazipur,2005,11,5.2,B59
Gazipur,2005,12,0,B59
Gazipur,2006,1,0,B59
Gazipur,2006,2,0,B59
Gazipur,2006,3,0,B59
Gazipur,2006,4,95.2,B59
Gazipur,2006,5,465,B59
Gazipur,2006,6,323.2,B59
Gazipur,2006,7,200.5,B59
Gazipur,2006,8,188.3,B59
Gazipur,2006,9,572.4,B59
Gazipur,2006,10,33.6,B59
Gazipur,2006,11,0,B59
Gazipur,2006,12,0,B59
Gazipur,2007,1,0,B59
Gazipur,2007,2,76.6,B59
Gazipur,2007,3,14.8,B59
Gazipur,2007,4,89.2,B59
Gazipur,2007,5,191.6,B59
Gazipur,2007,6,726.2,B59
Gazipur,2007,7,687.8,B59
Gazipur,2007,8,299,B59
Gazipur,2007,9,145.8,B59
Gazipur,2007,10,393.4,B59
Gazipur,2007,11,63,B59
Gazipur,2007,12,0,B59
Gazipur,2008,1,51.4,B59
Gazipur,2008,2,67.8,B59
Gazipur,2008,3,20,B59
Gazipur,2008,4,19.8,B59
Gazipur,2008,5,312.4,B59
Gazipur,2008,6,391.4,B59
Gazipur,2008,7,440.2,B59
Gazipur,2008,8,518.8,B59
Gazipur,2008,9,202.8,B59
Gazipur,2008,10,245.6,B59
Gazipur,2008,11,0,B59
Gazipur,2008,12,0,B59
Gazipur,2009,1,0,B59
Gazipur,2009,2,0,B59
Gazipur,2009,3,20.8,B59
Gazipur,2009,4,85.2,B59
Gazipur,2009,5,224.6,B59
Gazipur,2009,6,227.8,B59
Gazipur,2009,7,304.6,B59
Gazipur,2009,8,507,B59
Gazipur,2009,9,160.3,B59
Gazipur,2009,10,136.8,B59
Gazipur,2009,11,13.6,B59
Gazipur,2009,12,0,B59
Gazipur,2010,1,0,B59
Gazipur,2010,2,14.4,B59
Gazipur,2010,3,17.3,B59
Gazipur,2010,4,47.8,B59
Gazipur,2010,5,301,B59
Gazipur,2010,6,413.4,B59
Gazipur,2010,7,285.6,B59
Gazipur,2010,8,167,B59
Gazipur,2010,9,167.8,B59
Gazipur,2010,10,166.6,B59
Gazipur,2010,11,1,B59
Gazipur,2010,12,51.6,B59
Gazipur,2011,1,0,B59
Gazipur,2011,2,0,B59
Gazipur,2011,3,72.8,B59
Gazipur,2011,4,174.4,B59
Gazipur,2011,5,227.6,B59
Gazipur,2011,6,326.2,B59
Gazipur,2011,7,284.6,B59
Gazipur,2011,8,540.6,B59
Gazipur,2011,9,174.4,B59
Gazipur,2011,10,18.6,B59
Gazipur,2011,11,3,B59
Gazipur,2011,12,0,B59
Gazipur,2012,1,10,B59
Gazipur,2012,2,0,B59
Gazipur,2012,3,4,B59
Gazipur,2012,4,194.8,B59
Gazipur,2012,5,121.8,B59
Gazipur,2012,6,190.6,B59
Gazipur,2012,7,348.4,B59
Gazipur,2012,8,245.4,B59
Gazipur,2012,9,154.2,B59
Gazipur,2012,10,21.8,B59
Gazipur,2012,11,69.2,B59
Gazipur,2012,12,3.8,B59
Gazipur,2013,1,0,B59
Gazipur,2013,2,8.6,B59
Gazipur,2013,3,12.2,B59
Gazipur,2013,4,58.6,B59
Gazipur,2013,5,395,B59
Gazipur,2013,6,325.6,B59
Gazipur,2013,7,169,B59
Gazipur,2013,8,230.8,B59
Gazipur,2013,9,234.2,B59
Gazipur,2013,10,170.6,B59
Gazipur,2013,11,0,B59
Gazipur,2013,12,0,B59
Gazipur,2014,1,0,B59
Gazipur,2014,2,42.8,B59
Gazipur,2014,3,12.6,B59
Gazipur,2014,4,68.2,B59
Gazipur,2014,5,179.4,B59
Gazipur,2014,6,277.6,B59
Gazipur,2014,7,198,B59
Gazipur,2014,8,505.2,B59
Gazipur,2014,9,671,B59
Gazipur,2014,10,410.8,B59
Gazipur,2014,11,0.4,B59
Gazipur,2014,12,0,B59
Gazipur,2015,1,12,B59
Gazipur,2015,2,3.6,B59
Gazipur,2015,3,57,B59
Gazipur,2015,4,310.3,B59
Gazipur,2015,5,197.7,B59
Gazipur,2015,6,643.8,B59
Gazipur,2015,7,594.4,B59
Gazipur,2015,8,277.4,B59
Gazipur,2015,9,206.3,B59
Gazipur,2015,10,33.4,B59
Gazipur,2015,11,0,B59
Gazipur,2015,12,0,B59
Gazipur,2016,1,7.2,B59
Gazipur,2016,2,0,B59
Gazipur,2016,3,148.2,B59
Gazipur,2016,4,64,B59
Gazipur,2016,5,381.2,B59
Gazipur,2016,6,139.6,B59
Gazipur,2016,7,370.6,B59
Gazipur,2016,8,129.4,B59
Gazipur,2016,9,362.6,B59
Gazipur,2016,10,103.8,B59
Gazipur,2016,11,11.2,B59
Gazipur,2016,12,0,B59
Gazipur,2017,1,0,B59
Gazipur,2017,2,0,B59
Gazipur,2017,3,59.8,B59
Gazipur,2017,4,231.4,B59
Gazipur,2017,5,183.8,B59
Gazipur,2017,6,411.2,B59
Gazipur,2017,7,427.8,B59
Gazipur,2017,8,466,B59
Gazipur,2017,9,318.4,B59
Gazipur,2017,10,339.8,B59
Gazipur,2017,11,7.4,B59
Gazipur,2017,12,42.6,B59
Gazipur,2018,1,0,B59
Gazipur,2018,2,20.2,B59
Gazipur,2018,3,28.7,B59
Gazipur,2018,4,328,B59
Gazipur,2018,5,426.6,B59
Gazipur,2018,6,311.6,B59
Gazipur,2018,7,361,B59
Gazipur,2018,8,162.8,B59
Gazipur,2018,9,139.8,B59
Gazipur,2018,10,67.4,B59
Gazipur,2018,11,42,B59
Gazipur,2018,12,9.2,B59
Gazipur,2019,1,0,B59
Gazipur,2019,2,93.4,B59
Gazipur,2019,3,126,B59
Gazipur,2019,4,112,B59
Gazipur,2019,5,233.6,B59
Gazipur,2019,6,185,B59
Gazipur,2019,7,360.2,B59
Gazipur,2019,8,169.8,B59
Gazipur,2019,9,210.2,B59
Gazipur,2019,10,231.6,B59
Gazipur,2019,11,22,B59
Gazipur,2019,12,3.6,B59
Gazipur,2020,1,28.2,B59
Gazipur,2020,2,0.8,B59
Gazipur,2020,3,16.6,B59
Gazipur,2020,4,132.2,B59
Gazipur,2020,5,284.6,B59
Gazipur,2020,6,182.2,B59
Gazipur,2020,7,328.6,B59
Gazipur,2020,8,206,B59
Gazipur,2020,9,221.4,B59
Gazipur,2020,10,169.3,B59
Gazipur,2020,11,24,B59
Gazipur,2020,12,0,B59
Gazipur,2021,1,0,B59
Gazipur,2021,2,0,B59
Gazipur,2021,3,2,B59
Gazipur,2021,4,56.4,B59
Gazipur,2021,5,304.6,B59
Gazipur,2021,6,392.4,B59
Gazipur,2021,7,356.6,B59
Gazipur,2021,8,441.4,B59
Gazipur,2021,9,102.8,B59
Gazipur,2021,10,96.8,B59
Gazipur,2021,11,10.6,B59
Gazipur,2021,12,38.8,B59
Gazipur,2022,1,3.6,B59
Gazipur,2022,2,35.6,B59
Gazipur,2022,3,24.2,B59
Gazipur,2022,4,58.4,B59
Gazipur,2022,5,300.2,B59
Gazipur,2022,6,311.48,B59
Gazipur,2022,7,176,B59
Gopalgonj,2020,12,0,B59
Gopalgonj,2021,1,0,B59
Gopalgonj,2021,2,0,B59
Gopalgonj,2021,3,0,B59
Gopalgonj,2021,4,3,B59
Gopalgonj,2021,5,96,B59
Gopalgonj,2021,6,485,B59
Gopalgonj,2021,7,271,B59
Gopalgonj,2021,8,233,B59
Gopalgonj,2021,9,316,B59
Gopalgonj,2021,10,168,B59
Gopalgonj,2021,11,12,B59
Gopalgonj,2021,12,74,B59
Gopalgonj,2023,1,0,B59
Gopalgonj,2023,2,0,B59
Gopalgonj,2023,3,117,B59
Gopalgonj,2023,4,9,B59
Gopalgonj,2023,5,138,B59
Gopalgonj,2023,6,293,B59
Gopalgonj,2023,7,223,B59
Gopalgonj,2023,8,309,B59
Gopalgonj,2023,9,202,B59
Gopalgonj,2023,10,68,B59
Gopalgonj,2023,11,64,B59
Gopalgonj,2023,12,46,B59
Hatiya,1966,1,0,B59
Hatiya,1966,2,0,B59
Hatiya,1966,3,20,B59
Hatiya,1966,4,13,B59
Hatiya,1966,5,86,B59
Hatiya,1966,6,592,B59
Hatiya,1966,7,404,B59
Hatiya,1966,8,830,B59
Hatiya,1966,9,474,B59
Hatiya,1966,10,302,B59
Hatiya,1966,11,4,B59
Hatiya,1966,12,78,B59
Hatiya,1967,1,3,B59
Hatiya,1967,2,0,B59
Hatiya,1967,3,72,B59
Hatiya,1967,4,95,B59
Hatiya,1967,5,145,B59
Hatiya,1967,6,374,B59
Hatiya,1967,7,625,B59
Hatiya,1967,8,680,B59
Hatiya,1967,9,716,B59
Hatiya,1967,10,0,B59
Hatiya,1967,11,0,B59
Hatiya,1967,12,0,B59
Hatiya,1968,1,0,B59
Hatiya,1968,2,5,B59
Hatiya,1968,3,87,B59
Hatiya,1968,4,106,B59
Hatiya,1968,5,179,B59
Hatiya,1968,6,905,B59
Hatiya,1968,7,901,B59
Hatiya,1968,8,350,B59
Hatiya,1968,9,250,B59
Hatiya,1968,10,98,B59
Hatiya,1968,11,16,B59
Hatiya,1968,12,0,B59
Hatiya,1969,1,0,B59
Hatiya,1969,2,0,B59
Hatiya,1969,3,82,B59
Hatiya,1969,4,163,B59
Hatiya,1969,5,129,B59
Hatiya,1969,6,460,B59
Hatiya,1969,7,741,B59
Hatiya,1969,8,838,B59
Hatiya,1969,9,544,B59
Hatiya,1969,10,102,B59
Hatiya,1969,11,0,B59
Hatiya,1969,12,0,B59
Hatiya,1970,2,64,B59
Hatiya,1970,3,6,B59
Hatiya,1970,4,44,B59
Hatiya,1970,5,131,B59
Hatiya,1970,6,468,B59
Hatiya,1970,7,584,B59
Hatiya,1970,8,512,B59
Hatiya,1970,9,521,B59
Hatiya,1970,10,389,B59
Hatiya,1971,6,436,B59
Hatiya,1971,7,790,B59
Hatiya,1971,8,989,B59
Hatiya,1971,9,430,B59
Hatiya,1973,5,384,B59
Hatiya,1973,6,335,B59
Hatiya,1973,7,251,B59
Hatiya,1973,8,366,B59
Hatiya,1973,9,385,B59
Hatiya,1973,10,135,B59
Hatiya,1973,11,319,B59
Hatiya,1973,12,54,B59
Hatiya,1974,1,3,B59
Hatiya,1974,2,0,B59
Hatiya,1974,3,256,B59
Hatiya,1974,4,48,B59
Hatiya,1974,5,264,B59
Hatiya,1974,6,434,B59
Hatiya,1974,7,793,B59
Hatiya,1974,8,399,B59
Hatiya,1974,9,613,B59
Hatiya,1974,10,118,B59
Hatiya,1974,11,89,B59
Hatiya,1974,12,0,B59
Hatiya,1975,1,0,B59
Hatiya,1975,2,3,B59
Hatiya,1975,3,0,B59
Hatiya,1975,4,0,B59
Hatiya,1975,5,370,B59
Hatiya,1975,6,363,B59
Hatiya,1975,7,1235,B59
Hatiya,1975,8,449,B59
Hatiya,1975,9,289,B59
Hatiya,1975,10,513,B59
Hatiya,1975,11,249,B59
Hatiya,1975,12,0,B59
Hatiya,1976,1,0,B59
Hatiya,1976,2,26,B59
Hatiya,1976,3,32,B59
Hatiya,1976,4,215,B59
Hatiya,1976,5,303,B59
Hatiya,1976,6,732,B59
Hatiya,1976,7,806,B59
Hatiya,1976,8,865,B59
Hatiya,1976,9,391,B59
Hatiya,1976,10,213,B59
Hatiya,1976,11,54,B59
Hatiya,1976,12,0,B59
Hatiya,1977,1,22,B59
Hatiya,1977,2,61,B59
Hatiya,1977,3,0,B59
Hatiya,1977,4,513,B59
Hatiya,1977,5,496,B59
Hatiya,1977,6,737,B59
Hatiya,1977,7,646,B59
Hatiya,1977,8,410,B59
Hatiya,1977,9,342,B59
Hatiya,1977,10,129,B59
Hatiya,1977,11,38,B59
Hatiya,1977,12,0,B59
Hatiya,1978,1,5,B59
Hatiya,1978,2,0,B59
Hatiya,1978,3,67,B59
Hatiya,1978,4,108,B59
Hatiya,1978,5,700,B59
Hatiya,1978,6,1049,B59
Hatiya,1978,7,530,B59
Hatiya,1978,8,555,B59
Hatiya,1978,9,507,B59
Hatiya,1978,10,86,B59
Hatiya,1978,11,2,B59
Hatiya,1978,12,8,B59
Hatiya,1979,1,0,B59
Hatiya,1979,2,15,B59
Hatiya,1979,3,1,B59
Hatiya,1979,4,17,B59
Hatiya,1979,5,94,B59
Hatiya,1979,6,634,B59
Hatiya,1979,7,718,B59
Hatiya,1979,8,1115,B59
Hatiya,1979,9,580,B59
Hatiya,1979,10,165,B59
Hatiya,1979,11,9,B59
Hatiya,1979,12,32,B59
Hatiya,1980,1,0,B59
Hatiya,1980,2,13,B59
Hatiya,1980,3,141,B59
Hatiya,1980,4,22,B59
Hatiya,1980,5,299,B59
Hatiya,1980,6,385,B59
Hatiya,1980,7,885,B59
Hatiya,1980,8,724,B59
Hatiya,1980,9,302,B59
Hatiya,1980,10,387,B59
Hatiya,1980,11,0,B59
Hatiya,1980,12,0,B59
Hatiya,1982,1,0,B59
Hatiya,1982,2,0,B59
Hatiya,1982,3,5,B59
Hatiya,1982,4,161,B59
Hatiya,1982,5,27,B59
Hatiya,1982,6,581,B59
Hatiya,1982,7,604,B59
Hatiya,1982,8,754,B59
Hatiya,1982,9,294,B59
Hatiya,1982,10,23,B59
Hatiya,1982,11,13,B59
Hatiya,1982,12,1,B59
Hatiya,1983,1,20,B59
Hatiya,1983,2,41,B59
Hatiya,1983,3,153,B59
Hatiya,1983,4,115,B59
Hatiya,1983,5,359,B59
Hatiya,1983,6,504,B59
Hatiya,1983,8,844,B59
Hatiya,1983,9,494,B59
Hatiya,1983,10,440,B59
Hatiya,1983,11,59,B59
Hatiya,1983,12,29,B59
Hatiya,1984,1,13,B59
Hatiya,1984,2,0,B59
Hatiya,1984,3,0,B59
Hatiya,1984,4,202,B59
Hatiya,1984,5,306,B59
Hatiya,1984,6,698,B59
Hatiya,1984,7,608,B59
Hatiya,1984,8,546,B59
Hatiya,1984,9,413,B59
Hatiya,1984,10,336,B59
Hatiya,1984,11,0,B59
Hatiya,1984,12,0,B59
Hatiya,1985,1,3,B59
Hatiya,1985,2,2,B59
Hatiya,1985,3,68,B59
Hatiya,1985,4,123,B59
Hatiya,1985,5,319,B59
Hatiya,1985,6,703,B59
Hatiya,1985,7,699,B59
Hatiya,1985,8,627,B59
Hatiya,1985,9,169,B59
Hatiya,1985,10,33,B59
Hatiya,1985,11,69,B59
Hatiya,1985,12,2,B59
Hatiya,1986,1,2,B59
Hatiya,1986,2,0,B59
Hatiya,1986,3,4,B59
Hatiya,1986,4,195,B59
Hatiya,1986,5,123,B59
Hatiya,1986,6,564,B59
Hatiya,1986,7,625,B59
Hatiya,1986,8,357,B59
Hatiya,1986,9,370,B59
Hatiya,1986,10,135,B59
Hatiya,1986,11,251,B59
Hatiya,1986,12,0,B59
Hatiya,1987,1,0,B59
Hatiya,1987,2,7,B59
Hatiya,1987,3,12,B59
Hatiya,1987,4,238,B59
Hatiya,1987,5,118,B59
Hatiya,1987,6,179,B59
Hatiya,1987,7,1119,B59
Hatiya,1987,8,699,B59
Hatiya,1987,9,402,B59
Hatiya,1987,10,49,B59
Hatiya,1987,11,37,B59
Hatiya,1987,12,9,B59
Hatiya,1988,1,0,B59
Hatiya,1988,2,17,B59
Hatiya,1988,3,67,B59
Hatiya,1988,4,98,B59
Hatiya,1988,5,474,B59
Hatiya,1988,6,850,B59
Hatiya,1988,7,747,B59
Hatiya,1988,8,582,B59
Hatiya,1988,9,502,B59
Hatiya,1988,10,156,B59
Hatiya,1988,11,68,B59
Hatiya,1988,12,0,B59
Hatiya,1989,1,0,B59
Hatiya,1989,2,0,B59
Hatiya,1989,3,20,B59
Hatiya,1989,4,179,B59
Hatiya,1989,5,111,B59
Hatiya,1989,6,500,B59
Hatiya,1989,7,617,B59
Hatiya,1989,8,234,B59
Hatiya,1989,9,329,B59
Hatiya,1989,10,438,B59
Hatiya,1989,11,0,B59
Hatiya,1989,12,0,B59
Hatiya,1990,1,0,B59
Hatiya,1990,2,69,B59
Hatiya,1990,3,198,B59
Hatiya,1990,4,209,B59
Hatiya,1990,5,323,B59
Hatiya,1990,6,466,B59
Hatiya,1990,7,281,B59
Hatiya,1990,8,0,B59
Hatiya,1990,9,0,B59
Hatiya,1990,10,0,B59
Hatiya,1990,11,88,B59
Hatiya,1990,12,78,B59
Hatiya,1991,1,7,B59
Hatiya,1991,2,3,B59
Hatiya,1991,3,6,B59
Hatiya,1991,4,230,B59
Hatiya,1991,5,367,B59
Hatiya,1991,6,781,B59
Hatiya,1991,7,581,B59
Hatiya,1991,8,519,B59
Hatiya,1991,9,444,B59
Hatiya,1991,10,373,B59
Hatiya,1991,11,23,B59
Hatiya,1991,12,28,B59
Hatiya,1992,1,0,B59
Hatiya,1992,2,130,B59
Hatiya,1992,3,0,B59
Hatiya,1992,4,0,B59
Hatiya,1992,5,232,B59
Hatiya,1992,6,351,B59
Hatiya,1992,7,776,B59
Hatiya,1992,8,501,B59
Hatiya,1992,9,560,B59
Hatiya,1992,10,191,B59
Hatiya,1992,11,0,B59
Hatiya,1992,12,22,B59
Hatiya,1993,1,2,B59
Hatiya,1993,2,29,B59
Hatiya,1993,3,275,B59
Hatiya,1993,4,64,B59
Hatiya,1993,5,0,B59
Hatiya,1993,6,0,B59
Hatiya,1993,7,0,B59
Hatiya,1993,8,0,B59
Hatiya,1993,9,29,B59
Hatiya,1993,10,85,B59
Hatiya,1993,11,11,B59
Hatiya,1993,12,0,B59
Hatiya,1994,1,0,B59
Hatiya,1994,2,10,B59
Hatiya,1994,3,49,B59
Hatiya,1994,4,105,B59
Hatiya,1994,5,152,B59
Hatiya,1994,6,644,B59
Hatiya,1994,7,555,B59
Hatiya,1994,8,379,B59
Hatiya,1999,1,0,B59
Hatiya,1999,2,2,B59
Hatiya,1999,3,0,B59
Hatiya,1999,4,11,B59
Hatiya,1999,5,322,B59
Hatiya,1999,6,771,B59
Hatiya,1999,7,949,B59
Hatiya,1999,8,736,B59
Hatiya,1999,9,515,B59
Hatiya,1999,10,305,B59
Hatiya,1999,11,1,B59
Hatiya,1999,12,34,B59
Hatiya,2000,1,40,B59
Hatiya,2000,2,6,B59
Hatiya,2000,3,11,B59
Hatiya,2000,4,105,B59
Hatiya,2000,5,686,B59
Hatiya,2000,6,715,B59
Hatiya,2000,7,694,B59
Hatiya,2000,8,415,B59
Hatiya,2000,9,422,B59
Hatiya,2000,10,369,B59
Hatiya,2000,11,15,B59
Hatiya,2000,12,0,B59
Hatiya,2001,1,0,B59
Hatiya,2001,2,2,B59
Hatiya,2001,3,0,B59
Hatiya,2001,4,17,B59
Hatiya,2001,5,485,B59
Hatiya,2001,6,1213,B59
Hatiya,2001,7,789,B59
Hatiya,2001,8,689,B59
Hatiya,2001,9,597,B59
Hatiya,2001,10,434,B59
Hatiya,2001,11,205,B59
Hatiya,2001,12,0,B59
Hatiya,2002,1,3,B59
Hatiya,2002,2,0,B59
Hatiya,2002,3,31,B59
Hatiya,2002,4,84,B59
Hatiya,2002,5,437,B59
Hatiya,2002,6,690,B59
Hatiya,2002,7,1019,B59
Hatiya,2002,8,562,B59
Hatiya,2002,9,297,B59
Hatiya,2002,10,118,B59
Hatiya,2002,11,143,B59
Hatiya,2002,12,0,B59
Hatiya,2003,1,0,B59
Hatiya,2003,2,0,B59
Hatiya,2003,3,35,B59
Hatiya,2003,4,127,B59
Hatiya,2003,5,148,B59
Hatiya,2003,6,1225,B59
Hatiya,2003,7,752,B59
Hatiya,2003,8,583,B59
Hatiya,2003,9,395,B59
Hatiya,2003,10,306,B59
Hatiya,2003,11,0,B59
Hatiya,2003,12,93,B59
Hatiya,2004,1,0,B59
Hatiya,2004,2,0,B59
Hatiya,2004,3,7,B59
Hatiya,2004,4,207,B59
Hatiya,2004,5,150,B59
Hatiya,2004,6,828,B59
Hatiya,2004,7,839,B59
Hatiya,2004,8,515,B59
Hatiya,2004,9,1039,B59
Hatiya,2004,10,420,B59
Hatiya,2004,11,0,B59
Hatiya,2004,12,0,B59
Hatiya,2005,1,0,B59
Hatiya,2005,2,0,B59
Hatiya,2005,3,84,B59
Hatiya,2005,4,145,B59
Hatiya,2005,5,85,B59
Hatiya,2005,6,420,B59
Hatiya,2005,7,872,B59
Hatiya,2005,8,1311,B59
Hatiya,2005,9,275,B59
Hatiya,2005,10,608,B59
Hatiya,2005,11,5,B59
Hatiya,2005,12,9,B59
Hatiya,2006,1,0,B59
Hatiya,2006,2,0,B59
Hatiya,2006,3,1,B59
Hatiya,2006,4,57,B59
Hatiya,2006,5,645,B59
Hatiya,2006,6,466,B59
Hatiya,2006,7,603,B59
Hatiya,2006,8,319,B59
Hatiya,2006,9,698,B59
Hatiya,2006,10,136,B59
Hatiya,2006,11,16,B59
Hatiya,2006,12,0,B59
Hatiya,2007,1,1,B59
Hatiya,2007,2,139,B59
Hatiya,2007,3,23,B59
Hatiya,2007,4,108,B59
Hatiya,2007,5,257,B59
Hatiya,2007,6,630,B59
Hatiya,2007,7,968,B59
Hatiya,2007,8,494,B59
Hatiya,2007,9,731,B59
Hatiya,2007,10,413,B59
Hatiya,2007,11,191,B59
Hatiya,2007,12,0,B59
Hatiya,2008,1,41,B59
Hatiya,2008,2,23,B59
Hatiya,2008,3,35,B59
Hatiya,2008,4,21,B59
Hatiya,2008,5,204,B59
Hatiya,2008,6,696,B59
Hatiya,2008,7,1235,B59
Hatiya,2008,8,512,B59
Hatiya,2008,9,386,B59
Hatiya,2008,10,377,B59
Hatiya,2008,11,1,B59
Hatiya,2008,12,0,B59
Hatiya,2009,1,0,B59
Hatiya,2009,2,1,B59
Hatiya,2009,3,7,B59
Hatiya,2009,4,103,B59
Hatiya,2009,5,267,B59
Hatiya,2009,6,226,B59
Hatiya,2009,7,856,B59
Hatiya,2009,8,888,B59
Hatiya,2009,9,386,B59
Hatiya,2009,10,319,B59
Hatiya,2009,11,27,B59
Hatiya,2009,12,0,B59
Hatiya,2010,1,0,B59
Hatiya,2010,2,1,B59
Hatiya,2010,3,5,B59
Hatiya,2010,4,18,B59
Hatiya,2010,5,370,B59
Hatiya,2010,6,911,B59
Hatiya,2010,7,776,B59
Hatiya,2010,8,371,B59
Hatiya,2010,9,431,B59
Hatiya,2010,10,482,B59
Hatiya,2010,11,0,B59
Hatiya,2010,12,3,B59
Hatiya,2011,1,0,B59
Hatiya,2011,2,0,B59
Hatiya,2011,3,67,B59
Hatiya,2011,4,61,B59
Hatiya,2011,5,529,B59
Hatiya,2011,6,635,B59
Hatiya,2011,7,715,B59
Hatiya,2011,8,1018,B59
Hatiya,2011,9,659,B59
Hatiya,2011,10,158,B59
Hatiya,2011,11,0,B59
Hatiya,2011,12,0,B59
Hatiya,2012,1,0,B59
Hatiya,2012,2,0,B59
Hatiya,2012,3,8,B59
Hatiya,2012,4,267,B59
Hatiya,2012,5,317,B59
Hatiya,2012,6,538,B59
Hatiya,2012,7,738,B59
Hatiya,2012,8,501,B59
Hatiya,2012,9,377,B59
Hatiya,2012,10,244,B59
Hatiya,2012,11,13,B59
Hatiya,2012,12,2,B59
Hatiya,2013,1,0,B59
Hatiya,2013,2,4,B59
Hatiya,2013,3,0,B59
Hatiya,2013,4,50,B59
Hatiya,2013,5,842,B59
Hatiya,2013,6,592,B59
Hatiya,2013,7,544,B59
Hatiya,2013,8,677,B59
Hatiya,2013,9,435,B59
Hatiya,2013,10,292,B59
Hatiya,2013,11,0,B59
Hatiya,2013,12,0,B59
Hatiya,2014,1,0,B59
Hatiya,2014,2,27,B59
Hatiya,2014,3,14,B59
Hatiya,2014,4,2,B59
Hatiya,2014,5,158,B59
Hatiya,2014,6,916,B59
Hatiya,2014,7,702,B59
Hatiya,2014,8,603,B59
Hatiya,2014,9,435,B59
Hatiya,2014,10,269,B59
Hatiya,2014,11,2,B59
Hatiya,2014,12,0,B59
Hatiya,2015,1,14,B59
Hatiya,2015,2,7,B59
Hatiya,2015,3,65,B59
Hatiya,2015,4,243,B59
Hatiya,2015,5,107,B59
Hatiya,2015,6,900,B59
Hatiya,2015,7,1281,B59
Hatiya,2015,8,471,B59
Hatiya,2015,9,619,B59
Hatiya,2015,10,585,B59
Hatiya,2015,11,52,B59
Hatiya,2015,12,16,B59
Hatiya,2016,1,4,B59
Hatiya,2016,2,34,B59
Hatiya,2016,3,50,B59
Hatiya,2016,4,40,B59
Hatiya,2016,5,314,B59
Hatiya,2016,6,430,B59
Hatiya,2016,7,984,B59
Hatiya,2016,8,637,B59
Hatiya,2016,9,348,B59
Hatiya,2016,10,589,B59
Hatiya,2016,11,238,B59
Hatiya,2016,12,0,B59
Hatiya,2017,1,0,B59
Hatiya,2017,2,0,B59
Hatiya,2017,3,136,B59
Hatiya,2017,4,379,B59
Hatiya,2017,5,192,B59
Hatiya,2017,6,553,B59
Hatiya,2017,7,1170,B59
Hatiya,2017,8,691,B59
Hatiya,2017,9,650,B59
Hatiya,2017,10,420,B59
Hatiya,2017,11,3,B59
Hatiya,2017,12,41,B59
Hatiya,2018,1,0,B59
Hatiya,2018,2,0,B59
Hatiya,2018,3,1,B59
Hatiya,2018,4,73,B59
Hatiya,2018,5,394,B59
Hatiya,2018,6,616,B59
Hatiya,2018,7,736,B59
Hatiya,2018,8,291,B59
Hatiya,2018,9,226,B59
Hatiya,2018,10,309,B59
Hatiya,2018,11,7,B59
Hatiya,2018,12,5,B59
Hatiya,2019,1,0,B59
Hatiya,2019,2,48,B59
Hatiya,2019,3,31,B59
Hatiya,2019,4,39,B59
Hatiya,2019,5,162,B59
Hatiya,2019,6,344,B59
Hatiya,2019,7,1000,B59
Hatiya,2019,8,509,B59
Hatiya,2019,9,297,B59
Hatiya,2019,10,209,B59
Hatiya,2019,11,175,B59
Hatiya,2019,12,8,B59
Hatiya,2020,1,47,B59
Hatiya,2020,2,6,B59
Hatiya,2020,3,8,B59
Hatiya,2020,4,245,B59
Hatiya,2020,5,312,B59
Hatiya,2020,6,664,B59
Hatiya,2020,7,546,B59
Hatiya,2020,8,758,B59
Hatiya,2020,9,584,B59
Hatiya,2020,10,408,B59
Hatiya,2020,11,85,B59
Hatiya,2020,12,0,B59
Hatiya,2021,1,0,B59
Hatiya,2021,2,0,B59
Hatiya,2021,3,0,B59
Hatiya,2021,4,2,B59
Hatiya,2021,5,149,B59
Hatiya,2021,6,1174,B59
Hatiya,2021,7,725,B59
Hatiya,2021,8,749,B59
Hatiya,2021,9,321,B59
Hatiya,2021,10,104,B59
Hatiya,2021,11,0,B59
Hatiya,2021,12,67,B59
Hatiya,2023,1,0,B59
Hatiya,2023,2,0,B59
Hatiya,2023,3,68,B59
Hatiya,2023,4,0,B59
Hatiya,2023,5,242,B59
Hatiya,2023,6,564,B59
Hatiya,2023,7,478,B59
Hatiya,2023,8,757,B59
Hatiya,2023,9,496,B59
Hatiya,2023,10,298,B59
Hatiya,2023,11,133,B59
Hatiya,2023,12,6,B59
Hatiya,2022,1,5,B59
Hatiya,2022,2,13,B59
Hatiya,2022,3,0,B59
Hatiya,2022,4,69,B59
Hatiya,2022,5,291,B59
Hatiya,2022,6,558,B59
Hatiya,2022,7,303,B59
Hatiya,2022,8,449,B59
Hatiya,2022,9,167,B59
Hatiya,2022,10,342,B59
Hatiya,2022,11,5,B59
Hatiya,2022,12,8,B59
Hijla,2023,7,116,B59
Hijla,2023,8,284,B59
Hijla,2023,9,203,B59
Hijla,2023,10,138,B59
Hijla,2023,11,2,B59
Hijla,2023,12,10,B59
Ishurdi,1961,3,0,B59
Ishurdi,1961,4,22,B59
Ishurdi,1961,5,160,B59
Ishurdi,1961,6,315,B59
Ishurdi,1961,7,155,B59
Ishurdi,1961,8,350,B59
Ishurdi,1961,9,136,B59
Ishurdi,1961,10,143,B59
Ishurdi,1961,11,14,B59
Ishurdi,1961,12,0,B59
Ishurdi,1962,1,19,B59
Ishurdi,1962,2,0,B59
Ishurdi,1962,3,0,B59
Ishurdi,1962,4,94,B59
Ishurdi,1962,5,208,B59
Ishurdi,1962,6,251,B59
Ishurdi,1962,7,249,B59
Ishurdi,1962,8,89,B59
Ishurdi,1962,9,180,B59
Ishurdi,1962,10,81,B59
Ishurdi,1962,11,0,B59
Ishurdi,1962,12,1,B59
Ishurdi,1963,1,1,B59
Ishurdi,1963,2,2,B59
Ishurdi,1963,3,14,B59
Ishurdi,1963,4,143,B59
Ishurdi,1963,5,182,B59
Ishurdi,1963,6,391,B59
Ishurdi,1963,7,227,B59
Ishurdi,1963,8,224,B59
Ishurdi,1963,9,210,B59
Ishurdi,1963,10,96,B59
Ishurdi,1963,11,21,B59
Ishurdi,1963,12,0,B59
Ishurdi,1964,1,1,B59
Ishurdi,1964,2,9,B59
Ishurdi,1964,3,0,B59
Ishurdi,1964,4,74,B59
Ishurdi,1964,5,222,B59
Ishurdi,1964,6,557,B59
Ishurdi,1964,7,503,B59
Ishurdi,1964,8,130,B59
Ishurdi,1964,9,83,B59
Ishurdi,1964,10,425,B59
Ishurdi,1964,11,1,B59
Ishurdi,1964,12,0,B59
Ishurdi,1965,1,0,B59
Ishurdi,1965,2,17,B59
Ishurdi,1965,3,45,B59
Ishurdi,1965,4,57,B59
Ishurdi,1965,5,68,B59
Ishurdi,1965,6,228,B59
Ishurdi,1965,7,454,B59
Ishurdi,1965,8,268,B59
Ishurdi,1965,9,363,B59
Ishurdi,1965,10,32,B59
Ishurdi,1965,11,0,B59
Ishurdi,1965,12,4,B59
Ishurdi,1966,1,0,B59
Ishurdi,1966,2,0,B59
Ishurdi,1966,3,0,B59
Ishurdi,1966,4,124,B59
Ishurdi,1966,5,3,B59
Ishurdi,1966,6,206,B59
Ishurdi,1966,7,255,B59
Ishurdi,1966,8,215,B59
Ishurdi,1966,9,126,B59
Ishurdi,1966,10,97,B59
Ishurdi,1966,11,18,B59
Ishurdi,1966,12,2,B59
Ishurdi,1970,1,73,B59
Ishurdi,1970,2,25,B59
Ishurdi,1970,3,30,B59
Ishurdi,1970,4,1,B59
Ishurdi,1970,5,116,B59
Ishurdi,1970,6,236,B59
Ishurdi,1970,7,168,B59
Ishurdi,1970,8,378,B59
Ishurdi,1970,9,340,B59
Ishurdi,1970,10,364,B59
Ishurdi,1970,11,0,B59
Ishurdi,1970,12,0,B59
Ishurdi,1971,1,0,B59
Ishurdi,1971,7,0,B59
Ishurdi,1971,8,525,B59
Ishurdi,1972,2,0,B59
Ishurdi,1972,3,0,B59
Ishurdi,1972,4,27,B59
Ishurdi,1972,5,130,B59
Ishurdi,1972,6,159,B59
Ishurdi,1972,7,217,B59
Ishurdi,1972,8,228,B59
Ishurdi,1972,9,138,B59
Ishurdi,1972,10,45,B59
Ishurdi,1972,11,0,B59
Ishurdi,1972,12,0,B59
Ishurdi,1973,1,25,B59
Ishurdi,1973,2,42,B59
Ishurdi,1973,3,27,B59
Ishurdi,1973,4,100,B59
Ishurdi,1973,5,470,B59
Ishurdi,1973,6,531,B59
Ishurdi,1973,7,186,B59
Ishurdi,1973,8,276,B59
Ishurdi,1973,9,563,B59
Ishurdi,1973,10,181,B59
Ishurdi,1973,11,27,B59
Ishurdi,1973,12,58,B59
Ishurdi,1974,1,0,B59
Ishurdi,1974,2,0,B59
Ishurdi,1974,3,84,B59
Ishurdi,1974,4,156,B59
Ishurdi,1974,5,71,B59
Ishurdi,1974,6,191,B59
Ishurdi,1974,7,492,B59
Ishurdi,1974,8,276,B59
Ishurdi,1974,9,210,B59
Ishurdi,1974,10,99,B59
Ishurdi,1974,11,8,B59
Ishurdi,1974,12,0,B59
Ishurdi,1975,1,4,B59
Ishurdi,1975,2,0,B59
Ishurdi,1975,3,11,B59
Ishurdi,1975,4,178,B59
Ishurdi,1975,5,138,B59
Ishurdi,1975,6,200,B59
Ishurdi,1975,7,624,B59
Ishurdi,1975,8,225,B59
Ishurdi,1975,9,177,B59
Ishurdi,1975,10,178,B59
Ishurdi,1975,11,60,B59
Ishurdi,1975,12,0,B59
Ishurdi,1976,1,0,B59
Ishurdi,1976,2,17,B59
Ishurdi,1976,3,8,B59
Ishurdi,1976,4,23,B59
Ishurdi,1976,5,352,B59
Ishurdi,1976,6,496,B59
Ishurdi,1976,7,790,B59
Ishurdi,1976,8,499,B59
Ishurdi,1976,9,332,B59
Ishurdi,1976,10,89,B59
Ishurdi,1976,11,3,B59
Ishurdi,1976,12,0,B59
Ishurdi,1977,1,0,B59
Ishurdi,1977,2,0,B59
Ishurdi,1977,3,0,B59
Ishurdi,1977,4,272,B59
Ishurdi,1977,5,257,B59
Ishurdi,1977,6,1167,B59
Ishurdi,1977,7,518,B59
Ishurdi,1977,8,228,B59
Ishurdi,1977,9,75,B59
Ishurdi,1977,10,157,B59
Ishurdi,1977,11,1,B59
Ishurdi,1977,12,67,B59
Ishurdi,1978,1,0,B59
Ishurdi,1978,2,0,B59
Ishurdi,1978,3,34,B59
Ishurdi,1978,4,158,B59
Ishurdi,1978,5,266,B59
Ishurdi,1978,6,282,B59
Ishurdi,1978,7,104,B59
Ishurdi,1978,9,246,B59
Ishurdi,1978,10,44,B59
Ishurdi,1978,11,0,B59
Ishurdi,1978,12,0,B59
Ishurdi,1979,1,24,B59
Ishurdi,1979,2,25,B59
Ishurdi,1979,3,5,B59
Ishurdi,1979,4,18,B59
Ishurdi,1979,5,4,B59
Ishurdi,1979,6,373,B59
Ishurdi,1979,7,432,B59
Ishurdi,1979,8,463,B59
Ishurdi,1979,9,163,B59
Ishurdi,1979,10,6,B59
Ishurdi,1979,11,33,B59
Ishurdi,1979,12,10,B59
Ishurdi,1980,1,13,B59
Ishurdi,1980,2,6,B59
Ishurdi,1980,3,6,B59
Ishurdi,1980,4,0,B59
Ishurdi,1980,5,381,B59
Ishurdi,1980,6,269,B59
Ishurdi,1980,7,206,B59
Ishurdi,1980,8,101,B59
Ishurdi,1980,9,248,B59
Ishurdi,1980,10,210,B59
Ishurdi,1980,11,0,B59
Ishurdi,1980,12,0,B59
Ishurdi,1981,1,30,B59
Ishurdi,1981,2,81,B59
Ishurdi,1981,3,64,B59
Ishurdi,1981,4,360,B59
Ishurdi,1981,5,323,B59
Ishurdi,1981,6,223,B59
Ishurdi,1981,7,478,B59
Ishurdi,1981,8,211,B59
Ishurdi,1981,9,423,B59
Ishurdi,1981,10,0,B59
Ishurdi,1981,11,0,B59
Ishurdi,1981,12,48,B59
Ishurdi,1982,1,0,B59
Ishurdi,1982,2,8,B59
Ishurdi,1982,3,81,B59
Ishurdi,1982,4,133,B59
Ishurdi,1982,5,144,B59
Ishurdi,1982,6,227,B59
Ishurdi,1982,7,201,B59
Ishurdi,1982,8,205,B59
Ishurdi,1982,9,155,B59
Ishurdi,1982,10,31,B59
Ishurdi,1982,11,67,B59
Ishurdi,1982,12,1,B59
Ishurdi,1983,1,15,B59
Ishurdi,1983,2,45,B59
Ishurdi,1983,3,54,B59
Ishurdi,1983,4,79,B59
Ishurdi,1983,5,368,B59
Ishurdi,1983,6,153,B59
Ishurdi,1983,7,296,B59
Ishurdi,1983,8,277,B59
Ishurdi,1983,9,210,B59
Ishurdi,1983,10,157,B59
Ishurdi,1983,11,7,B59
Ishurdi,1983,12,22,B59
Ishurdi,1984,1,11,B59
Ishurdi,1984,2,0,B59
Ishurdi,1984,3,0,B59
Ishurdi,1984,4,101,B59
Ishurdi,1984,5,191,B59
Ishurdi,1984,6,450,B59
Ishurdi,1984,7,316,B59
Ishurdi,1984,8,253,B59
Ishurdi,1984,9,272,B59
Ishurdi,1984,10,104,B59
Ishurdi,1984,11,0,B59
Ishurdi,1984,12,0,B59
Ishurdi,1985,1,2,B59
Ishurdi,1985,2,0,B59
Ishurdi,1985,3,19,B59
Ishurdi,1985,4,35,B59
Ishurdi,1985,5,155,B59
Ishurdi,1985,6,212,B59
Ishurdi,1985,7,220,B59
Ishurdi,1985,8,182,B59
Ishurdi,1985,9,221,B59
Ishurdi,1985,10,132,B59
Ishurdi,1985,11,0,B59
Ishurdi,1985,12,0,B59
Ishurdi,1986,1,3,B59
Ishurdi,1986,2,10,B59
Ishurdi,1986,3,5,B59
Ishurdi,1986,4,53,B59
Ishurdi,1986,5,78,B59
Ishurdi,1986,6,138,B59
Ishurdi,1986,7,372,B59
Ishurdi,1986,8,198,B59
Ishurdi,1986,9,438,B59
Ishurdi,1986,10,165,B59
Ishurdi,1986,11,29,B59
Ishurdi,1986,12,0,B59
Ishurdi,1987,1,2,B59
Ishurdi,1987,2,0,B59
Ishurdi,1987,3,25,B59
Ishurdi,1987,4,61,B59
Ishurdi,1987,5,133,B59
Ishurdi,1987,6,84,B59
Ishurdi,1987,7,413,B59
Ishurdi,1987,8,643,B59
Ishurdi,1987,9,243,B59
Ishurdi,1987,10,19,B59
Ishurdi,1987,11,3,B59
Ishurdi,1987,12,9,B59
Ishurdi,1988,1,0,B59
Ishurdi,1988,2,32,B59
Ishurdi,1988,3,65,B59
Ishurdi,1988,4,30,B59
Ishurdi,1988,5,313,B59
Ishurdi,1988,6,313,B59
Ishurdi,1988,7,292,B59
Ishurdi,1988,8,187,B59
Ishurdi,1988,9,159,B59
Ishurdi,1988,10,82,B59
Ishurdi,1988,11,73,B59
Ishurdi,1988,12,2,B59
Ishurdi,1989,1,0,B59
Ishurdi,1989,2,41,B59
Ishurdi,1989,3,1,B59
Ishurdi,1989,4,0,B59
Ishurdi,1989,5,236,B59
Ishurdi,1989,6,65,B59
Ishurdi,1989,7,608,B59
Ishurdi,1989,8,109,B59
Ishurdi,1989,9,174,B59
Ishurdi,1989,10,85,B59
Ishurdi,1989,11,0,B59
Ishurdi,1989,12,3,B59
Ishurdi,1990,1,0,B59
Ishurdi,1990,2,70,B59
Ishurdi,1990,3,128,B59
Ishurdi,1990,4,157,B59
Ishurdi,1990,5,207,B59
Ishurdi,1990,6,277,B59
Ishurdi,1990,7,422,B59
Ishurdi,1990,8,235,B59
Ishurdi,1990,9,481,B59
Ishurdi,1990,10,88,B59
Ishurdi,1990,11,34,B59
Ishurdi,1990,12,0,B59
Ishurdi,1991,1,2,B59
Ishurdi,1991,2,9,B59
Ishurdi,1991,3,28,B59
Ishurdi,1991,4,42,B59
Ishurdi,1991,5,173,B59
Ishurdi,1991,6,360,B59
Ishurdi,1991,7,248,B59
Ishurdi,1991,8,189,B59
Ishurdi,1991,9,424,B59
Ishurdi,1991,10,141,B59
Ishurdi,1991,11,2,B59
Ishurdi,1991,12,79,B59
Ishurdi,1992,1,0,B59
Ishurdi,1992,2,40,B59
Ishurdi,1992,3,0,B59
Ishurdi,1992,4,18,B59
Ishurdi,1992,5,132,B59
Ishurdi,1992,6,73,B59
Ishurdi,1992,7,252,B59
Ishurdi,1992,8,207,B59
Ishurdi,1992,9,295,B59
Ishurdi,1992,10,38,B59
Ishurdi,1992,11,5,B59
Ishurdi,1992,12,3,B59
Ishurdi,1993,1,2,B59
Ishurdi,1993,2,6,B59
Ishurdi,1993,3,53,B59
Ishurdi,1993,4,120,B59
Ishurdi,1993,5,213,B59
Ishurdi,1993,6,299,B59
Ishurdi,1993,7,248,B59
Ishurdi,1993,8,189,B59
Ishurdi,1993,9,358,B59
Ishurdi,1993,10,102,B59
Ishurdi,1993,11,22,B59
Ishurdi,1993,12,0,B59
Ishurdi,1994,1,24,B59
Ishurdi,1994,2,45,B59
Ishurdi,1994,3,3,B59
Ishurdi,1994,4,31,B59
Ishurdi,1994,5,155,B59
Ishurdi,1994,6,336,B59
Ishurdi,1994,7,111,B59
Ishurdi,1994,8,150,B59
Ishurdi,1994,9,99,B59
Ishurdi,1994,10,80,B59
Ishurdi,1994,11,2,B59
Ishurdi,1994,12,0,B59
Ishurdi,1995,1,8,B59
Ishurdi,1995,2,24,B59
Ishurdi,1995,3,20,B59
Ishurdi,1995,4,1,B59
Ishurdi,1995,5,105,B59
Ishurdi,1995,6,215,B59
Ishurdi,1995,7,224,B59
Ishurdi,1995,8,307,B59
Ishurdi,1995,9,345,B59
Ishurdi,1995,10,8,B59
Ishurdi,1995,11,70,B59
Ishurdi,1995,12,3,B59
Ishurdi,1996,1,0,B59
Ishurdi,1996,2,25,B59
Ishurdi,1996,3,17,B59
Ishurdi,1996,4,104,B59
Ishurdi,1996,5,81,B59
Ishurdi,1996,6,295,B59
Ishurdi,1996,7,155,B59
Ishurdi,1996,8,271,B59
Ishurdi,1996,9,269,B59
Ishurdi,1996,10,183,B59
Ishurdi,1996,11,0,B59
Ishurdi,1996,12,0,B59
Ishurdi,1997,1,4,B59
Ishurdi,1997,2,43,B59
Ishurdi,1997,3,42,B59
Ishurdi,1997,4,110,B59
Ishurdi,1997,5,132,B59
Ishurdi,1997,6,199,B59
Ishurdi,1997,7,486,B59
Ishurdi,1997,8,301,B59
Ishurdi,1997,9,473,B59
Ishurdi,1997,10,53,B59
Ishurdi,1997,11,15,B59
Ishurdi,1997,12,20,B59
Ishurdi,1998,1,16,B59
Ishurdi,1998,2,12,B59
Ishurdi,1998,3,68,B59
Ishurdi,1998,4,109,B59
Ishurdi,1998,5,269,B59
Ishurdi,1998,6,101,B59
Ishurdi,1998,7,413,B59
Ishurdi,1998,8,225,B59
Ishurdi,1998,9,285,B59
Ishurdi,1998,10,96,B59
Ishurdi,1998,11,42,B59
Ishurdi,1998,12,0,B59
Ishurdi,1999,1,0,B59
Ishurdi,1999,2,0,B59
Ishurdi,1999,3,0,B59
Ishurdi,1999,4,2,B59
Ishurdi,1999,5,203,B59
Ishurdi,1999,6,386,B59
Ishurdi,1999,7,407,B59
Ishurdi,1999,8,249,B59
Ishurdi,1999,9,297,B59
Ishurdi,1999,10,205,B59
Ishurdi,1999,11,3,B59
Ishurdi,1999,12,0,B59
Ishurdi,2000,1,8,B59
Ishurdi,2000,2,61,B59
Ishurdi,2000,3,20,B59
Ishurdi,2000,4,206,B59
Ishurdi,2000,5,233,B59
Ishurdi,2000,6,212,B59
Ishurdi,2000,7,241,B59
Ishurdi,2000,8,147,B59
Ishurdi,2000,9,551,B59
Ishurdi,2000,10,129,B59
Ishurdi,2000,11,0,B59
Ishurdi,2000,12,0,B59
Ishurdi,2001,1,0,B59
Ishurdi,2001,2,0,B59
Ishurdi,2001,3,20,B59
Ishurdi,2001,4,52,B59
Ishurdi,2001,5,257,B59
Ishurdi,2001,6,409,B59
Ishurdi,2001,7,165,B59
Ishurdi,2001,8,158,B59
Ishurdi,2001,9,334,B59
Ishurdi,2001,10,74,B59
Ishurdi,2001,11,10,B59
Ishurdi,2001,12,0,B59
Ishurdi,2002,1,15,B59
Ishurdi,2002,2,2,B59
Ishurdi,2002,3,62,B59
Ishurdi,2002,4,72,B59
Ishurdi,2002,5,177,B59
Ishurdi,2002,6,296,B59
Ishurdi,2002,7,253,B59
Ishurdi,2002,8,227,B59
Ishurdi,2002,9,240,B59
Ishurdi,2002,10,75,B59
Ishurdi,2002,11,47,B59
Ishurdi,2002,12,0,B59
Ishurdi,2003,1,0,B59
Ishurdi,2003,2,24,B59
Ishurdi,2003,3,73,B59
Ishurdi,2003,4,89,B59
Ishurdi,2003,5,58,B59
Ishurdi,2003,6,353,B59
Ishurdi,2003,7,134,B59
Ishurdi,2003,8,87,B59
Ishurdi,2003,9,145,B59
Ishurdi,2003,10,134,B59
Ishurdi,2003,11,0,B59
Ishurdi,2003,12,5,B59
Ishurdi,2004,1,0,B59
Ishurdi,2004,2,0,B59
Ishurdi,2004,3,0,B59
Ishurdi,2004,4,127,B59
Ishurdi,2004,5,125,B59
Ishurdi,2004,6,292,B59
Ishurdi,2004,7,397,B59
Ishurdi,2004,8,156,B59
Ishurdi,2004,9,541,B59
Ishurdi,2004,10,151,B59
Ishurdi,2004,11,0,B59
Ishurdi,2004,12,0,B59
Ishurdi,2005,1,14,B59
Ishurdi,2005,2,3,B59
Ishurdi,2005,3,75,B59
Ishurdi,2005,4,13,B59
Ishurdi,2005,5,89,B59
Ishurdi,2005,6,199,B59
Ishurdi,2005,7,378,B59
Ishurdi,2005,8,246,B59
Ishurdi,2005,9,137,B59
Ishurdi,2005,10,664,B59
Ishurdi,2005,11,0,B59
Ishurdi,2005,12,1,B59
Ishurdi,2006,1,0,B59
Ishurdi,2006,2,0,B59
Ishurdi,2006,3,2,B59
Ishurdi,2006,4,74,B59
Ishurdi,2006,5,213,B59
Ishurdi,2006,6,199,B59
Ishurdi,2006,7,233,B59
Ishurdi,2006,8,244,B59
Ishurdi,2006,9,277,B59
Ishurdi,2006,10,4,B59
Ishurdi,2006,11,40,B59
Ishurdi,2006,12,0,B59
Ishurdi,2007,1,0,B59
Ishurdi,2007,2,35,B59
Ishurdi,2007,3,22,B59
Ishurdi,2007,4,30,B59
Ishurdi,2007,5,50,B59
Ishurdi,2007,6,269,B59
Ishurdi,2007,7,516,B59
Ishurdi,2007,8,285,B59
Ishurdi,2007,9,220,B59
Ishurdi,2007,10,131,B59
Ishurdi,2007,11,15,B59
Ishurdi,2007,12,0,B59
Ishurdi,2008,1,37,B59
Ishurdi,2008,2,2,B59
Ishurdi,2008,3,12,B59
Ishurdi,2008,4,35,B59
Ishurdi,2008,5,145,B59
Ishurdi,2008,6,206,B59
Ishurdi,2008,7,295,B59
Ishurdi,2008,8,208,B59
Ishurdi,2008,9,256,B59
Ishurdi,2008,10,108,B59
Ishurdi,2008,11,0,B59
Ishurdi,2008,12,0,B59
Ishurdi,2009,1,0,B59
Ishurdi,2009,2,4,B59
Ishurdi,2009,3,71,B59
Ishurdi,2009,4,16,B59
Ishurdi,2009,5,134,B59
Ishurdi,2009,6,73,B59
Ishurdi,2009,7,299,B59
Ishurdi,2009,8,278,B59
Ishurdi,2009,9,350,B59
Ishurdi,2009,10,67,B59
Ishurdi,2009,11,0,B59
Ishurdi,2009,12,0,B59
Ishurdi,2010,1,0,B59
Ishurdi,2010,2,4,B59
Ishurdi,2010,3,0,B59
Ishurdi,2010,4,46,B59
Ishurdi,2010,5,100,B59
Ishurdi,2010,6,163,B59
Ishurdi,2010,7,174,B59
Ishurdi,2010,8,127,B59
Ishurdi,2010,9,109,B59
Ishurdi,2010,10,105,B59
Ishurdi,2010,11,3,B59
Ishurdi,2010,12,63,B59
Ishurdi,2011,1,4,B59
Ishurdi,2011,2,1,B59
Ishurdi,2011,3,30,B59
Ishurdi,2011,4,96,B59
Ishurdi,2011,5,155,B59
Ishurdi,2011,6,253,B59
Ishurdi,2011,7,289,B59
Ishurdi,2011,8,645,B59
Ishurdi,2011,9,261,B59
Ishurdi,2011,10,2,B59
Ishurdi,2011,11,0,B59
Ishurdi,2011,12,0,B59
Ishurdi,2012,1,12,B59
Ishurdi,2012,2,0,B59
Ishurdi,2012,3,5,B59
Ishurdi,2012,4,51,B59
Ishurdi,2012,5,69,B59
Ishurdi,2012,6,177,B59
Ishurdi,2012,7,215,B59
Ishurdi,2012,8,97,B59
Ishurdi,2012,9,178,B59
Ishurdi,2012,10,157,B59
Ishurdi,2012,11,86,B59
Ishurdi,2012,12,15,B59
Ishurdi,2013,1,1,B59
Ishurdi,2013,2,14,B59
Ishurdi,2013,3,0,B59
Ishurdi,2013,4,69,B59
Ishurdi,2013,5,182,B59
Ishurdi,2013,6,264,B59
Ishurdi,2013,7,130,B59
Ishurdi,2013,8,218,B59
Ishurdi,2013,9,121,B59
Ishurdi,2013,10,130,B59
Ishurdi,2013,11,0,B59
Ishurdi,2013,12,0,B59
Ishurdi,2014,1,3,B59
Ishurdi,2014,2,33,B59
Ishurdi,2014,3,32,B59
Ishurdi,2014,4,19,B59
Ishurdi,2014,5,129,B59
Ishurdi,2014,6,525,B59
Ishurdi,2014,7,182,B59
Ishurdi,2014,8,249,B59
Ishurdi,2014,9,179,B59
Ishurdi,2014,10,89,B59
Ishurdi,2014,11,0,B59
Ishurdi,2014,12,0,B59
Ishurdi,2015,1,0,B59
Ishurdi,2015,2,8,B59
Ishurdi,2015,3,38,B59
Ishurdi,2015,4,111,B59
Ishurdi,2015,5,147,B59
Ishurdi,2015,6,332,B59
Ishurdi,2015,7,394,B59
Ishurdi,2015,8,254,B59
Ishurdi,2015,9,213,B59
Ishurdi,2015,10,82,B59
Ishurdi,2015,11,3,B59
Ishurdi,2015,12,2,B59
Ishurdi,2016,1,30,B59
Ishurdi,2016,2,12,B59
Ishurdi,2016,3,112,B59
Ishurdi,2016,4,52,B59
Ishurdi,2016,5,177,B59
Ishurdi,2016,6,136,B59
Ishurdi,2016,7,240,B59
Ishurdi,2016,8,132,B59
Ishurdi,2016,9,381,B59
Ishurdi,2016,10,42,B59
Ishurdi,2016,11,2,B59
Ishurdi,2016,12,0,B59
Ishurdi,2017,1,1,B59
Ishurdi,2017,2,0,B59
Ishurdi,2017,3,21,B59
Ishurdi,2017,4,118,B59
Ishurdi,2017,5,111,B59
Ishurdi,2017,6,159,B59
Ishurdi,2017,7,456,B59
Ishurdi,2017,8,274,B59
Ishurdi,2017,9,278,B59
Ishurdi,2017,10,323,B59
Ishurdi,2017,11,19,B59
Ishurdi,2017,12,39,B59
Ishurdi,2018,1,0,B59
Ishurdi,2018,2,9,B59
Ishurdi,2018,3,47,B59
Ishurdi,2018,4,220,B59
Ishurdi,2018,5,190,B59
Ishurdi,2018,6,149,B59
Ishurdi,2018,7,426,B59
Ishurdi,2018,8,90,B59
Ishurdi,2018,9,73,B59
Ishurdi,2018,10,94,B59
Ishurdi,2018,11,4,B59
Ishurdi,2018,12,19,B59
Ishurdi,2019,1,0,B59
Ishurdi,2019,2,53,B59
Ishurdi,2019,3,8,B59
Ishurdi,2019,4,82,B59
Ishurdi,2019,5,126,B59
Ishurdi,2019,6,286,B59
Ishurdi,2019,7,300,B59
Ishurdi,2019,8,148,B59
Ishurdi,2019,9,179,B59
Ishurdi,2019,10,220,B59
Ishurdi,2019,11,36,B59
Ishurdi,2019,12,6,B59
Ishurdi,2020,1,23,B59
Ishurdi,2020,2,0,B59
Ishurdi,2020,3,21,B59
Ishurdi,2020,4,29,B59
Ishurdi,2020,5,380,B59
Ishurdi,2020,6,237,B59
Ishurdi,2020,7,437,B59
Ishurdi,2020,8,157,B59
Ishurdi,2020,9,264,B59
Ishurdi,2020,10,165,B59
Ishurdi,2020,11,0,B59
Ishurdi,2020,12,0,B59
Ishurdi,2021,1,0,B59
Ishurdi,2021,2,0,B59
Ishurdi,2021,3,1,B59
Ishurdi,2021,4,41,B59
Ishurdi,2021,5,175,B59
Ishurdi,2021,6,430,B59
Ishurdi,2021,7,285,B59
Ishurdi,2021,8,337,B59
Ishurdi,2021,9,170,B59
Ishurdi,2021,10,117,B59
Ishurdi,2021,11,18,B59
Ishurdi,2021,12,16,B59
Ishurdi,2023,1,0,B59
Ishurdi,2023,2,0,B59
Ishurdi,2023,3,55,B59
Ishurdi,2023,4,67,B59
Ishurdi,2023,5,93,B59
Ishurdi,2023,6,192,B59
Ishurdi,2023,7,186,B59
Ishurdi,2023,8,265,B59
Ishurdi,2023,9,239,B59
Ishurdi,2023,10,154,B59
Ishurdi,2023,11,1,B59
Ishurdi,2023,12,37,B59
Ishurdi,2022,1,23,B59
Ishurdi,2022,2,46,B59
Ishurdi,2022,3,0,B59
Ishurdi,2022,4,28,B59
Ishurdi,2022,5,183,B59
Ishurdi,2022,6,104,B59
Ishurdi,2022,7,55,B59
Ishurdi,2022,8,210,B59
Ishurdi,2022,9,290,B59
Ishurdi,2022,10,144,B59
Ishurdi,2022,11,0,B59
Ishurdi,2022,12,0,B59
Jessore,2023,6,230,B59
Jessore,1948,8,379,B59
Jessore,1948,9,115,B59
Jessore,1948,11,0,B59
Jessore,1948,12,0,B59
Jessore,1949,1,14,B59
Jessore,1949,2,2,B59
Jessore,1949,3,30,B59
Jessore,1949,4,321,B59
Jessore,1949,5,212,B59
Jessore,1949,6,150,B59
Jessore,1949,7,343,B59
Jessore,1949,8,326,B59
Jessore,1949,9,173,B59
Jessore,1949,10,216,B59
Jessore,1949,11,0,B59
Jessore,1949,12,0,B59
Jessore,1950,1,0,B59
Jessore,1950,2,13,B59
Jessore,1950,3,17,B59
Jessore,1950,4,42,B59
Jessore,1950,5,77,B59
Jessore,1950,6,557,B59
Jessore,1950,7,281,B59
Jessore,1950,8,327,B59
Jessore,1950,9,126,B59
Jessore,1950,10,55,B59
Jessore,1950,11,124,B59
Jessore,1950,12,0,B59
Jessore,1951,1,0,B59
Jessore,1951,2,0,B59
Jessore,1951,3,34,B59
Jessore,1951,4,19,B59
Jessore,1951,5,170,B59
Jessore,1951,6,113,B59
Jessore,1951,7,279,B59
Jessore,1951,8,244,B59
Jessore,1951,9,147,B59
Jessore,1951,10,224,B59
Jessore,1951,11,0,B59
Jessore,1951,12,0,B59
Jessore,1952,1,0,B59
Jessore,1952,2,0,B59
Jessore,1952,3,38,B59
Jessore,1952,4,123,B59
Jessore,1952,5,95,B59
Jessore,1952,6,275,B59
Jessore,1952,7,280,B59
Jessore,1952,8,207,B59
Jessore,1952,9,210,B59
Jessore,1952,10,117,B59
Jessore,1952,11,10,B59
Jessore,1952,12,0,B59
Jessore,1953,1,7,B59
Jessore,1953,2,81,B59
Jessore,1953,3,102,B59
Jessore,1953,4,10,B59
Jessore,1953,5,181,B59
Jessore,1953,6,322,B59
Jessore,1953,7,349,B59
Jessore,1953,8,476,B59
Jessore,1953,9,301,B59
Jessore,1953,10,12,B59
Jessore,1953,11,20,B59
Jessore,1953,12,0,B59
Jessore,1954,1,6,B59
Jessore,1954,2,0,B59
Jessore,1954,3,0,B59
Jessore,1954,4,32,B59
Jessore,1954,5,192,B59
Jessore,1954,6,606,B59
Jessore,1954,7,339,B59
Jessore,1954,8,427,B59
Jessore,1954,9,159,B59
Jessore,1954,10,110,B59
Jessore,1954,11,0,B59
Jessore,1954,12,8,B59
Jessore,1955,1,0,B59
Jessore,1955,2,0,B59
Jessore,1955,3,11,B59
Jessore,1955,4,63,B59
Jessore,1955,5,126,B59
Jessore,1955,6,175,B59
Jessore,1955,7,313,B59
Jessore,1955,8,209,B59
Jessore,1955,9,82,B59
Jessore,1955,10,54,B59
Jessore,1955,11,63,B59
Jessore,1955,12,0,B59
Jessore,1956,1,0,B59
Jessore,1956,2,17,B59
Jessore,1956,3,58,B59
Jessore,1956,4,26,B59
Jessore,1956,5,200,B59
Jessore,1956,6,367,B59
Jessore,1956,7,298,B59
Jessore,1956,8,267,B59
Jessore,1956,9,282,B59
Jessore,1956,10,24,B59
Jessore,1956,11,20,B59
Jessore,1956,12,0,B59
Jessore,1957,1,27,B59
Jessore,1957,2,38,B59
Jessore,1957,3,0,B59
Jessore,1957,4,30,B59
Jessore,1957,5,15,B59
Jessore,1957,6,332,B59
Jessore,1957,7,381,B59
Jessore,1957,8,14,B59
Jessore,1957,9,82,B59
Jessore,1957,10,60,B59
Jessore,1957,11,0,B59
Jessore,1957,12,0,B59
Jessore,1958,1,9,B59
Jessore,1958,2,25,B59
Jessore,1958,3,0,B59
Jessore,1958,4,97,B59
Jessore,1958,5,158,B59
Jessore,1958,6,57,B59
Jessore,1958,7,284,B59
Jessore,1958,8,177,B59
Jessore,1958,9,85,B59
Jessore,1958,10,37,B59
Jessore,1958,11,1,B59
Jessore,1958,12,0,B59
Jessore,1959,1,19,B59
Jessore,1959,2,10,B59
Jessore,1959,3,30,B59
Jessore,1959,4,82,B59
Jessore,1959,5,315,B59
Jessore,1959,6,205,B59
Jessore,1959,7,211,B59
Jessore,1959,8,478,B59
Jessore,1959,9,276,B59
Jessore,1959,10,511,B59
Jessore,1959,11,0,B59
Jessore,1959,12,0,B59
Jessore,1960,1,0,B59
Jessore,1960,2,0,B59
Jessore,1960,3,287,B59
Jessore,1960,4,0,B59
Jessore,1960,5,153,B59
Jessore,1960,6,112,B59
Jessore,1960,7,546,B59
Jessore,1960,8,170,B59
Jessore,1960,9,171,B59
Jessore,1960,10,117,B59
Jessore,1960,11,0,B59
Jessore,1960,12,0,B59
Jessore,1961,1,16,B59
Jessore,1961,2,81,B59
Jessore,1961,3,51,B59
Jessore,1961,4,18,B59
Jessore,1961,5,115,B59
Jessore,1961,6,288,B59
Jessore,1961,7,216,B59
Jessore,1961,8,418,B59
Jessore,1961,9,147,B59
Jessore,1961,10,70,B59
Jessore,1961,11,1,B59
Jessore,1961,12,0,B59
Jessore,1962,1,10,B59
Jessore,1962,2,27,B59
Jessore,1962,3,2,B59
Jessore,1962,4,108,B59
Jessore,1962,5,109,B59
Jessore,1962,6,183,B59
Jessore,1962,7,167,B59
Jessore,1962,8,174,B59
Jessore,1962,9,199,B59
Jessore,1962,10,242,B59
Jessore,1962,11,0,B59
Jessore,1962,12,0,B59
Jessore,1963,1,0,B59
Jessore,1963,2,0,B59
Jessore,1963,3,34,B59
Jessore,1963,4,70,B59
Jessore,1963,5,23,B59
Jessore,1963,6,297,B59
Jessore,1963,7,244,B59
Jessore,1963,8,178,B59
Jessore,1963,9,248,B59
Jessore,1963,10,185,B59
Jessore,1963,11,20,B59
Jessore,1963,12,1,B59
Jessore,1964,1,3,B59
Jessore,1964,2,4,B59
Jessore,1964,3,28,B59
Jessore,1964,4,189,B59
Jessore,1964,5,67,B59
Jessore,1964,6,218,B59
Jessore,1964,7,549,B59
Jessore,1964,8,177,B59
Jessore,1964,9,129,B59
Jessore,1964,11,50,B59
Jessore,1964,12,1,B59
Jessore,1965,1,0,B59
Jessore,1965,2,34,B59
Jessore,1965,3,45,B59
Jessore,1965,4,28,B59
Jessore,1965,5,33,B59
Jessore,1965,6,574,B59
Jessore,1965,7,234,B59
Jessore,1965,8,406,B59
Jessore,1965,9,172,B59
Jessore,1965,10,114,B59
Jessore,1965,11,0,B59
Jessore,1965,12,0,B59
Jessore,1966,1,27,B59
Jessore,1966,2,0,B59
Jessore,1966,3,5,B59
Jessore,1966,4,18,B59
Jessore,1966,5,96,B59
Jessore,1966,6,352,B59
Jessore,1966,7,175,B59
Jessore,1966,8,191,B59
Jessore,1966,9,49,B59
Jessore,1966,10,216,B59
Jessore,1966,11,10,B59
Jessore,1966,12,13,B59
Jessore,1967,1,57,B59
Jessore,1967,2,3,B59
Jessore,1967,3,52,B59
Jessore,1967,4,68,B59
Jessore,1967,5,121,B59
Jessore,1967,6,192,B59
Jessore,1967,7,265,B59
Jessore,1967,8,295,B59
Jessore,1967,9,239,B59
Jessore,1967,10,65,B59
Jessore,1967,11,0,B59
Jessore,1967,12,1,B59
Jessore,1968,1,0,B59
Jessore,1968,2,4,B59
Jessore,1968,3,18,B59
Jessore,1968,4,132,B59
Jessore,1968,5,141,B59
Jessore,1968,6,603,B59
Jessore,1968,7,546,B59
Jessore,1968,8,205,B59
Jessore,1968,9,156,B59
Jessore,1968,10,135,B59
Jessore,1968,11,55,B59
Jessore,1968,12,0,B59
Jessore,1969,1,0,B59
Jessore,1969,2,10,B59
Jessore,1969,3,50,B59
Jessore,1969,4,77,B59
Jessore,1969,5,94,B59
Jessore,1969,6,253,B59
Jessore,1969,7,308,B59
Jessore,1969,8,366,B59
Jessore,1969,9,428,B59
Jessore,1969,10,47,B59
Jessore,1969,11,27,B59
Jessore,1969,12,1,B59
Jessore,1970,1,31,B59
Jessore,1970,2,30,B59
Jessore,1970,3,45,B59
Jessore,1970,4,87,B59
Jessore,1970,5,29,B59
Jessore,1970,6,352,B59
Jessore,1970,7,415,B59
Jessore,1970,8,280,B59
Jessore,1970,9,490,B59
Jessore,1970,10,339,B59
Jessore,1970,11,10,B59
Jessore,1970,12,0,B59
Jessore,1971,1,16,B59
Jessore,1971,2,0,B59
Jessore,1971,6,205,B59
Jessore,1971,7,489,B59
Jessore,1971,8,500,B59
Jessore,1971,9,313,B59
Jessore,1972,1,0,B59
Jessore,1972,2,4,B59
Jessore,1972,3,7,B59
Jessore,1972,4,37,B59
Jessore,1972,5,22,B59
Jessore,1972,6,110,B59
Jessore,1972,7,169,B59
Jessore,1972,8,372,B59
Jessore,1972,9,131,B59
Jessore,1972,10,17,B59
Jessore,1972,11,1,B59
Jessore,1972,12,0,B59
Jessore,1973,1,0,B59
Jessore,1973,2,10,B59
Jessore,1973,3,75,B59
Jessore,1973,4,32,B59
Jessore,1973,5,263,B59
Jessore,1973,6,361,B59
Jessore,1973,7,214,B59
Jessore,1973,8,224,B59
Jessore,1973,9,226,B59
Jessore,1973,10,131,B59
Jessore,1973,11,45,B59
Jessore,1973,12,97,B59
Jessore,1974,1,0,B59
Jessore,1974,2,0,B59
Jessore,1974,3,112,B59
Jessore,1974,4,44,B59
Jessore,1974,5,202,B59
Jessore,1974,6,160,B59
Jessore,1974,7,353,B59
Jessore,1974,8,436,B59
Jessore,1974,9,225,B59
Jessore,1974,10,99,B59
Jessore,1974,11,9,B59
Jessore,1974,12,0,B59
Jessore,1975,1,7,B59
Jessore,1975,2,0,B59
Jessore,1975,3,10,B59
Jessore,1975,4,10,B59
Jessore,1975,5,130,B59
Jessore,1975,6,142,B59
Jessore,1975,7,444,B59
Jessore,1975,8,128,B59
Jessore,1975,9,150,B59
Jessore,1975,10,215,B59
Jessore,1975,11,7,B59
Jessore,1975,12,0,B59
Jessore,1976,1,0,B59
Jessore,1976,2,28,B59
Jessore,1976,3,21,B59
Jessore,1976,4,68,B59
Jessore,1976,5,141,B59
Jessore,1976,6,243,B59
Jessore,1976,7,253,B59
Jessore,1976,8,278,B59
Jessore,1976,9,132,B59
Jessore,1976,10,11,B59
Jessore,1976,11,4,B59
Jessore,1976,12,0,B59
Jessore,1977,1,1,B59
Jessore,1977,2,25,B59
Jessore,1977,3,0,B59
Jessore,1977,4,162,B59
Jessore,1977,5,181,B59
Jessore,1977,6,344,B59
Jessore,1977,7,301,B59
Jessore,1977,8,99,B59
Jessore,1977,9,224,B59
Jessore,1977,10,93,B59
Jessore,1977,11,30,B59
Jessore,1977,12,40,B59
Jessore,1979,1,45,B59
Jessore,1979,2,36,B59
Jessore,1979,3,6,B59
Jessore,1979,4,18,B59
Jessore,1979,5,17,B59
Jessore,1979,6,203,B59
Jessore,1979,7,359,B59
Jessore,1979,8,394,B59
Jessore,1979,9,402,B59
Jessore,1979,10,119,B59
Jessore,1979,11,14,B59
Jessore,1979,12,38,B59
Jessore,1980,1,8,B59
Jessore,1980,2,60,B59
Jessore,1980,3,57,B59
Jessore,1980,4,4,B59
Jessore,1980,5,193,B59
Jessore,1980,6,214,B59
Jessore,1980,7,309,B59
Jessore,1980,8,309,B59
Jessore,1980,9,85,B59
Jessore,1980,10,119,B59
Jessore,1980,11,0,B59
Jessore,1980,12,0,B59
Jessore,1981,1,8,B59
Jessore,1981,2,108,B59
Jessore,1981,3,45,B59
Jessore,1981,4,292,B59
Jessore,1981,5,234,B59
Jessore,1981,6,124,B59
Jessore,1981,7,377,B59
Jessore,1981,8,292,B59
Jessore,1981,9,251,B59
Jessore,1981,10,0,B59
Jessore,1981,11,0,B59
Jessore,1981,12,148,B59
Jessore,1982,1,0,B59
Jessore,1982,2,4,B59
Jessore,1982,3,52,B59
Jessore,1982,4,224,B59
Jessore,1982,5,71,B59
Jessore,1982,6,319,B59
Jessore,1982,7,171,B59
Jessore,1982,8,195,B59
Jessore,1982,9,232,B59
Jessore,1982,10,5,B59
Jessore,1982,11,21,B59
Jessore,1982,12,1,B59
Jessore,1983,1,20,B59
Jessore,1983,2,118,B59
Jessore,1983,3,71,B59
Jessore,1983,4,61,B59
Jessore,1983,5,361,B59
Jessore,1983,6,142,B59
Jessore,1983,7,189,B59
Jessore,1983,8,465,B59
Jessore,1983,9,255,B59
Jessore,1983,10,152,B59
Jessore,1983,11,0,B59
Jessore,1983,12,14,B59
Jessore,1984,1,51,B59
Jessore,1984,2,1,B59
Jessore,1984,3,0,B59
Jessore,1984,4,18,B59
Jessore,1984,5,305,B59
Jessore,1984,6,822,B59
Jessore,1984,7,247,B59
Jessore,1984,8,365,B59
Jessore,1984,9,168,B59
Jessore,1984,10,54,B59
Jessore,1984,11,0,B59
Jessore,1984,12,0,B59
Jessore,1985,1,46,B59
Jessore,1985,2,4,B59
Jessore,1985,3,50,B59
Jessore,1985,4,2,B59
Jessore,1985,5,179,B59
Jessore,1985,6,318,B59
Jessore,1985,7,251,B59
Jessore,1985,8,300,B59
Jessore,1985,9,237,B59
Jessore,1985,10,189,B59
Jessore,1985,11,0,B59
Jessore,1985,12,0,B59
Jessore,1986,1,9,B59
Jessore,1986,2,0,B59
Jessore,1986,3,1,B59
Jessore,1986,4,73,B59
Jessore,1986,5,174,B59
Jessore,1986,6,319,B59
Jessore,1986,7,362,B59
Jessore,1986,8,181,B59
Jessore,1986,9,606,B59
Jessore,1986,10,228,B59
Jessore,1986,11,159,B59
Jessore,1986,12,6,B59
Jessore,1987,1,1,B59
Jessore,1987,2,0,B59
Jessore,1987,3,58,B59
Jessore,1987,4,97,B59
Jessore,1987,5,120,B59
Jessore,1987,6,327,B59
Jessore,1987,7,321,B59
Jessore,1987,8,768,B59
Jessore,1987,9,196,B59
Jessore,1987,10,136,B59
Jessore,1987,11,5,B59
Jessore,1987,12,10,B59
Jessore,1988,1,0,B59
Jessore,1988,2,27,B59
Jessore,1988,3,93,B59
Jessore,1988,4,148,B59
Jessore,1988,5,297,B59
Jessore,1988,6,543,B59
Jessore,1988,7,257,B59
Jessore,1988,8,307,B59
Jessore,1988,9,113,B59
Jessore,1988,10,91,B59
Jessore,1988,11,99,B59
Jessore,1988,12,1,B59
Jessore,1989,1,0,B59
Jessore,1989,2,2,B59
Jessore,1989,3,1,B59
Jessore,1989,4,39,B59
Jessore,1989,5,198,B59
Jessore,1989,6,164,B59
Jessore,1989,7,255,B59
Jessore,1989,8,88,B59
Jessore,1989,9,168,B59
Jessore,1989,10,192,B59
Jessore,1989,11,0,B59
Jessore,1989,12,10,B59
Jessore,1990,1,0,B59
Jessore,1990,2,54,B59
Jessore,1990,3,173,B59
Jessore,1990,4,25,B59
Jessore,1990,5,162,B59
Jessore,1990,6,335,B59
Jessore,1990,7,369,B59
Jessore,1990,8,137,B59
Jessore,1990,9,196,B59
Jessore,1990,10,99,B59
Jessore,1990,11,126,B59
Jessore,1990,12,10,B59
Jessore,1991,1,24,B59
Jessore,1991,2,10,B59
Jessore,1991,3,31,B59
Jessore,1991,4,54,B59
Jessore,1991,5,186,B59
Jessore,1991,6,407,B59
Jessore,1991,7,220,B59
Jessore,1991,8,543,B59
Jessore,1991,9,216,B59
Jessore,1991,10,285,B59
Jessore,1991,11,0,B59
Jessore,1991,12,76,B59
Jessore,1992,1,27,B59
Jessore,1992,2,77,B59
Jessore,1992,3,0,B59
Jessore,1992,4,1,B59
Jessore,1992,5,223,B59
Jessore,1992,6,303,B59
Jessore,1992,7,307,B59
Jessore,1992,8,152,B59
Jessore,1992,9,204,B59
Jessore,1992,10,36,B59
Jessore,1992,11,3,B59
Jessore,1992,12,0,B59
Jessore,1993,1,0,B59
Jessore,1993,2,33,B59
Jessore,1993,3,115,B59
Jessore,1993,4,147,B59
Jessore,1993,5,132,B59
Jessore,1993,6,437,B59
Jessore,1993,7,327,B59
Jessore,1993,8,213,B59
Jessore,1993,9,336,B59
Jessore,1993,10,58,B59
Jessore,1993,11,4,B59
Jessore,1993,12,0,B59
Jessore,1994,1,10,B59
Jessore,1994,2,31,B59
Jessore,1994,3,1,B59
Jessore,1994,4,51,B59
Jessore,1994,5,175,B59
Jessore,1994,6,365,B59
Jessore,1994,7,225,B59
Jessore,1994,8,253,B59
Jessore,1994,9,83,B59
Jessore,1994,10,64,B59
Jessore,1994,11,2,B59
Jessore,1994,12,0,B59
Jessore,1995,1,17,B59
Jessore,1995,2,25,B59
Jessore,1995,3,18,B59
Jessore,1995,4,5,B59
Jessore,1995,5,88,B59
Jessore,1995,6,196,B59
Jessore,1995,7,279,B59
Jessore,1995,8,288,B59
Jessore,1995,9,270,B59
Jessore,1995,10,95,B59
Jessore,1995,11,113,B59
Jessore,1995,12,3,B59
Jessore,1996,1,39,B59
Jessore,1996,2,20,B59
Jessore,1996,3,22,B59
Jessore,1996,4,90,B59
Jessore,1996,5,146,B59
Jessore,1996,6,350,B59
Jessore,1996,7,271,B59
Jessore,1996,8,380,B59
Jessore,1996,9,195,B59
Jessore,1996,10,257,B59
Jessore,1996,11,5,B59
Jessore,1996,12,0,B59
Jessore,1997,1,9,B59
Jessore,1997,2,39,B59
Jessore,1997,3,51,B59
Jessore,1997,4,64,B59
Jessore,1997,5,116,B59
Jessore,1997,6,231,B59
Jessore,1997,7,406,B59
Jessore,1997,8,227,B59
Jessore,1997,9,361,B59
Jessore,1997,10,15,B59
Jessore,1997,11,14,B59
Jessore,1997,12,20,B59
Jessore,1998,1,44,B59
Jessore,1998,2,26,B59
Jessore,1998,3,141,B59
Jessore,1998,4,130,B59
Jessore,1998,5,216,B59
Jessore,1998,6,163,B59
Jessore,1998,7,181,B59
Jessore,1998,8,209,B59
Jessore,1998,9,174,B59
Jessore,1998,10,88,B59
Jessore,1998,11,118,B59
Jessore,1998,12,0,B59
Jessore,1999,1,0,B59
Jessore,1999,2,0,B59
Jessore,1999,3,0,B59
Jessore,1999,4,22,B59
Jessore,1999,5,141,B59
Jessore,1999,6,244,B59
Jessore,1999,7,356,B59
Jessore,1999,8,251,B59
Jessore,1999,9,301,B59
Jessore,1999,10,151,B59
Jessore,1999,11,1,B59
Jessore,1999,12,0,B59
Jessore,2000,1,1,B59
Jessore,2000,2,19,B59
Jessore,2000,3,7,B59
Jessore,2000,4,74,B59
Jessore,2000,5,164,B59
Jessore,2000,6,209,B59
Jessore,2000,7,486,B59
Jessore,2000,8,239,B59
Jessore,2000,9,467,B59
Jessore,2000,10,145,B59
Jessore,2000,11,0,B59
Jessore,2000,12,0,B59
Jessore,2001,1,0,B59
Jessore,2001,2,0,B59
Jessore,2001,3,56,B59
Jessore,2001,4,29,B59
Jessore,2001,5,317,B59
Jessore,2001,6,498,B59
Jessore,2001,7,163,B59
Jessore,2001,8,109,B59
Jessore,2001,9,137,B59
Jessore,2001,10,134,B59
Jessore,2001,11,14,B59
Jessore,2001,12,0,B59
Jessore,2002,1,18,B59
Jessore,2002,2,0,B59
Jessore,2002,3,22,B59
Jessore,2002,4,161,B59
Jessore,2002,5,264,B59
Jessore,2002,6,535,B59
Jessore,2002,7,524,B59
Jessore,2002,8,231,B59
Jessore,2002,9,221,B59
Jessore,2002,10,32,B59
Jessore,2002,11,112,B59
Jessore,2002,12,0,B59
Jessore,2003,1,0,B59
Jessore,2003,2,5,B59
Jessore,2003,3,119,B59
Jessore,2003,4,49,B59
Jessore,2003,5,72,B59
Jessore,2003,6,404,B59
Jessore,2003,7,427,B59
Jessore,2003,8,177,B59
Jessore,2003,9,148,B59
Jessore,2003,10,466,B59
Jessore,2003,11,0,B59
Jessore,2003,12,25,B59
Jessore,2004,1,3,B59
Jessore,2004,2,0,B59
Jessore,2004,3,9,B59
Jessore,2004,4,70,B59
Jessore,2004,5,138,B59
Jessore,2004,6,305,B59
Jessore,2004,7,398,B59
Jessore,2004,8,347,B59
Jessore,2004,9,917,B59
Jessore,2004,10,257,B59
Jessore,2004,11,0,B59
Jessore,2004,12,0,B59
Jessore,2005,1,33,B59
Jessore,2005,2,16,B59
Jessore,2005,3,129,B59
Jessore,2005,4,31,B59
Jessore,2005,5,59,B59
Jessore,2005,6,141,B59
Jessore,2005,7,546,B59
Jessore,2005,8,115,B59
Jessore,2005,9,194,B59
Jessore,2005,10,412,B59
Jessore,2005,11,2,B59
Jessore,2005,12,0,B59
Jessore,2006,1,0,B59
Jessore,2006,2,0,B59
Jessore,2006,3,1,B59
Jessore,2006,4,52,B59
Jessore,2006,5,302,B59
Jessore,2006,6,214,B59
Jessore,2006,7,455,B59
Jessore,2006,8,316,B59
Jessore,2006,9,400,B59
Jessore,2006,10,16,B59
Jessore,2006,11,13,B59
Jessore,2006,12,0,B59
Jessore,2007,1,0,B59
Jessore,2007,2,66,B59
Jessore,2007,3,21,B59
Jessore,2007,4,62,B59
Jessore,2007,5,159,B59
Jessore,2007,6,289,B59
Jessore,2007,7,735,B59
Jessore,2007,8,299,B59
Jessore,2007,9,259,B59
Jessore,2007,10,116,B59
Jessore,2007,11,113,B59
Jessore,2007,12,0,B59
Jessore,2008,1,70,B59
Jessore,2008,2,35,B59
Jessore,2008,3,37,B59
Jessore,2008,4,39,B59
Jessore,2008,5,208,B59
Jessore,2008,6,242,B59
Jessore,2008,7,459,B59
Jessore,2008,8,204,B59
Jessore,2008,9,415,B59
Jessore,2008,10,179,B59
Jessore,2008,11,0,B59
Jessore,2008,12,0,B59
Jessore,2009,1,0,B59
Jessore,2009,2,7,B59
Jessore,2009,3,33,B59
Jessore,2009,4,0,B59
Jessore,2009,5,170,B59
Jessore,2009,6,169,B59
Jessore,2009,7,369,B59
Jessore,2009,8,386,B59
Jessore,2009,9,438,B59
Jessore,2009,10,94,B59
Jessore,2009,11,1,B59
Jessore,2009,12,1,B59
Jessore,2010,1,0,B59
Jessore,2010,2,8,B59
Jessore,2010,3,11,B59
Jessore,2010,4,37,B59
Jessore,2010,5,264,B59
Jessore,2010,6,329,B59
Jessore,2010,7,155,B59
Jessore,2010,8,232,B59
Jessore,2010,9,186,B59
Jessore,2010,10,122,B59
Jessore,2010,11,4,B59
Jessore,2010,12,32,B59
Jessore,2011,1,0,B59
Jessore,2011,2,0,B59
Jessore,2011,3,34,B59
Jessore,2011,4,33,B59
Jessore,2011,5,132,B59
Jessore,2011,6,314,B59
Jessore,2011,7,296,B59
Jessore,2011,8,306,B59
Jessore,2011,9,227,B59
Jessore,2011,10,18,B59
Jessore,2011,11,1,B59
Jessore,2011,12,0,B59
Jessore,2012,1,31,B59
Jessore,2012,2,4,B59
Jessore,2012,3,5,B59
Jessore,2012,4,82,B59
Jessore,2012,5,36,B59
Jessore,2012,6,221,B59
Jessore,2012,7,334,B59
Jessore,2012,8,187,B59
Jessore,2012,9,271,B59
Jessore,2012,10,71,B59
Jessore,2012,11,61,B59
Jessore,2012,12,2,B59
Jessore,2013,1,6,B59
Jessore,2013,2,15,B59
Jessore,2013,3,8,B59
Jessore,2013,4,63,B59
Jessore,2013,5,278,B59
Jessore,2013,6,203,B59
Jessore,2013,7,249,B59
Jessore,2013,8,309,B59
Jessore,2013,9,322,B59
Jessore,2013,10,223,B59
Jessore,2013,11,0,B59
Jessore,2013,12,0,B59
Jessore,2014,1,0,B59
Jessore,2014,2,19,B59
Jessore,2014,3,10,B59
Jessore,2014,4,0,B59
Jessore,2014,5,165,B59
Jessore,2014,6,286,B59
Jessore,2014,7,435,B59
Jessore,2014,8,180,B59
Jessore,2014,9,186,B59
Jessore,2014,10,37,B59
Jessore,2014,11,0,B59
Jessore,2014,12,0,B59
Jessore,2015,1,2,B59
Jessore,2015,2,93,B59
Jessore,2015,3,25,B59
Jessore,2015,4,108,B59
Jessore,2015,5,125,B59
Jessore,2015,6,379,B59
Jessore,2015,7,561,B59
Jessore,2015,8,281,B59
Jessore,2015,9,247,B59
Jessore,2015,10,43,B59
Jessore,2015,11,0,B59
Jessore,2015,12,3,B59
Jessore,2016,1,3,B59
Jessore,2016,2,21,B59
Jessore,2016,3,60,B59
Jessore,2016,4,10,B59
Jessore,2016,5,269,B59
Jessore,2016,6,241,B59
Jessore,2016,7,370,B59
Jessore,2016,8,204,B59
Jessore,2016,9,76,B59
Jessore,2016,10,66,B59
Jessore,2016,11,46,B59
Jessore,2016,12,0,B59
Jessore,2017,1,0,B59
Jessore,2017,2,0,B59
Jessore,2017,3,24,B59
Jessore,2017,4,138,B59
Jessore,2017,5,186,B59
Jessore,2017,6,245,B59
Jessore,2017,7,663,B59
Jessore,2017,8,311,B59
Jessore,2017,9,172,B59
Jessore,2017,10,383,B59
Jessore,2017,11,26,B59
Jessore,2017,12,30,B59
Jessore,2018,1,0,B59
Jessore,2018,2,3,B59
Jessore,2018,3,11,B59
Jessore,2018,4,186,B59
Jessore,2018,5,148,B59
Jessore,2018,6,101,B59
Jessore,2018,7,412,B59
Jessore,2018,8,130,B59
Jessore,2018,9,76,B59
Jessore,2018,10,63,B59
Jessore,2018,11,1,B59
Jessore,2018,12,11,B59
Jessore,2019,1,0,B59
Jessore,2019,2,107,B59
Jessore,2019,3,68,B59
Jessore,2019,4,173,B59
Jessore,2019,5,122,B59
Jessore,2019,6,134,B59
Jessore,2019,7,219,B59
Jessore,2019,8,238,B59
Jessore,2019,9,209,B59
Jessore,2019,10,133,B59
Jessore,2019,11,75,B59
Jessore,2019,12,14,B59
Jessore,2020,1,25,B59
Jessore,2020,2,0,B59
Jessore,2020,3,32,B59
Jessore,2020,4,82,B59
Jessore,2020,5,251,B59
Jessore,2020,6,347,B59
Jessore,2020,7,262,B59
Jessore,2020,8,407,B59
Jessore,2020,9,262,B59
Jessore,2020,10,294,B59
Jessore,2020,11,1,B59
Jessore,2020,12,0,B59
Jessore,2021,1,0,B59
Jessore,2021,2,1,B59
Jessore,2021,3,0,B59
Jessore,2021,4,4,B59
Jessore,2021,5,155,B59
Jessore,2021,6,368,B59
Jessore,2021,7,294,B59
Jessore,2021,8,210,B59
Jessore,2021,9,332,B59
Jessore,2021,10,167,B59
Jessore,2021,11,41,B59
Jessore,2021,12,193,B59
Jessore,2023,1,0,B59
Jessore,2023,2,1,B59
Jessore,2023,3,77,B59
Jessore,2023,4,51,B59
Jessore,2023,5,220,B59
Jessore,2023,7,96,B59
Jessore,2023,8,293,B59
Jessore,2023,9,170,B59
Jessore,2023,10,195,B59
Jessore,2023,11,15,B59
Jessore,2023,12,104,B59
Jessore,2022,1,7,B59
Jessore,2022,2,38,B59
Jessore,2022,3,0,B59
Jessore,2022,4,19,B59
Jessore,2022,5,182,B59
Jessore,2022,6,72,B59
Jessore,2022,7,74,B59
Jessore,2022,8,215,B59
Jessore,2022,9,162,B59
Jessore,2022,10,110,B59
Jessore,2022,11,0,B59
Jessore,2022,12,0,B59
Khepupara,1974,1,0,B59
Khepupara,1974,2,0,B59
Khepupara,1974,3,129,B59
Khepupara,1974,4,44,B59
Khepupara,1974,5,238,B59
Khepupara,1974,6,287,B59
Khepupara,1974,7,615,B59
Khepupara,1974,8,403,B59
Khepupara,1974,9,450,B59
Khepupara,1974,10,240,B59
Khepupara,1974,11,1,B59
Khepupara,1974,12,0,B59
Khepupara,1975,1,0,B59
Khepupara,1975,2,0,B59
Khepupara,1975,3,0,B59
Khepupara,1975,4,3,B59
Khepupara,1975,5,265,B59
Khepupara,1975,6,268,B59
Khepupara,1975,7,737,B59
Khepupara,1975,8,351,B59
Khepupara,1975,9,356,B59
Khepupara,1975,10,480,B59
Khepupara,1975,11,184,B59
Khepupara,1975,12,0,B59
Khepupara,1976,1,0,B59
Khepupara,1976,2,0,B59
Khepupara,1976,3,0,B59
Khepupara,1976,4,59,B59
Khepupara,1976,5,258,B59
Khepupara,1976,6,413,B59
Khepupara,1976,7,849,B59
Khepupara,1976,8,172,B59
Khepupara,1976,9,167,B59
Khepupara,1976,10,315,B59
Khepupara,1976,11,0,B59
Khepupara,1976,12,0,B59
Khepupara,1977,1,15,B59
Khepupara,1977,2,13,B59
Khepupara,1977,3,0,B59
Khepupara,1977,4,280,B59
Khepupara,1977,5,307,B59
Khepupara,1977,6,668,B59
Khepupara,1977,7,346,B59
Khepupara,1977,8,571,B59
Khepupara,1977,9,159,B59
Khepupara,1977,10,162,B59
Khepupara,1977,11,60,B59
Khepupara,1977,12,0,B59
Khepupara,1978,1,8,B59
Khepupara,1978,2,0,B59
Khepupara,1978,3,1,B59
Khepupara,1978,4,134,B59
Khepupara,1978,5,448,B59
Khepupara,1978,6,435,B59
Khepupara,1978,7,661,B59
Khepupara,1978,8,431,B59
Khepupara,1978,9,332,B59
Khepupara,1978,10,208,B59
Khepupara,1978,11,0,B59
Khepupara,1978,12,0,B59
Khepupara,1979,1,8,B59
Khepupara,1979,2,2,B59
Khepupara,1979,3,56,B59
Khepupara,1979,4,9,B59
Khepupara,1979,5,59,B59
Khepupara,1979,6,832,B59
Khepupara,1979,7,395,B59
Khepupara,1979,8,740,B59
Khepupara,1979,9,545,B59
Khepupara,1980,1,0,B59
Khepupara,1980,2,17,B59
Khepupara,1980,3,47,B59
Khepupara,1980,4,21,B59
Khepupara,1980,5,272,B59
Khepupara,1980,6,502,B59
Khepupara,1980,7,560,B59
Khepupara,1980,8,649,B59
Khepupara,1980,9,232,B59
Khepupara,1980,10,308,B59
Khepupara,1980,11,0,B59
Khepupara,1980,12,0,B59
Khepupara,1981,1,35,B59
Khepupara,1981,2,13,B59
Khepupara,1981,3,97,B59
Khepupara,1981,4,179,B59
Khepupara,1981,5,166,B59
Khepupara,1981,6,397,B59
Khepupara,1981,7,618,B59
Khepupara,1981,8,326,B59
Khepupara,1981,9,302,B59
Khepupara,1981,10,24,B59
Khepupara,1981,11,0,B59
Khepupara,1981,12,12,B59
Khepupara,1982,1,0,B59
Khepupara,1982,2,9,B59
Khepupara,1982,3,6,B59
Khepupara,1982,4,106,B59
Khepupara,1982,5,116,B59
Khepupara,1982,6,603,B59
Khepupara,1982,7,523,B59
Khepupara,1982,8,915,B59
Khepupara,1982,9,329,B59
Khepupara,1982,10,8,B59
Khepupara,1982,11,29,B59
Khepupara,1983,1,20,B59
Khepupara,1983,2,50,B59
Khepupara,1983,3,28,B59
Khepupara,1983,4,72,B59
Khepupara,1983,5,275,B59
Khepupara,1983,6,474,B59
Khepupara,1983,8,399,B59
Khepupara,1983,9,319,B59
Khepupara,1983,10,156,B59
Khepupara,1983,11,41,B59
Khepupara,1983,12,38,B59
Khepupara,1984,1,10,B59
Khepupara,1984,2,0,B59
Khepupara,1984,3,0,B59
Khepupara,1984,4,95,B59
Khepupara,1984,5,200,B59
Khepupara,1984,6,803,B59
Khepupara,1984,7,498,B59
Khepupara,1984,8,683,B59
Khepupara,1984,9,195,B59
Khepupara,1984,10,63,B59
Khepupara,1984,11,0,B59
Khepupara,1984,12,0,B59
Khepupara,1985,1,2,B59
Khepupara,1985,2,25,B59
Khepupara,1985,3,26,B59
Khepupara,1985,4,16,B59
Khepupara,1985,5,320,B59
Khepupara,1985,6,537,B59
Khepupara,1985,7,558,B59
Khepupara,1985,8,340,B59
Khepupara,1985,9,395,B59
Khepupara,1985,10,127,B59
Khepupara,1985,11,19,B59
Khepupara,1985,12,0,B59
Khepupara,1986,1,3,B59
Khepupara,1986,2,0,B59
Khepupara,1986,3,0,B59
Khepupara,1986,4,46,B59
Khepupara,1986,5,220,B59
Khepupara,1986,6,396,B59
Khepupara,1986,7,608,B59
Khepupara,1986,8,246,B59
Khepupara,1986,9,730,B59
Khepupara,1986,10,147,B59
Khepupara,1986,11,267,B59
Khepupara,1986,12,6,B59
Khepupara,1987,1,0,B59
Khepupara,1987,2,2,B59
Khepupara,1987,3,153,B59
Khepupara,1987,4,187,B59
Khepupara,1987,5,132,B59
Khepupara,1987,6,325,B59
Khepupara,1987,7,748,B59
Khepupara,1987,8,798,B59
Khepupara,1987,9,320,B59
Khepupara,1987,10,120,B59
Khepupara,1987,11,43,B59
Khepupara,1987,12,14,B59
Khepupara,1988,1,0,B59
Khepupara,1988,2,79,B59
Khepupara,1988,3,4,B59
Khepupara,1988,4,43,B59
Khepupara,1988,5,307,B59
Khepupara,1988,7,614,B59
Khepupara,1988,8,603,B59
Khepupara,1988,9,389,B59
Khepupara,1988,10,167,B59
Khepupara,1988,11,132,B59
Khepupara,1988,12,0,B59
Khepupara,1989,1,0,B59
Khepupara,1989,2,2,B59
Khepupara,1989,3,1,B59
Khepupara,1989,4,100,B59
Khepupara,1989,5,161,B59
Khepupara,1989,6,207,B59
Khepupara,1989,7,581,B59
Khepupara,1989,8,189,B59
Khepupara,1989,9,445,B59
Khepupara,1989,10,552,B59
Khepupara,1989,11,0,B59
Khepupara,1989,12,0,B59
Khepupara,1990,1,0,B59
Khepupara,1990,2,121,B59
Khepupara,1990,3,139,B59
Khepupara,1990,4,99,B59
Khepupara,1990,5,284,B59
Khepupara,1990,6,317,B59
Khepupara,1990,7,1049,B59
Khepupara,1990,8,299,B59
Khepupara,1990,9,503,B59
Khepupara,1990,10,262,B59
Khepupara,1990,11,98,B59
Khepupara,1990,12,40,B59
Khepupara,1991,1,8,B59
Khepupara,1991,2,0,B59
Khepupara,1991,3,3,B59
Khepupara,1991,4,199,B59
Khepupara,1991,5,117,B59
Khepupara,1991,6,817,B59
Khepupara,1991,7,569,B59
Khepupara,1991,8,512,B59
Khepupara,1991,9,231,B59
Khepupara,1991,10,566,B59
Khepupara,1991,11,12,B59
Khepupara,1991,12,49,B59
Khepupara,1992,1,2,B59
Khepupara,1992,2,126,B59
Khepupara,1992,3,0,B59
Khepupara,1992,4,60,B59
Khepupara,1992,5,226,B59
Khepupara,1992,6,360,B59
Khepupara,1992,7,480,B59
Khepupara,1992,8,363,B59
Khepupara,1992,9,417,B59
Khepupara,1992,10,315,B59
Khepupara,1992,11,4,B59
Khepupara,1992,12,6,B59
Khepupara,1993,1,9,B59
Khepupara,1993,2,33,B59
Khepupara,1993,3,362,B59
Khepupara,1993,4,88,B59
Khepupara,1993,5,223,B59
Khepupara,1993,6,635,B59
Khepupara,1993,7,308,B59
Khepupara,1993,8,493,B59
Khepupara,1993,9,276,B59
Khepupara,1993,10,202,B59
Khepupara,1993,11,25,B59
Khepupara,1993,12,0,B59
Khepupara,1994,1,1,B59
Khepupara,1994,2,2,B59
Khepupara,1994,3,100,B59
Khepupara,1994,4,228,B59
Khepupara,1994,5,177,B59
Khepupara,1994,6,671,B59
Khepupara,1994,7,457,B59
Khepupara,1994,8,494,B59
Khepupara,1994,9,109,B59
Khepupara,1994,10,172,B59
Khepupara,1994,11,28,B59
Khepupara,1994,12,0,B59
Khepupara,1995,1,0,B59
Khepupara,1995,2,14,B59
Khepupara,1995,3,1,B59
Khepupara,1995,4,6,B59
Khepupara,1995,5,643,B59
Khepupara,1995,6,546,B59
Khepupara,1995,7,784,B59
Khepupara,1995,8,397,B59
Khepupara,1995,9,338,B59
Khepupara,1995,10,273,B59
Khepupara,1995,11,508,B59
Khepupara,1995,12,0,B59
Khepupara,1996,1,0,B59
Khepupara,1996,2,32,B59
Khepupara,1996,3,5,B59
Khepupara,1996,4,67,B59
Khepupara,1996,5,174,B59
Khepupara,1996,6,621,B59
Khepupara,1996,7,684,B59
Khepupara,1996,8,899,B59
Khepupara,1996,9,178,B59
Khepupara,1996,10,401,B59
Khepupara,1996,11,0,B59
Khepupara,1996,12,0,B59
Khepupara,1997,1,1,B59
Khepupara,1997,2,72,B59
Khepupara,1997,3,72,B59
Khepupara,1997,4,187,B59
Khepupara,1997,5,304,B59
Khepupara,1997,6,246,B59
Khepupara,1997,7,920,B59
Khepupara,1997,8,354,B59
Khepupara,1997,9,666,B59
Khepupara,1997,10,37,B59
Khepupara,1997,11,13,B59
Khepupara,1997,12,9,B59
Khepupara,1998,1,19,B59
Khepupara,1998,2,40,B59
Khepupara,1998,3,108,B59
Khepupara,1998,4,162,B59
Khepupara,1998,5,231,B59
Khepupara,1998,6,202,B59
Khepupara,1998,7,946,B59
Khepupara,1998,8,684,B59
Khepupara,1998,9,355,B59
Khepupara,1998,10,411,B59
Khepupara,1998,11,59,B59
Khepupara,1998,12,0,B59
Khepupara,1999,1,0,B59
Khepupara,1999,2,0,B59
Khepupara,1999,3,1,B59
Khepupara,1999,4,27,B59
Khepupara,1999,5,458,B59
Khepupara,1999,6,734,B59
Khepupara,1999,7,768,B59
Khepupara,1999,8,535,B59
Khepupara,1999,9,520,B59
Khepupara,1999,10,260,B59
Khepupara,1999,11,5,B59
Khepupara,1999,12,6,B59
Khepupara,2000,1,26,B59
Khepupara,2000,2,13,B59
Khepupara,2000,3,2,B59
Khepupara,2000,4,109,B59
Khepupara,2000,5,526,B59
Khepupara,2000,6,419,B59
Khepupara,2000,7,797,B59
Khepupara,2000,8,411,B59
Khepupara,2000,9,360,B59
Khepupara,2000,10,259,B59
Khepupara,2000,11,19,B59
Khepupara,2000,12,0,B59
Khepupara,2001,1,0,B59
Khepupara,2001,2,41,B59
Khepupara,2001,3,1,B59
Khepupara,2001,4,24,B59
Khepupara,2001,5,381,B59
Khepupara,2001,6,1014,B59
Khepupara,2001,7,621,B59
Khepupara,2001,8,294,B59
Khepupara,2001,9,487,B59
Khepupara,2001,10,397,B59
Khepupara,2001,11,209,B59
Khepupara,2001,12,0,B59
Khepupara,2002,1,16,B59
Khepupara,2002,2,0,B59
Khepupara,2002,3,38,B59
Khepupara,2002,4,143,B59
Khepupara,2002,5,342,B59
Khepupara,2002,6,571,B59
Khepupara,2002,7,509,B59
Khepupara,2002,8,540,B59
Khepupara,2002,9,374,B59
Khepupara,2002,10,216,B59
Khepupara,2002,11,76,B59
Khepupara,2002,12,0,B59
Khepupara,2003,1,0,B59
Khepupara,2003,2,8,B59
Khepupara,2003,3,109,B59
Khepupara,2003,4,79,B59
Khepupara,2003,5,165,B59
Khepupara,2003,6,703,B59
Khepupara,2003,7,404,B59
Khepupara,2003,8,290,B59
Khepupara,2003,9,239,B59
Khepupara,2003,10,392,B59
Khepupara,2003,11,0,B59
Khepupara,2003,12,46,B59
Khepupara,2004,1,0,B59
Khepupara,2004,2,1,B59
Khepupara,2004,3,16,B59
Khepupara,2004,4,64,B59
Khepupara,2004,5,103,B59
Khepupara,2004,6,479,B59
Khepupara,2004,7,325,B59
Khepupara,2004,8,591,B59
Khepupara,2004,9,672,B59
Khepupara,2004,10,221,B59
Khepupara,2004,11,0,B59
Khepupara,2004,12,0,B59
Khepupara,2005,1,95,B59
Khepupara,2005,2,0,B59
Khepupara,2005,3,93,B59
Khepupara,2005,4,6,B59
Khepupara,2005,5,166,B59
Khepupara,2005,6,473,B59
Khepupara,2005,7,1000,B59
Khepupara,2005,8,489,B59
Khepupara,2005,9,475,B59
Khepupara,2005,10,534,B59
Khepupara,2005,11,1,B59
Khepupara,2005,12,16,B59
Khepupara,2006,1,0,B59
Khepupara,2006,2,0,B59
Khepupara,2006,3,0,B59
Khepupara,2006,4,65,B59
Khepupara,2006,5,452,B59
Khepupara,2006,6,389,B59
Khepupara,2006,7,611,B59
Khepupara,2006,8,398,B59
Khepupara,2006,9,699,B59
Khepupara,2006,10,23,B59
Khepupara,2006,11,11,B59
Khepupara,2006,12,0,B59
Khepupara,2007,1,10,B59
Khepupara,2007,2,37,B59
Khepupara,2007,3,0,B59
Khepupara,2007,4,80,B59
Khepupara,2007,5,227,B59
Khepupara,2007,6,240,B59
Khepupara,2007,7,926,B59
Khepupara,2007,8,334,B59
Khepupara,2007,9,557,B59
Khepupara,2007,10,693,B59
Khepupara,2007,11,127,B59
Khepupara,2007,12,0,B59
Khepupara,2008,1,40,B59
Khepupara,2008,2,35,B59
Khepupara,2008,3,1,B59
Khepupara,2008,4,28,B59
Khepupara,2008,5,111,B59
Khepupara,2008,6,438,B59
Khepupara,2008,7,931,B59
Khepupara,2008,8,459,B59
Khepupara,2008,9,514,B59
Khepupara,2008,10,467,B59
Khepupara,2008,11,0,B59
Khepupara,2008,12,0,B59
Khepupara,2009,1,0,B59
Khepupara,2009,2,0,B59
Khepupara,2009,3,2,B59
Khepupara,2009,4,45,B59
Khepupara,2009,5,210,B59
Khepupara,2009,6,221,B59
Khepupara,2009,7,758,B59
Khepupara,2009,8,439,B59
Khepupara,2009,9,323,B59
Khepupara,2009,10,239,B59
Khepupara,2009,11,52,B59
Khepupara,2009,12,0,B59
Khepupara,2010,1,0,B59
Khepupara,2010,2,17,B59
Khepupara,2010,3,0,B59
Khepupara,2010,4,5,B59
Khepupara,2010,5,371,B59
Khepupara,2010,6,681,B59
Khepupara,2010,7,340,B59
Khepupara,2010,8,279,B59
Khepupara,2010,9,237,B59
Khepupara,2010,10,604,B59
Khepupara,2010,11,29,B59
Khepupara,2010,12,5,B59
Khepupara,2011,1,0,B59
Khepupara,2011,2,0,B59
Khepupara,2011,3,35,B59
Khepupara,2011,4,106,B59
Khepupara,2011,5,249,B59
Khepupara,2011,6,542,B59
Khepupara,2011,7,802,B59
Khepupara,2011,8,925,B59
Khepupara,2011,9,345,B59
Khepupara,2011,10,88,B59
Khepupara,2011,11,0,B59
Khepupara,2011,12,0,B59
Khepupara,2012,1,9,B59
Khepupara,2012,2,0,B59
Khepupara,2012,3,49,B59
Khepupara,2012,4,96,B59
Khepupara,2012,5,128,B59
Khepupara,2012,6,415,B59
Khepupara,2012,7,639,B59
Khepupara,2012,8,392,B59
Khepupara,2012,9,562,B59
Khepupara,2012,10,259,B59
Khepupara,2012,11,69,B59
Khepupara,2012,12,10,B59
Khepupara,2013,1,0,B59
Khepupara,2013,2,1,B59
Khepupara,2013,3,0,B59
Khepupara,2013,4,0,B59
Khepupara,2013,5,727,B59
Khepupara,2013,6,395,B59
Khepupara,2013,7,640,B59
Khepupara,2013,8,403,B59
Khepupara,2013,9,536,B59
Khepupara,2013,10,418,B59
Khepupara,2013,11,0,B59
Khepupara,2013,12,0,B59
Khepupara,2014,1,0,B59
Khepupara,2014,2,31,B59
Khepupara,2014,3,3,B59
Khepupara,2014,4,7,B59
Khepupara,2014,5,189,B59
Khepupara,2014,6,342,B59
Khepupara,2014,7,460,B59
Khepupara,2014,8,441,B59
Khepupara,2014,9,270,B59
Khepupara,2014,10,133,B59
Khepupara,2014,11,0,B59
Khepupara,2014,12,1,B59
Khepupara,2015,1,8,B59
Khepupara,2015,2,15,B59
Khepupara,2015,3,18,B59
Khepupara,2015,4,102,B59
Khepupara,2015,5,41,B59
Khepupara,2015,6,610,B59
Khepupara,2015,7,1092,B59
Khepupara,2015,8,604,B59
Khepupara,2015,9,433,B59
Khepupara,2015,10,166,B59
Khepupara,2015,11,43,B59
Khepupara,2015,12,19,B59
Khepupara,2016,1,6,B59
Khepupara,2016,2,13,B59
Khepupara,2016,3,3,B59
Khepupara,2016,4,22,B59
Khepupara,2016,5,582,B59
Khepupara,2016,6,367,B59
Khepupara,2016,7,770,B59
Khepupara,2016,8,424,B59
Khepupara,2016,9,225,B59
Khepupara,2016,10,219,B59
Khepupara,2016,11,153,B59
Khepupara,2016,12,0,B59
Khepupara,2017,1,0,B59
Khepupara,2017,2,0,B59
Khepupara,2017,3,150,B59
Khepupara,2017,4,84,B59
Khepupara,2017,5,82,B59
Khepupara,2017,6,509,B59
Khepupara,2017,7,1079,B59
Khepupara,2017,8,344,B59
Khepupara,2017,9,574,B59
Khepupara,2017,10,444,B59
Khepupara,2017,11,23,B59
Khepupara,2017,12,55,B59
Khepupara,2018,1,0,B59
Khepupara,2018,2,0,B59
Khepupara,2018,3,0,B59
Khepupara,2018,4,22,B59
Khepupara,2018,5,246,B59
Khepupara,2018,6,797,B59
Khepupara,2018,7,1010,B59
Khepupara,2018,8,325,B59
Khepupara,2018,9,294,B59
Khepupara,2018,10,260,B59
Khepupara,2018,11,6,B59
Khepupara,2018,12,1,B59
Khepupara,2019,1,0,B59
Khepupara,2019,2,58,B59
Khepupara,2019,3,62,B59
Khepupara,2019,4,82,B59
Khepupara,2019,5,182,B59
Khepupara,2019,6,510,B59
Khepupara,2019,7,629,B59
Khepupara,2019,8,684,B59
Khepupara,2019,9,270,B59
Khepupara,2019,10,393,B59
Khepupara,2019,11,220,B59
Khepupara,2019,12,5,B59
Khepupara,2020,1,63,B59
Khepupara,2020,2,3,B59
Khepupara,2020,3,30,B59
Khepupara,2020,4,120,B59
Khepupara,2020,5,123,B59
Khepupara,2020,6,732,B59
Khepupara,2020,7,567,B59
Khepupara,2020,8,676,B59
Khepupara,2020,9,465,B59
Khepupara,2020,10,553,B59
Khepupara,2020,11,49,B59
Khepupara,2020,12,0,B59
Khepupara,2021,1,4,B59
Khepupara,2021,2,0,B59
Khepupara,2021,3,0,B59
Khepupara,2021,4,0,B59
Khepupara,2021,5,120,B59
Khepupara,2021,6,561,B59
Khepupara,2021,7,838,B59
Khepupara,2021,8,436,B59
Khepupara,2021,9,385,B59
Khepupara,2021,10,268,B59
Khepupara,2021,11,0,B59
Khepupara,2021,12,50,B59
Khepupara,2023,1,0,B59
Khepupara,2023,2,0,B59
Khepupara,2023,3,63,B59
Khepupara,2023,4,65,B59
Khepupara,2023,5,99,B59
Khepupara,2023,6,393,B59
Khepupara,2023,7,344,B59
Khepupara,2023,8,1271,B59
Khepupara,2023,9,553,B59
Khepupara,2023,10,324,B59
Khepupara,2023,11,166,B59
Khepupara,2023,12,0,B59
Khepupara,2022,1,4,B59
Khepupara,2022,2,36,B59
Khepupara,2022,3,0,B59
Khepupara,2022,4,3,B59
Khepupara,2022,5,370,B59
Khepupara,2022,6,154,B59
Khepupara,2022,7,219,B59
Khepupara,2022,8,499,B59
Khepupara,2022,9,521,B59
Khepupara,2022,10,497,B59
Khepupara,2022,11,0,B59
Khepupara,2022,12,0,B59
Khulna,1948,1,5,B59
Khulna,1948,2,116,B59
Khulna,1948,3,164,B59
Khulna,1948,4,129,B59
Khulna,1948,5,82,B59
Khulna,1948,6,68,B59
Khulna,1948,7,317,B59
Khulna,1948,8,112,B59
Khulna,1948,9,120,B59
Khulna,1948,10,111,B59
Khulna,1948,11,0,B59
Khulna,1948,12,0,B59
Khulna,1949,1,0,B59
Khulna,1949,2,1,B59
Khulna,1949,3,25,B59
Khulna,1949,4,271,B59
Khulna,1949,5,143,B59
Khulna,1949,6,311,B59
Khulna,1949,7,268,B59
Khulna,1949,8,190,B59
Khulna,1949,9,130,B59
Khulna,1949,10,85,B59
Khulna,1949,11,0,B59
Khulna,1949,12,0,B59
Khulna,1950,1,0,B59
Khulna,1950,2,4,B59
Khulna,1950,3,19,B59
Khulna,1950,4,13,B59
Khulna,1950,5,75,B59
Khulna,1950,6,361,B59
Khulna,1950,7,303,B59
Khulna,1950,8,243,B59
Khulna,1950,9,178,B59
Khulna,1950,10,114,B59
Khulna,1950,11,177,B59
Khulna,1950,12,0,B59
Khulna,1951,1,0,B59
Khulna,1951,2,0,B59
Khulna,1951,3,35,B59
Khulna,1951,4,62,B59
Khulna,1951,5,110,B59
Khulna,1951,6,193,B59
Khulna,1951,7,475,B59
Khulna,1951,8,224,B59
Khulna,1951,9,153,B59
Khulna,1951,10,124,B59
Khulna,1951,11,20,B59
Khulna,1951,12,0,B59
Khulna,1952,1,0,B59
Khulna,1952,2,0,B59
Khulna,1952,3,6,B59
Khulna,1952,4,81,B59
Khulna,1952,5,218,B59
Khulna,1952,6,323,B59
Khulna,1952,7,496,B59
Khulna,1952,8,122,B59
Khulna,1952,9,228,B59
Khulna,1952,10,158,B59
Khulna,1952,11,15,B59
Khulna,1952,12,3,B59
Khulna,1953,1,5,B59
Khulna,1953,2,2,B59
Khulna,1953,3,0,B59
Khulna,1953,4,73,B59
Khulna,1953,5,107,B59
Khulna,1953,6,553,B59
Khulna,1953,7,525,B59
Khulna,1953,8,278,B59
Khulna,1953,9,262,B59
Khulna,1953,10,179,B59
Khulna,1953,11,34,B59
Khulna,1953,12,0,B59
Khulna,1954,1,0,B59
Khulna,1954,2,0,B59
Khulna,1954,3,3,B59
Khulna,1954,4,15,B59
Khulna,1954,5,254,B59
Khulna,1954,6,555,B59
Khulna,1954,7,213,B59
Khulna,1954,8,197,B59
Khulna,1954,9,128,B59
Khulna,1954,10,166,B59
Khulna,1954,11,0,B59
Khulna,1954,12,0,B59
Khulna,1955,1,0,B59
Khulna,1955,2,0,B59
Khulna,1955,3,18,B59
Khulna,1955,4,38,B59
Khulna,1955,5,138,B59
Khulna,1955,6,348,B59
Khulna,1955,7,550,B59
Khulna,1955,8,202,B59
Khulna,1955,9,192,B59
Khulna,1955,10,152,B59
Khulna,1955,11,76,B59
Khulna,1955,12,0,B59
Khulna,1957,1,89,B59
Khulna,1957,2,14,B59
Khulna,1957,3,0,B59
Khulna,1957,4,0,B59
Khulna,1957,5,94,B59
Khulna,1957,6,242,B59
Khulna,1957,7,414,B59
Khulna,1957,8,133,B59
Khulna,1957,9,206,B59
Khulna,1957,10,47,B59
Khulna,1957,11,0,B59
Khulna,1957,12,0,B59
Khulna,1958,1,0,B59
Khulna,1958,2,0,B59
Khulna,1958,3,13,B59
Khulna,1958,4,109,B59
Khulna,1958,5,161,B59
Khulna,1958,6,231,B59
Khulna,1958,7,309,B59
Khulna,1958,8,139,B59
Khulna,1958,9,243,B59
Khulna,1958,10,96,B59
Khulna,1958,11,5,B59
Khulna,1958,12,0,B59
Khulna,1959,1,36,B59
Khulna,1959,2,25,B59
Khulna,1959,3,46,B59
Khulna,1959,4,69,B59
Khulna,1959,5,352,B59
Khulna,1959,6,257,B59
Khulna,1959,7,463,B59
Khulna,1959,8,402,B59
Khulna,1959,9,439,B59
Khulna,1959,10,532,B59
Khulna,1959,11,0,B59
Khulna,1959,12,0,B59
Khulna,1960,1,0,B59
Khulna,1960,2,0,B59
Khulna,1960,3,11,B59
Khulna,1960,4,0,B59
Khulna,1960,5,314,B59
Khulna,1960,6,196,B59
Khulna,1960,7,605,B59
Khulna,1960,8,188,B59
Khulna,1960,9,271,B59
Khulna,1960,10,132,B59
Khulna,1960,11,37,B59
Khulna,1960,12,0,B59
Khulna,1961,1,0,B59
Khulna,1961,2,23,B59
Khulna,1961,3,20,B59
Khulna,1961,4,27,B59
Khulna,1961,5,72,B59
Khulna,1961,6,411,B59
Khulna,1961,7,132,B59
Khulna,1961,8,412,B59
Khulna,1961,9,116,B59
Khulna,1961,10,78,B59
Khulna,1961,11,0,B59
Khulna,1961,12,0,B59
Khulna,1962,1,0,B59
Khulna,1962,2,0,B59
Khulna,1962,3,7,B59
Khulna,1962,4,61,B59
Khulna,1962,5,127,B59
Khulna,1962,6,348,B59
Khulna,1962,8,226,B59
Khulna,1962,9,161,B59
Khulna,1962,10,264,B59
Khulna,1962,11,0,B59
Khulna,1962,12,0,B59
Khulna,1963,1,0,B59
Khulna,1963,2,0,B59
Khulna,1963,4,117,B59
Khulna,1963,5,76,B59
Khulna,1963,6,535,B59
Khulna,1963,7,283,B59
Khulna,1963,8,207,B59
Khulna,1963,9,171,B59
Khulna,1963,10,139,B59
Khulna,1963,11,10,B59
Khulna,1963,12,0,B59
Khulna,1964,1,6,B59
Khulna,1964,2,1,B59
Khulna,1964,3,12,B59
Khulna,1964,4,321,B59
Khulna,1964,5,183,B59
Khulna,1964,6,224,B59
Khulna,1964,7,366,B59
Khulna,1964,8,188,B59
Khulna,1964,9,131,B59
Khulna,1964,10,246,B59
Khulna,1964,11,27,B59
Khulna,1964,12,0,B59
Khulna,1965,1,0,B59
Khulna,1965,2,5,B59
Khulna,1965,3,115,B59
Khulna,1965,4,123,B59
Khulna,1965,5,148,B59
Khulna,1965,6,407,B59
Khulna,1965,7,245,B59
Khulna,1965,8,457,B59
Khulna,1965,9,296,B59
Khulna,1965,10,67,B59
Khulna,1965,11,2,B59
Khulna,1965,12,8,B59
Khulna,1966,1,18,B59
Khulna,1966,2,0,B59
Khulna,1966,3,0,B59
Khulna,1966,4,17,B59
Khulna,1966,5,73,B59
Khulna,1966,6,404,B59
Khulna,1966,7,175,B59
Khulna,1966,8,355,B59
Khulna,1968,1,0,B59
Khulna,1968,2,0,B59
Khulna,1968,3,32,B59
Khulna,1968,4,19,B59
Khulna,1968,5,36,B59
Khulna,1968,6,522,B59
Khulna,1968,7,415,B59
Khulna,1968,8,134,B59
Khulna,1968,9,47,B59
Khulna,1968,10,17,B59
Khulna,1968,11,0,B59
Khulna,1968,12,0,B59
Khulna,1969,1,0,B59
Khulna,1969,2,0,B59
Khulna,1969,3,106,B59
Khulna,1969,4,54,B59
Khulna,1969,5,61,B59
Khulna,1969,6,301,B59
Khulna,1969,7,73,B59
Khulna,1969,8,507,B59
Khulna,1969,9,587,B59
Khulna,1969,10,50,B59
Khulna,1969,11,28,B59
Khulna,1969,12,0,B59
Khulna,1970,1,0,B59
Khulna,1970,2,0,B59
Khulna,1970,3,0,B59
Khulna,1970,4,51,B59
Khulna,1970,5,129,B59
Khulna,1970,6,548,B59
Khulna,1970,7,634,B59
Khulna,1970,8,270,B59
Khulna,1970,9,115,B59
Khulna,1970,10,190,B59
Khulna,1970,11,13,B59
Khulna,1970,12,0,B59
Khulna,1971,1,0,B59
Khulna,1971,2,0,B59
Khulna,1971,3,0,B59
Khulna,1971,4,0,B59
Khulna,1971,5,37,B59
Khulna,1971,6,63,B59
Khulna,1971,7,48,B59
Khulna,1971,8,135,B59
Khulna,1971,9,80,B59
Khulna,1971,10,106,B59
Khulna,1971,11,6,B59
Khulna,1971,12,0,B59
Khulna,1972,1,0,B59
Khulna,1972,2,0,B59
Khulna,1972,3,0,B59
Khulna,1972,4,64,B59
Khulna,1972,5,121,B59
Khulna,1972,7,137,B59
Khulna,1973,4,22,B59
Khulna,1973,5,373,B59
Khulna,1973,6,250,B59
Khulna,1973,7,107,B59
Khulna,1973,8,110,B59
Khulna,1973,9,39,B59
Khulna,1973,12,4,B59
Khulna,1974,2,0,B59
Khulna,1974,3,174,B59
Khulna,1974,4,37,B59
Khulna,1974,5,301,B59
Khulna,1974,6,251,B59
Khulna,1974,7,792,B59
Khulna,1974,8,442,B59
Khulna,1974,9,452,B59
Khulna,1974,10,312,B59
Khulna,1974,11,1,B59
Khulna,1974,12,0,B59
Khulna,1976,1,0,B59
Khulna,1976,2,70,B59
Khulna,1976,3,0,B59
Khulna,1976,4,59,B59
Khulna,1976,5,288,B59
Khulna,1976,6,340,B59
Khulna,1976,7,305,B59
Khulna,1976,8,378,B59
Khulna,1976,9,363,B59
Khulna,1976,10,114,B59
Khulna,1976,11,11,B59
Khulna,1976,12,0,B59
Khulna,1977,1,4,B59
Khulna,1977,2,0,B59
Khulna,1977,3,0,B59
Khulna,1977,4,157,B59
Khulna,1977,5,245,B59
Khulna,1977,6,355,B59
Khulna,1977,8,276,B59
Khulna,1977,9,57,B59
Khulna,1977,11,17,B59
Khulna,1977,12,11,B59
Khulna,1978,1,0,B59
Khulna,1978,2,3,B59
Khulna,1978,3,19,B59
Khulna,1978,4,81,B59
Khulna,1978,5,226,B59
Khulna,1978,6,436,B59
Khulna,1978,7,341,B59
Khulna,1978,8,301,B59
Khulna,1978,9,453,B59
Khulna,1978,10,127,B59
Khulna,1978,11,0,B59
Khulna,1978,12,0,B59
Khulna,1979,1,12,B59
Khulna,1979,2,26,B59
Khulna,1979,3,1,B59
Khulna,1979,4,12,B59
Khulna,1979,5,97,B59
Khulna,1979,6,356,B59
Khulna,1979,7,533,B59
Khulna,1979,8,633,B59
Khulna,1979,9,239,B59
Khulna,1979,10,93,B59
Khulna,1979,11,0,B59
Khulna,1979,12,31,B59
Khulna,1980,1,0,B59
Khulna,1980,2,101,B59
Khulna,1980,3,151,B59
Khulna,1980,4,23,B59
Khulna,1980,5,222,B59
Khulna,1980,6,348,B59
Khulna,1980,7,300,B59
Khulna,1980,8,421,B59
Khulna,1980,9,137,B59
Khulna,1980,10,126,B59
Khulna,1980,11,0,B59
Khulna,1980,12,1,B59
Khulna,1981,1,23,B59
Khulna,1981,2,42,B59
Khulna,1981,3,220,B59
Khulna,1981,4,347,B59
Khulna,1981,5,236,B59
Khulna,1981,6,227,B59
Khulna,1981,7,425,B59
Khulna,1981,8,268,B59
Khulna,1981,9,188,B59
Khulna,1981,10,29,B59
Khulna,1981,11,0,B59
Khulna,1981,12,65,B59
Khulna,1982,1,0,B59
Khulna,1982,2,15,B59
Khulna,1982,3,23,B59
Khulna,1982,4,135,B59
Khulna,1982,5,30,B59
Khulna,1982,6,340,B59
Khulna,1982,7,129,B59
Khulna,1982,8,386,B59
Khulna,1982,9,268,B59
Khulna,1982,10,22,B59
Khulna,1982,11,29,B59
Khulna,1982,12,3,B59
Khulna,1983,1,49,B59
Khulna,1983,2,60,B59
Khulna,1983,3,37,B59
Khulna,1983,4,163,B59
Khulna,1983,5,358,B59
Khulna,1983,6,302,B59
Khulna,1983,8,448,B59
Khulna,1983,9,244,B59
Khulna,1983,10,276,B59
Khulna,1983,11,6,B59
Khulna,1983,12,6,B59
Khulna,1984,1,32,B59
Khulna,1984,2,1,B59
Khulna,1984,3,0,B59
Khulna,1984,4,97,B59
Khulna,1984,5,227,B59
Khulna,1984,6,783,B59
Khulna,1984,7,300,B59
Khulna,1984,8,486,B59
Khulna,1984,9,159,B59
Khulna,1984,10,80,B59
Khulna,1984,11,0,B59
Khulna,1984,12,6,B59
Khulna,1985,1,9,B59
Khulna,1985,2,6,B59
Khulna,1985,3,30,B59
Khulna,1985,4,35,B59
Khulna,1985,5,158,B59
Khulna,1985,6,308,B59
Khulna,1985,7,161,B59
Khulna,1985,8,344,B59
Khulna,1985,9,143,B59
Khulna,1985,10,136,B59
Khulna,1985,11,12,B59
Khulna,1985,12,0,B59
Khulna,1986,1,8,B59
Khulna,1986,2,0,B59
Khulna,1986,3,1,B59
Khulna,1986,4,147,B59
Khulna,1986,5,251,B59
Khulna,1986,6,239,B59
Khulna,1986,7,390,B59
Khulna,1986,8,215,B59
Khulna,1986,9,843,B59
Khulna,1986,10,168,B59
Khulna,1986,11,152,B59
Khulna,1986,12,1,B59
Khulna,1987,1,2,B59
Khulna,1987,2,3,B59
Khulna,1987,3,55,B59
Khulna,1987,4,134,B59
Khulna,1987,5,113,B59
Khulna,1987,6,315,B59
Khulna,1987,7,517,B59
Khulna,1987,8,498,B59
Khulna,1987,9,189,B59
Khulna,1987,10,41,B59
Khulna,1987,11,48,B59
Khulna,1987,12,7,B59
Khulna,1988,1,0,B59
Khulna,1988,2,50,B59
Khulna,1988,3,18,B59
Khulna,1988,4,53,B59
Khulna,1988,5,305,B59
Khulna,1988,6,599,B59
Khulna,1988,7,326,B59
Khulna,1988,8,302,B59
Khulna,1988,9,67,B59
Khulna,1988,10,95,B59
Khulna,1988,11,140,B59
Khulna,1988,12,0,B59
Khulna,1989,1,0,B59
Khulna,1989,2,8,B59
Khulna,1989,3,2,B59
Khulna,1989,4,54,B59
Khulna,1989,5,185,B59
Khulna,1989,6,257,B59
Khulna,1989,7,239,B59
Khulna,1989,8,80,B59
Khulna,1989,9,246,B59
Khulna,1989,10,330,B59
Khulna,1989,11,0,B59
Khulna,1989,12,1,B59
Khulna,1990,1,0,B59
Khulna,1990,2,62,B59
Khulna,1990,3,212,B59
Khulna,1990,4,58,B59
Khulna,1990,5,261,B59
Khulna,1990,6,261,B59
Khulna,1990,7,436,B59
Khulna,1990,8,206,B59
Khulna,1990,9,205,B59
Khulna,1990,10,156,B59
Khulna,1990,11,77,B59
Khulna,1990,12,4,B59
Khulna,1991,1,10,B59
Khulna,1991,2,54,B59
Khulna,1991,3,36,B59
Khulna,1991,4,38,B59
Khulna,1991,5,100,B59
Khulna,1991,6,421,B59
Khulna,1991,7,229,B59
Khulna,1991,8,318,B59
Khulna,1991,9,342,B59
Khulna,1991,10,161,B59
Khulna,1991,11,4,B59
Khulna,1991,12,47,B59
Khulna,1992,1,13,B59
Khulna,1992,2,203,B59
Khulna,1992,3,0,B59
Khulna,1992,4,2,B59
Khulna,1992,5,192,B59
Khulna,1992,6,157,B59
Khulna,1992,7,254,B59
Khulna,1992,8,198,B59
Khulna,1992,9,111,B59
Khulna,1992,10,88,B59
Khulna,1992,11,0,B59
Khulna,1992,12,0,B59
Khulna,1993,1,70,B59
Khulna,1993,2,52,B59
Khulna,1993,3,127,B59
Khulna,1993,4,69,B59
Khulna,1993,5,211,B59
Khulna,1993,6,638,B59
Khulna,1993,7,288,B59
Khulna,1993,8,290,B59
Khulna,1993,9,196,B59
Khulna,1993,10,124,B59
Khulna,1993,11,14,B59
Khulna,1993,12,0,B59
Khulna,1994,1,1,B59
Khulna,1994,2,15,B59
Khulna,1994,3,0,B59
Khulna,1994,4,105,B59
Khulna,1994,5,115,B59
Khulna,1994,6,239,B59
Khulna,1994,7,210,B59
Khulna,1994,8,217,B59
Khulna,1994,9,160,B59
Khulna,1994,10,63,B59
Khulna,1994,11,5,B59
Khulna,1994,12,0,B59
Khulna,1995,1,8,B59
Khulna,1995,2,112,B59
Khulna,1995,3,34,B59
Khulna,1995,4,18,B59
Khulna,1995,5,182,B59
Khulna,1995,6,306,B59
Khulna,1995,7,356,B59
Khulna,1995,8,504,B59
Khulna,1995,9,278,B59
Khulna,1995,10,86,B59
Khulna,1995,11,162,B59
Khulna,1995,12,0,B59
Khulna,1996,1,1,B59
Khulna,1996,2,17,B59
Khulna,1996,3,1,B59
Khulna,1996,4,64,B59
Khulna,1996,5,117,B59
Khulna,1996,6,453,B59
Khulna,1996,7,223,B59
Khulna,1996,8,275,B59
Khulna,1996,9,70,B59
Khulna,1996,10,242,B59
Khulna,1996,11,8,B59
Khulna,1996,12,0,B59
Khulna,1997,1,10,B59
Khulna,1997,2,22,B59
Khulna,1997,3,99,B59
Khulna,1997,4,80,B59
Khulna,1997,5,181,B59
Khulna,1997,6,218,B59
Khulna,1997,7,456,B59
Khulna,1997,8,321,B59
Khulna,1997,9,364,B59
Khulna,1997,10,44,B59
Khulna,1997,11,2,B59
Khulna,1997,12,19,B59
Khulna,1998,1,59,B59
Khulna,1998,2,91,B59
Khulna,1998,3,213,B59
Khulna,1998,4,105,B59
Khulna,1998,5,161,B59
Khulna,1998,6,175,B59
Khulna,1998,7,343,B59
Khulna,1998,8,258,B59
Khulna,1998,9,300,B59
Khulna,1998,10,157,B59
Khulna,1998,11,132,B59
Khulna,1998,12,0,B59
Khulna,1999,1,0,B59
Khulna,1999,2,0,B59
Khulna,1999,3,0,B59
Khulna,1999,4,14,B59
Khulna,1999,5,172,B59
Khulna,1999,6,185,B59
Khulna,1999,7,420,B59
Khulna,1999,8,371,B59
Khulna,1999,9,374,B59
Khulna,1999,10,160,B59
Khulna,1999,11,14,B59
Khulna,1999,12,0,B59
Khulna,2000,1,4,B59
Khulna,2000,2,16,B59
Khulna,2000,3,18,B59
Khulna,2000,4,100,B59
Khulna,2000,5,145,B59
Khulna,2000,6,217,B59
Khulna,2000,7,410,B59
Khulna,2000,8,294,B59
Khulna,2000,9,336,B59
Khulna,2000,10,216,B59
Khulna,2000,11,0,B59
Khulna,2000,12,0,B59
Khulna,2001,1,0,B59
Khulna,2001,2,64,B59
Khulna,2001,3,21,B59
Khulna,2001,4,51,B59
Khulna,2001,5,244,B59
Khulna,2001,6,355,B59
Khulna,2001,7,272,B59
Khulna,2001,8,188,B59
Khulna,2001,9,207,B59
Khulna,2001,10,196,B59
Khulna,2001,11,31,B59
Khulna,2001,12,0,B59
Khulna,2002,1,15,B59
Khulna,2002,2,0,B59
Khulna,2002,3,14,B59
Khulna,2002,4,74,B59
Khulna,2002,5,254,B59
Khulna,2002,6,846,B59
Khulna,2002,7,360,B59
Khulna,2002,8,483,B59
Khulna,2002,9,357,B59
Khulna,2002,10,22,B59
Khulna,2002,11,169,B59
Khulna,2002,12,0,B59
Khulna,2003,1,0,B59
Khulna,2003,2,0,B59
Khulna,2003,3,155,B59
Khulna,2003,4,63,B59
Khulna,2003,5,125,B59
Khulna,2003,6,251,B59
Khulna,2003,7,287,B59
Khulna,2003,8,255,B59
Khulna,2003,9,145,B59
Khulna,2003,10,315,B59
Khulna,2003,11,0,B59
Khulna,2003,12,22,B59
Khulna,2004,1,0,B59
Khulna,2004,2,0,B59
Khulna,2004,3,7,B59
Khulna,2004,4,85,B59
Khulna,2004,5,180,B59
Khulna,2004,6,383,B59
Khulna,2004,7,253,B59
Khulna,2004,8,266,B59
Khulna,2004,9,621,B59
Khulna,2004,10,183,B59
Khulna,2004,11,0,B59
Khulna,2004,12,0,B59
Khulna,2005,1,15,B59
Khulna,2005,2,0,B59
Khulna,2005,3,148,B59
Khulna,2005,4,43,B59
Khulna,2005,5,215,B59
Khulna,2005,6,102,B59
Khulna,2005,7,435,B59
Khulna,2005,8,194,B59
Khulna,2005,9,410,B59
Khulna,2005,10,420,B59
Khulna,2005,11,0,B59
Khulna,2005,12,0,B59
Khulna,2006,1,0,B59
Khulna,2006,2,0,B59
Khulna,2006,3,5,B59
Khulna,2006,4,19,B59
Khulna,2006,5,230,B59
Khulna,2006,6,262,B59
Khulna,2006,7,522,B59
Khulna,2006,8,364,B59
Khulna,2006,9,579,B59
Khulna,2006,10,79,B59
Khulna,2006,11,1,B59
Khulna,2006,12,0,B59
Khulna,2007,1,0,B59
Khulna,2007,2,54,B59
Khulna,2007,3,14,B59
Khulna,2007,4,92,B59
Khulna,2007,5,119,B59
Khulna,2007,6,374,B59
Khulna,2007,7,591,B59
Khulna,2007,8,160,B59
Khulna,2007,9,397,B59
Khulna,2007,10,197,B59
Khulna,2007,11,113,B59
Khulna,2007,12,0,B59
Khulna,2008,1,66,B59
Khulna,2008,2,36,B59
Khulna,2008,3,48,B59
Khulna,2008,4,36,B59
Khulna,2008,5,151,B59
Khulna,2008,6,190,B59
Khulna,2008,7,301,B59
Khulna,2008,8,202,B59
Khulna,2008,9,379,B59
Khulna,2008,10,187,B59
Khulna,2008,11,0,B59
Khulna,2008,12,0,B59
Khulna,2009,1,1,B59
Khulna,2009,2,6,B59
Khulna,2009,3,10,B59
Khulna,2009,4,23,B59
Khulna,2009,5,130,B59
Khulna,2009,6,233,B59
Khulna,2009,7,347,B59
Khulna,2009,8,568,B59
Khulna,2009,9,357,B59
Khulna,2009,10,111,B59
Khulna,2009,11,20,B59
Khulna,2009,12,0,B59
Khulna,2010,1,0,B59
Khulna,2010,2,2,B59
Khulna,2010,3,14,B59
Khulna,2010,4,21,B59
Khulna,2010,5,146,B59
Khulna,2010,6,287,B59
Khulna,2010,7,180,B59
Khulna,2010,8,205,B59
Khulna,2010,9,157,B59
Khulna,2010,10,332,B59
Khulna,2010,11,0,B59
Khulna,2010,12,13,B59
Khulna,2011,1,0,B59
Khulna,2011,2,1,B59
Khulna,2011,3,16,B59
Khulna,2011,4,28,B59
Khulna,2011,5,145,B59
Khulna,2011,6,381,B59
Khulna,2011,7,387,B59
Khulna,2011,8,614,B59
Khulna,2011,9,367,B59
Khulna,2011,10,3,B59
Khulna,2011,11,6,B59
Khulna,2011,12,0,B59
Khulna,2012,1,66,B59
Khulna,2012,2,18,B59
Khulna,2012,3,1,B59
Khulna,2012,4,52,B59
Khulna,2012,5,63,B59
Khulna,2012,6,255,B59
Khulna,2012,7,391,B59
Khulna,2012,8,254,B59
Khulna,2012,9,374,B59
Khulna,2012,10,89,B59
Khulna,2012,11,80,B59
Khulna,2012,12,2,B59
Khulna,2013,1,1,B59
Khulna,2013,2,7,B59
Khulna,2013,3,19,B59
Khulna,2013,4,62,B59
Khulna,2013,5,430,B59
Khulna,2013,6,212,B59
Khulna,2013,7,313,B59
Khulna,2013,8,482,B59
Khulna,2013,9,278,B59
Khulna,2013,10,260,B59
Khulna,2013,11,0,B59
Khulna,2013,12,0,B59
Khulna,2014,1,0,B59
Khulna,2014,2,24,B59
Khulna,2014,3,5,B59
Khulna,2014,4,0,B59
Khulna,2014,5,118,B59
Khulna,2014,6,447,B59
Khulna,2014,7,394,B59
Khulna,2014,8,258,B59
Khulna,2014,9,205,B59
Khulna,2014,10,10,B59
Khulna,2014,11,0,B59
Khulna,2014,12,0,B59
Khulna,2015,1,41,B59
Khulna,2015,2,35,B59
Khulna,2015,3,28,B59
Khulna,2015,4,107,B59
Khulna,2015,5,128,B59
Khulna,2015,6,318,B59
Khulna,2015,7,922,B59
Khulna,2015,8,353,B59
Khulna,2015,9,293,B59
Khulna,2015,10,83,B59
Khulna,2015,11,3,B59
Khulna,2015,12,6,B59
Khulna,2016,1,0,B59
Khulna,2016,2,97,B59
Khulna,2016,3,5,B59
Khulna,2016,4,54,B59
Khulna,2016,5,350,B59
Khulna,2016,6,353,B59
Khulna,2016,7,413,B59
Khulna,2016,8,646,B59
Khulna,2016,9,148,B59
Khulna,2016,10,81,B59
Khulna,2016,11,75,B59
Khulna,2016,12,0,B59
Khulna,2017,1,0,B59
Khulna,2017,2,2,B59
Khulna,2017,3,59,B59
Khulna,2017,4,99,B59
Khulna,2017,5,200,B59
Khulna,2017,6,356,B59
Khulna,2017,7,690,B59
Khulna,2017,8,313,B59
Khulna,2017,9,175,B59
Khulna,2017,10,322,B59
Khulna,2017,11,19,B59
Khulna,2017,12,51,B59
Khulna,2018,1,0,B59
Khulna,2018,2,0,B59
Khulna,2018,3,1,B59
Khulna,2018,4,64,B59
Khulna,2018,5,226,B59
Khulna,2018,6,266,B59
Khulna,2018,7,264,B59
Khulna,2018,8,107,B59
Khulna,2018,9,106,B59
Khulna,2018,10,36,B59
Khulna,2018,11,0,B59
Khulna,2018,12,3,B59
Khulna,2019,1,0,B59
Khulna,2019,2,166,B59
Khulna,2019,3,74,B59
Khulna,2019,4,102,B59
Khulna,2019,5,104,B59
Khulna,2019,6,114,B59
Khulna,2019,7,335,B59
Khulna,2019,8,370,B59
Khulna,2019,9,283,B59
Khulna,2019,10,187,B59
Khulna,2019,11,175,B59
Khulna,2019,12,15,B59
Khulna,2020,1,30,B59
Khulna,2020,2,2,B59
Khulna,2020,3,10,B59
Khulna,2020,4,179,B59
Khulna,2020,5,243,B59
Khulna,2020,6,350,B59
Khulna,2020,7,223,B59
Khulna,2020,8,265,B59
Khulna,2020,9,172,B59
Khulna,2020,10,90,B59
Khulna,2020,11,6,B59
Khulna,2020,12,0,B59
Khulna,2021,1,0,B59
Khulna,2021,2,3,B59
Khulna,2021,3,0,B59
Khulna,2021,4,2,B59
Khulna,2021,5,124,B59
Khulna,2021,6,458,B59
Khulna,2021,7,524,B59
Khulna,2021,8,202,B59
Khulna,2021,9,340,B59
Khulna,2021,10,234,B59
Khulna,2021,11,3,B59
Khulna,2021,12,69,B59
Khulna,2023,1,0,B59
Khulna,2023,2,0,B59
Khulna,2023,3,113,B59
Khulna,2023,4,16,B59
Khulna,2023,5,160,B59
Khulna,2023,6,232,B59
Khulna,2023,7,190,B59
Khulna,2023,8,240,B59
Khulna,2023,9,268,B59
Khulna,2023,10,160,B59
Khulna,2023,11,46,B59
Khulna,2023,12,23,B59
Khulna,2022,1,8,B59
Khulna,2022,2,75,B59
Khulna,2022,3,0,B59
Khulna,2022,4,12,B59
Khulna,2022,5,186,B59
Khulna,2022,6,76,B59
Khulna,2022,7,116,B59
Khulna,2022,8,184,B59
Khulna,2022,9,350,B59
Khulna,2022,10,292,B59
Khulna,2022,11,0,B59
Khulna,2022,12,0,B59
Koyra,2023,7,328,B59
Koyra,2023,8,301,B59
Koyra,2023,9,396,B59
Koyra,2023,10,155,B59
Koyra,2023,11,56,B59
Koyra,2023,12,0,B59
Kumarkhali,2020,12,0,B59
Kumarkhali,2021,1,0,B59
Kumarkhali,2021,2,0,B59
Kumarkhali,2021,3,0,B59
Kumarkhali,2021,4,9,B59
Kumarkhali,2021,5,108,B59
Kumarkhali,2021,6,399,B59
Kumarkhali,2021,7,220,B59
Kumarkhali,2021,8,365,B59
Kumarkhali,2021,9,181,B59
Kumarkhali,2021,10,80,B59
Kumarkhali,2021,11,36,B59
Kumarkhali,2021,12,60,B59
Kumarkhali,2023,1,0,B59
Kumarkhali,2023,2,0,B59
Kumarkhali,2023,3,82,B59
Kumarkhali,2023,4,53,B59
Kumarkhali,2023,5,157,B59
Kumarkhali,2023,6,91,B59
Kumarkhali,2023,7,189,B59
Kumarkhali,2023,8,410,B59
Kumarkhali,2023,9,126,B59
Kumarkhali,2023,10,211,B59
Kumarkhali,2023,11,1,B59
Kumarkhali,2023,12,44,B59
Kutubdia,1977,1,0,B59
Kutubdia,1977,2,0,B59
Kutubdia,1977,3,0,B59
Kutubdia,1977,4,0,B59
Kutubdia,1977,5,0,B59
Kutubdia,1977,6,421,B59
Kutubdia,1977,7,536,B59
Kutubdia,1977,8,441,B59
Kutubdia,1977,9,240,B59
Kutubdia,1977,10,0,B59
Kutubdia,1977,11,4,B59
Kutubdia,1977,12,1,B59
Kutubdia,1979,1,0,B59
Kutubdia,1979,2,0,B59
Kutubdia,1979,3,0,B59
Kutubdia,1979,4,0,B59
Kutubdia,1979,5,28,B59
Kutubdia,1979,6,86,B59
Kutubdia,1979,7,104,B59
Kutubdia,1979,8,145,B59
Kutubdia,1979,9,89,B59
Kutubdia,1979,10,27,B59
Kutubdia,1979,11,0,B59
Kutubdia,1979,12,15,B59
Kutubdia,1980,1,0,B59
Kutubdia,1980,2,3,B59
Kutubdia,1980,3,0,B59
Kutubdia,1980,4,9,B59
Kutubdia,1980,5,107,B59
Kutubdia,1980,6,122,B59
Kutubdia,1980,7,158,B59
Kutubdia,1980,8,47,B59
Kutubdia,1980,9,0,B59
Kutubdia,1980,10,0,B59
Kutubdia,1980,11,0,B59
Kutubdia,1980,12,0,B59
Kutubdia,1985,1,0,B59
Kutubdia,1985,2,0,B59
Kutubdia,1985,3,31,B59
Kutubdia,1985,4,199,B59
Kutubdia,1985,5,399,B59
Kutubdia,1985,6,421,B59
Kutubdia,1985,7,808,B59
Kutubdia,1985,8,489,B59
Kutubdia,1985,9,195,B59
Kutubdia,1985,10,51,B59
Kutubdia,1985,11,188,B59
Kutubdia,1985,12,0,B59
Kutubdia,1986,1,0,B59
Kutubdia,1986,2,0,B59
Kutubdia,1986,3,0,B59
Kutubdia,1986,4,58,B59
Kutubdia,1986,5,128,B59
Kutubdia,1986,6,842,B59
Kutubdia,1986,7,793,B59
Kutubdia,1986,8,329,B59
Kutubdia,1986,9,225,B59
Kutubdia,1986,10,220,B59
Kutubdia,1986,11,117,B59
Kutubdia,1986,12,0,B59
Kutubdia,1987,1,4,B59
Kutubdia,1987,2,25,B59
Kutubdia,1987,3,10,B59
Kutubdia,1987,4,152,B59
Kutubdia,1987,5,47,B59
Kutubdia,1987,6,751,B59
Kutubdia,1987,7,1247,B59
Kutubdia,1987,8,746,B59
Kutubdia,1987,9,495,B59
Kutubdia,1987,10,42,B59
Kutubdia,1987,11,114,B59
Kutubdia,1987,12,7,B59
Kutubdia,1988,1,0,B59
Kutubdia,1988,2,61,B59
Kutubdia,1988,3,26,B59
Kutubdia,1988,4,96,B59
Kutubdia,1988,5,371,B59
Kutubdia,1988,6,771,B59
Kutubdia,1988,7,518,B59
Kutubdia,1988,8,508,B59
Kutubdia,1988,9,552,B59
Kutubdia,1988,10,213,B59
Kutubdia,1988,11,106,B59
Kutubdia,1988,12,13,B59
Kutubdia,1989,1,0,B59
Kutubdia,1989,2,0,B59
Kutubdia,1989,3,0,B59
Kutubdia,1989,4,80,B59
Kutubdia,1989,5,115,B59
Kutubdia,1989,6,450,B59
Kutubdia,1989,7,725,B59
Kutubdia,1989,8,66,B59
Kutubdia,1989,9,479,B59
Kutubdia,1989,10,496,B59
Kutubdia,1989,11,16,B59
Kutubdia,1989,12,0,B59
Kutubdia,1990,1,0,B59
Kutubdia,1990,2,56,B59
Kutubdia,1990,3,191,B59
Kutubdia,1990,4,60,B59
Kutubdia,1990,5,206,B59
Kutubdia,1990,6,995,B59
Kutubdia,1990,7,1340,B59
Kutubdia,1990,8,137,B59
Kutubdia,1990,9,167,B59
Kutubdia,1990,10,250,B59
Kutubdia,1990,11,139,B59
Kutubdia,1990,12,41,B59
Kutubdia,1991,1,34,B59
Kutubdia,1991,2,0,B59
Kutubdia,1991,3,1,B59
Kutubdia,1991,4,147,B59
Kutubdia,1991,5,5,B59
Kutubdia,1991,6,948,B59
Kutubdia,1991,7,664,B59
Kutubdia,1991,8,771,B59
Kutubdia,1991,9,395,B59
Kutubdia,1991,10,224,B59
Kutubdia,1991,11,126,B59
Kutubdia,1991,12,0,B59
Kutubdia,1992,1,0,B59
Kutubdia,1992,2,138,B59
Kutubdia,1992,3,0,B59
Kutubdia,1992,4,13,B59
Kutubdia,1992,5,176,B59
Kutubdia,1992,6,1074,B59
Kutubdia,1992,7,705,B59
Kutubdia,1992,8,198,B59
Kutubdia,1992,9,207,B59
Kutubdia,1992,10,322,B59
Kutubdia,1992,11,36,B59
Kutubdia,1992,12,19,B59
Kutubdia,1993,1,51,B59
Kutubdia,1993,2,82,B59
Kutubdia,1993,3,135,B59
Kutubdia,1993,4,91,B59
Kutubdia,1993,5,312,B59
Kutubdia,1993,6,831,B59
Kutubdia,1993,7,476,B59
Kutubdia,1993,8,664,B59
Kutubdia,1993,9,245,B59
Kutubdia,1993,10,144,B59
Kutubdia,1993,11,52,B59
Kutubdia,1993,12,0,B59
Kutubdia,1994,1,9,B59
Kutubdia,1994,2,10,B59
Kutubdia,1994,3,327,B59
Kutubdia,1994,4,262,B59
Kutubdia,1994,5,227,B59
Kutubdia,1994,6,618,B59
Kutubdia,1994,7,746,B59
Kutubdia,1994,8,379,B59
Kutubdia,1994,9,172,B59
Kutubdia,1994,10,58,B59
Kutubdia,1994,11,23,B59
Kutubdia,1994,12,0,B59
Kutubdia,1995,1,0,B59
Kutubdia,1995,2,0,B59
Kutubdia,1995,3,46,B59
Kutubdia,1995,4,35,B59
Kutubdia,1995,5,399,B59
Kutubdia,1995,6,583,B59
Kutubdia,1995,7,809,B59
Kutubdia,1995,8,387,B59
Kutubdia,1995,9,286,B59
Kutubdia,1995,10,70,B59
Kutubdia,1995,11,433,B59
Kutubdia,1995,12,0,B59
Kutubdia,1996,1,0,B59
Kutubdia,1996,2,33,B59
Kutubdia,1996,3,53,B59
Kutubdia,1996,4,49,B59
Kutubdia,1996,5,184,B59
Kutubdia,1996,6,684,B59
Kutubdia,1996,7,731,B59
Kutubdia,1996,8,751,B59
Kutubdia,1996,9,455,B59
Kutubdia,1996,10,543,B59
Kutubdia,1996,11,14,B59
Kutubdia,1996,12,0,B59
Kutubdia,1997,1,0,B59
Kutubdia,1997,2,14,B59
Kutubdia,1997,3,39,B59
Kutubdia,1997,4,49,B59
Kutubdia,1997,5,121,B59
Kutubdia,1997,6,421,B59
Kutubdia,1997,7,907,B59
Kutubdia,1997,8,467,B59
Kutubdia,1997,9,612,B59
Kutubdia,1997,10,124,B59
Kutubdia,1997,11,19,B59
Kutubdia,1997,12,24,B59
Kutubdia,1998,1,15,B59
Kutubdia,1998,2,31,B59
Kutubdia,1998,3,41,B59
Kutubdia,1998,4,167,B59
Kutubdia,1998,5,387,B59
Kutubdia,1998,6,220,B59
Kutubdia,1998,7,1805,B59
Kutubdia,1998,8,1417,B59
Kutubdia,1998,9,310,B59
Kutubdia,1998,10,117,B59
Kutubdia,1998,11,77,B59
Kutubdia,1998,12,0,B59
Kutubdia,1999,1,0,B59
Kutubdia,1999,2,0,B59
Kutubdia,1999,3,0,B59
Kutubdia,1999,4,0,B59
Kutubdia,1999,5,410,B59
Kutubdia,1999,6,648,B59
Kutubdia,1999,7,602,B59
Kutubdia,1999,8,821,B59
Kutubdia,1999,9,314,B59
Kutubdia,1999,10,262,B59
Kutubdia,1999,11,34,B59
Kutubdia,1999,12,66,B59
Kutubdia,2000,1,10,B59
Kutubdia,2000,2,3,B59
Kutubdia,2000,3,43,B59
Kutubdia,2000,4,84,B59
Kutubdia,2000,5,446,B59
Kutubdia,2000,6,691,B59
Kutubdia,2000,7,792,B59
Kutubdia,2000,8,659,B59
Kutubdia,2000,9,85,B59
Kutubdia,2000,10,321,B59
Kutubdia,2000,11,4,B59
Kutubdia,2000,12,0,B59
Kutubdia,2001,1,0,B59
Kutubdia,2001,2,20,B59
Kutubdia,2001,3,1,B59
Kutubdia,2001,4,19,B59
Kutubdia,2001,5,302,B59
Kutubdia,2001,6,773,B59
Kutubdia,2001,7,413,B59
Kutubdia,2001,8,301,B59
Kutubdia,2001,9,167,B59
Kutubdia,2001,10,200,B59
Kutubdia,2001,11,124,B59
Kutubdia,2001,12,0,B59
Kutubdia,2002,1,3,B59
Kutubdia,2002,2,0,B59
Kutubdia,2002,3,41,B59
Kutubdia,2002,4,56,B59
Kutubdia,2002,5,473,B59
Kutubdia,2002,6,359,B59
Kutubdia,2002,7,686,B59
Kutubdia,2002,8,392,B59
Kutubdia,2002,9,177,B59
Kutubdia,2002,10,202,B59
Kutubdia,2002,11,0,B59
Kutubdia,2002,12,0,B59
Kutubdia,2003,1,0,B59
Kutubdia,2003,2,0,B59
Kutubdia,2003,3,66,B59
Kutubdia,2003,4,11,B59
Kutubdia,2003,5,215,B59
Kutubdia,2003,6,925,B59
Kutubdia,2003,7,330,B59
Kutubdia,2003,8,327,B59
Kutubdia,2003,9,390,B59
Kutubdia,2003,10,231,B59
Kutubdia,2003,11,0,B59
Kutubdia,2003,12,0,B59
Kutubdia,2004,1,0,B59
Kutubdia,2004,2,0,B59
Kutubdia,2004,3,4,B59
Kutubdia,2004,4,134,B59
Kutubdia,2004,5,167,B59
Kutubdia,2004,6,539,B59
Kutubdia,2004,7,559,B59
Kutubdia,2004,8,461,B59
Kutubdia,2004,9,528,B59
Kutubdia,2004,10,149,B59
Kutubdia,2004,11,0,B59
Kutubdia,2004,12,0,B59
Kutubdia,2005,1,4,B59
Kutubdia,2005,2,0,B59
Kutubdia,2005,3,102,B59
Kutubdia,2005,4,139,B59
Kutubdia,2005,5,218,B59
Kutubdia,2005,6,433,B59
Kutubdia,2005,7,507,B59
Kutubdia,2005,8,853,B59
Kutubdia,2005,9,251,B59
Kutubdia,2005,10,189,B59
Kutubdia,2005,11,16,B59
Kutubdia,2005,12,15,B59
Kutubdia,2006,1,0,B59
Kutubdia,2006,2,0,B59
Kutubdia,2006,3,0,B59
Kutubdia,2006,4,25,B59
Kutubdia,2006,5,626,B59
Kutubdia,2006,6,488,B59
Kutubdia,2006,7,899,B59
Kutubdia,2006,8,344,B59
Kutubdia,2006,9,502,B59
Kutubdia,2006,10,81,B59
Kutubdia,2006,11,2,B59
Kutubdia,2006,12,0,B59
Kutubdia,2007,1,0,B59
Kutubdia,2007,2,117,B59
Kutubdia,2007,3,0,B59
Kutubdia,2007,4,104,B59
Kutubdia,2007,5,365,B59
Kutubdia,2007,6,483,B59
Kutubdia,2007,7,709,B59
Kutubdia,2007,8,416,B59
Kutubdia,2007,9,481,B59
Kutubdia,2007,10,325,B59
Kutubdia,2007,11,162,B59
Kutubdia,2007,12,0,B59
Kutubdia,2008,1,52,B59
Kutubdia,2008,2,6,B59
Kutubdia,2008,3,10,B59
Kutubdia,2008,4,1,B59
Kutubdia,2008,5,253,B59
Kutubdia,2008,6,441,B59
Kutubdia,2008,7,1256,B59
Kutubdia,2008,8,659,B59
Kutubdia,2008,9,305,B59
Kutubdia,2008,10,181,B59
Kutubdia,2008,11,7,B59
Kutubdia,2008,12,0,B59
Kutubdia,2009,1,0,B59
Kutubdia,2009,2,0,B59
Kutubdia,2009,3,2,B59
Kutubdia,2009,4,87,B59
Kutubdia,2009,5,180,B59
Kutubdia,2009,6,410,B59
Kutubdia,2009,7,1067,B59
Kutubdia,2009,8,448,B59
Kutubdia,2009,9,308,B59
Kutubdia,2009,10,125,B59
Kutubdia,2009,11,31,B59
Kutubdia,2009,12,0,B59
Kutubdia,2010,1,0,B59
Kutubdia,2010,2,2,B59
Kutubdia,2010,3,10,B59
Kutubdia,2010,4,4,B59
Kutubdia,2010,5,464,B59
Kutubdia,2010,6,666,B59
Kutubdia,2010,7,517,B59
Kutubdia,2010,8,466,B59
Kutubdia,2010,9,120,B59
Kutubdia,2010,10,403,B59
Kutubdia,2010,11,0,B59
Kutubdia,2010,12,50,B59
Kutubdia,2011,1,5,B59
Kutubdia,2011,2,0,B59
Kutubdia,2011,3,22,B59
Kutubdia,2011,4,118,B59
Kutubdia,2011,5,316,B59
Kutubdia,2011,6,952,B59
Kutubdia,2011,7,803,B59
Kutubdia,2011,8,856,B59
Kutubdia,2011,9,597,B59
Kutubdia,2011,10,224,B59
Kutubdia,2011,11,0,B59
Kutubdia,2011,12,1,B59
Kutubdia,2012,1,0,B59
Kutubdia,2012,2,0,B59
Kutubdia,2012,3,37,B59
Kutubdia,2012,4,135,B59
Kutubdia,2012,5,251,B59
Kutubdia,2012,6,1178,B59
Kutubdia,2012,7,1688,B59
Kutubdia,2012,8,527,B59
Kutubdia,2012,9,260,B59
Kutubdia,2012,10,554,B59
Kutubdia,2012,11,47,B59
Kutubdia,2012,12,0,B59
Kutubdia,2013,1,0,B59
Kutubdia,2013,2,1,B59
Kutubdia,2013,3,0,B59
Kutubdia,2013,4,85,B59
Kutubdia,2013,5,1088,B59
Kutubdia,2013,6,1058,B59
Kutubdia,2013,7,818,B59
Kutubdia,2013,8,642,B59
Kutubdia,2013,9,296,B59
Kutubdia,2013,10,215,B59
Kutubdia,2013,11,0,B59
Kutubdia,2013,12,0,B59
Kutubdia,2014,1,0,B59
Kutubdia,2014,2,48,B59
Kutubdia,2014,3,4,B59
Kutubdia,2014,4,55,B59
Kutubdia,2014,5,103,B59
Kutubdia,2014,6,1055,B59
Kutubdia,2014,7,620,B59
Kutubdia,2014,8,545,B59
Kutubdia,2014,9,449,B59
Kutubdia,2014,10,80,B59
Kutubdia,2014,11,1,B59
Kutubdia,2014,12,0,B59
Kutubdia,2015,1,16,B59
Kutubdia,2015,2,0,B59
Kutubdia,2015,3,4,B59
Kutubdia,2015,4,188,B59
Kutubdia,2015,5,81,B59
Kutubdia,2015,6,1034,B59
Kutubdia,2015,7,1517,B59
Kutubdia,2015,8,666,B59
Kutubdia,2015,9,452,B59
Kutubdia,2015,10,220,B59
Kutubdia,2015,11,40,B59
Kutubdia,2015,12,35,B59
Kutubdia,2016,1,9,B59
Kutubdia,2016,2,4,B59
Kutubdia,2016,3,65,B59
Kutubdia,2016,4,14,B59
Kutubdia,2016,5,318,B59
Kutubdia,2016,6,329,B59
Kutubdia,2016,7,872,B59
Kutubdia,2016,8,573,B59
Kutubdia,2016,9,377,B59
Kutubdia,2016,10,262,B59
Kutubdia,2016,11,102,B59
Kutubdia,2016,12,0,B59
Kutubdia,2017,1,0,B59
Kutubdia,2017,2,0,B59
Kutubdia,2017,3,169,B59
Kutubdia,2017,4,270,B59
Kutubdia,2017,5,187,B59
Kutubdia,2017,6,639,B59
Kutubdia,2017,7,1188,B59
Kutubdia,2017,8,444,B59
Kutubdia,2017,9,615,B59
Kutubdia,2017,10,170,B59
Kutubdia,2017,11,9,B59
Kutubdia,2017,12,30,B59
Kutubdia,2018,1,11,B59
Kutubdia,2018,2,0,B59
Kutubdia,2018,3,0,B59
Kutubdia,2018,4,90,B59
Kutubdia,2018,5,273,B59
Kutubdia,2018,6,737,B59
Kutubdia,2018,7,744,B59
Kutubdia,2018,8,435,B59
Kutubdia,2018,9,319,B59
Kutubdia,2018,10,365,B59
Kutubdia,2018,11,4,B59
Kutubdia,2018,12,18,B59
Kutubdia,2019,1,0,B59
Kutubdia,2019,2,21,B59
Kutubdia,2019,3,46,B59
Kutubdia,2019,4,23,B59
Kutubdia,2019,5,94,B59
Kutubdia,2019,6,139,B59
Kutubdia,2019,7,1244,B59
Kutubdia,2019,8,303,B59
Kutubdia,2019,9,496,B59
Kutubdia,2019,10,187,B59
Kutubdia,2019,11,57,B59
Kutubdia,2019,12,3,B59
Kutubdia,2020,1,40,B59
Kutubdia,2020,2,0,B59
Kutubdia,2020,3,0,B59
Kutubdia,2020,4,82,B59
Kutubdia,2020,5,305,B59
Kutubdia,2020,6,631,B59
Kutubdia,2020,7,879,B59
Kutubdia,2020,8,898,B59
Kutubdia,2020,9,215,B59
Kutubdia,2020,10,368,B59
Kutubdia,2020,11,55,B59
Kutubdia,2020,12,0,B59
Kutubdia,2021,1,0,B59
Kutubdia,2021,2,0,B59
Kutubdia,2021,3,0,B59
Kutubdia,2021,4,19,B59
Kutubdia,2021,5,82,B59
Kutubdia,2021,6,902,B59
Kutubdia,2021,7,1084,B59
Kutubdia,2021,8,973,B59
Kutubdia,2021,9,133,B59
Kutubdia,2021,10,252,B59
Kutubdia,2021,11,0,B59
Kutubdia,2021,12,84,B59
Kutubdia,2023,1,0,B59
Kutubdia,2023,2,0,B59
Kutubdia,2023,3,35,B59
Kutubdia,2023,4,22,B59
Kutubdia,2023,5,134,B59
Kutubdia,2023,6,333,B59
Kutubdia,2023,7,209,B59
Kutubdia,2023,8,807,B59
Kutubdia,2023,9,484,B59
Kutubdia,2023,10,261,B59
Kutubdia,2023,11,107,B59
Kutubdia,2023,12,7,B59
Kutubdia,2022,1,7,B59
Kutubdia,2022,2,15,B59
Kutubdia,2022,3,0,B59
Kutubdia,2022,4,40,B59
Kutubdia,2022,5,288,B59
Kutubdia,2022,6,546,B59
Kutubdia,2022,7,213,B59
Kutubdia,2022,8,97,B59
Kutubdia,2022,9,333,B59
Kutubdia,2022,10,169,B59
Kutubdia,2022,11,0,B59
Kutubdia,2022,12,0,B59
Maijdi Court,1951,8,170,B59
Maijdi Court,1951,9,55,B59
Maijdi Court,1951,10,180,B59
Maijdi Court,1951,12,0,B59
Maijdi Court,1952,1,3,B59
Maijdi Court,1952,2,0,B59
Maijdi Court,1952,3,35,B59
Maijdi Court,1952,4,303,B59
Maijdi Court,1952,5,260,B59
Maijdi Court,1952,6,798,B59
Maijdi Court,1952,7,740,B59
Maijdi Court,1952,8,416,B59
Maijdi Court,1952,9,363,B59
Maijdi Court,1952,10,399,B59
Maijdi Court,1952,11,113,B59
Maijdi Court,1952,12,0,B59
Maijdi Court,1953,1,0,B59
Maijdi Court,1953,2,1,B59
Maijdi Court,1953,3,9,B59
Maijdi Court,1953,4,63,B59
Maijdi Court,1953,5,480,B59
Maijdi Court,1953,6,692,B59
Maijdi Court,1953,7,845,B59
Maijdi Court,1953,8,347,B59
Maijdi Court,1953,9,609,B59
Maijdi Court,1953,10,258,B59
Maijdi Court,1953,11,46,B59
Maijdi Court,1953,12,0,B59
Maijdi Court,1954,1,24,B59
Maijdi Court,1954,2,0,B59
Maijdi Court,1954,3,20,B59
Maijdi Court,1954,4,25,B59
Maijdi Court,1954,5,292,B59
Maijdi Court,1954,6,1120,B59
Maijdi Court,1954,7,373,B59
Maijdi Court,1954,8,531,B59
Maijdi Court,1954,9,412,B59
Maijdi Court,1954,10,283,B59
Maijdi Court,1954,11,0,B59
Maijdi Court,1954,12,3,B59
Maijdi Court,1955,1,0,B59
Maijdi Court,1955,2,0,B59
Maijdi Court,1955,3,92,B59
Maijdi Court,1955,4,78,B59
Maijdi Court,1955,5,257,B59
Maijdi Court,1955,6,643,B59
Maijdi Court,1955,7,632,B59
Maijdi Court,1955,8,726,B59
Maijdi Court,1955,9,312,B59
Maijdi Court,1955,10,156,B59
Maijdi Court,1955,11,212,B59
Maijdi Court,1955,12,0,B59
Maijdi Court,1956,1,0,B59
Maijdi Court,1956,2,0,B59
Maijdi Court,1956,3,33,B59
Maijdi Court,1956,4,178,B59
Maijdi Court,1956,5,443,B59
Maijdi Court,1956,6,837,B59
Maijdi Court,1956,7,581,B59
Maijdi Court,1956,8,845,B59
Maijdi Court,1956,9,254,B59
Maijdi Court,1956,10,64,B59
Maijdi Court,1956,11,43,B59
Maijdi Court,1956,12,0,B59
Maijdi Court,1957,1,54,B59
Maijdi Court,1957,2,9,B59
Maijdi Court,1957,3,1,B59
Maijdi Court,1957,4,27,B59
Maijdi Court,1957,5,187,B59
Maijdi Court,1957,6,695,B59
Maijdi Court,1957,7,413,B59
Maijdi Court,1957,8,492,B59
Maijdi Court,1957,9,330,B59
Maijdi Court,1957,10,115,B59
Maijdi Court,1957,11,0,B59
Maijdi Court,1957,12,0,B59
Maijdi Court,1958,1,0,B59
Maijdi Court,1958,2,0,B59
Maijdi Court,1958,3,0,B59
Maijdi Court,1958,4,57,B59
Maijdi Court,1958,5,249,B59
Maijdi Court,1958,6,668,B59
Maijdi Court,1958,7,597,B59
Maijdi Court,1958,8,590,B59
Maijdi Court,1958,9,217,B59
Maijdi Court,1958,10,181,B59
Maijdi Court,1958,11,0,B59
Maijdi Court,1958,12,0,B59
Maijdi Court,1959,1,101,B59
Maijdi Court,1959,2,63,B59
Maijdi Court,1959,3,216,B59
Maijdi Court,1959,4,29,B59
Maijdi Court,1959,5,468,B59
Maijdi Court,1959,6,614,B59
Maijdi Court,1959,7,776,B59
Maijdi Court,1959,8,502,B59
Maijdi Court,1959,9,424,B59
Maijdi Court,1959,10,358,B59
Maijdi Court,1959,11,0,B59
Maijdi Court,1959,12,0,B59
Maijdi Court,1960,1,0,B59
Maijdi Court,1960,2,8,B59
Maijdi Court,1960,3,63,B59
Maijdi Court,1960,4,14,B59
Maijdi Court,1960,5,511,B59
Maijdi Court,1960,6,517,B59
Maijdi Court,1960,7,846,B59
Maijdi Court,1960,8,508,B59
Maijdi Court,1960,9,541,B59
Maijdi Court,1960,10,370,B59
Maijdi Court,1960,11,51,B59
Maijdi Court,1960,12,0,B59
Maijdi Court,1961,1,11,B59
Maijdi Court,1961,2,18,B59
Maijdi Court,1961,3,11,B59
Maijdi Court,1961,4,87,B59
Maijdi Court,1961,5,180,B59
Maijdi Court,1961,6,654,B59
Maijdi Court,1961,7,596,B59
Maijdi Court,1961,8,649,B59
Maijdi Court,1961,9,529,B59
Maijdi Court,1961,10,112,B59
Maijdi Court,1961,11,0,B59
Maijdi Court,1961,12,0,B59
Maijdi Court,1962,1,9,B59
Maijdi Court,1962,2,14,B59
Maijdi Court,1962,3,14,B59
Maijdi Court,1962,4,180,B59
Maijdi Court,1962,5,304,B59
Maijdi Court,1962,6,428,B59
Maijdi Court,1962,7,848,B59
Maijdi Court,1962,8,687,B59
Maijdi Court,1962,9,226,B59
Maijdi Court,1962,10,421,B59
Maijdi Court,1962,11,0,B59
Maijdi Court,1962,12,0,B59
Maijdi Court,1963,1,0,B59
Maijdi Court,1963,2,0,B59
Maijdi Court,1963,3,17,B59
Maijdi Court,1963,4,80,B59
Maijdi Court,1963,5,291,B59
Maijdi Court,1963,6,521,B59
Maijdi Court,1963,7,583,B59
Maijdi Court,1963,8,639,B59
Maijdi Court,1963,10,455,B59
Maijdi Court,1963,11,0,B59
Maijdi Court,1963,12,0,B59
Maijdi Court,1964,1,15,B59
Maijdi Court,1964,2,80,B59
Maijdi Court,1964,3,0,B59
Maijdi Court,1964,4,145,B59
Maijdi Court,1964,5,217,B59
Maijdi Court,1964,6,485,B59
Maijdi Court,1964,7,883,B59
Maijdi Court,1964,8,633,B59
Maijdi Court,1964,9,324,B59
Maijdi Court,1964,10,414,B59
Maijdi Court,1964,11,98,B59
Maijdi Court,1964,12,0,B59
Maijdi Court,1965,1,0,B59
Maijdi Court,1965,2,23,B59
Maijdi Court,1965,3,0,B59
Maijdi Court,1965,4,18,B59
Maijdi Court,1965,5,264,B59
Maijdi Court,1965,6,408,B59
Maijdi Court,1965,7,742,B59
Maijdi Court,1965,8,802,B59
Maijdi Court,1965,9,298,B59
Maijdi Court,1965,10,109,B59
Maijdi Court,1965,11,20,B59
Maijdi Court,1965,12,0,B59
Maijdi Court,1966,1,0,B59
Maijdi Court,1966,2,0,B59
Maijdi Court,1966,3,51,B59
Maijdi Court,1966,4,74,B59
Maijdi Court,1966,5,177,B59
Maijdi Court,1966,6,580,B59
Maijdi Court,1966,7,516,B59
Maijdi Court,1966,9,764,B59
Maijdi Court,1966,10,218,B59
Maijdi Court,1966,11,43,B59
Maijdi Court,1966,12,83,B59
Maijdi Court,1967,1,16,B59
Maijdi Court,1967,2,0,B59
Maijdi Court,1967,3,67,B59
Maijdi Court,1967,4,160,B59
Maijdi Court,1967,5,273,B59
Maijdi Court,1967,6,372,B59
Maijdi Court,1967,7,545,B59
Maijdi Court,1967,8,487,B59
Maijdi Court,1967,9,669,B59
Maijdi Court,1967,10,327,B59
Maijdi Court,1967,11,0,B59
Maijdi Court,1967,12,0,B59
Maijdi Court,1968,1,0,B59
Maijdi Court,1968,2,4,B59
Maijdi Court,1968,3,65,B59
Maijdi Court,1968,4,62,B59
Maijdi Court,1968,5,365,B59
Maijdi Court,1968,6,1145,B59
Maijdi Court,1968,7,584,B59
Maijdi Court,1968,8,738,B59
Maijdi Court,1968,9,293,B59
Maijdi Court,1968,10,51,B59
Maijdi Court,1968,11,4,B59
Maijdi Court,1968,12,0,B59
Maijdi Court,1969,1,0,B59
Maijdi Court,1969,2,0,B59
Maijdi Court,1969,3,124,B59
Maijdi Court,1969,4,138,B59
Maijdi Court,1969,5,333,B59
Maijdi Court,1969,6,800,B59
Maijdi Court,1969,7,485,B59
Maijdi Court,1969,8,901,B59
Maijdi Court,1969,9,236,B59
Maijdi Court,1969,10,46,B59
Maijdi Court,1969,11,16,B59
Maijdi Court,1969,12,0,B59
Maijdi Court,1970,1,16,B59
Maijdi Court,1970,2,65,B59
Maijdi Court,1970,3,5,B59
Maijdi Court,1970,4,217,B59
Maijdi Court,1970,5,127,B59
Maijdi Court,1970,6,574,B59
Maijdi Court,1970,7,692,B59
Maijdi Court,1970,8,696,B59
Maijdi Court,1970,9,554,B59
Maijdi Court,1970,10,569,B59
Maijdi Court,1970,11,151,B59
Maijdi Court,1970,12,0,B59
Maijdi Court,1971,1,0,B59
Maijdi Court,1971,2,0,B59
Maijdi Court,1971,3,0,B59
Maijdi Court,1971,5,282,B59
Maijdi Court,1971,6,615,B59
Maijdi Court,1971,7,793,B59
Maijdi Court,1971,8,870,B59
Maijdi Court,1971,9,425,B59
Maijdi Court,1971,10,230,B59
Maijdi Court,1971,11,172,B59
Maijdi Court,1971,12,0,B59
Maijdi Court,1972,2,59,B59
Maijdi Court,1972,3,10,B59
Maijdi Court,1972,4,46,B59
Maijdi Court,1972,5,123,B59
Maijdi Court,1972,6,470,B59
Maijdi Court,1972,7,454,B59
Maijdi Court,1972,8,722,B59
Maijdi Court,1972,9,73,B59
Maijdi Court,1972,10,88,B59
Maijdi Court,1972,11,6,B59
Maijdi Court,1972,12,0,B59
Maijdi Court,1973,1,0,B59
Maijdi Court,1973,2,4,B59
Maijdi Court,1973,3,89,B59
Maijdi Court,1973,4,85,B59
Maijdi Court,1973,5,470,B59
Maijdi Court,1973,6,428,B59
Maijdi Court,1973,7,570,B59
Maijdi Court,1973,8,566,B59
Maijdi Court,1973,9,327,B59
Maijdi Court,1973,10,71,B59
Maijdi Court,1973,11,187,B59
Maijdi Court,1973,12,79,B59
Maijdi Court,1974,1,10,B59
Maijdi Court,1974,2,0,B59
Maijdi Court,1974,3,76,B59
Maijdi Court,1974,4,10,B59
Maijdi Court,1974,5,138,B59
Maijdi Court,1974,6,797,B59
Maijdi Court,1974,7,780,B59
Maijdi Court,1974,8,384,B59
Maijdi Court,1974,9,379,B59
Maijdi Court,1974,10,181,B59
Maijdi Court,1974,11,66,B59
Maijdi Court,1974,12,0,B59
Maijdi Court,1975,1,0,B59
Maijdi Court,1975,2,0,B59
Maijdi Court,1975,3,0,B59
Maijdi Court,1975,4,108,B59
Maijdi Court,1975,5,244,B59
Maijdi Court,1975,6,289,B59
Maijdi Court,1975,7,903,B59
Maijdi Court,1975,8,238,B59
Maijdi Court,1975,9,371,B59
Maijdi Court,1975,10,599,B59
Maijdi Court,1975,11,119,B59
Maijdi Court,1975,12,0,B59
Maijdi Court,1978,3,0,B59
Maijdi Court,1978,4,39,B59
Maijdi Court,1978,5,408,B59
Maijdi Court,1978,6,84,B59
Maijdi Court,1979,1,3,B59
Maijdi Court,1979,2,5,B59
Maijdi Court,1979,3,65,B59
Maijdi Court,1979,4,50,B59
Maijdi Court,1979,5,79,B59
Maijdi Court,1979,6,540,B59
Maijdi Court,1979,7,639,B59
Maijdi Court,1979,8,525,B59
Maijdi Court,1979,9,340,B59
Maijdi Court,1979,10,8,B59
Maijdi Court,1979,11,60,B59
Maijdi Court,1979,12,26,B59
Maijdi Court,1980,1,0,B59
Maijdi Court,1980,2,61,B59
Maijdi Court,1980,3,71,B59
Maijdi Court,1980,4,45,B59
Maijdi Court,1980,5,554,B59
Maijdi Court,1980,6,267,B59
Maijdi Court,1980,7,784,B59
Maijdi Court,1980,8,376,B59
Maijdi Court,1980,9,273,B59
Maijdi Court,1980,10,186,B59
Maijdi Court,1980,11,1,B59
Maijdi Court,1980,12,2,B59
Maijdi Court,1981,1,108,B59
Maijdi Court,1981,2,4,B59
Maijdi Court,1981,3,77,B59
Maijdi Court,1981,4,265,B59
Maijdi Court,1981,5,488,B59
Maijdi Court,1981,6,529,B59
Maijdi Court,1981,7,1043,B59
Maijdi Court,1981,8,717,B59
Maijdi Court,1981,9,328,B59
Maijdi Court,1981,10,27,B59
Maijdi Court,1981,11,0,B59
Maijdi Court,1981,12,24,B59
Maijdi Court,1982,1,0,B59
Maijdi Court,1982,2,54,B59
Maijdi Court,1982,3,9,B59
Maijdi Court,1982,4,275,B59
Maijdi Court,1982,5,67,B59
Maijdi Court,1982,6,797,B59
Maijdi Court,1982,7,852,B59
Maijdi Court,1982,8,1033,B59
Maijdi Court,1982,9,435,B59
Maijdi Court,1982,10,46,B59
Maijdi Court,1982,11,18,B59
Maijdi Court,1982,12,5,B59
Maijdi Court,1983,1,54,B59
Maijdi Court,1983,2,42,B59
Maijdi Court,1983,3,93,B59
Maijdi Court,1983,4,272,B59
Maijdi Court,1983,5,444,B59
Maijdi Court,1983,6,407,B59
Maijdi Court,1983,7,1512,B59
Maijdi Court,1983,8,1302,B59
Maijdi Court,1983,9,105,B59
Maijdi Court,1983,10,81,B59
Maijdi Court,1983,11,5,B59
Maijdi Court,1983,12,7,B59
Maijdi Court,1984,1,0,B59
Maijdi Court,1984,2,0,B59
Maijdi Court,1984,3,0,B59
Maijdi Court,1984,4,0,B59
Maijdi Court,1984,5,657,B59
Maijdi Court,1984,6,957,B59
Maijdi Court,1984,7,1390,B59
Maijdi Court,1984,8,1223,B59
Maijdi Court,1984,9,440,B59
Maijdi Court,1984,10,132,B59
Maijdi Court,1984,11,0,B59
Maijdi Court,1984,12,0,B59
Maijdi Court,1985,1,0,B59
Maijdi Court,1985,2,0,B59
Maijdi Court,1985,3,64,B59
Maijdi Court,1985,4,36,B59
Maijdi Court,1985,5,367,B59
Maijdi Court,1985,6,525,B59
Maijdi Court,1985,7,548,B59
Maijdi Court,1985,8,780,B59
Maijdi Court,1985,9,339,B59
Maijdi Court,1985,10,49,B59
Maijdi Court,1985,11,9,B59
Maijdi Court,1985,12,0,B59
Maijdi Court,1986,1,8,B59
Maijdi Court,1986,2,0,B59
Maijdi Court,1986,3,32,B59
Maijdi Court,1986,4,163,B59
Maijdi Court,1986,5,358,B59
Maijdi Court,1986,6,615,B59
Maijdi Court,1986,7,635,B59
Maijdi Court,1986,8,397,B59
Maijdi Court,1986,9,508,B59
Maijdi Court,1986,10,80,B59
Maijdi Court,1986,11,184,B59
Maijdi Court,1986,12,0,B59
Maijdi Court,1987,1,1,B59
Maijdi Court,1987,2,0,B59
Maijdi Court,1987,3,80,B59
Maijdi Court,1987,4,350,B59
Maijdi Court,1987,5,110,B59
Maijdi Court,1987,6,222,B59
Maijdi Court,1987,7,1297,B59
Maijdi Court,1987,8,816,B59
Maijdi Court,1987,9,585,B59
Maijdi Court,1987,10,45,B59
Maijdi Court,1987,11,34,B59
Maijdi Court,1987,12,15,B59
Maijdi Court,1988,1,0,B59
Maijdi Court,1988,2,50,B59
Maijdi Court,1988,3,77,B59
Maijdi Court,1988,4,152,B59
Maijdi Court,1988,5,402,B59
Maijdi Court,1988,6,564,B59
Maijdi Court,1988,7,519,B59
Maijdi Court,1988,8,623,B59
Maijdi Court,1988,9,469,B59
Maijdi Court,1988,10,170,B59
Maijdi Court,1988,11,54,B59
Maijdi Court,1988,12,0,B59
Maijdi Court,1989,1,0,B59
Maijdi Court,1989,2,20,B59
Maijdi Court,1989,3,39,B59
Maijdi Court,1989,4,96,B59
Maijdi Court,1989,5,188,B59
Maijdi Court,1989,6,333,B59
Maijdi Court,1989,7,703,B59
Maijdi Court,1989,8,162,B59
Maijdi Court,1989,9,547,B59
Maijdi Court,1989,10,433,B59
Maijdi Court,1989,11,0,B59
Maijdi Court,1989,12,0,B59
Maijdi Court,1990,1,0,B59
Maijdi Court,1990,2,83,B59
Maijdi Court,1990,3,266,B59
Maijdi Court,1990,4,235,B59
Maijdi Court,1990,5,429,B59
Maijdi Court,1990,6,651,B59
Maijdi Court,1990,7,752,B59
Maijdi Court,1990,8,522,B59
Maijdi Court,1990,9,239,B59
Maijdi Court,1990,10,359,B59
Maijdi Court,1990,11,99,B59
Maijdi Court,1990,12,49,B59
Maijdi Court,1991,1,17,B59
Maijdi Court,1991,2,66,B59
Maijdi Court,1991,3,13,B59
Maijdi Court,1991,4,199,B59
Maijdi Court,1991,5,339,B59
Maijdi Court,1991,6,807,B59
Maijdi Court,1991,7,626,B59
Maijdi Court,1991,8,508,B59
Maijdi Court,1991,9,441,B59
Maijdi Court,1991,10,428,B59
Maijdi Court,1991,11,45,B59
Maijdi Court,1991,12,16,B59
Maijdi Court,1992,1,0,B59
Maijdi Court,1992,2,90,B59
Maijdi Court,1992,3,2,B59
Maijdi Court,1992,4,0,B59
Maijdi Court,1992,5,240,B59
Maijdi Court,1992,6,268,B59
Maijdi Court,1992,7,515,B59
Maijdi Court,1992,8,457,B59
Maijdi Court,1992,9,272,B59
Maijdi Court,1992,10,182,B59
Maijdi Court,1992,11,5,B59
Maijdi Court,1992,12,5,B59
Maijdi Court,1993,1,1,B59
Maijdi Court,1993,2,77,B59
Maijdi Court,1993,3,380,B59
Maijdi Court,1993,4,128,B59
Maijdi Court,1993,5,496,B59
Maijdi Court,1993,6,557,B59
Maijdi Court,1993,7,502,B59
Maijdi Court,1993,8,732,B59
Maijdi Court,1993,9,332,B59
Maijdi Court,1993,10,228,B59
Maijdi Court,1993,11,8,B59
Maijdi Court,1993,12,0,B59
Maijdi Court,1994,1,8,B59
Maijdi Court,1994,2,10,B59
Maijdi Court,1994,3,133,B59
Maijdi Court,1994,4,430,B59
Maijdi Court,1994,5,109,B59
Maijdi Court,1994,6,980,B59
Maijdi Court,1994,7,397,B59
Maijdi Court,1994,8,634,B59
Maijdi Court,1994,9,199,B59
Maijdi Court,1994,10,4,B59
Maijdi Court,1994,11,10,B59
Maijdi Court,1994,12,0,B59
Maijdi Court,1995,2,19,B59
Maijdi Court,1995,3,84,B59
Maijdi Court,1995,4,149,B59
Maijdi Court,1995,5,265,B59
Maijdi Court,1995,6,375,B59
Maijdi Court,1995,7,737,B59
Maijdi Court,1995,8,651,B59
Maijdi Court,1995,9,491,B59
Maijdi Court,1995,10,63,B59
Maijdi Court,1995,11,238,B59
Maijdi Court,1995,12,0,B59
Maijdi Court,1996,1,0,B59
Maijdi Court,1996,2,21,B59
Maijdi Court,1996,3,66,B59
Maijdi Court,1996,4,148,B59
Maijdi Court,1996,5,278,B59
Maijdi Court,1996,6,489,B59
Maijdi Court,1996,7,651,B59
Maijdi Court,1996,8,564,B59
Maijdi Court,1996,9,215,B59
Maijdi Court,1996,10,362,B59
Maijdi Court,1996,11,56,B59
Maijdi Court,1996,12,2,B59
Maijdi Court,1997,1,1,B59
Maijdi Court,1997,2,24,B59
Maijdi Court,1997,3,108,B59
Maijdi Court,1997,4,71,B59
Maijdi Court,1997,5,218,B59
Maijdi Court,1997,6,183,B59
Maijdi Court,1997,7,1022,B59
Maijdi Court,1997,8,433,B59
Maijdi Court,1997,9,540,B59
Maijdi Court,1997,10,80,B59
Maijdi Court,1997,11,0,B59
Maijdi Court,1997,12,19,B59
Maijdi Court,1998,1,19,B59
Maijdi Court,1998,2,24,B59
Maijdi Court,1998,3,203,B59
Maijdi Court,1998,4,204,B59
Maijdi Court,1998,5,285,B59
Maijdi Court,1998,6,183,B59
Maijdi Court,1998,7,892,B59
Maijdi Court,1998,8,897,B59
Maijdi Court,1998,9,313,B59
Maijdi Court,1998,10,189,B59
Maijdi Court,1998,11,170,B59
Maijdi Court,1998,12,0,B59
Maijdi Court,1999,1,0,B59
Maijdi Court,1999,2,0,B59
Maijdi Court,1999,3,0,B59
Maijdi Court,1999,4,20,B59
Maijdi Court,1999,5,427,B59
Maijdi Court,1999,6,645,B59
Maijdi Court,1999,7,690,B59
Maijdi Court,1999,8,648,B59
Maijdi Court,1999,9,631,B59
Maijdi Court,1999,10,233,B59
Maijdi Court,1999,11,0,B59
Maijdi Court,1999,12,8,B59
Maijdi Court,2000,1,40,B59
Maijdi Court,2000,2,13,B59
Maijdi Court,2000,3,35,B59
Maijdi Court,2000,4,142,B59
Maijdi Court,2000,5,542,B59
Maijdi Court,2000,6,568,B59
Maijdi Court,2000,7,629,B59
Maijdi Court,2000,8,393,B59
Maijdi Court,2000,9,248,B59
Maijdi Court,2000,10,155,B59
Maijdi Court,2000,11,43,B59
Maijdi Court,2000,12,0,B59
Maijdi Court,2001,1,0,B59
Maijdi Court,2001,2,27,B59
Maijdi Court,2001,3,0,B59
Maijdi Court,2001,4,10,B59
Maijdi Court,2001,5,523,B59
Maijdi Court,2001,6,881,B59
Maijdi Court,2001,7,548,B59
Maijdi Court,2001,8,466,B59
Maijdi Court,2001,9,424,B59
Maijdi Court,2001,10,254,B59
Maijdi Court,2001,11,96,B59
Maijdi Court,2001,12,0,B59
Maijdi Court,2002,1,18,B59
Maijdi Court,2002,2,0,B59
Maijdi Court,2002,3,93,B59
Maijdi Court,2002,4,120,B59
Maijdi Court,2002,5,594,B59
Maijdi Court,2002,6,685,B59
Maijdi Court,2002,7,726,B59
Maijdi Court,2002,8,476,B59
Maijdi Court,2002,9,204,B59
Maijdi Court,2002,10,98,B59
Maijdi Court,2002,11,108,B59
Maijdi Court,2002,12,0,B59
Maijdi Court,2003,1,0,B59
Maijdi Court,2003,2,7,B59
Maijdi Court,2003,3,92,B59
Maijdi Court,2003,4,130,B59
Maijdi Court,2003,5,209,B59
Maijdi Court,2003,6,927,B59
Maijdi Court,2003,7,468,B59
Maijdi Court,2003,8,455,B59
Maijdi Court,2003,9,272,B59
Maijdi Court,2003,10,499,B59
Maijdi Court,2003,11,0,B59
Maijdi Court,2003,12,32,B59
Maijdi Court,2004,1,0,B59
Maijdi Court,2004,2,0,B59
Maijdi Court,2004,3,14,B59
Maijdi Court,2004,4,277,B59
Maijdi Court,2004,5,124,B59
Maijdi Court,2004,6,643,B59
Maijdi Court,2004,7,552,B59
Maijdi Court,2004,8,511,B59
Maijdi Court,2004,9,1008,B59
Maijdi Court,2004,10,316,B59
Maijdi Court,2004,11,0,B59
Maijdi Court,2004,12,0,B59
Maijdi Court,2005,1,25,B59
Maijdi Court,2005,2,0,B59
Maijdi Court,2005,3,153,B59
Maijdi Court,2005,4,67,B59
Maijdi Court,2005,5,214,B59
Maijdi Court,2005,6,463,B59
Maijdi Court,2005,7,724,B59
Maijdi Court,2005,8,626,B59
Maijdi Court,2005,9,226,B59
Maijdi Court,2005,10,332,B59
Maijdi Court,2005,11,0,B59
Maijdi Court,2005,12,3,B59
Maijdi Court,2006,1,0,B59
Maijdi Court,2006,2,0,B59
Maijdi Court,2006,3,2,B59
Maijdi Court,2006,4,61,B59
Maijdi Court,2006,5,507,B59
Maijdi Court,2006,6,435,B59
Maijdi Court,2006,7,479,B59
Maijdi Court,2006,8,382,B59
Maijdi Court,2006,9,633,B59
Maijdi Court,2006,10,28,B59
Maijdi Court,2006,11,20,B59
Maijdi Court,2006,12,0,B59
Maijdi Court,2007,1,0,B59
Maijdi Court,2007,2,77,B59
Maijdi Court,2007,3,9,B59
Maijdi Court,2007,4,139,B59
Maijdi Court,2007,5,376,B59
Maijdi Court,2007,6,483,B59
Maijdi Court,2007,7,762,B59
Maijdi Court,2007,8,353,B59
Maijdi Court,2007,9,759,B59
Maijdi Court,2007,10,451,B59
Maijdi Court,2007,11,105,B59
Maijdi Court,2007,12,0,B59
Maijdi Court,2008,1,27,B59
Maijdi Court,2008,2,16,B59
Maijdi Court,2008,3,68,B59
Maijdi Court,2008,4,14,B59
Maijdi Court,2008,5,202,B59
Maijdi Court,2008,6,516,B59
Maijdi Court,2008,7,980,B59
Maijdi Court,2008,8,504,B59
Maijdi Court,2008,9,250,B59
Maijdi Court,2008,10,426,B59
Maijdi Court,2008,11,1,B59
Maijdi Court,2008,12,0,B59
Maijdi Court,2009,1,0,B59
Maijdi Court,2009,2,2,B59
Maijdi Court,2009,3,6,B59
Maijdi Court,2009,4,121,B59
Maijdi Court,2009,5,386,B59
Maijdi Court,2009,6,380,B59
Maijdi Court,2009,7,864,B59
Maijdi Court,2009,8,471,B59
Maijdi Court,2009,9,244,B59
Maijdi Court,2009,10,280,B59
Maijdi Court,2009,11,54,B59
Maijdi Court,2009,12,0,B59
Maijdi Court,2010,1,0,B59
Maijdi Court,2010,2,2,B59
Maijdi Court,2010,3,2,B59
Maijdi Court,2010,4,12,B59
Maijdi Court,2010,5,293,B59
Maijdi Court,2010,6,933,B59
Maijdi Court,2010,7,409,B59
Maijdi Court,2010,8,500,B59
Maijdi Court,2010,9,301,B59
Maijdi Court,2010,10,521,B59
Maijdi Court,2010,11,10,B59
Maijdi Court,2010,12,19,B59
Maijdi Court,2011,1,0,B59
Maijdi Court,2011,2,6,B59
Maijdi Court,2011,3,24,B59
Maijdi Court,2011,4,61,B59
Maijdi Court,2011,5,358,B59
Maijdi Court,2011,6,794,B59
Maijdi Court,2011,7,791,B59
Maijdi Court,2011,8,691,B59
Maijdi Court,2011,9,392,B59
Maijdi Court,2011,10,117,B59
Maijdi Court,2011,11,0,B59
Maijdi Court,2011,12,0,B59
Maijdi Court,2012,1,6,B59
Maijdi Court,2012,2,0,B59
Maijdi Court,2012,3,44,B59
Maijdi Court,2012,4,267,B59
Maijdi Court,2012,5,286,B59
Maijdi Court,2012,6,483,B59
Maijdi Court,2012,7,431,B59
Maijdi Court,2012,8,442,B59
Maijdi Court,2012,9,322,B59
Maijdi Court,2012,10,156,B59
Maijdi Court,2012,11,29,B59
Maijdi Court,2012,12,0,B59
Maijdi Court,2013,1,0,B59
Maijdi Court,2013,2,8,B59
Maijdi Court,2013,3,4,B59
Maijdi Court,2013,4,65,B59
Maijdi Court,2013,5,671,B59
Maijdi Court,2013,6,658,B59
Maijdi Court,2013,7,482,B59
Maijdi Court,2013,8,583,B59
Maijdi Court,2013,9,355,B59
Maijdi Court,2013,10,218,B59
Maijdi Court,2013,11,0,B59
Maijdi Court,2013,12,0,B59
Maijdi Court,2014,1,0,B59
Maijdi Court,2014,2,20,B59
Maijdi Court,2014,3,58,B59
Maijdi Court,2014,4,42,B59
Maijdi Court,2014,5,215,B59
Maijdi Court,2014,6,710,B59
Maijdi Court,2014,7,557,B59
Maijdi Court,2014,8,667,B59
Maijdi Court,2014,9,434,B59
Maijdi Court,2014,10,108,B59
Maijdi Court,2014,11,2,B59
Maijdi Court,2014,12,0,B59
Maijdi Court,2015,1,1,B59
Maijdi Court,2015,2,3,B59
Maijdi Court,2015,3,32,B59
Maijdi Court,2015,4,174,B59
Maijdi Court,2015,5,117,B59
Maijdi Court,2015,6,693,B59
Maijdi Court,2015,7,978,B59
Maijdi Court,2015,8,464,B59
Maijdi Court,2015,9,571,B59
Maijdi Court,2015,10,165,B59
Maijdi Court,2015,11,0,B59
Maijdi Court,2015,12,11,B59
Maijdi Court,2016,1,2,B59
Maijdi Court,2016,2,32,B59
Maijdi Court,2016,3,83,B59
Maijdi Court,2016,4,63,B59
Maijdi Court,2016,5,467,B59
Maijdi Court,2016,6,304,B59
Maijdi Court,2016,7,564,B59
Maijdi Court,2016,8,528,B59
Maijdi Court,2016,9,340,B59
Maijdi Court,2016,10,285,B59
Maijdi Court,2016,11,170,B59
Maijdi Court,2016,12,0,B59
Maijdi Court,2017,1,0,B59
Maijdi Court,2017,2,36,B59
Maijdi Court,2017,3,194,B59
Maijdi Court,2017,4,318,B59
Maijdi Court,2017,5,288,B59
Maijdi Court,2017,6,522,B59
Maijdi Court,2017,7,994,B59
Maijdi Court,2017,8,606,B59
Maijdi Court,2017,9,439,B59
Maijdi Court,2017,10,415,B59
Maijdi Court,2017,11,13,B59
Maijdi Court,2017,12,77,B59
Maijdi Court,2018,1,0,B59
Maijdi Court,2018,2,2,B59
Maijdi Court,2018,3,1,B59
Maijdi Court,2018,4,162,B59
Maijdi Court,2018,5,406,B59
Maijdi Court,2018,6,519,B59
Maijdi Court,2018,7,705,B59
Maijdi Court,2018,8,327,B59
Maijdi Court,2018,9,164,B59
Maijdi Court,2018,10,101,B59
Maijdi Court,2018,11,0,B59
Maijdi Court,2018,12,1,B59
Maijdi Court,2019,1,0,B59
Maijdi Court,2019,2,64,B59
Maijdi Court,2019,3,45,B59
Maijdi Court,2019,4,134,B59
Maijdi Court,2019,5,291,B59
Maijdi Court,2019,6,266,B59
Maijdi Court,2019,7,729,B59
Maijdi Court,2019,8,474,B59
Maijdi Court,2019,9,423,B59
Maijdi Court,2019,10,243,B59
Maijdi Court,2019,11,201,B59
Maijdi Court,2019,12,4,B59
Maijdi Court,2020,1,82,B59
Maijdi Court,2020,2,4,B59
Maijdi Court,2020,3,9,B59
Maijdi Court,2020,4,201,B59
Maijdi Court,2020,5,219,B59
Maijdi Court,2020,6,492,B59
Maijdi Court,2020,7,742,B59
Maijdi Court,2020,8,547,B59
Maijdi Court,2020,9,335,B59
Maijdi Court,2020,10,420,B59
Maijdi Court,2020,11,47,B59
Maijdi Court,2020,12,0,B59
Maijdi Court,2021,1,0,B59
Maijdi Court,2021,2,0,B59
Maijdi Court,2021,3,0,B59
Maijdi Court,2021,4,6,B59
Maijdi Court,2021,5,158,B59
Maijdi Court,2021,6,717,B59
Maijdi Court,2021,7,468,B59
Maijdi Court,2021,8,436,B59
Maijdi Court,2021,9,233,B59
Maijdi Court,2021,10,212,B59
Maijdi Court,2021,11,0,B59
Maijdi Court,2021,12,92,B59
Maijdi Court,2022,1,20,B59
Maijdi Court,2022,2,10,B59
Maijdi Court,2022,3,0,B59
Maijdi Court,2022,4,99,B59
Maijdi Court,2022,5,330,B59
Maijdi Court,2022,6,334,B59
Maijdi Court,2022,7,205,B59
Maijdi Court,2022,8,314,B59
Maijdi Court,2022,9,239,B59
Maijdi Court,2022,10,352,B59
Maijdi Court,2022,11,0,B59
Maijdi Court,2022,12,0,B59
Maijdi Court,2023,1,0,B59
Maijdi Court,2023,2,0,B59
Maijdi Court,2023,3,88,B59
Maijdi Court,2023,4,13,B59
Maijdi Court,2023,5,178,B59
Maijdi Court,2023,6,431,B59
Maijdi Court,2023,7,241,B59
Maijdi Court,2023,8,525,B59
Maijdi Court,2023,9,437,B59
Maijdi Court,2023,10,202,B59
Maijdi Court,2023,11,124,B59
Maijdi Court,2023,12,22,B59
Madaripur,1977,1,17,B59
Madaripur,1977,2,51,B59
Madaripur,1977,3,2,B59
Madaripur,1977,4,444,B59
Madaripur,1977,5,294,B59
Madaripur,1977,6,529,B59
Madaripur,1977,7,496,B59
Madaripur,1977,8,113,B59
Madaripur,1977,9,184,B59
Madaripur,1977,10,136,B59
Madaripur,1977,11,46,B59
Madaripur,1977,12,9,B59
Madaripur,1978,1,0,B59
Madaripur,1978,2,4,B59
Madaripur,1978,3,22,B59
Madaripur,1978,4,155,B59
Madaripur,1978,5,311,B59
Madaripur,1978,6,332,B59
Madaripur,1978,7,387,B59
Madaripur,1978,8,290,B59
Madaripur,1978,9,151,B59
Madaripur,1978,10,92,B59
Madaripur,1978,11,4,B59
Madaripur,1978,12,0,B59
Madaripur,1980,1,0,B59
Madaripur,1980,2,32,B59
Madaripur,1980,3,87,B59
Madaripur,1980,4,54,B59
Madaripur,1980,5,247,B59
Madaripur,1980,6,231,B59
Madaripur,1980,7,381,B59
Madaripur,1980,8,291,B59
Madaripur,1980,9,303,B59
Madaripur,1980,10,266,B59
Madaripur,1980,11,0,B59
Madaripur,1980,12,0,B59
Madaripur,1981,1,56,B59
Madaripur,1981,2,35,B59
Madaripur,1981,3,142,B59
Madaripur,1981,4,340,B59
Madaripur,1981,5,294,B59
Madaripur,1981,6,207,B59
Madaripur,1981,7,434,B59
Madaripur,1982,1,0,B59
Madaripur,1982,2,4,B59
Madaripur,1982,3,47,B59
Madaripur,1982,4,128,B59
Madaripur,1982,5,101,B59
Madaripur,1982,6,457,B59
Madaripur,1982,7,240,B59
Madaripur,1982,8,374,B59
Madaripur,1982,9,293,B59
Madaripur,1982,10,53,B59
Madaripur,1982,11,61,B59
Madaripur,1982,12,0,B59
Madaripur,1983,1,7,B59
Madaripur,1983,2,57,B59
Madaripur,1983,3,93,B59
Madaripur,1983,4,238,B59
Madaripur,1983,5,387,B59
Madaripur,1983,6,312,B59
Madaripur,1983,7,315,B59
Madaripur,1983,8,378,B59
Madaripur,1983,9,224,B59
Madaripur,1983,10,147,B59
Madaripur,1983,11,0,B59
Madaripur,1983,12,6,B59
Madaripur,1984,1,20,B59
Madaripur,1984,2,0,B59
Madaripur,1984,3,0,B59
Madaripur,1984,4,99,B59
Madaripur,1984,5,207,B59
Madaripur,1984,6,765,B59
Madaripur,1984,7,520,B59
Madaripur,1984,8,812,B59
Madaripur,1984,9,214,B59
Madaripur,1984,10,133,B59
Madaripur,1984,11,0,B59
Madaripur,1984,12,20,B59
Madaripur,1985,1,2,B59
Madaripur,1985,2,0,B59
Madaripur,1985,3,41,B59
Madaripur,1985,4,32,B59
Madaripur,1985,5,186,B59
Madaripur,1985,6,801,B59
Madaripur,1985,7,376,B59
Madaripur,1985,8,498,B59
Madaripur,1985,9,314,B59
Madaripur,1985,10,140,B59
Madaripur,1985,11,0,B59
Madaripur,1985,12,0,B59
Madaripur,1986,1,0,B59
Madaripur,1986,2,0,B59
Madaripur,1986,3,10,B59
Madaripur,1986,4,204,B59
Madaripur,1986,5,436,B59
Madaripur,1986,6,233,B59
Madaripur,1986,7,676,B59
Madaripur,1986,8,466,B59
Madaripur,1986,9,655,B59
Madaripur,1986,10,182,B59
Madaripur,1986,11,3,B59
Madaripur,1986,12,0,B59
Madaripur,1987,1,2,B59
Madaripur,1987,2,1,B59
Madaripur,1987,3,85,B59
Madaripur,1987,4,138,B59
Madaripur,1987,5,160,B59
Madaripur,1987,6,338,B59
Madaripur,1987,7,555,B59
Madaripur,1987,8,598,B59
Madaripur,1987,9,157,B59
Madaripur,1987,10,153,B59
Madaripur,1987,11,50,B59
Madaripur,1987,12,9,B59
Madaripur,1988,1,0,B59
Madaripur,1988,2,59,B59
Madaripur,1988,3,70,B59
Madaripur,1988,4,130,B59
Madaripur,1988,5,437,B59
Madaripur,1988,6,496,B59
Madaripur,1988,7,264,B59
Madaripur,1988,8,242,B59
Madaripur,1988,9,81,B59
Madaripur,1988,10,135,B59
Madaripur,1988,11,124,B59
Madaripur,1988,12,3,B59
Madaripur,1989,1,0,B59
Madaripur,1989,2,31,B59
Madaripur,1989,3,2,B59
Madaripur,1989,4,98,B59
Madaripur,1989,5,173,B59
Madaripur,1989,6,258,B59
Madaripur,1989,7,283,B59
Madaripur,1989,8,133,B59
Madaripur,1989,9,287,B59
Madaripur,1989,10,30,B59
Madaripur,1989,11,9,B59
Madaripur,1989,12,0,B59
Madaripur,1990,1,0,B59
Madaripur,1990,2,66,B59
Madaripur,1990,3,217,B59
Madaripur,1990,4,156,B59
Madaripur,1990,5,214,B59
Madaripur,1990,6,253,B59
Madaripur,1990,7,457,B59
Madaripur,1990,8,176,B59
Madaripur,1990,9,264,B59
Madaripur,1990,10,210,B59
Madaripur,1990,11,105,B59
Madaripur,1990,12,9,B59
Madaripur,1991,1,11,B59
Madaripur,1991,2,17,B59
Madaripur,1991,3,60,B59
Madaripur,1991,4,103,B59
Madaripur,1991,5,307,B59
Madaripur,1991,6,541,B59
Madaripur,1991,7,337,B59
Madaripur,1991,8,501,B59
Madaripur,1991,9,233,B59
Madaripur,1991,10,346,B59
Madaripur,1991,11,15,B59
Madaripur,1991,12,40,B59
Madaripur,1992,1,4,B59
Madaripur,1992,2,87,B59
Madaripur,1992,3,1,B59
Madaripur,1992,4,0,B59
Madaripur,1992,5,188,B59
Madaripur,1992,6,242,B59
Madaripur,1992,7,315,B59
Madaripur,1992,8,297,B59
Madaripur,1992,9,175,B59
Madaripur,1992,10,96,B59
Madaripur,1992,11,2,B59
Madaripur,1992,12,0,B59
Madaripur,1993,1,0,B59
Madaripur,1993,2,29,B59
Madaripur,1993,3,127,B59
Madaripur,1993,4,133,B59
Madaripur,1993,5,345,B59
Madaripur,1993,6,370,B59
Madaripur,1993,7,405,B59
Madaripur,1993,8,331,B59
Madaripur,1993,9,359,B59
Madaripur,1993,10,44,B59
Madaripur,1993,11,41,B59
Madaripur,1993,12,0,B59
Madaripur,1994,1,12,B59
Madaripur,1994,2,15,B59
Madaripur,1994,3,95,B59
Madaripur,1994,4,166,B59
Madaripur,1994,5,306,B59
Madaripur,1994,6,399,B59
Madaripur,1994,7,262,B59
Madaripur,1994,8,204,B59
Madaripur,1994,9,174,B59
Madaripur,1994,10,30,B59
Madaripur,1994,11,0,B59
Madaripur,1994,12,0,B59
Madaripur,1995,1,6,B59
Madaripur,1995,2,32,B59
Madaripur,1995,3,0,B59
Madaripur,1995,4,72,B59
Madaripur,1995,5,213,B59
Madaripur,1995,6,601,B59
Madaripur,1995,7,346,B59
Madaripur,1995,8,508,B59
Madaripur,1995,9,225,B59
Madaripur,1995,10,87,B59
Madaripur,1995,11,99,B59
Madaripur,1995,12,0,B59
Madaripur,1996,1,4,B59
Madaripur,1996,2,27,B59
Madaripur,1996,3,36,B59
Madaripur,1996,4,160,B59
Madaripur,1996,5,237,B59
Madaripur,1996,6,406,B59
Madaripur,1996,7,231,B59
Madaripur,1996,8,251,B59
Madaripur,1996,9,224,B59
Madaripur,1996,10,214,B59
Madaripur,1996,11,57,B59
Madaripur,1996,12,0,B59
Madaripur,1997,1,5,B59
Madaripur,1997,2,14,B59
Madaripur,1997,3,86,B59
Madaripur,1997,4,234,B59
Madaripur,1997,5,245,B59
Madaripur,1997,6,257,B59
Madaripur,1997,7,344,B59
Madaripur,1997,8,418,B59
Madaripur,1997,9,438,B59
Madaripur,1997,10,6,B59
Madaripur,1997,11,17,B59
Madaripur,1997,12,23,B59
Madaripur,1998,1,35,B59
Madaripur,1998,2,40,B59
Madaripur,1998,3,152,B59
Madaripur,1998,4,232,B59
Madaripur,1998,5,221,B59
Madaripur,1998,6,146,B59
Madaripur,1998,7,607,B59
Madaripur,1998,8,285,B59
Madaripur,1998,9,273,B59
Madaripur,1998,10,101,B59
Madaripur,1998,11,108,B59
Madaripur,1998,12,0,B59
Madaripur,1999,1,0,B59
Madaripur,1999,2,0,B59
Madaripur,1999,3,0,B59
Madaripur,1999,4,9,B59
Madaripur,1999,5,236,B59
Madaripur,1999,6,314,B59
Madaripur,1999,7,592,B59
Madaripur,1999,8,357,B59
Madaripur,1999,9,191,B59
Madaripur,1999,10,384,B59
Madaripur,1999,11,16,B59
Madaripur,1999,12,0,B59
Madaripur,2000,1,16,B59
Madaripur,2000,2,46,B59
Madaripur,2000,3,5,B59
Madaripur,2000,4,212,B59
Madaripur,2000,5,341,B59
Madaripur,2000,6,182,B59
Madaripur,2000,7,259,B59
Madaripur,2000,8,321,B59
Madaripur,2000,9,214,B59
Madaripur,2000,10,321,B59
Madaripur,2000,11,0,B59
Madaripur,2000,12,0,B59
Madaripur,2001,1,0,B59
Madaripur,2001,2,51,B59
Madaripur,2001,3,8,B59
Madaripur,2001,4,31,B59
Madaripur,2001,5,552,B59
Madaripur,2001,6,625,B59
Madaripur,2001,7,422,B59
Madaripur,2001,8,223,B59
Madaripur,2001,9,258,B59
Madaripur,2001,10,162,B59
Madaripur,2001,11,47,B59
Madaripur,2001,12,0,B59
Madaripur,2002,1,8,B59
Madaripur,2002,2,6,B59
Madaripur,2002,3,100,B59
Madaripur,2002,4,89,B59
Madaripur,2002,5,193,B59
Madaripur,2002,6,528,B59
Madaripur,2002,7,553,B59
Madaripur,2002,8,355,B59
Madaripur,2002,9,209,B59
Madaripur,2002,10,24,B59
Madaripur,2002,11,100,B59
Madaripur,2002,12,0,B59
Madaripur,2003,1,0,B59
Madaripur,2003,2,10,B59
Madaripur,2003,3,70,B59
Madaripur,2003,4,84,B59
Madaripur,2003,5,66,B59
Madaripur,2003,6,434,B59
Madaripur,2003,7,283,B59
Madaripur,2003,8,191,B59
Madaripur,2003,9,221,B59
Madaripur,2003,10,226,B59
Madaripur,2003,11,0,B59
Madaripur,2003,12,23,B59
Madaripur,2004,1,0,B59
Madaripur,2004,2,0,B59
Madaripur,2004,3,6,B59
Madaripur,2004,4,89,B59
Madaripur,2004,5,96,B59
Madaripur,2004,6,467,B59
Madaripur,2004,7,204,B59
Madaripur,2004,8,282,B59
Madaripur,2004,9,873,B59
Madaripur,2004,10,192,B59
Madaripur,2004,11,12,B59
Madaripur,2004,12,0,B59
Madaripur,2005,1,0,B59
Madaripur,2005,2,0,B59
Madaripur,2005,3,61,B59
Madaripur,2005,4,21,B59
Madaripur,2005,5,114,B59
Madaripur,2005,6,183,B59
Madaripur,2005,7,556,B59
Madaripur,2005,8,433,B59
Madaripur,2005,9,164,B59
Madaripur,2005,10,371,B59
Madaripur,2005,11,1,B59
Madaripur,2005,12,1,B59
Madaripur,2006,1,0,B59
Madaripur,2006,2,0,B59
Madaripur,2006,3,0,B59
Madaripur,2006,4,55,B59
Madaripur,2006,5,237,B59
Madaripur,2006,6,254,B59
Madaripur,2006,7,223,B59
Madaripur,2006,8,243,B59
Madaripur,2006,9,453,B59
Madaripur,2006,10,37,B59
Madaripur,2006,11,1,B59
Madaripur,2006,12,0,B59
Madaripur,2007,1,0,B59
Madaripur,2007,2,49,B59
Madaripur,2007,3,35,B59
Madaripur,2007,4,114,B59
Madaripur,2007,5,56,B59
Madaripur,2007,6,378,B59
Madaripur,2007,7,501,B59
Madaripur,2007,8,219,B59
Madaripur,2007,9,291,B59
Madaripur,2007,10,283,B59
Madaripur,2007,11,135,B59
Madaripur,2007,12,0,B59
Madaripur,2008,1,40,B59
Madaripur,2008,2,15,B59
Madaripur,2008,3,35,B59
Madaripur,2008,4,25,B59
Madaripur,2008,5,146,B59
Madaripur,2008,6,221,B59
Madaripur,2008,7,532,B59
Madaripur,2008,8,248,B59
Madaripur,2008,9,172,B59
Madaripur,2008,10,245,B59
Madaripur,2008,11,0,B59
Madaripur,2008,12,0,B59
Madaripur,2009,1,0,B59
Madaripur,2009,2,4,B59
Madaripur,2009,3,9,B59
Madaripur,2009,4,63,B59
Madaripur,2009,5,226,B59
Madaripur,2009,6,180,B59
Madaripur,2009,7,355,B59
Madaripur,2009,8,424,B59
Madaripur,2009,9,213,B59
Madaripur,2009,10,98,B59
Madaripur,2009,11,8,B59
Madaripur,2009,12,0,B59
Madaripur,2010,1,1,B59
Madaripur,2010,2,2,B59
Madaripur,2010,3,11,B59
Madaripur,2010,4,45,B59
Madaripur,2010,5,167,B59
Madaripur,2010,6,300,B59
Madaripur,2010,7,289,B59
Madaripur,2010,8,95,B59
Madaripur,2010,9,142,B59
Madaripur,2010,10,271,B59
Madaripur,2010,11,2,B59
Madaripur,2010,12,5,B59
Madaripur,2011,1,0,B59
Madaripur,2011,2,1,B59
Madaripur,2011,3,20,B59
Madaripur,2011,4,101,B59
Madaripur,2011,5,169,B59
Madaripur,2011,6,408,B59
Madaripur,2011,7,342,B59
Madaripur,2011,8,380,B59
Madaripur,2011,9,131,B59
Madaripur,2011,10,61,B59
Madaripur,2011,11,0,B59
Madaripur,2011,12,0,B59
Madaripur,2012,1,25,B59
Madaripur,2012,2,16,B59
Madaripur,2012,3,1,B59
Madaripur,2012,4,170,B59
Madaripur,2012,5,110,B59
Madaripur,2012,6,144,B59
Madaripur,2012,7,377,B59
Madaripur,2012,8,203,B59
Madaripur,2012,9,216,B59
Madaripur,2012,10,197,B59
Madaripur,2012,11,86,B59
Madaripur,2012,12,1,B59
Madaripur,2013,1,0,B59
Madaripur,2013,2,6,B59
Madaripur,2013,3,15,B59
Madaripur,2013,4,29,B59
Madaripur,2013,5,751,B59
Madaripur,2013,6,199,B59
Madaripur,2013,7,309,B59
Madaripur,2013,8,274,B59
Madaripur,2013,9,365,B59
Madaripur,2013,10,200,B59
Madaripur,2013,11,4,B59
Madaripur,2013,12,0,B59
Madaripur,2014,1,0,B59
Madaripur,2014,2,12,B59
Madaripur,2014,3,7,B59
Madaripur,2014,4,25,B59
Madaripur,2014,5,175,B59
Madaripur,2014,6,362,B59
Madaripur,2014,7,209,B59
Madaripur,2014,8,308,B59
Madaripur,2014,9,257,B59
Madaripur,2014,10,81,B59
Madaripur,2014,11,0,B59
Madaripur,2014,12,0,B59
Madaripur,2015,1,9,B59
Madaripur,2015,2,21,B59
Madaripur,2015,3,20,B59
Madaripur,2015,4,153,B59
Madaripur,2015,5,127,B59
Madaripur,2015,6,389,B59
Madaripur,2015,7,569,B59
Madaripur,2015,8,246,B59
Madaripur,2015,9,301,B59
Madaripur,2015,10,37,B59
Madaripur,2015,11,0,B59
Madaripur,2015,12,5,B59
Madaripur,2016,1,3,B59
Madaripur,2016,2,84,B59
Madaripur,2016,3,14,B59
Madaripur,2016,4,65,B59
Madaripur,2016,5,364,B59
Madaripur,2016,6,182,B59
Madaripur,2016,7,423,B59
Madaripur,2016,8,422,B59
Madaripur,2016,9,295,B59
Madaripur,2016,10,71,B59
Madaripur,2016,11,60,B59
Madaripur,2016,12,0,B59
Madaripur,2017,1,0,B59
Madaripur,2017,2,0,B59
Madaripur,2017,3,105,B59
Madaripur,2017,4,312,B59
Madaripur,2017,5,212,B59
Madaripur,2017,6,417,B59
Madaripur,2017,7,471,B59
Madaripur,2017,8,477,B59
Madaripur,2017,9,264,B59
Madaripur,2017,10,422,B59
Madaripur,2017,11,17,B59
Madaripur,2018,1,0,B59
Madaripur,2018,2,1,B59
Madaripur,2018,3,1,B59
Madaripur,2018,4,143,B59
Madaripur,2018,5,378,B59
Madaripur,2018,6,413,B59
Madaripur,2018,7,457,B59
Madaripur,2018,8,212,B59
Madaripur,2018,9,168,B59
Madaripur,2018,10,69,B59
Madaripur,2018,11,9,B59
Madaripur,2018,12,10,B59
Madaripur,2019,1,0,B59
Madaripur,2019,2,134,B59
Madaripur,2019,3,89,B59
Madaripur,2019,4,71,B59
Madaripur,2019,5,143,B59
Madaripur,2019,6,212,B59
Madaripur,2019,7,310,B59
Madaripur,2019,8,354,B59
Madaripur,2019,9,214,B59
Madaripur,2019,10,171,B59
Madaripur,2019,11,113,B59
Madaripur,2019,12,4,B59
Madaripur,2020,1,22,B59
Madaripur,2020,2,0,B59
Madaripur,2020,3,20,B59
Madaripur,2020,4,165,B59
Madaripur,2020,5,305,B59
Madaripur,2020,6,0,B59
Madaripur,2020,7,0,B59
Madaripur,2020,8,0,B59
Madaripur,2020,9,0,B59
Madaripur,2020,10,0,B59
Madaripur,2020,11,0,B59
Madaripur,2020,12,0,B59
Madaripur,2021,1,0,B59
Madaripur,2021,2,0,B59
Madaripur,2021,3,0,B59
Madaripur,2021,4,15,B59
Madaripur,2021,5,156,B59
Madaripur,2021,6,427,B59
Madaripur,2021,7,282,B59
Madaripur,2021,8,185,B59
Madaripur,2021,9,141,B59
Madaripur,2021,10,80,B59
Madaripur,2021,11,27,B59
Madaripur,2021,12,113,B59
Madaripur,2023,1,0,B59
Madaripur,2023,2,0,B59
Madaripur,2023,3,195,B59
Madaripur,2023,4,45,B59
Madaripur,2023,5,148,B59
Madaripur,2023,6,243,B59
Madaripur,2023,7,182,B59
Madaripur,2023,8,476,B59
Madaripur,2023,9,303,B59
Madaripur,2023,10,107,B59
Madaripur,2023,11,106,B59
Madaripur,2023,12,38,B59
Madaripur,2022,1,18,B59
Madaripur,2022,2,58,B59
Madaripur,2022,3,0,B59
Madaripur,2022,4,27,B59
Madaripur,2022,5,339,B59
Madaripur,2022,6,324,B59
Madaripur,2022,7,87,B59
Madaripur,2022,8,204,B59
Madaripur,2022,9,380,B59
Madaripur,2022,10,437,B59
Madaripur,2022,11,0,B59
Madaripur,2022,12,0,B59
Mawa,2023,7,2,B59
Mongla,1991,1,29,B59
Mongla,1991,2,29,B59
Mongla,1991,3,20,B59
Mongla,1991,4,88,B59
Mongla,1991,5,91,B59
Mongla,1991,6,419,B59
Mongla,1991,7,395,B59
Mongla,1991,8,298,B59
Mongla,1991,9,323,B59
Mongla,1991,10,259,B59
Mongla,1991,11,4,B59
Mongla,1991,12,2,B59
Mongla,1992,1,8,B59
Mongla,1992,2,108,B59
Mongla,1992,3,0,B59
Mongla,1992,4,4,B59
Mongla,1992,5,118,B59
Mongla,1992,6,174,B59
Mongla,1992,7,350,B59
Mongla,1992,8,243,B59
Mongla,1992,9,170,B59
Mongla,1992,10,55,B59
Mongla,1992,11,2,B59
Mongla,1992,12,0,B59
Mongla,1993,1,9,B59
Mongla,1993,2,21,B59
Mongla,1993,3,167,B59
Mongla,1993,4,72,B59
Mongla,1993,5,186,B59
Mongla,1993,6,424,B59
Mongla,1993,7,225,B59
Mongla,1993,8,379,B59
Mongla,1993,9,243,B59
Mongla,1993,10,91,B59
Mongla,1993,11,36,B59
Mongla,1993,12,0,B59
Mongla,1994,1,4,B59
Mongla,1994,2,18,B59
Mongla,1994,3,40,B59
Mongla,1994,4,149,B59
Mongla,1994,5,139,B59
Mongla,1994,6,344,B59
Mongla,1994,7,278,B59
Mongla,1994,8,380,B59
Mongla,1994,9,123,B59
Mongla,1994,10,130,B59
Mongla,1994,11,3,B59
Mongla,1994,12,0,B59
Mongla,1995,1,4,B59
Mongla,1995,2,70,B59
Mongla,1995,3,11,B59
Mongla,1995,4,9,B59
Mongla,1995,5,208,B59
Mongla,1995,6,304,B59
Mongla,1995,7,244,B59
Mongla,1995,8,268,B59
Mongla,1995,9,302,B59
Mongla,1995,10,148,B59
Mongla,1995,11,229,B59
Mongla,1995,12,0,B59
Mongla,1996,1,2,B59
Mongla,1996,2,22,B59
Mongla,1996,3,24,B59
Mongla,1996,4,47,B59
Mongla,1996,5,119,B59
Mongla,1996,6,453,B59
Mongla,1996,7,386,B59
Mongla,1996,8,357,B59
Mongla,1996,9,133,B59
Mongla,1996,10,274,B59
Mongla,1996,11,1,B59
Mongla,1996,12,0,B59
Mongla,1997,1,2,B59
Mongla,1997,2,70,B59
Mongla,1997,3,123,B59
Mongla,1997,4,131,B59
Mongla,1997,5,214,B59
Mongla,1997,6,233,B59
Mongla,1997,7,478,B59
Mongla,1997,8,355,B59
Mongla,1997,9,591,B59
Mongla,1997,10,12,B59
Mongla,1997,11,0,B59
Mongla,1997,12,14,B59
Mongla,1998,1,29,B59
Mongla,1998,2,65,B59
Mongla,1998,3,149,B59
Mongla,1998,4,97,B59
Mongla,1998,5,234,B59
Mongla,1998,6,229,B59
Mongla,1998,7,294,B59
Mongla,1998,8,443,B59
Mongla,1998,9,553,B59
Mongla,1998,10,110,B59
Mongla,1998,11,207,B59
Mongla,1998,12,0,B59
Mongla,1999,1,1,B59
Mongla,1999,2,0,B59
Mongla,1999,3,0,B59
Mongla,1999,4,25,B59
Mongla,1999,5,202,B59
Mongla,1999,6,262,B59
Mongla,1999,7,435,B59
Mongla,1999,8,442,B59
Mongla,1999,9,479,B59
Mongla,1999,10,321,B59
Mongla,1999,11,12,B59
Mongla,1999,12,0,B59
Mongla,2000,1,28,B59
Mongla,2000,2,9,B59
Mongla,2000,3,15,B59
Mongla,2000,4,134,B59
Mongla,2000,5,283,B59
Mongla,2000,6,309,B59
Mongla,2000,7,356,B59
Mongla,2000,8,209,B59
Mongla,2000,9,327,B59
Mongla,2000,10,124,B59
Mongla,2000,11,5,B59
Mongla,2000,12,0,B59
Mongla,2001,1,1,B59
Mongla,2001,2,19,B59
Mongla,2001,3,6,B59
Mongla,2001,4,22,B59
Mongla,2001,5,301,B59
Mongla,2001,6,539,B59
Mongla,2001,7,445,B59
Mongla,2001,8,136,B59
Mongla,2001,9,181,B59
Mongla,2001,10,251,B59
Mongla,2001,11,53,B59
Mongla,2001,12,0,B59
Mongla,2002,1,13,B59
Mongla,2002,2,5,B59
Mongla,2002,3,32,B59
Mongla,2002,4,74,B59
Mongla,2002,5,206,B59
Mongla,2002,6,983,B59
Mongla,2002,7,389,B59
Mongla,2002,8,441,B59
Mongla,2002,9,492,B59
Mongla,2002,10,62,B59
Mongla,2002,11,89,B59
Mongla,2002,12,0,B59
Mongla,2003,1,0,B59
Mongla,2003,2,2,B59
Mongla,2003,3,175,B59
Mongla,2003,4,41,B59
Mongla,2003,5,127,B59
Mongla,2003,6,351,B59
Mongla,2003,7,284,B59
Mongla,2003,8,229,B59
Mongla,2003,9,188,B59
Mongla,2003,10,263,B59
Mongla,2003,11,0,B59
Mongla,2003,12,28,B59
Mongla,2004,1,0,B59
Mongla,2004,2,0,B59
Mongla,2004,3,7,B59
Mongla,2004,4,95,B59
Mongla,2004,5,109,B59
Mongla,2004,6,293,B59
Mongla,2004,7,280,B59
Mongla,2004,8,336,B59
Mongla,2004,9,506,B59
Mongla,2004,10,274,B59
Mongla,2004,11,3,B59
Mongla,2004,12,0,B59
Mongla,2005,1,28,B59
Mongla,2005,2,0,B59
Mongla,2005,3,93,B59
Mongla,2005,4,25,B59
Mongla,2005,5,238,B59
Mongla,2005,6,342,B59
Mongla,2005,7,633,B59
Mongla,2005,8,264,B59
Mongla,2005,9,391,B59
Mongla,2005,10,390,B59
Mongla,2005,11,1,B59
Mongla,2005,12,1,B59
Mongla,2006,1,0,B59
Mongla,2006,2,0,B59
Mongla,2006,3,14,B59
Mongla,2006,4,9,B59
Mongla,2006,5,243,B59
Mongla,2006,6,255,B59
Mongla,2006,7,462,B59
Mongla,2006,8,318,B59
Mongla,2006,9,390,B59
Mongla,2006,10,48,B59
Mongla,2006,11,6,B59
Mongla,2006,12,0,B59
Mongla,2007,1,2,B59
Mongla,2007,2,71,B59
Mongla,2007,3,1,B59
Mongla,2007,4,64,B59
Mongla,2007,5,57,B59
Mongla,2007,6,226,B59
Mongla,2007,7,580,B59
Mongla,2007,8,262,B59
Mongla,2007,9,355,B59
Mongla,2007,10,267,B59
Mongla,2007,11,101,B59
Mongla,2007,12,0,B59
Mongla,2008,1,50,B59
Mongla,2008,2,36,B59
Mongla,2008,3,12,B59
Mongla,2008,4,7,B59
Mongla,2008,5,146,B59
Mongla,2008,6,252,B59
Mongla,2008,7,474,B59
Mongla,2008,8,217,B59
Mongla,2008,9,299,B59
Mongla,2008,10,197,B59
Mongla,2008,11,0,B59
Mongla,2008,12,0,B59
Mongla,2009,1,0,B59
Mongla,2009,2,1,B59
Mongla,2009,3,8,B59
Mongla,2009,4,23,B59
Mongla,2009,5,191,B59
Mongla,2009,6,177,B59
Mongla,2009,7,424,B59
Mongla,2009,8,478,B59
Mongla,2009,9,316,B59
Mongla,2009,10,96,B59
Mongla,2009,11,6,B59
Mongla,2009,12,0,B59
Mongla,2010,1,0,B59
Mongla,2010,2,0,B59
Mongla,2010,3,0,B59
Mongla,2010,4,19,B59
Mongla,2010,5,143,B59
Mongla,2010,6,350,B59
Mongla,2010,7,204,B59
Mongla,2010,8,265,B59
Mongla,2010,9,263,B59
Mongla,2010,10,324,B59
Mongla,2010,11,94,B59
Mongla,2010,12,11,B59
Mongla,2011,1,0,B59
Mongla,2011,2,0,B59
Mongla,2011,3,8,B59
Mongla,2011,4,112,B59
Mongla,2011,5,132,B59
Mongla,2011,6,504,B59
Mongla,2011,7,392,B59
Mongla,2011,8,639,B59
Mongla,2011,9,421,B59
Mongla,2011,10,39,B59
Mongla,2011,11,0,B59
Mongla,2011,12,0,B59
Mongla,2012,1,40,B59
Mongla,2012,2,13,B59
Mongla,2012,3,8,B59
Mongla,2012,4,85,B59
Mongla,2012,5,61,B59
Mongla,2012,6,193,B59
Mongla,2012,7,359,B59
Mongla,2012,8,449,B59
Mongla,2012,9,420,B59
Mongla,2012,10,114,B59
Mongla,2012,11,34,B59
Mongla,2012,12,8,B59
Mongla,2013,1,0,B59
Mongla,2013,2,5,B59
Mongla,2013,3,2,B59
Mongla,2013,4,28,B59
Mongla,2013,5,359,B59
Mongla,2013,6,244,B59
Mongla,2013,7,401,B59
Mongla,2013,8,287,B59
Mongla,2013,9,219,B59
Mongla,2013,10,286,B59
Mongla,2013,11,0,B59
Mongla,2013,12,0,B59
Mongla,2014,1,0,B59
Mongla,2014,2,35,B59
Mongla,2014,3,2,B59
Mongla,2014,4,2,B59
Mongla,2014,5,222,B59
Mongla,2014,6,308,B59
Mongla,2014,7,302,B59
Mongla,2014,8,221,B59
Mongla,2014,9,280,B59
Mongla,2014,10,136,B59
Mongla,2014,11,0,B59
Mongla,2014,12,0,B59
Mongla,2015,1,18,B59
Mongla,2015,2,3,B59
Mongla,2015,3,23,B59
Mongla,2015,4,95,B59
Mongla,2015,5,98,B59
Mongla,2015,6,396,B59
Mongla,2015,7,891,B59
Mongla,2015,8,270,B59
Mongla,2015,9,284,B59
Mongla,2015,10,21,B59
Mongla,2015,11,4,B59
Mongla,2015,12,7,B59
Mongla,2016,1,16,B59
Mongla,2016,2,53,B59
Mongla,2016,3,20,B59
Mongla,2016,4,21,B59
Mongla,2016,5,270,B59
Mongla,2016,6,366,B59
Mongla,2016,7,538,B59
Mongla,2016,8,544,B59
Mongla,2016,9,76,B59
Mongla,2016,10,159,B59
Mongla,2016,11,55,B59
Mongla,2016,12,0,B59
Mongla,2017,1,0,B59
Mongla,2017,2,0,B59
Mongla,2017,3,81,B59
Mongla,2017,4,55,B59
Mongla,2017,5,115,B59
Mongla,2017,6,335,B59
Mongla,2017,7,534,B59
Mongla,2017,8,355,B59
Mongla,2017,9,207,B59
Mongla,2017,10,342,B59
Mongla,2017,11,17,B59
Mongla,2017,12,59,B59
Mongla,2018,1,0,B59
Mongla,2018,2,0,B59
Mongla,2018,3,1,B59
Mongla,2018,4,69,B59
Mongla,2018,5,254,B59
Mongla,2018,6,526,B59
Mongla,2018,7,388,B59
Mongla,2018,8,254,B59
Mongla,2018,9,177,B59
Mongla,2018,10,100,B59
Mongla,2018,11,0,B59
Mongla,2018,12,2,B59
Mongla,2019,1,0,B59
Mongla,2019,2,100,B59
Mongla,2019,3,41,B59
Mongla,2019,4,101,B59
Mongla,2019,5,82,B59
Mongla,2019,6,286,B59
Mongla,2019,7,301,B59
Mongla,2019,8,389,B59
Mongla,2019,9,290,B59
Mongla,2019,10,97,B59
Mongla,2019,11,265,B59
Mongla,2019,12,11,B59
Mongla,2020,1,54,B59
Mongla,2020,2,3,B59
Mongla,2020,3,8,B59
Mongla,2020,4,103,B59
Mongla,2020,5,245,B59
Mongla,2020,6,429,B59
Mongla,2020,7,446,B59
Mongla,2020,8,401,B59
Mongla,2020,9,227,B59
Mongla,2020,10,326,B59
Mongla,2020,11,12,B59
Mongla,2020,12,0,B59
Mongla,2021,1,0,B59
Mongla,2021,2,0,B59
Mongla,2021,3,0,B59
Mongla,2021,4,0,B59
Mongla,2021,5,187,B59
Mongla,2021,6,431,B59
Mongla,2021,7,861,B59
Mongla,2021,8,332,B59
Mongla,2021,9,373,B59
Mongla,2021,10,248,B59
Mongla,2021,11,2,B59
Mongla,2021,12,60,B59
Mongla,2023,1,0,B59
Mongla,2023,2,0,B59
Mongla,2023,3,61,B59
Mongla,2023,4,84,B59
Mongla,2023,5,142,B59
Mongla,2023,6,394,B59
Mongla,2023,7,403,B59
Mongla,2023,8,470,B59
Mongla,2023,9,284,B59
Mongla,2023,10,210,B59
Mongla,2023,11,92,B59
Mongla,2023,12,1,B59
Mongla,2022,1,6,B59
Mongla,2022,2,29,B59
Mongla,2022,3,0,B59
Mongla,2022,4,1,B59
Mongla,2022,5,120,B59
Mongla,2022,6,212,B59
Mongla,2022,7,148,B59
Mongla,2022,8,261,B59
Mongla,2022,9,317,B59
Mongla,2022,10,434,B59
Mongla,2022,11,0,B59
Mongla,2022,12,0,B59
Monpura,2023,7,215,B59
Monpura,2023,8,103,B59
Monpura,2023,9,376,B59
Monpura,2023,10,318,B59
Monpura,2023,11,58,B59
Monpura,2023,12,0,B59
Mymensingh,1948,1,0,B59
Mymensingh,1948,2,21,B59
Mymensingh,1948,3,35,B59
Mymensingh,1948,4,176,B59
Mymensingh,1948,5,537,B59
Mymensingh,1948,6,354,B59
Mymensingh,1948,7,513,B59
Mymensingh,1948,8,373,B59
Mymensingh,1948,9,432,B59
Mymensingh,1948,10,339,B59
Mymensingh,1948,11,26,B59
Mymensingh,1948,12,0,B59
Mymensingh,1950,1,0,B59
Mymensingh,1950,2,30,B59
Mymensingh,1950,3,64,B59
Mymensingh,1950,4,25,B59
Mymensingh,1950,5,130,B59
Mymensingh,1950,6,502,B59
Mymensingh,1950,7,79,B59
Mymensingh,1950,8,498,B59
Mymensingh,1950,9,73,B59
Mymensingh,1950,10,31,B59
Mymensingh,1950,11,41,B59
Mymensingh,1950,12,0,B59
Mymensingh,1951,1,0,B59
Mymensingh,1951,2,0,B59
Mymensingh,1951,3,12,B59
Mymensingh,1951,4,25,B59
Mymensingh,1951,5,140,B59
Mymensingh,1951,6,401,B59
Mymensingh,1951,7,275,B59
Mymensingh,1951,8,167,B59
Mymensingh,1951,9,146,B59
Mymensingh,1951,10,360,B59
Mymensingh,1951,11,77,B59
Mymensingh,1951,12,0,B59
Mymensingh,1952,1,0,B59
Mymensingh,1952,2,0,B59
Mymensingh,1952,3,25,B59
Mymensingh,1952,4,96,B59
Mymensingh,1952,5,196,B59
Mymensingh,1952,6,166,B59
Mymensingh,1952,7,371,B59
Mymensingh,1952,8,271,B59
Mymensingh,1952,9,468,B59
Mymensingh,1952,10,254,B59
Mymensingh,1952,11,56,B59
Mymensingh,1952,12,0,B59
Mymensingh,1953,1,20,B59
Mymensingh,1953,2,0,B59
Mymensingh,1953,3,107,B59
Mymensingh,1953,4,229,B59
Mymensingh,1953,5,289,B59
Mymensingh,1953,6,473,B59
Mymensingh,1953,7,407,B59
Mymensingh,1953,8,341,B59
Mymensingh,1953,9,788,B59
Mymensingh,1953,10,179,B59
Mymensingh,1953,11,3,B59
Mymensingh,1953,12,0,B59
Mymensingh,1954,1,24,B59
Mymensingh,1954,2,48,B59
Mymensingh,1954,3,23,B59
Mymensingh,1954,4,60,B59
Mymensingh,1954,5,318,B59
Mymensingh,1954,6,367,B59
Mymensingh,1954,7,301,B59
Mymensingh,1954,8,93,B59
Mymensingh,1954,9,245,B59
Mymensingh,1954,10,142,B59
Mymensingh,1954,11,0,B59
Mymensingh,1954,12,17,B59
Mymensingh,1955,1,6,B59
Mymensingh,1955,2,4,B59
Mymensingh,1955,3,55,B59
Mymensingh,1955,4,46,B59
Mymensingh,1955,5,97,B59
Mymensingh,1955,6,583,B59
Mymensingh,1955,7,536,B59
Mymensingh,1955,8,702,B59
Mymensingh,1955,9,374,B59
Mymensingh,1955,10,130,B59
Mymensingh,1955,11,77,B59
Mymensingh,1955,12,0,B59
Mymensingh,1956,1,6,B59
Mymensingh,1956,2,0,B59
Mymensingh,1956,3,67,B59
Mymensingh,1956,4,104,B59
Mymensingh,1956,5,471,B59
Mymensingh,1956,6,602,B59
Mymensingh,1956,7,433,B59
Mymensingh,1956,8,727,B59
Mymensingh,1956,9,287,B59
Mymensingh,1956,10,212,B59
Mymensingh,1956,11,19,B59
Mymensingh,1956,12,0,B59
Mymensingh,1957,1,145,B59
Mymensingh,1957,2,53,B59
Mymensingh,1957,3,0,B59
Mymensingh,1957,4,1,B59
Mymensingh,1957,5,73,B59
Mymensingh,1957,6,579,B59
Mymensingh,1957,7,254,B59
Mymensingh,1957,8,282,B59
Mymensingh,1957,9,334,B59
Mymensingh,1957,10,166,B59
Mymensingh,1957,11,0,B59
Mymensingh,1957,12,0,B59
Mymensingh,1958,1,0,B59
Mymensingh,1958,2,93,B59
Mymensingh,1958,3,1,B59
Mymensingh,1958,4,75,B59
Mymensingh,1958,5,289,B59
Mymensingh,1958,6,432,B59
Mymensingh,1958,7,271,B59
Mymensingh,1958,8,523,B59
Mymensingh,1958,9,194,B59
Mymensingh,1958,10,136,B59
Mymensingh,1958,11,0,B59
Mymensingh,1958,12,0,B59
Mymensingh,1959,1,18,B59
Mymensingh,1959,2,0,B59
Mymensingh,1959,3,158,B59
Mymensingh,1959,4,45,B59
Mymensingh,1959,5,372,B59
Mymensingh,1959,6,505,B59
Mymensingh,1959,7,194,B59
Mymensingh,1959,8,931,B59
Mymensingh,1959,9,180,B59
Mymensingh,1959,10,626,B59
Mymensingh,1959,11,0,B59
Mymensingh,1959,12,0,B59
Mymensingh,1960,1,15,B59
Mymensingh,1960,2,0,B59
Mymensingh,1960,3,69,B59
Mymensingh,1960,4,27,B59
Mymensingh,1960,5,187,B59
Mymensingh,1960,6,363,B59
Mymensingh,1960,7,383,B59
Mymensingh,1960,8,355,B59
Mymensingh,1960,9,579,B59
Mymensingh,1960,10,53,B59
Mymensingh,1960,11,6,B59
Mymensingh,1960,12,0,B59
Mymensingh,1961,1,0,B59
Mymensingh,1961,2,0,B59
Mymensingh,1961,3,0,B59
Mymensingh,1961,4,15,B59
Mymensingh,1961,5,295,B59
Mymensingh,1961,6,456,B59
Mymensingh,1961,7,242,B59
Mymensingh,1961,8,150,B59
Mymensingh,1961,9,121,B59
Mymensingh,1961,10,86,B59
Mymensingh,1961,11,3,B59
Mymensingh,1961,12,0,B59
Mymensingh,1962,1,6,B59
Mymensingh,1962,2,10,B59
Mymensingh,1962,3,1,B59
Mymensingh,1962,4,51,B59
Mymensingh,1962,5,390,B59
Mymensingh,1962,6,461,B59
Mymensingh,1962,7,311,B59
Mymensingh,1962,8,353,B59
Mymensingh,1962,9,210,B59
Mymensingh,1962,10,103,B59
Mymensingh,1962,11,0,B59
Mymensingh,1962,12,0,B59
Mymensingh,1963,1,0,B59
Mymensingh,1963,2,0,B59
Mymensingh,1963,3,40,B59
Mymensingh,1963,4,74,B59
Mymensingh,1963,5,223,B59
Mymensingh,1963,6,518,B59
Mymensingh,1963,7,410,B59
Mymensingh,1963,8,313,B59
Mymensingh,1963,9,174,B59
Mymensingh,1963,10,160,B59
Mymensingh,1963,11,82,B59
Mymensingh,1963,12,1,B59
Mymensingh,1964,1,13,B59
Mymensingh,1964,2,49,B59
Mymensingh,1964,3,31,B59
Mymensingh,1964,4,101,B59
Mymensingh,1964,5,368,B59
Mymensingh,1964,6,598,B59
Mymensingh,1964,7,488,B59
Mymensingh,1964,8,237,B59
Mymensingh,1964,9,448,B59
Mymensingh,1964,10,396,B59
Mymensingh,1964,11,0,B59
Mymensingh,1964,12,0,B59
Mymensingh,1965,1,0,B59
Mymensingh,1965,2,19,B59
Mymensingh,1965,3,25,B59
Mymensingh,1965,4,59,B59
Mymensingh,1965,5,204,B59
Mymensingh,1965,6,409,B59
Mymensingh,1965,7,558,B59
Mymensingh,1965,8,669,B59
Mymensingh,1965,9,297,B59
Mymensingh,1965,10,76,B59
Mymensingh,1965,11,19,B59
Mymensingh,1965,12,0,B59
Mymensingh,1966,1,20,B59
Mymensingh,1966,3,4,B59
Mymensingh,1966,4,110,B59
Mymensingh,1966,5,127,B59
Mymensingh,1966,6,218,B59
Mymensingh,1966,7,386,B59
Mymensingh,1966,8,472,B59
Mymensingh,1966,9,179,B59
Mymensingh,1966,10,189,B59
Mymensingh,1966,11,10,B59
Mymensingh,1966,12,7,B59
Mymensingh,1967,1,16,B59
Mymensingh,1967,2,0,B59
Mymensingh,1967,3,46,B59
Mymensingh,1967,4,74,B59
Mymensingh,1967,5,284,B59
Mymensingh,1967,6,211,B59
Mymensingh,1967,7,451,B59
Mymensingh,1967,8,345,B59
Mymensingh,1967,9,283,B59
Mymensingh,1967,10,155,B59
Mymensingh,1967,11,23,B59
Mymensingh,1967,12,0,B59
Mymensingh,1968,1,5,B59
Mymensingh,1968,2,2,B59
Mymensingh,1968,3,37,B59
Mymensingh,1968,4,39,B59
Mymensingh,1968,5,293,B59
Mymensingh,1968,6,464,B59
Mymensingh,1968,7,618,B59
Mymensingh,1968,8,244,B59
Mymensingh,1968,9,368,B59
Mymensingh,1968,10,144,B59
Mymensingh,1968,11,0,B59
Mymensingh,1968,12,0,B59
Mymensingh,1969,1,0,B59
Mymensingh,1969,2,2,B59
Mymensingh,1969,3,139,B59
Mymensingh,1969,4,169,B59
Mymensingh,1969,5,176,B59
Mymensingh,1969,7,338,B59
Mymensingh,1969,8,634,B59
Mymensingh,1969,9,267,B59
Mymensingh,1969,10,50,B59
Mymensingh,1969,11,0,B59
Mymensingh,1969,12,0,B59
Mymensingh,1970,1,23,B59
Mymensingh,1970,2,0,B59
Mymensingh,1970,3,6,B59
Mymensingh,1970,4,117,B59
Mymensingh,1970,5,176,B59
Mymensingh,1970,6,570,B59
Mymensingh,1970,7,323,B59
Mymensingh,1970,8,207,B59
Mymensingh,1970,9,242,B59
Mymensingh,1970,10,274,B59
Mymensingh,1970,11,8,B59
Mymensingh,1970,12,0,B59
Mymensingh,1971,8,369,B59
Mymensingh,1971,9,897,B59
Mymensingh,1971,10,445,B59
Mymensingh,1971,11,58,B59
Mymensingh,1971,12,0,B59
Mymensingh,1972,1,0,B59
Mymensingh,1972,2,20,B59
Mymensingh,1972,3,35,B59
Mymensingh,1972,4,89,B59
Mymensingh,1972,5,127,B59
Mymensingh,1972,6,625,B59
Mymensingh,1972,7,418,B59
Mymensingh,1972,8,130,B59
Mymensingh,1972,9,204,B59
Mymensingh,1972,10,6,B59
Mymensingh,1972,11,0,B59
Mymensingh,1972,12,0,B59
Mymensingh,1973,1,24,B59
Mymensingh,1973,2,15,B59
Mymensingh,1973,4,114,B59
Mymensingh,1973,5,284,B59
Mymensingh,1973,6,262,B59
Mymensingh,1973,7,162,B59
Mymensingh,1973,8,121,B59
Mymensingh,1974,1,0,B59
Mymensingh,1974,2,0,B59
Mymensingh,1974,3,0,B59
Mymensingh,1974,4,0,B59
Mymensingh,1974,7,526,B59
Mymensingh,1974,8,106,B59
Mymensingh,1974,9,217,B59
Mymensingh,1974,10,0,B59
Mymensingh,1975,1,0,B59
Mymensingh,1975,2,0,B59
Mymensingh,1975,3,0,B59
Mymensingh,1975,4,8,B59
Mymensingh,1975,5,3,B59
Mymensingh,1975,6,0,B59
Mymensingh,1975,7,0,B59
Mymensingh,1975,8,17,B59
Mymensingh,1975,9,0,B59
Mymensingh,1975,10,0,B59
Mymensingh,1975,11,0,B59
Mymensingh,1975,12,0,B59
Mymensingh,1976,1,0,B59
Mymensingh,1976,2,8,B59
Mymensingh,1976,3,0,B59
Mymensingh,1976,4,84,B59
Mymensingh,1976,5,237,B59
Mymensingh,1976,6,394,B59
Mymensingh,1976,7,577,B59
Mymensingh,1976,8,475,B59
Mymensingh,1976,9,195,B59
Mymensingh,1976,10,135,B59
Mymensingh,1976,11,0,B59
Mymensingh,1976,12,0,B59
Mymensingh,1977,1,12,B59
Mymensingh,1977,2,119,B59
Mymensingh,1977,3,0,B59
Mymensingh,1977,4,327,B59
Mymensingh,1977,5,729,B59
Mymensingh,1977,6,794,B59
Mymensingh,1977,7,250,B59
Mymensingh,1977,8,176,B59
Mymensingh,1977,9,189,B59
Mymensingh,1977,10,196,B59
Mymensingh,1977,11,36,B59
Mymensingh,1977,12,19,B59
Mymensingh,1978,1,0,B59
Mymensingh,1978,2,0,B59
Mymensingh,1978,3,46,B59
Mymensingh,1978,4,119,B59
Mymensingh,1978,5,405,B59
Mymensingh,1978,6,509,B59
Mymensingh,1978,7,475,B59
Mymensingh,1978,8,124,B59
Mymensingh,1978,9,213,B59
Mymensingh,1978,10,33,B59
Mymensingh,1978,11,0,B59
Mymensingh,1978,12,0,B59
Mymensingh,1979,1,0,B59
Mymensingh,1979,2,2,B59
Mymensingh,1979,3,6,B59
Mymensingh,1979,4,45,B59
Mymensingh,1979,5,195,B59
Mymensingh,1979,6,184,B59
Mymensingh,1979,7,220,B59
Mymensingh,1979,8,125,B59
Mymensingh,1979,9,100,B59
Mymensingh,1979,10,52,B59
Mymensingh,1979,11,18,B59
Mymensingh,1979,12,11,B59
Mymensingh,1980,1,2,B59
Mymensingh,1980,2,11,B59
Mymensingh,1980,3,16,B59
Mymensingh,1980,4,84,B59
Mymensingh,1980,5,723,B59
Mymensingh,1980,6,289,B59
Mymensingh,1980,7,309,B59
Mymensingh,1980,8,464,B59
Mymensingh,1980,9,214,B59
Mymensingh,1980,10,209,B59
Mymensingh,1980,11,0,B59
Mymensingh,1980,12,0,B59
Mymensingh,1981,1,12,B59
Mymensingh,1981,2,48,B59
Mymensingh,1981,3,51,B59
Mymensingh,1981,4,280,B59
Mymensingh,1981,5,369,B59
Mymensingh,1981,6,103,B59
Mymensingh,1981,7,683,B59
Mymensingh,1981,8,262,B59
Mymensingh,1981,9,278,B59
Mymensingh,1981,10,22,B59
Mymensingh,1981,11,0,B59
Mymensingh,1981,12,79,B59
Mymensingh,1982,1,0,B59
Mymensingh,1982,2,2,B59
Mymensingh,1982,3,65,B59
Mymensingh,1982,4,124,B59
Mymensingh,1982,5,276,B59
Mymensingh,1982,6,689,B59
Mymensingh,1982,7,582,B59
Mymensingh,1982,8,337,B59
Mymensingh,1982,9,243,B59
Mymensingh,1982,10,28,B59
Mymensingh,1982,11,8,B59
Mymensingh,1982,12,0,B59
Mymensingh,1983,1,9,B59
Mymensingh,1983,2,3,B59
Mymensingh,1983,3,66,B59
Mymensingh,1983,4,115,B59
Mymensingh,1983,5,512,B59
Mymensingh,1983,6,112,B59
Mymensingh,1983,7,413,B59
Mymensingh,1983,8,865,B59
Mymensingh,1983,9,281,B59
Mymensingh,1983,10,453,B59
Mymensingh,1983,11,0,B59
Mymensingh,1983,12,11,B59
Mymensingh,1984,1,13,B59
Mymensingh,1984,2,0,B59
Mymensingh,1984,3,15,B59
Mymensingh,1984,4,28,B59
Mymensingh,1984,5,476,B59
Mymensingh,1984,6,512,B59
Mymensingh,1984,7,689,B59
Mymensingh,1984,8,257,B59
Mymensingh,1984,9,468,B59
Mymensingh,1984,10,221,B59
Mymensingh,1984,11,0,B59
Mymensingh,1984,12,0,B59
Mymensingh,1985,1,9,B59
Mymensingh,1985,2,37,B59
Mymensingh,1985,3,2,B59
Mymensingh,1985,4,190,B59
Mymensingh,1985,5,260,B59
Mymensingh,1985,6,94,B59
Mymensingh,1985,7,251,B59
Mymensingh,1985,8,250,B59
Mymensingh,1985,9,357,B59
Mymensingh,1985,10,104,B59
Mymensingh,1985,11,0,B59
Mymensingh,1985,12,5,B59
Mymensingh,1986,1,0,B59
Mymensingh,1986,2,4,B59
Mymensingh,1986,3,0,B59
Mymensingh,1986,4,402,B59
Mymensingh,1986,5,195,B59
Mymensingh,1986,6,285,B59
Mymensingh,1986,7,673,B59
Mymensingh,1986,8,270,B59
Mymensingh,1986,9,665,B59
Mymensingh,1986,10,377,B59
Mymensingh,1986,11,86,B59
Mymensingh,1986,12,14,B59
Mymensingh,1987,1,3,B59
Mymensingh,1987,2,0,B59
Mymensingh,1987,3,20,B59
Mymensingh,1987,4,136,B59
Mymensingh,1987,5,258,B59
Mymensingh,1987,6,379,B59
Mymensingh,1987,7,403,B59
Mymensingh,1987,8,512,B59
Mymensingh,1987,9,385,B59
Mymensingh,1987,10,95,B59
Mymensingh,1987,11,17,B59
Mymensingh,1987,12,1,B59
Mymensingh,1988,1,0,B59
Mymensingh,1988,2,45,B59
Mymensingh,1988,3,115,B59
Mymensingh,1988,4,94,B59
Mymensingh,1988,5,734,B59
Mymensingh,1988,6,587,B59
Mymensingh,1988,7,586,B59
Mymensingh,1988,8,411,B59
Mymensingh,1988,9,309,B59
Mymensingh,1988,10,195,B59
Mymensingh,1988,11,120,B59
Mymensingh,1988,12,13,B59
Mymensingh,1989,1,6,B59
Mymensingh,1989,2,17,B59
Mymensingh,1989,3,2,B59
Mymensingh,1989,4,23,B59
Mymensingh,1989,5,267,B59
Mymensingh,1989,6,340,B59
Mymensingh,1989,7,752,B59
Mymensingh,1989,8,171,B59
Mymensingh,1989,9,406,B59
Mymensingh,1989,10,284,B59
Mymensingh,1989,11,0,B59
Mymensingh,1989,12,6,B59
Mymensingh,1990,1,0,B59
Mymensingh,1990,2,83,B59
Mymensingh,1990,3,67,B59
Mymensingh,1990,4,116,B59
Mymensingh,1990,5,390,B59
Mymensingh,1990,6,529,B59
Mymensingh,1990,7,477,B59
Mymensingh,1990,8,237,B59
Mymensingh,1990,9,319,B59
Mymensingh,1990,10,213,B59
Mymensingh,1990,11,7,B59
Mymensingh,1990,12,1,B59
Mymensingh,1991,1,2,B59
Mymensingh,1991,2,15,B59
Mymensingh,1991,3,44,B59
Mymensingh,1991,4,77,B59
Mymensingh,1991,5,679,B59
Mymensingh,1991,6,603,B59
Mymensingh,1991,7,322,B59
Mymensingh,1991,8,238,B59
Mymensingh,1991,9,735,B59
Mymensingh,1991,10,520,B59
Mymensingh,1991,11,0,B59
Mymensingh,1991,12,77,B59
Mymensingh,1992,1,6,B59
Mymensingh,1992,2,36,B59
Mymensingh,1992,3,0,B59
Mymensingh,1992,4,20,B59
Mymensingh,1992,5,156,B59
Mymensingh,1992,6,270,B59
Mymensingh,1992,7,380,B59
Mymensingh,1992,8,155,B59
Mymensingh,1992,9,318,B59
Mymensingh,1992,10,241,B59
Mymensingh,1992,11,1,B59
Mymensingh,1992,12,1,B59
Mymensingh,1993,1,69,B59
Mymensingh,1993,2,13,B59
Mymensingh,1993,3,44,B59
Mymensingh,1993,4,183,B59
Mymensingh,1993,5,350,B59
Mymensingh,1993,6,811,B59
Mymensingh,1993,7,512,B59
Mymensingh,1993,8,478,B59
Mymensingh,1993,9,524,B59
Mymensingh,1993,10,229,B59
Mymensingh,1993,11,0,B59
Mymensingh,1993,12,0,B59
Mymensingh,1994,1,8,B59
Mymensingh,1994,2,59,B59
Mymensingh,1994,3,123,B59
Mymensingh,1994,4,77,B59
Mymensingh,1994,5,202,B59
Mymensingh,1994,6,251,B59
Mymensingh,1994,7,227,B59
Mymensingh,1994,8,323,B59
Mymensingh,1994,9,202,B59
Mymensingh,1994,10,132,B59
Mymensingh,1994,11,0,B59
Mymensingh,1994,12,0,B59
Mymensingh,1995,1,10,B59
Mymensingh,1995,2,19,B59
Mymensingh,1995,3,29,B59
Mymensingh,1995,4,81,B59
Mymensingh,1995,5,285,B59
Mymensingh,1995,6,565,B59
Mymensingh,1995,7,682,B59
Mymensingh,1995,8,528,B59
Mymensingh,1995,9,230,B59
Mymensingh,1995,10,115,B59
Mymensingh,1995,11,101,B59
Mymensingh,1995,12,0,B59
Mymensingh,1996,1,0,B59
Mymensingh,1996,2,14,B59
Mymensingh,1996,3,18,B59
Mymensingh,1996,4,42,B59
Mymensingh,1996,5,171,B59
Mymensingh,1996,6,210,B59
Mymensingh,1996,7,291,B59
Mymensingh,1996,8,276,B59
Mymensingh,1996,9,307,B59
Mymensingh,1996,10,291,B59
Mymensingh,1996,11,0,B59
Mymensingh,1996,12,0,B59
Mymensingh,1997,1,1,B59
Mymensingh,1997,2,12,B59
Mymensingh,1997,3,31,B59
Mymensingh,1997,4,172,B59
Mymensingh,1997,5,131,B59
Mymensingh,1997,6,396,B59
Mymensingh,1997,7,523,B59
Mymensingh,1997,8,417,B59
Mymensingh,1997,9,485,B59
Mymensingh,1997,10,8,B59
Mymensingh,1997,11,11,B59
Mymensingh,1997,12,21,B59
Mymensingh,1998,1,9,B59
Mymensingh,1998,2,11,B59
Mymensingh,1998,3,68,B59
Mymensingh,1998,4,161,B59
Mymensingh,1998,5,299,B59
Mymensingh,1998,6,176,B59
Mymensingh,1998,7,755,B59
Mymensingh,1998,8,517,B59
Mymensingh,1998,9,270,B59
Mymensingh,1998,10,50,B59
Mymensingh,1998,11,31,B59
Mymensingh,1998,12,0,B59
Mymensingh,1999,1,0,B59
Mymensingh,1999,2,0,B59
Mymensingh,1999,3,1,B59
Mymensingh,1999,4,108,B59
Mymensingh,1999,5,415,B59
Mymensingh,1999,6,211,B59
Mymensingh,1999,7,401,B59
Mymensingh,1999,8,349,B59
Mymensingh,1999,9,175,B59
Mymensingh,1999,10,513,B59
Mymensingh,1999,11,1,B59
Mymensingh,1999,12,0,B59
Mymensingh,2000,1,18,B59
Mymensingh,2000,2,20,B59
Mymensingh,2000,3,74,B59
Mymensingh,2000,4,318,B59
Mymensingh,2000,5,462,B59
Mymensingh,2000,6,463,B59
Mymensingh,2000,7,150,B59
Mymensingh,2000,8,257,B59
Mymensingh,2000,9,385,B59
Mymensingh,2000,10,170,B59
Mymensingh,2000,11,0,B59
Mymensingh,2000,12,0,B59
Mymensingh,2001,1,0,B59
Mymensingh,2001,2,11,B59
Mymensingh,2001,3,16,B59
Mymensingh,2001,4,156,B59
Mymensingh,2001,5,358,B59
Mymensingh,2001,6,408,B59
Mymensingh,2001,7,183,B59
Mymensingh,2001,8,227,B59
Mymensingh,2001,9,356,B59
Mymensingh,2001,10,222,B59
Mymensingh,2001,11,11,B59
Mymensingh,2001,12,0,B59
Mymensingh,2002,1,6,B59
Mymensingh,2002,2,0,B59
Mymensingh,2002,3,41,B59
Mymensingh,2002,4,259,B59
Mymensingh,2002,5,389,B59
Mymensingh,2002,6,606,B59
Mymensingh,2002,7,440,B59
Mymensingh,2002,8,204,B59
Mymensingh,2002,9,255,B59
Mymensingh,2002,10,145,B59
Mymensingh,2002,11,87,B59
Mymensingh,2002,12,0,B59
Mymensingh,2003,1,0,B59
Mymensingh,2003,2,27,B59
Mymensingh,2003,3,87,B59
Mymensingh,2003,4,130,B59
Mymensingh,2003,5,267,B59
Mymensingh,2003,6,420,B59
Mymensingh,2003,7,213,B59
Mymensingh,2003,8,124,B59
Mymensingh,2003,9,190,B59
Mymensingh,2003,10,345,B59
Mymensingh,2003,11,0,B59
Mymensingh,2003,12,10,B59
Mymensingh,2004,1,6,B59
Mymensingh,2004,2,2,B59
Mymensingh,2004,3,13,B59
Mymensingh,2004,4,244,B59
Mymensingh,2004,5,87,B59
Mymensingh,2004,6,392,B59
Mymensingh,2004,7,753,B59
Mymensingh,2004,8,241,B59
Mymensingh,2004,9,250,B59
Mymensingh,2004,10,487,B59
Mymensingh,2004,11,0,B59
Mymensingh,2004,12,18,B59
Mymensingh,2005,1,3,B59
Mymensingh,2005,2,27,B59
Mymensingh,2005,3,77,B59
Mymensingh,2005,4,142,B59
Mymensingh,2005,5,495,B59
Mymensingh,2005,6,255,B59
Mymensingh,2005,7,405,B59
Mymensingh,2005,8,514,B59
Mymensingh,2005,9,360,B59
Mymensingh,2005,10,394,B59
Mymensingh,2005,11,0,B59
Mymensingh,2005,12,0,B59
Mymensingh,2006,1,0,B59
Mymensingh,2006,2,0,B59
Mymensingh,2006,3,2,B59
Mymensingh,2006,4,153,B59
Mymensingh,2006,5,379,B59
Mymensingh,2006,6,371,B59
Mymensingh,2006,7,274,B59
Mymensingh,2006,8,339,B59
Mymensingh,2006,9,420,B59
Mymensingh,2006,10,23,B59
Mymensingh,2006,11,0,B59
Mymensingh,2006,12,0,B59
Mymensingh,2007,1,0,B59
Mymensingh,2007,2,55,B59
Mymensingh,2007,3,18,B59
Mymensingh,2007,4,208,B59
Mymensingh,2007,5,123,B59
Mymensingh,2007,6,849,B59
Mymensingh,2007,7,726,B59
Mymensingh,2007,8,368,B59
Mymensingh,2007,9,149,B59
Mymensingh,2007,10,219,B59
Mymensingh,2007,11,67,B59
Mymensingh,2007,12,0,B59
Mymensingh,2008,1,30,B59
Mymensingh,2008,2,5,B59
Mymensingh,2008,3,96,B59
Mymensingh,2008,4,25,B59
Mymensingh,2008,5,280,B59
Mymensingh,2008,6,675,B59
Mymensingh,2008,7,473,B59
Mymensingh,2008,8,354,B59
Mymensingh,2008,9,131,B59
Mymensingh,2008,10,170,B59
Mymensingh,2008,11,0,B59
Mymensingh,2008,12,0,B59
Mymensingh,2009,1,0,B59
Mymensingh,2009,2,0,B59
Mymensingh,2009,3,17,B59
Mymensingh,2009,4,54,B59
Mymensingh,2009,5,411,B59
Mymensingh,2009,6,130,B59
Mymensingh,2009,7,431,B59
Mymensingh,2009,8,359,B59
Mymensingh,2009,9,231,B59
Mymensingh,2009,10,29,B59
Mymensingh,2009,11,0,B59
Mymensingh,2009,12,0,B59
Mymensingh,2010,1,0,B59
Mymensingh,2010,2,4,B59
Mymensingh,2010,3,16,B59
Mymensingh,2010,4,123,B59
Mymensingh,2010,5,337,B59
Mymensingh,2010,6,384,B59
Mymensingh,2010,7,458,B59
Mymensingh,2010,8,368,B59
Mymensingh,2010,9,211,B59
Mymensingh,2010,10,148,B59
Mymensingh,2010,11,4,B59
Mymensingh,2010,12,42,B59
Mymensingh,2011,1,1,B59
Mymensingh,2011,2,12,B59
Mymensingh,2011,3,32,B59
Mymensingh,2011,4,80,B59
Mymensingh,2011,5,239,B59
Mymensingh,2011,6,449,B59
Mymensingh,2011,7,333,B59
Mymensingh,2011,8,741,B59
Mymensingh,2011,9,242,B59
Mymensingh,2011,10,18,B59
Mymensingh,2011,11,0,B59
Mymensingh,2011,12,0,B59
Mymensingh,2012,1,18,B59
Mymensingh,2012,2,0,B59
Mymensingh,2012,3,1,B59
Mymensingh,2012,4,202,B59
Mymensingh,2012,5,85,B59
Mymensingh,2012,6,241,B59
Mymensingh,2012,7,409,B59
Mymensingh,2012,8,238,B59
Mymensingh,2012,9,221,B59
Mymensingh,2012,10,45,B59
Mymensingh,2012,11,19,B59
Mymensingh,2012,12,0,B59
Mymensingh,2013,1,0,B59
Mymensingh,2013,2,18,B59
Mymensingh,2013,3,21,B59
Mymensingh,2013,4,69,B59
Mymensingh,2013,5,308,B59
Mymensingh,2013,6,267,B59
Mymensingh,2013,7,318,B59
Mymensingh,2013,8,343,B59
Mymensingh,2013,9,132,B59
Mymensingh,2013,10,263,B59
Mymensingh,2013,11,0,B59
Mymensingh,2013,12,0,B59
Mymensingh,2014,1,0,B59
Mymensingh,2014,2,42,B59
Mymensingh,2014,3,24,B59
Mymensingh,2014,4,78,B59
Mymensingh,2014,5,160,B59
Mymensingh,2014,6,342,B59
Mymensingh,2014,7,303,B59
Mymensingh,2014,8,559,B59
Mymensingh,2014,9,410,B59
Mymensingh,2014,10,16,B59
Mymensingh,2014,11,0,B59
Mymensingh,2014,12,0,B59
Mymensingh,2015,1,15,B59
Mymensingh,2015,2,19,B59
Mymensingh,2015,3,1,B59
Mymensingh,2015,4,203,B59
Mymensingh,2015,5,212,B59
Mymensingh,2015,6,502,B59
Mymensingh,2015,7,329,B59
Mymensingh,2015,8,413,B59
Mymensingh,2015,9,308,B59
Mymensingh,2015,10,78,B59
Mymensingh,2015,11,4,B59
Mymensingh,2015,12,0,B59
Mymensingh,2016,1,19,B59
Mymensingh,2016,2,8,B59
Mymensingh,2016,3,47,B59
Mymensingh,2016,4,111,B59
Mymensingh,2016,5,326,B59
Mymensingh,2016,6,391,B59
Mymensingh,2016,7,518,B59
Mymensingh,2016,8,106,B59
Mymensingh,2016,9,409,B59
Mymensingh,2016,10,32,B59
Mymensingh,2016,11,1,B59
Mymensingh,2016,12,0,B59
Mymensingh,2017,1,0,B59
Mymensingh,2017,2,0,B59
Mymensingh,2017,3,164,B59
Mymensingh,2017,4,319,B59
Mymensingh,2017,5,316,B59
Mymensingh,2017,6,530,B59
Mymensingh,2017,7,368,B59
Mymensingh,2017,8,436,B59
Mymensingh,2017,9,309,B59
Mymensingh,2017,10,341,B59
Mymensingh,2017,11,25,B59
Mymensingh,2017,12,34,B59
Mymensingh,2018,1,0,B59
Mymensingh,2018,2,10,B59
Mymensingh,2018,3,28,B59
Mymensingh,2018,4,238,B59
Mymensingh,2018,5,531,B59
Mymensingh,2018,6,303,B59
Mymensingh,2018,7,302,B59
Mymensingh,2018,8,193,B59
Mymensingh,2018,9,351,B59
Mymensingh,2018,10,121,B59
Mymensingh,2018,11,36,B59
Mymensingh,2018,12,18,B59
Mymensingh,2019,1,0,B59
Mymensingh,2019,2,32,B59
Mymensingh,2019,3,6,B59
Mymensingh,2019,4,84,B59
Mymensingh,2019,5,337,B59
Mymensingh,2019,6,402,B59
Mymensingh,2019,7,603,B59
Mymensingh,2019,8,118,B59
Mymensingh,2019,9,181,B59
Mymensingh,2019,10,205,B59
Mymensingh,2019,11,14,B59
Mymensingh,2019,12,2,B59
Mymensingh,2020,1,11,B59
Mymensingh,2020,2,1,B59
Mymensingh,2020,3,10,B59
Mymensingh,2020,4,107,B59
Mymensingh,2020,5,562,B59
Mymensingh,2020,6,440,B59
Mymensingh,2020,7,600,B59
Mymensingh,2020,8,95,B59
Mymensingh,2020,9,388,B59
Mymensingh,2020,10,179,B59
Mymensingh,2020,11,2,B59
Mymensingh,2020,12,0,B59
Mymensingh,2021,1,0,B59
Mymensingh,2021,2,0,B59
Mymensingh,2021,3,2,B59
Mymensingh,2021,4,45,B59
Mymensingh,2021,5,330,B59
Mymensingh,2021,6,429,B59
Mymensingh,2021,7,230,B59
Mymensingh,2021,8,435,B59
Mymensingh,2021,9,66,B59
Mymensingh,2021,10,188,B59
Mymensingh,2021,11,0,B59
Mymensingh,2021,12,9,B59
Mymensingh,2023,1,0,B59
Mymensingh,2023,2,11,B59
Mymensingh,2023,3,103,B59
Mymensingh,2023,4,16,B59
Mymensingh,2023,5,242,B59
Mymensingh,2023,6,333,B59
Mymensingh,2023,7,274,B59
Mymensingh,2023,8,394,B59
Mymensingh,2023,9,220,B59
Mymensingh,2023,10,455,B59
Mymensingh,2023,11,3,B59
Mymensingh,2023,12,27,B59
Mymensingh,2022,1,9,B59
Mymensingh,2022,2,15,B59
Mymensingh,2022,3,0,B59
Mymensingh,2022,4,60,B59
Mymensingh,2022,5,304,B59
Mymensingh,2022,6,469,B59
Mymensingh,2022,7,118,B59
Mymensingh,2022,8,238,B59
Mymensingh,2022,9,343,B59
Mymensingh,2022,10,240,B59
Mymensingh,2022,11,0,B59
Mymensingh,2022,12,0,B59
Narayanganj,2023,7,171,B59
Narayanganj,2023,8,315,B59
Narayanganj,2023,9,135,B59
Narayanganj,2023,10,58,B59
Narayanganj,2023,11,60,B59
Narayanganj,2023,12,66,B59
Narsingdi,2023,7,113,B59
Narsingdi,2023,8,249,B59
Narsingdi,2023,9,142,B59
Narsingdi,2023,10,193,B59
Narsingdi,2023,11,2,B59
Narsingdi,2023,12,52,B59
Netrokona,2020,12,0,B59
Netrokona,2021,1,0,B59
Netrokona,2021,2,0,B59
Netrokona,2021,3,70,B59
Netrokona,2021,4,46,B59
Netrokona,2021,5,329,B59
Netrokona,2021,6,729,B59
Netrokona,2021,7,456,B59
Netrokona,2021,8,658,B59
Netrokona,2021,9,182,B59
Netrokona,2021,10,177,B59
Netrokona,2021,11,0,B59
Netrokona,2021,12,11,B59
Netrokona,2023,1,0,B59
Netrokona,2023,2,19,B59
Netrokona,2023,3,144,B59
Netrokona,2023,4,84,B59
Netrokona,2023,5,245,B59
Netrokona,2023,6,537,B59
Netrokona,2023,7,501,B59
Netrokona,2023,8,503,B59
Netrokona,2023,9,424,B59
Netrokona,2023,10,546,B59
Netrokona,2023,11,9,B59
Netrokona,2023,12,25,B59
Nikli,2020,12,0,B59
Nikli,2021,1,0,B59
Nikli,2021,2,0,B59
Nikli,2021,3,12,B59
Nikli,2021,4,60,B59
Nikli,2021,5,292,B59
Nikli,2021,6,386,B59
Nikli,2021,7,284,B59
Nikli,2021,8,516,B59
Nikli,2021,9,246,B59
Nikli,2021,10,163,B59
Nikli,2021,11,2,B59
Nikli,2021,12,31,B59
Nikli,2023,1,0,B59
Nikli,2023,2,13,B59
Nikli,2023,3,173,B59
Nikli,2023,4,31,B59
Nikli,2023,5,116,B59
Nikli,2023,6,558,B59
Nikli,2023,7,186,B59
Nikli,2023,8,492,B59
Nikli,2023,9,335,B59
Nikli,2023,10,674,B59
Nikli,2023,11,54,B59
Nikli,2023,12,38,B59
Patuakhali,1973,8,316,B59
Patuakhali,1973,9,328,B59
Patuakhali,1973,10,153,B59
Patuakhali,1973,11,185,B59
Patuakhali,1973,12,64,B59
Patuakhali,1975,1,0,B59
Patuakhali,1975,2,0,B59
Patuakhali,1975,3,0,B59
Patuakhali,1975,4,18,B59
Patuakhali,1975,5,167,B59
Patuakhali,1975,6,115,B59
Patuakhali,1975,7,479,B59
Patuakhali,1975,8,325,B59
Patuakhali,1975,9,540,B59
Patuakhali,1975,10,275,B59
Patuakhali,1975,11,101,B59
Patuakhali,1975,12,0,B59
Patuakhali,1976,1,0,B59
Patuakhali,1976,2,24,B59
Patuakhali,1976,3,0,B59
Patuakhali,1976,4,46,B59
Patuakhali,1976,5,0,B59
Patuakhali,1977,1,0,B59
Patuakhali,1977,2,18,B59
Patuakhali,1977,3,0,B59
Patuakhali,1977,4,87,B59
Patuakhali,1977,5,443,B59
Patuakhali,1977,6,859,B59
Patuakhali,1977,7,762,B59
Patuakhali,1977,8,476,B59
Patuakhali,1977,10,139,B59
Patuakhali,1977,11,47,B59
Patuakhali,1977,12,0,B59
Patuakhali,1978,1,0,B59
Patuakhali,1978,2,0,B59
Patuakhali,1978,3,24,B59
Patuakhali,1978,4,111,B59
Patuakhali,1978,5,673,B59
Patuakhali,1978,6,560,B59
Patuakhali,1978,7,438,B59
Patuakhali,1978,8,644,B59
Patuakhali,1978,9,448,B59
Patuakhali,1978,10,136,B59
Patuakhali,1978,11,103,B59
Patuakhali,1978,12,0,B59
Patuakhali,1979,1,1,B59
Patuakhali,1979,2,2,B59
Patuakhali,1979,3,0,B59
Patuakhali,1979,6,395,B59
Patuakhali,1979,7,378,B59
Patuakhali,1979,8,682,B59
Patuakhali,1979,9,480,B59
Patuakhali,1979,10,57,B59
Patuakhali,1979,11,40,B59
Patuakhali,1979,12,51,B59
Patuakhali,1981,1,36,B59
Patuakhali,1981,2,13,B59
Patuakhali,1981,3,184,B59
Patuakhali,1981,4,296,B59
Patuakhali,1981,5,254,B59
Patuakhali,1981,6,606,B59
Patuakhali,1981,7,677,B59
Patuakhali,1981,8,373,B59
Patuakhali,1981,9,216,B59
Patuakhali,1981,10,18,B59
Patuakhali,1981,11,0,B59
Patuakhali,1981,12,3,B59
Patuakhali,1982,1,0,B59
Patuakhali,1982,2,34,B59
Patuakhali,1982,3,0,B59
Patuakhali,1982,4,179,B59
Patuakhali,1982,5,53,B59
Patuakhali,1982,6,983,B59
Patuakhali,1982,7,553,B59
Patuakhali,1982,8,892,B59
Patuakhali,1982,9,877,B59
Patuakhali,1982,10,69,B59
Patuakhali,1982,11,5,B59
Patuakhali,1982,12,13,B59
Patuakhali,1983,1,63,B59
Patuakhali,1983,2,29,B59
Patuakhali,1983,3,12,B59
Patuakhali,1983,4,308,B59
Patuakhali,1983,5,927,B59
Patuakhali,1983,6,953,B59
Patuakhali,1983,7,982,B59
Patuakhali,1983,8,585,B59
Patuakhali,1983,9,209,B59
Patuakhali,1983,10,192,B59
Patuakhali,1983,11,29,B59
Patuakhali,1983,12,31,B59
Patuakhali,1984,1,11,B59
Patuakhali,1984,2,0,B59
Patuakhali,1984,3,0,B59
Patuakhali,1984,4,82,B59
Patuakhali,1984,5,204,B59
Patuakhali,1984,6,669,B59
Patuakhali,1984,7,417,B59
Patuakhali,1984,8,632,B59
Patuakhali,1984,9,182,B59
Patuakhali,1984,10,174,B59
Patuakhali,1984,11,0,B59
Patuakhali,1984,12,2,B59
Patuakhali,1985,1,3,B59
Patuakhali,1985,2,31,B59
Patuakhali,1985,3,49,B59
Patuakhali,1985,4,19,B59
Patuakhali,1985,5,295,B59
Patuakhali,1985,6,361,B59
Patuakhali,1985,7,392,B59
Patuakhali,1985,8,346,B59
Patuakhali,1985,9,216,B59
Patuakhali,1985,10,80,B59
Patuakhali,1985,11,38,B59
Patuakhali,1985,12,0,B59
Patuakhali,1986,1,3,B59
Patuakhali,1986,2,0,B59
Patuakhali,1986,3,6,B59
Patuakhali,1986,4,57,B59
Patuakhali,1986,5,170,B59
Patuakhali,1986,6,231,B59
Patuakhali,1986,7,560,B59
Patuakhali,1986,8,198,B59
Patuakhali,1986,9,827,B59
Patuakhali,1986,10,181,B59
Patuakhali,1986,11,293,B59
Patuakhali,1986,12,0,B59
Patuakhali,1987,1,1,B59
Patuakhali,1987,2,0,B59
Patuakhali,1987,3,11,B59
Patuakhali,1987,4,282,B59
Patuakhali,1987,5,151,B59
Patuakhali,1987,6,459,B59
Patuakhali,1987,7,621,B59
Patuakhali,1987,8,687,B59
Patuakhali,1987,9,186,B59
Patuakhali,1987,10,101,B59
Patuakhali,1987,11,100,B59
Patuakhali,1987,12,5,B59
Patuakhali,1988,1,0,B59
Patuakhali,1988,2,19,B59
Patuakhali,1988,3,8,B59
Patuakhali,1988,4,37,B59
Patuakhali,1988,5,330,B59
Patuakhali,1988,6,898,B59
Patuakhali,1988,7,663,B59
Patuakhali,1988,8,421,B59
Patuakhali,1988,9,266,B59
Patuakhali,1988,10,164,B59
Patuakhali,1988,11,167,B59
Patuakhali,1988,12,0,B59
Patuakhali,1989,1,0,B59
Patuakhali,1989,2,1,B59
Patuakhali,1989,3,1,B59
Patuakhali,1989,4,55,B59
Patuakhali,1989,5,239,B59
Patuakhali,1989,6,316,B59
Patuakhali,1989,7,360,B59
Patuakhali,1989,8,251,B59
Patuakhali,1989,9,362,B59
Patuakhali,1989,10,260,B59
Patuakhali,1989,11,1,B59
Patuakhali,1989,12,1,B59
Patuakhali,1990,1,0,B59
Patuakhali,1990,2,100,B59
Patuakhali,1990,3,161,B59
Patuakhali,1990,4,132,B59
Patuakhali,1990,5,292,B59
Patuakhali,1990,6,306,B59
Patuakhali,1990,7,602,B59
Patuakhali,1990,8,220,B59
Patuakhali,1990,9,536,B59
Patuakhali,1990,10,318,B59
Patuakhali,1990,11,81,B59
Patuakhali,1990,12,28,B59
Patuakhali,1991,1,3,B59
Patuakhali,1991,2,4,B59
Patuakhali,1991,3,55,B59
Patuakhali,1991,4,190,B59
Patuakhali,1991,5,112,B59
Patuakhali,1991,6,680,B59
Patuakhali,1991,7,472,B59
Patuakhali,1991,8,439,B59
Patuakhali,1991,9,409,B59
Patuakhali,1991,10,295,B59
Patuakhali,1991,11,3,B59
Patuakhali,1991,12,19,B59
Patuakhali,1992,1,2,B59
Patuakhali,1992,2,100,B59
Patuakhali,1992,3,0,B59
Patuakhali,1992,4,8,B59
Patuakhali,1992,5,209,B59
Patuakhali,1992,6,282,B59
Patuakhali,1992,7,560,B59
Patuakhali,1992,8,482,B59
Patuakhali,1992,9,393,B59
Patuakhali,1992,10,244,B59
Patuakhali,1992,11,3,B59
Patuakhali,1992,12,1,B59
Patuakhali,1993,1,24,B59
Patuakhali,1993,2,27,B59
Patuakhali,1993,3,143,B59
Patuakhali,1993,4,148,B59
Patuakhali,1993,5,223,B59
Patuakhali,1993,6,563,B59
Patuakhali,1993,7,572,B59
Patuakhali,1993,8,671,B59
Patuakhali,1993,9,363,B59
Patuakhali,1993,10,100,B59
Patuakhali,1993,11,45,B59
Patuakhali,1993,12,0,B59
Patuakhali,1994,1,3,B59
Patuakhali,1994,2,10,B59
Patuakhali,1994,3,92,B59
Patuakhali,1994,4,267,B59
Patuakhali,1994,5,122,B59
Patuakhali,1994,6,706,B59
Patuakhali,1994,7,400,B59
Patuakhali,1994,8,701,B59
Patuakhali,1994,9,158,B59
Patuakhali,1994,10,140,B59
Patuakhali,1994,11,13,B59
Patuakhali,1994,12,0,B59
Patuakhali,1995,1,5,B59
Patuakhali,1995,2,60,B59
Patuakhali,1995,3,8,B59
Patuakhali,1995,4,41,B59
Patuakhali,1995,5,279,B59
Patuakhali,1995,6,744,B59
Patuakhali,1995,7,682,B59
Patuakhali,1995,8,428,B59
Patuakhali,1995,9,317,B59
Patuakhali,1995,10,244,B59
Patuakhali,1995,11,251,B59
Patuakhali,1995,12,0,B59
Patuakhali,1996,1,3,B59
Patuakhali,1996,2,20,B59
Patuakhali,1996,3,4,B59
Patuakhali,1996,4,188,B59
Patuakhali,1996,5,150,B59
Patuakhali,1996,6,739,B59
Patuakhali,1996,7,448,B59
Patuakhali,1996,8,585,B59
Patuakhali,1996,9,217,B59
Patuakhali,1996,10,291,B59
Patuakhali,1996,11,57,B59
Patuakhali,1996,12,0,B59
Patuakhali,1997,1,1,B59
Patuakhali,1997,2,45,B59
Patuakhali,1997,3,147,B59
Patuakhali,1997,4,208,B59
Patuakhali,1997,5,237,B59
Patuakhali,1997,6,283,B59
Patuakhali,1997,7,594,B59
Patuakhali,1997,8,479,B59
Patuakhali,1997,9,487,B59
Patuakhali,1997,10,28,B59
Patuakhali,1997,11,1,B59
Patuakhali,1997,12,7,B59
Patuakhali,1998,1,22,B59
Patuakhali,1998,2,84,B59
Patuakhali,1998,3,93,B59
Patuakhali,1998,4,124,B59
Patuakhali,1998,5,234,B59
Patuakhali,1998,6,280,B59
Patuakhali,1998,7,804,B59
Patuakhali,1998,8,618,B59
Patuakhali,1998,9,362,B59
Patuakhali,1998,10,134,B59
Patuakhali,1998,11,97,B59
Patuakhali,1998,12,0,B59
Patuakhali,1999,1,0,B59
Patuakhali,1999,2,0,B59
Patuakhali,1999,3,0,B59
Patuakhali,1999,4,8,B59
Patuakhali,1999,5,332,B59
Patuakhali,1999,6,479,B59
Patuakhali,1999,7,749,B59
Patuakhali,1999,8,588,B59
Patuakhali,1999,9,417,B59
Patuakhali,1999,10,231,B59
Patuakhali,1999,11,5,B59
Patuakhali,1999,12,8,B59
Patuakhali,2000,1,26,B59
Patuakhali,2000,2,8,B59
Patuakhali,2000,3,15,B59
Patuakhali,2000,4,133,B59
Patuakhali,2000,5,212,B59
Patuakhali,2000,6,282,B59
Patuakhali,2000,7,497,B59
Patuakhali,2000,8,300,B59
Patuakhali,2000,9,330,B59
Patuakhali,2000,10,232,B59
Patuakhali,2000,11,95,B59
Patuakhali,2000,12,0,B59
Patuakhali,2001,1,0,B59
Patuakhali,2001,2,15,B59
Patuakhali,2001,3,3,B59
Patuakhali,2001,4,61,B59
Patuakhali,2001,5,379,B59
Patuakhali,2001,6,1084,B59
Patuakhali,2001,7,534,B59
Patuakhali,2001,8,146,B59
Patuakhali,2001,9,217,B59
Patuakhali,2001,10,386,B59
Patuakhali,2001,11,90,B59
Patuakhali,2001,12,0,B59
Patuakhali,2002,1,11,B59
Patuakhali,2002,2,0,B59
Patuakhali,2002,3,4,B59
Patuakhali,2002,4,101,B59
Patuakhali,2002,5,185,B59
Patuakhali,2002,6,809,B59
Patuakhali,2002,7,560,B59
Patuakhali,2002,8,458,B59
Patuakhali,2002,9,481,B59
Patuakhali,2002,10,81,B59
Patuakhali,2002,11,14,B59
Patuakhali,2002,12,0,B59
Patuakhali,2003,1,0,B59
Patuakhali,2003,2,5,B59
Patuakhali,2003,3,113,B59
Patuakhali,2003,4,59,B59
Patuakhali,2003,5,189,B59
Patuakhali,2003,6,1023,B59
Patuakhali,2003,7,461,B59
Patuakhali,2003,8,360,B59
Patuakhali,2003,9,259,B59
Patuakhali,2003,10,387,B59
Patuakhali,2003,11,0,B59
Patuakhali,2003,12,1,B59
Patuakhali,2004,1,0,B59
Patuakhali,2004,2,1,B59
Patuakhali,2004,3,12,B59
Patuakhali,2004,4,179,B59
Patuakhali,2004,5,147,B59
Patuakhali,2004,6,277,B59
Patuakhali,2004,7,544,B59
Patuakhali,2004,8,448,B59
Patuakhali,2004,9,756,B59
Patuakhali,2004,10,283,B59
Patuakhali,2004,11,0,B59
Patuakhali,2004,12,0,B59
Patuakhali,2005,1,22,B59
Patuakhali,2005,2,0,B59
Patuakhali,2005,3,139,B59
Patuakhali,2005,4,45,B59
Patuakhali,2005,5,109,B59
Patuakhali,2005,6,220,B59
Patuakhali,2005,7,923,B59
Patuakhali,2005,8,391,B59
Patuakhali,2005,9,274,B59
Patuakhali,2005,10,573,B59
Patuakhali,2005,11,0,B59
Patuakhali,2005,12,7,B59
Patuakhali,2006,1,0,B59
Patuakhali,2006,2,0,B59
Patuakhali,2006,3,1,B59
Patuakhali,2006,4,7,B59
Patuakhali,2006,5,339,B59
Patuakhali,2006,6,533,B59
Patuakhali,2006,7,354,B59
Patuakhali,2006,8,406,B59
Patuakhali,2006,9,620,B59
Patuakhali,2006,10,24,B59
Patuakhali,2006,11,3,B59
Patuakhali,2006,12,0,B59
Patuakhali,2007,1,1,B59
Patuakhali,2007,2,113,B59
Patuakhali,2007,3,0,B59
Patuakhali,2007,4,35,B59
Patuakhali,2007,5,158,B59
Patuakhali,2007,6,426,B59
Patuakhali,2007,7,815,B59
Patuakhali,2007,8,301,B59
Patuakhali,2007,9,639,B59
Patuakhali,2007,10,369,B59
Patuakhali,2007,11,0,B59
Patuakhali,2007,12,0,B59
Patuakhali,2008,1,34,B59
Patuakhali,2008,2,20,B59
Patuakhali,2008,3,2,B59
Patuakhali,2008,4,9,B59
Patuakhali,2008,5,91,B59
Patuakhali,2008,6,241,B59
Patuakhali,2008,7,1016,B59
Patuakhali,2008,8,306,B59
Patuakhali,2008,9,387,B59
Patuakhali,2008,10,408,B59
Patuakhali,2008,11,0,B59
Patuakhali,2008,12,0,B59
Patuakhali,2009,1,0,B59
Patuakhali,2009,2,0,B59
Patuakhali,2009,3,55,B59
Patuakhali,2009,4,73,B59
Patuakhali,2009,5,209,B59
Patuakhali,2009,6,196,B59
Patuakhali,2009,7,695,B59
Patuakhali,2009,8,705,B59
Patuakhali,2009,9,168,B59
Patuakhali,2009,10,197,B59
Patuakhali,2009,11,11,B59
Patuakhali,2009,12,0,B59
Patuakhali,2010,1,0,B59
Patuakhali,2010,2,13,B59
Patuakhali,2010,3,0,B59
Patuakhali,2010,4,8,B59
Patuakhali,2010,5,219,B59
Patuakhali,2010,6,513,B59
Patuakhali,2010,7,418,B59
Patuakhali,2010,8,200,B59
Patuakhali,2010,9,223,B59
Patuakhali,2010,10,548,B59
Patuakhali,2010,11,19,B59
Patuakhali,2010,12,6,B59
Patuakhali,2011,1,0,B59
Patuakhali,2011,2,0,B59
Patuakhali,2011,3,17,B59
Patuakhali,2011,4,34,B59
Patuakhali,2011,5,180,B59
Patuakhali,2011,6,680,B59
Patuakhali,2011,7,356,B59
Patuakhali,2011,8,655,B59
Patuakhali,2011,9,406,B59
Patuakhali,2011,10,80,B59
Patuakhali,2011,11,6,B59
Patuakhali,2011,12,0,B59
Patuakhali,2012,1,7,B59
Patuakhali,2012,2,2,B59
Patuakhali,2012,3,48,B59
Patuakhali,2012,4,80,B59
Patuakhali,2012,5,79,B59
Patuakhali,2012,6,287,B59
Patuakhali,2012,7,392,B59
Patuakhali,2012,8,439,B59
Patuakhali,2012,9,348,B59
Patuakhali,2012,10,142,B59
Patuakhali,2012,11,71,B59
Patuakhali,2012,12,0,B59
Patuakhali,2013,1,1,B59
Patuakhali,2013,2,4,B59
Patuakhali,2013,3,0,B59
Patuakhali,2013,4,27,B59
Patuakhali,2013,5,637,B59
Patuakhali,2013,6,333,B59
Patuakhali,2013,7,552,B59
Patuakhali,2013,8,411,B59
Patuakhali,2013,9,412,B59
Patuakhali,2013,10,281,B59
Patuakhali,2013,11,0,B59
Patuakhali,2013,12,0,B59
Patuakhali,2014,1,0,B59
Patuakhali,2014,2,3,B59
Patuakhali,2014,3,2,B59
Patuakhali,2014,4,14,B59
Patuakhali,2014,5,301,B59
Patuakhali,2014,6,406,B59
Patuakhali,2014,7,543,B59
Patuakhali,2014,8,349,B59
Patuakhali,2014,9,279,B59
Patuakhali,2014,10,131,B59
Patuakhali,2014,11,0,B59
Patuakhali,2014,12,0,B59
Patuakhali,2015,1,9,B59
Patuakhali,2015,2,4,B59
Patuakhali,2015,3,33,B59
Patuakhali,2015,4,179,B59
Patuakhali,2015,5,38,B59
Patuakhali,2015,6,648,B59
Patuakhali,2015,7,1033,B59
Patuakhali,2015,8,595,B59
Patuakhali,2015,9,374,B59
Patuakhali,2015,10,157,B59
Patuakhali,2015,11,6,B59
Patuakhali,2015,12,22,B59
Patuakhali,2016,1,12,B59
Patuakhali,2016,2,53,B59
Patuakhali,2016,3,3,B59
Patuakhali,2016,4,42,B59
Patuakhali,2016,5,454,B59
Patuakhali,2016,6,387,B59
Patuakhali,2016,7,677,B59
Patuakhali,2016,8,521,B59
Patuakhali,2016,9,203,B59
Patuakhali,2016,10,254,B59
Patuakhali,2016,11,145,B59
Patuakhali,2016,12,0,B59
Patuakhali,2017,1,0,B59
Patuakhali,2017,2,0,B59
Patuakhali,2017,3,119,B59
Patuakhali,2017,4,249,B59
Patuakhali,2017,5,65,B59
Patuakhali,2017,6,368,B59
Patuakhali,2017,7,743,B59
Patuakhali,2017,8,530,B59
Patuakhali,2017,9,272,B59
Patuakhali,2017,10,416,B59
Patuakhali,2017,11,17,B59
Patuakhali,2017,12,52,B59
Patuakhali,2018,1,0,B59
Patuakhali,2018,2,0,B59
Patuakhali,2018,3,1,B59
Patuakhali,2018,4,125,B59
Patuakhali,2018,5,239,B59
Patuakhali,2018,6,396,B59
Patuakhali,2018,7,485,B59
Patuakhali,2018,8,339,B59
Patuakhali,2018,9,106,B59
Patuakhali,2018,10,201,B59
Patuakhali,2018,11,10,B59
Patuakhali,2018,12,0,B59
Patuakhali,2019,1,0,B59
Patuakhali,2019,2,74,B59
Patuakhali,2019,3,45,B59
Patuakhali,2019,4,65,B59
Patuakhali,2019,5,163,B59
Patuakhali,2019,6,262,B59
Patuakhali,2019,7,618,B59
Patuakhali,2019,8,338,B59
Patuakhali,2019,9,198,B59
Patuakhali,2019,10,102,B59
Patuakhali,2019,11,231,B59
Patuakhali,2019,12,11,B59
Patuakhali,2020,1,35,B59
Patuakhali,2020,2,3,B59
Patuakhali,2020,3,29,B59
Patuakhali,2020,4,114,B59
Patuakhali,2020,5,226,B59
Patuakhali,2020,6,468,B59
Patuakhali,2020,7,497,B59
Patuakhali,2020,8,556,B59
Patuakhali,2020,9,425,B59
Patuakhali,2020,10,478,B59
Patuakhali,2020,11,11,B59
Patuakhali,2020,12,0,B59
Patuakhali,2021,1,0,B59
Patuakhali,2021,2,0,B59
Patuakhali,2021,3,0,B59
Patuakhali,2021,4,1,B59
Patuakhali,2021,5,68,B59
Patuakhali,2021,6,619,B59
Patuakhali,2021,7,832,B59
Patuakhali,2021,8,367,B59
Patuakhali,2021,9,363,B59
Patuakhali,2021,10,248,B59
Patuakhali,2021,11,2,B59
Patuakhali,2021,12,58,B59
Patuakhali,2023,1,0,B59
Patuakhali,2023,2,0,B59
Patuakhali,2023,3,86,B59
Patuakhali,2023,4,13,B59
Patuakhali,2023,5,130,B59
Patuakhali,2023,6,255,B59
Patuakhali,2023,7,308,B59
Patuakhali,2023,8,645,B59
Patuakhali,2023,9,400,B59
Patuakhali,2023,10,331,B59
Patuakhali,2023,11,212,B59
Patuakhali,2023,12,0,B59
Patuakhali,2022,1,6,B59
Patuakhali,2022,2,19,B59
Patuakhali,2022,3,0,B59
Patuakhali,2022,4,5,B59
Patuakhali,2022,5,216,B59
Patuakhali,2022,6,232,B59
Patuakhali,2022,7,285,B59
Patuakhali,2022,8,326,B59
Patuakhali,2022,9,296,B59
Patuakhali,2022,10,380,B59
Patuakhali,2022,11,0,B59
Patuakhali,2022,12,0,B59
Rajarhat,2020,12,0,B59
Rajarhat,2021,1,0,B59
Rajarhat,2021,2,0,B59
Rajarhat,2021,3,20,B59
Rajarhat,2021,4,73,B59
Rajarhat,2021,5,370,B59
Rajarhat,2021,6,296,B59
Rajarhat,2021,7,149,B59
Rajarhat,2021,8,459,B59
Rajarhat,2021,9,324,B59
Rajarhat,2021,10,382,B59
Rajarhat,2021,11,0,B59
Rajarhat,2021,12,2,B59
Rajarhat,2023,1,0,B59
Rajarhat,2023,2,0,B59
Rajarhat,2023,3,72,B59
Rajarhat,2023,4,58,B59
Rajarhat,2023,5,193,B59
Rajarhat,2023,6,565,B59
Rajarhat,2023,7,158,B59
Rajarhat,2023,8,564,B59
Rajarhat,2023,9,283,B59
Rajarhat,2023,10,139,B59
Rajarhat,2023,11,5,B59
Rajarhat,2023,12,8,B59
Rajshahi,1964,1,0,B59
Rajshahi,1964,2,0,B59
Rajshahi,1964,3,0,B59
Rajshahi,1964,4,138,B59
Rajshahi,1964,5,114,B59
Rajshahi,1964,6,415,B59
Rajshahi,1964,7,346,B59
Rajshahi,1964,8,169,B59
Rajshahi,1964,9,242,B59
Rajshahi,1964,10,286,B59
Rajshahi,1964,11,0,B59
Rajshahi,1964,12,0,B59
Rajshahi,1965,1,0,B59
Rajshahi,1965,2,21,B59
Rajshahi,1965,3,61,B59
Rajshahi,1965,4,22,B59
Rajshahi,1965,5,78,B59
Rajshahi,1965,6,297,B59
Rajshahi,1965,7,404,B59
Rajshahi,1965,8,227,B59
Rajshahi,1965,9,171,B59
Rajshahi,1965,10,75,B59
Rajshahi,1965,11,19,B59
Rajshahi,1965,12,0,B59
Rajshahi,1966,1,36,B59
Rajshahi,1966,2,0,B59
Rajshahi,1966,3,1,B59
Rajshahi,1966,4,16,B59
Rajshahi,1966,5,106,B59
Rajshahi,1966,6,293,B59
Rajshahi,1966,7,511,B59
Rajshahi,1966,8,380,B59
Rajshahi,1966,9,265,B59
Rajshahi,1966,10,90,B59
Rajshahi,1966,11,14,B59
Rajshahi,1966,12,1,B59
Rajshahi,1967,1,15,B59
Rajshahi,1967,2,2,B59
Rajshahi,1967,3,50,B59
Rajshahi,1967,4,95,B59
Rajshahi,1967,5,70,B59
Rajshahi,1967,6,140,B59
Rajshahi,1967,7,305,B59
Rajshahi,1967,8,210,B59
Rajshahi,1967,9,195,B59
Rajshahi,1967,10,60,B59
Rajshahi,1967,11,0,B59
Rajshahi,1967,12,1,B59
Rajshahi,1968,1,0,B59
Rajshahi,1968,2,1,B59
Rajshahi,1968,3,24,B59
Rajshahi,1968,4,9,B59
Rajshahi,1968,5,55,B59
Rajshahi,1968,6,445,B59
Rajshahi,1968,7,439,B59
Rajshahi,1968,8,270,B59
Rajshahi,1968,9,103,B59
Rajshahi,1968,10,122,B59
Rajshahi,1968,11,4,B59
Rajshahi,1968,12,0,B59
Rajshahi,1971,1,22,B59
Rajshahi,1971,2,14,B59
Rajshahi,1971,5,0,B59
Rajshahi,1971,6,277,B59
Rajshahi,1971,7,452,B59
Rajshahi,1971,8,452,B59
Rajshahi,1971,9,264,B59
Rajshahi,1971,10,81,B59
Rajshahi,1971,11,86,B59
Rajshahi,1971,12,0,B59
Rajshahi,1972,1,10,B59
Rajshahi,1972,2,13,B59
Rajshahi,1972,3,0,B59
Rajshahi,1972,4,19,B59
Rajshahi,1972,5,88,B59
Rajshahi,1972,6,208,B59
Rajshahi,1972,7,109,B59
Rajshahi,1972,8,248,B59
Rajshahi,1972,9,175,B59
Rajshahi,1972,10,51,B59
Rajshahi,1972,11,0,B59
Rajshahi,1972,12,0,B59
Rajshahi,1973,1,11,B59
Rajshahi,1973,2,17,B59
Rajshahi,1973,3,0,B59
Rajshahi,1973,4,46,B59
Rajshahi,1973,5,186,B59
Rajshahi,1973,6,491,B59
Rajshahi,1973,7,271,B59
Rajshahi,1973,8,137,B59
Rajshahi,1973,9,586,B59
Rajshahi,1973,10,145,B59
Rajshahi,1973,11,5,B59
Rajshahi,1973,12,19,B59
Rajshahi,1974,1,0,B59
Rajshahi,1974,2,0,B59
Rajshahi,1974,3,92,B59
Rajshahi,1974,4,10,B59
Rajshahi,1974,5,91,B59
Rajshahi,1974,6,172,B59
Rajshahi,1974,7,513,B59
Rajshahi,1974,8,452,B59
Rajshahi,1974,9,263,B59
Rajshahi,1974,10,143,B59
Rajshahi,1974,11,0,B59
Rajshahi,1974,12,0,B59
Rajshahi,1975,1,9,B59
Rajshahi,1975,2,5,B59
Rajshahi,1975,3,12,B59
Rajshahi,1975,4,55,B59
Rajshahi,1975,5,109,B59
Rajshahi,1975,6,71,B59
Rajshahi,1975,7,381,B59
Rajshahi,1975,8,179,B59
Rajshahi,1975,9,197,B59
Rajshahi,1975,10,125,B59
Rajshahi,1975,11,1,B59
Rajshahi,1975,12,0,B59
Rajshahi,1976,1,0,B59
Rajshahi,1976,2,10,B59
Rajshahi,1976,3,4,B59
Rajshahi,1976,4,10,B59
Rajshahi,1976,5,235,B59
Rajshahi,1976,6,234,B59
Rajshahi,1976,7,242,B59
Rajshahi,1976,8,389,B59
Rajshahi,1976,9,257,B59
Rajshahi,1976,10,45,B59
Rajshahi,1976,11,1,B59
Rajshahi,1976,12,0,B59
Rajshahi,1977,1,4,B59
Rajshahi,1977,2,19,B59
Rajshahi,1977,3,0,B59
Rajshahi,1977,4,229,B59
Rajshahi,1977,5,241,B59
Rajshahi,1977,6,543,B59
Rajshahi,1977,7,399,B59
Rajshahi,1977,8,157,B59
Rajshahi,1977,9,121,B59
Rajshahi,1977,10,162,B59
Rajshahi,1977,11,10,B59
Rajshahi,1977,12,33,B59
Rajshahi,1978,1,1,B59
Rajshahi,1978,2,46,B59
Rajshahi,1978,3,62,B59
Rajshahi,1978,4,93,B59
Rajshahi,1978,5,104,B59
Rajshahi,1978,6,492,B59
Rajshahi,1978,7,126,B59
Rajshahi,1978,8,149,B59
Rajshahi,1978,9,545,B59
Rajshahi,1978,10,92,B59
Rajshahi,1978,11,24,B59
Rajshahi,1978,12,0,B59
Rajshahi,1979,1,45,B59
Rajshahi,1979,2,17,B59
Rajshahi,1979,3,2,B59
Rajshahi,1979,4,35,B59
Rajshahi,1979,5,13,B59
Rajshahi,1979,6,46,B59
Rajshahi,1979,7,492,B59
Rajshahi,1979,8,275,B59
Rajshahi,1979,9,379,B59
Rajshahi,1979,10,188,B59
Rajshahi,1979,11,28,B59
Rajshahi,1979,12,28,B59
Rajshahi,1980,1,29,B59
Rajshahi,1980,2,12,B59
Rajshahi,1980,3,69,B59
Rajshahi,1980,4,0,B59
Rajshahi,1980,5,156,B59
Rajshahi,1980,6,349,B59
Rajshahi,1980,7,281,B59
Rajshahi,1980,8,316,B59
Rajshahi,1980,9,215,B59
Rajshahi,1980,10,149,B59
Rajshahi,1980,11,0,B59
Rajshahi,1980,12,0,B59
Rajshahi,1981,1,71,B59
Rajshahi,1981,2,49,B59
Rajshahi,1981,3,26,B59
Rajshahi,1981,4,240,B59
Rajshahi,1981,5,290,B59
Rajshahi,1981,6,159,B59
Rajshahi,1981,7,574,B59
Rajshahi,1981,8,340,B59
Rajshahi,1981,9,398,B59
Rajshahi,1981,10,0,B59
Rajshahi,1981,11,3,B59
Rajshahi,1981,12,91,B59
Rajshahi,1982,1,0,B59
Rajshahi,1982,2,10,B59
Rajshahi,1982,3,80,B59
Rajshahi,1982,4,139,B59
Rajshahi,1982,5,43,B59
Rajshahi,1982,6,260,B59
Rajshahi,1982,7,189,B59
Rajshahi,1982,8,217,B59
Rajshahi,1982,9,66,B59
Rajshahi,1982,10,38,B59
Rajshahi,1982,11,60,B59
Rajshahi,1982,12,1,B59
Rajshahi,1983,1,1,B59
Rajshahi,1983,2,2,B59
Rajshahi,1983,3,4,B59
Rajshahi,1983,4,34,B59
Rajshahi,1983,5,121,B59
Rajshahi,1983,6,65,B59
Rajshahi,1983,7,366,B59
Rajshahi,1983,8,505,B59
Rajshahi,1983,9,149,B59
Rajshahi,1983,10,358,B59
Rajshahi,1983,11,0,B59
Rajshahi,1983,12,24,B59
Rajshahi,1984,1,31,B59
Rajshahi,1984,2,1,B59
Rajshahi,1984,3,0,B59
Rajshahi,1984,4,10,B59
Rajshahi,1984,5,94,B59
Rajshahi,1984,6,325,B59
Rajshahi,1984,7,294,B59
Rajshahi,1984,8,321,B59
Rajshahi,1984,9,297,B59
Rajshahi,1984,10,202,B59
Rajshahi,1984,11,0,B59
Rajshahi,1984,12,0,B59
Rajshahi,1985,1,4,B59
Rajshahi,1985,2,7,B59
Rajshahi,1985,3,3,B59
Rajshahi,1985,4,71,B59
Rajshahi,1985,5,190,B59
Rajshahi,1985,6,232,B59
Rajshahi,1985,7,274,B59
Rajshahi,1985,8,146,B59
Rajshahi,1985,9,233,B59
Rajshahi,1985,10,77,B59
Rajshahi,1985,11,3,B59
Rajshahi,1985,12,12,B59
Rajshahi,1986,1,3,B59
Rajshahi,1986,2,12,B59
Rajshahi,1986,3,19,B59
Rajshahi,1986,4,93,B59
Rajshahi,1986,5,81,B59
Rajshahi,1986,6,175,B59
Rajshahi,1986,7,262,B59
Rajshahi,1986,8,238,B59
Rajshahi,1986,9,406,B59
Rajshahi,1986,10,190,B59
Rajshahi,1986,11,27,B59
Rajshahi,1986,12,4,B59
Rajshahi,1987,1,0,B59
Rajshahi,1987,2,4,B59
Rajshahi,1987,3,12,B59
Rajshahi,1987,4,76,B59
Rajshahi,1987,5,102,B59
Rajshahi,1987,6,160,B59
Rajshahi,1987,7,488,B59
Rajshahi,1987,8,400,B59
Rajshahi,1987,9,193,B59
Rajshahi,1987,10,43,B59
Rajshahi,1987,11,5,B59
Rajshahi,1987,12,4,B59
Rajshahi,1988,1,1,B59
Rajshahi,1988,2,30,B59
Rajshahi,1988,3,36,B59
Rajshahi,1988,4,107,B59
Rajshahi,1988,5,139,B59
Rajshahi,1988,6,404,B59
Rajshahi,1988,7,301,B59
Rajshahi,1988,8,356,B59
Rajshahi,1988,9,89,B59
Rajshahi,1988,10,94,B59
Rajshahi,1988,11,27,B59
Rajshahi,1988,12,0,B59
Rajshahi,1989,1,4,B59
Rajshahi,1989,2,8,B59
Rajshahi,1989,3,5,B59
Rajshahi,1989,4,2,B59
Rajshahi,1989,5,224,B59
Rajshahi,1989,6,190,B59
Rajshahi,1989,7,357,B59
Rajshahi,1989,8,117,B59
Rajshahi,1989,9,332,B59
Rajshahi,1989,10,78,B59
Rajshahi,1989,11,0,B59
Rajshahi,1989,12,8,B59
Rajshahi,1990,1,0,B59
Rajshahi,1990,2,34,B59
Rajshahi,1990,3,46,B59
Rajshahi,1990,4,97,B59
Rajshahi,1990,5,301,B59
Rajshahi,1990,6,263,B59
Rajshahi,1990,7,464,B59
Rajshahi,1990,8,238,B59
Rajshahi,1990,9,180,B59
Rajshahi,1990,10,127,B59
Rajshahi,1990,11,17,B59
Rajshahi,1990,12,0,B59
Rajshahi,1991,1,6,B59
Rajshahi,1991,2,0,B59
Rajshahi,1991,3,19,B59
Rajshahi,1991,4,25,B59
Rajshahi,1991,5,157,B59
Rajshahi,1991,6,211,B59
Rajshahi,1991,7,286,B59
Rajshahi,1991,8,96,B59
Rajshahi,1991,9,484,B59
Rajshahi,1991,10,122,B59
Rajshahi,1991,11,0,B59
Rajshahi,1991,12,92,B59
Rajshahi,1992,1,1,B59
Rajshahi,1992,2,33,B59
Rajshahi,1992,3,0,B59
Rajshahi,1992,4,16,B59
Rajshahi,1992,5,121,B59
Rajshahi,1992,6,85,B59
Rajshahi,1992,7,244,B59
Rajshahi,1992,8,185,B59
Rajshahi,1992,9,124,B59
Rajshahi,1992,10,29,B59
Rajshahi,1992,11,5,B59
Rajshahi,1992,12,0,B59
Rajshahi,1993,1,0,B59
Rajshahi,1993,2,5,B59
Rajshahi,1993,3,55,B59
Rajshahi,1993,4,70,B59
Rajshahi,1993,5,65,B59
Rajshahi,1993,6,477,B59
Rajshahi,1993,7,247,B59
Rajshahi,1993,8,177,B59
Rajshahi,1993,9,316,B59
Rajshahi,1993,10,157,B59
Rajshahi,1993,11,54,B59
Rajshahi,1993,12,0,B59
Rajshahi,1994,1,18,B59
Rajshahi,1994,2,36,B59
Rajshahi,1994,3,5,B59
Rajshahi,1994,4,31,B59
Rajshahi,1994,5,115,B59
Rajshahi,1994,6,237,B59
Rajshahi,1994,7,171,B59
Rajshahi,1994,8,206,B59
Rajshahi,1994,9,171,B59
Rajshahi,1994,10,130,B59
Rajshahi,1994,11,22,B59
Rajshahi,1994,12,0,B59
Rajshahi,1995,1,17,B59
Rajshahi,1995,2,31,B59
Rajshahi,1995,3,9,B59
Rajshahi,1995,4,8,B59
Rajshahi,1995,5,91,B59
Rajshahi,1995,6,291,B59
Rajshahi,1995,7,287,B59
Rajshahi,1995,8,270,B59
Rajshahi,1995,9,370,B59
Rajshahi,1995,10,13,B59
Rajshahi,1995,11,44,B59
Rajshahi,1995,12,1,B59
Rajshahi,1996,1,0,B59
Rajshahi,1996,2,21,B59
Rajshahi,1996,3,4,B59
Rajshahi,1996,4,73,B59
Rajshahi,1996,5,95,B59
Rajshahi,1996,6,284,B59
Rajshahi,1996,7,106,B59
Rajshahi,1996,8,270,B59
Rajshahi,1996,9,298,B59
Rajshahi,1996,10,118,B59
Rajshahi,1996,11,0,B59
Rajshahi,1996,12,0,B59
Rajshahi,1997,1,8,B59
Rajshahi,1997,2,35,B59
Rajshahi,1997,3,19,B59
Rajshahi,1997,4,56,B59
Rajshahi,1997,5,53,B59
Rajshahi,1997,6,242,B59
Rajshahi,1997,7,763,B59
Rajshahi,1997,8,468,B59
Rajshahi,1997,9,348,B59
Rajshahi,1997,10,4,B59
Rajshahi,1997,11,44,B59
Rajshahi,1997,12,22,B59
Rajshahi,1998,1,16,B59
Rajshahi,1998,2,5,B59
Rajshahi,1998,3,52,B59
Rajshahi,1998,4,33,B59
Rajshahi,1998,5,129,B59
Rajshahi,1998,6,92,B59
Rajshahi,1998,7,404,B59
Rajshahi,1998,8,268,B59
Rajshahi,1998,9,310,B59
Rajshahi,1998,10,198,B59
Rajshahi,1998,11,33,B59
Rajshahi,1998,12,0,B59
Rajshahi,1999,1,0,B59
Rajshahi,1999,2,0,B59
Rajshahi,1999,3,0,B59
Rajshahi,1999,4,9,B59
Rajshahi,1999,5,144,B59
Rajshahi,1999,6,348,B59
Rajshahi,1999,7,349,B59
Rajshahi,1999,8,354,B59
Rajshahi,1999,9,502,B59
Rajshahi,1999,10,155,B59
Rajshahi,1999,11,1,B59
Rajshahi,1999,12,0,B59
Rajshahi,2000,1,4,B59
Rajshahi,2000,2,47,B59
Rajshahi,2000,3,27,B59
Rajshahi,2000,4,136,B59
Rajshahi,2000,5,198,B59
Rajshahi,2000,6,244,B59
Rajshahi,2000,7,115,B59
Rajshahi,2000,8,190,B59
Rajshahi,2000,9,644,B59
Rajshahi,2000,10,85,B59
Rajshahi,2000,11,0,B59
Rajshahi,2000,12,0,B59
Rajshahi,2001,1,0,B59
Rajshahi,2001,2,0,B59
Rajshahi,2001,3,9,B59
Rajshahi,2001,4,13,B59
Rajshahi,2001,5,209,B59
Rajshahi,2001,6,324,B59
Rajshahi,2001,7,338,B59
Rajshahi,2001,8,209,B59
Rajshahi,2001,9,95,B59
Rajshahi,2001,10,184,B59
Rajshahi,2001,11,1,B59
Rajshahi,2001,12,0,B59
Rajshahi,2002,1,10,B59
Rajshahi,2002,2,1,B59
Rajshahi,2002,3,20,B59
Rajshahi,2002,4,96,B59
Rajshahi,2002,5,196,B59
Rajshahi,2002,6,222,B59
Rajshahi,2002,7,316,B59
Rajshahi,2002,8,238,B59
Rajshahi,2002,9,281,B59
Rajshahi,2002,10,48,B59
Rajshahi,2002,11,17,B59
Rajshahi,2002,12,0,B59
Rajshahi,2003,1,3,B59
Rajshahi,2003,2,18,B59
Rajshahi,2003,3,64,B59
Rajshahi,2003,4,45,B59
Rajshahi,2003,5,84,B59
Rajshahi,2003,6,280,B59
Rajshahi,2003,7,230,B59
Rajshahi,2003,8,128,B59
Rajshahi,2003,9,262,B59
Rajshahi,2003,10,292,B59
Rajshahi,2003,11,0,B59
Rajshahi,2003,12,6,B59
Rajshahi,2004,1,10,B59
Rajshahi,2004,2,0,B59
Rajshahi,2004,3,0,B59
Rajshahi,2004,4,61,B59
Rajshahi,2004,5,92,B59
Rajshahi,2004,6,507,B59
Rajshahi,2004,7,339,B59
Rajshahi,2004,8,275,B59
Rajshahi,2004,9,349,B59
Rajshahi,2004,10,153,B59
Rajshahi,2004,11,0,B59
Rajshahi,2004,12,0,B59
Rajshahi,2005,1,14,B59
Rajshahi,2005,2,1,B59
Rajshahi,2005,3,104,B59
Rajshahi,2005,4,27,B59
Rajshahi,2005,5,108,B59
Rajshahi,2005,6,92,B59
Rajshahi,2005,7,492,B59
Rajshahi,2005,8,161,B59
Rajshahi,2005,9,131,B59
Rajshahi,2005,10,275,B59
Rajshahi,2005,11,0,B59
Rajshahi,2005,12,0,B59
Rajshahi,2006,1,0,B59
Rajshahi,2006,2,0,B59
Rajshahi,2006,3,7,B59
Rajshahi,2006,4,36,B59
Rajshahi,2006,5,189,B59
Rajshahi,2006,6,188,B59
Rajshahi,2006,7,130,B59
Rajshahi,2006,8,247,B59
Rajshahi,2006,9,302,B59
Rajshahi,2006,10,36,B59
Rajshahi,2006,11,10,B59
Rajshahi,2006,12,0,B59
Rajshahi,2007,1,0,B59
Rajshahi,2007,2,27,B59
Rajshahi,2007,3,59,B59
Rajshahi,2007,4,13,B59
Rajshahi,2007,5,260,B59
Rajshahi,2007,6,313,B59
Rajshahi,2007,7,364,B59
Rajshahi,2007,8,236,B59
Rajshahi,2007,9,309,B59
Rajshahi,2007,10,76,B59
Rajshahi,2007,11,1,B59
Rajshahi,2007,12,0,B59
Rajshahi,2008,1,26,B59
Rajshahi,2008,2,0,B59
Rajshahi,2008,3,0,B59
Rajshahi,2008,4,30,B59
Rajshahi,2008,5,144,B59
Rajshahi,2008,6,247,B59
Rajshahi,2008,7,373,B59
Rajshahi,2008,8,245,B59
Rajshahi,2008,9,129,B59
Rajshahi,2008,10,121,B59
Rajshahi,2008,11,0,B59
Rajshahi,2008,12,0,B59
Rajshahi,2009,1,1,B59
Rajshahi,2009,2,7,B59
Rajshahi,2009,3,28,B59
Rajshahi,2009,4,0,B59
Rajshahi,2009,5,131,B59
Rajshahi,2009,6,126,B59
Rajshahi,2009,7,183,B59
Rajshahi,2009,8,240,B59
Rajshahi,2009,9,282,B59
Rajshahi,2009,10,45,B59
Rajshahi,2009,11,0,B59
Rajshahi,2009,12,0,B59
Rajshahi,2010,1,0,B59
Rajshahi,2010,2,2,B59
Rajshahi,2010,3,2,B59
Rajshahi,2010,4,37,B59
Rajshahi,2010,5,75,B59
Rajshahi,2010,6,211,B59
Rajshahi,2010,7,94,B59
Rajshahi,2010,8,101,B59
Rajshahi,2010,9,101,B59
Rajshahi,2010,10,127,B59
Rajshahi,2010,11,3,B59
Rajshahi,2010,12,39,B59
Rajshahi,2011,1,6,B59
Rajshahi,2011,2,0,B59
Rajshahi,2011,3,10,B59
Rajshahi,2011,4,94,B59
Rajshahi,2011,5,187,B59
Rajshahi,2011,6,341,B59
Rajshahi,2011,7,144,B59
Rajshahi,2011,8,454,B59
Rajshahi,2011,9,203,B59
Rajshahi,2011,10,35,B59
Rajshahi,2011,11,1,B59
Rajshahi,2011,12,0,B59
Rajshahi,2012,1,6,B59
Rajshahi,2012,2,0,B59
Rajshahi,2012,3,6,B59
Rajshahi,2012,4,123,B59
Rajshahi,2012,5,17,B59
Rajshahi,2012,6,137,B59
Rajshahi,2012,7,314,B59
Rajshahi,2012,8,179,B59
Rajshahi,2012,9,178,B59
Rajshahi,2012,10,102,B59
Rajshahi,2012,11,101,B59
Rajshahi,2012,12,1,B59
Rajshahi,2013,1,0,B59
Rajshahi,2013,2,22,B59
Rajshahi,2013,3,12,B59
Rajshahi,2013,4,51,B59
Rajshahi,2013,5,188,B59
Rajshahi,2013,6,178,B59
Rajshahi,2013,7,101,B59
Rajshahi,2013,8,254,B59
Rajshahi,2013,9,238,B59
Rajshahi,2013,10,204,B59
Rajshahi,2013,11,0,B59
Rajshahi,2013,12,0,B59
Rajshahi,2014,1,0,B59
Rajshahi,2014,2,27,B59
Rajshahi,2014,3,12,B59
Rajshahi,2014,4,51,B59
Rajshahi,2014,5,151,B59
Rajshahi,2014,6,188,B59
Rajshahi,2014,7,242,B59
Rajshahi,2014,8,359,B59
Rajshahi,2014,9,153,B59
Rajshahi,2014,10,5,B59
Rajshahi,2014,11,0,B59
Rajshahi,2014,12,0,B59
Rajshahi,2015,1,14,B59
Rajshahi,2015,2,14,B59
Rajshahi,2015,3,39,B59
Rajshahi,2015,4,144,B59
Rajshahi,2015,5,177,B59
Rajshahi,2015,6,285,B59
Rajshahi,2015,7,353,B59
Rajshahi,2015,8,127,B59
Rajshahi,2015,9,254,B59
Rajshahi,2015,10,7,B59
Rajshahi,2015,11,6,B59
Rajshahi,2015,12,1,B59
Rajshahi,2016,1,42,B59
Rajshahi,2016,2,3,B59
Rajshahi,2016,3,25,B59
Rajshahi,2016,4,175,B59
Rajshahi,2016,5,212,B59
Rajshahi,2016,6,109,B59
Rajshahi,2016,7,376,B59
Rajshahi,2016,8,168,B59
Rajshahi,2016,9,170,B59
Rajshahi,2016,10,95,B59
Rajshahi,2016,11,0,B59
Rajshahi,2016,12,0,B59
Rajshahi,2017,1,2,B59
Rajshahi,2017,2,0,B59
Rajshahi,2017,3,45,B59
Rajshahi,2017,4,80,B59
Rajshahi,2017,5,193,B59
Rajshahi,2017,6,141,B59
Rajshahi,2017,7,393,B59
Rajshahi,2017,8,219,B59
Rajshahi,2017,9,132,B59
Rajshahi,2017,10,237,B59
Rajshahi,2017,11,5,B59
Rajshahi,2017,12,20,B59
Rajshahi,2018,1,0,B59
Rajshahi,2018,2,12,B59
Rajshahi,2018,3,9,B59
Rajshahi,2018,4,75,B59
Rajshahi,2018,5,176,B59
Rajshahi,2018,6,139,B59
Rajshahi,2018,7,238,B59
Rajshahi,2018,8,84,B59
Rajshahi,2018,9,119,B59
Rajshahi,2018,10,87,B59
Rajshahi,2018,11,0,B59
Rajshahi,2018,12,17,B59
Rajshahi,2019,1,0,B59
Rajshahi,2019,2,46,B59
Rajshahi,2019,3,67,B59
Rajshahi,2019,4,114,B59
Rajshahi,2019,5,147,B59
Rajshahi,2019,6,121,B59
Rajshahi,2019,7,262,B59
Rajshahi,2019,8,114,B59
Rajshahi,2019,9,187,B59
Rajshahi,2019,10,174,B59
Rajshahi,2019,11,3,B59
Rajshahi,2019,12,0,B59
Rajshahi,2020,1,16,B59
Rajshahi,2020,2,1,B59
Rajshahi,2020,3,27,B59
Rajshahi,2020,4,32,B59
Rajshahi,2020,5,187,B59
Rajshahi,2020,6,283,B59
Rajshahi,2020,7,412,B59
Rajshahi,2020,8,142,B59
Rajshahi,2020,9,213,B59
Rajshahi,2020,10,98,B59
Rajshahi,2020,11,0,B59
Rajshahi,2020,12,0,B59
Rajshahi,2021,1,0,B59
Rajshahi,2021,2,0,B59
Rajshahi,2021,3,0,B59
Rajshahi,2021,4,18,B59
Rajshahi,2021,5,193,B59
Rajshahi,2021,6,233,B59
Rajshahi,2021,7,336,B59
Rajshahi,2021,8,540,B59
Rajshahi,2021,9,148,B59
Rajshahi,2021,10,116,B59
Rajshahi,2021,11,1,B59
Rajshahi,2021,12,1,B59
Rajshahi,2023,1,0,B59
Rajshahi,2023,2,0,B59
Rajshahi,2023,3,29,B59
Rajshahi,2023,4,64,B59
Rajshahi,2023,5,80,B59
Rajshahi,2023,6,113,B59
Rajshahi,2023,7,107,B59
Rajshahi,2023,8,176,B59
Rajshahi,2023,9,281,B59
Rajshahi,2023,10,261,B59
Rajshahi,2023,11,3,B59
Rajshahi,2023,12,37,B59
Rajshahi,2022,1,3,B59
Rajshahi,2022,2,39,B59
Rajshahi,2022,3,0,B59
Rajshahi,2022,4,20,B59
Rajshahi,2022,5,222,B59
Rajshahi,2022,6,70,B59
Rajshahi,2022,7,60,B59
Rajshahi,2022,8,263,B59
Rajshahi,2022,9,329,B59
Rajshahi,2022,10,57,B59
Rajshahi,2022,11,0,B59
Rajshahi,2022,12,1,B59
Ramgati,2023,7,198,B59
Ramgati,2023,8,472,B59
Ramgati,2023,9,225,B59
Ramgati,2023,10,70,B59
Ramgati,2023,11,95,B59
Ramgati,2023,12,12,B59
Rangamati,1957,1,0,B59
Rangamati,1957,2,0,B59
Rangamati,1957,3,0,B59
Rangamati,1957,4,0,B59
Rangamati,1957,5,0,B59
Rangamati,1957,6,0,B59
Rangamati,1957,7,0,B59
Rangamati,1957,8,297,B59
Rangamati,1957,9,354,B59
Rangamati,1957,10,147,B59
Rangamati,1957,11,0,B59
Rangamati,1957,12,0,B59
Rangamati,1958,1,0,B59
Rangamati,1958,2,3,B59
Rangamati,1958,3,18,B59
Rangamati,1958,4,2,B59
Rangamati,1958,5,158,B59
Rangamati,1958,6,206,B59
Rangamati,1958,7,230,B59
Rangamati,1958,8,205,B59
Rangamati,1958,9,322,B59
Rangamati,1958,10,172,B59
Rangamati,1958,11,0,B59
Rangamati,1958,12,0,B59
Rangamati,1959,1,0,B59
Rangamati,1959,2,39,B59
Rangamati,1959,3,105,B59
Rangamati,1959,4,8,B59
Rangamati,1959,5,253,B59
Rangamati,1959,6,359,B59
Rangamati,1959,7,288,B59
Rangamati,1959,8,412,B59
Rangamati,1959,9,174,B59
Rangamati,1959,10,389,B59
Rangamati,1959,11,0,B59
Rangamati,1959,12,49,B59
Rangamati,1960,1,0,B59
Rangamati,1960,2,0,B59
Rangamati,1960,3,10,B59
Rangamati,1960,4,0,B59
Rangamati,1960,5,184,B59
Rangamati,1960,6,419,B59
Rangamati,1960,7,930,B59
Rangamati,1960,8,178,B59
Rangamati,1960,9,344,B59
Rangamati,1960,10,139,B59
Rangamati,1960,11,17,B59
Rangamati,1960,12,4,B59
Rangamati,1961,1,2,B59
Rangamati,1961,2,0,B59
Rangamati,1961,3,18,B59
Rangamati,1961,4,49,B59
Rangamati,1961,5,135,B59
Rangamati,1961,6,1081,B59
Rangamati,1961,7,857,B59
Rangamati,1961,8,660,B59
Rangamati,1961,9,286,B59
Rangamati,1961,10,294,B59
Rangamati,1961,11,4,B59
Rangamati,1961,12,0,B59
Rangamati,1962,1,7,B59
Rangamati,1962,2,1,B59
Rangamati,1962,3,2,B59
Rangamati,1962,4,92,B59
Rangamati,1962,5,210,B59
Rangamati,1962,6,542,B59
Rangamati,1962,7,285,B59
Rangamati,1962,8,530,B59
Rangamati,1962,9,472,B59
Rangamati,1962,10,188,B59
Rangamati,1962,11,0,B59
Rangamati,1962,12,0,B59
Rangamati,1963,1,0,B59
Rangamati,1963,2,0,B59
Rangamati,1963,3,25,B59
Rangamati,1963,4,324,B59
Rangamati,1963,5,317,B59
Rangamati,1963,6,773,B59
Rangamati,1963,7,950,B59
Rangamati,1963,8,240,B59
Rangamati,1963,9,168,B59
Rangamati,1963,10,218,B59
Rangamati,1963,11,0,B59
Rangamati,1963,12,0,B59
Rangamati,1964,1,0,B59
Rangamati,1964,2,1,B59
Rangamati,1964,3,50,B59
Rangamati,1964,4,158,B59
Rangamati,1964,5,133,B59
Rangamati,1964,6,281,B59
Rangamati,1964,7,412,B59
Rangamati,1964,8,412,B59
Rangamati,1964,9,387,B59
Rangamati,1964,10,412,B59
Rangamati,1964,11,63,B59
Rangamati,1964,12,88,B59
Rangamati,1965,1,0,B59
Rangamati,1965,2,4,B59
Rangamati,1965,3,83,B59
Rangamati,1965,4,35,B59
Rangamati,1965,5,239,B59
Rangamati,1965,6,681,B59
Rangamati,1965,7,549,B59
Rangamati,1965,8,402,B59
Rangamati,1965,9,263,B59
Rangamati,1965,10,231,B59
Rangamati,1965,11,8,B59
Rangamati,1965,12,49,B59
Rangamati,1966,1,8,B59
Rangamati,1966,2,0,B59
Rangamati,1966,3,34,B59
Rangamati,1966,4,44,B59
Rangamati,1966,5,183,B59
Rangamati,1966,6,536,B59
Rangamati,1966,7,503,B59
Rangamati,1966,8,287,B59
Rangamati,1966,9,216,B59
Rangamati,1966,10,221,B59
Rangamati,1966,11,25,B59
Rangamati,1966,12,110,B59
Rangamati,1969,1,0,B59
Rangamati,1969,2,0,B59
Rangamati,1969,3,47,B59
Rangamati,1969,4,194,B59
Rangamati,1969,5,657,B59
Rangamati,1969,6,55,B59
Rangamati,1969,7,329,B59
Rangamati,1969,8,740,B59
Rangamati,1969,9,326,B59
Rangamati,1969,10,50,B59
Rangamati,1969,11,41,B59
Rangamati,1969,12,0,B59
Rangamati,1970,1,6,B59
Rangamati,1970,2,54,B59
Rangamati,1970,3,15,B59
Rangamati,1970,4,38,B59
Rangamati,1970,5,111,B59
Rangamati,1970,6,274,B59
Rangamati,1970,7,1276,B59
Rangamati,1970,8,326,B59
Rangamati,1970,9,200,B59
Rangamati,1970,10,155,B59
Rangamati,1970,11,109,B59
Rangamati,1970,12,0,B59
Rangamati,1971,1,5,B59
Rangamati,1971,2,0,B59
Rangamati,1971,3,0,B59
Rangamati,1971,4,103,B59
Rangamati,1971,5,133,B59
Rangamati,1971,6,693,B59
Rangamati,1971,7,399,B59
Rangamati,1971,8,507,B59
Rangamati,1971,9,164,B59
Rangamati,1971,10,72,B59
Rangamati,1971,11,41,B59
Rangamati,1971,12,1,B59
Rangamati,1972,1,0,B59
Rangamati,1972,2,2,B59
Rangamati,1972,3,0,B59
Rangamati,1972,4,37,B59
Rangamati,1972,5,105,B59
Rangamati,1972,6,450,B59
Rangamati,1972,7,315,B59
Rangamati,1972,8,309,B59
Rangamati,1972,9,100,B59
Rangamati,1972,10,53,B59
Rangamati,1972,11,4,B59
Rangamati,1972,12,0,B59
Rangamati,1973,1,0,B59
Rangamati,1973,2,0,B59
Rangamati,1973,3,35,B59
Rangamati,1973,4,181,B59
Rangamati,1973,5,377,B59
Rangamati,1973,6,453,B59
Rangamati,1973,7,608,B59
Rangamati,1973,8,481,B59
Rangamati,1973,9,133,B59
Rangamati,1973,10,138,B59
Rangamati,1973,11,126,B59
Rangamati,1973,12,2,B59
Rangamati,1974,1,1,B59
Rangamati,1974,2,0,B59
Rangamati,1974,3,0,B59
Rangamati,1974,6,441,B59
Rangamati,1974,7,489,B59
Rangamati,1974,8,317,B59
Rangamati,1974,9,401,B59
Rangamati,1974,10,252,B59
Rangamati,1974,11,23,B59
Rangamati,1974,12,0,B59
Rangamati,1975,1,0,B59
Rangamati,1975,2,0,B59
Rangamati,1975,3,6,B59
Rangamati,1975,4,183,B59
Rangamati,1975,5,108,B59
Rangamati,1975,6,508,B59
Rangamati,1975,7,649,B59
Rangamati,1975,8,262,B59
Rangamati,1975,9,220,B59
Rangamati,1975,10,195,B59
Rangamati,1975,11,115,B59
Rangamati,1975,12,0,B59
Rangamati,1976,1,0,B59
Rangamati,1976,2,0,B59
Rangamati,1976,3,0,B59
Rangamati,1976,4,123,B59
Rangamati,1976,5,181,B59
Rangamati,1976,6,874,B59
Rangamati,1976,7,783,B59
Rangamati,1976,8,377,B59
Rangamati,1976,9,389,B59
Rangamati,1976,10,160,B59
Rangamati,1976,11,143,B59
Rangamati,1976,12,0,B59
Rangamati,1977,1,20,B59
Rangamati,1977,2,29,B59
Rangamati,1977,3,0,B59
Rangamati,1977,4,389,B59
Rangamati,1977,5,250,B59
Rangamati,1977,6,502,B59
Rangamati,1977,7,520,B59
Rangamati,1977,8,487,B59
Rangamati,1977,9,164,B59
Rangamati,1977,10,67,B59
Rangamati,1977,11,44,B59
Rangamati,1977,12,0,B59
Rangamati,1978,1,0,B59
Rangamati,1978,2,0,B59
Rangamati,1978,3,0,B59
Rangamati,1978,4,0,B59
Rangamati,1978,5,385,B59
Rangamati,1978,6,713,B59
Rangamati,1978,7,332,B59
Rangamati,1978,8,336,B59
Rangamati,1978,9,441,B59
Rangamati,1978,10,164,B59
Rangamati,1978,11,2,B59
Rangamati,1978,12,0,B59
Rangamati,1979,1,0,B59
Rangamati,1979,2,2,B59
Rangamati,1979,3,0,B59
Rangamati,1979,4,61,B59
Rangamati,1979,5,172,B59
Rangamati,1979,6,519,B59
Rangamati,1979,7,710,B59
Rangamati,1979,8,605,B59
Rangamati,1979,9,355,B59
Rangamati,1979,10,63,B59
Rangamati,1979,11,81,B59
Rangamati,1979,12,36,B59
Rangamati,1980,1,10,B59
Rangamati,1980,2,76,B59
Rangamati,1980,3,90,B59
Rangamati,1980,4,41,B59
Rangamati,1980,5,628,B59
Rangamati,1980,6,435,B59
Rangamati,1980,7,997,B59
Rangamati,1980,8,448,B59
Rangamati,1980,9,249,B59
Rangamati,1980,10,279,B59
Rangamati,1980,11,0,B59
Rangamati,1980,12,0,B59
Rangamati,1981,4,230,B59
Rangamati,1981,5,344,B59
Rangamati,1981,6,337,B59
Rangamati,1981,7,262,B59
Rangamati,1981,8,447,B59
Rangamati,1981,9,371,B59
Rangamati,1981,10,42,B59
Rangamati,1981,11,24,B59
Rangamati,1981,12,0,B59
Rangamati,1982,1,0,B59
Rangamati,1982,2,71,B59
Rangamati,1982,3,0,B59
Rangamati,1982,4,84,B59
Rangamati,1982,5,103,B59
Rangamati,1982,6,308,B59
Rangamati,1982,7,229,B59
Rangamati,1982,8,306,B59
Rangamati,1982,9,299,B59
Rangamati,1982,10,45,B59
Rangamati,1982,11,7,B59
Rangamati,1982,12,0,B59
Rangamati,1983,1,0,B59
Rangamati,1983,2,39,B59
Rangamati,1983,3,101,B59
Rangamati,1983,4,195,B59
Rangamati,1983,5,441,B59
Rangamati,1983,6,259,B59
Rangamati,1983,7,498,B59
Rangamati,1983,8,753,B59
Rangamati,1983,9,199,B59
Rangamati,1983,10,275,B59
Rangamati,1983,11,166,B59
Rangamati,1983,12,37,B59
Rangamati,1984,1,13,B59
Rangamati,1984,2,0,B59
Rangamati,1984,3,0,B59
Rangamati,1984,4,45,B59
Rangamati,1984,5,625,B59
Rangamati,1984,6,449,B59
Rangamati,1984,7,345,B59
Rangamati,1984,8,371,B59
Rangamati,1984,9,200,B59
Rangamati,1984,10,82,B59
Rangamati,1984,11,0,B59
Rangamati,1984,12,1,B59
Rangamati,1985,1,1,B59
Rangamati,1985,2,0,B59
Rangamati,1985,3,56,B59
Rangamati,1985,4,35,B59
Rangamati,1985,5,183,B59
Rangamati,1985,6,413,B59
Rangamati,1985,7,506,B59
Rangamati,1985,8,422,B59
Rangamati,1985,9,103,B59
Rangamati,1985,10,35,B59
Rangamati,1985,11,93,B59
Rangamati,1985,12,6,B59
Rangamati,1986,1,0,B59
Rangamati,1986,2,0,B59
Rangamati,1986,3,0,B59
Rangamati,1986,4,208,B59
Rangamati,1986,5,93,B59
Rangamati,1986,6,341,B59
Rangamati,1986,7,782,B59
Rangamati,1986,8,469,B59
Rangamati,1986,9,283,B59
Rangamati,1986,10,115,B59
Rangamati,1986,11,145,B59
Rangamati,1986,12,0,B59
Rangamati,1987,1,3,B59
Rangamati,1987,2,36,B59
Rangamati,1987,3,96,B59
Rangamati,1987,4,394,B59
Rangamati,1987,5,99,B59
Rangamati,1987,6,331,B59
Rangamati,1987,7,630,B59
Rangamati,1987,8,816,B59
Rangamati,1987,9,435,B59
Rangamati,1987,10,40,B59
Rangamati,1987,11,100,B59
Rangamati,1987,12,14,B59
Rangamati,1988,1,0,B59
Rangamati,1988,2,15,B59
Rangamati,1988,3,79,B59
Rangamati,1988,4,166,B59
Rangamati,1988,5,355,B59
Rangamati,1988,6,760,B59
Rangamati,1988,7,679,B59
Rangamati,1988,8,567,B59
Rangamati,1988,9,236,B59
Rangamati,1988,10,234,B59
Rangamati,1988,11,23,B59
Rangamati,1988,12,17,B59
Rangamati,1989,1,0,B59
Rangamati,1989,2,11,B59
Rangamati,1989,3,0,B59
Rangamati,1989,4,240,B59
Rangamati,1989,5,163,B59
Rangamati,1989,6,210,B59
Rangamati,1989,7,820,B59
Rangamati,1989,8,176,B59
Rangamati,1989,9,413,B59
Rangamati,1989,10,563,B59
Rangamati,1989,11,40,B59
Rangamati,1989,12,0,B59
Rangamati,1990,1,0,B59
Rangamati,1990,2,22,B59
Rangamati,1990,3,115,B59
Rangamati,1990,4,336,B59
Rangamati,1990,5,365,B59
Rangamati,1990,6,388,B59
Rangamati,1990,7,659,B59
Rangamati,1990,8,176,B59
Rangamati,1990,9,197,B59
Rangamati,1990,10,129,B59
Rangamati,1990,11,91,B59
Rangamati,1990,12,54,B59
Rangamati,1991,1,9,B59
Rangamati,1991,2,5,B59
Rangamati,1991,3,19,B59
Rangamati,1991,4,174,B59
Rangamati,1991,5,578,B59
Rangamati,1991,6,618,B59
Rangamati,1991,7,474,B59
Rangamati,1991,8,606,B59
Rangamati,1991,9,335,B59
Rangamati,1991,10,103,B59
Rangamati,1991,11,88,B59
Rangamati,1991,12,14,B59
Rangamati,1992,1,0,B59
Rangamati,1992,2,93,B59
Rangamati,1992,3,4,B59
Rangamati,1992,4,31,B59
Rangamati,1992,5,137,B59
Rangamati,1992,6,428,B59
Rangamati,1992,7,341,B59
Rangamati,1992,8,239,B59
Rangamati,1992,9,274,B59
Rangamati,1992,10,154,B59
Rangamati,1992,11,12,B59
Rangamati,1992,12,15,B59
Rangamati,1993,1,0,B59
Rangamati,1993,2,151,B59
Rangamati,1993,3,201,B59
Rangamati,1993,4,139,B59
Rangamati,1993,5,475,B59
Rangamati,1993,6,784,B59
Rangamati,1993,7,959,B59
Rangamati,1993,8,730,B59
Rangamati,1993,9,278,B59
Rangamati,1993,10,152,B59
Rangamati,1993,11,9,B59
Rangamati,1993,12,0,B59
Rangamati,1994,1,5,B59
Rangamati,1994,2,6,B59
Rangamati,1994,3,153,B59
Rangamati,1994,4,207,B59
Rangamati,1994,5,96,B59
Rangamati,1994,6,243,B59
Rangamati,1994,7,316,B59
Rangamati,1994,8,266,B59
Rangamati,1994,9,198,B59
Rangamati,1994,10,109,B59
Rangamati,1994,11,12,B59
Rangamati,1994,12,0,B59
Rangamati,1995,1,1,B59
Rangamati,1995,2,7,B59
Rangamati,1995,3,27,B59
Rangamati,1995,4,44,B59
Rangamati,1995,5,490,B59
Rangamati,1995,6,339,B59
Rangamati,1995,7,607,B59
Rangamati,1995,8,351,B59
Rangamati,1995,9,171,B59
Rangamati,1995,10,146,B59
Rangamati,1995,11,220,B59
Rangamati,1995,12,0,B59
Rangamati,1996,1,10,B59
Rangamati,1996,2,17,B59
Rangamati,1996,3,251,B59
Rangamati,1996,4,87,B59
Rangamati,1996,5,440,B59
Rangamati,1996,6,455,B59
Rangamati,1996,7,479,B59
Rangamati,1996,8,437,B59
Rangamati,1996,9,379,B59
Rangamati,1996,10,246,B59
Rangamati,1996,11,72,B59
Rangamati,1996,12,4,B59
Rangamati,1997,1,1,B59
Rangamati,1997,2,14,B59
Rangamati,1997,3,251,B59
Rangamati,1997,4,33,B59
Rangamati,1997,5,209,B59
Rangamati,1997,6,508,B59
Rangamati,1997,7,657,B59
Rangamati,1997,8,481,B59
Rangamati,1997,9,443,B59
Rangamati,1997,10,134,B59
Rangamati,1997,11,19,B59
Rangamati,1997,12,15,B59
Rangamati,1998,1,21,B59
Rangamati,1998,2,79,B59
Rangamati,1998,3,137,B59
Rangamati,1998,4,157,B59
Rangamati,1998,5,658,B59
Rangamati,1998,6,294,B59
Rangamati,1998,7,1065,B59
Rangamati,1998,8,493,B59
Rangamati,1998,9,287,B59
Rangamati,1998,10,102,B59
Rangamati,1998,11,19,B59
Rangamati,1998,12,0,B59
Rangamati,1999,1,0,B59
Rangamati,1999,2,0,B59
Rangamati,1999,3,3,B59
Rangamati,1999,4,0,B59
Rangamati,1999,5,379,B59
Rangamati,1999,6,1117,B59
Rangamati,1999,7,590,B59
Rangamati,1999,8,474,B59
Rangamati,1999,9,201,B59
Rangamati,1999,10,149,B59
Rangamati,1999,11,3,B59
Rangamati,1999,12,115,B59
Rangamati,2000,1,41,B59
Rangamati,2000,2,1,B59
Rangamati,2000,3,112,B59
Rangamati,2000,4,210,B59
Rangamati,2000,5,698,B59
Rangamati,2000,6,565,B59
Rangamati,2000,7,207,B59
Rangamati,2000,8,534,B59
Rangamati,2000,9,164,B59
Rangamati,2000,10,357,B59
Rangamati,2000,11,45,B59
Rangamati,2000,12,0,B59
Rangamati,2001,1,0,B59
Rangamati,2001,2,8,B59
Rangamati,2001,3,1,B59
Rangamati,2001,4,34,B59
Rangamati,2001,5,282,B59
Rangamati,2001,6,569,B59
Rangamati,2001,7,346,B59
Rangamati,2001,8,332,B59
Rangamati,2001,9,212,B59
Rangamati,2001,10,181,B59
Rangamati,2001,11,101,B59
Rangamati,2001,12,0,B59
Rangamati,2002,1,9,B59
Rangamati,2002,2,0,B59
Rangamati,2002,3,42,B59
Rangamati,2002,4,66,B59
Rangamati,2002,5,548,B59
Rangamati,2002,6,262,B59
Rangamati,2002,7,852,B59
Rangamati,2002,8,472,B59
Rangamati,2002,9,353,B59
Rangamati,2002,10,79,B59
Rangamati,2002,11,94,B59
Rangamati,2002,12,7,B59
Rangamati,2003,1,0,B59
Rangamati,2003,2,1,B59
Rangamati,2003,3,36,B59
Rangamati,2003,4,82,B59
Rangamati,2003,5,273,B59
Rangamati,2003,6,1086,B59
Rangamati,2003,7,252,B59
Rangamati,2003,8,222,B59
Rangamati,2003,9,370,B59
Rangamati,2003,10,93,B59
Rangamati,2003,11,0,B59
Rangamati,2003,12,59,B59
Rangamati,2004,1,0,B59
Rangamati,2004,2,0,B59
Rangamati,2004,3,8,B59
Rangamati,2004,4,170,B59
Rangamati,2004,5,116,B59
Rangamati,2004,6,841,B59
Rangamati,2004,7,1076,B59
Rangamati,2004,8,229,B59
Rangamati,2004,9,491,B59
Rangamati,2004,10,182,B59
Rangamati,2004,11,0,B59
Rangamati,2004,12,0,B59
Rangamati,2005,1,2,B59
Rangamati,2005,2,0,B59
Rangamati,2005,3,74,B59
Rangamati,2005,4,199,B59
Rangamati,2005,5,238,B59
Rangamati,2005,6,185,B59
Rangamati,2005,7,274,B59
Rangamati,2005,8,644,B59
Rangamati,2005,9,323,B59
Rangamati,2005,10,125,B59
Rangamati,2005,11,53,B59
Rangamati,2005,12,7,B59
Rangamati,2006,1,0,B59
Rangamati,2006,2,0,B59
Rangamati,2006,3,0,B59
Rangamati,2006,4,36,B59
Rangamati,2006,5,701,B59
Rangamati,2006,6,313,B59
Rangamati,2006,7,476,B59
Rangamati,2006,8,370,B59
Rangamati,2006,9,302,B59
Rangamati,2006,10,99,B59
Rangamati,2006,11,19,B59
Rangamati,2006,12,0,B59
Rangamati,2007,1,0,B59
Rangamati,2007,2,58,B59
Rangamati,2007,3,32,B59
Rangamati,2007,4,168,B59
Rangamati,2007,5,280,B59
Rangamati,2007,6,591,B59
Rangamati,2007,7,712,B59
Rangamati,2007,8,268,B59
Rangamati,2007,9,535,B59
Rangamati,2007,10,351,B59
Rangamati,2007,11,81,B59
Rangamati,2007,12,0,B59
Rangamati,2008,1,47,B59
Rangamati,2008,2,8,B59
Rangamati,2008,3,5,B59
Rangamati,2008,4,0,B59
Rangamati,2008,5,188,B59
Rangamati,2008,6,262,B59
Rangamati,2008,7,433,B59
Rangamati,2008,8,400,B59
Rangamati,2008,9,240,B59
Rangamati,2008,10,172,B59
Rangamati,2008,11,25,B59
Rangamati,2008,12,0,B59
Rangamati,2009,1,0,B59
Rangamati,2009,2,0,B59
Rangamati,2009,3,1,B59
Rangamati,2009,4,61,B59
Rangamati,2009,5,264,B59
Rangamati,2009,6,295,B59
Rangamati,2009,7,639,B59
Rangamati,2009,8,472,B59
Rangamati,2009,9,276,B59
Rangamati,2009,10,338,B59
Rangamati,2009,11,49,B59
Rangamati,2009,12,0,B59
Rangamati,2010,1,0,B59
Rangamati,2010,2,9,B59
Rangamati,2010,3,121,B59
Rangamati,2010,4,112,B59
Rangamati,2010,5,424,B59
Rangamati,2010,6,653,B59
Rangamati,2010,7,304,B59
Rangamati,2010,8,496,B59
Rangamati,2010,9,183,B59
Rangamati,2010,10,281,B59
Rangamati,2010,11,45,B59
Rangamati,2010,12,17,B59
Rangamati,2011,1,1,B59
Rangamati,2011,2,1,B59
Rangamati,2011,3,49,B59
Rangamati,2011,4,78,B59
Rangamati,2011,5,169,B59
Rangamati,2011,6,516,B59
Rangamati,2011,7,463,B59
Rangamati,2011,8,566,B59
Rangamati,2011,9,420,B59
Rangamati,2011,10,98,B59
Rangamati,2011,11,0,B59
Rangamati,2011,12,0,B59
Rangamati,2012,1,0,B59
Rangamati,2012,2,0,B59
Rangamati,2012,3,91,B59
Rangamati,2012,4,284,B59
Rangamati,2012,5,187,B59
Rangamati,2012,6,834,B59
Rangamati,2012,7,489,B59
Rangamati,2012,8,297,B59
Rangamati,2012,9,268,B59
Rangamati,2012,10,344,B59
Rangamati,2012,11,23,B59
Rangamati,2012,12,0,B59
Rangamati,2013,1,0,B59
Rangamati,2013,2,2,B59
Rangamati,2013,3,2,B59
Rangamati,2013,4,83,B59
Rangamati,2013,5,435,B59
Rangamati,2013,6,280,B59
Rangamati,2013,7,274,B59
Rangamati,2013,8,200,B59
Rangamati,2013,9,476,B59
Rangamati,2013,10,198,B59
Rangamati,2013,11,0,B59
Rangamati,2013,12,0,B59
Rangamati,2014,1,0,B59
Rangamati,2014,2,23,B59
Rangamati,2014,3,17,B59
Rangamati,2014,4,1,B59
Rangamati,2014,5,339,B59
Rangamati,2014,6,610,B59
Rangamati,2014,7,161,B59
Rangamati,2014,8,294,B59
Rangamati,2014,9,316,B59
Rangamati,2014,10,152,B59
Rangamati,2014,11,10,B59
Rangamati,2014,12,0,B59
Rangamati,2015,1,0,B59
Rangamati,2015,2,0,B59
Rangamati,2015,3,52,B59
Rangamati,2015,4,238,B59
Rangamati,2015,5,130,B59
Rangamati,2015,6,562,B59
Rangamati,2015,7,1035,B59
Rangamati,2015,8,714,B59
Rangamati,2015,9,386,B59
Rangamati,2015,10,213,B59
Rangamati,2015,11,10,B59
Rangamati,2015,12,2,B59
Rangamati,2016,1,3,B59
Rangamati,2016,2,85,B59
Rangamati,2016,3,11,B59
Rangamati,2016,4,29,B59
Rangamati,2016,5,274,B59
Rangamati,2016,6,513,B59
Rangamati,2016,7,405,B59
Rangamati,2016,8,239,B59
Rangamati,2016,9,214,B59
Rangamati,2016,10,139,B59
Rangamati,2016,11,120,B59
Rangamati,2016,12,0,B59
Rangamati,2017,1,0,B59
Rangamati,2017,2,0,B59
Rangamati,2017,3,108,B59
Rangamati,2017,4,388,B59
Rangamati,2017,5,186,B59
Rangamati,2017,6,1189,B59
Rangamati,2017,7,684,B59
Rangamati,2017,8,629,B59
Rangamati,2017,9,428,B59
Rangamati,2017,10,159,B59
Rangamati,2017,11,18,B59
Rangamati,2017,12,30,B59
Rangamati,2018,1,6,B59
Rangamati,2018,2,0,B59
Rangamati,2018,3,4,B59
Rangamati,2018,4,236,B59
Rangamati,2018,5,291,B59
Rangamati,2018,6,1037,B59
Rangamati,2018,7,504,B59
Rangamati,2018,8,281,B59
Rangamati,2018,9,336,B59
Rangamati,2018,10,257,B59
Rangamati,2018,11,0,B59
Rangamati,2018,12,35,B59
Rangamati,2019,1,0,B59
Rangamati,2019,2,36,B59
Rangamati,2019,3,15,B59
Rangamati,2019,4,102,B59
Rangamati,2019,5,215,B59
Rangamati,2019,6,267,B59
Rangamati,2019,7,1137,B59
Rangamati,2019,8,355,B59
Rangamati,2019,9,271,B59
Rangamati,2019,10,170,B59
Rangamati,2019,11,133,B59
Rangamati,2019,12,5,B59
Rangamati,2020,1,52,B59
Rangamati,2020,2,5,B59
Rangamati,2020,3,0,B59
Rangamati,2020,4,147,B59
Rangamati,2020,5,340,B59
Rangamati,2020,6,350,B59
Rangamati,2020,7,433,B59
Rangamati,2020,8,213,B59
Rangamati,2020,9,289,B59
Rangamati,2020,10,324,B59
Rangamati,2020,11,34,B59
Rangamati,2020,12,0,B59
Rangamati,2021,1,0,B59
Rangamati,2021,2,0,B59
Rangamati,2021,3,0,B59
Rangamati,2021,4,34,B59
Rangamati,2021,5,97,B59
Rangamati,2021,6,438,B59
Rangamati,2021,7,407,B59
Rangamati,2021,8,576,B59
Rangamati,2021,9,218,B59
Rangamati,2021,10,146,B59
Rangamati,2021,11,0,B59
Rangamati,2021,12,74,B59
Rangamati,2023,1,0,B59
Rangamati,2023,2,0,B59
Rangamati,2023,3,47,B59
Rangamati,2023,4,66,B59
Rangamati,2023,5,100,B59
Rangamati,2023,6,430,B59
Rangamati,2023,7,168,B59
Rangamati,2023,8,1097,B59
Rangamati,2023,9,349,B59
Rangamati,2023,10,47,B59
Rangamati,2023,11,71,B59
Rangamati,2023,12,11,B59
Rangamati,2022,1,11,B59
Rangamati,2022,2,8,B59
Rangamati,2022,3,0,B59
Rangamati,2022,4,64,B59
Rangamati,2022,5,332,B59
Rangamati,2022,6,550,B59
Rangamati,2022,7,385,B59
Rangamati,2022,8,345,B59
Rangamati,2022,9,243,B59
Rangamati,2022,10,157,B59
Rangamati,2022,11,4,B59
Rangamati,2022,12,4,B59
Rangpur,1954,1,20,B59
Rangpur,1954,2,0,B59
Rangpur,1954,3,0,B59
Rangpur,1954,4,0,B59
Rangpur,1954,5,275,B59
Rangpur,1954,6,944,B59
Rangpur,1954,7,602,B59
Rangpur,1954,8,211,B59
Rangpur,1954,9,101,B59
Rangpur,1954,10,90,B59
Rangpur,1954,11,0,B59
Rangpur,1954,12,0,B59
Rangpur,1955,1,20,B59
Rangpur,1955,2,3,B59
Rangpur,1955,3,8,B59
Rangpur,1955,4,55,B59
Rangpur,1955,5,124,B59
Rangpur,1955,6,566,B59
Rangpur,1955,7,892,B59
Rangpur,1955,8,562,B59
Rangpur,1955,9,160,B59
Rangpur,1955,10,19,B59
Rangpur,1955,11,5,B59
Rangpur,1955,12,0,B59
Rangpur,1956,1,12,B59
Rangpur,1956,2,1,B59
Rangpur,1956,3,5,B59
Rangpur,1956,4,12,B59
Rangpur,1956,5,278,B59
Rangpur,1956,6,769,B59
Rangpur,1956,7,488,B59
Rangpur,1956,8,501,B59
Rangpur,1956,9,149,B59
Rangpur,1956,10,424,B59
Rangpur,1956,11,11,B59
Rangpur,1956,12,0,B59
Rangpur,1957,1,0,B59
Rangpur,1957,2,0,B59
Rangpur,1957,3,0,B59
Rangpur,1957,4,0,B59
Rangpur,1957,5,111,B59
Rangpur,1957,6,439,B59
Rangpur,1957,7,352,B59
Rangpur,1957,8,249,B59
Rangpur,1957,9,38,B59
Rangpur,1957,10,10,B59
Rangpur,1957,11,0,B59
Rangpur,1957,12,0,B59
Rangpur,1958,1,2,B59
Rangpur,1958,2,0,B59
Rangpur,1958,3,11,B59
Rangpur,1958,4,55,B59
Rangpur,1958,5,171,B59
Rangpur,1958,6,188,B59
Rangpur,1959,1,29,B59
Rangpur,1959,2,0,B59
Rangpur,1959,3,257,B59
Rangpur,1959,4,102,B59
Rangpur,1959,5,366,B59
Rangpur,1959,6,583,B59
Rangpur,1959,7,357,B59
Rangpur,1959,8,275,B59
Rangpur,1959,9,90,B59
Rangpur,1959,10,586,B59
Rangpur,1959,11,0,B59
Rangpur,1959,12,103,B59
Rangpur,1960,1,0,B59
Rangpur,1960,2,0,B59
Rangpur,1960,3,56,B59
Rangpur,1960,4,6,B59
Rangpur,1960,5,252,B59
Rangpur,1960,6,373,B59
Rangpur,1960,7,471,B59
Rangpur,1960,8,124,B59
Rangpur,1960,9,488,B59
Rangpur,1960,10,91,B59
Rangpur,1960,11,3,B59
Rangpur,1960,12,0,B59
Rangpur,1961,1,0,B59
Rangpur,1961,2,28,B59
Rangpur,1961,3,10,B59
Rangpur,1961,4,57,B59
Rangpur,1961,5,279,B59
Rangpur,1961,6,440,B59
Rangpur,1961,7,265,B59
Rangpur,1961,8,141,B59
Rangpur,1961,9,150,B59
Rangpur,1961,10,341,B59
Rangpur,1961,11,1,B59
Rangpur,1961,12,5,B59
Rangpur,1962,1,9,B59
Rangpur,1962,2,4,B59
Rangpur,1962,3,7,B59
Rangpur,1962,4,4,B59
Rangpur,1962,5,409,B59
Rangpur,1962,6,464,B59
Rangpur,1962,7,210,B59
Rangpur,1962,8,572,B59
Rangpur,1962,9,137,B59
Rangpur,1962,10,66,B59
Rangpur,1962,11,0,B59
Rangpur,1962,12,0,B59
Rangpur,1963,1,0,B59
Rangpur,1963,2,0,B59
Rangpur,1963,3,66,B59
Rangpur,1963,4,75,B59
Rangpur,1963,5,187,B59
Rangpur,1963,6,399,B59
Rangpur,1963,7,566,B59
Rangpur,1963,8,293,B59
Rangpur,1963,9,304,B59
Rangpur,1963,10,72,B59
Rangpur,1963,11,5,B59
Rangpur,1963,12,0,B59
Rangpur,1964,1,4,B59
Rangpur,1964,2,7,B59
Rangpur,1964,3,6,B59
Rangpur,1964,4,68,B59
Rangpur,1964,5,269,B59
Rangpur,1964,6,554,B59
Rangpur,1964,7,477,B59
Rangpur,1964,8,140,B59
Rangpur,1964,9,177,B59
Rangpur,1964,10,200,B59
Rangpur,1964,11,0,B59
Rangpur,1964,12,0,B59
Rangpur,1965,1,0,B59
Rangpur,1965,2,4,B59
Rangpur,1965,3,38,B59
Rangpur,1965,4,63,B59
Rangpur,1965,5,362,B59
Rangpur,1965,6,249,B59
Rangpur,1965,7,277,B59
Rangpur,1965,8,553,B59
Rangpur,1965,9,133,B59
Rangpur,1965,10,12,B59
Rangpur,1965,11,17,B59
Rangpur,1965,12,0,B59
Rangpur,1966,1,11,B59
Rangpur,1966,2,0,B59
Rangpur,1966,3,1,B59
Rangpur,1966,4,12,B59
Rangpur,1966,5,272,B59
Rangpur,1966,6,126,B59
Rangpur,1966,7,302,B59
Rangpur,1966,8,324,B59
Rangpur,1966,9,109,B59
Rangpur,1966,10,48,B59
Rangpur,1966,11,25,B59
Rangpur,1966,12,1,B59
Rangpur,1967,1,1,B59
Rangpur,1967,2,0,B59
Rangpur,1967,3,140,B59
Rangpur,1967,4,152,B59
Rangpur,1967,5,73,B59
Rangpur,1967,6,248,B59
Rangpur,1967,7,474,B59
Rangpur,1967,8,153,B59
Rangpur,1967,9,333,B59
Rangpur,1967,10,149,B59
Rangpur,1967,11,0,B59
Rangpur,1967,12,0,B59
Rangpur,1969,1,19,B59
Rangpur,1969,2,1,B59
Rangpur,1969,3,55,B59
Rangpur,1969,4,88,B59
Rangpur,1969,5,295,B59
Rangpur,1969,6,407,B59
Rangpur,1969,7,636,B59
Rangpur,1969,8,420,B59
Rangpur,1969,9,309,B59
Rangpur,1969,10,45,B59
Rangpur,1969,11,38,B59
Rangpur,1969,12,0,B59
Rangpur,1970,1,29,B59
Rangpur,1970,2,6,B59
Rangpur,1970,3,5,B59
Rangpur,1970,4,39,B59
Rangpur,1970,5,162,B59
Rangpur,1970,6,527,B59
Rangpur,1970,7,503,B59
Rangpur,1970,8,440,B59
Rangpur,1970,9,242,B59
Rangpur,1970,10,39,B59
Rangpur,1970,11,5,B59
Rangpur,1970,12,0,B59
Rangpur,1971,1,12,B59
Rangpur,1971,2,2,B59
Rangpur,1971,6,121,B59
Rangpur,1971,7,298,B59
Rangpur,1971,8,438,B59
Rangpur,1971,9,403,B59
Rangpur,1971,10,250,B59
Rangpur,1971,11,49,B59
Rangpur,1971,12,0,B59
Rangpur,1972,1,4,B59
Rangpur,1972,2,42,B59
Rangpur,1972,3,53,B59
Rangpur,1972,4,31,B59
Rangpur,1972,5,100,B59
Rangpur,1972,6,239,B59
Rangpur,1972,7,325,B59
Rangpur,1972,9,201,B59
Rangpur,1972,10,118,B59
Rangpur,1972,11,1,B59
Rangpur,1972,12,0,B59
Rangpur,1973,1,8,B59
Rangpur,1973,2,7,B59
Rangpur,1973,3,8,B59
Rangpur,1973,4,23,B59
Rangpur,1973,5,392,B59
Rangpur,1973,6,744,B59
Rangpur,1973,7,192,B59
Rangpur,1973,8,94,B59
Rangpur,1973,9,531,B59
Rangpur,1973,10,222,B59
Rangpur,1973,11,12,B59
Rangpur,1973,12,4,B59
Rangpur,1975,1,2,B59
Rangpur,1975,2,6,B59
Rangpur,1975,3,3,B59
Rangpur,1975,4,146,B59
Rangpur,1975,5,445,B59
Rangpur,1975,6,116,B59
Rangpur,1975,7,468,B59
Rangpur,1975,8,164,B59
Rangpur,1975,9,290,B59
Rangpur,1975,10,123,B59
Rangpur,1975,11,0,B59
Rangpur,1975,12,0,B59
Rangpur,1976,1,0,B59
Rangpur,1976,2,0,B59
Rangpur,1976,3,1,B59
Rangpur,1976,4,116,B59
Rangpur,1976,5,203,B59
Rangpur,1976,6,427,B59
Rangpur,1976,7,500,B59
Rangpur,1976,8,436,B59
Rangpur,1976,9,157,B59
Rangpur,1976,10,54,B59
Rangpur,1976,11,1,B59
Rangpur,1976,12,0,B59
Rangpur,1977,1,0,B59
Rangpur,1977,4,140,B59
Rangpur,1977,5,320,B59
Rangpur,1977,6,550,B59
Rangpur,1977,7,384,B59
Rangpur,1977,8,334,B59
Rangpur,1977,9,101,B59
Rangpur,1977,10,155,B59
Rangpur,1977,12,12,B59
Rangpur,1978,1,0,B59
Rangpur,1978,2,0,B59
Rangpur,1978,3,8,B59
Rangpur,1978,4,150,B59
Rangpur,1978,5,289,B59
Rangpur,1978,6,394,B59
Rangpur,1978,7,530,B59
Rangpur,1978,8,196,B59
Rangpur,1978,9,511,B59
Rangpur,1978,10,60,B59
Rangpur,1978,11,7,B59
Rangpur,1978,12,0,B59
Rangpur,1979,1,1,B59
Rangpur,1979,2,15,B59
Rangpur,1979,3,4,B59
Rangpur,1979,4,36,B59
Rangpur,1979,5,137,B59
Rangpur,1979,6,291,B59
Rangpur,1979,7,677,B59
Rangpur,1979,8,510,B59
Rangpur,1979,9,202,B59
Rangpur,1979,10,132,B59
Rangpur,1979,11,0,B59
Rangpur,1979,12,43,B59
Rangpur,1980,1,3,B59
Rangpur,1980,2,14,B59
Rangpur,1980,3,22,B59
Rangpur,1980,4,38,B59
Rangpur,1980,5,354,B59
Rangpur,1980,6,426,B59
Rangpur,1980,7,276,B59
Rangpur,1980,8,579,B59
Rangpur,1980,9,340,B59
Rangpur,1980,10,68,B59
Rangpur,1980,11,0,B59
Rangpur,1980,12,0,B59
Rangpur,1981,1,20,B59
Rangpur,1981,2,10,B59
Rangpur,1981,3,13,B59
Rangpur,1981,4,137,B59
Rangpur,1981,5,432,B59
Rangpur,1981,6,104,B59
Rangpur,1981,10,0,B59
Rangpur,1981,11,0,B59
Rangpur,1981,12,47,B59
Rangpur,1982,1,0,B59
Rangpur,1982,2,7,B59
Rangpur,1982,3,5,B59
Rangpur,1982,4,100,B59
Rangpur,1982,5,99,B59
Rangpur,1982,6,649,B59
Rangpur,1982,7,473,B59
Rangpur,1982,8,347,B59
Rangpur,1982,9,455,B59
Rangpur,1982,10,64,B59
Rangpur,1982,11,1,B59
Rangpur,1982,12,1,B59
Rangpur,1983,1,6,B59
Rangpur,1983,2,0,B59
Rangpur,1983,3,46,B59
Rangpur,1983,4,43,B59
Rangpur,1983,5,272,B59
Rangpur,1983,6,329,B59
Rangpur,1983,7,636,B59
Rangpur,1983,8,339,B59
Rangpur,1983,9,258,B59
Rangpur,1983,10,281,B59
Rangpur,1983,11,0,B59
Rangpur,1983,12,28,B59
Rangpur,1984,1,28,B59
Rangpur,1984,2,4,B59
Rangpur,1984,3,17,B59
Rangpur,1984,4,116,B59
Rangpur,1984,5,545,B59
Rangpur,1984,6,989,B59
Rangpur,1984,7,812,B59
Rangpur,1984,8,376,B59
Rangpur,1984,9,684,B59
Rangpur,1984,10,172,B59
Rangpur,1984,11,0,B59
Rangpur,1984,12,5,B59
Rangpur,1985,1,0,B59
Rangpur,1985,2,33,B59
Rangpur,1985,3,44,B59
Rangpur,1985,4,237,B59
Rangpur,1985,5,352,B59
Rangpur,1985,6,569,B59
Rangpur,1985,7,770,B59
Rangpur,1985,8,331,B59
Rangpur,1985,9,398,B59
Rangpur,1985,10,127,B59
Rangpur,1985,11,0,B59
Rangpur,1985,12,21,B59
Rangpur,1986,1,0,B59
Rangpur,1986,2,0,B59
Rangpur,1986,3,2,B59
Rangpur,1986,4,106,B59
Rangpur,1986,5,265,B59
Rangpur,1986,6,383,B59
Rangpur,1986,7,452,B59
Rangpur,1986,8,283,B59
Rangpur,1986,9,518,B59
Rangpur,1986,10,196,B59
Rangpur,1986,11,27,B59
Rangpur,1986,12,32,B59
Rangpur,1987,1,0,B59
Rangpur,1987,2,20,B59
Rangpur,1987,3,84,B59
Rangpur,1987,4,57,B59
Rangpur,1987,5,155,B59
Rangpur,1987,6,485,B59
Rangpur,1987,7,1314,B59
Rangpur,1987,8,557,B59
Rangpur,1987,9,353,B59
Rangpur,1987,10,216,B59
Rangpur,1987,11,6,B59
Rangpur,1987,12,0,B59
Rangpur,1988,1,0,B59
Rangpur,1988,2,33,B59
Rangpur,1988,3,37,B59
Rangpur,1988,4,165,B59
Rangpur,1988,5,285,B59
Rangpur,1988,6,369,B59
Rangpur,1988,7,451,B59
Rangpur,1988,8,633,B59
Rangpur,1988,9,496,B59
Rangpur,1988,10,19,B59
Rangpur,1988,11,35,B59
Rangpur,1988,12,1,B59
Rangpur,1989,1,7,B59
Rangpur,1989,2,18,B59
Rangpur,1989,3,2,B59
Rangpur,1989,4,0,B59
Rangpur,1989,5,335,B59
Rangpur,1989,6,219,B59
Rangpur,1989,7,719,B59
Rangpur,1989,8,110,B59
Rangpur,1989,9,414,B59
Rangpur,1989,10,48,B59
Rangpur,1989,11,4,B59
Rangpur,1989,12,2,B59
Rangpur,1990,1,1,B59
Rangpur,1990,2,57,B59
Rangpur,1990,3,82,B59
Rangpur,1990,4,134,B59
Rangpur,1990,5,354,B59
Rangpur,1990,6,393,B59
Rangpur,1990,7,306,B59
Rangpur,1990,8,396,B59
Rangpur,1990,9,439,B59
Rangpur,1990,10,325,B59
Rangpur,1990,11,0,B59
Rangpur,1990,12,0,B59
Rangpur,1991,1,38,B59
Rangpur,1991,2,1,B59
Rangpur,1991,3,1,B59
Rangpur,1991,4,41,B59
Rangpur,1991,5,302,B59
Rangpur,1991,6,593,B59
Rangpur,1991,7,162,B59
Rangpur,1991,8,264,B59
Rangpur,1991,9,726,B59
Rangpur,1991,10,106,B59
Rangpur,1991,11,2,B59
Rangpur,1991,12,27,B59
Rangpur,1992,1,13,B59
Rangpur,1992,2,10,B59
Rangpur,1992,3,0,B59
Rangpur,1992,4,89,B59
Rangpur,1992,5,245,B59
Rangpur,1992,6,348,B59
Rangpur,1992,7,248,B59
Rangpur,1992,8,367,B59
Rangpur,1992,9,552,B59
Rangpur,1992,10,129,B59
Rangpur,1992,11,4,B59
Rangpur,1992,12,2,B59
Rangpur,1993,1,49,B59
Rangpur,1993,2,0,B59
Rangpur,1993,3,30,B59
Rangpur,1993,4,62,B59
Rangpur,1993,5,190,B59
Rangpur,1993,6,633,B59
Rangpur,1993,7,499,B59
Rangpur,1993,8,572,B59
Rangpur,1993,9,358,B59
Rangpur,1993,10,91,B59
Rangpur,1993,11,26,B59
Rangpur,1993,12,0,B59
Rangpur,1994,1,16,B59
Rangpur,1994,2,29,B59
Rangpur,1994,3,28,B59
Rangpur,1994,4,49,B59
Rangpur,1994,5,212,B59
Rangpur,1994,6,427,B59
Rangpur,1994,7,202,B59
Rangpur,1994,8,97,B59
Rangpur,1994,9,135,B59
Rangpur,1994,10,106,B59
Rangpur,1994,11,0,B59
Rangpur,1994,12,0,B59
Rangpur,1995,1,3,B59
Rangpur,1995,2,3,B59
Rangpur,1995,3,4,B59
Rangpur,1995,4,1,B59
Rangpur,1995,5,158,B59
Rangpur,1995,6,369,B59
Rangpur,1995,7,568,B59
Rangpur,1995,8,388,B59
Rangpur,1995,9,804,B59
Rangpur,1995,10,51,B59
Rangpur,1995,11,109,B59
Rangpur,1995,12,3,B59
Rangpur,1996,1,13,B59
Rangpur,1996,2,0,B59
Rangpur,1996,3,0,B59
Rangpur,1996,4,39,B59
Rangpur,1996,5,232,B59
Rangpur,1996,6,396,B59
Rangpur,1996,7,479,B59
Rangpur,1996,8,353,B59
Rangpur,1996,9,333,B59
Rangpur,1996,10,159,B59
Rangpur,1996,11,0,B59
Rangpur,1996,12,0,B59
Rangpur,1997,1,19,B59
Rangpur,1997,2,14,B59
Rangpur,1997,3,3,B59
Rangpur,1997,4,113,B59
Rangpur,1997,5,230,B59
Rangpur,1997,6,276,B59
Rangpur,1997,7,523,B59
Rangpur,1997,8,338,B59
Rangpur,1997,9,410,B59
Rangpur,1997,10,16,B59
Rangpur,1997,11,2,B59
Rangpur,1997,12,27,B59
Rangpur,1998,1,0,B59
Rangpur,1998,2,12,B59
Rangpur,1998,3,50,B59
Rangpur,1998,4,173,B59
Rangpur,1998,5,202,B59
Rangpur,1998,6,333,B59
Rangpur,1998,7,473,B59
Rangpur,1998,8,458,B59
Rangpur,1998,9,255,B59
Rangpur,1998,10,409,B59
Rangpur,1998,11,0,B59
Rangpur,1998,12,0,B59
Rangpur,1999,1,0,B59
Rangpur,1999,2,0,B59
Rangpur,1999,3,7,B59
Rangpur,1999,4,228,B59
Rangpur,1999,5,336,B59
Rangpur,1999,6,447,B59
Rangpur,1999,7,436,B59
Rangpur,1999,8,829,B59
Rangpur,1999,9,337,B59
Rangpur,1999,10,303,B59
Rangpur,1999,11,8,B59
Rangpur,1999,12,0,B59
Rangpur,2000,1,1,B59
Rangpur,2000,2,15,B59
Rangpur,2000,3,3,B59
Rangpur,2000,4,283,B59
Rangpur,2000,5,416,B59
Rangpur,2000,6,438,B59
Rangpur,2000,7,166,B59
Rangpur,2000,8,232,B59
Rangpur,2000,9,172,B59
Rangpur,2000,10,19,B59
Rangpur,2000,11,0,B59
Rangpur,2000,12,0,B59
Rangpur,2001,1,0,B59
Rangpur,2001,2,1,B59
Rangpur,2001,3,23,B59
Rangpur,2001,4,38,B59
Rangpur,2001,5,235,B59
Rangpur,2001,6,481,B59
Rangpur,2001,7,341,B59
Rangpur,2001,8,346,B59
Rangpur,2001,9,550,B59
Rangpur,2001,10,470,B59
Rangpur,2001,11,7,B59
Rangpur,2001,12,0,B59
Rangpur,2002,1,8,B59
Rangpur,2002,2,6,B59
Rangpur,2002,3,38,B59
Rangpur,2002,4,376,B59
Rangpur,2002,5,290,B59
Rangpur,2002,6,913,B59
Rangpur,2002,7,582,B59
Rangpur,2002,8,287,B59
Rangpur,2002,9,521,B59
Rangpur,2002,10,99,B59
Rangpur,2002,11,7,B59
Rangpur,2002,12,0,B59
Rangpur,2003,1,8,B59
Rangpur,2003,2,23,B59
Rangpur,2003,3,109,B59
Rangpur,2003,4,143,B59
Rangpur,2003,5,160,B59
Rangpur,2003,6,573,B59
Rangpur,2003,7,633,B59
Rangpur,2003,8,183,B59
Rangpur,2003,9,206,B59
Rangpur,2003,10,340,B59
Rangpur,2003,11,0,B59
Rangpur,2003,12,24,B59
Rangpur,2004,1,9,B59
Rangpur,2004,2,0,B59
Rangpur,2004,3,39,B59
Rangpur,2004,4,196,B59
Rangpur,2004,5,347,B59
Rangpur,2004,6,352,B59
Rangpur,2004,7,653,B59
Rangpur,2004,8,133,B59
Rangpur,2004,9,464,B59
Rangpur,2004,10,484,B59
Rangpur,2004,11,0,B59
Rangpur,2004,12,3,B59
Rangpur,2005,1,11,B59
Rangpur,2005,2,9,B59
Rangpur,2005,3,61,B59
Rangpur,2005,4,93,B59
Rangpur,2005,5,271,B59
Rangpur,2005,6,428,B59
Rangpur,2005,7,671,B59
Rangpur,2005,8,400,B59
Rangpur,2005,9,328,B59
Rangpur,2005,10,581,B59
Rangpur,2005,11,0,B59
Rangpur,2005,12,0,B59
Rangpur,2006,1,0,B59
Rangpur,2006,2,1,B59
Rangpur,2006,3,2,B59
Rangpur,2006,4,85,B59
Rangpur,2006,5,367,B59
Rangpur,2006,6,472,B59
Rangpur,2006,7,271,B59
Rangpur,2006,8,96,B59
Rangpur,2006,9,235,B59
Rangpur,2006,10,120,B59
Rangpur,2006,11,8,B59
Rangpur,2006,12,25,B59
Rangpur,2007,1,0,B59
Rangpur,2007,2,47,B59
Rangpur,2007,3,16,B59
Rangpur,2007,4,39,B59
Rangpur,2007,5,233,B59
Rangpur,2007,6,568,B59
Rangpur,2007,7,558,B59
Rangpur,2007,8,149,B59
Rangpur,2007,9,277,B59
Rangpur,2007,10,138,B59
Rangpur,2007,11,12,B59
Rangpur,2007,12,0,B59
Rangpur,2008,1,36,B59
Rangpur,2008,2,1,B59
Rangpur,2008,3,49,B59
Rangpur,2008,4,74,B59
Rangpur,2008,5,273,B59
Rangpur,2008,6,444,B59
Rangpur,2008,7,232,B59
Rangpur,2008,8,396,B59
Rangpur,2008,9,227,B59
Rangpur,2008,10,175,B59
Rangpur,2008,11,0,B59
Rangpur,2008,12,0,B59
Rangpur,2009,1,0,B59
Rangpur,2009,2,0,B59
Rangpur,2009,3,9,B59
Rangpur,2009,4,158,B59
Rangpur,2009,5,270,B59
Rangpur,2009,6,336,B59
Rangpur,2009,7,304,B59
Rangpur,2009,8,832,B59
Rangpur,2009,9,77,B59
Rangpur,2009,10,231,B59
Rangpur,2009,11,0,B59
Rangpur,2009,12,0,B59
Rangpur,2010,1,0,B59
Rangpur,2010,2,0,B59
Rangpur,2010,3,0,B59
Rangpur,2010,4,169,B59
Rangpur,2010,5,237,B59
Rangpur,2010,6,650,B59
Rangpur,2010,7,346,B59
Rangpur,2010,8,240,B59
Rangpur,2010,9,332,B59
Rangpur,2010,10,122,B59
Rangpur,2010,11,4,B59
Rangpur,2010,12,2,B59
Rangpur,2011,1,0,B59
Rangpur,2011,2,20,B59
Rangpur,2011,3,13,B59
Rangpur,2011,4,28,B59
Rangpur,2011,5,261,B59
Rangpur,2011,6,306,B59
Rangpur,2011,7,389,B59
Rangpur,2011,8,542,B59
Rangpur,2011,9,366,B59
Rangpur,2011,10,6,B59
Rangpur,2011,11,1,B59
Rangpur,2011,12,0,B59
Rangpur,2012,1,7,B59
Rangpur,2012,2,2,B59
Rangpur,2012,3,2,B59
Rangpur,2012,4,191,B59
Rangpur,2012,5,212,B59
Rangpur,2012,6,369,B59
Rangpur,2012,7,445,B59
Rangpur,2012,8,187,B59
Rangpur,2012,9,405,B59
Rangpur,2012,10,57,B59
Rangpur,2012,11,0,B59
Rangpur,2012,12,0,B59
Rangpur,2013,1,0,B59
Rangpur,2013,2,14,B59
Rangpur,2013,3,4,B59
Rangpur,2013,4,115,B59
Rangpur,2013,5,383,B59
Rangpur,2013,6,327,B59
Rangpur,2013,7,296,B59
Rangpur,2013,8,268,B59
Rangpur,2013,9,229,B59
Rangpur,2013,10,280,B59
Rangpur,2013,11,0,B59
Rangpur,2013,12,0,B59
Rangpur,2014,1,0,B59
Rangpur,2014,2,26,B59
Rangpur,2014,3,1,B59
Rangpur,2014,4,15,B59
Rangpur,2014,5,214,B59
Rangpur,2014,6,255,B59
Rangpur,2014,7,110,B59
Rangpur,2014,8,362,B59
Rangpur,2014,9,599,B59
Rangpur,2014,10,53,B59
Rangpur,2014,11,0,B59
Rangpur,2014,12,0,B59
Rangpur,2015,1,25,B59
Rangpur,2015,2,24,B59
Rangpur,2015,3,15,B59
Rangpur,2015,4,123,B59
Rangpur,2015,5,298,B59
Rangpur,2015,6,524,B59
Rangpur,2015,7,234,B59
Rangpur,2015,8,687,B59
Rangpur,2015,9,484,B59
Rangpur,2015,10,3,B59
Rangpur,2015,11,0,B59
Rangpur,2015,12,0,B59
Rangpur,2016,1,12,B59
Rangpur,2016,2,0,B59
Rangpur,2016,3,123,B59
Rangpur,2016,4,49,B59
Rangpur,2016,5,313,B59
Rangpur,2016,6,390,B59
Rangpur,2016,7,749,B59
Rangpur,2016,8,118,B59
Rangpur,2016,9,285,B59
Rangpur,2016,10,120,B59
Rangpur,2016,11,0,B59
Rangpur,2016,12,6,B59
Rangpur,2017,1,3,B59
Rangpur,2017,2,0,B59
Rangpur,2017,3,120,B59
Rangpur,2017,4,172,B59
Rangpur,2017,5,358,B59
Rangpur,2017,6,97,B59
Rangpur,2017,7,344,B59
Rangpur,2017,8,547,B59
Rangpur,2017,9,105,B59
Rangpur,2017,10,146,B59
Rangpur,2017,11,0,B59
Rangpur,2017,12,0,B59
Rangpur,2018,1,0,B59
Rangpur,2018,2,0,B59
Rangpur,2018,3,13,B59
Rangpur,2018,4,151,B59
Rangpur,2018,5,365,B59
Rangpur,2018,6,347,B59
Rangpur,2018,7,169,B59
Rangpur,2018,8,213,B59
Rangpur,2018,9,144,B59
Rangpur,2018,10,33,B59
Rangpur,2018,11,0,B59
Rangpur,2018,12,7,B59
Rangpur,2019,1,0,B59
Rangpur,2019,2,28,B59
Rangpur,2019,3,2,B59
Rangpur,2019,4,141,B59
Rangpur,2019,5,347,B59
Rangpur,2019,6,288,B59
Rangpur,2019,7,594,B59
Rangpur,2019,8,223,B59
Rangpur,2019,9,517,B59
Rangpur,2019,10,149,B59
Rangpur,2019,11,0,B59
Rangpur,2019,12,0,B59
Rangpur,2020,1,7,B59
Rangpur,2020,2,2,B59
Rangpur,2020,3,32,B59
Rangpur,2020,4,194,B59
Rangpur,2020,5,347,B59
Rangpur,2020,6,390,B59
Rangpur,2020,7,803,B59
Rangpur,2020,8,181,B59
Rangpur,2020,9,1035,B59
Rangpur,2020,10,119,B59
Rangpur,2020,11,0,B59
Rangpur,2020,12,0,B59
Rangpur,2021,1,0,B59
Rangpur,2021,2,0,B59
Rangpur,2021,3,9,B59
Rangpur,2021,4,54,B59
Rangpur,2021,5,312,B59
Rangpur,2021,6,241,B59
Rangpur,2021,7,170,B59
Rangpur,2021,8,448,B59
Rangpur,2021,9,193,B59
Rangpur,2021,10,386,B59
Rangpur,2021,11,0,B59
Rangpur,2021,12,5,B59
Rangpur,2023,1,0,B59
Rangpur,2023,2,0,B59
Rangpur,2023,3,63,B59
Rangpur,2023,4,37,B59
Rangpur,2023,5,196,B59
Rangpur,2023,6,428,B59
Rangpur,2023,7,144,B59
Rangpur,2023,8,493,B59
Rangpur,2023,9,389,B59
Rangpur,2023,10,164,B59
Rangpur,2023,11,4,B59
Rangpur,2023,12,13,B59
Rangpur,2022,1,8,B59
Rangpur,2022,2,82,B59
Rangpur,2022,3,0,B59
Rangpur,2022,4,178,B59
Rangpur,2022,5,276,B59
Rangpur,2022,6,585,B59
Rangpur,2022,7,246,B59
Rangpur,2022,8,309,B59
Rangpur,2022,9,164,B59
Rangpur,2022,10,73,B59
Rangpur,2022,11,0,B59
Rangpur,2022,12,0,B59
Sandwip,1966,5,154,B59
Sandwip,1966,6,591,B59
Sandwip,1966,7,709,B59
Sandwip,1966,8,790,B59
Sandwip,1966,9,771,B59
Sandwip,1966,10,269,B59
Sandwip,1966,11,31,B59
Sandwip,1966,12,125,B59
Sandwip,1967,1,6,B59
Sandwip,1967,2,0,B59
Sandwip,1967,3,68,B59
Sandwip,1967,4,294,B59
Sandwip,1967,5,149,B59
Sandwip,1967,6,295,B59
Sandwip,1967,7,509,B59
Sandwip,1967,8,629,B59
Sandwip,1967,9,841,B59
Sandwip,1967,10,232,B59
Sandwip,1967,11,0,B59
Sandwip,1967,12,0,B59
Sandwip,1968,1,0,B59
Sandwip,1968,2,28,B59
Sandwip,1968,3,0,B59
Sandwip,1968,4,15,B59
Sandwip,1968,5,265,B59
Sandwip,1968,6,1024,B59
Sandwip,1968,7,998,B59
Sandwip,1968,8,504,B59
Sandwip,1968,9,177,B59
Sandwip,1968,10,32,B59
Sandwip,1968,11,0,B59
Sandwip,1968,12,1,B59
Sandwip,1969,1,0,B59
Sandwip,1969,2,0,B59
Sandwip,1969,3,0,B59
Sandwip,1969,4,172,B59
Sandwip,1969,5,151,B59
Sandwip,1969,6,428,B59
Sandwip,1969,7,944,B59
Sandwip,1969,8,978,B59
Sandwip,1969,9,279,B59
Sandwip,1969,11,0,B59
Sandwip,1969,12,0,B59
Sandwip,1970,1,0,B59
Sandwip,1970,2,27,B59
Sandwip,1970,3,57,B59
Sandwip,1970,4,231,B59
Sandwip,1970,5,150,B59
Sandwip,1970,6,327,B59
Sandwip,1970,7,812,B59
Sandwip,1970,8,597,B59
Sandwip,1970,9,282,B59
Sandwip,1970,10,428,B59
Sandwip,1970,11,148,B59
Sandwip,1970,12,0,B59
Sandwip,1971,1,4,B59
Sandwip,1971,2,1,B59
Sandwip,1971,3,0,B59
Sandwip,1971,4,159,B59
Sandwip,1971,5,263,B59
Sandwip,1971,6,922,B59
Sandwip,1971,7,780,B59
Sandwip,1971,8,1113,B59
Sandwip,1971,9,273,B59
Sandwip,1971,10,260,B59
Sandwip,1971,11,175,B59
Sandwip,1971,12,0,B59
Sandwip,1972,1,0,B59
Sandwip,1972,2,16,B59
Sandwip,1972,3,14,B59
Sandwip,1972,4,45,B59
Sandwip,1972,5,253,B59
Sandwip,1972,6,1055,B59
Sandwip,1972,7,624,B59
Sandwip,1972,8,1029,B59
Sandwip,1972,9,148,B59
Sandwip,1972,10,326,B59
Sandwip,1972,11,3,B59
Sandwip,1972,12,0,B59
Sandwip,1973,1,2,B59
Sandwip,1973,2,20,B59
Sandwip,1973,3,95,B59
Sandwip,1973,4,206,B59
Sandwip,1973,5,620,B59
Sandwip,1973,6,580,B59
Sandwip,1973,7,717,B59
Sandwip,1973,8,854,B59
Sandwip,1973,9,634,B59
Sandwip,1973,10,65,B59
Sandwip,1973,11,356,B59
Sandwip,1973,12,41,B59
Sandwip,1974,1,22,B59
Sandwip,1974,2,0,B59
Sandwip,1974,3,207,B59
Sandwip,1974,4,114,B59
Sandwip,1974,5,251,B59
Sandwip,1974,6,783,B59
Sandwip,1974,7,1314,B59
Sandwip,1974,8,533,B59
Sandwip,1974,9,369,B59
Sandwip,1974,10,221,B59
Sandwip,1974,11,105,B59
Sandwip,1974,12,0,B59
Sandwip,1976,1,0,B59
Sandwip,1976,2,0,B59
Sandwip,1976,3,0,B59
Sandwip,1976,4,0,B59
Sandwip,1976,5,175,B59
Sandwip,1976,6,866,B59
Sandwip,1976,7,1064,B59
Sandwip,1976,8,975,B59
Sandwip,1976,9,466,B59
Sandwip,1976,10,336,B59
Sandwip,1976,11,44,B59
Sandwip,1976,12,0,B59
Sandwip,1977,1,0,B59
Sandwip,1977,2,77,B59
Sandwip,1977,3,0,B59
Sandwip,1977,4,507,B59
Sandwip,1977,5,315,B59
Sandwip,1977,6,1065,B59
Sandwip,1977,7,1093,B59
Sandwip,1977,8,729,B59
Sandwip,1977,9,320,B59
Sandwip,1977,10,55,B59
Sandwip,1977,11,38,B59
Sandwip,1977,12,0,B59
Sandwip,1978,1,0,B59
Sandwip,1978,2,0,B59
Sandwip,1978,3,11,B59
Sandwip,1978,4,187,B59
Sandwip,1978,5,527,B59
Sandwip,1978,6,425,B59
Sandwip,1978,7,361,B59
Sandwip,1978,8,711,B59
Sandwip,1978,9,479,B59
Sandwip,1978,10,90,B59
Sandwip,1978,11,0,B59
Sandwip,1978,12,0,B59
Sandwip,1979,1,4,B59
Sandwip,1979,2,7,B59
Sandwip,1979,3,2,B59
Sandwip,1979,4,47,B59
Sandwip,1979,5,62,B59
Sandwip,1979,6,700,B59
Sandwip,1979,7,670,B59
Sandwip,1979,8,618,B59
Sandwip,1979,9,388,B59
Sandwip,1979,10,54,B59
Sandwip,1979,11,5,B59
Sandwip,1979,12,51,B59
Sandwip,1980,1,0,B59
Sandwip,1980,2,48,B59
Sandwip,1980,3,74,B59
Sandwip,1980,4,46,B59
Sandwip,1980,5,784,B59
Sandwip,1980,6,233,B59
Sandwip,1980,7,1555,B59
Sandwip,1980,8,682,B59
Sandwip,1980,9,288,B59
Sandwip,1980,10,290,B59
Sandwip,1980,11,0,B59
Sandwip,1980,12,0,B59
Sandwip,1981,1,42,B59
Sandwip,1981,2,1,B59
Sandwip,1981,3,143,B59
Sandwip,1981,4,474,B59
Sandwip,1981,5,325,B59
Sandwip,1981,6,264,B59
Sandwip,1981,7,917,B59
Sandwip,1981,8,662,B59
Sandwip,1981,9,537,B59
Sandwip,1981,10,50,B59
Sandwip,1981,11,0,B59
Sandwip,1981,12,25,B59
Sandwip,1982,1,0,B59
Sandwip,1982,2,41,B59
Sandwip,1982,3,15,B59
Sandwip,1982,4,246,B59
Sandwip,1982,5,25,B59
Sandwip,1982,6,946,B59
Sandwip,1982,7,478,B59
Sandwip,1982,8,1155,B59
Sandwip,1982,9,352,B59
Sandwip,1982,10,149,B59
Sandwip,1982,11,13,B59
Sandwip,1982,12,0,B59
Sandwip,1983,1,31,B59
Sandwip,1983,2,24,B59
Sandwip,1983,3,51,B59
Sandwip,1983,4,308,B59
Sandwip,1983,5,345,B59
Sandwip,1983,6,390,B59
Sandwip,1983,7,1077,B59
Sandwip,1983,8,844,B59
Sandwip,1983,9,435,B59
Sandwip,1983,10,529,B59
Sandwip,1983,11,65,B59
Sandwip,1983,12,17,B59
Sandwip,1984,1,0,B59
Sandwip,1984,2,0,B59
Sandwip,1984,3,0,B59
Sandwip,1984,4,180,B59
Sandwip,1984,5,363,B59
Sandwip,1984,6,747,B59
Sandwip,1984,7,852,B59
Sandwip,1984,8,237,B59
Sandwip,1984,9,43,B59
Sandwip,1984,10,207,B59
Sandwip,1984,11,0,B59
Sandwip,1984,12,9,B59
Sandwip,1985,1,1,B59
Sandwip,1985,2,1,B59
Sandwip,1985,3,89,B59
Sandwip,1985,4,156,B59
Sandwip,1985,5,426,B59
Sandwip,1985,6,792,B59
Sandwip,1985,7,916,B59
Sandwip,1985,8,799,B59
Sandwip,1985,9,258,B59
Sandwip,1985,10,104,B59
Sandwip,1985,11,104,B59
Sandwip,1985,12,0,B59
Sandwip,1986,1,12,B59
Sandwip,1986,2,0,B59
Sandwip,1986,3,3,B59
Sandwip,1986,4,156,B59
Sandwip,1986,5,188,B59
Sandwip,1986,6,599,B59
Sandwip,1986,7,785,B59
Sandwip,1986,8,406,B59
Sandwip,1986,9,535,B59
Sandwip,1986,10,119,B59
Sandwip,1986,11,194,B59
Sandwip,1986,12,0,B59
Sandwip,1987,1,0,B59
Sandwip,1987,2,0,B59
Sandwip,1987,3,35,B59
Sandwip,1987,4,289,B59
Sandwip,1987,5,98,B59
Sandwip,1987,6,366,B59
Sandwip,1987,7,1141,B59
Sandwip,1987,8,664,B59
Sandwip,1987,9,621,B59
Sandwip,1987,10,73,B59
Sandwip,1987,11,56,B59
Sandwip,1987,12,22,B59
Sandwip,1988,1,0,B59
Sandwip,1988,2,26,B59
Sandwip,1988,3,22,B59
Sandwip,1988,4,166,B59
Sandwip,1988,5,397,B59
Sandwip,1988,6,799,B59
Sandwip,1988,7,782,B59
Sandwip,1988,8,682,B59
Sandwip,1988,9,619,B59
Sandwip,1988,10,221,B59
Sandwip,1988,11,73,B59
Sandwip,1988,12,0,B59
Sandwip,1989,1,0,B59
Sandwip,1989,2,11,B59
Sandwip,1989,3,14,B59
Sandwip,1989,4,217,B59
Sandwip,1989,5,143,B59
Sandwip,1989,6,625,B59
Sandwip,1989,7,450,B59
Sandwip,1989,8,88,B59
Sandwip,1989,9,572,B59
Sandwip,1989,10,674,B59
Sandwip,1989,11,0,B59
Sandwip,1989,12,0,B59
Sandwip,1990,1,0,B59
Sandwip,1990,2,54,B59
Sandwip,1990,3,196,B59
Sandwip,1990,4,213,B59
Sandwip,1990,5,255,B59
Sandwip,1990,6,561,B59
Sandwip,1990,7,1007,B59
Sandwip,1990,8,359,B59
Sandwip,1990,9,412,B59
Sandwip,1990,10,462,B59
Sandwip,1990,11,47,B59
Sandwip,1990,12,48,B59
Sandwip,1991,1,0,B59
Sandwip,1991,2,4,B59
Sandwip,1991,3,6,B59
Sandwip,1991,5,219,B59
Sandwip,1991,6,861,B59
Sandwip,1991,7,701,B59
Sandwip,1991,8,431,B59
Sandwip,1991,9,553,B59
Sandwip,1991,10,103,B59
Sandwip,1991,11,78,B59
Sandwip,1991,12,12,B59
Sandwip,1992,1,0,B59
Sandwip,1992,2,61,B59
Sandwip,1992,3,1,B59
Sandwip,1992,4,4,B59
Sandwip,1992,5,192,B59
Sandwip,1992,6,473,B59
Sandwip,1992,7,491,B59
Sandwip,1992,8,681,B59
Sandwip,1992,9,584,B59
Sandwip,1992,10,332,B59
Sandwip,1992,11,41,B59
Sandwip,1992,12,21,B59
Sandwip,1993,1,20,B59
Sandwip,1993,2,127,B59
Sandwip,1993,3,293,B59
Sandwip,1993,4,106,B59
Sandwip,1993,5,463,B59
Sandwip,1993,6,705,B59
Sandwip,1993,7,604,B59
Sandwip,1993,8,669,B59
Sandwip,1993,9,309,B59
Sandwip,1993,10,125,B59
Sandwip,1993,11,1,B59
Sandwip,1993,12,0,B59
Sandwip,1994,1,4,B59
Sandwip,1994,2,0,B59
Sandwip,1994,3,211,B59
Sandwip,1994,4,230,B59
Sandwip,1994,5,213,B59
Sandwip,1994,6,833,B59
Sandwip,1994,7,405,B59
Sandwip,1994,8,487,B59
Sandwip,1994,9,428,B59
Sandwip,1994,10,107,B59
Sandwip,1994,11,6,B59
Sandwip,1994,12,0,B59
Sandwip,1995,1,0,B59
Sandwip,1995,2,65,B59
Sandwip,1995,3,74,B59
Sandwip,1995,4,37,B59
Sandwip,1995,5,255,B59
Sandwip,1995,6,381,B59
Sandwip,1995,7,620,B59
Sandwip,1995,8,143,B59
Sandwip,1995,9,186,B59
Sandwip,1995,10,148,B59
Sandwip,1995,11,325,B59
Sandwip,1995,12,0,B59
Sandwip,1996,1,0,B59
Sandwip,1996,2,44,B59
Sandwip,1996,3,21,B59
Sandwip,1996,4,105,B59
Sandwip,1996,5,289,B59
Sandwip,1996,6,451,B59
Sandwip,1996,7,430,B59
Sandwip,1996,8,1087,B59
Sandwip,1996,9,406,B59
Sandwip,1996,10,447,B59
Sandwip,1996,11,27,B59
Sandwip,1996,12,0,B59
Sandwip,1997,1,1,B59
Sandwip,1997,2,23,B59
Sandwip,1997,3,79,B59
Sandwip,1997,4,81,B59
Sandwip,1997,5,234,B59
Sandwip,1997,6,405,B59
Sandwip,1997,7,983,B59
Sandwip,1997,8,666,B59
Sandwip,1997,9,568,B59
Sandwip,1997,10,73,B59
Sandwip,1997,11,18,B59
Sandwip,1997,12,12,B59
Sandwip,1998,1,41,B59
Sandwip,1998,2,30,B59
Sandwip,1998,3,128,B59
Sandwip,1998,4,197,B59
Sandwip,1998,5,466,B59
Sandwip,1998,6,381,B59
Sandwip,1998,7,990,B59
Sandwip,1998,8,1296,B59
Sandwip,1998,9,374,B59
Sandwip,1998,10,218,B59
Sandwip,1998,11,133,B59
Sandwip,1998,12,0,B59
Sandwip,1999,1,0,B59
Sandwip,1999,2,0,B59
Sandwip,1999,3,0,B59
Sandwip,1999,4,14,B59
Sandwip,1999,5,582,B59
Sandwip,1999,6,768,B59
Sandwip,1999,7,964,B59
Sandwip,1999,8,956,B59
Sandwip,1999,9,410,B59
Sandwip,1999,10,363,B59
Sandwip,1999,11,0,B59
Sandwip,1999,12,42,B59
Sandwip,2000,1,106,B59
Sandwip,2000,2,2,B59
Sandwip,2000,3,95,B59
Sandwip,2000,4,57,B59
Sandwip,2000,5,804,B59
Sandwip,2000,6,626,B59
Sandwip,2000,7,1315,B59
Sandwip,2000,8,489,B59
Sandwip,2000,9,346,B59
Sandwip,2000,10,384,B59
Sandwip,2000,11,28,B59
Sandwip,2000,12,0,B59
Sandwip,2001,1,0,B59
Sandwip,2001,2,21,B59
Sandwip,2001,3,0,B59
Sandwip,2001,4,19,B59
Sandwip,2001,5,925,B59
Sandwip,2001,7,817,B59
Sandwip,2001,8,535,B59
Sandwip,2001,9,163,B59
Sandwip,2001,10,482,B59
Sandwip,2001,11,132,B59
Sandwip,2001,12,0,B59
Sandwip,2002,1,11,B59
Sandwip,2002,2,0,B59
Sandwip,2002,3,230,B59
Sandwip,2002,4,201,B59
Sandwip,2002,5,835,B59
Sandwip,2002,6,1017,B59
Sandwip,2002,7,2031,B59
Sandwip,2002,12,0,B59
Sandwip,2004,1,0,B59
Sandwip,2004,2,0,B59
Sandwip,2004,3,38,B59
Sandwip,2004,4,0,B59
Sandwip,2004,5,72,B59
Sandwip,2004,6,315,B59
Sandwip,2004,7,1353,B59
Sandwip,2004,8,395,B59
Sandwip,2004,9,1826,B59
Sandwip,2004,10,671,B59
Sandwip,2004,11,0,B59
Sandwip,2004,12,0,B59
Sandwip,2005,1,7,B59
Sandwip,2005,2,0,B59
Sandwip,2005,3,115,B59
Sandwip,2005,4,78,B59
Sandwip,2005,5,278,B59
Sandwip,2005,6,444,B59
Sandwip,2005,7,554,B59
Sandwip,2005,8,782,B59
Sandwip,2005,9,258,B59
Sandwip,2005,10,462,B59
Sandwip,2005,11,81,B59
Sandwip,2005,12,8,B59
Sandwip,2006,1,0,B59
Sandwip,2006,2,0,B59
Sandwip,2006,3,1,B59
Sandwip,2006,4,51,B59
Sandwip,2006,5,873,B59
Sandwip,2006,6,507,B59
Sandwip,2006,7,650,B59
Sandwip,2006,8,184,B59
Sandwip,2006,9,776,B59
Sandwip,2006,10,51,B59
Sandwip,2006,11,18,B59
Sandwip,2006,12,0,B59
Sandwip,2007,1,0,B59
Sandwip,2007,2,98,B59
Sandwip,2007,3,1,B59
Sandwip,2007,4,194,B59
Sandwip,2007,5,489,B59
Sandwip,2007,6,806,B59
Sandwip,2007,7,827,B59
Sandwip,2007,8,509,B59
Sandwip,2007,9,631,B59
Sandwip,2007,10,653,B59
Sandwip,2007,11,97,B59
Sandwip,2007,12,0,B59
Sandwip,2008,1,38,B59
Sandwip,2008,2,7,B59
Sandwip,2008,3,11,B59
Sandwip,2008,4,3,B59
Sandwip,2008,5,216,B59
Sandwip,2008,6,494,B59
Sandwip,2008,7,1414,B59
Sandwip,2008,8,849,B59
Sandwip,2008,9,486,B59
Sandwip,2008,10,180,B59
Sandwip,2008,11,2,B59
Sandwip,2008,12,2,B59
Sandwip,2009,1,0,B59
Sandwip,2009,2,0,B59
Sandwip,2009,3,3,B59
Sandwip,2009,4,69,B59
Sandwip,2009,5,420,B59
Sandwip,2009,6,391,B59
Sandwip,2009,7,1320,B59
Sandwip,2009,8,722,B59
Sandwip,2009,9,362,B59
Sandwip,2009,10,301,B59
Sandwip,2009,11,26,B59
Sandwip,2009,12,0,B59
Sandwip,2010,1,0,B59
Sandwip,2010,2,35,B59
Sandwip,2010,3,27,B59
Sandwip,2010,4,26,B59
Sandwip,2010,5,279,B59
Sandwip,2010,6,949,B59
Sandwip,2010,7,759,B59
Sandwip,2010,8,793,B59
Sandwip,2010,9,283,B59
Sandwip,2010,10,337,B59
Sandwip,2010,11,4,B59
Sandwip,2010,12,17,B59
Sandwip,2011,1,0,B59
Sandwip,2011,2,0,B59
Sandwip,2011,3,120,B59
Sandwip,2011,4,124,B59
Sandwip,2011,5,372,B59
Sandwip,2011,6,661,B59
Sandwip,2011,7,734,B59
Sandwip,2011,8,1124,B59
Sandwip,2011,9,823,B59
Sandwip,2011,10,302,B59
Sandwip,2011,11,0,B59
Sandwip,2011,12,0,B59
Sandwip,2012,1,0,B59
Sandwip,2012,2,0,B59
Sandwip,2012,3,52,B59
Sandwip,2012,4,314,B59
Sandwip,2012,5,226,B59
Sandwip,2012,6,753,B59
Sandwip,2012,7,1399,B59
Sandwip,2012,8,889,B59
Sandwip,2012,9,182,B59
Sandwip,2012,10,263,B59
Sandwip,2012,11,3,B59
Sandwip,2012,12,0,B59
Sandwip,2013,1,0,B59
Sandwip,2013,2,0,B59
Sandwip,2013,3,0,B59
Sandwip,2013,4,52,B59
Sandwip,2013,5,570,B59
Sandwip,2013,6,560,B59
Sandwip,2013,7,441,B59
Sandwip,2013,8,746,B59
Sandwip,2013,9,573,B59
Sandwip,2013,10,241,B59
Sandwip,2013,11,0,B59
Sandwip,2013,12,0,B59
Sandwip,2014,1,0,B59
Sandwip,2014,2,34,B59
Sandwip,2014,3,32,B59
Sandwip,2014,4,33,B59
Sandwip,2014,5,218,B59
Sandwip,2014,6,1167,B59
Sandwip,2014,7,549,B59
Sandwip,2014,8,960,B59
Sandwip,2014,9,414,B59
Sandwip,2014,10,58,B59
Sandwip,2014,11,3,B59
Sandwip,2014,12,0,B59
Sandwip,2015,1,3,B59
Sandwip,2015,2,0,B59
Sandwip,2015,3,17,B59
Sandwip,2015,4,188,B59
Sandwip,2015,5,182,B59
Sandwip,2015,6,764,B59
Sandwip,2015,7,1480,B59
Sandwip,2015,8,532,B59
Sandwip,2015,9,476,B59
Sandwip,2015,10,362,B59
Sandwip,2015,11,7,B59
Sandwip,2015,12,13,B59
Sandwip,2016,1,3,B59
Sandwip,2016,2,13,B59
Sandwip,2016,3,161,B59
Sandwip,2016,4,34,B59
Sandwip,2016,5,360,B59
Sandwip,2016,6,392,B59
Sandwip,2016,7,1095,B59
Sandwip,2016,8,565,B59
Sandwip,2016,9,434,B59
Sandwip,2016,10,431,B59
Sandwip,2016,11,255,B59
Sandwip,2016,12,0,B59
Sandwip,2017,1,0,B59
Sandwip,2017,2,0,B59
Sandwip,2017,3,190,B59
Sandwip,2017,4,368,B59
Sandwip,2017,5,331,B59
Sandwip,2017,6,871,B59
Sandwip,2017,7,1209,B59
Sandwip,2017,8,714,B59
Sandwip,2017,9,994,B59
Sandwip,2017,10,357,B59
Sandwip,2017,11,1,B59
Sandwip,2017,12,37,B59
Sandwip,2018,1,1,B59
Sandwip,2018,2,3,B59
Sandwip,2018,3,0,B59
Sandwip,2018,4,166,B59
Sandwip,2018,5,473,B59
Sandwip,2018,6,904,B59
Sandwip,2018,7,1272,B59
Sandwip,2018,8,621,B59
Sandwip,2018,9,239,B59
Sandwip,2018,10,251,B59
Sandwip,2018,11,0,B59
Sandwip,2018,12,0,B59
Sandwip,2019,1,0,B59
Sandwip,2019,2,33,B59
Sandwip,2019,3,5,B59
Sandwip,2019,4,78,B59
Sandwip,2019,5,168,B59
Sandwip,2019,6,235,B59
Sandwip,2019,7,1226,B59
Sandwip,2019,8,305,B59
Sandwip,2019,9,486,B59
Sandwip,2019,10,117,B59
Sandwip,2019,11,78,B59
Sandwip,2019,12,5,B59
Sandwip,2020,1,38,B59
Sandwip,2020,2,7,B59
Sandwip,2020,3,3,B59
Sandwip,2020,4,309,B59
Sandwip,2020,5,238,B59
Sandwip,2020,6,575,B59
Sandwip,2020,7,760,B59
Sandwip,2020,8,855,B59
Sandwip,2020,9,655,B59
Sandwip,2020,10,295,B59
Sandwip,2020,11,115,B59
Sandwip,2020,12,0,B59
Sandwip,2021,1,0,B59
Sandwip,2021,2,0,B59
Sandwip,2021,3,0,B59
Sandwip,2021,4,0,B59
Sandwip,2021,5,138,B59
Sandwip,2021,6,790,B59
Sandwip,2021,7,798,B59
Sandwip,2021,8,713,B59
Sandwip,2021,9,357,B59
Sandwip,2021,10,126,B59
Sandwip,2021,11,0,B59
Sandwip,2021,12,62,B59
Sandwip,2023,1,0,B59
Sandwip,2023,2,0,B59
Sandwip,2023,3,71,B59
Sandwip,2023,4,14,B59
Sandwip,2023,5,238,B59
Sandwip,2023,6,476,B59
Sandwip,2023,7,180,B59
Sandwip,2023,8,1055,B59
Sandwip,2023,9,549,B59
Sandwip,2023,10,167,B59
Sandwip,2023,11,102,B59
Sandwip,2023,12,21,B59
Sandwip,2022,1,6,B59
Sandwip,2022,2,18,B59
Sandwip,2022,3,0,B59
Sandwip,2022,4,76,B59
Sandwip,2022,5,334,B59
Sandwip,2022,6,664,B59
Sandwip,2022,7,316,B59
Sandwip,2022,8,103,B59
Sandwip,2022,9,564,B59
Sandwip,2022,10,147,B59
Sandwip,2022,11,0,B59
Sandwip,2022,12,11,B59
Satkhira,1948,1,41,B59
Satkhira,1948,2,143,B59
Satkhira,1948,3,48,B59
Satkhira,1948,4,60,B59
Satkhira,1948,5,106,B59
Satkhira,1948,6,234,B59
Satkhira,1948,7,363,B59
Satkhira,1948,8,384,B59
Satkhira,1948,9,117,B59
Satkhira,1948,10,308,B59
Satkhira,1948,11,95,B59
Satkhira,1948,12,0,B59
Satkhira,1949,1,1,B59
Satkhira,1949,2,1,B59
Satkhira,1949,3,0,B59
Satkhira,1949,4,149,B59
Satkhira,1949,5,368,B59
Satkhira,1949,6,384,B59
Satkhira,1949,7,239,B59
Satkhira,1949,8,419,B59
Satkhira,1949,9,109,B59
Satkhira,1949,10,57,B59
Satkhira,1949,11,0,B59
Satkhira,1949,12,0,B59
Satkhira,1950,1,0,B59
Satkhira,1950,2,10,B59
Satkhira,1950,3,35,B59
Satkhira,1950,4,4,B59
Satkhira,1950,5,88,B59
Satkhira,1950,6,599,B59
Satkhira,1950,7,180,B59
Satkhira,1950,8,311,B59
Satkhira,1950,9,296,B59
Satkhira,1950,10,126,B59
Satkhira,1950,11,183,B59
Satkhira,1950,12,0,B59
Satkhira,1951,1,0,B59
Satkhira,1951,2,0,B59
Satkhira,1951,3,40,B59
Satkhira,1951,4,0,B59
Satkhira,1951,5,146,B59
Satkhira,1951,6,108,B59
Satkhira,1951,7,316,B59
Satkhira,1951,8,234,B59
Satkhira,1951,9,243,B59
Satkhira,1951,10,133,B59
Satkhira,1951,11,21,B59
Satkhira,1951,12,0,B59
Satkhira,1952,1,0,B59
Satkhira,1952,3,5,B59
Satkhira,1952,4,147,B59
Satkhira,1952,5,84,B59
Satkhira,1952,6,217,B59
Satkhira,1952,7,522,B59
Satkhira,1952,8,293,B59
Satkhira,1952,9,134,B59
Satkhira,1952,10,161,B59
Satkhira,1952,11,9,B59
Satkhira,1952,12,0,B59
Satkhira,1953,1,8,B59
Satkhira,1953,2,7,B59
Satkhira,1953,3,7,B59
Satkhira,1953,4,32,B59
Satkhira,1953,5,220,B59
Satkhira,1953,6,505,B59
Satkhira,1953,7,368,B59
Satkhira,1953,8,304,B59
Satkhira,1953,9,346,B59
Satkhira,1953,10,24,B59
Satkhira,1953,11,39,B59
Satkhira,1953,12,0,B59
Satkhira,1954,1,22,B59
Satkhira,1954,2,0,B59
Satkhira,1954,3,8,B59
Satkhira,1954,4,14,B59
Satkhira,1954,5,143,B59
Satkhira,1954,6,305,B59
Satkhira,1954,7,391,B59
Satkhira,1954,8,328,B59
Satkhira,1954,9,133,B59
Satkhira,1954,10,107,B59
Satkhira,1954,11,0,B59
Satkhira,1954,12,23,B59
Satkhira,1956,1,31,B59
Satkhira,1956,2,0,B59
Satkhira,1956,3,74,B59
Satkhira,1956,4,27,B59
Satkhira,1956,5,56,B59
Satkhira,1956,6,490,B59
Satkhira,1956,7,254,B59
Satkhira,1956,8,212,B59
Satkhira,1956,9,290,B59
Satkhira,1956,10,91,B59
Satkhira,1956,11,62,B59
Satkhira,1956,12,0,B59
Satkhira,1957,1,0,B59
Satkhira,1957,2,0,B59
Satkhira,1957,3,0,B59
Satkhira,1957,4,0,B59
Satkhira,1957,5,70,B59
Satkhira,1957,6,144,B59
Satkhira,1957,7,221,B59
Satkhira,1957,8,105,B59
Satkhira,1957,9,243,B59
Satkhira,1957,10,93,B59
Satkhira,1957,11,0,B59
Satkhira,1957,12,0,B59
Satkhira,1958,1,0,B59
Satkhira,1958,2,19,B59
Satkhira,1958,3,21,B59
Satkhira,1958,4,123,B59
Satkhira,1958,5,82,B59
Satkhira,1958,6,60,B59
Satkhira,1958,7,320,B59
Satkhira,1958,8,196,B59
Satkhira,1958,9,192,B59
Satkhira,1958,10,106,B59
Satkhira,1958,11,5,B59
Satkhira,1958,12,4,B59
Satkhira,1959,1,18,B59
Satkhira,1959,2,15,B59
Satkhira,1959,3,37,B59
Satkhira,1959,4,80,B59
Satkhira,1959,5,307,B59
Satkhira,1959,6,336,B59
Satkhira,1959,7,407,B59
Satkhira,1959,8,279,B59
Satkhira,1959,9,399,B59
Satkhira,1959,10,373,B59
Satkhira,1959,11,0,B59
Satkhira,1959,12,0,B59
Satkhira,1960,1,0,B59
Satkhira,1960,2,0,B59
Satkhira,1960,3,104,B59
Satkhira,1960,4,0,B59
Satkhira,1960,5,481,B59
Satkhira,1960,6,98,B59
Satkhira,1960,7,599,B59
Satkhira,1960,8,383,B59
Satkhira,1960,9,225,B59
Satkhira,1960,10,131,B59
Satkhira,1960,11,0,B59
Satkhira,1960,12,0,B59
Satkhira,1961,1,0,B59
Satkhira,1961,2,26,B59
Satkhira,1961,3,0,B59
Satkhira,1961,4,112,B59
Satkhira,1961,5,161,B59
Satkhira,1961,6,393,B59
Satkhira,1961,7,133,B59
Satkhira,1961,8,173,B59
Satkhira,1961,9,134,B59
Satkhira,1961,10,169,B59
Satkhira,1961,11,0,B59
Satkhira,1961,12,0,B59
Satkhira,1962,1,9,B59
Satkhira,1962,2,2,B59
Satkhira,1962,3,12,B59
Satkhira,1962,4,29,B59
Satkhira,1962,5,76,B59
Satkhira,1962,6,330,B59
Satkhira,1962,7,258,B59
Satkhira,1962,8,327,B59
Satkhira,1962,9,124,B59
Satkhira,1962,10,132,B59
Satkhira,1962,11,0,B59
Satkhira,1962,12,0,B59
Satkhira,1963,1,0,B59
Satkhira,1963,2,0,B59
Satkhira,1963,3,0,B59
Satkhira,1963,4,107,B59
Satkhira,1963,5,95,B59
Satkhira,1963,6,506,B59
Satkhira,1963,7,394,B59
Satkhira,1963,8,265,B59
Satkhira,1963,9,433,B59
Satkhira,1963,10,378,B59
Satkhira,1963,11,0,B59
Satkhira,1963,12,0,B59
Satkhira,1964,1,0,B59
Satkhira,1964,2,34,B59
Satkhira,1964,3,44,B59
Satkhira,1964,4,143,B59
Satkhira,1964,5,92,B59
Satkhira,1964,6,171,B59
Satkhira,1964,7,337,B59
Satkhira,1964,8,255,B59
Satkhira,1964,9,203,B59
Satkhira,1964,10,258,B59
Satkhira,1964,11,23,B59
Satkhira,1964,12,0,B59
Satkhira,1965,1,0,B59
Satkhira,1965,2,21,B59
Satkhira,1965,3,75,B59
Satkhira,1965,4,23,B59
Satkhira,1965,6,506,B59
Satkhira,1965,7,274,B59
Satkhira,1965,8,494,B59
Satkhira,1965,9,422,B59
Satkhira,1965,10,345,B59
Satkhira,1965,11,0,B59
Satkhira,1965,12,4,B59
Satkhira,1966,1,0,B59
Satkhira,1966,2,0,B59
Satkhira,1966,3,0,B59
Satkhira,1966,4,1,B59
Satkhira,1966,5,0,B59
Satkhira,1966,6,77,B59
Satkhira,1966,7,60,B59
Satkhira,1966,8,67,B59
Satkhira,1966,9,0,B59
Satkhira,1966,10,90,B59
Satkhira,1966,11,0,B59
Satkhira,1966,12,0,B59
Satkhira,1967,1,0,B59
Satkhira,1967,2,0,B59
Satkhira,1967,3,25,B59
Satkhira,1967,4,57,B59
Satkhira,1967,5,0,B59
Satkhira,1969,1,0,B59
Satkhira,1969,2,0,B59
Satkhira,1969,4,0,B59
Satkhira,1969,5,18,B59
Satkhira,1969,6,91,B59
Satkhira,1969,7,184,B59
Satkhira,1969,8,578,B59
Satkhira,1969,9,551,B59
Satkhira,1969,10,130,B59
Satkhira,1969,11,0,B59
Satkhira,1969,12,0,B59
Satkhira,1970,1,0,B59
Satkhira,1970,2,47,B59
Satkhira,1970,3,22,B59
Satkhira,1970,4,4,B59
Satkhira,1970,5,59,B59
Satkhira,1970,6,296,B59
Satkhira,1970,7,356,B59
Satkhira,1970,8,274,B59
Satkhira,1970,9,377,B59
Satkhira,1970,11,9,B59
Satkhira,1970,12,0,B59
Satkhira,1971,1,0,B59
Satkhira,1971,2,0,B59
Satkhira,1971,3,0,B59
Satkhira,1971,5,93,B59
Satkhira,1971,6,401,B59
Satkhira,1971,7,598,B59
Satkhira,1971,9,263,B59
Satkhira,1971,10,198,B59
Satkhira,1971,11,0,B59
Satkhira,1971,12,0,B59
Satkhira,1972,1,0,B59
Satkhira,1972,2,15,B59
Satkhira,1972,3,0,B59
Satkhira,1972,4,8,B59
Satkhira,1972,5,0,B59
Satkhira,1972,6,0,B59
Satkhira,1972,7,0,B59
Satkhira,1972,8,0,B59
Satkhira,1972,10,0,B59
Satkhira,1972,11,0,B59
Satkhira,1973,2,1,B59
Satkhira,1973,4,42,B59
Satkhira,1973,5,171,B59
Satkhira,1973,6,186,B59
Satkhira,1973,7,290,B59
Satkhira,1973,8,320,B59
Satkhira,1973,9,295,B59
Satkhira,1973,10,153,B59
Satkhira,1973,11,102,B59
Satkhira,1973,12,134,B59
Satkhira,1974,2,0,B59
Satkhira,1974,3,107,B59
Satkhira,1974,4,77,B59
Satkhira,1974,5,168,B59
Satkhira,1974,6,127,B59
Satkhira,1974,7,528,B59
Satkhira,1974,8,238,B59
Satkhira,1974,9,348,B59
Satkhira,1974,10,183,B59
Satkhira,1974,11,0,B59
Satkhira,1974,12,0,B59
Satkhira,1975,1,6,B59
Satkhira,1975,2,35,B59
Satkhira,1975,3,0,B59
Satkhira,1975,4,19,B59
Satkhira,1975,5,117,B59
Satkhira,1975,6,219,B59
Satkhira,1975,7,692,B59
Satkhira,1975,9,152,B59
Satkhira,1975,10,138,B59
Satkhira,1975,11,13,B59
Satkhira,1975,12,0,B59
Satkhira,1976,1,0,B59
Satkhira,1976,2,62,B59
Satkhira,1976,3,0,B59
Satkhira,1976,4,116,B59
Satkhira,1976,5,188,B59
Satkhira,1976,7,418,B59
Satkhira,1976,8,237,B59
Satkhira,1976,9,172,B59
Satkhira,1976,10,84,B59
Satkhira,1976,11,18,B59
Satkhira,1976,12,0,B59
Satkhira,1977,1,1,B59
Satkhira,1977,2,84,B59
Satkhira,1977,3,0,B59
Satkhira,1977,4,132,B59
Satkhira,1977,5,192,B59
Satkhira,1977,6,485,B59
Satkhira,1977,7,621,B59
Satkhira,1977,8,258,B59
Satkhira,1977,9,176,B59
Satkhira,1977,10,75,B59
Satkhira,1977,11,23,B59
Satkhira,1977,12,17,B59
Satkhira,1978,1,0,B59
Satkhira,1978,2,10,B59
Satkhira,1978,3,32,B59
Satkhira,1978,4,100,B59
Satkhira,1978,5,198,B59
Satkhira,1978,6,229,B59
Satkhira,1978,7,328,B59
Satkhira,1978,8,312,B59
Satkhira,1978,9,728,B59
Satkhira,1978,10,157,B59
Satkhira,1978,11,24,B59
Satkhira,1978,12,0,B59
Satkhira,1979,1,48,B59
Satkhira,1979,2,0,B59
Satkhira,1979,3,14,B59
Satkhira,1979,4,10,B59
Satkhira,1979,5,47,B59
Satkhira,1979,6,251,B59
Satkhira,1979,7,295,B59
Satkhira,1979,8,319,B59
Satkhira,1979,9,90,B59
Satkhira,1979,10,69,B59
Satkhira,1979,11,0,B59
Satkhira,1979,12,31,B59
Satkhira,1980,1,3,B59
Satkhira,1980,2,166,B59
Satkhira,1980,3,74,B59
Satkhira,1980,4,11,B59
Satkhira,1980,5,99,B59
Satkhira,1980,6,192,B59
Satkhira,1980,8,209,B59
Satkhira,1980,9,104,B59
Satkhira,1980,10,110,B59
Satkhira,1980,11,0,B59
Satkhira,1980,12,0,B59
Satkhira,1981,1,31,B59
Satkhira,1981,2,40,B59
Satkhira,1981,3,120,B59
Satkhira,1981,4,264,B59
Satkhira,1981,5,180,B59
Satkhira,1981,6,200,B59
Satkhira,1981,7,570,B59
Satkhira,1981,8,289,B59
Satkhira,1981,9,273,B59
Satkhira,1981,10,8,B59
Satkhira,1981,11,0,B59
Satkhira,1981,12,98,B59
Satkhira,1982,1,0,B59
Satkhira,1982,2,60,B59
Satkhira,1982,3,31,B59
Satkhira,1982,4,112,B59
Satkhira,1982,5,80,B59
Satkhira,1982,6,207,B59
Satkhira,1982,7,206,B59
Satkhira,1982,8,387,B59
Satkhira,1982,9,230,B59
Satkhira,1982,10,27,B59
Satkhira,1982,11,19,B59
Satkhira,1982,12,1,B59
Satkhira,1983,1,17,B59
Satkhira,1983,2,58,B59
Satkhira,1983,3,22,B59
Satkhira,1983,4,130,B59
Satkhira,1983,5,202,B59
Satkhira,1983,6,201,B59
Satkhira,1983,7,195,B59
Satkhira,1983,8,423,B59
Satkhira,1983,9,253,B59
Satkhira,1983,10,290,B59
Satkhira,1983,11,4,B59
Satkhira,1983,12,5,B59
Satkhira,1984,1,41,B59
Satkhira,1984,2,1,B59
Satkhira,1984,3,0,B59
Satkhira,1984,4,102,B59
Satkhira,1984,5,126,B59
Satkhira,1984,6,656,B59
Satkhira,1984,7,325,B59
Satkhira,1984,8,351,B59
Satkhira,1984,9,178,B59
Satkhira,1984,10,72,B59
Satkhira,1984,11,0,B59
Satkhira,1984,12,1,B59
Satkhira,1985,1,12,B59
Satkhira,1985,2,6,B59
Satkhira,1985,3,38,B59
Satkhira,1985,4,75,B59
Satkhira,1985,5,146,B59
Satkhira,1985,6,291,B59
Satkhira,1985,7,208,B59
Satkhira,1985,8,314,B59
Satkhira,1985,9,271,B59
Satkhira,1985,10,143,B59
Satkhira,1985,11,0,B59
Satkhira,1985,12,0,B59
Satkhira,1986,1,13,B59
Satkhira,1986,2,0,B59
Satkhira,1986,3,8,B59
Satkhira,1986,4,36,B59
Satkhira,1986,5,175,B59
Satkhira,1986,6,257,B59
Satkhira,1986,7,370,B59
Satkhira,1986,8,259,B59
Satkhira,1986,9,685,B59
Satkhira,1986,10,209,B59
Satkhira,1986,11,181,B59
Satkhira,1986,12,2,B59
Satkhira,1987,1,2,B59
Satkhira,1987,2,5,B59
Satkhira,1987,3,15,B59
Satkhira,1987,4,125,B59
Satkhira,1987,5,91,B59
Satkhira,1987,6,155,B59
Satkhira,1987,7,375,B59
Satkhira,1987,8,475,B59
Satkhira,1987,9,328,B59
Satkhira,1987,10,34,B59
Satkhira,1987,11,9,B59
Satkhira,1987,12,2,B59
Satkhira,1988,1,0,B59
Satkhira,1988,2,46,B59
Satkhira,1988,3,45,B59
Satkhira,1988,4,69,B59
Satkhira,1988,5,227,B59
Satkhira,1988,6,688,B59
Satkhira,1988,7,262,B59
Satkhira,1988,8,327,B59
Satkhira,1988,9,174,B59
Satkhira,1988,10,19,B59
Satkhira,1988,11,106,B59
Satkhira,1988,12,0,B59
Satkhira,1989,1,1,B59
Satkhira,1989,2,0,B59
Satkhira,1989,3,3,B59
Satkhira,1989,4,52,B59
Satkhira,1989,5,240,B59
Satkhira,1989,6,236,B59
Satkhira,1989,7,266,B59
Satkhira,1989,8,177,B59
Satkhira,1989,9,201,B59
Satkhira,1989,10,194,B59
Satkhira,1989,11,0,B59
Satkhira,1989,12,0,B59
Satkhira,1990,1,0,B59
Satkhira,1990,2,47,B59
Satkhira,1990,3,150,B59
Satkhira,1990,4,25,B59
Satkhira,1990,5,176,B59
Satkhira,1990,6,212,B59
Satkhira,1990,7,528,B59
Satkhira,1990,8,279,B59
Satkhira,1990,9,292,B59
Satkhira,1990,10,168,B59
Satkhira,1990,11,44,B59
Satkhira,1990,12,7,B59
Satkhira,1991,1,34,B59
Satkhira,1991,2,47,B59
Satkhira,1991,3,50,B59
Satkhira,1991,4,67,B59
Satkhira,1991,5,28,B59
Satkhira,1991,6,518,B59
Satkhira,1991,7,342,B59
Satkhira,1991,8,324,B59
Satkhira,1991,9,213,B59
Satkhira,1991,10,103,B59
Satkhira,1991,11,5,B59
Satkhira,1991,12,37,B59
Satkhira,1992,1,9,B59
Satkhira,1992,2,115,B59
Satkhira,1992,3,0,B59
Satkhira,1992,4,8,B59
Satkhira,1992,5,134,B59
Satkhira,1992,6,208,B59
Satkhira,1992,7,407,B59
Satkhira,1992,8,284,B59
Satkhira,1992,9,247,B59
Satkhira,1992,10,95,B59
Satkhira,1992,11,1,B59
Satkhira,1992,12,0,B59
Satkhira,1993,1,17,B59
Satkhira,1993,2,57,B59
Satkhira,1993,3,57,B59
Satkhira,1993,4,71,B59
Satkhira,1993,5,203,B59
Satkhira,1993,6,290,B59
Satkhira,1993,7,251,B59
Satkhira,1993,8,235,B59
Satkhira,1993,9,430,B59
Satkhira,1993,10,160,B59
Satkhira,1993,11,29,B59
Satkhira,1993,12,0,B59
Satkhira,1994,1,10,B59
Satkhira,1994,2,30,B59
Satkhira,1994,3,9,B59
Satkhira,1994,4,169,B59
Satkhira,1994,5,108,B59
Satkhira,1994,6,300,B59
Satkhira,1994,7,426,B59
Satkhira,1994,8,326,B59
Satkhira,1994,9,164,B59
Satkhira,1994,10,69,B59
Satkhira,1994,11,4,B59
Satkhira,1994,12,0,B59
Satkhira,1995,1,13,B59
Satkhira,1995,2,42,B59
Satkhira,1995,3,50,B59
Satkhira,1995,4,1,B59
Satkhira,1995,5,82,B59
Satkhira,1995,6,351,B59
Satkhira,1995,7,440,B59
Satkhira,1995,8,232,B59
Satkhira,1995,9,336,B59
Satkhira,1995,10,57,B59
Satkhira,1995,11,161,B59
Satkhira,1995,12,0,B59
Satkhira,1996,1,5,B59
Satkhira,1996,2,30,B59
Satkhira,1996,3,11,B59
Satkhira,1996,4,119,B59
Satkhira,1996,5,103,B59
Satkhira,1996,6,357,B59
Satkhira,1996,7,152,B59
Satkhira,1996,8,224,B59
Satkhira,1996,9,242,B59
Satkhira,1996,10,332,B59
Satkhira,1996,11,0,B59
Satkhira,1996,12,0,B59
Satkhira,1997,1,19,B59
Satkhira,1997,2,35,B59
Satkhira,1997,3,102,B59
Satkhira,1997,4,235,B59
Satkhira,1997,5,243,B59
Satkhira,1997,6,215,B59
Satkhira,1997,7,447,B59
Satkhira,1997,8,422,B59
Satkhira,1997,9,332,B59
Satkhira,1997,10,40,B59
Satkhira,1997,11,4,B59
Satkhira,1997,12,13,B59
Satkhira,1998,1,53,B59
Satkhira,1998,2,71,B59
Satkhira,1998,3,164,B59
Satkhira,1998,4,96,B59
Satkhira,1998,5,159,B59
Satkhira,1998,6,123,B59
Satkhira,1998,7,320,B59
Satkhira,1998,8,185,B59
Satkhira,1998,9,189,B59
Satkhira,1998,10,232,B59
Satkhira,1998,11,135,B59
Satkhira,1998,12,0,B59
Satkhira,1999,1,0,B59
Satkhira,1999,2,0,B59
Satkhira,1999,3,0,B59
Satkhira,1999,4,28,B59
Satkhira,1999,5,272,B59
Satkhira,1999,6,217,B59
Satkhira,1999,7,291,B59
Satkhira,1999,8,332,B59
Satkhira,1999,9,361,B59
Satkhira,1999,10,111,B59
Satkhira,1999,11,4,B59
Satkhira,1999,12,0,B59
Satkhira,2000,1,20,B59
Satkhira,2000,2,32,B59
Satkhira,2000,3,10,B59
Satkhira,2000,4,180,B59
Satkhira,2000,5,194,B59
Satkhira,2000,6,218,B59
Satkhira,2000,7,403,B59
Satkhira,2000,8,317,B59
Satkhira,2000,9,486,B59
Satkhira,2000,10,142,B59
Satkhira,2000,11,0,B59
Satkhira,2000,12,0,B59
Satkhira,2001,1,0,B59
Satkhira,2001,2,55,B59
Satkhira,2001,3,38,B59
Satkhira,2001,4,53,B59
Satkhira,2001,5,223,B59
Satkhira,2001,6,411,B59
Satkhira,2001,7,263,B59
Satkhira,2001,8,236,B59
Satkhira,2001,9,230,B59
Satkhira,2001,10,122,B59
Satkhira,2001,11,52,B59
Satkhira,2001,12,0,B59
Satkhira,2002,1,14,B59
Satkhira,2002,2,0,B59
Satkhira,2002,3,6,B59
Satkhira,2002,4,91,B59
Satkhira,2002,5,164,B59
Satkhira,2002,6,536,B59
Satkhira,2002,7,434,B59
Satkhira,2002,8,301,B59
Satkhira,2002,9,245,B59
Satkhira,2002,10,23,B59
Satkhira,2002,11,89,B59
Satkhira,2002,12,0,B59
Satkhira,2003,1,0,B59
Satkhira,2003,2,0,B59
Satkhira,2003,3,121,B59
Satkhira,2003,4,52,B59
Satkhira,2003,5,174,B59
Satkhira,2003,6,252,B59
Satkhira,2003,7,231,B59
Satkhira,2003,8,260,B59
Satkhira,2003,9,202,B59
Satkhira,2003,10,420,B59
Satkhira,2003,11,0,B59
Satkhira,2003,12,25,B59
Satkhira,2004,1,0,B59
Satkhira,2004,2,0,B59
Satkhira,2004,3,4,B59
Satkhira,2004,4,122,B59
Satkhira,2004,5,122,B59
Satkhira,2004,6,382,B59
Satkhira,2004,7,324,B59
Satkhira,2004,8,435,B59
Satkhira,2004,9,398,B59
Satkhira,2004,10,246,B59
Satkhira,2004,11,0,B59
Satkhira,2004,12,0,B59
Satkhira,2005,1,6,B59
Satkhira,2005,2,0,B59
Satkhira,2005,3,120,B59
Satkhira,2005,4,28,B59
Satkhira,2005,5,80,B59
Satkhira,2005,6,261,B59
Satkhira,2005,7,497,B59
Satkhira,2005,8,158,B59
Satkhira,2005,9,338,B59
Satkhira,2005,10,484,B59
Satkhira,2005,11,0,B59
Satkhira,2005,12,10,B59
Satkhira,2006,1,0,B59
Satkhira,2006,2,0,B59
Satkhira,2006,3,24,B59
Satkhira,2006,4,59,B59
Satkhira,2006,5,285,B59
Satkhira,2006,6,260,B59
Satkhira,2006,7,548,B59
Satkhira,2006,8,359,B59
Satkhira,2006,9,403,B59
Satkhira,2006,10,63,B59
Satkhira,2006,11,0,B59
Satkhira,2006,12,0,B59
Satkhira,2007,1,1,B59
Satkhira,2007,2,116,B59
Satkhira,2007,3,19,B59
Satkhira,2007,4,76,B59
Satkhira,2007,5,41,B59
Satkhira,2007,6,254,B59
Satkhira,2007,7,466,B59
Satkhira,2007,8,167,B59
Satkhira,2007,9,459,B59
Satkhira,2007,10,175,B59
Satkhira,2007,11,98,B59
Satkhira,2007,12,0,B59
Satkhira,2008,1,92,B59
Satkhira,2008,2,39,B59
Satkhira,2008,3,16,B59
Satkhira,2008,4,85,B59
Satkhira,2008,5,129,B59
Satkhira,2008,6,200,B59
Satkhira,2008,7,280,B59
Satkhira,2008,8,257,B59
Satkhira,2008,9,275,B59
Satkhira,2008,10,170,B59
Satkhira,2008,11,0,B59
Satkhira,2008,12,0,B59
Satkhira,2009,1,0,B59
Satkhira,2009,2,0,B59
Satkhira,2009,3,3,B59
Satkhira,2009,4,12,B59
Satkhira,2009,5,179,B59
Satkhira,2009,6,55,B59
Satkhira,2009,7,251,B59
Satkhira,2009,8,512,B59
Satkhira,2009,9,337,B59
Satkhira,2009,10,82,B59
Satkhira,2009,11,19,B59
Satkhira,2009,12,0,B59
Satkhira,2010,1,0,B59
Satkhira,2010,2,3,B59
Satkhira,2010,3,1,B59
Satkhira,2010,4,25,B59
Satkhira,2010,5,214,B59
Satkhira,2010,6,318,B59
Satkhira,2010,7,269,B59
Satkhira,2010,8,155,B59
Satkhira,2010,9,202,B59
Satkhira,2010,10,92,B59
Satkhira,2010,11,1,B59
Satkhira,2010,12,15,B59
Satkhira,2011,1,0,B59
Satkhira,2011,2,1,B59
Satkhira,2011,3,58,B59
Satkhira,2011,4,58,B59
Satkhira,2011,5,218,B59
Satkhira,2011,6,450,B59
Satkhira,2011,7,428,B59
Satkhira,2011,8,638,B59
Satkhira,2011,9,217,B59
Satkhira,2011,10,53,B59
Satkhira,2011,11,0,B59
Satkhira,2011,12,0,B59
Satkhira,2012,1,36,B59
Satkhira,2012,2,14,B59
Satkhira,2012,3,0,B59
Satkhira,2012,4,94,B59
Satkhira,2012,5,72,B59
Satkhira,2012,6,199,B59
Satkhira,2012,7,239,B59
Satkhira,2012,8,314,B59
Satkhira,2012,9,282,B59
Satkhira,2012,10,95,B59
Satkhira,2012,11,105,B59
Satkhira,2012,12,8,B59
Satkhira,2013,1,5,B59
Satkhira,2013,2,12,B59
Satkhira,2013,3,37,B59
Satkhira,2013,4,29,B59
Satkhira,2013,5,310,B59
Satkhira,2013,6,245,B59
Satkhira,2013,7,266,B59
Satkhira,2013,8,215,B59
Satkhira,2013,9,296,B59
Satkhira,2013,10,247,B59
Satkhira,2013,11,0,B59
Satkhira,2013,12,0,B59
Satkhira,2014,1,0,B59
Satkhira,2014,2,31,B59
Satkhira,2014,3,36,B59
Satkhira,2014,4,0,B59
Satkhira,2014,5,162,B59
Satkhira,2014,6,330,B59
Satkhira,2014,7,243,B59
Satkhira,2014,8,175,B59
Satkhira,2014,9,242,B59
Satkhira,2014,10,79,B59
Satkhira,2014,11,0,B59
Satkhira,2014,12,0,B59
Satkhira,2015,1,59,B59
Satkhira,2015,2,10,B59
Satkhira,2015,3,32,B59
Satkhira,2015,4,167,B59
Satkhira,2015,5,16,B59
Satkhira,2015,6,226,B59
Satkhira,2015,7,681,B59
Satkhira,2015,8,229,B59
Satkhira,2015,9,308,B59
Satkhira,2015,10,57,B59
Satkhira,2015,11,0,B59
Satkhira,2015,12,7,B59
Satkhira,2016,1,3,B59
Satkhira,2016,2,136,B59
Satkhira,2016,3,7,B59
Satkhira,2016,4,14,B59
Satkhira,2016,5,235,B59
Satkhira,2016,6,184,B59
Satkhira,2016,7,226,B59
Satkhira,2016,8,202,B59
Satkhira,2016,9,131,B59
Satkhira,2016,10,167,B59
Satkhira,2016,11,40,B59
Satkhira,2016,12,0,B59
Satkhira,2017,1,0,B59
Satkhira,2017,2,0,B59
Satkhira,2017,3,48,B59
Satkhira,2017,4,19,B59
Satkhira,2017,5,144,B59
Satkhira,2017,6,275,B59
Satkhira,2017,7,591,B59
Satkhira,2017,8,238,B59
Satkhira,2017,9,209,B59
Satkhira,2017,10,323,B59
Satkhira,2017,11,26,B59
Satkhira,2017,12,58,B59
Satkhira,2018,1,0,B59
Satkhira,2018,2,0,B59
Satkhira,2018,3,0,B59
Satkhira,2018,4,50,B59
Satkhira,2018,5,162,B59
Satkhira,2018,6,273,B59
Satkhira,2018,7,246,B59
Satkhira,2018,8,279,B59
Satkhira,2018,9,167,B59
Satkhira,2018,10,105,B59
Satkhira,2018,11,0,B59
Satkhira,2018,12,10,B59
Satkhira,2019,1,0,B59
Satkhira,2019,2,125,B59
Satkhira,2019,3,86,B59
Satkhira,2019,4,101,B59
Satkhira,2019,5,117,B59
Satkhira,2019,6,218,B59
Satkhira,2019,7,143,B59
Satkhira,2019,8,573,B59
Satkhira,2019,9,245,B59
Satkhira,2019,10,112,B59
Satkhira,2019,11,172,B59
Satkhira,2019,12,11,B59
Satkhira,2020,1,34,B59
Satkhira,2020,2,2,B59
Satkhira,2020,3,86,B59
Satkhira,2020,4,20,B59
Satkhira,2020,5,316,B59
Satkhira,2020,6,295,B59
Satkhira,2020,7,266,B59
Satkhira,2020,8,423,B59
Satkhira,2020,9,79,B59
Satkhira,2020,10,66,B59
Satkhira,2020,11,5,B59
Satkhira,2020,12,0,B59
Satkhira,2021,1,0,B59
Satkhira,2021,2,3,B59
Satkhira,2021,3,0,B59
Satkhira,2021,4,1,B59
Satkhira,2021,5,127,B59
Satkhira,2021,6,402,B59
Satkhira,2021,7,511,B59
Satkhira,2021,8,235,B59
Satkhira,2021,9,347,B59
Satkhira,2021,10,217,B59
Satkhira,2021,11,3,B59
Satkhira,2021,12,87,B59
Satkhira,2023,1,0,B59
Satkhira,2023,2,2,B59
Satkhira,2023,3,97,B59
Satkhira,2023,4,52,B59
Satkhira,2023,5,168,B59
Satkhira,2023,6,291,B59
Satkhira,2023,7,228,B59
Satkhira,2023,8,359,B59
Satkhira,2023,9,143,B59
Satkhira,2023,10,129,B59
Satkhira,2023,11,2,B59
Satkhira,2023,12,21,B59
Satkhira,2022,1,15,B59
Satkhira,2022,2,67,B59
Satkhira,2022,3,0,B59
Satkhira,2022,4,2,B59
Satkhira,2022,5,170,B59
Satkhira,2022,6,82,B59
Satkhira,2022,7,186,B59
Satkhira,2022,8,198,B59
Satkhira,2022,9,300,B59
Satkhira,2022,10,123,B59
Satkhira,2022,11,0,B59
Satkhira,2022,12,0,B59
Sayedpur,2023,1,0,B59
Sayedpur,2023,2,0,B59
Sayedpur,2023,3,123,B59
Sayedpur,2023,4,37,B59
Sayedpur,2023,5,93,B59
Sayedpur,2023,6,231,B59
Sayedpur,2023,7,294,B59
Sayedpur,2023,8,415,B59
Sayedpur,2023,9,635,B59
Sayedpur,2023,10,216,B59
Sayedpur,2023,11,0,B59
Sayedpur,2023,12,5,B59
Sitakunda,1977,5,290,B59
Sitakunda,1977,6,770,B59
Sitakunda,1977,7,995,B59
Sitakunda,1977,8,495,B59
Sitakunda,1977,9,118,B59
Sitakunda,1977,10,123,B59
Sitakunda,1977,11,39,B59
Sitakunda,1977,12,0,B59
Sitakunda,1978,1,0,B59
Sitakunda,1978,2,0,B59
Sitakunda,1978,3,5,B59
Sitakunda,1978,4,120,B59
Sitakunda,1978,5,755,B59
Sitakunda,1978,6,807,B59
Sitakunda,1978,7,848,B59
Sitakunda,1978,8,553,B59
Sitakunda,1978,9,645,B59
Sitakunda,1978,10,80,B59
Sitakunda,1978,11,0,B59
Sitakunda,1978,12,0,B59
Sitakunda,1979,1,0,B59
Sitakunda,1979,2,0,B59
Sitakunda,1979,3,0,B59
Sitakunda,1979,4,3,B59
Sitakunda,1979,5,46,B59
Sitakunda,1979,6,170,B59
Sitakunda,1979,7,94,B59
Sitakunda,1979,8,191,B59
Sitakunda,1979,9,84,B59
Sitakunda,1979,10,15,B59
Sitakunda,1979,11,7,B59
Sitakunda,1979,12,12,B59
Sitakunda,1980,1,0,B59
Sitakunda,1980,2,25,B59
Sitakunda,1980,3,13,B59
Sitakunda,1980,4,4,B59
Sitakunda,1980,5,111,B59
Sitakunda,1980,6,48,B59
Sitakunda,1980,7,126,B59
Sitakunda,1980,8,137,B59
Sitakunda,1980,9,48,B59
Sitakunda,1980,10,88,B59
Sitakunda,1980,11,0,B59
Sitakunda,1980,12,0,B59
Sitakunda,1981,1,0,B59
Sitakunda,1981,2,2,B59
Sitakunda,1981,3,131,B59
Sitakunda,1981,4,157,B59
Sitakunda,1981,5,408,B59
Sitakunda,1981,6,456,B59
Sitakunda,1981,7,290,B59
Sitakunda,1981,8,539,B59
Sitakunda,1981,9,315,B59
Sitakunda,1981,10,30,B59
Sitakunda,1981,11,0,B59
Sitakunda,1981,12,6,B59
Sitakunda,1982,1,0,B59
Sitakunda,1982,2,6,B59
Sitakunda,1982,3,70,B59
Sitakunda,1982,4,205,B59
Sitakunda,1982,5,56,B59
Sitakunda,1982,6,915,B59
Sitakunda,1982,7,694,B59
Sitakunda,1982,8,686,B59
Sitakunda,1982,9,405,B59
Sitakunda,1982,10,143,B59
Sitakunda,1982,11,11,B59
Sitakunda,1982,12,0,B59
Sitakunda,1983,1,9,B59
Sitakunda,1983,2,12,B59
Sitakunda,1983,3,171,B59
Sitakunda,1983,4,457,B59
Sitakunda,1983,5,313,B59
Sitakunda,1983,6,243,B59
Sitakunda,1983,7,938,B59
Sitakunda,1983,8,1450,B59
Sitakunda,1983,9,350,B59
Sitakunda,1983,10,766,B59
Sitakunda,1983,11,91,B59
Sitakunda,1983,12,0,B59
Sitakunda,1984,1,0,B59
Sitakunda,1984,2,0,B59
Sitakunda,1984,3,0,B59
Sitakunda,1984,4,177,B59
Sitakunda,1984,5,585,B59
Sitakunda,1984,6,638,B59
Sitakunda,1984,7,1399,B59
Sitakunda,1984,8,513,B59
Sitakunda,1984,9,450,B59
Sitakunda,1984,10,238,B59
Sitakunda,1984,11,0,B59
Sitakunda,1984,12,0,B59
Sitakunda,1985,1,4,B59
Sitakunda,1985,2,2,B59
Sitakunda,1985,3,81,B59
Sitakunda,1985,4,56,B59
Sitakunda,1985,5,460,B59
Sitakunda,1985,6,471,B59
Sitakunda,1985,7,765,B59
Sitakunda,1985,8,443,B59
Sitakunda,1985,9,162,B59
Sitakunda,1985,10,83,B59
Sitakunda,1985,11,88,B59
Sitakunda,1985,12,18,B59
Sitakunda,1986,1,3,B59
Sitakunda,1986,2,1,B59
Sitakunda,1986,3,7,B59
Sitakunda,1986,4,212,B59
Sitakunda,1986,5,291,B59
Sitakunda,1986,6,629,B59
Sitakunda,1986,7,773,B59
Sitakunda,1986,8,365,B59
Sitakunda,1986,9,244,B59
Sitakunda,1986,10,179,B59
Sitakunda,1986,11,165,B59
Sitakunda,1986,12,0,B59
Sitakunda,1987,1,8,B59
Sitakunda,1987,2,10,B59
Sitakunda,1987,3,49,B59
Sitakunda,1987,4,294,B59
Sitakunda,1987,5,103,B59
Sitakunda,1987,6,412,B59
Sitakunda,1987,7,1225,B59
Sitakunda,1987,8,656,B59
Sitakunda,1987,9,694,B59
Sitakunda,1987,10,70,B59
Sitakunda,1987,11,159,B59
Sitakunda,1987,12,10,B59
Sitakunda,1988,1,0,B59
Sitakunda,1988,2,4,B59
Sitakunda,1988,3,37,B59
Sitakunda,1988,4,233,B59
Sitakunda,1988,5,364,B59
Sitakunda,1988,6,593,B59
Sitakunda,1988,7,791,B59
Sitakunda,1988,8,783,B59
Sitakunda,1988,9,440,B59
Sitakunda,1988,10,345,B59
Sitakunda,1988,11,117,B59
Sitakunda,1988,12,0,B59
Sitakunda,1989,1,0,B59
Sitakunda,1989,2,7,B59
Sitakunda,1989,3,3,B59
Sitakunda,1989,4,170,B59
Sitakunda,1989,5,114,B59
Sitakunda,1989,6,308,B59
Sitakunda,1989,7,640,B59
Sitakunda,1989,8,81,B59
Sitakunda,1989,9,386,B59
Sitakunda,1989,10,826,B59
Sitakunda,1989,11,3,B59
Sitakunda,1989,12,0,B59
Sitakunda,1990,1,0,B59
Sitakunda,1990,2,55,B59
Sitakunda,1990,3,273,B59
Sitakunda,1990,4,300,B59
Sitakunda,1990,5,245,B59
Sitakunda,1990,6,654,B59
Sitakunda,1990,7,1131,B59
Sitakunda,1990,8,203,B59
Sitakunda,1990,9,268,B59
Sitakunda,1990,10,729,B59
Sitakunda,1990,11,75,B59
Sitakunda,1990,12,52,B59
Sitakunda,1991,1,0,B59
Sitakunda,1991,2,23,B59
Sitakunda,1991,3,19,B59
Sitakunda,1991,4,92,B59
Sitakunda,1991,5,331,B59
Sitakunda,1991,6,766,B59
Sitakunda,1991,7,685,B59
Sitakunda,1991,8,318,B59
Sitakunda,1991,9,615,B59
Sitakunda,1991,10,161,B59
Sitakunda,1991,11,131,B59
Sitakunda,1991,12,15,B59
Sitakunda,1992,1,0,B59
Sitakunda,1992,2,97,B59
Sitakunda,1992,3,0,B59
Sitakunda,1992,4,1,B59
Sitakunda,1992,5,145,B59
Sitakunda,1992,6,506,B59
Sitakunda,1992,7,358,B59
Sitakunda,1992,8,392,B59
Sitakunda,1992,9,320,B59
Sitakunda,1992,10,480,B59
Sitakunda,1992,11,1,B59
Sitakunda,1992,12,10,B59
Sitakunda,1993,1,1,B59
Sitakunda,1993,2,92,B59
Sitakunda,1993,3,246,B59
Sitakunda,1993,4,145,B59
Sitakunda,1993,5,743,B59
Sitakunda,1993,6,654,B59
Sitakunda,1993,7,560,B59
Sitakunda,1993,8,737,B59
Sitakunda,1993,9,291,B59
Sitakunda,1993,10,129,B59
Sitakunda,1993,11,7,B59
Sitakunda,1993,12,0,B59
Sitakunda,1994,1,12,B59
Sitakunda,1994,2,5,B59
Sitakunda,1994,3,246,B59
Sitakunda,1994,4,385,B59
Sitakunda,1994,5,202,B59
Sitakunda,1994,6,504,B59
Sitakunda,1994,7,316,B59
Sitakunda,1994,8,533,B59
Sitakunda,1994,9,232,B59
Sitakunda,1994,10,83,B59
Sitakunda,1994,11,6,B59
Sitakunda,1994,12,0,B59
Sitakunda,1995,1,3,B59
Sitakunda,1995,2,11,B59
Sitakunda,1995,3,36,B59
Sitakunda,1995,4,98,B59
Sitakunda,1995,5,275,B59
Sitakunda,1995,6,503,B59
Sitakunda,1995,7,572,B59
Sitakunda,1995,8,414,B59
Sitakunda,1995,9,182,B59
Sitakunda,1995,10,85,B59
Sitakunda,1995,11,280,B59
Sitakunda,1995,12,0,B59
Sitakunda,1996,1,2,B59
Sitakunda,1996,2,20,B59
Sitakunda,1996,3,193,B59
Sitakunda,1996,4,134,B59
Sitakunda,1996,5,294,B59
Sitakunda,1996,6,497,B59
Sitakunda,1996,7,401,B59
Sitakunda,1996,8,668,B59
Sitakunda,1996,9,313,B59
Sitakunda,1996,10,382,B59
Sitakunda,1996,11,60,B59
Sitakunda,1996,12,0,B59
Sitakunda,1997,1,0,B59
Sitakunda,1997,2,16,B59
Sitakunda,1997,3,157,B59
Sitakunda,1997,4,107,B59
Sitakunda,1997,5,258,B59
Sitakunda,1997,6,323,B59
Sitakunda,1997,7,1151,B59
Sitakunda,1997,8,492,B59
Sitakunda,1997,9,522,B59
Sitakunda,1997,10,71,B59
Sitakunda,1997,11,8,B59
Sitakunda,1997,12,35,B59
Sitakunda,1998,1,22,B59
Sitakunda,1998,2,72,B59
Sitakunda,1998,3,108,B59
Sitakunda,1998,4,353,B59
Sitakunda,1998,5,485,B59
Sitakunda,1998,6,309,B59
Sitakunda,1998,7,1146,B59
Sitakunda,1998,8,1192,B59
Sitakunda,1998,9,532,B59
Sitakunda,1998,10,141,B59
Sitakunda,1998,11,126,B59
Sitakunda,1998,12,0,B59
Sitakunda,1999,1,0,B59
Sitakunda,1999,2,0,B59
Sitakunda,1999,3,0,B59
Sitakunda,1999,4,4,B59
Sitakunda,1999,5,389,B59
Sitakunda,1999,6,902,B59
Sitakunda,1999,7,879,B59
Sitakunda,1999,8,581,B59
Sitakunda,1999,9,243,B59
Sitakunda,1999,10,221,B59
Sitakunda,1999,11,0,B59
Sitakunda,1999,12,44,B59
Sitakunda,2000,1,46,B59
Sitakunda,2000,2,1,B59
Sitakunda,2000,3,56,B59
Sitakunda,2000,4,90,B59
Sitakunda,2000,5,902,B59
Sitakunda,2000,6,494,B59
Sitakunda,2000,7,713,B59
Sitakunda,2000,8,671,B59
Sitakunda,2000,9,231,B59
Sitakunda,2000,10,226,B59
Sitakunda,2000,11,26,B59
Sitakunda,2000,12,0,B59
Sitakunda,2001,1,0,B59
Sitakunda,2001,2,71,B59
Sitakunda,2001,3,20,B59
Sitakunda,2001,4,43,B59
Sitakunda,2001,5,439,B59
Sitakunda,2001,6,741,B59
Sitakunda,2001,7,382,B59
Sitakunda,2001,8,583,B59
Sitakunda,2001,9,201,B59
Sitakunda,2001,10,183,B59
Sitakunda,2001,11,63,B59
Sitakunda,2001,12,0,B59
Sitakunda,2002,1,5,B59
Sitakunda,2002,2,0,B59
Sitakunda,2002,3,64,B59
Sitakunda,2002,4,147,B59
Sitakunda,2002,5,404,B59
Sitakunda,2002,6,701,B59
Sitakunda,2002,7,902,B59
Sitakunda,2002,8,467,B59
Sitakunda,2002,9,1116,B59
Sitakunda,2002,10,446,B59
Sitakunda,2002,11,109,B59
Sitakunda,2002,12,0,B59
Sitakunda,2003,1,0,B59
Sitakunda,2003,2,1,B59
Sitakunda,2003,3,74,B59
Sitakunda,2003,4,114,B59
Sitakunda,2003,5,268,B59
Sitakunda,2003,6,1025,B59
Sitakunda,2003,7,508,B59
Sitakunda,2003,8,397,B59
Sitakunda,2003,9,387,B59
Sitakunda,2003,10,193,B59
Sitakunda,2003,11,0,B59
Sitakunda,2003,12,9,B59
Sitakunda,2004,1,0,B59
Sitakunda,2004,2,0,B59
Sitakunda,2004,3,5,B59
Sitakunda,2004,4,169,B59
Sitakunda,2004,5,240,B59
Sitakunda,2004,6,638,B59
Sitakunda,2004,7,706,B59
Sitakunda,2004,8,534,B59
Sitakunda,2004,9,719,B59
Sitakunda,2004,10,236,B59
Sitakunda,2004,11,0,B59
Sitakunda,2004,12,0,B59
Sitakunda,2005,1,5,B59
Sitakunda,2005,2,0,B59
Sitakunda,2005,3,77,B59
Sitakunda,2005,4,158,B59
Sitakunda,2005,5,256,B59
Sitakunda,2005,6,247,B59
Sitakunda,2005,7,541,B59
Sitakunda,2005,8,1081,B59
Sitakunda,2005,9,348,B59
Sitakunda,2005,10,312,B59
Sitakunda,2005,11,0,B59
Sitakunda,2005,12,5,B59
Sitakunda,2006,1,0,B59
Sitakunda,2006,2,0,B59
Sitakunda,2006,3,0,B59
Sitakunda,2006,4,56,B59
Sitakunda,2006,5,569,B59
Sitakunda,2006,6,321,B59
Sitakunda,2006,7,397,B59
Sitakunda,2006,8,177,B59
Sitakunda,2006,9,457,B59
Sitakunda,2006,10,50,B59
Sitakunda,2006,11,4,B59
Sitakunda,2006,12,0,B59
Sitakunda,2007,1,0,B59
Sitakunda,2007,2,55,B59
Sitakunda,2007,3,0,B59
Sitakunda,2007,4,167,B59
Sitakunda,2007,5,349,B59
Sitakunda,2007,6,706,B59
Sitakunda,2007,7,842,B59
Sitakunda,2007,8,488,B59
Sitakunda,2007,9,625,B59
Sitakunda,2007,10,709,B59
Sitakunda,2007,11,63,B59
Sitakunda,2007,12,0,B59
Sitakunda,2008,1,32,B59
Sitakunda,2008,2,5,B59
Sitakunda,2008,3,13,B59
Sitakunda,2008,4,7,B59
Sitakunda,2008,5,439,B59
Sitakunda,2008,6,386,B59
Sitakunda,2008,7,994,B59
Sitakunda,2008,8,687,B59
Sitakunda,2008,9,226,B59
Sitakunda,2008,10,154,B59
Sitakunda,2008,11,2,B59
Sitakunda,2008,12,0,B59
Sitakunda,2009,1,0,B59
Sitakunda,2009,2,0,B59
Sitakunda,2009,3,1,B59
Sitakunda,2009,4,78,B59
Sitakunda,2009,5,320,B59
Sitakunda,2009,6,394,B59
Sitakunda,2009,7,916,B59
Sitakunda,2009,8,803,B59
Sitakunda,2009,9,315,B59
Sitakunda,2009,10,271,B59
Sitakunda,2009,11,21,B59
Sitakunda,2009,12,0,B59
Sitakunda,2010,1,0,B59
Sitakunda,2010,2,1,B59
Sitakunda,2010,3,37,B59
Sitakunda,2010,4,71,B59
Sitakunda,2010,5,314,B59
Sitakunda,2010,6,876,B59
Sitakunda,2010,7,377,B59
Sitakunda,2010,8,473,B59
Sitakunda,2010,9,421,B59
Sitakunda,2010,10,289,B59
Sitakunda,2010,11,4,B59
Sitakunda,2010,12,5,B59
Sitakunda,2011,1,1,B59
Sitakunda,2011,2,0,B59
Sitakunda,2011,3,126,B59
Sitakunda,2011,4,163,B59
Sitakunda,2011,5,361,B59
Sitakunda,2011,6,502,B59
Sitakunda,2011,7,818,B59
Sitakunda,2011,8,1136,B59
Sitakunda,2011,9,524,B59
Sitakunda,2011,10,127,B59
Sitakunda,2011,11,0,B59
Sitakunda,2011,12,0,B59
Sitakunda,2012,1,1,B59
Sitakunda,2012,2,0,B59
Sitakunda,2012,3,24,B59
Sitakunda,2012,4,352,B59
Sitakunda,2012,5,251,B59
Sitakunda,2012,6,954,B59
Sitakunda,2012,7,1274,B59
Sitakunda,2012,8,567,B59
Sitakunda,2012,9,234,B59
Sitakunda,2012,10,256,B59
Sitakunda,2012,11,19,B59
Sitakunda,2012,12,1,B59
Sitakunda,2013,1,0,B59
Sitakunda,2013,2,0,B59
Sitakunda,2013,3,13,B59
Sitakunda,2013,4,57,B59
Sitakunda,2013,5,470,B59
Sitakunda,2013,6,569,B59
Sitakunda,2013,7,333,B59
Sitakunda,2013,8,390,B59
Sitakunda,2013,9,496,B59
Sitakunda,2013,10,269,B59
Sitakunda,2013,11,1,B59
Sitakunda,2013,12,0,B59
Sitakunda,2014,1,0,B59
Sitakunda,2014,2,25,B59
Sitakunda,2014,3,21,B59
Sitakunda,2014,4,27,B59
Sitakunda,2014,5,194,B59
Sitakunda,2014,6,995,B59
Sitakunda,2014,7,508,B59
Sitakunda,2014,8,757,B59
Sitakunda,2014,9,350,B59
Sitakunda,2014,10,87,B59
Sitakunda,2014,11,0,B59
Sitakunda,2014,12,0,B59
Sitakunda,2015,1,3,B59
Sitakunda,2015,2,0,B59
Sitakunda,2015,3,5,B59
Sitakunda,2015,4,168,B59
Sitakunda,2015,5,209,B59
Sitakunda,2015,6,761,B59
Sitakunda,2015,7,1304,B59
Sitakunda,2015,8,592,B59
Sitakunda,2015,9,548,B59
Sitakunda,2015,10,213,B59
Sitakunda,2015,11,3,B59
Sitakunda,2015,12,5,B59
Sitakunda,2016,1,3,B59
Sitakunda,2016,2,285,B59
Sitakunda,2016,3,55,B59
Sitakunda,2016,4,65,B59
Sitakunda,2016,5,328,B59
Sitakunda,2016,6,323,B59
Sitakunda,2016,7,631,B59
Sitakunda,2016,8,359,B59
Sitakunda,2016,9,378,B59
Sitakunda,2016,10,217,B59
Sitakunda,2016,11,109,B59
Sitakunda,2016,12,0,B59
Sitakunda,2017,1,0,B59
Sitakunda,2017,2,0,B59
Sitakunda,2017,3,119,B59
Sitakunda,2017,4,419,B59
Sitakunda,2017,5,239,B59
Sitakunda,2017,6,949,B59
Sitakunda,2017,7,1313,B59
Sitakunda,2017,8,772,B59
Sitakunda,2017,9,835,B59
Sitakunda,2017,10,179,B59
Sitakunda,2017,11,1,B59
Sitakunda,2017,12,42,B59
Sitakunda,2018,1,18,B59
Sitakunda,2018,2,0,B59
Sitakunda,2018,3,0,B59
Sitakunda,2018,4,246,B59
Sitakunda,2018,5,279,B59
Sitakunda,2018,6,1025,B59
Sitakunda,2018,7,1114,B59
Sitakunda,2018,8,454,B59
Sitakunda,2018,9,170,B59
Sitakunda,2018,10,218,B59
Sitakunda,2018,11,0,B59
Sitakunda,2018,12,3,B59
Sitakunda,2019,1,0,B59
Sitakunda,2019,2,35,B59
Sitakunda,2019,3,20,B59
Sitakunda,2019,4,222,B59
Sitakunda,2019,5,286,B59
Sitakunda,2019,6,250,B59
Sitakunda,2019,7,1472,B59
Sitakunda,2019,8,424,B59
Sitakunda,2019,9,333,B59
Sitakunda,2019,10,170,B59
Sitakunda,2019,11,114,B59
Sitakunda,2019,12,14,B59
Sitakunda,2020,1,46,B59
Sitakunda,2020,2,0,B59
Sitakunda,2020,3,0,B59
Sitakunda,2020,4,171,B59
Sitakunda,2020,5,244,B59
Sitakunda,2020,6,576,B59
Sitakunda,2020,7,711,B59
Sitakunda,2020,8,657,B59
Sitakunda,2020,9,550,B59
Sitakunda,2020,10,340,B59
Sitakunda,2020,11,54,B59
Sitakunda,2020,12,0,B59
Sitakunda,2021,1,0,B59
Sitakunda,2021,2,0,B59
Sitakunda,2021,3,0,B59
Sitakunda,2021,4,0,B59
Sitakunda,2021,5,52,B59
Sitakunda,2021,6,1051,B59
Sitakunda,2021,7,587,B59
Sitakunda,2021,8,656,B59
Sitakunda,2021,9,211,B59
Sitakunda,2021,10,129,B59
Sitakunda,2021,11,0,B59
Sitakunda,2021,12,66,B59
Sitakunda,2023,1,0,B59
Sitakunda,2023,2,0,B59
Sitakunda,2023,3,89,B59
Sitakunda,2023,4,43,B59
Sitakunda,2023,5,140,B59
Sitakunda,2023,6,387,B59
Sitakunda,2023,7,167,B59
Sitakunda,2023,8,991,B59
Sitakunda,2023,9,305,B59
Sitakunda,2023,10,108,B59
Sitakunda,2023,11,32,B59
Sitakunda,2023,12,0,B59
Sitakunda,2022,1,8,B59
Sitakunda,2022,2,18,B59
Sitakunda,2022,3,6,B59
Sitakunda,2022,4,75,B59
Sitakunda,2022,5,467,B59
Sitakunda,2022,6,723,B59
Sitakunda,2022,7,205,B59
Sitakunda,2022,8,123,B59
Sitakunda,2022,9,506,B59
Sitakunda,2022,10,143,B59
Sitakunda,2022,11,0,B59
Sitakunda,2022,12,50,B59
Srimangal,1948,1,0,B59
Srimangal,1948,2,140,B59
Srimangal,1948,3,51,B59
Srimangal,1948,4,442,B59
Srimangal,1948,5,666,B59
Srimangal,1948,6,580,B59
Srimangal,1948,7,264,B59
Srimangal,1948,9,304,B59
Srimangal,1948,10,91,B59
Srimangal,1948,11,58,B59
Srimangal,1948,12,2,B59
Srimangal,1949,1,6,B59
Srimangal,1949,2,1,B59
Srimangal,1949,3,58,B59
Srimangal,1949,4,360,B59
Srimangal,1949,5,321,B59
Srimangal,1949,6,639,B59
Srimangal,1949,7,310,B59
Srimangal,1949,8,245,B59
Srimangal,1949,9,317,B59
Srimangal,1949,10,165,B59
Srimangal,1949,11,5,B59
Srimangal,1949,12,0,B59
Srimangal,1950,1,0,B59
Srimangal,1950,2,62,B59
Srimangal,1950,3,16,B59
Srimangal,1950,4,214,B59
Srimangal,1950,5,172,B59
Srimangal,1950,6,386,B59
Srimangal,1950,7,230,B59
Srimangal,1950,8,367,B59
Srimangal,1950,9,144,B59
Srimangal,1950,10,226,B59
Srimangal,1950,11,103,B59
Srimangal,1950,12,0,B59
Srimangal,1951,1,1,B59
Srimangal,1951,2,0,B59
Srimangal,1951,3,45,B59
Srimangal,1951,4,227,B59
Srimangal,1951,5,427,B59
Srimangal,1951,6,429,B59
Srimangal,1951,7,490,B59
Srimangal,1951,8,432,B59
Srimangal,1951,9,279,B59
Srimangal,1951,10,397,B59
Srimangal,1951,11,34,B59
Srimangal,1951,12,0,B59
Srimangal,1952,1,0,B59
Srimangal,1952,2,0,B59
Srimangal,1952,3,91,B59
Srimangal,1952,4,111,B59
Srimangal,1952,5,249,B59
Srimangal,1952,6,319,B59
Srimangal,1952,7,520,B59
Srimangal,1952,8,495,B59
Srimangal,1952,9,209,B59
Srimangal,1952,10,298,B59
Srimangal,1952,11,66,B59
Srimangal,1952,12,0,B59
Srimangal,1953,1,9,B59
Srimangal,1953,2,9,B59
Srimangal,1953,3,114,B59
Srimangal,1953,4,262,B59
Srimangal,1953,5,587,B59
Srimangal,1953,6,650,B59
Srimangal,1953,7,119,B59
Srimangal,1953,8,324,B59
Srimangal,1953,9,418,B59
Srimangal,1953,10,171,B59
Srimangal,1953,11,29,B59
Srimangal,1953,12,0,B59
Srimangal,1954,1,1,B59
Srimangal,1954,2,73,B59
Srimangal,1954,3,95,B59
Srimangal,1954,4,280,B59
Srimangal,1954,5,368,B59
Srimangal,1954,6,653,B59
Srimangal,1954,7,274,B59
Srimangal,1954,8,261,B59
Srimangal,1954,9,269,B59
Srimangal,1954,10,195,B59
Srimangal,1954,12,0,B59
Srimangal,1955,1,3,B59
Srimangal,1955,2,0,B59
Srimangal,1955,3,126,B59
Srimangal,1955,4,210,B59
Srimangal,1955,5,340,B59
Srimangal,1955,6,556,B59
Srimangal,1955,7,347,B59
Srimangal,1955,8,411,B59
Srimangal,1955,9,388,B59
Srimangal,1955,10,47,B59
Srimangal,1955,11,211,B59
Srimangal,1955,12,0,B59
Srimangal,1956,1,11,B59
Srimangal,1956,2,0,B59
Srimangal,1956,3,193,B59
Srimangal,1956,4,217,B59
Srimangal,1956,5,538,B59
Srimangal,1956,6,769,B59
Srimangal,1956,7,461,B59
Srimangal,1956,8,482,B59
Srimangal,1956,9,245,B59
Srimangal,1956,10,59,B59
Srimangal,1956,11,94,B59
Srimangal,1956,12,15,B59
Srimangal,1957,1,32,B59
Srimangal,1957,2,82,B59
Srimangal,1957,3,3,B59
Srimangal,1957,4,202,B59
Srimangal,1957,5,366,B59
Srimangal,1957,6,611,B59
Srimangal,1957,7,277,B59
Srimangal,1957,8,359,B59
Srimangal,1957,9,289,B59
Srimangal,1957,10,90,B59
Srimangal,1957,11,0,B59
Srimangal,1957,12,4,B59
Srimangal,1958,1,6,B59
Srimangal,1958,2,129,B59
Srimangal,1958,3,14,B59
Srimangal,1958,4,154,B59
Srimangal,1958,5,405,B59
Srimangal,1958,6,425,B59
Srimangal,1958,7,334,B59
Srimangal,1958,8,298,B59
Srimangal,1958,9,373,B59
Srimangal,1958,10,270,B59
Srimangal,1958,11,0,B59
Srimangal,1958,12,13,B59
Srimangal,1959,1,69,B59
Srimangal,1959,2,52,B59
Srimangal,1959,3,185,B59
Srimangal,1959,4,123,B59
Srimangal,1959,5,335,B59
Srimangal,1959,6,502,B59
Srimangal,1959,7,403,B59
Srimangal,1959,8,457,B59
Srimangal,1959,9,232,B59
Srimangal,1959,10,219,B59
Srimangal,1959,11,0,B59
Srimangal,1959,12,0,B59
Srimangal,1960,1,0,B59
Srimangal,1960,2,0,B59
Srimangal,1960,3,0,B59
Srimangal,1960,4,0,B59
Srimangal,1960,5,0,B59
Srimangal,1960,6,0,B59
Srimangal,1960,7,0,B59
Srimangal,1960,8,0,B59
Srimangal,1960,9,0,B59
Srimangal,1960,10,140,B59
Srimangal,1960,11,0,B59
Srimangal,1960,12,0,B59
Srimangal,1962,1,15,B59
Srimangal,1962,2,60,B59
Srimangal,1962,3,2,B59
Srimangal,1962,4,115,B59
Srimangal,1962,5,268,B59
Srimangal,1962,6,678,B59
Srimangal,1962,7,379,B59
Srimangal,1962,8,323,B59
Srimangal,1962,9,22,B59
Srimangal,1962,10,109,B59
Srimangal,1962,11,0,B59
Srimangal,1962,12,0,B59
Srimangal,1963,1,0,B59
Srimangal,1963,2,5,B59
Srimangal,1963,3,89,B59
Srimangal,1963,4,288,B59
Srimangal,1963,5,395,B59
Srimangal,1963,6,430,B59
Srimangal,1963,7,310,B59
Srimangal,1963,8,282,B59
Srimangal,1963,9,237,B59
Srimangal,1963,10,398,B59
Srimangal,1963,11,13,B59
Srimangal,1963,12,0,B59
Srimangal,1964,1,9,B59
Srimangal,1964,2,84,B59
Srimangal,1964,3,84,B59
Srimangal,1964,4,432,B59
Srimangal,1964,5,393,B59
Srimangal,1964,6,459,B59
Srimangal,1964,7,455,B59
Srimangal,1964,8,293,B59
Srimangal,1964,9,197,B59
Srimangal,1964,10,374,B59
Srimangal,1964,11,51,B59
Srimangal,1964,12,0,B59
Srimangal,1965,1,0,B59
Srimangal,1965,2,82,B59
Srimangal,1965,3,70,B59
Srimangal,1965,4,59,B59
Srimangal,1965,5,309,B59
Srimangal,1965,6,845,B59
Srimangal,1965,7,206,B59
Srimangal,1965,8,273,B59
Srimangal,1965,10,68,B59
Srimangal,1965,11,67,B59
Srimangal,1965,12,10,B59
Srimangal,1966,1,31,B59
Srimangal,1966,2,0,B59
Srimangal,1966,3,83,B59
Srimangal,1966,4,171,B59
Srimangal,1966,5,436,B59
Srimangal,1966,6,684,B59
Srimangal,1966,7,561,B59
Srimangal,1966,8,403,B59
Srimangal,1966,9,210,B59
Srimangal,1966,10,187,B59
Srimangal,1966,11,41,B59
Srimangal,1966,12,46,B59
Srimangal,1967,1,46,B59
Srimangal,1967,2,0,B59
Srimangal,1967,3,376,B59
Srimangal,1967,4,217,B59
Srimangal,1967,5,206,B59
Srimangal,1967,6,283,B59
Srimangal,1967,7,401,B59
Srimangal,1967,8,304,B59
Srimangal,1967,9,368,B59
Srimangal,1967,10,160,B59
Srimangal,1967,11,0,B59
Srimangal,1967,12,0,B59
Srimangal,1968,1,0,B59
Srimangal,1968,2,0,B59
Srimangal,1968,3,0,B59
Srimangal,1968,4,30,B59
Srimangal,1968,5,459,B59
Srimangal,1968,6,456,B59
Srimangal,1968,7,531,B59
Srimangal,1968,8,544,B59
Srimangal,1968,9,300,B59
Srimangal,1968,10,132,B59
Srimangal,1968,11,25,B59
Srimangal,1968,12,0,B59
Srimangal,1969,1,71,B59
Srimangal,1969,2,0,B59
Srimangal,1969,3,80,B59
Srimangal,1969,4,395,B59
Srimangal,1969,5,21,B59
Srimangal,1969,6,480,B59
Srimangal,1969,7,313,B59
Srimangal,1969,8,523,B59
Srimangal,1969,9,158,B59
Srimangal,1969,10,112,B59
Srimangal,1969,11,22,B59
Srimangal,1969,12,0,B59
Srimangal,1970,1,36,B59
Srimangal,1970,2,6,B59
Srimangal,1970,3,97,B59
Srimangal,1970,4,79,B59
Srimangal,1970,5,79,B59
Srimangal,1970,6,418,B59
Srimangal,1970,7,657,B59
Srimangal,1970,8,267,B59
Srimangal,1970,9,420,B59
Srimangal,1970,10,213,B59
Srimangal,1970,11,31,B59
Srimangal,1970,12,0,B59
Srimangal,1971,1,4,B59
Srimangal,1971,2,0,B59
Srimangal,1971,3,0,B59
Srimangal,1971,7,95,B59
Srimangal,1971,8,212,B59
Srimangal,1971,9,116,B59
Srimangal,1971,10,249,B59
Srimangal,1971,11,99,B59
Srimangal,1971,12,0,B59
Srimangal,1972,1,0,B59
Srimangal,1972,2,42,B59
Srimangal,1972,3,90,B59
Srimangal,1972,4,234,B59
Srimangal,1972,5,269,B59
Srimangal,1972,7,447,B59
Srimangal,1972,8,202,B59
Srimangal,1972,9,191,B59
Srimangal,1972,10,36,B59
Srimangal,1972,11,2,B59
Srimangal,1972,12,0,B59
Srimangal,1973,1,0,B59
Srimangal,1973,2,108,B59
Srimangal,1973,3,16,B59
Srimangal,1973,4,318,B59
Srimangal,1973,5,559,B59
Srimangal,1973,6,553,B59
Srimangal,1973,7,378,B59
Srimangal,1973,8,181,B59
Srimangal,1973,9,150,B59
Srimangal,1973,10,80,B59
Srimangal,1973,11,88,B59
Srimangal,1973,12,37,B59
Srimangal,1974,1,0,B59
Srimangal,1974,2,0,B59
Srimangal,1974,3,27,B59
Srimangal,1974,4,338,B59
Srimangal,1974,5,493,B59
Srimangal,1974,6,677,B59
Srimangal,1974,7,286,B59
Srimangal,1974,10,97,B59
Srimangal,1974,11,16,B59
Srimangal,1974,12,0,B59
Srimangal,1975,1,0,B59
Srimangal,1975,3,0,B59
Srimangal,1975,4,0,B59
Srimangal,1975,5,305,B59
Srimangal,1975,6,285,B59
Srimangal,1975,7,253,B59
Srimangal,1975,9,147,B59
Srimangal,1975,10,106,B59
Srimangal,1975,11,83,B59
Srimangal,1975,12,0,B59
Srimangal,1976,1,0,B59
Srimangal,1976,4,93,B59
Srimangal,1976,6,1285,B59
Srimangal,1976,7,529,B59
Srimangal,1976,8,267,B59
Srimangal,1976,9,606,B59
Srimangal,1976,10,155,B59
Srimangal,1976,12,0,B59
Srimangal,1977,1,0,B59
Srimangal,1977,2,51,B59
Srimangal,1977,3,0,B59
Srimangal,1977,4,695,B59
Srimangal,1977,5,510,B59
Srimangal,1977,6,500,B59
Srimangal,1977,8,311,B59
Srimangal,1977,9,121,B59
Srimangal,1977,10,189,B59
Srimangal,1977,11,92,B59
Srimangal,1977,12,15,B59
Srimangal,1978,1,0,B59
Srimangal,1978,3,33,B59
Srimangal,1978,5,651,B59
Srimangal,1978,6,686,B59
Srimangal,1978,7,240,B59
Srimangal,1978,8,343,B59
Srimangal,1978,9,128,B59
Srimangal,1978,10,51,B59
Srimangal,1978,11,1,B59
Srimangal,1978,12,0,B59
Srimangal,1979,1,2,B59
Srimangal,1979,2,7,B59
Srimangal,1979,3,24,B59
Srimangal,1979,4,135,B59
Srimangal,1979,5,279,B59
Srimangal,1979,6,419,B59
Srimangal,1979,7,451,B59
Srimangal,1979,8,282,B59
Srimangal,1979,9,270,B59
Srimangal,1979,10,39,B59
Srimangal,1979,11,19,B59
Srimangal,1979,12,66,B59
Srimangal,1980,1,0,B59
Srimangal,1980,2,4,B59
Srimangal,1980,3,53,B59
Srimangal,1980,4,113,B59
Srimangal,1980,5,631,B59
Srimangal,1980,6,362,B59
Srimangal,1980,7,294,B59
Srimangal,1980,8,190,B59
Srimangal,1980,9,322,B59
Srimangal,1980,10,213,B59
Srimangal,1980,11,0,B59
Srimangal,1980,12,0,B59
Srimangal,1982,1,0,B59
Srimangal,1982,2,71,B59
Srimangal,1982,3,31,B59
Srimangal,1982,4,320,B59
Srimangal,1982,5,219,B59
Srimangal,1982,6,366,B59
Srimangal,1982,7,291,B59
Srimangal,1982,8,425,B59
Srimangal,1982,9,227,B59
Srimangal,1982,10,44,B59
Srimangal,1982,11,23,B59
Srimangal,1982,12,0,B59
Srimangal,1983,1,1,B59
Srimangal,1983,2,22,B59
Srimangal,1983,3,364,B59
Srimangal,1983,4,403,B59
Srimangal,1983,5,605,B59
Srimangal,1983,6,431,B59
Srimangal,1983,7,268,B59
Srimangal,1983,8,535,B59
Srimangal,1983,9,351,B59
Srimangal,1983,10,124,B59
Srimangal,1983,11,3,B59
Srimangal,1983,12,48,B59
Srimangal,1984,2,0,B59
Srimangal,1984,3,12,B59
Srimangal,1984,4,80,B59
Srimangal,1984,5,1116,B59
Srimangal,1984,6,409,B59
Srimangal,1984,7,213,B59
Srimangal,1984,8,362,B59
Srimangal,1984,9,393,B59
Srimangal,1984,10,153,B59
Srimangal,1984,11,5,B59
Srimangal,1984,12,2,B59
Srimangal,1985,1,5,B59
Srimangal,1985,2,46,B59
Srimangal,1985,3,91,B59
Srimangal,1985,7,136,B59
Srimangal,1985,8,214,B59
Srimangal,1985,9,351,B59
Srimangal,1985,10,50,B59
Srimangal,1985,11,0,B59
Srimangal,1985,12,0,B59
Srimangal,1986,1,3,B59
Srimangal,1986,2,2,B59
Srimangal,1986,3,20,B59
Srimangal,1986,4,525,B59
Srimangal,1986,5,196,B59
Srimangal,1986,6,406,B59
Srimangal,1986,7,215,B59
Srimangal,1986,8,278,B59
Srimangal,1986,9,281,B59
Srimangal,1986,10,411,B59
Srimangal,1986,11,191,B59
Srimangal,1986,12,0,B59
Srimangal,1987,1,9,B59
Srimangal,1987,2,2,B59
Srimangal,1987,3,65,B59
Srimangal,1987,4,319,B59
Srimangal,1987,5,169,B59
Srimangal,1987,6,272,B59
Srimangal,1987,7,359,B59
Srimangal,1987,8,449,B59
Srimangal,1987,9,220,B59
Srimangal,1987,10,134,B59
Srimangal,1987,11,38,B59
Srimangal,1987,12,10,B59
Srimangal,1988,1,0,B59
Srimangal,1988,2,40,B59
Srimangal,1988,3,208,B59
Srimangal,1988,4,170,B59
Srimangal,1988,5,670,B59
Srimangal,1988,6,435,B59
Srimangal,1988,7,444,B59
Srimangal,1988,8,468,B59
Srimangal,1988,9,278,B59
Srimangal,1988,10,185,B59
Srimangal,1988,11,143,B59
Srimangal,1988,12,14,B59
Srimangal,1989,1,0,B59
Srimangal,1989,2,18,B59
Srimangal,1989,3,29,B59
Srimangal,1989,4,99,B59
Srimangal,1989,5,244,B59
Srimangal,1989,6,369,B59
Srimangal,1989,7,402,B59
Srimangal,1989,8,274,B59
Srimangal,1989,9,345,B59
Srimangal,1989,10,191,B59
Srimangal,1989,11,16,B59
Srimangal,1989,12,2,B59
Srimangal,1990,1,0,B59
Srimangal,1990,2,20,B59
Srimangal,1990,3,185,B59
Srimangal,1990,4,253,B59
Srimangal,1990,5,494,B59
Srimangal,1990,6,356,B59
Srimangal,1990,7,203,B59
Srimangal,1990,8,345,B59
Srimangal,1990,9,359,B59
Srimangal,1990,10,235,B59
Srimangal,1990,11,54,B59
Srimangal,1990,12,7,B59
Srimangal,1991,1,17,B59
Srimangal,1991,2,74,B59
Srimangal,1991,3,29,B59
Srimangal,1991,4,227,B59
Srimangal,1991,5,831,B59
Srimangal,1991,6,382,B59
Srimangal,1991,7,184,B59
Srimangal,1991,8,215,B59
Srimangal,1991,9,420,B59
Srimangal,1991,10,245,B59
Srimangal,1991,11,41,B59
Srimangal,1991,12,163,B59
Srimangal,1992,1,0,B59
Srimangal,1992,2,40,B59
Srimangal,1992,3,33,B59
Srimangal,1992,4,117,B59
Srimangal,1992,5,354,B59
Srimangal,1992,6,238,B59
Srimangal,1992,7,245,B59
Srimangal,1992,8,345,B59
Srimangal,1992,9,188,B59
Srimangal,1992,10,179,B59
Srimangal,1992,11,1,B59
Srimangal,1992,12,1,B59
Srimangal,1993,1,2,B59
Srimangal,1993,2,83,B59
Srimangal,1993,3,50,B59
Srimangal,1993,4,143,B59
Srimangal,1993,5,363,B59
Srimangal,1993,6,748,B59
Srimangal,1993,7,478,B59
Srimangal,1993,8,369,B59
Srimangal,1993,9,338,B59
Srimangal,1993,10,113,B59
Srimangal,1993,11,30,B59
Srimangal,1993,12,0,B59
Srimangal,1994,1,11,B59
Srimangal,1994,2,43,B59
Srimangal,1994,3,244,B59
Srimangal,1994,4,162,B59
Srimangal,1994,5,234,B59
Srimangal,1994,6,186,B59
Srimangal,1994,7,237,B59
Srimangal,1994,8,365,B59
Srimangal,1994,9,159,B59
Srimangal,1994,10,132,B59
Srimangal,1994,11,9,B59
Srimangal,1994,12,0,B59
Srimangal,1995,1,4,B59
Srimangal,1995,2,32,B59
Srimangal,1995,3,47,B59
Srimangal,1995,4,80,B59
Srimangal,1995,5,238,B59
Srimangal,1995,6,569,B59
Srimangal,1995,7,300,B59
Srimangal,1995,8,433,B59
Srimangal,1995,9,214,B59
Srimangal,1995,10,116,B59
Srimangal,1995,11,80,B59
Srimangal,1995,12,0,B59
Srimangal,1996,1,0,B59
Srimangal,1996,2,38,B59
Srimangal,1996,3,135,B59
Srimangal,1996,4,109,B59
Srimangal,1996,5,212,B59
Srimangal,1996,6,427,B59
Srimangal,1996,7,508,B59
Srimangal,1996,8,167,B59
Srimangal,1996,9,238,B59
Srimangal,1996,10,171,B59
Srimangal,1996,11,0,B59
Srimangal,1996,12,0,B59
Srimangal,1997,1,2,B59
Srimangal,1997,2,19,B59
Srimangal,1997,3,57,B59
Srimangal,1997,4,74,B59
Srimangal,1997,5,333,B59
Srimangal,1997,6,416,B59
Srimangal,1997,7,573,B59
Srimangal,1997,8,186,B59
Srimangal,1997,9,395,B59
Srimangal,1997,10,65,B59
Srimangal,1997,11,1,B59
Srimangal,1997,12,28,B59
Srimangal,1998,1,12,B59
Srimangal,1998,2,1,B59
Srimangal,1998,3,103,B59
Srimangal,1998,4,196,B59
Srimangal,1998,5,229,B59
Srimangal,1998,6,247,B59
Srimangal,1998,7,508,B59
Srimangal,1998,8,250,B59
Srimangal,1998,9,204,B59
Srimangal,1998,10,95,B59
Srimangal,1998,11,79,B59
Srimangal,1998,12,0,B59
Srimangal,1999,1,0,B59
Srimangal,1999,2,0,B59
Srimangal,1999,3,26,B59
Srimangal,1999,4,9,B59
Srimangal,1999,5,433,B59
Srimangal,1999,6,275,B59
Srimangal,1999,7,457,B59
Srimangal,1999,8,259,B59
Srimangal,1999,9,307,B59
Srimangal,1999,10,349,B59
Srimangal,1999,11,0,B59
Srimangal,1999,12,1,B59
Srimangal,2000,1,49,B59
Srimangal,2000,2,31,B59
Srimangal,2000,3,224,B59
Srimangal,2000,4,318,B59
Srimangal,2000,5,823,B59
Srimangal,2000,6,464,B59
Srimangal,2000,7,189,B59
Srimangal,2000,8,490,B59
Srimangal,2000,9,273,B59
Srimangal,2000,10,298,B59
Srimangal,2000,11,2,B59
Srimangal,2000,12,0,B59
Srimangal,2001,1,0,B59
Srimangal,2001,2,131,B59
Srimangal,2001,3,100,B59
Srimangal,2001,4,154,B59
Srimangal,2001,5,504,B59
Srimangal,2001,6,747,B59
Srimangal,2001,7,302,B59
Srimangal,2001,8,405,B59
Srimangal,2001,9,208,B59
Srimangal,2001,10,304,B59
Srimangal,2001,11,55,B59
Srimangal,2001,12,0,B59
Srimangal,2002,1,15,B59
Srimangal,2002,2,0,B59
Srimangal,2002,3,147,B59
Srimangal,2002,4,383,B59
Srimangal,2002,5,572,B59
Srimangal,2002,6,529,B59
Srimangal,2002,7,541,B59
Srimangal,2002,8,464,B59
Srimangal,2002,9,307,B59
Srimangal,2002,10,117,B59
Srimangal,2002,11,90,B59
Srimangal,2002,12,0,B59
Srimangal,2003,1,0,B59
Srimangal,2003,2,4,B59
Srimangal,2003,3,65,B59
Srimangal,2003,4,215,B59
Srimangal,2003,5,367,B59
Srimangal,2003,6,640,B59
Srimangal,2003,7,231,B59
Srimangal,2003,8,204,B59
Srimangal,2003,9,268,B59
Srimangal,2003,10,247,B59
Srimangal,2003,11,0,B59
Srimangal,2003,12,54,B59
Srimangal,2004,1,0,B59
Srimangal,2004,2,0,B59
Srimangal,2004,3,10,B59
Srimangal,2004,4,657,B59
Srimangal,2004,5,447,B59
Srimangal,2004,6,458,B59
Srimangal,2004,7,889,B59
Srimangal,2004,8,184,B59
Srimangal,2004,9,331,B59
Srimangal,2004,10,80,B59
Srimangal,2004,11,0,B59
Srimangal,2004,12,0,B59
Srimangal,2005,1,0,B59
Srimangal,2005,2,71,B59
Srimangal,2005,3,162,B59
Srimangal,2005,4,155,B59
Srimangal,2005,5,615,B59
Srimangal,2005,6,294,B59
Srimangal,2005,7,330,B59
Srimangal,2005,8,268,B59
Srimangal,2005,9,320,B59
Srimangal,2005,10,159,B59
Srimangal,2005,11,0,B59
Srimangal,2005,12,1,B59
Srimangal,2006,1,0,B59
Srimangal,2006,2,3,B59
Srimangal,2006,3,1,B59
Srimangal,2006,4,195,B59
Srimangal,2006,5,364,B59
Srimangal,2006,6,478,B59
Srimangal,2006,7,271,B59
Srimangal,2006,8,325,B59
Srimangal,2006,9,165,B59
Srimangal,2006,10,150,B59
Srimangal,2006,11,15,B59
Srimangal,2006,12,0,B59
Srimangal,2007,1,0,B59
Srimangal,2007,2,68,B59
Srimangal,2007,3,69,B59
Srimangal,2007,4,293,B59
Srimangal,2007,5,214,B59
Srimangal,2007,6,622,B59
Srimangal,2007,7,245,B59
Srimangal,2007,8,362,B59
Srimangal,2007,9,333,B59
Srimangal,2007,10,152,B59
Srimangal,2007,11,159,B59
Srimangal,2007,12,0,B59
Srimangal,2008,1,32,B59
Srimangal,2008,2,24,B59
Srimangal,2008,3,39,B59
Srimangal,2008,4,42,B59
Srimangal,2008,5,296,B59
Srimangal,2008,6,281,B59
Srimangal,2008,7,319,B59
Srimangal,2008,8,411,B59
Srimangal,2008,9,158,B59
Srimangal,2008,10,273,B59
Srimangal,2008,11,0,B59
Srimangal,2008,12,0,B59
Srimangal,2009,1,0,B59
Srimangal,2009,2,1,B59
Srimangal,2009,3,47,B59
Srimangal,2009,4,138,B59
Srimangal,2009,5,713,B59
Srimangal,2009,6,374,B59
Srimangal,2009,7,331,B59
Srimangal,2009,8,433,B59
Srimangal,2009,9,333,B59
Srimangal,2009,10,69,B59
Srimangal,2009,11,13,B59
Srimangal,2009,12,0,B59
Srimangal,2010,1,0,B59
Srimangal,2010,2,0,B59
Srimangal,2010,3,48,B59
Srimangal,2010,4,228,B59
Srimangal,2010,5,560,B59
Srimangal,2010,6,440,B59
Srimangal,2010,7,217,B59
Srimangal,2010,8,311,B59
Srimangal,2010,9,229,B59
Srimangal,2010,10,203,B59
Srimangal,2010,11,1,B59
Srimangal,2010,12,53,B59
Srimangal,2011,1,6,B59
Srimangal,2011,2,7,B59
Srimangal,2011,3,56,B59
Srimangal,2011,4,96,B59
Srimangal,2011,5,595,B59
Srimangal,2011,6,401,B59
Srimangal,2011,7,401,B59
Srimangal,2011,8,307,B59
Srimangal,2011,9,108,B59
Srimangal,2011,10,73,B59
Srimangal,2011,11,0,B59
Srimangal,2011,12,0,B59
Srimangal,2012,1,3,B59
Srimangal,2012,2,0,B59
Srimangal,2012,3,17,B59
Srimangal,2012,4,290,B59
Srimangal,2012,5,268,B59
Srimangal,2012,6,518,B59
Srimangal,2012,7,125,B59
Srimangal,2012,8,353,B59
Srimangal,2012,9,139,B59
Srimangal,2012,10,193,B59
Srimangal,2012,11,21,B59
Srimangal,2012,12,0,B59
Srimangal,2013,1,0,B59
Srimangal,2013,2,9,B59
Srimangal,2013,3,31,B59
Srimangal,2013,4,104,B59
Srimangal,2013,5,783,B59
Srimangal,2013,6,301,B59
Srimangal,2013,7,294,B59
Srimangal,2013,8,420,B59
Srimangal,2013,9,241,B59
Srimangal,2013,10,159,B59
Srimangal,2013,11,5,B59
Srimangal,2013,12,5,B59
Srimangal,2014,1,0,B59
Srimangal,2014,2,13,B59
Srimangal,2014,3,49,B59
Srimangal,2014,4,96,B59
Srimangal,2014,5,380,B59
Srimangal,2014,6,457,B59
Srimangal,2014,7,332,B59
Srimangal,2014,8,394,B59
Srimangal,2014,9,487,B59
Srimangal,2014,10,74,B59
Srimangal,2014,11,0,B59
Srimangal,2014,12,0,B59
Srimangal,2015,1,5,B59
Srimangal,2015,2,48,B59
Srimangal,2015,3,26,B59
Srimangal,2015,4,376,B59
Srimangal,2015,5,511,B59
Srimangal,2015,6,230,B59
Srimangal,2015,7,579,B59
Srimangal,2015,8,421,B59
Srimangal,2015,9,186,B59
Srimangal,2015,10,104,B59
Srimangal,2015,11,21,B59
Srimangal,2015,12,11,B59
Srimangal,2016,1,2,B59
Srimangal,2016,2,131,B59
Srimangal,2016,3,94,B59
Srimangal,2016,4,303,B59
Srimangal,2016,5,475,B59
Srimangal,2016,6,387,B59
Srimangal,2016,7,185,B59
Srimangal,2016,8,307,B59
Srimangal,2016,9,207,B59
Srimangal,2016,10,227,B59
Srimangal,2016,11,228,B59
Srimangal,2016,12,0,B59
Srimangal,2017,1,0,B59
Srimangal,2017,2,1,B59
Srimangal,2017,3,237,B59
Srimangal,2017,4,641,B59
Srimangal,2017,5,362,B59
Srimangal,2017,6,925,B59
Srimangal,2017,7,237,B59
Srimangal,2017,8,462,B59
Srimangal,2017,9,463,B59
Srimangal,2017,10,355,B59
Srimangal,2017,11,12,B59
Srimangal,2017,12,118,B59
Srimangal,2018,1,34,B59
Srimangal,2018,2,19,B59
Srimangal,2018,3,49,B59
Srimangal,2018,4,173,B59
Srimangal,2018,5,635,B59
Srimangal,2018,6,383,B59
Srimangal,2018,7,183,B59
Srimangal,2018,8,366,B59
Srimangal,2018,9,174,B59
Srimangal,2018,10,118,B59
Srimangal,2018,11,2,B59
Srimangal,2018,12,50,B59
Srimangal,2019,1,0,B59
Srimangal,2019,2,42,B59
Srimangal,2019,3,34,B59
Srimangal,2019,4,131,B59
Srimangal,2019,5,439,B59
Srimangal,2019,6,465,B59
Srimangal,2019,7,485,B59
Srimangal,2019,8,177,B59
Srimangal,2019,9,205,B59
Srimangal,2019,10,205,B59
Srimangal,2019,11,28,B59
Srimangal,2019,12,3,B59
Srimangal,2020,1,20,B59
Srimangal,2020,2,0,B59
Srimangal,2020,3,4,B59
Srimangal,2020,4,274,B59
Srimangal,2020,5,333,B59
Srimangal,2020,6,504,B59
Srimangal,2020,7,383,B59
Srimangal,2020,8,219,B59
Srimangal,2020,9,344,B59
Srimangal,2020,10,196,B59
Srimangal,2020,11,9,B59
Srimangal,2020,12,0,B59
Srimangal,2021,1,3,B59
Srimangal,2021,2,0,B59
Srimangal,2021,3,109,B59
Srimangal,2021,4,39,B59
Srimangal,2021,5,238,B59
Srimangal,2021,6,228,B59
Srimangal,2021,7,233,B59
Srimangal,2021,8,436,B59
Srimangal,2021,9,170,B59
Srimangal,2021,10,165,B59
Srimangal,2021,11,2,B59
Srimangal,2021,12,66,B59
Srimangal,2023,1,0,B59
Srimangal,2023,2,1,B59
Srimangal,2023,3,114,B59
Srimangal,2023,4,98,B59
Srimangal,2023,5,184,B59
Srimangal,2023,6,613,B59
Srimangal,2023,7,309,B59
Srimangal,2023,8,379,B59
Srimangal,2023,9,232,B59
Srimangal,2023,10,135,B59
Srimangal,2023,11,109,B59
Srimangal,2023,12,37,B59
Srimangal,2022,1,21,B59
Srimangal,2022,2,27,B59
Srimangal,2022,3,30,B59
Srimangal,2022,4,102,B59
Srimangal,2022,5,613,B59
Srimangal,2022,6,553,B59
Srimangal,2022,7,257,B59
Srimangal,2022,8,411,B59
Srimangal,2022,9,304,B59
Srimangal,2022,10,446,B59
Srimangal,2022,11,0,B59
Srimangal,2022,12,1,B59
Sayedpur,1991,1,13,B59
Sayedpur,1991,2,0,B59
Sayedpur,1991,3,16,B59
Sayedpur,1991,4,4,B59
Sayedpur,1991,5,245,B59
Sayedpur,1991,6,497,B59
Sayedpur,1991,7,81,B59
Sayedpur,1991,8,183,B59
Sayedpur,1991,9,748,B59
Sayedpur,1991,10,20,B59
Sayedpur,1991,11,0,B59
Sayedpur,1991,12,29,B59
Sayedpur,1992,1,16,B59
Sayedpur,1992,2,5,B59
Sayedpur,1992,3,0,B59
Sayedpur,1992,4,0,B59
Sayedpur,1992,5,133,B59
Sayedpur,1992,6,219,B59
Sayedpur,1992,7,318,B59
Sayedpur,1992,8,317,B59
Sayedpur,1992,9,498,B59
Sayedpur,1992,10,74,B59
Sayedpur,1992,11,2,B59
Sayedpur,1992,12,12,B59
Sayedpur,1993,1,38,B59
Sayedpur,1993,2,0,B59
Sayedpur,1993,3,45,B59
Sayedpur,1993,4,58,B59
Sayedpur,1993,5,201,B59
Sayedpur,1993,6,700,B59
Sayedpur,1993,7,293,B59
Sayedpur,1993,8,360,B59
Sayedpur,1993,9,383,B59
Sayedpur,1993,10,86,B59
Sayedpur,1993,11,38,B59
Sayedpur,1993,12,0,B59
Sayedpur,1994,1,19,B59
Sayedpur,1994,2,40,B59
Sayedpur,1994,3,21,B59
Sayedpur,1994,4,49,B59
Sayedpur,1994,5,143,B59
Sayedpur,1994,6,224,B59
Sayedpur,1994,7,176,B59
Sayedpur,1994,8,75,B59
Sayedpur,1994,9,255,B59
Sayedpur,1994,10,242,B59
Sayedpur,1994,11,0,B59
Sayedpur,1994,12,0,B59
Sayedpur,1995,1,5,B59
Sayedpur,1995,2,11,B59
Sayedpur,1995,3,3,B59
Sayedpur,1995,4,0,B59
Sayedpur,1995,5,46,B59
Sayedpur,1995,6,576,B59
Sayedpur,1995,7,431,B59
Sayedpur,1995,8,325,B59
Sayedpur,1995,9,890,B59
Sayedpur,1995,10,80,B59
Sayedpur,1995,11,81,B59
Sayedpur,1995,12,4,B59
Sayedpur,1996,1,18,B59
Sayedpur,1996,2,0,B59
Sayedpur,1996,3,0,B59
Sayedpur,1996,4,10,B59
Sayedpur,1996,5,195,B59
Sayedpur,1996,6,259,B59
Sayedpur,1996,7,501,B59
Sayedpur,1996,8,227,B59
Sayedpur,1996,9,468,B59
Sayedpur,1996,10,101,B59
Sayedpur,1996,11,0,B59
Sayedpur,1996,12,0,B59
Sayedpur,1997,1,25,B59
Sayedpur,1997,2,10,B59
Sayedpur,1997,3,0,B59
Sayedpur,1997,4,77,B59
Sayedpur,1997,5,214,B59
Sayedpur,1997,6,396,B59
Sayedpur,1997,7,640,B59
Sayedpur,1997,8,257,B59
Sayedpur,1997,9,272,B59
Sayedpur,1997,10,44,B59
Sayedpur,1997,11,2,B59
Sayedpur,1997,12,26,B59
Sayedpur,1998,1,0,B59
Sayedpur,1998,2,10,B59
Sayedpur,1998,3,23,B59
Sayedpur,1998,4,148,B59
Sayedpur,1998,5,217,B59
Sayedpur,1998,6,322,B59
Sayedpur,1998,7,725,B59
Sayedpur,1998,8,838,B59
Sayedpur,1998,9,472,B59
Sayedpur,1998,10,381,B59
Sayedpur,1998,11,0,B59
Sayedpur,1998,12,3,B59
Sayedpur,1999,1,0,B59
Sayedpur,1999,2,0,B59
Sayedpur,1999,3,0,B59
Sayedpur,1999,4,67,B59
Sayedpur,1999,5,532,B59
Sayedpur,1999,6,339,B59
Sayedpur,1999,7,659,B59
Sayedpur,1999,8,951,B59
Sayedpur,1999,9,444,B59
Sayedpur,1999,10,144,B59
Sayedpur,1999,11,9,B59
Sayedpur,1999,12,0,B59
Sayedpur,2000,1,0,B59
Sayedpur,2000,2,1,B59
Sayedpur,2000,3,2,B59
Sayedpur,2000,4,219,B59
Sayedpur,2000,5,303,B59
Sayedpur,2000,6,368,B59
Sayedpur,2000,7,138,B59
Sayedpur,2000,8,206,B59
Sayedpur,2000,9,201,B59
Sayedpur,2000,10,27,B59
Sayedpur,2000,11,1,B59
Sayedpur,2000,12,0,B59
Sayedpur,2001,1,2,B59
Sayedpur,2001,2,1,B59
Sayedpur,2001,3,0,B59
Sayedpur,2001,4,34,B59
Sayedpur,2001,5,296,B59
Sayedpur,2001,6,456,B59
Sayedpur,2001,7,215,B59
Sayedpur,2001,8,174,B59
Sayedpur,2001,9,619,B59
Sayedpur,2001,10,474,B59
Sayedpur,2001,11,10,B59
Sayedpur,2001,12,0,B59
Sayedpur,2002,1,11,B59
Sayedpur,2002,2,5,B59
Sayedpur,2002,3,162,B59
Sayedpur,2002,4,380,B59
Sayedpur,2002,5,137,B59
Sayedpur,2002,6,755,B59
Sayedpur,2002,7,865,B59
Sayedpur,2002,8,215,B59
Sayedpur,2002,9,307,B59
Sayedpur,2002,10,27,B59
Sayedpur,2002,11,6,B59
Sayedpur,2002,12,0,B59
Sayedpur,2003,1,7,B59
Sayedpur,2003,2,25,B59
Sayedpur,2003,3,143,B59
Sayedpur,2003,4,181,B59
Sayedpur,2003,5,238,B59
Sayedpur,2003,6,703,B59
Sayedpur,2003,7,462,B59
Sayedpur,2003,8,148,B59
Sayedpur,2003,9,230,B59
Sayedpur,2003,10,425,B59
Sayedpur,2003,11,0,B59
Sayedpur,2003,12,29,B59
Sayedpur,2004,1,4,B59
Sayedpur,2004,2,0,B59
Sayedpur,2004,3,21,B59
Sayedpur,2004,4,138,B59
Sayedpur,2004,5,435,B59
Sayedpur,2004,6,546,B59
Sayedpur,2004,7,735,B59
Sayedpur,2004,8,253,B59
Sayedpur,2004,9,340,B59
Sayedpur,2004,10,313,B59
Sayedpur,2004,11,1,B59
Sayedpur,2004,12,1,B59
Sayedpur,2005,1,13,B59
Sayedpur,2005,2,6,B59
Sayedpur,2005,3,51,B59
Sayedpur,2005,4,57,B59
Sayedpur,2005,5,147,B59
Sayedpur,2005,6,505,B59
Sayedpur,2005,7,637,B59
Sayedpur,2005,8,516,B59
Sayedpur,2005,9,158,B59
Sayedpur,2005,10,560,B59
Sayedpur,2005,11,0,B59
Sayedpur,2005,12,0,B59
Sayedpur,2006,1,0,B59
Sayedpur,2006,2,0,B59
Sayedpur,2006,3,2,B59
Sayedpur,2006,4,90,B59
Sayedpur,2006,5,633,B59
Sayedpur,2006,6,525,B59
Sayedpur,2006,7,211,B59
Sayedpur,2006,8,74,B59
Sayedpur,2006,9,404,B59
Sayedpur,2006,10,76,B59
Sayedpur,2006,11,20,B59
Sayedpur,2006,12,18,B59
Sayedpur,2007,1,0,B59
Sayedpur,2007,2,9,B59
Sayedpur,2007,3,8,B59
Sayedpur,2007,4,84,B59
Sayedpur,2007,5,138,B59
Sayedpur,2007,6,385,B59
Sayedpur,2007,7,432,B59
Sayedpur,2007,8,257,B59
Sayedpur,2007,9,466,B59
Sayedpur,2007,10,64,B59
Sayedpur,2007,11,46,B59
Sayedpur,2007,12,0,B59
Sayedpur,2008,1,32,B59
Sayedpur,2008,2,1,B59
Sayedpur,2008,3,19,B59
Sayedpur,2008,4,29,B59
Sayedpur,2008,5,253,B59
Sayedpur,2008,6,572,B59
Sayedpur,2008,7,453,B59
Sayedpur,2008,8,408,B59
Sayedpur,2008,9,128,B59
Sayedpur,2008,10,44,B59
Sayedpur,2008,11,0,B59
Sayedpur,2008,12,0,B59
Sayedpur,2009,1,0,B59
Sayedpur,2009,2,0,B59
Sayedpur,2009,3,15,B59
Sayedpur,2009,4,93,B59
Sayedpur,2009,5,317,B59
Sayedpur,2009,6,251,B59
Sayedpur,2009,7,501,B59
Sayedpur,2009,8,558,B59
Sayedpur,2009,9,186,B59
Sayedpur,2009,10,232,B59
Sayedpur,2009,11,0,B59
Sayedpur,2009,12,0,B59
Sayedpur,2010,1,0,B59
Sayedpur,2010,2,0,B59
Sayedpur,2010,3,0,B59
Sayedpur,2010,4,131,B59
Sayedpur,2010,5,202,B59
Sayedpur,2010,6,642,B59
Sayedpur,2010,7,288,B59
Sayedpur,2010,8,263,B59
Sayedpur,2010,9,259,B59
Sayedpur,2010,10,163,B59
Sayedpur,2010,11,2,B59
Sayedpur,2010,12,1,B59
Sayedpur,2011,1,0,B59
Sayedpur,2011,2,19,B59
Sayedpur,2011,3,28,B59
Sayedpur,2011,4,50,B59
Sayedpur,2011,5,283,B59
Sayedpur,2011,6,223,B59
Sayedpur,2011,7,409,B59
Sayedpur,2011,8,559,B59
Sayedpur,2011,9,318,B59
Sayedpur,2011,10,0,B59
Sayedpur,2011,11,1,B59
Sayedpur,2011,12,0,B59
Sayedpur,2012,1,6,B59
Sayedpur,2012,2,6,B59
Sayedpur,2012,3,3,B59
Sayedpur,2012,4,91,B59
Sayedpur,2012,5,148,B59
Sayedpur,2012,6,328,B59
Sayedpur,2012,7,456,B59
Sayedpur,2012,8,97,B59
Sayedpur,2012,9,628,B59
Sayedpur,2012,10,27,B59
Sayedpur,2012,11,0,B59
Sayedpur,2012,12,0,B59
Sayedpur,2013,1,0,B59
Sayedpur,2013,2,14,B59
Sayedpur,2013,3,3,B59
Sayedpur,2013,4,58,B59
Sayedpur,2013,5,206,B59
Sayedpur,2013,6,310,B59
Sayedpur,2013,7,245,B59
Sayedpur,2013,8,388,B59
Sayedpur,2013,9,161,B59
Sayedpur,2013,10,337,B59
Sayedpur,2013,11,0,B59
Sayedpur,2013,12,0,B59
Sayedpur,2014,1,0,B59
Sayedpur,2014,2,26,B59
Sayedpur,2014,3,7,B59
Sayedpur,2014,4,6,B59
Sayedpur,2014,5,157,B59
Sayedpur,2014,6,366,B59
Sayedpur,2014,7,200,B59
Sayedpur,2014,8,470,B59
Sayedpur,2014,9,411,B59
Sayedpur,2014,10,45,B59
Sayedpur,2014,11,0,B59
Sayedpur,2014,12,0,B59
Sayedpur,2015,1,27,B59
Sayedpur,2015,2,3,B59
Sayedpur,2015,3,32,B59
Sayedpur,2015,4,85,B59
Sayedpur,2015,5,233,B59
Sayedpur,2015,6,300,B59
Sayedpur,2015,7,232,B59
Sayedpur,2015,8,562,B59
Sayedpur,2015,9,386,B59
Sayedpur,2015,10,25,B59
Sayedpur,2015,11,0,B59
Sayedpur,2015,12,0,B59
Sayedpur,2016,1,10,B59
Sayedpur,2016,2,1,B59
Sayedpur,2016,3,47,B59
Sayedpur,2016,4,26,B59
Sayedpur,2016,5,269,B59
Sayedpur,2016,6,125,B59
Sayedpur,2016,7,368,B59
Sayedpur,2016,8,90,B59
Sayedpur,2016,9,335,B59
Sayedpur,2016,10,102,B59
Sayedpur,2016,11,0,B59
Sayedpur,2016,12,6,B59
Sayedpur,2017,1,3,B59
Sayedpur,2017,2,0,B59
Sayedpur,2017,3,50,B59
Sayedpur,2017,4,178,B59
Sayedpur,2017,5,260,B59
Sayedpur,2017,6,255,B59
Sayedpur,2017,7,335,B59
Sayedpur,2017,8,739,B59
Sayedpur,2017,9,107,B59
Sayedpur,2017,10,200,B59
Sayedpur,2017,11,0,B59
Sayedpur,2017,12,0,B59
Sayedpur,2018,1,0,B59
Sayedpur,2018,2,0,B59
Sayedpur,2018,3,25,B59
Sayedpur,2018,4,171,B59
Sayedpur,2018,5,144,B59
Sayedpur,2018,6,416,B59
Sayedpur,2018,7,207,B59
Sayedpur,2018,8,256,B59
Sayedpur,2018,9,245,B59
Sayedpur,2018,10,20,B59
Sayedpur,2018,11,0,B59
Sayedpur,2018,12,9,B59
Sayedpur,2019,1,0,B59
Sayedpur,2019,2,42,B59
Sayedpur,2019,3,1,B59
Sayedpur,2019,4,114,B59
Sayedpur,2019,5,192,B59
Sayedpur,2019,6,344,B59
Sayedpur,2019,7,519,B59
Sayedpur,2019,8,299,B59
Sayedpur,2019,9,509,B59
Sayedpur,2019,10,110,B59
Sayedpur,2019,11,0,B59
Sayedpur,2019,12,0,B59
Sayedpur,2020,1,6,B59
Sayedpur,2020,2,9,B59
Sayedpur,2020,3,21,B59
Sayedpur,2020,4,100,B59
Sayedpur,2020,5,412,B59
Sayedpur,2020,6,433,B59
Sayedpur,2020,7,629,B59
Sayedpur,2020,8,253,B59
Sayedpur,2020,9,794,B59
Sayedpur,2020,10,15,B59
Sayedpur,2020,11,0,B59
Sayedpur,2020,12,0,B59
Sayedpur,2021,1,0,B59
Sayedpur,2021,2,0,B59
Sayedpur,2021,3,0,B59
Sayedpur,2021,4,52,B59
Sayedpur,2021,5,291,B59
Sayedpur,2021,6,245,B59
Sayedpur,2021,7,306,B59
Sayedpur,2021,8,548,B59
Sayedpur,2021,9,233,B59
Sayedpur,2021,10,350,B59
Sayedpur,2021,11,0,B59
Sayedpur,2021,12,4,B59
Sayedpur,2022,1,12,B59
Sayedpur,2022,2,71,B59
Sayedpur,2022,3,0,B59
Sayedpur,2022,4,196,B59
Sayedpur,2022,5,290,B59
Sayedpur,2022,6,376,B59
Sayedpur,2022,7,121,B59
Sayedpur,2022,8,191,B59
Sayedpur,2022,9,251,B59
Sayedpur,2022,10,70,B59
Sayedpur,2022,11,0,B59
Sayedpur,2022,12,0,B59
Sylhet,1956,2,0,B59
Sylhet,1956,3,2,B59
Sylhet,1956,4,229,B59
Sylhet,1956,5,907,B59
Sylhet,1956,6,977,B59
Sylhet,1956,7,872,B59
Sylhet,1956,8,605,B59
Sylhet,1956,9,218,B59
Sylhet,1956,10,153,B59
Sylhet,1956,11,8,B59
Sylhet,1956,12,6,B59
Sylhet,1957,1,48,B59
Sylhet,1957,2,7,B59
Sylhet,1957,3,8,B59
Sylhet,1957,4,104,B59
Sylhet,1957,5,893,B59
Sylhet,1957,6,625,B59
Sylhet,1957,7,447,B59
Sylhet,1957,8,524,B59
Sylhet,1957,9,315,B59
Sylhet,1957,10,129,B59
Sylhet,1957,11,0,B59
Sylhet,1957,12,0,B59
Sylhet,1958,1,3,B59
Sylhet,1958,2,111,B59
Sylhet,1958,3,30,B59
Sylhet,1958,4,261,B59
Sylhet,1958,5,667,B59
Sylhet,1958,6,815,B59
Sylhet,1958,7,277,B59
Sylhet,1958,8,640,B59
Sylhet,1958,9,453,B59
Sylhet,1958,10,395,B59
Sylhet,1958,11,21,B59
Sylhet,1958,12,17,B59
Sylhet,1959,1,20,B59
Sylhet,1959,2,15,B59
Sylhet,1959,3,124,B59
Sylhet,1959,4,261,B59
Sylhet,1959,5,800,B59
Sylhet,1959,6,1106,B59
Sylhet,1959,7,472,B59
Sylhet,1959,8,600,B59
Sylhet,1959,9,710,B59
Sylhet,1959,10,481,B59
Sylhet,1959,11,0,B59
Sylhet,1959,12,0,B59
Sylhet,1960,1,0,B59
Sylhet,1960,2,0,B59
Sylhet,1960,3,71,B59
Sylhet,1960,4,38,B59
Sylhet,1960,5,426,B59
Sylhet,1960,6,483,B59
Sylhet,1960,7,1118,B59
Sylhet,1960,8,374,B59
Sylhet,1960,9,540,B59
Sylhet,1960,10,95,B59
Sylhet,1960,11,13,B59
Sylhet,1960,12,0,B59
Sylhet,1961,3,33,B59
Sylhet,1961,4,182,B59
Sylhet,1961,5,605,B59
Sylhet,1961,6,922,B59
Sylhet,1961,7,487,B59
Sylhet,1961,8,509,B59
Sylhet,1961,9,470,B59
Sylhet,1961,10,90,B59
Sylhet,1961,11,0,B59
Sylhet,1961,12,0,B59
Sylhet,1962,1,6,B59
Sylhet,1962,2,64,B59
Sylhet,1962,3,2,B59
Sylhet,1962,4,218,B59
Sylhet,1962,5,318,B59
Sylhet,1962,6,918,B59
Sylhet,1962,7,371,B59
Sylhet,1962,8,822,B59
Sylhet,1962,9,178,B59
Sylhet,1962,10,103,B59
Sylhet,1962,11,0,B59
Sylhet,1962,12,0,B59
Sylhet,1963,1,0,B59
Sylhet,1963,2,19,B59
Sylhet,1963,3,57,B59
Sylhet,1963,4,208,B59
Sylhet,1963,5,467,B59
Sylhet,1963,6,810,B59
Sylhet,1963,7,681,B59
Sylhet,1963,8,557,B59
Sylhet,1963,9,512,B59
Sylhet,1963,10,180,B59
Sylhet,1963,11,8,B59
Sylhet,1963,12,0,B59
Sylhet,1964,1,25,B59
Sylhet,1964,2,25,B59
Sylhet,1964,3,80,B59
Sylhet,1964,4,526,B59
Sylhet,1964,5,484,B59
Sylhet,1964,6,1294,B59
Sylhet,1964,7,1116,B59
Sylhet,1964,8,538,B59
Sylhet,1964,9,582,B59
Sylhet,1964,10,288,B59
Sylhet,1964,11,0,B59
Sylhet,1964,12,0,B59
Sylhet,1965,1,0,B59
Sylhet,1965,2,134,B59
Sylhet,1965,3,71,B59
Sylhet,1965,4,280,B59
Sylhet,1965,5,373,B59
Sylhet,1965,6,916,B59
Sylhet,1965,7,508,B59
Sylhet,1965,8,666,B59
Sylhet,1965,9,550,B59
Sylhet,1965,10,165,B59
Sylhet,1965,11,94,B59
Sylhet,1965,12,6,B59
Sylhet,1966,1,0,B59
Sylhet,1966,2,2,B59
Sylhet,1966,3,29,B59
Sylhet,1966,4,207,B59
Sylhet,1966,6,404,B59
Sylhet,1966,7,1075,B59
Sylhet,1966,8,958,B59
Sylhet,1966,9,537,B59
Sylhet,1966,10,26,B59
Sylhet,1967,1,47,B59
Sylhet,1967,2,57,B59
Sylhet,1967,3,122,B59
Sylhet,1967,4,307,B59
Sylhet,1967,5,317,B59
Sylhet,1967,6,1019,B59
Sylhet,1967,7,618,B59
Sylhet,1967,8,399,B59
Sylhet,1967,9,573,B59
Sylhet,1967,10,83,B59
Sylhet,1967,11,0,B59
Sylhet,1967,12,0,B59
Sylhet,1968,1,20,B59
Sylhet,1968,2,3,B59
Sylhet,1968,3,102,B59
Sylhet,1968,4,261,B59
Sylhet,1968,5,660,B59
Sylhet,1968,6,815,B59
Sylhet,1968,7,812,B59
Sylhet,1968,8,826,B59
Sylhet,1968,9,630,B59
Sylhet,1968,10,129,B59
Sylhet,1968,11,19,B59
Sylhet,1968,12,0,B59
Sylhet,1969,1,12,B59
Sylhet,1969,2,0,B59
Sylhet,1969,3,187,B59
Sylhet,1969,4,376,B59
Sylhet,1969,5,459,B59
Sylhet,1969,6,704,B59
Sylhet,1969,7,738,B59
Sylhet,1969,8,964,B59
Sylhet,1969,9,162,B59
Sylhet,1969,10,115,B59
Sylhet,1969,11,40,B59
Sylhet,1969,12,0,B59
Sylhet,1970,1,62,B59
Sylhet,1970,2,65,B59
Sylhet,1970,3,60,B59
Sylhet,1970,4,466,B59
Sylhet,1970,5,851,B59
Sylhet,1970,6,955,B59
Sylhet,1970,7,1076,B59
Sylhet,1970,8,662,B59
Sylhet,1970,9,622,B59
Sylhet,1970,10,608,B59
Sylhet,1970,11,47,B59
Sylhet,1970,12,0,B59
Sylhet,1971,1,22,B59
Sylhet,1971,2,7,B59
Sylhet,1971,3,62,B59
Sylhet,1971,5,11,B59
Sylhet,1971,6,710,B59
Sylhet,1971,7,510,B59
Sylhet,1971,8,571,B59
Sylhet,1971,9,349,B59
Sylhet,1971,10,259,B59
Sylhet,1971,11,85,B59
Sylhet,1972,1,4,B59
Sylhet,1972,2,40,B59
Sylhet,1972,3,110,B59
Sylhet,1972,4,445,B59
Sylhet,1972,5,384,B59
Sylhet,1972,6,829,B59
Sylhet,1972,7,826,B59
Sylhet,1972,8,479,B59
Sylhet,1972,9,353,B59
Sylhet,1972,10,302,B59
Sylhet,1972,11,0,B59
Sylhet,1972,12,0,B59
Sylhet,1974,1,0,B59
Sylhet,1974,2,0,B59
Sylhet,1974,3,81,B59
Sylhet,1974,4,396,B59
Sylhet,1974,5,505,B59
Sylhet,1974,6,1014,B59
Sylhet,1974,7,1128,B59
Sylhet,1974,8,854,B59
Sylhet,1974,9,714,B59
Sylhet,1974,10,448,B59
Sylhet,1974,11,8,B59
Sylhet,1974,12,0,B59
Sylhet,1975,1,0,B59
Sylhet,1975,2,31,B59
Sylhet,1975,3,64,B59
Sylhet,1975,4,255,B59
Sylhet,1975,5,567,B59
Sylhet,1975,7,1061,B59
Sylhet,1975,8,737,B59
Sylhet,1975,9,466,B59
Sylhet,1975,10,171,B59
Sylhet,1975,11,92,B59
Sylhet,1976,1,0,B59
Sylhet,1976,2,11,B59
Sylhet,1976,3,323,B59
Sylhet,1976,4,97,B59
Sylhet,1976,5,437,B59
Sylhet,1976,6,1155,B59
Sylhet,1976,7,1096,B59
Sylhet,1976,8,880,B59
Sylhet,1976,9,224,B59
Sylhet,1976,10,260,B59
Sylhet,1976,11,45,B59
Sylhet,1976,12,0,B59
Sylhet,1977,1,16,B59
Sylhet,1977,2,43,B59
Sylhet,1977,3,133,B59
Sylhet,1977,4,759,B59
Sylhet,1977,5,387,B59
Sylhet,1977,6,787,B59
Sylhet,1977,7,516,B59
Sylhet,1977,8,743,B59
Sylhet,1977,9,104,B59
Sylhet,1977,10,397,B59
Sylhet,1977,11,54,B59
Sylhet,1977,12,4,B59
Sylhet,1978,1,0,B59
Sylhet,1978,2,0,B59
Sylhet,1978,3,50,B59
Sylhet,1978,4,199,B59
Sylhet,1978,5,791,B59
Sylhet,1978,6,870,B59
Sylhet,1978,7,722,B59
Sylhet,1978,8,256,B59
Sylhet,1978,9,335,B59
Sylhet,1978,10,171,B59
Sylhet,1978,11,2,B59
Sylhet,1978,12,0,B59
Sylhet,1979,2,7,B59
Sylhet,1979,3,58,B59
Sylhet,1979,4,119,B59
Sylhet,1979,5,356,B59
Sylhet,1979,6,929,B59
Sylhet,1979,7,1322,B59
Sylhet,1979,8,288,B59
Sylhet,1979,9,587,B59
Sylhet,1979,10,249,B59
Sylhet,1979,11,6,B59
Sylhet,1979,12,33,B59
Sylhet,1980,1,0,B59
Sylhet,1980,2,33,B59
Sylhet,1980,3,114,B59
Sylhet,1980,4,519,B59
Sylhet,1980,5,758,B59
Sylhet,1980,6,457,B59
Sylhet,1980,7,449,B59
Sylhet,1980,8,307,B59
Sylhet,1980,9,154,B59
Sylhet,1980,10,489,B59
Sylhet,1980,11,0,B59
Sylhet,1980,12,0,B59
Sylhet,1981,1,21,B59
Sylhet,1981,2,39,B59
Sylhet,1981,3,109,B59
Sylhet,1981,4,420,B59
Sylhet,1981,5,1000,B59
Sylhet,1981,6,351,B59
Sylhet,1981,7,1113,B59
Sylhet,1981,8,747,B59
Sylhet,1981,9,464,B59
Sylhet,1981,10,43,B59
Sylhet,1981,11,0,B59
Sylhet,1981,12,26,B59
Sylhet,1982,1,0,B59
Sylhet,1982,2,27,B59
Sylhet,1982,3,80,B59
Sylhet,1982,4,732,B59
Sylhet,1982,5,509,B59
Sylhet,1982,6,870,B59
Sylhet,1982,7,807,B59
Sylhet,1982,8,661,B59
Sylhet,1982,9,513,B59
Sylhet,1982,10,29,B59
Sylhet,1982,11,5,B59
Sylhet,1982,12,0,B59
Sylhet,1983,1,1,B59
Sylhet,1983,2,43,B59
Sylhet,1983,3,387,B59
Sylhet,1983,4,500,B59
Sylhet,1983,5,580,B59
Sylhet,1983,6,667,B59
Sylhet,1983,7,952,B59
Sylhet,1983,8,858,B59
Sylhet,1983,9,536,B59
Sylhet,1983,10,278,B59
Sylhet,1983,11,0,B59
Sylhet,1983,12,20,B59
Sylhet,1984,1,8,B59
Sylhet,1984,2,4,B59
Sylhet,1984,3,54,B59
Sylhet,1984,4,296,B59
Sylhet,1984,5,900,B59
Sylhet,1984,6,596,B59
Sylhet,1984,7,820,B59
Sylhet,1984,8,336,B59
Sylhet,1984,9,801,B59
Sylhet,1984,10,300,B59
Sylhet,1984,11,23,B59
Sylhet,1984,12,48,B59
Sylhet,1985,1,0,B59
Sylhet,1985,2,27,B59
Sylhet,1985,3,208,B59
Sylhet,1985,4,541,B59
Sylhet,1985,5,368,B59
Sylhet,1985,6,1083,B59
Sylhet,1985,7,670,B59
Sylhet,1985,8,382,B59
Sylhet,1985,9,596,B59
Sylhet,1985,10,114,B59
Sylhet,1985,11,0,B59
Sylhet,1985,12,22,B59
Sylhet,1986,1,4,B59
Sylhet,1986,2,2,B59
Sylhet,1986,3,41,B59
Sylhet,1986,4,380,B59
Sylhet,1986,5,225,B59
Sylhet,1986,6,449,B59
Sylhet,1986,7,646,B59
Sylhet,1986,8,586,B59
Sylhet,1986,9,494,B59
Sylhet,1986,10,454,B59
Sylhet,1986,11,106,B59
Sylhet,1986,12,3,B59
Sylhet,1987,1,2,B59
Sylhet,1987,2,29,B59
Sylhet,1987,3,184,B59
Sylhet,1987,4,402,B59
Sylhet,1987,5,222,B59
Sylhet,1987,6,851,B59
Sylhet,1987,7,1038,B59
Sylhet,1987,8,860,B59
Sylhet,1987,9,922,B59
Sylhet,1987,10,157,B59
Sylhet,1987,11,41,B59
Sylhet,1987,12,14,B59
Sylhet,1988,1,0,B59
Sylhet,1988,2,29,B59
Sylhet,1988,3,133,B59
Sylhet,1988,4,332,B59
Sylhet,1988,5,1129,B59
Sylhet,1988,6,959,B59
Sylhet,1988,7,738,B59
Sylhet,1988,8,1157,B59
Sylhet,1988,9,772,B59
Sylhet,1988,10,169,B59
Sylhet,1988,11,122,B59
Sylhet,1988,12,80,B59
Sylhet,1989,1,6,B59
Sylhet,1989,2,33,B59
Sylhet,1989,3,11,B59
Sylhet,1989,4,312,B59
Sylhet,1989,5,543,B59
Sylhet,1989,6,870,B59
Sylhet,1989,7,1342,B59
Sylhet,1989,8,665,B59
Sylhet,1989,9,1081,B59
Sylhet,1989,10,524,B59
Sylhet,1989,11,34,B59
Sylhet,1989,12,1,B59
Sylhet,1990,1,2,B59
Sylhet,1990,2,45,B59
Sylhet,1990,3,176,B59
Sylhet,1990,4,574,B59
Sylhet,1990,5,546,B59
Sylhet,1990,6,551,B59
Sylhet,1990,7,596,B59
Sylhet,1990,8,582,B59
Sylhet,1990,9,1023,B59
Sylhet,1990,10,216,B59
Sylhet,1990,11,40,B59
Sylhet,1990,12,3,B59
Sylhet,1991,1,10,B59
Sylhet,1991,2,55,B59
Sylhet,1991,3,60,B59
Sylhet,1991,4,405,B59
Sylhet,1991,5,1063,B59
Sylhet,1991,6,1203,B59
Sylhet,1991,7,351,B59
Sylhet,1991,8,437,B59
Sylhet,1991,9,781,B59
Sylhet,1991,10,173,B59
Sylhet,1991,11,3,B59
Sylhet,1991,12,79,B59
Sylhet,1992,1,0,B59
Sylhet,1992,2,55,B59
Sylhet,1992,3,172,B59
Sylhet,1992,4,129,B59
Sylhet,1992,5,544,B59
Sylhet,1992,6,666,B59
Sylhet,1992,7,901,B59
Sylhet,1992,8,374,B59
Sylhet,1992,9,459,B59
Sylhet,1992,10,203,B59
Sylhet,1992,11,3,B59
Sylhet,1992,12,0,B59
Sylhet,1993,1,35,B59
Sylhet,1993,2,149,B59
Sylhet,1993,3,96,B59
Sylhet,1993,4,261,B59
Sylhet,1993,5,587,B59
Sylhet,1993,6,1099,B59
Sylhet,1993,7,1174,B59
Sylhet,1993,8,471,B59
Sylhet,1993,9,702,B59
Sylhet,1993,10,153,B59
Sylhet,1993,11,2,B59
Sylhet,1993,12,0,B59
Sylhet,1994,1,23,B59
Sylhet,1994,2,43,B59
Sylhet,1994,3,514,B59
Sylhet,1994,4,326,B59
Sylhet,1994,5,342,B59
Sylhet,1994,6,584,B59
Sylhet,1994,7,757,B59
Sylhet,1994,8,573,B59
Sylhet,1994,9,227,B59
Sylhet,1994,10,145,B59
Sylhet,1994,11,4,B59
Sylhet,1994,12,0,B59
Sylhet,1995,1,10,B59
Sylhet,1995,2,29,B59
Sylhet,1995,3,80,B59
Sylhet,1995,4,176,B59
Sylhet,1995,5,327,B59
Sylhet,1995,6,941,B59
Sylhet,1995,7,874,B59
Sylhet,1995,8,832,B59
Sylhet,1995,9,423,B59
Sylhet,1995,10,79,B59
Sylhet,1995,11,102,B59
Sylhet,1995,12,0,B59
Sylhet,1996,1,2,B59
Sylhet,1996,2,76,B59
Sylhet,1996,3,257,B59
Sylhet,1996,4,252,B59
Sylhet,1996,5,759,B59
Sylhet,1996,6,518,B59
Sylhet,1996,7,745,B59
Sylhet,1996,8,745,B59
Sylhet,1996,9,379,B59
Sylhet,1996,10,281,B59
Sylhet,1996,11,0,B59
Sylhet,1996,12,0,B59
Sylhet,1997,1,1,B59
Sylhet,1997,2,27,B59
Sylhet,1997,3,111,B59
Sylhet,1997,4,170,B59
Sylhet,1997,5,347,B59
Sylhet,1997,6,796,B59
Sylhet,1997,7,681,B59
Sylhet,1997,8,486,B59
Sylhet,1997,9,946,B59
Sylhet,1997,10,31,B59
Sylhet,1997,11,23,B59
Sylhet,1997,12,18,B59
Sylhet,1998,1,7,B59
Sylhet,1998,2,15,B59
Sylhet,1998,3,239,B59
Sylhet,1998,4,548,B59
Sylhet,1998,5,366,B59
Sylhet,1998,6,858,B59
Sylhet,1998,7,1245,B59
Sylhet,1998,8,665,B59
Sylhet,1998,9,313,B59
Sylhet,1998,10,90,B59
Sylhet,1998,11,42,B59
Sylhet,1998,12,0,B59
Sylhet,1999,1,0,B59
Sylhet,1999,2,0,B59
Sylhet,1999,3,49,B59
Sylhet,1999,4,207,B59
Sylhet,1999,5,731,B59
Sylhet,1999,6,472,B59
Sylhet,1999,7,775,B59
Sylhet,1999,8,503,B59
Sylhet,1999,9,253,B59
Sylhet,1999,10,344,B59
Sylhet,1999,11,0,B59
Sylhet,1999,12,0,B59
Sylhet,2000,1,48,B59
Sylhet,2000,2,3,B59
Sylhet,2000,3,119,B59
Sylhet,2000,4,500,B59
Sylhet,2000,5,670,B59
Sylhet,2000,6,1120,B59
Sylhet,2000,7,330,B59
Sylhet,2000,8,981,B59
Sylhet,2000,9,733,B59
Sylhet,2000,10,188,B59
Sylhet,2000,11,0,B59
Sylhet,2000,12,0,B59
Sylhet,2001,1,0,B59
Sylhet,2001,2,143,B59
Sylhet,2001,3,42,B59
Sylhet,2001,4,177,B59
Sylhet,2001,5,481,B59
Sylhet,2001,6,729,B59
Sylhet,2001,7,612,B59
Sylhet,2001,8,609,B59
Sylhet,2001,9,347,B59
Sylhet,2001,10,281,B59
Sylhet,2001,11,55,B59
Sylhet,2001,12,0,B59
Sylhet,2002,1,2,B59
Sylhet,2002,2,2,B59
Sylhet,2002,3,78,B59
Sylhet,2002,4,441,B59
Sylhet,2002,5,548,B59
Sylhet,2002,6,701,B59
Sylhet,2002,7,841,B59
Sylhet,2002,8,469,B59
Sylhet,2002,9,396,B59
Sylhet,2002,10,108,B59
Sylhet,2002,11,132,B59
Sylhet,2002,12,14,B59
Sylhet,2003,1,0,B59
Sylhet,2003,2,0,B59
Sylhet,2003,3,170,B59
Sylhet,2003,4,311,B59
Sylhet,2003,5,359,B59
Sylhet,2003,6,1038,B59
Sylhet,2003,7,497,B59
Sylhet,2003,8,438,B59
Sylhet,2003,9,499,B59
Sylhet,2003,10,237,B59
Sylhet,2003,11,0,B59
Sylhet,2003,12,7,B59
Sylhet,2004,1,1,B59
Sylhet,2004,2,8,B59
Sylhet,2004,3,40,B59
Sylhet,2004,4,622,B59
Sylhet,2004,5,371,B59
Sylhet,2004,6,553,B59
Sylhet,2004,7,1394,B59
Sylhet,2004,8,545,B59
Sylhet,2004,9,478,B59
Sylhet,2004,10,235,B59
Sylhet,2004,11,5,B59
Sylhet,2004,12,12,B59
Sylhet,2005,1,0,B59
Sylhet,2005,2,48,B59
Sylhet,2005,3,388,B59
Sylhet,2005,4,296,B59
Sylhet,2005,5,895,B59
Sylhet,2005,6,354,B59
Sylhet,2005,7,978,B59
Sylhet,2005,8,626,B59
Sylhet,2005,9,319,B59
Sylhet,2005,10,259,B59
Sylhet,2005,11,0,B59
Sylhet,2005,12,0,B59
Sylhet,2006,1,0,B59
Sylhet,2006,2,62,B59
Sylhet,2006,3,16,B59
Sylhet,2006,4,353,B59
Sylhet,2006,5,572,B59
Sylhet,2006,6,1288,B59
Sylhet,2006,7,436,B59
Sylhet,2006,8,424,B59
Sylhet,2006,9,288,B59
Sylhet,2006,10,72,B59
Sylhet,2006,11,12,B59
Sylhet,2006,12,3,B59
Sylhet,2007,1,0,B59
Sylhet,2007,2,34,B59
Sylhet,2007,3,41,B59
Sylhet,2007,4,481,B59
Sylhet,2007,5,669,B59
Sylhet,2007,6,869,B59
Sylhet,2007,7,786,B59
Sylhet,2007,8,578,B59
Sylhet,2007,9,594,B59
Sylhet,2007,10,142,B59
Sylhet,2007,11,144,B59
Sylhet,2007,12,0,B59
Sylhet,2008,1,19,B59
Sylhet,2008,2,35,B59
Sylhet,2008,3,165,B59
Sylhet,2008,4,162,B59
Sylhet,2008,5,501,B59
Sylhet,2008,6,648,B59
Sylhet,2008,7,604,B59
Sylhet,2008,8,761,B59
Sylhet,2008,9,264,B59
Sylhet,2008,10,192,B59
Sylhet,2008,11,0,B59
Sylhet,2008,12,0,B59
Sylhet,2009,1,0,B59
Sylhet,2009,2,20,B59
Sylhet,2009,3,63,B59
Sylhet,2009,4,427,B59
Sylhet,2009,5,576,B59
Sylhet,2009,6,469,B59
Sylhet,2009,7,599,B59
Sylhet,2009,8,674,B59
Sylhet,2009,9,323,B59
Sylhet,2009,10,136,B59
Sylhet,2009,11,0,B59
Sylhet,2009,12,0,B59
Sylhet,2010,1,0,B59
Sylhet,2010,2,1,B59
Sylhet,2010,3,147,B59
Sylhet,2010,4,804,B59
Sylhet,2010,5,728,B59
Sylhet,2010,6,946,B59
Sylhet,2010,7,528,B59
Sylhet,2010,8,767,B59
Sylhet,2010,9,732,B59
Sylhet,2010,10,231,B59
Sylhet,2010,11,10,B59
Sylhet,2010,12,45,B59
Sylhet,2011,1,0,B59
Sylhet,2011,2,3,B59
Sylhet,2011,3,99,B59
Sylhet,2011,4,78,B59
Sylhet,2011,5,403,B59
Sylhet,2011,6,578,B59
Sylhet,2011,7,673,B59
Sylhet,2011,8,722,B59
Sylhet,2011,9,490,B59
Sylhet,2011,10,55,B59
Sylhet,2011,11,0,B59
Sylhet,2011,12,0,B59
Sylhet,2012,1,10,B59
Sylhet,2012,2,0,B59
Sylhet,2012,3,101,B59
Sylhet,2012,4,659,B59
Sylhet,2012,5,406,B59
Sylhet,2012,6,1185,B59
Sylhet,2012,7,700,B59
Sylhet,2012,8,738,B59
Sylhet,2012,9,261,B59
Sylhet,2012,10,502,B59
Sylhet,2012,11,48,B59
Sylhet,2012,12,0,B59
Sylhet,2013,1,0,B59
Sylhet,2013,2,7,B59
Sylhet,2013,3,16,B59
Sylhet,2013,4,229,B59
Sylhet,2013,5,959,B59
Sylhet,2013,6,729,B59
Sylhet,2013,7,567,B59
Sylhet,2013,8,520,B59
Sylhet,2013,9,347,B59
Sylhet,2013,10,451,B59
Sylhet,2013,11,0,B59
Sylhet,2013,12,0,B59
Sylhet,2014,1,0,B59
Sylhet,2014,2,34,B59
Sylhet,2014,3,78,B59
Sylhet,2014,4,118,B59
Sylhet,2014,5,540,B59
Sylhet,2014,6,724,B59
Sylhet,2014,7,316,B59
Sylhet,2014,8,797,B59
Sylhet,2014,9,732,B59
Sylhet,2014,10,33,B59
Sylhet,2014,11,0,B59
Sylhet,2014,12,0,B59
Sylhet,2015,1,16,B59
Sylhet,2015,2,40,B59
Sylhet,2015,3,28,B59
Sylhet,2015,4,539,B59
Sylhet,2015,5,747,B59
Sylhet,2015,6,857,B59
Sylhet,2015,7,644,B59
Sylhet,2015,8,754,B59
Sylhet,2015,9,832,B59
Sylhet,2015,10,53,B59
Sylhet,2015,11,4,B59
Sylhet,2015,12,7,B59
Sylhet,2016,1,11,B59
Sylhet,2016,2,28,B59
Sylhet,2016,3,134,B59
Sylhet,2016,4,1004,B59
Sylhet,2016,5,703,B59
Sylhet,2016,6,657,B59
Sylhet,2016,7,531,B59
Sylhet,2016,8,396,B59
Sylhet,2016,9,561,B59
Sylhet,2016,10,158,B59
Sylhet,2016,11,108,B59
Sylhet,2016,12,5,B59
Sylhet,2017,1,0,B59
Sylhet,2017,2,137,B59
Sylhet,2017,3,344,B59
Sylhet,2017,4,874,B59
Sylhet,2017,5,629,B59
Sylhet,2017,6,1047,B59
Sylhet,2017,7,774,B59
Sylhet,2017,8,1155,B59
Sylhet,2017,9,571,B59
Sylhet,2017,10,318,B59
Sylhet,2017,11,3,B59
Sylhet,2017,12,92,B59
Sylhet,2018,1,0,B59
Sylhet,2018,2,39,B59
Sylhet,2018,3,94,B59
Sylhet,2018,4,330,B59
Sylhet,2018,5,583,B59
Sylhet,2018,6,789,B59
Sylhet,2018,7,677,B59
Sylhet,2018,8,410,B59
Sylhet,2018,9,452,B59
Sylhet,2018,10,139,B59
Sylhet,2018,11,39,B59
Sylhet,2018,12,29,B59
Sylhet,2019,1,0,B59
Sylhet,2019,2,29,B59
Sylhet,2019,3,39,B59
Sylhet,2019,4,349,B59
Sylhet,2019,5,653,B59
Sylhet,2019,6,789,B59
Sylhet,2019,7,697,B59
Sylhet,2019,8,446,B59
Sylhet,2019,9,309,B59
Sylhet,2019,10,348,B59
Sylhet,2019,11,9,B59
Sylhet,2019,12,0,B59
Sylhet,2020,1,18,B59
Sylhet,2020,2,3,B59
Sylhet,2020,3,23,B59
Sylhet,2020,4,244,B59
Sylhet,2020,5,640,B59
Sylhet,2020,6,651,B59
Sylhet,2020,7,990,B59
Sylhet,2020,8,382,B59
Sylhet,2020,9,883,B59
Sylhet,2020,10,382,B59
Sylhet,2020,11,12,B59
Sylhet,2020,12,0,B59
Sylhet,2021,1,0,B59
Sylhet,2021,2,0,B59
Sylhet,2021,3,127,B59
Sylhet,2021,4,133,B59
Sylhet,2021,5,263,B59
Sylhet,2021,6,669,B59
Sylhet,2021,7,651,B59
Sylhet,2021,8,915,B59
Sylhet,2021,9,207,B59
Sylhet,2021,10,240,B59
Sylhet,2021,11,0,B59
Sylhet,2021,12,14,B59
Sylhet,2023,1,0,B59
Sylhet,2023,2,5,B59
Sylhet,2023,3,203,B59
Sylhet,2023,4,284,B59
Sylhet,2023,5,329,B59
Sylhet,2023,6,1351,B59
Sylhet,2023,7,962,B59
Sylhet,2023,8,927,B59
Sylhet,2023,9,457,B59
Sylhet,2023,10,776,B59
Sylhet,2023,11,72,B59
Sylhet,2023,12,39,B59
Sylhet,2022,1,16,B59
Sylhet,2022,2,24,B59
Sylhet,2022,3,79,B59
Sylhet,2022,4,287,B59
Sylhet,2022,5,902,B59
Sylhet,2022,6,1485,B59
Sylhet,2022,7,778,B59
Sylhet,2022,8,461,B59
Sylhet,2022,9,744,B59
Sylhet,2022,10,334,B59
Sylhet,2022,11,0,B59
Sylhet,2022,12,8,B59
Tangail,1987,1,0,B59
Tangail,1987,2,18,B59
Tangail,1987,3,0,B59
Tangail,1987,4,302,B59
Tangail,1987,5,108,B59
Tangail,1987,6,85,B59
Tangail,1987,7,356,B59
Tangail,1987,8,394,B59
Tangail,1987,9,289,B59
Tangail,1987,10,66,B59
Tangail,1987,11,24,B59
Tangail,1987,12,30,B59
Tangail,1988,1,2,B59
Tangail,1988,2,54,B59
Tangail,1988,3,31,B59
Tangail,1988,4,97,B59
Tangail,1988,5,334,B59
Tangail,1988,6,589,B59
Tangail,1988,7,413,B59
Tangail,1988,8,177,B59
Tangail,1988,9,155,B59
Tangail,1988,10,122,B59
Tangail,1988,11,121,B59
Tangail,1988,12,45,B59
Tangail,1989,1,0,B59
Tangail,1989,2,63,B59
Tangail,1989,3,1,B59
Tangail,1989,4,102,B59
Tangail,1989,5,329,B59
Tangail,1989,6,150,B59
Tangail,1989,7,381,B59
Tangail,1989,8,55,B59
Tangail,1989,9,274,B59
Tangail,1989,10,217,B59
Tangail,1989,11,0,B59
Tangail,1989,12,7,B59
Tangail,1990,1,0,B59
Tangail,1990,2,30,B59
Tangail,1990,3,95,B59
Tangail,1990,4,223,B59
Tangail,1990,5,128,B59
Tangail,1990,6,224,B59
Tangail,1990,7,327,B59
Tangail,1990,8,236,B59
Tangail,1990,9,156,B59
Tangail,1990,10,120,B59
Tangail,1990,11,39,B59
Tangail,1990,12,2,B59
Tangail,1991,1,13,B59
Tangail,1991,2,20,B59
Tangail,1991,3,76,B59
Tangail,1991,4,59,B59
Tangail,1991,5,416,B59
Tangail,1991,6,398,B59
Tangail,1991,7,430,B59
Tangail,1991,8,169,B59
Tangail,1991,9,700,B59
Tangail,1991,10,376,B59
Tangail,1991,11,1,B59
Tangail,1991,12,90,B59
Tangail,1992,1,0,B59
Tangail,1992,2,49,B59
Tangail,1992,3,0,B59
Tangail,1992,4,10,B59
Tangail,1992,5,181,B59
Tangail,1992,6,333,B59
Tangail,1992,7,205,B59
Tangail,1992,8,268,B59
Tangail,1992,9,472,B59
Tangail,1992,10,43,B59
Tangail,1992,11,3,B59
Tangail,1992,12,0,B59
Tangail,1993,1,3,B59
Tangail,1993,2,16,B59
Tangail,1993,3,46,B59
Tangail,1993,4,150,B59
Tangail,1993,5,390,B59
Tangail,1993,6,509,B59
Tangail,1993,7,477,B59
Tangail,1993,8,258,B59
Tangail,1993,9,513,B59
Tangail,1993,10,216,B59
Tangail,1993,11,1,B59
Tangail,1993,12,0,B59
Tangail,1994,1,22,B59
Tangail,1994,2,56,B59
Tangail,1994,3,79,B59
Tangail,1994,4,163,B59
Tangail,1994,5,406,B59
Tangail,1994,6,342,B59
Tangail,1994,7,170,B59
Tangail,1994,8,228,B59
Tangail,1994,9,137,B59
Tangail,1994,10,122,B59
Tangail,1994,11,20,B59
Tangail,1994,12,0,B59
Tangail,1995,1,12,B59
Tangail,1995,2,56,B59
Tangail,1995,3,9,B59
Tangail,1995,4,34,B59
Tangail,1995,5,215,B59
Tangail,1995,6,350,B59
Tangail,1995,7,372,B59
Tangail,1995,8,356,B59
Tangail,1995,9,246,B59
Tangail,1995,10,109,B59
Tangail,1995,11,92,B59
Tangail,1995,12,1,B59
Tangail,1996,1,0,B59
Tangail,1996,2,55,B59
Tangail,1996,3,2,B59
Tangail,1996,4,174,B59
Tangail,1996,5,240,B59
Tangail,1996,6,224,B59
Tangail,1996,7,100,B59
Tangail,1996,8,247,B59
Tangail,1996,9,208,B59
Tangail,1996,10,226,B59
Tangail,1996,11,0,B59
Tangail,1996,12,0,B59
Tangail,1997,1,0,B59
Tangail,1997,2,37,B59
Tangail,1997,3,20,B59
Tangail,1997,4,200,B59
Tangail,1997,5,162,B59
Tangail,1997,6,312,B59
Tangail,1997,7,516,B59
Tangail,1997,8,469,B59
Tangail,1997,9,252,B59
Tangail,1997,10,13,B59
Tangail,1997,11,2,B59
Tangail,1997,12,28,B59
Tangail,1998,1,15,B59
Tangail,1998,2,3,B59
Tangail,1998,3,48,B59
Tangail,1998,4,152,B59
Tangail,1998,5,416,B59
Tangail,1998,6,132,B59
Tangail,1998,7,459,B59
Tangail,1998,8,444,B59
Tangail,1998,9,239,B59
Tangail,1998,10,38,B59
Tangail,1998,11,62,B59
Tangail,1998,12,0,B59
Tangail,1999,1,0,B59
Tangail,1999,2,0,B59
Tangail,1999,3,0,B59
Tangail,1999,4,6,B59
Tangail,1999,5,206,B59
Tangail,1999,6,201,B59
Tangail,1999,7,358,B59
Tangail,1999,8,156,B59
Tangail,1999,9,246,B59
Tangail,1999,10,193,B59
Tangail,1999,11,35,B59
Tangail,1999,12,0,B59
Tangail,2000,1,25,B59
Tangail,2000,2,29,B59
Tangail,2000,3,59,B59
Tangail,2000,4,220,B59
Tangail,2000,5,305,B59
Tangail,2000,6,390,B59
Tangail,2000,7,92,B59
Tangail,2000,8,152,B59
Tangail,2000,9,368,B59
Tangail,2000,10,152,B59
Tangail,2000,11,0,B59
Tangail,2000,12,0,B59
Tangail,2001,1,5,B59
Tangail,2001,2,0,B59
Tangail,2001,3,86,B59
Tangail,2001,4,88,B59
Tangail,2001,5,364,B59
Tangail,2001,6,301,B59
Tangail,2001,7,269,B59
Tangail,2001,8,134,B59
Tangail,2001,9,188,B59
Tangail,2001,10,94,B59
Tangail,2001,11,43,B59
Tangail,2001,12,0,B59
Tangail,2002,1,12,B59
Tangail,2002,2,3,B59
Tangail,2002,3,177,B59
Tangail,2002,4,157,B59
Tangail,2002,5,227,B59
Tangail,2002,6,230,B59
Tangail,2002,7,487,B59
Tangail,2002,8,335,B59
Tangail,2002,9,205,B59
Tangail,2002,10,98,B59
Tangail,2002,11,89,B59
Tangail,2002,12,0,B59
Tangail,2003,1,0,B59
Tangail,2003,2,14,B59
Tangail,2003,3,145,B59
Tangail,2003,4,99,B59
Tangail,2003,5,352,B59
Tangail,2003,6,303,B59
Tangail,2003,7,223,B59
Tangail,2003,8,169,B59
Tangail,2003,9,262,B59
Tangail,2003,10,207,B59
Tangail,2003,11,0,B59
Tangail,2003,12,22,B59
Tangail,2004,1,10,B59
Tangail,2004,2,0,B59
Tangail,2004,3,6,B59
Tangail,2004,4,104,B59
Tangail,2004,5,137,B59
Tangail,2004,6,455,B59
Tangail,2004,7,309,B59
Tangail,2004,8,304,B59
Tangail,2004,9,500,B59
Tangail,2004,10,180,B59
Tangail,2004,11,0,B59
Tangail,2004,12,0,B59
Tangail,2005,1,4,B59
Tangail,2005,2,8,B59
Tangail,2005,3,58,B59
Tangail,2005,4,44,B59
Tangail,2005,5,232,B59
Tangail,2005,6,135,B59
Tangail,2005,7,331,B59
Tangail,2005,8,264,B59
Tangail,2005,9,381,B59
Tangail,2005,10,556,B59
Tangail,2005,11,4,B59
Tangail,2005,12,0,B59
Tangail,2006,1,0,B59
Tangail,2006,2,0,B59
Tangail,2006,3,0,B59
Tangail,2006,4,96,B59
Tangail,2006,5,286,B59
Tangail,2006,6,301,B59
Tangail,2006,7,247,B59
Tangail,2006,8,171,B59
Tangail,2006,9,392,B59
Tangail,2006,10,31,B59
Tangail,2006,11,0,B59
Tangail,2006,12,0,B59
Tangail,2007,1,0,B59
Tangail,2007,2,48,B59
Tangail,2007,3,24,B59
Tangail,2007,4,60,B59
Tangail,2007,5,67,B59
Tangail,2007,6,660,B59
Tangail,2007,7,609,B59
Tangail,2007,8,275,B59
Tangail,2007,9,253,B59
Tangail,2007,10,173,B59
Tangail,2007,11,89,B59
Tangail,2007,12,0,B59
Tangail,2008,1,28,B59
Tangail,2008,2,49,B59
Tangail,2008,3,55,B59
Tangail,2008,4,12,B59
Tangail,2008,5,239,B59
Tangail,2008,6,309,B59
Tangail,2008,7,444,B59
Tangail,2008,8,245,B59
Tangail,2008,9,110,B59
Tangail,2008,10,365,B59
Tangail,2008,11,0,B59
Tangail,2008,12,0,B59
Tangail,2009,1,0,B59
Tangail,2009,2,0,B59
Tangail,2009,3,1,B59
Tangail,2009,4,59,B59
Tangail,2009,5,218,B59
Tangail,2009,6,185,B59
Tangail,2009,7,329,B59
Tangail,2009,8,314,B59
Tangail,2009,9,205,B59
Tangail,2009,10,80,B59
Tangail,2009,11,0,B59
Tangail,2009,12,0,B59
Tangail,2010,1,0,B59
Tangail,2010,2,3,B59
Tangail,2010,3,69,B59
Tangail,2010,4,46,B59
Tangail,2010,5,328,B59
Tangail,2010,6,430,B59
Tangail,2010,7,126,B59
Tangail,2010,8,207,B59
Tangail,2010,9,157,B59
Tangail,2010,10,319,B59
Tangail,2010,11,3,B59
Tangail,2010,12,62,B59
Tangail,2011,1,3,B59
Tangail,2011,2,0,B59
Tangail,2011,3,48,B59
Tangail,2011,4,68,B59
Tangail,2011,5,198,B59
Tangail,2011,6,303,B59
Tangail,2011,7,259,B59
Tangail,2011,8,761,B59
Tangail,2011,9,150,B59
Tangail,2011,10,49,B59
Tangail,2011,11,0,B59
Tangail,2011,12,0,B59
Tangail,2012,1,10,B59
Tangail,2012,2,0,B59
Tangail,2012,3,2,B59
Tangail,2012,4,106,B59
Tangail,2012,5,171,B59
Tangail,2012,6,246,B59
Tangail,2012,7,241,B59
Tangail,2012,8,204,B59
Tangail,2012,9,319,B59
Tangail,2012,10,75,B59
Tangail,2012,11,94,B59
Tangail,2012,12,1,B59
Tangail,2013,1,0,B59
Tangail,2013,2,13,B59
Tangail,2013,3,3,B59
Tangail,2013,4,60,B59
Tangail,2013,5,293,B59
Tangail,2013,6,213,B59
Tangail,2013,7,106,B59
Tangail,2013,8,238,B59
Tangail,2013,9,126,B59
Tangail,2013,10,128,B59
Tangail,2013,11,0,B59
Tangail,2013,12,2,B59
Tangail,2014,1,0,B59
Tangail,2014,2,24,B59
Tangail,2014,3,24,B59
Tangail,2014,4,47,B59
Tangail,2014,5,127,B59
Tangail,2014,6,585,B59
Tangail,2014,7,239,B59
Tangail,2014,8,234,B59
Tangail,2014,9,320,B59
Tangail,2014,10,41,B59
Tangail,2014,11,0,B59
Tangail,2014,12,0,B59
Tangail,2015,1,0,B59
Tangail,2015,2,8,B59
Tangail,2015,3,14,B59
Tangail,2015,4,253,B59
Tangail,2015,5,158,B59
Tangail,2015,6,498,B59
Tangail,2015,7,408,B59
Tangail,2015,8,318,B59
Tangail,2015,9,185,B59
Tangail,2015,10,26,B59
Tangail,2015,11,0,B59
Tangail,2015,12,3,B59
Tangail,2016,1,8,B59
Tangail,2016,2,15,B59
Tangail,2016,3,26,B59
Tangail,2016,4,45,B59
Tangail,2016,5,182,B59
Tangail,2016,6,126,B59
Tangail,2016,7,359,B59
Tangail,2016,8,101,B59
Tangail,2016,9,141,B59
Tangail,2016,10,124,B59
Tangail,2016,11,4,B59
Tangail,2016,12,0,B59
Tangail,2017,1,0,B59
Tangail,2017,2,1,B59
Tangail,2017,3,61,B59
Tangail,2017,4,256,B59
Tangail,2017,5,242,B59
Tangail,2017,6,272,B59
Tangail,2017,7,503,B59
Tangail,2017,8,469,B59
Tangail,2017,9,290,B59
Tangail,2017,10,376,B59
Tangail,2017,11,17,B59
Tangail,2017,12,46,B59
Tangail,2018,1,0,B59
Tangail,2018,2,40,B59
Tangail,2018,3,24,B59
Tangail,2018,4,211,B59
Tangail,2018,5,336,B59
Tangail,2018,6,218,B59
Tangail,2018,7,329,B59
Tangail,2018,8,174,B59
Tangail,2018,9,202,B59
Tangail,2018,10,77,B59
Tangail,2018,11,5,B59
Tangail,2018,12,23,B59
Tangail,2019,1,0,B59
Tangail,2019,2,52,B59
Tangail,2019,3,17,B59
Tangail,2019,4,195,B59
Tangail,2019,5,295,B59
Tangail,2019,6,327,B59
Tangail,2019,7,484,B59
Tangail,2019,8,158,B59
Tangail,2019,9,149,B59
Tangail,2019,10,150,B59
Tangail,2019,11,20,B59
Tangail,2019,12,6,B59
Tangail,2020,1,28,B59
Tangail,2020,2,1,B59
Tangail,2020,3,27,B59
Tangail,2020,4,200,B59
Tangail,2020,5,419,B59
Tangail,2020,6,306,B59
Tangail,2020,7,459,B59
Tangail,2020,8,136,B59
Tangail,2020,9,212,B59
Tangail,2020,10,169,B59
Tangail,2020,11,0,B59
Tangail,2020,12,0,B59
Tangail,2021,1,0,B59
Tangail,2021,2,0,B59
Tangail,2021,3,8,B59
Tangail,2021,4,61,B59
Tangail,2021,5,200,B59
Tangail,2021,6,536,B59
Tangail,2021,7,168,B59
Tangail,2021,8,455,B59
Tangail,2021,9,115,B59
Tangail,2021,10,221,B59
Tangail,2021,11,11,B59
Tangail,2021,12,38,B59
Tangail,2023,1,0,B59
Tangail,2023,2,0,B59
Tangail,2023,3,132,B59
Tangail,2023,4,15,B59
Tangail,2023,5,198,B59
Tangail,2023,6,253,B59
Tangail,2023,7,454,B59
Tangail,2023,8,428,B59
Tangail,2023,9,169,B59
Tangail,2023,10,269,B59
Tangail,2023,11,3,B59
Tangail,2023,12,45,B59
Tangail,2022,1,16,B59
Tangail,2022,2,42,B59
Tangail,2022,3,0,B59
Tangail,2022,4,105,B59
Tangail,2022,5,305,B59
Tangail,2022,6,234,B59
Tangail,2022,7,91,B59
Tangail,2022,8,231,B59
Tangail,2022,9,288,B59
Tangail,2022,10,306,B59
Tangail,2022,11,0,B59
Tangail,2022,12,9,B59
Tarash,2020,12,0,B59
Tarash,2021,1,0,B59
Tarash,2021,2,0,B59
Tarash,2021,3,0,B59
Tarash,2021,4,137,B59
Tarash,2021,5,185,B59
Tarash,2021,6,289,B59
Tarash,2021,7,231,B59
Tarash,2021,8,447,B59
Tarash,2021,9,147,B59
Tarash,2021,10,123,B59
Tarash,2021,11,0,B59
Tarash,2021,12,4,B59
Tarash,2023,1,0,B59
Tarash,2023,2,0,B59
Tarash,2023,3,104,B59
Tarash,2023,4,33,B59
Tarash,2023,5,200,B59
Tarash,2023,6,228,B59
Tarash,2023,7,235,B59
Tarash,2023,8,372,B59
Tarash,2023,9,181,B59
Tarash,2023,10,150,B59
Tarash,2023,11,1,B59
Tarash,2023,12,33,B59
Teknaf,1977,1,0,B59
Teknaf,1977,2,0,B59
Teknaf,1977,3,0,B59
Teknaf,1977,4,272,B59
Teknaf,1977,5,356,B59
Teknaf,1977,6,779,B59
Teknaf,1977,7,1083,B59
Teknaf,1977,8,1008,B59
Teknaf,1977,9,401,B59
Teknaf,1977,10,75,B59
Teknaf,1977,11,15,B59
Teknaf,1977,12,0,B59
Teknaf,1978,1,0,B59
Teknaf,1978,2,0,B59
Teknaf,1978,3,0,B59
Teknaf,1978,4,28,B59
Teknaf,1978,5,420,B59
Teknaf,1978,6,720,B59
Teknaf,1978,7,564,B59
Teknaf,1978,8,842,B59
Teknaf,1978,9,715,B59
Teknaf,1978,10,153,B59
Teknaf,1978,11,0,B59
Teknaf,1978,12,0,B59
Teknaf,1979,1,0,B59
Teknaf,1979,2,6,B59
Teknaf,1979,3,0,B59
Teknaf,1979,4,7,B59
Teknaf,1979,5,28,B59
Teknaf,1979,6,199,B59
Teknaf,1979,7,472,B59
Teknaf,1979,8,459,B59
Teknaf,1979,9,137,B59
Teknaf,1979,10,50,B59
Teknaf,1979,11,0,B59
Teknaf,1979,12,11,B59
Teknaf,1980,1,0,B59
Teknaf,1980,2,0,B59
Teknaf,1980,3,5,B59
Teknaf,1980,4,0,B59
Teknaf,1980,5,99,B59
Teknaf,1980,6,351,B59
Teknaf,1980,7,296,B59
Teknaf,1980,8,358,B59
Teknaf,1980,9,75,B59
Teknaf,1980,10,137,B59
Teknaf,1980,11,0,B59
Teknaf,1980,12,0,B59
Teknaf,1981,1,15,B59
Teknaf,1981,2,2,B59
Teknaf,1981,3,23,B59
Teknaf,1981,4,193,B59
Teknaf,1981,5,259,B59
Teknaf,1981,6,1127,B59
Teknaf,1981,7,1204,B59
Teknaf,1981,8,845,B59
Teknaf,1981,9,473,B59
Teknaf,1981,10,115,B59
Teknaf,1981,11,81,B59
Teknaf,1981,12,29,B59
Teknaf,1982,1,0,B59
Teknaf,1982,2,7,B59
Teknaf,1982,3,4,B59
Teknaf,1982,4,58,B59
Teknaf,1982,5,23,B59
Teknaf,1982,6,1353,B59
Teknaf,1982,7,1216,B59
Teknaf,1982,8,932,B59
Teknaf,1982,9,475,B59
Teknaf,1982,10,14,B59
Teknaf,1982,11,48,B59
Teknaf,1982,12,0,B59
Teknaf,1983,1,10,B59
Teknaf,1983,2,8,B59
Teknaf,1983,3,46,B59
Teknaf,1983,4,25,B59
Teknaf,1983,5,169,B59
Teknaf,1983,6,730,B59
Teknaf,1983,8,817,B59
Teknaf,1983,9,532,B59
Teknaf,1983,10,290,B59
Teknaf,1983,11,208,B59
Teknaf,1983,12,30,B59
Teknaf,1984,1,8,B59
Teknaf,1984,2,0,B59
Teknaf,1984,3,0,B59
Teknaf,1984,4,90,B59
Teknaf,1984,5,198,B59
Teknaf,1984,6,1517,B59
Teknaf,1984,7,971,B59
Teknaf,1984,8,973,B59
Teknaf,1984,9,240,B59
Teknaf,1984,10,109,B59
Teknaf,1984,11,0,B59
Teknaf,1984,12,0,B59
Teknaf,1985,1,8,B59
Teknaf,1985,2,4,B59
Teknaf,1985,3,11,B59
Teknaf,1985,4,25,B59
Teknaf,1985,5,325,B59
Teknaf,1985,6,803,B59
Teknaf,1985,7,983,B59
Teknaf,1985,8,1093,B59
Teknaf,1985,9,351,B59
Teknaf,1985,10,137,B59
Teknaf,1985,11,268,B59
Teknaf,1985,12,0,B59
Teknaf,1986,1,0,B59
Teknaf,1986,2,0,B59
Teknaf,1986,3,0,B59
Teknaf,1986,4,49,B59
Teknaf,1986,5,70,B59
Teknaf,1986,6,1283,B59
Teknaf,1986,7,896,B59
Teknaf,1986,8,670,B59
Teknaf,1986,9,284,B59
Teknaf,1986,10,268,B59
Teknaf,1986,11,169,B59
Teknaf,1986,12,0,B59
Teknaf,1987,1,0,B59
Teknaf,1987,2,27,B59
Teknaf,1987,3,14,B59
Teknaf,1987,4,78,B59
Teknaf,1987,5,17,B59
Teknaf,1987,6,504,B59
Teknaf,1987,7,1294,B59
Teknaf,1987,8,986,B59
Teknaf,1987,9,684,B59
Teknaf,1987,10,48,B59
Teknaf,1987,11,177,B59
Teknaf,1987,12,0,B59
Teknaf,1988,1,0,B59
Teknaf,1988,2,43,B59
Teknaf,1988,3,0,B59
Teknaf,1988,4,116,B59
Teknaf,1988,5,223,B59
Teknaf,1988,6,1042,B59
Teknaf,1988,7,1032,B59
Teknaf,1988,8,927,B59
Teknaf,1988,9,325,B59
Teknaf,1988,10,220,B59
Teknaf,1988,11,15,B59
Teknaf,1988,12,73,B59
Teknaf,1989,1,0,B59
Teknaf,1989,2,0,B59
Teknaf,1989,3,0,B59
Teknaf,1989,4,132,B59
Teknaf,1989,5,35,B59
Teknaf,1989,6,927,B59
Teknaf,1989,7,962,B59
Teknaf,1989,8,829,B59
Teknaf,1989,9,673,B59
Teknaf,1989,10,437,B59
Teknaf,1989,11,59,B59
Teknaf,1989,12,0,B59
Teknaf,1990,1,0,B59
Teknaf,1990,2,4,B59
Teknaf,1990,3,1,B59
Teknaf,1990,4,72,B59
Teknaf,1990,5,203,B59
Teknaf,1990,6,1279,B59
Teknaf,1990,7,946,B59
Teknaf,1990,8,575,B59
Teknaf,1990,9,293,B59
Teknaf,1990,10,107,B59
Teknaf,1990,11,101,B59
Teknaf,1990,12,15,B59
Teknaf,1991,1,0,B59
Teknaf,1991,2,0,B59
Teknaf,1991,3,0,B59
Teknaf,1991,4,94,B59
Teknaf,1991,5,28,B59
Teknaf,1991,6,1252,B59
Teknaf,1991,7,1391,B59
Teknaf,1991,8,1422,B59
Teknaf,1991,9,434,B59
Teknaf,1991,10,408,B59
Teknaf,1991,11,104,B59
Teknaf,1991,12,0,B59
Teknaf,1992,1,0,B59
Teknaf,1992,2,71,B59
Teknaf,1992,3,0,B59
Teknaf,1992,4,0,B59
Teknaf,1992,5,242,B59
Teknaf,1992,6,807,B59
Teknaf,1992,7,1018,B59
Teknaf,1992,8,704,B59
Teknaf,1992,9,320,B59
Teknaf,1992,10,406,B59
Teknaf,1992,11,58,B59
Teknaf,1992,12,5,B59
Teknaf,1993,1,1,B59
Teknaf,1993,2,85,B59
Teknaf,1993,3,94,B59
Teknaf,1993,4,49,B59
Teknaf,1993,5,526,B59
Teknaf,1993,6,1333,B59
Teknaf,1993,7,702,B59
Teknaf,1993,8,1337,B59
Teknaf,1993,9,350,B59
Teknaf,1993,10,127,B59
Teknaf,1993,11,2,B59
Teknaf,1993,12,0,B59
Teknaf,1994,1,0,B59
Teknaf,1994,2,0,B59
Teknaf,1994,3,121,B59
Teknaf,1994,4,125,B59
Teknaf,1994,5,364,B59
Teknaf,1994,6,1419,B59
Teknaf,1994,7,1475,B59
Teknaf,1994,8,1017,B59
Teknaf,1994,9,350,B59
Teknaf,1994,10,120,B59
Teknaf,1994,11,70,B59
Teknaf,1994,12,1,B59
Teknaf,1995,1,0,B59
Teknaf,1995,2,3,B59
Teknaf,1995,3,1,B59
Teknaf,1995,4,63,B59
Teknaf,1995,5,278,B59
Teknaf,1995,6,1123,B59
Teknaf,1995,7,1220,B59
Teknaf,1995,8,622,B59
Teknaf,1995,9,563,B59
Teknaf,1995,10,47,B59
Teknaf,1995,11,365,B59
Teknaf,1995,12,0,B59
Teknaf,1996,1,0,B59
Teknaf,1996,2,88,B59
Teknaf,1996,3,0,B59
Teknaf,1996,4,83,B59
Teknaf,1996,5,261,B59
Teknaf,1996,6,649,B59
Teknaf,1996,7,1212,B59
Teknaf,1996,8,866,B59
Teknaf,1996,9,458,B59
Teknaf,1996,10,687,B59
Teknaf,1996,11,18,B59
Teknaf,1996,12,0,B59
Teknaf,1997,1,0,B59
Teknaf,1997,2,48,B59
Teknaf,1997,3,33,B59
Teknaf,1997,4,49,B59
Teknaf,1997,5,243,B59
Teknaf,1997,6,585,B59
Teknaf,1997,7,1353,B59
Teknaf,1997,8,742,B59
Teknaf,1997,9,666,B59
Teknaf,1997,10,23,B59
Teknaf,1997,11,49,B59
Teknaf,1997,12,16,B59
Teknaf,1998,1,2,B59
Teknaf,1998,2,0,B59
Teknaf,1998,3,13,B59
Teknaf,1998,4,88,B59
Teknaf,1998,5,429,B59
Teknaf,1998,6,424,B59
Teknaf,1998,7,1275,B59
Teknaf,1998,8,1474,B59
Teknaf,1998,9,320,B59
Teknaf,1998,10,159,B59
Teknaf,1998,11,79,B59
Teknaf,1998,12,0,B59
Teknaf,1999,1,0,B59
Teknaf,1999,2,0,B59
Teknaf,1999,3,0,B59
Teknaf,1999,4,0,B59
Teknaf,1999,5,629,B59
Teknaf,1999,6,982,B59
Teknaf,1999,7,771,B59
Teknaf,1999,8,1395,B59
Teknaf,1999,9,513,B59
Teknaf,1999,10,392,B59
Teknaf,1999,11,2,B59
Teknaf,1999,12,36,B59
Teknaf,2000,1,2,B59
Teknaf,2000,2,0,B59
Teknaf,2000,3,0,B59
Teknaf,2000,4,27,B59
Teknaf,2000,5,600,B59
Teknaf,2000,6,1091,B59
Teknaf,2000,7,1457,B59
Teknaf,2000,8,1008,B59
Teknaf,2000,9,363,B59
Teknaf,2000,10,422,B59
Teknaf,2000,11,17,B59
Teknaf,2000,12,0,B59
Teknaf,2001,1,0,B59
Teknaf,2001,2,10,B59
Teknaf,2001,3,0,B59
Teknaf,2001,4,0,B59
Teknaf,2001,5,174,B59
Teknaf,2001,6,1759,B59
Teknaf,2001,7,1236,B59
Teknaf,2001,8,684,B59
Teknaf,2001,9,386,B59
Teknaf,2001,10,215,B59
Teknaf,2001,11,130,B59
Teknaf,2001,12,1,B59
Teknaf,2002,1,2,B59
Teknaf,2002,2,0,B59
Teknaf,2002,3,46,B59
Teknaf,2002,4,8,B59
Teknaf,2002,5,498,B59
Teknaf,2002,6,808,B59
Teknaf,2002,7,1136,B59
Teknaf,2002,8,692,B59
Teknaf,2002,9,257,B59
Teknaf,2002,10,340,B59
Teknaf,2002,11,142,B59
Teknaf,2002,12,0,B59
Teknaf,2003,1,0,B59
Teknaf,2003,2,0,B59
Teknaf,2003,3,17,B59
Teknaf,2003,4,0,B59
Teknaf,2003,5,221,B59
Teknaf,2003,6,1638,B59
Teknaf,2003,7,822,B59
Teknaf,2003,8,895,B59
Teknaf,2003,9,669,B59
Teknaf,2003,10,181,B59
Teknaf,2003,11,0,B59
Teknaf,2003,12,8,B59
Teknaf,2004,1,0,B59
Teknaf,2004,2,0,B59
Teknaf,2004,3,0,B59
Teknaf,2004,4,103,B59
Teknaf,2004,5,437,B59
Teknaf,2004,6,680,B59
Teknaf,2004,7,899,B59
Teknaf,2004,8,1162,B59
Teknaf,2004,9,379,B59
Teknaf,2004,10,472,B59
Teknaf,2004,11,9,B59
Teknaf,2004,12,0,B59
Teknaf,2005,1,0,B59
Teknaf,2005,2,0,B59
Teknaf,2005,3,10,B59
Teknaf,2005,4,77,B59
Teknaf,2005,5,113,B59
Teknaf,2005,6,1023,B59
Teknaf,2005,7,953,B59
Teknaf,2005,8,1356,B59
Teknaf,2005,9,273,B59
Teknaf,2005,10,113,B59
Teknaf,2005,11,14,B59
Teknaf,2005,12,60,B59
Teknaf,2006,1,0,B59
Teknaf,2006,2,0,B59
Teknaf,2006,3,0,B59
Teknaf,2006,4,31,B59
Teknaf,2006,5,724,B59
Teknaf,2006,6,491,B59
Teknaf,2006,7,1150,B59
Teknaf,2006,8,732,B59
Teknaf,2006,9,824,B59
Teknaf,2006,10,237,B59
Teknaf,2006,11,43,B59
Teknaf,2006,12,0,B59
Teknaf,2007,1,0,B59
Teknaf,2007,2,8,B59
Teknaf,2007,3,0,B59
Teknaf,2007,4,69,B59
Teknaf,2007,5,290,B59
Teknaf,2007,6,598,B59
Teknaf,2007,7,1586,B59
Teknaf,2007,8,628,B59
Teknaf,2007,9,459,B59
Teknaf,2007,10,622,B59
Teknaf,2007,11,205,B59
Teknaf,2007,12,0,B59
Teknaf,2008,1,60,B59
Teknaf,2008,2,7,B59
Teknaf,2008,3,0,B59
Teknaf,2008,4,0,B59
Teknaf,2008,5,335,B59
Teknaf,2008,6,1135,B59
Teknaf,2008,7,2072,B59
Teknaf,2008,8,993,B59
Teknaf,2008,9,520,B59
Teknaf,2008,10,285,B59
Teknaf,2008,11,5,B59
Teknaf,2008,12,0,B59
Teknaf,2009,1,0,B59
Teknaf,2009,2,0,B59
Teknaf,2009,3,0,B59
Teknaf,2009,4,95,B59
Teknaf,2009,5,313,B59
Teknaf,2009,6,542,B59
Teknaf,2009,7,1454,B59
Teknaf,2009,8,851,B59
Teknaf,2009,9,555,B59
Teknaf,2009,10,174,B59
Teknaf,2009,11,3,B59
Teknaf,2009,12,0,B59
Teknaf,2010,1,0,B59
Teknaf,2010,2,0,B59
Teknaf,2010,3,33,B59
Teknaf,2010,4,8,B59
Teknaf,2010,5,492,B59
Teknaf,2010,6,1089,B59
Teknaf,2010,7,881,B59
Teknaf,2010,8,551,B59
Teknaf,2010,9,400,B59
Teknaf,2010,10,602,B59
Teknaf,2010,11,15,B59
Teknaf,2010,12,193,B59
Teknaf,2011,1,9,B59
Teknaf,2011,2,1,B59
Teknaf,2011,3,11,B59
Teknaf,2011,4,130,B59
Teknaf,2011,5,312,B59
Teknaf,2011,6,1180,B59
Teknaf,2011,7,848,B59
Teknaf,2011,8,1163,B59
Teknaf,2011,9,826,B59
Teknaf,2011,10,474,B59
Teknaf,2011,11,0,B59
Teknaf,2011,12,0,B59
Teknaf,2012,1,0,B59
Teknaf,2012,2,0,B59
Teknaf,2012,3,22,B59
Teknaf,2012,4,142,B59
Teknaf,2012,5,154,B59
Teknaf,2012,6,1431,B59
Teknaf,2012,7,1349,B59
Teknaf,2012,8,933,B59
Teknaf,2012,9,496,B59
Teknaf,2012,10,319,B59
Teknaf,2012,11,23,B59
Teknaf,2012,12,0,B59
Teknaf,2013,1,0,B59
Teknaf,2013,2,0,B59
Teknaf,2013,3,0,B59
Teknaf,2013,4,34,B59
Teknaf,2013,5,753,B59
Teknaf,2013,6,821,B59
Teknaf,2013,7,1127,B59
Teknaf,2013,8,851,B59
Teknaf,2013,9,329,B59
Teknaf,2013,10,271,B59
Teknaf,2013,11,0,B59
Teknaf,2013,12,0,B59
Teknaf,2014,1,0,B59
Teknaf,2014,2,22,B59
Teknaf,2014,3,0,B59
Teknaf,2014,4,1,B59
Teknaf,2014,5,78,B59
Teknaf,2014,6,887,B59
Teknaf,2014,7,894,B59
Teknaf,2014,8,1022,B59
Teknaf,2014,9,507,B59
Teknaf,2014,10,65,B59
Teknaf,2014,11,30,B59
Teknaf,2014,12,1,B59
Teknaf,2015,1,11,B59
Teknaf,2015,2,0,B59
Teknaf,2015,3,0,B59
Teknaf,2015,4,111,B59
Teknaf,2015,5,127,B59
Teknaf,2015,6,1695,B59
Teknaf,2015,7,1710,B59
Teknaf,2015,8,824,B59
Teknaf,2015,9,710,B59
Teknaf,2015,10,201,B59
Teknaf,2015,11,44,B59
Teknaf,2015,12,14,B59
Teknaf,2016,1,0,B59
Teknaf,2016,2,0,B59
Teknaf,2016,3,20,B59
Teknaf,2016,4,22,B59
Teknaf,2016,5,346,B59
Teknaf,2016,6,867,B59
Teknaf,2016,7,1351,B59
Teknaf,2016,8,920,B59
Teknaf,2016,9,512,B59
Teknaf,2016,10,208,B59
Teknaf,2016,11,53,B59
Teknaf,2016,12,0,B59
Teknaf,2017,1,0,B59
Teknaf,2017,2,0,B59
Teknaf,2017,3,128,B59
Teknaf,2017,4,163,B59
Teknaf,2017,5,166,B59
Teknaf,2017,6,856,B59
Teknaf,2017,7,1409,B59
Teknaf,2017,8,767,B59
Teknaf,2017,9,488,B59
Teknaf,2017,10,164,B59
Teknaf,2017,11,9,B59
Teknaf,2017,12,28,B59
Teknaf,2018,1,92,B59
Teknaf,2018,2,0,B59
Teknaf,2018,3,0,B59
Teknaf,2018,4,12,B59
Teknaf,2018,5,181,B59
Teknaf,2018,6,1001,B59
Teknaf,2018,7,1288,B59
Teknaf,2018,8,502,B59
Teknaf,2018,9,244,B59
Teknaf,2018,10,593,B59
Teknaf,2018,11,5,B59
Teknaf,2018,12,10,B59
Teknaf,2019,1,0,B59
Teknaf,2019,2,1,B59
Teknaf,2019,3,81,B59
Teknaf,2019,4,6,B59
Teknaf,2019,5,77,B59
Teknaf,2019,6,311,B59
Teknaf,2019,7,1513,B59
Teknaf,2019,8,677,B59
Teknaf,2019,9,1153,B59
Teknaf,2019,10,151,B59
Teknaf,2019,11,23,B59
Teknaf,2019,12,0,B59
Teknaf,2020,1,12,B59
Teknaf,2020,2,0,B59
Teknaf,2020,3,0,B59
Teknaf,2020,4,74,B59
Teknaf,2020,5,227,B59
Teknaf,2020,6,0,B59
Teknaf,2020,7,0,B59
Teknaf,2020,8,0,B59
Teknaf,2020,9,0,B59
Teknaf,2020,10,0,B59
Teknaf,2020,11,0,B59
Teknaf,2020,12,0,B59
Teknaf,2021,1,0,B59
Teknaf,2021,2,0,B59
Teknaf,2021,3,0,B59
Teknaf,2021,4,9,B59
Teknaf,2021,5,29,B59
Teknaf,2021,6,927,B59
Teknaf,2021,7,1003,B59
Teknaf,2021,8,641,B59
Teknaf,2021,9,159,B59
Teknaf,2021,10,171,B59
Teknaf,2021,11,0,B59
Teknaf,2021,12,21,B59
Teknaf,2023,1,0,B59
Teknaf,2023,2,0,B59
Teknaf,2023,3,5,B59
Teknaf,2023,4,0,B59
Teknaf,2023,5,70,B59
Teknaf,2023,6,325,B59
Teknaf,2023,7,353,B59
Teknaf,2023,8,1164,B59
Teknaf,2023,9,239,B59
Teknaf,2023,10,283,B59
Teknaf,2023,11,83,B59
Teknaf,2023,12,10,B59
Teknaf,2022,1,0,B59
Teknaf,2022,2,5,B59
Teknaf,2022,3,0,B59
Teknaf,2022,4,33,B59
Teknaf,2022,5,260,B59
Teknaf,2022,6,875,B59
Teknaf,2022,7,282,B59
Teknaf,2022,8,529,B59
Teknaf,2022,9,443,B59
Teknaf,2022,10,174,B59
Teknaf,2022,11,27,B59
Teknaf,2022,12,0,B59
Tetulia,2020,12,5,B59
Tetulia,2021,1,0,B59
Tetulia,2021,2,0,B59
Tetulia,2021,3,6,B59
Tetulia,2021,4,26,B59
Tetulia,2021,5,218,B59
Tetulia,2021,6,452,B59
Tetulia,2021,7,747,B59
Tetulia,2021,8,819,B59
Tetulia,2021,9,286,B59
Tetulia,2021,10,416,B59
Tetulia,2021,11,0,B59
Tetulia,2021,12,4,B59
Tetulia,2023,1,0,B59
Tetulia,2023,2,1,B59
Tetulia,2023,3,53,B59
Tetulia,2023,4,49,B59
Tetulia,2023,5,123,B59
Tetulia,2023,6,1010,B59
Tetulia,2023,7,702,B59
Tetulia,2023,8,616,B59
Tetulia,2023,9,381,B59
Tetulia,2023,10,101,B59
Tetulia,2023,11,0,B59
Tetulia,2023,12,1,B59
