Station_Name,Year,Month,Type,Wind_Speed,Direction,Block
Dinajpur,2015,1,Minimum,1,360,B11
Dinajpur,2015,2,Minimum,1,270,B11
Dinajpur,2015,3,Minimum,1,270,B11
Dinajpur,2015,4,Minimum,1,290,B11
Dinajpur,2015,5,Minimum,1,90,B11
Dinajpur,2015,6,Minimum,1,90,B11
Dinajpur,2015,7,Minimum,1,180,B11
Dinajpur,2015,8,Minimum,1,360,B11
Dinajpur,2015,9,Minimum,1,180,B11
Dinajpur,2015,10,Minimum,1,90,B11
Dinajpur,2015,11,Minimum,1,90,B11
Dinajpur,2015,12,Minimum,1,50,B11
Dinajpur,2016,1,Minimum,1,50,B11
Dinajpur,2016,2,Minimum,1,360,B11
Dinajpur,2016,3,Minimum,1,90,B11
Dinajpur,2016,4,Minimum,1,90,B11
Dinajpur,2016,5,Minimum,1,90,B11
Dinajpur,2016,6,Minimum,1,180,B11
Dinajpur,2016,7,Minimum,1,90,B11
Dinajpur,2016,8,Minimum,1,90,B11
Dinajpur,2016,9,Minimum,1,130,B11
Dinajpur,2016,10,Minimum,1,90,B11
Dinajpur,2016,11,Minimum,1,50,B11
Dinajpur,2016,12,Minimum,1,270,B11
Dinajpur,2017,1,Minimum,1,270,B11
Dinajpur,2017,2,Minimum,1,270,B11
Dinajpur,2017,3,Minimum,1,180,B11
Dinajpur,2017,4,Minimum,1,90,B11
Dinajpur,2017,5,Minimum,1,90,B11
Dinajpur,2017,6,Minimum,1,90,B11
Dinajpur,2017,7,Minimum,1,90,B11
Dinajpur,2017,8,Minimum,1,180,B11
Dinajpur,2017,9,Minimum,1,50,B11
Dinajpur,2017,10,Minimum,1,90,B11
Dinajpur,2017,11,Minimum,1,50,B11
Dinajpur,2017,12,Minimum,1,270,B11
Dinajpur,2018,1,Minimum,1,270,B11
Dinajpur,2018,2,Minimum,1,280,B11
Dinajpur,2018,3,Minimum,1,90,B11
Dinajpur,2018,4,Minimum,1,90,B11
Dinajpur,2018,5,Minimum,1,90,B11
Dinajpur,2018,6,Minimum,1,90,B11
Dinajpur,2018,7,Minimum,1,180,B11
Dinajpur,2018,8,Minimum,1,130,B11
Dinajpur,2018,9,Minimum,1,140,B11
Dinajpur,2018,10,Minimum,1,270,B11
Dinajpur,2018,11,Minimum,1,90,B11
Dinajpur,2018,12,Minimum,1,270,B11
Dinajpur,2019,1,Minimum,1,310,B11
Dinajpur,2019,2,Minimum,1,270,B11
Dinajpur,2019,3,Minimum,1,270,B11
Dinajpur,2019,4,Minimum,1,90,B11
Dinajpur,2019,5,Minimum,1,90,B11
Dinajpur,2019,6,Minimum,1,130,B11
Dinajpur,2019,7,Minimum,1,130,B11
Dinajpur,2019,8,Minimum,1,90,B11
Dinajpur,2019,9,Minimum,1,360,B11
Dinajpur,2019,10,Minimum,1,90,B11
Dinajpur,2019,11,Minimum,1,90,B11
Dinajpur,2019,12,Minimum,1,270,B11
Dinajpur,2020,1,Minimum,1,310,B11
Dinajpur,2020,2,Minimum,1,270,B11
Dinajpur,2020,3,Minimum,1,90,B11
Dinajpur,2020,4,Minimum,1,90,B11
Dinajpur,2020,5,Minimum,1,90,B11
Dinajpur,2020,6,Minimum,1,150,B11
Dinajpur,2020,7,Minimum,1,230,B11
Dinajpur,2020,8,Minimum,1,90,B11
Dinajpur,2020,9,Minimum,1,90,B11
Dinajpur,2020,10,Minimum,1,90,B11
Dinajpur,2020,11,Minimum,1,270,B11
Dinajpur,2020,12,Minimum,1,360,B11
Dinajpur,2021,1,Minimum,1,270,B11
Dinajpur,2021,2,Minimum,1,270,B11
Dinajpur,2021,3,Minimum,1,180,B11
Dinajpur,2021,4,Minimum,1,50,B11
Dinajpur,2021,5,Minimum,1,180,B11
Dinajpur,2021,6,Minimum,1,180,B11
Dinajpur,2021,7,Minimum,1,90,B11
Dinajpur,2021,8,Minimum,1,90,B11
Dinajpur,2021,9,Minimum,1,130,B11
Dinajpur,2021,10,Minimum,1,50,B11
Dinajpur,2021,11,Minimum,1,50,B11
Dinajpur,2021,12,Minimum,1,90,B11
Dinajpur,2022,1,Minimum,1,270,B11
Dinajpur,2022,2,Minimum,1,310,B11
Dinajpur,2022,3,Minimum,1,230,B11
Dinajpur,2022,4,Minimum,1,130,B11
Dinajpur,2022,5,Minimum,1,50,B11
Dinajpur,2022,6,Minimum,1,230,B11
Dinajpur,2022,7,Minimum,1,130,B11
Dinajpur,2022,8,Minimum,1,130,B11
Dinajpur,2022,9,Minimum,1,180,B11
Dinajpur,2022,10,Minimum,1,90,B11
Dinajpur,2022,11,Minimum,1,90,B11
Dinajpur,2022,12,Minimum,1,360,B11
Dinajpur,2023,1,Minimum,1,50,B11
Dinajpur,2023,2,Minimum,1,310,B11
Dinajpur,2023,3,Minimum,1,270,B11
Dinajpur,2023,4,Minimum,1,90,B11
Dinajpur,2023,5,Minimum,1,230,B11
Dinajpur,2023,6,Minimum,1,50,B11
Dinajpur,2023,7,Minimum,1,130,B11
Dinajpur,2023,8,Minimum,1,50,B11
Dinajpur,2023,9,Minimum,1,180,B11
Dinajpur,2023,10,Minimum,1,130,B11
Dinajpur,2023,11,Minimum,1,90,B11
Dinajpur,2023,12,Minimum,1,270,B11
Dinajpur,2024,1,Minimum,1,270,B11
Dinajpur,2024,2,Minimum,1,270,B11
Dinajpur,2024,3,Minimum,1,230,B11
Dinajpur,2024,4,Minimum,1,90,B11
Dinajpur,2024,5,Minimum,1,310,B11
Dinajpur,2024,6,Minimum,1,50,B11
Dinajpur,2024,7,Minimum,1,130,B11
Rangpur,2015,1,Minimum,1,360,B11
Rangpur,2015,2,Minimum,1,130,B11
Rangpur,2015,3,Minimum,1,270,B11
Rangpur,2015,4,Minimum,1,90,B11
Rangpur,2015,5,Minimum,1,90,B11
Rangpur,2015,6,Minimum,1,170,B11
Rangpur,2015,7,Minimum,1,130,B11
Rangpur,2015,8,Minimum,1,130,B11
Rangpur,2015,9,Minimum,1,50,B11
Rangpur,2015,10,Minimum,1,80,B11
Rangpur,2015,11,Minimum,1,50,B11
Rangpur,2015,12,Minimum,1,50,B11
Rangpur,2016,1,Minimum,1,50,B11
Rangpur,2016,2,Minimum,2,230,B11
Rangpur,2016,3,Minimum,1,270,B11
Rangpur,2016,4,Minimum,1,170,B11
Rangpur,2016,5,Minimum,1,130,B11
Rangpur,2016,6,Minimum,1,130,B11
Rangpur,2016,7,Minimum,1,50,B11
Rangpur,2016,8,Minimum,1,230,B11
Rangpur,2016,9,Minimum,1,230,B11
Rangpur,2016,10,Minimum,1,170,B11
Rangpur,2016,11,Minimum,2,50,B11
Rangpur,2016,12,Minimum,1,310,B11
Rangpur,2017,1,Minimum,1,50,B11
Rangpur,2017,2,Minimum,1,230,B11
Rangpur,2017,3,Minimum,1,170,B11
Rangpur,2017,4,Minimum,1,50,B11
Rangpur,2017,5,Minimum,1,230,B11
Rangpur,2017,6,Minimum,1,130,B11
Rangpur,2017,7,Minimum,1,130,B11
Rangpur,2017,8,Minimum,1,270,B11
Rangpur,2017,9,Minimum,1,80,B11
Rangpur,2017,10,Minimum,1,130,B11
Rangpur,2017,11,Minimum,1,130,B11
Rangpur,2017,12,Minimum,1,50,B11
Rangpur,2018,1,Minimum,1,270,B11
Rangpur,2018,2,Minimum,1,220,B11
Rangpur,2018,3,Minimum,1,230,B11
Rangpur,2018,4,Minimum,1,,B11
Rangpur,2018,5,Minimum,1,130,B11
Rangpur,2018,6,Minimum,1,130,B11
Rangpur,2018,7,Minimum,1,130,B11
Rangpur,2018,8,Minimum,1,130,B11
Rangpur,2018,9,Minimum,1,130,B11
Rangpur,2018,10,Minimum,1,230,B11
Rangpur,2018,11,Minimum,1,230,B11
Rangpur,2018,12,Minimum,1,320,B11
Rangpur,2019,1,Minimum,1,310,B11
Rangpur,2019,2,Minimum,1,50,B11
Rangpur,2019,3,Minimum,1,90,B11
Rangpur,2019,4,Minimum,1,50,B11
Rangpur,2019,5,Minimum,1,130,B11
Rangpur,2019,6,Minimum,1,130,B11
Rangpur,2019,7,Minimum,1,90,B11
Rangpur,2019,8,Minimum,1,50,B11
Rangpur,2019,9,Minimum,1,50,B11
Rangpur,2019,10,Minimum,1,90,B11
Rangpur,2019,11,Minimum,1,270,B11
Rangpur,2019,12,Minimum,1,270,B11
Rangpur,2020,1,Minimum,1,270,B11
Rangpur,2020,2,Minimum,1,230,B11
Rangpur,2020,3,Minimum,1,290,B11
Rangpur,2020,4,Minimum,1,230,B11
Rangpur,2020,5,Minimum,1,50,B11
Rangpur,2020,6,Minimum,1,130,B11
Rangpur,2020,7,Minimum,1,130,B11
Rangpur,2020,8,Minimum,1,50,B11
Rangpur,2020,9,Minimum,1,90,B11
Rangpur,2020,10,Minimum,1,130,B11
Rangpur,2020,11,Minimum,1,130,B11
Rangpur,2020,12,Minimum,1,50,B11
Rangpur,2021,1,Minimum,1,230,B11
Rangpur,2021,2,Minimum,1,350,B11
Rangpur,2021,3,Minimum,1,290,B11
Rangpur,2021,4,Minimum,1,90,B11
Rangpur,2021,5,Minimum,1,180,B11
Rangpur,2021,6,Minimum,1,270,B11
Rangpur,2021,7,Minimum,1,50,B11
Rangpur,2021,8,Minimum,1,90,B11
Rangpur,2021,9,Minimum,1,50,B11
Rangpur,2021,10,Minimum,1,50,B11
Rangpur,2021,11,Minimum,1,50,B11
Rangpur,2021,12,Minimum,1,50,B11
Rangpur,2022,1,Minimum,1,230,B11
Rangpur,2022,2,Minimum,1,270,B11
Rangpur,2022,3,Minimum,1,230,B11
Rangpur,2022,4,Minimum,1,90,B11
Rangpur,2022,5,Minimum,1,50,B11
Rangpur,2022,6,Minimum,1,50,B11
Rangpur,2022,7,Minimum,1,130,B11
Rangpur,2022,8,Minimum,1,130,B11
Rangpur,2022,9,Minimum,1,130,B11
Rangpur,2022,10,Minimum,1,310,B11
Rangpur,2022,11,Minimum,1,180,B11
Rangpur,2022,12,Minimum,1,90,B11
Rangpur,2023,1,Minimum,1,50,B11
Rangpur,2023,2,Minimum,1,180,B11
Rangpur,2023,3,Minimum,1,50,B11
Rangpur,2023,4,Minimum,1,130,B11
Rangpur,2023,5,Minimum,1,130,B11
Rangpur,2023,6,Minimum,1,130,B11
Rangpur,2023,7,Minimum,1,130,B11
Rangpur,2023,8,Minimum,1,230,B11
Rangpur,2023,9,Minimum,1,50,B11
Rangpur,2023,10,Minimum,1,90,B11
Rangpur,2023,11,Minimum,1,330,B11
Rangpur,2023,12,Minimum,1,360,B11
Rangpur,2024,1,Minimum,1,360,B11
Rangpur,2024,2,Minimum,1,270,B11
Rangpur,2024,3,Minimum,1,220,B11
Rangpur,2024,4,Minimum,1,50,B11
Rangpur,2024,5,Minimum,1,50,B11
Rangpur,2024,6,Minimum,1,50,B11
Rajshahi,2015,1,Minimum,1,130,B11
Rajshahi,2015,2,Minimum,1,270,B11
Rajshahi,2015,3,Minimum,1,130,B11
Rajshahi,2015,4,Minimum,1,90,B11
Rajshahi,2015,5,Minimum,1,130,B11
Rajshahi,2015,6,Minimum,1,90,B11
Rajshahi,2015,7,Minimum,1,180,B11
Rajshahi,2015,8,Minimum,1,90,B11
Rajshahi,2015,9,Minimum,1,130,B11
Rajshahi,2015,10,Minimum,1,180,B11
Rajshahi,2015,11,Minimum,1,360,B11
Rajshahi,2015,12,Minimum,1,360,B11
Rajshahi,2016,1,Minimum,1,270,B11
Rajshahi,2016,2,Minimum,1,180,B11
Rajshahi,2016,3,Minimum,1,180,B11
Rajshahi,2016,4,Minimum,1,360,B11
Rajshahi,2016,5,Minimum,1,90,B11
Rajshahi,2016,6,Minimum,1,90,B11
Rajshahi,2016,7,Minimum,1,180,B11
Rajshahi,2016,8,Minimum,1,90,B11
Rajshahi,2016,9,Minimum,1,90,B11
Rajshahi,2016,10,Minimum,1,50,B11
Rajshahi,2016,11,Minimum,1,360,B11
Rajshahi,2016,12,Minimum,1,360,B11
Rajshahi,2017,1,Minimum,1,310,B11
Rajshahi,2017,2,Minimum,1,310,B11
Rajshahi,2017,3,Minimum,1,90,B11
Rajshahi,2017,4,Minimum,1,180,B11
Rajshahi,2017,5,Minimum,1,50,B11
Rajshahi,2017,6,Minimum,1,360,B11
Rajshahi,2017,7,Minimum,1,90,B11
Rajshahi,2017,8,Minimum,1,90,B11
Rajshahi,2017,9,Minimum,1,130,B11
Rajshahi,2017,10,Minimum,1,180,B11
Rajshahi,2017,11,Minimum,1,310,B11
Rajshahi,2017,12,Minimum,1,270,B11
Rajshahi,2018,1,Minimum,1,360,B11
Rajshahi,2018,2,Minimum,1,360,B11
Rajshahi,2018,3,Minimum,1,210,B11
Rajshahi,2018,4,Minimum,1,90,B11
Rajshahi,2018,5,Minimum,1,50,B11
Rajshahi,2018,6,Minimum,1,90,B11
Rajshahi,2018,7,Minimum,1,180,B11
Rajshahi,2018,8,Minimum,1,230,B11
Rajshahi,2018,9,Minimum,1,90,B11
Rajshahi,2018,10,Minimum,1,180,B11
Rajshahi,2018,11,Minimum,1,180,B11
Rajshahi,2018,12,Minimum,1,360,B11
Rajshahi,2019,1,Minimum,1,360,B11
Rajshahi,2019,2,Minimum,1,360,B11
Rajshahi,2019,3,Minimum,1,270,B11
Rajshahi,2019,4,Minimum,1,50,B11
Rajshahi,2019,5,Minimum,1,180,B11
Rajshahi,2019,6,Minimum,1,90,B11
Rajshahi,2019,7,Minimum,1,90,B11
Rajshahi,2019,8,Minimum,1,130,B11
Rajshahi,2019,9,Minimum,1,330,B11
Rajshahi,2019,10,Minimum,1,50,B11
Rajshahi,2019,11,Minimum,1,310,B11
Rajshahi,2019,12,Minimum,1,310,B11
Rajshahi,2020,1,Minimum,1,90,B11
Rajshahi,2020,2,Minimum,1,50,B11
Rajshahi,2020,3,Minimum,1,360,B11
Rajshahi,2020,4,Minimum,1,130,B11
Rajshahi,2020,5,Minimum,1,270,B11
Rajshahi,2020,6,Minimum,1,180,B11
Rajshahi,2020,7,Minimum,1,90,B11
Rajshahi,2020,8,Minimum,1,310,B11
Rajshahi,2020,9,Minimum,1,130,B11
Rajshahi,2020,10,Minimum,1,90,B11
Rajshahi,2020,11,Minimum,1,180,B11
Rajshahi,2020,12,Minimum,1,70,B11
Rajshahi,2021,1,Minimum,1,360,B11
Rajshahi,2021,2,Minimum,1,360,B11
Rajshahi,2021,3,Minimum,1,230,B11
Rajshahi,2021,4,Minimum,1,180,B11
Rajshahi,2021,5,Minimum,1,360,B11
Rajshahi,2021,6,Minimum,1,130,B11
Rajshahi,2021,7,Minimum,1,90,B11
Rajshahi,2021,8,Minimum,1,90,B11
Rajshahi,2021,9,Minimum,1,90,B11
Rajshahi,2021,10,Minimum,1,90,B11
Rajshahi,2021,11,Minimum,1,320,B11
Rajshahi,2021,12,Minimum,1,360,B11
Rajshahi,2022,1,Minimum,1,360,B11
Rajshahi,2022,2,Minimum,1,50,B11
Rajshahi,2022,3,Minimum,1,310,B11
Rajshahi,2022,4,Minimum,1,130,B11
Rajshahi,2022,5,Minimum,1,90,B11
Rajshahi,2022,6,Minimum,1,90,B11
Rajshahi,2022,7,Minimum,1,130,B11
Rajshahi,2022,8,Minimum,1,90,B11
Rajshahi,2022,9,Minimum,1,230,B11
Rajshahi,2022,10,Minimum,1,230,B11
Rajshahi,2022,11,Minimum,1,310,B11
Rajshahi,2022,12,Minimum,1,360,B11
Rajshahi,2023,1,Minimum,1,360,B11
Rajshahi,2023,2,Minimum,1,360,B11
Rajshahi,2023,3,Minimum,1,230,B11
Rajshahi,2023,4,Minimum,1,230,B11
Rajshahi,2023,5,Minimum,1,180,B11
Rajshahi,2023,6,Minimum,1,180,B11
Rajshahi,2023,7,Minimum,1,90,B11
Rajshahi,2023,8,Minimum,1,90,B11
Rajshahi,2023,9,Minimum,1,130,B11
Rajshahi,2023,10,Minimum,1,230,B11
Rajshahi,2023,11,Minimum,1,310,B11
Rajshahi,2023,12,Minimum,1,360,B11
Rajshahi,2024,1,Minimum,1,310,B11
Rajshahi,2024,2,Minimum,1,230,B11
Rajshahi,2024,3,Minimum,1,180,B11
Rajshahi,2024,4,Minimum,1,230,B11
Rajshahi,2024,5,Minimum,1,90,B11
Rajshahi,2024,6,Minimum,1,180,B11
Bogura,2015,1,Minimum,2,270,B11
Bogura,2015,2,Minimum,2,310,B11
Bogura,2015,3,Minimum,2,90,B11
Bogura,2015,4,Minimum,2,130,B11
Bogura,2015,5,Minimum,2,90,B11
Bogura,2015,6,Minimum,2,180,B11
Bogura,2015,7,Minimum,2,130,B11
Bogura,2015,8,Minimum,2,90,B11
Bogura,2015,9,Minimum,2,180,B11
Bogura,2015,10,Minimum,2,130,B11
Bogura,2015,11,Minimum,2,360,B11
Bogura,2015,12,Minimum,2,90,B11
Bogura,2016,1,Minimum,2,270,B11
Bogura,2016,2,Minimum,2,90,B11
Bogura,2016,3,Minimum,2,90,B11
Bogura,2016,4,Minimum,2,130,B11
Bogura,2016,5,Minimum,2,130,B11
Bogura,2016,6,Minimum,2,90,B11
Bogura,2016,7,Minimum,2,90,B11
Bogura,2016,8,Minimum,2,90,B11
Bogura,2016,9,Minimum,2,90,B11
Bogura,2016,10,Minimum,1,360,B11
Bogura,2016,11,Minimum,2,360,B11
Bogura,2016,12,Minimum,2,360,B11
Bogura,2017,1,Minimum,2,310,B11
Bogura,2017,2,Minimum,2,310,B11
Bogura,2017,3,Minimum,2,130,B11
Bogura,2017,4,Minimum,2,180,B11
Bogura,2017,5,Minimum,2,90,B11
Bogura,2017,6,Minimum,2,90,B11
Bogura,2017,7,Minimum,2,180,B11
Bogura,2017,8,Minimum,2,130,B11
Bogura,2017,9,Minimum,1,90,B11
Bogura,2017,10,Minimum,1,90,B11
Bogura,2017,11,Minimum,2,310,B11
Bogura,2017,12,Minimum,2,310,B11
Bogura,2018,1,Minimum,2,310,B11
Bogura,2018,2,Minimum,2,270,B11
Bogura,2018,3,Minimum,1,360,B11
Bogura,2018,4,Minimum,2,270,B11
Bogura,2018,5,Minimum,2,90,B11
Bogura,2018,6,Minimum,2,90,B11
Bogura,2018,7,Minimum,2,130,B11
Bogura,2018,8,Minimum,2,90,B11
Bogura,2018,9,Minimum,2,130,B11
Bogura,2018,10,Minimum,2,360,B11
Bogura,2018,11,Minimum,2,130,B11
Bogura,2018,12,Minimum,2,310,B11
Bogura,2019,1,Minimum,2,270,B11
Bogura,2019,2,Minimum,2,270,B11
Bogura,2019,3,Minimum,2,90,B11
Bogura,2019,4,Minimum,2,90,B11
Bogura,2019,5,Minimum,2,180,B11
Bogura,2019,6,Minimum,2,90,B11
Bogura,2019,7,Minimum,2,90,B11
Bogura,2019,8,Minimum,2,90,B11
Bogura,2019,9,Minimum,2,310,B11
Bogura,2019,10,Minimum,2,90,B11
Bogura,2019,11,Minimum,2,310,B11
Bogura,2019,12,Minimum,2,270,B11
Bogura,2020,1,Minimum,2,360,B11
Bogura,2020,2,Minimum,2,310,B11
Bogura,2020,3,Minimum,2,360,B11
Bogura,2020,4,Minimum,2,130,B11
Bogura,2020,5,Minimum,2,90,B11
Bogura,2020,6,Minimum,2,90,B11
Bogura,2020,7,Minimum,2,230,B11
Bogura,2020,8,Minimum,1,80,B11
Bogura,2020,9,Minimum,2,90,B11
Bogura,2020,10,Minimum,2,90,B11
Bogura,2020,11,Minimum,2,130,B11
Bogura,2020,12,Minimum,2,270,B11
Bogura,2021,1,Minimum,2,270,B11
Bogura,2021,2,Minimum,2,310,B11
Bogura,2021,3,Minimum,2,310,B11
Bogura,2021,4,Minimum,2,130,B11
Bogura,2021,5,Minimum,2,90,B11
Bogura,2021,6,Minimum,2,230,B11
Bogura,2021,7,Minimum,2,90,B11
Bogura,2021,8,Minimum,2,90,B11
Bogura,2021,9,Minimum,2,230,B11
Bogura,2021,10,Minimum,2,180,B11
Bogura,2021,11,Minimum,2,310,B11
Bogura,2021,12,Minimum,2,90,B11
Bogura,2022,1,Minimum,2,310,B11
Bogura,2022,2,Minimum,2,90,B11
Bogura,2022,3,Minimum,2,10,B11
Bogura,2022,4,Minimum,2,90,B11
Bogura,2022,5,Minimum,2,90,B11
Bogura,2022,6,Minimum,2,270,B11
Bogura,2022,7,Minimum,2,130,B11
Bogura,2022,8,Minimum,2,130,B11
Bogura,2022,9,Minimum,2,230,B11
Bogura,2022,10,Minimum,2,130,B11
Bogura,2022,11,Minimum,2,230,B11
Bogura,2022,12,Minimum,2,310,B11
Bogura,2023,1,Minimum,2,270,B11
Bogura,2023,2,Minimum,2,310,B11
Bogura,2023,3,Minimum,2,90,B11
Bogura,2023,4,Minimum,2,230,B11
Bogura,2023,5,Minimum,2,180,B11
Bogura,2023,6,Minimum,2,180,B11
Bogura,2023,7,Minimum,2,130,B11
Bogura,2023,8,Minimum,2,130,B11
Bogura,2023,9,Minimum,2,130,B11
Bogura,2023,10,Minimum,2,90,B11
Bogura,2023,11,Minimum,2,270,B11
Bogura,2023,12,Minimum,2,310,B11
Bogura,2024,1,Minimum,2,310,B11
Bogura,2024,2,Minimum,2,270,B11
Bogura,2024,3,Minimum,2,270,B11
Bogura,2024,4,Minimum,2,90,B11
Bogura,2024,5,Minimum,2,90,B11
Bogura,2024,6,Minimum,2,130,B11
Mymensingh,2015,1,Minimum,1,270,B11
Mymensingh,2015,2,Minimum,1,90,B11
Mymensingh,2015,3,Minimum,1,290,B11
Mymensingh,2015,4,Minimum,1,90,B11
Mymensingh,2015,5,Minimum,1,130,B11
Mymensingh,2015,6,Minimum,1,130,B11
Mymensingh,2015,7,Minimum,1,130,B11
Mymensingh,2015,8,Minimum,1,160,B11
Mymensingh,2015,9,Minimum,1,160,B11
Mymensingh,2015,10,Minimum,1,90,B11
Mymensingh,2015,11,Minimum,1,130,B11
Mymensingh,2015,12,Minimum,1,90,B11
Mymensingh,2016,1,Minimum,1,90,B11
Mymensingh,2016,2,Minimum,1,90,B11
Mymensingh,2016,3,Minimum,1,90,B11
Mymensingh,2016,4,Minimum,1,90,B11
Mymensingh,2016,5,Minimum,1,90,B11
Mymensingh,2016,6,Minimum,1,130,B11
Mymensingh,2016,7,Minimum,1,130,B11
Mymensingh,2016,8,Minimum,1,130,B11
Mymensingh,2016,9,Minimum,1,180,B11
Mymensingh,2016,10,Minimum,1,130,B11
Mymensingh,2016,11,Minimum,1,270,B11
Mymensingh,2016,12,Minimum,1,310,B11
Mymensingh,2017,1,Minimum,1,360,B11
Mymensingh,2017,2,Minimum,1,280,B11
Mymensingh,2017,3,Minimum,1,90,B11
Mymensingh,2017,4,Minimum,1,90,B11
Mymensingh,2017,5,Minimum,1,90,B11
Mymensingh,2017,6,Minimum,1,50,B11
Mymensingh,2017,7,Minimum,1,90,B11
Mymensingh,2017,8,Minimum,1,160,B11
Mymensingh,2017,9,Minimum,1,90,B11
Mymensingh,2017,10,Minimum,1,40,B11
Mymensingh,2017,11,Minimum,1,40,B11
Mymensingh,2017,12,Minimum,1,90,B11
Mymensingh,2018,1,Minimum,1,270,B11
Mymensingh,2018,2,Minimum,1,130,B11
Mymensingh,2018,3,Minimum,1,90,B11
Mymensingh,2018,4,Minimum,1,310,B11
Mymensingh,2018,5,Minimum,1,90,B11
Mymensingh,2018,6,Minimum,1,130,B11
Mymensingh,2018,7,Minimum,1,180,B11
Mymensingh,2018,8,Minimum,1,130,B11
Mymensingh,2018,9,Minimum,1,90,B11
Mymensingh,2018,10,Minimum,1,130,B11
Mymensingh,2018,11,Minimum,1,130,B11
Mymensingh,2018,12,Minimum,1,330,B11
Mymensingh,2019,1,Minimum,1,270,B11
Mymensingh,2019,2,Minimum,1,40,B11
Mymensingh,2019,3,Minimum,1,90,B11
Mymensingh,2019,4,Minimum,1,90,B11
Mymensingh,2019,5,Minimum,1,90,B11
Mymensingh,2019,6,Minimum,1,90,B11
Mymensingh,2019,7,Minimum,1,40,B11
Mymensingh,2019,8,Minimum,1,130,B11
Mymensingh,2019,9,Minimum,1,20,B11
Mymensingh,2019,10,Minimum,1,70,B11
Mymensingh,2019,11,Minimum,1,90,B11
Mymensingh,2019,12,Minimum,1,40,B11
Mymensingh,2020,1,Minimum,1,270,B11
Mymensingh,2020,2,Minimum,1,270,B11
Mymensingh,2020,3,Minimum,1,270,B11
Mymensingh,2020,4,Minimum,1,90,B11
Mymensingh,2020,5,Minimum,1,90,B11
Mymensingh,2020,6,Minimum,1,140,B11
Mymensingh,2020,7,Minimum,1,180,B11
Mymensingh,2020,8,Minimum,1,110,B11
Mymensingh,2020,9,Minimum,1,180,B11
Mymensingh,2020,10,Minimum,1,180,B11
Mymensingh,2020,11,Minimum,1,70,B11
Mymensingh,2020,12,Minimum,1,230,B11
Mymensingh,2021,1,Minimum,1,270,B11
Mymensingh,2021,2,Minimum,1,270,B11
Mymensingh,2021,3,Minimum,1,60,B11
Mymensingh,2021,4,Minimum,1,50,B11
Mymensingh,2021,5,Minimum,1,40,B11
Mymensingh,2021,6,Minimum,1,150,B11
Mymensingh,2021,7,Minimum,1,130,B11
Mymensingh,2021,8,Minimum,1,180,B11
Mymensingh,2021,9,Minimum,1,120,B11
Mymensingh,2021,10,Minimum,1,60,B11
Mymensingh,2021,11,Minimum,1,90,B11
Mymensingh,2021,12,Minimum,1,300,B11
Mymensingh,2022,1,Minimum,1,330,B11
Mymensingh,2022,2,Minimum,1,90,B11
Mymensingh,2022,3,Minimum,1,130,B11
Mymensingh,2022,4,Minimum,1,180,B11
Mymensingh,2022,5,Minimum,1,90,B11
Mymensingh,2022,6,Minimum,1,230,B11
Mymensingh,2022,7,Minimum,1,90,B11
Mymensingh,2022,8,Minimum,1,90,B11
Mymensingh,2022,9,Minimum,1,320,B11
Mymensingh,2022,10,Minimum,1,180,B11
Mymensingh,2023,1,Minimum,1,270,B11
Mymensingh,2023,3,Minimum,2,40,B11
Mymensingh,2023,4,Minimum,1,90,B11
Mymensingh,2023,5,Minimum,1,90,B11
Mymensingh,2023,6,Minimum,1,130,B11
Mymensingh,2023,7,Minimum,1,130,B11
Mymensingh,2023,8,Minimum,1,180,B11
Mymensingh,2023,9,Minimum,1,130,B11
Mymensingh,2023,10,Minimum,1,180,B11
Mymensingh,2023,11,Minimum,4,110,B11
Mymensingh,2023,12,Minimum,2,320,B11
Mymensingh,2024,1,Minimum,1,270,B11
Mymensingh,2024,2,Minimum,1,90,B11
Mymensingh,2024,3,Minimum,1,50,B11
Mymensingh,2024,4,Minimum,1,130,B11
Mymensingh,2024,5,Minimum,1,90,B11
Mymensingh,2024,6,Minimum,1,180,B11
Mymensingh,2024,7,Minimum,1,130,B11
Sylhet,2015,1,Minimum,2,360,B11
Sylhet,2015,2,Minimum,2,70,B11
Sylhet,2015,3,Minimum,2,210,B11
Sylhet,2015,4,Minimum,2,70,B11
Sylhet,2015,5,Minimum,2,30,B11
Sylhet,2015,6,Minimum,2,80,B11
Sylhet,2015,7,Minimum,2,190,B11
Sylhet,2015,8,Minimum,2,60,B11
Sylhet,2015,9,Minimum,2,50,B11
Sylhet,2015,10,Minimum,2,90,B11
Sylhet,2015,11,Minimum,2,30,B11
Sylhet,2015,12,Minimum,2,60,B11
Sylhet,2016,1,Minimum,2,90,B11
Sylhet,2016,2,Minimum,2,80,B11
Sylhet,2016,3,Minimum,2,60,B11
Sylhet,2016,4,Minimum,2,80,B11
Sylhet,2016,5,Minimum,2,60,B11
Sylhet,2016,6,Minimum,2,70,B11
Sylhet,2016,7,Minimum,2,90,B11
Sylhet,2016,8,Minimum,2,270,B11
Sylhet,2016,9,Minimum,2,130,B11
Sylhet,2016,10,Minimum,2,130,B11
Sylhet,2016,11,Minimum,2,50,B11
Sylhet,2016,12,Minimum,2,90,B11
Sylhet,2017,1,Minimum,2,90,B11
Sylhet,2017,2,Minimum,2,60,B11
Sylhet,2017,3,Minimum,2,90,B11
Sylhet,2017,4,Minimum,2,90,B11
Sylhet,2017,5,Minimum,2,90,B11
Sylhet,2017,6,Minimum,1,180,B11
Sylhet,2017,7,Minimum,2,140,B11
Sylhet,2017,8,Minimum,2,90,B11
Sylhet,2017,9,Minimum,2,180,B11
Sylhet,2017,10,Minimum,2,90,B11
Sylhet,2017,11,Minimum,2,80,B11
Sylhet,2017,12,Minimum,2,80,B11
Sylhet,2018,1,Minimum,2,80,B11
Sylhet,2018,2,Minimum,2,90,B11
Sylhet,2018,3,Minimum,2,90,B11
Sylhet,2018,4,Minimum,2,90,B11
Sylhet,2018,5,Minimum,2,100,B11
Sylhet,2018,6,Minimum,2,50,B11
Sylhet,2018,7,Minimum,2,90,B11
Sylhet,2018,8,Minimum,2,130,B11
Sylhet,2018,9,Minimum,2,90,B11
Sylhet,2018,10,Minimum,2,130,B11
Sylhet,2018,11,Minimum,2,90,B11
Sylhet,2018,12,Minimum,2,90,B11
Sylhet,2019,1,Minimum,2,90,B11
Sylhet,2019,2,Minimum,2,360,B11
Sylhet,2019,3,Minimum,2,130,B11
Sylhet,2019,4,Minimum,2,50,B11
Sylhet,2019,5,Minimum,2,200,B11
Sylhet,2019,6,Minimum,1,80,B11
Sylhet,2019,7,Minimum,2,90,B11
Sylhet,2019,8,Minimum,2,50,B11
Sylhet,2019,9,Minimum,1,180,B11
Sylhet,2019,10,Minimum,1,50,B11
Sylhet,2019,11,Minimum,1,80,B11
Sylhet,2019,12,Minimum,1,80,B11
Sylhet,2020,1,Minimum,1,80,B11
Sylhet,2020,2,Minimum,1,80,B11
Sylhet,2020,3,Minimum,1,80,B11
Sylhet,2020,4,Minimum,1,270,B11
Sylhet,2020,5,Minimum,1,80,B11
Sylhet,2020,6,Minimum,1,80,B11
Sylhet,2020,7,Minimum,1,80,B11
Sylhet,2020,8,Minimum,1,80,B11
Sylhet,2020,9,Minimum,1,80,B11
Sylhet,2020,10,Minimum,1,80,B11
Sylhet,2020,11,Minimum,1,50,B11
Sylhet,2020,12,Minimum,1,320,B11
Sylhet,2021,1,Minimum,1,350,B11
Sylhet,2021,2,Minimum,1,10,B11
Sylhet,2021,3,Minimum,1,120,B11
Sylhet,2021,4,Minimum,1,340,B11
Sylhet,2021,5,Minimum,1,100,B11
Sylhet,2021,6,Minimum,2,190,B11
Sylhet,2021,7,Minimum,2,120,B11
Sylhet,2021,8,Minimum,2,50,B11
Sylhet,2021,9,Minimum,1,30,B11
Sylhet,2021,10,Minimum,2,90,B11
Sylhet,2021,11,Minimum,2,90,B11
Sylhet,2021,12,Minimum,2,110,B11
Sylhet,2022,1,Minimum,2,50,B11
Sylhet,2022,2,Minimum,2,50,B11
Sylhet,2022,3,Minimum,2,90,B11
Sylhet,2022,4,Minimum,2,250,B11
Sylhet,2022,5,Minimum,2,150,B11
Sylhet,2022,6,Minimum,1,30,B11
Sylhet,2022,7,Minimum,2,90,B11
Sylhet,2022,8,Minimum,2,130,B11
Sylhet,2022,9,Minimum,2,90,B11
Sylhet,2022,10,Minimum,2,90,B11
Sylhet,2022,11,Minimum,2,90,B11
Sylhet,2022,12,Minimum,2,90,B11
Sylhet,2023,1,Minimum,2,90,B11
Sylhet,2023,2,Minimum,1,180,B11
Sylhet,2023,3,Minimum,2,120,B11
Sylhet,2023,4,Minimum,2,90,B11
Sylhet,2023,5,Minimum,1,80,B11
Sylhet,2023,6,Minimum,2,90,B11
Sylhet,2023,7,Minimum,1,270,B11
Sylhet,2023,8,Minimum,2,120,B11
Sylhet,2023,9,Minimum,2,90,B11
Sylhet,2023,10,Minimum,2,90,B11
Sylhet,2023,11,Minimum,2,90,B11
Sylhet,2023,12,Minimum,2,90,B11
Sylhet,2024,1,Minimum,2,90,B11
Sylhet,2024,2,Minimum,2,90,B11
Sylhet,2024,3,Minimum,2,90,B11
Sylhet,2024,4,Minimum,1,90,B11
Sylhet,2024,5,Minimum,2,150,B11
Sylhet,2024,6,Minimum,2,50,B11
Srimangal,2015,1,Minimum,1,330,B11
Srimangal,2015,2,Minimum,1,90,B11
Srimangal,2015,3,Minimum,1,290,B11
Srimangal,2015,4,Minimum,1,130,B11
Srimangal,2015,5,Minimum,1,90,B11
Srimangal,2015,6,Minimum,1,130,B11
Srimangal,2015,7,Minimum,1,180,B11
Srimangal,2015,8,Minimum,1,50,B11
Srimangal,2015,9,Minimum,1,130,B11
Srimangal,2015,10,Minimum,1,130,B11
Srimangal,2015,11,Minimum,1,310,B11
Srimangal,2015,12,Minimum,1,130,B11
Srimangal,2016,1,Minimum,1,330,B11
Srimangal,2016,2,Minimum,1,320,B11
Srimangal,2016,3,Minimum,1,180,B11
Srimangal,2016,4,Minimum,1,90,B11
Srimangal,2016,5,Minimum,1,70,B11
Srimangal,2016,6,Minimum,1,130,B11
Srimangal,2016,7,Minimum,1,30,B11
Srimangal,2016,8,Minimum,1,50,B11
Srimangal,2016,9,Minimum,1,140,B11
Srimangal,2016,10,Minimum,1,180,B11
Srimangal,2016,11,Minimum,1,20,B11
Srimangal,2016,12,Minimum,1,130,B11
Srimangal,2017,1,Minimum,1,180,B11
Srimangal,2017,2,Minimum,1,310,B11
Srimangal,2017,3,Minimum,1,50,B11
Srimangal,2017,4,Minimum,1,110,B11
Srimangal,2017,5,Minimum,1,180,B11
Srimangal,2017,6,Minimum,1,130,B11
Srimangal,2017,7,Minimum,1,120,B11
Srimangal,2017,8,Minimum,1,130,B11
Srimangal,2017,9,Minimum,1,100,B11
Srimangal,2017,10,Minimum,1,130,B11
Srimangal,2017,11,Minimum,1,110,B11
Srimangal,2017,12,Minimum,1,120,B11
Srimangal,2018,1,Minimum,1,310,B11
Srimangal,2018,2,Minimum,1,110,B11
Srimangal,2018,3,Minimum,1,210,B11
Srimangal,2018,4,Minimum,1,50,B11
Srimangal,2018,5,Minimum,1,90,B11
Srimangal,2018,6,Minimum,1,60,B11
Srimangal,2018,7,Minimum,1,130,B11
Srimangal,2018,8,Minimum,1,90,B11
Srimangal,2018,9,Minimum,1,120,B11
Srimangal,2018,10,Minimum,1,60,B11
Srimangal,2018,11,Minimum,1,120,B11
Srimangal,2018,12,Minimum,1,90,B11
Srimangal,2019,1,Minimum,1,180,B11
Srimangal,2019,2,Minimum,1,280,B11
Srimangal,2019,3,Minimum,1,60,B11
Srimangal,2019,4,Minimum,1,90,B11
Srimangal,2019,5,Minimum,1,160,B11
Srimangal,2019,6,Minimum,1,270,B11
Srimangal,2019,7,Minimum,1,130,B11
Srimangal,2019,8,Minimum,1,160,B11
Srimangal,2019,9,Minimum,1,40,B11
Srimangal,2019,10,Minimum,1,120,B11
Srimangal,2019,11,Minimum,1,50,B11
Srimangal,2019,12,Minimum,1,80,B11
Srimangal,2020,1,Minimum,1,310,B11
Srimangal,2020,2,Minimum,1,160,B11
Srimangal,2020,3,Minimum,1,180,B11
Srimangal,2020,4,Minimum,1,180,B11
Srimangal,2020,5,Minimum,1,130,B11
Srimangal,2020,6,Minimum,1,130,B11
Srimangal,2020,7,Minimum,1,130,B11
Srimangal,2020,8,Minimum,1,80,B11
Srimangal,2020,9,Minimum,1,130,B11
Srimangal,2020,10,Minimum,1,80,B11
Srimangal,2020,11,Minimum,1,180,B11
Srimangal,2020,12,Minimum,1,80,B11
Srimangal,2021,1,Minimum,1,50,B11
Srimangal,2021,2,Minimum,1,240,B11
Srimangal,2021,3,Minimum,1,50,B11
Srimangal,2021,4,Minimum,1,310,B11
Srimangal,2021,5,Minimum,1,60,B11
Srimangal,2021,6,Minimum,1,130,B11
Srimangal,2021,7,Minimum,1,130,B11
Srimangal,2021,8,Minimum,1,130,B11
Srimangal,2021,9,Minimum,1,130,B11
Srimangal,2021,10,Minimum,1,90,B11
Srimangal,2021,11,Minimum,1,270,B11
Srimangal,2021,12,Minimum,1,60,B11
Srimangal,2022,1,Minimum,1,150,B11
Srimangal,2022,2,Minimum,1,140,B11
Srimangal,2022,3,Minimum,1,270,B11
Srimangal,2022,4,Minimum,1,90,B11
Srimangal,2022,5,Minimum,1,180,B11
Srimangal,2022,6,Minimum,1,90,B11
Srimangal,2022,7,Minimum,1,50,B11
Srimangal,2022,8,Minimum,1,130,B11
Srimangal,2022,9,Minimum,1,130,B11
Srimangal,2022,10,Minimum,1,160,B11
Srimangal,2022,11,Minimum,1,60,B11
Srimangal,2022,12,Minimum,1,130,B11
Srimangal,2023,1,Minimum,1,360,B11
Srimangal,2023,2,Minimum,1,130,B11
Srimangal,2023,3,Minimum,1,180,B11
Srimangal,2023,4,Minimum,1,130,B11
Srimangal,2023,5,Minimum,1,140,B11
Srimangal,2023,6,Minimum,1,60,B11
Srimangal,2023,7,Minimum,1,130,B11
Srimangal,2023,8,Minimum,1,110,B11
Srimangal,2023,9,Minimum,1,130,B11
Srimangal,2023,10,Minimum,1,90,B11
Srimangal,2023,11,Minimum,1,50,B11
Srimangal,2023,12,Minimum,1,50,B11
Srimangal,2024,1,Minimum,1,10,B11
Srimangal,2024,2,Minimum,1,130,B11
Srimangal,2024,3,Minimum,1,50,B11
Srimangal,2024,4,Minimum,1,130,B11
Srimangal,2024,5,Minimum,1,50,B11
Srimangal,2024,6,Minimum,1,130,B11
Ishurdi,2015,1,Minimum,1,310,B11
Ishurdi,2015,2,Minimum,1,310,B11
Ishurdi,2015,3,Minimum,1,310,B11
Ishurdi,2015,4,Minimum,1,180,B11
Ishurdi,2015,5,Minimum,1,130,B11
Ishurdi,2015,6,Minimum,1,180,B11
Ishurdi,2015,7,Minimum,1,180,B11
Ishurdi,2015,8,Minimum,1,130,B11
Ishurdi,2015,9,Minimum,1,180,B11
Ishurdi,2015,10,Minimum,1,130,B11
Ishurdi,2015,11,Minimum,1,90,B11
Ishurdi,2015,12,Minimum,1,270,B11
Ishurdi,2016,1,Minimum,1,360,B11
Ishurdi,2016,2,Minimum,1,130,B11
Ishurdi,2016,3,Minimum,1,180,B11
Ishurdi,2016,4,Minimum,1,130,B11
Ishurdi,2016,5,Minimum,1,50,B11
Ishurdi,2016,6,Minimum,1,130,B11
Ishurdi,2016,7,Minimum,1,130,B11
Ishurdi,2016,8,Minimum,1,130,B11
Ishurdi,2016,9,Minimum,1,180,B11
Ishurdi,2016,10,Minimum,1,230,B11
Ishurdi,2016,11,Minimum,1,310,B11
Ishurdi,2016,12,Minimum,1,310,B11
Ishurdi,2017,1,Minimum,1,270,B11
Ishurdi,2017,2,Minimum,1,360,B11
Ishurdi,2017,3,Minimum,1,130,B11
Ishurdi,2017,4,Minimum,1,130,B11
Ishurdi,2017,5,Minimum,1,180,B11
Ishurdi,2017,6,Minimum,1,130,B11
Ishurdi,2017,7,Minimum,1,130,B11
Ishurdi,2017,8,Minimum,1,180,B11
Ishurdi,2017,9,Minimum,1,230,B11
Ishurdi,2017,10,Minimum,1,90,B11
Ishurdi,2017,11,Minimum,1,270,B11
Ishurdi,2017,12,Minimum,1,360,B11
Ishurdi,2018,1,Minimum,1,310,B11
Ishurdi,2018,2,Minimum,1,270,B11
Ishurdi,2018,3,Minimum,1,180,B11
Ishurdi,2018,4,Minimum,1,230,B11
Ishurdi,2018,5,Minimum,1,90,B11
Ishurdi,2018,6,Minimum,1,90,B11
Ishurdi,2018,7,Minimum,1,180,B11
Ishurdi,2018,8,Minimum,1,180,B11
Ishurdi,2018,9,Minimum,1,230,B11
Ishurdi,2018,10,Minimum,1,130,B11
Ishurdi,2018,11,Minimum,1,180,B11
Ishurdi,2018,12,Minimum,1,310,B11
Ishurdi,2019,1,Minimum,1,360,B11
Ishurdi,2019,2,Minimum,1,180,B11
Ishurdi,2019,3,Minimum,1,220,B11
Ishurdi,2019,4,Minimum,1,90,B11
Ishurdi,2019,5,Minimum,1,130,B11
Ishurdi,2019,6,Minimum,1,130,B11
Ishurdi,2019,7,Minimum,1,130,B11
Ishurdi,2019,8,Minimum,1,90,B11
Ishurdi,2019,9,Minimum,1,90,B11
Ishurdi,2019,10,Minimum,1,310,B11
Ishurdi,2019,11,Minimum,1,310,B11
Ishurdi,2019,12,Minimum,1,310,B11
Ishurdi,2020,1,Minimum,1,270,B11
Ishurdi,2020,2,Minimum,1,310,B11
Ishurdi,2020,3,Minimum,1,180,B11
Ishurdi,2020,4,Minimum,1,50,B11
Ishurdi,2020,5,Minimum,1,130,B11
Ishurdi,2020,6,Minimum,1,180,B11
Ishurdi,2020,7,Minimum,1,180,B11
Ishurdi,2020,8,Minimum,1,130,B11
Ishurdi,2020,9,Minimum,1,230,B11
Ishurdi,2020,10,Minimum,1,130,B11
Ishurdi,2020,11,Minimum,1,90,B11
Ishurdi,2020,12,Minimum,1,310,B11
Ishurdi,2021,1,Minimum,1,360,B11
Ishurdi,2021,2,Minimum,1,360,B11
Ishurdi,2021,3,Minimum,1,310,B11
Ishurdi,2021,4,Minimum,1,30,B11
Ishurdi,2021,5,Minimum,1,50,B11
Ishurdi,2021,6,Minimum,1,130,B11
Ishurdi,2021,7,Minimum,1,130,B11
Ishurdi,2021,8,Minimum,1,180,B11
Ishurdi,2021,9,Minimum,1,90,B11
Ishurdi,2021,10,Minimum,1,310,B11
Ishurdi,2021,11,Minimum,1,50,B11
Ishurdi,2021,12,Minimum,1,50,B11
Ishurdi,2022,1,Minimum,1,360,B11
Ishurdi,2022,2,Minimum,1,50,B11
Ishurdi,2022,3,Minimum,1,360,B11
Ishurdi,2022,4,Minimum,1,90,B11
Ishurdi,2022,5,Minimum,1,130,B11
Ishurdi,2022,6,Minimum,1,50,B11
Ishurdi,2022,7,Minimum,2,130,B11
Ishurdi,2022,8,Minimum,2,130,B11
Ishurdi,2022,9,Minimum,1,360,B11
Ishurdi,2022,10,Minimum,2,130,B11
Ishurdi,2022,11,Minimum,1,360,B11
Ishurdi,2022,12,Minimum,1,270,B11
Ishurdi,2023,1,Minimum,1,360,B11
Ishurdi,2023,2,Minimum,1,270,B11
Ishurdi,2023,3,Minimum,1,310,B11
Ishurdi,2023,4,Minimum,1,130,B11
Ishurdi,2023,5,Minimum,1,50,B11
Ishurdi,2023,6,Minimum,1,130,B11
Ishurdi,2023,7,Minimum,1,180,B11
Ishurdi,2023,8,Minimum,1,130,B11
Ishurdi,2023,9,Minimum,1,90,B11
Ishurdi,2023,10,Minimum,1,360,B11
Ishurdi,2023,11,Minimum,1,50,B11
Ishurdi,2023,12,Minimum,1,360,B11
Ishurdi,2024,1,Minimum,1,50,B11
Ishurdi,2024,2,Minimum,1,90,B11
Ishurdi,2024,3,Minimum,1,130,B11
Ishurdi,2024,4,Minimum,1,310,B11
Ishurdi,2024,5,Minimum,1,230,B11
Ishurdi,2024,6,Minimum,2,230,B11
Ishurdi,2024,7,Minimum,2,220,B11
Dhaka,2015,1,Minimum,1,360,B11
Dhaka,2015,2,Minimum,1,310,B11
Dhaka,2015,3,Minimum,1,270,B11
Dhaka,2015,4,Minimum,1,90,B11
Dhaka,2015,5,Minimum,1,180,B11
Dhaka,2015,6,Minimum,1,90,B11
Dhaka,2015,7,Minimum,1,50,B11
Dhaka,2015,8,Minimum,1,180,B11
Dhaka,2015,9,Minimum,1,180,B11
Dhaka,2015,10,Minimum,1,180,B11
Dhaka,2015,11,Minimum,2,60,B11
Dhaka,2015,12,Minimum,2,230,B11
Dhaka,2016,1,Minimum,2,310,B11
Dhaka,2016,2,Minimum,2,360,B11
Dhaka,2016,3,Minimum,1,180,B11
Dhaka,2016,4,Minimum,2,130,B11
Dhaka,2016,5,Minimum,2,90,B11
Dhaka,2016,6,Minimum,2,180,B11
Dhaka,2016,7,Minimum,2,130,B11
Dhaka,2016,8,Minimum,1,130,B11
Dhaka,2016,9,Minimum,2,180,B11
Dhaka,2016,10,Minimum,2,180,B11
Dhaka,2016,11,Minimum,2,310,B11
Dhaka,2016,12,Minimum,2,270,B11
Dhaka,2017,1,Minimum,1,20,B11
Dhaka,2017,2,Minimum,1,310,B11
Dhaka,2017,3,Minimum,1,190,B11
Dhaka,2017,4,Minimum,1,180,B11
Dhaka,2017,5,Minimum,1,90,B11
Dhaka,2017,6,Minimum,1,180,B11
Dhaka,2017,7,Minimum,1,210,B11
Dhaka,2017,8,Minimum,1,300,B11
Dhaka,2017,9,Minimum,1,180,B11
Dhaka,2017,10,Minimum,1,190,B11
Dhaka,2017,11,Minimum,2,310,B11
Dhaka,2017,12,Minimum,2,60,B11
Dhaka,2018,1,Minimum,2,360,B11
Dhaka,2018,2,Minimum,2,90,B11
Dhaka,2018,3,Minimum,2,360,B11
Dhaka,2018,4,Minimum,2,220,B11
Dhaka,2018,5,Minimum,2,270,B11
Dhaka,2018,6,Minimum,2,180,B11
Dhaka,2018,7,Minimum,2,180,B11
Dhaka,2018,8,Minimum,2,90,B11
Dhaka,2018,9,Minimum,2,180,B11
Dhaka,2018,10,Minimum,2,130,B11
Dhaka,2018,11,Minimum,2,180,B11
Dhaka,2018,12,Minimum,2,50,B11
Dhaka,2019,1,Minimum,2,60,B11
Dhaka,2019,2,Minimum,2,330,B11
Dhaka,2019,3,Minimum,2,240,B11
Dhaka,2019,4,Minimum,2,180,B11
Dhaka,2019,5,Minimum,2,180,B11
Dhaka,2019,6,Minimum,2,50,B11
Dhaka,2019,7,Minimum,2,170,B11
Dhaka,2019,8,Minimum,2,60,B11
Dhaka,2019,9,Minimum,2,160,B11
Dhaka,2019,10,Minimum,2,240,B11
Dhaka,2019,11,Minimum,2,360,B11
Dhaka,2019,12,Minimum,2,60,B11
Dhaka,2020,1,Minimum,2,270,B11
Dhaka,2020,2,Minimum,2,260,B11
Dhaka,2020,3,Minimum,2,310,B11
Dhaka,2020,4,Minimum,2,90,B11
Dhaka,2020,5,Minimum,2,90,B11
Dhaka,2020,6,Minimum,2,180,B11
Dhaka,2020,7,Minimum,2,180,B11
Dhaka,2020,8,Minimum,2,180,B11
Dhaka,2020,9,Minimum,2,230,B11
Dhaka,2020,10,Minimum,2,180,B11
Dhaka,2020,11,Minimum,2,60,B11
Dhaka,2020,12,Minimum,2,340,B11
Dhaka,2021,1,Minimum,2,320,B11
Dhaka,2021,2,Minimum,2,310,B11
Dhaka,2021,3,Minimum,2,180,B11
Dhaka,2021,4,Minimum,2,210,B11
Dhaka,2021,5,Minimum,2,300,B11
Dhaka,2021,6,Minimum,2,180,B11
Dhaka,2021,7,Minimum,1,180,B11
Dhaka,2021,8,Minimum,1,180,B11
Dhaka,2021,9,Minimum,2,230,B11
Dhaka,2021,10,Minimum,2,240,B11
Dhaka,2021,11,Minimum,2,320,B11
Dhaka,2021,12,Minimum,1,280,B11
Dhaka,2022,1,Minimum,1,270,B11
Dhaka,2022,2,Minimum,2,60,B11
Dhaka,2022,3,Minimum,2,270,B11
Dhaka,2022,4,Minimum,2,180,B11
Dhaka,2022,5,Minimum,1,280,B11
Dhaka,2022,6,Minimum,1,180,B11
Dhaka,2022,7,Minimum,1,180,B11
Dhaka,2022,8,Minimum,2,60,B11
Dhaka,2022,9,Minimum,2,180,B11
Dhaka,2022,10,Minimum,2,30,B11
Dhaka,2022,11,Minimum,2,330,B11
Dhaka,2022,12,Minimum,2,270,B11
Dhaka,2023,1,Minimum,2,270,B11
Dhaka,2023,2,Minimum,2,260,B11
Dhaka,2023,3,Minimum,2,220,B11
Dhaka,2023,4,Minimum,2,240,B11
Dhaka,2023,5,Minimum,2,200,B11
Dhaka,2023,6,Minimum,2,240,B11
Dhaka,2023,7,Minimum,2,180,B11
Dhaka,2023,8,Minimum,2,270,B11
Dhaka,2023,9,Minimum,1,60,B11
Dhaka,2023,10,Minimum,2,240,B11
Dhaka,2023,11,Minimum,2,180,B11
Dhaka,2023,12,Minimum,2,30,B11
Dhaka,2024,1,Minimum,2,30,B11
Dhaka,2024,2,Minimum,2,270,B11
Dhaka,2024,3,Minimum,2,270,B11
Dhaka,2024,4,Minimum,2,190,B11
Dhaka,2024,5,Minimum,2,60,B11
Dhaka,2024,6,Minimum,2,180,B11
Dhaka,2024,7,Minimum,2,240,B11
Comilla,2015,1,Minimum,1,330,B11
Comilla,2015,2,Minimum,1,360,B11
Comilla,2015,3,Minimum,1,320,B11
Comilla,2015,4,Minimum,1,350,B11
Comilla,2015,5,Minimum,1,180,B11
Comilla,2015,6,Minimum,1,180,B11
Comilla,2015,7,Minimum,1,130,B11
Comilla,2015,8,Minimum,1,130,B11
Comilla,2015,9,Minimum,1,210,B11
Comilla,2015,10,Minimum,1,180,B11
Comilla,2015,11,Minimum,1,200,B11
Comilla,2015,12,Minimum,1,310,B11
Comilla,2016,1,Minimum,1,40,B11
Comilla,2016,2,Minimum,1,50,B11
Comilla,2016,3,Minimum,1,180,B11
Comilla,2016,4,Minimum,1,180,B11
Comilla,2016,5,Minimum,1,130,B11
Comilla,2016,6,Minimum,1,350,B11
Comilla,2016,7,Minimum,1,180,B11
Comilla,2016,8,Minimum,1,180,B11
Comilla,2016,9,Minimum,1,160,B11
Comilla,2016,10,Minimum,1,90,B11
Comilla,2016,11,Minimum,1,40,B11
Comilla,2016,12,Minimum,1,300,B11
Comilla,2017,1,Minimum,1,280,B11
Comilla,2017,2,Minimum,1,310,B11
Comilla,2017,3,Minimum,1,360,B11
Comilla,2017,4,Minimum,1,180,B11
Comilla,2017,5,Minimum,1,120,B11
Comilla,2017,6,Minimum,1,150,B11
Comilla,2017,7,Minimum,1,310,B11
Comilla,2017,8,Minimum,1,140,B11
Comilla,2017,9,Minimum,1,180,B11
Comilla,2017,10,Minimum,1,310,B11
Comilla,2017,11,Minimum,1,360,B11
Comilla,2017,12,Minimum,1,70,B11
Comilla,2018,1,Minimum,1,310,B11
Comilla,2018,2,Minimum,1,220,B11
Comilla,2018,3,Minimum,1,190,B11
Comilla,2018,4,Minimum,1,180,B11
Comilla,2018,5,Minimum,1,220,B11
Comilla,2018,6,Minimum,1,360,B11
Comilla,2018,7,Minimum,1,100,B11
Comilla,2018,8,Minimum,1,150,B11
Comilla,2018,9,Minimum,1,120,B11
Comilla,2018,10,Minimum,1,90,B11
Comilla,2018,11,Minimum,1,230,B11
Comilla,2018,12,Minimum,1,340,B11
Comilla,2019,1,Minimum,1,20,B11
Comilla,2019,2,Minimum,1,200,B11
Comilla,2019,3,Minimum,1,140,B11
Comilla,2019,4,Minimum,1,180,B11
Comilla,2019,5,Minimum,1,180,B11
Comilla,2019,6,Minimum,1,160,B11
Comilla,2019,7,Minimum,1,130,B11
Comilla,2019,8,Minimum,1,180,B11
Comilla,2019,9,Minimum,1,180,B11
Comilla,2019,10,Minimum,1,310,B11
Comilla,2019,11,Minimum,1,360,B11
Comilla,2019,12,Minimum,1,360,B11
Comilla,2020,1,Minimum,1,50,B11
Comilla,2020,2,Minimum,1,360,B11
Comilla,2020,3,Minimum,1,50,B11
Comilla,2020,4,Minimum,1,360,B11
Comilla,2020,5,Minimum,1,200,B11
Comilla,2020,6,Minimum,1,180,B11
Comilla,2020,7,Minimum,1,220,B11
Comilla,2020,8,Minimum,1,130,B11
Comilla,2020,9,Minimum,1,140,B11
Comilla,2020,10,Minimum,1,90,B11
Comilla,2020,11,Minimum,1,280,B11
Comilla,2020,12,Minimum,1,50,B11
Comilla,2021,1,Minimum,1,310,B11
Comilla,2021,2,Minimum,1,50,B11
Comilla,2021,3,Minimum,1,220,B11
Comilla,2021,4,Minimum,1,50,B11
Comilla,2021,5,Minimum,1,50,B11
Comilla,2021,6,Minimum,1,180,B11
Comilla,2021,7,Minimum,1,160,B11
Comilla,2021,8,Minimum,1,90,B11
Comilla,2021,9,Minimum,1,180,B11
Comilla,2021,10,Minimum,1,360,B11
Comilla,2021,11,Minimum,1,40,B11
Comilla,2021,12,Minimum,1,50,B11
Comilla,2022,1,Minimum,1,270,B11
Comilla,2022,2,Minimum,1,160,B11
Comilla,2022,3,Minimum,1,230,B11
Comilla,2022,4,Minimum,1,180,B11
Comilla,2022,5,Minimum,1,180,B11
Comilla,2022,6,Minimum,1,160,B11
Comilla,2022,7,Minimum,1,90,B11
Comilla,2022,8,Minimum,1,90,B11
Comilla,2022,9,Minimum,1,180,B11
Comilla,2022,10,Minimum,1,90,B11
Comilla,2022,11,Minimum,1,340,B11
Comilla,2022,12,Minimum,1,340,B11
Comilla,2023,1,Minimum,1,50,B11
Comilla,2023,2,Minimum,1,270,B11
Comilla,2023,3,Minimum,1,200,B11
Comilla,2023,4,Minimum,1,50,B11
Comilla,2023,5,Minimum,1,50,B11
Comilla,2023,6,Minimum,1,180,B11
Comilla,2023,7,Minimum,1,180,B11
Comilla,2023,8,Minimum,1,220,B11
Comilla,2023,9,Minimum,1,150,B11
Comilla,2023,10,Minimum,1,180,B11
Comilla,2023,11,Minimum,1,40,B11
Comilla,2023,12,Minimum,1,80,B11
Comilla,2024,1,Minimum,1,360,B11
Comilla,2024,2,Minimum,1,310,B11
Comilla,2024,3,Minimum,1,270,B11
Comilla,2024,4,Minimum,1,180,B11
Comilla,2024,5,Minimum,1,60,B11
Chandpur,2015,1,Minimum,2,360,B11
Chandpur,2015,2,Minimum,2,360,B11
Chandpur,2015,3,Minimum,2,360,B11
Chandpur,2015,4,Minimum,2,180,B11
Chandpur,2015,5,Minimum,2,180,B11
Chandpur,2015,6,Minimum,2,180,B11
Chandpur,2015,7,Minimum,2,180,B11
Chandpur,2015,8,Minimum,2,180,B11
Chandpur,2015,9,Minimum,2,180,B11
Chandpur,2015,10,Minimum,2,360,B11
Chandpur,2015,11,Minimum,2,360,B11
Chandpur,2015,12,Minimum,2,360,B11
Chandpur,2016,1,Minimum,2,360,B11
Chandpur,2016,2,Minimum,2,180,B11
Chandpur,2016,3,Minimum,2,360,B11
Chandpur,2016,4,Minimum,2,180,B11
Chandpur,2016,5,Minimum,2,180,B11
Chandpur,2016,6,Minimum,2,180,B11
Chandpur,2016,7,Minimum,2,180,B11
Chandpur,2016,8,Minimum,2,180,B11
Chandpur,2016,9,Minimum,2,180,B11
Chandpur,2016,10,Minimum,2,180,B11
Chandpur,2016,11,Minimum,2,360,B11
Chandpur,2016,12,Minimum,2,360,B11
Chandpur,2017,1,Minimum,2,360,B11
Chandpur,2017,2,Minimum,2,360,B11
Chandpur,2017,3,Minimum,2,360,B11
Chandpur,2017,4,Minimum,2,180,B11
Chandpur,2017,5,Minimum,2,180,B11
Chandpur,2017,6,Minimum,2,180,B11
Chandpur,2017,7,Minimum,2,180,B11
Chandpur,2017,8,Minimum,2,180,B11
Chandpur,2017,9,Minimum,2,180,B11
Chandpur,2017,10,Minimum,2,180,B11
Chandpur,2017,11,Minimum,2,360,B11
Chandpur,2017,12,Minimum,2,360,B11
Chandpur,2018,1,Minimum,2,360,B11
Chandpur,2018,2,Minimum,2,360,B11
Chandpur,2018,3,Minimum,2,180,B11
Chandpur,2018,4,Minimum,1,180,B11
Chandpur,2018,5,Minimum,2,180,B11
Chandpur,2018,6,Minimum,2,180,B11
Chandpur,2018,7,Minimum,2,180,B11
Chandpur,2018,8,Minimum,2,180,B11
Chandpur,2018,9,Minimum,2,180,B11
Chandpur,2018,10,Minimum,2,180,B11
Chandpur,2018,11,Minimum,1,360,B11
Chandpur,2018,12,Minimum,1,320,B11
Chandpur,2019,1,Minimum,1,310,B11
Chandpur,2019,2,Minimum,1,360,B11
Chandpur,2019,3,Minimum,1,230,B11
Chandpur,2019,4,Minimum,2,180,B11
Chandpur,2019,5,Minimum,2,180,B11
Chandpur,2019,6,Minimum,1,180,B11
Chandpur,2019,7,Minimum,1,180,B11
Chandpur,2019,8,Minimum,1,180,B11
Chandpur,2019,9,Minimum,1,180,B11
Chandpur,2019,10,Minimum,1,180,B11
Chandpur,2019,11,Minimum,1,360,B11
Chandpur,2019,12,Minimum,1,360,B11
Chandpur,2020,1,Minimum,1,360,B11
Chandpur,2020,2,Minimum,1,360,B11
Chandpur,2020,3,Minimum,2,360,B11
Chandpur,2020,4,Minimum,2,270,B11
Chandpur,2020,5,Minimum,2,180,B11
Chandpur,2020,6,Minimum,2,180,B11
Chandpur,2020,7,Minimum,2,180,B11
Chandpur,2020,8,Minimum,2,180,B11
Chandpur,2020,9,Minimum,2,180,B11
Chandpur,2020,10,Minimum,2,180,B11
Chandpur,2020,11,Minimum,2,180,B11
Chandpur,2020,12,Minimum,2,360,B11
Chandpur,2021,1,Minimum,2,360,B11
Chandpur,2021,2,Minimum,2,360,B11
Chandpur,2021,3,Minimum,2,180,B11
Chandpur,2021,4,Minimum,1,230,B11
Chandpur,2021,5,Minimum,2,180,B11
Chandpur,2021,6,Minimum,2,140,B11
Chandpur,2021,7,Minimum,2,180,B11
Chandpur,2021,8,Minimum,2,180,B11
Chandpur,2021,9,Minimum,2,180,B11
Chandpur,2021,10,Minimum,2,180,B11
Chandpur,2021,11,Minimum,2,310,B11
Chandpur,2021,12,Minimum,2,360,B11
Chandpur,2022,1,Minimum,2,360,B11
Chandpur,2022,2,Minimum,1,180,B11
Chandpur,2022,3,Minimum,1,180,B11
Chandpur,2022,4,Minimum,2,180,B11
Chandpur,2022,5,Minimum,2,180,B11
Chandpur,2022,6,Minimum,2,180,B11
Chandpur,2022,7,Minimum,2,180,B11
Chandpur,2022,8,Minimum,2,140,B11
Chandpur,2022,9,Minimum,2,140,B11
Chandpur,2022,10,Minimum,2,140,B11
Chandpur,2022,11,Minimum,2,360,B11
Chandpur,2022,12,Minimum,2,310,B11
Chandpur,2023,1,Minimum,2,360,B11
Chandpur,2023,2,Minimum,2,360,B11
Chandpur,2023,3,Minimum,2,290,B11
Chandpur,2023,4,Minimum,2,180,B11
Chandpur,2023,5,Minimum,2,260,B11
Chandpur,2023,6,Minimum,2,180,B11
Chandpur,2023,7,Minimum,2,180,B11
Chandpur,2023,8,Minimum,2,180,B11
Chandpur,2023,9,Minimum,2,180,B11
Chandpur,2023,10,Minimum,2,180,B11
Chandpur,2023,11,Minimum,1,360,B11
Chandpur,2023,12,Minimum,1,360,B11
Chandpur,2024,1,Minimum,1,360,B11
Chandpur,2024,2,Minimum,1,360,B11
Chandpur,2024,3,Minimum,1,180,B11
Chandpur,2024,4,Minimum,2,180,B11
Chandpur,2024,5,Minimum,1,180,B11
Chandpur,2024,6,Minimum,1,180,B11
Chandpur,2024,7,Minimum,1,180,B11
Jessore,2015,1,Minimum,2,310,B11
Jessore,2015,2,Minimum,1,80,B11
Jessore,2015,3,Minimum,2,190,B11
Jessore,2015,4,Minimum,3,170,B11
Jessore,2015,5,Minimum,3,200,B11
Jessore,2015,6,Minimum,3,170,B11
Jessore,2015,7,Minimum,3,80,B11
Jessore,2015,8,Minimum,3,100,B11
Jessore,2015,9,Minimum,3,190,B11
Jessore,2015,10,Minimum,2,80,B11
Jessore,2015,11,Minimum,3,80,B11
Jessore,2015,12,Minimum,2,180,B11
Jessore,2016,1,Minimum,3,250,B11
Jessore,2016,2,Minimum,3,140,B11
Jessore,2016,3,Minimum,2,350,B11
Jessore,2016,4,Minimum,3,130,B11
Jessore,2016,5,Minimum,3,110,B11
Jessore,2016,6,Minimum,2,100,B11
Jessore,2016,7,Minimum,3,160,B11
Jessore,2016,8,Minimum,1,80,B11
Jessore,2016,9,Minimum,2,60,B11
Jessore,2016,10,Minimum,3,90,B11
Jessore,2016,11,Minimum,3,10,B11
Jessore,2016,12,Minimum,3,10,B11
Jessore,2017,1,Minimum,3,330,B11
Jessore,2017,2,Minimum,3,330,B11
Jessore,2017,3,Minimum,1,170,B11
Jessore,2017,4,Minimum,2,220,B11
Jessore,2017,5,Minimum,3,60,B11
Jessore,2017,6,Minimum,2,180,B11
Jessore,2017,7,Minimum,3,180,B11
Jessore,2017,8,Minimum,3,200,B11
Jessore,2017,9,Minimum,3,220,B11
Jessore,2017,10,Minimum,2,230,B11
Jessore,2017,11,Minimum,3,10,B11
Jessore,2017,12,Minimum,3,30,B11
Jessore,2018,1,Minimum,3,350,B11
Jessore,2018,2,Minimum,3,220,B11
Jessore,2018,3,Minimum,2,10,B11
Jessore,2018,4,Minimum,2,220,B11
Jessore,2018,5,Minimum,3,150,B11
Jessore,2018,6,Minimum,2,210,B11
Jessore,2018,7,Minimum,3,230,B11
Jessore,2018,8,Minimum,3,200,B11
Jessore,2018,9,Minimum,3,110,B11
Jessore,2018,10,Minimum,3,120,B11
Jessore,2018,11,Minimum,3,210,B11
Jessore,2018,12,Minimum,3,40,B11
Jessore,2019,1,Minimum,3,20,B11
Jessore,2019,2,Minimum,3,120,B11
Jessore,2019,3,Minimum,3,190,B11
Jessore,2019,4,Minimum,1,200,B11
Jessore,2019,5,Minimum,3,80,B11
Jessore,2019,6,Minimum,3,150,B11
Jessore,2019,7,Minimum,3,100,B11
Jessore,2019,8,Minimum,3,170,B11
Jessore,2019,9,Minimum,3,100,B11
Jessore,2019,10,Minimum,3,360,B11
Jessore,2019,11,Minimum,3,350,B11
Jessore,2019,12,Minimum,3,300,B11
Jessore,2020,1,Minimum,2,110,B11
Jessore,2020,2,Minimum,3,30,B11
Jessore,2020,3,Minimum,3,350,B11
Jessore,2020,4,Minimum,2,160,B11
Jessore,2020,5,Minimum,3,180,B11
Jessore,2020,6,Minimum,3,210,B11
Jessore,2020,7,Minimum,3,200,B11
Jessore,2020,8,Minimum,3,210,B11
Jessore,2020,9,Minimum,2,270,B11
Jessore,2020,10,Minimum,3,110,B11
Jessore,2020,11,Minimum,3,40,B11
Jessore,2020,12,Minimum,3,10,B11
Jessore,2021,1,Minimum,3,10,B11
Jessore,2021,2,Minimum,3,350,B11
Jessore,2021,3,Minimum,3,220,B11
Jessore,2021,4,Minimum,2,230,B11
Jessore,2021,5,Minimum,3,270,B11
Jessore,2021,6,Minimum,1,180,B11
Jessore,2021,7,Minimum,3,200,B11
Jessore,2021,8,Minimum,2,140,B11
Jessore,2021,9,Minimum,3,180,B11
Jessore,2021,10,Minimum,2,210,B11
Jessore,2021,11,Minimum,3,50,B11
Jessore,2021,12,Minimum,3,90,B11
Jessore,2022,1,Minimum,3,20,B11
Jessore,2022,2,Minimum,2,60,B11
Jessore,2022,3,Minimum,3,20,B11
Jessore,2022,4,Minimum,3,240,B11
Jessore,2022,5,Minimum,3,180,B11
Jessore,2022,6,Minimum,3,170,B11
Jessore,2022,7,Minimum,3,110,B11
Jessore,2022,8,Minimum,3,160,B11
Jessore,2022,9,Minimum,2,220,B11
Jessore,2022,10,Minimum,2,20,B11
Jessore,2022,11,Minimum,2,10,B11
Jessore,2022,12,Minimum,3,350,B11
Jessore,2023,1,Minimum,3,340,B11
Jessore,2023,2,Minimum,2,290,B11
Jessore,2023,3,Minimum,1,250,B11
Jessore,2023,4,Minimum,2,340,B11
Jessore,2023,5,Minimum,1,230,B11
Jessore,2023,6,Minimum,3,170,B11
Jessore,2023,7,Minimum,2,130,B11
Jessore,2023,8,Minimum,2,200,B11
Jessore,2023,9,Minimum,3,170,B11
Jessore,2023,10,Minimum,3,140,B11
Jessore,2023,11,Minimum,2,130,B11
Jessore,2023,12,Minimum,1,30,B11
Jessore,2024,1,Minimum,3,40,B11
Jessore,2024,2,Minimum,3,240,B11
Jessore,2024,3,Minimum,3,350,B11
Jessore,2024,4,Minimum,3,210,B11
Jessore,2024,5,Minimum,3,180,B11
Jessore,2024,6,Minimum,3,190,B11
Jessore,2024,7,Minimum,3,120,B11
Faridpur,2015,1,Minimum,1,310,B11
Faridpur,2015,2,Minimum,1,310,B11
Faridpur,2015,3,Minimum,1,310,B11
Faridpur,2015,4,Minimum,1,230,B11
Faridpur,2015,5,Minimum,1,180,B11
Faridpur,2015,6,Minimum,1,180,B11
Faridpur,2015,7,Minimum,1,210,B11
Faridpur,2015,8,Minimum,1,230,B11
Faridpur,2015,9,Minimum,1,180,B11
Faridpur,2015,10,Minimum,1,90,B11
Faridpur,2015,11,Minimum,1,310,B11
Faridpur,2015,12,Minimum,1,360,B11
Faridpur,2016,1,Minimum,1,340,B11
Faridpur,2016,2,Minimum,1,290,B11
Faridpur,2016,3,Minimum,1,140,B11
Faridpur,2016,4,Minimum,1,180,B11
Faridpur,2016,5,Minimum,1,150,B11
Faridpur,2016,6,Minimum,1,90,B11
Faridpur,2016,7,Minimum,1,110,B11
Faridpur,2016,8,Minimum,1,110,B11
Faridpur,2016,9,Minimum,1,220,B11
Faridpur,2016,10,Minimum,1,130,B11
Faridpur,2016,11,Minimum,1,310,B11
Faridpur,2016,12,Minimum,1,310,B11
Faridpur,2017,1,Minimum,1,310,B11
Faridpur,2017,2,Minimum,1,310,B11
Faridpur,2017,3,Minimum,1,130,B11
Faridpur,2017,4,Minimum,1,180,B11
Faridpur,2017,5,Minimum,1,180,B11
Faridpur,2017,6,Minimum,1,90,B11
Faridpur,2017,7,Minimum,1,180,B11
Faridpur,2017,8,Minimum,1,180,B11
Faridpur,2017,9,Minimum,1,130,B11
Faridpur,2017,10,Minimum,1,140,B11
Faridpur,2017,11,Minimum,1,310,B11
Faridpur,2017,12,Minimum,1,340,B11
Faridpur,2018,1,Minimum,1,310,B11
Faridpur,2018,2,Minimum,1,170,B11
Faridpur,2018,3,Minimum,1,360,B11
Faridpur,2018,4,Minimum,1,360,B11
Faridpur,2018,5,Minimum,1,100,B11
Faridpur,2018,6,Minimum,1,130,B11
Faridpur,2018,7,Minimum,1,180,B11
Faridpur,2018,8,Minimum,1,150,B11
Faridpur,2018,9,Minimum,1,120,B11
Faridpur,2018,10,Minimum,1,90,B11
Faridpur,2018,11,Minimum,1,340,B11
Faridpur,2018,12,Minimum,1,310,B11
Faridpur,2019,1,Minimum,1,310,B11
Faridpur,2019,2,Minimum,1,320,B11
Faridpur,2019,3,Minimum,1,270,B11
Faridpur,2019,4,Minimum,1,180,B11
Faridpur,2019,5,Minimum,1,180,B11
Faridpur,2019,6,Minimum,1,180,B11
Faridpur,2019,7,Minimum,1,90,B11
Faridpur,2019,8,Minimum,1,150,B11
Faridpur,2019,9,Minimum,1,130,B11
Faridpur,2019,10,Minimum,1,360,B11
Faridpur,2019,11,Minimum,1,340,B11
Faridpur,2019,12,Minimum,1,340,B11
Faridpur,2020,1,Minimum,1,340,B11
Faridpur,2020,2,Minimum,1,360,B11
Faridpur,2020,3,Minimum,1,320,B11
Faridpur,2020,4,Minimum,1,90,B11
Faridpur,2020,5,Minimum,1,160,B11
Faridpur,2020,6,Minimum,1,320,B11
Faridpur,2020,7,Minimum,1,180,B11
Faridpur,2020,8,Minimum,1,130,B11
Faridpur,2020,9,Minimum,1,180,B11
Faridpur,2020,10,Minimum,1,130,B11
Faridpur,2020,11,Minimum,1,330,B11
Faridpur,2020,12,Minimum,1,360,B11
Faridpur,2021,1,Minimum,1,360,B11
Faridpur,2021,2,Minimum,1,360,B11
Faridpur,2021,3,Minimum,1,140,B11
Faridpur,2021,4,Minimum,1,180,B11
Faridpur,2021,5,Minimum,1,90,B11
Faridpur,2021,6,Minimum,1,140,B11
Faridpur,2021,7,Minimum,1,180,B11
Faridpur,2021,8,Minimum,1,130,B11
Faridpur,2021,9,Minimum,1,90,B11
Faridpur,2021,10,Minimum,1,360,B11
Faridpur,2021,11,Minimum,1,360,B11
Faridpur,2021,12,Minimum,1,310,B11
Faridpur,2022,1,Minimum,1,310,B11
Faridpur,2022,2,Minimum,1,230,B11
Faridpur,2022,3,Minimum,1,340,B11
Faridpur,2022,4,Minimum,2,180,B11
Faridpur,2022,5,Minimum,1,90,B11
Faridpur,2022,6,Minimum,1,140,B11
Faridpur,2022,7,Minimum,1,200,B11
Faridpur,2022,8,Minimum,1,180,B11
Faridpur,2022,9,Minimum,1,140,B11
Faridpur,2022,10,Minimum,1,180,B11
Faridpur,2022,11,Minimum,1,320,B11
Faridpur,2022,12,Minimum,1,320,B11
Faridpur,2023,1,Minimum,1,320,B11
Faridpur,2023,2,Minimum,1,310,B11
Faridpur,2023,3,Minimum,2,310,B11
Faridpur,2023,4,Minimum,2,310,B11
Faridpur,2023,5,Minimum,1,310,B11
Faridpur,2023,6,Minimum,1,320,B11
Faridpur,2023,7,Minimum,1,100,B11
Faridpur,2023,8,Minimum,1,180,B11
Faridpur,2023,9,Minimum,2,130,B11
Faridpur,2023,10,Minimum,1,300,B11
Faridpur,2023,11,Minimum,1,300,B11
Faridpur,2023,12,Minimum,1,350,B11
Faridpur,2024,1,Minimum,1,360,B11
Faridpur,2024,2,Minimum,1,350,B11
Faridpur,2024,3,Minimum,2,340,B11
Faridpur,2024,4,Minimum,1,180,B11
Faridpur,2024,5,Minimum,2,180,B11
Faridpur,2024,6,Minimum,2,130,B11
Madaripur,2015,1,Minimum,1,360,B11
Madaripur,2015,2,Minimum,1,300,B11
Madaripur,2015,3,Minimum,1,180,B11
Madaripur,2015,4,Minimum,1,180,B11
Madaripur,2015,5,Minimum,1,140,B11
Madaripur,2015,6,Minimum,1,140,B11
Madaripur,2015,7,Minimum,1,100,B11
Madaripur,2015,8,Minimum,1,180,B11
Madaripur,2015,9,Minimum,1,130,B11
Madaripur,2015,10,Minimum,1,180,B11
Madaripur,2015,11,Minimum,1,360,B11
Madaripur,2015,12,Minimum,1,360,B11
Madaripur,2016,1,Minimum,1,360,B11
Madaripur,2016,2,Minimum,1,340,B11
Madaripur,2016,3,Minimum,1,170,B11
Madaripur,2016,4,Minimum,1,180,B11
Madaripur,2016,5,Minimum,1,180,B11
Madaripur,2016,6,Minimum,1,180,B11
Madaripur,2016,7,Minimum,1,180,B11
Madaripur,2016,8,Minimum,1,130,B11
Madaripur,2016,9,Minimum,1,130,B11
Madaripur,2016,10,Minimum,1,130,B11
Madaripur,2016,11,Minimum,1,340,B11
Madaripur,2016,12,Minimum,1,360,B11
Madaripur,2017,1,Minimum,1,360,B11
Madaripur,2017,2,Minimum,1,200,B11
Madaripur,2017,3,Minimum,1,180,B11
Madaripur,2017,4,Minimum,1,170,B11
Madaripur,2017,5,Minimum,1,180,B11
Madaripur,2017,6,Minimum,1,180,B11
Madaripur,2017,7,Minimum,1,180,B11
Madaripur,2017,8,Minimum,1,180,B11
Madaripur,2017,9,Minimum,1,180,B11
Madaripur,2017,10,Minimum,1,180,B11
Madaripur,2017,11,Minimum,1,130,B11
Madaripur,2017,12,Minimum,1,360,B11
Madaripur,2018,1,Minimum,1,360,B11
Madaripur,2018,2,Minimum,2,180,B11
Madaripur,2018,3,Minimum,1,190,B11
Madaripur,2018,4,Minimum,1,180,B11
Madaripur,2018,5,Minimum,2,90,B11
Madaripur,2018,6,Minimum,1,180,B11
Madaripur,2018,7,Minimum,2,80,B11
Madaripur,2018,8,Minimum,1,140,B11
Madaripur,2018,9,Minimum,2,140,B11
Madaripur,2018,10,Minimum,2,130,B11
Madaripur,2018,11,Minimum,2,360,B11
Madaripur,2018,12,Minimum,2,360,B11
Madaripur,2019,1,Minimum,2,360,B11
Madaripur,2019,2,Minimum,2,360,B11
Madaripur,2019,3,Minimum,1,90,B11
Madaripur,2019,4,Minimum,2,230,B11
Madaripur,2019,5,Minimum,2,230,B11
Madaripur,2019,6,Minimum,2,180,B11
Madaripur,2019,7,Minimum,1,130,B11
Madaripur,2019,8,Minimum,1,180,B11
Madaripur,2019,9,Minimum,2,130,B11
Madaripur,2019,11,Minimum,2,130,B11
Madaripur,2020,1,Minimum,1,360,B11
Madaripur,2020,2,Minimum,2,20,B11
Madaripur,2020,3,Minimum,1,320,B11
Madaripur,2020,4,Minimum,1,120,B11
Madaripur,2020,5,Minimum,1,90,B11
Madaripur,2020,6,Minimum,3,180,B11
Madaripur,2020,7,Minimum,1,90,B11
Madaripur,2020,8,Minimum,1,180,B11
Madaripur,2020,10,Minimum,2,130,B11
Khulna,2015,1,Minimum,1,310,B11
Khulna,2015,2,Minimum,1,180,B11
Khulna,2015,3,Minimum,1,50,B11
Khulna,2015,4,Minimum,1,130,B11
Khulna,2015,5,Minimum,1,130,B11
Khulna,2015,6,Minimum,1,180,B11
Khulna,2015,7,Minimum,1,50,B11
Khulna,2015,8,Minimum,1,180,B11
Khulna,2015,9,Minimum,1,180,B11
Khulna,2015,10,Minimum,1,180,B11
Khulna,2015,11,Minimum,1,330,B11
Khulna,2015,12,Minimum,1,360,B11
Khulna,2016,1,Minimum,1,230,B11
Khulna,2016,2,Minimum,1,270,B11
Khulna,2016,3,Minimum,1,180,B11
Khulna,2016,4,Minimum,1,130,B11
Khulna,2016,5,Minimum,1,130,B11
Khulna,2016,6,Minimum,1,180,B11
Khulna,2016,7,Minimum,1,160,B11
Khulna,2016,8,Minimum,1,360,B11
Khulna,2016,9,Minimum,1,210,B11
Khulna,2016,10,Minimum,1,90,B11
Khulna,2016,11,Minimum,1,50,B11
Khulna,2016,12,Minimum,1,320,B11
Khulna,2017,1,Minimum,1,360,B11
Khulna,2017,2,Minimum,1,180,B11
Khulna,2017,3,Minimum,1,180,B11
Khulna,2017,4,Minimum,1,210,B11
Khulna,2017,5,Minimum,1,180,B11
Khulna,2017,6,Minimum,1,180,B11
Khulna,2017,7,Minimum,1,130,B11
Khulna,2017,8,Minimum,1,280,B11
Khulna,2017,9,Minimum,1,270,B11
Khulna,2017,10,Minimum,1,280,B11
Khulna,2017,11,Minimum,1,90,B11
Khulna,2017,12,Minimum,1,320,B11
Khulna,2018,1,Minimum,1,360,B11
Khulna,2018,2,Minimum,1,360,B11
Khulna,2018,3,Minimum,1,180,B11
Khulna,2018,4,Minimum,1,50,B11
Khulna,2018,5,Minimum,1,230,B11
Khulna,2018,6,Minimum,1,130,B11
Khulna,2018,7,Minimum,1,230,B11
Khulna,2018,8,Minimum,1,130,B11
Khulna,2018,9,Minimum,1,130,B11
Khulna,2018,10,Minimum,1,310,B11
Khulna,2018,11,Minimum,1,360,B11
Khulna,2018,12,Minimum,1,360,B11
Khulna,2019,1,Minimum,1,320,B11
Khulna,2019,2,Minimum,1,50,B11
Khulna,2019,3,Minimum,1,230,B11
Khulna,2019,4,Minimum,1,180,B11
Khulna,2019,5,Minimum,1,180,B11
Khulna,2019,6,Minimum,1,130,B11
Khulna,2019,7,Minimum,1,180,B11
Khulna,2019,8,Minimum,1,130,B11
Khulna,2019,9,Minimum,1,180,B11
Khulna,2019,10,Minimum,1,180,B11
Khulna,2019,11,Minimum,1,320,B11
Khulna,2019,12,Minimum,1,360,B11
Khulna,2020,1,Minimum,1,340,B11
Khulna,2020,2,Minimum,1,80,B11
Khulna,2020,3,Minimum,1,360,B11
Khulna,2020,4,Minimum,1,150,B11
Khulna,2020,5,Minimum,1,180,B11
Khulna,2020,6,Minimum,1,230,B11
Khulna,2020,7,Minimum,1,230,B11
Khulna,2020,8,Minimum,1,180,B11
Khulna,2020,9,Minimum,1,180,B11
Khulna,2020,10,Minimum,1,140,B11
Khulna,2020,11,Minimum,2,130,B11
Khulna,2020,12,Minimum,1,330,B11
Khulna,2021,1,Minimum,2,50,B11
Khulna,2021,2,Minimum,2,360,B11
Khulna,2021,3,Minimum,1,180,B11
Khulna,2021,4,Minimum,1,180,B11
Khulna,2021,5,Minimum,1,220,B11
Khulna,2021,6,Minimum,1,230,B11
Khulna,2021,7,Minimum,1,140,B11
Khulna,2021,8,Minimum,1,150,B11
Khulna,2021,9,Minimum,1,150,B11
Khulna,2021,10,Minimum,1,180,B11
Khulna,2021,11,Minimum,1,320,B11
Khulna,2021,12,Minimum,1,140,B11
Khulna,2022,1,Minimum,1,360,B11
Khulna,2022,2,Minimum,1,320,B11
Khulna,2022,3,Minimum,1,50,B11
Khulna,2022,4,Minimum,1,180,B11
Khulna,2022,5,Minimum,1,180,B11
Khulna,2022,6,Minimum,1,180,B11
Khulna,2022,7,Minimum,1,180,B11
Khulna,2022,8,Minimum,1,180,B11
Khulna,2022,9,Minimum,2,130,B11
Khulna,2022,10,Minimum,1,270,B11
Khulna,2022,11,Minimum,2,270,B11
Khulna,2022,12,Minimum,2,180,B11
Khulna,2023,1,Minimum,1,360,B11
Khulna,2023,2,Minimum,2,50,B11
Khulna,2023,3,Minimum,1,180,B11
Khulna,2023,4,Minimum,1,180,B11
Khulna,2023,5,Minimum,1,180,B11
Khulna,2023,6,Minimum,2,180,B11
Khulna,2023,7,Minimum,1,140,B11
Khulna,2023,8,Minimum,2,180,B11
Khulna,2023,9,Minimum,2,130,B11
Khulna,2023,10,Minimum,1,360,B11
Khulna,2023,11,Minimum,2,90,B11
Khulna,2023,12,Minimum,2,90,B11
Khulna,2024,1,Minimum,1,360,B11
Khulna,2024,2,Minimum,1,270,B11
Khulna,2024,3,Minimum,1,180,B11
Khulna,2024,4,Minimum,1,230,B11
Khulna,2024,5,Minimum,1,180,B11
Khulna,2024,6,Minimum,1,180,B11
Khulna,2024,7,Minimum,1,180,B11
Satkhira,2015,1,Minimum,1,330,B11
Satkhira,2015,2,Minimum,1,360,B11
Satkhira,2015,3,Minimum,1,270,B11
Satkhira,2015,4,Minimum,1,180,B11
Satkhira,2015,5,Minimum,1,180,B11
Satkhira,2015,6,Minimum,1,180,B11
Satkhira,2015,7,Minimum,1,270,B11
Satkhira,2015,8,Minimum,1,50,B11
Satkhira,2015,9,Minimum,1,270,B11
Satkhira,2015,10,Minimum,1,360,B11
Satkhira,2015,11,Minimum,1,330,B11
Satkhira,2015,12,Minimum,1,30,B11
Satkhira,2016,1,Minimum,1,330,B11
Satkhira,2016,2,Minimum,1,230,B11
Satkhira,2016,3,Minimum,1,210,B11
Satkhira,2016,4,Minimum,1,140,B11
Satkhira,2016,5,Minimum,1,180,B11
Satkhira,2016,6,Minimum,1,90,B11
Satkhira,2016,7,Minimum,1,140,B11
Satkhira,2016,8,Minimum,1,120,B11
Satkhira,2016,9,Minimum,1,140,B11
Satkhira,2016,10,Minimum,1,90,B11
Satkhira,2016,11,Minimum,1,360,B11
Satkhira,2016,12,Minimum,1,360,B11
Satkhira,2017,1,Minimum,1,360,B11
Satkhira,2017,2,Minimum,1,330,B11
Satkhira,2017,3,Minimum,1,180,B11
Satkhira,2017,4,Minimum,1,180,B11
Satkhira,2017,5,Minimum,1,160,B11
Satkhira,2017,6,Minimum,1,180,B11
Satkhira,2017,7,Minimum,1,180,B11
Satkhira,2017,8,Minimum,1,90,B11
Satkhira,2017,9,Minimum,1,180,B11
Satkhira,2017,10,Minimum,1,180,B11
Satkhira,2017,11,Minimum,1,330,B11
Satkhira,2017,12,Minimum,1,330,B11
Satkhira,2018,1,Minimum,1,360,B11
Satkhira,2018,2,Minimum,1,270,B11
Satkhira,2018,3,Minimum,1,180,B11
Satkhira,2018,4,Minimum,1,130,B11
Satkhira,2018,5,Minimum,1,180,B11
Satkhira,2018,6,Minimum,1,180,B11
Satkhira,2018,7,Minimum,1,140,B11
Satkhira,2018,8,Minimum,1,140,B11
Satkhira,2018,9,Minimum,1,180,B11
Satkhira,2018,10,Minimum,1,50,B11
Satkhira,2018,11,Minimum,1,270,B11
Satkhira,2018,12,Minimum,1,360,B11
Satkhira,2019,1,Minimum,1,340,B11
Satkhira,2019,2,Minimum,1,200,B11
Satkhira,2019,3,Minimum,1,360,B11
Satkhira,2019,4,Minimum,1,180,B11
Satkhira,2019,5,Minimum,1,180,B11
Satkhira,2019,6,Minimum,1,180,B11
Satkhira,2019,7,Minimum,1,180,B11
Satkhira,2019,8,Minimum,1,140,B11
Satkhira,2019,9,Minimum,1,80,B11
Satkhira,2019,10,Minimum,1,360,B11
Satkhira,2019,11,Minimum,1,360,B11
Satkhira,2019,12,Minimum,1,360,B11
Satkhira,2020,1,Minimum,1,360,B11
Satkhira,2020,2,Minimum,1,360,B11
Satkhira,2020,3,Minimum,1,360,B11
Satkhira,2020,4,Minimum,1,180,B11
Satkhira,2020,5,Minimum,1,200,B11
Satkhira,2020,6,Minimum,1,180,B11
Satkhira,2020,7,Minimum,1,180,B11
Satkhira,2020,8,Minimum,1,150,B11
Satkhira,2020,9,Minimum,1,160,B11
Satkhira,2020,10,Minimum,1,30,B11
Satkhira,2020,11,Minimum,1,360,B11
Satkhira,2020,12,Minimum,1,360,B11
Satkhira,2021,1,Minimum,1,360,B11
Satkhira,2021,2,Minimum,1,310,B11
Satkhira,2021,3,Minimum,1,180,B11
Satkhira,2021,4,Minimum,1,180,B11
Satkhira,2021,5,Minimum,1,180,B11
Satkhira,2021,6,Minimum,1,180,B11
Satkhira,2021,7,Minimum,1,310,B11
Satkhira,2021,8,Minimum,1,180,B11
Satkhira,2021,9,Minimum,1,140,B11
Satkhira,2021,10,Minimum,1,190,B11
Satkhira,2021,11,Minimum,1,320,B11
Satkhira,2021,12,Minimum,1,360,B11
Satkhira,2022,1,Minimum,1,360,B11
Satkhira,2022,2,Minimum,1,310,B11
Satkhira,2022,3,Minimum,1,220,B11
Satkhira,2022,4,Minimum,1,180,B11
Satkhira,2022,5,Minimum,1,180,B11
Satkhira,2022,6,Minimum,1,170,B11
Satkhira,2022,7,Minimum,1,180,B11
Satkhira,2022,8,Minimum,1,150,B11
Satkhira,2022,9,Minimum,1,140,B11
Satkhira,2022,10,Minimum,1,360,B11
Satkhira,2022,11,Minimum,1,360,B11
Satkhira,2022,12,Minimum,1,360,B11
Satkhira,2023,1,Minimum,1,270,B11
Satkhira,2023,2,Minimum,1,360,B11
Satkhira,2023,3,Minimum,1,200,B11
Satkhira,2023,4,Minimum,1,220,B11
Satkhira,2023,5,Minimum,1,210,B11
Satkhira,2023,6,Minimum,1,170,B11
Satkhira,2023,7,Minimum,1,180,B11
Satkhira,2023,8,Minimum,1,350,B11
Satkhira,2023,9,Minimum,1,170,B11
Satkhira,2023,10,Minimum,1,220,B11
Satkhira,2023,11,Minimum,1,310,B11
Satkhira,2023,12,Minimum,1,280,B11
Satkhira,2024,1,Minimum,1,330,B11
Satkhira,2024,2,Minimum,1,10,B11
Satkhira,2024,3,Minimum,1,140,B11
Satkhira,2024,4,Minimum,1,260,B11
Satkhira,2024,5,Minimum,1,350,B11
Satkhira,2024,6,Minimum,1,180,B11
Barisal,2015,1,Minimum,1,320,B11
Barisal,2015,2,Minimum,1,320,B11
Barisal,2015,3,Minimum,1,290,B11
Barisal,2015,4,Minimum,1,180,B11
Barisal,2015,5,Minimum,1,180,B11
Barisal,2015,6,Minimum,1,120,B11
Barisal,2015,7,Minimum,1,180,B11
Barisal,2015,8,Minimum,2,90,B11
Barisal,2015,9,Minimum,1,120,B11
Barisal,2015,10,Minimum,1,50,B11
Barisal,2015,11,Minimum,2,30,B11
Barisal,2015,12,Minimum,1,300,B11
Barisal,2016,1,Minimum,1,360,B11
Barisal,2016,2,Minimum,1,210,B11
Barisal,2016,3,Minimum,1,210,B11
Barisal,2016,4,Minimum,1,180,B11
Barisal,2016,5,Minimum,1,210,B11
Barisal,2016,6,Minimum,1,180,B11
Barisal,2016,7,Minimum,1,120,B11
Barisal,2016,8,Minimum,2,170,B11
Barisal,2016,9,Minimum,1,160,B11
Barisal,2016,10,Minimum,1,60,B11
Barisal,2016,11,Minimum,1,210,B11
Barisal,2016,12,Minimum,1,320,B11
Barisal,2017,1,Minimum,1,320,B11
Barisal,2017,2,Minimum,1,50,B11
Barisal,2017,3,Minimum,1,60,B11
Barisal,2017,4,Minimum,1,150,B11
Barisal,2017,5,Minimum,1,210,B11
Barisal,2017,6,Minimum,1,180,B11
Barisal,2017,7,Minimum,1,180,B11
Barisal,2017,8,Minimum,1,150,B11
Barisal,2017,9,Minimum,1,210,B11
Barisal,2017,10,Minimum,1,60,B11
Barisal,2017,11,Minimum,1,360,B11
Barisal,2017,12,Minimum,1,320,B11
Barisal,2018,1,Minimum,1,320,B11
Barisal,2018,2,Minimum,1,320,B11
Barisal,2018,3,Minimum,1,210,B11
Barisal,2018,4,Minimum,1,50,B11
Barisal,2018,5,Minimum,1,70,B11
Barisal,2018,6,Minimum,1,90,B11
Barisal,2018,7,Minimum,1,180,B11
Barisal,2018,8,Minimum,1,120,B11
Barisal,2018,9,Minimum,1,120,B11
Barisal,2018,10,Minimum,1,230,B11
Barisal,2018,11,Minimum,1,300,B11
Barisal,2018,12,Minimum,1,320,B11
Barisal,2019,1,Minimum,1,320,B11
Barisal,2019,2,Minimum,1,210,B11
Barisal,2019,3,Minimum,1,210,B11
Barisal,2019,4,Minimum,1,40,B11
Barisal,2019,5,Minimum,2,180,B11
Barisal,2019,6,Minimum,1,120,B11
Barisal,2019,7,Minimum,1,180,B11
Barisal,2019,8,Minimum,1,120,B11
Barisal,2019,9,Minimum,1,210,B11
Barisal,2019,10,Minimum,1,60,B11
Barisal,2019,11,Minimum,1,320,B11
Barisal,2019,12,Minimum,1,320,B11
Barisal,2020,1,Minimum,1,320,B11
Barisal,2020,2,Minimum,1,30,B11
Barisal,2020,3,Minimum,1,320,B11
Barisal,2020,4,Minimum,1,150,B11
Barisal,2020,5,Minimum,2,50,B11
Barisal,2020,6,Minimum,1,90,B11
Barisal,2020,7,Minimum,1,180,B11
Barisal,2020,8,Minimum,1,180,B11
Barisal,2020,9,Minimum,1,150,B11
Barisal,2020,10,Minimum,1,150,B11
Barisal,2020,11,Minimum,2,90,B11
Barisal,2020,12,Minimum,1,360,B11
Barisal,2021,1,Minimum,2,360,B11
Barisal,2021,2,Minimum,1,320,B11
Barisal,2021,3,Minimum,1,180,B11
Barisal,2021,4,Minimum,1,180,B11
Barisal,2021,5,Minimum,2,30,B11
Barisal,2021,6,Minimum,2,210,B11
Barisal,2021,7,Minimum,1,320,B11
Barisal,2021,8,Minimum,2,210,B11
Barisal,2021,9,Minimum,2,120,B11
Barisal,2021,10,Minimum,2,90,B11
Barisal,2021,11,Minimum,2,320,B11
Barisal,2021,12,Minimum,2,360,B11
Barisal,2022,1,Minimum,1,360,B11
Barisal,2022,2,Minimum,2,320,B11
Barisal,2022,3,Minimum,2,210,B11
Barisal,2022,4,Minimum,2,180,B11
Barisal,2022,5,Minimum,2,180,B11
Barisal,2022,6,Minimum,2,180,B11
Barisal,2022,7,Minimum,2,90,B11
Barisal,2022,8,Minimum,2,60,B11
Barisal,2022,9,Minimum,2,90,B11
Barisal,2022,10,Minimum,2,60,B11
Barisal,2022,11,Minimum,2,360,B11
Barisal,2022,12,Minimum,2,330,B11
Barisal,2023,1,Minimum,2,320,B11
Barisal,2023,2,Minimum,2,210,B11
Barisal,2023,3,Minimum,1,20,B11
Barisal,2023,4,Minimum,2,270,B11
Barisal,2023,5,Minimum,2,120,B11
Barisal,2023,6,Minimum,2,180,B11
Barisal,2023,7,Minimum,2,150,B11
Barisal,2023,8,Minimum,2,350,B11
Barisal,2023,9,Minimum,2,120,B11
Barisal,2023,10,Minimum,2,150,B11
Barisal,2023,11,Minimum,2,60,B11
Barisal,2023,12,Minimum,2,360,B11
Barisal,2024,1,Minimum,1,320,B11
Barisal,2024,2,Minimum,1,180,B11
Barisal,2024,3,Minimum,1,350,B11
Barisal,2024,4,Minimum,1,270,B11
Barisal,2024,5,Minimum,2,230,B11
Barisal,2024,6,Minimum,2,180,B11
Bhola,2015,1,Minimum,1,310,B11
Bhola,2015,2,Minimum,1,310,B11
Bhola,2015,3,Minimum,1,310,B11
Bhola,2015,4,Minimum,1,130,B11
Bhola,2015,5,Minimum,1,120,B11
Bhola,2015,6,Minimum,1,110,B11
Bhola,2015,7,Minimum,1,20,B11
Bhola,2015,8,Minimum,1,210,B11
Bhola,2015,9,Minimum,1,150,B11
Bhola,2015,10,Minimum,1,140,B11
Bhola,2015,11,Minimum,1,30,B11
Bhola,2015,12,Minimum,1,230,B11
Bhola,2016,1,Minimum,1,310,B11
Bhola,2016,2,Minimum,1,310,B11
Bhola,2016,3,Minimum,1,230,B11
Bhola,2016,4,Minimum,1,170,B11
Bhola,2016,5,Minimum,1,130,B11
Bhola,2016,6,Minimum,1,130,B11
Bhola,2016,7,Minimum,1,50,B11
Bhola,2016,8,Minimum,1,130,B11
Bhola,2016,9,Minimum,1,130,B11
Bhola,2016,10,Minimum,1,80,B11
Bhola,2016,11,Minimum,1,50,B11
Bhola,2016,12,Minimum,1,310,B11
Bhola,2017,1,Minimum,1,50,B11
Bhola,2017,2,Minimum,1,170,B11
Bhola,2017,3,Minimum,1,230,B11
Bhola,2017,4,Minimum,1,190,B11
Bhola,2017,5,Minimum,1,170,B11
Bhola,2017,6,Minimum,1,130,B11
Bhola,2017,7,Minimum,1,90,B11
Bhola,2017,8,Minimum,1,130,B11
Bhola,2017,9,Minimum,1,130,B11
Bhola,2017,10,Minimum,1,230,B11
Bhola,2017,11,Minimum,1,50,B11
Bhola,2017,12,Minimum,1,50,B11
Bhola,2018,1,Minimum,1,50,B11
Bhola,2018,2,Minimum,1,130,B11
Bhola,2018,3,Minimum,1,310,B11
Bhola,2018,4,Minimum,1,230,B11
Bhola,2018,5,Minimum,1,130,B11
Bhola,2018,6,Minimum,1,220,B11
Bhola,2018,7,Minimum,1,130,B11
Bhola,2018,8,Minimum,1,50,B11
Bhola,2018,9,Minimum,1,50,B11
Bhola,2018,10,Minimum,1,260,B11
Bhola,2018,11,Minimum,1,220,B11
Bhola,2018,12,Minimum,1,330,B11
Bhola,2019,1,Minimum,1,330,B11
Bhola,2019,2,Minimum,1,330,B11
Bhola,2019,3,Minimum,1,50,B11
Bhola,2019,4,Minimum,1,330,B11
Bhola,2019,5,Minimum,1,160,B11
Bhola,2019,6,Minimum,1,200,B11
Bhola,2019,7,Minimum,1,120,B11
Bhola,2019,8,Minimum,1,120,B11
Bhola,2019,9,Minimum,1,110,B11
Bhola,2019,10,Minimum,1,30,B11
Bhola,2019,11,Minimum,1,320,B11
Bhola,2019,12,Minimum,1,330,B11
Bhola,2020,1,Minimum,1,110,B11
Bhola,2020,2,Minimum,1,290,B11
Bhola,2020,3,Minimum,1,260,B11
Bhola,2020,4,Minimum,1,90,B11
Bhola,2020,5,Minimum,1,150,B11
Bhola,2020,6,Minimum,1,180,B11
Bhola,2020,7,Minimum,1,220,B11
Bhola,2020,8,Minimum,1,130,B11
Bhola,2020,9,Minimum,1,150,B11
Bhola,2020,10,Minimum,1,130,B11
Bhola,2020,11,Minimum,1,50,B11
Bhola,2020,12,Minimum,1,310,B11
Bhola,2021,1,Minimum,1,220,B11
Bhola,2021,2,Minimum,1,310,B11
Bhola,2021,3,Minimum,1,220,B11
Bhola,2021,4,Minimum,1,130,B11
Bhola,2021,5,Minimum,1,130,B11
Bhola,2021,6,Minimum,1,220,B11
Bhola,2021,7,Minimum,1,130,B11
Bhola,2021,8,Minimum,1,220,B11
Bhola,2021,9,Minimum,1,30,B11
Bhola,2021,10,Minimum,1,310,B11
Bhola,2021,11,Minimum,1,50,B11
Bhola,2021,12,Minimum,2,50,B11
Bhola,2022,1,Minimum,1,50,B11
Bhola,2022,2,Minimum,2,220,B11
Bhola,2022,3,Minimum,2,130,B11
Bhola,2022,4,Minimum,2,130,B11
Bhola,2022,5,Minimum,2,130,B11
Bhola,2022,6,Minimum,2,130,B11
Bhola,2022,7,Minimum,2,130,B11
Bhola,2022,8,Minimum,2,50,B11
Bhola,2022,9,Minimum,2,130,B11
Bhola,2022,10,Minimum,2,130,B11
Bhola,2022,11,Minimum,2,50,B11
Bhola,2022,12,Minimum,2,270,B11
Bhola,2023,1,Minimum,2,290,B11
Bhola,2023,2,Minimum,2,120,B11
Bhola,2023,3,Minimum,2,270,B11
Bhola,2023,4,Minimum,2,130,B11
Bhola,2023,5,Minimum,2,130,B11
Bhola,2023,6,Minimum,2,130,B11
Bhola,2023,7,Minimum,2,130,B11
Bhola,2023,8,Minimum,2,130,B11
Bhola,2023,9,Minimum,2,130,B11
Bhola,2023,10,Minimum,2,130,B11
Bhola,2023,11,Minimum,2,310,B11
Bhola,2023,12,Minimum,2,50,B11
Bhola,2024,1,Minimum,1,310,B11
Bhola,2024,2,Minimum,2,220,B11
Bhola,2024,3,Minimum,2,50,B11
Bhola,2024,4,Minimum,2,220,B11
Bhola,2024,5,Minimum,1,150,B11
Bhola,2024,6,Minimum,2,130,B11
Bhola,2024,7,Minimum,2,130,B11
Feni,2015,1,Minimum,2,130,B11
Feni,2015,2,Minimum,1,180,B11
Feni,2015,3,Minimum,2,90,B11
Feni,2015,4,Minimum,2,130,B11
Feni,2015,5,Minimum,2,130,B11
Feni,2015,6,Minimum,2,180,B11
Feni,2015,7,Minimum,2,180,B11
Feni,2015,8,Minimum,2,130,B11
Feni,2015,9,Minimum,2,130,B11
Feni,2015,10,Minimum,2,150,B11
Feni,2015,11,Minimum,2,50,B11
Feni,2015,12,Minimum,2,130,B11
Feni,2016,1,Minimum,2,130,B11
Feni,2016,2,Minimum,2,160,B11
Feni,2016,3,Minimum,2,130,B11
Feni,2016,4,Minimum,2,180,B11
Feni,2016,5,Minimum,2,130,B11
Feni,2016,6,Minimum,2,130,B11
Feni,2016,7,Minimum,2,150,B11
Feni,2016,8,Minimum,2,130,B11
Feni,2016,9,Minimum,2,180,B11
Feni,2016,10,Minimum,2,150,B11
Feni,2016,11,Minimum,2,110,B11
Feni,2016,12,Minimum,2,50,B11
Feni,2017,1,Minimum,2,310,B11
Feni,2017,2,Minimum,2,310,B11
Feni,2017,3,Minimum,2,310,B11
Feni,2017,4,Minimum,2,180,B11
Feni,2017,5,Minimum,1,180,B11
Feni,2017,6,Minimum,1,180,B11
Feni,2017,7,Minimum,2,180,B11
Feni,2017,8,Minimum,2,180,B11
Feni,2017,9,Minimum,2,130,B11
Feni,2017,10,Minimum,2,180,B11
Feni,2017,11,Minimum,2,360,B11
Feni,2017,12,Minimum,2,360,B11
Feni,2018,1,Minimum,2,250,B11
Feni,2018,2,Minimum,1,360,B11
Feni,2018,3,Minimum,1,140,B11
Feni,2018,4,Minimum,1,50,B11
Feni,2018,5,Minimum,1,180,B11
Feni,2018,6,Minimum,1,180,B11
Feni,2018,7,Minimum,1,160,B11
Feni,2018,8,Minimum,1,140,B11
Feni,2018,9,Minimum,1,150,B11
Feni,2018,10,Minimum,1,40,B11
Feni,2018,11,Minimum,1,360,B11
Feni,2018,12,Minimum,1,80,B11
Feni,2019,1,Minimum,1,320,B11
Feni,2019,2,Minimum,1,350,B11
Feni,2019,3,Minimum,1,360,B11
Feni,2019,4,Minimum,1,120,B11
Feni,2019,5,Minimum,1,180,B11
Feni,2019,6,Minimum,1,150,B11
Feni,2019,7,Minimum,1,180,B11
Feni,2019,8,Minimum,1,170,B11
Feni,2019,9,Minimum,1,180,B11
Feni,2019,10,Minimum,1,160,B11
Feni,2019,11,Minimum,1,80,B11
Feni,2019,12,Minimum,1,350,B11
Feni,2020,1,Minimum,1,350,B11
Feni,2020,2,Minimum,1,160,B11
Feni,2020,3,Minimum,1,350,B11
Feni,2020,4,Minimum,1,180,B11
Feni,2020,5,Minimum,1,160,B11
Feni,2020,6,Minimum,1,190,B11
Feni,2020,7,Minimum,1,170,B11
Feni,2020,8,Minimum,1,180,B11
Feni,2020,9,Minimum,1,180,B11
Feni,2020,10,Minimum,1,180,B11
Feni,2020,11,Minimum,1,360,B11
Feni,2020,12,Minimum,1,360,B11
Feni,2021,1,Minimum,1,350,B11
Feni,2021,2,Minimum,1,360,B11
Feni,2021,3,Minimum,1,180,B11
Feni,2021,4,Minimum,2,180,B11
Feni,2021,5,Minimum,1,220,B11
Feni,2021,6,Minimum,1,180,B11
Feni,2021,7,Minimum,1,180,B11
Feni,2021,8,Minimum,1,180,B11
Feni,2021,9,Minimum,1,130,B11
Feni,2021,10,Minimum,2,130,B11
Feni,2021,11,Minimum,2,360,B11
Feni,2021,12,Minimum,1,310,B11
Feni,2022,1,Minimum,2,360,B11
Feni,2022,2,Minimum,1,360,B11
Feni,2022,3,Minimum,2,230,B11
Feni,2022,4,Minimum,2,180,B11
Feni,2022,5,Minimum,1,180,B11
Feni,2022,6,Minimum,1,180,B11
Feni,2022,7,Minimum,2,180,B11
Feni,2022,8,Minimum,2,180,B11
Feni,2022,9,Minimum,2,180,B11
Feni,2022,10,Minimum,2,360,B11
Feni,2022,11,Minimum,2,330,B11
Feni,2022,12,Minimum,2,270,B11
Feni,2023,1,Minimum,2,330,B11
Feni,2023,2,Minimum,2,180,B11
Feni,2023,3,Minimum,2,180,B11
Feni,2023,4,Minimum,2,180,B11
Feni,2023,5,Minimum,2,130,B11
Feni,2023,6,Minimum,1,180,B11
Feni,2023,7,Minimum,2,180,B11
Feni,2023,8,Minimum,1,350,B11
Feni,2023,9,Minimum,1,90,B11
Feni,2023,10,Minimum,1,110,B11
Feni,2023,11,Minimum,1,360,B11
Feni,2023,12,Minimum,1,350,B11
Feni,2024,1,Minimum,1,350,B11
Feni,2024,2,Minimum,1,340,B11
Feni,2024,3,Minimum,1,140,B11
Feni,2024,4,Minimum,1,180,B11
Feni,2024,5,Minimum,1,180,B11
Feni,2024,6,Minimum,1,120,B11
Maijdi Court,2015,1,Minimum,2,50,B11
Maijdi Court,2015,2,Minimum,2,310,B11
Maijdi Court,2015,3,Minimum,2,310,B11
Maijdi Court,2015,4,Minimum,2,90,B11
Maijdi Court,2015,5,Minimum,2,50,B11
Maijdi Court,2015,6,Minimum,2,180,B11
Maijdi Court,2015,7,Minimum,2,130,B11
Maijdi Court,2015,8,Minimum,2,180,B11
Maijdi Court,2015,9,Minimum,2,130,B11
Maijdi Court,2015,10,Minimum,2,130,B11
Maijdi Court,2015,11,Minimum,2,180,B11
Maijdi Court,2015,12,Minimum,2,310,B11
Maijdi Court,2016,1,Minimum,2,310,B11
Maijdi Court,2016,2,Minimum,2,360,B11
Maijdi Court,2016,3,Minimum,2,180,B11
Maijdi Court,2016,4,Minimum,2,130,B11
Maijdi Court,2016,5,Minimum,2,130,B11
Maijdi Court,2016,6,Minimum,2,90,B11
Maijdi Court,2016,7,Minimum,2,130,B11
Maijdi Court,2016,8,Minimum,2,90,B11
Maijdi Court,2016,9,Minimum,2,130,B11
Maijdi Court,2016,10,Minimum,2,90,B11
Maijdi Court,2016,11,Minimum,2,310,B11
Maijdi Court,2016,12,Minimum,2,360,B11
Maijdi Court,2017,1,Minimum,2,310,B11
Maijdi Court,2017,2,Minimum,2,310,B11
Maijdi Court,2017,3,Minimum,1,50,B11
Maijdi Court,2017,4,Minimum,2,130,B11
Maijdi Court,2017,5,Minimum,2,130,B11
Maijdi Court,2017,6,Minimum,2,90,B11
Maijdi Court,2017,7,Minimum,1,180,B11
Maijdi Court,2017,8,Minimum,2,130,B11
Maijdi Court,2017,9,Minimum,1,180,B11
Maijdi Court,2017,10,Minimum,1,360,B11
Maijdi Court,2017,11,Minimum,1,350,B11
Maijdi Court,2017,12,Minimum,1,360,B11
Maijdi Court,2018,1,Minimum,1,270,B11
Maijdi Court,2018,2,Minimum,1,180,B11
Maijdi Court,2018,3,Minimum,1,350,B11
Maijdi Court,2018,4,Minimum,1,360,B11
Maijdi Court,2018,5,Minimum,1,110,B11
Maijdi Court,2018,6,Minimum,1,180,B11
Maijdi Court,2018,7,Minimum,1,180,B11
Maijdi Court,2018,8,Minimum,1,160,B11
Maijdi Court,2018,9,Minimum,1,170,B11
Maijdi Court,2018,10,Minimum,1,130,B11
Maijdi Court,2018,11,Minimum,1,270,B11
Maijdi Court,2018,12,Minimum,1,340,B11
Maijdi Court,2019,1,Minimum,1,360,B11
Maijdi Court,2019,2,Minimum,1,90,B11
Maijdi Court,2019,3,Minimum,1,130,B11
Maijdi Court,2019,4,Minimum,1,170,B11
Maijdi Court,2019,5,Minimum,1,180,B11
Maijdi Court,2019,6,Minimum,1,90,B11
Maijdi Court,2019,7,Minimum,1,90,B11
Maijdi Court,2019,8,Minimum,1,180,B11
Maijdi Court,2019,9,Minimum,1,310,B11
Maijdi Court,2019,10,Minimum,1,310,B11
Maijdi Court,2019,11,Minimum,1,360,B11
Maijdi Court,2019,12,Minimum,1,360,B11
Maijdi Court,2020,1,Minimum,1,50,B11
Maijdi Court,2020,2,Minimum,1,310,B11
Maijdi Court,2020,3,Minimum,1,310,B11
Maijdi Court,2020,4,Minimum,1,180,B11
Maijdi Court,2020,5,Minimum,1,130,B11
Maijdi Court,2020,6,Minimum,1,130,B11
Maijdi Court,2020,7,Minimum,1,130,B11
Maijdi Court,2020,8,Minimum,1,130,B11
Maijdi Court,2020,9,Minimum,1,180,B11
Maijdi Court,2020,10,Minimum,1,130,B11
Maijdi Court,2020,11,Minimum,1,310,B11
Maijdi Court,2020,12,Minimum,1,310,B11
Maijdi Court,2021,1,Minimum,1,310,B11
Maijdi Court,2021,2,Minimum,1,310,B11
Maijdi Court,2021,3,Minimum,1,180,B11
Maijdi Court,2021,4,Minimum,1,50,B11
Maijdi Court,2021,5,Minimum,1,170,B11
Maijdi Court,2021,6,Minimum,1,130,B11
Maijdi Court,2021,7,Minimum,1,130,B11
Maijdi Court,2021,8,Minimum,1,130,B11
Maijdi Court,2021,9,Minimum,1,130,B11
Maijdi Court,2021,10,Minimum,1,200,B11
Maijdi Court,2021,11,Minimum,1,310,B11
Maijdi Court,2021,12,Minimum,1,50,B11
Maijdi Court,2022,1,Minimum,1,310,B11
Maijdi Court,2022,2,Minimum,1,310,B11
Maijdi Court,2022,3,Minimum,1,180,B11
Maijdi Court,2022,4,Minimum,1,180,B11
Maijdi Court,2022,5,Minimum,1,130,B11
Maijdi Court,2022,6,Minimum,1,130,B11
Maijdi Court,2022,7,Minimum,1,90,B11
Maijdi Court,2022,8,Minimum,1,130,B11
Maijdi Court,2022,9,Minimum,1,130,B11
Maijdi Court,2022,10,Minimum,1,130,B11
Maijdi Court,2022,11,Minimum,1,310,B11
Maijdi Court,2022,12,Minimum,1,310,B11
Maijdi Court,2023,1,Minimum,1,360,B11
Maijdi Court,2023,2,Minimum,1,270,B11
Maijdi Court,2023,3,Minimum,1,130,B11
Maijdi Court,2023,4,Minimum,1,180,B11
Maijdi Court,2023,5,Minimum,1,310,B11
Maijdi Court,2023,6,Minimum,1,310,B11
Maijdi Court,2023,7,Minimum,1,130,B11
Maijdi Court,2023,8,Minimum,1,130,B11
Maijdi Court,2023,9,Minimum,1,130,B11
Maijdi Court,2023,10,Minimum,1,130,B11
Maijdi Court,2023,11,Minimum,1,310,B11
Maijdi Court,2023,12,Minimum,1,310,B11
Maijdi Court,2024,1,Minimum,1,360,B11
Maijdi Court,2024,2,Minimum,1,310,B11
Maijdi Court,2024,3,Minimum,1,360,B11
Maijdi Court,2024,4,Minimum,1,180,B11
Maijdi Court,2024,5,Minimum,1,180,B11
Maijdi Court,2024,6,Minimum,1,130,B11
Hatiya,2015,1,Minimum,1,360,B11
Hatiya,2015,2,Minimum,1,40,B11
Hatiya,2015,3,Minimum,1,180,B11
Hatiya,2015,4,Minimum,1,220,B11
Hatiya,2015,5,Minimum,1,180,B11
Hatiya,2015,6,Minimum,1,180,B11
Hatiya,2015,7,Minimum,1,230,B11
Hatiya,2015,8,Minimum,1,180,B11
Hatiya,2015,9,Minimum,1,180,B11
Hatiya,2015,10,Minimum,1,180,B11
Hatiya,2015,11,Minimum,1,270,B11
Hatiya,2015,12,Minimum,1,230,B11
Hatiya,2016,1,Minimum,1,310,B11
Hatiya,2016,2,Minimum,1,300,B11
Hatiya,2016,3,Minimum,1,180,B11
Hatiya,2016,4,Minimum,1,180,B11
Hatiya,2016,5,Minimum,1,180,B11
Hatiya,2016,6,Minimum,1,180,B11
Hatiya,2016,7,Minimum,1,130,B11
Hatiya,2016,8,Minimum,1,130,B11
Hatiya,2016,9,Minimum,1,180,B11
Hatiya,2016,10,Minimum,1,180,B11
Hatiya,2016,11,Minimum,1,270,B11
Hatiya,2016,12,Minimum,1,360,B11
Hatiya,2017,1,Minimum,1,360,B11
Hatiya,2017,2,Minimum,1,50,B11
Hatiya,2017,3,Minimum,1,230,B11
Hatiya,2017,4,Minimum,1,270,B11
Hatiya,2017,5,Minimum,1,130,B11
Hatiya,2017,6,Minimum,1,210,B11
Hatiya,2017,7,Minimum,1,130,B11
Hatiya,2017,8,Minimum,1,180,B11
Hatiya,2017,9,Minimum,1,180,B11
Hatiya,2017,10,Minimum,1,130,B11
Hatiya,2017,11,Minimum,1,270,B11
Hatiya,2017,12,Minimum,1,360,B11
Hatiya,2018,1,Minimum,1,300,B11
Hatiya,2018,2,Minimum,1,50,B11
Hatiya,2018,3,Minimum,1,270,B11
Hatiya,2018,4,Minimum,1,280,B11
Hatiya,2018,5,Minimum,1,180,B11
Hatiya,2018,6,Minimum,1,150,B11
Hatiya,2018,7,Minimum,1,140,B11
Hatiya,2018,8,Minimum,1,180,B11
Hatiya,2018,9,Minimum,1,90,B11
Hatiya,2018,10,Minimum,1,300,B11
Hatiya,2018,11,Minimum,1,270,B11
Hatiya,2018,12,Minimum,1,320,B11
Hatiya,2019,1,Minimum,1,360,B11
Hatiya,2019,2,Minimum,1,360,B11
Hatiya,2019,3,Minimum,1,150,B11
Hatiya,2019,4,Minimum,1,120,B11
Hatiya,2019,5,Minimum,1,180,B11
Hatiya,2019,6,Minimum,1,180,B11
Hatiya,2019,7,Minimum,1,180,B11
Hatiya,2019,8,Minimum,1,130,B11
Hatiya,2019,9,Minimum,1,230,B11
Hatiya,2019,10,Minimum,1,180,B11
Hatiya,2019,11,Minimum,1,360,B11
Hatiya,2019,12,Minimum,1,320,B11
Hatiya,2020,1,Minimum,1,360,B11
Hatiya,2020,2,Minimum,1,360,B11
Hatiya,2020,3,Minimum,1,230,B11
Hatiya,2020,4,Minimum,1,280,B11
Hatiya,2020,5,Minimum,1,180,B11
Hatiya,2020,6,Minimum,1,280,B11
Hatiya,2020,7,Minimum,1,320,B11
Hatiya,2020,8,Minimum,1,50,B11
Hatiya,2020,9,Minimum,1,220,B11
Hatiya,2020,10,Minimum,1,180,B11
Hatiya,2020,11,Minimum,1,180,B11
Hatiya,2020,12,Minimum,1,280,B11
Hatiya,2021,1,Minimum,1,300,B11
Hatiya,2021,2,Minimum,1,210,B11
Hatiya,2021,3,Minimum,1,180,B11
Hatiya,2021,4,Minimum,1,180,B11
Hatiya,2021,5,Minimum,1,140,B11
Hatiya,2021,6,Minimum,1,140,B11
Hatiya,2021,7,Minimum,1,280,B11
Hatiya,2021,8,Minimum,1,210,B11
Hatiya,2021,9,Minimum,1,180,B11
Hatiya,2021,10,Minimum,1,180,B11
Hatiya,2021,11,Minimum,1,180,B11
Hatiya,2021,12,Minimum,1,50,B11
Hatiya,2022,1,Minimum,1,200,B11
Hatiya,2022,2,Minimum,1,120,B11
Hatiya,2022,3,Minimum,1,360,B11
Hatiya,2022,4,Minimum,1,180,B11
Hatiya,2022,5,Minimum,2,230,B11
Hatiya,2022,6,Minimum,1,180,B11
Hatiya,2022,7,Minimum,1,160,B11
Hatiya,2022,8,Minimum,1,130,B11
Hatiya,2022,9,Minimum,1,210,B11
Hatiya,2022,10,Minimum,1,100,B11
Hatiya,2022,11,Minimum,1,360,B11
Hatiya,2022,12,Minimum,1,90,B11
Hatiya,2023,1,Minimum,1,360,B11
Hatiya,2023,2,Minimum,1,360,B11
Hatiya,2023,3,Minimum,1,60,B11
Hatiya,2023,4,Minimum,1,140,B11
Hatiya,2023,5,Minimum,1,180,B11
Hatiya,2023,6,Minimum,1,360,B11
Hatiya,2023,7,Minimum,1,120,B11
Hatiya,2023,8,Minimum,1,180,B11
Hatiya,2023,9,Minimum,1,180,B11
Hatiya,2023,10,Minimum,1,180,B11
Hatiya,2023,11,Minimum,1,50,B11
Hatiya,2023,12,Minimum,1,60,B11
Hatiya,2024,1,Minimum,1,360,B11
Hatiya,2024,2,Minimum,1,360,B11
Sitakunda,2015,1,Minimum,1,280,B11
Sitakunda,2015,2,Minimum,1,280,B11
Sitakunda,2015,3,Minimum,1,360,B11
Sitakunda,2015,4,Minimum,1,100,B11
Sitakunda,2015,5,Minimum,1,180,B11
Sitakunda,2015,6,Minimum,1,190,B11
Sitakunda,2015,7,Minimum,1,140,B11
Sitakunda,2015,8,Minimum,1,180,B11
Sitakunda,2015,9,Minimum,1,180,B11
Sitakunda,2015,10,Minimum,1,110,B11
Sitakunda,2015,11,Minimum,1,10,B11
Sitakunda,2015,12,Minimum,1,230,B11
Sitakunda,2016,1,Minimum,1,90,B11
Sitakunda,2016,2,Minimum,1,130,B11
Sitakunda,2016,3,Minimum,1,240,B11
Sitakunda,2016,4,Minimum,1,180,B11
Sitakunda,2016,5,Minimum,1,220,B11
Sitakunda,2016,6,Minimum,1,170,B11
Sitakunda,2016,7,Minimum,1,90,B11
Sitakunda,2016,8,Minimum,1,180,B11
Sitakunda,2016,9,Minimum,1,180,B11
Sitakunda,2016,10,Minimum,1,180,B11
Sitakunda,2016,11,Minimum,1,130,B11
Sitakunda,2016,12,Minimum,1,140,B11
Sitakunda,2017,1,Minimum,1,350,B11
Sitakunda,2017,2,Minimum,1,140,B11
Sitakunda,2017,3,Minimum,1,140,B11
Sitakunda,2017,4,Minimum,1,120,B11
Sitakunda,2017,5,Minimum,1,180,B11
Sitakunda,2017,6,Minimum,1,180,B11
Sitakunda,2017,7,Minimum,1,130,B11
Sitakunda,2017,8,Minimum,1,180,B11
Sitakunda,2017,9,Minimum,1,180,B11
Sitakunda,2017,10,Minimum,1,90,B11
Sitakunda,2017,11,Minimum,1,310,B11
Sitakunda,2017,12,Minimum,1,220,B11
Sitakunda,2018,1,Minimum,1,140,B11
Sitakunda,2018,2,Minimum,1,230,B11
Sitakunda,2018,3,Minimum,1,270,B11
Sitakunda,2018,4,Minimum,1,170,B11
Sitakunda,2018,5,Minimum,1,180,B11
Sitakunda,2018,6,Minimum,1,220,B11
Sitakunda,2018,7,Minimum,1,180,B11
Sitakunda,2018,8,Minimum,1,180,B11
Sitakunda,2018,9,Minimum,1,220,B11
Sitakunda,2018,10,Minimum,1,190,B11
Sitakunda,2018,11,Minimum,1,100,B11
Sitakunda,2018,12,Minimum,2,180,B11
Sitakunda,2019,1,Minimum,1,230,B11
Sitakunda,2019,2,Minimum,2,310,B11
Sitakunda,2019,3,Minimum,1,120,B11
Sitakunda,2019,4,Minimum,1,180,B11
Sitakunda,2019,5,Minimum,1,140,B11
Sitakunda,2019,6,Minimum,1,140,B11
Sitakunda,2019,7,Minimum,1,110,B11
Sitakunda,2019,8,Minimum,1,190,B11
Sitakunda,2019,9,Minimum,1,110,B11
Sitakunda,2019,10,Minimum,1,310,B11
Sitakunda,2019,11,Minimum,1,250,B11
Sitakunda,2019,12,Minimum,1,230,B11
Sitakunda,2020,1,Minimum,1,140,B11
Sitakunda,2020,2,Minimum,1,130,B11
Sitakunda,2020,3,Minimum,1,350,B11
Sitakunda,2020,4,Minimum,1,210,B11
Sitakunda,2020,5,Minimum,1,130,B11
Sitakunda,2020,6,Minimum,1,90,B11
Sitakunda,2020,7,Minimum,1,150,B11
Sitakunda,2020,8,Minimum,1,170,B11
Sitakunda,2020,9,Minimum,1,220,B11
Sitakunda,2020,10,Minimum,1,270,B11
Sitakunda,2020,11,Minimum,1,130,B11
Sitakunda,2021,1,Minimum,1,230,B11
Sitakunda,2021,2,Minimum,2,280,B11
Sitakunda,2021,3,Minimum,2,180,B11
Sitakunda,2021,4,Minimum,2,140,B11
Sitakunda,2021,5,Minimum,2,180,B11
Sitakunda,2021,6,Minimum,1,130,B11
Sitakunda,2021,7,Minimum,2,180,B11
Sitakunda,2021,8,Minimum,2,220,B11
Sitakunda,2021,9,Minimum,2,220,B11
Sitakunda,2021,12,Minimum,2,220,B11
Sitakunda,2022,1,Minimum,1,310,B11
Sitakunda,2022,2,Minimum,1,40,B11
Sitakunda,2022,3,Minimum,1,320,B11
Sitakunda,2022,4,Minimum,1,140,B11
Sitakunda,2022,5,Minimum,1,130,B11
Sitakunda,2022,6,Minimum,1,140,B11
Sitakunda,2022,7,Minimum,1,130,B11
Sitakunda,2022,8,Minimum,1,130,B11
Sitakunda,2022,9,Minimum,1,130,B11
Sitakunda,2022,10,Minimum,1,130,B11
Sitakunda,2022,11,Minimum,1,310,B11
Sitakunda,2022,12,Minimum,2,140,B11
Sitakunda,2023,2,Minimum,1,310,B11
Sitakunda,2023,3,Minimum,1,310,B11
Sitakunda,2023,4,Minimum,1,140,B11
Sitakunda,2023,5,Minimum,1,140,B11
Sitakunda,2023,6,Minimum,1,140,B11
Sitakunda,2023,7,Minimum,1,130,B11
Sitakunda,2023,8,Minimum,1,140,B11
Sitakunda,2023,9,Minimum,1,180,B11
Sitakunda,2023,10,Minimum,1,310,B11
Sitakunda,2023,11,Minimum,1,350,B11
Sitakunda,2023,12,Minimum,1,310,B11
Sitakunda,2024,1,Minimum,1,130,B11
Sitakunda,2024,2,Minimum,1,180,B11
Sitakunda,2024,3,Minimum,1,80,B11
Sitakunda,2024,4,Minimum,1,180,B11
Sitakunda,2024,5,Minimum,1,180,B11
Sitakunda,2024,6,Minimum,1,140,B11
Sandwip,2015,1,Minimum,1,90,B11
Sandwip,2015,2,Minimum,1,360,B11
Sandwip,2015,3,Minimum,1,220,B11
Sandwip,2015,4,Minimum,1,180,B11
Sandwip,2015,5,Minimum,1,180,B11
Sandwip,2015,6,Minimum,1,180,B11
Sandwip,2015,7,Minimum,1,180,B11
Sandwip,2015,8,Minimum,1,180,B11
Sandwip,2015,9,Minimum,1,180,B11
Sandwip,2015,10,Minimum,1,90,B11
Sandwip,2015,11,Minimum,1,50,B11
Sandwip,2015,12,Minimum,1,50,B11
Sandwip,2016,1,Minimum,1,360,B11
Sandwip,2016,2,Minimum,1,90,B11
Sandwip,2016,3,Minimum,1,160,B11
Sandwip,2016,4,Minimum,1,160,B11
Sandwip,2016,5,Minimum,1,180,B11
Sandwip,2016,6,Minimum,1,160,B11
Sandwip,2016,7,Minimum,1,180,B11
Sandwip,2016,8,Minimum,1,160,B11
Sandwip,2016,9,Minimum,1,180,B11
Sandwip,2016,10,Minimum,1,360,B11
Sandwip,2016,11,Minimum,1,40,B11
Sandwip,2016,12,Minimum,1,360,B11
Sandwip,2017,1,Minimum,1,360,B11
Sandwip,2017,2,Minimum,1,180,B11
Sandwip,2017,3,Minimum,1,120,B11
Sandwip,2017,4,Minimum,1,180,B11
Sandwip,2017,5,Minimum,1,170,B11
Sandwip,2017,6,Minimum,1,200,B11
Sandwip,2017,7,Minimum,1,240,B11
Sandwip,2017,8,Minimum,1,170,B11
Sandwip,2017,9,Minimum,1,180,B11
Sandwip,2017,10,Minimum,1,140,B11
Sandwip,2017,11,Minimum,1,360,B11
Sandwip,2017,12,Minimum,1,40,B11
Sandwip,2018,1,Minimum,1,360,B11
Sandwip,2018,2,Minimum,1,20,B11
Sandwip,2018,3,Minimum,1,220,B11
Sandwip,2018,4,Minimum,1,100,B11
Sandwip,2018,5,Minimum,1,160,B11
Sandwip,2018,6,Minimum,1,180,B11
Sandwip,2018,7,Minimum,1,200,B11
Sandwip,2018,8,Minimum,1,170,B11
Sandwip,2018,9,Minimum,1,180,B11
Sandwip,2018,10,Minimum,1,170,B11
Sandwip,2018,11,Minimum,1,90,B11
Sandwip,2018,12,Minimum,1,340,B11
Sandwip,2019,1,Minimum,1,340,B11
Sandwip,2019,2,Minimum,1,360,B11
Sandwip,2019,3,Minimum,1,360,B11
Sandwip,2019,4,Minimum,1,170,B11
Sandwip,2019,5,Minimum,1,180,B11
Sandwip,2019,6,Minimum,1,200,B11
Sandwip,2019,7,Minimum,1,180,B11
Sandwip,2019,8,Minimum,1,180,B11
Sandwip,2019,9,Minimum,1,130,B11
Sandwip,2019,10,Minimum,1,170,B11
Sandwip,2019,11,Minimum,1,230,B11
Sandwip,2019,12,Minimum,1,360,B11
Sandwip,2020,1,Minimum,1,360,B11
Sandwip,2020,2,Minimum,1,360,B11
Sandwip,2020,3,Minimum,1,360,B11
Sandwip,2020,4,Minimum,1,150,B11
Sandwip,2020,5,Minimum,1,180,B11
Sandwip,2020,6,Minimum,1,180,B11
Sandwip,2020,7,Minimum,1,180,B11
Sandwip,2020,8,Minimum,1,140,B11
Sandwip,2020,9,Minimum,1,180,B11
Sandwip,2020,10,Minimum,1,170,B11
Sandwip,2020,11,Minimum,1,180,B11
Sandwip,2020,12,Minimum,1,360,B11
Sandwip,2021,1,Minimum,1,360,B11
Sandwip,2021,2,Minimum,1,360,B11
Sandwip,2021,3,Minimum,1,40,B11
Sandwip,2021,4,Minimum,1,180,B11
Sandwip,2021,5,Minimum,1,180,B11
Sandwip,2021,6,Minimum,1,170,B11
Sandwip,2021,7,Minimum,1,180,B11
Sandwip,2021,8,Minimum,1,180,B11
Sandwip,2021,9,Minimum,1,140,B11
Sandwip,2021,10,Minimum,1,320,B11
Sandwip,2021,11,Minimum,1,180,B11
Sandwip,2021,12,Minimum,1,360,B11
Sandwip,2022,1,Minimum,1,360,B11
Sandwip,2022,2,Minimum,1,90,B11
Sandwip,2022,3,Minimum,1,180,B11
Sandwip,2022,4,Minimum,1,180,B11
Sandwip,2022,5,Minimum,1,180,B11
Sandwip,2022,6,Minimum,1,180,B11
Sandwip,2022,7,Minimum,1,140,B11
Sandwip,2022,8,Minimum,1,140,B11
Sandwip,2022,9,Minimum,1,180,B11
Sandwip,2022,10,Minimum,1,140,B11
Sandwip,2022,11,Minimum,1,50,B11
Sandwip,2022,12,Minimum,1,360,B11
Sandwip,2023,1,Minimum,1,30,B11
Sandwip,2023,2,Minimum,1,320,B11
Sandwip,2023,3,Minimum,1,140,B11
Sandwip,2023,4,Minimum,1,50,B11
Sandwip,2023,5,Minimum,1,140,B11
Sandwip,2023,6,Minimum,1,40,B11
Sandwip,2023,7,Minimum,1,160,B11
Sandwip,2023,8,Minimum,1,140,B11
Sandwip,2023,9,Minimum,1,130,B11
Sandwip,2023,10,Minimum,1,230,B11
Sandwip,2023,11,Minimum,1,50,B11
Sandwip,2023,12,Minimum,1,360,B11
Sandwip,2024,1,Minimum,1,340,B11
Sandwip,2024,2,Minimum,1,360,B11
Sandwip,2024,3,Minimum,1,230,B11
Sandwip,2024,4,Minimum,1,180,B11
Sandwip,2024,5,Minimum,1,120,B11
Sandwip,2024,6,Minimum,1,170,B11
Sandwip,2024,7,Minimum,1,180,B11
Chittagong,2015,1,Minimum,2,270,B11
Chittagong,2015,2,Minimum,2,20,B11
Chittagong,2015,3,Minimum,2,120,B11
Chittagong,2015,4,Minimum,2,120,B11
Chittagong,2015,5,Minimum,2,150,B11
Chittagong,2015,6,Minimum,2,150,B11
Chittagong,2015,7,Minimum,2,200,B11
Chittagong,2015,8,Minimum,2,140,B11
Chittagong,2015,9,Minimum,2,170,B11
Chittagong,2015,10,Minimum,2,330,B11
Chittagong,2015,11,Minimum,2,30,B11
Chittagong,2015,12,Minimum,3,70,B11
Chittagong,2016,1,Minimum,2,150,B11
Chittagong,2016,2,Minimum,2,150,B11
Chittagong,2016,3,Minimum,2,60,B11
Chittagong,2016,4,Minimum,1,180,B11
Chittagong,2016,5,Minimum,2,160,B11
Chittagong,2016,6,Minimum,2,150,B11
Chittagong,2016,7,Minimum,2,240,B11
Chittagong,2016,8,Minimum,2,60,B11
Chittagong,2016,9,Minimum,2,150,B11
Chittagong,2016,10,Minimum,2,150,B11
Chittagong,2016,11,Minimum,2,60,B11
Chittagong,2016,12,Minimum,2,30,B11
Chittagong,2017,1,Minimum,2,250,B11
Chittagong,2017,2,Minimum,2,60,B11
Chittagong,2017,3,Minimum,3,60,B11
Chittagong,2017,4,Minimum,2,150,B11
Chittagong,2017,5,Minimum,2,30,B11
Chittagong,2017,6,Minimum,2,160,B11
Chittagong,2017,7,Minimum,2,150,B11
Chittagong,2017,8,Minimum,2,120,B11
Chittagong,2017,9,Minimum,2,350,B11
Chittagong,2017,10,Minimum,2,20,B11
Chittagong,2017,11,Minimum,2,60,B11
Chittagong,2017,12,Minimum,2,30,B11
Chittagong,2018,1,Minimum,1,30,B11
Chittagong,2018,2,Minimum,1,360,B11
Chittagong,2018,3,Minimum,2,230,B11
Chittagong,2018,4,Minimum,2,290,B11
Chittagong,2018,5,Minimum,2,120,B11
Chittagong,2018,6,Minimum,2,120,B11
Chittagong,2018,7,Minimum,2,160,B11
Chittagong,2018,8,Minimum,3,180,B11
Chittagong,2018,9,Minimum,2,300,B11
Chittagong,2018,10,Minimum,2,60,B11
Chittagong,2018,11,Minimum,2,110,B11
Chittagong,2018,12,Minimum,2,60,B11
Chittagong,2019,1,Minimum,2,330,B11
Chittagong,2019,2,Minimum,2,190,B11
Chittagong,2019,3,Minimum,2,60,B11
Chittagong,2019,4,Minimum,2,330,B11
Chittagong,2019,5,Minimum,2,250,B11
Chittagong,2019,6,Minimum,2,160,B11
Chittagong,2019,7,Minimum,2,150,B11
Chittagong,2019,8,Minimum,2,250,B11
Chittagong,2019,9,Minimum,2,270,B11
Chittagong,2019,10,Minimum,2,150,B11
Chittagong,2019,11,Minimum,2,50,B11
Chittagong,2019,12,Minimum,2,20,B11
Chittagong,2020,1,Minimum,2,20,B11
Chittagong,2020,2,Minimum,2,350,B11
Chittagong,2020,3,Minimum,2,30,B11
Chittagong,2020,4,Minimum,2,250,B11
Chittagong,2020,5,Minimum,2,90,B11
Chittagong,2020,6,Minimum,2,120,B11
Chittagong,2020,7,Minimum,2,170,B11
Chittagong,2020,8,Minimum,2,100,B11
Chittagong,2020,9,Minimum,2,80,B11
Chittagong,2020,10,Minimum,2,90,B11
Chittagong,2020,11,Minimum,2,30,B11
Chittagong,2020,12,Minimum,1,330,B11
Chittagong,2021,1,Minimum,3,20,B11
Chittagong,2021,2,Minimum,2,10,B11
Chittagong,2021,3,Minimum,2,200,B11
Chittagong,2021,4,Minimum,2,350,B11
Chittagong,2021,5,Minimum,2,180,B11
Chittagong,2021,6,Minimum,2,150,B11
Chittagong,2021,7,Minimum,2,180,B11
Chittagong,2021,8,Minimum,2,190,B11
Chittagong,2021,9,Minimum,2,270,B11
Chittagong,2021,10,Minimum,2,240,B11
Chittagong,2021,11,Minimum,2,20,B11
Chittagong,2021,12,Minimum,2,330,B11
Chittagong,2022,1,Minimum,3,360,B11
Chittagong,2022,2,Minimum,2,30,B11
Chittagong,2022,3,Minimum,3,30,B11
Chittagong,2022,4,Minimum,3,120,B11
Chittagong,2022,5,Minimum,3,230,B11
Chittagong,2022,6,Minimum,2,120,B11
Chittagong,2022,7,Minimum,3,160,B11
Chittagong,2022,8,Minimum,3,100,B11
Chittagong,2022,9,Minimum,2,150,B11
Chittagong,2022,10,Minimum,3,70,B11
Chittagong,2022,11,Minimum,2,70,B11
Chittagong,2022,12,Minimum,2,260,B11
Chittagong,2023,1,Minimum,2,80,B11
Chittagong,2023,2,Minimum,2,90,B11
Chittagong,2023,3,Minimum,3,50,B11
Chittagong,2023,4,Minimum,2,250,B11
Chittagong,2023,5,Minimum,2,20,B11
Chittagong,2023,6,Minimum,3,150,B11
Chittagong,2023,7,Minimum,3,90,B11
Chittagong,2023,8,Minimum,1,180,B11
Chittagong,2023,9,Minimum,2,60,B11
Chittagong,2023,10,Minimum,2,100,B11
Chittagong,2023,11,Minimum,2,30,B11
Chittagong,2023,12,Minimum,2,100,B11
Chittagong,2024,1,Minimum,2,230,B11
Chittagong,2024,2,Minimum,2,350,B11
Chittagong,2024,3,Minimum,2,360,B11
Chittagong,2024,4,Minimum,2,360,B11
Chittagong,2024,5,Minimum,2,80,B11
Chittagong,2024,6,Minimum,2,100,B11
Kutubdia,2015,1,Minimum,1,130,B11
Kutubdia,2015,2,Minimum,1,140,B11
Kutubdia,2015,3,Minimum,1,50,B11
Kutubdia,2015,4,Minimum,1,140,B11
Kutubdia,2015,5,Minimum,1,130,B11
Kutubdia,2015,6,Minimum,1,320,B11
Kutubdia,2015,7,Minimum,1,180,B11
Kutubdia,2015,8,Minimum,1,140,B11
Kutubdia,2015,9,Minimum,1,180,B11
Kutubdia,2015,10,Minimum,1,140,B11
Kutubdia,2015,11,Minimum,1,130,B11
Kutubdia,2015,12,Minimum,1,140,B11
Kutubdia,2016,1,Minimum,1,320,B11
Kutubdia,2016,2,Minimum,1,310,B11
Kutubdia,2016,3,Minimum,1,130,B11
Kutubdia,2016,4,Minimum,1,140,B11
Kutubdia,2016,5,Minimum,1,180,B11
Kutubdia,2016,6,Minimum,1,140,B11
Kutubdia,2016,7,Minimum,1,140,B11
Kutubdia,2016,8,Minimum,1,140,B11
Kutubdia,2016,9,Minimum,1,130,B11
Kutubdia,2016,10,Minimum,1,320,B11
Kutubdia,2016,11,Minimum,1,140,B11
Kutubdia,2016,12,Minimum,1,320,B11
Kutubdia,2017,1,Minimum,1,50,B11
Kutubdia,2017,2,Minimum,1,130,B11
Kutubdia,2017,3,Minimum,1,130,B11
Kutubdia,2017,4,Minimum,1,140,B11
Kutubdia,2017,5,Minimum,1,140,B11
Kutubdia,2017,6,Minimum,2,130,B11
Kutubdia,2017,7,Minimum,1,210,B11
Kutubdia,2017,8,Minimum,2,220,B11
Kutubdia,2017,9,Minimum,1,170,B11
Kutubdia,2017,10,Minimum,1,140,B11
Kutubdia,2017,11,Minimum,1,320,B11
Kutubdia,2017,12,Minimum,1,310,B11
Kutubdia,2018,1,Minimum,1,310,B11
Kutubdia,2018,2,Minimum,1,50,B11
Kutubdia,2018,3,Minimum,1,140,B11
Kutubdia,2018,4,Minimum,1,140,B11
Kutubdia,2018,5,Minimum,1,210,B11
Kutubdia,2018,6,Minimum,1,140,B11
Kutubdia,2018,7,Minimum,1,180,B11
Kutubdia,2018,8,Minimum,1,170,B11
Kutubdia,2018,9,Minimum,1,130,B11
Kutubdia,2018,10,Minimum,1,180,B11
Kutubdia,2018,11,Minimum,1,180,B11
Kutubdia,2018,12,Minimum,1,320,B11
Kutubdia,2019,1,Minimum,1,50,B11
Kutubdia,2019,2,Minimum,1,50,B11
Kutubdia,2019,3,Minimum,1,310,B11
Kutubdia,2019,4,Minimum,1,310,B11
Kutubdia,2019,5,Minimum,1,180,B11
Kutubdia,2019,6,Minimum,1,210,B11
Kutubdia,2019,7,Minimum,2,210,B11
Kutubdia,2019,8,Minimum,1,180,B11
Kutubdia,2019,9,Minimum,1,180,B11
Kutubdia,2019,10,Minimum,1,140,B11
Kutubdia,2019,11,Minimum,1,170,B11
Kutubdia,2019,12,Minimum,1,170,B11
Kutubdia,2020,1,Minimum,1,310,B11
Kutubdia,2020,2,Minimum,1,310,B11
Kutubdia,2020,3,Minimum,1,310,B11
Kutubdia,2020,4,Minimum,1,310,B11
Kutubdia,2020,5,Minimum,1,180,B11
Kutubdia,2020,6,Minimum,2,130,B11
Kutubdia,2020,7,Minimum,1,320,B11
Kutubdia,2020,8,Minimum,1,130,B11
Kutubdia,2020,9,Minimum,1,180,B11
Kutubdia,2020,10,Minimum,1,140,B11
Kutubdia,2020,11,Minimum,1,320,B11
Kutubdia,2020,12,Minimum,1,310,B11
Kutubdia,2021,1,Minimum,1,340,B11
Kutubdia,2021,2,Minimum,1,310,B11
Kutubdia,2021,3,Minimum,1,140,B11
Kutubdia,2021,4,Minimum,1,120,B11
Kutubdia,2021,5,Minimum,1,130,B11
Kutubdia,2021,6,Minimum,2,180,B11
Kutubdia,2021,7,Minimum,1,130,B11
Kutubdia,2021,8,Minimum,1,140,B11
Kutubdia,2021,9,Minimum,1,140,B11
Kutubdia,2021,10,Minimum,1,140,B11
Kutubdia,2021,11,Minimum,1,130,B11
Kutubdia,2021,12,Minimum,1,310,B11
Kutubdia,2022,1,Minimum,1,310,B11
Kutubdia,2022,2,Minimum,1,310,B11
Kutubdia,2022,3,Minimum,1,180,B11
Kutubdia,2022,4,Minimum,1,140,B11
Kutubdia,2022,5,Minimum,1,130,B11
Kutubdia,2022,6,Minimum,2,140,B11
Kutubdia,2022,7,Minimum,1,130,B11
Kutubdia,2022,8,Minimum,1,130,B11
Kutubdia,2022,9,Minimum,2,130,B11
Kutubdia,2022,10,Minimum,1,310,B11
Kutubdia,2022,11,Minimum,1,310,B11
Kutubdia,2022,12,Minimum,1,320,B11
Kutubdia,2023,1,Minimum,1,310,B11
Kutubdia,2023,2,Minimum,1,310,B11
Kutubdia,2023,3,Minimum,2,310,B11
Kutubdia,2023,4,Minimum,2,320,B11
Kutubdia,2023,5,Minimum,1,130,B11
Kutubdia,2023,6,Minimum,1,140,B11
Kutubdia,2023,7,Minimum,1,180,B11
Kutubdia,2023,8,Minimum,1,130,B11
Kutubdia,2023,9,Minimum,1,140,B11
Kutubdia,2023,10,Minimum,1,320,B11
Kutubdia,2023,11,Minimum,1,320,B11
Kutubdia,2023,12,Minimum,2,320,B11
Kutubdia,2024,1,Minimum,1,320,B11
Kutubdia,2024,2,Minimum,2,310,B11
Kutubdia,2024,3,Minimum,1,310,B11
Kutubdia,2024,4,Minimum,2,130,B11
Kutubdia,2024,5,Minimum,2,140,B11
Kutubdia,2024,6,Minimum,2,180,B11
Cox's Bazar,2015,1,Minimum,2,330,B11
Cox's Bazar,2015,2,Minimum,2,330,B11
Cox's Bazar,2015,3,Minimum,2,360,B11
Cox's Bazar,2015,4,Minimum,2,180,B11
Cox's Bazar,2015,5,Minimum,2,180,B11
Cox's Bazar,2015,6,Minimum,2,120,B11
Cox's Bazar,2015,7,Minimum,2,120,B11
Cox's Bazar,2015,8,Minimum,1,180,B11
Cox's Bazar,2015,9,Minimum,2,120,B11
Cox's Bazar,2015,10,Minimum,2,150,B11
Cox's Bazar,2015,11,Minimum,2,10,B11
Cox's Bazar,2015,12,Minimum,2,30,B11
Cox's Bazar,2016,1,Minimum,2,360,B11
Cox's Bazar,2016,2,Minimum,2,360,B11
Cox's Bazar,2016,3,Minimum,2,30,B11
Cox's Bazar,2016,4,Minimum,2,150,B11
Cox's Bazar,2016,5,Minimum,2,160,B11
Cox's Bazar,2016,6,Minimum,2,150,B11
Cox's Bazar,2016,7,Minimum,2,120,B11
Cox's Bazar,2016,8,Minimum,2,150,B11
Cox's Bazar,2016,9,Minimum,2,120,B11
Cox's Bazar,2016,10,Minimum,2,210,B11
Cox's Bazar,2016,11,Minimum,2,30,B11
Cox's Bazar,2016,12,Minimum,2,360,B11
Cox's Bazar,2017,1,Minimum,2,360,B11
Cox's Bazar,2017,2,Minimum,2,30,B11
Cox's Bazar,2017,3,Minimum,2,180,B11
Cox's Bazar,2017,4,Minimum,2,150,B11
Cox's Bazar,2017,5,Minimum,2,160,B11
Cox's Bazar,2017,6,Minimum,2,120,B11
Cox's Bazar,2017,7,Minimum,2,150,B11
Cox's Bazar,2017,8,Minimum,2,150,B11
Cox's Bazar,2017,9,Minimum,2,150,B11
Cox's Bazar,2017,10,Minimum,2,180,B11
Cox's Bazar,2017,11,Minimum,2,360,B11
Cox's Bazar,2017,12,Minimum,2,30,B11
Cox's Bazar,2018,1,Minimum,2,360,B11
Cox's Bazar,2018,2,Minimum,2,360,B11
Cox's Bazar,2018,3,Minimum,2,360,B11
Cox's Bazar,2018,4,Minimum,2,120,B11
Cox's Bazar,2018,5,Minimum,2,150,B11
Cox's Bazar,2018,6,Minimum,2,150,B11
Cox's Bazar,2018,7,Minimum,2,180,B11
Cox's Bazar,2018,8,Minimum,2,150,B11
Cox's Bazar,2018,9,Minimum,2,180,B11
Cox's Bazar,2018,10,Minimum,2,180,B11
Cox's Bazar,2018,11,Minimum,2,30,B11
Cox's Bazar,2018,12,Minimum,2,360,B11
Cox's Bazar,2019,1,Minimum,2,30,B11
Cox's Bazar,2019,2,Minimum,2,360,B11
Cox's Bazar,2019,3,Minimum,2,360,B11
Cox's Bazar,2019,4,Minimum,2,360,B11
Cox's Bazar,2019,5,Minimum,2,210,B11
Cox's Bazar,2019,6,Minimum,2,180,B11
Cox's Bazar,2019,7,Minimum,2,180,B11
Cox's Bazar,2019,8,Minimum,2,120,B11
Cox's Bazar,2019,9,Minimum,2,120,B11
Cox's Bazar,2019,10,Minimum,2,210,B11
Cox's Bazar,2019,11,Minimum,2,360,B11
Cox's Bazar,2019,12,Minimum,2,360,B11
Cox's Bazar,2020,1,Minimum,2,360,B11
Cox's Bazar,2020,2,Minimum,2,360,B11
Cox's Bazar,2020,3,Minimum,2,360,B11
Cox's Bazar,2020,4,Minimum,2,120,B11
Cox's Bazar,2020,5,Minimum,2,180,B11
Cox's Bazar,2020,6,Minimum,2,90,B11
Cox's Bazar,2020,7,Minimum,2,150,B11
Cox's Bazar,2020,8,Minimum,2,120,B11
Cox's Bazar,2020,9,Minimum,2,120,B11
Cox's Bazar,2020,10,Minimum,2,360,B11
Cox's Bazar,2020,11,Minimum,2,360,B11
Cox's Bazar,2020,12,Minimum,2,360,B11
Cox's Bazar,2021,1,Minimum,2,360,B11
Cox's Bazar,2021,2,Minimum,2,360,B11
Cox's Bazar,2021,3,Minimum,2,210,B11
Cox's Bazar,2021,4,Minimum,2,10,B11
Cox's Bazar,2021,5,Minimum,2,180,B11
Cox's Bazar,2021,6,Minimum,2,180,B11
Cox's Bazar,2021,7,Minimum,2,180,B11
Cox's Bazar,2021,8,Minimum,2,30,B11
Cox's Bazar,2021,9,Minimum,2,150,B11
Cox's Bazar,2021,10,Minimum,2,330,B11
Cox's Bazar,2021,11,Minimum,2,360,B11
Cox's Bazar,2021,12,Minimum,2,360,B11
Cox's Bazar,2022,1,Minimum,2,360,B11
Cox's Bazar,2022,2,Minimum,2,330,B11
Cox's Bazar,2022,3,Minimum,2,360,B11
Cox's Bazar,2022,4,Minimum,2,150,B11
Cox's Bazar,2022,5,Minimum,2,150,B11
Cox's Bazar,2022,6,Minimum,2,30,B11
Cox's Bazar,2022,7,Minimum,2,150,B11
Cox's Bazar,2022,8,Minimum,1,150,B11
Cox's Bazar,2022,9,Minimum,2,90,B11
Cox's Bazar,2022,10,Minimum,2,150,B11
Cox's Bazar,2022,11,Minimum,2,30,B11
Cox's Bazar,2022,12,Minimum,2,360,B11
Cox's Bazar,2023,1,Minimum,2,360,B11
Cox's Bazar,2023,2,Minimum,2,30,B11
Cox's Bazar,2023,3,Minimum,2,120,B11
Cox's Bazar,2023,4,Minimum,2,210,B11
Cox's Bazar,2023,5,Minimum,2,330,B11
Cox's Bazar,2023,6,Minimum,2,30,B11
Cox's Bazar,2023,7,Minimum,2,150,B11
Cox's Bazar,2023,8,Minimum,2,150,B11
Cox's Bazar,2023,9,Minimum,3,330,B11
Cox's Bazar,2023,10,Minimum,2,150,B11
Cox's Bazar,2023,11,Minimum,2,30,B11
Cox's Bazar,2023,12,Minimum,2,300,B11
Cox's Bazar,2024,1,Minimum,2,330,B11
Cox's Bazar,2024,2,Minimum,2,30,B11
Cox's Bazar,2024,3,Minimum,2,360,B11
Cox's Bazar,2024,4,Minimum,2,150,B11
Cox's Bazar,2024,5,Minimum,2,90,B11
Cox's Bazar,2024,6,Minimum,2,90,B11
Teknaf,2015,1,Minimum,1,260,B11
Teknaf,2015,2,Minimum,1,20,B11
Teknaf,2015,3,Minimum,1,280,B11
Teknaf,2015,4,Minimum,1,90,B11
Teknaf,2015,5,Minimum,1,320,B11
Teknaf,2015,6,Minimum,1,180,B11
Teknaf,2015,7,Minimum,1,140,B11
Teknaf,2015,8,Minimum,1,180,B11
Teknaf,2015,9,Minimum,1,150,B11
Teknaf,2015,10,Minimum,1,40,B11
Teknaf,2015,11,Minimum,1,350,B11
Teknaf,2015,12,Minimum,1,10,B11
Teknaf,2016,1,Minimum,1,360,B11
Teknaf,2016,2,Minimum,1,290,B11
Teknaf,2016,3,Minimum,1,270,B11
Teknaf,2016,4,Minimum,1,230,B11
Teknaf,2016,5,Minimum,1,50,B11
Teknaf,2016,6,Minimum,1,140,B11
Teknaf,2016,7,Minimum,1,140,B11
Teknaf,2016,8,Minimum,1,190,B11
Teknaf,2016,9,Minimum,1,140,B11
Teknaf,2016,10,Minimum,1,360,B11
Teknaf,2016,11,Minimum,1,310,B11
Teknaf,2016,12,Minimum,1,40,B11
Teknaf,2017,1,Minimum,1,110,B11
Teknaf,2017,2,Minimum,1,50,B11
Teknaf,2017,3,Minimum,1,330,B11
Teknaf,2017,4,Minimum,1,140,B11
Teknaf,2017,5,Minimum,1,100,B11
Teknaf,2017,6,Minimum,1,140,B11
Teknaf,2017,7,Minimum,1,220,B11
Teknaf,2017,8,Minimum,1,320,B11
Teknaf,2017,9,Minimum,1,180,B11
Teknaf,2017,10,Minimum,1,120,B11
Teknaf,2017,11,Minimum,1,350,B11
Teknaf,2017,12,Minimum,1,170,B11
Teknaf,2018,1,Minimum,1,350,B11
Teknaf,2018,2,Minimum,1,140,B11
Teknaf,2018,3,Minimum,1,310,B11
Teknaf,2018,4,Minimum,1,140,B11
Teknaf,2018,5,Minimum,1,140,B11
Teknaf,2018,6,Minimum,1,220,B11
Teknaf,2018,7,Minimum,1,90,B11
Teknaf,2018,8,Minimum,1,140,B11
Teknaf,2018,9,Minimum,1,90,B11
Teknaf,2018,10,Minimum,1,170,B11
Teknaf,2018,11,Minimum,1,190,B11
Teknaf,2018,12,Minimum,1,80,B11
Teknaf,2019,1,Minimum,1,310,B11
Teknaf,2019,2,Minimum,1,80,B11
Teknaf,2019,3,Minimum,1,90,B11
Teknaf,2019,4,Minimum,1,310,B11
Teknaf,2019,5,Minimum,1,20,B11
Teknaf,2019,6,Minimum,1,20,B11
Teknaf,2019,7,Minimum,1,330,B11
Teknaf,2019,8,Minimum,1,230,B11
Teknaf,2019,9,Minimum,1,250,B11
Teknaf,2019,10,Minimum,1,250,B11
Teknaf,2019,11,Minimum,1,270,B11
Teknaf,2019,12,Minimum,1,50,B11
Teknaf,2020,1,Minimum,1,120,B11
Teknaf,2020,2,Minimum,1,220,B11
Teknaf,2020,3,Minimum,1,210,B11
Teknaf,2020,4,Minimum,2,200,B11
Teknaf,2020,5,Minimum,1,120,B11
Teknaf,2020,6,Minimum,1,180,B11
Teknaf,2020,7,Minimum,1,150,B11
Teknaf,2020,8,Minimum,1,200,B11
Teknaf,2020,9,Minimum,1,130,B11
Teknaf,2020,10,Minimum,1,210,B11
Teknaf,2020,11,Minimum,1,290,B11
Teknaf,2020,12,Minimum,1,220,B11
Teknaf,2021,1,Minimum,1,180,B11
Teknaf,2021,2,Minimum,1,190,B11
Teknaf,2021,3,Minimum,1,250,B11
Teknaf,2021,4,Minimum,1,190,B11
Teknaf,2021,5,Minimum,1,210,B11
Teknaf,2021,6,Minimum,1,150,B11
Teknaf,2021,7,Minimum,1,170,B11
Teknaf,2021,8,Minimum,1,250,B11
Teknaf,2021,9,Minimum,1,140,B11
Teknaf,2021,10,Minimum,1,190,B11
Teknaf,2021,11,Minimum,1,280,B11
Teknaf,2021,12,Minimum,1,210,B11
Teknaf,2022,1,Minimum,1,220,B11
Teknaf,2022,2,Minimum,1,220,B11
Teknaf,2022,3,Minimum,1,190,B11
Teknaf,2022,4,Minimum,1,270,B11
Teknaf,2022,5,Minimum,1,270,B11
Teknaf,2022,6,Minimum,1,160,B11
Teknaf,2022,7,Minimum,1,240,B11
Teknaf,2022,8,Minimum,1,210,B11
Teknaf,2022,9,Minimum,1,250,B11
Teknaf,2022,10,Minimum,1,210,B11
Teknaf,2022,11,Minimum,1,250,B11
Teknaf,2022,12,Minimum,1,300,B11
Teknaf,2023,1,Minimum,1,40,B11
Teknaf,2023,2,Minimum,2,320,B11
Teknaf,2023,3,Minimum,1,20,B11
Teknaf,2023,4,Minimum,1,120,B11
Teknaf,2023,5,Minimum,1,170,B11
Teknaf,2023,6,Minimum,1,230,B11
Teknaf,2023,7,Minimum,1,170,B11
Rangamati,2015,3,Minimum,1,200,B11
Rangamati,2015,4,Minimum,1,180,B11
Rangamati,2015,5,Minimum,1,90,B11
Rangamati,2015,6,Minimum,1,180,B11
Rangamati,2015,7,Minimum,1,180,B11
Rangamati,2015,8,Minimum,1,180,B11
Rangamati,2015,9,Minimum,1,210,B11
Rangamati,2015,10,Minimum,1,50,B11
Rangamati,2015,11,Minimum,1,300,B11
Rangamati,2015,12,Minimum,1,50,B11
Rangamati,2016,1,Minimum,1,310,B11
Rangamati,2016,2,Minimum,1,180,B11
Rangamati,2016,3,Minimum,1,50,B11
Rangamati,2016,4,Minimum,1,210,B11
Rangamati,2016,5,Minimum,1,200,B11
Rangamati,2016,6,Minimum,1,130,B11
Rangamati,2016,7,Minimum,1,130,B11
Rangamati,2016,8,Minimum,1,180,B11
Rangamati,2016,9,Minimum,1,180,B11
Rangamati,2016,10,Minimum,1,270,B11
Rangamati,2016,11,Minimum,1,310,B11
Rangamati,2016,12,Minimum,1,360,B11
Rangamati,2017,1,Minimum,1,330,B11
Rangamati,2017,2,Minimum,1,50,B11
Rangamati,2017,3,Minimum,1,130,B11
Rangamati,2017,4,Minimum,1,90,B11
Rangamati,2017,5,Minimum,1,130,B11
Rangamati,2017,6,Minimum,1,180,B11
Rangamati,2017,7,Minimum,1,160,B11
Rangamati,2017,8,Minimum,1,180,B11
Rangamati,2017,9,Minimum,1,200,B11
Rangamati,2017,10,Minimum,1,130,B11
Rangamati,2017,11,Minimum,1,220,B11
Rangamati,2017,12,Minimum,1,50,B11
Rangamati,2018,1,Minimum,1,50,B11
Rangamati,2018,2,Minimum,1,130,B11
Rangamati,2018,3,Minimum,1,180,B11
Rangamati,2018,4,Minimum,1,180,B11
Rangamati,2018,5,Minimum,1,90,B11
Rangamati,2018,6,Minimum,1,130,B11
Rangamati,2018,7,Minimum,1,180,B11
Rangamati,2018,8,Minimum,1,180,B11
Rangamati,2018,9,Minimum,1,130,B11
Rangamati,2018,10,Minimum,1,90,B11
Rangamati,2018,11,Minimum,1,50,B11
Rangamati,2018,12,Minimum,1,360,B11
Rangamati,2019,1,Minimum,1,50,B11
Rangamati,2019,2,Minimum,1,90,B11
Rangamati,2019,3,Minimum,1,300,B11
Rangamati,2019,4,Minimum,1,180,B11
Rangamati,2019,5,Minimum,1,180,B11
Rangamati,2019,6,Minimum,1,210,B11
Rangamati,2019,7,Minimum,1,90,B11
Rangamati,2019,8,Minimum,1,90,B11
Rangamati,2019,9,Minimum,1,180,B11
Rangamati,2019,10,Minimum,1,130,B11
Rangamati,2019,11,Minimum,1,300,B11
Rangamati,2019,12,Minimum,1,300,B11
Rangamati,2020,1,Minimum,1,360,B11
Rangamati,2020,2,Minimum,1,270,B11
Rangamati,2020,3,Minimum,1,250,B11
Rangamati,2020,4,Minimum,1,310,B11
Rangamati,2020,5,Minimum,1,90,B11
Rangamati,2020,6,Minimum,1,160,B11
Rangamati,2020,7,Minimum,1,180,B11
Rangamati,2020,8,Minimum,1,120,B11
Rangamati,2020,9,Minimum,1,180,B11
Rangamati,2020,10,Minimum,1,120,B11
Rangamati,2020,11,Minimum,1,360,B11
Rangamati,2020,12,Minimum,1,360,B11
Rangamati,2021,1,Minimum,1,360,B11
Rangamati,2021,2,Minimum,1,310,B11
Rangamati,2021,3,Minimum,1,170,B11
Rangamati,2021,4,Minimum,1,90,B11
Rangamati,2021,5,Minimum,1,180,B11
Rangamati,2021,6,Minimum,1,150,B11
Rangamati,2021,7,Minimum,1,270,B11
Rangamati,2021,8,Minimum,1,90,B11
Rangamati,2021,9,Minimum,1,120,B11
Rangamati,2021,10,Minimum,1,90,B11
Rangamati,2021,11,Minimum,1,310,B11
Rangamati,2021,12,Minimum,1,50,B11
Rangamati,2022,1,Minimum,1,90,B11
Rangamati,2022,2,Minimum,1,90,B11
Rangamati,2022,3,Minimum,1,120,B11
Rangamati,2022,4,Minimum,1,90,B11
Rangamati,2022,5,Minimum,1,90,B11
Rangamati,2022,6,Minimum,1,90,B11
Rangamati,2022,7,Minimum,1,90,B11
Rangamati,2022,8,Minimum,1,120,B11
Rangamati,2022,9,Minimum,1,90,B11
Rangamati,2022,10,Minimum,1,50,B11
Rangamati,2022,11,Minimum,1,90,B11
Rangamati,2022,12,Minimum,1,90,B11
Rangamati,2023,1,Minimum,1,300,B11
Rangamati,2023,2,Minimum,1,50,B11
Rangamati,2023,3,Minimum,1,50,B11
Rangamati,2023,4,Minimum,1,90,B11
Rangamati,2023,5,Minimum,1,130,B11
Rangamati,2023,6,Minimum,1,90,B11
Rangamati,2023,7,Minimum,1,130,B11
Rangamati,2023,8,Minimum,1,90,B11
Rangamati,2023,9,Minimum,1,90,B11
Rangamati,2023,10,Minimum,1,180,B11
Rangamati,2023,11,Minimum,1,180,B11
Rangamati,2023,12,Minimum,1,130,B11
Rangamati,2024,1,Minimum,1,310,B11
Rangamati,2024,2,Minimum,1,90,B11
Rangamati,2024,3,Minimum,1,90,B11
Rangamati,2024,4,Minimum,1,180,B11
Rangamati,2024,5,Minimum,1,150,B11
Rangamati,2024,6,Minimum,1,180,B11
Patuakhali,2015,1,Minimum,1,170,B11
Patuakhali,2015,2,Minimum,1,360,B11
Patuakhali,2015,3,Minimum,1,180,B11
Patuakhali,2015,4,Minimum,1,170,B11
Patuakhali,2015,5,Minimum,1,150,B11
Patuakhali,2015,6,Minimum,1,150,B11
Patuakhali,2015,7,Minimum,1,150,B11
Patuakhali,2015,8,Minimum,1,150,B11
Patuakhali,2015,9,Minimum,1,270,B11
Patuakhali,2015,10,Minimum,1,360,B11
Patuakhali,2015,11,Minimum,1,150,B11
Patuakhali,2015,12,Minimum,1,50,B11
Patuakhali,2016,1,Minimum,1,90,B11
Patuakhali,2016,2,Minimum,1,270,B11
Patuakhali,2016,3,Minimum,1,270,B11
Patuakhali,2016,4,Minimum,1,160,B11
Patuakhali,2016,5,Minimum,1,150,B11
Patuakhali,2016,6,Minimum,1,250,B11
Patuakhali,2016,7,Minimum,1,160,B11
Patuakhali,2016,8,Minimum,1,90,B11
Patuakhali,2016,9,Minimum,1,150,B11
Patuakhali,2016,10,Minimum,1,360,B11
Patuakhali,2016,11,Minimum,1,330,B11
Patuakhali,2016,12,Minimum,1,340,B11
Patuakhali,2017,1,Minimum,1,360,B11
Patuakhali,2017,2,Minimum,1,360,B11
Patuakhali,2017,3,Minimum,1,270,B11
Patuakhali,2017,4,Minimum,1,160,B11
Patuakhali,2017,5,Minimum,1,150,B11
Patuakhali,2017,6,Minimum,1,230,B11
Patuakhali,2017,7,Minimum,1,250,B11
Patuakhali,2017,8,Minimum,1,150,B11
Patuakhali,2017,9,Minimum,1,180,B11
Patuakhali,2017,10,Minimum,1,360,B11
Patuakhali,2017,11,Minimum,1,330,B11
Patuakhali,2017,12,Minimum,1,360,B11
Patuakhali,2018,1,Minimum,1,270,B11
Patuakhali,2018,2,Minimum,1,270,B11
Patuakhali,2018,3,Minimum,1,180,B11
Patuakhali,2018,4,Minimum,1,340,B11
Patuakhali,2018,5,Minimum,1,250,B11
Patuakhali,2018,6,Minimum,1,180,B11
Patuakhali,2018,7,Minimum,1,180,B11
Patuakhali,2018,8,Minimum,1,150,B11
Patuakhali,2018,9,Minimum,1,180,B11
Patuakhali,2018,10,Minimum,1,180,B11
Patuakhali,2018,11,Minimum,1,270,B11
Patuakhali,2018,12,Minimum,1,360,B11
Patuakhali,2019,1,Minimum,1,360,B11
Patuakhali,2019,2,Minimum,1,270,B11
Patuakhali,2019,3,Minimum,1,180,B11
Patuakhali,2019,4,Minimum,1,180,B11
Patuakhali,2019,5,Minimum,1,160,B11
Patuakhali,2019,6,Minimum,1,180,B11
Patuakhali,2019,7,Minimum,1,180,B11
Patuakhali,2019,8,Minimum,1,180,B11
Patuakhali,2019,9,Minimum,1,180,B11
Patuakhali,2019,10,Minimum,1,180,B11
Patuakhali,2019,11,Minimum,1,270,B11
Patuakhali,2019,12,Minimum,1,270,B11
Patuakhali,2020,1,Minimum,1,360,B11
Patuakhali,2020,2,Minimum,1,270,B11
Patuakhali,2020,3,Minimum,1,180,B11
Patuakhali,2020,4,Minimum,1,180,B11
Patuakhali,2020,5,Minimum,1,250,B11
Patuakhali,2020,6,Minimum,1,150,B11
Patuakhali,2020,7,Minimum,1,150,B11
Patuakhali,2020,8,Minimum,1,150,B11
Patuakhali,2020,9,Minimum,1,180,B11
Patuakhali,2020,10,Minimum,1,250,B11
Patuakhali,2020,11,Minimum,1,320,B11
Patuakhali,2020,12,Minimum,1,360,B11
Patuakhali,2021,1,Minimum,1,360,B11
Patuakhali,2021,2,Minimum,1,360,B11
Patuakhali,2021,3,Minimum,1,280,B11
Patuakhali,2021,4,Minimum,1,180,B11
Patuakhali,2021,5,Minimum,1,180,B11
Patuakhali,2021,6,Minimum,1,270,B11
Patuakhali,2021,7,Minimum,1,180,B11
Patuakhali,2021,8,Minimum,1,220,B11
Patuakhali,2021,9,Minimum,1,180,B11
Patuakhali,2021,10,Minimum,1,150,B11
Patuakhali,2021,11,Minimum,1,320,B11
Patuakhali,2021,12,Minimum,1,150,B11
Patuakhali,2022,1,Minimum,1,360,B11
Patuakhali,2022,2,Minimum,1,30,B11
Patuakhali,2022,3,Minimum,1,320,B11
Patuakhali,2022,4,Minimum,1,180,B11
Patuakhali,2022,5,Minimum,1,300,B11
Patuakhali,2022,6,Minimum,1,120,B11
Patuakhali,2022,7,Minimum,1,180,B11
Patuakhali,2022,8,Minimum,1,270,B11
Patuakhali,2022,9,Minimum,1,360,B11
Patuakhali,2022,10,Minimum,1,180,B11
Patuakhali,2022,11,Minimum,1,300,B11
Patuakhali,2022,12,Minimum,1,310,B11
Patuakhali,2023,1,Minimum,1,360,B11
Patuakhali,2023,2,Minimum,1,300,B11
Patuakhali,2023,3,Minimum,1,270,B11
Patuakhali,2023,4,Minimum,1,170,B11
Patuakhali,2023,5,Minimum,1,50,B11
Patuakhali,2023,6,Minimum,1,160,B11
Patuakhali,2023,7,Minimum,1,160,B11
Patuakhali,2023,8,Minimum,1,180,B11
Patuakhali,2023,9,Minimum,1,90,B11
Patuakhali,2023,10,Minimum,1,360,B11
Patuakhali,2023,11,Minimum,1,330,B11
Patuakhali,2023,12,Minimum,1,320,B11
Patuakhali,2024,1,Minimum,1,360,B11
Patuakhali,2024,2,Minimum,1,180,B11
Patuakhali,2024,3,Minimum,1,180,B11
Patuakhali,2024,4,Minimum,1,220,B11
Patuakhali,2024,5,Minimum,1,180,B11
Khepupara,2015,1,Minimum,1,360,B11
Khepupara,2015,2,Minimum,1,360,B11
Khepupara,2015,3,Minimum,1,290,B11
Khepupara,2015,4,Minimum,1,230,B11
Khepupara,2015,5,Minimum,2,180,B11
Khepupara,2015,6,Minimum,1,230,B11
Khepupara,2015,7,Minimum,2,320,B11
Khepupara,2015,8,Minimum,2,180,B11
Khepupara,2015,9,Minimum,2,230,B11
Khepupara,2015,10,Minimum,2,310,B11
Khepupara,2015,11,Minimum,1,40,B11
Khepupara,2015,12,Minimum,1,360,B11
Khepupara,2016,1,Minimum,2,360,B11
Khepupara,2016,2,Minimum,2,230,B11
Khepupara,2016,3,Minimum,1,220,B11
Khepupara,2016,4,Minimum,1,130,B11
Khepupara,2016,5,Minimum,1,140,B11
Khepupara,2016,6,Minimum,1,230,B11
Khepupara,2016,7,Minimum,1,230,B11
Khepupara,2016,8,Minimum,1,140,B11
Khepupara,2016,9,Minimum,1,230,B11
Khepupara,2016,10,Minimum,1,130,B11
Khepupara,2016,11,Minimum,1,360,B11
Khepupara,2016,12,Minimum,1,360,B11
Khepupara,2017,1,Minimum,1,360,B11
Khepupara,2017,2,Minimum,1,180,B11
Khepupara,2017,3,Minimum,1,230,B11
Khepupara,2017,4,Minimum,1,230,B11
Khepupara,2017,5,Minimum,1,180,B11
Khepupara,2017,6,Minimum,1,150,B11
Khepupara,2017,7,Minimum,1,150,B11
Khepupara,2017,8,Minimum,1,180,B11
Khepupara,2017,9,Minimum,1,230,B11
Khepupara,2017,10,Minimum,1,180,B11
Khepupara,2017,11,Minimum,1,360,B11
Khepupara,2017,12,Minimum,1,290,B11
Khepupara,2018,1,Minimum,1,290,B11
Khepupara,2018,2,Minimum,1,270,B11
Khepupara,2018,3,Minimum,1,180,B11
Khepupara,2018,4,Minimum,1,130,B11
Khepupara,2018,5,Minimum,1,180,B11
Khepupara,2018,6,Minimum,1,360,B11
Khepupara,2018,7,Minimum,1,360,B11
Khepupara,2018,8,Minimum,1,130,B11
Khepupara,2018,9,Minimum,1,180,B11
Khepupara,2018,10,Minimum,1,290,B11
Khepupara,2018,11,Minimum,1,290,B11
Khepupara,2018,12,Minimum,1,360,B11
Khepupara,2019,1,Minimum,1,360,B11
Khepupara,2019,2,Minimum,1,90,B11
Khepupara,2019,3,Minimum,1,220,B11
Khepupara,2019,4,Minimum,1,180,B11
Khepupara,2019,5,Minimum,1,230,B11
Khepupara,2019,6,Minimum,1,230,B11
Khepupara,2019,7,Minimum,1,180,B11
Khepupara,2019,8,Minimum,1,90,B11
Khepupara,2019,9,Minimum,1,150,B11
Khepupara,2019,10,Minimum,1,180,B11
Khepupara,2019,11,Minimum,1,360,B11
Khepupara,2019,12,Minimum,1,360,B11
Khepupara,2020,1,Minimum,1,360,B11
Khepupara,2020,2,Minimum,1,290,B11
Khepupara,2020,3,Minimum,1,180,B11
Khepupara,2020,4,Minimum,1,230,B11
Khepupara,2020,5,Minimum,1,230,B11
Khepupara,2020,6,Minimum,1,220,B11
Khepupara,2020,7,Minimum,1,230,B11
Khepupara,2020,8,Minimum,1,90,B11
Khepupara,2020,9,Minimum,1,90,B11
Khepupara,2020,10,Minimum,1,270,B11
Khepupara,2020,11,Minimum,1,360,B11
Khepupara,2020,12,Minimum,1,360,B11
Khepupara,2021,1,Minimum,1,360,B11
Khepupara,2021,2,Minimum,1,180,B11
Khepupara,2021,3,Minimum,1,310,B11
Khepupara,2021,4,Minimum,1,180,B11
Khepupara,2021,5,Minimum,1,310,B11
Khepupara,2021,6,Minimum,1,180,B11
Khepupara,2021,7,Minimum,1,230,B11
Khepupara,2021,8,Minimum,1,130,B11
Khepupara,2021,9,Minimum,1,130,B11
Khepupara,2021,10,Minimum,1,310,B11
Khepupara,2021,11,Minimum,1,360,B11
Khepupara,2021,12,Minimum,1,360,B11
Khepupara,2022,1,Minimum,1,360,B11
Khepupara,2022,2,Minimum,1,20,B11
Khepupara,2022,3,Minimum,1,230,B11
Khepupara,2022,4,Minimum,1,230,B11
Khepupara,2022,5,Minimum,1,230,B11
Khepupara,2022,6,Minimum,1,230,B11
Khepupara,2022,7,Minimum,1,130,B11
Khepupara,2022,8,Minimum,1,220,B11
Khepupara,2022,9,Minimum,1,180,B11
Khepupara,2022,10,Minimum,1,360,B11
Khepupara,2022,11,Minimum,1,360,B11
Khepupara,2022,12,Minimum,1,360,B11
Khepupara,2023,1,Minimum,1,360,B11
Khepupara,2023,2,Minimum,1,290,B11
Khepupara,2023,3,Minimum,1,360,B11
Khepupara,2023,4,Minimum,1,180,B11
Khepupara,2023,5,Minimum,1,180,B11
Khepupara,2023,6,Minimum,1,230,B11
Khepupara,2023,7,Minimum,1,230,B11
Khepupara,2023,8,Minimum,1,230,B11
Khepupara,2023,9,Minimum,1,130,B11
Khepupara,2023,10,Minimum,1,360,B11
Khepupara,2023,11,Minimum,1,360,B11
Khepupara,2023,12,Minimum,1,360,B11
Khepupara,2024,1,Minimum,1,360,B11
Khepupara,2024,2,Minimum,1,180,B11
Khepupara,2024,3,Minimum,1,180,B11
Khepupara,2024,4,Minimum,1,220,B11
Khepupara,2024,5,Minimum,1,180,B11
Sayedpur,2015,1,Minimum,2,310,B11
Sayedpur,2015,2,Minimum,2,270,B11
Sayedpur,2015,3,Minimum,2,50,B11
Sayedpur,2015,4,Minimum,2,180,B11
Sayedpur,2015,5,Minimum,2,90,B11
Sayedpur,2015,6,Minimum,2,90,B11
Sayedpur,2015,7,Minimum,2,90,B11
Sayedpur,2015,8,Minimum,2,60,B11
Sayedpur,2015,9,Minimum,2,60,B11
Sayedpur,2015,10,Minimum,2,30,B11
Sayedpur,2015,11,Minimum,2,30,B11
Sayedpur,2015,12,Minimum,2,30,B11
Sayedpur,2016,1,Minimum,1,30,B11
Sayedpur,2016,2,Minimum,1,260,B11
Sayedpur,2016,3,Minimum,1,220,B11
Sayedpur,2016,4,Minimum,1,210,B11
Sayedpur,2016,5,Minimum,1,60,B11
Sayedpur,2016,6,Minimum,1,90,B11
Sayedpur,2016,7,Minimum,2,80,B11
Sayedpur,2016,8,Minimum,2,30,B11
Sayedpur,2016,9,Minimum,2,90,B11
Sayedpur,2016,10,Minimum,1,30,B11
Sayedpur,2016,11,Minimum,2,30,B11
Sayedpur,2016,12,Minimum,1,270,B11
Sayedpur,2017,1,Minimum,1,300,B11
Sayedpur,2017,2,Minimum,2,270,B11
Sayedpur,2017,3,Minimum,2,180,B11
Sayedpur,2017,4,Minimum,2,90,B11
Sayedpur,2017,5,Minimum,2,50,B11
Sayedpur,2017,6,Minimum,2,90,B11
Sayedpur,2017,7,Minimum,2,100,B11
Sayedpur,2017,8,Minimum,2,230,B11
Sayedpur,2017,9,Minimum,2,180,B11
Sayedpur,2017,10,Minimum,2,50,B11
Sayedpur,2017,11,Minimum,2,60,B11
Sayedpur,2017,12,Minimum,1,50,B11
Sayedpur,2018,1,Minimum,2,310,B11
Sayedpur,2018,2,Minimum,2,270,B11
Sayedpur,2018,3,Minimum,2,60,B11
Sayedpur,2018,4,Minimum,2,90,B11
Sayedpur,2018,5,Minimum,2,50,B11
Sayedpur,2018,6,Minimum,2,60,B11
Sayedpur,2018,7,Minimum,2,90,B11
Sayedpur,2018,8,Minimum,2,90,B11
Sayedpur,2018,9,Minimum,2,90,B11
Sayedpur,2018,10,Minimum,2,180,B11
Sayedpur,2018,11,Minimum,2,30,B11
Sayedpur,2018,12,Minimum,2,50,B11
Sayedpur,2019,1,Minimum,1,30,B11
Sayedpur,2019,2,Minimum,2,270,B11
Sayedpur,2019,3,Minimum,2,270,B11
Sayedpur,2019,4,Minimum,2,50,B11
Sayedpur,2019,5,Minimum,2,360,B11
Sayedpur,2019,6,Minimum,2,180,B11
Sayedpur,2019,7,Minimum,2,180,B11
Sayedpur,2019,8,Minimum,2,180,B11
Sayedpur,2019,9,Minimum,2,90,B11
Sayedpur,2019,10,Minimum,2,270,B11
Sayedpur,2019,11,Minimum,2,50,B11
Sayedpur,2019,12,Minimum,2,120,B11
Sayedpur,2020,1,Minimum,2,360,B11
Sayedpur,2020,2,Minimum,2,360,B11
Sayedpur,2020,3,Minimum,2,270,B11
Sayedpur,2020,4,Minimum,2,30,B11
Sayedpur,2020,5,Minimum,2,360,B11
Sayedpur,2020,6,Minimum,2,90,B11
Sayedpur,2020,7,Minimum,2,180,B11
Sayedpur,2020,8,Minimum,2,90,B11
Sayedpur,2020,9,Minimum,2,270,B11
Sayedpur,2020,10,Minimum,2,360,B11
Sayedpur,2020,11,Minimum,2,360,B11
Sayedpur,2020,12,Minimum,2,250,B11
Sayedpur,2021,1,Minimum,3,50,B11
Sayedpur,2021,2,Minimum,2,270,B11
Sayedpur,2021,3,Minimum,4,90,B11
Sayedpur,2021,4,Minimum,2,90,B11
Sayedpur,2021,5,Minimum,1,20,B11
Sayedpur,2021,6,Minimum,2,90,B11
Sayedpur,2021,7,Minimum,2,90,B11
Sayedpur,2021,8,Minimum,4,310,B11
Sayedpur,2021,9,Minimum,2,50,B11
Sayedpur,2021,10,Minimum,2,90,B11
Sayedpur,2021,11,Minimum,4,270,B11
Sayedpur,2021,12,Minimum,2,60,B11
Sayedpur,2022,1,Minimum,4,360,B11
Sayedpur,2022,2,Minimum,3,60,B11
Sayedpur,2022,3,Minimum,3,270,B11
Sayedpur,2022,4,Minimum,2,30,B11
Sayedpur,2022,5,Minimum,4,50,B11
Sayedpur,2022,6,Minimum,2,30,B11
Sayedpur,2022,7,Minimum,2,90,B11
Sayedpur,2022,8,Minimum,2,360,B11
Sayedpur,2022,9,Minimum,4,50,B11
Sayedpur,2022,10,Minimum,2,310,B11
Sayedpur,2022,11,Minimum,4,360,B11
Sayedpur,2022,12,Minimum,2,270,B11
Sayedpur,2023,1,Minimum,4,210,B11
Sayedpur,2023,2,Minimum,4,240,B11
Sayedpur,2023,3,Minimum,3,360,B11
Sayedpur,2023,4,Minimum,3,50,B11
Sayedpur,2023,5,Minimum,4,90,B11
Sayedpur,2023,6,Minimum,2,90,B11
Sayedpur,2023,7,Minimum,2,90,B11
Sayedpur,2023,8,Minimum,2,30,B11
Sayedpur,2023,9,Minimum,2,90,B11
Sayedpur,2023,10,Minimum,2,210,B11
Sayedpur,2023,11,Minimum,1,150,B11
Sayedpur,2023,12,Minimum,1,260,B11
Sayedpur,2024,1,Minimum,1,180,B11
Sayedpur,2024,2,Minimum,2,180,B11
Sayedpur,2024,3,Minimum,2,60,B11
Sayedpur,2024,4,Minimum,2,210,B11
Sayedpur,2024,5,Minimum,2,150,B11
Sayedpur,2024,6,Minimum,2,90,B11
Tangail,2015,1,Minimum,1,320,B11
Tangail,2015,2,Minimum,1,360,B11
Tangail,2015,3,Minimum,1,50,B11
Tangail,2015,4,Minimum,1,130,B11
Tangail,2015,5,Minimum,1,90,B11
Tangail,2015,6,Minimum,1,180,B11
Tangail,2015,7,Minimum,1,90,B11
Tangail,2015,8,Minimum,1,130,B11
Tangail,2015,9,Minimum,1,130,B11
Tangail,2015,10,Minimum,1,170,B11
Tangail,2015,11,Minimum,1,200,B11
Tangail,2015,12,Minimum,1,170,B11
Tangail,2016,1,Minimum,1,320,B11
Tangail,2016,2,Minimum,1,170,B11
Tangail,2016,3,Minimum,1,170,B11
Tangail,2016,4,Minimum,1,190,B11
Tangail,2016,5,Minimum,1,130,B11
Tangail,2016,6,Minimum,1,180,B11
Tangail,2016,7,Minimum,1,160,B11
Tangail,2016,8,Minimum,1,90,B11
Tangail,2016,9,Minimum,1,90,B11
Tangail,2016,10,Minimum,1,270,B11
Tangail,2016,11,Minimum,1,180,B11
Tangail,2016,12,Minimum,1,320,B11
Tangail,2017,1,Minimum,1,130,B11
Tangail,2017,2,Minimum,1,320,B11
Tangail,2017,3,Minimum,1,310,B11
Tangail,2017,4,Minimum,1,90,B11
Tangail,2017,5,Minimum,1,90,B11
Tangail,2017,6,Minimum,1,90,B11
Tangail,2017,7,Minimum,1,110,B11
Tangail,2017,8,Minimum,1,130,B11
Tangail,2017,9,Minimum,1,90,B11
Tangail,2017,10,Minimum,1,180,B11
Tangail,2017,11,Minimum,1,320,B11
Tangail,2017,12,Minimum,1,140,B11
Tangail,2018,1,Minimum,1,310,B11
Tangail,2018,2,Minimum,1,130,B11
Tangail,2018,3,Minimum,1,180,B11
Tangail,2018,4,Minimum,1,310,B11
Tangail,2018,5,Minimum,1,130,B11
Tangail,2018,6,Minimum,1,130,B11
Tangail,2018,7,Minimum,1,130,B11
Tangail,2018,8,Minimum,1,180,B11
Tangail,2018,9,Minimum,1,90,B11
Tangail,2018,10,Minimum,1,130,B11
Tangail,2018,11,Minimum,1,130,B11
Tangail,2018,12,Minimum,1,320,B11
Tangail,2019,1,Minimum,1,320,B11
Tangail,2019,2,Minimum,1,130,B11
Tangail,2019,3,Minimum,1,130,B11
Tangail,2019,4,Minimum,1,130,B11
Tangail,2019,5,Minimum,1,130,B11
Tangail,2019,6,Minimum,1,130,B11
Tangail,2019,7,Minimum,1,130,B11
Tangail,2019,8,Minimum,1,90,B11
Tangail,2019,9,Minimum,1,130,B11
Tangail,2019,10,Minimum,1,220,B11
Tangail,2019,11,Minimum,1,180,B11
Tangail,2019,12,Minimum,1,320,B11
Tangail,2020,1,Minimum,1,310,B11
Tangail,2020,2,Minimum,1,130,B11
Tangail,2020,3,Minimum,1,180,B11
Tangail,2020,4,Minimum,1,140,B11
Tangail,2020,5,Minimum,1,130,B11
Tangail,2020,6,Minimum,1,130,B11
Tangail,2020,7,Minimum,1,130,B11
Tangail,2020,8,Minimum,1,130,B11
Tangail,2020,9,Minimum,1,130,B11
Tangail,2020,10,Minimum,1,130,B11
Tangail,2020,11,Minimum,1,220,B11
Tangail,2020,12,Minimum,1,360,B11
Tangail,2021,1,Minimum,1,310,B11
Tangail,2021,2,Minimum,1,140,B11
Tangail,2021,3,Minimum,1,130,B11
Tangail,2021,4,Minimum,1,180,B11
Tangail,2021,5,Minimum,1,130,B11
Tangail,2021,6,Minimum,1,180,B11
Tangail,2021,7,Minimum,1,90,B11
Tangail,2021,8,Minimum,1,90,B11
Tangail,2021,9,Minimum,1,130,B11
Tangail,2021,10,Minimum,1,130,B11
Tangail,2021,11,Minimum,1,230,B11
Tangail,2021,12,Minimum,1,50,B11
Tangail,2022,1,Minimum,1,360,B11
Tangail,2022,2,Minimum,1,90,B11
Tangail,2022,3,Minimum,1,130,B11
Tangail,2022,4,Minimum,1,130,B11
Tangail,2022,5,Minimum,1,90,B11
Tangail,2022,6,Minimum,1,130,B11
Tangail,2022,7,Minimum,1,130,B11
Tangail,2022,8,Minimum,1,90,B11
Tangail,2022,9,Minimum,1,180,B11
Tangail,2022,10,Minimum,1,130,B11
Tangail,2022,11,Minimum,1,280,B11
Tangail,2022,12,Minimum,1,320,B11
Tangail,2023,1,Minimum,1,360,B11
Tangail,2023,2,Minimum,1,180,B11
Tangail,2023,3,Minimum,1,140,B11
Tangail,2023,4,Minimum,1,90,B11
Tangail,2023,5,Minimum,1,180,B11
Tangail,2023,6,Minimum,1,180,B11
Tangail,2023,7,Minimum,1,130,B11
Tangail,2023,8,Minimum,1,130,B11
Tangail,2023,9,Minimum,1,90,B11
Tangail,2023,10,Minimum,1,180,B11
Tangail,2023,11,Minimum,1,360,B11
Tangail,2023,12,Minimum,1,360,B11
Tangail,2024,1,Minimum,1,180,B11
Tangail,2024,2,Minimum,1,180,B11
Tangail,2024,3,Minimum,1,130,B11
Tangail,2024,4,Minimum,1,220,B11
Tangail,2024,5,Minimum,1,180,B11
Tangail,2024,6,Minimum,1,130,B11
Ambagan (Ctg),2015,1,Minimum,2,330,B11
Ambagan (Ctg),2015,2,Minimum,2,360,B11
Ambagan (Ctg),2015,3,Minimum,2,50,B11
Ambagan (Ctg),2015,4,Minimum,1,120,B11
Ambagan (Ctg),2015,5,Minimum,2,100,B11
Ambagan (Ctg),2015,6,Minimum,2,180,B11
Ambagan (Ctg),2015,7,Minimum,2,170,B11
Ambagan (Ctg),2015,8,Minimum,2,130,B11
Ambagan (Ctg),2015,9,Minimum,2,130,B11
Ambagan (Ctg),2015,10,Minimum,2,150,B11
Ambagan (Ctg),2015,11,Minimum,2,20,B11
Ambagan (Ctg),2015,12,Minimum,2,50,B11
Ambagan (Ctg),2016,1,Minimum,1,310,B11
Ambagan (Ctg),2016,2,Minimum,2,40,B11
Ambagan (Ctg),2016,3,Minimum,2,30,B11
Ambagan (Ctg),2016,4,Minimum,2,140,B11
Ambagan (Ctg),2016,5,Minimum,1,30,B11
Ambagan (Ctg),2016,6,Minimum,2,130,B11
Ambagan (Ctg),2016,7,Minimum,1,180,B11
Ambagan (Ctg),2016,8,Minimum,2,140,B11
Ambagan (Ctg),2016,9,Minimum,2,90,B11
Ambagan (Ctg),2016,10,Minimum,2,100,B11
Ambagan (Ctg),2016,11,Minimum,2,270,B11
Ambagan (Ctg),2016,12,Minimum,2,20,B11
Ambagan (Ctg),2017,1,Minimum,2,20,B11
Ambagan (Ctg),2017,2,Minimum,2,20,B11
Ambagan (Ctg),2017,3,Minimum,2,90,B11
Ambagan (Ctg),2017,4,Minimum,2,90,B11
Ambagan (Ctg),2017,5,Minimum,2,140,B11
Ambagan (Ctg),2017,6,Minimum,1,100,B11
Ambagan (Ctg),2017,7,Minimum,2,120,B11
Ambagan (Ctg),2017,8,Minimum,2,180,B11
Ambagan (Ctg),2017,9,Minimum,2,130,B11
Ambagan (Ctg),2017,10,Minimum,2,90,B11
Ambagan (Ctg),2017,11,Minimum,2,90,B11
Ambagan (Ctg),2017,12,Minimum,2,50,B11
Ambagan (Ctg),2018,1,Minimum,2,360,B11
Ambagan (Ctg),2018,2,Minimum,2,90,B11
Ambagan (Ctg),2018,3,Minimum,2,90,B11
Ambagan (Ctg),2018,4,Minimum,2,50,B11
Ambagan (Ctg),2018,5,Minimum,2,180,B11
Ambagan (Ctg),2018,6,Minimum,2,90,B11
Ambagan (Ctg),2018,7,Minimum,2,140,B11
Ambagan (Ctg),2018,8,Minimum,1,100,B11
Ambagan (Ctg),2018,9,Minimum,2,130,B11
Ambagan (Ctg),2018,10,Minimum,2,70,B11
Ambagan (Ctg),2018,11,Minimum,1,130,B11
Ambagan (Ctg),2018,12,Minimum,2,360,B11
Ambagan (Ctg),2019,1,Minimum,2,30,B11
Ambagan (Ctg),2019,2,Minimum,1,230,B11
Ambagan (Ctg),2019,3,Minimum,1,180,B11
Ambagan (Ctg),2019,4,Minimum,1,360,B11
Ambagan (Ctg),2019,5,Minimum,1,180,B11
Ambagan (Ctg),2019,6,Minimum,1,90,B11
Ambagan (Ctg),2019,7,Minimum,2,130,B11
Ambagan (Ctg),2019,8,Minimum,2,130,B11
Ambagan (Ctg),2019,9,Minimum,1,100,B11
Ambagan (Ctg),2019,10,Minimum,2,120,B11
Ambagan (Ctg),2019,11,Minimum,1,360,B11
Ambagan (Ctg),2019,12,Minimum,1,50,B11
Ambagan (Ctg),2020,1,Minimum,2,50,B11
Ambagan (Ctg),2020,2,Minimum,1,100,B11
Ambagan (Ctg),2020,3,Minimum,1,100,B11
Ambagan (Ctg),2020,4,Minimum,1,140,B11
Ambagan (Ctg),2020,5,Minimum,1,100,B11
Ambagan (Ctg),2020,6,Minimum,1,180,B11
Ambagan (Ctg),2020,7,Minimum,2,100,B11
Ambagan (Ctg),2020,8,Minimum,2,180,B11
Ambagan (Ctg),2020,9,Minimum,1,180,B11
Ambagan (Ctg),2020,10,Minimum,1,130,B11
Ambagan (Ctg),2020,11,Minimum,1,180,B11
Ambagan (Ctg),2020,12,Minimum,1,360,B11
Ambagan (Ctg),2021,1,Minimum,1,360,B11
Ambagan (Ctg),2021,2,Minimum,1,80,B11
Ambagan (Ctg),2021,3,Minimum,2,130,B11
Ambagan (Ctg),2021,4,Minimum,1,230,B11
Ambagan (Ctg),2021,5,Minimum,1,230,B11
Ambagan (Ctg),2021,6,Minimum,2,90,B11
Ambagan (Ctg),2021,7,Minimum,2,180,B11
Ambagan (Ctg),2021,8,Minimum,2,130,B11
Ambagan (Ctg),2021,9,Minimum,2,150,B11
Ambagan (Ctg),2021,10,Minimum,2,50,B11
Ambagan (Ctg),2021,11,Minimum,2,360,B11
Ambagan (Ctg),2021,12,Minimum,2,50,B11
Ambagan (Ctg),2022,1,Minimum,2,360,B11
Ambagan (Ctg),2022,2,Minimum,2,60,B11
Ambagan (Ctg),2022,3,Minimum,2,60,B11
Ambagan (Ctg),2022,4,Minimum,2,130,B11
Ambagan (Ctg),2022,5,Minimum,2,180,B11
Ambagan (Ctg),2022,6,Minimum,1,180,B11
Ambagan (Ctg),2022,7,Minimum,2,180,B11
Ambagan (Ctg),2022,8,Minimum,2,130,B11
Ambagan (Ctg),2022,9,Minimum,2,130,B11
Ambagan (Ctg),2022,10,Minimum,2,360,B11
Ambagan (Ctg),2022,11,Minimum,2,50,B11
Ambagan (Ctg),2022,12,Minimum,2,90,B11
Ambagan (Ctg),2023,1,Minimum,2,50,B11
Ambagan (Ctg),2023,2,Minimum,2,360,B11
Ambagan (Ctg),2023,3,Minimum,2,360,B11
Ambagan (Ctg),2023,4,Minimum,2,230,B11
Ambagan (Ctg),2023,5,Minimum,2,70,B11
Ambagan (Ctg),2023,6,Minimum,2,130,B11
Ambagan (Ctg),2023,7,Minimum,2,130,B11
Ambagan (Ctg),2023,8,Minimum,2,130,B11
Ambagan (Ctg),2023,9,Minimum,2,180,B11
Ambagan (Ctg),2023,10,Minimum,2,180,B11
Ambagan (Ctg),2023,11,Minimum,2,360,B11
Ambagan (Ctg),2023,12,Minimum,2,360,B11
Ambagan (Ctg),2024,1,Minimum,1,50,B11
Ambagan (Ctg),2024,2,Minimum,2,180,B11
Ambagan (Ctg),2024,3,Minimum,2,340,B11
Ambagan (Ctg),2024,4,Minimum,2,130,B11
Ambagan (Ctg),2024,5,Minimum,2,170,B11
Ambagan (Ctg),2024,6,Minimum,2,100,B11
Mongla,2015,1,Minimum,1,360,B11
Mongla,2015,2,Minimum,1,360,B11
Mongla,2015,3,Minimum,1,230,B11
Mongla,2015,4,Minimum,1,270,B11
Mongla,2015,5,Minimum,1,90,B11
Mongla,2015,6,Minimum,1,180,B11
Mongla,2015,7,Minimum,1,30,B11
Mongla,2015,8,Minimum,1,180,B11
Mongla,2015,9,Minimum,1,90,B11
Mongla,2015,10,Minimum,1,90,B11
Mongla,2015,11,Minimum,1,50,B11
Mongla,2015,12,Minimum,1,50,B11
Mongla,2016,1,Minimum,1,360,B11
Mongla,2016,2,Minimum,1,210,B11
Mongla,2016,3,Minimum,1,300,B11
Mongla,2016,4,Minimum,1,180,B11
Mongla,2016,5,Minimum,1,180,B11
Mongla,2016,6,Minimum,1,90,B11
Mongla,2016,7,Minimum,1,150,B11
Mongla,2016,8,Minimum,1,160,B11
Mongla,2016,9,Minimum,1,180,B11
Mongla,2016,10,Minimum,1,180,B11
Mongla,2016,11,Minimum,1,360,B11
Mongla,2016,12,Minimum,1,360,B11
Mongla,2017,1,Minimum,1,360,B11
Mongla,2017,2,Minimum,1,20,B11
Mongla,2017,3,Minimum,1,180,B11
Mongla,2017,4,Minimum,1,50,B11
Mongla,2017,5,Minimum,1,180,B11
Mongla,2017,6,Minimum,1,180,B11
Mongla,2017,7,Minimum,1,130,B11
Mongla,2017,8,Minimum,1,180,B11
Mongla,2017,9,Minimum,1,180,B11
Mongla,2017,10,Minimum,1,90,B11
Mongla,2017,11,Minimum,1,50,B11
Mongla,2017,12,Minimum,1,30,B11
Mongla,2018,1,Minimum,1,360,B11
Mongla,2018,2,Minimum,1,330,B11
Mongla,2018,3,Minimum,1,290,B11
Mongla,2018,4,Minimum,1,20,B11
Mongla,2018,5,Minimum,1,20,B11
Mongla,2018,6,Minimum,1,270,B11
Mongla,2018,7,Minimum,1,180,B11
Mongla,2018,8,Minimum,1,330,B11
Mongla,2018,9,Minimum,1,180,B11
Mongla,2018,10,Minimum,1,330,B11
Mongla,2018,11,Minimum,1,40,B11
Mongla,2018,12,Minimum,1,330,B11
Mongla,2019,1,Minimum,1,360,B11
Mongla,2019,2,Minimum,1,330,B11
Mongla,2019,3,Minimum,1,360,B11
Mongla,2019,4,Minimum,1,180,B11
Mongla,2019,5,Minimum,1,180,B11
Mongla,2019,6,Minimum,1,180,B11
Mongla,2019,7,Minimum,1,160,B11
Mongla,2019,8,Minimum,1,90,B11
Mongla,2019,9,Minimum,1,150,B11
Mongla,2019,10,Minimum,1,320,B11
Mongla,2019,11,Minimum,1,320,B11
Mongla,2019,12,Minimum,1,360,B11
Mongla,2020,1,Minimum,1,360,B11
Mongla,2020,2,Minimum,1,20,B11
Mongla,2020,3,Minimum,1,270,B11
Mongla,2020,4,Minimum,1,270,B11
Mongla,2020,5,Minimum,1,180,B11
Mongla,2020,6,Minimum,1,160,B11
Mongla,2020,7,Minimum,1,180,B11
Mongla,2020,8,Minimum,1,90,B11
Mongla,2020,9,Minimum,1,160,B11
Mongla,2020,10,Minimum,1,90,B11
Mongla,2020,11,Minimum,1,30,B11
Mongla,2020,12,Minimum,1,360,B11
Mongla,2021,1,Minimum,1,20,B11
Mongla,2021,2,Minimum,1,330,B11
Mongla,2021,3,Minimum,1,330,B11
Mongla,2021,4,Minimum,1,180,B11
Mongla,2021,5,Minimum,1,220,B11
Mongla,2021,6,Minimum,1,160,B11
Mongla,2021,7,Minimum,1,170,B11
Mongla,2021,8,Minimum,1,180,B11
Mongla,2021,9,Minimum,1,90,B11
Mongla,2021,10,Minimum,1,270,B11
Mongla,2021,11,Minimum,1,360,B11
Mongla,2021,12,Minimum,1,360,B11
Mongla,2022,1,Minimum,1,330,B11
Mongla,2022,2,Minimum,1,180,B11
Mongla,2022,3,Minimum,1,60,B11
Mongla,2022,4,Minimum,1,160,B11
Mongla,2022,5,Minimum,1,180,B11
Mongla,2022,6,Minimum,1,180,B11
Mongla,2022,7,Minimum,1,50,B11
Mongla,2022,8,Minimum,1,180,B11
Mongla,2022,9,Minimum,1,180,B11
Mongla,2022,10,Minimum,1,40,B11
Mongla,2022,11,Minimum,1,330,B11
Mongla,2022,12,Minimum,1,330,B11
Mongla,2023,1,Minimum,1,80,B11
Mongla,2023,2,Minimum,1,320,B11
Mongla,2023,3,Minimum,1,330,B11
Mongla,2023,4,Minimum,1,170,B11
Mongla,2023,5,Minimum,1,350,B11
Mongla,2023,6,Minimum,1,160,B11
Mongla,2023,7,Minimum,1,170,B11
Mongla,2023,8,Minimum,1,320,B11
Mongla,2023,9,Minimum,1,120,B11
Mongla,2023,10,Minimum,1,160,B11
Mongla,2023,11,Minimum,1,40,B11
Mongla,2023,12,Minimum,1,310,B11
Mongla,2024,1,Minimum,1,340,B11
Mongla,2024,2,Minimum,1,330,B11
Mongla,2024,3,Minimum,1,220,B11
Mongla,2024,4,Minimum,1,220,B11
Mongla,2024,5,Minimum,1,180,B11
Mongla,2024,6,Minimum,1,180,B11
Mongla,2024,7,Minimum,1,330,B11
Chuadanga,2015,1,Minimum,1,150,B11
Chuadanga,2015,2,Minimum,1,180,B11
Chuadanga,2015,3,Minimum,1,200,B11
Chuadanga,2015,4,Minimum,1,360,B11
Chuadanga,2015,5,Minimum,1,180,B11
Chuadanga,2015,6,Minimum,1,180,B11
Chuadanga,2015,7,Minimum,1,180,B11
Chuadanga,2015,8,Minimum,1,180,B11
Chuadanga,2015,9,Minimum,1,180,B11
Chuadanga,2015,10,Minimum,1,180,B11
Chuadanga,2015,11,Minimum,1,90,B11
Chuadanga,2015,12,Minimum,1,360,B11
Chuadanga,2016,1,Minimum,1,90,B11
Chuadanga,2016,2,Minimum,1,300,B11
Chuadanga,2016,3,Minimum,1,360,B11
Chuadanga,2016,4,Minimum,1,120,B11
Chuadanga,2016,5,Minimum,1,180,B11
Chuadanga,2016,6,Minimum,1,150,B11
Chuadanga,2016,7,Minimum,1,160,B11
Chuadanga,2016,8,Minimum,1,180,B11
Chuadanga,2016,9,Minimum,1,180,B11
Chuadanga,2016,10,Minimum,1,160,B11
Chuadanga,2016,11,Minimum,1,360,B11
Chuadanga,2016,12,Minimum,1,360,B11
Chuadanga,2017,1,Minimum,1,280,B11
Chuadanga,2017,2,Minimum,1,270,B11
Chuadanga,2017,3,Minimum,1,180,B11
Chuadanga,2017,4,Minimum,1,210,B11
Chuadanga,2017,5,Minimum,1,180,B11
Chuadanga,2017,6,Minimum,1,180,B11
Chuadanga,2017,7,Minimum,1,180,B11
Chuadanga,2017,8,Minimum,1,180,B11
Chuadanga,2017,9,Minimum,1,180,B11
Chuadanga,2017,10,Minimum,1,180,B11
Chuadanga,2017,11,Minimum,1,340,B11
Chuadanga,2017,12,Minimum,1,360,B11
Chuadanga,2018,1,Minimum,1,360,B11
Chuadanga,2018,2,Minimum,1,160,B11
Chuadanga,2018,3,Minimum,1,300,B11
Chuadanga,2018,4,Minimum,1,180,B11
Chuadanga,2018,5,Minimum,1,100,B11
Chuadanga,2018,6,Minimum,1,180,B11
Chuadanga,2018,7,Minimum,1,180,B11
Chuadanga,2018,8,Minimum,1,270,B11
Chuadanga,2018,9,Minimum,1,160,B11
Chuadanga,2018,10,Minimum,1,180,B11
Chuadanga,2018,11,Minimum,1,230,B11
Chuadanga,2018,12,Minimum,1,360,B11
Chuadanga,2019,1,Minimum,1,280,B11
Chuadanga,2019,2,Minimum,1,360,B11
Chuadanga,2019,3,Minimum,1,210,B11
Chuadanga,2019,4,Minimum,1,180,B11
Chuadanga,2019,5,Minimum,1,180,B11
Chuadanga,2019,6,Minimum,1,180,B11
Chuadanga,2019,7,Minimum,1,180,B11
Chuadanga,2019,8,Minimum,1,180,B11
Chuadanga,2019,9,Minimum,1,180,B11
Chuadanga,2019,10,Minimum,1,180,B11
Chuadanga,2019,11,Minimum,1,180,B11
Chuadanga,2019,12,Minimum,1,360,B11
Chuadanga,2020,1,Minimum,1,360,B11
Chuadanga,2020,2,Minimum,1,180,B11
Chuadanga,2020,3,Minimum,1,180,B11
Chuadanga,2020,4,Minimum,1,180,B11
Chuadanga,2020,5,Minimum,1,180,B11
Chuadanga,2020,6,Minimum,1,150,B11
Chuadanga,2020,7,Minimum,1,180,B11
Chuadanga,2020,8,Minimum,1,180,B11
Chuadanga,2020,9,Minimum,1,180,B11
Chuadanga,2020,10,Minimum,1,180,B11
Chuadanga,2020,11,Minimum,1,360,B11
Chuadanga,2020,12,Minimum,1,360,B11
Chuadanga,2021,1,Minimum,1,310,B11
Chuadanga,2021,2,Minimum,1,360,B11
Chuadanga,2021,3,Minimum,1,310,B11
Chuadanga,2021,4,Minimum,1,180,B11
Chuadanga,2021,5,Minimum,1,180,B11
Chuadanga,2021,6,Minimum,1,180,B11
Chuadanga,2021,7,Minimum,1,180,B11
Chuadanga,2021,8,Minimum,1,180,B11
Chuadanga,2021,9,Minimum,1,120,B11
Chuadanga,2021,10,Minimum,1,230,B11
Chuadanga,2021,11,Minimum,1,360,B11
Chuadanga,2021,12,Minimum,1,310,B11
Chuadanga,2022,1,Minimum,1,360,B11
Chuadanga,2022,2,Minimum,1,260,B11
Chuadanga,2022,3,Minimum,1,360,B11
Chuadanga,2022,4,Minimum,1,180,B11
Chuadanga,2022,5,Minimum,1,180,B11
Chuadanga,2022,6,Minimum,1,180,B11
Chuadanga,2022,7,Minimum,1,150,B11
Chuadanga,2022,8,Minimum,1,180,B11
Chuadanga,2022,9,Minimum,1,180,B11
Chuadanga,2022,10,Minimum,1,180,B11
Chuadanga,2022,11,Minimum,1,360,B11
Chuadanga,2022,12,Minimum,1,360,B11
Chuadanga,2023,1,Minimum,1,360,B11
Chuadanga,2023,2,Minimum,1,360,B11
Chuadanga,2023,3,Minimum,1,180,B11
Chuadanga,2023,4,Minimum,1,180,B11
Chuadanga,2023,5,Minimum,1,180,B11
Chuadanga,2023,6,Minimum,1,180,B11
Chuadanga,2023,7,Minimum,1,180,B11
Chuadanga,2023,8,Minimum,1,180,B11
Chuadanga,2023,9,Minimum,1,90,B11
Chuadanga,2023,10,Minimum,1,130,B11
Chuadanga,2023,11,Minimum,1,360,B11
Chuadanga,2023,12,Minimum,1,360,B11
Chuadanga,2024,1,Minimum,1,310,B11
Chuadanga,2024,2,Minimum,1,340,B11
Chuadanga,2024,3,Minimum,1,270,B11
Chuadanga,2024,4,Minimum,1,200,B11
Chuadanga,2024,5,Minimum,1,180,B11
Chuadanga,2024,6,Minimum,1,180,B11
Chuadanga,2024,7,Minimum,1,180,B11
Dinajpur,2011,1,Maximum,4,270,B12
Dinajpur,2011,2,Maximum,4,270,B12
Dinajpur,2011,3,Maximum,4,250,B12
Dinajpur,2011,4,Maximum,5,320,B12
Dinajpur,2011,5,Maximum,4,270,B12
Dinajpur,2011,6,Maximum,5,180,B12
Dinajpur,2011,7,Maximum,4,180,B12
Dinajpur,2011,8,Maximum,4,90,B12
Dinajpur,2011,9,Maximum,4,90,B12
Dinajpur,2011,10,Maximum,4,270,B12
Dinajpur,2011,11,Maximum,3,90,B12
Dinajpur,2011,12,Maximum,4,310,B12
Dinajpur,2012,1,Maximum,4,270,B12
Dinajpur,2012,2,Maximum,5,270,B12
Dinajpur,2012,3,Maximum,5,230,B12
Dinajpur,2012,4,Maximum,7,270,B12
Dinajpur,2012,5,Maximum,7,360,B12
Dinajpur,2012,6,Maximum,5,90,B12
Dinajpur,2012,7,Maximum,3,130,B12
Dinajpur,2012,8,Maximum,3,180,B12
Dinajpur,2012,9,Maximum,4,90,B12
Dinajpur,2012,10,Maximum,3,180,B12
Dinajpur,2012,11,Maximum,3,310,B12
Dinajpur,2012,12,Maximum,2,270,B12
Dinajpur,2013,1,Maximum,4,270,B12
Dinajpur,2013,2,Maximum,3,360,B12
Dinajpur,2013,3,Maximum,6,270,B12
Dinajpur,2013,4,Maximum,5,90,B12
Dinajpur,2013,5,Maximum,6,90,B12
Dinajpur,2013,6,Maximum,4,90,B12
Dinajpur,2013,7,Maximum,6,130,B12
Dinajpur,2013,8,Maximum,5,180,B12
Dinajpur,2013,9,Maximum,4,90,B12
Dinajpur,2013,10,Maximum,4,90,B12
Dinajpur,2013,11,Maximum,3,360,B12
Dinajpur,2013,12,Maximum,4,270,B12
Dinajpur,2014,1,Maximum,4,270,B12
Dinajpur,2014,2,Maximum,4,230,B12
Dinajpur,2014,3,Maximum,6,230,B12
Dinajpur,2014,4,Maximum,4,310,B12
Dinajpur,2014,5,Maximum,4,180,B12
Dinajpur,2014,6,Maximum,3,90,B12
Dinajpur,2014,7,Maximum,4,90,B12
Dinajpur,2014,8,Maximum,4,130,B12
Dinajpur,2014,9,Maximum,3,290,B12
Dinajpur,2014,10,Maximum,3,230,B12
Dinajpur,2014,11,Maximum,2,360,B12
Dinajpur,2014,12,Maximum,5,270,B12
Dinajpur,2015,1,Maximum,4,270,B12
Dinajpur,2015,2,Maximum,4,270,B12
Dinajpur,2015,3,Maximum,6,270,B12
Dinajpur,2015,4,Maximum,5,190,B12
Dinajpur,2015,5,Maximum,6,270,B12
Dinajpur,2015,6,Maximum,5,90,B12
Dinajpur,2015,7,Maximum,4,180,B12
Dinajpur,2015,8,Maximum,5,90,B12
Dinajpur,2015,9,Maximum,4,90,B12
Dinajpur,2015,10,Maximum,3,180,B12
Dinajpur,2015,11,Maximum,3,50,B12
Dinajpur,2015,12,Maximum,3,300,B12
Dinajpur,2016,1,Maximum,3,270,B12
Dinajpur,2016,2,Maximum,4,270,B12
Dinajpur,2016,3,Maximum,6,130,B12
Dinajpur,2016,4,Maximum,6,270,B12
Dinajpur,2016,5,Maximum,13,270,B12
Dinajpur,2016,6,Maximum,3,290,B12
Dinajpur,2016,7,Maximum,4,90,B12
Dinajpur,2016,8,Maximum,5,90,B12
Dinajpur,2016,9,Maximum,3,360,B12
Dinajpur,2016,10,Maximum,3,90,B12
Dinajpur,2016,11,Maximum,3,360,B12
Dinajpur,2016,12,Maximum,3,270,B12
Rangpur,2011,1,Maximum,5,20,B12
Rangpur,2011,2,Maximum,5,230,B12
Rangpur,2011,3,Maximum,7,50,B12
Rangpur,2011,4,Maximum,7,130,B12
Rangpur,2011,5,Maximum,6,320,B12
Rangpur,2011,6,Maximum,6,50,B12
Rangpur,2011,7,Maximum,6,130,B12
Rangpur,2011,8,Maximum,6,90,B12
Rangpur,2011,9,Maximum,5,90,B12
Rangpur,2011,10,Maximum,4,50,B12
Rangpur,2011,11,Maximum,4,50,B12
Rangpur,2011,12,Maximum,6,90,B12
Rangpur,2012,1,Maximum,27,20,B12
Rangpur,2012,2,Maximum,8,270,B12
Rangpur,2012,3,Maximum,6,270,B12
Rangpur,2012,4,Maximum,6,50,B12
Rangpur,2012,5,Maximum,6,230,B12
Rangpur,2012,6,Maximum,6,180,B12
Rangpur,2012,7,Maximum,5,130,B12
Rangpur,2012,8,Maximum,4,130,B12
Rangpur,2012,9,Maximum,4,230,B12
Rangpur,2012,10,Maximum,4,90,B12
Rangpur,2012,11,Maximum,4,90,B12
Rangpur,2012,12,Maximum,4,360,B12
Rangpur,2013,1,Maximum,5,50,B12
Rangpur,2013,2,Maximum,9,310,B12
Rangpur,2013,3,Maximum,10,330,B12
Rangpur,2013,4,Maximum,6,50,B12
Rangpur,2013,5,Maximum,8,90,B12
Rangpur,2013,6,Maximum,8,50,B12
Rangpur,2013,7,Maximum,5,130,B12
Rangpur,2013,8,Maximum,6,230,B12
Rangpur,2013,9,Maximum,8,50,B12
Rangpur,2013,10,Maximum,7,50,B12
Rangpur,2013,11,Maximum,5,50,B12
Rangpur,2013,12,Maximum,4,50,B12
Rangpur,2014,1,Maximum,4,310,B12
Rangpur,2014,2,Maximum,5,230,B12
Rangpur,2014,3,Maximum,6,230,B12
Rangpur,2014,4,Maximum,9,20,B12
Rangpur,2014,5,Maximum,15,50,B12
Rangpur,2014,6,Maximum,6,50,B12
Rangpur,2014,7,Maximum,9,90,B12
Rangpur,2014,8,Maximum,6,90,B12
Rangpur,2014,9,Maximum,5,130,B12
Rangpur,2014,10,Maximum,4,130,B12
Rangpur,2014,11,Maximum,4,50,B12
Rangpur,2014,12,Maximum,5,50,B12
Rangpur,2015,1,Maximum,8,50,B12
Rangpur,2015,2,Maximum,4,50,B12
Rangpur,2015,3,Maximum,6,230,B12
Rangpur,2015,4,Maximum,10,50,B12
Rangpur,2015,5,Maximum,18,350,B12
Rangpur,2015,6,Maximum,8,50,B12
Rangpur,2015,7,Maximum,7,50,B12
Rangpur,2015,8,Maximum,9,50,B12
Rangpur,2015,9,Maximum,4,50,B12
Rangpur,2015,10,Maximum,4,50,B12
Rangpur,2015,11,Maximum,7,50,B12
Rangpur,2015,12,Maximum,4,50,B12
Rangpur,2016,1,Maximum,3,50,B12
Rangpur,2016,2,Maximum,5,230,B12
Rangpur,2016,3,Maximum,12,330,B12
Rangpur,2016,4,Maximum,9,50,B12
Rangpur,2016,5,Maximum,7,50,B12
Rangpur,2016,6,Maximum,4,180,B12
Rangpur,2016,7,Maximum,4,170,B12
Rangpur,2016,8,Maximum,8,50,B12
Rangpur,2016,9,Maximum,4,130,B12
Rangpur,2016,10,Maximum,5,50,B12
Rangpur,2016,11,Maximum,8,50,B12
Rangpur,2016,12,Maximum,4,50,B12
Rajshahi,2011,1,Maximum,6,360,B12
Rajshahi,2011,2,Maximum,6,310,B12
Rajshahi,2011,3,Maximum,12,130,B12
Rajshahi,2011,4,Maximum,8,220,B12
Rajshahi,2011,5,Maximum,13,310,B12
Rajshahi,2011,6,Maximum,12,50,B12
Rajshahi,2011,7,Maximum,6,90,B12
Rajshahi,2011,8,Maximum,8,90,B12
Rajshahi,2011,9,Maximum,8,90,B12
Rajshahi,2011,10,Maximum,3,50,B12
Rajshahi,2011,11,Maximum,3,270,B12
Rajshahi,2011,12,Maximum,4,360,B12
Rajshahi,2012,1,Maximum,6,360,B12
Rajshahi,2012,2,Maximum,6,310,B12
Rajshahi,2012,3,Maximum,7,360,B12
Rajshahi,2012,4,Maximum,7,90,B12
Rajshahi,2012,5,Maximum,10,360,B12
Rajshahi,2012,6,Maximum,6,360,B12
Rajshahi,2012,7,Maximum,7,90,B12
Rajshahi,2012,8,Maximum,6,90,B12
Rajshahi,2012,9,Maximum,9,90,B12
Rajshahi,2012,10,Maximum,4,130,B12
Rajshahi,2012,11,Maximum,6,310,B12
Rajshahi,2012,12,Maximum,6,310,B12
Rajshahi,2013,1,Maximum,8,330,B12
Rajshahi,2013,2,Maximum,6,330,B12
Rajshahi,2013,3,Maximum,10,310,B12
Rajshahi,2013,4,Maximum,9,180,B12
Rajshahi,2013,5,Maximum,15,90,B12
Rajshahi,2013,6,Maximum,7,90,B12
Rajshahi,2013,7,Maximum,10,90,B12
Rajshahi,2013,8,Maximum,10,90,B12
Rajshahi,2013,9,Maximum,8,50,B12
Rajshahi,2013,10,Maximum,10,130,B12
Rajshahi,2013,11,Maximum,9,330,B12
Rajshahi,2013,12,Maximum,7,320,B12
Rajshahi,2014,1,Maximum,7,310,B12
Rajshahi,2014,2,Maximum,9,230,B12
Rajshahi,2014,3,Maximum,9,270,B12
Rajshahi,2014,4,Maximum,7,230,B12
Rajshahi,2014,5,Maximum,11,130,B12
Rajshahi,2014,6,Maximum,8,130,B12
Rajshahi,2014,7,Maximum,9,90,B12
Rajshahi,2014,8,Maximum,8,90,B12
Rajshahi,2014,9,Maximum,9,50,B12
Rajshahi,2014,10,Maximum,7,130,B12
Rajshahi,2014,11,Maximum,4,230,B12
Rajshahi,2014,12,Maximum,8,270,B12
Rajshahi,2015,1,Maximum,7,320,B12
Rajshahi,2015,2,Maximum,6,310,B12
Rajshahi,2015,3,Maximum,10,230,B12
Rajshahi,2015,4,Maximum,7,50,B12
Rajshahi,2015,5,Maximum,8,90,B12
Rajshahi,2015,6,Maximum,9,130,B12
Rajshahi,2015,7,Maximum,10,30,B12
Rajshahi,2015,8,Maximum,9,130,B12
Rajshahi,2015,9,Maximum,8,90,B12
Rajshahi,2015,10,Maximum,7,50,B12
Rajshahi,2015,11,Maximum,7,360,B12
Rajshahi,2015,12,Maximum,8,360,B12
Rajshahi,2016,1,Maximum,5,270,B12
Rajshahi,2016,2,Maximum,7,230,B12
Rajshahi,2016,3,Maximum,10,30,B12
Rajshahi,2016,4,Maximum,7,50,B12
Rajshahi,2016,5,Maximum,11,230,B12
Rajshahi,2016,6,Maximum,7,50,B12
Rajshahi,2016,7,Maximum,7,130,B12
Rajshahi,2016,8,Maximum,12,90,B12
Rajshahi,2016,9,Maximum,6,50,B12
Rajshahi,2016,10,Maximum,6,50,B12
Rajshahi,2016,11,Maximum,6,360,B12
Rajshahi,2016,12,Maximum,7,360,B12
Bogura,2011,1,Maximum,7,310,B12
Bogura,2011,2,Maximum,10,270,B12
Bogura,2011,3,Maximum,7,270,B12
Bogura,2011,4,Maximum,20,230,B12
Bogura,2011,5,Maximum,16,270,B12
Bogura,2011,6,Maximum,16,90,B12
Bogura,2011,7,Maximum,10,90,B12
Bogura,2011,8,Maximum,10,90,B12
Bogura,2011,9,Maximum,8,130,B12
Bogura,2011,10,Maximum,6,270,B12
Bogura,2011,11,Maximum,5,90,B12
Bogura,2011,12,Maximum,5,310,B12
Bogura,2012,1,Maximum,8,270,B12
Bogura,2012,2,Maximum,10,270,B12
Bogura,2012,3,Maximum,15,270,B12
Bogura,2012,4,Maximum,12,130,B12
Bogura,2012,5,Maximum,10,270,B12
Bogura,2012,6,Maximum,10,130,B12
Bogura,2012,7,Maximum,9,130,B12
Bogura,2012,8,Maximum,8,90,B12
Bogura,2012,9,Maximum,9,90,B12
Bogura,2012,10,Maximum,6,230,B12
Bogura,2012,11,Maximum,4,310,B12
Bogura,2012,12,Maximum,6,270,B12
Bogura,2013,1,Maximum,8,310,B12
Bogura,2013,2,Maximum,6,310,B12
Bogura,2013,3,Maximum,9,270,B12
Bogura,2013,4,Maximum,0,0,B12
Bogura,2013,5,Maximum,10,90,B12
Bogura,2013,6,Maximum,6,90,B12
Bogura,2013,7,Maximum,8,130,B12
Bogura,2013,8,Maximum,10,90,B12
Bogura,2013,9,Maximum,8,90,B12
Bogura,2013,10,Maximum,9,130,B12
Bogura,2013,11,Maximum,4,360,B12
Bogura,2013,12,Maximum,4,310,B12
Bogura,2014,1,Maximum,6,310,B12
Bogura,2014,2,Maximum,7,310,B12
Bogura,2014,3,Maximum,8,270,B12
Bogura,2014,4,Maximum,6,360,B12
Bogura,2014,5,Maximum,9,90,B12
Bogura,2014,6,Maximum,8,130,B12
Bogura,2014,7,Maximum,10,90,B12
Bogura,2014,8,Maximum,8,90,B12
Bogura,2014,9,Maximum,8,90,B12
Bogura,2014,10,Maximum,4,310,B12
Bogura,2014,11,Maximum,3,270,B12
Bogura,2014,12,Maximum,6,310,B12
Bogura,2015,1,Maximum,8,360,B12
Bogura,2015,2,Maximum,6,310,B12
Bogura,2015,3,Maximum,7,310,B12
Bogura,2015,4,Maximum,8,180,B12
Bogura,2015,5,Maximum,6,130,B12
Bogura,2015,6,Maximum,8,90,B12
Bogura,2015,7,Maximum,8,90,B12
Bogura,2015,8,Maximum,6,130,B12
Bogura,2015,9,Maximum,6,130,B12
Bogura,2015,10,Maximum,8,90,B12
Bogura,2015,11,Maximum,4,360,B12
Bogura,2015,12,Maximum,4,90,B12
Bogura,2016,1,Maximum,4,310,B12
Bogura,2016,2,Maximum,4,180,B12
Bogura,2016,3,Maximum,8,310,B12
Bogura,2016,4,Maximum,6,230,B12
Bogura,2016,5,Maximum,9,270,B12
Bogura,2016,6,Maximum,8,310,B12
Bogura,2016,7,Maximum,6,230,B12
Bogura,2016,8,Maximum,9,130,B12
Bogura,2016,9,Maximum,5,90,B12
Bogura,2016,10,Maximum,6,310,B12
Bogura,2016,11,Maximum,4,310,B12
Bogura,2016,12,Maximum,4,310,B12
Mymensingh,2011,1,Maximum,8,310,B12
Mymensingh,2011,2,Maximum,6,310,B12
Mymensingh,2011,3,Maximum,10,180,B12
Mymensingh,2011,4,Maximum,12,310,B12
Mymensingh,2011,5,Maximum,8,90,B12
Mymensingh,2011,6,Maximum,12,90,B12
Mymensingh,2011,7,Maximum,8,90,B12
Mymensingh,2011,8,Maximum,7,90,B12
Mymensingh,2011,9,Maximum,4,160,B12
Mymensingh,2011,10,Maximum,2,180,B12
Mymensingh,2011,11,Maximum,3,90,B12
Mymensingh,2011,12,Maximum,3,270,B12
Mymensingh,2012,1,Maximum,5,310,B12
Mymensingh,2012,2,Maximum,7,270,B12
Mymensingh,2012,3,Maximum,12,310,B12
Mymensingh,2012,4,Maximum,12,90,B12
Mymensingh,2012,5,Maximum,9,310,B12
Mymensingh,2012,6,Maximum,7,180,B12
Mymensingh,2012,7,Maximum,6,270,B12
Mymensingh,2012,8,Maximum,6,100,B12
Mymensingh,2012,9,Maximum,5,180,B12
Mymensingh,2012,10,Maximum,3,230,B12
Mymensingh,2012,11,Maximum,4,270,B12
Mymensingh,2012,12,Maximum,2,270,B12
Mymensingh,2013,1,Maximum,6,270,B12
Mymensingh,2013,2,Maximum,6,320,B12
Mymensingh,2013,3,Maximum,8,270,B12
Mymensingh,2013,4,Maximum,8,360,B12
Mymensingh,2013,5,Maximum,8,90,B12
Mymensingh,2013,6,Maximum,6,130,B12
Mymensingh,2013,7,Maximum,8,110,B12
Mymensingh,2013,8,Maximum,7,130,B12
Mymensingh,2013,9,Maximum,6,150,B12
Mymensingh,2013,10,Maximum,4,150,B12
Mymensingh,2013,11,Maximum,2,270,B12
Mymensingh,2013,12,Maximum,3,270,B12
Mymensingh,2014,1,Maximum,6,130,B12
Mymensingh,2014,2,Maximum,6,310,B12
Mymensingh,2014,3,Maximum,9,280,B12
Mymensingh,2014,4,Maximum,8,360,B12
Mymensingh,2014,5,Maximum,8,310,B12
Mymensingh,2014,6,Maximum,10,250,B12
Mymensingh,2014,7,Maximum,9,110,B12
Mymensingh,2014,8,Maximum,8,110,B12
Mymensingh,2014,9,Maximum,8,320,B12
Mymensingh,2014,10,Maximum,6,310,B12
Mymensingh,2014,11,Maximum,2,310,B12
Mymensingh,2014,12,Maximum,5,300,B12
Mymensingh,2015,1,Maximum,6,270,B12
Mymensingh,2015,2,Maximum,6,310,B12
Mymensingh,2015,3,Maximum,6,270,B12
Mymensingh,2015,4,Maximum,9,50,B12
Mymensingh,2015,5,Maximum,8,50,B12
Mymensingh,2015,6,Maximum,8,130,B12
Mymensingh,2015,7,Maximum,10,70,B12
Mymensingh,2015,8,Maximum,10,120,B12
Mymensingh,2015,9,Maximum,9,130,B12
Mymensingh,2015,10,Maximum,10,130,B12
Mymensingh,2015,11,Maximum,9,70,B12
Mymensingh,2015,12,Maximum,4,90,B12
Mymensingh,2016,1,Maximum,9,270,B12
Mymensingh,2016,2,Maximum,6,50,B12
Mymensingh,2016,3,Maximum,9,360,B12
Mymensingh,2016,4,Maximum,13,180,B12
Mymensingh,2016,5,Maximum,12,180,B12
Mymensingh,2016,6,Maximum,9,180,B12
Mymensingh,2016,7,Maximum,12,180,B12
Mymensingh,2016,8,Maximum,15,90,B12
Mymensingh,2016,9,Maximum,6,130,B12
Mymensingh,2016,10,Maximum,6,90,B12
Mymensingh,2016,11,Maximum,4,70,B12
Mymensingh,2016,12,Maximum,6,310,B12
Sylhet,2011,1,Maximum,8,330,B12
Sylhet,2011,2,Maximum,12,310,B12
Sylhet,2011,3,Maximum,16,240,B12
Sylhet,2011,4,Maximum,17,270,B12
Sylhet,2011,5,Maximum,21,230,B12
Sylhet,2011,6,Maximum,12,360,B12
Sylhet,2011,7,Maximum,12,180,B12
Sylhet,2011,8,Maximum,18,230,B12
Sylhet,2011,9,Maximum,15,180,B12
Sylhet,2011,10,Maximum,14,130,B12
Sylhet,2011,11,Maximum,7,130,B12
Sylhet,2011,12,Maximum,8,270,B12
Sylhet,2012,1,Maximum,9,270,B12
Sylhet,2012,2,Maximum,12,270,B12
Sylhet,2012,3,Maximum,18,330,B12
Sylhet,2012,4,Maximum,15,310,B12
Sylhet,2012,5,Maximum,15,270,B12
Sylhet,2012,6,Maximum,17,230,B12
Sylhet,2012,7,Maximum,14,270,B12
Sylhet,2012,8,Maximum,12,150,B12
Sylhet,2012,9,Maximum,12,180,B12
Sylhet,2012,10,Maximum,8,360,B12
Sylhet,2012,11,Maximum,6,330,B12
Sylhet,2012,12,Maximum,9,270,B12
Sylhet,2013,1,Maximum,10,270,B12
Sylhet,2013,2,Maximum,12,240,B12
Sylhet,2013,3,Maximum,19,270,B12
Sylhet,2013,4,Maximum,14,260,B12
Sylhet,2013,5,Maximum,12,270,B12
Sylhet,2013,6,Maximum,14,50,B12
Sylhet,2013,7,Maximum,13,180,B12
Sylhet,2013,8,Maximum,9,260,B12
Sylhet,2013,9,Maximum,8,260,B12
Sylhet,2013,10,Maximum,10,70,B12
Sylhet,2013,11,Maximum,8,90,B12
Sylhet,2013,12,Maximum,8,260,B12
Sylhet,2014,1,Maximum,9,270,B12
Sylhet,2014,2,Maximum,16,250,B12
Sylhet,2014,3,Maximum,18,310,B12
Sylhet,2014,4,Maximum,12,310,B12
Sylhet,2014,5,Maximum,15,90,B12
Sylhet,2014,6,Maximum,16,210,B12
Sylhet,2014,7,Maximum,10,180,B12
Sylhet,2014,8,Maximum,12,360,B12
Sylhet,2014,9,Maximum,9,360,B12
Sylhet,2014,10,Maximum,8,230,B12
Sylhet,2014,11,Maximum,8,270,B12
Sylhet,2014,12,Maximum,6,270,B12
Sylhet,2015,1,Maximum,9,230,B12
Sylhet,2015,2,Maximum,14,230,B12
Sylhet,2015,3,Maximum,14,270,B12
Sylhet,2015,4,Maximum,19,230,B12
Sylhet,2015,5,Maximum,18,270,B12
Sylhet,2015,6,Maximum,10,180,B12
Sylhet,2015,7,Maximum,15,80,B12
Sylhet,2015,8,Maximum,16,290,B12
Sylhet,2015,9,Maximum,9,180,B12
Sylhet,2015,10,Maximum,8,90,B12
Sylhet,2015,11,Maximum,8,270,B12
Sylhet,2015,12,Maximum,12,270,B12
Sylhet,2016,1,Maximum,8,270,B12
Sylhet,2016,2,Maximum,9,210,B12
Sylhet,2016,3,Maximum,10,190,B12
Sylhet,2016,4,Maximum,36,360,B12
Sylhet,2016,5,Maximum,30,360,B12
Sylhet,2016,6,Maximum,12,210,B12
Sylhet,2016,7,Maximum,16,130,B12
Sylhet,2016,8,Maximum,12,180,B12
Sylhet,2016,9,Maximum,9,310,B12
Sylhet,2016,10,Maximum,8,310,B12
Sylhet,2016,11,Maximum,16,120,B12
Sylhet,2016,12,Maximum,8,130,B12
Srimangal,2011,1,Maximum,6,270,B12
Srimangal,2011,2,Maximum,8,310,B12
Srimangal,2011,3,Maximum,16,230,B12
Srimangal,2011,4,Maximum,5,180,B12
Srimangal,2011,5,Maximum,25,300,B12
Srimangal,2011,6,Maximum,7,140,B12
Srimangal,2011,7,Maximum,7,180,B12
Srimangal,2011,8,Maximum,7,150,B12
Srimangal,2011,9,Maximum,6,140,B12
Srimangal,2011,10,Maximum,10,270,B12
Srimangal,2011,11,Maximum,4,270,B12
Srimangal,2011,12,Maximum,5,270,B12
Srimangal,2012,1,Maximum,7,300,B12
Srimangal,2012,2,Maximum,9,230,B12
Srimangal,2012,3,Maximum,15,270,B12
Srimangal,2012,4,Maximum,10,310,B12
Srimangal,2012,5,Maximum,15,310,B12
Srimangal,2012,6,Maximum,10,160,B12
Srimangal,2012,7,Maximum,8,150,B12
Srimangal,2012,8,Maximum,6,140,B12
Srimangal,2012,9,Maximum,7,180,B12
Srimangal,2012,10,Maximum,8,290,B12
Srimangal,2012,11,Maximum,4,120,B12
Srimangal,2012,12,Maximum,4,220,B12
Srimangal,2013,1,Maximum,5,280,B12
Srimangal,2013,2,Maximum,9,280,B12
Srimangal,2013,3,Maximum,7,250,B12
Srimangal,2013,4,Maximum,14,310,B12
Srimangal,2013,5,Maximum,18,310,B12
Srimangal,2013,6,Maximum,8,150,B12
Srimangal,2013,7,Maximum,8,130,B12
Srimangal,2013,8,Maximum,6,180,B12
Srimangal,2013,9,Maximum,6,180,B12
Srimangal,2013,10,Maximum,8,270,B12
Srimangal,2013,11,Maximum,4,270,B12
Srimangal,2013,12,Maximum,4,300,B12
Srimangal,2014,1,Maximum,4,300,B12
Srimangal,2014,2,Maximum,6,300,B12
Srimangal,2014,3,Maximum,8,280,B12
Srimangal,2014,4,Maximum,8,300,B12
Srimangal,2014,5,Maximum,35,310,B12
Srimangal,2014,6,Maximum,8,180,B12
Srimangal,2014,7,Maximum,6,180,B12
Srimangal,2014,8,Maximum,8,160,B12
Srimangal,2014,9,Maximum,8,160,B12
Srimangal,2014,10,Maximum,5,270,B12
Srimangal,2014,11,Maximum,6,270,B12
Srimangal,2014,12,Maximum,6,30,B12
Srimangal,2015,1,Maximum,8,300,B12
Srimangal,2015,2,Maximum,11,250,B12
Srimangal,2015,3,Maximum,10,320,B12
Srimangal,2015,4,Maximum,14,290,B12
Srimangal,2015,5,Maximum,10,280,B12
Srimangal,2015,6,Maximum,8,270,B12
Srimangal,2015,7,Maximum,10,320,B12
Srimangal,2015,8,Maximum,9,140,B12
Srimangal,2015,9,Maximum,7,140,B12
Srimangal,2015,10,Maximum,5,180,B12
Srimangal,2015,11,Maximum,3,310,B12
Srimangal,2015,12,Maximum,6,100,B12
Srimangal,2016,1,Maximum,5,30,B12
Srimangal,2016,2,Maximum,6,270,B12
Srimangal,2016,3,Maximum,14,230,B12
Srimangal,2016,4,Maximum,12,180,B12
Srimangal,2016,5,Maximum,14,220,B12
Srimangal,2016,6,Maximum,5,120,B12
Srimangal,2016,7,Maximum,8,180,B12
Srimangal,2016,8,Maximum,8,130,B12
Srimangal,2016,9,Maximum,8,300,B12
Srimangal,2016,10,Maximum,4,160,B12
Srimangal,2016,11,Maximum,6,90,B12
Srimangal,2016,12,Maximum,5,150,B12
Ishurdi,2011,1,Maximum,8,310,B12
Ishurdi,2011,2,Maximum,8,310,B12
Ishurdi,2011,3,Maximum,10,270,B12
Ishurdi,2011,4,Maximum,9,270,B12
Ishurdi,2011,5,Maximum,14,310,B12
Ishurdi,2011,6,Maximum,10,90,B12
Ishurdi,2011,7,Maximum,5,130,B12
Ishurdi,2011,8,Maximum,8,130,B12
Ishurdi,2011,9,Maximum,7,180,B12
Ishurdi,2011,10,Maximum,5,310,B12
Ishurdi,2011,11,Maximum,4,310,B12
Ishurdi,2011,12,Maximum,5,360,B12
Ishurdi,2012,1,Maximum,6,310,B12
Ishurdi,2012,2,Maximum,6,310,B12
Ishurdi,2012,3,Maximum,8,310,B12
Ishurdi,2012,4,Maximum,8,270,B12
Ishurdi,2012,5,Maximum,10,270,B12
Ishurdi,2012,6,Maximum,12,360,B12
Ishurdi,2012,7,Maximum,7,130,B12
Ishurdi,2012,8,Maximum,8,130,B12
Ishurdi,2012,9,Maximum,8,130,B12
Ishurdi,2012,10,Maximum,4,210,B12
Ishurdi,2012,11,Maximum,5,310,B12
Ishurdi,2012,12,Maximum,4,360,B12
Ishurdi,2013,1,Maximum,7,310,B12
Ishurdi,2013,2,Maximum,6,310,B12
Ishurdi,2013,3,Maximum,8,310,B12
Ishurdi,2013,4,Maximum,9,270,B12
Ishurdi,2013,5,Maximum,12,130,B12
Ishurdi,2013,6,Maximum,7,270,B12
Ishurdi,2013,7,Maximum,10,130,B12
Ishurdi,2013,8,Maximum,10,130,B12
Ishurdi,2013,9,Maximum,8,130,B12
Ishurdi,2013,10,Maximum,8,360,B12
Ishurdi,2013,11,Maximum,10,360,B12
Ishurdi,2013,12,Maximum,7,310,B12
Ishurdi,2014,1,Maximum,7,360,B12
Ishurdi,2014,2,Maximum,4,310,B12
Ishurdi,2014,3,Maximum,14,230,B12
Ishurdi,2014,4,Maximum,10,50,B12
Ishurdi,2014,5,Maximum,14,270,B12
Ishurdi,2014,6,Maximum,8,270,B12
Ishurdi,2014,7,Maximum,10,130,B12
Ishurdi,2014,8,Maximum,13,90,B12
Ishurdi,2014,9,Maximum,7,130,B12
Ishurdi,2014,10,Maximum,4,50,B12
Ishurdi,2014,11,Maximum,3,360,B12
Ishurdi,2014,12,Maximum,6,270,B12
Ishurdi,2015,1,Maximum,4,360,B12
Ishurdi,2015,2,Maximum,4,180,B12
Ishurdi,2015,3,Maximum,6,310,B12
Ishurdi,2015,4,Maximum,12,270,B12
Ishurdi,2015,5,Maximum,8,90,B12
Ishurdi,2015,6,Maximum,8,130,B12
Ishurdi,2015,7,Maximum,8,50,B12
Ishurdi,2015,8,Maximum,8,180,B12
Ishurdi,2015,9,Maximum,5,130,B12
Ishurdi,2015,10,Maximum,3,90,B12
Ishurdi,2015,11,Maximum,3,360,B12
Ishurdi,2015,12,Maximum,6,360,B12
Ishurdi,2016,1,Maximum,5,360,B12
Ishurdi,2016,2,Maximum,5,270,B12
Ishurdi,2016,3,Maximum,5,180,B12
Ishurdi,2016,4,Maximum,12,180,B12
Ishurdi,2016,5,Maximum,7,130,B12
Ishurdi,2016,6,Maximum,4,180,B12
Ishurdi,2016,7,Maximum,8,180,B12
Ishurdi,2016,8,Maximum,12,130,B12
Ishurdi,2016,9,Maximum,4,180,B12
Ishurdi,2016,10,Maximum,5,360,B12
Ishurdi,2016,11,Maximum,6,310,B12
Ishurdi,2016,12,Maximum,4,360,B12
Dhaka,2011,1,Maximum,6,230,B12
Dhaka,2011,2,Maximum,6,320,B12
Dhaka,2011,3,Maximum,12,180,B12
Dhaka,2011,4,Maximum,8,320,B12
Dhaka,2011,5,Maximum,10,360,B12
Dhaka,2011,6,Maximum,12,90,B12
Dhaka,2011,7,Maximum,5,130,B12
Dhaka,2011,8,Maximum,5,130,B12
Dhaka,2011,9,Maximum,8,180,B12
Dhaka,2011,10,Maximum,4,360,B12
Dhaka,2011,11,Maximum,4,270,B12
Dhaka,2011,12,Maximum,5,360,B12
Dhaka,2012,1,Maximum,6,270,B12
Dhaka,2012,2,Maximum,9,270,B12
Dhaka,2012,3,Maximum,8,270,B12
Dhaka,2012,4,Maximum,10,360,B12
Dhaka,2012,5,Maximum,12,160,B12
Dhaka,2012,6,Maximum,12,180,B12
Dhaka,2012,7,Maximum,6,120,B12
Dhaka,2012,8,Maximum,6,90,B12
Dhaka,2012,9,Maximum,5,130,B12
Dhaka,2012,10,Maximum,3,180,B12
Dhaka,2012,11,Maximum,4,270,B12
Dhaka,2012,12,Maximum,5,90,B12
Dhaka,2013,1,Maximum,4,270,B12
Dhaka,2013,2,Maximum,6,270,B12
Dhaka,2013,3,Maximum,8,270,B12
Dhaka,2013,4,Maximum,7,130,B12
Dhaka,2013,5,Maximum,10,120,B12
Dhaka,2013,6,Maximum,10,130,B12
Dhaka,2013,7,Maximum,7,130,B12
Dhaka,2013,8,Maximum,7,130,B12
Dhaka,2013,9,Maximum,5,130,B12
Dhaka,2013,10,Maximum,8,110,B12
Dhaka,2013,11,Maximum,3,360,B12
Dhaka,2013,12,Maximum,4,360,B12
Dhaka,2014,1,Maximum,7,270,B12
Dhaka,2014,2,Maximum,8,270,B12
Dhaka,2014,3,Maximum,6,360,B12
Dhaka,2014,4,Maximum,18,360,B12
Dhaka,2014,5,Maximum,10,200,B12
Dhaka,2014,6,Maximum,6,180,B12
Dhaka,2014,7,Maximum,5,130,B12
Dhaka,2014,8,Maximum,9,300,B12
Dhaka,2014,9,Maximum,5,230,B12
Dhaka,2014,10,Maximum,7,60,B12
Dhaka,2014,11,Maximum,3,270,B12
Dhaka,2014,12,Maximum,4,270,B12
Dhaka,2015,1,Maximum,4,340,B12
Dhaka,2015,2,Maximum,6,240,B12
Dhaka,2015,3,Maximum,10,130,B12
Dhaka,2015,4,Maximum,10,240,B12
Dhaka,2015,5,Maximum,8,360,B12
Dhaka,2015,6,Maximum,12,270,B12
Dhaka,2015,7,Maximum,8,340,B12
Dhaka,2015,8,Maximum,9,230,B12
Dhaka,2015,9,Maximum,8,140,B12
Dhaka,2015,10,Maximum,4,90,B12
Dhaka,2015,11,Maximum,3,360,B12
Dhaka,2015,12,Maximum,6,330,B12
Dhaka,2016,1,Maximum,10,270,B12
Dhaka,2016,2,Maximum,9,190,B12
Dhaka,2016,3,Maximum,8,330,B12
Dhaka,2016,4,Maximum,8,210,B12
Dhaka,2016,5,Maximum,12,60,B12
Dhaka,2016,6,Maximum,5,80,B12
Dhaka,2016,7,Maximum,6,130,B12
Dhaka,2016,8,Maximum,5,130,B12
Dhaka,2016,9,Maximum,3,90,B12
Dhaka,2016,10,Maximum,5,60,B12
Dhaka,2016,11,Maximum,5,10,B12
Dhaka,2016,12,Maximum,3,310,B12
Comilla,2011,1,Maximum,10,180,B12
Comilla,2011,2,Maximum,6,180,B12
Comilla,2011,3,Maximum,18,270,B12
Comilla,2011,4,Maximum,7,310,B12
Comilla,2011,5,Maximum,5,180,B12
Comilla,2011,6,Maximum,6,180,B12
Comilla,2011,7,Maximum,6,180,B12
Comilla,2011,8,Maximum,6,180,B12
Comilla,2011,9,Maximum,8,180,B12
Comilla,2011,10,Maximum,5,360,B12
Comilla,2011,11,Maximum,3,360,B12
Comilla,2011,12,Maximum,4,360,B12
Comilla,2012,1,Maximum,4,310,B12
Comilla,2012,2,Maximum,4,310,B12
Comilla,2012,3,Maximum,7,180,B12
Comilla,2012,4,Maximum,12,50,B12
Comilla,2012,5,Maximum,13,180,B12
Comilla,2012,6,Maximum,8,180,B12
Comilla,2012,7,Maximum,8,180,B12
Comilla,2012,8,Maximum,5,180,B12
Comilla,2012,9,Maximum,5,180,B12
Comilla,2012,10,Maximum,16,230,B12
Comilla,2012,11,Maximum,4,360,B12
Comilla,2012,12,Maximum,4,50,B12
Comilla,2013,1,Maximum,7,310,B12
Comilla,2013,2,Maximum,8,330,B12
Comilla,2013,3,Maximum,6,220,B12
Comilla,2013,4,Maximum,15,310,B12
Comilla,2013,5,Maximum,13,40,B12
Comilla,2013,6,Maximum,12,180,B12
Comilla,2013,7,Maximum,9,180,B12
Comilla,2013,8,Maximum,9,130,B12
Comilla,2013,9,Maximum,8,180,B12
Comilla,2013,10,Maximum,9,180,B12
Comilla,2013,11,Maximum,4,360,B12
Comilla,2013,12,Maximum,4,310,B12
Comilla,2014,1,Maximum,5,290,B12
Comilla,2014,2,Maximum,9,360,B12
Comilla,2014,3,Maximum,7,310,B12
Comilla,2014,4,Maximum,14,50,B12
Comilla,2014,5,Maximum,10,220,B12
Comilla,2014,6,Maximum,8,180,B12
Comilla,2014,7,Maximum,8,140,B12
Comilla,2014,8,Maximum,7,180,B12
Comilla,2014,9,Maximum,5,180,B12
Comilla,2014,10,Maximum,4,310,B12
Comilla,2014,11,Maximum,3,310,B12
Comilla,2014,12,Maximum,4,310,B12
Comilla,2015,1,Maximum,6,310,B12
Comilla,2015,2,Maximum,5,310,B12
Comilla,2015,3,Maximum,8,360,B12
Comilla,2015,4,Maximum,13,350,B12
Comilla,2015,5,Maximum,18,80,B12
Comilla,2015,6,Maximum,14,180,B12
Comilla,2015,7,Maximum,12,50,B12
Comilla,2015,8,Maximum,15,180,B12
Comilla,2015,9,Maximum,7,270,B12
Comilla,2015,10,Maximum,4,30,B12
Comilla,2015,11,Maximum,5,310,B12
Comilla,2015,12,Maximum,8,360,B12
Comilla,2016,1,Maximum,7,310,B12
Comilla,2016,2,Maximum,6,270,B12
Comilla,2016,3,Maximum,18,310,B12
Comilla,2016,4,Maximum,16,200,B12
Comilla,2016,5,Maximum,18,50,B12
Comilla,2016,6,Maximum,12,180,B12
Comilla,2016,7,Maximum,12,230,B12
Comilla,2016,8,Maximum,14,130,B12
Comilla,2016,9,Maximum,9,130,B12
Comilla,2016,10,Maximum,8,190,B12
Comilla,2016,11,Maximum,12,50,B12
Comilla,2016,12,Maximum,4,310,B12
Chandpur,2011,1,Maximum,5,310,B12
Chandpur,2011,2,Maximum,7,360,B12
Chandpur,2011,3,Maximum,10,180,B12
Chandpur,2011,4,Maximum,8,310,B12
Chandpur,2011,5,Maximum,8,180,B12
Chandpur,2011,6,Maximum,8,180,B12
Chandpur,2011,7,Maximum,6,180,B12
Chandpur,2011,8,Maximum,6,180,B12
Chandpur,2011,9,Maximum,8,180,B12
Chandpur,2011,10,Maximum,4,360,B12
Chandpur,2011,11,Maximum,4,360,B12
Chandpur,2011,12,Maximum,4,360,B12
Chandpur,2012,1,Maximum,5,360,B12
Chandpur,2012,2,Maximum,4,360,B12
Chandpur,2012,3,Maximum,5,180,B12
Chandpur,2012,4,Maximum,6,180,B12
Chandpur,2012,5,Maximum,6,180,B12
Chandpur,2012,6,Maximum,10,180,B12
Chandpur,2012,7,Maximum,8,180,B12
Chandpur,2012,8,Maximum,6,180,B12
Chandpur,2012,9,Maximum,5,180,B12
Chandpur,2012,10,Maximum,6,180,B12
Chandpur,2012,11,Maximum,6,360,B12
Chandpur,2012,12,Maximum,6,360,B12
Chandpur,2013,1,Maximum,6,360,B12
Chandpur,2013,2,Maximum,8,360,B12
Chandpur,2013,3,Maximum,6,360,B12
Chandpur,2013,4,Maximum,6,180,B12
Chandpur,2013,5,Maximum,12,310,B12
Chandpur,2013,6,Maximum,6,270,B12
Chandpur,2013,7,Maximum,4,180,B12
Chandpur,2013,8,Maximum,6,130,B12
Chandpur,2013,9,Maximum,5,140,B12
Chandpur,2013,10,Maximum,5,180,B12
Chandpur,2013,11,Maximum,5,360,B12
Chandpur,2013,12,Maximum,4,360,B12
Chandpur,2014,1,Maximum,5,360,B12
Chandpur,2014,2,Maximum,5,360,B12
Chandpur,2014,3,Maximum,5,140,B12
Chandpur,2014,4,Maximum,8,180,B12
Chandpur,2014,5,Maximum,12,180,B12
Chandpur,2014,6,Maximum,5,180,B12
Chandpur,2014,7,Maximum,5,180,B12
Chandpur,2014,8,Maximum,5,180,B12
Chandpur,2014,9,Maximum,6,180,B12
Chandpur,2014,10,Maximum,5,360,B12
Chandpur,2014,11,Maximum,4,360,B12
Chandpur,2014,12,Maximum,6,360,B12
Chandpur,2015,1,Maximum,6,360,B12
Chandpur,2015,2,Maximum,5,360,B12
Chandpur,2015,3,Maximum,6,360,B12
Chandpur,2015,4,Maximum,6,180,B12
Chandpur,2015,5,Maximum,6,180,B12
Chandpur,2015,6,Maximum,6,180,B12
Chandpur,2015,7,Maximum,5,130,B12
Chandpur,2015,8,Maximum,8,230,B12
Chandpur,2015,9,Maximum,4,180,B12
Chandpur,2015,10,Maximum,4,130,B12
Chandpur,2015,11,Maximum,4,360,B12
Chandpur,2015,12,Maximum,4,270,B12
Chandpur,2016,1,Maximum,4,360,B12
Chandpur,2016,2,Maximum,6,360,B12
Chandpur,2016,3,Maximum,5,360,B12
Chandpur,2016,4,Maximum,10,180,B12
Chandpur,2016,5,Maximum,10,50,B12
Chandpur,2016,6,Maximum,4,180,B12
Chandpur,2016,7,Maximum,4,180,B12
Chandpur,2016,8,Maximum,8,180,B12
Chandpur,2016,9,Maximum,5,180,B12
Chandpur,2016,10,Maximum,6,180,B12
Chandpur,2016,11,Maximum,8,360,B12
Chandpur,2016,12,Maximum,6,360,B12
Jessore,2011,1,Maximum,10,280,B12
Jessore,2011,2,Maximum,16,360,B12
Jessore,2011,3,Maximum,22,270,B12
Jessore,2011,4,Maximum,20,260,B12
Jessore,2011,5,Maximum,20,350,B12
Jessore,2011,6,Maximum,28,70,B12
Jessore,2011,7,Maximum,18,210,B12
Jessore,2011,8,Maximum,18,110,B12
Jessore,2011,9,Maximum,17,120,B12
Jessore,2011,10,Maximum,16,110,B12
Jessore,2011,11,Maximum,7,80,B12
Jessore,2011,12,Maximum,8,360,B12
Jessore,2012,1,Maximum,10,20,B12
Jessore,2012,2,Maximum,10,360,B12
Jessore,2012,3,Maximum,60,280,B12
Jessore,2012,4,Maximum,27,270,B12
Jessore,2012,5,Maximum,21,230,B12
Jessore,2012,6,Maximum,21,210,B12
Jessore,2012,7,Maximum,17,230,B12
Jessore,2012,8,Maximum,17,130,B12
Jessore,2012,9,Maximum,18,170,B12
Jessore,2012,10,Maximum,16,40,B12
Jessore,2012,11,Maximum,10,360,B12
Jessore,2012,12,Maximum,8,360,B12
Jessore,2013,1,Maximum,10,360,B12
Jessore,2013,2,Maximum,12,40,B12
Jessore,2013,3,Maximum,12,280,B12
Jessore,2013,4,Maximum,18,240,B12
Jessore,2013,5,Maximum,30,160,B12
Jessore,2013,6,Maximum,20,110,B12
Jessore,2013,7,Maximum,16,110,B12
Jessore,2013,8,Maximum,18,80,B12
Jessore,2013,9,Maximum,20,180,B12
Jessore,2013,10,Maximum,18,160,B12
Jessore,2013,11,Maximum,10,350,B12
Jessore,2013,12,Maximum,8,280,B12
Jessore,2014,1,Maximum,12,360,B12
Jessore,2014,2,Maximum,16,30,B12
Jessore,2014,3,Maximum,16,220,B12
Jessore,2014,4,Maximum,17,180,B12
Jessore,2014,5,Maximum,20,290,B12
Jessore,2014,6,Maximum,16,260,B12
Jessore,2014,7,Maximum,18,140,B12
Jessore,2014,8,Maximum,17,120,B12
Jessore,2014,9,Maximum,14,180,B12
Jessore,2014,10,Maximum,16,110,B12
Jessore,2014,11,Maximum,7,300,B12
Jessore,2014,12,Maximum,6,40,B12
Jessore,2015,1,Maximum,8,360,B12
Jessore,2015,2,Maximum,10,290,B12
Jessore,2015,3,Maximum,34,240,B12
Jessore,2015,4,Maximum,18,230,B12
Jessore,2015,5,Maximum,22,280,B12
Jessore,2015,6,Maximum,18,200,B12
Jessore,2015,7,Maximum,17,10,B12
Jessore,2015,8,Maximum,16,230,B12
Jessore,2015,9,Maximum,12,270,B12
Jessore,2015,10,Maximum,16,90,B12
Jessore,2015,11,Maximum,6,350,B12
Jessore,2015,12,Maximum,8,20,B12
Jessore,2016,1,Maximum,6,350,B12
Jessore,2016,2,Maximum,60,60,B12
Jessore,2016,3,Maximum,36,10,B12
Jessore,2016,4,Maximum,20,210,B12
Jessore,2016,5,Maximum,24,360,B12
Jessore,2016,6,Maximum,12,240,B12
Jessore,2016,7,Maximum,16,180,B12
Jessore,2016,8,Maximum,27,270,B12
Jessore,2016,9,Maximum,12,290,B12
Jessore,2016,10,Maximum,12,180,B12
Jessore,2016,11,Maximum,6,360,B12
Jessore,2016,12,Maximum,7,350,B12
Faridpur,2011,1,Maximum,4,310,B12
Faridpur,2011,2,Maximum,6,360,B12
Faridpur,2011,3,Maximum,18,360,B12
Faridpur,2011,4,Maximum,6,50,B12
Faridpur,2011,5,Maximum,9,310,B12
Faridpur,2011,6,Maximum,16,90,B12
Faridpur,2011,7,Maximum,5,180,B12
Faridpur,2011,8,Maximum,7,140,B12
Faridpur,2011,9,Maximum,7,130,B12
Faridpur,2011,10,Maximum,3,150,B12
Faridpur,2011,11,Maximum,6,290,B12
Faridpur,2011,12,Maximum,4,120,B12
Faridpur,2012,1,Maximum,5,340,B12
Faridpur,2012,2,Maximum,5,260,B12
Faridpur,2012,3,Maximum,7,350,B12
Faridpur,2012,4,Maximum,7,200,B12
Faridpur,2012,5,Maximum,8,340,B12
Faridpur,2012,6,Maximum,12,360,B12
Faridpur,2012,7,Maximum,7,170,B12
Faridpur,2012,8,Maximum,7,130,B12
Faridpur,2012,9,Maximum,7,90,B12
Faridpur,2012,10,Maximum,3,230,B12
Faridpur,2012,11,Maximum,4,90,B12
Faridpur,2012,12,Maximum,4,310,B12
Faridpur,2013,1,Maximum,4,340,B12
Faridpur,2013,2,Maximum,5,360,B12
Faridpur,2013,3,Maximum,5,310,B12
Faridpur,2013,4,Maximum,6,200,B12
Faridpur,2013,5,Maximum,12,90,B12
Faridpur,2013,6,Maximum,9,200,B12
Faridpur,2013,7,Maximum,6,130,B12
Faridpur,2013,8,Maximum,8,140,B12
Faridpur,2013,9,Maximum,4,90,B12
Faridpur,2013,10,Maximum,6,130,B12
Faridpur,2013,11,Maximum,4,340,B12
Faridpur,2013,12,Maximum,3,290,B12
Faridpur,2014,1,Maximum,6,330,B12
Faridpur,2014,2,Maximum,6,360,B12
Faridpur,2014,3,Maximum,8,250,B12
Faridpur,2014,4,Maximum,7,360,B12
Faridpur,2014,5,Maximum,7,180,B12
Faridpur,2014,6,Maximum,7,270,B12
Faridpur,2014,7,Maximum,10,90,B12
Faridpur,2014,8,Maximum,6,130,B12
Faridpur,2014,9,Maximum,7,110,B12
Faridpur,2014,10,Maximum,3,100,B12
Faridpur,2014,11,Maximum,2,310,B12
Faridpur,2014,12,Maximum,4,360,B12
Faridpur,2015,1,Maximum,4,310,B12
Faridpur,2015,2,Maximum,4,320,B12
Faridpur,2015,3,Maximum,5,360,B12
Faridpur,2015,4,Maximum,7,310,B12
Faridpur,2015,5,Maximum,6,90,B12
Faridpur,2015,6,Maximum,8,130,B12
Faridpur,2015,7,Maximum,10,110,B12
Faridpur,2015,8,Maximum,5,130,B12
Faridpur,2015,9,Maximum,3,270,B12
Faridpur,2015,10,Maximum,3,130,B12
Faridpur,2015,11,Maximum,2,130,B12
Faridpur,2015,12,Maximum,4,360,B12
Faridpur,2016,1,Maximum,3,310,B12
Faridpur,2016,2,Maximum,3,290,B12
Faridpur,2016,3,Maximum,12,360,B12
Faridpur,2016,4,Maximum,7,180,B12
Faridpur,2016,5,Maximum,12,50,B12
Faridpur,2016,6,Maximum,5,180,B12
Faridpur,2016,7,Maximum,6,110,B12
Faridpur,2016,8,Maximum,15,120,B12
Faridpur,2016,9,Maximum,3,120,B12
Faridpur,2016,10,Maximum,3,130,B12
Faridpur,2016,11,Maximum,3,360,B12
Faridpur,2016,12,Maximum,4,320,B12
Madaripur,2011,1,Maximum,4,360,B12
Madaripur,2011,2,Maximum,4,360,B12
Madaripur,2011,3,Maximum,5,180,B12
Madaripur,2011,4,Maximum,5,180,B12
Madaripur,2011,5,Maximum,8,310,B12
Madaripur,2011,6,Maximum,7,90,B12
Madaripur,2011,7,Maximum,10,180,B12
Madaripur,2011,8,Maximum,6,180,B12
Madaripur,2011,9,Maximum,3,180,B12
Madaripur,2011,10,Maximum,1,180,B12
Madaripur,2011,11,Maximum,2,360,B12
Madaripur,2011,12,Maximum,1,360,B12
Madaripur,2012,1,Maximum,2,360,B12
Madaripur,2012,2,Maximum,2,270,B12
Madaripur,2012,3,Maximum,2,180,B12
Madaripur,2012,4,Maximum,5,310,B12
Madaripur,2012,5,Maximum,6,60,B12
Madaripur,2012,6,Maximum,4,180,B12
Madaripur,2012,7,Maximum,5,180,B12
Madaripur,2012,8,Maximum,5,140,B12
Madaripur,2012,9,Maximum,3,180,B12
Madaripur,2012,10,Maximum,1,360,B12
Madaripur,2012,11,Maximum,1,180,B12
Madaripur,2012,12,Maximum,2,300,B12
Madaripur,2013,1,Maximum,4,360,B12
Madaripur,2013,2,Maximum,4,360,B12
Madaripur,2013,3,Maximum,2,210,B12
Madaripur,2013,4,Maximum,9,180,B12
Madaripur,2013,5,Maximum,4,130,B12
Madaripur,2013,6,Maximum,2,130,B12
Madaripur,2013,7,Maximum,2,150,B12
Madaripur,2013,8,Maximum,4,130,B12
Madaripur,2013,9,Maximum,2,90,B12
Madaripur,2013,10,Maximum,3,180,B12
Madaripur,2013,11,Maximum,2,10,B12
Madaripur,2013,12,Maximum,0,0,B12
Madaripur,2014,1,Maximum,2,360,B12
Madaripur,2014,2,Maximum,4,360,B12
Madaripur,2014,3,Maximum,8,360,B12
Madaripur,2014,5,Maximum,4,180,B12
Madaripur,2014,6,Maximum,3,180,B12
Madaripur,2014,7,Maximum,3,180,B12
Madaripur,2014,8,Maximum,3,140,B12
Madaripur,2014,9,Maximum,4,140,B12
Madaripur,2014,10,Maximum,2,130,B12
Madaripur,2014,11,Maximum,2,140,B12
Madaripur,2014,12,Maximum,2,360,B12
Madaripur,2015,1,Maximum,3,360,B12
Madaripur,2015,2,Maximum,4,300,B12
Madaripur,2015,3,Maximum,4,50,B12
Madaripur,2015,4,Maximum,5,160,B12
Madaripur,2015,5,Maximum,6,150,B12
Madaripur,2015,6,Maximum,4,140,B12
Madaripur,2015,7,Maximum,5,180,B12
Madaripur,2015,8,Maximum,5,180,B12
Madaripur,2015,9,Maximum,3,130,B12
Madaripur,2015,10,Maximum,13,20,B12
Madaripur,2015,11,Maximum,3,360,B12
Madaripur,2015,12,Maximum,3,360,B12
Madaripur,2016,1,Maximum,3,360,B12
Madaripur,2016,2,Maximum,3,180,B12
Madaripur,2016,3,Maximum,6,130,B12
Madaripur,2016,4,Maximum,5,180,B12
Madaripur,2016,5,Maximum,7,130,B12
Madaripur,2016,6,Maximum,3,180,B12
Madaripur,2016,7,Maximum,3,180,B12
Madaripur,2016,8,Maximum,7,140,B12
Madaripur,2016,9,Maximum,3,150,B12
Madaripur,2016,10,Maximum,3,300,B12
Madaripur,2016,11,Maximum,3,360,B12
Madaripur,2016,12,Maximum,3,360,B12
Khulna,2011,1,Maximum,4,310,B12
Khulna,2011,2,Maximum,6,330,B12
Khulna,2011,3,Maximum,12,270,B12
Khulna,2011,4,Maximum,8,330,B12
Khulna,2011,5,Maximum,12,310,B12
Khulna,2011,6,Maximum,16,90,B12
Khulna,2011,7,Maximum,6,180,B12
Khulna,2011,8,Maximum,10,130,B12
Khulna,2011,9,Maximum,10,130,B12
Khulna,2011,10,Maximum,4,130,B12
Khulna,2011,11,Maximum,3,340,B12
Khulna,2011,12,Maximum,4,330,B12
Khulna,2012,1,Maximum,4,360,B12
Khulna,2012,2,Maximum,4,340,B12
Khulna,2012,3,Maximum,5,220,B12
Khulna,2012,4,Maximum,10,310,B12
Khulna,2012,5,Maximum,10,230,B12
Khulna,2012,6,Maximum,8,180,B12
Khulna,2012,7,Maximum,6,130,B12
Khulna,2012,8,Maximum,6,180,B12
Khulna,2012,9,Maximum,4,130,B12
Khulna,2012,10,Maximum,4,130,B12
Khulna,2012,11,Maximum,3,270,B12
Khulna,2012,12,Maximum,3,360,B12
Khulna,2013,1,Maximum,4,330,B12
Khulna,2013,2,Maximum,5,310,B12
Khulna,2013,3,Maximum,4,180,B12
Khulna,2013,4,Maximum,8,360,B12
Khulna,2013,5,Maximum,12,130,B12
Khulna,2013,6,Maximum,5,130,B12
Khulna,2013,7,Maximum,6,130,B12
Khulna,2013,8,Maximum,6,130,B12
Khulna,2013,9,Maximum,4,90,B12
Khulna,2013,10,Maximum,12,130,B12
Khulna,2013,11,Maximum,4,310,B12
Khulna,2013,12,Maximum,4,330,B12
Khulna,2014,1,Maximum,3,360,B12
Khulna,2014,2,Maximum,10,310,B12
Khulna,2014,3,Maximum,8,310,B12
Khulna,2014,4,Maximum,12,90,B12
Khulna,2014,5,Maximum,8,180,B12
Khulna,2014,6,Maximum,6,180,B12
Khulna,2014,7,Maximum,8,130,B12
Khulna,2014,8,Maximum,12,90,B12
Khulna,2014,9,Maximum,4,180,B12
Khulna,2014,10,Maximum,3,130,B12
Khulna,2014,11,Maximum,3,320,B12
Khulna,2014,12,Maximum,3,320,B12
Khulna,2015,1,Maximum,4,360,B12
Khulna,2015,2,Maximum,4,180,B12
Khulna,2015,3,Maximum,6,310,B12
Khulna,2015,4,Maximum,10,310,B12
Khulna,2015,5,Maximum,14,180,B12
Khulna,2015,6,Maximum,12,180,B12
Khulna,2015,7,Maximum,9,50,B12
Khulna,2015,8,Maximum,10,130,B12
Khulna,2015,9,Maximum,9,130,B12
Khulna,2015,10,Maximum,8,180,B12
Khulna,2015,11,Maximum,4,310,B12
Khulna,2015,12,Maximum,6,310,B12
Khulna,2016,1,Maximum,6,310,B12
Khulna,2016,2,Maximum,7,130,B12
Khulna,2016,3,Maximum,8,180,B12
Khulna,2016,4,Maximum,8,210,B12
Khulna,2016,5,Maximum,12,50,B12
Khulna,2016,6,Maximum,8,130,B12
Khulna,2016,7,Maximum,23,20,B12
Khulna,2016,8,Maximum,12,130,B12
Khulna,2016,9,Maximum,6,180,B12
Khulna,2016,10,Maximum,3,130,B12
Khulna,2016,11,Maximum,6,60,B12
Khulna,2016,12,Maximum,3,360,B12
Satkhira,2011,1,Maximum,5,340,B12
Satkhira,2011,2,Maximum,7,340,B12
Satkhira,2011,3,Maximum,7,180,B12
Satkhira,2011,4,Maximum,5,300,B12
Satkhira,2011,5,Maximum,22,320,B12
Satkhira,2011,6,Maximum,9,50,B12
Satkhira,2011,7,Maximum,3,90,B12
Satkhira,2011,8,Maximum,8,90,B12
Satkhira,2011,9,Maximum,4,120,B12
Satkhira,2011,10,Maximum,3,360,B12
Satkhira,2011,11,Maximum,4,360,B12
Satkhira,2011,12,Maximum,4,360,B12
Satkhira,2012,1,Maximum,4,360,B12
Satkhira,2012,2,Maximum,6,340,B12
Satkhira,2012,3,Maximum,9,310,B12
Satkhira,2012,4,Maximum,13,270,B12
Satkhira,2012,5,Maximum,10,330,B12
Satkhira,2012,6,Maximum,8,230,B12
Satkhira,2012,7,Maximum,4,180,B12
Satkhira,2012,8,Maximum,4,110,B12
Satkhira,2012,9,Maximum,4,90,B12
Satkhira,2012,10,Maximum,5,210,B12
Satkhira,2012,11,Maximum,3,340,B12
Satkhira,2012,12,Maximum,5,180,B12
Satkhira,2013,1,Maximum,5,360,B12
Satkhira,2013,2,Maximum,8,360,B12
Satkhira,2013,3,Maximum,6,270,B12
Satkhira,2013,4,Maximum,6,180,B12
Satkhira,2013,5,Maximum,16,110,B12
Satkhira,2013,6,Maximum,4,90,B12
Satkhira,2013,7,Maximum,7,110,B12
Satkhira,2013,8,Maximum,6,150,B12
Satkhira,2013,9,Maximum,5,90,B12
Satkhira,2013,10,Maximum,5,120,B12
Satkhira,2013,11,Maximum,4,360,B12
Satkhira,2013,12,Maximum,4,330,B12
Satkhira,2014,1,Maximum,5,330,B12
Satkhira,2014,2,Maximum,5,270,B12
Satkhira,2014,3,Maximum,5,60,B12
Satkhira,2014,4,Maximum,6,90,B12
Satkhira,2014,5,Maximum,8,180,B12
Satkhira,2014,6,Maximum,4,180,B12
Satkhira,2014,7,Maximum,4,120,B12
Satkhira,2014,8,Maximum,10,90,B12
Satkhira,2014,9,Maximum,6,60,B12
Satkhira,2014,10,Maximum,3,360,B12
Satkhira,2014,11,Maximum,4,360,B12
Satkhira,2014,12,Maximum,4,360,B12
Satkhira,2015,1,Maximum,4,360,B12
Satkhira,2015,2,Maximum,5,360,B12
Satkhira,2015,3,Maximum,6,300,B12
Satkhira,2015,4,Maximum,12,220,B12
Satkhira,2015,5,Maximum,6,20,B12
Satkhira,2015,6,Maximum,4,310,B12
Satkhira,2015,7,Maximum,5,260,B12
Satkhira,2015,8,Maximum,15,220,B12
Satkhira,2015,9,Maximum,3,120,B12
Satkhira,2015,10,Maximum,3,40,B12
Satkhira,2015,11,Maximum,3,30,B12
Satkhira,2015,12,Maximum,5,50,B12
Satkhira,2016,1,Maximum,4,360,B12
Satkhira,2016,2,Maximum,4,30,B12
Satkhira,2016,3,Maximum,4,200,B12
Satkhira,2016,4,Maximum,8,180,B12
Satkhira,2016,5,Maximum,6,330,B12
Satkhira,2016,6,Maximum,3,230,B12
Satkhira,2016,7,Maximum,4,180,B12
Satkhira,2016,8,Maximum,14,270,B12
Satkhira,2016,9,Maximum,4,180,B12
Satkhira,2016,10,Maximum,2,330,B12
Satkhira,2016,11,Maximum,3,50,B12
Satkhira,2016,12,Maximum,4,360,B12
Barisal,2011,1,Maximum,5,360,B12
Barisal,2011,2,Maximum,12,360,B12
Barisal,2011,3,Maximum,13,200,B12
Barisal,2011,4,Maximum,6,310,B12
Barisal,2011,5,Maximum,8,310,B12
Barisal,2011,6,Maximum,24,160,B12
Barisal,2011,7,Maximum,12,200,B12
Barisal,2011,8,Maximum,10,180,B12
Barisal,2011,9,Maximum,10,150,B12
Barisal,2011,10,Maximum,4,150,B12
Barisal,2011,11,Maximum,3,310,B12
Barisal,2011,12,Maximum,5,320,B12
Barisal,2012,1,Maximum,6,300,B12
Barisal,2012,2,Maximum,6,250,B12
Barisal,2012,3,Maximum,8,180,B12
Barisal,2012,4,Maximum,10,230,B12
Barisal,2012,5,Maximum,6,180,B12
Barisal,2012,6,Maximum,8,150,B12
Barisal,2012,7,Maximum,6,90,B12
Barisal,2012,8,Maximum,6,130,B12
Barisal,2012,9,Maximum,3,130,B12
Barisal,2012,10,Maximum,4,180,B12
Barisal,2012,11,Maximum,2,310,B12
Barisal,2012,12,Maximum,4,360,B12
Barisal,2013,1,Maximum,6,310,B12
Barisal,2013,2,Maximum,6,330,B12
Barisal,2013,3,Maximum,6,180,B12
Barisal,2013,4,Maximum,8,90,B12
Barisal,2013,5,Maximum,20,50,B12
Barisal,2013,6,Maximum,7,150,B12
Barisal,2013,7,Maximum,8,180,B12
Barisal,2013,8,Maximum,6,180,B12
Barisal,2013,9,Maximum,7,180,B12
Barisal,2013,10,Maximum,10,130,B12
Barisal,2013,11,Maximum,3,300,B12
Barisal,2013,12,Maximum,3,320,B12
Barisal,2014,1,Maximum,5,320,B12
Barisal,2014,2,Maximum,8,320,B12
Barisal,2014,3,Maximum,5,270,B12
Barisal,2014,4,Maximum,12,180,B12
Barisal,2014,5,Maximum,6,260,B12
Barisal,2014,6,Maximum,5,120,B12
Barisal,2014,7,Maximum,7,120,B12
Barisal,2014,8,Maximum,6,130,B12
Barisal,2014,9,Maximum,5,180,B12
Barisal,2014,10,Maximum,5,210,B12
Barisal,2014,11,Maximum,2,320,B12
Barisal,2014,12,Maximum,3,310,B12
Barisal,2015,1,Maximum,3,330,B12
Barisal,2015,2,Maximum,10,320,B12
Barisal,2015,3,Maximum,6,360,B12
Barisal,2015,4,Maximum,8,150,B12
Barisal,2015,5,Maximum,7,160,B12
Barisal,2015,6,Maximum,8,220,B12
Barisal,2015,7,Maximum,10,320,B12
Barisal,2015,8,Maximum,15,180,B12
Barisal,2015,9,Maximum,6,270,B12
Barisal,2015,10,Maximum,6,130,B12
Barisal,2015,11,Maximum,4,120,B12
Barisal,2015,12,Maximum,4,30,B12
Barisal,2016,1,Maximum,4,300,B12
Barisal,2016,2,Maximum,4,220,B12
Barisal,2016,3,Maximum,7,200,B12
Barisal,2016,4,Maximum,10,210,B12
Barisal,2016,5,Maximum,20,50,B12
Barisal,2016,6,Maximum,6,180,B12
Barisal,2016,7,Maximum,8,150,B12
Barisal,2016,8,Maximum,15,210,B12
Barisal,2016,9,Maximum,8,210,B12
Barisal,2016,10,Maximum,8,120,B12
Barisal,2016,11,Maximum,12,30,B12
Barisal,2016,12,Maximum,4,300,B12
Bhola,2011,1,Maximum,3,310,B12
Bhola,2011,2,Maximum,4,270,B12
Bhola,2011,3,Maximum,6,230,B12
Bhola,2011,4,Maximum,5,310,B12
Bhola,2011,5,Maximum,7,310,B12
Bhola,2011,6,Maximum,6,130,B12
Bhola,2011,7,Maximum,4,180,B12
Bhola,2011,8,Maximum,4,130,B12
Bhola,2011,9,Maximum,4,50,B12
Bhola,2011,10,Maximum,4,90,B12
Bhola,2011,11,Maximum,2,320,B12
Bhola,2011,12,Maximum,3,340,B12
Bhola,2012,1,Maximum,4,320,B12
Bhola,2012,2,Maximum,3,320,B12
Bhola,2012,3,Maximum,5,230,B12
Bhola,2012,4,Maximum,7,180,B12
Bhola,2012,5,Maximum,6,310,B12
Bhola,2012,6,Maximum,5,210,B12
Bhola,2012,7,Maximum,4,180,B12
Bhola,2012,8,Maximum,4,180,B12
Bhola,2012,9,Maximum,5,130,B12
Bhola,2012,10,Maximum,8,180,B12
Bhola,2012,11,Maximum,3,50,B12
Bhola,2012,12,Maximum,3,310,B12
Bhola,2013,1,Maximum,3,320,B12
Bhola,2013,2,Maximum,4,340,B12
Bhola,2013,3,Maximum,4,330,B12
Bhola,2013,4,Maximum,5,180,B12
Bhola,2013,5,Maximum,30,40,B12
Bhola,2013,6,Maximum,20,90,B12
Bhola,2013,7,Maximum,14,100,B12
Bhola,2013,8,Maximum,16,100,B12
Bhola,2013,9,Maximum,8,130,B12
Bhola,2013,10,Maximum,8,90,B12
Bhola,2013,11,Maximum,2,310,B12
Bhola,2013,12,Maximum,3,280,B12
Bhola,2014,1,Maximum,6,240,B12
Bhola,2014,2,Maximum,12,290,B12
Bhola,2014,3,Maximum,6,340,B12
Bhola,2014,4,Maximum,16,340,B12
Bhola,2014,5,Maximum,16,310,B12
Bhola,2014,6,Maximum,6,190,B12
Bhola,2014,7,Maximum,8,130,B12
Bhola,2014,8,Maximum,10,110,B12
Bhola,2014,9,Maximum,8,130,B12
Bhola,2014,10,Maximum,3,150,B12
Bhola,2014,11,Maximum,2,120,B12
Bhola,2014,12,Maximum,1,310,B12
Bhola,2015,1,Maximum,3,350,B12
Bhola,2015,2,Maximum,6,220,B12
Bhola,2015,3,Maximum,4,310,B12
Bhola,2015,4,Maximum,5,210,B12
Bhola,2015,5,Maximum,6,310,B12
Bhola,2015,6,Maximum,4,130,B12
Bhola,2015,7,Maximum,8,50,B12
Bhola,2015,8,Maximum,4,100,B12
Bhola,2015,9,Maximum,3,130,B12
Bhola,2015,10,Maximum,2,70,B12
Bhola,2015,11,Maximum,2,310,B12
Bhola,2015,12,Maximum,2,320,B12
Bhola,2016,1,Maximum,3,290,B12
Bhola,2016,2,Maximum,3,230,B12
Bhola,2016,3,Maximum,3,220,B12
Bhola,2016,4,Maximum,6,140,B12
Bhola,2016,5,Maximum,13,50,B12
Bhola,2016,6,Maximum,4,120,B12
Bhola,2016,7,Maximum,10,230,B12
Bhola,2016,8,Maximum,12,210,B12
Bhola,2016,9,Maximum,4,130,B12
Bhola,2016,10,Maximum,3,50,B12
Bhola,2016,11,Maximum,10,200,B12
Bhola,2016,12,Maximum,1,50,B12
Feni,2011,1,Maximum,4,180,B12
Feni,2011,2,Maximum,8,180,B12
Feni,2011,3,Maximum,12,160,B12
Feni,2011,4,Maximum,5,130,B12
Feni,2011,5,Maximum,8,180,B12
Feni,2011,6,Maximum,7,130,B12
Feni,2011,7,Maximum,8,160,B12
Feni,2011,8,Maximum,6,140,B12
Feni,2011,9,Maximum,5,180,B12
Feni,2011,10,Maximum,3,180,B12
Feni,2011,11,Maximum,3,180,B12
Feni,2011,12,Maximum,3,270,B12
Feni,2012,1,Maximum,4,310,B12
Feni,2012,2,Maximum,5,230,B12
Feni,2012,3,Maximum,6,150,B12
Feni,2012,4,Maximum,10,270,B12
Feni,2012,5,Maximum,12,180,B12
Feni,2012,6,Maximum,8,180,B12
Feni,2012,7,Maximum,10,180,B12
Feni,2012,8,Maximum,6,130,B12
Feni,2012,9,Maximum,5,160,B12
Feni,2012,10,Maximum,4,160,B12
Feni,2012,11,Maximum,4,180,B12
Feni,2012,12,Maximum,4,310,B12
Feni,2013,1,Maximum,3,310,B12
Feni,2013,2,Maximum,8,290,B12
Feni,2013,3,Maximum,8,180,B12
Feni,2013,4,Maximum,13,260,B12
Feni,2013,5,Maximum,12,270,B12
Feni,2013,6,Maximum,6,160,B12
Feni,2013,7,Maximum,8,150,B12
Feni,2013,8,Maximum,10,180,B12
Feni,2013,9,Maximum,6,150,B12
Feni,2013,10,Maximum,4,180,B12
Feni,2013,11,Maximum,3,300,B12
Feni,2013,12,Maximum,2,310,B12
Feni,2014,1,Maximum,4,310,B12
Feni,2014,2,Maximum,7,290,B12
Feni,2014,3,Maximum,8,250,B12
Feni,2014,4,Maximum,10,270,B12
Feni,2014,5,Maximum,8,180,B12
Feni,2014,6,Maximum,8,230,B12
Feni,2014,7,Maximum,8,150,B12
Feni,2014,8,Maximum,8,150,B12
Feni,2014,9,Maximum,10,140,B12
Feni,2014,10,Maximum,6,230,B12
Feni,2014,11,Maximum,4,290,B12
Feni,2014,12,Maximum,5,310,B12
Feni,2015,1,Maximum,6,310,B12
Feni,2015,2,Maximum,5,130,B12
Feni,2015,3,Maximum,8,130,B12
Feni,2015,4,Maximum,8,270,B12
Feni,2015,5,Maximum,6,160,B12
Feni,2015,6,Maximum,8,160,B12
Feni,2015,7,Maximum,8,90,B12
Feni,2015,8,Maximum,12,140,B12
Feni,2015,9,Maximum,6,180,B12
Feni,2015,10,Maximum,4,270,B12
Feni,2015,11,Maximum,5,70,B12
Feni,2015,12,Maximum,4,310,B12
Feni,2016,1,Maximum,6,310,B12
Feni,2016,2,Maximum,8,230,B12
Feni,2016,3,Maximum,10,310,B12
Feni,2016,4,Maximum,10,180,B12
Feni,2016,5,Maximum,13,130,B12
Feni,2016,6,Maximum,8,160,B12
Feni,2016,7,Maximum,10,150,B12
Feni,2016,8,Maximum,8,180,B12
Feni,2016,9,Maximum,8,150,B12
Feni,2016,10,Maximum,5,130,B12
Feni,2016,11,Maximum,4,40,B12
Feni,2016,12,Maximum,4,180,B12
Maijdi Court,2011,1,Maximum,8,310,B12
Maijdi Court,2011,2,Maximum,8,360,B12
Maijdi Court,2011,3,Maximum,13,50,B12
Maijdi Court,2011,4,Maximum,8,130,B12
Maijdi Court,2011,5,Maximum,10,310,B12
Maijdi Court,2011,6,Maximum,20,130,B12
Maijdi Court,2011,7,Maximum,7,130,B12
Maijdi Court,2011,8,Maximum,15,130,B12
Maijdi Court,2011,9,Maximum,15,130,B12
Maijdi Court,2011,10,Maximum,6,210,B12
Maijdi Court,2011,11,Maximum,5,310,B12
Maijdi Court,2011,12,Maximum,6,360,B12
Maijdi Court,2012,1,Maximum,9,270,B12
Maijdi Court,2012,2,Maximum,8,90,B12
Maijdi Court,2012,3,Maximum,10,130,B12
Maijdi Court,2012,4,Maximum,8,180,B12
Maijdi Court,2012,5,Maximum,25,180,B12
Maijdi Court,2012,6,Maximum,8,180,B12
Maijdi Court,2012,7,Maximum,8,130,B12
Maijdi Court,2012,8,Maximum,8,130,B12
Maijdi Court,2012,9,Maximum,8,130,B12
Maijdi Court,2012,10,Maximum,12,310,B12
Maijdi Court,2012,11,Maximum,6,360,B12
Maijdi Court,2012,12,Maximum,3,320,B12
Maijdi Court,2013,1,Maximum,6,310,B12
Maijdi Court,2013,2,Maximum,10,310,B12
Maijdi Court,2013,3,Maximum,8,360,B12
Maijdi Court,2013,4,Maximum,9,130,B12
Maijdi Court,2013,5,Maximum,16,90,B12
Maijdi Court,2013,6,Maximum,12,130,B12
Maijdi Court,2013,7,Maximum,16,130,B12
Maijdi Court,2013,8,Maximum,12,130,B12
Maijdi Court,2013,9,Maximum,12,180,B12
Maijdi Court,2013,10,Maximum,12,180,B12
Maijdi Court,2013,11,Maximum,8,310,B12
Maijdi Court,2013,12,Maximum,9,310,B12
Maijdi Court,2014,1,Maximum,8,310,B12
Maijdi Court,2014,2,Maximum,12,310,B12
Maijdi Court,2014,3,Maximum,12,50,B12
Maijdi Court,2014,4,Maximum,15,360,B12
Maijdi Court,2014,5,Maximum,12,180,B12
Maijdi Court,2014,6,Maximum,11,220,B12
Maijdi Court,2014,7,Maximum,16,180,B12
Maijdi Court,2014,8,Maximum,16,180,B12
Maijdi Court,2014,9,Maximum,13,180,B12
Maijdi Court,2014,10,Maximum,8,90,B12
Maijdi Court,2014,11,Maximum,5,130,B12
Maijdi Court,2014,12,Maximum,6,310,B12
Maijdi Court,2015,1,Maximum,8,310,B12
Maijdi Court,2015,2,Maximum,6,360,B12
Maijdi Court,2015,3,Maximum,12,310,B12
Maijdi Court,2015,4,Maximum,12,310,B12
Maijdi Court,2015,5,Maximum,13,360,B12
Maijdi Court,2015,6,Maximum,12,130,B12
Maijdi Court,2015,7,Maximum,12,90,B12
Maijdi Court,2015,8,Maximum,13,130,B12
Maijdi Court,2015,9,Maximum,12,130,B12
Maijdi Court,2015,10,Maximum,8,50,B12
Maijdi Court,2015,11,Maximum,6,310,B12
Maijdi Court,2015,12,Maximum,6,310,B12
Maijdi Court,2016,1,Maximum,6,360,B12
Maijdi Court,2016,2,Maximum,8,130,B12
Maijdi Court,2016,3,Maximum,14,130,B12
Maijdi Court,2016,4,Maximum,12,180,B12
Maijdi Court,2016,5,Maximum,30,90,B12
Maijdi Court,2016,6,Maximum,8,130,B12
Maijdi Court,2016,7,Maximum,12,130,B12
Maijdi Court,2016,8,Maximum,12,130,B12
Maijdi Court,2016,9,Maximum,8,130,B12
Maijdi Court,2016,10,Maximum,13,50,B12
Maijdi Court,2016,11,Maximum,9,40,B12
Maijdi Court,2016,12,Maximum,6,310,B12
Hatiya,2011,1,Maximum,4,50,B12
Hatiya,2011,2,Maximum,6,360,B12
Hatiya,2011,3,Maximum,15,130,B12
Hatiya,2011,4,Maximum,6,220,B12
Hatiya,2011,5,Maximum,12,200,B12
Hatiya,2011,6,Maximum,18,180,B12
Hatiya,2011,7,Maximum,8,180,B12
Hatiya,2011,8,Maximum,9,120,B12
Hatiya,2011,9,Maximum,10,180,B12
Hatiya,2011,10,Maximum,9,90,B12
Hatiya,2011,11,Maximum,3,60,B12
Hatiya,2011,12,Maximum,3,360,B12
Hatiya,2012,1,Maximum,5,360,B12
Hatiya,2012,2,Maximum,8,180,B12
Hatiya,2012,3,Maximum,8,190,B12
Hatiya,2012,4,Maximum,15,90,B12
Hatiya,2012,5,Maximum,10,360,B12
Hatiya,2012,6,Maximum,8,180,B12
Hatiya,2012,7,Maximum,8,180,B12
Hatiya,2012,8,Maximum,8,160,B12
Hatiya,2012,9,Maximum,9,150,B12
Hatiya,2012,10,Maximum,15,220,B12
Hatiya,2012,11,Maximum,3,30,B12
Hatiya,2012,12,Maximum,4,360,B12
Hatiya,2013,1,Maximum,5,360,B12
Hatiya,2013,2,Maximum,7,350,B12
Hatiya,2013,3,Maximum,6,340,B12
Hatiya,2013,4,Maximum,12,180,B12
Hatiya,2013,5,Maximum,22,90,B12
Hatiya,2013,6,Maximum,13,160,B12
Hatiya,2013,7,Maximum,12,180,B12
Hatiya,2013,8,Maximum,9,160,B12
Hatiya,2013,9,Maximum,6,130,B12
Hatiya,2013,10,Maximum,8,90,B12
Hatiya,2013,11,Maximum,2,360,B12
Hatiya,2013,12,Maximum,3,30,B12
Hatiya,2014,1,Maximum,5,360,B12
Hatiya,2014,2,Maximum,8,320,B12
Hatiya,2014,3,Maximum,8,310,B12
Hatiya,2014,4,Maximum,14,320,B12
Hatiya,2014,5,Maximum,21,230,B12
Hatiya,2014,6,Maximum,5,180,B12
Hatiya,2014,7,Maximum,12,180,B12
Hatiya,2014,8,Maximum,7,130,B12
Hatiya,2014,9,Maximum,12,280,B12
Hatiya,2014,10,Maximum,4,90,B12
Hatiya,2014,11,Maximum,3,360,B12
Hatiya,2014,12,Maximum,3,330,B12
Hatiya,2015,1,Maximum,3,310,B12
Hatiya,2015,2,Maximum,3,180,B12
Hatiya,2015,3,Maximum,4,360,B12
Hatiya,2015,4,Maximum,8,130,B12
Hatiya,2015,5,Maximum,6,130,B12
Hatiya,2015,6,Maximum,7,130,B12
Hatiya,2015,7,Maximum,12,90,B12
Hatiya,2015,8,Maximum,10,180,B12
Hatiya,2015,9,Maximum,8,180,B12
Hatiya,2015,10,Maximum,14,90,B12
Hatiya,2015,11,Maximum,2,360,B12
Hatiya,2015,12,Maximum,3,130,B12
Hatiya,2016,1,Maximum,3,180,B12
Hatiya,2016,2,Maximum,8,180,B12
Hatiya,2016,3,Maximum,4,180,B12
Hatiya,2016,4,Maximum,16,180,B12
Hatiya,2016,5,Maximum,25,130,B12
Hatiya,2016,6,Maximum,7,130,B12
Hatiya,2016,7,Maximum,10,130,B12
Hatiya,2016,8,Maximum,15,120,B12
Hatiya,2016,9,Maximum,10,130,B12
Hatiya,2016,10,Maximum,12,90,B12
Hatiya,2016,11,Maximum,10,130,B12
Hatiya,2016,12,Maximum,1,340,B12
Sitakunda,2011,1,Maximum,4,180,B12
Sitakunda,2011,2,Maximum,5,270,B12
Sitakunda,2011,3,Maximum,9,180,B12
Sitakunda,2011,4,Maximum,5,270,B12
Sitakunda,2011,5,Maximum,10,180,B12
Sitakunda,2011,6,Maximum,7,180,B12
Sitakunda,2011,7,Maximum,6,180,B12
Sitakunda,2011,8,Maximum,6,180,B12
Sitakunda,2011,9,Maximum,6,180,B12
Sitakunda,2011,10,Maximum,4,130,B12
Sitakunda,2011,11,Maximum,2,280,B12
Sitakunda,2011,12,Maximum,3,280,B12
Sitakunda,2012,1,Maximum,4,310,B12
Sitakunda,2012,2,Maximum,6,270,B12
Sitakunda,2012,3,Maximum,6,180,B12
Sitakunda,2012,4,Maximum,9,40,B12
Sitakunda,2012,5,Maximum,6,180,B12
Sitakunda,2012,6,Maximum,14,40,B12
Sitakunda,2012,7,Maximum,6,180,B12
Sitakunda,2012,8,Maximum,7,230,B12
Sitakunda,2012,9,Maximum,6,180,B12
Sitakunda,2012,10,Maximum,18,100,B12
Sitakunda,2012,11,Maximum,2,280,B12
Sitakunda,2012,12,Maximum,3,310,B12
Sitakunda,2013,1,Maximum,2,280,B12
Sitakunda,2013,2,Maximum,4,130,B12
Sitakunda,2013,3,Maximum,4,180,B12
Sitakunda,2013,4,Maximum,4,180,B12
Sitakunda,2013,5,Maximum,20,180,B12
Sitakunda,2013,6,Maximum,6,180,B12
Sitakunda,2013,7,Maximum,7,180,B12
Sitakunda,2013,8,Maximum,8,140,B12
Sitakunda,2013,9,Maximum,6,180,B12
Sitakunda,2013,10,Maximum,10,180,B12
Sitakunda,2013,11,Maximum,1,360,B12
Sitakunda,2013,12,Maximum,3,180,B12
Sitakunda,2014,1,Maximum,3,220,B12
Sitakunda,2014,2,Maximum,5,260,B12
Sitakunda,2014,3,Maximum,6,230,B12
Sitakunda,2014,4,Maximum,10,320,B12
Sitakunda,2014,5,Maximum,8,230,B12
Sitakunda,2014,6,Maximum,6,230,B12
Sitakunda,2014,7,Maximum,7,160,B12
Sitakunda,2014,8,Maximum,10,180,B12
Sitakunda,2014,9,Maximum,5,180,B12
Sitakunda,2014,10,Maximum,3,140,B12
Sitakunda,2014,11,Maximum,2,180,B12
Sitakunda,2014,12,Maximum,28,20,B12
Sitakunda,2015,1,Maximum,3,270,B12
Sitakunda,2015,2,Maximum,4,320,B12
Sitakunda,2015,3,Maximum,9,90,B12
Sitakunda,2015,4,Maximum,12,220,B12
Sitakunda,2015,5,Maximum,10,180,B12
Sitakunda,2015,6,Maximum,12,180,B12
Sitakunda,2015,7,Maximum,10,100,B12
Sitakunda,2015,8,Maximum,6,180,B12
Sitakunda,2015,9,Maximum,14,320,B12
Sitakunda,2015,10,Maximum,6,130,B12
Sitakunda,2015,11,Maximum,3,180,B12
Sitakunda,2015,12,Maximum,3,40,B12
Sitakunda,2016,1,Maximum,4,180,B12
Sitakunda,2016,2,Maximum,9,180,B12
Sitakunda,2016,3,Maximum,9,240,B12
Sitakunda,2016,4,Maximum,13,180,B12
Sitakunda,2016,5,Maximum,18,90,B12
Sitakunda,2016,6,Maximum,9,220,B12
Sitakunda,2016,7,Maximum,12,180,B12
Sitakunda,2016,8,Maximum,9,180,B12
Sitakunda,2016,9,Maximum,6,220,B12
Sitakunda,2016,10,Maximum,4,150,B12
Sitakunda,2016,12,Maximum,2,230,B12
Sandwip,2011,1,Maximum,5,20,B12
Sandwip,2011,2,Maximum,4,360,B12
Sandwip,2011,3,Maximum,8,180,B12
Sandwip,2011,4,Maximum,4,360,B12
Sandwip,2011,5,Maximum,9,180,B12
Sandwip,2011,6,Maximum,6,150,B12
Sandwip,2011,7,Maximum,6,180,B12
Sandwip,2011,8,Maximum,7,180,B12
Sandwip,2011,9,Maximum,4,160,B12
Sandwip,2011,10,Maximum,3,360,B12
Sandwip,2011,11,Maximum,2,360,B12
Sandwip,2011,12,Maximum,3,360,B12
Sandwip,2012,1,Maximum,4,360,B12
Sandwip,2012,2,Maximum,4,180,B12
Sandwip,2012,3,Maximum,5,180,B12
Sandwip,2012,4,Maximum,8,180,B12
Sandwip,2012,5,Maximum,9,180,B12
Sandwip,2012,6,Maximum,8,180,B12
Sandwip,2012,7,Maximum,6,180,B12
Sandwip,2012,8,Maximum,5,180,B12
Sandwip,2012,9,Maximum,5,180,B12
Sandwip,2012,10,Maximum,25,200,B12
Sandwip,2012,11,Maximum,3,360,B12
Sandwip,2012,12,Maximum,0,0,B12
Sandwip,2013,1,Maximum,5,360,B12
Sandwip,2013,2,Maximum,7,360,B12
Sandwip,2013,3,Maximum,5,200,B12
Sandwip,2013,4,Maximum,8,180,B12
Sandwip,2013,5,Maximum,18,180,B12
Sandwip,2013,6,Maximum,7,180,B12
Sandwip,2013,7,Maximum,6,160,B12
Sandwip,2013,8,Maximum,6,180,B12
Sandwip,2013,9,Maximum,5,180,B12
Sandwip,2013,10,Maximum,3,150,B12
Sandwip,2013,11,Maximum,2,30,B12
Sandwip,2013,12,Maximum,4,360,B12
Sandwip,2014,1,Maximum,5,360,B12
Sandwip,2014,2,Maximum,5,300,B12
Sandwip,2014,3,Maximum,5,340,B12
Sandwip,2014,4,Maximum,7,180,B12
Sandwip,2014,5,Maximum,8,160,B12
Sandwip,2014,6,Maximum,5,180,B12
Sandwip,2014,7,Maximum,7,180,B12
Sandwip,2014,8,Maximum,5,140,B12
Sandwip,2014,9,Maximum,5,180,B12
Sandwip,2014,10,Maximum,3,290,B12
Sandwip,2014,11,Maximum,2,360,B12
Sandwip,2014,12,Maximum,4,360,B12
Sandwip,2015,1,Maximum,5,360,B12
Sandwip,2015,2,Maximum,4,360,B12
Sandwip,2015,3,Maximum,4,360,B12
Sandwip,2015,4,Maximum,9,360,B12
Sandwip,2015,5,Maximum,5,180,B12
Sandwip,2015,6,Maximum,22,350,B12
Sandwip,2015,7,Maximum,9,280,B12
Sandwip,2015,8,Maximum,8,180,B12
Sandwip,2015,9,Maximum,5,200,B12
Sandwip,2015,10,Maximum,3,270,B12
Sandwip,2015,11,Maximum,2,360,B12
Sandwip,2015,12,Maximum,7,360,B12
Sandwip,2016,1,Maximum,3,360,B12
Sandwip,2016,2,Maximum,7,160,B12
Sandwip,2016,3,Maximum,3,90,B12
Sandwip,2016,4,Maximum,10,180,B12
Sandwip,2016,5,Maximum,24,230,B12
Sandwip,2016,6,Maximum,3,180,B12
Sandwip,2016,7,Maximum,6,180,B12
Sandwip,2016,8,Maximum,5,170,B12
Sandwip,2016,9,Maximum,5,160,B12
Sandwip,2016,10,Maximum,5,180,B12
Sandwip,2016,11,Maximum,5,40,B12
Sandwip,2016,12,Maximum,2,360,B12
Kutubdia,2011,1,Maximum,10,50,B12
Kutubdia,2011,2,Maximum,4,50,B12
Kutubdia,2011,3,Maximum,8,110,B12
Kutubdia,2011,4,Maximum,6,160,B12
Kutubdia,2011,5,Maximum,8,130,B12
Kutubdia,2011,6,Maximum,9,180,B12
Kutubdia,2011,7,Maximum,9,180,B12
Kutubdia,2011,8,Maximum,6,180,B12
Kutubdia,2011,9,Maximum,6,180,B12
Kutubdia,2011,10,Maximum,9,20,B12
Kutubdia,2011,11,Maximum,2,360,B12
Kutubdia,2012,1,Maximum,5,50,B12
Kutubdia,2012,2,Maximum,5,180,B12
Kutubdia,2012,3,Maximum,4,230,B12
Kutubdia,2012,4,Maximum,9,230,B12
Kutubdia,2012,5,Maximum,6,210,B12
Kutubdia,2012,6,Maximum,8,180,B12
Kutubdia,2012,7,Maximum,6,180,B12
Kutubdia,2012,8,Maximum,5,320,B12
Kutubdia,2012,9,Maximum,5,180,B12
Kutubdia,2012,10,Maximum,11,180,B12
Kutubdia,2012,11,Maximum,3,330,B12
Kutubdia,2012,12,Maximum,3,320,B12
Kutubdia,2013,1,Maximum,4,320,B12
Kutubdia,2013,2,Maximum,4,360,B12
Kutubdia,2013,3,Maximum,3,320,B12
Kutubdia,2013,4,Maximum,9,260,B12
Kutubdia,2013,5,Maximum,8,180,B12
Kutubdia,2013,6,Maximum,5,230,B12
Kutubdia,2013,7,Maximum,4,140,B12
Kutubdia,2013,8,Maximum,9,220,B12
Kutubdia,2013,9,Maximum,4,140,B12
Kutubdia,2013,10,Maximum,3,140,B12
Kutubdia,2013,11,Maximum,3,270,B12
Kutubdia,2013,12,Maximum,2,320,B12
Kutubdia,2014,1,Maximum,4,310,B12
Kutubdia,2014,2,Maximum,4,130,B12
Kutubdia,2014,3,Maximum,4,290,B12
Kutubdia,2014,4,Maximum,8,320,B12
Kutubdia,2014,5,Maximum,5,210,B12
Kutubdia,2014,6,Maximum,5,170,B12
Kutubdia,2014,7,Maximum,6,180,B12
Kutubdia,2014,8,Maximum,6,140,B12
Kutubdia,2014,9,Maximum,8,220,B12
Kutubdia,2014,10,Maximum,4,130,B12
Kutubdia,2014,11,Maximum,4,140,B12
Kutubdia,2014,12,Maximum,4,140,B12
Kutubdia,2015,1,Maximum,9,140,B12
Kutubdia,2015,2,Maximum,4,310,B12
Kutubdia,2015,3,Maximum,5,320,B12
Kutubdia,2015,4,Maximum,7,310,B12
Kutubdia,2015,5,Maximum,6,180,B12
Kutubdia,2015,6,Maximum,10,140,B12
Kutubdia,2015,7,Maximum,19,140,B12
Kutubdia,2015,8,Maximum,5,140,B12
Kutubdia,2015,9,Maximum,7,220,B12
Kutubdia,2015,10,Maximum,6,130,B12
Kutubdia,2015,11,Maximum,4,320,B12
Kutubdia,2015,12,Maximum,3,320,B12
Kutubdia,2016,1,Maximum,4,320,B12
Kutubdia,2016,2,Maximum,4,220,B12
Kutubdia,2016,3,Maximum,9,310,B12
Kutubdia,2016,4,Maximum,17,230,B12
Kutubdia,2016,5,Maximum,29,140,B12
Kutubdia,2016,6,Maximum,10,230,B12
Kutubdia,2016,7,Maximum,12,140,B12
Kutubdia,2016,8,Maximum,22,180,B12
Kutubdia,2016,9,Maximum,8,180,B12
Kutubdia,2016,10,Maximum,15,180,B12
Kutubdia,2016,11,Maximum,20,130,B12
Kutubdia,2016,12,Maximum,4,310,B12
Cox's Bazar,2011,1,Maximum,10,330,B12
Cox's Bazar,2011,2,Maximum,12,340,B12
Cox's Bazar,2011,3,Maximum,12,160,B12
Cox's Bazar,2011,4,Maximum,8,330,B12
Cox's Bazar,2011,5,Maximum,16,180,B12
Cox's Bazar,2011,6,Maximum,12,120,B12
Cox's Bazar,2011,7,Maximum,9,240,B12
Cox's Bazar,2011,8,Maximum,10,200,B12
Cox's Bazar,2011,9,Maximum,8,170,B12
Cox's Bazar,2011,10,Maximum,15,40,B12
Cox's Bazar,2011,11,Maximum,5,50,B12
Cox's Bazar,2011,12,Maximum,4,330,B12
Cox's Bazar,2012,1,Maximum,10,330,B12
Cox's Bazar,2012,2,Maximum,8,330,B12
Cox's Bazar,2012,3,Maximum,6,330,B12
Cox's Bazar,2012,4,Maximum,12,170,B12
Cox's Bazar,2012,5,Maximum,10,360,B12
Cox's Bazar,2012,6,Maximum,12,180,B12
Cox's Bazar,2012,7,Maximum,10,180,B12
Cox's Bazar,2012,8,Maximum,10,180,B12
Cox's Bazar,2012,9,Maximum,12,210,B12
Cox's Bazar,2012,10,Maximum,10,330,B12
Cox's Bazar,2012,11,Maximum,10,30,B12
Cox's Bazar,2012,12,Maximum,12,30,B12
Cox's Bazar,2013,1,Maximum,10,350,B12
Cox's Bazar,2013,2,Maximum,15,30,B12
Cox's Bazar,2013,3,Maximum,8,330,B12
Cox's Bazar,2013,4,Maximum,13,360,B12
Cox's Bazar,2013,5,Maximum,12,180,B12
Cox's Bazar,2013,6,Maximum,12,180,B12
Cox's Bazar,2013,7,Maximum,6,180,B12
Cox's Bazar,2013,8,Maximum,12,180,B12
Cox's Bazar,2013,9,Maximum,8,180,B12
Cox's Bazar,2013,10,Maximum,12,150,B12
Cox's Bazar,2013,11,Maximum,4,300,B12
Cox's Bazar,2013,12,Maximum,5,360,B12
Cox's Bazar,2014,1,Maximum,7,330,B12
Cox's Bazar,2014,2,Maximum,10,360,B12
Cox's Bazar,2014,3,Maximum,8,360,B12
Cox's Bazar,2014,4,Maximum,6,300,B12
Cox's Bazar,2014,5,Maximum,10,180,B12
Cox's Bazar,2014,6,Maximum,15,180,B12
Cox's Bazar,2014,7,Maximum,15,180,B12
Cox's Bazar,2014,8,Maximum,8,180,B12
Cox's Bazar,2014,9,Maximum,8,180,B12
Cox's Bazar,2014,10,Maximum,12,180,B12
Cox's Bazar,2014,11,Maximum,4,270,B12
Cox's Bazar,2014,12,Maximum,7,330,B12
Cox's Bazar,2015,1,Maximum,7,360,B12
Cox's Bazar,2015,2,Maximum,8,360,B12
Cox's Bazar,2015,3,Maximum,8,360,B12
Cox's Bazar,2015,4,Maximum,10,90,B12
Cox's Bazar,2015,5,Maximum,12,170,B12
Cox's Bazar,2015,6,Maximum,10,180,B12
Cox's Bazar,2015,7,Maximum,15,120,B12
Cox's Bazar,2015,8,Maximum,10,160,B12
Cox's Bazar,2015,9,Maximum,8,180,B12
Cox's Bazar,2015,10,Maximum,8,180,B12
Cox's Bazar,2015,11,Maximum,4,330,B12
Cox's Bazar,2015,12,Maximum,5,360,B12
Cox's Bazar,2016,1,Maximum,7,330,B12
Cox's Bazar,2016,2,Maximum,6,180,B12
Cox's Bazar,2016,3,Maximum,6,300,B12
Cox's Bazar,2016,4,Maximum,20,330,B12
Cox's Bazar,2016,5,Maximum,20,190,B12
Cox's Bazar,2016,6,Maximum,12,150,B12
Cox's Bazar,2016,7,Maximum,10,160,B12
Cox's Bazar,2016,8,Maximum,12,150,B12
Cox's Bazar,2016,9,Maximum,12,100,B12
Cox's Bazar,2016,10,Maximum,8,170,B12
Cox's Bazar,2016,11,Maximum,12,180,B12
Cox's Bazar,2016,12,Maximum,10,30,B12
Teknaf,2011,1,Maximum,6,270,B12
Teknaf,2011,2,Maximum,8,270,B12
Teknaf,2011,3,Maximum,10,310,B12
Teknaf,2011,4,Maximum,8,310,B12
Teknaf,2011,5,Maximum,15,270,B12
Teknaf,2011,6,Maximum,32,260,B12
Teknaf,2011,7,Maximum,8,230,B12
Teknaf,2011,8,Maximum,4,180,B12
Teknaf,2011,9,Maximum,8,160,B12
Teknaf,2011,10,Maximum,10,160,B12
Teknaf,2011,11,Maximum,3,340,B12
Teknaf,2011,12,Maximum,0,0,B12
Teknaf,2012,1,Maximum,7,340,B12
Teknaf,2012,2,Maximum,8,300,B12
Teknaf,2012,3,Maximum,7,280,B12
Teknaf,2012,4,Maximum,9,330,B12
Teknaf,2012,5,Maximum,17,290,B12
Teknaf,2012,6,Maximum,10,100,B12
Teknaf,2012,7,Maximum,8,200,B12
Teknaf,2012,8,Maximum,6,60,B12
Teknaf,2012,9,Maximum,8,140,B12
Teknaf,2012,10,Maximum,5,40,B12
Teknaf,2012,11,Maximum,4,30,B12
Teknaf,2012,12,Maximum,4,200,B12
Teknaf,2013,1,Maximum,6,270,B12
Teknaf,2013,2,Maximum,14,310,B12
Teknaf,2013,3,Maximum,15,280,B12
Teknaf,2013,4,Maximum,16,280,B12
Teknaf,2013,5,Maximum,20,180,B12
Teknaf,2013,6,Maximum,18,140,B12
Teknaf,2013,7,Maximum,12,150,B12
Teknaf,2013,8,Maximum,12,160,B12
Teknaf,2013,9,Maximum,12,160,B12
Teknaf,2013,10,Maximum,9,270,B12
Teknaf,2013,11,Maximum,9,40,B12
Teknaf,2013,12,Maximum,9,20,B12
Teknaf,2014,1,Maximum,8,310,B12
Teknaf,2014,2,Maximum,15,340,B12
Teknaf,2014,3,Maximum,12,290,B12
Teknaf,2014,4,Maximum,12,320,B12
Teknaf,2014,5,Maximum,12,320,B12
Teknaf,2014,6,Maximum,20,0,B12
Teknaf,2014,7,Maximum,14,160,B12
Teknaf,2014,8,Maximum,9,160,B12
Teknaf,2014,9,Maximum,9,160,B12
Teknaf,2014,10,Maximum,9,120,B12
Teknaf,2014,11,Maximum,4,270,B12
Teknaf,2014,12,Maximum,6,310,B12
Teknaf,2015,1,Maximum,9,320,B12
Teknaf,2015,2,Maximum,12,320,B12
Teknaf,2015,3,Maximum,15,320,B12
Teknaf,2015,4,Maximum,12,280,B12
Teknaf,2015,5,Maximum,12,50,B12
Teknaf,2015,6,Maximum,14,230,B12
Teknaf,2015,7,Maximum,59,230,B12
Teknaf,2015,8,Maximum,12,180,B12
Teknaf,2015,9,Maximum,10,160,B12
Teknaf,2015,10,Maximum,8,270,B12
Teknaf,2015,11,Maximum,6,360,B12
Teknaf,2015,12,Maximum,6,270,B12
Teknaf,2016,1,Maximum,12,310,B12
Teknaf,2016,2,Maximum,10,140,B12
Teknaf,2016,3,Maximum,10,270,B12
Teknaf,2016,4,Maximum,16,310,B12
Teknaf,2016,5,Maximum,22,230,B12
Teknaf,2016,6,Maximum,22,20,B12
Teknaf,2016,7,Maximum,20,200,B12
Teknaf,2016,8,Maximum,12,180,B12
Teknaf,2016,9,Maximum,6,200,B12
Teknaf,2016,10,Maximum,10,140,B12
Teknaf,2016,11,Maximum,17,140,B12
Teknaf,2016,12,Maximum,7,320,B12
Rangamati,2011,1,Maximum,4,360,B12
Rangamati,2011,2,Maximum,4,50,B12
Rangamati,2011,3,Maximum,10,360,B12
Rangamati,2011,4,Maximum,8,270,B12
Rangamati,2011,5,Maximum,8,180,B12
Rangamati,2011,6,Maximum,6,180,B12
Rangamati,2011,7,Maximum,6,160,B12
Rangamati,2011,8,Maximum,4,180,B12
Rangamati,2011,9,Maximum,4,180,B12
Rangamati,2011,10,Maximum,2,160,B12
Rangamati,2011,11,Maximum,3,360,B12
Rangamati,2011,12,Maximum,2,320,B12
Rangamati,2012,1,Maximum,4,350,B12
Rangamati,2012,2,Maximum,4,100,B12
Rangamati,2012,3,Maximum,5,240,B12
Rangamati,2012,4,Maximum,6,180,B12
Rangamati,2012,5,Maximum,4,230,B12
Rangamati,2012,6,Maximum,7,180,B12
Rangamati,2012,7,Maximum,5,180,B12
Rangamati,2012,8,Maximum,5,180,B12
Rangamati,2012,9,Maximum,4,200,B12
Rangamati,2012,10,Maximum,4,130,B12
Rangamati,2012,11,Maximum,3,90,B12
Rangamati,2012,12,Maximum,2,360,B12
Rangamati,2013,1,Maximum,3,50,B12
Rangamati,2013,2,Maximum,6,360,B12
Rangamati,2013,3,Maximum,4,240,B12
Rangamati,2013,4,Maximum,6,160,B12
Rangamati,2013,5,Maximum,14,180,B12
Rangamati,2013,6,Maximum,5,180,B12
Rangamati,2013,7,Maximum,4,120,B12
Rangamati,2013,8,Maximum,4,160,B12
Rangamati,2013,9,Maximum,3,180,B12
Rangamati,2013,10,Maximum,6,180,B12
Rangamati,2013,11,Maximum,2,350,B12
Rangamati,2013,12,Maximum,5,20,B12
Rangamati,2014,1,Maximum,3,90,B12
Rangamati,2014,2,Maximum,5,40,B12
Rangamati,2014,3,Maximum,5,50,B12
Rangamati,2014,4,Maximum,8,310,B12
Rangamati,2014,5,Maximum,8,270,B12
Rangamati,2014,6,Maximum,3,160,B12
Rangamati,2014,7,Maximum,5,200,B12
Rangamati,2014,8,Maximum,6,180,B12
Rangamati,2014,9,Maximum,3,180,B12
Rangamati,2014,10,Maximum,3,210,B12
Rangamati,2014,11,Maximum,2,50,B12
Rangamati,2014,12,Maximum,2,50,B12
Rangamati,2015,1,Maximum,0,0,B12
Rangamati,2015,2,Maximum,0,0,B12
Rangamati,2015,3,Maximum,5,330,B12
Rangamati,2015,4,Maximum,5,220,B12
Rangamati,2015,5,Maximum,3,160,B12
Rangamati,2015,6,Maximum,4,160,B12
Rangamati,2015,7,Maximum,6,90,B12
Rangamati,2015,8,Maximum,3,200,B12
Rangamati,2015,9,Maximum,3,200,B12
Rangamati,2015,10,Maximum,2,210,B12
Rangamati,2015,11,Maximum,2,90,B12
Rangamati,2015,12,Maximum,2,350,B12
Rangamati,2016,1,Maximum,3,270,B12
Rangamati,2016,2,Maximum,3,200,B12
Rangamati,2016,3,Maximum,3,310,B12
Rangamati,2016,4,Maximum,8,230,B12
Rangamati,2016,5,Maximum,16,210,B12
Rangamati,2016,6,Maximum,3,180,B12
Rangamati,2016,7,Maximum,3,180,B12
Rangamati,2016,8,Maximum,3,180,B12
Rangamati,2016,9,Maximum,2,180,B12
Rangamati,2016,10,Maximum,3,220,B12
Rangamati,2016,11,Maximum,3,310,B12
Rangamati,2016,12,Maximum,2,330,B12
Patuakhali,2011,1,Maximum,5,360,B12
Patuakhali,2011,2,Maximum,8,310,B12
Patuakhali,2011,3,Maximum,9,250,B12
Patuakhali,2011,4,Maximum,5,330,B12
Patuakhali,2011,5,Maximum,8,180,B12
Patuakhali,2011,6,Maximum,23,140,B12
Patuakhali,2011,7,Maximum,5,150,B12
Patuakhali,2011,8,Maximum,5,130,B12
Patuakhali,2011,9,Maximum,5,180,B12
Patuakhali,2011,10,Maximum,3,360,B12
Patuakhali,2011,11,Maximum,4,360,B12
Patuakhali,2011,12,Maximum,4,280,B12
Patuakhali,2012,1,Maximum,6,310,B12
Patuakhali,2012,2,Maximum,5,360,B12
Patuakhali,2012,3,Maximum,26,330,B12
Patuakhali,2012,4,Maximum,12,180,B12
Patuakhali,2012,5,Maximum,4,180,B12
Patuakhali,2012,6,Maximum,6,180,B12
Patuakhali,2012,7,Maximum,5,180,B12
Patuakhali,2012,8,Maximum,5,180,B12
Patuakhali,2012,9,Maximum,4,140,B12
Patuakhali,2012,10,Maximum,4,360,B12
Patuakhali,2012,11,Maximum,4,250,B12
Patuakhali,2012,12,Maximum,5,360,B12
Patuakhali,2013,1,Maximum,5,330,B12
Patuakhali,2013,2,Maximum,12,330,B12
Patuakhali,2013,3,Maximum,12,330,B12
Patuakhali,2013,4,Maximum,7,310,B12
Patuakhali,2013,5,Maximum,50,330,B12
Patuakhali,2013,6,Maximum,6,180,B12
Patuakhali,2013,7,Maximum,6,150,B12
Patuakhali,2013,8,Maximum,6,180,B12
Patuakhali,2013,9,Maximum,5,180,B12
Patuakhali,2013,10,Maximum,6,100,B12
Patuakhali,2013,11,Maximum,4,310,B12
Patuakhali,2013,12,Maximum,4,360,B12
Patuakhali,2014,1,Maximum,5,330,B12
Patuakhali,2014,2,Maximum,10,320,B12
Patuakhali,2014,3,Maximum,7,180,B12
Patuakhali,2014,4,Maximum,7,250,B12
Patuakhali,2014,5,Maximum,8,190,B12
Patuakhali,2014,6,Maximum,6,290,B12
Patuakhali,2014,7,Maximum,7,150,B12
Patuakhali,2014,8,Maximum,6,150,B12
Patuakhali,2014,9,Maximum,6,140,B12
Patuakhali,2014,10,Maximum,6,360,B12
Patuakhali,2014,11,Maximum,4,360,B12
Patuakhali,2014,12,Maximum,4,180,B12
Patuakhali,2015,1,Maximum,6,330,B12
Patuakhali,2015,2,Maximum,7,360,B12
Patuakhali,2015,3,Maximum,9,130,B12
Patuakhali,2015,4,Maximum,8,250,B12
Patuakhali,2015,5,Maximum,7,150,B12
Patuakhali,2015,6,Maximum,7,180,B12
Patuakhali,2015,7,Maximum,30,360,B12
Patuakhali,2015,8,Maximum,12,160,B12
Patuakhali,2015,9,Maximum,6,180,B12
Patuakhali,2015,10,Maximum,4,360,B12
Patuakhali,2015,11,Maximum,4,360,B12
Patuakhali,2015,12,Maximum,4,360,B12
Patuakhali,2016,1,Maximum,5,310,B12
Patuakhali,2016,2,Maximum,5,150,B12
Patuakhali,2016,3,Maximum,8,360,B12
Patuakhali,2016,4,Maximum,14,190,B12
Patuakhali,2016,5,Maximum,28,50,B12
Patuakhali,2016,6,Maximum,8,360,B12
Patuakhali,2016,7,Maximum,6,140,B12
Patuakhali,2016,8,Maximum,8,160,B12
Patuakhali,2016,9,Maximum,5,180,B12
Patuakhali,2016,10,Maximum,6,180,B12
Patuakhali,2016,11,Maximum,11,50,B12
Patuakhali,2016,12,Maximum,5,360,B12
Khepupara,2011,1,Maximum,7,360,B12
Khepupara,2011,2,Maximum,12,320,B12
Khepupara,2011,3,Maximum,16,180,B12
Khepupara,2011,4,Maximum,15,270,B12
Khepupara,2011,5,Maximum,18,180,B12
Khepupara,2011,6,Maximum,35,150,B12
Khepupara,2011,7,Maximum,20,270,B12
Khepupara,2011,8,Maximum,12,180,B12
Khepupara,2011,9,Maximum,13,90,B12
Khepupara,2011,10,Maximum,8,130,B12
Khepupara,2011,11,Maximum,6,290,B12
Khepupara,2011,12,Maximum,8,360,B12
Khepupara,2012,1,Maximum,13,360,B12
Khepupara,2012,2,Maximum,12,90,B12
Khepupara,2012,3,Maximum,12,220,B12
Khepupara,2012,4,Maximum,18,270,B12
Khepupara,2012,5,Maximum,12,180,B12
Khepupara,2012,6,Maximum,16,180,B12
Khepupara,2012,7,Maximum,15,230,B12
Khepupara,2012,8,Maximum,9,230,B12
Khepupara,2012,9,Maximum,9,130,B12
Khepupara,2012,10,Maximum,18,270,B12
Khepupara,2012,11,Maximum,5,310,B12
Khepupara,2012,12,Maximum,6,360,B12
Khepupara,2013,1,Maximum,6,360,B12
Khepupara,2013,2,Maximum,14,360,B12
Khepupara,2013,3,Maximum,10,230,B12
Khepupara,2013,4,Maximum,0,0,B12
Khepupara,2013,5,Maximum,54,310,B12
Khepupara,2013,6,Maximum,16,180,B12
Khepupara,2013,7,Maximum,14,180,B12
Khepupara,2013,8,Maximum,14,180,B12
Khepupara,2013,9,Maximum,10,150,B12
Khepupara,2013,10,Maximum,14,210,B12
Khepupara,2013,11,Maximum,6,360,B12
Khepupara,2013,12,Maximum,5,290,B12
Khepupara,2014,1,Maximum,7,360,B12
Khepupara,2014,2,Maximum,12,360,B12
Khepupara,2014,3,Maximum,14,140,B12
Khepupara,2014,4,Maximum,15,50,B12
Khepupara,2014,5,Maximum,16,230,B12
Khepupara,2014,6,Maximum,15,270,B12
Khepupara,2014,7,Maximum,15,130,B12
Khepupara,2014,8,Maximum,18,230,B12
Khepupara,2014,9,Maximum,15,180,B12
Khepupara,2014,10,Maximum,8,360,B12
Khepupara,2014,11,Maximum,5,360,B12
Khepupara,2014,12,Maximum,12,360,B12
Khepupara,2015,1,Maximum,4,320,B12
Khepupara,2015,2,Maximum,10,90,B12
Khepupara,2015,3,Maximum,12,360,B12
Khepupara,2015,4,Maximum,17,130,B12
Khepupara,2015,5,Maximum,13,360,B12
Khepupara,2015,6,Maximum,12,180,B12
Khepupara,2015,7,Maximum,11,140,B12
Khepupara,2015,8,Maximum,12,180,B12
Khepupara,2015,9,Maximum,13,140,B12
Khepupara,2015,10,Maximum,8,180,B12
Khepupara,2015,11,Maximum,3,50,B12
Khepupara,2015,12,Maximum,4,360,B12
Khepupara,2016,1,Maximum,4,360,B12
Khepupara,2016,2,Maximum,6,180,B12
Khepupara,2016,3,Maximum,10,90,B12
Khepupara,2016,4,Maximum,12,230,B12
Khepupara,2016,5,Maximum,20,180,B12
Khepupara,2016,6,Maximum,14,310,B12
Khepupara,2016,7,Maximum,14,230,B12
Khepupara,2016,8,Maximum,15,180,B12
Khepupara,2016,9,Maximum,6,200,B12
Khepupara,2016,10,Maximum,5,140,B12
Khepupara,2016,11,Maximum,8,360,B12
Khepupara,2016,12,Maximum,4,360,B12
Sayedpur,2011,1,Maximum,10,270,B12
Sayedpur,2011,2,Maximum,14,210,B12
Sayedpur,2011,3,Maximum,14,270,B12
Sayedpur,2011,4,Maximum,15,300,B12
Sayedpur,2011,5,Maximum,10,310,B12
Sayedpur,2011,6,Maximum,12,80,B12
Sayedpur,2011,7,Maximum,14,90,B12
Sayedpur,2011,8,Maximum,15,180,B12
Sayedpur,2011,9,Maximum,8,90,B12
Sayedpur,2011,10,Maximum,8,300,B12
Sayedpur,2011,11,Maximum,8,60,B12
Sayedpur,2011,12,Maximum,10,300,B12
Sayedpur,2012,1,Maximum,10,270,B12
Sayedpur,2012,2,Maximum,20,270,B12
Sayedpur,2012,3,Maximum,15,270,B12
Sayedpur,2012,4,Maximum,12,60,B12
Sayedpur,2012,5,Maximum,15,310,B12
Sayedpur,2012,6,Maximum,12,180,B12
Sayedpur,2012,7,Maximum,8,90,B12
Sayedpur,2012,8,Maximum,9,180,B12
Sayedpur,2012,9,Maximum,12,30,B12
Sayedpur,2012,10,Maximum,30,180,B12
Sayedpur,2012,11,Maximum,8,270,B12
Sayedpur,2012,12,Maximum,8,310,B12
Sayedpur,2013,1,Maximum,8,270,B12
Sayedpur,2013,2,Maximum,10,270,B12
Sayedpur,2013,3,Maximum,15,270,B12
Sayedpur,2013,4,Maximum,10,270,B12
Sayedpur,2013,5,Maximum,22,180,B12
Sayedpur,2013,6,Maximum,12,350,B12
Sayedpur,2013,7,Maximum,10,180,B12
Sayedpur,2013,8,Maximum,10,210,B12
Sayedpur,2013,9,Maximum,10,90,B12
Sayedpur,2013,10,Maximum,12,360,B12
Sayedpur,2013,11,Maximum,8,60,B12
Sayedpur,2013,12,Maximum,10,270,B12
Sayedpur,2014,1,Maximum,12,310,B12
Sayedpur,2014,2,Maximum,12,270,B12
Sayedpur,2014,3,Maximum,15,270,B12
Sayedpur,2014,4,Maximum,15,240,B12
Sayedpur,2014,5,Maximum,15,90,B12
Sayedpur,2014,6,Maximum,10,20,B12
Sayedpur,2014,7,Maximum,12,90,B12
Sayedpur,2014,8,Maximum,12,130,B12
Sayedpur,2014,9,Maximum,8,60,B12
Sayedpur,2014,10,Maximum,8,270,B12
Sayedpur,2014,11,Maximum,12,60,B12
Sayedpur,2014,12,Maximum,10,270,B12
Sayedpur,2015,1,Maximum,11,240,B12
Sayedpur,2015,2,Maximum,12,270,B12
Sayedpur,2015,3,Maximum,15,270,B12
Sayedpur,2015,4,Maximum,18,210,B12
Sayedpur,2015,5,Maximum,15,310,B12
Sayedpur,2015,6,Maximum,10,90,B12
Sayedpur,2015,7,Maximum,12,90,B12
Sayedpur,2015,8,Maximum,18,210,B12
Sayedpur,2015,9,Maximum,10,240,B12
Sayedpur,2015,10,Maximum,12,90,B12
Sayedpur,2015,11,Maximum,9,90,B12
Sayedpur,2015,12,Maximum,8,270,B12
Sayedpur,2016,1,Maximum,10,270,B12
Sayedpur,2016,2,Maximum,16,270,B12
Sayedpur,2016,3,Maximum,15,270,B12
Sayedpur,2016,4,Maximum,12,270,B12
Sayedpur,2016,5,Maximum,12,300,B12
Sayedpur,2016,6,Maximum,8,180,B12
Sayedpur,2016,7,Maximum,9,100,B12
Sayedpur,2016,8,Maximum,10,120,B12
Sayedpur,2016,9,Maximum,8,120,B12
Sayedpur,2016,10,Maximum,10,180,B12
Sayedpur,2016,11,Maximum,8,270,B12
Sayedpur,2016,12,Maximum,8,60,B12
Mongla,2011,1,Maximum,4,30,B12
Mongla,2011,2,Maximum,8,30,B12
Mongla,2011,3,Maximum,12,180,B12
Mongla,2011,4,Maximum,12,90,B12
Mongla,2011,5,Maximum,12,270,B12
Mongla,2011,6,Maximum,20,130,B12
Mongla,2011,7,Maximum,8,30,B12
Mongla,2011,8,Maximum,10,90,B12
Mongla,2011,9,Maximum,9,90,B12
Mongla,2011,10,Maximum,5,150,B12
Mongla,2011,11,Maximum,2,270,B12
Mongla,2011,12,Maximum,6,360,B12
Mongla,2012,1,Maximum,6,180,B12
Mongla,2012,2,Maximum,6,360,B12
Mongla,2012,3,Maximum,6,130,B12
Mongla,2012,4,Maximum,15,180,B12
Mongla,2012,5,Maximum,8,180,B12
Mongla,2012,6,Maximum,12,180,B12
Mongla,2012,7,Maximum,8,130,B12
Mongla,2012,8,Maximum,6,180,B12
Mongla,2012,9,Maximum,8,130,B12
Mongla,2012,10,Maximum,4,180,B12
Mongla,2012,11,Maximum,4,70,B12
Mongla,2012,12,Maximum,5,360,B12
Mongla,2013,1,Maximum,4,360,B12
Mongla,2013,2,Maximum,9,360,B12
Mongla,2013,3,Maximum,10,270,B12
Mongla,2013,4,Maximum,12,270,B12
Mongla,2013,5,Maximum,16,30,B12
Mongla,2013,6,Maximum,6,180,B12
Mongla,2013,7,Maximum,8,130,B12
Mongla,2013,8,Maximum,6,130,B12
Mongla,2013,9,Maximum,6,90,B12
Mongla,2013,10,Maximum,8,180,B12
Mongla,2013,11,Maximum,4,360,B12
Mongla,2013,12,Maximum,4,360,B12
Mongla,2014,1,Maximum,4,360,B12
Mongla,2014,2,Maximum,8,360,B12
Mongla,2014,3,Maximum,8,130,B12
Mongla,2014,4,Maximum,8,180,B12
Mongla,2014,5,Maximum,8,270,B12
Mongla,2014,6,Maximum,6,360,B12
Mongla,2014,7,Maximum,8,130,B12
Mongla,2014,8,Maximum,10,90,B12
Mongla,2014,9,Maximum,8,130,B12
Mongla,2014,10,Maximum,8,180,B12
Mongla,2014,11,Maximum,2,180,B12
Mongla,2014,12,Maximum,3,360,B12
Mongla,2015,1,Maximum,5,130,B12
Mongla,2015,2,Maximum,8,50,B12
Mongla,2015,3,Maximum,8,180,B12
Mongla,2015,4,Maximum,12,180,B12
Mongla,2015,5,Maximum,10,180,B12
Mongla,2015,6,Maximum,8,110,B12
Mongla,2015,7,Maximum,15,90,B12
Mongla,2015,8,Maximum,8,180,B12
Mongla,2015,9,Maximum,6,130,B12
Mongla,2015,10,Maximum,5,90,B12
Mongla,2015,11,Maximum,3,90,B12
Mongla,2015,12,Maximum,3,180,B12
Mongla,2016,1,Maximum,4,180,B12
Mongla,2016,2,Maximum,4,180,B12
Mongla,2016,3,Maximum,8,180,B12
Mongla,2016,4,Maximum,10,180,B12
Mongla,2016,5,Maximum,12,30,B12
Mongla,2016,6,Maximum,6,180,B12
Mongla,2016,7,Maximum,6,180,B12
Mongla,2016,8,Maximum,18,270,B12
Mongla,2016,9,Maximum,6,130,B12
Mongla,2016,10,Maximum,6,130,B12
Mongla,2016,11,Maximum,8,50,B12
Mongla,2016,12,Maximum,3,360,B12
Chuadanga,2011,1,Maximum,4,340,B12
Chuadanga,2011,2,Maximum,9,180,B12
Chuadanga,2011,3,Maximum,8,180,B12
Chuadanga,2011,4,Maximum,10,360,B12
Chuadanga,2011,5,Maximum,8,360,B12
Chuadanga,2011,6,Maximum,7,90,B12
Chuadanga,2011,7,Maximum,7,180,B12
Chuadanga,2011,8,Maximum,5,140,B12
Chuadanga,2011,9,Maximum,5,130,B12
Chuadanga,2011,10,Maximum,2,190,B12
Chuadanga,2011,11,Maximum,3,360,B12
Chuadanga,2011,12,Maximum,0,0,B12
Chuadanga,2012,1,Maximum,5,180,B12
Chuadanga,2012,2,Maximum,4,340,B12
Chuadanga,2012,3,Maximum,12,270,B12
Chuadanga,2012,4,Maximum,10,180,B12
Chuadanga,2012,5,Maximum,6,180,B12
Chuadanga,2012,6,Maximum,6,180,B12
Chuadanga,2012,7,Maximum,6,90,B12
Chuadanga,2012,8,Maximum,5,220,B12
Chuadanga,2012,9,Maximum,4,180,B12
Chuadanga,2012,10,Maximum,4,360,B12
Chuadanga,2012,11,Maximum,3,360,B12
Chuadanga,2012,12,Maximum,4,360,B12
Chuadanga,2013,1,Maximum,36,10,B12
Chuadanga,2013,2,Maximum,4,360,B12
Chuadanga,2013,3,Maximum,9,270,B12
Chuadanga,2013,4,Maximum,9,270,B12
Chuadanga,2013,5,Maximum,10,110,B12
Chuadanga,2013,6,Maximum,8,230,B12
Chuadanga,2013,7,Maximum,6,180,B12
Chuadanga,2013,8,Maximum,8,180,B12
Chuadanga,2013,9,Maximum,8,150,B12
Chuadanga,2013,10,Maximum,6,130,B12
Chuadanga,2013,11,Maximum,4,360,B12
Chuadanga,2013,12,Maximum,5,330,B12
Chuadanga,2014,1,Maximum,8,360,B12
Chuadanga,2014,2,Maximum,6,270,B12
Chuadanga,2014,3,Maximum,7,320,B12
Chuadanga,2014,4,Maximum,7,180,B12
Chuadanga,2014,5,Maximum,8,180,B12
Chuadanga,2014,6,Maximum,9,360,B12
Chuadanga,2014,7,Maximum,6,150,B12
Chuadanga,2014,8,Maximum,8,90,B12
Chuadanga,2014,9,Maximum,5,130,B12
Chuadanga,2014,10,Maximum,3,150,B12
Chuadanga,2014,11,Maximum,3,360,B12
Chuadanga,2014,12,Maximum,5,330,B12
Chuadanga,2015,1,Maximum,5,360,B12
Chuadanga,2015,2,Maximum,3,180,B12
Chuadanga,2015,3,Maximum,7,270,B12
Chuadanga,2015,4,Maximum,15,310,B12
Chuadanga,2015,5,Maximum,8,310,B12
Chuadanga,2015,6,Maximum,7,180,B12
Chuadanga,2015,7,Maximum,5,180,B12
Chuadanga,2015,8,Maximum,5,180,B12
Chuadanga,2015,9,Maximum,4,150,B12
Chuadanga,2015,10,Maximum,3,150,B12
Chuadanga,2015,11,Maximum,2,360,B12
Chuadanga,2015,12,Maximum,3,270,B12
Chuadanga,2016,1,Maximum,3,360,B12
Chuadanga,2016,2,Maximum,4,270,B12
Chuadanga,2016,3,Maximum,6,180,B12
Chuadanga,2016,4,Maximum,10,180,B12
Chuadanga,2016,5,Maximum,12,330,B12
Chuadanga,2016,6,Maximum,8,270,B12
Chuadanga,2016,7,Maximum,6,240,B12
Chuadanga,2016,8,Maximum,12,70,B12
Chuadanga,2016,9,Maximum,4,180,B12
Chuadanga,2016,10,Maximum,3,180,B12
Chuadanga,2016,11,Maximum,4,340,B12
Chuadanga,2016,12,Maximum,4,360,B12
Chittagong,2011,1,Maximum,12,330,B12
Chittagong,2011,2,Maximum,14,330,B12
Chittagong,2011,3,Maximum,20,310,B12
Chittagong,2011,4,Maximum,14,250,B12
Chittagong,2011,5,Maximum,14,240,B12
Chittagong,2011,6,Maximum,15,120,B12
Chittagong,2011,7,Maximum,18,230,B12
Chittagong,2011,8,Maximum,15,170,B12
Chittagong,2011,9,Maximum,14,120,B12
Chittagong,2011,10,Maximum,10,330,B12
Chittagong,2011,11,Maximum,10,300,B12
Chittagong,2011,12,Maximum,12,330,B12
Chittagong,2012,1,Maximum,15,330,B12
Chittagong,2012,2,Maximum,14,140,B12
Chittagong,2012,3,Maximum,12,140,B12
Chittagong,2012,4,Maximum,30,140,B12
Chittagong,2012,5,Maximum,20,320,B12
Chittagong,2012,6,Maximum,22,350,B12
Chittagong,2012,7,Maximum,16,140,B12
Chittagong,2012,8,Maximum,15,360,B12
Chittagong,2012,9,Maximum,12,240,B12
Chittagong,2012,10,Maximum,16,220,B12
Chittagong,2012,11,Maximum,40,0,B12
Chittagong,2012,12,Maximum,14,330,B12
Chittagong,2013,1,Maximum,12,320,B12
Chittagong,2013,2,Maximum,14,320,B12
Chittagong,2013,3,Maximum,14,320,B12
Chittagong,2013,4,Maximum,14,360,B12
Chittagong,2013,5,Maximum,20,240,B12
Chittagong,2013,6,Maximum,14,190,B12
Chittagong,2013,7,Maximum,16,200,B12
Chittagong,2013,8,Maximum,11,240,B12
Chittagong,2013,9,Maximum,12,240,B12
Chittagong,2013,10,Maximum,10,300,B12
Chittagong,2013,11,Maximum,11,300,B12
Chittagong,2013,12,Maximum,12,360,B12
Chittagong,2014,1,Maximum,15,300,B12
Chittagong,2014,2,Maximum,18,320,B12
Chittagong,2014,3,Maximum,20,330,B12
Chittagong,2014,4,Maximum,32,360,B12
Chittagong,2014,5,Maximum,18,210,B12
Chittagong,2014,6,Maximum,28,340,B12
Chittagong,2014,7,Maximum,15,240,B12
Chittagong,2014,8,Maximum,12,190,B12
Chittagong,2014,9,Maximum,12,170,B12
Chittagong,2014,10,Maximum,12,360,B12
Chittagong,2014,11,Maximum,10,360,B12
Chittagong,2014,12,Maximum,14,320,B12
Chittagong,2015,1,Maximum,15,300,B12
Chittagong,2015,2,Maximum,20,20,B12
Chittagong,2015,3,Maximum,20,300,B12
Chittagong,2015,4,Maximum,25,330,B12
Chittagong,2015,5,Maximum,20,360,B12
Chittagong,2015,6,Maximum,15,180,B12
Chittagong,2015,7,Maximum,18,30,B12
Chittagong,2015,8,Maximum,15,260,B12
Chittagong,2015,9,Maximum,15,150,B12
Chittagong,2015,10,Maximum,10,150,B12
Chittagong,2015,11,Maximum,10,300,B12
Chittagong,2015,12,Maximum,12,330,B12
Chittagong,2016,1,Maximum,11,360,B12
Chittagong,2016,2,Maximum,14,210,B12
Chittagong,2016,3,Maximum,18,330,B12
Chittagong,2016,4,Maximum,24,180,B12
Chittagong,2016,5,Maximum,26,220,B12
Chittagong,2016,6,Maximum,18,180,B12
Chittagong,2016,7,Maximum,20,240,B12
Chittagong,2016,8,Maximum,20,180,B12
Chittagong,2016,9,Maximum,18,210,B12
Chittagong,2016,10,Maximum,14,350,B12
Chittagong,2016,11,Maximum,21,30,B12
Chittagong,2016,12,Maximum,12,290,B12
Ambagan (Ctg),2011,1,Maximum,6,300,B12
Ambagan (Ctg),2011,2,Maximum,10,180,B12
Ambagan (Ctg),2011,3,Maximum,11,180,B12
Ambagan (Ctg),2011,4,Maximum,10,320,B12
Ambagan (Ctg),2011,5,Maximum,10,180,B12
Ambagan (Ctg),2011,6,Maximum,10,130,B12
Ambagan (Ctg),2011,7,Maximum,10,180,B12
Ambagan (Ctg),2011,8,Maximum,8,180,B12
Ambagan (Ctg),2011,9,Maximum,8,210,B12
Ambagan (Ctg),2011,10,Maximum,7,100,B12
Ambagan (Ctg),2011,11,Maximum,5,320,B12
Ambagan (Ctg),2011,12,Maximum,5,270,B12
Ambagan (Ctg),2012,1,Maximum,8,20,B12
Ambagan (Ctg),2012,2,Maximum,8,320,B12
Ambagan (Ctg),2012,3,Maximum,8,210,B12
Ambagan (Ctg),2012,4,Maximum,12,230,B12
Ambagan (Ctg),2012,5,Maximum,12,340,B12
Ambagan (Ctg),2012,6,Maximum,12,270,B12
Ambagan (Ctg),2012,7,Maximum,15,180,B12
Ambagan (Ctg),2012,8,Maximum,9,210,B12
Ambagan (Ctg),2012,9,Maximum,9,20,B12
Ambagan (Ctg),2012,10,Maximum,18,20,B12
Ambagan (Ctg),2012,11,Maximum,5,290,B12
Ambagan (Ctg),2012,12,Maximum,5,350,B12
Ambagan (Ctg),2013,1,Maximum,5,330,B12
Ambagan (Ctg),2013,2,Maximum,10,330,B12
Ambagan (Ctg),2013,3,Maximum,8,180,B12
Ambagan (Ctg),2013,4,Maximum,12,250,B12
Ambagan (Ctg),2013,5,Maximum,15,270,B12
Ambagan (Ctg),2013,6,Maximum,8,220,B12
Ambagan (Ctg),2013,7,Maximum,8,130,B12
Ambagan (Ctg),2013,8,Maximum,9,170,B12
Ambagan (Ctg),2013,9,Maximum,7,230,B12
Ambagan (Ctg),2013,10,Maximum,5,300,B12
Ambagan (Ctg),2013,11,Maximum,5,50,B12
Ambagan (Ctg),2013,12,Maximum,5,310,B12
Ambagan (Ctg),2014,1,Maximum,5,250,B12
Ambagan (Ctg),2014,2,Maximum,6,280,B12
Ambagan (Ctg),2014,3,Maximum,17,250,B12
Ambagan (Ctg),2014,4,Maximum,10,320,B12
Ambagan (Ctg),2014,5,Maximum,12,320,B12
Ambagan (Ctg),2014,6,Maximum,10,230,B12
Ambagan (Ctg),2014,7,Maximum,12,90,B12
Ambagan (Ctg),2014,8,Maximum,8,180,B12
Ambagan (Ctg),2014,9,Maximum,9,180,B12
Ambagan (Ctg),2014,10,Maximum,8,260,B12
Ambagan (Ctg),2014,11,Maximum,6,310,B12
Ambagan (Ctg),2014,12,Maximum,5,270,B12
Ambagan (Ctg),2015,1,Maximum,9,340,B12
Ambagan (Ctg),2015,2,Maximum,9,270,B12
Ambagan (Ctg),2015,3,Maximum,10,330,B12
Ambagan (Ctg),2015,4,Maximum,12,30,B12
Ambagan (Ctg),2015,5,Maximum,8,210,B12
Ambagan (Ctg),2015,6,Maximum,10,250,B12
Ambagan (Ctg),2015,7,Maximum,14,70,B12
Ambagan (Ctg),2015,8,Maximum,9,230,B12
Ambagan (Ctg),2015,9,Maximum,15,190,B12
Ambagan (Ctg),2015,10,Maximum,6,90,B12
Ambagan (Ctg),2015,11,Maximum,6,290,B12
Ambagan (Ctg),2015,12,Maximum,6,310,B12
Ambagan (Ctg),2016,1,Maximum,8,310,B12
Ambagan (Ctg),2016,2,Maximum,12,240,B12
Ambagan (Ctg),2016,3,Maximum,12,210,B12
Ambagan (Ctg),2016,4,Maximum,17,170,B12
Ambagan (Ctg),2016,5,Maximum,20,90,B12
Ambagan (Ctg),2016,6,Maximum,10,100,B12
Ambagan (Ctg),2016,7,Maximum,12,180,B12
Ambagan (Ctg),2016,8,Maximum,10,200,B12
Ambagan (Ctg),2016,9,Maximum,8,300,B12
Ambagan (Ctg),2016,10,Maximum,7,250,B12
Ambagan (Ctg),2016,11,Maximum,10,170,B12
Ambagan (Ctg),2016,12,Maximum,6,290,B12
Dinajpur,2017,1,Maximum,3,270,B13
Dinajpur,2017,2,Maximum,4,270,B13
Dinajpur,2017,3,Maximum,6,50,B13
Dinajpur,2017,4,Maximum,5,90,B13
Dinajpur,2017,5,Maximum,8,50,B13
Dinajpur,2017,6,Maximum,4,130,B13
Dinajpur,2017,7,Maximum,8,130,B13
Dinajpur,2017,8,Maximum,4,270,B13
Dinajpur,2017,9,Maximum,4,100,B13
Dinajpur,2017,10,Maximum,6,90,B13
Dinajpur,2017,11,Maximum,4,270,B13
Dinajpur,2017,12,Maximum,4,280,B13
Dinajpur,2018,1,Maximum,9,270,B13
Dinajpur,2018,2,Maximum,7,270,B13
Dinajpur,2018,3,Maximum,6,50,B13
Dinajpur,2018,4,Maximum,4,300,B13
Dinajpur,2018,5,Maximum,4,180,B13
Dinajpur,2018,6,Maximum,3,180,B13
Dinajpur,2018,7,Maximum,8,130,B13
Dinajpur,2018,8,Maximum,4,90,B13
Dinajpur,2018,9,Maximum,5,130,B13
Dinajpur,2018,10,Maximum,4,130,B13
Dinajpur,2018,11,Maximum,5,270,B13
Dinajpur,2018,12,Maximum,9,10,B13
Dinajpur,2019,1,Maximum,4,270,B13
Dinajpur,2019,2,Maximum,4,270,B13
Dinajpur,2019,3,Maximum,3,230,B13
Dinajpur,2019,4,Maximum,4,50,B13
Dinajpur,2019,5,Maximum,5,50,B13
Dinajpur,2019,6,Maximum,3.5,50,B13
Dinajpur,2019,7,Maximum,3.5,130,B13
Dinajpur,2019,8,Maximum,4,90,B13
Dinajpur,2019,9,Maximum,4.5,90,B13
Dinajpur,2019,10,Maximum,3,90,B13
Dinajpur,2019,11,Maximum,2.5,90,B13
Dinajpur,2019,12,Maximum,3,290,B13
Dinajpur,2020,1,Maximum,2.5,0,B13
Dinajpur,2020,2,Maximum,2,270,B13
Dinajpur,2020,3,Maximum,4,310,B13
Dinajpur,2020,4,Maximum,4.5,310,B13
Dinajpur,2020,5,Maximum,5.5,90,B13
Dinajpur,2020,6,Maximum,3,130,B13
Dinajpur,2020,7,Maximum,2.5,130,B13
Dinajpur,2020,8,Maximum,2.5,180,B13
Dinajpur,2020,9,Maximum,3,180,B13
Dinajpur,2020,10,Maximum,2.5,90,B13
Dinajpur,2020,11,Maximum,13.5,20,B13
Dinajpur,2020,12,Maximum,18,20,B13
Dinajpur,2021,1,Maximum,4.5,90,B13
Dinajpur,2021,2,Maximum,2.5,270,B13
Dinajpur,2021,3,Maximum,3.5,270,B13
Dinajpur,2021,4,Maximum,2.5,230,B13
Dinajpur,2021,5,Maximum,6.5,20,B13
Dinajpur,2021,6,Maximum,3,90,B13
Dinajpur,2021,7,Maximum,3.5,130,B13
Dinajpur,2021,8,Maximum,2.5,50,B13
Dinajpur,2021,9,Maximum,3,90,B13
Dinajpur,2021,10,Maximum,3,180,B13
Dinajpur,2021,11,Maximum,2,90,B13
Dinajpur,2021,12,Maximum,2.5,50,B13
Dinajpur,2022,1,Maximum,3,270,B13
Dinajpur,2022,2,Maximum,3.5,90,B13
Dinajpur,2022,3,Maximum,3,50,B13
Dinajpur,2022,4,Maximum,3,90,B13
Dinajpur,2022,5,Maximum,3,130,B13
Dinajpur,2022,6,Maximum,2.5,200,B13
Dinajpur,2022,7,Maximum,2.5,110,B13
Dinajpur,2022,8,Maximum,2.5,130,B13
Dinajpur,2022,9,Maximum,2.5,130,B13
Dinajpur,2022,10,Maximum,3,90,B13
Dinajpur,2022,11,Maximum,2.5,50,B13
Dinajpur,2022,12,Maximum,2,230,B13
Dinajpur,2023,1,Maximum,3,310,B13
Dinajpur,2023,2,Maximum,3,230,B13
Dinajpur,2023,3,Maximum,4,50,B13
Dinajpur,2023,4,Maximum,11.5,10,B13
Dinajpur,2023,5,Maximum,2.5,90,B13
Dinajpur,2023,6,Maximum,3,130,B13
Dinajpur,2023,7,Maximum,4.5,90,B13
Dinajpur,2023,8,Maximum,3.5,360,B13
Dinajpur,2023,9,Maximum,2.5,90,B13
Dinajpur,2023,10,Maximum,3,90,B13
Dinajpur,2023,11,Maximum,2.5,90,B13
Dinajpur,2023,12,Maximum,2.5,270,B13
Dinajpur,2024,1,Maximum,2,270,B13
Dinajpur,2024,2,Maximum,2.5,270,B13
Dinajpur,2024,3,Maximum,2.5,90,B13
Dinajpur,2024,4,Maximum,3,230,B13
Dinajpur,2024,5,Maximum,4,90,B13
Dinajpur,2024,6,Maximum,2.5,90,B13
Dinajpur,2024,7,Maximum,2.5,90,B13
Rangpur,2017,1,Maximum,4,50,B13
Rangpur,2017,2,Maximum,5,230,B13
Rangpur,2017,3,Maximum,8,310,B13
Rangpur,2017,4,Maximum,6,50,B13
Rangpur,2017,5,Maximum,7,50,B13
Rangpur,2017,6,Maximum,5,130,B13
Rangpur,2017,7,Maximum,8,130,B13
Rangpur,2017,8,Maximum,8,230,B13
Rangpur,2017,9,Maximum,9,130,B13
Rangpur,2017,10,Maximum,7,90,B13
Rangpur,2017,11,Maximum,6,90,B13
Rangpur,2017,12,Maximum,4,50,B13
Rangpur,2018,1,Maximum,4,230,B13
Rangpur,2018,2,Maximum,5,50,B13
Rangpur,2018,3,Maximum,5,50,B13
Rangpur,2018,4,Maximum,6,230,B13
Rangpur,2018,5,Maximum,9,0,B13
Rangpur,2018,6,Maximum,5,50,B13
Rangpur,2018,7,Maximum,4,310,B13
Rangpur,2018,8,Maximum,4,130,B13
Rangpur,2018,9,Maximum,4,130,B13
Rangpur,2018,10,Maximum,4,50,B13
Rangpur,2018,11,Maximum,4,270,B13
Rangpur,2018,12,Maximum,4,50,B13
Rangpur,2019,1,Maximum,2.5,40,B13
Rangpur,2019,2,Maximum,2,180,B13
Rangpur,2019,3,Maximum,3,130,B13
Rangpur,2019,4,Maximum,3,50,B13
Rangpur,2019,5,Maximum,4.5,310,B13
Rangpur,2019,6,Maximum,2,270,B13
Rangpur,2019,7,Maximum,2.5,130,B13
Rangpur,2019,8,Maximum,2,130,B13
Rangpur,2019,9,Maximum,2.5,130,B13
Rangpur,2019,10,Maximum,2.5,90,B13
Rangpur,2019,11,Maximum,2,50,B13
Rangpur,2019,12,Maximum,2.5,60,B13
Rangpur,2020,1,Maximum,3,310,B13
Rangpur,2020,2,Maximum,2,50,B13
Rangpur,2020,3,Maximum,2.5,230,B13
Rangpur,2020,4,Maximum,4,50,B13
Rangpur,2020,5,Maximum,7.5,50,B13
Rangpur,2020,6,Maximum,3,180,B13
Rangpur,2020,7,Maximum,2,230,B13
Rangpur,2020,8,Maximum,2,130,B13
Rangpur,2020,9,Maximum,2,90,B13
Rangpur,2020,10,Maximum,3,50,B13
Rangpur,2020,11,Maximum,2.5,50,B13
Rangpur,2020,12,Maximum,1.5,330,B13
Rangpur,2021,1,Maximum,2,270,B13
Rangpur,2021,2,Maximum,2,50,B13
Rangpur,2021,3,Maximum,4.5,50,B13
Rangpur,2021,4,Maximum,4.5,50,B13
Rangpur,2021,5,Maximum,4,50,B13
Rangpur,2021,6,Maximum,2,130,B13
Rangpur,2021,7,Maximum,2,130,B13
Rangpur,2021,8,Maximum,2.5,50,B13
Rangpur,2021,9,Maximum,2,50,B13
Rangpur,2021,10,Maximum,2,50,B13
Rangpur,2021,11,Maximum,1.5,50,B13
Rangpur,2021,12,Maximum,2.5,50,B13
Rangpur,2022,1,Maximum,2,310,B13
Rangpur,2022,2,Maximum,4.5,50,B13
Rangpur,2022,3,Maximum,2,190,B13
Rangpur,2022,4,Maximum,6.5,300,B13
Rangpur,2022,5,Maximum,3,130,B13
Rangpur,2022,6,Maximum,2.5,210,B13
Rangpur,2022,7,Maximum,1.5,170,B13
Rangpur,2022,8,Maximum,4,130,B13
Rangpur,2022,9,Maximum,2,230,B13
Rangpur,2022,10,Maximum,6.5,50,B13
Rangpur,2022,11,Maximum,2.5,20,B13
Rangpur,2022,12,Maximum,1,90,B13
Rangpur,2023,1,Maximum,1,50,B13
Rangpur,2023,2,Maximum,2,90,B13
Rangpur,2023,3,Maximum,2.5,20,B13
Rangpur,2023,4,Maximum,15,50,B13
Rangpur,2023,5,Maximum,4,230,B13
Rangpur,2023,6,Maximum,3,50,B13
Rangpur,2023,7,Maximum,2,50,B13
Rangpur,2023,8,Maximum,1.5,130,B13
Rangpur,2023,9,Maximum,3,130,B13
Rangpur,2023,10,Maximum,3,50,B13
Rangpur,2023,11,Maximum,2.5,20,B13
Rangpur,2023,12,Maximum,2.5,10,B13
Rangpur,2024,1,Maximum,1,270,B13
Rangpur,2024,2,Maximum,1.5,270,B13
Rangpur,2024,3,Maximum,2.5,350,B13
Rangpur,2024,4,Maximum,2,50,B13
Rangpur,2024,5,Maximum,7,50,B13
Rangpur,2024,6,Maximum,3.5,50,B13
Rajshahi,2017,1,Maximum,7,310,B13
Rajshahi,2017,2,Maximum,7,270,B13
Rajshahi,2017,3,Maximum,7,50,B13
Rajshahi,2017,4,Maximum,10,90,B13
Rajshahi,2017,5,Maximum,12,270,B13
Rajshahi,2017,6,Maximum,6,90,B13
Rajshahi,2017,7,Maximum,8,130,B13
Rajshahi,2017,8,Maximum,8,90,B13
Rajshahi,2017,9,Maximum,5,90,B13
Rajshahi,2017,10,Maximum,14,90,B13
Rajshahi,2017,11,Maximum,6,360,B13
Rajshahi,2017,12,Maximum,5,360,B13
Rajshahi,2018,1,Maximum,6,360,B13
Rajshahi,2018,2,Maximum,8,360,B13
Rajshahi,2018,3,Maximum,8,270,B13
Rajshahi,2018,4,Maximum,25,310,B13
Rajshahi,2018,5,Maximum,7,50,B13
Rajshahi,2018,6,Maximum,8,90,B13
Rajshahi,2018,7,Maximum,8,50,B13
Rajshahi,2018,8,Maximum,8,90,B13
Rajshahi,2018,9,Maximum,9,90,B13
Rajshahi,2018,10,Maximum,6,90,B13
Rajshahi,2018,11,Maximum,5,50,B13
Rajshahi,2018,12,Maximum,6,360,B13
Rajshahi,2019,1,Maximum,2.5,310,B13
Rajshahi,2019,2,Maximum,3,310,B13
Rajshahi,2019,3,Maximum,15.5,20,B13
Rajshahi,2019,4,Maximum,3,310,B13
Rajshahi,2019,5,Maximum,6,310,B13
Rajshahi,2019,6,Maximum,3,230,B13
Rajshahi,2019,7,Maximum,4,70,B13
Rajshahi,2019,8,Maximum,4,90,B13
Rajshahi,2019,9,Maximum,3,50,B13
Rajshahi,2019,10,Maximum,4.5,20,B13
Rajshahi,2019,11,Maximum,3,50,B13
Rajshahi,2019,12,Maximum,3,310,B13
Rajshahi,2020,1,Maximum,3.5,310,B13
Rajshahi,2020,2,Maximum,4,230,B13
Rajshahi,2020,3,Maximum,3.5,310,B13
Rajshahi,2020,4,Maximum,4,310,B13
Rajshahi,2020,5,Maximum,16,50,B13
Rajshahi,2020,6,Maximum,3.5,50,B13
Rajshahi,2020,7,Maximum,2.5,70,B13
Rajshahi,2020,8,Maximum,4.5,90,B13
Rajshahi,2020,9,Maximum,3,90,B13
Rajshahi,2020,10,Maximum,4.5,90,B13
Rajshahi,2020,11,Maximum,2.5,360,B13
Rajshahi,2020,12,Maximum,2.5,50,B13
Rajshahi,2021,1,Maximum,2.5,270,B13
Rajshahi,2021,2,Maximum,2.5,230,B13
Rajshahi,2021,3,Maximum,3,50,B13
Rajshahi,2021,4,Maximum,8,270,B13
Rajshahi,2021,5,Maximum,4,150,B13
Rajshahi,2021,6,Maximum,4,90,B13
Rajshahi,2021,7,Maximum,4,50,B13
Rajshahi,2021,8,Maximum,2.5,90,B13
Rajshahi,2021,9,Maximum,3,130,B13
Rajshahi,2021,10,Maximum,4,150,B13
Rajshahi,2021,11,Maximum,2.5,330,B13
Rajshahi,2021,12,Maximum,2.5,310,B13
Rajshahi,2022,1,Maximum,3,310,B13
Rajshahi,2022,2,Maximum,2,90,B13
Rajshahi,2022,3,Maximum,2.5,90,B13
Rajshahi,2022,4,Maximum,3.5,130,B13
Rajshahi,2022,5,Maximum,6,230,B13
Rajshahi,2022,6,Maximum,5,320,B13
Rajshahi,2022,7,Maximum,4,90,B13
Rajshahi,2022,8,Maximum,6,90,B13
Rajshahi,2022,9,Maximum,3.5,130,B13
Rajshahi,2022,10,Maximum,4,50,B13
Rajshahi,2022,11,Maximum,2,360,B13
Rajshahi,2022,12,Maximum,2,50,B13
Rajshahi,2023,1,Maximum,3.5,310,B13
Rajshahi,2023,2,Maximum,4.5,270,B13
Rajshahi,2023,3,Maximum,3,230,B13
Rajshahi,2023,4,Maximum,13.5,20,B13
Rajshahi,2023,5,Maximum,5,180,B13
Rajshahi,2023,6,Maximum,4,90,B13
Rajshahi,2023,7,Maximum,4,50,B13
Rajshahi,2023,8,Maximum,4,90,B13
Rajshahi,2023,9,Maximum,3.5,90,B13
Rajshahi,2023,10,Maximum,3.5,90,B13
Rajshahi,2023,11,Maximum,3.5,50,B13
Rajshahi,2023,12,Maximum,2.5,310,B13
Rajshahi,2024,1,Maximum,3,270,B13
Rajshahi,2024,2,Maximum,4,270,B13
Rajshahi,2024,3,Maximum,4,230,B13
Rajshahi,2024,4,Maximum,4.5,270,B13
Rajshahi,2024,5,Maximum,7,50,B13
Rajshahi,2024,6,Maximum,3.5,140,B13
Bogura,2017,1,Maximum,4,310,B13
Bogura,2017,2,Maximum,8,230,B13
Bogura,2017,3,Maximum,10,310,B13
Bogura,2017,4,Maximum,8,90,B13
Bogura,2017,5,Maximum,6,360,B13
Bogura,2017,6,Maximum,6,90,B13
Bogura,2017,7,Maximum,6,90,B13
Bogura,2017,8,Maximum,10,130,B13
Bogura,2017,9,Maximum,4,130,B13
Bogura,2017,10,Maximum,7,360,B13
Bogura,2017,11,Maximum,4,270,B13
Bogura,2017,12,Maximum,6,270,B13
Bogura,2018,1,Maximum,5,270,B13
Bogura,2018,2,Maximum,5,90,B13
Bogura,2018,3,Maximum,7,90,B13
Bogura,2018,4,Maximum,7,230,B13
Bogura,2018,5,Maximum,9,90,B13
Bogura,2018,6,Maximum,9,40,B13
Bogura,2018,7,Maximum,6,90,B13
Bogura,2018,8,Maximum,4,90,B13
Bogura,2018,9,Maximum,8,90,B13
Bogura,2018,10,Maximum,5,90,B13
Bogura,2018,11,Maximum,4,50,B13
Bogura,2018,12,Maximum,6,360,B13
Bogura,2019,1,Maximum,2,360,B13
Bogura,2019,2,Maximum,4,270,B13
Bogura,2019,3,Maximum,3.5,310,B13
Bogura,2019,4,Maximum,3,50,B13
Bogura,2019,5,Maximum,5,360,B13
Bogura,2019,6,Maximum,3,180,B13
Bogura,2019,7,Maximum,3,90,B13
Bogura,2019,8,Maximum,4,90,B13
Bogura,2019,9,Maximum,4,130,B13
Bogura,2019,10,Maximum,2,360,B13
Bogura,2019,11,Maximum,2,360,B13
Bogura,2019,12,Maximum,2.5,270,B13
Bogura,2020,1,Maximum,2.5,310,B13
Bogura,2020,2,Maximum,2,270,B13
Bogura,2020,3,Maximum,3,270,B13
Bogura,2020,4,Maximum,4,310,B13
Bogura,2020,5,Maximum,7.5,270,B13
Bogura,2020,6,Maximum,2,180,B13
Bogura,2020,7,Maximum,3,90,B13
Bogura,2020,8,Maximum,3.5,90,B13
Bogura,2020,9,Maximum,3,230,B13
Bogura,2020,10,Maximum,2,50,B13
Bogura,2020,11,Maximum,2,360,B13
Bogura,2020,12,Maximum,2,310,B13
Bogura,2021,1,Maximum,2,270,B13
Bogura,2021,2,Maximum,2.5,310,B13
Bogura,2021,3,Maximum,3,90,B13
Bogura,2021,4,Maximum,4.5,230,B13
Bogura,2021,5,Maximum,3,130,B13
Bogura,2021,6,Maximum,4,130,B13
Bogura,2021,7,Maximum,5,50,B13
Bogura,2021,8,Maximum,3,130,B13
Bogura,2021,9,Maximum,3,130,B13
Bogura,2021,10,Maximum,4.5,20,B13
Bogura,2021,11,Maximum,3,270,B13
Bogura,2021,12,Maximum,3,310,B13
Bogura,2022,1,Maximum,2.5,270,B13
Bogura,2022,2,Maximum,2.5,270,B13
Bogura,2022,3,Maximum,3.5,30,B13
Bogura,2022,4,Maximum,3,30,B13
Bogura,2022,5,Maximum,4,270,B13
Bogura,2022,6,Maximum,3,130,B13
Bogura,2022,7,Maximum,3,180,B13
Bogura,2022,8,Maximum,5,130,B13
Bogura,2022,9,Maximum,11.5,20,B13
Bogura,2022,10,Maximum,4,360,B13
Bogura,2022,11,Maximum,15.5,20,B13
Bogura,2022,12,Maximum,2,310,B13
Bogura,2023,1,Maximum,2,270,B13
Bogura,2023,2,Maximum,3,270,B13
Bogura,2023,3,Maximum,2.5,20,B13
Bogura,2023,4,Maximum,2.5,180,B13
Bogura,2023,5,Maximum,4,360,B13
Bogura,2023,6,Maximum,3,90,B13
Bogura,2023,7,Maximum,3,90,B13
Bogura,2023,8,Maximum,3,90,B13
Bogura,2023,9,Maximum,4,90,B13
Bogura,2023,10,Maximum,3.5,90,B13
Bogura,2023,11,Maximum,2,50,B13
Bogura,2023,12,Maximum,2,310,B13
Bogura,2024,1,Maximum,2,270,B13
Bogura,2024,2,Maximum,2.5,270,B13
Bogura,2024,3,Maximum,4,130,B13
Bogura,2024,4,Maximum,2,130,B13
Bogura,2024,5,Maximum,5,90,B13
Bogura,2024,6,Maximum,3,180,B13
Mymensingh,2017,1,Maximum,5,310,B13
Mymensingh,2017,2,Maximum,8,180,B13
Mymensingh,2017,3,Maximum,8,50,B13
Mymensingh,2017,4,Maximum,12,130,B13
Mymensingh,2017,5,Maximum,10,300,B13
Mymensingh,2017,6,Maximum,10,190,B13
Mymensingh,2017,7,Maximum,12,110,B13
Mymensingh,2017,8,Maximum,8,270,B13
Mymensingh,2017,9,Maximum,8,130,B13
Mymensingh,2017,10,Maximum,12,90,B13
Mymensingh,2017,11,Maximum,4,40,B13
Mymensingh,2017,12,Maximum,8,360,B13
Mymensingh,2018,1,Maximum,8,300,B13
Mymensingh,2018,2,Maximum,8,180,B13
Mymensingh,2018,3,Maximum,15,160,B13
Mymensingh,2018,4,Maximum,12,90,B13
Mymensingh,2018,5,Maximum,12,90,B13
Mymensingh,2018,6,Maximum,16,320,B13
Mymensingh,2018,7,Maximum,10,120,B13
Mymensingh,2018,8,Maximum,8,140,B13
Mymensingh,2018,9,Maximum,10,90,B13
Mymensingh,2018,10,Maximum,8,130,B13
Mymensingh,2018,11,Maximum,9,10,B13
Mymensingh,2018,12,Maximum,17,10,B13
Mymensingh,2019,1,Maximum,4,340,B13
Mymensingh,2019,2,Maximum,4,130,B13
Mymensingh,2019,3,Maximum,7.5,140,B13
Mymensingh,2019,4,Maximum,7,330,B13
Mymensingh,2019,5,Maximum,9,180,B13
Mymensingh,2019,6,Maximum,5,90,B13
Mymensingh,2019,7,Maximum,6,360,B13
Mymensingh,2019,8,Maximum,5,150,B13
Mymensingh,2019,9,Maximum,4.5,110,B13
Mymensingh,2019,10,Maximum,4,270,B13
Mymensingh,2019,11,Maximum,15,10,B13
Mymensingh,2019,12,Maximum,5,270,B13
Mymensingh,2020,1,Maximum,4,310,B13
Mymensingh,2020,2,Maximum,5,130,B13
Mymensingh,2020,3,Maximum,11,270,B13
Mymensingh,2020,4,Maximum,8,310,B13
Mymensingh,2020,5,Maximum,6,360,B13
Mymensingh,2020,6,Maximum,6,180,B13
Mymensingh,2020,7,Maximum,4,180,B13
Mymensingh,2020,8,Maximum,6,100,B13
Mymensingh,2020,9,Maximum,6,140,B13
Mymensingh,2020,10,Maximum,3.5,90,B13
Mymensingh,2020,11,Maximum,2,30,B13
Mymensingh,2020,12,Maximum,2,230,B13
Mymensingh,2021,1,Maximum,3,310,B13
Mymensingh,2021,2,Maximum,4,280,B13
Mymensingh,2021,3,Maximum,6,90,B13
Mymensingh,2021,4,Maximum,6,50,B13
Mymensingh,2021,5,Maximum,9,20,B13
Mymensingh,2021,6,Maximum,6,130,B13
Mymensingh,2021,7,Maximum,6,310,B13
Mymensingh,2021,8,Maximum,5,180,B13
Mymensingh,2021,9,Maximum,7,330,B13
Mymensingh,2021,10,Maximum,6,140,B13
Mymensingh,2021,11,Maximum,2,310,B13
Mymensingh,2021,12,Maximum,3,90,B13
Mymensingh,2022,1,Maximum,3,310,B13
Mymensingh,2022,2,Maximum,3,340,B13
Mymensingh,2022,3,Maximum,7,90,B13
Mymensingh,2022,4,Maximum,7,30,B13
Mymensingh,2022,5,Maximum,20,180,B13
Mymensingh,2022,6,Maximum,5,230,B13
Mymensingh,2022,7,Maximum,3,130,B13
Mymensingh,2022,8,Maximum,6,130,B13
Mymensingh,2022,9,Maximum,2,130,B13
Mymensingh,2022,10,Maximum,7,60,B13
Mymensingh,2022,11,Maximum,0,0,B13
Mymensingh,2022,12,Maximum,0,0,B13
Mymensingh,2023,1,Maximum,0.5,270,B13
Mymensingh,2023,2,Maximum,0,0,B13
Mymensingh,2023,3,Maximum,6.5,10,B13
Mymensingh,2023,4,Maximum,3,230,B13
Mymensingh,2023,5,Maximum,5,180,B13
Mymensingh,2023,6,Maximum,6,160,B13
Mymensingh,2023,7,Maximum,8.5,20,B13
Mymensingh,2023,8,Maximum,3,110,B13
Mymensingh,2023,9,Maximum,5,130,B13
Mymensingh,2023,10,Maximum,2,90,B13
Mymensingh,2023,11,Maximum,4,90,B13
Mymensingh,2023,12,Maximum,2,50,B13
Mymensingh,2024,1,Maximum,2,270,B13
Mymensingh,2024,2,Maximum,2,290,B13
Mymensingh,2024,3,Maximum,5,270,B13
Mymensingh,2024,4,Maximum,5,90,B13
Mymensingh,2024,5,Maximum,9,90,B13
Mymensingh,2024,6,Maximum,5,140,B13
Mymensingh,2024,7,Maximum,3,130,B13
Sylhet,2017,1,Maximum,9,90,B13
Sylhet,2017,2,Maximum,16,210,B13
Sylhet,2017,3,Maximum,12,300,B13
Sylhet,2017,4,Maximum,20,280,B13
Sylhet,2017,5,Maximum,22,310,B13
Sylhet,2017,6,Maximum,18,180,B13
Sylhet,2017,7,Maximum,9,360,B13
Sylhet,2017,8,Maximum,10,290,B13
Sylhet,2017,9,Maximum,12,270,B13
Sylhet,2017,10,Maximum,19,90,B13
Sylhet,2017,11,Maximum,8,90,B13
Sylhet,2017,12,Maximum,8,250,B13
Sylhet,2018,1,Maximum,10,210,B13
Sylhet,2018,2,Maximum,9,250,B13
Sylhet,2018,3,Maximum,18,360,B13
Sylhet,2018,4,Maximum,18,310,B13
Sylhet,2018,5,Maximum,18,240,B13
Sylhet,2018,6,Maximum,14,210,B13
Sylhet,2018,7,Maximum,16,180,B13
Sylhet,2018,8,Maximum,11,180,B13
Sylhet,2018,9,Maximum,18,190,B13
Sylhet,2018,10,Maximum,12,90,B13
Sylhet,2018,11,Maximum,8,90,B13
Sylhet,2018,12,Maximum,8,90,B13
Sylhet,2019,1,Maximum,8,90,B13
Sylhet,2019,2,Maximum,8,270,B13
Sylhet,2019,3,Maximum,18,270,B13
Sylhet,2019,4,Maximum,25,270,B13
Sylhet,2019,5,Maximum,16,250,B13
Sylhet,2019,6,Maximum,17,270,B13
Sylhet,2019,7,Maximum,10,270,B13
Sylhet,2019,8,Maximum,10,270,B13
Sylhet,2019,9,Maximum,6,360,B13
Sylhet,2019,10,Maximum,7,90,B13
Sylhet,2019,11,Maximum,15,30,B13
Sylhet,2019,12,Maximum,9,290,B13
Srimangal,2017,1,Maximum,5,290,B13
Srimangal,2017,2,Maximum,10,180,B13
Srimangal,2017,3,Maximum,11,180,B13
Srimangal,2017,4,Maximum,15,310,B13
Srimangal,2017,5,Maximum,20,340,B13
Srimangal,2017,6,Maximum,8,90,B13
Srimangal,2017,7,Maximum,7,150,B13
Srimangal,2017,8,Maximum,6,100,B13
Srimangal,2017,9,Maximum,5,180,B13
Srimangal,2017,10,Maximum,13,180,B13
Srimangal,2017,11,Maximum,4,310,B13
Srimangal,2017,12,Maximum,6,340,B13
Srimangal,2018,1,Maximum,9,300,B13
Srimangal,2018,2,Maximum,8,130,B13
Srimangal,2018,3,Maximum,8,180,B13
Srimangal,2018,4,Maximum,12,100,B13
Srimangal,2018,5,Maximum,26,300,B13
Srimangal,2018,6,Maximum,8,60,B13
Srimangal,2018,7,Maximum,8,180,B13
Srimangal,2018,8,Maximum,12,180,B13
Srimangal,2018,9,Maximum,10,160,B13
Srimangal,2018,10,Maximum,10,100,B13
Srimangal,2018,11,Maximum,8,280,B13
Srimangal,2018,12,Maximum,6,40,B13
Srimangal,2019,1,Maximum,4,250,B13
Srimangal,2019,2,Maximum,6,300,B13
Srimangal,2019,3,Maximum,4.5,200,B13
Srimangal,2019,4,Maximum,8,100,B13
Srimangal,2019,5,Maximum,6,220,B13
Srimangal,2019,6,Maximum,3,290,B13
Srimangal,2019,7,Maximum,3,120,B13
Srimangal,2019,8,Maximum,3,150,B13
Srimangal,2019,9,Maximum,3,150,B13
Srimangal,2019,10,Maximum,2,340,B13
Srimangal,2019,11,Maximum,1.5,50,B13
Srimangal,2019,12,Maximum,2.5,300,B13
Srimangal,2020,1,Maximum,3,320,B13
Srimangal,2020,2,Maximum,3.5,270,B13
Srimangal,2020,3,Maximum,4.5,300,B13
Srimangal,2020,4,Maximum,5,300,B13
Srimangal,2020,5,Maximum,4.5,180,B13
Srimangal,2020,6,Maximum,2.5,150,B13
Srimangal,2020,7,Maximum,3,180,B13
Srimangal,2020,8,Maximum,4,130,B13
Srimangal,2020,9,Maximum,2.5,310,B13
Srimangal,2020,10,Maximum,3,90,B13
Srimangal,2020,11,Maximum,1.5,280,B13
Srimangal,2020,12,Maximum,2,300,B13
Srimangal,2021,1,Maximum,2.5,310,B13
Srimangal,2021,2,Maximum,4,300,B13
Srimangal,2021,3,Maximum,4,340,B13
Srimangal,2021,4,Maximum,4,310,B13
Srimangal,2021,5,Maximum,6,270,B13
Srimangal,2021,6,Maximum,3,50,B13
Srimangal,2021,7,Maximum,3,230,B13
Srimangal,2021,8,Maximum,6,130,B13
Srimangal,2021,9,Maximum,2,130,B13
Srimangal,2021,10,Maximum,2,30,B13
Srimangal,2021,11,Maximum,1.5,300,B13
Srimangal,2021,12,Maximum,2,310,B13
Srimangal,2022,1,Maximum,2,270,B13
Srimangal,2022,2,Maximum,3,270,B13
Srimangal,2022,3,Maximum,4,180,B13
Srimangal,2022,4,Maximum,6,180,B13
Srimangal,2022,5,Maximum,11,150,B13
Srimangal,2022,6,Maximum,6,360,B13
Srimangal,2022,7,Maximum,2,180,B13
Srimangal,2022,8,Maximum,2,130,B13
Srimangal,2022,9,Maximum,2,180,B13
Srimangal,2022,10,Maximum,2.5,40,B13
Srimangal,2022,11,Maximum,1.5,270,B13
Srimangal,2022,12,Maximum,1.5,310,B13
Srimangal,2023,1,Maximum,2,300,B13
Srimangal,2023,2,Maximum,3,300,B13
Srimangal,2023,3,Maximum,4,230,B13
Srimangal,2023,4,Maximum,2,160,B13
Srimangal,2023,5,Maximum,5,60,B13
Srimangal,2023,6,Maximum,5,300,B13
Srimangal,2023,7,Maximum,2,130,B13
Srimangal,2023,8,Maximum,2,130,B13
Srimangal,2023,9,Maximum,2,180,B13
Srimangal,2023,10,Maximum,1.5,130,B13
Srimangal,2023,11,Maximum,2.5,260,B13
Srimangal,2023,12,Maximum,1.5,310,B13
Srimangal,2024,1,Maximum,2,290,B13
Srimangal,2024,2,Maximum,7.5,280,B13
Srimangal,2024,3,Maximum,12.5,270,B13
Srimangal,2024,4,Maximum,7.5,280,B13
Srimangal,2024,5,Maximum,10,130,B13
Srimangal,2024,6,Maximum,6,300,B13
Ishurdi,2017,1,Maximum,6,360,B13
Ishurdi,2017,2,Maximum,6,270,B13
Ishurdi,2017,3,Maximum,6,180,B13
Ishurdi,2017,4,Maximum,6,360,B13
Ishurdi,2017,5,Maximum,5,180,B13
Ishurdi,2017,6,Maximum,6,360,B13
Ishurdi,2017,7,Maximum,8,130,B13
Ishurdi,2017,8,Maximum,6,130,B13
Ishurdi,2017,9,Maximum,5,270,B13
Ishurdi,2017,10,Maximum,10,50,B13
Ishurdi,2017,11,Maximum,6,360,B13
Ishurdi,2017,12,Maximum,6,310,B13
Ishurdi,2018,1,Maximum,5,310,B13
Ishurdi,2018,2,Maximum,5,310,B13
Ishurdi,2018,3,Maximum,6,270,B13
Ishurdi,2018,4,Maximum,8,180,B13
Ishurdi,2018,5,Maximum,18,20,B13
Ishurdi,2018,6,Maximum,8,310,B13
Ishurdi,2018,7,Maximum,8,310,B13
Ishurdi,2018,8,Maximum,9,180,B13
Ishurdi,2018,9,Maximum,8,130,B13
Ishurdi,2018,10,Maximum,5,180,B13
Ishurdi,2018,11,Maximum,4,310,B13
Ishurdi,2018,12,Maximum,7,360,B13
Ishurdi,2019,1,Maximum,3,310,B13
Ishurdi,2019,2,Maximum,3,310,B13
Ishurdi,2019,3,Maximum,5,310,B13
Ishurdi,2019,4,Maximum,4,180,B13
Ishurdi,2019,5,Maximum,5,310,B13
Ishurdi,2019,6,Maximum,3,310,B13
Ishurdi,2019,7,Maximum,4.5,90,B13
Ishurdi,2019,8,Maximum,9,10,B13
Ishurdi,2019,9,Maximum,3,130,B13
Ishurdi,2019,10,Maximum,3,50,B13
Ishurdi,2019,11,Maximum,4,310,B13
Ishurdi,2019,12,Maximum,3,360,B13
Ishurdi,2020,1,Maximum,2.5,360,B13
Ishurdi,2020,2,Maximum,3,310,B13
Ishurdi,2020,3,Maximum,4,310,B13
Ishurdi,2020,4,Maximum,3,90,B13
Ishurdi,2020,5,Maximum,6,130,B13
Ishurdi,2020,6,Maximum,4,230,B13
Ishurdi,2020,7,Maximum,2.5,130,B13
Ishurdi,2020,8,Maximum,4,130,B13
Ishurdi,2020,9,Maximum,4.5,90,B13
Ishurdi,2020,10,Maximum,3,360,B13
Ishurdi,2020,11,Maximum,3,360,B13
Ishurdi,2020,12,Maximum,15.5,20,B13
Ishurdi,2021,1,Maximum,2.5,360,B13
Ishurdi,2021,2,Maximum,3,310,B13
Ishurdi,2021,3,Maximum,4,310,B13
Ishurdi,2021,4,Maximum,4.5,270,B13
Ishurdi,2021,5,Maximum,4,130,B13
Ishurdi,2021,6,Maximum,3,180,B13
Ishurdi,2021,7,Maximum,9,20,B13
Ishurdi,2021,8,Maximum,2,230,B13
Ishurdi,2021,9,Maximum,2.5,130,B13
Ishurdi,2021,10,Maximum,2.5,180,B13
Ishurdi,2021,11,Maximum,3,360,B13
Ishurdi,2021,12,Maximum,15.5,30,B13
Ishurdi,2022,1,Maximum,2.5,310,B13
Ishurdi,2022,2,Maximum,3,310,B13
Ishurdi,2022,3,Maximum,3.5,180,B13
Ishurdi,2022,4,Maximum,4,180,B13
Ishurdi,2022,5,Maximum,4,130,B13
Ishurdi,2022,6,Maximum,9,20,B13
Ishurdi,2022,7,Maximum,4,130,B13
Ishurdi,2022,8,Maximum,5,180,B13
Ishurdi,2022,9,Maximum,3,270,B13
Ishurdi,2022,10,Maximum,4.5,360,B13
Ishurdi,2022,11,Maximum,2.5,360,B13
Ishurdi,2022,12,Maximum,3,360,B13
Ishurdi,2023,1,Maximum,3,310,B13
Ishurdi,2023,2,Maximum,3,310,B13
Ishurdi,2023,3,Maximum,3,270,B13
Ishurdi,2023,4,Maximum,3,180,B13
Ishurdi,2023,5,Maximum,4,230,B13
Ishurdi,2023,6,Maximum,4,90,B13
Ishurdi,2023,7,Maximum,2,130,B13
Ishurdi,2023,8,Maximum,4,130,B13
Ishurdi,2023,9,Maximum,5,130,B13
Ishurdi,2023,10,Maximum,2,130,B13
Ishurdi,2023,11,Maximum,3,310,B13
Ishurdi,2023,12,Maximum,4,360,B13
Ishurdi,2024,1,Maximum,2.5,230,B13
Ishurdi,2024,2,Maximum,2.5,310,B13
Ishurdi,2024,3,Maximum,4,360,B13
Ishurdi,2024,4,Maximum,13.5,30,B13
Ishurdi,2024,5,Maximum,6,50,B13
Ishurdi,2024,6,Maximum,3,130,B13
Ishurdi,2024,7,Maximum,9,20,B13
Dhaka,2017,1,Maximum,5,270,B13
Dhaka,2017,2,Maximum,4,180,B13
Dhaka,2017,3,Maximum,6,170,B13
Dhaka,2017,4,Maximum,20,320,B13
Dhaka,2017,5,Maximum,14,360,B13
Dhaka,2017,6,Maximum,8,270,B13
Dhaka,2017,7,Maximum,5,180,B13
Dhaka,2017,8,Maximum,8,270,B13
Dhaka,2017,9,Maximum,8,270,B13
Dhaka,2017,10,Maximum,8,270,B13
Dhaka,2017,11,Maximum,5,360,B13
Dhaka,2017,12,Maximum,4,50,B13
Dhaka,2018,1,Maximum,5,330,B13
Dhaka,2018,2,Maximum,14,360,B13
Dhaka,2018,3,Maximum,6,80,B13
Dhaka,2018,4,Maximum,15,330,B13
Dhaka,2018,5,Maximum,9,90,B13
Dhaka,2018,6,Maximum,8,270,B13
Dhaka,2018,7,Maximum,8,180,B13
Dhaka,2018,8,Maximum,6,90,B13
Dhaka,2018,9,Maximum,12,90,B13
Dhaka,2018,10,Maximum,7,130,B13
Dhaka,2018,11,Maximum,5,100,B13
Dhaka,2018,12,Maximum,8,50,B13
Dhaka,2019,1,Maximum,2.5,310,B13
Dhaka,2019,2,Maximum,4,10,B13
Dhaka,2019,3,Maximum,5,300,B13
Dhaka,2019,4,Maximum,5,180,B13
Dhaka,2019,5,Maximum,9,330,B13
Dhaka,2019,6,Maximum,6,50,B13
Dhaka,2019,7,Maximum,5,90,B13
Dhaka,2019,8,Maximum,4,150,B13
Dhaka,2019,9,Maximum,3,50,B13
Dhaka,2019,10,Maximum,5,360,B13
Dhaka,2019,11,Maximum,4.5,50,B13
Dhaka,2019,12,Maximum,2.5,320,B13
Dhaka,2020,1,Maximum,3.5,50,B13
Dhaka,2020,2,Maximum,2.5,30,B13
Dhaka,2020,3,Maximum,4,350,B13
Dhaka,2020,4,Maximum,4.5,360,B13
Dhaka,2020,5,Maximum,7.5,50,B13
Dhaka,2020,6,Maximum,10,60,B13
Dhaka,2020,7,Maximum,5,180,B13
Dhaka,2020,8,Maximum,3.5,170,B13
Dhaka,2020,9,Maximum,4,50,B13
Dhaka,2020,10,Maximum,2.5,130,B13
Dhaka,2020,11,Maximum,3,270,B13
Dhaka,2020,12,Maximum,2,270,B13
Dhaka,2021,1,Maximum,2.5,330,B13
Dhaka,2021,2,Maximum,2.5,220,B13
Dhaka,2021,3,Maximum,3,200,B13
Dhaka,2021,4,Maximum,4.5,30,B13
Dhaka,2021,5,Maximum,3.5,60,B13
Dhaka,2021,6,Maximum,4,310,B13
Dhaka,2021,7,Maximum,4.5,90,B13
Dhaka,2021,8,Maximum,3.5,250,B13
Dhaka,2021,9,Maximum,2.5,60,B13
Dhaka,2021,10,Maximum,3,60,B13
Dhaka,2021,11,Maximum,2,220,B13
Dhaka,2021,12,Maximum,2.5,330,B13
Dhaka,2022,1,Maximum,4,300,B13
Dhaka,2022,2,Maximum,3,270,B13
Dhaka,2022,3,Maximum,5,180,B13
Dhaka,2022,4,Maximum,4,120,B13
Dhaka,2022,5,Maximum,3,330,B13
Dhaka,2022,6,Maximum,36,0,B13
Dhaka,2022,7,Maximum,3,330,B13
Dhaka,2022,8,Maximum,4.5,80,B13
Dhaka,2022,9,Maximum,2.5,230,B13
Dhaka,2022,10,Maximum,6,30,B13
Dhaka,2022,11,Maximum,2.5,40,B13
Dhaka,2022,12,Maximum,2,220,B13
Dhaka,2023,1,Maximum,3,20,B13
Dhaka,2023,2,Maximum,2.5,270,B13
Dhaka,2023,3,Maximum,3,270,B13
Dhaka,2023,4,Maximum,4,240,B13
Dhaka,2023,5,Maximum,4,20,B13
Dhaka,2023,6,Maximum,3,270,B13
Dhaka,2023,7,Maximum,2.5,80,B13
Dhaka,2023,8,Maximum,2.5,90,B13
Dhaka,2023,9,Maximum,2.5,40,B13
Dhaka,2023,10,Maximum,3,160,B13
Dhaka,2023,11,Maximum,4.5,60,B13
Dhaka,2023,12,Maximum,2,330,B13
Dhaka,2024,1,Maximum,2,340,B13
Dhaka,2024,2,Maximum,3.5,40,B13
Dhaka,2024,3,Maximum,3,340,B13
Dhaka,2024,4,Maximum,3,180,B13
Dhaka,2024,5,Maximum,7,60,B13
Dhaka,2024,6,Maximum,4.5,70,B13
Dhaka,2024,7,Maximum,10,120,B13
Dhaka,2024,8,Maximum,0,,B13
Comilla,2017,1,Maximum,9,310,B13
Comilla,2017,2,Maximum,9,160,B13
Comilla,2017,3,Maximum,9,160,B13
Comilla,2017,4,Maximum,16,180,B13
Comilla,2017,5,Maximum,13,180,B13
Comilla,2017,6,Maximum,11,180,B13
Comilla,2017,7,Maximum,12,180,B13
Comilla,2017,8,Maximum,13,180,B13
Comilla,2017,9,Maximum,5,210,B13
Comilla,2017,10,Maximum,11,210,B13
Comilla,2017,11,Maximum,5,340,B13
Comilla,2017,12,Maximum,5,50,B13
Comilla,2018,1,Maximum,6,360,B13
Comilla,2018,2,Maximum,14,310,B13
Comilla,2018,3,Maximum,8,360,B13
Comilla,2018,4,Maximum,16,180,B13
Comilla,2018,5,Maximum,12,180,B13
Comilla,2018,6,Maximum,12,180,B13
Comilla,2018,7,Maximum,13,180,B13
Comilla,2018,8,Maximum,9,180,B13
Comilla,2018,9,Maximum,12,180,B13
Comilla,2018,10,Maximum,8,90,B13
Comilla,2018,11,Maximum,5,50,B13
Comilla,2018,12,Maximum,5,320,B13
Comilla,2019,1,Maximum,3,310,B13
Comilla,2019,2,Maximum,6,360,B13
Comilla,2019,3,Maximum,4,310,B13
Comilla,2019,4,Maximum,7.5,50,B13
Comilla,2019,5,Maximum,8.5,210,B13
Comilla,2019,6,Maximum,4.5,180,B13
Comilla,2019,7,Maximum,6,180,B13
Comilla,2019,8,Maximum,4.5,210,B13
Comilla,2019,9,Maximum,3,130,B13
Comilla,2019,10,Maximum,4,50,B13
Comilla,2019,11,Maximum,4,90,B13
Comilla,2019,12,Maximum,2.5,360,B13
Comilla,2020,1,Maximum,2,310,B13
Comilla,2020,2,Maximum,2,280,B13
Comilla,2020,3,Maximum,8,300,B13
Comilla,2020,4,Maximum,6,90,B13
Comilla,2020,5,Maximum,9,180,B13
Comilla,2020,6,Maximum,5,180,B13
Comilla,2020,7,Maximum,5.5,180,B13
Comilla,2020,8,Maximum,6,180,B13
Comilla,2020,9,Maximum,3.5,180,B13
Comilla,2020,10,Maximum,2.5,130,B13
Comilla,2021,1,Maximum,2,50,B13
Comilla,2021,2,Maximum,2.5,330,B13
Comilla,2021,3,Maximum,6,180,B13
Comilla,2021,4,Maximum,6,310,B13
Comilla,2021,5,Maximum,4,190,B13
Comilla,2021,6,Maximum,5,190,B13
Comilla,2021,7,Maximum,4,130,B13
Comilla,2021,8,Maximum,3,160,B13
Comilla,2021,9,Maximum,2.5,120,B13
Comilla,2021,10,Maximum,2.5,210,B13
Comilla,2021,11,Maximum,2,360,B13
Comilla,2021,12,Maximum,3,70,B13
Comilla,2022,1,Maximum,2,360,B13
Comilla,2022,2,Maximum,4.5,300,B13
Comilla,2022,3,Maximum,4,200,B13
Comilla,2022,4,Maximum,5.5,180,B13
Comilla,2022,5,Maximum,6,310,B13
Comilla,2022,6,Maximum,6,310,B13
Comilla,2022,7,Maximum,2.5,130,B13
Comilla,2022,8,Maximum,3.5,120,B13
Comilla,2022,9,Maximum,4,150,B13
Comilla,2022,10,Maximum,9,70,B13
Comilla,2022,11,Maximum,2,30,B13
Comilla,2022,12,Maximum,2,280,B13
Comilla,2023,1,Maximum,2,290,B13
Comilla,2023,2,Maximum,3,270,B13
Comilla,2023,3,Maximum,3,180,B13
Comilla,2023,4,Maximum,5.5,90,B13
Comilla,2023,5,Maximum,3.5,190,B13
Comilla,2023,6,Maximum,6,180,B13
Comilla,2023,7,Maximum,5,180,B13
Comilla,2023,8,Maximum,3.5,210,B13
Comilla,2023,9,Maximum,5,130,B13
Comilla,2023,10,Maximum,2.5,180,B13
Comilla,2023,11,Maximum,4,80,B13
Comilla,2023,12,Maximum,1.5,300,B13
Comilla,2024,1,Maximum,16.5,20,B13
Comilla,2024,2,Maximum,4,70,B13
Comilla,2024,3,Maximum,3.5,350,B13
Comilla,2024,4,Maximum,6.5,180,B13
Comilla,2024,5,Maximum,7.5,180,B13
Chandpur,2017,1,Maximum,5,360,B13
Chandpur,2017,2,Maximum,8,130,B13
Chandpur,2017,3,Maximum,8,180,B13
Chandpur,2017,4,Maximum,10,180,B13
Chandpur,2017,5,Maximum,15,360,B13
Chandpur,2017,6,Maximum,7,230,B13
Chandpur,2017,7,Maximum,6,180,B13
Chandpur,2017,8,Maximum,5,180,B13
Chandpur,2017,9,Maximum,4,180,B13
Chandpur,2017,10,Maximum,50,180,B13
Chandpur,2017,11,Maximum,6,360,B13
Chandpur,2017,12,Maximum,6,360,B13
Chandpur,2018,1,Maximum,5,310,B13
Chandpur,2018,2,Maximum,4,310,B13
Chandpur,2018,3,Maximum,14,140,B13
Chandpur,2018,4,Maximum,14,180,B13
Chandpur,2018,5,Maximum,10,180,B13
Chandpur,2018,6,Maximum,9,360,B13
Chandpur,2018,7,Maximum,6,180,B13
Chandpur,2018,8,Maximum,6,180,B13
Chandpur,2018,9,Maximum,8,180,B13
Chandpur,2018,10,Maximum,6,180,B13
Chandpur,2018,11,Maximum,5,360,B13
Chandpur,2018,12,Maximum,8,180,B13
Chandpur,2019,1,Maximum,18,0,B13
Chandpur,2019,2,Maximum,3,360,B13
Chandpur,2019,3,Maximum,4,130,B13
Chandpur,2019,4,Maximum,4,180,B13
Chandpur,2019,5,Maximum,7,180,B13
Chandpur,2019,6,Maximum,3,180,B13
Chandpur,2019,7,Maximum,3.5,180,B13
Chandpur,2019,8,Maximum,3,180,B13
Chandpur,2019,9,Maximum,2.5,180,B13
Chandpur,2019,10,Maximum,2,360,B13
Chandpur,2019,11,Maximum,5,140,B13
Chandpur,2019,12,Maximum,18,360,B13
Chandpur,2020,1,Maximum,10,360,B13
Chandpur,2020,2,Maximum,2,360,B13
Chandpur,2020,3,Maximum,18,360,B13
Chandpur,2020,4,Maximum,3,360,B13
Chandpur,2020,5,Maximum,10,360,B13
Chandpur,2020,6,Maximum,16,180,B13
Chandpur,2020,7,Maximum,2.5,180,B13
Chandpur,2020,8,Maximum,3,180,B13
Chandpur,2020,9,Maximum,2.5,180,B13
Chandpur,2020,10,Maximum,3,180,B13
Chandpur,2020,11,Maximum,2,180,B13
Chandpur,2020,12,Maximum,2,360,B13
Chandpur,2021,1,Maximum,2,360,B13
Chandpur,2021,2,Maximum,3,270,B13
Chandpur,2021,3,Maximum,3,310,B13
Chandpur,2021,4,Maximum,6.5,180,B13
Chandpur,2021,5,Maximum,3,360,B13
Chandpur,2021,6,Maximum,2,180,B13
Chandpur,2021,7,Maximum,1.5,180,B13
Chandpur,2021,8,Maximum,1.5,180,B13
Chandpur,2021,9,Maximum,2,180,B13
Chandpur,2021,10,Maximum,1.5,180,B13
Chandpur,2021,11,Maximum,1.5,360,B13
Chandpur,2021,12,Maximum,2,360,B13
Chandpur,2022,1,Maximum,3,310,B13
Chandpur,2022,2,Maximum,3,360,B13
Chandpur,2022,3,Maximum,3,180,B13
Chandpur,2022,4,Maximum,3,180,B13
Chandpur,2022,5,Maximum,3,180,B13
Chandpur,2022,6,Maximum,3,180,B13
Chandpur,2022,7,Maximum,3,180,B13
Chandpur,2022,8,Maximum,3.5,180,B13
Chandpur,2022,9,Maximum,2.5,180,B13
Chandpur,2022,10,Maximum,6,120,B13
Chandpur,2022,11,Maximum,2.5,360,B13
Chandpur,2022,12,Maximum,2,360,B13
Chandpur,2023,1,Maximum,2.5,310,B13
Chandpur,2023,2,Maximum,2.5,310,B13
Chandpur,2023,3,Maximum,4,310,B13
Chandpur,2023,4,Maximum,6,360,B13
Chandpur,2023,5,Maximum,3.5,360,B13
Chandpur,2023,6,Maximum,19.5,0,B13
Chandpur,2023,7,Maximum,4,180,B13
Chandpur,2023,8,Maximum,3,80,B13
Chandpur,2023,9,Maximum,3,180,B13
Chandpur,2023,10,Maximum,3,180,B13
Chandpur,2023,11,Maximum,6,310,B13
Chandpur,2023,12,Maximum,3,310,B13
Chandpur,2024,1,Maximum,3,360,B13
Chandpur,2024,2,Maximum,6,360,B13
Chandpur,2024,3,Maximum,4,360,B13
Chandpur,2024,4,Maximum,7.5,180,B13
Chandpur,2024,5,Maximum,7,180,B13
Chandpur,2024,6,Maximum,4,180,B13
Chandpur,2024,7,Maximum,3,180,B13
Jessore,2017,1,Maximum,14,350,B13
Jessore,2017,2,Maximum,12,210,B13
Jessore,2017,3,Maximum,18,240,B13
Jessore,2017,4,Maximum,38,90,B13
Jessore,2017,5,Maximum,30,300,B13
Jessore,2017,6,Maximum,18,90,B13
Jessore,2017,7,Maximum,12,200,B13
Jessore,2017,8,Maximum,18,160,B13
Jessore,2017,9,Maximum,18,160,B13
Jessore,2017,10,Maximum,20,240,B13
Jessore,2017,11,Maximum,9,40,B13
Jessore,2017,12,Maximum,6,350,B13
Jessore,2018,1,Maximum,9,350,B13
Jessore,2018,2,Maximum,6,290,B13
Jessore,2018,3,Maximum,12,140,B13
Jessore,2018,4,Maximum,27,290,B13
Jessore,2018,5,Maximum,18,210,B13
Jessore,2018,6,Maximum,12,180,B13
Jessore,2018,7,Maximum,18,200,B13
Jessore,2018,8,Maximum,16,110,B13
Jessore,2018,9,Maximum,18,120,B13
Jessore,2018,10,Maximum,18,140,B13
Jessore,2018,11,Maximum,8,140,B13
Jessore,2018,12,Maximum,12,10,B13
Jessore,2019,1,Maximum,6,360,B13
Jessore,2019,2,Maximum,9,330,B13
Jessore,2019,3,Maximum,9,350,B13
Jessore,2019,4,Maximum,14,360,B13
Jessore,2019,5,Maximum,13,240,B13
Jessore,2019,6,Maximum,7.5,230,B13
Jessore,2019,7,Maximum,8.5,40,B13
Jessore,2019,8,Maximum,9,80,B13
Jessore,2019,9,Maximum,8.5,190,B13
Jessore,2019,10,Maximum,9,180,B13
Jessore,2019,11,Maximum,13,20,B13
Jessore,2019,12,Maximum,4.5,350,B13
Jessore,2020,1,Maximum,4.5,330,B13
Jessore,2020,2,Maximum,4.5,300,B13
Jessore,2020,3,Maximum,9,330,B13
Jessore,2020,4,Maximum,9,220,B13
Jessore,2020,5,Maximum,37.5,180,B13
Jessore,2020,6,Maximum,11,220,B13
Jessore,2020,7,Maximum,6,190,B13
Jessore,2020,8,Maximum,9,130,B13
Jessore,2020,9,Maximum,8,230,B13
Jessore,2020,10,Maximum,8,210,B13
Jessore,2020,11,Maximum,4,20,B13
Jessore,2020,12,Maximum,5,350,B13
Jessore,2021,1,Maximum,3,300,B13
Jessore,2021,2,Maximum,8,270,B13
Jessore,2021,3,Maximum,9,270,B13
Jessore,2021,4,Maximum,8,190,B13
Jessore,2021,5,Maximum,12,90,B13
Jessore,2021,6,Maximum,10,10,B13
Jessore,2021,7,Maximum,11.5,70,B13
Jessore,2021,8,Maximum,6,210,B13
Jessore,2021,9,Maximum,9,180,B13
Jessore,2021,10,Maximum,8.5,170,B13
Jessore,2021,11,Maximum,4,360,B13
Jessore,2021,12,Maximum,6,360,B13
Jessore,2022,1,Maximum,5,360,B13
Jessore,2022,2,Maximum,8,350,B13
Jessore,2022,3,Maximum,8,230,B13
Jessore,2022,4,Maximum,8,240,B13
Jessore,2022,5,Maximum,9,230,B13
Jessore,2022,6,Maximum,8.5,240,B13
Jessore,2022,7,Maximum,9,130,B13
Jessore,2022,8,Maximum,10,120,B13
Jessore,2022,9,Maximum,6,170,B13
Jessore,2022,10,Maximum,10,30,B13
Jessore,2022,11,Maximum,3,360,B13
Jessore,2022,12,Maximum,3,330,B13
Jessore,2023,1,Maximum,4.5,360,B13
Jessore,2023,2,Maximum,8,350,B13
Jessore,2023,3,Maximum,25,70,B13
Jessore,2023,4,Maximum,8,280,B13
Jessore,2023,5,Maximum,11,200,B13
Jessore,2023,6,Maximum,31.5,220,B13
Jessore,2023,7,Maximum,6,150,B13
Jessore,2023,8,Maximum,10,110,B13
Jessore,2023,9,Maximum,7,140,B13
Jessore,2023,10,Maximum,14,30,B13
Jessore,2023,11,Maximum,7,40,B13
Jessore,2023,12,Maximum,3,330,B13
Jessore,2024,1,Maximum,5,330,B13
Jessore,2024,2,Maximum,6.5,80,B13
Jessore,2024,3,Maximum,6,290,B13
Jessore,2024,4,Maximum,11.5,60,B13
Jessore,2024,5,Maximum,17.5,340,B13
Jessore,2024,6,Maximum,11,190,B13
Jessore,2024,7,Maximum,8.5,230,B13
Faridpur,2017,1,Maximum,3,310,B13
Faridpur,2017,2,Maximum,4,180,B13
Faridpur,2017,3,Maximum,10,230,B13
Faridpur,2017,4,Maximum,15,360,B13
Faridpur,2017,5,Maximum,8,270,B13
Faridpur,2017,6,Maximum,8,360,B13
Faridpur,2017,7,Maximum,6,180,B13
Faridpur,2017,8,Maximum,4,130,B13
Faridpur,2017,9,Maximum,5,180,B13
Faridpur,2017,10,Maximum,12,130,B13
Faridpur,2017,11,Maximum,2,350,B13
Faridpur,2017,12,Maximum,3,90,B13
Faridpur,2018,1,Maximum,4,320,B13
Faridpur,2018,2,Maximum,2,340,B13
Faridpur,2018,3,Maximum,17,330,B13
Faridpur,2018,4,Maximum,10,230,B13
Faridpur,2018,5,Maximum,7,360,B13
Faridpur,2018,6,Maximum,10,300,B13
Faridpur,2018,7,Maximum,9,130,B13
Faridpur,2018,8,Maximum,21,0,B13
Faridpur,2018,9,Maximum,8,90,B13
Faridpur,2018,10,Maximum,7,50,B13
Faridpur,2018,11,Maximum,3,360,B13
Faridpur,2018,12,Maximum,4,350,B13
Faridpur,2019,1,Maximum,2,330,B13
Faridpur,2019,2,Maximum,4,90,B13
Faridpur,2019,3,Maximum,5,90,B13
Faridpur,2019,4,Maximum,11,180,B13
Faridpur,2019,5,Maximum,6,230,B13
Faridpur,2019,6,Maximum,2.5,90,B13
Faridpur,2019,7,Maximum,3.5,90,B13
Faridpur,2019,8,Maximum,5,150,B13
Faridpur,2019,9,Maximum,4,130,B13
Faridpur,2019,10,Maximum,2,90,B13
Faridpur,2019,11,Maximum,7.5,90,B13
Faridpur,2019,12,Maximum,2,130,B13
Faridpur,2020,1,Maximum,2.5,90,B13
Faridpur,2020,2,Maximum,2,360,B13
Faridpur,2020,3,Maximum,3.5,270,B13
Faridpur,2020,4,Maximum,3.5,270,B13
Faridpur,2020,5,Maximum,17.5,130,B13
Faridpur,2020,6,Maximum,4,50,B13
Faridpur,2020,7,Maximum,2.5,230,B13
Faridpur,2020,8,Maximum,6,90,B13
Faridpur,2020,9,Maximum,2,130,B13
Faridpur,2020,10,Maximum,3.5,90,B13
Faridpur,2020,11,Maximum,2,320,B13
Faridpur,2020,12,Maximum,2.5,360,B13
Faridpur,2021,1,Maximum,2.5,320,B13
Faridpur,2021,2,Maximum,2,340,B13
Faridpur,2021,3,Maximum,2.5,270,B13
Faridpur,2021,4,Maximum,11.5,230,B13
Faridpur,2021,5,Maximum,10,310,B13
Faridpur,2021,6,Maximum,4,130,B13
Faridpur,2021,7,Maximum,7.5,110,B13
Faridpur,2021,8,Maximum,2,180,B13
Faridpur,2021,9,Maximum,3.5,130,B13
Faridpur,2021,10,Maximum,4,130,B13
Faridpur,2021,11,Maximum,2,310,B13
Faridpur,2021,12,Maximum,3,340,B13
Faridpur,2022,1,Maximum,2.5,290,B13
Faridpur,2022,2,Maximum,16,90,B13
Faridpur,2022,3,Maximum,4,180,B13
Faridpur,2022,4,Maximum,4.5,190,B13
Faridpur,2022,5,Maximum,7.5,310,B13
Faridpur,2022,6,Maximum,2.5,220,B13
Faridpur,2022,7,Maximum,3.5,90,B13
Faridpur,2022,8,Maximum,8.5,90,B13
Faridpur,2022,9,Maximum,3,130,B13
Faridpur,2022,10,Maximum,13.5,310,B13
Faridpur,2022,11,Maximum,2,320,B13
Faridpur,2022,12,Maximum,2.5,360,B13
Faridpur,2023,1,Maximum,3,320,B13
Faridpur,2023,2,Maximum,4,360,B13
Faridpur,2023,3,Maximum,4,180,B13
Faridpur,2023,4,Maximum,3.5,130,B13
Faridpur,2023,5,Maximum,6,270,B13
Faridpur,2023,6,Maximum,6,190,B13
Faridpur,2023,7,Maximum,3.5,130,B13
Faridpur,2023,8,Maximum,5,130,B13
Faridpur,2023,9,Maximum,3.5,130,B13
Faridpur,2023,10,Maximum,5.5,130,B13
Faridpur,2023,11,Maximum,5,60,B13
Faridpur,2023,12,Maximum,2.5,290,B13
Faridpur,2024,1,Maximum,2.5,330,B13
Faridpur,2024,2,Maximum,3.5,200,B13
Faridpur,2024,3,Maximum,2.5,230,B13
Faridpur,2024,4,Maximum,3,180,B13
Faridpur,2024,5,Maximum,8.5,200,B13
Faridpur,2024,6,Maximum,3,130,B13
Madaripur,2017,1,Maximum,3,360,B13
Madaripur,2017,2,Maximum,4,210,B13
Madaripur,2017,3,Maximum,4,180,B13
Madaripur,2017,4,Maximum,6,240,B13
Madaripur,2017,5,Maximum,4,180,B13
Madaripur,2017,6,Maximum,5,310,B13
Madaripur,2017,7,Maximum,4,180,B13
Madaripur,2017,8,Maximum,4,180,B13
Madaripur,2017,9,Maximum,3,180,B13
Madaripur,2017,10,Maximum,3,180,B13
Madaripur,2017,11,Maximum,2,360,B13
Madaripur,2017,12,Maximum,2,360,B13
Madaripur,2018,1,Maximum,3,360,B13
Madaripur,2018,2,Maximum,4,350,B13
Madaripur,2018,3,Maximum,10,330,B13
Madaripur,2018,4,Maximum,5,230,B13
Madaripur,2018,5,Maximum,3,180,B13
Madaripur,2018,6,Maximum,3,180,B13
Madaripur,2018,7,Maximum,3,130,B13
Madaripur,2018,8,Maximum,3,130,B13
Madaripur,2018,9,Maximum,5,130,B13
Madaripur,2018,10,Maximum,2,130,B13
Madaripur,2018,11,Maximum,2,360,B13
Madaripur,2018,12,Maximum,2,360,B13
Madaripur,2019,1,Maximum,1.5,360,B13
Madaripur,2019,2,Maximum,1.5,360,B13
Madaripur,2019,3,Maximum,4.5,0,B13
Madaripur,2019,4,Maximum,4.5,90,B13
Madaripur,2019,5,Maximum,4.5,180,B13
Madaripur,2019,6,Maximum,1,180,B13
Madaripur,2019,7,Maximum,2.5,130,B13
Madaripur,2019,8,Maximum,6.5,20,B13
Madaripur,2019,9,Maximum,1.5,130,B13
Madaripur,2019,10,Maximum,0,0,B13
Madaripur,2019,11,Maximum,4,40,B13
Madaripur,2019,12,Maximum,0,0,B13
Madaripur,2020,1,Maximum,1,50,B13
Madaripur,2020,2,Maximum,1,30,B13
Madaripur,2020,3,Maximum,1.5,90,B13
Madaripur,2020,4,Maximum,2.5,130,B13
Madaripur,2020,5,Maximum,6,90,B13
Madaripur,2020,6,Maximum,1.5,180,B13
Madaripur,2020,7,Maximum,0.5,90,B13
Madaripur,2020,8,Maximum,2.5,130,B13
Madaripur,2020,9,Maximum,0,0,B13
Madaripur,2020,10,Maximum,1.5,130,B13
Madaripur,2020,11,Maximum,0,0,B13
Madaripur,2020,12,Maximum,0,0,B13
Madaripur,2021,1,Maximum,0,0,B13
Madaripur,2021,2,Maximum,0,0,B13
Madaripur,2021,3,Maximum,1,180,B13
Madaripur,2021,4,Maximum,0,0,B13
Madaripur,2021,5,Maximum,4,140,B13
Madaripur,2021,6,Maximum,0,0,B13
Madaripur,2021,7,Maximum,1.5,90,B13
Madaripur,2021,8,Maximum,0.5,130,B13
Madaripur,2021,9,Maximum,1,130,B13
Madaripur,2021,10,Maximum,0,0,B13
Madaripur,2021,11,Maximum,0,0,B13
Madaripur,2021,12,Maximum,0,0,B13
Madaripur,2022,1,Maximum,0,0,B13
Madaripur,2022,2,Maximum,0,0,B13
Madaripur,2022,3,Maximum,1.5,180,B13
Madaripur,2022,4,Maximum,2,180,B13
Madaripur,2022,5,Maximum,1.5,180,B13
Madaripur,2022,6,Maximum,0,0,B13
Madaripur,2022,7,Maximum,2,120,B13
Madaripur,2022,8,Maximum,2.5,130,B13
Madaripur,2022,9,Maximum,0,0,B13
Madaripur,2022,10,Maximum,6,50,B13
Madaripur,2022,11,Maximum,0,0,B13
Madaripur,2022,12,Maximum,0,0,B13
Madaripur,2023,1,Maximum,1,360,B13
Madaripur,2023,2,Maximum,1.5,180,B13
Madaripur,2023,3,Maximum,0,0,B13
Madaripur,2023,4,Maximum,4,300,B13
Madaripur,2023,5,Maximum,1.5,50,B13
Madaripur,2023,6,Maximum,1.5,180,B13
Madaripur,2023,7,Maximum,0,0,B13
Madaripur,2023,8,Maximum,1,120,B13
Madaripur,2023,9,Maximum,0,0,B13
Madaripur,2023,10,Maximum,1.5,130,B13
Madaripur,2023,11,Maximum,3.5,50,B13
Madaripur,2023,12,Maximum,0,0,B13
Madaripur,2024,1,Maximum,0,0,B13
Madaripur,2024,2,Maximum,1,320,B13
Madaripur,2024,3,Maximum,0,0,B13
Madaripur,2024,4,Maximum,0,0,B13
Madaripur,2024,5,Maximum,7.5,130,B13
Madaripur,2024,6,Maximum,1,180,B13
Khulna,2017,1,Maximum,8,360,B13
Khulna,2017,2,Maximum,6,180,B13
Khulna,2017,3,Maximum,9,180,B13
Khulna,2017,4,Maximum,10,150,B13
Khulna,2017,5,Maximum,8,150,B13
Khulna,2017,6,Maximum,8,180,B13
Khulna,2017,7,Maximum,6,180,B13
Khulna,2017,8,Maximum,8,130,B13
Khulna,2017,9,Maximum,9,180,B13
Khulna,2017,10,Maximum,10,130,B13
Khulna,2017,11,Maximum,4,330,B13
Khulna,2017,12,Maximum,2,330,B13
Khulna,2018,1,Maximum,4,320,B13
Khulna,2018,2,Maximum,4,180,B13
Khulna,2018,3,Maximum,6,180,B13
Khulna,2018,4,Maximum,12,270,B13
Khulna,2018,5,Maximum,10,270,B13
Khulna,2018,6,Maximum,12,100,B13
Khulna,2018,7,Maximum,7,140,B13
Khulna,2018,8,Maximum,9,130,B13
Khulna,2018,9,Maximum,5,130,B13
Khulna,2018,10,Maximum,7,140,B13
Khulna,2018,11,Maximum,5,130,B13
Khulna,2018,12,Maximum,4,330,B13
Khulna,2019,1,Maximum,2,360,B13
Khulna,2019,2,Maximum,2.5,130,B13
Khulna,2019,3,Maximum,7.5,310,B13
Khulna,2019,4,Maximum,7,330,B13
Khulna,2019,5,Maximum,9,180,B13
Khulna,2019,6,Maximum,3,230,B13
Khulna,2019,7,Maximum,5,180,B13
Khulna,2019,8,Maximum,5,130,B13
Khulna,2019,9,Maximum,4,210,B13
Khulna,2019,10,Maximum,2,100,B13
Khulna,2019,11,Maximum,10,70,B13
Khulna,2019,12,Maximum,1.5,330,B13
Khulna,2020,1,Maximum,1.5,360,B13
Khulna,2020,2,Maximum,2,330,B13
Khulna,2020,3,Maximum,2.5,270,B13
Khulna,2020,4,Maximum,4,150,B13
Khulna,2020,5,Maximum,10.5,140,B13
Khulna,2020,6,Maximum,3.5,180,B13
Khulna,2020,7,Maximum,3,210,B13
Khulna,2020,8,Maximum,11.5,230,B13
Khulna,2020,9,Maximum,2.5,210,B13
Khulna,2020,10,Maximum,3,180,B13
Khulna,2020,11,Maximum,2.5,160,B13
Khulna,2020,12,Maximum,1,330,B13
Khulna,2021,1,Maximum,2,140,B13
Khulna,2021,2,Maximum,2,180,B13
Khulna,2021,3,Maximum,3.5,180,B13
Khulna,2021,4,Maximum,2.5,180,B13
Khulna,2021,5,Maximum,5,130,B13
Khulna,2021,6,Maximum,4,180,B13
Khulna,2021,7,Maximum,5,180,B13
Khulna,2021,8,Maximum,3,180,B13
Khulna,2021,9,Maximum,5,130,B13
Khulna,2021,10,Maximum,3,130,B13
Khulna,2021,11,Maximum,0.5,320,B13
Khulna,2021,12,Maximum,2,130,B13
Khulna,2022,1,Maximum,1.5,330,B13
Khulna,2022,2,Maximum,4,310,B13
Khulna,2022,3,Maximum,4,210,B13
Khulna,2022,4,Maximum,5,210,B13
Khulna,2022,5,Maximum,3,230,B13
Khulna,2022,6,Maximum,3.5,180,B13
Khulna,2022,7,Maximum,3,130,B13
Khulna,2022,8,Maximum,6,130,B13
Khulna,2022,9,Maximum,3.5,180,B13
Khulna,2022,10,Maximum,4.5,30,B13
Khulna,2022,11,Maximum,1,310,B13
Khulna,2022,12,Maximum,1,210,B13
Khulna,2023,1,Maximum,1.5,330,B13
Khulna,2023,2,Maximum,2,270,B13
Khulna,2023,3,Maximum,3,180,B13
Khulna,2023,4,Maximum,3,180,B13
Khulna,2023,5,Maximum,6,150,B13
Khulna,2023,6,Maximum,5,180,B13
Khulna,2023,7,Maximum,4,180,B13
Khulna,2023,8,Maximum,6,90,B13
Khulna,2023,9,Maximum,6,80,B13
Khulna,2023,10,Maximum,5,180,B13
Khulna,2023,11,Maximum,2.5,90,B13
Khulna,2023,12,Maximum,2,290,B13
Khulna,2024,1,Maximum,1.5,320,B13
Khulna,2024,2,Maximum,2,210,B13
Khulna,2024,3,Maximum,6,320,B13
Khulna,2024,4,Maximum,3,210,B13
Khulna,2024,5,Maximum,9.5,170,B13
Khulna,2024,6,Maximum,7.5,270,B13
Khulna,2024,7,Maximum,4,180,B13
Satkhira,2017,1,Maximum,5,280,B13
Satkhira,2017,2,Maximum,5,20,B13
Satkhira,2017,3,Maximum,6,40,B13
Satkhira,2017,4,Maximum,8,150,B13
Satkhira,2017,5,Maximum,4,270,B13
Satkhira,2017,6,Maximum,6,30,B13
Satkhira,2017,7,Maximum,3,90,B13
Satkhira,2017,8,Maximum,3,180,B13
Satkhira,2017,9,Maximum,3,180,B13
Satkhira,2017,10,Maximum,10,180,B13
Satkhira,2017,11,Maximum,3,30,B13
Satkhira,2017,12,Maximum,2,360,B13
Satkhira,2018,1,Maximum,5,30,B13
Satkhira,2018,2,Maximum,4,180,B13
Satkhira,2018,3,Maximum,3,220,B13
Satkhira,2018,4,Maximum,7,270,B13
Satkhira,2018,5,Maximum,5,180,B13
Satkhira,2018,6,Maximum,8,330,B13
Satkhira,2018,7,Maximum,6,120,B13
Satkhira,2018,8,Maximum,4,140,B13
Satkhira,2018,9,Maximum,4,120,B13
Satkhira,2018,10,Maximum,2,40,B13
Satkhira,2018,11,Maximum,2,360,B13
Satkhira,2018,12,Maximum,4,270,B13
Satkhira,2019,1,Maximum,1.5,340,B13
Satkhira,2019,2,Maximum,2,40,B13
Satkhira,2019,3,Maximum,2.5,220,B13
Satkhira,2019,4,Maximum,2,180,B13
Satkhira,2019,5,Maximum,16,180,B13
Satkhira,2019,6,Maximum,1.5,180,B13
Satkhira,2019,7,Maximum,2.5,180,B13
Satkhira,2019,8,Maximum,2.5,90,B13
Satkhira,2019,9,Maximum,2,180,B13
Satkhira,2019,10,Maximum,1,360,B13
Satkhira,2019,11,Maximum,22,50,B13
Satkhira,2019,12,Maximum,2,360,B13
Satkhira,2020,1,Maximum,2,360,B13
Satkhira,2020,2,Maximum,2,360,B13
Satkhira,2020,3,Maximum,4,270,B13
Satkhira,2020,4,Maximum,2.5,170,B13
Satkhira,2020,5,Maximum,41,90,B13
Satkhira,2020,6,Maximum,2.5,180,B13
Satkhira,2020,7,Maximum,2,180,B13
Satkhira,2020,8,Maximum,3,30,B13
Satkhira,2020,9,Maximum,1.5,280,B13
Satkhira,2020,10,Maximum,1.5,30,B13
Satkhira,2020,11,Maximum,1.5,10,B13
Satkhira,2020,12,Maximum,1.5,20,B13
Satkhira,2021,1,Maximum,1.5,30,B13
Satkhira,2021,2,Maximum,1,340,B13
Satkhira,2021,3,Maximum,6,300,B13
Satkhira,2021,4,Maximum,2,170,B13
Satkhira,2021,5,Maximum,7.5,90,B13
Satkhira,2021,6,Maximum,2.5,140,B13
Satkhira,2021,7,Maximum,2.5,50,B13
Satkhira,2021,8,Maximum,1.5,200,B13
Satkhira,2021,9,Maximum,4,80,B13
Satkhira,2021,10,Maximum,3,140,B13
Satkhira,2021,11,Maximum,1.5,40,B13
Satkhira,2021,12,Maximum,2,330,B13
Satkhira,2022,1,Maximum,1.5,330,B13
Satkhira,2022,2,Maximum,2.5,300,B13
Satkhira,2022,3,Maximum,3,180,B13
Satkhira,2022,4,Maximum,2,180,B13
Satkhira,2022,5,Maximum,2.5,180,B13
Satkhira,2022,6,Maximum,2.5,180,B13
Satkhira,2022,7,Maximum,2,140,B13
Satkhira,2022,8,Maximum,9,20,B13
Satkhira,2022,9,Maximum,2,180,B13
Satkhira,2022,10,Maximum,8.5,300,B13
Satkhira,2022,11,Maximum,1,360,B13
Satkhira,2022,12,Maximum,1.5,270,B13
Satkhira,2023,1,Maximum,1.5,20,B13
Satkhira,2023,2,Maximum,1,220,B13
Satkhira,2023,3,Maximum,4,220,B13
Satkhira,2023,4,Maximum,2.5,50,B13
Satkhira,2023,5,Maximum,6,320,B13
Satkhira,2023,6,Maximum,2.5,180,B13
Satkhira,2023,7,Maximum,2,220,B13
Satkhira,2023,8,Maximum,4,220,B13
Satkhira,2023,9,Maximum,3,90,B13
Satkhira,2023,10,Maximum,3,180,B13
Satkhira,2023,11,Maximum,8,40,B13
Satkhira,2023,12,Maximum,4,360,B13
Satkhira,2024,1,Maximum,3,320,B13
Satkhira,2024,2,Maximum,3,360,B13
Satkhira,2024,3,Maximum,5,220,B13
Satkhira,2024,4,Maximum,6,280,B13
Satkhira,2024,5,Maximum,20,50,B13
Satkhira,2024,6,Maximum,6,180,B13
Barisal,2017,1,Maximum,6,320,B13
Barisal,2017,2,Maximum,10,180,B13
Barisal,2017,3,Maximum,18,210,B13
Barisal,2017,4,Maximum,12,210,B13
Barisal,2017,5,Maximum,8,210,B13
Barisal,2017,6,Maximum,10,210,B13
Barisal,2017,7,Maximum,8,180,B13
Barisal,2017,8,Maximum,10,150,B13
Barisal,2017,9,Maximum,12,120,B13
Barisal,2017,10,Maximum,10,220,B13
Barisal,2017,11,Maximum,6,330,B13
Barisal,2017,12,Maximum,3,180,B13
Barisal,2018,1,Maximum,6,320,B13
Barisal,2018,2,Maximum,8,310,B13
Barisal,2018,3,Maximum,8,210,B13
Barisal,2018,4,Maximum,10,360,B13
Barisal,2018,5,Maximum,15,180,B13
Barisal,2018,6,Maximum,12,120,B13
Barisal,2018,7,Maximum,15,150,B13
Barisal,2018,8,Maximum,12,120,B13
Barisal,2018,9,Maximum,15,90,B13
Barisal,2018,10,Maximum,10,120,B13
Barisal,2018,11,Maximum,21,40,B13
Barisal,2018,12,Maximum,6,330,B13
Barisal,2019,1,Maximum,3.5,300,B13
Barisal,2019,2,Maximum,3,180,B13
Barisal,2019,3,Maximum,5,200,B13
Barisal,2019,4,Maximum,5,210,B13
Barisal,2019,5,Maximum,10,180,B13
Barisal,2019,6,Maximum,9,360,B13
Barisal,2019,7,Maximum,5,120,B13
Barisal,2019,8,Maximum,5.5,130,B13
Barisal,2019,9,Maximum,5,100,B13
Barisal,2019,10,Maximum,1.5,100,B13
Barisal,2019,11,Maximum,10,300,B13
Barisal,2019,12,Maximum,1,320,B13
Barisal,2020,1,Maximum,3,320,B13
Barisal,2020,2,Maximum,2,210,B13
Barisal,2020,3,Maximum,2.5,240,B13
Barisal,2020,4,Maximum,5,300,B13
Barisal,2020,5,Maximum,15,210,B13
Barisal,2020,6,Maximum,4,200,B13
Barisal,2020,7,Maximum,4,190,B13
Barisal,2020,8,Maximum,5,170,B13
Barisal,2020,9,Maximum,5,60,B13
Barisal,2020,10,Maximum,4,90,B13
Barisal,2020,11,Maximum,1,340,B13
Barisal,2020,12,Maximum,1,320,B13
Barisal,2021,1,Maximum,2,150,B13
Barisal,2021,2,Maximum,2,180,B13
Barisal,2021,3,Maximum,5,210,B13
Barisal,2021,4,Maximum,5,350,B13
Barisal,2021,5,Maximum,7.5,160,B13
Barisal,2021,6,Maximum,4,100,B13
Barisal,2021,7,Maximum,5,150,B13
Barisal,2021,8,Maximum,4,150,B13
Barisal,2021,9,Maximum,6,90,B13
Barisal,2021,10,Maximum,3,160,B13
Barisal,2021,11,Maximum,1,310,B13
Barisal,2021,12,Maximum,4,80,B13
Barisal,2022,1,Maximum,2,360,B13
Barisal,2022,2,Maximum,2.5,320,B13
Barisal,2022,3,Maximum,5,190,B13
Barisal,2022,4,Maximum,5,180,B13
Barisal,2022,5,Maximum,6,310,B13
Barisal,2022,6,Maximum,5,210,B13
Barisal,2022,7,Maximum,3,120,B13
Barisal,2022,8,Maximum,4,90,B13
Barisal,2022,9,Maximum,2.5,190,B13
Barisal,2022,10,Maximum,7.5,60,B13
Barisal,2022,11,Maximum,1,320,B13
Barisal,2022,12,Maximum,1,300,B13
Barisal,2023,1,Maximum,1.5,320,B13
Barisal,2023,2,Maximum,3,320,B13
Barisal,2023,3,Maximum,2,320,B13
Barisal,2023,4,Maximum,3.5,180,B13
Barisal,2023,5,Maximum,5,180,B13
Barisal,2023,6,Maximum,4,180,B13
Barisal,2023,7,Maximum,4,90,B13
Barisal,2023,8,Maximum,6,140,B13
Barisal,2023,9,Maximum,5,210,B13
Barisal,2023,10,Maximum,2,180,B13
Barisal,2023,11,Maximum,4.5,350,B13
Barisal,2024,1,Maximum,1.5,360,B13
Barisal,2024,2,Maximum,3.5,350,B13
Barisal,2024,3,Maximum,2,170,B13
Barisal,2024,4,Maximum,4,180,B13
Barisal,2024,5,Maximum,10,180,B13
Barisal,2024,6,Maximum,3.5,270,B13
Bhola,2017,1,Maximum,4,330,B13
Bhola,2017,2,Maximum,8,130,B13
Bhola,2017,3,Maximum,13,130,B13
Bhola,2017,4,Maximum,9,150,B13
Bhola,2017,5,Maximum,7,150,B13
Bhola,2017,6,Maximum,12,50,B13
Bhola,2017,7,Maximum,6,150,B13
Bhola,2017,8,Maximum,14,130,B13
Bhola,2017,9,Maximum,11,50,B13
Bhola,2017,10,Maximum,18,130,B13
Bhola,2017,11,Maximum,4,50,B13
Bhola,2017,12,Maximum,5,180,B13
Bhola,2018,1,Maximum,8,330,B13
Bhola,2018,2,Maximum,8,310,B13
Bhola,2018,3,Maximum,18,50,B13
Bhola,2018,4,Maximum,14,310,B13
Bhola,2018,5,Maximum,17,30,B13
Bhola,2018,6,Maximum,12,200,B13
Bhola,2018,7,Maximum,17,110,B13
Bhola,2018,8,Maximum,15,110,B13
Bhola,2018,9,Maximum,14,120,B13
Bhola,2018,10,Maximum,9,70,B13
Bhola,2018,11,Maximum,6,330,B13
Bhola,2018,12,Maximum,9,330,B13
Bhola,2019,1,Maximum,5.5,330,B13
Bhola,2019,2,Maximum,6.5,30,B13
Bhola,2019,3,Maximum,16,150,B13
Bhola,2019,4,Maximum,7.5,150,B13
Bhola,2019,5,Maximum,11.5,200,B13
Bhola,2019,6,Maximum,7.5,360,B13
Bhola,2019,7,Maximum,7,150,B13
Bhola,2019,8,Maximum,6,90,B13
Bhola,2019,9,Maximum,7.5,120,B13
Bhola,2019,10,Maximum,5.5,0,B13
Bhola,2019,11,Maximum,11,70,B13
Bhola,2019,12,Maximum,2,30,B13
Bhola,2020,1,Maximum,3,290,B13
Bhola,2020,2,Maximum,3,260,B13
Bhola,2020,3,Maximum,3,30,B13
Bhola,2020,4,Maximum,4,30,B13
Bhola,2020,5,Maximum,8.5,150,B13
Bhola,2020,6,Maximum,3,150,B13
Bhola,2020,7,Maximum,4.5,170,B13
Bhola,2020,8,Maximum,5,80,B13
Bhola,2020,9,Maximum,4,130,B13
Bhola,2020,10,Maximum,5.5,60,B13
Bhola,2020,11,Maximum,2.5,130,B13
Bhola,2020,12,Maximum,3,300,B13
Bhola,2021,1,Maximum,3,220,B13
Bhola,2021,2,Maximum,5,210,B13
Bhola,2021,3,Maximum,6,160,B13
Bhola,2021,4,Maximum,7.5,330,B13
Bhola,2021,5,Maximum,9,120,B13
Bhola,2021,6,Maximum,5,160,B13
Bhola,2021,7,Maximum,8.5,130,B13
Bhola,2021,8,Maximum,4,120,B13
Bhola,2021,9,Maximum,6,150,B13
Bhola,2021,10,Maximum,6,130,B13
Bhola,2021,11,Maximum,1.5,330,B13
Bhola,2021,12,Maximum,3,150,B13
Bhola,2022,1,Maximum,3,250,B13
Bhola,2022,2,Maximum,3.5,300,B13
Bhola,2022,3,Maximum,6,210,B13
Bhola,2022,4,Maximum,6.5,150,B13
Bhola,2022,5,Maximum,6.5,220,B13
Bhola,2022,6,Maximum,5,240,B13
Bhola,2022,7,Maximum,6,150,B13
Bhola,2022,8,Maximum,6.5,50,B13
Bhola,2022,9,Maximum,6,80,B13
Bhola,2022,10,Maximum,10.5,30,B13
Bhola,2022,11,Maximum,2,250,B13
Bhola,2022,12,Maximum,2.5,300,B13
Bhola,2023,1,Maximum,2,350,B13
Bhola,2023,2,Maximum,3,130,B13
Bhola,2023,3,Maximum,3.5,120,B13
Bhola,2023,4,Maximum,4.5,160,B13
Bhola,2023,5,Maximum,5,150,B13
Bhola,2023,6,Maximum,5.5,240,B13
Bhola,2023,7,Maximum,6,130,B13
Bhola,2023,8,Maximum,5,120,B13
Bhola,2023,9,Maximum,4,130,B13
Bhola,2023,10,Maximum,4,240,B13
Bhola,2023,11,Maximum,6.5,110,B13
Bhola,2023,12,Maximum,2,300,B13
Bhola,2024,1,Maximum,2,300,B13
Bhola,2024,2,Maximum,4,350,B13
Bhola,2024,3,Maximum,5,240,B13
Bhola,2024,4,Maximum,5.5,150,B13
Bhola,2024,5,Maximum,12,120,B13
Bhola,2024,6,Maximum,4,120,B13
Bhola,2024,7,Maximum,5,130,B13
Feni,2017,1,Maximum,6,310,B13
Feni,2017,2,Maximum,8,180,B13
Feni,2017,3,Maximum,10,310,B13
Feni,2017,4,Maximum,12,180,B13
Feni,2017,5,Maximum,20,310,B13
Feni,2017,6,Maximum,9,180,B13
Feni,2017,7,Maximum,9,180,B13
Feni,2017,8,Maximum,8,180,B13
Feni,2017,9,Maximum,8,180,B13
Feni,2017,10,Maximum,6,180,B13
Feni,2017,11,Maximum,6,310,B13
Feni,2017,12,Maximum,5,310,B13
Feni,2018,1,Maximum,8,310,B13
Feni,2018,2,Maximum,8,310,B13
Feni,2018,3,Maximum,7,180,B13
Feni,2018,4,Maximum,6,150,B13
Feni,2018,5,Maximum,8,310,B13
Feni,2018,6,Maximum,8,180,B13
Feni,2018,7,Maximum,8,180,B13
Feni,2018,8,Maximum,10,180,B13
Feni,2018,9,Maximum,8,310,B13
Feni,2018,10,Maximum,33,20,B13
Feni,2018,11,Maximum,4,360,B13
Feni,2018,12,Maximum,6,310,B13
Feni,2019,1,Maximum,2.5,330,B13
Feni,2019,2,Maximum,4,310,B13
Feni,2019,3,Maximum,3,310,B13
Feni,2019,4,Maximum,5,180,B13
Feni,2019,5,Maximum,7.5,190,B13
Feni,2019,6,Maximum,4,180,B13
Feni,2019,7,Maximum,4,180,B13
Feni,2019,8,Maximum,4,180,B13
Feni,2019,9,Maximum,3,180,B13
Feni,2019,10,Maximum,3,360,B13
Feni,2019,11,Maximum,4,80,B13
Feni,2019,12,Maximum,2.5,310,B13
Feni,2020,1,Maximum,2,330,B13
Feni,2020,2,Maximum,3,130,B13
Feni,2020,3,Maximum,2.5,320,B13
Feni,2020,4,Maximum,4,360,B13
Feni,2020,5,Maximum,6,130,B13
Feni,2020,6,Maximum,4,180,B13
Feni,2020,7,Maximum,4,130,B13
Feni,2020,8,Maximum,3,180,B13
Feni,2020,9,Maximum,2.5,180,B13
Feni,2020,10,Maximum,4,150,B13
Feni,2020,11,Maximum,2,360,B13
Feni,2020,12,Maximum,2,360,B13
Feni,2021,1,Maximum,2,310,B13
Feni,2021,2,Maximum,2,310,B13
Feni,2021,3,Maximum,2.5,180,B13
Feni,2021,4,Maximum,4.5,310,B13
Feni,2021,5,Maximum,3,210,B13
Feni,2021,6,Maximum,2.5,180,B13
Feni,2021,7,Maximum,4,210,B13
Feni,2021,8,Maximum,2.5,180,B13
Feni,2021,9,Maximum,2,130,B13
Feni,2021,10,Maximum,3,180,B13
Feni,2021,11,Maximum,2,360,B13
Feni,2021,12,Maximum,2.5,110,B13
Feni,2022,1,Maximum,1.5,270,B13
Feni,2022,2,Maximum,4,360,B13
Feni,2022,3,Maximum,4,250,B13
Feni,2022,4,Maximum,5,210,B13
Feni,2022,5,Maximum,3,180,B13
Feni,2022,6,Maximum,4,180,B13
Feni,2022,7,Maximum,3,150,B13
Feni,2022,8,Maximum,4,180,B13
Feni,2022,9,Maximum,3,160,B13
Feni,2022,10,Maximum,10,110,B13
Feni,2022,11,Maximum,2,360,B13
Feni,2023,1,Maximum,1.5,310,B13
Feni,2023,2,Maximum,2.5,230,B13
Feni,2023,3,Maximum,2.5,310,B13
Feni,2023,4,Maximum,4,230,B13
Feni,2023,5,Maximum,4,180,B13
Feni,2023,6,Maximum,6,180,B13
Feni,2023,7,Maximum,3,210,B13
Feni,2023,8,Maximum,3,210,B13
Feni,2023,9,Maximum,2,180,B13
Feni,2023,10,Maximum,2.5,310,B13
Feni,2023,11,Maximum,6,180,B13
Feni,2023,12,Maximum,17.5,10,B13
Feni,2024,1,Maximum,2,310,B13
Feni,2024,2,Maximum,6,180,B13
Feni,2024,3,Maximum,2,180,B13
Feni,2024,4,Maximum,4,180,B13
Feni,2024,5,Maximum,6,170,B13
Feni,2024,6,Maximum,4,180,B13
Maijdi Court,2017,1,Maximum,8,310,B13
Maijdi Court,2017,2,Maximum,10,130,B13
Maijdi Court,2017,3,Maximum,10,310,B13
Maijdi Court,2017,4,Maximum,12,310,B13
Maijdi Court,2017,5,Maximum,12,310,B13
Maijdi Court,2017,6,Maximum,13,130,B13
Maijdi Court,2017,7,Maximum,9,180,B13
Maijdi Court,2017,8,Maximum,8,180,B13
Maijdi Court,2017,9,Maximum,8,130,B13
Maijdi Court,2017,10,Maximum,11,180,B13
Maijdi Court,2017,11,Maximum,8,310,B13
Maijdi Court,2017,12,Maximum,8,310,B13
Maijdi Court,2018,1,Maximum,6,360,B13
Maijdi Court,2018,2,Maximum,10,310,B13
Maijdi Court,2018,3,Maximum,15,310,B13
Maijdi Court,2018,4,Maximum,14,310,B13
Maijdi Court,2018,5,Maximum,12,220,B13
Maijdi Court,2018,6,Maximum,10,180,B13
Maijdi Court,2018,7,Maximum,8,130,B13
Maijdi Court,2018,8,Maximum,10,130,B13
Maijdi Court,2018,9,Maximum,8,130,B13
Maijdi Court,2018,10,Maximum,8,130,B13
Maijdi Court,2018,11,Maximum,6,310,B13
Maijdi Court,2018,12,Maximum,8,360,B13
Maijdi Court,2019,1,Maximum,4,310,B13
Maijdi Court,2019,2,Maximum,4,50,B13
Maijdi Court,2019,3,Maximum,6,50,B13
Maijdi Court,2019,4,Maximum,6,50,B13
Maijdi Court,2019,5,Maximum,7,130,B13
Maijdi Court,2019,6,Maximum,4.5,180,B13
Maijdi Court,2019,7,Maximum,6.5,180,B13
Maijdi Court,2019,8,Maximum,6,130,B13
Maijdi Court,2019,9,Maximum,4.5,130,B13
Maijdi Court,2019,10,Maximum,2.5,180,B13
Maijdi Court,2019,11,Maximum,6,50,B13
Maijdi Court,2019,12,Maximum,3,360,B13
Maijdi Court,2020,1,Maximum,4,130,B13
Maijdi Court,2020,2,Maximum,3,270,B13
Maijdi Court,2020,3,Maximum,13.5,20,B13
Maijdi Court,2020,4,Maximum,5.5,50,B13
Maijdi Court,2020,5,Maximum,6.5,180,B13
Maijdi Court,2020,6,Maximum,6,130,B13
Maijdi Court,2020,7,Maximum,4.5,130,B13
Maijdi Court,2020,8,Maximum,6,180,B13
Maijdi Court,2020,9,Maximum,6,180,B13
Maijdi Court,2020,10,Maximum,6.5,30,B13
Maijdi Court,2020,11,Maximum,15.5,20,B13
Maijdi Court,2020,12,Maximum,13.5,30,B13
Maijdi Court,2021,1,Maximum,3.5,310,B13
Maijdi Court,2021,2,Maximum,2.5,310,B13
Maijdi Court,2021,3,Maximum,4.5,130,B13
Maijdi Court,2021,4,Maximum,5.5,50,B13
Maijdi Court,2021,5,Maximum,5,130,B13
Maijdi Court,2021,6,Maximum,5,130,B13
Maijdi Court,2021,7,Maximum,5.5,130,B13
Maijdi Court,2021,8,Maximum,4,180,B13
Maijdi Court,2021,9,Maximum,4,130,B13
Maijdi Court,2021,10,Maximum,3,130,B13
Maijdi Court,2021,11,Maximum,15.5,20,B13
Maijdi Court,2021,12,Maximum,4,50,B13
Maijdi Court,2022,1,Maximum,4,310,B13
Maijdi Court,2022,2,Maximum,4,130,B13
Maijdi Court,2022,3,Maximum,6,130,B13
Maijdi Court,2022,4,Maximum,4.5,130,B13
Maijdi Court,2022,5,Maximum,5.5,130,B13
Maijdi Court,2022,6,Maximum,9,40,B13
Maijdi Court,2022,7,Maximum,4.5,230,B13
Maijdi Court,2022,8,Maximum,5.5,130,B13
Maijdi Court,2022,9,Maximum,4,130,B13
Maijdi Court,2022,10,Maximum,6.5,50,B13
Maijdi Court,2022,11,Maximum,3,310,B13
Maijdi Court,2022,12,Maximum,2.5,360,B13
Maijdi Court,2023,1,Maximum,4,310,B13
Maijdi Court,2023,2,Maximum,3.5,220,B13
Maijdi Court,2023,3,Maximum,3,130,B13
Maijdi Court,2023,4,Maximum,4,310,B13
Maijdi Court,2023,5,Maximum,5.5,360,B13
Maijdi Court,2023,6,Maximum,5,180,B13
Maijdi Court,2023,7,Maximum,4.5,130,B13
Maijdi Court,2023,8,Maximum,6,130,B13
Maijdi Court,2023,9,Maximum,5.5,130,B13
Maijdi Court,2023,10,Maximum,15.5,20,B13
Maijdi Court,2023,11,Maximum,4,50,B13
Maijdi Court,2023,12,Maximum,2,310,B13
Maijdi Court,2024,1,Maximum,2.5,40,B13
Maijdi Court,2024,2,Maximum,4,310,B13
Maijdi Court,2024,3,Maximum,4,50,B13
Maijdi Court,2024,4,Maximum,5.5,180,B13
Maijdi Court,2024,5,Maximum,6,130,B13
Maijdi Court,2024,6,Maximum,5,180,B13
Hatiya,2015,1,Maximum,3,310,B13
Hatiya,2015,2,Maximum,3,180,B13
Hatiya,2015,3,Maximum,4,360,B13
Hatiya,2015,4,Maximum,8,130,B13
Hatiya,2015,5,Maximum,6,130,B13
Hatiya,2015,6,Maximum,7,130,B13
Hatiya,2015,7,Maximum,12,90,B13
Hatiya,2015,8,Maximum,10,180,B13
Hatiya,2015,9,Maximum,8,180,B13
Hatiya,2015,10,Maximum,14,90,B13
Hatiya,2015,11,Maximum,2,360,B13
Hatiya,2015,12,Maximum,3,130,B13
Hatiya,2016,1,Maximum,3,180,B13
Hatiya,2016,2,Maximum,8,180,B13
Hatiya,2016,3,Maximum,4,180,B13
Hatiya,2016,4,Maximum,16,180,B13
Hatiya,2016,5,Maximum,25,130,B13
Hatiya,2016,6,Maximum,7,130,B13
Hatiya,2016,7,Maximum,10,130,B13
Hatiya,2016,8,Maximum,15,120,B13
Hatiya,2016,9,Maximum,10,130,B13
Hatiya,2016,10,Maximum,12,90,B13
Hatiya,2016,11,Maximum,10,130,B13
Hatiya,2016,12,Maximum,1,340,B13
Hatiya,2017,1,Maximum,3,360,B13
Hatiya,2017,2,Maximum,4,180,B13
Hatiya,2017,3,Maximum,12,180,B13
Hatiya,2017,4,Maximum,22,50,B13
Hatiya,2017,5,Maximum,20,360,B13
Hatiya,2017,6,Maximum,20,180,B13
Hatiya,2017,7,Maximum,5,130,B13
Hatiya,2017,8,Maximum,8,270,B13
Hatiya,2017,9,Maximum,5,150,B13
Hatiya,2017,10,Maximum,12,180,B13
Hatiya,2017,11,Maximum,3,360,B13
Hatiya,2017,12,Maximum,6,160,B13
Hatiya,2018,1,Maximum,4,320,B13
Hatiya,2018,2,Maximum,5,90,B13
Hatiya,2018,3,Maximum,15,360,B13
Hatiya,2018,4,Maximum,9,320,B13
Hatiya,2018,5,Maximum,10,120,B13
Hatiya,2018,6,Maximum,12,180,B13
Hatiya,2018,7,Maximum,10,140,B13
Hatiya,2018,8,Maximum,12,180,B13
Hatiya,2018,9,Maximum,16,130,B13
Hatiya,2018,10,Maximum,8,150,B13
Hatiya,2018,11,Maximum,2,130,B13
Hatiya,2018,12,Maximum,5,360,B13
Hatiya,2019,1,Maximum,1.5,280,B13
Hatiya,2019,2,Maximum,4,360,B13
Hatiya,2019,3,Maximum,3.5,50,B13
Hatiya,2019,4,Maximum,5,360,B13
Hatiya,2019,5,Maximum,17.5,180,B13
Hatiya,2019,6,Maximum,6,50,B13
Hatiya,2019,7,Maximum,4,180,B13
Hatiya,2019,8,Maximum,16.5,120,B13
Hatiya,2019,9,Maximum,6,130,B13
Hatiya,2019,10,Maximum,1.5,40,B13
Hatiya,2019,11,Maximum,4,180,B13
Hatiya,2019,12,Maximum,2,360,B13
Hatiya,2020,1,Maximum,2,360,B13
Hatiya,2020,2,Maximum,2,320,B13
Hatiya,2020,3,Maximum,2,320,B13
Hatiya,2020,4,Maximum,6,280,B13
Hatiya,2020,5,Maximum,22.5,180,B13
Hatiya,2020,6,Maximum,3.5,180,B13
Hatiya,2020,7,Maximum,3,220,B13
Hatiya,2020,8,Maximum,7.5,130,B13
Hatiya,2020,9,Maximum,6,130,B13
Hatiya,2020,10,Maximum,6,130,B13
Hatiya,2020,11,Maximum,3,180,B13
Hatiya,2020,12,Maximum,1.5,50,B13
Hatiya,2021,1,Maximum,2,180,B13
Hatiya,2021,2,Maximum,2.5,340,B13
Hatiya,2021,3,Maximum,4.5,230,B13
Hatiya,2021,4,Maximum,4.5,100,B13
Hatiya,2021,5,Maximum,11,130,B13
Hatiya,2021,6,Maximum,3.5,180,B13
Hatiya,2021,7,Maximum,3,130,B13
Hatiya,2021,8,Maximum,2.5,180,B13
Hatiya,2021,9,Maximum,6,180,B13
Hatiya,2021,10,Maximum,3.5,140,B13
Hatiya,2021,11,Maximum,1,360,B13
Hatiya,2021,12,Maximum,2,330,B13
Hatiya,2022,1,Maximum,3.5,340,B13
Hatiya,2022,2,Maximum,2.5,210,B13
Hatiya,2022,3,Maximum,2.5,180,B13
Hatiya,2022,4,Maximum,6,180,B13
Hatiya,2022,5,Maximum,3,210,B13
Hatiya,2022,6,Maximum,2.5,180,B13
Hatiya,2022,7,Maximum,3,180,B13
Hatiya,2022,8,Maximum,6,170,B13
Hatiya,2022,9,Maximum,4,200,B13
Hatiya,2022,10,Maximum,16,50,B13
Hatiya,2022,11,Maximum,2,340,B13
Hatiya,2022,12,Maximum,1.5,330,B13
Hatiya,2023,1,Maximum,2,360,B13
Hatiya,2023,2,Maximum,2.5,160,B13
Hatiya,2023,3,Maximum,6,20,B13
Hatiya,2023,4,Maximum,7,280,B13
Hatiya,2023,5,Maximum,9,130,B13
Hatiya,2023,6,Maximum,6,140,B13
Hatiya,2023,7,Maximum,5,150,B13
Hatiya,2023,8,Maximum,7.5,140,B13
Hatiya,2023,9,Maximum,6,180,B13
Hatiya,2023,10,Maximum,2.5,130,B13
Hatiya,2023,11,Maximum,25.5,180,B13
Hatiya,2023,12,Maximum,2,330,B13
Hatiya,2024,1,Maximum,1.5,360,B13
Hatiya,2024,2,Maximum,4.5,60,B13
Sitakunda,2017,1,Maximum,6,310,B13
Sitakunda,2017,2,Maximum,11,220,B13
Sitakunda,2017,3,Maximum,18,180,B13
Sitakunda,2017,4,Maximum,12,180,B13
Sitakunda,2017,5,Maximum,20,310,B13
Sitakunda,2017,6,Maximum,16,180,B13
Sitakunda,2017,7,Maximum,12,180,B13
Sitakunda,2017,9,Maximum,8,180,B13
Sitakunda,2017,10,Maximum,18,130,B13
Sitakunda,2017,11,Maximum,2,360,B13
Sitakunda,2017,12,Maximum,4,180,B13
Sitakunda,2018,1,Maximum,5,220,B13
Sitakunda,2018,2,Maximum,5,270,B13
Sitakunda,2018,3,Maximum,9,220,B13
Sitakunda,2018,4,Maximum,9,220,B13
Sitakunda,2018,5,Maximum,7,180,B13
Sitakunda,2018,6,Maximum,6,220,B13
Sitakunda,2018,7,Maximum,8,120,B13
Sitakunda,2018,8,Maximum,8,180,B13
Sitakunda,2018,9,Maximum,8,300,B13
Sitakunda,2018,10,Maximum,4,140,B13
Sitakunda,2018,11,Maximum,2,270,B13
Sitakunda,2018,12,Maximum,5,220,B13
Sitakunda,2019,1,Maximum,1,320,B13
Sitakunda,2019,2,Maximum,2.5,220,B13
Sitakunda,2019,3,Maximum,11,20,B13
Sitakunda,2019,4,Maximum,6,20,B13
Sitakunda,2019,5,Maximum,5.5,140,B13
Sitakunda,2019,6,Maximum,3,160,B13
Sitakunda,2019,7,Maximum,3.5,120,B13
Sitakunda,2019,8,Maximum,3,170,B13
Sitakunda,2019,9,Maximum,4,130,B13
Sitakunda,2019,10,Maximum,1.5,150,B13
Sitakunda,2019,11,Maximum,3.5,140,B13
Sitakunda,2019,12,Maximum,1,310,B13
Sitakunda,2020,1,Maximum,1.5,140,B13
Sitakunda,2020,2,Maximum,1.5,140,B13
Sitakunda,2020,3,Maximum,2,310,B13
Sitakunda,2020,4,Maximum,2,220,B13
Sitakunda,2020,5,Maximum,4.5,140,B13
Sitakunda,2020,6,Maximum,2,230,B13
Sitakunda,2020,7,Maximum,2,220,B13
Sitakunda,2020,8,Maximum,11.5,220,B13
Sitakunda,2020,9,Maximum,11.5,140,B13
Sitakunda,2020,10,Maximum,2,180,B13
Sitakunda,2020,11,Maximum,1,220,B13
Sitakunda,2020,12,Maximum,0,0,B13
Sitakunda,2021,1,Maximum,0.5,230,B13
Sitakunda,2021,2,Maximum,1,310,B13
Sitakunda,2021,3,Maximum,2.5,140,B13
Sitakunda,2021,4,Maximum,3,220,B13
Sitakunda,2021,5,Maximum,3,140,B13
Sitakunda,2021,6,Maximum,4,180,B13
Sitakunda,2021,7,Maximum,1.5,140,B13
Sitakunda,2021,8,Maximum,1,220,B13
Sitakunda,2021,9,Maximum,1,220,B13
Sitakunda,2021,10,Maximum,0,0,B13
Sitakunda,2021,11,Maximum,0,0,B13
Sitakunda,2021,12,Maximum,1,220,B13
Sitakunda,2022,1,Maximum,1,310,B13
Sitakunda,2022,2,Maximum,1,220,B13
Sitakunda,2022,3,Maximum,2,140,B13
Sitakunda,2022,4,Maximum,2,130,B13
Sitakunda,2022,5,Maximum,11,20,B13
Sitakunda,2022,6,Maximum,1.5,130,B13
Sitakunda,2022,7,Maximum,1.5,140,B13
Sitakunda,2022,8,Maximum,1.5,130,B13
Sitakunda,2022,9,Maximum,1.5,140,B13
Sitakunda,2022,10,Maximum,3,220,B13
Sitakunda,2022,11,Maximum,1,320,B13
Sitakunda,2022,12,Maximum,1,140,B13
Sitakunda,2023,1,Maximum,0,0,B13
Sitakunda,2023,2,Maximum,1,140,B13
Sitakunda,2023,3,Maximum,1,140,B13
Sitakunda,2023,4,Maximum,1,220,B13
Sitakunda,2023,5,Maximum,2.5,140,B13
Sitakunda,2023,6,Maximum,1.5,220,B13
Sitakunda,2023,7,Maximum,1,230,B13
Sitakunda,2023,8,Maximum,3,140,B13
Sitakunda,2023,9,Maximum,2,130,B13
Sitakunda,2023,10,Maximum,2.5,180,B13
Sitakunda,2023,11,Maximum,4.5,210,B13
Sitakunda,2023,12,Maximum,1.5,320,B13
Sitakunda,2024,1,Maximum,1.5,310,B13
Sitakunda,2024,2,Maximum,1.5,180,B13
Sitakunda,2024,3,Maximum,2,140,B13
Sitakunda,2024,4,Maximum,2,130,B13
Sitakunda,2024,5,Maximum,5,140,B13
Sitakunda,2024,6,Maximum,3.5,140,B13
Sandwip,2017,1,Maximum,3,360,B13
Sandwip,2017,2,Maximum,5,360,B13
Sandwip,2017,3,Maximum,8,180,B13
Sandwip,2017,4,Maximum,10,180,B13
Sandwip,2017,5,Maximum,30,230,B13
Sandwip,2017,6,Maximum,15,160,B13
Sandwip,2017,7,Maximum,6,180,B13
Sandwip,2017,8,Maximum,4,170,B13
Sandwip,2017,9,Maximum,5,50,B13
Sandwip,2017,10,Maximum,7,170,B13
Sandwip,2017,11,Maximum,2,320,B13
Sandwip,2017,12,Maximum,2,150,B13
Sandwip,2018,1,Maximum,2,360,B13
Sandwip,2018,2,Maximum,3,360,B13
Sandwip,2018,3,Maximum,6,30,B13
Sandwip,2018,4,Maximum,5,340,B13
Sandwip,2018,5,Maximum,8,360,B13
Sandwip,2018,6,Maximum,6,230,B13
Sandwip,2018,7,Maximum,6,180,B13
Sandwip,2018,8,Maximum,4,140,B13
Sandwip,2018,9,Maximum,5,180,B13
Sandwip,2018,10,Maximum,4,130,B13
Sandwip,2018,11,Maximum,2,310,B13
Sandwip,2018,12,Maximum,2,360,B13
Sandwip,2019,1,Maximum,2,360,B13
Sandwip,2019,2,Maximum,3.5,360,B13
Sandwip,2019,3,Maximum,2,250,B13
Sandwip,2019,4,Maximum,4.5,50,B13
Sandwip,2019,5,Maximum,7.5,180,B13
Sandwip,2019,6,Maximum,3,320,B13
Sandwip,2019,7,Maximum,4,240,B13
Sandwip,2019,8,Maximum,4,130,B13
Sandwip,2019,9,Maximum,3,120,B13
Sandwip,2019,10,Maximum,1,200,B13
Sandwip,2019,11,Maximum,3,130,B13
Sandwip,2019,12,Maximum,1.5,340,B13
Sandwip,2020,1,Maximum,2,340,B13
Sandwip,2020,2,Maximum,1.5,320,B13
Sandwip,2020,3,Maximum,2.5,360,B13
Sandwip,2020,4,Maximum,3,360,B13
Sandwip,2020,5,Maximum,10,140,B13
Sandwip,2020,6,Maximum,3.5,140,B13
Sandwip,2020,7,Maximum,3,180,B13
Sandwip,2020,8,Maximum,4,180,B13
Sandwip,2020,9,Maximum,2.5,160,B13
Sandwip,2020,10,Maximum,4,170,B13
Sandwip,2020,11,Maximum,1.5,360,B13
Sandwip,2020,12,Maximum,2,360,B13
Sandwip,2021,1,Maximum,1.5,340,B13
Sandwip,2021,2,Maximum,2,200,B13
Sandwip,2021,3,Maximum,6,180,B13
Sandwip,2021,4,Maximum,5,360,B13
Sandwip,2021,5,Maximum,4,180,B13
Sandwip,2021,6,Maximum,4,140,B13
Sandwip,2021,7,Maximum,3,140,B13
Sandwip,2021,8,Maximum,3,140,B13
Sandwip,2021,9,Maximum,3,140,B13
Sandwip,2021,10,Maximum,2,190,B13
Sandwip,2021,11,Maximum,1.5,360,B13
Sandwip,2021,12,Maximum,1.5,140,B13
Sandwip,2022,1,Maximum,2,360,B13
Sandwip,2022,2,Maximum,2.5,360,B13
Sandwip,2022,3,Maximum,4.5,160,B13
Sandwip,2022,4,Maximum,6.5,310,B13
Sandwip,2022,5,Maximum,5,220,B13
Sandwip,2022,6,Maximum,4,170,B13
Sandwip,2022,7,Maximum,4,180,B13
Sandwip,2022,8,Maximum,4,160,B13
Sandwip,2022,9,Maximum,3,140,B13
Sandwip,2022,10,Maximum,10,180,B13
Sandwip,2022,11,Maximum,1.5,50,B13
Sandwip,2022,12,Maximum,1,40,B13
Sandwip,2023,1,Maximum,1.5,40,B13
Sandwip,2023,2,Maximum,2,360,B13
Sandwip,2023,3,Maximum,2.5,360,B13
Sandwip,2023,4,Maximum,4,150,B13
Sandwip,2023,5,Maximum,5,190,B13
Sandwip,2023,6,Maximum,5,150,B13
Sandwip,2023,7,Maximum,5,160,B13
Sandwip,2023,8,Maximum,6,130,B13
Sandwip,2023,9,Maximum,4,140,B13
Sandwip,2023,10,Maximum,3.5,200,B13
Sandwip,2023,11,Maximum,9,160,B13
Sandwip,2023,12,Maximum,2,360,B13
Sandwip,2024,1,Maximum,2,360,B13
Sandwip,2024,2,Maximum,3.5,360,B13
Sandwip,2024,3,Maximum,2.5,210,B13
Sandwip,2024,4,Maximum,4.5,190,B13
Sandwip,2024,5,Maximum,7.5,140,B13
Sandwip,2024,6,Maximum,9,80,B13
Sandwip,2024,7,Maximum,4,230,B13
Chittagong,2017,1,Maximum,20,330,B13
Chittagong,2017,2,Maximum,16,210,B13
Chittagong,2017,3,Maximum,32,120,B13
Chittagong,2017,4,Maximum,20,170,B13
Chittagong,2017,5,Maximum,45,280,B13
Chittagong,2017,6,Maximum,28,230,B13
Chittagong,2017,7,Maximum,19,210,B13
Chittagong,2017,8,Maximum,18,190,B13
Chittagong,2017,9,Maximum,18,160,B13
Chittagong,2017,10,Maximum,20,150,B13
Chittagong,2017,11,Maximum,14,330,B13
Chittagong,2017,12,Maximum,15,330,B13
Chittagong,2018,1,Maximum,33,140,B13
Chittagong,2018,2,Maximum,18,320,B13
Chittagong,2018,3,Maximum,19,330,B13
Chittagong,2018,4,Maximum,30,270,B13
Chittagong,2018,5,Maximum,20,180,B13
Chittagong,2018,6,Maximum,61,180,B13
Chittagong,2018,7,Maximum,18,170,B13
Chittagong,2018,8,Maximum,20,220,B13
Chittagong,2018,9,Maximum,18,150,B13
Chittagong,2018,10,Maximum,12,300,B13
Chittagong,2018,11,Maximum,12,330,B13
Chittagong,2018,12,Maximum,16,330,B13
Chittagong,2019,1,Maximum,7.5,330,B13
Chittagong,2019,2,Maximum,12,330,B13
Chittagong,2019,3,Maximum,9,330,B13
Chittagong,2019,4,Maximum,8,210,B13
Chittagong,2019,5,Maximum,15,180,B13
Chittagong,2019,6,Maximum,9,200,B13
Chittagong,2019,7,Maximum,9,210,B13
Chittagong,2019,8,Maximum,8,190,B13
Chittagong,2019,9,Maximum,9,60,B13
Chittagong,2019,10,Maximum,6,180,B13
Chittagong,2019,11,Maximum,6,240,B13
Chittagong,2019,12,Maximum,6,330,B13
Chittagong,2020,1,Maximum,16.5,60,B13
Chittagong,2020,2,Maximum,8.5,320,B13
Chittagong,2020,3,Maximum,10,330,B13
Chittagong,2020,4,Maximum,15,280,B13
Chittagong,2020,5,Maximum,15,330,B13
Chittagong,2020,6,Maximum,8.5,200,B13
Chittagong,2020,7,Maximum,16.5,80,B13
Chittagong,2020,8,Maximum,25,180,B13
Chittagong,2020,9,Maximum,10,180,B13
Chittagong,2020,10,Maximum,8,200,B13
Chittagong,2020,11,Maximum,6,270,B13
Chittagong,2020,12,Maximum,8.5,350,B13
Chittagong,2021,1,Maximum,7,300,B13
Chittagong,2021,2,Maximum,10.5,330,B13
Chittagong,2021,3,Maximum,10.5,330,B13
Chittagong,2021,4,Maximum,14,30,B13
Chittagong,2021,5,Maximum,8.5,180,B13
Chittagong,2021,6,Maximum,10,280,B13
Chittagong,2021,7,Maximum,7.5,120,B13
Chittagong,2021,8,Maximum,8.5,190,B13
Chittagong,2021,9,Maximum,6,180,B13
Chittagong,2021,10,Maximum,6,180,B13
Chittagong,2021,11,Maximum,15,120,B13
Chittagong,2021,12,Maximum,5.5,320,B13
Chittagong,2022,1,Maximum,7,320,B13
Chittagong,2022,2,Maximum,7,340,B13
Chittagong,2022,3,Maximum,10,330,B13
Chittagong,2022,4,Maximum,9,360,B13
Chittagong,2022,5,Maximum,10,330,B13
Chittagong,2022,6,Maximum,7.5,210,B13
Chittagong,2022,7,Maximum,9,210,B13
Chittagong,2022,8,Maximum,9,120,B13
Chittagong,2022,9,Maximum,10,200,B13
Chittagong,2022,10,Maximum,10,220,B13
Chittagong,2022,11,Maximum,7.5,360,B13
Chittagong,2022,12,Maximum,6.5,280,B13
Chittagong,2023,1,Maximum,7.5,350,B13
Chittagong,2023,2,Maximum,9,330,B13
Chittagong,2023,3,Maximum,12.5,100,B13
Chittagong,2023,4,Maximum,10,330,B13
Chittagong,2023,5,Maximum,10.5,10,B13
Chittagong,2023,6,Maximum,12,330,B13
Chittagong,2023,7,Maximum,10,200,B13
Chittagong,2023,8,Maximum,17.5,250,B13
Chittagong,2023,9,Maximum,8,170,B13
Chittagong,2023,10,Maximum,6,300,B13
Chittagong,2023,11,Maximum,10,210,B13
Chittagong,2023,12,Maximum,6,330,B13
Chittagong,2024,1,Maximum,6.5,300,B13
Chittagong,2024,2,Maximum,8,330,B13
Chittagong,2024,3,Maximum,10,340,B13
Chittagong,2024,4,Maximum,7.5,190,B13
Chittagong,2024,5,Maximum,15,210,B13
Chittagong,2024,6,Maximum,8,200,B13
Kutubdia,2017,1,Maximum,20,310,B13
Kutubdia,2017,2,Maximum,12,310,B13
Kutubdia,2017,3,Maximum,14,360,B13
Kutubdia,2017,4,Maximum,14,180,B13
Kutubdia,2017,5,Maximum,18,280,B13
Kutubdia,2017,6,Maximum,19,230,B13
Kutubdia,2017,7,Maximum,25,320,B13
Kutubdia,2017,8,Maximum,8,170,B13
Kutubdia,2017,9,Maximum,8,180,B13
Kutubdia,2017,10,Maximum,13,180,B13
Kutubdia,2017,11,Maximum,7,320,B13
Kutubdia,2017,12,Maximum,6,320,B13
Kutubdia,2018,1,Maximum,6,310,B13
Kutubdia,2018,2,Maximum,5,310,B13
Kutubdia,2018,3,Maximum,8,130,B13
Kutubdia,2018,4,Maximum,15,310,B13
Kutubdia,2018,5,Maximum,13,210,B13
Kutubdia,2018,6,Maximum,12,140,B13
Kutubdia,2018,7,Maximum,8,180,B13
Kutubdia,2018,8,Maximum,10,180,B13
Kutubdia,2018,9,Maximum,8,130,B13
Kutubdia,2018,10,Maximum,8,130,B13
Kutubdia,2018,11,Maximum,6,320,B13
Kutubdia,2018,12,Maximum,6,310,B13
Kutubdia,2019,1,Maximum,2.5,310,B13
Kutubdia,2019,2,Maximum,4.5,50,B13
Kutubdia,2019,3,Maximum,4,180,B13
Kutubdia,2019,4,Maximum,4,170,B13
Kutubdia,2019,5,Maximum,8,210,B13
Kutubdia,2019,6,Maximum,4,170,B13
Kutubdia,2019,7,Maximum,4.5,140,B13
Kutubdia,2019,8,Maximum,4,130,B13
Kutubdia,2019,9,Maximum,3,210,B13
Kutubdia,2019,10,Maximum,2,180,B13
Kutubdia,2019,11,Maximum,6,140,B13
Kutubdia,2019,12,Maximum,2,320,B13
Kutubdia,2020,1,Maximum,3,310,B13
Kutubdia,2020,2,Maximum,3,180,B13
Kutubdia,2020,3,Maximum,3,50,B13
Kutubdia,2020,4,Maximum,3.5,320,B13
Kutubdia,2020,5,Maximum,5,130,B13
Kutubdia,2020,6,Maximum,3.5,130,B13
Kutubdia,2020,7,Maximum,3,140,B13
Kutubdia,2020,8,Maximum,4.5,170,B13
Kutubdia,2020,9,Maximum,2.5,180,B13
Kutubdia,2020,10,Maximum,3,180,B13
Kutubdia,2020,11,Maximum,2,310,B13
Kutubdia,2020,12,Maximum,2,330,B13
Kutubdia,2021,1,Maximum,3,320,B13
Kutubdia,2021,2,Maximum,3.5,140,B13
Kutubdia,2021,3,Maximum,5,140,B13
Kutubdia,2021,4,Maximum,4,130,B13
Kutubdia,2021,5,Maximum,4.5,140,B13
Kutubdia,2021,6,Maximum,4.5,130,B13
Kutubdia,2021,7,Maximum,4,130,B13
Kutubdia,2021,8,Maximum,3.5,140,B13
Kutubdia,2021,9,Maximum,3.5,180,B13
Kutubdia,2021,10,Maximum,3.5,130,B13
Kutubdia,2021,11,Maximum,2.5,140,B13
Kutubdia,2021,12,Maximum,2.5,310,B13
Kutubdia,2022,1,Maximum,2.5,320,B13
Kutubdia,2022,2,Maximum,3.5,320,B13
Kutubdia,2022,3,Maximum,3.5,180,B13
Kutubdia,2022,4,Maximum,3.5,140,B13
Kutubdia,2022,5,Maximum,3.5,170,B13
Kutubdia,2022,6,Maximum,7,140,B13
Kutubdia,2022,7,Maximum,4.5,180,B13
Kutubdia,2022,8,Maximum,4.5,180,B13
Kutubdia,2022,9,Maximum,3.5,180,B13
Kutubdia,2022,10,Maximum,7.5,130,B13
Kutubdia,2022,11,Maximum,2.5,310,B13
Kutubdia,2022,12,Maximum,2,320,B13
Kutubdia,2023,1,Maximum,3.5,310,B13
Kutubdia,2023,2,Maximum,2,320,B13
Kutubdia,2023,3,Maximum,4,320,B13
Kutubdia,2023,4,Maximum,4.5,140,B13
Kutubdia,2023,5,Maximum,4.5,140,B13
Kutubdia,2023,6,Maximum,4,130,B13
Kutubdia,2023,7,Maximum,6.5,0,B13
Kutubdia,2023,8,Maximum,4.5,180,B13
Kutubdia,2023,9,Maximum,3,130,B13
Kutubdia,2023,10,Maximum,9,130,B13
Kutubdia,2023,11,Maximum,4.5,50,B13
Kutubdia,2023,12,Maximum,2.5,320,B13
Kutubdia,2024,1,Maximum,2.5,310,B13
Kutubdia,2024,2,Maximum,2.5,340,B13
Kutubdia,2024,3,Maximum,3.5,320,B13
Kutubdia,2024,4,Maximum,4.5,130,B13
Kutubdia,2024,5,Maximum,8.5,130,B13
Kutubdia,2024,6,Maximum,4.5,130,B13
Cox's Bazar,2017,1,Maximum,12,350,B13
Cox's Bazar,2017,2,Maximum,10,350,B13
Cox's Bazar,2017,3,Maximum,12,150,B13
Cox's Bazar,2017,4,Maximum,14,360,B13
Cox's Bazar,2017,5,Maximum,30,30,B13
Cox's Bazar,2017,6,Maximum,35,150,B13
Cox's Bazar,2017,7,Maximum,15,150,B13
Cox's Bazar,2017,8,Maximum,10,180,B13
Cox's Bazar,2017,9,Maximum,10,180,B13
Cox's Bazar,2017,10,Maximum,18,150,B13
Cox's Bazar,2017,11,Maximum,10,360,B13
Cox's Bazar,2017,12,Maximum,9,360,B13
Cox's Bazar,2018,1,Maximum,12,360,B13
Cox's Bazar,2018,2,Maximum,12,360,B13
Cox's Bazar,2018,3,Maximum,12,360,B13
Cox's Bazar,2018,4,Maximum,15,360,B13
Cox's Bazar,2018,5,Maximum,15,330,B13
Cox's Bazar,2018,6,Maximum,15,180,B13
Cox's Bazar,2018,7,Maximum,12,120,B13
Cox's Bazar,2018,8,Maximum,12,180,B13
Cox's Bazar,2018,9,Maximum,21,60,B13
Cox's Bazar,2018,10,Maximum,10,330,B13
Cox's Bazar,2018,11,Maximum,9,330,B13
Cox's Bazar,2018,12,Maximum,10,300,B13
Cox's Bazar,2019,1,Maximum,6,330,B13
Cox's Bazar,2019,2,Maximum,7.5,360,B13
Cox's Bazar,2019,3,Maximum,5,150,B13
Cox's Bazar,2019,4,Maximum,6,360,B13
Cox's Bazar,2019,5,Maximum,7,180,B13
Cox's Bazar,2019,6,Maximum,7.5,40,B13
Cox's Bazar,2019,7,Maximum,7.5,150,B13
Cox's Bazar,2019,8,Maximum,5,150,B13
Cox's Bazar,2019,9,Maximum,6,180,B13
Cox's Bazar,2019,10,Maximum,3.5,300,B13
Cox's Bazar,2019,11,Maximum,5,150,B13
Cox's Bazar,2019,12,Maximum,18,20,B13
Cox's Bazar,2020,1,Maximum,5,360,B13
Cox's Bazar,2020,2,Maximum,5.5,360,B13
Cox's Bazar,2020,3,Maximum,5,360,B13
Cox's Bazar,2020,4,Maximum,6,360,B13
Cox's Bazar,2020,5,Maximum,15,180,B13
Cox's Bazar,2020,6,Maximum,5,180,B13
Cox's Bazar,2020,7,Maximum,5,180,B13
Cox's Bazar,2020,8,Maximum,5,150,B13
Cox's Bazar,2020,9,Maximum,5,180,B13
Cox's Bazar,2020,10,Maximum,6,30,B13
Cox's Bazar,2020,11,Maximum,4.5,360,B13
Cox's Bazar,2020,12,Maximum,5,360,B13
Cox's Bazar,2021,1,Maximum,6,300,B13
Cox's Bazar,2021,2,Maximum,5,360,B13
Cox's Bazar,2021,3,Maximum,5,180,B13
Cox's Bazar,2021,4,Maximum,7.5,330,B13
Cox's Bazar,2021,5,Maximum,5,130,B13
Cox's Bazar,2021,6,Maximum,6,150,B13
Cox's Bazar,2021,7,Maximum,7.5,180,B13
Cox's Bazar,2021,8,Maximum,4,170,B13
Cox's Bazar,2021,9,Maximum,6,150,B13
Cox's Bazar,2021,10,Maximum,6.5,150,B13
Cox's Bazar,2021,11,Maximum,6,300,B13
Cox's Bazar,2021,12,Maximum,7,330,B13
Cox's Bazar,2022,1,Maximum,5,330,B13
Cox's Bazar,2022,2,Maximum,7.5,360,B13
Cox's Bazar,2022,3,Maximum,7,300,B13
Cox's Bazar,2022,4,Maximum,5,180,B13
Cox's Bazar,2022,5,Maximum,7.5,330,B13
Cox's Bazar,2022,6,Maximum,6,180,B13
Cox's Bazar,2022,7,Maximum,5,150,B13
Cox's Bazar,2022,8,Maximum,6,150,B13
Cox's Bazar,2022,9,Maximum,6,150,B13
Cox's Bazar,2022,10,Maximum,10,150,B13
Cox's Bazar,2022,11,Maximum,5,330,B13
Cox's Bazar,2022,12,Maximum,4,360,B13
Cox's Bazar,2023,1,Maximum,5,300,B13
Cox's Bazar,2023,2,Maximum,6,330,B13
Cox's Bazar,2023,3,Maximum,6,330,B13
Cox's Bazar,2023,4,Maximum,6,270,B13
Cox's Bazar,2023,5,Maximum,9,330,B13
Cox's Bazar,2023,6,Maximum,7.5,250,B13
Cox's Bazar,2023,7,Maximum,5,180,B13
Cox's Bazar,2023,8,Maximum,5,180,B13
Cox's Bazar,2023,9,Maximum,4.5,180,B13
Cox's Bazar,2023,10,Maximum,5.5,150,B13
Cox's Bazar,2023,11,Maximum,6,150,B13
Cox's Bazar,2023,12,Maximum,5,360,B13
Cox's Bazar,2024,1,Maximum,5,280,B13
Cox's Bazar,2024,2,Maximum,7.5,330,B13
Cox's Bazar,2024,3,Maximum,5,330,B13
Cox's Bazar,2024,4,Maximum,5.5,360,B13
Cox's Bazar,2024,5,Maximum,13.5,180,B13
Cox's Bazar,2024,6,Maximum,6,180,B13
Teknaf,2017,1,Maximum,14,360,B13
Teknaf,2017,2,Maximum,12,310,B13
Teknaf,2017,3,Maximum,22,280,B13
Teknaf,2017,4,Maximum,10,320,B13
Teknaf,2017,5,Maximum,63,180,B13
Teknaf,2017,6,Maximum,20,230,B13
Teknaf,2017,7,Maximum,7,210,B13
Teknaf,2017,8,Maximum,22,20,B13
Teknaf,2017,9,Maximum,8,310,B13
Teknaf,2017,10,Maximum,15,260,B13
Teknaf,2017,11,Maximum,5,210,B13
Teknaf,2017,12,Maximum,5,250,B13
Teknaf,2018,1,Maximum,7,230,B13
Teknaf,2018,2,Maximum,7,310,B13
Teknaf,2018,3,Maximum,7,310,B13
Teknaf,2018,4,Maximum,12,160,B13
Teknaf,2018,5,Maximum,12,30,B13
Teknaf,2018,6,Maximum,13,20,B13
Teknaf,2018,7,Maximum,10,230,B13
Teknaf,2018,8,Maximum,6,80,B13
Teknaf,2018,9,Maximum,12,20,B13
Teknaf,2018,10,Maximum,5,60,B13
Teknaf,2018,11,Maximum,6,80,B13
Teknaf,2018,12,Maximum,8,60,B13
Teknaf,2019,1,Maximum,6,40,B13
Teknaf,2019,2,Maximum,8,50,B13
Teknaf,2019,3,Maximum,7,50,B13
Teknaf,2019,4,Maximum,6,50,B13
Teknaf,2019,5,Maximum,6,100,B13
Teknaf,2019,6,Maximum,5,80,B13
Teknaf,2019,7,Maximum,12.5,40,B13
Teknaf,2019,8,Maximum,8,240,B13
Teknaf,2019,9,Maximum,3,250,B13
Teknaf,2019,10,Maximum,7.5,40,B13
Teknaf,2019,11,Maximum,4,120,B13
Teknaf,2019,12,Maximum,2.5,340,B13
Teknaf,2020,1,Maximum,5.5,100,B13
Teknaf,2020,2,Maximum,4.5,250,B13
Teknaf,2020,3,Maximum,6,340,B13
Teknaf,2020,4,Maximum,3.5,250,B13
Teknaf,2020,5,Maximum,5.5,230,B13
Teknaf,2020,6,Maximum,6,350,B13
Teknaf,2020,7,Maximum,4.5,240,B13
Teknaf,2020,8,Maximum,6.5,310,B13
Teknaf,2020,9,Maximum,2.5,240,B13
Teknaf,2020,10,Maximum,3.5,200,B13
Teknaf,2020,11,Maximum,2,250,B13
Teknaf,2020,12,Maximum,2.5,260,B13
Teknaf,2021,1,Maximum,4,200,B13
Teknaf,2021,2,Maximum,3,250,B13
Teknaf,2021,3,Maximum,4.5,160,B13
Teknaf,2021,4,Maximum,6,250,B13
Teknaf,2021,5,Maximum,10,230,B13
Teknaf,2021,6,Maximum,1.5,150,B13
Teknaf,2021,7,Maximum,3,50,B13
Teknaf,2021,8,Maximum,1.5,190,B13
Teknaf,2021,9,Maximum,2,160,B13
Teknaf,2021,10,Maximum,13,10,B13
Teknaf,2021,11,Maximum,1,280,B13
Teknaf,2021,12,Maximum,2,260,B13
Teknaf,2022,1,Maximum,3,200,B13
Teknaf,2022,2,Maximum,2.5,270,B13
Teknaf,2022,3,Maximum,3.5,260,B13
Teknaf,2022,4,Maximum,3,250,B13
Teknaf,2022,5,Maximum,2.5,180,B13
Teknaf,2022,6,Maximum,2,160,B13
Teknaf,2022,7,Maximum,3.5,90,B13
Teknaf,2022,8,Maximum,6,160,B13
Teknaf,2022,9,Maximum,2,140,B13
Teknaf,2022,10,Maximum,12,150,B13
Teknaf,2022,11,Maximum,1.5,320,B13
Teknaf,2022,12,Maximum,2,320,B13
Teknaf,2023,1,Maximum,2.5,290,B13
Teknaf,2023,2,Maximum,1.5,280,B13
Teknaf,2023,3,Maximum,2,270,B13
Teknaf,2023,4,Maximum,2,320,B13
Teknaf,2023,5,Maximum,25,20,B13
Teknaf,2023,6,Maximum,7.5,240,B13
Teknaf,2023,7,Maximum,4,190,B13
Teknaf,2023,8,Maximum,0,0,B13
Teknaf,2023,9,Maximum,0,0,B13
Teknaf,2023,10,Maximum,0,0,B13
Teknaf,2023,11,Maximum,0,0,B13
Teknaf,2023,12,Maximum,0,0,B13
Rangamati,2017,1,Maximum,3,360,B13
Rangamati,2017,2,Maximum,3,180,B13
Rangamati,2017,3,Maximum,4,200,B13
Rangamati,2017,4,Maximum,5,50,B13
Rangamati,2017,5,Maximum,20,130,B13
Rangamati,2017,6,Maximum,6,210,B13
Rangamati,2017,7,Maximum,2,130,B13
Rangamati,2017,8,Maximum,3,160,B13
Rangamati,2017,9,Maximum,3,90,B13
Rangamati,2017,10,Maximum,3,150,B13
Rangamati,2017,11,Maximum,2,50,B13
Rangamati,2017,12,Maximum,2,90,B13
Rangamati,2018,1,Maximum,2,310,B13
Rangamati,2018,2,Maximum,2,130,B13
Rangamati,2018,3,Maximum,3,270,B13
Rangamati,2018,4,Maximum,4,180,B13
Rangamati,2018,5,Maximum,3,220,B13
Rangamati,2018,6,Maximum,3,150,B13
Rangamati,2018,7,Maximum,3,130,B13
Rangamati,2018,8,Maximum,3,180,B13
Rangamati,2018,9,Maximum,3,130,B13
Rangamati,2018,10,Maximum,3,270,B13
Rangamati,2018,11,Maximum,3,330,B13
Rangamati,2018,12,Maximum,2,360,B13
Rangamati,2019,1,Maximum,1,360,B13
Rangamati,2019,2,Maximum,3,180,B13
Rangamati,2019,3,Maximum,2,280,B13
Rangamati,2019,4,Maximum,2,230,B13
Rangamati,2019,5,Maximum,9,210,B13
Rangamati,2019,6,Maximum,1.5,170,B13
Rangamati,2019,7,Maximum,2.5,70,B13
Rangamati,2019,8,Maximum,1,240,B13
Rangamati,2019,9,Maximum,5,170,B13
Rangamati,2019,10,Maximum,1,130,B13
Rangamati,2019,11,Maximum,1.5,200,B13
Rangamati,2019,12,Maximum,1,50,B13
Rangamati,2020,1,Maximum,1,310,B13
Rangamati,2020,2,Maximum,1,90,B13
Rangamati,2020,3,Maximum,1.5,50,B13
Rangamati,2020,4,Maximum,1.5,170,B13
Rangamati,2020,5,Maximum,2.5,180,B13
Rangamati,2020,6,Maximum,1.5,180,B13
Rangamati,2020,7,Maximum,1.5,160,B13
Rangamati,2020,8,Maximum,1.5,180,B13
Rangamati,2020,9,Maximum,1.5,90,B13
Rangamati,2020,10,Maximum,1.5,180,B13
Rangamati,2020,11,Maximum,0.5,350,B13
Rangamati,2020,12,Maximum,1,360,B13
Rangamati,2021,1,Maximum,1,130,B13
Rangamati,2021,2,Maximum,1.5,360,B13
Rangamati,2021,3,Maximum,1.5,180,B13
Rangamati,2021,4,Maximum,1.5,210,B13
Rangamati,2021,5,Maximum,2.5,180,B13
Rangamati,2021,6,Maximum,1.5,120,B13
Rangamati,2021,7,Maximum,1.5,180,B13
Rangamati,2021,8,Maximum,1.5,180,B13
Rangamati,2021,9,Maximum,1,130,B13
Rangamati,2021,10,Maximum,1.5,90,B13
Rangamati,2021,11,Maximum,1,310,B13
Rangamati,2021,12,Maximum,1,130,B13
Rangamati,2022,1,Maximum,6.5,10,B13
Rangamati,2022,2,Maximum,1.5,270,B13
Rangamati,2022,3,Maximum,1.5,120,B13
Rangamati,2022,4,Maximum,1.5,180,B13
Rangamati,2022,5,Maximum,1.5,180,B13
Rangamati,2022,6,Maximum,1,180,B13
Rangamati,2022,7,Maximum,6,10,B13
Rangamati,2022,8,Maximum,1.5,180,B13
Rangamati,2022,9,Maximum,1.5,150,B13
Rangamati,2022,10,Maximum,5,170,B13
Rangamati,2022,11,Maximum,1,50,B13
Rangamati,2022,12,Maximum,4,0,B13
Rangamati,2023,1,Maximum,0.5,90,B13
Rangamati,2023,2,Maximum,6.5,10,B13
Rangamati,2023,3,Maximum,5.5,120,B13
Rangamati,2023,4,Maximum,10.5,20,B13
Rangamati,2023,5,Maximum,1.5,90,B13
Rangamati,2023,6,Maximum,1,180,B13
Rangamati,2023,7,Maximum,1,180,B13
Rangamati,2023,8,Maximum,1.5,90,B13
Rangamati,2023,9,Maximum,1,90,B13
Rangamati,2023,10,Maximum,1,140,B13
Rangamati,2023,11,Maximum,3,150,B13
Rangamati,2023,12,Maximum,1,90,B13
Rangamati,2024,1,Maximum,1,90,B13
Rangamati,2024,2,Maximum,1,90,B13
Rangamati,2024,3,Maximum,1.5,50,B13
Rangamati,2024,4,Maximum,1.5,180,B13
Rangamati,2024,5,Maximum,3.5,180,B13
Rangamati,2024,6,Maximum,5.5,120,B13
Patuakhali,2017,1,Maximum,8,360,B13
Patuakhali,2017,2,Maximum,8,180,B13
Patuakhali,2017,3,Maximum,16,220,B13
Patuakhali,2017,4,Maximum,12,170,B13
Patuakhali,2017,5,Maximum,6,360,B13
Patuakhali,2017,6,Maximum,15,190,B13
Patuakhali,2017,7,Maximum,7,180,B13
Patuakhali,2017,8,Maximum,12,160,B13
Patuakhali,2017,9,Maximum,6,180,B13
Patuakhali,2017,10,Maximum,16,160,B13
Patuakhali,2017,11,Maximum,4,230,B13
Patuakhali,2017,12,Maximum,6,140,B13
Patuakhali,2018,1,Maximum,4,270,B13
Patuakhali,2018,2,Maximum,6,180,B13
Patuakhali,2018,3,Maximum,12,200,B13
Patuakhali,2018,4,Maximum,15,270,B13
Patuakhali,2018,5,Maximum,12,320,B13
Patuakhali,2018,6,Maximum,9,180,B13
Patuakhali,2018,7,Maximum,7,140,B13
Patuakhali,2018,8,Maximum,8,160,B13
Patuakhali,2018,9,Maximum,12,90,B13
Patuakhali,2018,10,Maximum,7,50,B13
Patuakhali,2018,11,Maximum,5,180,B13
Patuakhali,2018,12,Maximum,8,320,B13
Patuakhali,2019,1,Maximum,3,320,B13
Patuakhali,2019,2,Maximum,3,290,B13
Patuakhali,2019,3,Maximum,4,360,B13
Patuakhali,2019,4,Maximum,4,360,B13
Patuakhali,2019,5,Maximum,18,180,B13
Patuakhali,2019,6,Maximum,2,180,B13
Patuakhali,2019,7,Maximum,4,180,B13
Patuakhali,2019,8,Maximum,7,180,B13
Patuakhali,2019,9,Maximum,2,180,B13
Patuakhali,2019,10,Maximum,4,360,B13
Patuakhali,2019,11,Maximum,17.5,150,B13
Patuakhali,2019,12,Maximum,3,320,B13
Patuakhali,2020,1,Maximum,4,330,B13
Patuakhali,2020,2,Maximum,2.5,320,B13
Patuakhali,2020,3,Maximum,4.5,320,B13
Patuakhali,2020,4,Maximum,3,180,B13
Patuakhali,2020,5,Maximum,27.5,150,B13
Patuakhali,2020,6,Maximum,4,330,B13
Patuakhali,2020,7,Maximum,6,180,B13
Patuakhali,2020,8,Maximum,4,170,B13
Patuakhali,2020,9,Maximum,3,180,B13
Patuakhali,2020,10,Maximum,8,140,B13
Patuakhali,2020,11,Maximum,2,360,B13
Patuakhali,2020,12,Maximum,3,360,B13
Patuakhali,2021,1,Maximum,2,360,B13
Patuakhali,2021,2,Maximum,4,360,B13
Patuakhali,2021,3,Maximum,5,180,B13
Patuakhali,2021,4,Maximum,6,310,B13
Patuakhali,2021,5,Maximum,7.5,140,B13
Patuakhali,2021,6,Maximum,5,270,B13
Patuakhali,2021,7,Maximum,6,180,B13
Patuakhali,2021,8,Maximum,3,180,B13
Patuakhali,2021,9,Maximum,3,180,B13
Patuakhali,2021,10,Maximum,3,150,B13
Patuakhali,2021,11,Maximum,1.5,360,B13
Patuakhali,2021,12,Maximum,6,360,B13
Patuakhali,2022,1,Maximum,4,360,B13
Patuakhali,2022,2,Maximum,6,360,B13
Patuakhali,2022,3,Maximum,5,180,B13
Patuakhali,2022,4,Maximum,5,180,B13
Patuakhali,2022,5,Maximum,6,180,B13
Patuakhali,2022,6,Maximum,4,150,B13
Patuakhali,2022,7,Maximum,4.5,90,B13
Patuakhali,2022,8,Maximum,7,150,B13
Patuakhali,2022,9,Maximum,3,160,B13
Patuakhali,2022,10,Maximum,20,260,B13
Patuakhali,2022,11,Maximum,4,330,B13
Patuakhali,2022,12,Maximum,5,330,B13
Patuakhali,2023,1,Maximum,6,310,B13
Patuakhali,2023,2,Maximum,5,160,B13
Patuakhali,2023,3,Maximum,6,270,B13
Patuakhali,2023,4,Maximum,4,360,B13
Patuakhali,2023,5,Maximum,5,50,B13
Patuakhali,2023,6,Maximum,6,180,B13
Patuakhali,2023,7,Maximum,5,180,B13
Patuakhali,2023,8,Maximum,6,90,B13
Patuakhali,2023,9,Maximum,5,210,B13
Patuakhali,2023,10,Maximum,3.5,50,B13
Patuakhali,2023,11,Maximum,22.5,320,B13
Patuakhali,2023,12,Maximum,4,300,B13
Patuakhali,2024,1,Maximum,3,360,B13
Patuakhali,2024,2,Maximum,3,180,B13
Patuakhali,2024,3,Maximum,2.5,230,B13
Patuakhali,2024,4,Maximum,4.5,50,B13
Patuakhali,2024,5,Maximum,8,90,B13
Khepupara,2015,1,Maximum,4,320,B13
Khepupara,2015,2,Maximum,10,90,B13
Khepupara,2015,3,Maximum,12,360,B13
Khepupara,2015,4,Maximum,17,130,B13
Khepupara,2015,5,Maximum,13,360,B13
Khepupara,2015,6,Maximum,12,180,B13
Khepupara,2015,7,Maximum,11,140,B13
Khepupara,2015,8,Maximum,12,180,B13
Khepupara,2015,9,Maximum,13,140,B13
Khepupara,2015,10,Maximum,8,180,B13
Khepupara,2015,11,Maximum,3,50,B13
Khepupara,2015,12,Maximum,4,360,B13
Khepupara,2016,1,Maximum,4,360,B13
Khepupara,2016,2,Maximum,6,180,B13
Khepupara,2016,3,Maximum,10,90,B13
Khepupara,2016,4,Maximum,12,230,B13
Khepupara,2016,5,Maximum,20,180,B13
Khepupara,2016,6,Maximum,14,310,B13
Khepupara,2016,7,Maximum,14,230,B13
Khepupara,2016,8,Maximum,15,180,B13
Khepupara,2016,9,Maximum,6,200,B13
Khepupara,2016,10,Maximum,5,140,B13
Khepupara,2016,11,Maximum,8,360,B13
Khepupara,2016,12,Maximum,4,360,B13
Khepupara,2017,1,Maximum,8,360,B13
Khepupara,2017,2,Maximum,8,180,B13
Khepupara,2017,3,Maximum,11,180,B13
Khepupara,2017,4,Maximum,14,180,B13
Khepupara,2017,5,Maximum,12,360,B13
Khepupara,2017,6,Maximum,15,90,B13
Khepupara,2017,7,Maximum,13,180,B13
Khepupara,2017,8,Maximum,13,150,B13
Khepupara,2017,9,Maximum,6,220,B13
Khepupara,2017,10,Maximum,25,220,B13
Khepupara,2017,11,Maximum,5,310,B13
Khepupara,2017,12,Maximum,10,180,B13
Khepupara,2018,1,Maximum,6,290,B13
Khepupara,2018,2,Maximum,8,290,B13
Khepupara,2018,3,Maximum,20,310,B13
Khepupara,2018,4,Maximum,15,180,B13
Khepupara,2018,5,Maximum,17,220,B13
Khepupara,2018,6,Maximum,14,180,B13
Khepupara,2018,7,Maximum,15,180,B13
Khepupara,2018,8,Maximum,15,150,B13
Khepupara,2018,9,Maximum,13,130,B13
Khepupara,2018,10,Maximum,9,310,B13
Khepupara,2018,11,Maximum,2,360,B13
Khepupara,2018,12,Maximum,6,360,B13
Khepupara,2019,1,Maximum,6,360,B13
Khepupara,2019,2,Maximum,6,310,B13
Khepupara,2019,3,Maximum,7.5,290,B13
Khepupara,2019,4,Maximum,7,180,B13
Khepupara,2019,5,Maximum,11.5,130,B13
Khepupara,2019,6,Maximum,6.5,180,B13
Khepupara,2019,7,Maximum,6,150,B13
Khepupara,2019,8,Maximum,8,150,B13
Khepupara,2019,9,Maximum,8,230,B13
Khepupara,2019,10,Maximum,3.5,50,B13
Khepupara,2019,11,Maximum,10,220,B13
Khepupara,2019,12,Maximum,3,140,B13
Khepupara,2020,1,Maximum,3,310,B13
Khepupara,2020,2,Maximum,3.5,360,B13
Khepupara,2020,3,Maximum,4,360,B13
Khepupara,2020,4,Maximum,7,310,B13
Khepupara,2020,5,Maximum,20,130,B13
Khepupara,2020,6,Maximum,5,220,B13
Khepupara,2020,7,Maximum,5.5,220,B13
Khepupara,2020,8,Maximum,7,230,B13
Khepupara,2020,9,Maximum,5,360,B13
Khepupara,2020,10,Maximum,7.5,150,B13
Khepupara,2020,11,Maximum,2.5,140,B13
Khepupara,2020,12,Maximum,1.5,360,B13
Khepupara,2021,1,Maximum,3,360,B13
Khepupara,2021,2,Maximum,15.5,40,B13
Khepupara,2021,3,Maximum,6.5,180,B13
Khepupara,2021,4,Maximum,11.5,10,B13
Khepupara,2021,5,Maximum,8,130,B13
Khepupara,2021,6,Maximum,4.5,310,B13
Khepupara,2021,7,Maximum,6,180,B13
Khepupara,2021,8,Maximum,4,180,B13
Khepupara,2021,9,Maximum,6.5,130,B13
Khepupara,2021,10,Maximum,6,130,B13
Khepupara,2021,11,Maximum,2,360,B13
Khepupara,2021,12,Maximum,2.5,360,B13
Khepupara,2022,1,Maximum,3,360,B13
Khepupara,2022,2,Maximum,4.5,360,B13
Khepupara,2022,3,Maximum,18,20,B13
Khepupara,2022,4,Maximum,11.5,40,B13
Khepupara,2022,5,Maximum,5,180,B13
Khepupara,2022,6,Maximum,11.5,20,B13
Khepupara,2022,7,Maximum,5,140,B13
Khepupara,2022,8,Maximum,10.5,220,B13
Khepupara,2022,9,Maximum,5,100,B13
Khepupara,2022,10,Maximum,8,360,B13
Khepupara,2022,11,Maximum,2.5,350,B13
Khepupara,2022,12,Maximum,1,290,B13
Khepupara,2023,1,Maximum,2,360,B13
Khepupara,2023,2,Maximum,3,230,B13
Khepupara,2023,3,Maximum,5,270,B13
Khepupara,2023,4,Maximum,3,360,B13
Khepupara,2023,5,Maximum,5.5,180,B13
Khepupara,2023,6,Maximum,6,230,B13
Khepupara,2023,7,Maximum,4,130,B13
Khepupara,2023,8,Maximum,8,130,B13
Khepupara,2023,9,Maximum,4,360,B13
Khepupara,2023,10,Maximum,4,180,B13
Khepupara,2023,11,Maximum,8,130,B13
Khepupara,2023,12,Maximum,2,360,B13
Khepupara,2024,1,Maximum,3,360,B13
Khepupara,2024,2,Maximum,3,180,B13
Khepupara,2024,3,Maximum,2.5,230,B13
Khepupara,2024,4,Maximum,4.5,50,B13
Khepupara,2024,5,Maximum,8,90,B13
Sayedpur,2017,1,Maximum,12,270,B13
Sayedpur,2017,2,Maximum,15,270,B13
Sayedpur,2017,3,Maximum,10,270,B13
Sayedpur,2017,4,Maximum,10,30,B13
Sayedpur,2017,5,Maximum,12,360,B13
Sayedpur,2017,6,Maximum,10,180,B13
Sayedpur,2017,7,Maximum,15,90,B13
Sayedpur,2017,8,Maximum,10,210,B13
Sayedpur,2017,9,Maximum,10,180,B13
Sayedpur,2017,10,Maximum,10,60,B13
Sayedpur,2017,11,Maximum,10,10,B13
Sayedpur,2017,12,Maximum,10,270,B13
Sayedpur,2018,1,Maximum,14,270,B13
Sayedpur,2018,2,Maximum,14,270,B13
Sayedpur,2018,3,Maximum,18,240,B13
Sayedpur,2018,4,Maximum,15,80,B13
Sayedpur,2018,5,Maximum,12,60,B13
Sayedpur,2018,6,Maximum,10,120,B13
Sayedpur,2018,7,Maximum,12,120,B13
Sayedpur,2018,8,Maximum,10,270,B13
Sayedpur,2018,9,Maximum,10,90,B13
Sayedpur,2018,10,Maximum,8,80,B13
Sayedpur,2018,11,Maximum,13,240,B13
Sayedpur,2018,12,Maximum,8,360,B13
Sayedpur,2019,1,Maximum,5,270,B13
Sayedpur,2019,2,Maximum,6.5,250,B13
Sayedpur,2019,3,Maximum,7.5,240,B13
Sayedpur,2019,4,Maximum,6,280,B13
Sayedpur,2019,5,Maximum,9,70,B13
Sayedpur,2019,6,Maximum,5,210,B13
Sayedpur,2019,7,Maximum,6,150,B13
Sayedpur,2019,8,Maximum,6,150,B13
Sayedpur,2019,9,Maximum,5,270,B13
Sayedpur,2019,10,Maximum,9,50,B13
Sayedpur,2019,11,Maximum,13.5,40,B13
Sayedpur,2019,12,Maximum,6,270,B13
Sayedpur,2020,1,Maximum,13.5,60,B13
Sayedpur,2020,2,Maximum,5,270,B13
Sayedpur,2020,3,Maximum,7.5,270,B13
Sayedpur,2020,4,Maximum,5,270,B13
Sayedpur,2020,5,Maximum,7.5,350,B13
Sayedpur,2020,6,Maximum,5.5,340,B13
Sayedpur,2020,7,Maximum,5,180,B13
Sayedpur,2020,8,Maximum,6.5,180,B13
Sayedpur,2020,9,Maximum,5,90,B13
Sayedpur,2020,10,Maximum,6,50,B13
Sayedpur,2020,11,Maximum,5,270,B13
Sayedpur,2020,12,Maximum,6,270,B13
Sayedpur,2021,1,Maximum,5,270,B13
Sayedpur,2021,2,Maximum,5,270,B13
Sayedpur,2021,3,Maximum,7.5,270,B13
Sayedpur,2021,4,Maximum,7.5,270,B13
Sayedpur,2021,5,Maximum,5,90,B13
Sayedpur,2021,6,Maximum,7.5,180,B13
Sayedpur,2021,7,Maximum,5,90,B13
Sayedpur,2021,8,Maximum,6,270,B13
Sayedpur,2021,9,Maximum,7.5,120,B13
Sayedpur,2021,10,Maximum,4.5,40,B13
Sayedpur,2021,11,Maximum,4,40,B13
Sayedpur,2021,12,Maximum,5,220,B13
Sayedpur,2022,1,Maximum,7.5,270,B13
Sayedpur,2022,2,Maximum,9,90,B13
Sayedpur,2022,3,Maximum,6,180,B13
Sayedpur,2022,4,Maximum,7.5,50,B13
Sayedpur,2022,5,Maximum,6,90,B13
Sayedpur,2022,6,Maximum,9,100,B13
Sayedpur,2022,7,Maximum,5,150,B13
Sayedpur,2022,8,Maximum,11,180,B13
Sayedpur,2022,9,Maximum,6,90,B13
Sayedpur,2022,10,Maximum,7.5,50,B13
Sayedpur,2022,11,Maximum,5,60,B13
Sayedpur,2022,12,Maximum,5,270,B13
Sayedpur,2023,1,Maximum,6,270,B13
Sayedpur,2023,2,Maximum,9,50,B13
Sayedpur,2023,3,Maximum,5,30,B13
Sayedpur,2023,4,Maximum,18,50,B13
Sayedpur,2023,5,Maximum,7.5,90,B13
Sayedpur,2023,6,Maximum,7,310,B13
Sayedpur,2023,7,Maximum,8,320,B13
Sayedpur,2023,8,Maximum,6,120,B13
Sayedpur,2023,9,Maximum,6,270,B13
Sayedpur,2023,10,Maximum,9,40,B13
Sayedpur,2023,11,Maximum,13.5,,B13
Sayedpur,2024,1,Maximum,4,270,B13
Sayedpur,2024,2,Maximum,5,270,B13
Sayedpur,2024,3,Maximum,5,90,B13
Sayedpur,2024,4,Maximum,5,240,B13
Sayedpur,2024,5,Maximum,7.5,90,B13
Sayedpur,2024,6,Maximum,4,120,B13
Tangail,2017,1,Maximum,4,310,B13
Tangail,2017,2,Maximum,5,180,B13
Tangail,2017,3,Maximum,5,130,B13
Tangail,2017,4,Maximum,10,310,B13
Tangail,2017,5,Maximum,6,180,B13
Tangail,2017,6,Maximum,4,130,B13
Tangail,2017,7,Maximum,6,160,B13
Tangail,2017,8,Maximum,4,130,B13
Tangail,2017,9,Maximum,6,130,B13
Tangail,2017,10,Maximum,10,90,B13
Tangail,2017,11,Maximum,4,360,B13
Tangail,2017,12,Maximum,2,140,B13
Tangail,2018,1,Maximum,3,310,B13
Tangail,2018,2,Maximum,10,130,B13
Tangail,2018,3,Maximum,6,320,B13
Tangail,2018,4,Maximum,8,130,B13
Tangail,2018,5,Maximum,12,310,B13
Tangail,2018,6,Maximum,8,130,B13
Tangail,2018,7,Maximum,6,130,B13
Tangail,2018,8,Maximum,6,130,B13
Tangail,2018,9,Maximum,8,130,B13
Tangail,2018,10,Maximum,5,310,B13
Tangail,2018,11,Maximum,6,270,B13
Tangail,2018,12,Maximum,3,310,B13
Tangail,2019,1,Maximum,2,270,B13
Tangail,2019,2,Maximum,3,180,B13
Tangail,2019,3,Maximum,3,270,B13
Tangail,2019,4,Maximum,3.5,130,B13
Tangail,2019,5,Maximum,5,130,B13
Tangail,2019,6,Maximum,3,90,B13
Tangail,2019,7,Maximum,4,230,B13
Tangail,2019,8,Maximum,4,90,B13
Tangail,2019,9,Maximum,4,130,B13
Tangail,2019,10,Maximum,2,90,B13
Tangail,2019,11,Maximum,3,40,B13
Tangail,2019,12,Maximum,2,310,B13
Tangail,2020,1,Maximum,1,360,B13
Tangail,2020,2,Maximum,2,270,B13
Tangail,2020,3,Maximum,3,310,B13
Tangail,2020,4,Maximum,6,270,B13
Tangail,2020,5,Maximum,6,90,B13
Tangail,2020,6,Maximum,3,130,B13
Tangail,2020,7,Maximum,3,130,B13
Tangail,2020,8,Maximum,3,130,B13
Tangail,2020,9,Maximum,2,130,B13
Tangail,2020,10,Maximum,3,130,B13
Tangail,2020,11,Maximum,1,310,B13
Tangail,2020,12,Maximum,1,270,B13
Tangail,2021,1,Maximum,1,310,B13
Tangail,2021,2,Maximum,2,310,B13
Tangail,2021,3,Maximum,2.5,130,B13
Tangail,2021,4,Maximum,4.5,90,B13
Tangail,2021,5,Maximum,4,130,B13
Tangail,2021,6,Maximum,3,180,B13
Tangail,2021,7,Maximum,4,130,B13
Tangail,2021,8,Maximum,3,130,B13
Tangail,2021,9,Maximum,2,90,B13
Tangail,2021,10,Maximum,3,90,B13
Tangail,2021,11,Maximum,1,180,B13
Tangail,2021,12,Maximum,2,50,B13
Tangail,2022,1,Maximum,1,310,B13
Tangail,2022,2,Maximum,3,220,B13
Tangail,2022,3,Maximum,3,130,B13
Tangail,2022,4,Maximum,7,310,B13
Tangail,2022,5,Maximum,3,130,B13
Tangail,2022,6,Maximum,3,130,B13
Tangail,2022,7,Maximum,2,130,B13
Tangail,2022,8,Maximum,3,130,B13
Tangail,2022,9,Maximum,2,180,B13
Tangail,2022,10,Maximum,4,50,B13
Tangail,2022,11,Maximum,1,310,B13
Tangail,2022,12,Maximum,1,360,B13
Tangail,2023,1,Maximum,1,320,B13
Tangail,2023,2,Maximum,2,270,B13
Tangail,2023,3,Maximum,2,90,B13
Tangail,2023,4,Maximum,2,130,B13
Tangail,2023,5,Maximum,3,180,B13
Tangail,2023,6,Maximum,3,180,B13
Tangail,2023,7,Maximum,2,180,B13
Tangail,2023,8,Maximum,2,220,B13
Tangail,2023,9,Maximum,2,180,B13
Tangail,2023,10,Maximum,2,180,B13
Tangail,2023,11,Maximum,3,50,B13
Tangail,2023,12,Maximum,1,310,B13
Tangail,2024,1,Maximum,1,310,B13
Tangail,2024,2,Maximum,1,320,B13
Tangail,2024,3,Maximum,4.5,90,B13
Tangail,2024,4,Maximum,2,130,B13
Tangail,2024,5,Maximum,4,90,B13
Tangail,2024,6,Maximum,3,130,B13
Ambagan (Ctg),2017,1,Maximum,9,310,B13
Ambagan (Ctg),2017,2,Maximum,12,130,B13
Ambagan (Ctg),2017,3,Maximum,16,200,B13
Ambagan (Ctg),2017,4,Maximum,15,180,B13
Ambagan (Ctg),2017,5,Maximum,30,270,B13
Ambagan (Ctg),2017,6,Maximum,17,200,B13
Ambagan (Ctg),2017,7,Maximum,13,280,B13
Ambagan (Ctg),2017,8,Maximum,10,250,B13
Ambagan (Ctg),2017,9,Maximum,10,230,B13
Ambagan (Ctg),2017,10,Maximum,12,180,B13
Ambagan (Ctg),2017,11,Maximum,7,290,B13
Ambagan (Ctg),2017,12,Maximum,8,310,B13
Ambagan (Ctg),2018,1,Maximum,7,290,B13
Ambagan (Ctg),2018,2,Maximum,12,310,B13
Ambagan (Ctg),2018,3,Maximum,12,250,B13
Ambagan (Ctg),2018,4,Maximum,13,310,B13
Ambagan (Ctg),2018,5,Maximum,12,100,B13
Ambagan (Ctg),2018,6,Maximum,18,230,B13
Ambagan (Ctg),2018,7,Maximum,13,230,B13
Ambagan (Ctg),2018,8,Maximum,14,150,B13
Ambagan (Ctg),2018,9,Maximum,12,150,B13
Ambagan (Ctg),2018,10,Maximum,6,270,B13
Ambagan (Ctg),2018,11,Maximum,6,360,B13
Ambagan (Ctg),2018,12,Maximum,6,30,B13
Ambagan (Ctg),2019,1,Maximum,4,310,B13
Ambagan (Ctg),2019,2,Maximum,13,310,B13
Ambagan (Ctg),2019,3,Maximum,10,230,B13
Ambagan (Ctg),2019,4,Maximum,7.5,300,B13
Ambagan (Ctg),2019,5,Maximum,11,180,B13
Ambagan (Ctg),2019,6,Maximum,5,250,B13
Ambagan (Ctg),2019,7,Maximum,7.5,200,B13
Ambagan (Ctg),2019,8,Maximum,5.5,230,B13
Ambagan (Ctg),2019,9,Maximum,5,130,B13
Ambagan (Ctg),2019,10,Maximum,4,270,B13
Ambagan (Ctg),2019,11,Maximum,6,180,B13
Ambagan (Ctg),2019,12,Maximum,3,330,B13
Ambagan (Ctg),2020,1,Maximum,3,310,B13
Ambagan (Ctg),2020,2,Maximum,4,180,B13
Ambagan (Ctg),2020,3,Maximum,4,310,B13
Ambagan (Ctg),2020,4,Maximum,5,210,B13
Ambagan (Ctg),2020,5,Maximum,7.5,270,B13
Ambagan (Ctg),2020,6,Maximum,5,230,B13
Ambagan (Ctg),2020,7,Maximum,4,180,B13
Ambagan (Ctg),2020,8,Maximum,7,180,B13
Ambagan (Ctg),2020,9,Maximum,5,230,B13
Ambagan (Ctg),2020,10,Maximum,4,130,B13
Ambagan (Ctg),2020,11,Maximum,16,20,B13
Ambagan (Ctg),2020,12,Maximum,2.5,300,B13
Ambagan (Ctg),2021,1,Maximum,4,230,B13
Ambagan (Ctg),2021,2,Maximum,5,360,B13
Ambagan (Ctg),2021,3,Maximum,6,230,B13
Ambagan (Ctg),2021,4,Maximum,10,230,B13
Ambagan (Ctg),2021,5,Maximum,35,210,B13
Ambagan (Ctg),2021,6,Maximum,4,180,B13
Ambagan (Ctg),2021,7,Maximum,4,270,B13
Ambagan (Ctg),2021,8,Maximum,4.5,230,B13
Ambagan (Ctg),2021,9,Maximum,5,180,B13
Ambagan (Ctg),2021,10,Maximum,4,150,B13
Ambagan (Ctg),2021,11,Maximum,3,90,B13
Ambagan (Ctg),2021,12,Maximum,2,270,B13
Ambagan (Ctg),2022,1,Maximum,2.5,270,B13
Ambagan (Ctg),2022,2,Maximum,3,230,B13
Ambagan (Ctg),2022,3,Maximum,4.5,230,B13
Ambagan (Ctg),2022,4,Maximum,3,180,B13
Ambagan (Ctg),2022,5,Maximum,4,230,B13
Ambagan (Ctg),2022,6,Maximum,3,130,B13
Ambagan (Ctg),2022,7,Maximum,3,150,B13
Ambagan (Ctg),2022,8,Maximum,6,90,B13
Ambagan (Ctg),2022,9,Maximum,3,130,B13
Ambagan (Ctg),2022,10,Maximum,3,230,B13
Ambagan (Ctg),2022,11,Maximum,2,360,B13
Ambagan (Ctg),2022,12,Maximum,3,270,B13
Ambagan (Ctg),2023,1,Maximum,2.5,360,B13
Ambagan (Ctg),2023,2,Maximum,3,210,B13
Ambagan (Ctg),2023,3,Maximum,3,270,B13
Ambagan (Ctg),2023,4,Maximum,4,270,B13
Ambagan (Ctg),2023,5,Maximum,4,180,B13
Ambagan (Ctg),2023,6,Maximum,6,220,B13
Ambagan (Ctg),2023,7,Maximum,3.5,180,B13
Ambagan (Ctg),2023,8,Maximum,4,210,B13
Ambagan (Ctg),2023,9,Maximum,3,220,B13
Ambagan (Ctg),2023,10,Maximum,2.5,270,B13
Ambagan (Ctg),2023,11,Maximum,10,230,B13
Ambagan (Ctg),2023,12,Maximum,2,310,B13
Ambagan (Ctg),2024,1,Maximum,2,320,B13
Ambagan (Ctg),2024,2,Maximum,4.5,180,B13
Ambagan (Ctg),2024,3,Maximum,3,290,B13
Ambagan (Ctg),2024,4,Maximum,5,210,B13
Ambagan (Ctg),2024,5,Maximum,7.5,180,B13
Ambagan (Ctg),2024,6,Maximum,4,210,B13
Mongla,2017,1,Maximum,5,330,B13
Mongla,2017,2,Maximum,5,180,B13
Mongla,2017,3,Maximum,10,180,B13
Mongla,2017,4,Maximum,10,330,B13
Mongla,2017,5,Maximum,12,50,B13
Mongla,2017,6,Maximum,9,50,B13
Mongla,2017,7,Maximum,6,180,B13
Mongla,2017,8,Maximum,6,180,B13
Mongla,2017,9,Maximum,6,180,B13
Mongla,2017,10,Maximum,12,130,B13
Mongla,2017,11,Maximum,4,50,B13
Mongla,2017,12,Maximum,4,180,B13
Mongla,2018,1,Maximum,6,360,B13
Mongla,2018,2,Maximum,9,290,B13
Mongla,2018,3,Maximum,8,160,B13
Mongla,2018,4,Maximum,9,240,B13
Mongla,2018,5,Maximum,8,130,B13
Mongla,2018,6,Maximum,5,150,B13
Mongla,2018,7,Maximum,8,170,B13
Mongla,2018,8,Maximum,6,180,B13
Mongla,2018,9,Maximum,8,90,B13
Mongla,2018,10,Maximum,8,90,B13
Mongla,2018,11,Maximum,2,180,B13
Mongla,2018,12,Maximum,5,50,B13
Mongla,2019,1,Maximum,3,360,B13
Mongla,2019,2,Maximum,4,130,B13
Mongla,2019,3,Maximum,3,320,B13
Mongla,2019,4,Maximum,2.5,180,B13
Mongla,2019,5,Maximum,9,150,B13
Mongla,2019,6,Maximum,3,130,B13
Mongla,2019,7,Maximum,4.5,150,B13
Mongla,2019,8,Maximum,6,150,B13
Mongla,2019,9,Maximum,3,180,B13
Mongla,2019,10,Maximum,3,180,B13
Mongla,2019,11,Maximum,10.5,30,B13
Mongla,2019,12,Maximum,1.5,330,B13
Mongla,2020,1,Maximum,1.5,330,B13
Mongla,2020,2,Maximum,1.5,330,B13
Mongla,2020,3,Maximum,2.5,360,B13
Mongla,2020,4,Maximum,2.5,180,B13
Mongla,2020,5,Maximum,18,180,B13
Mongla,2020,6,Maximum,3,170,B13
Mongla,2020,7,Maximum,2,180,B13
Mongla,2020,8,Maximum,5,90,B13
Mongla,2020,9,Maximum,2,180,B13
Mongla,2020,10,Maximum,3,60,B13
Mongla,2020,11,Maximum,1.5,360,B13
Mongla,2020,12,Maximum,2.5,360,B13
Mongla,2021,1,Maximum,2.5,270,B13
Mongla,2021,2,Maximum,1.5,180,B13
Mongla,2021,3,Maximum,2,180,B13
Mongla,2021,4,Maximum,4,50,B13
Mongla,2021,5,Maximum,8,90,B13
Mongla,2021,6,Maximum,2,180,B13
Mongla,2021,7,Maximum,7,350,B13
Mongla,2021,8,Maximum,3,180,B13
Mongla,2021,9,Maximum,3,130,B13
Mongla,2021,10,Maximum,2.5,220,B13
Mongla,2021,11,Maximum,2,50,B13
Mongla,2021,12,Maximum,17.5,20,B13
Mongla,2022,1,Maximum,2.5,330,B13
Mongla,2022,2,Maximum,2.5,160,B13
Mongla,2022,3,Maximum,2.5,230,B13
Mongla,2022,4,Maximum,4,300,B13
Mongla,2022,5,Maximum,5,130,B13
Mongla,2022,6,Maximum,4,310,B13
Mongla,2022,7,Maximum,4,110,B13
Mongla,2022,8,Maximum,8,150,B13
Mongla,2022,9,Maximum,2.5,150,B13
Mongla,2022,10,Maximum,10.5,310,B13
Mongla,2022,11,Maximum,1.5,330,B13
Mongla,2022,12,Maximum,1.5,340,B13
Mongla,2023,1,Maximum,2,350,B13
Mongla,2023,2,Maximum,2.5,330,B13
Mongla,2023,3,Maximum,2,170,B13
Mongla,2023,4,Maximum,6,330,B13
Mongla,2023,5,Maximum,2.5,360,B13
Mongla,2023,6,Maximum,2,170,B13
Mongla,2023,7,Maximum,2.5,170,B13
Mongla,2023,8,Maximum,3,330,B13
Mongla,2023,9,Maximum,2.5,170,B13
Mongla,2023,10,Maximum,3,80,B13
Mongla,2023,11,Maximum,3.5,50,B13
Mongla,2023,12,Maximum,2.5,30,B13
Mongla,2024,1,Maximum,1.5,330,B13
Mongla,2024,2,Maximum,2.5,30,B13
Mongla,2024,3,Maximum,2,250,B13
Mongla,2024,4,Maximum,2,150,B13
Mongla,2024,5,Maximum,15.5,110,B13
Mongla,2024,6,Maximum,2.5,50,B13
Mongla,2024,7,Maximum,3,90,B13
Chuadanga,2017,1,Maximum,5,320,B13
Chuadanga,2017,2,Maximum,5,280,B13
Chuadanga,2017,3,Maximum,6,180,B13
Chuadanga,2017,4,Maximum,14,220,B13
Chuadanga,2017,5,Maximum,8,310,B13
Chuadanga,2017,6,Maximum,6,180,B13
Chuadanga,2017,7,Maximum,4,150,B13
Chuadanga,2017,8,Maximum,4,180,B13
Chuadanga,2017,9,Maximum,4,150,B13
Chuadanga,2017,10,Maximum,5,130,B13
Chuadanga,2017,11,Maximum,3,360,B13
Chuadanga,2017,12,Maximum,4,50,B13
Chuadanga,2018,1,Maximum,5,360,B13
Chuadanga,2018,2,Maximum,5,310,B13
Chuadanga,2018,3,Maximum,7,110,B13
Chuadanga,2018,4,Maximum,20,270,B13
Chuadanga,2018,5,Maximum,8,270,B13
Chuadanga,2018,6,Maximum,5,150,B13
Chuadanga,2018,7,Maximum,6,150,B13
Chuadanga,2018,8,Maximum,5,90,B13
Chuadanga,2018,9,Maximum,7,140,B13
Chuadanga,2018,10,Maximum,5,140,B13
Chuadanga,2018,11,Maximum,5,270,B13
Chuadanga,2018,12,Maximum,4,360,B13
Chuadanga,2019,1,Maximum,18,30,B13
Chuadanga,2019,2,Maximum,2.5,270,B13
Chuadanga,2019,3,Maximum,2.5,230,B13
Chuadanga,2019,4,Maximum,13.5,30,B13
Chuadanga,2019,5,Maximum,4.5,270,B13
Chuadanga,2019,6,Maximum,2.5,220,B13
Chuadanga,2019,7,Maximum,2.5,180,B13
Chuadanga,2019,8,Maximum,2.5,180,B13
Chuadanga,2019,9,Maximum,3,180,B13
Chuadanga,2019,10,Maximum,1.5,50,B13
Chuadanga,2019,11,Maximum,18,20,B13
Chuadanga,2019,12,Maximum,2.5,310,B13
Chuadanga,2020,7,Maximum,2,130,B13
Chuadanga,2020,8,Maximum,2.5,150,B13
Chuadanga,2020,9,Maximum,2,250,B13
Chuadanga,2020,10,Maximum,2,360,B13
Chuadanga,2020,11,Maximum,2,360,B13
Chuadanga,2020,12,Maximum,2,360,B13
Chuadanga,2021,7,Maximum,4,90,B13
Chuadanga,2021,8,Maximum,2.5,270,B13
Chuadanga,2021,9,Maximum,3,180,B13
Chuadanga,2021,10,Maximum,3,130,B13
Chuadanga,2021,11,Maximum,1.5,360,B13
Chuadanga,2021,12,Maximum,2,310,B13
Chuadanga,2022,7,Maximum,2.5,130,B13
Chuadanga,2022,8,Maximum,2.5,130,B13
Chuadanga,2022,9,Maximum,2.5,130,B13
Chuadanga,2022,10,Maximum,4,270,B13
Chuadanga,2022,11,Maximum,1.5,360,B13
Chuadanga,2022,12,Maximum,1.5,150,B13
Chuadanga,2023,1,Maximum,2.5,360,B13
Chuadanga,2023,2,Maximum,2.5,270,B13
Chuadanga,2023,3,Maximum,2.5,270,B13
Chuadanga,2023,4,Maximum,4,310,B13
Chuadanga,2023,5,Maximum,3,180,B13
Chuadanga,2023,6,Maximum,3,180,B13
Chuadanga,2023,7,Maximum,1.5,180,B13
Chuadanga,2023,8,Maximum,2,230,B13
Chuadanga,2023,9,Maximum,2.5,90,B13
Chuadanga,2023,10,Maximum,1.5,180,B13
Chuadanga,2023,11,Maximum,2.5,90,B13
Chuadanga,2023,12,Maximum,1.5,360,B13
Chuadanga,2024,1,Maximum,2,360,B13
Chuadanga,2024,2,Maximum,2,150,B13
Chuadanga,2024,3,Maximum,2,310,B13
Chuadanga,2024,4,Maximum,2.5,250,B13
Chuadanga,2024,5,Maximum,7,50,B13
Chuadanga,2024,6,Maximum,2.5,310,B13
Chuadanga,2024,7,Maximum,2.5,180,B13
