Station_Name,Year,Month,Humidity
Ambagan (Ctg),1999,1,71.84
Ambagan (Ctg),1999,2,69.39
Ambagan (Ctg),1999,3,76.52
Ambagan (Ctg),1999,4,84.37
Ambagan (Ctg),1999,5,83.52
Ambagan (Ctg),1999,6,88.37
Ambagan (Ctg),1999,7,90.29
Ambagan (Ctg),1999,8,87.23
Ambagan (Ctg),1999,9,90.23
Ambagan (Ctg),1999,10,86.87
Ambagan (Ctg),1999,11,81.23
Ambagan (Ctg),1999,12,83.13
Ambagan (Ctg),2000,1,74.1
Ambagan (Ctg),2000,2,62
Ambagan (Ctg),2000,3,71.61
Ambagan (Ctg),2000,4,75.7
Ambagan (Ctg),2000,5,81.06
Ambagan (Ctg),2000,6,87.73
Ambagan (Ctg),2000,7,86.97
Ambagan (Ctg),2000,8,87.55
Ambagan (Ctg),2000,9,84.27
Ambagan (Ctg),2000,10,83.42
Ambagan (Ctg),2000,11,76.77
Ambagan (Ctg),2000,12,77.35
Ambagan (Ctg),2001,1,70.74
Ambagan (Ctg),2001,2,62.21
Ambagan (Ctg),2001,3,69.19
Ambagan (Ctg),2001,4,78.13
Ambagan (Ctg),2001,5,84.1
Ambagan (Ctg),2001,6,86.17
Ambagan (Ctg),2001,7,86.29
Ambagan (Ctg),2001,8,87.32
Ambagan (Ctg),2001,9,85.23
Ambagan (Ctg),2001,10,86
Ambagan (Ctg),2001,11,78.8
Ambagan (Ctg),2001,12,72.06
Ambagan (Ctg),2002,1,65
Ambagan (Ctg),2002,2,66.82
Ambagan (Ctg),2002,3,61.9
Ambagan (Ctg),2002,4,73.1
Ambagan (Ctg),2002,5,83.19
Ambagan (Ctg),2002,6,87.47
Ambagan (Ctg),2002,7,87.13
Ambagan (Ctg),2002,8,84.13
Ambagan (Ctg),2002,9,85.1
Ambagan (Ctg),2002,10,85.23
Ambagan (Ctg),2002,11,82.97
Ambagan (Ctg),2002,12,77.1
Ambagan (Ctg),2003,1,74.23
Ambagan (Ctg),2003,2,60.89
Ambagan (Ctg),2003,3,63.48
Ambagan (Ctg),2003,4,77.4
Ambagan (Ctg),2003,5,81.97
Ambagan (Ctg),2003,6,83.9
Ambagan (Ctg),2003,7,90.13
Ambagan (Ctg),2003,8,87.32
Ambagan (Ctg),2003,9,82.5
Ambagan (Ctg),2003,10,81.71
Ambagan (Ctg),2003,11,81.97
Ambagan (Ctg),2003,12,76.06
Ambagan (Ctg),2004,1,75.26
Ambagan (Ctg),2004,2,67.39
Ambagan (Ctg),2004,3,73.26
Ambagan (Ctg),2004,4,77
Ambagan (Ctg),2004,5,80.29
Ambagan (Ctg),2004,6,89.23
Ambagan (Ctg),2004,7,84.74
Ambagan (Ctg),2004,8,84.1
Ambagan (Ctg),2004,9,84.27
Ambagan (Ctg),2004,10,84.48
Ambagan (Ctg),2004,11,74.8
Ambagan (Ctg),2004,12,77.48
Ambagan (Ctg),2005,1,78.74
Ambagan (Ctg),2005,2,65.46
Ambagan (Ctg),2005,3,76.16
Ambagan (Ctg),2005,4,78.93
Ambagan (Ctg),2005,5,79.29
Ambagan (Ctg),2005,6,84.7
Ambagan (Ctg),2005,7,87.13
Ambagan (Ctg),2005,8,84.58
Ambagan (Ctg),2005,9,86.97
Ambagan (Ctg),2005,10,83.13
Ambagan (Ctg),2005,11,76.63
Ambagan (Ctg),2005,12,75
Ambagan (Ctg),2006,1,69.65
Ambagan (Ctg),2006,2,66.21
Ambagan (Ctg),2006,3,76.45
Ambagan (Ctg),2006,4,75.67
Ambagan (Ctg),2006,5,77
Ambagan (Ctg),2006,6,82.9
Ambagan (Ctg),2006,7,86.39
Ambagan (Ctg),2006,8,90.42
Ambagan (Ctg),2006,9,86.47
Ambagan (Ctg),2006,10,86.19
Ambagan (Ctg),2006,11,82.1
Ambagan (Ctg),2006,12,79.55
Ambagan (Ctg),2007,1,76.26
Ambagan (Ctg),2007,2,77.82
Ambagan (Ctg),2007,3,66.55
Ambagan (Ctg),2007,4,74.97
Ambagan (Ctg),2007,5,83.48
Ambagan (Ctg),2007,6,89
Ambagan (Ctg),2007,7,87.26
Ambagan (Ctg),2007,8,81.29
Ambagan (Ctg),2007,9,84.67
Ambagan (Ctg),2007,10,83.68
Ambagan (Ctg),2007,11,78.03
Ambagan (Ctg),2007,12,75.84
Ambagan (Ctg),2008,1,73.16
Ambagan (Ctg),2008,2,73.82
Ambagan (Ctg),2008,3,64.68
Ambagan (Ctg),2008,4,80.43
Ambagan (Ctg),2008,5,82.71
Ambagan (Ctg),2008,6,87.27
Ambagan (Ctg),2008,7,89.94
Ambagan (Ctg),2008,8,85.35
Ambagan (Ctg),2008,9,87.17
Ambagan (Ctg),2008,10,85.13
Ambagan (Ctg),2008,11,83.77
Ambagan (Ctg),2008,12,76.45
Ambagan (Ctg),2009,1,76.03
Ambagan (Ctg),2009,2,69.21
Ambagan (Ctg),2009,3,79.19
Ambagan (Ctg),2009,4,74.4
Ambagan (Ctg),2009,5,78.48
Ambagan (Ctg),2009,6,83.93
Ambagan (Ctg),2009,7,87.35
Ambagan (Ctg),2009,8,86.26
Ambagan (Ctg),2009,9,84.97
Ambagan (Ctg),2009,10,84.68
Ambagan (Ctg),2009,11,80.07
Ambagan (Ctg),2009,12,84.52
Ambagan (Ctg),2010,1,73.26
Ambagan (Ctg),2010,2,62.61
Ambagan (Ctg),2010,3,70.45
Ambagan (Ctg),2010,4,79.03
Ambagan (Ctg),2010,5,77.19
Ambagan (Ctg),2010,6,81.6
Ambagan (Ctg),2010,7,86.42
Ambagan (Ctg),2010,8,86.61
Ambagan (Ctg),2010,9,84.17
Ambagan (Ctg),2010,10,81.65
Ambagan (Ctg),2010,11,76.43
Ambagan (Ctg),2010,12,74.39
Ambagan (Ctg),2011,1,70.74
Ambagan (Ctg),2011,2,59.86
Ambagan (Ctg),2011,3,69.35
Ambagan (Ctg),2011,4,76.43
Ambagan (Ctg),2011,5,78.26
Ambagan (Ctg),2011,6,86.1
Ambagan (Ctg),2011,7,82.74
Ambagan (Ctg),2011,8,84.03
Ambagan (Ctg),2011,9,82.87
Ambagan (Ctg),2011,10,83.48
Ambagan (Ctg),2011,11,78.93
Ambagan (Ctg),2011,12,74.9
Ambagan (Ctg),2012,1,67.42
Ambagan (Ctg),2012,2,66.57
Ambagan (Ctg),2012,3,69.58
Ambagan (Ctg),2012,4,76.97
Ambagan (Ctg),2012,5,79.61
Ambagan (Ctg),2012,6,85.57
Ambagan (Ctg),2012,7,84.87
Ambagan (Ctg),2012,8,88.13
Ambagan (Ctg),2012,9,86.3
Ambagan (Ctg),2012,10,82.74
Ambagan (Ctg),2012,11,77.53
Ambagan (Ctg),2012,12,81.81
Ambagan (Ctg),2013,1,74.94
Ambagan (Ctg),2013,2,64
Ambagan (Ctg),2013,3,77.23
Ambagan (Ctg),2013,4,82.57
Ambagan (Ctg),2013,5,79.74
Ambagan (Ctg),2013,6,87.43
Ambagan (Ctg),2013,7,88.68
Ambagan (Ctg),2013,8,85.19
Ambagan (Ctg),2013,9,82.57
Ambagan (Ctg),2013,10,84.55
Ambagan (Ctg),2013,11,77.17
Ambagan (Ctg),2013,12,80.19
Ambagan (Ctg),2014,1,69.03
Ambagan (Ctg),2014,2,56.82
Ambagan (Ctg),2014,3,70.23
Ambagan (Ctg),2014,4,72.77
Ambagan (Ctg),2014,5,82.97
Ambagan (Ctg),2014,6,83.93
Ambagan (Ctg),2014,7,82.71
Ambagan (Ctg),2014,8,84.84
Ambagan (Ctg),2014,9,85.03
Ambagan (Ctg),2014,10,85.84
Ambagan (Ctg),2014,11,75.53
Ambagan (Ctg),2014,12,77.16
Ambagan (Ctg),2015,1,70.87
Ambagan (Ctg),2015,2,66.64
Ambagan (Ctg),2015,3,63.87
Ambagan (Ctg),2015,4,70.77
Ambagan (Ctg),2015,5,78.03
Ambagan (Ctg),2015,6,84.33
Ambagan (Ctg),2015,7,82.58
Ambagan (Ctg),2015,8,86.23
Ambagan (Ctg),2015,9,81.33
Ambagan (Ctg),2015,10,81.55
Ambagan (Ctg),2015,11,76.9
Ambagan (Ctg),2015,12,78.23
Ambagan (Ctg),2016,1,74.03
Ambagan (Ctg),2016,2,67.29
Ambagan (Ctg),2016,3,62.65
Ambagan (Ctg),2016,4,81.5
Ambagan (Ctg),2016,5,82
Ambagan (Ctg),2016,6,85.6
Ambagan (Ctg),2016,7,89.39
Ambagan (Ctg),2016,8,85.52
Ambagan (Ctg),2016,9,83.93
Ambagan (Ctg),2016,10,84.81
Ambagan (Ctg),2016,11,79.1
Ambagan (Ctg),2016,12,76.68
Ambagan (Ctg),2017,1,75.71
Ambagan (Ctg),2017,2,74.89
Ambagan (Ctg),2017,3,76.42
Ambagan (Ctg),2017,4,78.6
Ambagan (Ctg),2017,5,78.81
Ambagan (Ctg),2017,6,81.37
Ambagan (Ctg),2017,7,86.42
Ambagan (Ctg),2017,8,84.94
Ambagan (Ctg),2017,9,84.57
Ambagan (Ctg),2017,10,84.81
Ambagan (Ctg),2017,11,83.53
Ambagan (Ctg),2017,12,81.35
Ambagan (Ctg),2018,1,78.87
Ambagan (Ctg),2018,2,73.86
Ambagan (Ctg),2018,3,75.84
Ambagan (Ctg),2018,4,78.3
Ambagan (Ctg),2018,5,84.06
Ambagan (Ctg),2018,6,86.47
Ambagan (Ctg),2018,7,90.23
Ambagan (Ctg),2018,8,85.32
Ambagan (Ctg),2018,9,85.37
Ambagan (Ctg),2018,10,87.42
Ambagan (Ctg),2018,11,77.9
Ambagan (Ctg),2018,12,78.19
Ambagan (Ctg),2019,1,72.23
Ambagan (Ctg),2019,2,67.71
Ambagan (Ctg),2019,3,68.39
Ambagan (Ctg),2019,4,74.53
Ambagan (Ctg),2019,5,78.87
Ambagan (Ctg),2019,6,80.9
Ambagan (Ctg),2019,7,86.68
Ambagan (Ctg),2019,8,83.65
Ambagan (Ctg),2019,9,84.03
Ambagan (Ctg),2019,10,83.55
Ambagan (Ctg),2019,11,81.53
Ambagan (Ctg),2019,12,78.45
Ambagan (Ctg),2020,1,77.06
Ambagan (Ctg),2020,2,65.79
Ambagan (Ctg),2020,3,65.16
Ambagan (Ctg),2020,4,80.53
Ambagan (Ctg),2020,5,82.32
Ambagan (Ctg),2020,6,86.23
Ambagan (Ctg),2020,7,87
Ambagan (Ctg),2020,8,85.39
Ambagan (Ctg),2020,9,85.03
Ambagan (Ctg),2020,10,83.94
Ambagan (Ctg),2020,11,80.97
Ambagan (Ctg),2020,12,80
Ambagan (Ctg),2021,1,73
Ambagan (Ctg),2021,2,67
Ambagan (Ctg),2021,3,69
Ambagan (Ctg),2021,4,75
Ambagan (Ctg),2021,5,75
Ambagan (Ctg),2021,6,86
Ambagan (Ctg),2021,7,86.67
Ambagan (Ctg),2021,8,87.31
Ambagan (Ctg),2021,9,83.33
Ambagan (Ctg),2021,10,84.43
Ambagan (Ctg),2021,11,74.23
Ambagan (Ctg),2021,12,76.39
Ambagan (Ctg),2022,1,74.35
Ambagan (Ctg),2022,2,63.68
Ambagan (Ctg),2022,3,67.32
Ambagan (Ctg),2022,4,83.23
Ambagan (Ctg),2022,5,84.97
Ambagan (Ctg),2022,6,87.73
Ambagan (Ctg),2022,7,85.81
Ambagan (Ctg),2022,8,83.16
Ambagan (Ctg),2022,9,85.47
Ambagan (Ctg),2022,10,82.42
Ambagan (Ctg),2022,11,75.07
Ambagan (Ctg),2022,12,75.45
Ambagan (Ctg),2023,1,72
Ambagan (Ctg),2023,2,69
Ambagan (Ctg),2023,3,68
Ambagan (Ctg),2023,4,73
Ambagan (Ctg),2023,5,77
Ambagan (Ctg),2023,6,85
Ambagan (Ctg),2023,7,81
Ambagan (Ctg),2023,8,88.52
Ambagan (Ctg),2023,9,82.67
Ambagan (Ctg),2023,10,84.89
Ambagan (Ctg),2023,11,83.35
Ambagan (Ctg),2023,12,84.02
Ambagan (Ctg),2024,1,81
Ambagan (Ctg),2024,2,70
Ambagan (Ctg),2024,3,65
Ambagan (Ctg),2024,4,69
Ambagan (Ctg),2024,5,77
Ambagan (Ctg),2024,6,83
Ambagan (Ctg),2024,7,86
Ambagan (Ctg),2024,8,91
Ambagan (Ctg),2024,9,85
Ambagan (Ctg),2024,10,83
Ambagan (Ctg),2024,11,74
Ambagan (Ctg),2024,12,68
Aricha,2023,8,82.53
Aricha,2023,9,80.28
Aricha,2023,10,80.93
Aricha,2023,11,76.9
Aricha,2023,12,85.39
Badalgachi,2020,12,87.06
Badalgachi,2021,1,84.18
Badalgachi,2021,2,73.12
Badalgachi,2021,3,67.29
Badalgachi,2021,4,67.8
Badalgachi,2021,5,74.5
Badalgachi,2021,6,81.55
Badalgachi,2023,1,86.79
Badalgachi,2023,2,74.11
Badalgachi,2023,3,72.19
Badalgachi,2023,4,65.58
Badalgachi,2023,5,65.06
Badalgachi,2023,6,73.67
Badalgachi,2023,7,77.77
Badalgachi,2023,8,82.47
Badalgachi,2023,9,83.47
Badalgachi,2023,10,85.5
Badalgachi,2023,11,83.85
Badalgachi,2023,12,85.6
Baghabari,2023,8,83.87
Baghabari,2023,9,80.97
Baghabari,2023,10,81.62
Baghabari,2023,11,79.2
Baghabari,2023,12,88.11
Bandarban,2023,8,90.39
Bandarban,2023,9,83.18
Bandarban,2023,10,84.28
Bandarban,2023,11,82.73
Bandarban,2023,12,85.29
Barisal,1949,1,67.58
Barisal,1949,2,63.29
Barisal,1949,3,59.1
Barisal,1949,4,70.8
Barisal,1949,5,76.16
Barisal,1949,6,80.33
Barisal,1949,7,85.19
Barisal,1949,8,85.65
Barisal,1949,9,83.43
Barisal,1949,10,77.84
Barisal,1949,11,68.47
Barisal,1949,12,66.1
Barisal,1950,1,76.58
Barisal,1950,2,75.64
Barisal,1950,3,70.16
Barisal,1950,4,75.3
Barisal,1950,5,78.32
Barisal,1950,6,86.53
Barisal,1950,7,88.52
Barisal,1950,8,90.13
Barisal,1950,9,84.37
Barisal,1950,10,84.68
Barisal,1950,11,72.6
Barisal,1950,12,68.26
Barisal,1951,1,65.58
Barisal,1951,2,60.59
Barisal,1951,5,74.9
Barisal,1951,6,84.67
Barisal,1951,7,88.23
Barisal,1951,8,87.26
Barisal,1951,9,85.83
Barisal,1951,10,86.81
Barisal,1951,11,80.6
Barisal,1951,12,77.03
Barisal,1953,1,75.39
Barisal,1953,2,74.75
Barisal,1953,3,77.97
Barisal,1953,4,76.17
Barisal,1953,5,81.45
Barisal,1953,6,87.97
Barisal,1953,7,90.81
Barisal,1953,8,87.45
Barisal,1953,9,86.87
Barisal,1953,10,80.06
Barisal,1953,11,76.5
Barisal,1953,12,76.35
Barisal,1954,1,71.9
Barisal,1954,2,73.25
Barisal,1954,3,65.48
Barisal,1954,4,72.43
Barisal,1954,5,74.26
Barisal,1954,6,86.27
Barisal,1954,7,84.71
Barisal,1954,8,86.65
Barisal,1954,9,88.1
Barisal,1954,10,85.9
Barisal,1954,11,76.07
Barisal,1954,12,78.26
Barisal,1956,1,73.87
Barisal,1956,2,69.38
Barisal,1956,3,71.9
Barisal,1956,4,77.1
Barisal,1956,5,83.23
Barisal,1956,6,87.2
Barisal,1956,7,86.29
Barisal,1956,8,87.26
Barisal,1956,9,85.47
Barisal,1956,10,84.48
Barisal,1956,11,81.33
Barisal,1956,12,78.81
Barisal,1957,1,79.58
Barisal,1957,2,80.21
Barisal,1957,3,69.94
Barisal,1957,4,85.4
Barisal,1957,5,76.94
Barisal,1957,6,83.3
Barisal,1957,7,87
Barisal,1957,8,87.19
Barisal,1957,9,86.2
Barisal,1957,10,79.74
Barisal,1957,11,73.33
Barisal,1957,12,76.32
Barisal,1958,1,76.84
Barisal,1958,2,75.14
Barisal,1958,4,78.7
Barisal,1958,5,83.06
Barisal,1958,6,84.23
Barisal,1958,7,89.55
Barisal,1958,8,88.29
Barisal,1958,9,85.03
Barisal,1958,10,86.29
Barisal,1958,11,85.87
Barisal,1958,12,78.19
Barisal,1959,1,76.58
Barisal,1959,2,79.79
Barisal,1959,3,71.52
Barisal,1959,4,73.83
Barisal,1959,5,78.58
Barisal,1959,6,84.67
Barisal,1959,7,86.71
Barisal,1959,8,87.06
Barisal,1959,9,90.5
Barisal,1959,10,87.29
Barisal,1959,11,79.47
Barisal,1959,12,78.23
Barisal,1960,1,71.19
Barisal,1960,2,77
Barisal,1960,3,69.45
Barisal,1960,4,71.37
Barisal,1960,5,76.45
Barisal,1960,6,83.8
Barisal,1960,7,88.77
Barisal,1960,8,87.77
Barisal,1960,9,88.03
Barisal,1960,10,79.58
Barisal,1960,11,73.6
Barisal,1960,12,74.61
Barisal,1961,1,73.45
Barisal,1961,2,69.64
Barisal,1961,3,79.03
Barisal,1961,4,78.67
Barisal,1961,5,80.84
Barisal,1961,6,86.3
Barisal,1961,7,83.16
Barisal,1961,8,86.39
Barisal,1961,9,85.23
Barisal,1961,10,82.26
Barisal,1961,11,75.07
Barisal,1961,12,82.42
Barisal,1962,1,73.84
Barisal,1962,2,69.82
Barisal,1962,3,57.65
Barisal,1962,4,71.73
Barisal,1962,5,75.16
Barisal,1962,6,84.33
Barisal,1962,7,83.77
Barisal,1962,8,87.1
Barisal,1962,9,85.27
Barisal,1962,10,81.84
Barisal,1962,11,75.07
Barisal,1962,12,71.1
Barisal,1963,1,67.06
Barisal,1963,2,65.46
Barisal,1963,3,61.19
Barisal,1963,4,71.53
Barisal,1963,5,86.97
Barisal,1963,6,88.27
Barisal,1963,7,87.06
Barisal,1963,8,87.26
Barisal,1963,9,85.5
Barisal,1963,10,85.77
Barisal,1963,11,78.23
Barisal,1963,12,77
Barisal,1964,5,77.46
Barisal,1964,6,84.1
Barisal,1964,7,90.1
Barisal,1964,8,89.19
Barisal,1964,9,87.66
Barisal,1964,10,90.26
Barisal,1964,11,83.93
Barisal,1964,12,82.74
Barisal,1965,1,79.97
Barisal,1965,2,75.5
Barisal,1965,3,73.9
Barisal,1965,4,78.6
Barisal,1965,5,81.43
Barisal,1965,6,87.1
Barisal,1965,7,88.77
Barisal,1965,8,89
Barisal,1965,9,87.83
Barisal,1965,10,79.81
Barisal,1965,11,80.33
Barisal,1965,12,81.32
Barisal,1966,1,81.55
Barisal,1966,2,76.96
Barisal,1966,3,76.84
Barisal,1966,4,79.93
Barisal,1966,5,78.87
Barisal,1966,6,88.4
Barisal,1966,7,86.81
Barisal,1966,8,89.52
Barisal,1966,9,88.47
Barisal,1966,10,87.32
Barisal,1966,11,81.73
Barisal,1966,12,81.81
Barisal,1967,1,77.71
Barisal,1967,2,74.68
Barisal,1967,3,75.58
Barisal,1967,4,74.03
Barisal,1967,5,80.26
Barisal,1967,6,87.97
Barisal,1967,7,90.77
Barisal,1967,8,90.42
Barisal,1967,9,90.23
Barisal,1967,10,83.42
Barisal,1967,11,77
Barisal,1967,12,75.35
Barisal,1968,1,74.81
Barisal,1968,2,72.83
Barisal,1968,3,69.26
Barisal,1968,4,77.3
Barisal,1968,5,79.35
Barisal,1968,6,89.9
Barisal,1968,7,88.71
Barisal,1968,8,88.65
Barisal,1968,9,86.1
Barisal,1968,10,85.74
Barisal,1968,11,80.24
Barisal,1968,12,78.06
Barisal,1969,1,74.1
Barisal,1969,2,69.43
Barisal,1969,3,76.81
Barisal,1969,4,77.47
Barisal,1969,5,77.06
Barisal,1969,6,89.1
Barisal,1969,7,90.71
Barisal,1969,8,91.23
Barisal,1969,9,86.57
Barisal,1969,10,83.94
Barisal,1969,11,80.27
Barisal,1969,12,77.61
Barisal,1970,1,78.1
Barisal,1970,2,74.14
Barisal,1970,3,73.81
Barisal,1970,4,79.73
Barisal,1970,5,80.42
Barisal,1970,6,89.13
Barisal,1970,7,89.65
Barisal,1970,8,88.13
Barisal,1970,9,89.07
Barisal,1970,10,86.52
Barisal,1970,11,80.47
Barisal,1970,12,76.23
Barisal,1971,1,77.71
Barisal,1971,2,69.54
Barisal,1971,3,64
Barisal,1971,4,80.79
Barisal,1971,5,78.15
Barisal,1971,6,88.23
Barisal,1971,7,88.29
Barisal,1971,8,92.17
Barisal,1971,9,88
Barisal,1971,10,80.84
Barisal,1971,11,74.7
Barisal,1971,12,69.84
Barisal,1972,1,77.48
Barisal,1972,2,75.72
Barisal,1972,3,72.03
Barisal,1972,4,77.47
Barisal,1972,5,80.84
Barisal,1972,6,84.7
Barisal,1972,7,88.03
Barisal,1972,8,89.58
Barisal,1972,9,84.17
Barisal,1972,10,83.77
Barisal,1972,11,78.23
Barisal,1972,12,75.87
Barisal,1973,1,73.06
Barisal,1973,2,72.11
Barisal,1973,3,73.55
Barisal,1973,4,78.97
Barisal,1973,5,85.52
Barisal,1973,6,84.43
Barisal,1973,7,90.19
Barisal,1973,8,90.65
Barisal,1973,9,90.87
Barisal,1973,10,85.97
Barisal,1973,11,86.77
Barisal,1973,12,81.68
Barisal,1974,1,77.29
Barisal,1974,2,70.18
Barisal,1974,3,76.68
Barisal,1974,4,82.27
Barisal,1974,5,81.84
Barisal,1974,6,87.6
Barisal,1974,7,92.74
Barisal,1974,8,93.48
Barisal,1974,9,89.3
Barisal,1974,10,86.81
Barisal,1974,11,82.73
Barisal,1974,12,78
Barisal,1975,1,76.1
Barisal,1975,2,70.82
Barisal,1975,5,82.55
Barisal,1975,6,88.47
Barisal,1975,7,91.97
Barisal,1975,8,90.23
Barisal,1975,10,91.19
Barisal,1975,11,84.5
Barisal,1975,12,77.45
Barisal,1976,1,76.52
Barisal,1976,2,78.83
Barisal,1976,3,78.03
Barisal,1976,4,76.63
Barisal,1976,5,83.32
Barisal,1976,6,86.63
Barisal,1976,7,88.52
Barisal,1976,8,89.55
Barisal,1976,9,86.87
Barisal,1976,10,83.71
Barisal,1976,11,82.7
Barisal,1976,12,75.87
Barisal,1977,1,75.16
Barisal,1977,2,73.89
Barisal,1977,3,74.97
Barisal,1977,4,83.07
Barisal,1977,5,83.58
Barisal,1977,6,88.5
Barisal,1977,7,89.55
Barisal,1977,8,87.81
Barisal,1977,9,86.63
Barisal,1977,10,84.48
Barisal,1977,11,81.67
Barisal,1977,12,76.74
Barisal,1978,1,72.42
Barisal,1978,2,68.21
Barisal,1978,3,65.03
Barisal,1978,4,78.27
Barisal,1978,5,82.39
Barisal,1978,6,87.3
Barisal,1978,7,87.29
Barisal,1978,8,86.94
Barisal,1978,9,88.87
Barisal,1978,10,83.03
Barisal,1978,11,78.07
Barisal,1978,12,75.71
Barisal,1979,1,74.9
Barisal,1979,2,69.71
Barisal,1979,3,66.1
Barisal,1979,4,74.53
Barisal,1979,5,76.58
Barisal,1979,6,87.17
Barisal,1979,7,88.45
Barisal,1979,8,89.9
Barisal,1979,9,87.5
Barisal,1979,10,82.77
Barisal,1979,11,81.07
Barisal,1979,12,80.48
Barisal,1980,1,74.9
Barisal,1980,2,75.48
Barisal,1980,3,74.55
Barisal,1980,4,75.07
Barisal,1980,5,81.84
Barisal,1980,6,88.33
Barisal,1980,7,91.32
Barisal,1980,8,88.94
Barisal,1980,9,86.93
Barisal,1980,10,88.32
Barisal,1980,11,77.07
Barisal,1980,12,76.26
Barisal,1981,1,78.74
Barisal,1981,2,75.54
Barisal,1981,3,76.68
Barisal,1981,4,83.6
Barisal,1981,5,83.68
Barisal,1981,6,85.3
Barisal,1981,7,90.55
Barisal,1981,8,87.9
Barisal,1981,9,86.4
Barisal,1981,10,80.61
Barisal,1981,11,76.17
Barisal,1981,12,75.81
Barisal,1982,1,73.87
Barisal,1982,2,75.5
Barisal,1982,3,71.03
Barisal,1982,4,78.87
Barisal,1982,5,76.48
Barisal,1982,6,87.1
Barisal,1982,7,85.58
Barisal,1982,8,88.71
Barisal,1982,9,83.77
Barisal,1982,10,80.35
Barisal,1982,11,77.73
Barisal,1982,12,76.42
Barisal,1983,1,76.74
Barisal,1983,2,73.18
Barisal,1983,3,75.81
Barisal,1983,4,75.77
Barisal,1983,5,81.39
Barisal,1983,6,85.9
Barisal,1983,7,86.45
Barisal,1983,8,89.16
Barisal,1983,9,91.07
Barisal,1983,10,91.65
Barisal,1983,11,84.4
Barisal,1983,12,83.39
Barisal,1984,1,82.74
Barisal,1984,2,76.76
Barisal,1984,3,73.77
Barisal,1984,4,82.3
Barisal,1984,5,84.52
Barisal,1984,6,90.4
Barisal,1984,7,90.13
Barisal,1984,8,90.26
Barisal,1984,9,87.5
Barisal,1984,10,88.84
Barisal,1984,11,82.8
Barisal,1984,12,84.42
Barisal,1985,1,84.23
Barisal,1985,2,76.89
Barisal,1985,3,80.84
Barisal,1985,4,80.63
Barisal,1985,5,87.77
Barisal,1985,6,91.03
Barisal,1985,7,93.48
Barisal,1985,8,89.97
Barisal,1985,9,90.33
Barisal,1985,10,86.06
Barisal,1985,11,85.33
Barisal,1985,12,83.9
Barisal,1986,1,85.9
Barisal,1986,2,81.43
Barisal,1986,3,75.32
Barisal,1986,4,79.63
Barisal,1986,5,82.52
Barisal,1986,6,86.63
Barisal,1986,7,90.94
Barisal,1986,8,87.48
Barisal,1986,9,92.4
Barisal,1986,10,88.29
Barisal,1986,11,88.17
Barisal,1986,12,88.06
Barisal,1987,1,84.16
Barisal,1987,2,79.82
Barisal,1987,3,76.87
Barisal,1987,4,81.83
Barisal,1987,5,81.74
Barisal,1987,6,85.42
Barisal,1987,7,93.77
Barisal,1987,8,89.65
Barisal,1987,9,89
Barisal,1987,10,86.29
Barisal,1987,11,83.9
Barisal,1987,12,83.45
Barisal,1988,1,81.48
Barisal,1988,2,79.41
Barisal,1988,3,76.68
Barisal,1988,4,79.4
Barisal,1988,5,84.1
Barisal,1988,6,88.23
Barisal,1988,7,90.06
Barisal,1988,8,91.39
Barisal,1988,9,87.87
Barisal,1988,10,86.84
Barisal,1988,11,85.5
Barisal,1988,12,84.35
Barisal,1989,1,79.19
Barisal,1989,2,74.89
Barisal,1989,3,70.35
Barisal,1989,4,79.57
Barisal,1989,5,83.81
Barisal,1989,6,87.17
Barisal,1989,7,89.1
Barisal,1989,8,88.26
Barisal,1989,9,90.47
Barisal,1989,10,90.65
Barisal,1989,11,83.67
Barisal,1989,12,81.29
Barisal,1990,1,82.52
Barisal,1990,2,80.68
Barisal,1990,3,82.32
Barisal,1990,4,82.3
Barisal,1990,5,84.52
Barisal,1990,6,89.03
Barisal,1990,7,91.58
Barisal,1990,8,86.87
Barisal,1990,9,89.03
Barisal,1990,10,86.52
Barisal,1990,11,84.57
Barisal,1990,12,81.87
Barisal,1991,1,81.58
Barisal,1991,2,79.89
Barisal,1991,3,77.9
Barisal,1991,4,79.5
Barisal,1991,5,85.94
Barisal,1991,6,89.57
Barisal,1991,7,88
Barisal,1991,8,88.84
Barisal,1991,9,89.57
Barisal,1991,10,88.19
Barisal,1991,11,82.03
Barisal,1991,12,81.77
Barisal,1992,1,81.48
Barisal,1992,2,81.79
Barisal,1992,3,77.42
Barisal,1992,4,79.33
Barisal,1992,5,83.06
Barisal,1992,6,87.63
Barisal,1992,7,89.9
Barisal,1992,8,90.74
Barisal,1992,9,87.57
Barisal,1992,10,87.68
Barisal,1992,11,82.73
Barisal,1992,12,81.55
Barisal,1993,1,82.52
Barisal,1993,2,82.86
Barisal,1993,3,77.42
Barisal,1993,4,82.9
Barisal,1993,5,87.29
Barisal,1993,6,88.73
Barisal,1993,7,90.45
Barisal,1993,8,90.55
Barisal,1993,9,89
Barisal,1993,10,86.61
Barisal,1993,11,85.77
Barisal,1993,12,80.84
Barisal,1994,1,78.13
Barisal,1994,2,75.64
Barisal,1994,3,77.16
Barisal,1994,4,79.53
Barisal,1994,5,83.94
Barisal,1994,6,90.67
Barisal,1994,7,88.65
Barisal,1994,8,89.06
Barisal,1994,9,85.1
Barisal,1994,10,84.55
Barisal,1994,11,84.6
Barisal,1994,12,83.39
Barisal,1995,1,79.94
Barisal,1995,2,78.36
Barisal,1995,3,70.35
Barisal,1995,4,76.6
Barisal,1995,5,84.13
Barisal,1995,6,89.37
Barisal,1995,7,89
Barisal,1995,8,88.32
Barisal,1995,9,89.33
Barisal,1995,10,87.13
Barisal,1995,11,85.3
Barisal,1995,12,80.48
Barisal,1996,1,79.16
Barisal,1996,2,75.17
Barisal,1996,3,76.58
Barisal,1996,4,81.17
Barisal,1996,5,83.65
Barisal,1996,6,86.3
Barisal,1996,7,87.48
Barisal,1996,8,90.03
Barisal,1996,9,87.8
Barisal,1996,10,85.1
Barisal,1996,11,83.8
Barisal,1996,12,80.97
Barisal,1997,1,78.19
Barisal,1997,2,78.64
Barisal,1997,3,80.58
Barisal,1997,4,83.17
Barisal,1997,5,83
Barisal,1997,6,85.6
Barisal,1997,7,90.45
Barisal,1997,8,88.58
Barisal,1997,9,90.1
Barisal,1997,10,83.61
Barisal,1997,11,84.87
Barisal,1997,12,88.39
Barisal,1998,1,87.23
Barisal,1998,2,78.89
Barisal,1998,3,75.26
Barisal,1998,4,80.67
Barisal,1998,5,83.68
Barisal,1998,6,86.33
Barisal,1998,7,91
Barisal,1998,8,90.84
Barisal,1998,9,88.8
Barisal,1998,10,87
Barisal,1998,11,84.43
Barisal,1998,12,83.16
Barisal,1999,1,81.55
Barisal,1999,2,77
Barisal,1999,3,73.45
Barisal,1999,4,78.63
Barisal,1999,5,85.29
Barisal,1999,6,87.3
Barisal,1999,7,90.48
Barisal,1999,8,90.03
Barisal,1999,9,88.53
Barisal,1999,10,88.19
Barisal,1999,11,81.33
Barisal,1999,12,81.58
Barisal,2000,1,80.68
Barisal,2000,2,77.52
Barisal,2000,3,76.81
Barisal,2000,4,79.97
Barisal,2000,5,82.29
Barisal,2000,6,89.13
Barisal,2000,7,87.26
Barisal,2000,8,86.45
Barisal,2000,9,88.43
Barisal,2000,10,88.87
Barisal,2000,11,86.13
Barisal,2000,12,81.94
Barisal,2001,1,80.48
Barisal,2001,2,78.07
Barisal,2001,3,74.42
Barisal,2001,4,76.1
Barisal,2001,5,86.9
Barisal,2001,6,93.13
Barisal,2001,7,90
Barisal,2001,8,86.81
Barisal,2001,9,88.17
Barisal,2001,10,88.61
Barisal,2001,11,88
Barisal,2001,12,85.71
Barisal,2002,1,84.19
Barisal,2002,2,76.18
Barisal,2002,3,71.77
Barisal,2002,4,79.1
Barisal,2002,5,82.42
Barisal,2002,6,88.03
Barisal,2002,7,89.55
Barisal,2002,8,88.97
Barisal,2002,9,91.6
Barisal,2002,10,87.26
Barisal,2002,11,84.03
Barisal,2002,12,82.81
Barisal,2003,1,80.94
Barisal,2003,2,74.89
Barisal,2003,3,76.97
Barisal,2003,4,84.5
Barisal,2003,5,85.61
Barisal,2003,6,91.3
Barisal,2003,7,91.68
Barisal,2003,8,86.16
Barisal,2003,9,87.77
Barisal,2003,10,88.06
Barisal,2003,11,82.77
Barisal,2003,12,83.97
Barisal,2004,1,82
Barisal,2004,2,76.66
Barisal,2004,3,75.61
Barisal,2004,4,79.8
Barisal,2004,5,77.77
Barisal,2004,6,86.8
Barisal,2004,7,86.65
Barisal,2004,8,89
Barisal,2004,9,91
Barisal,2004,10,88.81
Barisal,2004,11,88.6
Barisal,2004,12,87
Barisal,2005,1,86.1
Barisal,2005,2,77.54
Barisal,2005,3,82.29
Barisal,2005,4,80
Barisal,2005,5,82.65
Barisal,2005,6,87.5
Barisal,2005,7,92.1
Barisal,2005,8,92.84
Barisal,2005,9,88.7
Barisal,2005,10,88.81
Barisal,2005,11,84.93
Barisal,2005,12,83.26
Barisal,2006,1,80.68
Barisal,2006,2,79.36
Barisal,2006,3,76.65
Barisal,2006,4,80.43
Barisal,2006,5,82.61
Barisal,2006,6,88.53
Barisal,2006,7,90.45
Barisal,2006,8,88.94
Barisal,2006,9,88.27
Barisal,2006,10,87.19
Barisal,2006,11,83.9
Barisal,2006,12,82.29
Barisal,2007,1,80.29
Barisal,2007,2,80.5
Barisal,2007,3,70.74
Barisal,2007,4,78.7
Barisal,2007,5,81.19
Barisal,2007,6,87.83
Barisal,2007,7,90.71
Barisal,2007,8,87.1
Barisal,2007,9,90.3
Barisal,2007,10,87.48
Barisal,2007,11,84.9
Barisal,2007,12,80.97
Barisal,2008,1,79.97
Barisal,2008,2,76.62
Barisal,2008,3,77.94
Barisal,2008,4,79.27
Barisal,2008,5,80.39
Barisal,2008,6,88.9
Barisal,2008,7,89.87
Barisal,2008,8,87.55
Barisal,2008,9,87.5
Barisal,2008,10,86.61
Barisal,2008,11,82.67
Barisal,2008,12,86.74
Barisal,2009,1,82.19
Barisal,2009,2,74.68
Barisal,2009,3,76.52
Barisal,2009,4,78.03
Barisal,2009,5,78.97
Barisal,2009,6,82.47
Barisal,2009,7,89.32
Barisal,2009,8,89
Barisal,2009,9,87.4
Barisal,2009,10,86.71
Barisal,2009,11,82.9
Barisal,2009,12,81.52
Barisal,2010,1,80.68
Barisal,2010,2,74.64
Barisal,2010,3,73.45
Barisal,2010,4,77.2
Barisal,2010,5,80.77
Barisal,2010,6,87.57
Barisal,2010,7,87.1
Barisal,2010,8,86.84
Barisal,2010,9,88.03
Barisal,2010,10,86.16
Barisal,2010,11,85.13
Barisal,2010,12,81.65
Barisal,2011,1,79.45
Barisal,2011,2,72.89
Barisal,2011,3,72.23
Barisal,2011,4,79.17
Barisal,2011,5,81.9
Barisal,2011,6,87.53
Barisal,2011,7,86.52
Barisal,2011,8,89.52
Barisal,2011,9,88.7
Barisal,2011,10,84.94
Barisal,2011,11,82.83
Barisal,2011,12,84.19
Barisal,2012,1,82.32
Barisal,2012,2,72.72
Barisal,2012,3,74.97
Barisal,2012,4,79.03
Barisal,2012,5,79.74
Barisal,2012,6,86
Barisal,2012,7,88.65
Barisal,2012,8,87.45
Barisal,2012,9,89.83
Barisal,2012,10,86.1
Barisal,2012,11,82.87
Barisal,2012,12,85
Barisal,2013,1,79.61
Barisal,2013,2,76.11
Barisal,2013,3,75.81
Barisal,2013,4,75.8
Barisal,2013,5,86.81
Barisal,2013,6,84.6
Barisal,2013,7,87.48
Barisal,2013,8,87.74
Barisal,2013,9,88.03
Barisal,2013,10,87.84
Barisal,2013,11,80.6
Barisal,2013,12,82.29
Barisal,2014,1,83
Barisal,2014,2,76.89
Barisal,2014,3,71.13
Barisal,2014,4,70.97
Barisal,2014,5,80.74
Barisal,2014,6,85.93
Barisal,2014,7,86.58
Barisal,2014,8,88.94
Barisal,2014,9,85.77
Barisal,2014,10,84.97
Barisal,2014,11,82.27
Barisal,2014,12,85.77
Barisal,2015,1,82.87
Barisal,2015,2,79.86
Barisal,2015,3,72.94
Barisal,2015,4,85.1
Barisal,2015,5,80.61
Barisal,2015,6,85.9
Barisal,2015,7,91.58
Barisal,2015,8,89.06
Barisal,2015,9,88.23
Barisal,2015,10,86.39
Barisal,2015,11,84.93
Barisal,2015,12,83.81
Barisal,2016,1,82.29
Barisal,2016,2,80.79
Barisal,2016,3,76.16
Barisal,2016,4,78.87
Barisal,2016,5,80.77
Barisal,2016,6,84.27
Barisal,2016,7,90.65
Barisal,2016,8,89.61
Barisal,2016,9,89.37
Barisal,2016,10,86.77
Barisal,2016,11,85.27
Barisal,2016,12,85.06
Barisal,2017,1,81.23
Barisal,2017,2,76.46
Barisal,2017,3,81.81
Barisal,2017,4,81.9
Barisal,2017,5,79.45
Barisal,2017,6,88.23
Barisal,2017,7,93.45
Barisal,2017,8,92.42
Barisal,2017,9,91.97
Barisal,2017,10,88.48
Barisal,2017,11,84.43
Barisal,2017,12,87.35
Barisal,2018,1,80.32
Barisal,2018,2,76.75
Barisal,2018,3,74.1
Barisal,2018,4,78.77
Barisal,2018,5,85.39
Barisal,2018,6,86.07
Barisal,2018,7,88.1
Barisal,2018,8,85.61
Barisal,2018,9,84.73
Barisal,2018,10,84.65
Barisal,2018,11,82.93
Barisal,2018,12,82.77
Barisal,2019,1,78.87
Barisal,2019,2,77.54
Barisal,2019,3,74.48
Barisal,2019,4,77.37
Barisal,2019,5,79.77
Barisal,2019,6,83.53
Barisal,2019,7,88.19
Barisal,2019,8,84.84
Barisal,2019,9,87.8
Barisal,2019,10,86.97
Barisal,2019,11,85.13
Barisal,2019,12,84.13
Barisal,2020,1,85.03
Barisal,2020,2,75.59
Barisal,2020,3,70.87
Barisal,2020,4,78.23
Barisal,2020,5,80.13
Barisal,2020,6,88.67
Barisal,2020,7,87.68
Barisal,2020,8,88.23
Barisal,2020,9,87
Barisal,2020,10,87.16
Barisal,2020,11,82.63
Barisal,2020,12,90.16
Barisal,2021,1,85.16
Barisal,2021,2,73.23
Barisal,2021,3,67.69
Barisal,2021,4,67.65
Barisal,2021,5,73.58
Barisal,2021,6,86.85
Barisal,2021,7,88.48
Barisal,2021,8,88.5
Barisal,2021,9,86.87
Barisal,2021,10,86.81
Barisal,2021,11,82.57
Barisal,2021,12,85.11
Barisal,2022,1,83.42
Barisal,2022,2,77.75
Barisal,2022,3,73.94
Barisal,2022,4,79.83
Barisal,2022,5,83.23
Barisal,2022,6,86.47
Barisal,2022,7,82.87
Barisal,2022,8,84.84
Barisal,2022,9,87.03
Barisal,2022,10,85.32
Barisal,2022,11,81.03
Barisal,2022,12,83.13
Barisal,2023,1,86.6
Barisal,2023,2,74.79
Barisal,2023,3,68.23
Barisal,2023,4,65.85
Barisal,2023,5,70.31
Barisal,2023,6,82.2
Barisal,2023,7,81.16
Barisal,2023,8,87.98
Barisal,2023,9,87.05
Barisal,2023,10,85.98
Barisal,2023,11,85.65
Barisal,2023,12,90.24
Barisal,2024,1,85
Barisal,2024,2,75
Barisal,2024,3,73
Barisal,2024,4,74
Barisal,2024,5,78
Barisal,2024,6,81
Barisal,2024,7,86
Barisal,2024,8,91
Barisal,2024,9,86
Barisal,2024,10,86
Barisal,2024,11,80
Barisal,2024,12,79
Bhola,1966,2,75.54
Bhola,1966,4,78.47
Bhola,1966,5,79.42
Bhola,1966,6,88.56
Bhola,1966,7,87.35
Bhola,1966,8,89.39
Bhola,1966,9,87.5
Bhola,1966,10,85.96
Bhola,1966,11,84.77
Bhola,1966,12,85.19
Bhola,1967,1,80.26
Bhola,1967,2,77.79
Bhola,1967,3,77.77
Bhola,1967,4,77.53
Bhola,1967,5,81.42
Bhola,1967,6,85.77
Bhola,1967,7,88.52
Bhola,1967,8,88.19
Bhola,1967,9,91.83
Bhola,1967,10,89.39
Bhola,1967,11,85.53
Bhola,1967,12,83.61
Bhola,1968,1,83.48
Bhola,1968,2,79.69
Bhola,1968,3,78.9
Bhola,1968,4,84.63
Bhola,1968,5,85.81
Bhola,1968,6,90.9
Bhola,1968,7,89.94
Bhola,1968,8,89.87
Bhola,1968,9,86.2
Bhola,1968,10,86.77
Bhola,1968,11,83.7
Bhola,1968,12,81.74
Bhola,1969,1,80.48
Bhola,1969,2,85.25
Bhola,1969,3,82.81
Bhola,1969,4,85.17
Bhola,1969,5,82.94
Bhola,1969,6,92.6
Bhola,1969,7,90.06
Bhola,1969,8,91.42
Bhola,1969,9,86.7
Bhola,1969,10,84.65
Bhola,1969,11,85.27
Bhola,1969,12,85.06
Bhola,1970,1,82.74
Bhola,1970,2,83.18
Bhola,1970,3,85.35
Bhola,1970,4,88.47
Bhola,1970,5,88.97
Bhola,1970,6,91.6
Bhola,1970,7,89.53
Bhola,1970,8,87.58
Bhola,1970,9,91.8
Bhola,1970,10,92.71
Bhola,1970,11,81.6
Bhola,1970,12,83.19
Bhola,1971,1,86.23
Bhola,1971,2,78.46
Bhola,1971,3,82.45
Bhola,1971,4,91.8
Bhola,1971,5,81.56
Bhola,1971,6,88.17
Bhola,1971,7,89.23
Bhola,1971,8,90.29
Bhola,1971,9,86.63
Bhola,1971,10,85.03
Bhola,1971,11,79.6
Bhola,1971,12,76.35
Bhola,1972,1,76.58
Bhola,1972,2,76.03
Bhola,1972,3,78.9
Bhola,1972,4,85.07
Bhola,1972,5,83.32
Bhola,1972,6,87.87
Bhola,1972,7,91.39
Bhola,1972,8,91.48
Bhola,1972,9,84.67
Bhola,1972,10,87.06
Bhola,1972,11,79.5
Bhola,1972,12,77.1
Bhola,1973,1,88.33
Bhola,1973,2,74.5
Bhola,1973,3,76.2
Bhola,1973,4,79.21
Bhola,1973,5,87.32
Bhola,1973,7,87.87
Bhola,1973,8,88.19
Bhola,1973,11,84.9
Bhola,1973,12,82.55
Bhola,1974,1,76.32
Bhola,1974,2,73.68
Bhola,1974,3,78
Bhola,1974,4,82.27
Bhola,1974,5,83.43
Bhola,1974,6,88.77
Bhola,1974,7,93.26
Bhola,1974,8,92.52
Bhola,1974,9,90.33
Bhola,1974,10,88.06
Bhola,1974,11,86.03
Bhola,1974,12,85.68
Bhola,1975,1,79.9
Bhola,1975,2,74.89
Bhola,1975,3,71.42
Bhola,1975,4,80.23
Bhola,1975,5,81.23
Bhola,1975,6,86.63
Bhola,1975,7,93.26
Bhola,1975,8,90.19
Bhola,1975,9,89.07
Bhola,1975,10,88.23
Bhola,1975,11,83.37
Bhola,1975,12,78.16
Bhola,1976,1,76.03
Bhola,1976,2,77.41
Bhola,1976,3,76.45
Bhola,1976,4,78.47
Bhola,1976,5,84.45
Bhola,1976,6,89.1
Bhola,1976,7,90.58
Bhola,1976,8,91.81
Bhola,1976,9,88.63
Bhola,1976,10,85.58
Bhola,1976,11,84.3
Bhola,1976,12,80.32
Bhola,1977,1,80.74
Bhola,1977,2,80.86
Bhola,1977,3,83.03
Bhola,1977,4,84.4
Bhola,1977,5,86.19
Bhola,1977,6,89.5
Bhola,1977,7,89.13
Bhola,1977,8,88.16
Bhola,1977,9,86.47
Bhola,1977,10,83.81
Bhola,1977,11,81.8
Bhola,1977,12,78.29
Bhola,1978,1,78.13
Bhola,1978,2,71.25
Bhola,1978,3,68.84
Bhola,1978,4,80.6
Bhola,1978,5,82.58
Bhola,1978,6,86.83
Bhola,1978,7,87.39
Bhola,1978,8,87.1
Bhola,1978,9,88.4
Bhola,1978,10,84.35
Bhola,1978,11,79.43
Bhola,1978,12,76.42
Bhola,1980,1,73.9
Bhola,1980,2,74.79
Bhola,1980,3,76.52
Bhola,1980,4,77.47
Bhola,1980,5,83.84
Bhola,1980,6,88.23
Bhola,1980,7,89.77
Bhola,1980,8,88.03
Bhola,1980,9,86.97
Bhola,1980,10,85.06
Bhola,1980,11,75.3
Bhola,1980,12,74.61
Bhola,1981,1,78.03
Bhola,1981,2,74.79
Bhola,1981,3,75.45
Bhola,1981,4,83.57
Bhola,1981,5,84.06
Bhola,1981,6,86.3
Bhola,1981,7,90.23
Bhola,1981,8,88.35
Bhola,1981,9,87.13
Bhola,1981,10,78.55
Bhola,1981,11,75.43
Bhola,1981,12,80.97
Bhola,1982,1,74.74
Bhola,1982,2,78.14
Bhola,1982,3,72.45
Bhola,1982,4,81.77
Bhola,1982,5,79.68
Bhola,1982,6,89.3
Bhola,1982,7,87.23
Bhola,1982,8,89
Bhola,1982,9,85.17
Bhola,1982,10,80.74
Bhola,1982,11,79.8
Bhola,1982,12,78.1
Bhola,1983,1,80.65
Bhola,1983,2,75.96
Bhola,1983,3,81.45
Bhola,1983,4,81.07
Bhola,1983,5,84.13
Bhola,1983,6,88.67
Bhola,1983,7,89.52
Bhola,1983,8,87.39
Bhola,1983,9,87.63
Bhola,1983,10,86.55
Bhola,1983,11,81.47
Bhola,1983,12,80.87
Bhola,1984,1,78.74
Bhola,1984,2,73.24
Bhola,1984,3,73.55
Bhola,1984,4,80.63
Bhola,1984,5,83.16
Bhola,1984,6,88.63
Bhola,1984,7,88.16
Bhola,1984,8,88.9
Bhola,1984,9,86.17
Bhola,1984,10,86.23
Bhola,1984,11,79.47
Bhola,1984,12,79.87
Bhola,1985,1,80.23
Bhola,1985,2,75.61
Bhola,1985,3,79.45
Bhola,1985,4,78.77
Bhola,1985,5,82.45
Bhola,1985,6,87.67
Bhola,1985,7,88.29
Bhola,1985,8,86.55
Bhola,1985,9,87.77
Bhola,1985,10,83.29
Bhola,1985,11,80.93
Bhola,1985,12,80.55
Bhola,1986,1,79.03
Bhola,1986,2,72.54
Bhola,1986,3,72.39
Bhola,1986,4,78
Bhola,1986,5,82.45
Bhola,1986,6,86.23
Bhola,1986,7,87.97
Bhola,1986,8,85.29
Bhola,1986,9,89.03
Bhola,1986,10,85.35
Bhola,1986,11,83.7
Bhola,1986,12,80.61
Bhola,1987,1,78.74
Bhola,1987,2,74.25
Bhola,1987,3,75.03
Bhola,1987,4,82.03
Bhola,1987,5,81.71
Bhola,1987,6,85.28
Bhola,1987,7,90.48
Bhola,1987,8,87.84
Bhola,1987,9,88.13
Bhola,1987,10,83.58
Bhola,1987,11,82.2
Bhola,1987,12,82
Bhola,1988,1,79.84
Bhola,1988,2,79.21
Bhola,1988,3,80.45
Bhola,1988,4,81.93
Bhola,1988,5,86.45
Bhola,1988,6,89.27
Bhola,1988,7,90.55
Bhola,1988,8,90.26
Bhola,1988,9,88.6
Bhola,1988,10,86.35
Bhola,1988,11,83.87
Bhola,1988,12,84.45
Bhola,1989,1,79.45
Bhola,1989,2,76.11
Bhola,1989,3,73.87
Bhola,1989,4,79.8
Bhola,1989,5,83
Bhola,1989,6,87.97
Bhola,1989,7,88.94
Bhola,1989,8,87.71
Bhola,1989,9,90.03
Bhola,1989,10,90.19
Bhola,1989,11,83.93
Bhola,1989,12,82.06
Bhola,1990,1,85.48
Bhola,1990,2,83.61
Bhola,1990,3,82.58
Bhola,1990,4,82
Bhola,1990,5,85.32
Bhola,1990,6,89.13
Bhola,1990,7,90.32
Bhola,1990,8,87.26
Bhola,1990,9,89.1
Bhola,1990,10,88.65
Bhola,1990,11,85.53
Bhola,1990,12,83.26
Bhola,1991,1,82.42
Bhola,1991,2,79.86
Bhola,1991,3,79.84
Bhola,1991,4,84.7
Bhola,1991,5,88.9
Bhola,1991,6,91.37
Bhola,1991,7,90.29
Bhola,1991,8,91.68
Bhola,1991,9,93.03
Bhola,1991,10,90.19
Bhola,1991,11,86.73
Bhola,1991,12,87.42
Bhola,1992,1,87.39
Bhola,1992,2,83.97
Bhola,1992,3,84.32
Bhola,1992,4,82.37
Bhola,1992,5,86.16
Bhola,1992,6,87.3
Bhola,1992,7,91.18
Bhola,1992,8,88.87
Bhola,1992,9,90.47
Bhola,1992,10,87.55
Bhola,1992,11,84.87
Bhola,1992,12,77.94
Bhola,1993,1,82.13
Bhola,1993,2,80.61
Bhola,1993,3,77.9
Bhola,1993,4,81.5
Bhola,1993,5,85.42
Bhola,1993,6,89.7
Bhola,1993,7,90.68
Bhola,1993,8,90.81
Bhola,1993,9,89.17
Bhola,1993,10,87.65
Bhola,1993,11,85.53
Bhola,1993,12,82.13
Bhola,1994,1,81.1
Bhola,1994,2,77.75
Bhola,1994,3,79.48
Bhola,1994,4,79.97
Bhola,1994,5,83.65
Bhola,1994,6,90.23
Bhola,1994,7,90.68
Bhola,1994,8,89.29
Bhola,1994,9,86.07
Bhola,1994,10,86
Bhola,1994,11,83.87
Bhola,1994,12,80.16
Bhola,1995,1,78.03
Bhola,1995,2,79.61
Bhola,1995,3,71.13
Bhola,1995,4,79.13
Bhola,1995,5,84.55
Bhola,1995,6,89.23
Bhola,1995,7,90.23
Bhola,1995,8,88.39
Bhola,1995,9,89.5
Bhola,1995,10,87.42
Bhola,1995,11,86.6
Bhola,1995,12,80.9
Bhola,1996,1,79.77
Bhola,1996,2,75.76
Bhola,1996,3,78.32
Bhola,1996,4,82.33
Bhola,1996,5,84.52
Bhola,1996,6,87.37
Bhola,1996,7,88.58
Bhola,1996,8,90.48
Bhola,1996,9,87.53
Bhola,1996,10,84.19
Bhola,1996,11,82.33
Bhola,1996,12,79.48
Bhola,1997,1,78.1
Bhola,1997,2,77.75
Bhola,1997,3,80.42
Bhola,1997,4,81.87
Bhola,1997,5,84.32
Bhola,1997,6,86.27
Bhola,1997,7,90.84
Bhola,1997,8,88.16
Bhola,1997,9,89.2
Bhola,1997,10,83.16
Bhola,1997,11,81.4
Bhola,1997,12,83.16
Bhola,1998,1,84.26
Bhola,1998,2,79.25
Bhola,1998,3,77.97
Bhola,1998,4,82.57
Bhola,1998,5,86.06
Bhola,1998,6,88.17
Bhola,1998,7,93.13
Bhola,1998,8,92.13
Bhola,1998,9,89.93
Bhola,1998,10,87.97
Bhola,1998,11,83.67
Bhola,1998,12,81.97
Bhola,1999,1,80.23
Bhola,1999,2,74.93
Bhola,1999,3,75.87
Bhola,1999,4,79.33
Bhola,1999,5,87.58
Bhola,1999,6,90.03
Bhola,1999,7,90.55
Bhola,1999,8,91.58
Bhola,1999,9,89.9
Bhola,1999,10,88.68
Bhola,1999,11,81.3
Bhola,1999,12,81.06
Bhola,2000,1,80.65
Bhola,2000,2,76.17
Bhola,2000,3,77.52
Bhola,2000,4,80.23
Bhola,2000,5,84.45
Bhola,2000,6,88.9
Bhola,2000,7,89.1
Bhola,2000,8,87.71
Bhola,2000,9,87.9
Bhola,2000,10,85.9
Bhola,2000,11,82.2
Bhola,2000,12,78.77
Bhola,2001,1,77.29
Bhola,2001,2,77.11
Bhola,2001,3,72.48
Bhola,2001,4,74.87
Bhola,2001,5,84.68
Bhola,2001,6,92.2
Bhola,2001,7,89.35
Bhola,2001,8,87
Bhola,2001,9,89.17
Bhola,2001,10,87.84
Bhola,2001,11,86
Bhola,2001,12,82.52
Bhola,2002,1,81.42
Bhola,2002,2,73.18
Bhola,2002,3,73.71
Bhola,2002,4,81.07
Bhola,2002,5,84.26
Bhola,2002,6,89.5
Bhola,2002,7,91.29
Bhola,2002,8,89.35
Bhola,2002,9,87.77
Bhola,2002,10,84.39
Bhola,2002,11,83.1
Bhola,2002,12,83.26
Bhola,2003,1,82.13
Bhola,2003,2,75.29
Bhola,2003,3,75.94
Bhola,2003,4,81.17
Bhola,2003,5,81.39
Bhola,2003,6,88.53
Bhola,2003,7,87.42
Bhola,2003,8,86.55
Bhola,2003,9,88.67
Bhola,2003,10,87.29
Bhola,2003,11,80.73
Bhola,2003,12,83.81
Bhola,2004,1,83.71
Bhola,2004,2,75.9
Bhola,2004,3,77.52
Bhola,2004,4,81.1
Bhola,2004,5,79.48
Bhola,2004,6,88.53
Bhola,2004,7,88.42
Bhola,2004,8,88.26
Bhola,2004,9,90.73
Bhola,2004,10,85.77
Bhola,2004,11,82.87
Bhola,2004,12,83.32
Bhola,2005,1,80.61
Bhola,2005,2,75.07
Bhola,2005,3,79.26
Bhola,2005,4,77.67
Bhola,2005,5,80.39
Bhola,2005,6,85.7
Bhola,2005,7,88.74
Bhola,2005,8,90.65
Bhola,2005,9,88
Bhola,2005,10,88.68
Bhola,2005,11,84.43
Bhola,2005,12,82.55
Bhola,2006,1,82.32
Bhola,2006,2,80.54
Bhola,2006,3,75.06
Bhola,2006,4,76.53
Bhola,2006,5,83.13
Bhola,2006,6,87.37
Bhola,2006,7,88.74
Bhola,2006,8,87.19
Bhola,2006,9,87.83
Bhola,2006,10,88.06
Bhola,2006,11,85.83
Bhola,2006,12,84.03
Bhola,2007,1,80.87
Bhola,2007,2,79.93
Bhola,2007,3,71.74
Bhola,2007,4,78.47
Bhola,2007,5,82.45
Bhola,2007,6,87.47
Bhola,2007,7,90.45
Bhola,2007,8,86.42
Bhola,2007,9,90
Bhola,2007,10,85.84
Bhola,2007,11,85.03
Bhola,2007,12,84.42
Bhola,2008,1,82.77
Bhola,2008,2,78.03
Bhola,2008,3,82.16
Bhola,2008,4,80.33
Bhola,2008,5,83.74
Bhola,2008,6,89
Bhola,2008,7,92.03
Bhola,2008,8,90.03
Bhola,2008,9,88.7
Bhola,2008,10,87.23
Bhola,2008,11,82.33
Bhola,2008,12,86.77
Bhola,2009,1,83
Bhola,2009,2,77.04
Bhola,2009,3,78.03
Bhola,2009,4,81.97
Bhola,2009,5,83.16
Bhola,2009,6,87.93
Bhola,2009,7,93.48
Bhola,2009,8,90.87
Bhola,2009,9,88.33
Bhola,2009,10,85.48
Bhola,2009,11,82.47
Bhola,2009,12,81.87
Bhola,2010,1,81.03
Bhola,2010,2,73.43
Bhola,2010,3,75.84
Bhola,2010,4,83.6
Bhola,2010,5,86.87
Bhola,2010,6,90.23
Bhola,2010,7,89.71
Bhola,2010,8,87.42
Bhola,2010,9,88.2
Bhola,2010,10,84.87
Bhola,2010,11,81.87
Bhola,2010,12,80.87
Bhola,2011,1,79.77
Bhola,2011,2,75.68
Bhola,2011,3,75.19
Bhola,2011,4,79.57
Bhola,2011,5,84.13
Bhola,2011,6,88.23
Bhola,2011,7,87.58
Bhola,2011,8,88.77
Bhola,2011,9,90.03
Bhola,2011,10,85.39
Bhola,2011,11,82.9
Bhola,2011,12,84.9
Bhola,2012,1,82.65
Bhola,2012,2,74.52
Bhola,2012,3,77.87
Bhola,2012,4,81.2
Bhola,2012,5,79.48
Bhola,2012,6,85.87
Bhola,2012,7,88.35
Bhola,2012,8,87.1
Bhola,2012,9,88.63
Bhola,2012,10,86.1
Bhola,2012,11,82.87
Bhola,2012,12,85.39
Bhola,2013,1,78.26
Bhola,2013,2,73.68
Bhola,2013,3,74.26
Bhola,2013,4,76.47
Bhola,2013,5,86.23
Bhola,2013,6,84.8
Bhola,2013,7,87.84
Bhola,2013,8,89.65
Bhola,2013,9,87.7
Bhola,2013,10,86.77
Bhola,2013,11,80.93
Bhola,2013,12,83.06
Bhola,2014,1,83.74
Bhola,2014,2,77.89
Bhola,2014,3,73.68
Bhola,2014,4,74.17
Bhola,2014,5,78.81
Bhola,2014,6,86.8
Bhola,2014,7,87.65
Bhola,2014,8,89.42
Bhola,2014,9,87
Bhola,2014,10,83.94
Bhola,2014,11,83.37
Bhola,2014,12,86.52
Bhola,2015,1,82.68
Bhola,2015,2,78.43
Bhola,2015,3,73.23
Bhola,2015,4,79.57
Bhola,2015,5,80.06
Bhola,2015,6,86.17
Bhola,2015,7,90.13
Bhola,2015,8,89.16
Bhola,2015,9,88.2
Bhola,2015,10,87
Bhola,2015,11,84.27
Bhola,2015,12,84.81
Bhola,2016,1,85.55
Bhola,2016,2,81.86
Bhola,2016,3,81.29
Bhola,2016,4,80.57
Bhola,2016,5,82.42
Bhola,2016,6,85.07
Bhola,2016,7,88.84
Bhola,2016,8,87.81
Bhola,2016,9,86.97
Bhola,2016,10,86.58
Bhola,2016,11,82.23
Bhola,2016,12,82.13
Bhola,2017,1,78
Bhola,2017,2,73.43
Bhola,2017,3,78.1
Bhola,2017,4,79.83
Bhola,2017,5,77.32
Bhola,2017,6,83.3
Bhola,2017,7,86.16
Bhola,2017,8,85.61
Bhola,2017,9,84.97
Bhola,2017,10,84.19
Bhola,2017,11,82.57
Bhola,2017,12,86.71
Bhola,2018,1,81.45
Bhola,2018,2,77.39
Bhola,2018,3,75.03
Bhola,2018,4,76.67
Bhola,2018,5,85
Bhola,2018,6,86.33
Bhola,2018,7,87.58
Bhola,2018,8,86.06
Bhola,2018,9,85.17
Bhola,2018,10,84.81
Bhola,2018,11,82.1
Bhola,2018,12,82.1
Bhola,2019,1,77.74
Bhola,2019,2,78.5
Bhola,2019,3,74.39
Bhola,2019,4,76.83
Bhola,2019,5,79.23
Bhola,2019,6,82.87
Bhola,2019,7,88.68
Bhola,2019,8,85.71
Bhola,2019,9,87.23
Bhola,2019,10,86.23
Bhola,2019,11,85.3
Bhola,2019,12,84.45
Bhola,2020,1,83.71
Bhola,2020,2,74.79
Bhola,2020,3,69.9
Bhola,2020,4,79.2
Bhola,2020,5,79.68
Bhola,2020,6,87.67
Bhola,2020,7,87.87
Bhola,2020,8,88.16
Bhola,2020,9,86.83
Bhola,2020,10,86.87
Bhola,2020,11,83.5
Bhola,2020,12,89.95
Bhola,2021,1,86.19
Bhola,2021,2,75.27
Bhola,2021,3,69.16
Bhola,2021,4,67.93
Bhola,2021,5,71.32
Bhola,2021,6,86.83
Bhola,2021,7,88.72
Bhola,2021,8,88.56
Bhola,2021,9,87.52
Bhola,2021,10,86.84
Bhola,2021,11,82.42
Bhola,2021,12,85.21
Bhola,2022,1,84.97
Bhola,2022,2,78.14
Bhola,2022,3,72.48
Bhola,2022,4,79.37
Bhola,2022,5,82.23
Bhola,2022,6,86.3
Bhola,2022,7,84.19
Bhola,2022,8,85.94
Bhola,2022,9,87.7
Bhola,2022,10,85.77
Bhola,2022,11,81.77
Bhola,2022,12,85
Bhola,2023,1,88.84
Bhola,2023,2,76.02
Bhola,2023,3,72.18
Bhola,2023,4,69.72
Bhola,2023,5,74.77
Bhola,2023,6,83.57
Bhola,2023,7,79.89
Bhola,2023,8,87.48
Bhola,2023,9,86.32
Bhola,2023,10,86.65
Bhola,2023,11,87.15
Bhola,2023,12,90.63
Bhola,2024,1,86
Bhola,2024,2,78
Bhola,2024,3,76
Bhola,2024,4,77
Bhola,2024,5,81
Bhola,2024,6,84
Bhola,2024,7,87
Bhola,2024,8,91
Bhola,2024,9,87
Bhola,2024,10,88
Bhola,2024,11,82
Bhola,2024,12,82
Bogura,1948,2,58.03
Bogura,1948,3,47.35
Bogura,1948,4,63.57
Bogura,1948,5,81.1
Bogura,1948,7,84.61
Bogura,1948,8,83.61
Bogura,1948,9,84.73
Bogura,1948,10,80
Bogura,1948,11,76.83
Bogura,1948,12,70.45
Bogura,1949,1,79.35
Bogura,1949,2,70.57
Bogura,1949,3,61.13
Bogura,1949,4,81.17
Bogura,1949,7,87
Bogura,1949,8,87.65
Bogura,1949,10,82.16
Bogura,1949,11,71.1
Bogura,1949,12,67.6
Bogura,1950,1,68.1
Bogura,1950,2,68.21
Bogura,1950,3,60.1
Bogura,1950,4,45.23
Bogura,1950,5,73.13
Bogura,1950,6,86.03
Bogura,1950,7,86.74
Bogura,1950,8,88.9
Bogura,1950,9,81.57
Bogura,1950,10,83.23
Bogura,1950,11,76.03
Bogura,1950,12,73.29
Bogura,1951,1,71.32
Bogura,1951,2,50.71
Bogura,1951,3,48.32
Bogura,1951,4,48.7
Bogura,1951,5,70.87
Bogura,1951,6,86.43
Bogura,1951,7,85.84
Bogura,1951,8,85.19
Bogura,1951,9,83.27
Bogura,1951,10,84.26
Bogura,1951,11,78
Bogura,1951,12,72.16
Bogura,1952,1,65.9
Bogura,1952,2,53.24
Bogura,1952,3,57
Bogura,1952,4,59.67
Bogura,1952,5,75.39
Bogura,1952,6,82
Bogura,1952,7,84.48
Bogura,1952,8,82.87
Bogura,1952,9,84.37
Bogura,1952,10,77.35
Bogura,1952,11,73.03
Bogura,1952,12,67.9
Bogura,1953,1,78.81
Bogura,1953,2,74.18
Bogura,1953,3,80.26
Bogura,1953,4,66.03
Bogura,1953,5,81.58
Bogura,1953,6,85.97
Bogura,1953,7,89.29
Bogura,1953,8,84.16
Bogura,1953,9,86.9
Bogura,1953,10,78.9
Bogura,1953,11,73.17
Bogura,1953,12,73.52
Bogura,1954,1,75.9
Bogura,1954,2,68
Bogura,1954,3,51.87
Bogura,1954,4,56.87
Bogura,1954,5,73.13
Bogura,1954,6,89.27
Bogura,1954,7,88.65
Bogura,1954,8,87.77
Bogura,1954,9,84.33
Bogura,1954,10,82.16
Bogura,1954,11,75.83
Bogura,1954,12,74.58
Bogura,1955,1,70.26
Bogura,1955,2,55.71
Bogura,1955,3,56.03
Bogura,1955,4,53.8
Bogura,1955,5,73.68
Bogura,1955,6,85.03
Bogura,1955,7,89.19
Bogura,1955,8,89.13
Bogura,1955,9,85.97
Bogura,1955,10,81.1
Bogura,1955,11,79.1
Bogura,1955,12,77.19
Bogura,1956,1,74.23
Bogura,1956,2,63.38
Bogura,1956,3,65.06
Bogura,1956,4,62.77
Bogura,1956,5,83.13
Bogura,1956,6,88.27
Bogura,1956,7,84.39
Bogura,1956,8,87.26
Bogura,1956,9,85.17
Bogura,1956,10,83.77
Bogura,1956,11,75.23
Bogura,1956,12,75.06
Bogura,1957,1,77.29
Bogura,1957,2,68.29
Bogura,1957,3,58.52
Bogura,1957,4,47.43
Bogura,1957,5,61.68
Bogura,1957,6,84.67
Bogura,1957,7,87.29
Bogura,1957,8,84.87
Bogura,1957,9,83.93
Bogura,1957,10,79.29
Bogura,1957,11,71.53
Bogura,1957,12,72.94
Bogura,1958,1,68.58
Bogura,1958,2,62.11
Bogura,1958,3,48.03
Bogura,1958,4,59.03
Bogura,1958,5,75.71
Bogura,1958,6,79.37
Bogura,1958,7,83.45
Bogura,1958,8,88.29
Bogura,1958,9,84.73
Bogura,1958,10,82.03
Bogura,1958,11,77.47
Bogura,1958,12,77.81
Bogura,1959,1,78.61
Bogura,1959,2,70.54
Bogura,1959,3,63.84
Bogura,1959,4,72.5
Bogura,1959,5,82.39
Bogura,1959,6,87.53
Bogura,1959,7,86.45
Bogura,1959,8,87.03
Bogura,1959,9,86.17
Bogura,1959,10,87.58
Bogura,1959,11,76.83
Bogura,1959,12,75.61
Bogura,1960,1,67.23
Bogura,1960,2,60.45
Bogura,1960,3,60.06
Bogura,1960,4,44.07
Bogura,1960,5,69.1
Bogura,1960,6,84.67
Bogura,1960,7,87.68
Bogura,1960,8,87.06
Bogura,1960,9,89.6
Bogura,1960,10,81
Bogura,1960,11,77.93
Bogura,1960,12,76.81
Bogura,1961,1,76.77
Bogura,1961,2,68.25
Bogura,1961,3,59.06
Bogura,1961,4,60.9
Bogura,1961,5,81.65
Bogura,1961,6,87.33
Bogura,1961,7,85.16
Bogura,1961,8,88.77
Bogura,1961,9,85.23
Bogura,1961,10,83.74
Bogura,1961,11,78.67
Bogura,1961,12,77.42
Bogura,1962,1,73.77
Bogura,1962,2,68.75
Bogura,1962,3,51.32
Bogura,1962,4,56.17
Bogura,1962,5,78.81
Bogura,1962,6,87.27
Bogura,1962,7,85.03
Bogura,1962,8,87.48
Bogura,1962,9,82.33
Bogura,1962,10,79.55
Bogura,1962,11,72.9
Bogura,1962,12,73.52
Bogura,1963,1,71
Bogura,1963,2,60.54
Bogura,1963,3,59.35
Bogura,1963,4,65.3
Bogura,1963,5,80.26
Bogura,1963,6,86.1
Bogura,1963,7,88.1
Bogura,1963,8,86.06
Bogura,1963,9,84.27
Bogura,1963,10,84.58
Bogura,1963,11,80.77
Bogura,1963,12,75.48
Bogura,1964,1,66.23
Bogura,1964,2,60.28
Bogura,1964,3,51.9
Bogura,1964,4,69.72
Bogura,1964,5,100
Bogura,1964,6,85.23
Bogura,1964,7,88.16
Bogura,1964,8,85.03
Bogura,1964,9,86
Bogura,1964,10,85.52
Bogura,1964,11,76.47
Bogura,1964,12,73.97
Bogura,1965,1,67.79
Bogura,1965,2,61.18
Bogura,1965,3,54.19
Bogura,1965,4,56.03
Bogura,1965,5,72.58
Bogura,1965,6,87.23
Bogura,1965,7,86.71
Bogura,1965,8,87.1
Bogura,1965,9,85.7
Bogura,1965,10,81.55
Bogura,1965,11,78.6
Bogura,1965,12,71.45
Bogura,1969,1,64.55
Bogura,1969,2,52.93
Bogura,1969,3,55.13
Bogura,1969,4,67.93
Bogura,1969,5,72.94
Bogura,1969,6,86.47
Bogura,1969,7,86.77
Bogura,1969,8,88.16
Bogura,1969,9,85.93
Bogura,1969,10,80.29
Bogura,1969,11,76.27
Bogura,1969,12,71.68
Bogura,1970,1,72.23
Bogura,1970,2,62.11
Bogura,1970,3,54.17
Bogura,1970,4,62.47
Bogura,1970,5,71.26
Bogura,1970,6,86.37
Bogura,1970,7,88.45
Bogura,1970,8,84.13
Bogura,1970,9,86.67
Bogura,1970,10,86.17
Bogura,1970,11,77.1
Bogura,1970,12,75.77
Bogura,1971,1,72.65
Bogura,1971,2,63.04
Bogura,1971,3,63.48
Bogura,1971,7,84.87
Bogura,1971,8,86.13
Bogura,1971,9,82.53
Bogura,1971,10,79.97
Bogura,1971,11,71.43
Bogura,1971,12,66.4
Bogura,1972,1,64.45
Bogura,1972,2,59
Bogura,1972,3,53.06
Bogura,1972,4,55.47
Bogura,1972,5,68.74
Bogura,1972,6,84.13
Bogura,1972,7,84.9
Bogura,1972,8,86.06
Bogura,1972,9,84
Bogura,1972,10,80.16
Bogura,1972,11,75.93
Bogura,1972,12,71.65
Bogura,1973,1,70.26
Bogura,1973,2,63.61
Bogura,1973,3,61.45
Bogura,1973,4,60.7
Bogura,1973,5,82.77
Bogura,1973,6,88.3
Bogura,1973,7,84.84
Bogura,1973,8,84.87
Bogura,1973,9,87.77
Bogura,1973,10,83.06
Bogura,1973,11,80.7
Bogura,1973,12,76.87
Bogura,1974,1,72.23
Bogura,1974,2,64.79
Bogura,1974,3,63.58
Bogura,1974,4,78.47
Bogura,1974,5,81.39
Bogura,1974,6,86
Bogura,1974,7,90.13
Bogura,1974,8,85.17
Bogura,1974,9,86.53
Bogura,1974,10,83.45
Bogura,1974,11,74.9
Bogura,1974,12,71.03
Bogura,1975,1,69.63
Bogura,1975,2,60.79
Bogura,1975,3,51.26
Bogura,1975,4,59.1
Bogura,1975,5,75.32
Bogura,1975,6,81.33
Bogura,1975,7,89.84
Bogura,1975,8,84.55
Bogura,1975,9,87.89
Bogura,1975,10,84.17
Bogura,1975,11,75.21
Bogura,1975,12,73.1
Bogura,1976,1,70.9
Bogura,1976,2,60.41
Bogura,1976,3,50.39
Bogura,1976,4,52.7
Bogura,1976,5,78.77
Bogura,1976,6,85.2
Bogura,1976,7,85.45
Bogura,1976,8,89
Bogura,1976,9,84.93
Bogura,1976,10,81.39
Bogura,1976,11,76.83
Bogura,1976,12,72.84
Bogura,1977,7,88.19
Bogura,1977,8,85.74
Bogura,1977,9,85.47
Bogura,1977,10,85.55
Bogura,1977,11,79.9
Bogura,1977,12,78.26
Bogura,1978,1,71.55
Bogura,1978,3,56.84
Bogura,1978,4,66.93
Bogura,1978,5,85.39
Bogura,1978,6,88.43
Bogura,1978,7,85.84
Bogura,1978,8,83.61
Bogura,1978,9,86.03
Bogura,1978,10,77.22
Bogura,1979,1,70.87
Bogura,1979,2,63.04
Bogura,1979,3,46.03
Bogura,1979,4,60.23
Bogura,1979,5,59.03
Bogura,1979,6,77.23
Bogura,1979,7,88.61
Bogura,1979,8,85.03
Bogura,1979,9,85.37
Bogura,1979,10,80.39
Bogura,1979,11,75.6
Bogura,1979,12,78.13
Bogura,1980,1,70.19
Bogura,1980,2,64.41
Bogura,1980,3,54.87
Bogura,1980,4,58.7
Bogura,1980,5,79.65
Bogura,1980,6,85.37
Bogura,1980,7,86.87
Bogura,1980,8,86.16
Bogura,1980,9,86.37
Bogura,1980,10,83.74
Bogura,1980,11,73.17
Bogura,1980,12,73.26
Bogura,1981,1,78.1
Bogura,1981,2,67.89
Bogura,1981,3,62.48
Bogura,1981,4,75.87
Bogura,1981,5,79.65
Bogura,1981,6,81.73
Bogura,1981,7,87.48
Bogura,1981,8,84.29
Bogura,1981,9,86.37
Bogura,1981,10,74.29
Bogura,1981,11,73.07
Bogura,1981,12,75.84
Bogura,1982,1,72.61
Bogura,1982,2,62.71
Bogura,1982,3,63
Bogura,1982,4,66.67
Bogura,1982,5,70.03
Bogura,1982,6,84.33
Bogura,1982,7,85.84
Bogura,1982,8,85.61
Bogura,1982,9,82.53
Bogura,1982,10,78.19
Bogura,1982,11,75.7
Bogura,1982,12,75.23
Bogura,1983,1,72.13
Bogura,1983,2,61.11
Bogura,1983,3,57.23
Bogura,1983,4,59.13
Bogura,1983,5,79.81
Bogura,1983,6,80.23
Bogura,1983,7,85.03
Bogura,1983,8,85.58
Bogura,1983,9,88.17
Bogura,1983,10,84.32
Bogura,1983,11,74.5
Bogura,1983,12,74.16
Bogura,1984,1,74.71
Bogura,1984,2,67.24
Bogura,1984,3,59.77
Bogura,1984,4,63.7
Bogura,1984,5,85.42
Bogura,1984,6,87.2
Bogura,1984,7,88.06
Bogura,1984,8,85
Bogura,1984,9,85.7
Bogura,1984,10,81.81
Bogura,1984,11,72.4
Bogura,1984,12,74.97
Bogura,1985,1,72.42
Bogura,1985,2,66.21
Bogura,1985,3,60.61
Bogura,1985,4,65.27
Bogura,1985,5,76.81
Bogura,1985,6,85.97
Bogura,1985,7,87.77
Bogura,1985,8,85.26
Bogura,1985,9,87.87
Bogura,1985,10,80.58
Bogura,1985,11,73.43
Bogura,1985,12,74.13
Bogura,1986,1,72.42
Bogura,1986,2,63.36
Bogura,1986,3,52.9
Bogura,1986,4,73.33
Bogura,1986,5,78.74
Bogura,1986,6,85.9
Bogura,1986,7,88.65
Bogura,1986,8,84.74
Bogura,1986,9,88.33
Bogura,1986,10,84.58
Bogura,1986,11,79.03
Bogura,1986,12,76.45
Bogura,1987,1,73.81
Bogura,1987,2,69.86
Bogura,1987,3,68.68
Bogura,1987,4,68.27
Bogura,1987,5,72.97
Bogura,1987,6,83.38
Bogura,1987,7,90.48
Bogura,1987,8,87.65
Bogura,1987,9,86.83
Bogura,1987,10,78.03
Bogura,1987,11,76.93
Bogura,1987,12,76.9
Bogura,1988,1,74.48
Bogura,1988,2,72.17
Bogura,1988,3,71.19
Bogura,1988,4,73.37
Bogura,1988,5,83.26
Bogura,1988,6,85.53
Bogura,1988,7,86.87
Bogura,1988,8,87.19
Bogura,1988,9,84.8
Bogura,1988,10,82.39
Bogura,1988,11,78.5
Bogura,1988,12,80.94
Bogura,1989,1,73.03
Bogura,1989,2,66.93
Bogura,1989,3,64
Bogura,1989,4,63.67
Bogura,1989,5,78.06
Bogura,1989,6,83.2
Bogura,1989,7,87.19
Bogura,1989,8,83.81
Bogura,1989,9,87.7
Bogura,1989,10,84.1
Bogura,1989,11,81.3
Bogura,1989,12,80.2
Bogura,1990,1,79.81
Bogura,1990,2,77.61
Bogura,1990,3,78.65
Bogura,1990,4,80.7
Bogura,1990,5,81.87
Bogura,1990,6,87.03
Bogura,1990,7,90.06
Bogura,1990,8,88.1
Bogura,1990,9,88.87
Bogura,1990,10,88.52
Bogura,1990,11,78
Bogura,1990,12,75.23
Bogura,1991,1,74.32
Bogura,1991,2,70.75
Bogura,1991,3,69.58
Bogura,1991,4,72.83
Bogura,1991,5,87.77
Bogura,1991,6,86.67
Bogura,1991,7,86.48
Bogura,1991,8,84.97
Bogura,1991,9,90.73
Bogura,1991,10,85.97
Bogura,1991,11,76.93
Bogura,1991,12,80.35
Bogura,1992,1,81.1
Bogura,1992,2,74.69
Bogura,1992,3,63.29
Bogura,1992,4,66.03
Bogura,1992,5,77.94
Bogura,1992,6,82.2
Bogura,1992,7,86.9
Bogura,1992,8,84.45
Bogura,1992,9,85.17
Bogura,1992,10,82.61
Bogura,1992,11,77.23
Bogura,1992,12,76.13
Bogura,1993,1,81.39
Bogura,1993,2,74.75
Bogura,1993,3,65.35
Bogura,1993,4,72.07
Bogura,1993,5,81.48
Bogura,1993,6,86.6
Bogura,1993,7,85.84
Bogura,1993,8,87.26
Bogura,1993,9,87.37
Bogura,1993,10,82.9
Bogura,1993,11,77.77
Bogura,1993,12,75.23
Bogura,1994,1,76.55
Bogura,1994,2,73.71
Bogura,1994,3,70
Bogura,1994,4,70
Bogura,1994,5,76.87
Bogura,1994,6,86.9
Bogura,1994,7,83.1
Bogura,1994,8,84.61
Bogura,1994,9,84.77
Bogura,1994,10,80.81
Bogura,1994,11,80.3
Bogura,1994,12,75.87
Bogura,1995,1,72.9
Bogura,1995,2,72.71
Bogura,1995,3,64.97
Bogura,1995,4,65.87
Bogura,1995,5,78.74
Bogura,1995,6,87.23
Bogura,1995,7,88.13
Bogura,1995,8,87.16
Bogura,1995,9,87.37
Bogura,1995,10,83.55
Bogura,1995,11,80.03
Bogura,1995,12,79.16
Bogura,1996,1,76.68
Bogura,1996,2,73.69
Bogura,1996,3,68.48
Bogura,1996,4,68.03
Bogura,1996,5,77.52
Bogura,1996,6,83.57
Bogura,1996,7,85.87
Bogura,1996,8,84.94
Bogura,1996,9,85.3
Bogura,1996,10,82.03
Bogura,1996,11,77.53
Bogura,1996,12,74.29
Bogura,1997,1,74.23
Bogura,1997,2,68.96
Bogura,1997,3,68.94
Bogura,1997,4,79.57
Bogura,1997,5,75.23
Bogura,1997,6,82.03
Bogura,1997,7,86.97
Bogura,1997,8,85.19
Bogura,1997,9,87.8
Bogura,1997,10,78.58
Bogura,1997,11,77.53
Bogura,1997,12,83.52
Bogura,1998,1,81.87
Bogura,1998,2,70.46
Bogura,1998,3,70.39
Bogura,1998,4,77.77
Bogura,1998,5,78.65
Bogura,1998,6,84.5
Bogura,1998,7,88.61
Bogura,1998,8,88.35
Bogura,1998,9,85.67
Bogura,1998,10,85.26
Bogura,1998,11,78.87
Bogura,1998,12,76.42
Bogura,1999,1,75.26
Bogura,1999,2,69.54
Bogura,1999,3,61.77
Bogura,1999,4,73.8
Bogura,1999,5,81.39
Bogura,1999,6,83.27
Bogura,1999,7,86.35
Bogura,1999,8,86.65
Bogura,1999,9,86.7
Bogura,1999,10,83.94
Bogura,1999,11,77.17
Bogura,1999,12,77.06
Bogura,2000,1,77.32
Bogura,2000,2,71.83
Bogura,2000,3,71.19
Bogura,2000,4,77.4
Bogura,2000,5,80.23
Bogura,2000,6,82.8
Bogura,2000,7,83.77
Bogura,2000,8,84.94
Bogura,2000,9,86.77
Bogura,2000,10,82.29
Bogura,2000,11,78.27
Bogura,2000,12,73.39
Bogura,2001,1,72.48
Bogura,2001,2,70.32
Bogura,2001,3,61.29
Bogura,2001,4,67.47
Bogura,2001,5,78.19
Bogura,2001,6,83.9
Bogura,2001,7,82.9
Bogura,2001,8,82.58
Bogura,2001,9,85.83
Bogura,2001,10,85.39
Bogura,2001,11,81.57
Bogura,2001,12,81.65
Bogura,2002,1,78.1
Bogura,2002,2,68.54
Bogura,2002,3,66.39
Bogura,2002,4,78.37
Bogura,2002,5,80.68
Bogura,2002,6,86.93
Bogura,2002,7,89.77
Bogura,2002,8,86.06
Bogura,2002,9,86.87
Bogura,2002,10,83.45
Bogura,2002,11,79
Bogura,2002,12,81.48
Bogura,2003,1,82.55
Bogura,2003,2,74.86
Bogura,2003,3,71.45
Bogura,2003,4,76.93
Bogura,2003,5,76.97
Bogura,2003,6,84.47
Bogura,2003,7,82.16
Bogura,2003,8,82.87
Bogura,2003,9,86.13
Bogura,2003,10,86.23
Bogura,2003,11,76.97
Bogura,2003,12,77.42
Bogura,2004,1,83.84
Bogura,2004,2,69.59
Bogura,2004,3,71.45
Bogura,2004,4,78.53
Bogura,2004,5,73.48
Bogura,2004,6,84
Bogura,2004,7,86.03
Bogura,2004,8,82.65
Bogura,2004,9,87.37
Bogura,2004,10,83
Bogura,2004,11,76.37
Bogura,2004,12,77.42
Bogura,2005,1,78.26
Bogura,2005,2,67.86
Bogura,2005,3,72.65
Bogura,2005,4,72.5
Bogura,2005,5,75.77
Bogura,2005,6,78
Bogura,2005,7,83.94
Bogura,2005,8,85
Bogura,2005,9,82.5
Bogura,2005,10,84.39
Bogura,2005,11,79.17
Bogura,2005,12,74.45
Bogura,2006,1,79.97
Bogura,2006,2,75.07
Bogura,2006,3,61.48
Bogura,2006,4,75.3
Bogura,2006,5,76.45
Bogura,2006,6,82.9
Bogura,2006,7,82.29
Bogura,2006,8,81.1
Bogura,2006,9,83.37
Bogura,2006,10,80.32
Bogura,2006,11,77.1
Bogura,2006,12,75.61
Bogura,2007,1,76.35
Bogura,2007,2,77.14
Bogura,2007,3,65.97
Bogura,2007,4,72.83
Bogura,2007,5,71.29
Bogura,2007,6,83.63
Bogura,2007,7,84.61
Bogura,2007,8,82.58
Bogura,2007,9,82.97
Bogura,2007,10,81.13
Bogura,2007,11,76.17
Bogura,2007,12,76.68
Bogura,2008,1,79.48
Bogura,2008,2,72
Bogura,2008,3,73.71
Bogura,2008,4,71.4
Bogura,2008,5,74.19
Bogura,2008,6,84.07
Bogura,2008,7,85.32
Bogura,2008,8,84.61
Bogura,2008,9,82.03
Bogura,2008,10,81.84
Bogura,2008,11,74.87
Bogura,2008,12,82.74
Bogura,2009,1,81.55
Bogura,2009,2,65.82
Bogura,2009,3,64.55
Bogura,2009,4,69.87
Bogura,2009,5,77.81
Bogura,2009,6,78.33
Bogura,2009,7,81.71
Bogura,2009,8,85.52
Bogura,2009,9,82.27
Bogura,2009,10,79.48
Bogura,2009,11,74.73
Bogura,2009,12,79.1
Bogura,2010,1,80.03
Bogura,2010,2,66.11
Bogura,2010,3,64
Bogura,2010,4,75.43
Bogura,2010,5,74.32
Bogura,2010,6,82.9
Bogura,2010,7,81.61
Bogura,2010,8,82.48
Bogura,2010,9,83.97
Bogura,2010,10,81.32
Bogura,2010,11,74.57
Bogura,2010,12,74.58
Bogura,2011,1,79.71
Bogura,2011,2,68.46
Bogura,2011,3,66.65
Bogura,2011,4,71.47
Bogura,2011,5,77.87
Bogura,2011,6,81.5
Bogura,2011,7,82.55
Bogura,2011,8,85.74
Bogura,2011,9,83.97
Bogura,2011,10,77.58
Bogura,2011,11,75.83
Bogura,2011,12,81.9
Bogura,2012,1,74.35
Bogura,2012,2,63.59
Bogura,2012,3,60.35
Bogura,2012,4,70.63
Bogura,2012,5,71.35
Bogura,2012,6,80.67
Bogura,2012,7,83.65
Bogura,2012,8,82.32
Bogura,2012,9,83.2
Bogura,2012,10,78.97
Bogura,2012,11,74.53
Bogura,2012,12,84.65
Bogura,2013,1,76.45
Bogura,2013,2,67.29
Bogura,2013,3,63.35
Bogura,2013,5,81.26
Bogura,2013,6,79.13
Bogura,2013,7,81.42
Bogura,2013,8,85.55
Bogura,2013,9,81.37
Bogura,2013,10,82.77
Bogura,2013,11,73.63
Bogura,2013,12,78.52
Bogura,2014,1,82.26
Bogura,2014,2,72.04
Bogura,2014,3,62.81
Bogura,2014,4,62
Bogura,2014,5,72.45
Bogura,2014,6,83.57
Bogura,2014,7,83.42
Bogura,2014,8,85.03
Bogura,2014,9,85.13
Bogura,2014,10,79.16
Bogura,2014,11,73.67
Bogura,2014,12,83
Bogura,2015,1,79.68
Bogura,2015,2,74
Bogura,2015,3,67.81
Bogura,2015,4,76.07
Bogura,2015,5,76.55
Bogura,2015,6,82.13
Bogura,2015,7,83.74
Bogura,2015,8,85.61
Bogura,2015,9,81.57
Bogura,2015,10,78.19
Bogura,2015,11,75.57
Bogura,2015,12,77.65
Bogura,2016,1,77.65
Bogura,2016,2,72
Bogura,2016,3,66.94
Bogura,2016,4,70.73
Bogura,2016,5,77.48
Bogura,2016,6,78.77
Bogura,2016,7,86.32
Bogura,2016,8,80.94
Bogura,2016,9,85.47
Bogura,2016,10,82.13
Bogura,2016,11,74.53
Bogura,2016,12,78.9
Bogura,2017,1,74.61
Bogura,2017,2,69
Bogura,2017,3,71.19
Bogura,2017,4,76.23
Bogura,2017,5,77.55
Bogura,2017,6,81.83
Bogura,2017,7,86.06
Bogura,2017,8,84.1
Bogura,2017,9,84.97
Bogura,2017,10,84.52
Bogura,2017,11,75.83
Bogura,2017,12,80.77
Bogura,2018,1,80.77
Bogura,2018,2,69.29
Bogura,2018,3,67.13
Bogura,2018,4,74.67
Bogura,2018,5,79.55
Bogura,2018,6,80.97
Bogura,2018,7,83.35
Bogura,2018,8,81.42
Bogura,2018,9,80.9
Bogura,2018,10,77.42
Bogura,2018,11,71.77
Bogura,2018,12,72.39
Bogura,2019,1,68.68
Bogura,2019,2,69.04
Bogura,2019,3,61.94
Bogura,2019,4,73.47
Bogura,2019,5,75.87
Bogura,2019,6,80.53
Bogura,2019,7,83.23
Bogura,2019,8,81.23
Bogura,2019,9,85.33
Bogura,2019,10,83.65
Bogura,2019,11,80.87
Bogura,2019,12,82.65
Bogura,2020,1,84.94
Bogura,2020,2,74.21
Bogura,2020,3,65.74
Bogura,2020,4,71
Bogura,2020,5,80.32
Bogura,2020,6,83.9
Bogura,2020,7,85.06
Bogura,2020,8,80.77
Bogura,2020,9,85.83
Bogura,2020,10,82.03
Bogura,2020,11,70.07
Bogura,2020,12,87.16
Bogura,2021,1,79.68
Bogura,2021,2,61.04
Bogura,2021,3,54.22
Bogura,2021,4,59.78
Bogura,2021,5,73.29
Bogura,2021,6,81.68
Bogura,2021,7,82.63
Bogura,2021,8,85.24
Bogura,2021,9,79.58
Bogura,2021,10,78.12
Bogura,2021,11,72.7
Bogura,2021,12,73.21
Bogura,2022,1,78.06
Bogura,2022,2,70.68
Bogura,2022,3,63.19
Bogura,2022,4,77.8
Bogura,2022,5,77.77
Bogura,2022,6,82.37
Bogura,2022,7,77.16
Bogura,2022,8,77.74
Bogura,2022,9,84.4
Bogura,2022,10,78.35
Bogura,2022,11,72.63
Bogura,2022,12,76.03
Bogura,2023,1,79.79
Bogura,2023,2,65.23
Bogura,2023,3,62.39
Bogura,2023,4,55.9
Bogura,2023,5,62.61
Bogura,2023,6,75.62
Bogura,2023,7,77.76
Bogura,2023,8,80.74
Bogura,2023,9,79.42
Bogura,2023,10,79.06
Bogura,2023,11,71.07
Bogura,2023,12,79.56
Bogura,2024,1,83
Bogura,2024,2,70
Bogura,2024,3,68
Bogura,2024,4,60
Bogura,2024,5,74
Bogura,2024,6,82
Bogura,2024,7,80
Bogura,2024,8,84
Bogura,2024,9,82
Bogura,2024,10,84
Bogura,2024,11,75
Bogura,2024,12,75
Chandpur,1964,3,79.7
Chandpur,1964,4,81.57
Chandpur,1964,6,86.73
Chandpur,1964,7,89.48
Chandpur,1964,8,86.42
Chandpur,1964,9,86.07
Chandpur,1964,10,86.32
Chandpur,1964,11,79.13
Chandpur,1964,12,76.48
Chandpur,1966,1,74.13
Chandpur,1966,2,72.86
Chandpur,1966,3,66.84
Chandpur,1966,4,66.27
Chandpur,1966,5,70.94
Chandpur,1966,6,86.93
Chandpur,1966,7,85.61
Chandpur,1966,8,88.97
Chandpur,1966,9,85.37
Chandpur,1966,10,83
Chandpur,1966,11,78.87
Chandpur,1966,12,80.16
Chandpur,1967,1,77.81
Chandpur,1967,2,78.11
Chandpur,1967,3,76.48
Chandpur,1967,4,73.23
Chandpur,1967,5,82.52
Chandpur,1967,6,84.37
Chandpur,1967,7,87.7
Chandpur,1967,8,88.48
Chandpur,1967,9,88.97
Chandpur,1967,10,81.19
Chandpur,1967,11,75.67
Chandpur,1967,12,79
Chandpur,1968,1,73.9
Chandpur,1968,2,72.34
Chandpur,1968,3,66.55
Chandpur,1968,4,71.1
Chandpur,1968,5,74.81
Chandpur,1968,6,88.41
Chandpur,1968,7,87.19
Chandpur,1968,8,87.19
Chandpur,1968,9,84.67
Chandpur,1968,10,81.6
Chandpur,1968,11,77.9
Chandpur,1968,12,74.77
Chandpur,1969,1,75.94
Chandpur,1969,2,70
Chandpur,1969,3,74.32
Chandpur,1969,4,72.77
Chandpur,1969,5,71.58
Chandpur,1969,6,89.43
Chandpur,1969,7,88.29
Chandpur,1969,8,89.55
Chandpur,1969,9,84.07
Chandpur,1969,10,79.45
Chandpur,1969,11,74.77
Chandpur,1969,12,74.1
Chandpur,1970,1,74.16
Chandpur,1970,2,73.39
Chandpur,1970,3,69.35
Chandpur,1970,4,73.5
Chandpur,1970,5,73.13
Chandpur,1970,6,86.6
Chandpur,1970,7,89.39
Chandpur,1970,8,87.55
Chandpur,1970,9,88.7
Chandpur,1970,10,86.65
Chandpur,1970,11,78.1
Chandpur,1970,12,74.39
Chandpur,1973,1,73.48
Chandpur,1973,2,75.46
Chandpur,1973,3,67.45
Chandpur,1973,4,75.17
Chandpur,1973,5,82.19
Chandpur,1973,6,86.67
Chandpur,1973,7,84.74
Chandpur,1973,8,85.35
Chandpur,1973,9,88.53
Chandpur,1973,10,82.48
Chandpur,1973,11,80
Chandpur,1973,12,75.89
Chandpur,1974,1,69.42
Chandpur,1974,2,61.89
Chandpur,1974,3,71.97
Chandpur,1974,4,77.9
Chandpur,1974,5,78.74
Chandpur,1974,6,86.8
Chandpur,1974,7,90.29
Chandpur,1974,8,88.35
Chandpur,1974,9,86.53
Chandpur,1974,10,84.06
Chandpur,1974,11,79.52
Chandpur,1974,12,71.97
Chandpur,1975,1,71.65
Chandpur,1975,2,69.18
Chandpur,1975,3,69.9
Chandpur,1975,4,72.83
Chandpur,1975,5,76.32
Chandpur,1975,6,85.1
Chandpur,1975,7,89.84
Chandpur,1975,8,87.13
Chandpur,1975,9,89.7
Chandpur,1975,10,83.35
Chandpur,1975,11,76.28
Chandpur,1975,12,73.52
Chandpur,1976,1,63.97
Chandpur,1976,2,74
Chandpur,1976,3,72.7
Chandpur,1976,4,74.9
Chandpur,1976,5,80.67
Chandpur,1976,6,88.93
Chandpur,1976,7,84.81
Chandpur,1976,9,82.18
Chandpur,1976,10,83.59
Chandpur,1976,11,78.17
Chandpur,1976,12,79.79
Chandpur,1977,1,74.94
Chandpur,1977,2,72.25
Chandpur,1977,3,72.35
Chandpur,1977,8,85.81
Chandpur,1977,9,85.3
Chandpur,1977,10,83.77
Chandpur,1977,11,81.2
Chandpur,1977,12,77.45
Chandpur,1979,1,73.03
Chandpur,1979,2,70.32
Chandpur,1979,3,65.77
Chandpur,1979,4,75.13
Chandpur,1979,5,79.58
Chandpur,1979,6,87.17
Chandpur,1979,7,86.74
Chandpur,1979,9,86.6
Chandpur,1979,10,83.42
Chandpur,1979,11,80.6
Chandpur,1979,12,80.1
Chandpur,1981,1,77.35
Chandpur,1981,2,73.68
Chandpur,1981,3,73.55
Chandpur,1981,4,83.27
Chandpur,1981,5,83.26
Chandpur,1981,6,84.63
Chandpur,1981,7,88.94
Chandpur,1981,8,85.13
Chandpur,1981,9,85.2
Chandpur,1981,10,79.45
Chandpur,1981,11,76.13
Chandpur,1981,12,76.48
Chandpur,1982,1,72.35
Chandpur,1982,2,72.64
Chandpur,1982,3,69.84
Chandpur,1982,4,80.07
Chandpur,1982,5,79.23
Chandpur,1982,6,88.03
Chandpur,1982,7,86.13
Chandpur,1982,8,87.87
Chandpur,1982,9,84.73
Chandpur,1982,10,82.06
Chandpur,1982,11,79.23
Chandpur,1982,12,77.06
Chandpur,1983,1,77.16
Chandpur,1983,2,72.71
Chandpur,1983,3,77.06
Chandpur,1983,4,77.97
Chandpur,1983,5,81.84
Chandpur,1983,6,85.23
Chandpur,1983,7,86.48
Chandpur,1983,8,87.61
Chandpur,1983,9,87.87
Chandpur,1983,10,84.26
Chandpur,1983,11,78.53
Chandpur,1983,12,78.84
Chandpur,1984,1,77.23
Chandpur,1984,2,70.17
Chandpur,1984,3,67.39
Chandpur,1984,4,75.5
Chandpur,1984,5,82.48
Chandpur,1984,6,87.83
Chandpur,1984,7,87.13
Chandpur,1984,8,88.32
Chandpur,1984,9,85.9
Chandpur,1984,10,84.52
Chandpur,1984,11,75.47
Chandpur,1984,12,76.9
Chandpur,1985,1,77.1
Chandpur,1985,2,75.18
Chandpur,1985,3,76.58
Chandpur,1985,4,78.83
Chandpur,1985,5,81.68
Chandpur,1985,6,86.03
Chandpur,1985,7,88.52
Chandpur,1985,8,86.97
Chandpur,1985,9,88.27
Chandpur,1985,10,81.19
Chandpur,1985,11,77.77
Chandpur,1985,12,77.35
Chandpur,1986,1,79.58
Chandpur,1986,2,71.86
Chandpur,1986,3,69.32
Chandpur,1986,4,76.5
Chandpur,1986,5,79.35
Chandpur,1986,6,82.83
Chandpur,1986,7,85.52
Chandpur,1986,8,82.87
Chandpur,1986,9,86.57
Chandpur,1986,10,83.19
Chandpur,1986,11,80.8
Chandpur,1986,12,78.94
Chandpur,1987,1,76.61
Chandpur,1987,2,71.61
Chandpur,1987,3,72.32
Chandpur,1987,4,77.83
Chandpur,1987,5,76.29
Chandpur,1987,6,80.4
Chandpur,1987,7,87.13
Chandpur,1987,8,85.03
Chandpur,1987,9,83.5
Chandpur,1987,10,79.65
Chandpur,1987,11,76.6
Chandpur,1987,12,77.42
Chandpur,1988,1,74.32
Chandpur,1988,2,73.66
Chandpur,1988,3,73.97
Chandpur,1988,4,77.23
Chandpur,1988,5,81.65
Chandpur,1988,6,84
Chandpur,1988,7,84.94
Chandpur,1988,8,85.48
Chandpur,1988,9,82.47
Chandpur,1988,10,79.1
Chandpur,1988,11,78.93
Chandpur,1988,12,80.48
Chandpur,1989,1,73.29
Chandpur,1989,2,70
Chandpur,1989,3,70.03
Chandpur,1989,4,75.23
Chandpur,1989,5,79.9
Chandpur,1989,6,82.53
Chandpur,1989,7,84.35
Chandpur,1989,8,81.97
Chandpur,1989,9,84.77
Chandpur,1989,10,84.06
Chandpur,1989,11,76.9
Chandpur,1989,12,78.03
Chandpur,1990,1,82.39
Chandpur,1990,2,78.46
Chandpur,1990,3,78.55
Chandpur,1990,4,78.37
Chandpur,1990,5,78.74
Chandpur,1990,6,83.9
Chandpur,1990,7,86.03
Chandpur,1990,8,81.94
Chandpur,1990,9,83.67
Chandpur,1990,10,81.03
Chandpur,1990,11,78.57
Chandpur,1990,12,78.68
Chandpur,1991,1,76.68
Chandpur,1991,2,75
Chandpur,1991,3,72.97
Chandpur,1991,4,77.73
Chandpur,1991,5,83.87
Chandpur,1991,6,86.07
Chandpur,1991,7,84.39
Chandpur,1991,8,85.52
Chandpur,1991,9,86.8
Chandpur,1991,10,85.23
Chandpur,1991,11,78.63
Chandpur,1991,12,78.35
Chandpur,1992,1,80.03
Chandpur,1992,2,77.66
Chandpur,1992,3,72.42
Chandpur,1992,4,73.7
Chandpur,1992,5,77.87
Chandpur,1992,6,80.43
Chandpur,1992,7,85.61
Chandpur,1992,8,85.48
Chandpur,1992,9,83.93
Chandpur,1992,10,81.06
Chandpur,1992,11,77.03
Chandpur,1992,12,78.23
Chandpur,1993,1,78.1
Chandpur,1993,2,76.46
Chandpur,1993,3,71.65
Chandpur,1993,4,75.6
Chandpur,1993,5,80.77
Chandpur,1993,6,83.33
Chandpur,1993,7,85.06
Chandpur,1993,8,85.26
Chandpur,1993,9,84.13
Chandpur,1993,10,81.87
Chandpur,1993,11,77.67
Chandpur,1993,12,75.55
Chandpur,1994,1,76.35
Chandpur,1994,2,72.43
Chandpur,1994,3,73.06
Chandpur,1994,4,76.73
Chandpur,1994,5,78.9
Chandpur,1994,6,84.63
Chandpur,1994,7,83.45
Chandpur,1994,8,83.94
Chandpur,1994,9,81.47
Chandpur,1994,10,79.84
Chandpur,1994,11,77.7
Chandpur,1994,12,74.23
Chandpur,1995,1,74.1
Chandpur,1995,2,74.32
Chandpur,1995,3,66.84
Chandpur,1995,4,74.93
Chandpur,1995,5,80.52
Chandpur,1995,6,84.27
Chandpur,1995,7,85.48
Chandpur,1995,8,83.97
Chandpur,1995,9,84.43
Chandpur,1995,10,80.84
Chandpur,1995,11,80.67
Chandpur,1995,12,77.48
Chandpur,1996,1,76.16
Chandpur,1996,2,72.07
Chandpur,1996,3,74.32
Chandpur,1996,4,76.43
Chandpur,1996,5,78.58
Chandpur,1996,6,82.17
Chandpur,1996,7,83.55
Chandpur,1996,8,85.03
Chandpur,1996,9,82.3
Chandpur,1996,10,78.94
Chandpur,1996,11,78.33
Chandpur,1996,12,74.52
Chandpur,1997,1,73.55
Chandpur,1997,2,72.29
Chandpur,1997,3,76.16
Chandpur,1997,4,77.97
Chandpur,1997,5,78
Chandpur,1997,6,83.4
Chandpur,1997,7,86.55
Chandpur,1997,8,83.9
Chandpur,1997,9,85.8
Chandpur,1997,10,78.35
Chandpur,1997,11,77.47
Chandpur,1997,12,81.35
Chandpur,1998,1,81.71
Chandpur,1998,2,75.43
Chandpur,1998,3,73.65
Chandpur,1998,4,79.3
Chandpur,1998,5,81.16
Chandpur,1998,6,81.47
Chandpur,1998,7,86.9
Chandpur,1998,8,85.16
Chandpur,1998,9,83.37
Chandpur,1998,10,81.42
Chandpur,1998,11,80.5
Chandpur,1998,12,78.58
Chandpur,1999,1,75.74
Chandpur,1999,2,71.96
Chandpur,1999,3,71.84
Chandpur,1999,4,75.93
Chandpur,1999,5,81.94
Chandpur,1999,6,84.83
Chandpur,1999,7,87.42
Chandpur,1999,8,86.42
Chandpur,1999,9,86.93
Chandpur,1999,10,85.39
Chandpur,1999,11,77.17
Chandpur,1999,12,77.65
Chandpur,2000,1,77.52
Chandpur,2000,2,71.62
Chandpur,2000,3,72.55
Chandpur,2000,4,77.2
Chandpur,2000,5,80.97
Chandpur,2000,6,82.67
Chandpur,2000,7,82.58
Chandpur,2000,8,82.68
Chandpur,2000,9,82.43
Chandpur,2000,10,82.32
Chandpur,2000,11,77.7
Chandpur,2000,12,75.39
Chandpur,2001,1,72.52
Chandpur,2001,2,71.82
Chandpur,2001,3,67.45
Chandpur,2001,4,73.53
Chandpur,2001,5,80.94
Chandpur,2001,6,85.33
Chandpur,2001,7,83.9
Chandpur,2001,8,81.74
Chandpur,2001,9,84.1
Chandpur,2001,10,83.19
Chandpur,2001,11,82.37
Chandpur,2001,12,80.77
Chandpur,2002,1,77.39
Chandpur,2002,2,68.29
Chandpur,2002,3,69.84
Chandpur,2002,4,75.87
Chandpur,2002,5,79.68
Chandpur,2002,6,84
Chandpur,2002,7,85.58
Chandpur,2002,8,84.03
Chandpur,2002,9,82.13
Chandpur,2002,10,78.97
Chandpur,2002,11,77.3
Chandpur,2002,12,79
Chandpur,2003,1,79.97
Chandpur,2003,2,71.21
Chandpur,2003,3,72.94
Chandpur,2003,4,78.2
Chandpur,2003,5,82.06
Chandpur,2003,6,87.6
Chandpur,2003,7,85.48
Chandpur,2003,8,82.48
Chandpur,2003,9,83.77
Chandpur,2003,10,82.65
Chandpur,2003,11,76.2
Chandpur,2003,12,81.77
Chandpur,2004,1,82.97
Chandpur,2004,2,74.38
Chandpur,2004,3,80.61
Chandpur,2004,4,85.4
Chandpur,2004,5,80.19
Chandpur,2004,6,87.6
Chandpur,2004,7,87.97
Chandpur,2004,8,86.42
Chandpur,2004,9,89
Chandpur,2004,10,84.1
Chandpur,2004,11,79.3
Chandpur,2004,12,79.42
Chandpur,2005,1,80.19
Chandpur,2005,2,73.54
Chandpur,2005,3,79.52
Chandpur,2005,4,80.1
Chandpur,2005,5,81.87
Chandpur,2005,6,84.77
Chandpur,2005,7,87.06
Chandpur,2005,8,88
Chandpur,2005,9,86.3
Chandpur,2005,10,85.19
Chandpur,2005,11,80.23
Chandpur,2005,12,78.65
Chandpur,2006,1,79.29
Chandpur,2006,2,76.25
Chandpur,2006,3,70.06
Chandpur,2006,4,76.73
Chandpur,2006,5,79.94
Chandpur,2006,6,86.83
Chandpur,2006,7,86.94
Chandpur,2006,8,85.32
Chandpur,2006,9,86.03
Chandpur,2006,10,82.74
Chandpur,2006,11,81.13
Chandpur,2006,12,79.16
Chandpur,2007,1,78.81
Chandpur,2007,2,76.68
Chandpur,2007,3,67.32
Chandpur,2007,4,78.1
Chandpur,2007,5,79.16
Chandpur,2007,6,86.23
Chandpur,2007,7,88.87
Chandpur,2007,8,85.23
Chandpur,2007,9,87.23
Chandpur,2007,10,82.42
Chandpur,2007,11,81.17
Chandpur,2007,12,78.97
Chandpur,2008,1,77.03
Chandpur,2008,2,72.48
Chandpur,2008,3,76.32
Chandpur,2008,4,74.67
Chandpur,2008,5,77.39
Chandpur,2008,6,86.23
Chandpur,2008,7,88.16
Chandpur,2008,8,86.81
Chandpur,2008,9,84.7
Chandpur,2008,10,83.42
Chandpur,2008,11,76.23
Chandpur,2008,12,83.35
Chandpur,2009,1,80.29
Chandpur,2009,2,69.93
Chandpur,2009,3,68.74
Chandpur,2009,4,76.2
Chandpur,2009,5,79.13
Chandpur,2009,6,82.33
Chandpur,2009,7,86.77
Chandpur,2009,8,86.55
Chandpur,2009,9,85.1
Chandpur,2009,10,82.71
Chandpur,2009,11,77.87
Chandpur,2009,12,79.19
Chandpur,2010,1,81.45
Chandpur,2010,2,72.21
Chandpur,2010,3,71.52
Chandpur,2010,4,77.7
Chandpur,2010,5,79.87
Chandpur,2010,6,87.13
Chandpur,2010,7,84.84
Chandpur,2010,8,83.9
Chandpur,2010,9,85.93
Chandpur,2010,10,81.87
Chandpur,2010,11,78.83
Chandpur,2010,12,77.61
Chandpur,2011,1,77.68
Chandpur,2011,2,71.11
Chandpur,2011,3,70.1
Chandpur,2011,4,76.47
Chandpur,2011,5,82.45
Chandpur,2011,6,86.53
Chandpur,2011,7,85.1
Chandpur,2011,8,87.35
Chandpur,2011,9,86.03
Chandpur,2011,10,80.77
Chandpur,2011,11,76.83
Chandpur,2011,12,81.03
Chandpur,2012,1,78.65
Chandpur,2012,2,67.41
Chandpur,2012,3,71.42
Chandpur,2012,4,79.63
Chandpur,2012,5,78.26
Chandpur,2012,6,84.8
Chandpur,2012,7,85.81
Chandpur,2012,8,85.32
Chandpur,2012,9,85.17
Chandpur,2012,10,81.58
Chandpur,2012,11,77.77
Chandpur,2012,12,83.45
Chandpur,2013,1,77.55
Chandpur,2013,2,70.93
Chandpur,2013,3,70.61
Chandpur,2013,4,76.03
Chandpur,2013,5,85.74
Chandpur,2013,6,82.97
Chandpur,2013,7,85.23
Chandpur,2013,8,86.16
Chandpur,2013,9,85.8
Chandpur,2013,10,84.55
Chandpur,2013,11,75.17
Chandpur,2013,12,79.48
Chandpur,2014,1,81.23
Chandpur,2014,2,74.64
Chandpur,2014,3,70.23
Chandpur,2014,4,72.3
Chandpur,2014,5,79.58
Chandpur,2014,6,86.73
Chandpur,2014,7,83.68
Chandpur,2014,8,87.52
Chandpur,2014,9,83.9
Chandpur,2014,10,79.52
Chandpur,2014,11,76.73
Chandpur,2014,12,84.13
Chandpur,2015,1,81.19
Chandpur,2015,2,77.68
Chandpur,2015,3,66.23
Chandpur,2015,4,75.4
Chandpur,2015,5,76.77
Chandpur,2015,6,83.07
Chandpur,2015,7,88.13
Chandpur,2015,8,85.81
Chandpur,2015,9,83.7
Chandpur,2015,10,81.94
Chandpur,2015,11,79.4
Chandpur,2015,12,79.1
Chandpur,2016,1,79.81
Chandpur,2016,2,77.17
Chandpur,2016,3,72.68
Chandpur,2016,4,77.67
Chandpur,2016,5,79.42
Chandpur,2016,6,81.23
Chandpur,2016,7,85.77
Chandpur,2016,8,82.42
Chandpur,2016,9,83.13
Chandpur,2016,10,81.45
Chandpur,2016,11,79.53
Chandpur,2016,12,81.06
Chandpur,2017,1,77.68
Chandpur,2017,2,70.32
Chandpur,2017,3,75.35
Chandpur,2017,4,80.5
Chandpur,2017,5,78.61
Chandpur,2017,6,84.53
Chandpur,2017,7,87.45
Chandpur,2017,8,85.29
Chandpur,2017,9,85.53
Chandpur,2017,10,83.84
Chandpur,2017,11,77.2
Chandpur,2017,12,82.71
Chandpur,2018,1,77.65
Chandpur,2018,2,73.68
Chandpur,2018,3,69.26
Chandpur,2018,4,74.73
Chandpur,2018,5,82.32
Chandpur,2018,6,85.03
Chandpur,2018,7,85.87
Chandpur,2018,8,83.26
Chandpur,2018,9,81.37
Chandpur,2018,10,78.58
Chandpur,2018,11,76.4
Chandpur,2018,12,75.77
Chandpur,2019,1,71.55
Chandpur,2019,2,72.86
Chandpur,2019,3,70.87
Chandpur,2019,4,74.07
Chandpur,2019,5,78
Chandpur,2019,6,83.5
Chandpur,2019,7,87.23
Chandpur,2019,8,84
Chandpur,2019,9,84.37
Chandpur,2019,10,82.32
Chandpur,2019,11,80.07
Chandpur,2019,12,79.06
Chandpur,2020,1,81.1
Chandpur,2020,2,70
Chandpur,2020,3,64.71
Chandpur,2020,4,79.1
Chandpur,2020,5,79.29
Chandpur,2020,6,85.43
Chandpur,2020,7,86.65
Chandpur,2020,8,86.32
Chandpur,2020,9,84.53
Chandpur,2020,10,83.77
Chandpur,2020,11,76.63
Chandpur,2020,12,82.71
Chandpur,2021,1,76.95
Chandpur,2021,2,65.25
Chandpur,2021,3,63.36
Chandpur,2021,4,65.48
Chandpur,2021,5,69.26
Chandpur,2021,6,85.92
Chandpur,2021,7,85.98
Chandpur,2021,8,87.12
Chandpur,2021,9,85.61
Chandpur,2021,10,83.76
Chandpur,2021,11,78.91
Chandpur,2021,12,81.76
Chandpur,2022,1,79.77
Chandpur,2022,2,73.25
Chandpur,2022,3,65.1
Chandpur,2022,4,78.43
Chandpur,2022,5,80.87
Chandpur,2022,6,85.97
Chandpur,2022,7,81.71
Chandpur,2022,8,83
Chandpur,2022,9,86.37
Chandpur,2022,10,82.9
Chandpur,2022,11,75.1
Chandpur,2022,12,80.45
Chandpur,2023,1,80
Chandpur,2023,2,69.93
Chandpur,2023,3,69.18
Chandpur,2023,4,66.98
Chandpur,2023,5,72.05
Chandpur,2023,6,83.28
Chandpur,2023,7,79.95
Chandpur,2023,8,88.97
Chandpur,2023,9,83.98
Chandpur,2023,10,80.35
Chandpur,2023,11,76.2
Chandpur,2023,12,84.4
Chandpur,2024,1,84
Chandpur,2024,2,75
Chandpur,2024,3,73
Chandpur,2024,4,77
Chandpur,2024,5,79
Chandpur,2024,6,84
Chandpur,2024,7,85
Chandpur,2024,8,90
Chandpur,2024,9,87
Chandpur,2024,10,86
Chandpur,2024,11,78
Chandpur,2024,12,79
Chittagong,1949,1,70.97
Chittagong,1949,2,68.21
Chittagong,1949,3,80.94
Chittagong,1949,4,79.87
Chittagong,1949,5,81
Chittagong,1949,6,86.97
Chittagong,1949,7,88.55
Chittagong,1949,8,87.2
Chittagong,1949,9,86.37
Chittagong,1949,10,82.74
Chittagong,1949,11,76.1
Chittagong,1949,12,73.77
Chittagong,1950,1,69.58
Chittagong,1950,2,73.29
Chittagong,1950,3,70.16
Chittagong,1950,4,76.17
Chittagong,1950,5,78.23
Chittagong,1950,6,84.43
Chittagong,1950,7,84.71
Chittagong,1950,8,88.06
Chittagong,1950,9,81.07
Chittagong,1950,10,82.45
Chittagong,1950,11,79.37
Chittagong,1950,12,76.29
Chittagong,1951,1,70.87
Chittagong,1951,2,67.75
Chittagong,1951,3,72.74
Chittagong,1951,4,75.9
Chittagong,1951,5,80.68
Chittagong,1951,6,86.87
Chittagong,1951,7,86.06
Chittagong,1951,8,87.9
Chittagong,1951,9,83.13
Chittagong,1951,10,83.13
Chittagong,1951,11,74.73
Chittagong,1951,12,76.42
Chittagong,1952,1,72.03
Chittagong,1952,2,66.28
Chittagong,1952,3,69.26
Chittagong,1952,4,78.27
Chittagong,1952,5,78.71
Chittagong,1952,6,84.5
Chittagong,1952,7,85.68
Chittagong,1952,8,86
Chittagong,1952,9,85.47
Chittagong,1952,10,86.39
Chittagong,1952,11,80.27
Chittagong,1952,12,76.97
Chittagong,1953,1,71.48
Chittagong,1953,2,76.61
Chittagong,1953,3,80.84
Chittagong,1953,4,78.7
Chittagong,1953,5,80.29
Chittagong,1953,6,83.53
Chittagong,1953,7,88.84
Chittagong,1953,8,86.39
Chittagong,1953,9,87.1
Chittagong,1953,10,84.65
Chittagong,1953,11,79.47
Chittagong,1953,12,77.1
Chittagong,1954,1,73.03
Chittagong,1954,2,77.79
Chittagong,1954,3,77.29
Chittagong,1954,4,80.13
Chittagong,1954,5,82.58
Chittagong,1954,6,92.13
Chittagong,1954,7,87.03
Chittagong,1954,8,89.65
Chittagong,1954,9,84.77
Chittagong,1954,10,86.74
Chittagong,1954,11,81.33
Chittagong,1954,12,83.84
Chittagong,1955,1,77.35
Chittagong,1955,2,76.18
Chittagong,1955,3,80.26
Chittagong,1955,4,80.5
Chittagong,1955,5,82.65
Chittagong,1955,6,88.53
Chittagong,1955,7,91.94
Chittagong,1955,8,88.81
Chittagong,1955,9,85.83
Chittagong,1955,10,84.58
Chittagong,1955,11,83.7
Chittagong,1955,12,80.81
Chittagong,1956,1,75.1
Chittagong,1956,2,72.52
Chittagong,1956,3,76.65
Chittagong,1956,4,77.03
Chittagong,1956,5,88.97
Chittagong,1956,6,88.17
Chittagong,1956,7,86.74
Chittagong,1956,8,87.03
Chittagong,1956,9,86.57
Chittagong,1956,10,84.19
Chittagong,1956,11,83.93
Chittagong,1956,12,81.03
Chittagong,1957,1,78.84
Chittagong,1957,2,73.07
Chittagong,1957,3,71.13
Chittagong,1957,4,74.37
Chittagong,1957,5,79.9
Chittagong,1957,6,86.3
Chittagong,1957,7,86.71
Chittagong,1957,8,84.42
Chittagong,1957,9,83.3
Chittagong,1957,10,81.16
Chittagong,1957,11,73.1
Chittagong,1957,12,72.48
Chittagong,1958,1,73.48
Chittagong,1958,2,77.07
Chittagong,1958,3,70.42
Chittagong,1958,4,81.03
Chittagong,1958,5,82.68
Chittagong,1958,6,81.67
Chittagong,1958,7,84.68
Chittagong,1958,8,85.1
Chittagong,1958,9,85.4
Chittagong,1958,10,83.81
Chittagong,1958,11,76.63
Chittagong,1958,12,74.74
Chittagong,1959,1,73
Chittagong,1959,2,72.93
Chittagong,1959,3,78.29
Chittagong,1959,4,77.87
Chittagong,1959,5,81.68
Chittagong,1959,6,86.43
Chittagong,1959,7,86.87
Chittagong,1959,8,89.23
Chittagong,1959,9,87.47
Chittagong,1959,10,85.45
Chittagong,1959,11,76.5
Chittagong,1959,12,77.42
Chittagong,1960,1,71
Chittagong,1960,2,73.41
Chittagong,1960,3,70.65
Chittagong,1960,4,77.93
Chittagong,1960,5,76.65
Chittagong,1960,6,84.87
Chittagong,1960,7,90.55
Chittagong,1960,8,91.74
Chittagong,1960,9,87.5
Chittagong,1960,10,82.16
Chittagong,1960,11,73.3
Chittagong,1960,12,74.39
Chittagong,1961,1,73.26
Chittagong,1961,2,70.25
Chittagong,1961,3,84.48
Chittagong,1961,4,81
Chittagong,1961,5,82.42
Chittagong,1961,6,88.27
Chittagong,1961,7,90.52
Chittagong,1961,8,88.74
Chittagong,1961,9,85.63
Chittagong,1961,10,83.1
Chittagong,1961,11,75.77
Chittagong,1961,12,72.87
Chittagong,1962,1,70.61
Chittagong,1962,2,72.29
Chittagong,1962,3,73.13
Chittagong,1962,4,81.27
Chittagong,1962,5,81.39
Chittagong,1962,6,88
Chittagong,1962,7,87.94
Chittagong,1962,8,89.68
Chittagong,1962,9,85.13
Chittagong,1962,10,84.16
Chittagong,1962,11,79.37
Chittagong,1962,12,76.35
Chittagong,1963,1,69.55
Chittagong,1963,2,68.11
Chittagong,1963,3,73.36
Chittagong,1963,4,80.43
Chittagong,1963,5,85.9
Chittagong,1963,6,96.24
Chittagong,1963,7,95.68
Chittagong,1963,8,94.13
Chittagong,1963,9,86.83
Chittagong,1963,10,84.32
Chittagong,1963,11,80.53
Chittagong,1963,12,79.29
Chittagong,1964,1,71.52
Chittagong,1964,2,71.03
Chittagong,1964,3,78.06
Chittagong,1964,4,80.7
Chittagong,1964,5,79.97
Chittagong,1964,6,85.83
Chittagong,1964,7,88.74
Chittagong,1964,8,87.23
Chittagong,1964,9,84.83
Chittagong,1964,10,85.42
Chittagong,1964,11,79.2
Chittagong,1964,12,74.84
Chittagong,1965,1,72.35
Chittagong,1965,2,71.93
Chittagong,1965,3,73.39
Chittagong,1965,4,78.33
Chittagong,1965,5,80.48
Chittagong,1965,6,88
Chittagong,1965,7,86.81
Chittagong,1965,8,89.58
Chittagong,1965,9,84.2
Chittagong,1965,10,83.55
Chittagong,1965,11,78.87
Chittagong,1966,1,75.65
Chittagong,1966,2,76.32
Chittagong,1966,3,76.13
Chittagong,1966,5,80.39
Chittagong,1966,6,89.53
Chittagong,1966,7,85.1
Chittagong,1966,8,88.68
Chittagong,1966,9,84.2
Chittagong,1966,10,84.55
Chittagong,1966,11,76.8
Chittagong,1966,12,78.13
Chittagong,1967,1,78.03
Chittagong,1967,2,78.39
Chittagong,1967,3,75.81
Chittagong,1967,4,77.27
Chittagong,1967,5,78.68
Chittagong,1967,6,84.93
Chittagong,1967,7,85.16
Chittagong,1967,8,85.68
Chittagong,1967,9,85.73
Chittagong,1967,10,81.32
Chittagong,1967,11,74.5
Chittagong,1967,12,75.84
Chittagong,1968,1,71.68
Chittagong,1968,2,71.66
Chittagong,1968,3,72
Chittagong,1968,4,76.93
Chittagong,1968,5,78.68
Chittagong,1968,6,85.5
Chittagong,1968,7,84.65
Chittagong,1968,8,86.55
Chittagong,1968,9,82.63
Chittagong,1968,10,82.19
Chittagong,1968,11,75.73
Chittagong,1969,1,70.26
Chittagong,1969,2,67.5
Chittagong,1969,3,77.16
Chittagong,1969,4,80.2
Chittagong,1969,6,86.8
Chittagong,1969,7,87
Chittagong,1969,8,88.87
Chittagong,1969,9,83.73
Chittagong,1969,10,80.58
Chittagong,1969,11,77.17
Chittagong,1969,12,75.77
Chittagong,1970,1,70.97
Chittagong,1970,2,71
Chittagong,1970,3,76.23
Chittagong,1970,4,78.73
Chittagong,1970,5,80.1
Chittagong,1970,6,86.2
Chittagong,1970,7,89.13
Chittagong,1970,8,86.77
Chittagong,1970,9,85.53
Chittagong,1970,10,85.58
Chittagong,1970,11,80.2
Chittagong,1970,12,74.94
Chittagong,1971,1,74.9
Chittagong,1971,2,67.29
Chittagong,1971,3,65.8
Chittagong,1971,4,70.79
Chittagong,1971,5,75.16
Chittagong,1971,6,85.7
Chittagong,1971,7,88.13
Chittagong,1971,8,87.39
Chittagong,1971,9,81.9
Chittagong,1971,10,79.94
Chittagong,1971,12,69
Chittagong,1972,2,68.41
Chittagong,1972,3,76.13
Chittagong,1972,4,78.8
Chittagong,1972,5,78.42
Chittagong,1972,6,83.7
Chittagong,1972,7,85.81
Chittagong,1972,8,88.65
Chittagong,1972,10,81.06
Chittagong,1972,11,76.1
Chittagong,1972,12,73.68
Chittagong,1973,1,69.84
Chittagong,1973,2,69.64
Chittagong,1973,3,69.06
Chittagong,1973,4,78.9
Chittagong,1973,5,82.48
Chittagong,1973,6,87.33
Chittagong,1973,7,86.61
Chittagong,1973,8,86.71
Chittagong,1973,9,87.27
Chittagong,1973,10,84.06
Chittagong,1973,11,84.17
Chittagong,1973,12,80.03
Chittagong,1974,1,74.1
Chittagong,1974,2,67.04
Chittagong,1974,3,78.16
Chittagong,1974,4,80.57
Chittagong,1974,5,81.26
Chittagong,1974,6,86.13
Chittagong,1974,7,91.81
Chittagong,1974,8,88.52
Chittagong,1974,9,85.43
Chittagong,1974,10,82.87
Chittagong,1974,11,81.77
Chittagong,1974,12,73.16
Chittagong,1975,1,70.68
Chittagong,1975,2,70.86
Chittagong,1975,3,71.77
Chittagong,1975,4,77.4
Chittagong,1975,5,80.52
Chittagong,1975,6,83.23
Chittagong,1975,7,89.23
Chittagong,1975,8,84.81
Chittagong,1975,9,85.23
Chittagong,1975,10,85.32
Chittagong,1975,11,82.23
Chittagong,1975,12,76
Chittagong,1976,1,72.71
Chittagong,1976,2,73.52
Chittagong,1976,3,76
Chittagong,1976,4,75.83
Chittagong,1976,5,78.35
Chittagong,1976,6,87.4
Chittagong,1976,8,85.61
Chittagong,1976,9,81.9
Chittagong,1976,10,81.13
Chittagong,1976,11,78.7
Chittagong,1976,12,74.71
Chittagong,1977,1,67.45
Chittagong,1977,2,73.39
Chittagong,1977,3,80.26
Chittagong,1977,4,83.57
Chittagong,1977,5,84
Chittagong,1977,6,87.43
Chittagong,1977,7,89.1
Chittagong,1977,8,88.39
Chittagong,1977,9,84.67
Chittagong,1977,10,82.13
Chittagong,1977,11,80.1
Chittagong,1977,12,72.77
Chittagong,1978,1,67.03
Chittagong,1978,2,66.36
Chittagong,1978,3,63.42
Chittagong,1978,4,76.37
Chittagong,1978,5,81.97
Chittagong,1978,6,85.5
Chittagong,1978,7,85.19
Chittagong,1978,8,84.74
Chittagong,1978,9,86.07
Chittagong,1978,10,83.06
Chittagong,1978,11,76.73
Chittagong,1978,12,72.03
Chittagong,1979,1,68.26
Chittagong,1979,2,62.14
Chittagong,1979,3,70.06
Chittagong,1979,4,76.17
Chittagong,1979,5,76.81
Chittagong,1979,6,82.87
Chittagong,1979,7,84.06
Chittagong,1979,8,85.68
Chittagong,1979,9,85.2
Chittagong,1979,10,79.26
Chittagong,1979,11,76.4
Chittagong,1979,12,75.1
Chittagong,1980,1,68.77
Chittagong,1980,2,68.55
Chittagong,1980,3,72.52
Chittagong,1980,4,74
Chittagong,1980,5,80.13
Chittagong,1980,6,82.1
Chittagong,1980,7,85.23
Chittagong,1980,8,85.42
Chittagong,1980,9,83.97
Chittagong,1980,10,82.55
Chittagong,1980,11,72.23
Chittagong,1980,12,70.52
Chittagong,1981,1,72.65
Chittagong,1981,2,66.46
Chittagong,1981,3,69.48
Chittagong,1981,4,80.1
Chittagong,1981,5,78.8
Chittagong,1981,6,84.4
Chittagong,1981,7,87.84
Chittagong,1981,8,83.16
Chittagong,1981,9,83.47
Chittagong,1981,10,76.55
Chittagong,1981,11,72.17
Chittagong,1982,1,69.35
Chittagong,1982,2,68.5
Chittagong,1982,3,67.61
Chittagong,1982,4,77.3
Chittagong,1982,5,75.29
Chittagong,1982,6,85.63
Chittagong,1982,7,85.16
Chittagong,1982,8,87.74
Chittagong,1982,9,82.13
Chittagong,1982,10,78.1
Chittagong,1982,11,74.03
Chittagong,1982,12,73.48
Chittagong,1983,1,72.68
Chittagong,1983,2,67.36
Chittagong,1983,3,76.94
Chittagong,1983,4,76.77
Chittagong,1983,5,78.48
Chittagong,1983,6,80.9
Chittagong,1983,7,82.58
Chittagong,1983,8,84.39
Chittagong,1983,9,82.67
Chittagong,1983,10,82.55
Chittagong,1983,11,80.97
Chittagong,1983,12,73.45
Chittagong,1984,1,71.55
Chittagong,1984,2,66.24
Chittagong,1984,3,74.52
Chittagong,1984,4,77.57
Chittagong,1984,5,82.23
Chittagong,1984,6,85.37
Chittagong,1984,7,81.32
Chittagong,1984,8,86.19
Chittagong,1984,9,81.67
Chittagong,1984,10,82.39
Chittagong,1984,11,74.63
Chittagong,1984,12,73.58
Chittagong,1985,1,72.1
Chittagong,1985,2,70.04
Chittagong,1985,3,80.58
Chittagong,1985,4,81
Chittagong,1985,5,79.48
Chittagong,1985,6,84.67
Chittagong,1985,7,85.77
Chittagong,1985,8,84.94
Chittagong,1985,9,82.73
Chittagong,1985,10,77.61
Chittagong,1985,11,75.33
Chittagong,1985,12,74.9
Chittagong,1986,1,73.61
Chittagong,1986,2,65.75
Chittagong,1986,3,70.03
Chittagong,1986,4,76.53
Chittagong,1986,5,77
Chittagong,1986,6,83.23
Chittagong,1986,7,84.13
Chittagong,1986,8,83.84
Chittagong,1986,9,83.7
Chittagong,1986,10,81.16
Chittagong,1986,11,76.87
Chittagong,1986,12,73.1
Chittagong,1987,1,72.39
Chittagong,1987,2,71.25
Chittagong,1987,3,74.45
Chittagong,1987,4,79.73
Chittagong,1987,5,76.84
Chittagong,1987,6,81.04
Chittagong,1987,7,88.81
Chittagong,1987,8,84.55
Chittagong,1987,9,83.8
Chittagong,1987,10,79.94
Chittagong,1987,11,77.23
Chittagong,1987,12,74.94
Chittagong,1988,1,71.45
Chittagong,1988,2,71.59
Chittagong,1988,3,72.35
Chittagong,1988,4,75.03
Chittagong,1988,5,79.1
Chittagong,1988,6,83.67
Chittagong,1988,7,84.26
Chittagong,1988,8,84.16
Chittagong,1988,9,82.2
Chittagong,1988,10,82.35
Chittagong,1988,11,77.33
Chittagong,1988,12,76.23
Chittagong,1989,1,67.32
Chittagong,1989,2,71.11
Chittagong,1989,3,68.35
Chittagong,1989,4,75.73
Chittagong,1989,5,75.81
Chittagong,1989,6,80.5
Chittagong,1989,7,84.39
Chittagong,1989,8,80.77
Chittagong,1989,9,82.93
Chittagong,1989,10,85.94
Chittagong,1989,11,74.3
Chittagong,1989,12,73.87
Chittagong,1990,1,76.71
Chittagong,1990,2,74.89
Chittagong,1990,3,74.77
Chittagong,1990,4,77.47
Chittagong,1990,5,78.48
Chittagong,1990,6,83.3
Chittagong,1990,7,87.71
Chittagong,1990,8,81.71
Chittagong,1990,9,82.13
Chittagong,1990,10,80.71
Chittagong,1990,11,80.97
Chittagong,1990,12,78.19
Chittagong,1991,1,76.16
Chittagong,1991,2,74.11
Chittagong,1991,3,74.06
Chittagong,1991,5,78.05
Chittagong,1991,6,84.67
Chittagong,1991,7,84.45
Chittagong,1991,8,84.19
Chittagong,1991,9,84.8
Chittagong,1991,10,83.26
Chittagong,1991,11,78.87
Chittagong,1991,12,75.81
Chittagong,1992,1,77.19
Chittagong,1992,2,76.52
Chittagong,1992,3,82.45
Chittagong,1992,4,77.43
Chittagong,1992,5,78.16
Chittagong,1992,6,83.03
Chittagong,1992,7,85.39
Chittagong,1992,8,83.45
Chittagong,1992,9,85.73
Chittagong,1992,10,83.39
Chittagong,1992,11,78
Chittagong,1992,12,78
Chittagong,1993,1,75.19
Chittagong,1993,2,74.89
Chittagong,1993,3,73.87
Chittagong,1993,4,78.77
Chittagong,1993,5,81.19
Chittagong,1993,6,85.47
Chittagong,1993,7,84.23
Chittagong,1993,8,85.71
Chittagong,1993,9,84.37
Chittagong,1993,10,81.58
Chittagong,1993,11,77.73
Chittagong,1993,12,74.71
Chittagong,1994,1,73.55
Chittagong,1994,2,65.21
Chittagong,1994,3,76.26
Chittagong,1994,4,77.7
Chittagong,1994,5,79.61
Chittagong,1994,6,84.93
Chittagong,1994,7,85.16
Chittagong,1994,8,86.03
Chittagong,1994,9,82.87
Chittagong,1994,10,81.87
Chittagong,1994,11,78.83
Chittagong,1994,12,74.87
Chittagong,1995,1,68.03
Chittagong,1995,2,73.68
Chittagong,1995,3,67.52
Chittagong,1995,4,77.53
Chittagong,1995,5,79.16
Chittagong,1995,6,83.23
Chittagong,1995,7,84.65
Chittagong,1995,8,85.32
Chittagong,1995,9,83.2
Chittagong,1995,10,81.87
Chittagong,1995,11,85.07
Chittagong,1995,12,77.55
Chittagong,1996,1,74.39
Chittagong,1996,2,71.41
Chittagong,1996,3,78.94
Chittagong,1996,4,79.47
Chittagong,1996,5,79.52
Chittagong,1996,6,81.63
Chittagong,1996,7,84.55
Chittagong,1996,8,87.39
Chittagong,1996,9,83.9
Chittagong,1996,10,81.61
Chittagong,1996,11,81.6
Chittagong,1996,12,76.65
Chittagong,1997,1,71.71
Chittagong,1997,2,73.89
Chittagong,1997,3,80.16
Chittagong,1997,4,77.77
Chittagong,1997,5,80.26
Chittagong,1997,6,82.7
Chittagong,1997,7,88.52
Chittagong,1997,8,84.42
Chittagong,1997,9,85.1
Chittagong,1997,10,79.45
Chittagong,1997,11,77.17
Chittagong,1997,12,78.45
Chittagong,1998,1,80.55
Chittagong,1998,2,75.36
Chittagong,1998,3,70.16
Chittagong,1998,4,79.97
Chittagong,1998,5,81.03
Chittagong,1998,6,82.1
Chittagong,1998,7,88
Chittagong,1998,8,88.26
Chittagong,1998,9,83.3
Chittagong,1998,10,81.68
Chittagong,1998,11,80.9
Chittagong,1998,12,77.9
Chittagong,1999,1,77.19
Chittagong,1999,2,70.68
Chittagong,1999,3,76.29
Chittagong,1999,4,78.03
Chittagong,1999,5,82.58
Chittagong,1999,6,86
Chittagong,1999,7,85.45
Chittagong,1999,8,87.16
Chittagong,1999,9,84.9
Chittagong,1999,10,84.84
Chittagong,1999,11,78.27
Chittagong,1999,12,79.42
Chittagong,2000,1,77.1
Chittagong,2000,2,69.24
Chittagong,2000,3,76.06
Chittagong,2000,4,79.3
Chittagong,2000,5,82.13
Chittagong,2000,6,84.6
Chittagong,2000,7,85.39
Chittagong,2000,8,85.97
Chittagong,2000,9,85.3
Chittagong,2000,10,85.71
Chittagong,2000,11,81.3
Chittagong,2000,12,76.58
Chittagong,2001,1,73.77
Chittagong,2001,2,74.29
Chittagong,2001,3,67.74
Chittagong,2001,4,72.4
Chittagong,2001,5,77.77
Chittagong,2001,6,81.03
Chittagong,2001,7,81.9
Chittagong,2001,8,80.87
Chittagong,2001,9,81.2
Chittagong,2001,10,79.35
Chittagong,2001,11,77.8
Chittagong,2001,12,70.32
Chittagong,2002,1,71.39
Chittagong,2002,2,67.07
Chittagong,2002,3,66.52
Chittagong,2002,4,72.6
Chittagong,2002,5,75.58
Chittagong,2002,6,78.37
Chittagong,2002,7,83.13
Chittagong,2002,8,80.58
Chittagong,2002,9,76.77
Chittagong,2002,10,74.45
Chittagong,2002,11,73.23
Chittagong,2002,12,69.55
Chittagong,2008,1,77
Chittagong,2008,2,67.76
Chittagong,2008,3,79.81
Chittagong,2008,4,73.57
Chittagong,2008,5,77.97
Chittagong,2008,6,83.43
Chittagong,2008,7,87.94
Chittagong,2008,8,87.68
Chittagong,2008,9,85.2
Chittagong,2008,10,81.77
Chittagong,2008,11,75.93
Chittagong,2008,12,79.19
Chittagong,2009,1,71.39
Chittagong,2009,2,67.39
Chittagong,2009,3,72.1
Chittagong,2009,4,79.23
Chittagong,2009,5,79.06
Chittagong,2009,6,82.7
Chittagong,2009,7,87.1
Chittagong,2009,8,86.77
Chittagong,2009,9,84.43
Chittagong,2009,10,80.61
Chittagong,2009,11,74.2
Chittagong,2009,12,73.55
Chittagong,2010,1,72.35
Chittagong,2010,2,63
Chittagong,2010,3,74.03
Chittagong,2010,4,78.23
Chittagong,2010,5,80.1
Chittagong,2010,6,86.47
Chittagong,2010,7,83.65
Chittagong,2010,8,85.74
Chittagong,2010,9,84.07
Chittagong,2010,10,82.19
Chittagong,2010,11,77.27
Chittagong,2010,12,73.77
Chittagong,2011,1,68.87
Chittagong,2011,2,67
Chittagong,2011,3,69.35
Chittagong,2011,4,77.73
Chittagong,2011,5,80.84
Chittagong,2011,6,85.33
Chittagong,2011,7,84.58
Chittagong,2011,8,87
Chittagong,2011,9,85.8
Chittagong,2011,10,80.45
Chittagong,2011,11,74.6
Chittagong,2011,12,77.03
Chittagong,2012,1,68.19
Chittagong,2012,2,62.52
Chittagong,2012,3,76.29
Chittagong,2012,4,80.17
Chittagong,2012,5,80.06
Chittagong,2012,6,86.6
Chittagong,2012,7,88.32
Chittagong,2012,8,86.65
Chittagong,2012,9,85.67
Chittagong,2012,10,84.58
Chittagong,2012,11,77.67
Chittagong,2012,12,80.71
Chittagong,2013,1,72.58
Chittagong,2013,2,64.79
Chittagong,2013,3,77.06
Chittagong,2013,4,77.9
Chittagong,2013,5,85.87
Chittagong,2013,6,84.5
Chittagong,2013,7,84.23
Chittagong,2013,8,86.1
Chittagong,2013,9,84.47
Chittagong,2013,10,85.77
Chittagong,2013,11,78.1
Chittagong,2013,12,77.77
Chittagong,2014,1,72.06
Chittagong,2014,2,69.36
Chittagong,2014,3,68.97
Chittagong,2014,4,76.8
Chittagong,2014,5,79.77
Chittagong,2014,6,85.43
Chittagong,2014,7,85
Chittagong,2014,8,87.13
Chittagong,2014,9,84.33
Chittagong,2014,10,80.58
Chittagong,2014,11,72.3
Chittagong,2014,12,73.74
Chittagong,2015,1,71.42
Chittagong,2015,2,68.32
Chittagong,2015,3,62.68
Chittagong,2015,4,77.4
Chittagong,2015,5,77.06
Chittagong,2015,6,82.27
Chittagong,2015,7,88.39
Chittagong,2015,8,84.52
Chittagong,2015,9,81.77
Chittagong,2015,10,80.97
Chittagong,2015,11,75.9
Chittagong,2015,12,76.45
Chittagong,2016,1,75.32
Chittagong,2016,2,72.86
Chittagong,2016,3,72.65
Chittagong,2016,4,77.23
Chittagong,2016,5,78.35
Chittagong,2016,6,79.67
Chittagong,2016,7,84.84
Chittagong,2016,8,82.39
Chittagong,2016,9,81.03
Chittagong,2016,10,79.55
Chittagong,2016,11,76.73
Chittagong,2016,12,75.03
Chittagong,2017,1,66.13
Chittagong,2017,2,66.43
Chittagong,2017,3,73.23
Chittagong,2017,4,79.4
Chittagong,2017,5,78.03
Chittagong,2017,6,85.13
Chittagong,2017,7,87.94
Chittagong,2017,8,85.19
Chittagong,2017,9,85.5
Chittagong,2017,10,80.29
Chittagong,2017,11,75.83
Chittagong,2017,12,78.39
Chittagong,2018,1,71.81
Chittagong,2018,2,72.14
Chittagong,2018,3,76.71
Chittagong,2018,4,76.67
Chittagong,2018,5,79.55
Chittagong,2018,6,85.37
Chittagong,2018,7,85.39
Chittagong,2018,8,82.39
Chittagong,2018,9,81.3
Chittagong,2018,10,80.77
Chittagong,2018,11,73.53
Chittagong,2018,12,72.35
Chittagong,2019,1,69.23
Chittagong,2019,2,70.36
Chittagong,2019,3,70.71
Chittagong,2019,4,74.93
Chittagong,2019,5,78.84
Chittagong,2019,6,81.7
Chittagong,2019,7,89
Chittagong,2019,8,83.23
Chittagong,2019,9,85
Chittagong,2019,10,82.23
Chittagong,2019,11,78.43
Chittagong,2019,12,73.97
Chittagong,2020,1,73.97
Chittagong,2020,2,65.69
Chittagong,2020,3,63.35
Chittagong,2020,4,76.77
Chittagong,2020,5,76.77
Chittagong,2020,6,84.37
Chittagong,2020,7,86.16
Chittagong,2020,8,86.55
Chittagong,2020,9,84.03
Chittagong,2020,10,81.52
Chittagong,2020,11,74.8
Chittagong,2020,12,76.77
Chittagong,2021,1,69.34
Chittagong,2021,2,64.5
Chittagong,2021,3,62.86
Chittagong,2021,4,68.48
Chittagong,2021,5,68.87
Chittagong,2021,6,83.98
Chittagong,2021,7,86.72
Chittagong,2021,8,87.91
Chittagong,2021,9,82.65
Chittagong,2021,10,81.39
Chittagong,2021,11,69.45
Chittagong,2021,12,73.79
Chittagong,2022,1,72.42
Chittagong,2022,2,63.68
Chittagong,2022,3,69.9
Chittagong,2022,4,78.73
Chittagong,2022,5,81.65
Chittagong,2022,6,86.67
Chittagong,2022,7,80.29
Chittagong,2022,8,80.16
Chittagong,2022,9,84
Chittagong,2022,10,78.68
Chittagong,2022,11,69.9
Chittagong,2022,12,71.52
Chittagong,2023,1,65.77
Chittagong,2023,2,66.18
Chittagong,2023,3,64.55
Chittagong,2023,4,66.72
Chittagong,2023,5,72.21
Chittagong,2023,6,83.75
Chittagong,2023,7,81.19
Chittagong,2023,8,89.08
Chittagong,2023,9,86.15
Chittagong,2023,10,82.1
Chittagong,2023,11,79.6
Chittagong,2023,12,78.95
Chittagong,2024,1,75
Chittagong,2024,2,70
Chittagong,2024,3,68
Chittagong,2024,4,76
Chittagong,2024,5,83
Chittagong,2024,6,87
Chittagong,2024,7,86
Chittagong,2024,8,89
Chittagong,2024,9,84
Chittagong,2024,10,79
Chittagong,2024,11,68
Chittagong,2024,12,65
Chuadanga,1989,1,63.55
Chuadanga,1989,2,53.75
Chuadanga,1989,3,45.45
Chuadanga,1989,4,48.93
Chuadanga,1989,5,68.16
Chuadanga,1989,6,80.33
Chuadanga,1989,7,81.06
Chuadanga,1989,8,78.71
Chuadanga,1989,9,81.53
Chuadanga,1989,10,77.1
Chuadanga,1989,11,64.1
Chuadanga,1989,12,67.45
Chuadanga,1990,1,76.58
Chuadanga,1990,2,74.89
Chuadanga,1990,3,74.97
Chuadanga,1990,4,72.23
Chuadanga,1990,5,78.03
Chuadanga,1990,6,82.73
Chuadanga,1990,7,86.97
Chuadanga,1990,8,83.74
Chuadanga,1990,9,87
Chuadanga,1990,10,80.06
Chuadanga,1990,11,74.47
Chuadanga,1990,12,72.55
Chuadanga,1991,1,75.03
Chuadanga,1991,2,68.46
Chuadanga,1991,3,65.52
Chuadanga,1991,4,64.07
Chuadanga,1991,5,77.16
Chuadanga,1991,6,84
Chuadanga,1991,7,86.03
Chuadanga,1991,8,85
Chuadanga,1991,9,87.23
Chuadanga,1991,10,83.03
Chuadanga,1991,11,74.7
Chuadanga,1991,12,78.26
Chuadanga,1992,1,80.06
Chuadanga,1992,2,74.38
Chuadanga,1992,3,58.84
Chuadanga,1992,4,54.1
Chuadanga,1992,5,70.26
Chuadanga,1992,6,76.8
Chuadanga,1992,7,87.42
Chuadanga,1992,8,86.94
Chuadanga,1992,9,83.63
Chuadanga,1992,10,82.45
Chuadanga,1992,11,75.3
Chuadanga,1992,12,75.29
Chuadanga,1993,1,74.84
Chuadanga,1993,2,70.82
Chuadanga,1993,3,61.13
Chuadanga,1993,4,68.6
Chuadanga,1993,5,78.23
Chuadanga,1993,6,85.23
Chuadanga,1993,7,86.29
Chuadanga,1993,8,87.68
Chuadanga,1993,9,88.57
Chuadanga,1993,10,83.52
Chuadanga,1993,11,76.73
Chuadanga,1993,12,74.48
Chuadanga,1994,1,77.48
Chuadanga,1994,2,76.25
Chuadanga,1994,3,64.65
Chuadanga,1994,4,65.53
Chuadanga,1994,5,71.29
Chuadanga,1994,6,85.3
Chuadanga,1994,7,86.97
Chuadanga,1994,8,86.1
Chuadanga,1994,9,81.8
Chuadanga,1994,10,80.13
Chuadanga,1994,11,76.63
Chuadanga,1994,12,74.29
Chuadanga,1995,1,74.29
Chuadanga,1995,2,73.39
Chuadanga,1995,3,59.39
Chuadanga,1995,4,58.57
Chuadanga,1995,5,71.1
Chuadanga,1995,6,82.67
Chuadanga,1995,7,88.03
Chuadanga,1995,8,86.48
Chuadanga,1995,9,87.4
Chuadanga,1995,10,82.77
Chuadanga,1995,11,80.67
Chuadanga,1995,12,78.06
Chuadanga,1996,1,78.23
Chuadanga,1996,2,74.55
Chuadanga,1996,3,65.29
Chuadanga,1996,4,65.43
Chuadanga,1996,5,71.32
Chuadanga,1996,6,83.17
Chuadanga,1996,7,86.39
Chuadanga,1996,8,88.06
Chuadanga,1996,9,85.8
Chuadanga,1996,10,82.32
Chuadanga,1996,11,76.67
Chuadanga,1996,12,75.58
Chuadanga,1997,1,76.23
Chuadanga,1997,2,72.39
Chuadanga,1997,3,69.84
Chuadanga,1997,4,72.9
Chuadanga,1997,5,72.35
Chuadanga,1997,6,81.13
Chuadanga,1997,7,87.87
Chuadanga,1997,8,86.26
Chuadanga,1997,9,86.67
Chuadanga,1997,10,78.65
Chuadanga,1997,11,78.2
Chuadanga,1997,12,82.26
Chuadanga,1998,1,82.29
Chuadanga,1998,2,74.57
Chuadanga,1998,3,65.84
Chuadanga,1998,4,73.03
Chuadanga,1998,5,75.23
Chuadanga,1998,6,78.8
Chuadanga,1998,7,87.52
Chuadanga,1998,8,87.29
Chuadanga,1998,9,85.77
Chuadanga,1998,10,83.35
Chuadanga,1998,11,81.4
Chuadanga,1998,12,77.52
Chuadanga,1999,1,76.87
Chuadanga,1999,2,69
Chuadanga,1999,3,55.9
Chuadanga,1999,4,69.4
Chuadanga,1999,5,76.06
Chuadanga,1999,6,82
Chuadanga,1999,7,87.42
Chuadanga,1999,8,86.39
Chuadanga,1999,9,88.87
Chuadanga,1999,10,84.65
Chuadanga,1999,11,76.77
Chuadanga,1999,12,76.9
Chuadanga,2000,1,77.77
Chuadanga,2000,2,74.55
Chuadanga,2000,3,66.03
Chuadanga,2000,4,72.97
Chuadanga,2000,5,79.55
Chuadanga,2000,6,83.57
Chuadanga,2000,7,84.48
Chuadanga,2000,8,85.71
Chuadanga,2000,9,88.23
Chuadanga,2000,10,84.39
Chuadanga,2000,11,78.87
Chuadanga,2000,12,75.42
Chuadanga,2001,1,73.68
Chuadanga,2001,2,68.18
Chuadanga,2001,3,61.19
Chuadanga,2001,4,68.1
Chuadanga,2001,5,79.13
Chuadanga,2001,6,86.4
Chuadanga,2001,7,85.55
Chuadanga,2001,8,84.13
Chuadanga,2001,9,85.73
Chuadanga,2001,10,84.58
Chuadanga,2001,11,80.27
Chuadanga,2001,12,79.84
Chuadanga,2002,1,78.68
Chuadanga,2002,2,70.04
Chuadanga,2002,3,64.16
Chuadanga,2002,4,75.8
Chuadanga,2002,5,80.32
Chuadanga,2002,6,84.07
Chuadanga,2002,7,86.13
Chuadanga,2002,8,87.1
Chuadanga,2002,9,85.73
Chuadanga,2002,10,80.97
Chuadanga,2002,11,79.67
Chuadanga,2002,12,80.19
Chuadanga,2003,1,79.42
Chuadanga,2003,2,74.82
Chuadanga,2003,3,72.52
Chuadanga,2003,4,71.87
Chuadanga,2003,5,71.97
Chuadanga,2003,6,82.63
Chuadanga,2003,7,86.48
Chuadanga,2003,8,85.55
Chuadanga,2003,9,87.23
Chuadanga,2003,10,87.84
Chuadanga,2003,11,78.83
Chuadanga,2003,12,80
Chuadanga,2004,1,80.87
Chuadanga,2004,2,70.55
Chuadanga,2004,3,66.23
Chuadanga,2004,4,71.83
Chuadanga,2004,5,65.74
Chuadanga,2004,6,84.03
Chuadanga,2004,7,84.77
Chuadanga,2004,8,86.45
Chuadanga,2004,9,88.03
Chuadanga,2004,10,82.52
Chuadanga,2004,11,76.1
Chuadanga,2004,12,78.65
Chuadanga,2005,1,78.94
Chuadanga,2005,2,68.64
Chuadanga,2005,3,68.45
Chuadanga,2005,4,69.2
Chuadanga,2005,5,71.97
Chuadanga,2005,6,75.5
Chuadanga,2005,7,86.45
Chuadanga,2005,8,86.19
Chuadanga,2005,9,84.8
Chuadanga,2005,10,87.61
Chuadanga,2005,11,79.93
Chuadanga,2005,12,77.35
Chuadanga,2006,1,76.32
Chuadanga,2006,2,71.14
Chuadanga,2006,3,60.77
Chuadanga,2006,4,69.4
Chuadanga,2006,5,73.58
Chuadanga,2006,6,83.97
Chuadanga,2006,7,85.87
Chuadanga,2006,8,85.03
Chuadanga,2006,9,85.43
Chuadanga,2006,10,82.35
Chuadanga,2006,11,78.83
Chuadanga,2006,12,79.13
Chuadanga,2007,1,76.48
Chuadanga,2007,2,80.32
Chuadanga,2007,3,70.1
Chuadanga,2007,4,72.47
Chuadanga,2007,5,74.65
Chuadanga,2007,6,85.03
Chuadanga,2007,7,89.32
Chuadanga,2007,8,85.74
Chuadanga,2007,9,86.27
Chuadanga,2007,10,83.23
Chuadanga,2007,11,81.13
Chuadanga,2007,12,79.65
Chuadanga,2008,1,79.94
Chuadanga,2008,2,76.28
Chuadanga,2008,3,74.58
Chuadanga,2008,4,69.8
Chuadanga,2008,5,75.39
Chuadanga,2008,6,85.3
Chuadanga,2008,7,89.35
Chuadanga,2008,8,85.94
Chuadanga,2008,9,86.17
Chuadanga,2008,10,83.42
Chuadanga,2008,11,79.57
Chuadanga,2008,12,84.39
Chuadanga,2009,1,81.68
Chuadanga,2009,2,70.11
Chuadanga,2009,3,65.39
Chuadanga,2009,4,66.1
Chuadanga,2009,5,75.29
Chuadanga,2009,6,78.13
Chuadanga,2009,7,86.9
Chuadanga,2009,8,88.71
Chuadanga,2009,9,86.53
Chuadanga,2009,10,82.94
Chuadanga,2009,11,79.07
Chuadanga,2009,12,80.39
Chuadanga,2010,1,82.26
Chuadanga,2010,2,71.89
Chuadanga,2010,3,65.77
Chuadanga,2010,4,71.03
Chuadanga,2010,5,79.03
Chuadanga,2010,6,84.8
Chuadanga,2010,7,84.39
Chuadanga,2010,8,83.81
Chuadanga,2010,9,86.5
Chuadanga,2010,10,84.42
Chuadanga,2010,11,79.93
Chuadanga,2010,12,80.19
Chuadanga,2011,1,79.39
Chuadanga,2011,2,70.68
Chuadanga,2011,3,69.48
Chuadanga,2011,4,72.67
Chuadanga,2011,5,78.9
Chuadanga,2011,6,83.83
Chuadanga,2011,7,85.52
Chuadanga,2011,8,88.77
Chuadanga,2011,9,88.1
Chuadanga,2011,10,82.35
Chuadanga,2011,11,82.1
Chuadanga,2011,12,84.65
Chuadanga,2012,1,81.71
Chuadanga,2012,2,70.55
Chuadanga,2012,3,63.1
Chuadanga,2012,4,69.47
Chuadanga,2012,5,70.55
Chuadanga,2012,6,78.93
Chuadanga,2012,7,88.84
Chuadanga,2012,8,87.39
Chuadanga,2012,9,86.37
Chuadanga,2012,10,83.48
Chuadanga,2012,11,80.87
Chuadanga,2012,12,85.13
Chuadanga,2013,1,79.19
Chuadanga,2013,2,74.57
Chuadanga,2013,3,65.9
Chuadanga,2013,4,65.23
Chuadanga,2013,5,81.06
Chuadanga,2013,6,84.5
Chuadanga,2013,7,86.39
Chuadanga,2013,8,87.9
Chuadanga,2013,9,87.4
Chuadanga,2013,10,88.9
Chuadanga,2013,11,82.03
Chuadanga,2013,12,82.26
Chuadanga,2014,1,82.84
Chuadanga,2014,2,75.75
Chuadanga,2014,3,67.55
Chuadanga,2014,4,60.93
Chuadanga,2014,5,66.52
Chuadanga,2014,6,83.27
Chuadanga,2014,7,87.26
Chuadanga,2014,8,86.42
Chuadanga,2014,9,85.07
Chuadanga,2014,10,83.9
Chuadanga,2014,11,79.47
Chuadanga,2014,12,85.06
Chuadanga,2015,1,82.39
Chuadanga,2015,2,78.68
Chuadanga,2015,3,67.71
Chuadanga,2015,4,74.7
Chuadanga,2015,5,76
Chuadanga,2015,6,81.23
Chuadanga,2015,7,88.29
Chuadanga,2015,8,86.16
Chuadanga,2015,9,84.67
Chuadanga,2015,10,81.97
Chuadanga,2015,11,80.3
Chuadanga,2015,12,82.13
Chuadanga,2016,1,81.45
Chuadanga,2016,2,77.21
Chuadanga,2016,3,70.84
Chuadanga,2016,4,69.4
Chuadanga,2016,5,74.65
Chuadanga,2016,6,81
Chuadanga,2016,7,88.32
Chuadanga,2016,8,86.35
Chuadanga,2016,9,85.13
Chuadanga,2016,10,82.1
Chuadanga,2016,11,79.53
Chuadanga,2016,12,83.1
Chuadanga,2017,1,79.06
Chuadanga,2017,2,72.18
Chuadanga,2017,3,70.39
Chuadanga,2017,4,72.23
Chuadanga,2017,5,78.84
Chuadanga,2017,6,83.3
Chuadanga,2017,7,88.03
Chuadanga,2017,8,86.48
Chuadanga,2017,9,85.47
Chuadanga,2017,10,86.29
Chuadanga,2017,11,81.6
Chuadanga,2017,12,85.68
Chuadanga,2018,1,79.58
Chuadanga,2018,2,73.46
Chuadanga,2018,3,67.42
Chuadanga,2018,4,74.67
Chuadanga,2018,5,79.71
Chuadanga,2018,6,81.4
Chuadanga,2018,7,86.48
Chuadanga,2018,8,85.19
Chuadanga,2018,9,83.6
Chuadanga,2018,10,82.06
Chuadanga,2018,11,78.8
Chuadanga,2018,12,79.26
Chuadanga,2019,1,76.84
Chuadanga,2019,2,75.11
Chuadanga,2019,3,68.84
Chuadanga,2019,4,75.93
Chuadanga,2019,5,77.26
Chuadanga,2019,6,81.23
Chuadanga,2019,7,85.55
Chuadanga,2019,8,85.39
Chuadanga,2019,9,87.27
Chuadanga,2019,10,86
Chuadanga,2019,11,82.7
Chuadanga,2019,12,83.19
Chuadanga,2020,1,83.23
Chuadanga,2020,2,75.07
Chuadanga,2020,3,70.77
Chuadanga,2020,4,72.47
Chuadanga,2020,5,80.1
Chuadanga,2020,6,84.87
Chuadanga,2020,7,85.68
Chuadanga,2020,8,86.42
Chuadanga,2020,9,86.17
Chuadanga,2020,10,84.61
Chuadanga,2020,11,78.5
Chuadanga,2020,12,89.11
Chuadanga,2021,1,85.37
Chuadanga,2021,2,73.54
Chuadanga,2021,3,64.53
Chuadanga,2021,4,60.77
Chuadanga,2021,5,71.58
Chuadanga,2021,6,84.17
Chuadanga,2021,7,86.7
Chuadanga,2021,8,87.5
Chuadanga,2021,9,85.71
Chuadanga,2021,10,83.55
Chuadanga,2021,11,82.71
Chuadanga,2021,12,84.65
Chuadanga,2022,1,83.9
Chuadanga,2022,2,79.86
Chuadanga,2022,3,72.39
Chuadanga,2022,4,75.7
Chuadanga,2022,5,79.1
Chuadanga,2022,6,80.37
Chuadanga,2022,7,81.29
Chuadanga,2022,8,83.35
Chuadanga,2022,9,85.67
Chuadanga,2022,10,81.87
Chuadanga,2022,11,78
Chuadanga,2022,12,81.52
Chuadanga,2023,1,87.92
Chuadanga,2023,2,76.75
Chuadanga,2023,3,63.94
Chuadanga,2023,4,54.98
Chuadanga,2023,5,67.34
Chuadanga,2023,6,76.95
Chuadanga,2023,7,79.11
Chuadanga,2023,8,82.4
Chuadanga,2023,9,84.02
Chuadanga,2023,10,82.06
Chuadanga,2023,11,82.28
Chuadanga,2023,12,89.11
Chuadanga,2024,1,86
Chuadanga,2024,2,76
Chuadanga,2024,3,73
Chuadanga,2024,4,59
Chuadanga,2024,5,71
Chuadanga,2024,6,78
Chuadanga,2024,7,82
Chuadanga,2024,8,87
Chuadanga,2024,9,85
Chuadanga,2024,10,86
Chuadanga,2024,11,81
Chuadanga,2024,12,80
Comilla,1948,1,71.39
Comilla,1948,2,70.62
Comilla,1948,3,68.06
Comilla,1948,4,75.17
Comilla,1948,5,81.39
Comilla,1948,6,87.6
Comilla,1948,7,95.29
Comilla,1948,8,96.58
Comilla,1948,9,90.67
Comilla,1948,10,83.06
Comilla,1948,11,77.43
Comilla,1948,12,73.77
Comilla,1949,1,69.77
Comilla,1949,2,63.04
Comilla,1949,3,70.55
Comilla,1949,4,80.3
Comilla,1949,5,85.39
Comilla,1949,6,88.07
Comilla,1949,7,88.1
Comilla,1949,8,87.58
Comilla,1949,9,87.63
Comilla,1949,10,85.94
Comilla,1949,11,80.2
Comilla,1949,12,78.9
Comilla,1950,1,79.61
Comilla,1950,2,77.25
Comilla,1950,3,70.1
Comilla,1950,4,77.7
Comilla,1950,5,77.03
Comilla,1950,6,88.87
Comilla,1950,7,87.13
Comilla,1950,8,91.23
Comilla,1950,9,84.43
Comilla,1950,10,87.1
Comilla,1950,11,84.43
Comilla,1950,12,83.55
Comilla,1951,1,78.16
Comilla,1951,2,75.04
Comilla,1951,3,74.61
Comilla,1951,4,85.37
Comilla,1951,5,86.03
Comilla,1951,6,87.37
Comilla,1951,7,87.23
Comilla,1951,8,86.42
Comilla,1951,9,85.6
Comilla,1951,10,88.19
Comilla,1951,11,85.07
Comilla,1951,12,82.16
Comilla,1952,1,83.94
Comilla,1952,2,74.17
Comilla,1952,3,72.71
Comilla,1952,4,79.23
Comilla,1952,5,83.06
Comilla,1952,6,87.33
Comilla,1952,7,88.26
Comilla,1952,8,86.32
Comilla,1952,9,89.63
Comilla,1952,10,86.9
Comilla,1952,11,86.23
Comilla,1952,12,82.9
Comilla,1953,1,81.81
Comilla,1953,2,78.32
Comilla,1953,3,82.48
Comilla,1953,4,72.87
Comilla,1953,5,78.97
Comilla,1953,6,87.03
Comilla,1953,7,89.26
Comilla,1953,8,86.03
Comilla,1953,9,86.97
Comilla,1953,10,84.9
Comilla,1953,11,83.07
Comilla,1953,12,84.13
Comilla,1954,1,78.45
Comilla,1954,2,78.96
Comilla,1954,3,73.42
Comilla,1954,4,83.03
Comilla,1954,5,85.43
Comilla,1954,6,91.93
Comilla,1954,7,89.71
Comilla,1954,8,91.61
Comilla,1954,9,87.53
Comilla,1954,10,88.52
Comilla,1954,11,86.1
Comilla,1954,12,85.65
Comilla,1955,1,79.03
Comilla,1955,2,62.25
Comilla,1955,3,69.77
Comilla,1955,4,72.57
Comilla,1955,5,81.42
Comilla,1955,6,86.27
Comilla,1955,7,88.45
Comilla,1955,8,87.48
Comilla,1955,9,85.73
Comilla,1955,10,83.39
Comilla,1955,11,81.7
Comilla,1955,12,75.97
Comilla,1956,1,79.74
Comilla,1956,2,66.69
Comilla,1956,3,72.45
Comilla,1956,4,72.1
Comilla,1956,5,84.71
Comilla,1956,6,87.4
Comilla,1956,7,84.23
Comilla,1956,8,85.52
Comilla,1956,9,84.93
Comilla,1956,10,81.84
Comilla,1956,11,79.83
Comilla,1956,12,77.52
Comilla,1957,1,77.97
Comilla,1957,2,73.68
Comilla,1957,3,61.68
Comilla,1957,4,67.73
Comilla,1957,5,78.19
Comilla,1957,6,84.83
Comilla,1957,7,85.45
Comilla,1957,8,84.65
Comilla,1957,9,85.93
Comilla,1957,10,81.19
Comilla,1957,11,75.17
Comilla,1957,12,75.35
Comilla,1958,1,75.52
Comilla,1958,2,72.07
Comilla,1958,3,63.68
Comilla,1958,4,75
Comilla,1958,5,82.77
Comilla,1958,6,84.3
Comilla,1958,7,84.55
Comilla,1958,8,86.48
Comilla,1958,9,85.23
Comilla,1958,10,85.16
Comilla,1958,11,77.83
Comilla,1958,12,77.71
Comilla,1959,1,75.68
Comilla,1959,2,73
Comilla,1959,3,79.87
Comilla,1959,4,78.3
Comilla,1959,5,82.52
Comilla,1959,6,86
Comilla,1959,7,85.16
Comilla,1959,8,86.26
Comilla,1959,9,87.57
Comilla,1959,10,86.87
Comilla,1959,11,77.83
Comilla,1959,12,75.77
Comilla,1960,1,70.45
Comilla,1960,2,68.79
Comilla,1960,3,74.1
Comilla,1960,4,69.3
Comilla,1960,5,76.48
Comilla,1960,6,84
Comilla,1960,7,88.45
Comilla,1960,8,85.84
Comilla,1960,9,87.2
Comilla,1960,10,80.58
Comilla,1960,11,76.63
Comilla,1960,12,75.52
Comilla,1961,1,74.06
Comilla,1961,2,67.43
Comilla,1961,3,71.94
Comilla,1961,4,74.63
Comilla,1961,5,79.84
Comilla,1961,6,85.47
Comilla,1961,7,84.94
Comilla,1961,8,86.52
Comilla,1961,9,84.33
Comilla,1961,10,82.48
Comilla,1961,11,77
Comilla,1961,12,74.81
Comilla,1962,1,69.61
Comilla,1962,2,67.43
Comilla,1962,3,58.68
Comilla,1962,4,74.6
Comilla,1962,5,79.68
Comilla,1962,6,87.13
Comilla,1962,7,86.61
Comilla,1962,8,87.61
Comilla,1962,9,85.53
Comilla,1962,10,80.77
Comilla,1962,11,78.6
Comilla,1962,12,80.63
Comilla,1964,1,72.1
Comilla,1964,2,71.38
Comilla,1964,3,71.29
Comilla,1964,4,82.6
Comilla,1964,5,86.94
Comilla,1964,6,93.23
Comilla,1964,7,93.97
Comilla,1964,8,91.52
Comilla,1964,9,89.7
Comilla,1964,10,85.68
Comilla,1964,11,81
Comilla,1964,12,80.32
Comilla,1965,1,74.9
Comilla,1965,2,69.86
Comilla,1965,3,72.1
Comilla,1965,4,76.13
Comilla,1965,5,83.23
Comilla,1965,6,89.5
Comilla,1965,7,93.1
Comilla,1965,8,95.68
Comilla,1965,9,86.2
Comilla,1965,10,82
Comilla,1965,11,79.07
Comilla,1965,12,78.45
Comilla,1966,1,77.06
Comilla,1966,2,67.21
Comilla,1966,3,67.9
Comilla,1966,4,78.07
Comilla,1966,5,85.42
Comilla,1966,6,94.5
Comilla,1966,7,92
Comilla,1966,8,93
Comilla,1966,9,89.97
Comilla,1966,10,84.58
Comilla,1966,11,84.23
Comilla,1966,12,86.03
Comilla,1967,2,76.43
Comilla,1967,3,80.96
Comilla,1967,4,74.1
Comilla,1967,5,83.87
Comilla,1967,6,84.07
Comilla,1967,7,86.61
Comilla,1967,8,85.16
Comilla,1967,9,86.8
Comilla,1967,10,81.35
Comilla,1967,11,72.63
Comilla,1967,12,71.94
Comilla,1968,1,69.16
Comilla,1968,2,75
Comilla,1968,3,67.45
Comilla,1968,4,78.33
Comilla,1968,5,78.65
Comilla,1968,6,88.53
Comilla,1968,7,87.06
Comilla,1968,8,88.13
Comilla,1968,9,86.23
Comilla,1968,10,82.81
Comilla,1968,11,79.1
Comilla,1969,1,74.03
Comilla,1969,2,69.61
Comilla,1969,3,78.65
Comilla,1969,4,77.87
Comilla,1969,5,78.13
Comilla,1969,6,87.7
Comilla,1969,7,87.06
Comilla,1969,8,90.44
Comilla,1969,9,84.1
Comilla,1969,10,80.16
Comilla,1969,11,75.13
Comilla,1969,12,73.68
Comilla,1970,1,85.58
Comilla,1970,2,70.43
Comilla,1970,3,69.71
Comilla,1970,4,90.5
Comilla,1970,5,92.45
Comilla,1970,6,93.27
Comilla,1970,7,93.26
Comilla,1970,8,86.68
Comilla,1970,9,86.8
Comilla,1970,10,85.35
Comilla,1970,11,90.67
Comilla,1971,1,84.61
Comilla,1971,2,88.18
Comilla,1971,3,85.8
Comilla,1971,5,83.33
Comilla,1971,6,85.1
Comilla,1971,7,89.23
Comilla,1971,8,89.16
Comilla,1971,9,85.7
Comilla,1971,10,84
Comilla,1971,11,79.1
Comilla,1972,3,65.86
Comilla,1972,4,72.73
Comilla,1972,5,77.1
Comilla,1972,6,82.4
Comilla,1972,7,82.03
Comilla,1972,8,84.1
Comilla,1972,9,78.6
Comilla,1972,10,72.55
Comilla,1972,11,67.33
Comilla,1972,12,63.77
Comilla,1973,1,60.87
Comilla,1973,2,60.39
Comilla,1973,3,64.52
Comilla,1973,4,72.17
Comilla,1973,5,79.39
Comilla,1973,6,83.53
Comilla,1973,7,81.37
Comilla,1973,8,81.81
Comilla,1973,9,83.67
Comilla,1973,10,79.74
Comilla,1973,11,78.97
Comilla,1973,12,75.26
Comilla,1974,1,69.48
Comilla,1974,2,58.29
Comilla,1974,3,69.1
Comilla,1974,4,76.1
Comilla,1974,5,76.87
Comilla,1974,6,82.93
Comilla,1974,7,88.65
Comilla,1974,8,82.65
Comilla,1974,9,81.77
Comilla,1974,10,79.1
Comilla,1974,11,72.13
Comilla,1974,12,67.19
Comilla,1975,1,62.55
Comilla,1975,2,62.25
Comilla,1975,3,57.87
Comilla,1975,4,69.73
Comilla,1975,5,75.71
Comilla,1975,6,79.53
Comilla,1975,7,84.94
Comilla,1975,8,81.48
Comilla,1975,9,82.93
Comilla,1975,10,81.61
Comilla,1975,11,71.47
Comilla,1975,12,62.48
Comilla,1976,1,60.45
Comilla,1976,2,64.1
Comilla,1976,3,67.19
Comilla,1976,4,70.43
Comilla,1976,5,77.68
Comilla,1976,6,85.13
Comilla,1976,7,85.16
Comilla,1976,8,85
Comilla,1976,9,78.37
Comilla,1976,10,76.65
Comilla,1976,11,70.1
Comilla,1976,12,62.23
Comilla,1977,1,63.39
Comilla,1977,2,60.54
Comilla,1977,3,68.77
Comilla,1977,4,78.53
Comilla,1977,5,78.58
Comilla,1977,6,83.33
Comilla,1977,7,85.58
Comilla,1977,8,85.65
Comilla,1977,9,84.43
Comilla,1977,10,84.35
Comilla,1977,11,81.47
Comilla,1977,12,76.48
Comilla,1979,1,68.61
Comilla,1979,2,67.89
Comilla,1979,3,70.81
Comilla,1979,4,75.33
Comilla,1979,5,75.48
Comilla,1979,6,80.43
Comilla,1979,7,85.16
Comilla,1979,8,85.55
Comilla,1979,9,85.07
Comilla,1979,10,81.26
Comilla,1979,11,78.9
Comilla,1979,12,80.61
Comilla,1980,1,72.35
Comilla,1980,2,73.1
Comilla,1980,3,75.68
Comilla,1980,4,77.37
Comilla,1980,5,79.97
Comilla,1980,6,83.47
Comilla,1980,7,84.94
Comilla,1980,8,85.65
Comilla,1980,9,85.8
Comilla,1980,10,82.77
Comilla,1980,11,75.1
Comilla,1980,12,74.13
Comilla,1981,1,72.87
Comilla,1981,2,72.29
Comilla,1981,3,73.9
Comilla,1981,4,81.23
Comilla,1981,5,80.87
Comilla,1981,6,82.53
Comilla,1981,7,86.94
Comilla,1981,8,83.65
Comilla,1981,9,85.13
Comilla,1981,10,79.71
Comilla,1981,11,74.4
Comilla,1981,12,74.29
Comilla,1982,1,69.26
Comilla,1982,2,71
Comilla,1982,3,69.9
Comilla,1982,4,81.13
Comilla,1982,5,78.29
Comilla,1982,6,87.33
Comilla,1982,7,85.29
Comilla,1982,8,85.87
Comilla,1982,9,85.4
Comilla,1982,10,81.1
Comilla,1982,11,78.27
Comilla,1982,12,74.58
Comilla,1983,1,73.55
Comilla,1983,2,69.43
Comilla,1983,3,80.19
Comilla,1983,4,79.97
Comilla,1983,5,81.42
Comilla,1983,6,84
Comilla,1983,7,84.55
Comilla,1983,8,84.68
Comilla,1983,9,85.33
Comilla,1983,10,84.1
Comilla,1983,11,78.73
Comilla,1983,12,78.55
Comilla,1984,1,75.55
Comilla,1984,2,69.83
Comilla,1984,3,73.48
Comilla,1984,4,77.17
Comilla,1984,5,83.52
Comilla,1984,6,84.3
Comilla,1984,7,85.55
Comilla,1984,8,85.58
Comilla,1984,9,83.1
Comilla,1984,10,82.81
Comilla,1984,11,75.53
Comilla,1984,12,75.52
Comilla,1985,1,75.26
Comilla,1985,2,74.04
Comilla,1985,3,80.94
Comilla,1985,4,80.97
Comilla,1985,5,81.13
Comilla,1985,6,85.17
Comilla,1985,7,85.52
Comilla,1985,8,84.19
Comilla,1985,9,85.83
Comilla,1985,10,80.81
Comilla,1985,11,76.3
Comilla,1985,12,75.81
Comilla,1986,1,76.58
Comilla,1986,2,71.11
Comilla,1986,3,72
Comilla,1986,4,80.7
Comilla,1986,5,79.23
Comilla,1986,6,83.93
Comilla,1986,7,85.84
Comilla,1986,8,83.87
Comilla,1986,9,87.3
Comilla,1986,10,84.84
Comilla,1986,11,82.57
Comilla,1986,12,76.42
Comilla,1987,1,76.42
Comilla,1987,2,74.25
Comilla,1987,3,77.29
Comilla,1987,4,82.27
Comilla,1987,5,78.81
Comilla,1987,6,85.52
Comilla,1987,7,89.13
Comilla,1987,8,86.58
Comilla,1987,9,86.37
Comilla,1987,10,81.39
Comilla,1987,11,79.53
Comilla,1987,12,78.71
Comilla,1988,1,75.74
Comilla,1988,2,77.62
Comilla,1988,3,79.16
Comilla,1988,4,81
Comilla,1988,5,83
Comilla,1988,6,85.03
Comilla,1988,7,86.26
Comilla,1988,8,87.74
Comilla,1988,9,85.6
Comilla,1988,10,82.71
Comilla,1988,11,80.13
Comilla,1988,12,80.68
Comilla,1989,1,75.39
Comilla,1989,2,74.39
Comilla,1989,3,73.32
Comilla,1989,4,81.97
Comilla,1989,5,82.26
Comilla,1989,6,86.53
Comilla,1989,7,88.16
Comilla,1989,8,84.74
Comilla,1989,9,88.8
Comilla,1989,10,88.52
Comilla,1989,11,80.77
Comilla,1989,12,76.48
Comilla,1990,1,80.71
Comilla,1990,2,78.36
Comilla,1990,3,81.65
Comilla,1990,4,84.07
Comilla,1990,5,83.29
Comilla,1990,6,88.17
Comilla,1990,7,90.29
Comilla,1990,8,86.52
Comilla,1990,9,87.73
Comilla,1990,10,86
Comilla,1990,11,83.97
Comilla,1990,12,80.03
Comilla,1991,1,79.52
Comilla,1991,2,79.82
Comilla,1991,3,80.06
Comilla,1991,4,83.57
Comilla,1991,5,88.48
Comilla,1991,6,90.33
Comilla,1991,7,88.71
Comilla,1991,8,86.97
Comilla,1991,9,90.33
Comilla,1991,10,88.23
Comilla,1991,11,84.03
Comilla,1991,12,81.13
Comilla,1992,1,83.03
Comilla,1992,2,80.79
Comilla,1992,3,82.45
Comilla,1992,4,80.8
Comilla,1992,5,82.39
Comilla,1992,6,85.8
Comilla,1992,7,89.16
Comilla,1992,8,86.52
Comilla,1992,9,88.53
Comilla,1992,10,86.71
Comilla,1992,11,83.13
Comilla,1992,12,80
Comilla,1993,1,78.06
Comilla,1993,2,77.93
Comilla,1993,3,78.55
Comilla,1993,4,83.63
Comilla,1993,5,85.74
Comilla,1993,6,87.7
Comilla,1993,7,88.71
Comilla,1993,8,89.16
Comilla,1993,9,88.43
Comilla,1993,10,87.52
Comilla,1993,11,83.77
Comilla,1993,12,79.87
Comilla,1994,1,80.26
Comilla,1994,2,79.18
Comilla,1994,3,83.13
Comilla,1994,4,82
Comilla,1994,5,84.16
Comilla,1994,6,88.93
Comilla,1994,7,86.52
Comilla,1994,8,87.87
Comilla,1994,9,86.1
Comilla,1994,10,85.71
Comilla,1994,11,83.47
Comilla,1994,12,76.87
Comilla,1995,1,75.39
Comilla,1995,2,79.36
Comilla,1995,3,73.16
Comilla,1995,4,83.03
Comilla,1995,5,84.94
Comilla,1995,6,89.03
Comilla,1995,7,90.16
Comilla,1995,8,89.45
Comilla,1995,9,88.8
Comilla,1995,10,86.35
Comilla,1995,11,84
Comilla,1995,12,82.26
Comilla,1996,1,80.68
Comilla,1996,2,77.28
Comilla,1996,3,82.94
Comilla,1996,4,84.33
Comilla,1996,5,82.1
Comilla,1996,6,84.03
Comilla,1996,7,86.48
Comilla,1996,8,87.1
Comilla,1996,9,85.6
Comilla,1996,10,83.35
Comilla,1996,11,81.07
Comilla,1996,12,78.13
Comilla,1997,1,75.03
Comilla,1997,2,74.29
Comilla,1997,3,81.1
Comilla,1997,4,81.67
Comilla,1997,5,82.29
Comilla,1997,6,85.83
Comilla,1997,7,87.45
Comilla,1997,8,85.32
Comilla,1997,9,85.6
Comilla,1997,10,81.74
Comilla,1997,11,81.5
Comilla,1997,12,83.87
Comilla,1998,1,83.23
Comilla,1998,2,77.61
Comilla,1998,3,77.61
Comilla,1998,4,83.67
Comilla,1998,5,84.13
Comilla,1998,6,84.73
Comilla,1998,7,89.39
Comilla,1998,8,87.16
Comilla,1998,9,84.7
Comilla,1998,10,83.32
Comilla,1998,11,81.87
Comilla,1998,12,79.77
Comilla,1999,1,76.55
Comilla,1999,2,76.25
Comilla,1999,3,77.35
Comilla,1999,4,80.6
Comilla,1999,5,83.61
Comilla,1999,6,86.6
Comilla,1999,7,87.32
Comilla,1999,8,87.97
Comilla,1999,9,86.53
Comilla,1999,10,85.23
Comilla,1999,11,78.27
Comilla,1999,12,77.52
Comilla,2000,1,78.81
Comilla,2000,2,75.07
Comilla,2000,3,79.65
Comilla,2000,4,82.67
Comilla,2000,5,83.87
Comilla,2000,6,85.43
Comilla,2000,7,84.42
Comilla,2000,8,84.39
Comilla,2000,9,85.73
Comilla,2000,10,86.48
Comilla,2000,11,81.7
Comilla,2000,12,77.19
Comilla,2001,1,73.32
Comilla,2001,2,76.46
Comilla,2001,3,73.45
Comilla,2001,4,77.6
Comilla,2001,5,83.9
Comilla,2001,6,87.4
Comilla,2001,7,85.29
Comilla,2001,8,83.68
Comilla,2001,9,85.57
Comilla,2001,10,85.77
Comilla,2001,11,85.17
Comilla,2001,12,81.9
Comilla,2002,1,78.45
Comilla,2002,2,71.07
Comilla,2002,3,75.13
Comilla,2002,4,81
Comilla,2002,5,83.71
Comilla,2002,6,85.97
Comilla,2002,7,88.45
Comilla,2002,8,85.45
Comilla,2002,9,82.83
Comilla,2002,10,82.71
Comilla,2002,11,81.3
Comilla,2002,12,80.77
Comilla,2003,1,80.19
Comilla,2003,2,73.46
Comilla,2003,3,77.55
Comilla,2003,4,81.3
Comilla,2003,5,80.29
Comilla,2003,6,87.27
Comilla,2003,7,83.61
Comilla,2003,8,82.19
Comilla,2003,9,85.2
Comilla,2003,10,85.71
Comilla,2003,11,78.93
Comilla,2003,12,81.97
Comilla,2004,1,82.52
Comilla,2004,2,74.45
Comilla,2004,3,79.39
Comilla,2004,4,83.17
Comilla,2004,5,78.03
Comilla,2004,6,85.33
Comilla,2004,7,85.48
Comilla,2004,8,83.58
Comilla,2004,9,86.93
Comilla,2004,10,79.48
Comilla,2004,11,77.53
Comilla,2004,12,77.77
Comilla,2005,1,77.16
Comilla,2005,2,76.46
Comilla,2005,3,82
Comilla,2005,4,79.17
Comilla,2005,5,79.94
Comilla,2005,6,84.07
Comilla,2005,7,85.19
Comilla,2005,8,87.26
Comilla,2005,9,85.7
Comilla,2005,10,84.03
Comilla,2005,11,80
Comilla,2005,12,76.97
Comilla,2006,1,78.65
Comilla,2006,2,79.21
Comilla,2006,3,72.58
Comilla,2006,4,78.17
Comilla,2006,5,79.52
Comilla,2006,6,85.2
Comilla,2006,7,85.32
Comilla,2006,8,83.13
Comilla,2006,9,84.7
Comilla,2006,10,83.32
Comilla,2006,11,80.8
Comilla,2006,12,78.77
Comilla,2007,1,77.06
Comilla,2007,2,76.79
Comilla,2007,3,71.94
Comilla,2007,4,81.7
Comilla,2007,5,82.23
Comilla,2007,6,86.27
Comilla,2007,7,88.06
Comilla,2007,8,84.71
Comilla,2007,9,85.7
Comilla,2007,10,82.29
Comilla,2007,11,81.73
Comilla,2007,12,79.55
Comilla,2008,1,79.16
Comilla,2008,2,73
Comilla,2008,3,81.42
Comilla,2008,4,77.57
Comilla,2008,5,79.32
Comilla,2008,6,86.33
Comilla,2008,7,86.45
Comilla,2008,8,86.1
Comilla,2008,9,82.67
Comilla,2008,10,83.45
Comilla,2008,11,77.67
Comilla,2008,12,83.06
Comilla,2009,1,78.52
Comilla,2009,2,73.5
Comilla,2009,3,75.61
Comilla,2009,4,78.83
Comilla,2009,5,80.1
Comilla,2009,6,83.17
Comilla,2009,7,86.19
Comilla,2009,8,86.39
Comilla,2009,9,83.17
Comilla,2009,10,82.19
Comilla,2009,11,76.83
Comilla,2009,12,79.65
Comilla,2010,1,78.29
Comilla,2010,2,71.07
Comilla,2010,3,76.65
Comilla,2010,4,80.97
Comilla,2010,5,80.71
Comilla,2010,6,86.7
Comilla,2010,7,83.61
Comilla,2010,8,83.65
Comilla,2010,9,85.5
Comilla,2010,10,82.77
Comilla,2010,11,78.6
Comilla,2010,12,76.71
Comilla,2011,1,75.97
Comilla,2011,2,68.89
Comilla,2011,3,74.26
Comilla,2011,4,78
Comilla,2011,5,82.61
Comilla,2011,6,85.57
Comilla,2011,7,84.71
Comilla,2011,8,85.42
Comilla,2011,9,84.63
Comilla,2011,10,80.94
Comilla,2011,11,76.73
Comilla,2011,12,81.06
Comilla,2012,1,77.52
Comilla,2012,2,70.24
Comilla,2012,3,75.68
Comilla,2012,4,81.7
Comilla,2012,5,79.97
Comilla,2012,6,84.6
Comilla,2012,7,85.42
Comilla,2012,8,83.97
Comilla,2012,9,85.1
Comilla,2012,10,82.35
Comilla,2012,11,78.07
Comilla,2012,12,83.35
Comilla,2013,1,74.16
Comilla,2013,2,68.71
Comilla,2013,3,75.71
Comilla,2013,4,78.43
Comilla,2013,5,85.16
Comilla,2013,6,81.9
Comilla,2013,7,83.87
Comilla,2013,8,85.48
Comilla,2013,9,84.63
Comilla,2013,10,85.06
Comilla,2013,11,78.27
Comilla,2013,12,81
Comilla,2014,1,79.65
Comilla,2014,2,72.93
Comilla,2014,3,70.03
Comilla,2014,4,72.6
Comilla,2014,5,77.97
Comilla,2014,6,85.53
Comilla,2014,7,82.65
Comilla,2014,8,86.52
Comilla,2014,9,83.5
Comilla,2014,10,81.03
Comilla,2014,11,80.77
Comilla,2014,12,83.81
Comilla,2015,1,78.97
Comilla,2015,2,75.11
Comilla,2015,3,71.29
Comilla,2015,4,80.43
Comilla,2015,5,81.48
Comilla,2015,6,85.2
Comilla,2015,7,87.84
Comilla,2015,8,84.52
Comilla,2015,9,83.63
Comilla,2015,10,80.74
Comilla,2015,11,77.4
Comilla,2015,12,77.61
Comilla,2016,1,76.61
Comilla,2016,2,77.86
Comilla,2016,3,76.97
Comilla,2016,4,81.2
Comilla,2016,5,80.81
Comilla,2016,6,81.43
Comilla,2016,7,86.77
Comilla,2016,8,82.1
Comilla,2016,9,84.5
Comilla,2016,10,81.9
Comilla,2016,11,80.4
Comilla,2016,12,79.35
Comilla,2017,1,73.03
Comilla,2017,2,70.79
Comilla,2017,3,78.77
Comilla,2017,4,82.87
Comilla,2017,5,79.94
Comilla,2017,6,83.83
Comilla,2017,7,87.1
Comilla,2017,8,83.32
Comilla,2017,9,86.3
Comilla,2017,10,82.58
Comilla,2017,11,77.03
Comilla,2017,12,82.03
Comilla,2018,1,75.65
Comilla,2018,2,75.82
Comilla,2018,3,74.77
Comilla,2018,4,77.87
Comilla,2018,5,82.03
Comilla,2018,6,83.67
Comilla,2018,7,83.35
Comilla,2018,8,81.87
Comilla,2018,9,82.43
Comilla,2018,10,80.26
Comilla,2018,11,77.97
Comilla,2018,12,76.39
Comilla,2019,1,72.61
Comilla,2019,2,74.29
Comilla,2019,3,74.65
Comilla,2019,4,77.13
Comilla,2019,5,79.19
Comilla,2019,6,82.3
Comilla,2019,7,84.9
Comilla,2019,8,83.52
Comilla,2019,9,83.33
Comilla,2019,10,82.48
Comilla,2019,11,80.1
Comilla,2019,12,78.87
Comilla,2020,1,79.94
Comilla,2020,2,69.66
Comilla,2020,3,66.74
Comilla,2020,4,79.83
Comilla,2020,5,80.84
Comilla,2020,6,85.8
Comilla,2020,7,86.52
Comilla,2020,8,85
Comilla,2020,9,85.57
Comilla,2020,10,84.03
Comilla,2020,11,77.67
Comilla,2020,12,84.44
Comilla,2021,1,78.94
Comilla,2021,2,65.68
Comilla,2021,3,64.59
Comilla,2021,4,66.25
Comilla,2021,5,69.44
Comilla,2021,6,83.82
Comilla,2021,7,85.56
Comilla,2021,8,86.67
Comilla,2021,9,83.91
Comilla,2021,10,83.06
Comilla,2021,11,78.49
Comilla,2021,12,80.64
Comilla,2022,1,79.39
Comilla,2022,2,73.14
Comilla,2022,3,70.71
Comilla,2022,4,81.63
Comilla,2022,5,83.03
Comilla,2022,6,86.9
Comilla,2022,7,83.06
Comilla,2022,8,82.84
Comilla,2022,9,86.6
Comilla,2022,10,82.77
Comilla,2022,11,75.93
Comilla,2022,12,80.19
Comilla,2023,1,77.71
Comilla,2023,2,70.07
Comilla,2023,3,67.73
Comilla,2023,4,67.02
Comilla,2023,5,67.15
Comilla,2023,6,80.9
Comilla,2023,7,78.89
Comilla,2023,8,84.95
Comilla,2023,9,81.58
Comilla,2023,10,80.56
Comilla,2023,11,75.78
Comilla,2023,12,84.94
Comilla,2024,1,84
Comilla,2024,2,72
Comilla,2024,3,75
Comilla,2024,4,77
Comilla,2024,5,78
Comilla,2024,6,85
Comilla,2024,7,84
Comilla,2024,8,86
Comilla,2024,9,82
Comilla,2024,10,81
Comilla,2024,11,76
Comilla,2024,12,76
Cox's Bazar,1948,1,75.65
Cox's Bazar,1948,2,76.31
Cox's Bazar,1948,3,74.52
Cox's Bazar,1948,4,81.73
Cox's Bazar,1948,5,85.03
Cox's Bazar,1948,6,88.73
Cox's Bazar,1948,7,90.94
Cox's Bazar,1948,8,90.16
Cox's Bazar,1948,9,86.57
Cox's Bazar,1948,10,84.48
Cox's Bazar,1948,11,79.8
Cox's Bazar,1948,12,79.71
Cox's Bazar,1949,1,76.42
Cox's Bazar,1949,2,73.96
Cox's Bazar,1949,3,74.03
Cox's Bazar,1949,4,75.67
Cox's Bazar,1949,5,82.68
Cox's Bazar,1949,6,88.53
Cox's Bazar,1949,7,88.87
Cox's Bazar,1949,8,90.71
Cox's Bazar,1949,9,87.13
Cox's Bazar,1949,10,82.29
Cox's Bazar,1949,11,72.13
Cox's Bazar,1950,1,69.16
Cox's Bazar,1950,2,68.07
Cox's Bazar,1950,3,68.45
Cox's Bazar,1950,4,74.43
Cox's Bazar,1950,5,76.77
Cox's Bazar,1950,6,84.8
Cox's Bazar,1950,7,87.65
Cox's Bazar,1950,8,88.45
Cox's Bazar,1950,9,83.63
Cox's Bazar,1950,10,81.48
Cox's Bazar,1950,11,76
Cox's Bazar,1950,12,71.68
Cox's Bazar,1951,1,67.16
Cox's Bazar,1951,2,68.43
Cox's Bazar,1951,3,73.9
Cox's Bazar,1951,4,77.9
Cox's Bazar,1951,5,76.42
Cox's Bazar,1951,6,87.13
Cox's Bazar,1951,7,86.52
Cox's Bazar,1951,8,87.26
Cox's Bazar,1951,9,84.5
Cox's Bazar,1951,10,82.42
Cox's Bazar,1951,11,71.77
Cox's Bazar,1951,12,71.45
Cox's Bazar,1952,1,67.52
Cox's Bazar,1952,2,67.14
Cox's Bazar,1952,3,66.26
Cox's Bazar,1952,4,76.1
Cox's Bazar,1952,5,82.45
Cox's Bazar,1952,6,88.23
Cox's Bazar,1952,7,91.06
Cox's Bazar,1952,8,91.16
Cox's Bazar,1952,9,91.6
Cox's Bazar,1952,10,84.48
Cox's Bazar,1952,11,76.6
Cox's Bazar,1952,12,77.19
Cox's Bazar,1953,1,72.52
Cox's Bazar,1953,2,80.17
Cox's Bazar,1953,3,83.45
Cox's Bazar,1953,4,84.4
Cox's Bazar,1953,5,87.45
Cox's Bazar,1953,6,88.53
Cox's Bazar,1953,7,89
Cox's Bazar,1953,8,90.16
Cox's Bazar,1953,9,86.23
Cox's Bazar,1953,10,82.1
Cox's Bazar,1953,11,79.1
Cox's Bazar,1953,12,73.55
Cox's Bazar,1954,1,71.16
Cox's Bazar,1954,2,82.32
Cox's Bazar,1954,3,83.16
Cox's Bazar,1954,4,77.5
Cox's Bazar,1954,5,77.52
Cox's Bazar,1954,6,90.53
Cox's Bazar,1954,7,88.52
Cox's Bazar,1954,8,91.29
Cox's Bazar,1954,9,87.97
Cox's Bazar,1954,10,85.68
Cox's Bazar,1954,11,77.97
Cox's Bazar,1954,12,77.55
Cox's Bazar,1955,1,71.1
Cox's Bazar,1955,2,68.39
Cox's Bazar,1955,3,78.9
Cox's Bazar,1955,4,78.23
Cox's Bazar,1955,5,82.32
Cox's Bazar,1955,6,90.67
Cox's Bazar,1955,7,94.13
Cox's Bazar,1955,8,89.84
Cox's Bazar,1955,9,87.3
Cox's Bazar,1955,10,83.1
Cox's Bazar,1955,11,82.03
Cox's Bazar,1955,12,73.97
Cox's Bazar,1956,1,73.87
Cox's Bazar,1956,2,72.34
Cox's Bazar,1956,3,82.52
Cox's Bazar,1956,4,80.43
Cox's Bazar,1956,5,88.32
Cox's Bazar,1956,6,92.5
Cox's Bazar,1956,7,90
Cox's Bazar,1956,8,89.9
Cox's Bazar,1956,9,89.57
Cox's Bazar,1956,10,85.58
Cox's Bazar,1956,11,80.97
Cox's Bazar,1956,12,74.9
Cox's Bazar,1957,1,73.61
Cox's Bazar,1957,2,72.43
Cox's Bazar,1957,3,71.97
Cox's Bazar,1957,4,77.53
Cox's Bazar,1957,5,77.58
Cox's Bazar,1957,6,86
Cox's Bazar,1957,7,90.9
Cox's Bazar,1957,8,89.48
Cox's Bazar,1957,9,85.07
Cox's Bazar,1957,10,80.87
Cox's Bazar,1957,11,74.43
Cox's Bazar,1957,12,73.26
Cox's Bazar,1958,1,73.87
Cox's Bazar,1958,2,75.89
Cox's Bazar,1958,3,78.87
Cox's Bazar,1958,4,78.67
Cox's Bazar,1958,5,80.84
Cox's Bazar,1958,6,85.5
Cox's Bazar,1958,7,89.9
Cox's Bazar,1958,8,89
Cox's Bazar,1958,9,87.9
Cox's Bazar,1958,10,83.74
Cox's Bazar,1958,11,74.83
Cox's Bazar,1958,12,75.32
Cox's Bazar,1959,1,76.74
Cox's Bazar,1959,2,75.68
Cox's Bazar,1959,3,78.9
Cox's Bazar,1959,4,79.63
Cox's Bazar,1959,5,79.32
Cox's Bazar,1959,6,85.03
Cox's Bazar,1959,7,87.29
Cox's Bazar,1959,8,91.52
Cox's Bazar,1959,9,89.77
Cox's Bazar,1959,10,85.77
Cox's Bazar,1959,11,79.63
Cox's Bazar,1959,12,77.81
Cox's Bazar,1960,1,74.35
Cox's Bazar,1960,2,75.24
Cox's Bazar,1960,3,75.39
Cox's Bazar,1960,4,79.57
Cox's Bazar,1960,5,78.16
Cox's Bazar,1960,6,85.77
Cox's Bazar,1960,7,88.9
Cox's Bazar,1960,8,90.06
Cox's Bazar,1960,9,87.9
Cox's Bazar,1960,10,82.26
Cox's Bazar,1960,11,75.03
Cox's Bazar,1960,12,77.65
Cox's Bazar,1961,1,74.87
Cox's Bazar,1961,2,72.82
Cox's Bazar,1961,3,82.77
Cox's Bazar,1961,4,78.53
Cox's Bazar,1961,5,83.19
Cox's Bazar,1961,6,88
Cox's Bazar,1961,7,93.32
Cox's Bazar,1961,8,91.58
Cox's Bazar,1961,9,90.3
Cox's Bazar,1961,10,85.74
Cox's Bazar,1961,11,76.47
Cox's Bazar,1961,12,73.23
Cox's Bazar,1962,1,69.77
Cox's Bazar,1962,2,72.54
Cox's Bazar,1962,3,73.06
Cox's Bazar,1962,4,77.1
Cox's Bazar,1962,5,76.48
Cox's Bazar,1962,6,87.73
Cox's Bazar,1962,7,86.84
Cox's Bazar,1962,8,88.16
Cox's Bazar,1962,9,85.63
Cox's Bazar,1962,10,83.06
Cox's Bazar,1962,11,77.53
Cox's Bazar,1962,12,75.55
Cox's Bazar,1963,1,68.84
Cox's Bazar,1963,2,70.68
Cox's Bazar,1963,3,73.26
Cox's Bazar,1963,4,80.07
Cox's Bazar,1963,5,80.13
Cox's Bazar,1963,6,88.27
Cox's Bazar,1963,7,92.55
Cox's Bazar,1963,8,90.48
Cox's Bazar,1963,9,85.73
Cox's Bazar,1963,10,83.9
Cox's Bazar,1963,11,77.3
Cox's Bazar,1963,12,73.52
Cox's Bazar,1964,1,70.68
Cox's Bazar,1964,2,71.45
Cox's Bazar,1964,3,78.87
Cox's Bazar,1964,4,78.53
Cox's Bazar,1964,5,78.58
Cox's Bazar,1964,6,86.27
Cox's Bazar,1964,7,88.77
Cox's Bazar,1964,8,88.45
Cox's Bazar,1964,9,85.03
Cox's Bazar,1964,10,85.71
Cox's Bazar,1964,11,79.2
Cox's Bazar,1964,12,72.19
Cox's Bazar,1965,1,70.71
Cox's Bazar,1965,2,79.25
Cox's Bazar,1965,3,74.32
Cox's Bazar,1965,4,76.3
Cox's Bazar,1965,5,79.71
Cox's Bazar,1965,6,90.47
Cox's Bazar,1965,7,91.03
Cox's Bazar,1965,8,91.77
Cox's Bazar,1965,9,87.07
Cox's Bazar,1965,10,85.29
Cox's Bazar,1965,11,78.17
Cox's Bazar,1965,12,78.74
Cox's Bazar,1966,1,77.58
Cox's Bazar,1966,2,73.29
Cox's Bazar,1966,3,76.81
Cox's Bazar,1966,4,80.93
Cox's Bazar,1966,5,84.45
Cox's Bazar,1966,6,92.3
Cox's Bazar,1966,7,86.9
Cox's Bazar,1966,8,91.13
Cox's Bazar,1966,9,87.3
Cox's Bazar,1966,10,81
Cox's Bazar,1966,11,74.63
Cox's Bazar,1966,12,73.03
Cox's Bazar,1967,1,75.87
Cox's Bazar,1967,2,72.39
Cox's Bazar,1967,3,73.71
Cox's Bazar,1967,4,77
Cox's Bazar,1967,5,78.71
Cox's Bazar,1967,6,85.53
Cox's Bazar,1967,7,87.94
Cox's Bazar,1967,8,89.39
Cox's Bazar,1967,9,88.57
Cox's Bazar,1967,10,82.55
Cox's Bazar,1967,11,72.83
Cox's Bazar,1967,12,74.55
Cox's Bazar,1968,1,71.39
Cox's Bazar,1968,2,72.28
Cox's Bazar,1968,3,77
Cox's Bazar,1968,4,76.4
Cox's Bazar,1968,5,79.16
Cox's Bazar,1968,6,88
Cox's Bazar,1968,7,88.74
Cox's Bazar,1968,8,90.97
Cox's Bazar,1968,9,88.03
Cox's Bazar,1968,10,85.03
Cox's Bazar,1968,11,78.43
Cox's Bazar,1968,12,73.23
Cox's Bazar,1969,1,74.52
Cox's Bazar,1969,2,75.96
Cox's Bazar,1969,3,80.71
Cox's Bazar,1969,4,82.57
Cox's Bazar,1969,5,79.19
Cox's Bazar,1969,6,90.6
Cox's Bazar,1969,7,92.68
Cox's Bazar,1969,8,92.58
Cox's Bazar,1969,9,83.6
Cox's Bazar,1969,10,79.55
Cox's Bazar,1969,11,72.13
Cox's Bazar,1969,12,72.23
Cox's Bazar,1970,1,70.29
Cox's Bazar,1970,2,75.07
Cox's Bazar,1970,3,71.45
Cox's Bazar,1970,4,75.13
Cox's Bazar,1970,5,79.26
Cox's Bazar,1970,6,84.83
Cox's Bazar,1970,7,89.65
Cox's Bazar,1970,8,86.81
Cox's Bazar,1970,9,86.57
Cox's Bazar,1970,10,83.55
Cox's Bazar,1970,11,77.17
Cox's Bazar,1970,12,71.03
Cox's Bazar,1971,1,71
Cox's Bazar,1971,2,68.43
Cox's Bazar,1971,3,72.81
Cox's Bazar,1971,4,81.7
Cox's Bazar,1971,5,78.19
Cox's Bazar,1971,6,87.9
Cox's Bazar,1971,7,90.06
Cox's Bazar,1971,8,88.58
Cox's Bazar,1971,9,84.23
Cox's Bazar,1971,10,81.52
Cox's Bazar,1971,11,76.2
Cox's Bazar,1972,1,72.19
Cox's Bazar,1972,2,64.76
Cox's Bazar,1972,3,77.03
Cox's Bazar,1972,4,75.93
Cox's Bazar,1972,5,75.94
Cox's Bazar,1972,6,83.73
Cox's Bazar,1972,7,88.13
Cox's Bazar,1972,8,90.03
Cox's Bazar,1972,9,80.53
Cox's Bazar,1972,10,79.29
Cox's Bazar,1972,11,77.27
Cox's Bazar,1972,12,70.58
Cox's Bazar,1973,1,67.48
Cox's Bazar,1973,2,71.39
Cox's Bazar,1973,3,69.87
Cox's Bazar,1973,4,77.1
Cox's Bazar,1973,5,84.35
Cox's Bazar,1973,6,88.67
Cox's Bazar,1973,7,86.39
Cox's Bazar,1973,8,86.71
Cox's Bazar,1973,9,87.63
Cox's Bazar,1973,10,85.23
Cox's Bazar,1973,11,83.07
Cox's Bazar,1973,12,79.94
Cox's Bazar,1974,1,72.23
Cox's Bazar,1974,2,67.75
Cox's Bazar,1974,3,77.71
Cox's Bazar,1974,4,79.57
Cox's Bazar,1974,5,81.9
Cox's Bazar,1974,6,86.9
Cox's Bazar,1974,7,91.81
Cox's Bazar,1974,8,90.71
Cox's Bazar,1974,9,87.57
Cox's Bazar,1974,10,84
Cox's Bazar,1974,11,82.2
Cox's Bazar,1974,12,72.13
Cox's Bazar,1975,1,70.65
Cox's Bazar,1975,2,71.54
Cox's Bazar,1975,3,73.39
Cox's Bazar,1975,4,76.5
Cox's Bazar,1975,5,78.61
Cox's Bazar,1975,6,84.8
Cox's Bazar,1975,7,89.61
Cox's Bazar,1975,8,85.97
Cox's Bazar,1975,9,85.07
Cox's Bazar,1975,10,85.32
Cox's Bazar,1975,11,81.93
Cox's Bazar,1975,12,71.97
Cox's Bazar,1976,1,69.77
Cox's Bazar,1976,2,73.93
Cox's Bazar,1976,3,76.16
Cox's Bazar,1976,4,76.8
Cox's Bazar,1976,5,81.97
Cox's Bazar,1976,6,86.33
Cox's Bazar,1976,8,87.71
Cox's Bazar,1976,9,83.33
Cox's Bazar,1976,10,81.06
Cox's Bazar,1976,11,77.28
Cox's Bazar,1976,12,74.06
Cox's Bazar,1977,1,70.68
Cox's Bazar,1977,2,71.46
Cox's Bazar,1977,3,77.16
Cox's Bazar,1977,4,82.07
Cox's Bazar,1977,5,81.52
Cox's Bazar,1977,6,87.4
Cox's Bazar,1977,7,88.65
Cox's Bazar,1977,8,87.16
Cox's Bazar,1977,9,85.2
Cox's Bazar,1977,10,79.97
Cox's Bazar,1977,11,76.73
Cox's Bazar,1977,12,70.35
Cox's Bazar,1978,1,66.45
Cox's Bazar,1978,2,64.18
Cox's Bazar,1978,3,68.32
Cox's Bazar,1978,4,73.97
Cox's Bazar,1978,5,80.84
Cox's Bazar,1978,6,85.67
Cox's Bazar,1978,7,86.03
Cox's Bazar,1978,8,87.61
Cox's Bazar,1978,9,85.9
Cox's Bazar,1978,10,81.74
Cox's Bazar,1978,11,73.2
Cox's Bazar,1979,1,69.55
Cox's Bazar,1979,2,66.46
Cox's Bazar,1979,3,70.84
Cox's Bazar,1979,4,79.47
Cox's Bazar,1979,5,78.58
Cox's Bazar,1979,6,87.14
Cox's Bazar,1979,7,86.71
Cox's Bazar,1979,8,89.32
Cox's Bazar,1979,9,86.7
Cox's Bazar,1979,10,77.97
Cox's Bazar,1979,12,71.1
Cox's Bazar,1980,1,65.97
Cox's Bazar,1980,2,67.45
Cox's Bazar,1980,3,77.13
Cox's Bazar,1980,4,77
Cox's Bazar,1980,5,82
Cox's Bazar,1980,6,89.23
Cox's Bazar,1980,7,89.87
Cox's Bazar,1980,8,89.13
Cox's Bazar,1980,11,72.3
Cox's Bazar,1980,12,73.13
Cox's Bazar,1981,1,72.16
Cox's Bazar,1981,2,69.14
Cox's Bazar,1981,3,70.71
Cox's Bazar,1981,4,80.23
Cox's Bazar,1981,5,80.1
Cox's Bazar,1981,6,90.43
Cox's Bazar,1981,7,92.84
Cox's Bazar,1981,8,87.68
Cox's Bazar,1981,9,85.7
Cox's Bazar,1981,10,76.45
Cox's Bazar,1981,11,73.03
Cox's Bazar,1981,12,74.45
Cox's Bazar,1982,1,69.29
Cox's Bazar,1982,2,68.46
Cox's Bazar,1982,3,67.32
Cox's Bazar,1982,4,77.1
Cox's Bazar,1982,5,75.48
Cox's Bazar,1982,6,88.8
Cox's Bazar,1982,7,88.71
Cox's Bazar,1982,8,89.94
Cox's Bazar,1982,9,85.73
Cox's Bazar,1982,10,80.48
Cox's Bazar,1982,11,74.23
Cox's Bazar,1982,12,71.97
Cox's Bazar,1983,1,71.45
Cox's Bazar,1983,2,72.75
Cox's Bazar,1983,3,78.55
Cox's Bazar,1983,4,79.67
Cox's Bazar,1983,5,83.81
Cox's Bazar,1983,6,89.13
Cox's Bazar,1983,7,88.71
Cox's Bazar,1983,8,87.68
Cox's Bazar,1983,9,86.23
Cox's Bazar,1983,10,84.06
Cox's Bazar,1983,11,83.97
Cox's Bazar,1983,12,74.58
Cox's Bazar,1984,1,73.29
Cox's Bazar,1984,2,67.66
Cox's Bazar,1984,3,79.77
Cox's Bazar,1984,4,80.27
Cox's Bazar,1984,5,82.39
Cox's Bazar,1984,6,93.07
Cox's Bazar,1984,7,90.29
Cox's Bazar,1984,8,91.23
Cox's Bazar,1984,9,83.8
Cox's Bazar,1984,10,82.77
Cox's Bazar,1984,11,73.77
Cox's Bazar,1984,12,72.71
Cox's Bazar,1985,1,71.42
Cox's Bazar,1985,2,69.54
Cox's Bazar,1985,3,79.81
Cox's Bazar,1985,4,78.27
Cox's Bazar,1985,5,80.29
Cox's Bazar,1985,6,88.8
Cox's Bazar,1985,7,89.42
Cox's Bazar,1985,8,88.9
Cox's Bazar,1985,9,85.27
Cox's Bazar,1985,10,78.23
Cox's Bazar,1985,11,73.5
Cox's Bazar,1985,12,72.26
Cox's Bazar,1986,1,71.16
Cox's Bazar,1986,2,66.14
Cox's Bazar,1986,3,73.65
Cox's Bazar,1986,4,74.77
Cox's Bazar,1986,5,76.35
Cox's Bazar,1986,6,88
Cox's Bazar,1986,7,89.52
Cox's Bazar,1986,8,87.42
Cox's Bazar,1986,9,84.73
Cox's Bazar,1986,10,80.48
Cox's Bazar,1986,11,74.83
Cox's Bazar,1986,12,70.58
Cox's Bazar,1987,1,70.42
Cox's Bazar,1987,2,70.79
Cox's Bazar,1987,3,73.45
Cox's Bazar,1987,4,78.97
Cox's Bazar,1987,5,76.74
Cox's Bazar,1987,6,85.24
Cox's Bazar,1987,7,91.35
Cox's Bazar,1987,8,87.58
Cox's Bazar,1987,9,86.67
Cox's Bazar,1987,10,80.35
Cox's Bazar,1987,11,78.57
Cox's Bazar,1987,12,74.81
Cox's Bazar,1988,1,70.35
Cox's Bazar,1988,2,71.72
Cox's Bazar,1988,3,72.81
Cox's Bazar,1988,4,77.9
Cox's Bazar,1988,5,83.45
Cox's Bazar,1988,6,88.77
Cox's Bazar,1988,7,88.35
Cox's Bazar,1988,8,88.52
Cox's Bazar,1988,9,85.93
Cox's Bazar,1988,10,81.97
Cox's Bazar,1988,11,78.8
Cox's Bazar,1988,12,79.39
Cox's Bazar,1989,1,68.29
Cox's Bazar,1989,2,74.57
Cox's Bazar,1989,3,71.77
Cox's Bazar,1989,4,77.2
Cox's Bazar,1989,5,76.06
Cox's Bazar,1989,6,84.87
Cox's Bazar,1989,7,86.1
Cox's Bazar,1989,8,85.23
Cox's Bazar,1989,9,85.27
Cox's Bazar,1989,10,87.9
Cox's Bazar,1989,11,72.93
Cox's Bazar,1989,12,70.65
Cox's Bazar,1990,1,77.55
Cox's Bazar,1990,2,77.32
Cox's Bazar,1990,3,78.19
Cox's Bazar,1990,4,79.13
Cox's Bazar,1990,5,80.1
Cox's Bazar,1990,6,87.47
Cox's Bazar,1990,7,90.52
Cox's Bazar,1990,8,84.65
Cox's Bazar,1990,9,84.6
Cox's Bazar,1990,10,81.45
Cox's Bazar,1990,11,79.93
Cox's Bazar,1990,12,77.26
Cox's Bazar,1991,1,71.52
Cox's Bazar,1991,2,72.75
Cox's Bazar,1991,3,76.06
Cox's Bazar,1991,4,77.87
Cox's Bazar,1991,5,81.9
Cox's Bazar,1991,6,88.8
Cox's Bazar,1991,7,87.58
Cox's Bazar,1991,8,88.77
Cox's Bazar,1991,9,86.3
Cox's Bazar,1991,10,82.61
Cox's Bazar,1991,11,76.97
Cox's Bazar,1991,12,73.23
Cox's Bazar,1992,1,74.58
Cox's Bazar,1992,2,76.1
Cox's Bazar,1992,3,82
Cox's Bazar,1992,4,77.77
Cox's Bazar,1992,5,78
Cox's Bazar,1992,6,83.07
Cox's Bazar,1992,7,88.39
Cox's Bazar,1992,8,86.45
Cox's Bazar,1992,9,85.43
Cox's Bazar,1992,10,83.35
Cox's Bazar,1992,11,78.1
Cox's Bazar,1992,12,74.97
Cox's Bazar,1993,1,71.35
Cox's Bazar,1993,2,74.75
Cox's Bazar,1993,3,73.55
Cox's Bazar,1993,4,77.3
Cox's Bazar,1993,5,81.39
Cox's Bazar,1993,6,88.9
Cox's Bazar,1993,7,87
Cox's Bazar,1993,8,88.19
Cox's Bazar,1993,9,85.57
Cox's Bazar,1993,10,81.87
Cox's Bazar,1993,11,76.27
Cox's Bazar,1993,12,72.94
Cox's Bazar,1994,1,71.84
Cox's Bazar,1994,2,65.93
Cox's Bazar,1994,3,77.26
Cox's Bazar,1994,4,80.47
Cox's Bazar,1994,5,81.39
Cox's Bazar,1994,6,87.27
Cox's Bazar,1994,7,89.61
Cox's Bazar,1994,8,87.42
Cox's Bazar,1994,9,83.4
Cox's Bazar,1994,10,81.03
Cox's Bazar,1994,11,75.3
Cox's Bazar,1994,12,70.42
Cox's Bazar,1995,1,68.23
Cox's Bazar,1995,2,74.14
Cox's Bazar,1995,3,69.71
Cox's Bazar,1995,4,77.2
Cox's Bazar,1995,5,78.26
Cox's Bazar,1995,6,86.13
Cox's Bazar,1995,7,88.13
Cox's Bazar,1995,8,87.03
Cox's Bazar,1995,9,86.53
Cox's Bazar,1995,10,81.71
Cox's Bazar,1995,11,84.2
Cox's Bazar,1995,12,74.06
Cox's Bazar,1996,1,69.94
Cox's Bazar,1996,2,70.83
Cox's Bazar,1996,3,80.1
Cox's Bazar,1996,4,77.33
Cox's Bazar,1996,5,80.65
Cox's Bazar,1996,6,84.73
Cox's Bazar,1996,7,86.94
Cox's Bazar,1996,8,88.45
Cox's Bazar,1996,9,85.9
Cox's Bazar,1996,10,82.32
Cox's Bazar,1996,11,78.3
Cox's Bazar,1996,12,74
Cox's Bazar,1997,1,68.9
Cox's Bazar,1997,2,71.79
Cox's Bazar,1997,3,78.87
Cox's Bazar,1997,4,76.53
Cox's Bazar,1997,5,78.74
Cox's Bazar,1997,6,85.7
Cox's Bazar,1997,7,90.87
Cox's Bazar,1997,8,86.97
Cox's Bazar,1997,9,86.43
Cox's Bazar,1997,10,78.61
Cox's Bazar,1997,11,75.27
Cox's Bazar,1997,12,74.03
Cox's Bazar,1998,1,77.87
Cox's Bazar,1998,2,75.21
Cox's Bazar,1998,3,69.71
Cox's Bazar,1998,4,78.3
Cox's Bazar,1998,5,80.77
Cox's Bazar,1998,6,84.83
Cox's Bazar,1998,7,89.58
Cox's Bazar,1998,8,89.29
Cox's Bazar,1998,9,84.47
Cox's Bazar,1998,10,81.29
Cox's Bazar,1998,11,77.3
Cox's Bazar,1998,12,73.71
Cox's Bazar,1999,1,71.77
Cox's Bazar,1999,2,68.18
Cox's Bazar,1999,3,76.16
Cox's Bazar,1999,4,76.1
Cox's Bazar,1999,5,83.39
Cox's Bazar,1999,6,88.17
Cox's Bazar,1999,7,90
Cox's Bazar,1999,8,90.81
Cox's Bazar,1999,9,87.97
Cox's Bazar,1999,10,85.61
Cox's Bazar,1999,11,76.13
Cox's Bazar,1999,12,76.65
Cox's Bazar,2000,1,73.45
Cox's Bazar,2000,2,66.48
Cox's Bazar,2000,3,75.74
Cox's Bazar,2000,4,78.9
Cox's Bazar,2000,5,85.23
Cox's Bazar,2000,6,87.47
Cox's Bazar,2000,7,89.16
Cox's Bazar,2000,8,88.13
Cox's Bazar,2000,9,87.8
Cox's Bazar,2000,10,84.94
Cox's Bazar,2000,11,76.93
Cox's Bazar,2000,12,72.94
Cox's Bazar,2001,1,69.16
Cox's Bazar,2001,2,73.89
Cox's Bazar,2001,3,71.23
Cox's Bazar,2001,4,75.67
Cox's Bazar,2001,5,82.48
Cox's Bazar,2001,6,91.33
Cox's Bazar,2001,7,89.81
Cox's Bazar,2001,8,88.03
Cox's Bazar,2001,9,87.27
Cox's Bazar,2001,10,87.1
Cox's Bazar,2001,11,83.23
Cox's Bazar,2001,12,75.84
Cox's Bazar,2002,1,76.1
Cox's Bazar,2002,2,68.36
Cox's Bazar,2002,3,73.9
Cox's Bazar,2002,4,82.07
Cox's Bazar,2002,5,84.61
Cox's Bazar,2002,6,88.33
Cox's Bazar,2002,7,91.87
Cox's Bazar,2002,8,87.87
Cox's Bazar,2002,9,84.7
Cox's Bazar,2002,10,83.23
Cox's Bazar,2002,11,82.33
Cox's Bazar,2002,12,77.29
Cox's Bazar,2003,1,77.42
Cox's Bazar,2003,2,71.71
Cox's Bazar,2003,3,75.16
Cox's Bazar,2003,4,78.93
Cox's Bazar,2003,5,83.29
Cox's Bazar,2003,6,90.37
Cox's Bazar,2003,7,87.45
Cox's Bazar,2003,8,88
Cox's Bazar,2003,9,87.2
Cox's Bazar,2003,10,84.29
Cox's Bazar,2003,11,75.53
Cox's Bazar,2003,12,77.26
Cox's Bazar,2004,1,79.39
Cox's Bazar,2004,2,72.31
Cox's Bazar,2004,3,76.29
Cox's Bazar,2004,4,81.27
Cox's Bazar,2004,5,80.06
Cox's Bazar,2004,6,85.9
Cox's Bazar,2004,7,88.16
Cox's Bazar,2004,8,88.03
Cox's Bazar,2004,9,86.37
Cox's Bazar,2004,10,83.32
Cox's Bazar,2004,11,75.4
Cox's Bazar,2004,12,71.65
Cox's Bazar,2005,1,70.94
Cox's Bazar,2005,2,71.32
Cox's Bazar,2005,3,78.58
Cox's Bazar,2005,4,76.2
Cox's Bazar,2005,5,75.61
Cox's Bazar,2005,6,84.2
Cox's Bazar,2005,7,87.58
Cox's Bazar,2005,8,90.87
Cox's Bazar,2005,9,86.43
Cox's Bazar,2005,10,82
Cox's Bazar,2005,11,76.6
Cox's Bazar,2005,12,77.29
Cox's Bazar,2006,1,72.74
Cox's Bazar,2006,2,75.36
Cox's Bazar,2006,3,68.1
Cox's Bazar,2006,4,72.97
Cox's Bazar,2006,5,80.48
Cox's Bazar,2006,6,86.53
Cox's Bazar,2006,7,89.19
Cox's Bazar,2006,8,86.45
Cox's Bazar,2006,9,85.63
Cox's Bazar,2006,10,81.45
Cox's Bazar,2006,11,74.67
Cox's Bazar,2006,12,73.32
Cox's Bazar,2007,1,72.55
Cox's Bazar,2007,2,72.36
Cox's Bazar,2007,3,67.16
Cox's Bazar,2007,4,76.77
Cox's Bazar,2007,5,79.97
Cox's Bazar,2007,6,83.8
Cox's Bazar,2007,7,89.81
Cox's Bazar,2007,8,86.03
Cox's Bazar,2007,9,86.07
Cox's Bazar,2007,10,83.06
Cox's Bazar,2007,11,80.87
Cox's Bazar,2007,12,71.77
Cox's Bazar,2008,1,72.84
Cox's Bazar,2008,2,66.66
Cox's Bazar,2008,3,78.19
Cox's Bazar,2008,4,71.93
Cox's Bazar,2008,5,76.32
Cox's Bazar,2008,6,85.43
Cox's Bazar,2008,7,89.84
Cox's Bazar,2008,8,87.74
Cox's Bazar,2008,9,86.17
Cox's Bazar,2008,10,81
Cox's Bazar,2008,11,74.83
Cox's Bazar,2008,12,75.74
Cox's Bazar,2009,1,70.16
Cox's Bazar,2009,2,66.82
Cox's Bazar,2009,3,73.42
Cox's Bazar,2009,4,76.9
Cox's Bazar,2009,5,75.58
Cox's Bazar,2009,6,82.23
Cox's Bazar,2009,7,89.61
Cox's Bazar,2009,8,88.74
Cox's Bazar,2009,9,85.03
Cox's Bazar,2009,10,80.29
Cox's Bazar,2009,11,73.17
Cox's Bazar,2009,12,71.68
Cox's Bazar,2010,1,71.58
Cox's Bazar,2010,2,64.93
Cox's Bazar,2010,3,74.71
Cox's Bazar,2010,4,75.4
Cox's Bazar,2010,5,77.81
Cox's Bazar,2010,6,86.17
Cox's Bazar,2010,7,85.48
Cox's Bazar,2010,8,84.26
Cox's Bazar,2010,9,85.4
Cox's Bazar,2010,10,84
Cox's Bazar,2010,11,76.63
Cox's Bazar,2010,12,74
Cox's Bazar,2011,1,67.45
Cox's Bazar,2011,2,67.93
Cox's Bazar,2011,3,69.97
Cox's Bazar,2011,4,77.8
Cox's Bazar,2011,5,80.94
Cox's Bazar,2011,6,87.2
Cox's Bazar,2011,7,85.81
Cox's Bazar,2011,8,88
Cox's Bazar,2011,9,87.77
Cox's Bazar,2011,10,82.19
Cox's Bazar,2011,11,74.33
Cox's Bazar,2011,12,77.32
Cox's Bazar,2012,1,66.77
Cox's Bazar,2012,2,62.66
Cox's Bazar,2012,3,77.29
Cox's Bazar,2012,4,77.13
Cox's Bazar,2012,5,79.32
Cox's Bazar,2012,6,86.03
Cox's Bazar,2012,7,89.77
Cox's Bazar,2012,8,87.23
Cox's Bazar,2012,9,85.3
Cox's Bazar,2012,10,82.65
Cox's Bazar,2012,11,76.03
Cox's Bazar,2012,12,77.32
Cox's Bazar,2013,1,70.52
Cox's Bazar,2013,2,66.64
Cox's Bazar,2013,3,75.16
Cox's Bazar,2013,4,77.33
Cox's Bazar,2013,5,85.9
Cox's Bazar,2013,6,85.5
Cox's Bazar,2013,7,86.35
Cox's Bazar,2013,8,86.35
Cox's Bazar,2013,9,85.87
Cox's Bazar,2013,10,83.9
Cox's Bazar,2013,11,73.37
Cox's Bazar,2013,12,73.35
Cox's Bazar,2014,1,73.13
Cox's Bazar,2014,2,71.29
Cox's Bazar,2014,3,73.23
Cox's Bazar,2014,4,76.83
Cox's Bazar,2014,5,79.16
Cox's Bazar,2014,6,86.3
Cox's Bazar,2014,7,85.42
Cox's Bazar,2014,8,88.9
Cox's Bazar,2014,9,84.27
Cox's Bazar,2014,10,79
Cox's Bazar,2014,11,77.03
Cox's Bazar,2014,12,76.87
Cox's Bazar,2015,1,76.03
Cox's Bazar,2015,2,71.89
Cox's Bazar,2015,3,69.61
Cox's Bazar,2015,4,80.6
Cox's Bazar,2015,5,78.23
Cox's Bazar,2015,6,88.13
Cox's Bazar,2015,7,91.26
Cox's Bazar,2015,8,87.94
Cox's Bazar,2015,9,86.43
Cox's Bazar,2015,10,84.65
Cox's Bazar,2015,11,79.8
Cox's Bazar,2015,12,77.19
Cox's Bazar,2016,1,74.97
Cox's Bazar,2016,2,76.28
Cox's Bazar,2016,3,75.94
Cox's Bazar,2016,4,77.97
Cox's Bazar,2016,5,79.74
Cox's Bazar,2016,6,82.93
Cox's Bazar,2016,7,89.39
Cox's Bazar,2016,8,86.61
Cox's Bazar,2016,9,84.87
Cox's Bazar,2016,10,82.74
Cox's Bazar,2016,11,78.23
Cox's Bazar,2016,12,77.55
Cox's Bazar,2017,1,69.39
Cox's Bazar,2017,2,68.04
Cox's Bazar,2017,3,77.19
Cox's Bazar,2017,4,81.63
Cox's Bazar,2017,5,79.03
Cox's Bazar,2017,6,86.03
Cox's Bazar,2017,7,90.16
Cox's Bazar,2017,8,88
Cox's Bazar,2017,9,88.07
Cox's Bazar,2017,10,83.77
Cox's Bazar,2017,11,77.1
Cox's Bazar,2017,12,77.39
Cox's Bazar,2018,1,72.19
Cox's Bazar,2018,2,71.86
Cox's Bazar,2018,3,75.48
Cox's Bazar,2018,4,74.5
Cox's Bazar,2018,5,79.39
Cox's Bazar,2018,6,87.4
Cox's Bazar,2018,7,90.32
Cox's Bazar,2018,8,87.23
Cox's Bazar,2018,9,85.83
Cox's Bazar,2018,10,85.16
Cox's Bazar,2018,11,75.97
Cox's Bazar,2018,12,72.32
Cox's Bazar,2019,1,69.1
Cox's Bazar,2019,2,68.75
Cox's Bazar,2019,3,72.61
Cox's Bazar,2019,4,75.63
Cox's Bazar,2019,5,76.16
Cox's Bazar,2019,6,82.8
Cox's Bazar,2019,7,89.1
Cox's Bazar,2019,8,85.68
Cox's Bazar,2019,9,85.27
Cox's Bazar,2019,10,81.65
Cox's Bazar,2019,11,76.77
Cox's Bazar,2019,12,71.42
Cox's Bazar,2020,1,73.74
Cox's Bazar,2020,2,67.86
Cox's Bazar,2020,3,66.39
Cox's Bazar,2020,4,75.7
Cox's Bazar,2020,5,77.9
Cox's Bazar,2020,6,86.5
Cox's Bazar,2020,7,88.23
Cox's Bazar,2020,8,88.58
Cox's Bazar,2020,9,85.57
Cox's Bazar,2020,10,82.71
Cox's Bazar,2020,11,77.1
Cox's Bazar,2020,12,74.81
Cox's Bazar,2021,1,66.53
Cox's Bazar,2021,2,67.54
Cox's Bazar,2021,3,66.78
Cox's Bazar,2021,4,71.37
Cox's Bazar,2021,5,70.27
Cox's Bazar,2021,6,85.47
Cox's Bazar,2021,7,88.95
Cox's Bazar,2021,8,88.78
Cox's Bazar,2021,9,83.99
Cox's Bazar,2021,10,83.81
Cox's Bazar,2021,11,70.94
Cox's Bazar,2021,12,72.97
Cox's Bazar,2022,1,73.13
Cox's Bazar,2022,2,65.82
Cox's Bazar,2022,3,70.74
Cox's Bazar,2022,4,76.47
Cox's Bazar,2022,5,80.87
Cox's Bazar,2022,6,86.3
Cox's Bazar,2022,7,82.32
Cox's Bazar,2022,8,83.9
Cox's Bazar,2022,9,85.5
Cox's Bazar,2022,10,79.68
Cox's Bazar,2022,11,72.23
Cox's Bazar,2022,12,70.32
Cox's Bazar,2023,1,65.81
Cox's Bazar,2023,2,65.48
Cox's Bazar,2023,3,61.71
Cox's Bazar,2023,4,65.65
Cox's Bazar,2023,5,72.66
Cox's Bazar,2023,6,81.53
Cox's Bazar,2023,7,79.65
Cox's Bazar,2023,8,87.42
Cox's Bazar,2023,9,82.42
Cox's Bazar,2023,10,78.35
Cox's Bazar,2023,11,72.05
Cox's Bazar,2023,12,74.98
Cox's Bazar,2024,1,70
Cox's Bazar,2024,2,65
Cox's Bazar,2024,3,66
Cox's Bazar,2024,4,72
Cox's Bazar,2024,5,75
Cox's Bazar,2024,6,84
Cox's Bazar,2024,7,88
Cox's Bazar,2024,8,89
Cox's Bazar,2024,9,85
Cox's Bazar,2024,10,79
Cox's Bazar,2024,11,70
Cox's Bazar,2024,12,65
Dhaka,1953,1,70.48
Dhaka,1953,2,64.5
Dhaka,1953,3,73.48
Dhaka,1953,4,68.83
Dhaka,1953,5,80.74
Dhaka,1953,6,86.57
Dhaka,1953,7,88.69
Dhaka,1953,8,85.55
Dhaka,1953,9,87.2
Dhaka,1953,10,80.35
Dhaka,1953,11,75.4
Dhaka,1953,12,72.42
Dhaka,1954,1,69.94
Dhaka,1954,2,64.5
Dhaka,1954,3,53.06
Dhaka,1954,4,74.93
Dhaka,1954,5,78.71
Dhaka,1954,6,89.63
Dhaka,1954,7,85.52
Dhaka,1954,8,86.39
Dhaka,1954,9,84.6
Dhaka,1954,10,81.77
Dhaka,1954,11,73.77
Dhaka,1954,12,72.94
Dhaka,1955,1,70.68
Dhaka,1955,2,54.43
Dhaka,1955,3,63.84
Dhaka,1955,4,68.93
Dhaka,1955,5,79.48
Dhaka,1955,6,84.67
Dhaka,1955,7,87.55
Dhaka,1955,8,86.29
Dhaka,1955,9,84.8
Dhaka,1955,10,81.71
Dhaka,1955,11,78.47
Dhaka,1955,12,73
Dhaka,1956,1,67.74
Dhaka,1956,2,59.31
Dhaka,1956,3,67.13
Dhaka,1956,4,72.73
Dhaka,1956,5,83.23
Dhaka,1956,6,87.57
Dhaka,1956,7,85.29
Dhaka,1956,8,84.94
Dhaka,1956,9,84.33
Dhaka,1956,10,81.94
Dhaka,1956,11,76.67
Dhaka,1956,12,74.52
Dhaka,1957,1,77.32
Dhaka,1957,2,70.36
Dhaka,1957,3,58.1
Dhaka,1957,4,65.53
Dhaka,1957,5,77.13
Dhaka,1957,6,86.33
Dhaka,1957,7,86.71
Dhaka,1957,8,84.81
Dhaka,1957,9,85.73
Dhaka,1957,10,78.65
Dhaka,1957,11,70.67
Dhaka,1957,12,73.61
Dhaka,1958,1,70.68
Dhaka,1958,2,69.57
Dhaka,1958,3,55.39
Dhaka,1958,4,69.8
Dhaka,1958,5,81.42
Dhaka,1958,6,83.93
Dhaka,1958,7,86.13
Dhaka,1958,8,86.19
Dhaka,1958,9,84.6
Dhaka,1958,10,83.39
Dhaka,1958,11,76.7
Dhaka,1958,12,77.29
Dhaka,1959,1,74.71
Dhaka,1959,2,66.11
Dhaka,1959,3,64.68
Dhaka,1959,4,75.13
Dhaka,1959,5,81.03
Dhaka,1959,6,87.6
Dhaka,1959,7,88.45
Dhaka,1959,8,87.52
Dhaka,1959,9,89.1
Dhaka,1959,10,88.52
Dhaka,1959,11,75.73
Dhaka,1959,12,76.06
Dhaka,1960,1,67.65
Dhaka,1960,2,58.62
Dhaka,1960,3,60.16
Dhaka,1960,4,62.8
Dhaka,1960,5,75.48
Dhaka,1960,6,85.2
Dhaka,1960,7,89.06
Dhaka,1960,8,86.71
Dhaka,1960,9,87.8
Dhaka,1960,10,80.16
Dhaka,1960,11,75.03
Dhaka,1960,12,75.35
Dhaka,1961,1,70.58
Dhaka,1961,2,66.29
Dhaka,1961,3,69.71
Dhaka,1961,4,69.93
Dhaka,1961,5,80.35
Dhaka,1961,6,87.8
Dhaka,1961,7,86.55
Dhaka,1961,8,87.58
Dhaka,1961,9,86.57
Dhaka,1961,10,83.87
Dhaka,1961,11,76.17
Dhaka,1961,12,76.52
Dhaka,1962,1,69.84
Dhaka,1962,2,66.36
Dhaka,1962,3,48.9
Dhaka,1962,4,68.07
Dhaka,1962,5,79.03
Dhaka,1962,6,86.67
Dhaka,1962,7,85.29
Dhaka,1962,8,86.32
Dhaka,1962,9,84.7
Dhaka,1962,10,78.45
Dhaka,1962,11,74.2
Dhaka,1962,12,74.39
Dhaka,1963,1,66.9
Dhaka,1963,2,56.11
Dhaka,1963,3,54.77
Dhaka,1963,4,67.43
Dhaka,1963,5,80.26
Dhaka,1963,6,86.03
Dhaka,1963,7,86.13
Dhaka,1963,8,85.45
Dhaka,1963,9,85.03
Dhaka,1963,10,83.23
Dhaka,1963,11,76.97
Dhaka,1963,12,74.03
Dhaka,1964,1,69.35
Dhaka,1964,2,66.66
Dhaka,1964,3,63.32
Dhaka,1964,4,76
Dhaka,1964,5,78.71
Dhaka,1964,6,86
Dhaka,1964,7,88.13
Dhaka,1964,8,84.9
Dhaka,1964,9,85.6
Dhaka,1964,10,86
Dhaka,1964,11,77.2
Dhaka,1964,12,72.23
Dhaka,1965,1,69.1
Dhaka,1965,2,62.79
Dhaka,1965,3,56.81
Dhaka,1965,4,68.63
Dhaka,1965,5,78.13
Dhaka,1965,6,87.7
Dhaka,1965,7,86.52
Dhaka,1965,8,87.29
Dhaka,1965,9,86.07
Dhaka,1965,10,79.84
Dhaka,1965,11,76.77
Dhaka,1965,12,78.65
Dhaka,1966,4,65.6
Dhaka,1966,5,71.61
Dhaka,1966,6,86.5
Dhaka,1966,7,85.1
Dhaka,1966,8,87.45
Dhaka,1966,9,85.8
Dhaka,1966,10,82.23
Dhaka,1966,11,74.77
Dhaka,1966,12,76.16
Dhaka,1967,1,71.03
Dhaka,1967,2,64.39
Dhaka,1967,3,70
Dhaka,1967,4,63.07
Dhaka,1967,5,78.58
Dhaka,1967,6,83.6
Dhaka,1967,7,84.94
Dhaka,1967,8,85.29
Dhaka,1967,9,86.87
Dhaka,1967,10,77.42
Dhaka,1967,11,69.23
Dhaka,1967,12,71.19
Dhaka,1968,1,67.77
Dhaka,1968,2,60.31
Dhaka,1968,3,56.29
Dhaka,1968,4,69.18
Dhaka,1968,5,75.65
Dhaka,1968,6,87.93
Dhaka,1968,7,85.94
Dhaka,1968,8,85.06
Dhaka,1968,9,82.3
Dhaka,1968,10,79.9
Dhaka,1968,11,74.4
Dhaka,1968,12,73.13
Dhaka,1969,1,66.65
Dhaka,1969,2,60.18
Dhaka,1969,3,65.45
Dhaka,1969,4,71.53
Dhaka,1969,5,74.39
Dhaka,1969,6,86.4
Dhaka,1969,7,86.1
Dhaka,1969,8,87.77
Dhaka,1969,9,82
Dhaka,1969,10,78.35
Dhaka,1969,11,72.77
Dhaka,1969,12,71.9
Dhaka,1970,1,70.42
Dhaka,1970,2,61.79
Dhaka,1970,3,62.13
Dhaka,1970,4,71.53
Dhaka,1970,5,75.39
Dhaka,1970,6,85.7
Dhaka,1970,7,86.68
Dhaka,1970,8,85.71
Dhaka,1970,9,85.33
Dhaka,1970,10,84.81
Dhaka,1970,11,74.27
Dhaka,1970,12,71.23
Dhaka,1971,1,70.94
Dhaka,1971,2,59.61
Dhaka,1971,3,58
Dhaka,1971,4,64.8
Dhaka,1971,5,75.94
Dhaka,1971,6,84.17
Dhaka,1971,7,85.23
Dhaka,1971,8,87.48
Dhaka,1971,9,81.48
Dhaka,1971,10,77.87
Dhaka,1971,11,71.55
Dhaka,1972,1,69.23
Dhaka,1972,2,63.55
Dhaka,1972,3,59.87
Dhaka,1972,4,73.6
Dhaka,1972,5,77.52
Dhaka,1972,6,83.6
Dhaka,1972,7,85.71
Dhaka,1972,8,87.03
Dhaka,1972,9,81.53
Dhaka,1972,10,76.77
Dhaka,1972,11,70.77
Dhaka,1972,12,68.03
Dhaka,1973,1,63.87
Dhaka,1973,2,62.04
Dhaka,1973,3,62.32
Dhaka,1973,4,74.1
Dhaka,1973,5,84.55
Dhaka,1973,6,86.87
Dhaka,1973,8,85.52
Dhaka,1973,9,87.2
Dhaka,1973,10,82.77
Dhaka,1973,11,82
Dhaka,1973,12,78.23
Dhaka,1975,1,68.77
Dhaka,1975,2,62.61
Dhaka,1975,3,57.45
Dhaka,1975,4,70.87
Dhaka,1975,5,79.1
Dhaka,1975,6,84.33
Dhaka,1975,7,89
Dhaka,1975,8,84.87
Dhaka,1975,9,87.43
Dhaka,1975,10,85.65
Dhaka,1975,11,77.13
Dhaka,1975,12,70.45
Dhaka,1976,1,66.48
Dhaka,1976,2,66.83
Dhaka,1976,3,63.9
Dhaka,1976,4,66.43
Dhaka,1976,5,79.94
Dhaka,1976,6,87.63
Dhaka,1976,7,86.77
Dhaka,1976,8,87.39
Dhaka,1976,9,83.27
Dhaka,1976,10,78.87
Dhaka,1976,11,74.03
Dhaka,1976,12,70.61
Dhaka,1977,1,66.19
Dhaka,1977,2,66.29
Dhaka,1977,3,68.55
Dhaka,1977,4,81.27
Dhaka,1977,5,82.97
Dhaka,1977,6,88
Dhaka,1977,7,87.32
Dhaka,1977,8,83.87
Dhaka,1977,9,84.6
Dhaka,1977,10,78.81
Dhaka,1977,11,78.03
Dhaka,1977,12,73.65
Dhaka,1978,1,67.19
Dhaka,1978,2,61.32
Dhaka,1978,3,52.68
Dhaka,1978,4,72.57
Dhaka,1978,5,83.97
Dhaka,1978,6,87.8
Dhaka,1978,7,86.52
Dhaka,1978,8,83.45
Dhaka,1978,9,85.9
Dhaka,1978,10,80.42
Dhaka,1978,11,72.4
Dhaka,1978,12,68.1
Dhaka,1979,1,68.03
Dhaka,1979,2,61.61
Dhaka,1979,3,57.1
Dhaka,1979,4,65.73
Dhaka,1979,5,71.52
Dhaka,1979,6,82.83
Dhaka,1979,7,85.74
Dhaka,1979,8,85.26
Dhaka,1979,9,84.77
Dhaka,1979,10,79.03
Dhaka,1979,11,74.83
Dhaka,1979,12,76.68
Dhaka,1980,1,69.39
Dhaka,1980,2,66.34
Dhaka,1980,3,63.97
Dhaka,1980,4,68.33
Dhaka,1980,5,80.42
Dhaka,1980,6,85.2
Dhaka,1980,7,86.39
Dhaka,1980,8,84.77
Dhaka,1980,9,84.9
Dhaka,1980,10,81.65
Dhaka,1980,11,70.07
Dhaka,1980,12,69
Dhaka,1981,1,70.16
Dhaka,1981,2,67.32
Dhaka,1981,3,65.48
Dhaka,1981,4,76.17
Dhaka,1981,5,78.39
Dhaka,1981,6,80.9
Dhaka,1981,7,88.1
Dhaka,1981,8,83.94
Dhaka,1981,9,83.57
Dhaka,1981,10,70.1
Dhaka,1981,11,66.6
Dhaka,1981,12,71.16
Dhaka,1982,1,68.29
Dhaka,1982,2,62.79
Dhaka,1982,3,63.65
Dhaka,1982,4,72.4
Dhaka,1982,5,73.35
Dhaka,1982,6,85.7
Dhaka,1982,7,84.42
Dhaka,1982,8,85.52
Dhaka,1982,9,83.63
Dhaka,1982,10,77.77
Dhaka,1982,11,75.1
Dhaka,1982,12,73.13
Dhaka,1983,1,72.7
Dhaka,1983,2,63.43
Dhaka,1983,3,69.61
Dhaka,1983,4,72.33
Dhaka,1983,5,79.77
Dhaka,1983,6,84.13
Dhaka,1983,7,84.84
Dhaka,1983,8,86.13
Dhaka,1983,9,87.17
Dhaka,1983,10,84.16
Dhaka,1983,11,69.97
Dhaka,1983,12,72.03
Dhaka,1984,1,68.61
Dhaka,1984,2,61.17
Dhaka,1984,3,56.39
Dhaka,1984,4,70.03
Dhaka,1984,5,83.19
Dhaka,1984,6,85.77
Dhaka,1984,7,86.16
Dhaka,1984,8,85.71
Dhaka,1984,9,82.8
Dhaka,1984,10,78.55
Dhaka,1984,11,67.93
Dhaka,1984,12,71.94
Dhaka,1985,1,70.48
Dhaka,1985,2,59.57
Dhaka,1985,3,69.39
Dhaka,1985,4,73.97
Dhaka,1985,5,78.9
Dhaka,1985,6,84.4
Dhaka,1985,7,85.1
Dhaka,1985,8,83.35
Dhaka,1985,9,83.87
Dhaka,1985,10,74.77
Dhaka,1985,11,70.73
Dhaka,1985,12,69.97
Dhaka,1986,1,71.61
Dhaka,1986,2,58.64
Dhaka,1986,3,55.39
Dhaka,1986,4,74.27
Dhaka,1986,5,75.9
Dhaka,1986,6,82.9
Dhaka,1986,7,84.58
Dhaka,1986,8,82.23
Dhaka,1986,9,85.17
Dhaka,1986,10,80.74
Dhaka,1986,11,78.3
Dhaka,1986,12,75.35
Dhaka,1987,1,72.65
Dhaka,1987,2,64.96
Dhaka,1987,3,64.94
Dhaka,1987,4,74
Dhaka,1987,5,74.16
Dhaka,1987,6,82.76
Dhaka,1987,7,88.48
Dhaka,1987,8,84.13
Dhaka,1987,9,83.93
Dhaka,1987,10,77.94
Dhaka,1987,11,73.2
Dhaka,1987,12,75.58
Dhaka,1988,1,70.87
Dhaka,1988,2,67.34
Dhaka,1988,3,68.61
Dhaka,1988,4,73.77
Dhaka,1988,5,80.16
Dhaka,1988,6,84.73
Dhaka,1988,7,84.55
Dhaka,1988,8,84.06
Dhaka,1988,9,81.97
Dhaka,1988,10,77.74
Dhaka,1988,11,74.37
Dhaka,1988,12,78.19
Dhaka,1989,1,68.45
Dhaka,1989,2,63.75
Dhaka,1989,3,58.23
Dhaka,1989,4,67.87
Dhaka,1989,5,77.97
Dhaka,1989,6,81.57
Dhaka,1989,7,84.1
Dhaka,1989,8,79
Dhaka,1989,9,85.1
Dhaka,1989,10,81.61
Dhaka,1989,11,73.6
Dhaka,1989,12,72.81
Dhaka,1990,1,77.1
Dhaka,1990,2,69.14
Dhaka,1990,3,72.52
Dhaka,1990,4,76.87
Dhaka,1990,5,79.42
Dhaka,1990,6,83.6
Dhaka,1990,7,87.13
Dhaka,1990,8,82.68
Dhaka,1990,9,84.17
Dhaka,1990,10,78.06
Dhaka,1990,11,75.33
Dhaka,1990,12,71.39
Dhaka,1991,1,70.06
Dhaka,1991,2,65.11
Dhaka,1991,3,65.32
Dhaka,1991,4,70.07
Dhaka,1991,5,84.48
Dhaka,1991,6,85.9
Dhaka,1991,7,83.39
Dhaka,1991,8,83.74
Dhaka,1991,9,87.9
Dhaka,1991,10,82.9
Dhaka,1991,11,72.07
Dhaka,1991,12,75.03
Dhaka,1992,1,75.55
Dhaka,1992,2,70.41
Dhaka,1992,3,62.29
Dhaka,1992,4,68.33
Dhaka,1992,5,75.35
Dhaka,1992,6,79.97
Dhaka,1992,7,83.1
Dhaka,1992,8,81.94
Dhaka,1992,9,79.6
Dhaka,1992,10,78.32
Dhaka,1992,11,72.8
Dhaka,1992,12,74.45
Dhaka,1993,1,72.84
Dhaka,1993,2,68.61
Dhaka,1993,3,61.55
Dhaka,1993,4,69.7
Dhaka,1993,5,79.77
Dhaka,1993,6,82.37
Dhaka,1993,7,84.03
Dhaka,1993,8,84.71
Dhaka,1993,9,83.07
Dhaka,1993,10,81.87
Dhaka,1993,11,78.9
Dhaka,1993,12,74.87
Dhaka,1994,1,72.94
Dhaka,1994,2,68.57
Dhaka,1994,3,67.48
Dhaka,1994,4,70.07
Dhaka,1994,5,76.42
Dhaka,1994,6,81.93
Dhaka,1994,7,79.74
Dhaka,1994,8,81.68
Dhaka,1994,9,78.43
Dhaka,1994,10,76.45
Dhaka,1994,11,74.57
Dhaka,1994,12,71
Dhaka,1995,1,66.52
Dhaka,1995,2,69.54
Dhaka,1995,3,57.03
Dhaka,1995,4,64.93
Dhaka,1995,5,75.45
Dhaka,1995,6,82.03
Dhaka,1995,7,83.81
Dhaka,1995,8,82.42
Dhaka,1995,9,83.87
Dhaka,1995,10,80.71
Dhaka,1995,11,78.37
Dhaka,1995,12,76.81
Dhaka,1996,1,72.26
Dhaka,1996,2,65.86
Dhaka,1996,3,66.16
Dhaka,1996,4,69.53
Dhaka,1996,5,77.1
Dhaka,1996,6,82.8
Dhaka,1996,7,83.23
Dhaka,1996,8,84.9
Dhaka,1996,9,83
Dhaka,1996,10,78.87
Dhaka,1996,11,75.63
Dhaka,1996,12,71.52
Dhaka,1997,1,69.65
Dhaka,1997,2,64
Dhaka,1997,3,65.84
Dhaka,1997,4,74.2
Dhaka,1997,5,76.1
Dhaka,1997,6,81.23
Dhaka,1997,7,85.52
Dhaka,1997,8,83.13
Dhaka,1997,9,86
Dhaka,1997,10,77
Dhaka,1997,11,74.63
Dhaka,1997,12,79.48
Dhaka,1998,1,77
Dhaka,1998,2,67.71
Dhaka,1998,3,63.42
Dhaka,1998,4,74.63
Dhaka,1998,5,77.52
Dhaka,1998,6,80.4
Dhaka,1998,7,86.45
Dhaka,1998,8,85.39
Dhaka,1998,9,84.17
Dhaka,1998,10,81.06
Dhaka,1998,11,77.5
Dhaka,1998,12,76.06
Dhaka,1999,1,71.84
Dhaka,1999,2,64.11
Dhaka,1999,3,57
Dhaka,1999,4,68.33
Dhaka,1999,5,78.52
Dhaka,1999,6,82.3
Dhaka,1999,7,85.58
Dhaka,1999,8,83.81
Dhaka,1999,9,83.47
Dhaka,1999,10,82.19
Dhaka,1999,11,75
Dhaka,1999,12,70.42
Dhaka,2000,1,71.52
Dhaka,2000,2,60.9
Dhaka,2000,3,62.48
Dhaka,2000,4,73.1
Dhaka,2000,5,77.29
Dhaka,2000,6,79.8
Dhaka,2000,7,79.55
Dhaka,2000,8,80.74
Dhaka,2000,9,80.53
Dhaka,2000,10,80.87
Dhaka,2000,11,72.33
Dhaka,2000,12,68.39
Dhaka,2001,1,62.68
Dhaka,2001,2,61.71
Dhaka,2001,3,55.29
Dhaka,2001,4,66.33
Dhaka,2001,5,78.16
Dhaka,2001,6,83.83
Dhaka,2001,7,81.81
Dhaka,2001,8,81
Dhaka,2001,9,82.03
Dhaka,2001,10,81
Dhaka,2001,11,77.8
Dhaka,2001,12,74.52
Dhaka,2002,1,67.9
Dhaka,2002,2,57.46
Dhaka,2002,3,58.1
Dhaka,2002,4,72.47
Dhaka,2002,5,78.1
Dhaka,2002,6,83.6
Dhaka,2002,7,84.52
Dhaka,2002,8,81.45
Dhaka,2002,9,78.13
Dhaka,2002,10,74.55
Dhaka,2002,11,73.7
Dhaka,2002,12,73.74
Dhaka,2003,1,75
Dhaka,2003,2,65.25
Dhaka,2003,3,64.97
Dhaka,2003,4,70.63
Dhaka,2003,5,72.81
Dhaka,2003,6,81.87
Dhaka,2003,7,79.06
Dhaka,2003,8,78.77
Dhaka,2003,9,82.73
Dhaka,2003,10,80.26
Dhaka,2003,11,66.9
Dhaka,2003,12,72.16
Dhaka,2004,1,73.03
Dhaka,2004,2,60.52
Dhaka,2004,3,62.81
Dhaka,2004,4,72.5
Dhaka,2004,5,67.58
Dhaka,2004,6,81.13
Dhaka,2004,7,81.94
Dhaka,2004,8,78.71
Dhaka,2004,9,85.47
Dhaka,2004,10,74.97
Dhaka,2004,11,69.07
Dhaka,2004,12,70.03
Dhaka,2005,1,68.35
Dhaka,2005,2,60.61
Dhaka,2005,3,66.16
Dhaka,2005,4,66.53
Dhaka,2005,5,73.97
Dhaka,2005,6,79.23
Dhaka,2005,7,81.16
Dhaka,2005,8,82.87
Dhaka,2005,9,81.77
Dhaka,2005,10,80.45
Dhaka,2005,11,72.33
Dhaka,2005,12,66.74
Dhaka,2006,1,69.03
Dhaka,2006,2,65.29
Dhaka,2006,3,53.87
Dhaka,2006,4,67.83
Dhaka,2006,5,72.68
Dhaka,2006,6,81.57
Dhaka,2006,7,80.06
Dhaka,2006,8,77.19
Dhaka,2006,9,80.73
Dhaka,2006,10,76.23
Dhaka,2006,11,68.23
Dhaka,2006,12,69.19
Dhaka,2007,1,68.06
Dhaka,2007,2,68.93
Dhaka,2007,3,54.68
Dhaka,2007,4,69.53
Dhaka,2007,5,70.94
Dhaka,2007,6,81.03
Dhaka,2007,7,84.52
Dhaka,2007,8,80.26
Dhaka,2007,9,80.13
Dhaka,2007,10,78.23
Dhaka,2007,11,77.47
Dhaka,2007,12,69.87
Dhaka,2008,1,69.84
Dhaka,2008,2,61.69
Dhaka,2008,3,67.19
Dhaka,2008,4,64.5
Dhaka,2008,5,70.74
Dhaka,2008,6,80.47
Dhaka,2008,7,83.1
Dhaka,2008,8,81.77
Dhaka,2008,9,81
Dhaka,2008,10,77.84
Dhaka,2008,11,69.53
Dhaka,2008,12,79.39
Dhaka,2009,1,72.45
Dhaka,2009,2,55.04
Dhaka,2009,3,53.42
Dhaka,2009,4,66.43
Dhaka,2009,5,72.16
Dhaka,2009,6,74.73
Dhaka,2009,7,80
Dhaka,2009,8,82.23
Dhaka,2009,9,81.33
Dhaka,2009,10,73.06
Dhaka,2009,11,66.6
Dhaka,2009,12,69.65
Dhaka,2010,1,71.68
Dhaka,2010,2,56.89
Dhaka,2010,3,59.16
Dhaka,2010,4,67.3
Dhaka,2010,5,71.55
Dhaka,2010,6,79.33
Dhaka,2010,7,77.13
Dhaka,2010,8,78.81
Dhaka,2010,9,79.67
Dhaka,2010,10,74.87
Dhaka,2010,11,68.97
Dhaka,2010,12,66.1
Dhaka,2011,1,69.19
Dhaka,2011,2,54.79
Dhaka,2011,3,57.68
Dhaka,2011,4,64.83
Dhaka,2011,5,76.13
Dhaka,2011,6,80.93
Dhaka,2011,7,79.13
Dhaka,2011,8,82.84
Dhaka,2011,9,77.27
Dhaka,2011,10,73.58
Dhaka,2011,11,67.8
Dhaka,2011,12,73.48
Dhaka,2012,1,66.16
Dhaka,2012,2,52
Dhaka,2012,3,57.74
Dhaka,2012,4,69.8
Dhaka,2012,5,70.32
Dhaka,2012,6,77.67
Dhaka,2012,7,79.52
Dhaka,2012,8,78.84
Dhaka,2012,9,79.17
Dhaka,2012,10,71.71
Dhaka,2012,11,68.07
Dhaka,2012,12,77.13
Dhaka,2013,1,65.42
Dhaka,2013,2,55.89
Dhaka,2013,3,55.42
Dhaka,2013,4,63.87
Dhaka,2013,5,78.97
Dhaka,2013,6,76.77
Dhaka,2013,7,77.61
Dhaka,2013,8,80.9
Dhaka,2013,9,81.43
Dhaka,2013,10,78.94
Dhaka,2013,11,66.8
Dhaka,2013,12,72.87
Dhaka,2014,1,72.77
Dhaka,2014,2,62.11
Dhaka,2014,3,52.26
Dhaka,2014,4,56.23
Dhaka,2014,5,68.87
Dhaka,2014,6,78
Dhaka,2014,7,77.19
Dhaka,2014,8,82.26
Dhaka,2014,9,76.53
Dhaka,2014,10,72.23
Dhaka,2014,11,66.87
Dhaka,2014,12,77.74
Dhaka,2015,1,70.58
Dhaka,2015,2,63.32
Dhaka,2015,3,52.87
Dhaka,2015,4,68.37
Dhaka,2015,5,71.35
Dhaka,2015,6,77.6
Dhaka,2015,7,81.84
Dhaka,2015,8,79.71
Dhaka,2015,9,78.47
Dhaka,2015,10,73.29
Dhaka,2015,11,69.67
Dhaka,2015,12,68.55
Dhaka,2016,1,68.87
Dhaka,2016,2,63.45
Dhaka,2016,3,59.58
Dhaka,2016,4,72.4
Dhaka,2016,5,74.48
Dhaka,2016,6,75.57
Dhaka,2016,7,82.68
Dhaka,2016,8,77.74
Dhaka,2016,9,82.13
Dhaka,2016,10,74.77
Dhaka,2016,11,73
Dhaka,2016,12,72.29
Dhaka,2017,1,63.26
Dhaka,2017,2,57.68
Dhaka,2017,3,67.58
Dhaka,2017,4,73.4
Dhaka,2017,5,73.71
Dhaka,2017,6,80.67
Dhaka,2017,7,84.32
Dhaka,2017,8,83.58
Dhaka,2017,9,82.8
Dhaka,2017,10,80.35
Dhaka,2017,11,68.13
Dhaka,2017,12,77.1
Dhaka,2018,1,68.97
Dhaka,2018,2,61.54
Dhaka,2018,3,59.77
Dhaka,2018,4,69.67
Dhaka,2018,5,79.16
Dhaka,2018,6,81.53
Dhaka,2018,7,81.71
Dhaka,2018,8,78.03
Dhaka,2018,9,77.33
Dhaka,2018,10,72.23
Dhaka,2018,11,68.7
Dhaka,2018,12,66.13
Dhaka,2019,1,59.97
Dhaka,2019,2,63.11
Dhaka,2019,3,61.65
Dhaka,2019,4,69.67
Dhaka,2019,5,73.16
Dhaka,2019,6,78.93
Dhaka,2019,7,82.39
Dhaka,2019,8,79.03
Dhaka,2019,9,80.57
Dhaka,2019,10,78.16
Dhaka,2019,11,74.87
Dhaka,2019,12,74.45
Dhaka,2020,1,76.61
Dhaka,2020,2,59.41
Dhaka,2020,3,57.35
Dhaka,2020,4,72.53
Dhaka,2020,5,80.52
Dhaka,2020,6,81.63
Dhaka,2020,7,85.26
Dhaka,2020,8,84.65
Dhaka,2020,9,81.6
Dhaka,2020,10,81.94
Dhaka,2020,11,69.4
Dhaka,2020,12,78.65
Dhaka,2021,1,70.24
Dhaka,2021,2,55.2
Dhaka,2021,3,50.76
Dhaka,2021,4,55.08
Dhaka,2021,5,66.5
Dhaka,2021,6,81.42
Dhaka,2021,7,83.29
Dhaka,2021,8,83.77
Dhaka,2021,9,80.5
Dhaka,2021,10,77.8
Dhaka,2021,11,69.18
Dhaka,2021,12,73.21
Dhaka,2022,1,71.87
Dhaka,2022,2,62.71
Dhaka,2022,3,55.81
Dhaka,2022,4,72
Dhaka,2022,5,75.39
Dhaka,2022,6,79.13
Dhaka,2022,7,74.94
Dhaka,2022,8,75.03
Dhaka,2022,9,80.97
Dhaka,2022,10,73.97
Dhaka,2022,11,63.77
Dhaka,2022,12,69.23
Dhaka,2023,1,71.5
Dhaka,2023,2,56.71
Dhaka,2023,3,56.98
Dhaka,2023,4,50.65
Dhaka,2023,5,60.34
Dhaka,2023,6,74.85
Dhaka,2023,7,72.53
Dhaka,2023,8,81.35
Dhaka,2023,9,76
Dhaka,2023,10,69.95
Dhaka,2023,11,62.65
Dhaka,2023,12,72.65
Dhaka,2024,1,75
Dhaka,2024,2,59
Dhaka,2024,3,61
Dhaka,2024,4,62
Dhaka,2024,5,69
Dhaka,2024,6,77
Dhaka,2024,7,78
Dhaka,2024,8,82
Dhaka,2024,9,79
Dhaka,2024,10,79
Dhaka,2024,11,63
Dhaka,2024,12,64
Dimla,2020,12,82.37
Dimla,2021,1,84.03
Dimla,2021,2,71.32
Dimla,2021,3,64.91
Dimla,2021,4,64.53
Dimla,2021,5,76.94
Dimla,2021,6,79.65
Dimla,2021,7,84.26
Dimla,2021,8,88.89
Dimla,2021,9,83.17
Dimla,2021,10,83.96
Dimla,2021,11,77.25
Dimla,2021,12,76.76
Dimla,2023,1,85.55
Dimla,2023,2,76.25
Dimla,2023,3,67.55
Dimla,2023,4,64.57
Dimla,2023,5,63.24
Dimla,2023,6,77.02
Dimla,2023,7,80.1
Dimla,2023,8,83.85
Dimla,2023,9,81.52
Dimla,2023,10,82.26
Dimla,2023,11,74.78
Dimla,2023,12,81.48
Dinajpur,1948,1,62.13
Dinajpur,1948,2,55.86
Dinajpur,1948,3,44.26
Dinajpur,1948,4,65.93
Dinajpur,1948,5,83.06
Dinajpur,1948,6,85.97
Dinajpur,1948,7,87.29
Dinajpur,1948,8,84.61
Dinajpur,1948,9,85.3
Dinajpur,1948,10,80.74
Dinajpur,1948,11,80.03
Dinajpur,1948,12,72.97
Dinajpur,1949,1,74.29
Dinajpur,1949,2,62.82
Dinajpur,1949,3,47.45
Dinajpur,1949,4,67.5
Dinajpur,1949,5,80.45
Dinajpur,1949,6,87.4
Dinajpur,1949,7,86.84
Dinajpur,1949,8,87.81
Dinajpur,1949,9,85.63
Dinajpur,1949,10,82.06
Dinajpur,1949,11,76.83
Dinajpur,1949,12,75.68
Dinajpur,1950,1,77.26
Dinajpur,1950,2,68.93
Dinajpur,1950,3,62.45
Dinajpur,1950,4,49.6
Dinajpur,1950,5,71.37
Dinajpur,1950,6,83.77
Dinajpur,1950,7,84.94
Dinajpur,1950,8,88.23
Dinajpur,1950,9,84.07
Dinajpur,1950,10,82.45
Dinajpur,1950,11,75.83
Dinajpur,1950,12,77
Dinajpur,1951,1,72.39
Dinajpur,1951,2,57.5
Dinajpur,1951,3,49.84
Dinajpur,1951,4,51.3
Dinajpur,1951,5,73.13
Dinajpur,1951,6,85.47
Dinajpur,1951,7,85.35
Dinajpur,1951,8,83.77
Dinajpur,1951,9,83.87
Dinajpur,1951,10,82.87
Dinajpur,1951,11,79.97
Dinajpur,1951,12,71.68
Dinajpur,1952,1,73.74
Dinajpur,1952,2,66.59
Dinajpur,1952,4,67.83
Dinajpur,1952,5,79.23
Dinajpur,1952,6,82.77
Dinajpur,1952,7,84.94
Dinajpur,1952,8,84.68
Dinajpur,1952,9,87.43
Dinajpur,1952,10,81.94
Dinajpur,1952,11,76.27
Dinajpur,1952,12,75.29
Dinajpur,1953,1,75.94
Dinajpur,1953,2,69.39
Dinajpur,1953,3,71.16
Dinajpur,1953,4,57.67
Dinajpur,1953,5,74.06
Dinajpur,1953,6,81.8
Dinajpur,1953,7,87.65
Dinajpur,1953,8,81.97
Dinajpur,1953,9,84.87
Dinajpur,1953,10,81.45
Dinajpur,1953,11,76.8
Dinajpur,1953,12,76.68
Dinajpur,1954,1,77.52
Dinajpur,1954,2,67.14
Dinajpur,1954,3,47.9
Dinajpur,1954,4,49.13
Dinajpur,1954,5,69.42
Dinajpur,1954,6,85.13
Dinajpur,1954,7,86.13
Dinajpur,1954,8,84.32
Dinajpur,1954,9,81.4
Dinajpur,1954,10,81.03
Dinajpur,1954,11,74.4
Dinajpur,1954,12,72.48
Dinajpur,1955,1,73.39
Dinajpur,1955,2,66.86
Dinajpur,1955,3,53.52
Dinajpur,1955,4,43.63
Dinajpur,1955,5,66.52
Dinajpur,1955,6,81.67
Dinajpur,1955,7,89.16
Dinajpur,1955,8,87.77
Dinajpur,1955,9,85.85
Dinajpur,1955,10,80.35
Dinajpur,1955,11,76.7
Dinajpur,1955,12,73.77
Dinajpur,1956,1,67.42
Dinajpur,1956,2,58.79
Dinajpur,1956,3,55.45
Dinajpur,1956,4,58
Dinajpur,1956,5,78.26
Dinajpur,1956,6,85.23
Dinajpur,1956,7,82.42
Dinajpur,1956,8,86.29
Dinajpur,1956,9,84.23
Dinajpur,1956,10,82.61
Dinajpur,1956,11,75.97
Dinajpur,1956,12,76.39
Dinajpur,1957,1,78.97
Dinajpur,1957,2,66.54
Dinajpur,1957,3,53.19
Dinajpur,1957,4,42.2
Dinajpur,1957,5,50.97
Dinajpur,1957,6,78.13
Dinajpur,1957,7,84.97
Dinajpur,1957,8,84.48
Dinajpur,1957,9,82.73
Dinajpur,1957,10,80.03
Dinajpur,1957,11,73.7
Dinajpur,1957,12,76.13
Dinajpur,1958,1,74
Dinajpur,1958,2,63
Dinajpur,1958,3,47.42
Dinajpur,1958,4,52.9
Dinajpur,1958,5,68.06
Dinajpur,1958,6,76.9
Dinajpur,1958,7,83.52
Dinajpur,1958,8,88.87
Dinajpur,1958,9,84.87
Dinajpur,1958,10,82.19
Dinajpur,1958,11,76.93
Dinajpur,1958,12,78.23
Dinajpur,1959,1,77.35
Dinajpur,1959,2,67.36
Dinajpur,1959,3,56.55
Dinajpur,1959,4,67.43
Dinajpur,1959,5,75.23
Dinajpur,1959,6,84.47
Dinajpur,1959,7,83.9
Dinajpur,1959,8,82.84
Dinajpur,1959,9,85
Dinajpur,1959,10,84.94
Dinajpur,1959,11,75.23
Dinajpur,1959,12,74.35
Dinajpur,1960,1,71.39
Dinajpur,1960,2,60.24
Dinajpur,1960,3,59.71
Dinajpur,1960,4,33.9
Dinajpur,1960,5,60.48
Dinajpur,1960,6,79.33
Dinajpur,1960,7,85.26
Dinajpur,1960,8,84.29
Dinajpur,1960,9,86.6
Dinajpur,1960,10,78.16
Dinajpur,1960,11,73.53
Dinajpur,1960,12,72.84
Dinajpur,1961,1,73.32
Dinajpur,1961,2,67.5
Dinajpur,1961,3,52.74
Dinajpur,1961,4,50.1
Dinajpur,1961,5,65.77
Dinajpur,1961,6,82.67
Dinajpur,1961,7,83.42
Dinajpur,1961,8,85.06
Dinajpur,1961,9,82.37
Dinajpur,1961,10,80.55
Dinajpur,1961,11,73.83
Dinajpur,1961,12,76.19
Dinajpur,1962,1,71
Dinajpur,1962,2,65.29
Dinajpur,1962,3,47
Dinajpur,1962,4,43.37
Dinajpur,1962,5,69.65
Dinajpur,1962,6,81.43
Dinajpur,1962,7,84.13
Dinajpur,1962,8,85.65
Dinajpur,1962,9,82.87
Dinajpur,1962,10,74.61
Dinajpur,1962,11,72.33
Dinajpur,1962,12,74.03
Dinajpur,1963,1,69.48
Dinajpur,1963,2,56.43
Dinajpur,1963,3,52.32
Dinajpur,1963,4,55.7
Dinajpur,1963,5,72.94
Dinajpur,1963,6,79.63
Dinajpur,1963,7,85.9
Dinajpur,1963,8,86.06
Dinajpur,1963,9,83.2
Dinajpur,1963,10,81.87
Dinajpur,1963,11,78.17
Dinajpur,1963,12,76.55
Dinajpur,1964,1,69.97
Dinajpur,1964,2,64.93
Dinajpur,1964,3,54
Dinajpur,1964,4,64.8
Dinajpur,1964,5,73.32
Dinajpur,1964,6,81.2
Dinajpur,1964,7,87.84
Dinajpur,1964,8,84.9
Dinajpur,1964,9,85.4
Dinajpur,1964,10,83.16
Dinajpur,1964,11,74.83
Dinajpur,1964,12,73.1
Dinajpur,1965,1,69.42
Dinajpur,1965,2,65.36
Dinajpur,1965,3,48.77
Dinajpur,1965,4,52.37
Dinajpur,1965,5,65.06
Dinajpur,1965,6,82.07
Dinajpur,1965,7,84.93
Dinajpur,1965,8,87.48
Dinajpur,1965,9,85.47
Dinajpur,1965,10,80.52
Dinajpur,1965,12,73.29
Dinajpur,1966,1,74.23
Dinajpur,1966,2,63.43
Dinajpur,1966,3,46.39
Dinajpur,1966,4,40.73
Dinajpur,1966,5,57.55
Dinajpur,1966,6,80.1
Dinajpur,1966,7,86.61
Dinajpur,1966,8,89.29
Dinajpur,1966,9,84.43
Dinajpur,1966,10,80.84
Dinajpur,1966,11,79.3
Dinajpur,1967,1,68.1
Dinajpur,1967,2,61.61
Dinajpur,1967,3,60.97
Dinajpur,1967,4,46.9
Dinajpur,1967,5,75.81
Dinajpur,1967,6,77.83
Dinajpur,1967,7,85.26
Dinajpur,1967,8,81.29
Dinajpur,1967,9,83.47
Dinajpur,1967,10,82.39
Dinajpur,1967,11,74.27
Dinajpur,1967,12,77.77
Dinajpur,1968,1,78
Dinajpur,1968,2,60.41
Dinajpur,1968,3,47.06
Dinajpur,1968,4,49.77
Dinajpur,1968,5,64.03
Dinajpur,1968,6,83.48
Dinajpur,1968,7,87.23
Dinajpur,1968,8,85.42
Dinajpur,1968,9,83.07
Dinajpur,1968,10,77.42
Dinajpur,1968,11,72.83
Dinajpur,1968,12,74.45
Dinajpur,1969,1,70.68
Dinajpur,1969,2,57.25
Dinajpur,1969,3,56.58
Dinajpur,1969,4,65.57
Dinajpur,1969,5,70.77
Dinajpur,1969,6,84.97
Dinajpur,1969,7,86.55
Dinajpur,1969,8,86.65
Dinajpur,1969,9,84.13
Dinajpur,1969,10,77.63
Dinajpur,1969,11,75.93
Dinajpur,1969,12,76.29
Dinajpur,1970,1,76.06
Dinajpur,1970,2,65.79
Dinajpur,1970,3,51.19
Dinajpur,1970,4,53.47
Dinajpur,1970,5,64.87
Dinajpur,1970,6,83.17
Dinajpur,1970,7,86.84
Dinajpur,1970,8,84.52
Dinajpur,1970,9,85.6
Dinajpur,1970,10,80.68
Dinajpur,1970,11,73
Dinajpur,1970,12,72.84
Dinajpur,1971,1,75.29
Dinajpur,1971,2,62.46
Dinajpur,1971,3,52.35
Dinajpur,1971,8,86.03
Dinajpur,1971,9,84.17
Dinajpur,1971,10,80.77
Dinajpur,1971,11,76.03
Dinajpur,1971,12,73.25
Dinajpur,1972,1,74.29
Dinajpur,1972,2,69.61
Dinajpur,1972,3,54.03
Dinajpur,1972,6,75.87
Dinajpur,1972,7,82.68
Dinajpur,1972,8,81.81
Dinajpur,1972,9,81.63
Dinajpur,1972,10,78.26
Dinajpur,1972,11,78.23
Dinajpur,1972,12,77.26
Dinajpur,1981,1,76.32
Dinajpur,1981,2,75.07
Dinajpur,1981,3,68.52
Dinajpur,1981,4,61.4
Dinajpur,1981,5,57.23
Dinajpur,1981,6,50
Dinajpur,1981,7,59.65
Dinajpur,1981,8,80.45
Dinajpur,1981,9,83.7
Dinajpur,1981,10,68.35
Dinajpur,1981,11,65.57
Dinajpur,1981,12,68.81
Dinajpur,1982,1,65.39
Dinajpur,1982,2,55.43
Dinajpur,1982,3,51.42
Dinajpur,1982,4,61.13
Dinajpur,1982,5,60.26
Dinajpur,1982,6,80.67
Dinajpur,1982,7,84.29
Dinajpur,1982,8,82.23
Dinajpur,1982,9,80.17
Dinajpur,1982,10,73.19
Dinajpur,1982,11,74.03
Dinajpur,1982,12,73.23
Dinajpur,1983,1,70.26
Dinajpur,1983,2,53.96
Dinajpur,1983,3,46.52
Dinajpur,1983,4,51.03
Dinajpur,1983,5,74
Dinajpur,1983,6,75.93
Dinajpur,1983,7,83.81
Dinajpur,1983,8,80.65
Dinajpur,1983,9,86.43
Dinajpur,1983,10,78.52
Dinajpur,1983,11,66.93
Dinajpur,1983,12,72.45
Dinajpur,1984,1,71.26
Dinajpur,1984,2,61.52
Dinajpur,1984,3,49.32
Dinajpur,1984,4,51.1
Dinajpur,1984,5,81.74
Dinajpur,1984,6,81.6
Dinajpur,1984,7,85.13
Dinajpur,1984,8,80.58
Dinajpur,1984,9,83.57
Dinajpur,1984,10,75.55
Dinajpur,1984,11,64.7
Dinajpur,1984,12,71.55
Dinajpur,1985,1,66.39
Dinajpur,1985,2,57.93
Dinajpur,1985,3,49.55
Dinajpur,1985,4,53.4
Dinajpur,1985,5,70.65
Dinajpur,1985,6,80.23
Dinajpur,1985,7,85.94
Dinajpur,1985,8,79.77
Dinajpur,1985,9,83.87
Dinajpur,1985,10,74.94
Dinajpur,1985,11,68.03
Dinajpur,1985,12,69.32
Dinajpur,1986,1,70.58
Dinajpur,1986,2,54.79
Dinajpur,1986,3,40.74
Dinajpur,1986,4,59.4
Dinajpur,1986,5,72.35
Dinajpur,1986,6,77.87
Dinajpur,1986,7,82.94
Dinajpur,1986,8,79.52
Dinajpur,1986,9,84.57
Dinajpur,1986,10,79.42
Dinajpur,1986,11,71.97
Dinajpur,1986,12,71.19
Dinajpur,1987,1,68.74
Dinajpur,1987,2,61.36
Dinajpur,1987,3,61.61
Dinajpur,1987,4,58.43
Dinajpur,1987,5,65.68
Dinajpur,1987,6,79.43
Dinajpur,1987,7,88.48
Dinajpur,1987,8,86.1
Dinajpur,1987,9,86
Dinajpur,1987,10,76
Dinajpur,1987,11,73.63
Dinajpur,1987,12,70.97
Dinajpur,1988,1,68.39
Dinajpur,1988,2,61.45
Dinajpur,1988,3,56.03
Dinajpur,1988,4,60.37
Dinajpur,1988,5,76.58
Dinajpur,1988,6,80.7
Dinajpur,1988,7,83.52
Dinajpur,1988,8,85.55
Dinajpur,1988,9,81.53
Dinajpur,1988,10,75.03
Dinajpur,1988,11,69.1
Dinajpur,1988,12,69.74
Dinajpur,1989,1,69
Dinajpur,1989,2,61.75
Dinajpur,1989,3,55.77
Dinajpur,1989,4,47.1
Dinajpur,1989,5,71.06
Dinajpur,1989,6,82.37
Dinajpur,1989,7,86.77
Dinajpur,1989,8,83.16
Dinajpur,1989,9,89.1
Dinajpur,1989,10,82.48
Dinajpur,1989,11,79.27
Dinajpur,1989,12,78.74
Dinajpur,1990,1,81.29
Dinajpur,1990,2,71.5
Dinajpur,1990,3,68.35
Dinajpur,1990,4,76.3
Dinajpur,1990,5,80.58
Dinajpur,1990,6,84.17
Dinajpur,1990,7,86.32
Dinajpur,1990,8,84.48
Dinajpur,1990,9,85.67
Dinajpur,1990,10,84.9
Dinajpur,1990,11,76.9
Dinajpur,1990,12,76.87
Dinajpur,1991,1,77.06
Dinajpur,1991,2,68.93
Dinajpur,1991,3,60.32
Dinajpur,1991,4,63.93
Dinajpur,1991,5,83.65
Dinajpur,1991,6,84.77
Dinajpur,1991,7,85.61
Dinajpur,1991,8,85.06
Dinajpur,1991,9,89.57
Dinajpur,1991,10,83
Dinajpur,1991,11,76.5
Dinajpur,1991,12,81.45
Dinajpur,1992,1,82.87
Dinajpur,1992,2,74.45
Dinajpur,1992,3,56.03
Dinajpur,1992,4,59.2
Dinajpur,1992,5,76.06
Dinajpur,1992,6,80.37
Dinajpur,1992,7,85.97
Dinajpur,1992,8,83.1
Dinajpur,1992,9,84.5
Dinajpur,1992,10,84.13
Dinajpur,1992,11,78.73
Dinajpur,1992,12,80.1
Dinajpur,1993,1,84.23
Dinajpur,1993,2,72.29
Dinajpur,1993,3,63.52
Dinajpur,1993,4,68.43
Dinajpur,1993,5,81.35
Dinajpur,1993,6,84.7
Dinajpur,1993,7,82.84
Dinajpur,1993,8,87.61
Dinajpur,1993,9,86.47
Dinajpur,1993,10,84
Dinajpur,1993,11,81.1
Dinajpur,1993,12,77.71
Dinajpur,1994,1,81.39
Dinajpur,1994,2,76.32
Dinajpur,1994,3,66.16
Dinajpur,1994,4,60.43
Dinajpur,1994,5,73.94
Dinajpur,1994,6,84.07
Dinajpur,1994,7,80.58
Dinajpur,1994,8,82
Dinajpur,1994,9,83.37
Dinajpur,1994,10,82.71
Dinajpur,1994,11,79.83
Dinajpur,1994,12,77.58
Dinajpur,1995,1,74.26
Dinajpur,1995,2,68.46
Dinajpur,1995,3,57.9
Dinajpur,1995,4,52.4
Dinajpur,1995,5,71.23
Dinajpur,1995,6,84.1
Dinajpur,1995,7,87.26
Dinajpur,1995,8,86.68
Dinajpur,1995,9,88.07
Dinajpur,1995,10,83.77
Dinajpur,1995,11,81.8
Dinajpur,1995,12,81.71
Dinajpur,1996,1,80.32
Dinajpur,1996,2,72.17
Dinajpur,1996,3,61.39
Dinajpur,1996,4,60.2
Dinajpur,1996,5,77.03
Dinajpur,1996,6,83.37
Dinajpur,1996,7,86.81
Dinajpur,1996,8,85.29
Dinajpur,1996,9,86.47
Dinajpur,1996,10,84.84
Dinajpur,1996,11,81.3
Dinajpur,1996,12,80.29
Dinajpur,1997,1,80.06
Dinajpur,1997,2,74.32
Dinajpur,1997,3,64.45
Dinajpur,1997,4,73.53
Dinajpur,1997,5,72.13
Dinajpur,1997,6,80.1
Dinajpur,1997,7,86.29
Dinajpur,1997,8,85.29
Dinajpur,1997,9,87.33
Dinajpur,1997,10,81.39
Dinajpur,1997,11,79.63
Dinajpur,1997,12,85.77
Dinajpur,1998,1,84.1
Dinajpur,1998,2,71.29
Dinajpur,1998,3,71.84
Dinajpur,1998,4,77.43
Dinajpur,1998,5,78.81
Dinajpur,1998,6,83.7
Dinajpur,1998,7,88.16
Dinajpur,1998,8,88.58
Dinajpur,1998,9,86.87
Dinajpur,1998,10,86.13
Dinajpur,1998,11,81.23
Dinajpur,1998,12,80.32
Dinajpur,1999,1,78.48
Dinajpur,1999,2,73.07
Dinajpur,1999,3,60.39
Dinajpur,1999,4,77.37
Dinajpur,1999,5,83.16
Dinajpur,1999,6,85.1
Dinajpur,1999,7,86.97
Dinajpur,1999,8,88.61
Dinajpur,1999,9,88.17
Dinajpur,1999,10,86
Dinajpur,1999,11,80.03
Dinajpur,1999,12,79.23
Dinajpur,2000,1,82.81
Dinajpur,2000,2,74.55
Dinajpur,2000,3,67.29
Dinajpur,2000,4,75.47
Dinajpur,2000,5,85.1
Dinajpur,2000,6,85.33
Dinajpur,2000,7,84.45
Dinajpur,2000,8,84.74
Dinajpur,2000,9,86.83
Dinajpur,2000,10,80.97
Dinajpur,2000,11,82.5
Dinajpur,2000,12,77.61
Dinajpur,2001,1,77.45
Dinajpur,2001,2,74.14
Dinajpur,2001,3,62.52
Dinajpur,2001,4,64.83
Dinajpur,2001,5,78.39
Dinajpur,2001,6,85.13
Dinajpur,2001,7,86.03
Dinajpur,2001,8,82.71
Dinajpur,2001,9,86.5
Dinajpur,2001,10,84.94
Dinajpur,2001,11,81.9
Dinajpur,2001,12,84.52
Dinajpur,2002,1,79.48
Dinajpur,2002,2,71.82
Dinajpur,2002,3,67.32
Dinajpur,2002,4,77.73
Dinajpur,2002,5,79.39
Dinajpur,2002,6,85.1
Dinajpur,2002,7,88.06
Dinajpur,2002,8,84.13
Dinajpur,2002,9,83.7
Dinajpur,2002,10,81.06
Dinajpur,2002,11,79.13
Dinajpur,2002,12,83.77
Dinajpur,2003,1,86.23
Dinajpur,2003,2,79.68
Dinajpur,2003,3,74.77
Dinajpur,2003,4,79.23
Dinajpur,2003,5,77.81
Dinajpur,2003,6,85.07
Dinajpur,2003,7,83.06
Dinajpur,2003,8,83.32
Dinajpur,2003,9,85.37
Dinajpur,2003,10,85.74
Dinajpur,2003,11,80.97
Dinajpur,2003,12,81.19
Dinajpur,2004,1,86.48
Dinajpur,2004,2,76.38
Dinajpur,2004,3,70.03
Dinajpur,2004,4,80.73
Dinajpur,2004,5,78.68
Dinajpur,2004,6,83.77
Dinajpur,2004,7,86.94
Dinajpur,2004,8,82.68
Dinajpur,2004,9,85.9
Dinajpur,2004,10,83.65
Dinajpur,2004,11,76.77
Dinajpur,2004,12,80.16
Dinajpur,2005,1,80.58
Dinajpur,2005,2,71.61
Dinajpur,2005,3,74.26
Dinajpur,2005,4,76.07
Dinajpur,2005,5,80.39
Dinajpur,2005,6,82.03
Dinajpur,2005,7,84.87
Dinajpur,2005,8,86.58
Dinajpur,2005,9,82.1
Dinajpur,2005,10,85.84
Dinajpur,2005,11,81.2
Dinajpur,2005,12,77.52
Dinajpur,2006,1,82.23
Dinajpur,2006,2,75.32
Dinajpur,2006,3,59.03
Dinajpur,2006,4,75.2
Dinajpur,2006,5,78.81
Dinajpur,2006,6,82.97
Dinajpur,2006,7,81.29
Dinajpur,2006,8,81.77
Dinajpur,2006,9,85
Dinajpur,2006,10,80.58
Dinajpur,2006,11,78.87
Dinajpur,2006,12,78.61
Dinajpur,2007,1,77.71
Dinajpur,2007,2,78.89
Dinajpur,2007,3,64.87
Dinajpur,2007,4,74.87
Dinajpur,2007,5,72.68
Dinajpur,2007,6,82.83
Dinajpur,2007,7,86.13
Dinajpur,2007,8,83.55
Dinajpur,2007,9,86.1
Dinajpur,2007,10,82.74
Dinajpur,2007,11,76
Dinajpur,2007,12,77.35
Dinajpur,2008,1,79.32
Dinajpur,2008,2,73.59
Dinajpur,2008,3,72.06
Dinajpur,2008,4,73.6
Dinajpur,2008,5,76.9
Dinajpur,2008,6,84.53
Dinajpur,2008,7,84.74
Dinajpur,2008,8,86.06
Dinajpur,2008,9,84.23
Dinajpur,2008,10,83.29
Dinajpur,2008,11,78.37
Dinajpur,2008,12,85.84
Dinajpur,2009,1,83.84
Dinajpur,2009,2,66.93
Dinajpur,2009,3,64.06
Dinajpur,2009,4,72.27
Dinajpur,2009,5,78.9
Dinajpur,2009,6,79.33
Dinajpur,2009,7,81.74
Dinajpur,2009,8,86.1
Dinajpur,2009,9,82.2
Dinajpur,2009,10,80.61
Dinajpur,2009,11,78.33
Dinajpur,2009,12,83.61
Dinajpur,2010,1,83.97
Dinajpur,2010,2,66.21
Dinajpur,2010,3,62.45
Dinajpur,2010,4,75.03
Dinajpur,2010,5,76.94
Dinajpur,2010,6,83.4
Dinajpur,2010,7,82.84
Dinajpur,2010,8,83.68
Dinajpur,2010,9,84.07
Dinajpur,2010,10,82
Dinajpur,2010,11,78.23
Dinajpur,2010,12,75.32
Dinajpur,2011,1,81.32
Dinajpur,2011,2,71.71
Dinajpur,2011,3,67.77
Dinajpur,2011,4,73.8
Dinajpur,2011,5,79.87
Dinajpur,2011,6,82.17
Dinajpur,2011,7,83.32
Dinajpur,2011,8,84.1
Dinajpur,2011,9,83.73
Dinajpur,2011,10,80.03
Dinajpur,2011,11,77.3
Dinajpur,2011,12,82.48
Dinajpur,2012,1,79.23
Dinajpur,2012,2,67.28
Dinajpur,2012,3,62.39
Dinajpur,2012,4,67.67
Dinajpur,2012,5,72.74
Dinajpur,2012,6,82.1
Dinajpur,2012,7,83.45
Dinajpur,2012,8,81.42
Dinajpur,2012,9,84
Dinajpur,2012,10,80.55
Dinajpur,2012,11,75.37
Dinajpur,2012,12,84.97
Dinajpur,2013,1,78.13
Dinajpur,2013,2,69.64
Dinajpur,2013,3,64.29
Dinajpur,2013,4,69.2
Dinajpur,2013,5,80.97
Dinajpur,2013,6,81.2
Dinajpur,2013,7,82.13
Dinajpur,2013,8,85.06
Dinajpur,2013,9,81.73
Dinajpur,2013,10,85.23
Dinajpur,2013,11,77.97
Dinajpur,2013,12,81.16
Dinajpur,2014,1,84.16
Dinajpur,2014,2,76
Dinajpur,2014,3,64.71
Dinajpur,2014,4,62.33
Dinajpur,2014,5,72.26
Dinajpur,2014,6,82.93
Dinajpur,2014,7,82.48
Dinajpur,2014,8,84.97
Dinajpur,2014,9,85.83
Dinajpur,2014,10,82.16
Dinajpur,2014,11,78.33
Dinajpur,2014,12,83.97
Dinajpur,2015,1,83.35
Dinajpur,2015,2,74.89
Dinajpur,2015,3,66.19
Dinajpur,2015,4,74.6
Dinajpur,2015,5,78.32
Dinajpur,2015,6,81.9
Dinajpur,2015,7,81.81
Dinajpur,2015,8,86.16
Dinajpur,2015,9,83.63
Dinajpur,2015,10,79.39
Dinajpur,2015,11,78.4
Dinajpur,2015,12,81.65
Dinajpur,2016,1,80.97
Dinajpur,2016,2,72.86
Dinajpur,2016,3,66.1
Dinajpur,2016,4,68.37
Dinajpur,2016,5,77.71
Dinajpur,2016,6,79.73
Dinajpur,2016,7,85.81
Dinajpur,2016,8,79.42
Dinajpur,2016,9,86.63
Dinajpur,2016,10,82.39
Dinajpur,2016,11,77.23
Dinajpur,2016,12,83.19
Dinajpur,2017,1,79.65
Dinajpur,2017,2,72.29
Dinajpur,2017,3,72.9
Dinajpur,2017,4,77.6
Dinajpur,2017,5,79.61
Dinajpur,2017,6,80.17
Dinajpur,2017,7,84.61
Dinajpur,2017,8,84.81
Dinajpur,2017,9,84.2
Dinajpur,2017,10,85.1
Dinajpur,2017,11,78.3
Dinajpur,2017,12,81.23
Dinajpur,2018,1,84.52
Dinajpur,2018,2,72.75
Dinajpur,2018,3,68.68
Dinajpur,2018,4,76.9
Dinajpur,2018,5,79.03
Dinajpur,2018,6,79.47
Dinajpur,2018,7,81.26
Dinajpur,2018,8,81.65
Dinajpur,2018,9,81.73
Dinajpur,2018,10,80.29
Dinajpur,2018,11,76.63
Dinajpur,2018,12,76.87
Dinajpur,2019,1,72.42
Dinajpur,2019,2,73.21
Dinajpur,2019,3,63.77
Dinajpur,2019,4,75.4
Dinajpur,2019,5,77.16
Dinajpur,2019,6,79.93
Dinajpur,2019,7,83.48
Dinajpur,2019,8,81.06
Dinajpur,2019,9,86.8
Dinajpur,2019,10,83.94
Dinajpur,2019,11,79.7
Dinajpur,2019,12,82.45
Dinajpur,2020,1,82.84
Dinajpur,2020,2,74.07
Dinajpur,2020,3,70.9
Dinajpur,2020,4,73.27
Dinajpur,2020,5,82
Dinajpur,2020,6,84.03
Dinajpur,2020,7,87.26
Dinajpur,2020,8,81.35
Dinajpur,2020,9,88.23
Dinajpur,2020,10,81.16
Dinajpur,2020,11,75.43
Dinajpur,2020,12,86.02
Dinajpur,2021,1,84.39
Dinajpur,2021,2,69.36
Dinajpur,2021,3,54.4
Dinajpur,2021,4,62.35
Dinajpur,2021,5,72.87
Dinajpur,2021,6,77.98
Dinajpur,2021,7,82.75
Dinajpur,2021,8,86.84
Dinajpur,2021,9,82.02
Dinajpur,2021,10,83.95
Dinajpur,2021,11,78.14
Dinajpur,2021,12,77.29
Dinajpur,2022,1,84
Dinajpur,2022,2,76
Dinajpur,2022,3,69.1
Dinajpur,2022,4,79.13
Dinajpur,2022,5,79.58
Dinajpur,2022,6,83.53
Dinajpur,2022,7,78.06
Dinajpur,2022,8,80.77
Dinajpur,2022,9,84.43
Dinajpur,2022,10,79.65
Dinajpur,2022,11,76.43
Dinajpur,2022,12,78.94
Dinajpur,2023,1,82.61
Dinajpur,2023,2,70.66
Dinajpur,2023,3,62.19
Dinajpur,2023,4,57.68
Dinajpur,2023,5,59.31
Dinajpur,2023,6,68.65
Dinajpur,2023,7,76.97
Dinajpur,2023,8,80.56
Dinajpur,2023,9,80.23
Dinajpur,2023,10,80.39
Dinajpur,2023,11,75.23
Dinajpur,2023,12,82.4
Dinajpur,2024,1,86
Dinajpur,2024,2,71
Dinajpur,2024,3,68
Dinajpur,2024,4,61
Dinajpur,2024,5,70
Dinajpur,2024,6,82
Dinajpur,2024,7,81
Dinajpur,2024,8,81
Dinajpur,2024,9,82
Dinajpur,2024,10,83
Dinajpur,2024,11,79
Dinajpur,2024,12,78
Faridpur,1948,1,91.1
Faridpur,1948,2,78.48
Faridpur,1948,3,74.71
Faridpur,1948,4,76.8
Faridpur,1948,5,79.03
Faridpur,1948,6,82.27
Faridpur,1948,7,85.45
Faridpur,1948,8,84.29
Faridpur,1948,9,83.33
Faridpur,1948,10,79.32
Faridpur,1948,11,80.53
Faridpur,1948,12,78.61
Faridpur,1949,1,75.23
Faridpur,1949,2,68.46
Faridpur,1949,3,72.16
Faridpur,1949,4,83.03
Faridpur,1949,5,83.81
Faridpur,1949,6,88.47
Faridpur,1949,7,88.52
Faridpur,1949,8,87.39
Faridpur,1949,9,85.33
Faridpur,1949,10,84.29
Faridpur,1949,11,78.17
Faridpur,1949,12,81
Faridpur,1950,1,79.74
Faridpur,1950,2,74.43
Faridpur,1950,3,66.03
Faridpur,1950,4,70.5
Faridpur,1950,5,82.9
Faridpur,1950,6,87.67
Faridpur,1950,7,88.26
Faridpur,1950,8,88.48
Faridpur,1950,9,84.37
Faridpur,1950,10,86.1
Faridpur,1950,11,80.3
Faridpur,1950,12,79.23
Faridpur,1951,1,77.87
Faridpur,1951,2,80.29
Faridpur,1951,3,71.87
Faridpur,1951,4,69.17
Faridpur,1951,5,77.23
Faridpur,1951,6,86.43
Faridpur,1951,7,88.45
Faridpur,1951,8,87.55
Faridpur,1951,9,86.27
Faridpur,1951,10,86.71
Faridpur,1951,11,82.43
Faridpur,1951,12,80.52
Faridpur,1952,1,81.29
Faridpur,1952,2,71.79
Faridpur,1952,3,68.74
Faridpur,1952,4,77.07
Faridpur,1952,5,82.9
Faridpur,1952,6,86.7
Faridpur,1952,7,88.42
Faridpur,1952,8,86.94
Faridpur,1952,9,85.97
Faridpur,1952,10,83.23
Faridpur,1952,11,80.93
Faridpur,1952,12,77.06
Faridpur,1953,1,77.87
Faridpur,1953,2,73.43
Faridpur,1953,3,78.26
Faridpur,1953,4,67.53
Faridpur,1953,5,80.61
Faridpur,1953,6,86.77
Faridpur,1953,7,88.65
Faridpur,1953,8,85.61
Faridpur,1953,9,86.73
Faridpur,1953,10,81.06
Faridpur,1953,11,80.4
Faridpur,1953,12,81.1
Faridpur,1954,1,77.97
Faridpur,1954,2,74.61
Faridpur,1954,3,61.84
Faridpur,1954,4,75.53
Faridpur,1954,5,79.61
Faridpur,1954,6,91.33
Faridpur,1954,7,86.45
Faridpur,1954,8,84.03
Faridpur,1954,9,84.03
Faridpur,1954,10,80.52
Faridpur,1954,11,77.1
Faridpur,1954,12,78.29
Faridpur,1955,1,78.35
Faridpur,1955,2,64.18
Faridpur,1955,3,66.26
Faridpur,1955,4,67.77
Faridpur,1955,5,75.45
Faridpur,1955,6,84.4
Faridpur,1955,7,89.13
Faridpur,1955,8,85.65
Faridpur,1955,9,84.37
Faridpur,1955,10,82.52
Faridpur,1955,11,82.1
Faridpur,1955,12,79.52
Faridpur,1956,1,75.71
Faridpur,1956,2,67.48
Faridpur,1956,3,69.19
Faridpur,1956,4,64.37
Faridpur,1956,5,81.58
Faridpur,1956,6,89.4
Faridpur,1956,7,86.19
Faridpur,1956,8,87.13
Faridpur,1956,9,85.7
Faridpur,1956,10,82.71
Faridpur,1956,11,80.23
Faridpur,1956,12,78.39
Faridpur,1957,1,84.58
Faridpur,1957,2,75.93
Faridpur,1957,3,58.06
Faridpur,1957,4,58.17
Faridpur,1957,5,75.26
Faridpur,1957,6,85
Faridpur,1957,7,87.26
Faridpur,1957,8,85.42
Faridpur,1957,9,86.6
Faridpur,1957,10,82.65
Faridpur,1957,11,74.83
Faridpur,1957,12,78.06
Faridpur,1958,1,75.1
Faridpur,1958,2,73.43
Faridpur,1958,3,55.39
Faridpur,1958,4,75.37
Faridpur,1958,5,80.48
Faridpur,1958,6,85.67
Faridpur,1958,7,87.03
Faridpur,1958,8,86.74
Faridpur,1958,9,86.67
Faridpur,1958,10,83.84
Faridpur,1958,11,78.53
Faridpur,1958,12,78.74
Faridpur,1959,1,79.16
Faridpur,1959,2,73.96
Faridpur,1959,3,65.39
Faridpur,1959,4,70.77
Faridpur,1959,5,80.06
Faridpur,1959,6,84.83
Faridpur,1959,7,88.87
Faridpur,1959,8,86.29
Faridpur,1959,9,88.83
Faridpur,1959,10,88.1
Faridpur,1959,11,77.93
Faridpur,1959,12,77.65
Faridpur,1960,1,71.77
Faridpur,1960,2,64.45
Faridpur,1960,3,65.61
Faridpur,1960,4,55.1
Faridpur,1960,5,73.29
Faridpur,1960,6,85.27
Faridpur,1960,7,87.16
Faridpur,1960,8,86.48
Faridpur,1960,9,87.2
Faridpur,1960,10,81.74
Faridpur,1960,11,80.27
Faridpur,1960,12,80.65
Faridpur,1961,1,76.68
Faridpur,1961,2,71.18
Faridpur,1961,3,69.29
Faridpur,1961,4,70.2
Faridpur,1961,5,81.55
Faridpur,1961,6,87.9
Faridpur,1961,7,83.23
Faridpur,1961,8,87.19
Faridpur,1961,9,86.27
Faridpur,1961,10,84.16
Faridpur,1961,11,77.7
Faridpur,1961,12,77.71
Faridpur,1962,1,72.84
Faridpur,1962,2,72.5
Faridpur,1962,3,51.55
Faridpur,1962,4,67.7
Faridpur,1962,5,79.65
Faridpur,1962,6,87.4
Faridpur,1962,7,86.65
Faridpur,1962,8,86.42
Faridpur,1962,9,85.63
Faridpur,1962,10,78.45
Faridpur,1962,11,75.67
Faridpur,1962,12,75.55
Faridpur,1963,1,72.68
Faridpur,1963,2,63.93
Faridpur,1963,3,61.81
Faridpur,1963,4,73.8
Faridpur,1963,5,82.1
Faridpur,1963,6,86.9
Faridpur,1963,7,87.48
Faridpur,1963,8,86.06
Faridpur,1963,9,83.67
Faridpur,1963,10,82.97
Faridpur,1963,11,77.87
Faridpur,1963,12,75.58
Faridpur,1964,1,71.97
Faridpur,1964,2,69
Faridpur,1964,3,63.16
Faridpur,1964,4,75.6
Faridpur,1964,5,76.03
Faridpur,1964,6,85.1
Faridpur,1964,7,89.1
Faridpur,1964,8,85.74
Faridpur,1964,9,84.6
Faridpur,1964,10,85.77
Faridpur,1964,11,79.6
Faridpur,1964,12,76.77
Faridpur,1965,1,73.87
Faridpur,1965,2,73.07
Faridpur,1965,3,61.84
Faridpur,1965,4,66.97
Faridpur,1965,5,79.9
Faridpur,1965,6,88.2
Faridpur,1965,7,88.23
Faridpur,1965,9,86.67
Faridpur,1965,10,79.87
Faridpur,1965,11,78.8
Faridpur,1965,12,76.9
Faridpur,1966,1,81.19
Faridpur,1966,2,61.54
Faridpur,1966,3,56.64
Faridpur,1966,4,61.1
Faridpur,1966,5,68.58
Faridpur,1966,6,83.97
Faridpur,1966,7,85.06
Faridpur,1966,8,86.29
Faridpur,1966,9,84.97
Faridpur,1966,10,82.48
Faridpur,1966,11,79.93
Faridpur,1966,12,78.39
Faridpur,1967,1,72.35
Faridpur,1967,2,67.71
Faridpur,1967,3,67.26
Faridpur,1967,4,57.03
Faridpur,1967,5,68.55
Faridpur,1967,6,83.3
Faridpur,1967,7,87.29
Faridpur,1967,8,87.03
Faridpur,1967,9,87
Faridpur,1967,10,80.26
Faridpur,1967,11,72.73
Faridpur,1967,12,77.52
Faridpur,1968,1,73.71
Faridpur,1968,2,66.43
Faridpur,1968,3,62.74
Faridpur,1968,4,68.87
Faridpur,1968,5,72.42
Faridpur,1968,6,87.93
Faridpur,1968,7,86.06
Faridpur,1968,8,84.74
Faridpur,1968,9,84.03
Faridpur,1968,10,82.1
Faridpur,1968,11,80.37
Faridpur,1968,12,78.42
Faridpur,1969,1,72.74
Faridpur,1969,2,68.96
Faridpur,1969,3,68.58
Faridpur,1969,4,65.93
Faridpur,1969,5,72.1
Faridpur,1969,6,85.63
Faridpur,1969,7,86.58
Faridpur,1969,8,88.61
Faridpur,1969,9,84.07
Faridpur,1969,10,79.84
Faridpur,1969,11,77.63
Faridpur,1969,12,77.58
Faridpur,1970,1,76.19
Faridpur,1970,2,68.07
Faridpur,1970,3,62.81
Faridpur,1970,4,66.97
Faridpur,1970,5,72.1
Faridpur,1970,6,85.8
Faridpur,1970,7,88.87
Faridpur,1970,8,85.94
Faridpur,1970,9,87.33
Faridpur,1970,10,84.23
Faridpur,1970,11,77.97
Faridpur,1970,12,76.03
Faridpur,1971,1,74.9
Faridpur,1971,2,66.89
Faridpur,1971,7,87.16
Faridpur,1971,8,88.55
Faridpur,1971,9,83.7
Faridpur,1971,10,83.65
Faridpur,1971,11,81.03
Faridpur,1971,12,82.89
Faridpur,1972,1,71.58
Faridpur,1972,2,68.76
Faridpur,1972,3,61.77
Faridpur,1972,4,69.77
Faridpur,1972,5,76.61
Faridpur,1972,6,84.07
Faridpur,1972,7,84.71
Faridpur,1972,8,86.48
Faridpur,1972,9,84.53
Faridpur,1972,10,79.58
Faridpur,1972,11,75.07
Faridpur,1972,12,72.35
Faridpur,1973,2,66.21
Faridpur,1973,3,64.68
Faridpur,1973,4,71
Faridpur,1973,5,83.23
Faridpur,1973,6,85.23
Faridpur,1973,7,85.77
Faridpur,1973,8,86.23
Faridpur,1973,9,86.93
Faridpur,1973,10,84.71
Faridpur,1973,11,83.43
Faridpur,1973,12,77.97
Faridpur,1974,1,75.29
Faridpur,1974,2,60.39
Faridpur,1974,3,63.87
Faridpur,1974,4,76.63
Faridpur,1974,5,81.52
Faridpur,1974,6,86.17
Faridpur,1974,7,92.32
Faridpur,1974,8,90.52
Faridpur,1974,9,90.97
Faridpur,1974,10,85.48
Faridpur,1974,11,80.07
Faridpur,1974,12,74.97
Faridpur,1975,1,77.61
Faridpur,1975,2,72.04
Faridpur,1975,3,68.58
Faridpur,1975,4,69.3
Faridpur,1975,5,83.19
Faridpur,1975,6,87.22
Faridpur,1975,7,90.71
Faridpur,1975,8,83.23
Faridpur,1975,9,84.6
Faridpur,1975,10,84.61
Faridpur,1975,11,76.4
Faridpur,1975,12,71.42
Faridpur,1976,1,65.68
Faridpur,1976,2,62.93
Faridpur,1976,3,54.13
Faridpur,1976,4,57.4
Faridpur,1976,5,75.45
Faridpur,1976,6,93.33
Faridpur,1976,9,89.47
Faridpur,1976,10,75
Faridpur,1976,11,70.67
Faridpur,1976,12,77.13
Faridpur,1977,1,70.1
Faridpur,1977,2,68.82
Faridpur,1977,3,63.9
Faridpur,1977,4,80.3
Faridpur,1977,5,81.32
Faridpur,1977,6,88.17
Faridpur,1977,7,87.58
Faridpur,1977,8,83.61
Faridpur,1977,9,82.13
Faridpur,1977,10,79.29
Faridpur,1977,11,79.53
Faridpur,1977,12,75.16
Faridpur,1978,1,67.52
Faridpur,1978,2,62.79
Faridpur,1978,3,54.42
Faridpur,1978,4,72.9
Faridpur,1978,5,81.74
Faridpur,1978,6,86.7
Faridpur,1978,8,83.48
Faridpur,1978,9,86.03
Faridpur,1978,10,79.52
Faridpur,1978,11,75.67
Faridpur,1978,12,71.74
Faridpur,1979,1,71.97
Faridpur,1979,2,67.68
Faridpur,1979,3,57.97
Faridpur,1979,4,67.9
Faridpur,1979,5,70.13
Faridpur,1979,6,83.23
Faridpur,1979,7,86.74
Faridpur,1979,8,86
Faridpur,1979,9,83.9
Faridpur,1979,10,79.35
Faridpur,1979,11,76.53
Faridpur,1979,12,78.71
Faridpur,1980,1,71.45
Faridpur,1980,2,70.14
Faridpur,1980,3,65.55
Faridpur,1980,4,69.9
Faridpur,1980,5,82.32
Faridpur,1980,6,87.83
Faridpur,1980,7,87.29
Faridpur,1980,8,84.97
Faridpur,1980,9,83.87
Faridpur,1980,10,83.77
Faridpur,1980,11,74.4
Faridpur,1980,12,75.45
Faridpur,1981,1,74.19
Faridpur,1981,2,73.5
Faridpur,1981,3,69.81
Faridpur,1981,4,78.43
Faridpur,1981,5,81.77
Faridpur,1981,6,84.4
Faridpur,1981,7,88.54
Faridpur,1981,8,85
Faridpur,1981,9,85.67
Faridpur,1981,10,74.61
Faridpur,1981,11,72.27
Faridpur,1981,12,74.9
Faridpur,1982,1,72.16
Faridpur,1982,2,66.82
Faridpur,1982,3,65.03
Faridpur,1982,4,73.53
Faridpur,1982,5,76.61
Faridpur,1982,6,86.13
Faridpur,1982,7,85.13
Faridpur,1982,8,87.16
Faridpur,1982,9,84
Faridpur,1982,10,76.9
Faridpur,1982,11,76.1
Faridpur,1982,12,73.13
Faridpur,1983,1,73.26
Faridpur,1983,2,66.43
Faridpur,1983,3,68.71
Faridpur,1983,4,66.9
Faridpur,1983,5,80.29
Faridpur,1983,6,82.8
Faridpur,1983,7,86.42
Faridpur,1983,8,86.55
Faridpur,1983,9,86.23
Faridpur,1983,10,82.26
Faridpur,1983,11,74.4
Faridpur,1983,12,75.77
Faridpur,1984,1,74.65
Faridpur,1984,2,67.34
Faridpur,1984,3,59.9
Faridpur,1984,4,68.03
Faridpur,1984,5,82.81
Faridpur,1984,6,86.33
Faridpur,1984,7,86.03
Faridpur,1984,8,85.06
Faridpur,1984,9,82.47
Faridpur,1984,10,81.42
Faridpur,1984,11,73.97
Faridpur,1984,12,75.84
Faridpur,1985,1,75.71
Faridpur,1985,2,64.75
Faridpur,1985,3,67.71
Faridpur,1985,4,73.1
Faridpur,1985,5,81.13
Faridpur,1985,6,86.8
Faridpur,1985,7,87.55
Faridpur,1985,8,85.16
Faridpur,1985,9,85.53
Faridpur,1985,10,79.06
Faridpur,1985,11,76.2
Faridpur,1985,12,75.81
Faridpur,1986,1,76.81
Faridpur,1986,2,67.36
Faridpur,1986,3,55.58
Faridpur,1986,4,76.33
Faridpur,1986,5,78.87
Faridpur,1986,6,84.83
Faridpur,1986,7,87.39
Faridpur,1986,8,83.65
Faridpur,1986,9,87
Faridpur,1986,10,83.23
Faridpur,1986,11,80.7
Faridpur,1986,12,78.06
Faridpur,1987,1,76.16
Faridpur,1987,2,71
Faridpur,1987,3,66.77
Faridpur,1987,4,69.87
Faridpur,1987,5,75.23
Faridpur,1987,6,85.8
Faridpur,1987,7,90.23
Faridpur,1987,8,85.48
Faridpur,1987,9,83.8
Faridpur,1987,10,79.35
Faridpur,1987,11,79.63
Faridpur,1987,12,81.16
Faridpur,1988,1,76.58
Faridpur,1988,2,73.1
Faridpur,1988,3,71.97
Faridpur,1988,4,73.17
Faridpur,1988,5,83.19
Faridpur,1988,6,86.5
Faridpur,1988,7,86.42
Faridpur,1988,8,85.84
Faridpur,1988,9,81.97
Faridpur,1988,10,80.13
Faridpur,1988,11,80.67
Faridpur,1988,12,82.77
Faridpur,1989,1,74.35
Faridpur,1989,2,67.36
Faridpur,1989,3,62.77
Faridpur,1989,4,71.47
Faridpur,1989,5,80.81
Faridpur,1989,6,84.5
Faridpur,1989,7,87.35
Faridpur,1989,8,83.77
Faridpur,1989,9,87
Faridpur,1989,10,84.58
Faridpur,1989,11,78.6
Faridpur,1989,12,78.39
Faridpur,1990,1,79.52
Faridpur,1990,2,75.14
Faridpur,1990,3,77.1
Faridpur,1990,4,80.1
Faridpur,1990,5,82.68
Faridpur,1990,6,87.33
Faridpur,1990,7,88.68
Faridpur,1990,8,84.19
Faridpur,1990,9,85.37
Faridpur,1990,10,81.48
Faridpur,1990,11,78.07
Faridpur,1990,12,78.23
Faridpur,1991,1,77.13
Faridpur,1991,2,73.29
Faridpur,1991,3,70.81
Faridpur,1991,4,74.37
Faridpur,1991,5,84.45
Faridpur,1991,6,88.13
Faridpur,1991,7,87.74
Faridpur,1991,8,86.23
Faridpur,1991,9,88.2
Faridpur,1991,10,84.94
Faridpur,1991,11,79.03
Faridpur,1991,12,81.32
Faridpur,1992,1,81.9
Faridpur,1992,2,76.07
Faridpur,1992,3,63.23
Faridpur,1992,4,65.07
Faridpur,1992,5,77.42
Faridpur,1992,6,83.37
Faridpur,1992,7,86.65
Faridpur,1992,8,85.61
Faridpur,1992,9,84.97
Faridpur,1992,10,82.55
Faridpur,1992,11,76.83
Faridpur,1992,12,76.94
Faridpur,1993,1,77.87
Faridpur,1993,2,73.61
Faridpur,1993,3,66.06
Faridpur,1993,4,73.43
Faridpur,1993,5,82.84
Faridpur,1993,6,85.5
Faridpur,1993,7,86.94
Faridpur,1993,8,88
Faridpur,1993,9,86.17
Faridpur,1993,10,83.65
Faridpur,1993,11,80.03
Faridpur,1993,12,76.58
Faridpur,1994,1,78.52
Faridpur,1994,2,76.07
Faridpur,1994,3,70.55
Faridpur,1994,4,71.8
Faridpur,1994,5,79.23
Faridpur,1994,6,87.37
Faridpur,1994,7,85.65
Faridpur,1994,8,85.77
Faridpur,1994,9,81.63
Faridpur,1994,10,79.23
Faridpur,1994,11,77.47
Faridpur,1994,12,75.71
Faridpur,1995,1,74.65
Faridpur,1995,2,75.25
Faridpur,1995,3,60.84
Faridpur,1995,4,64.87
Faridpur,1995,5,79.61
Faridpur,1995,6,85.77
Faridpur,1995,7,87.55
Faridpur,1995,8,86.58
Faridpur,1995,9,86.87
Faridpur,1995,10,82.35
Faridpur,1995,11,80.07
Faridpur,1995,12,78.58
Faridpur,1996,1,77.45
Faridpur,1996,2,73.48
Faridpur,1996,3,68.87
Faridpur,1996,4,67.97
Faridpur,1996,5,79.9
Faridpur,1996,6,85.83
Faridpur,1996,7,88
Faridpur,1996,8,88.52
Faridpur,1996,9,84.17
Faridpur,1996,10,80.55
Faridpur,1996,11,78.67
Faridpur,1996,12,74.58
Faridpur,1997,1,74.65
Faridpur,1997,2,71.07
Faridpur,1997,3,70.52
Faridpur,1997,4,75
Faridpur,1997,5,76.61
Faridpur,1997,6,84.37
Faridpur,1997,7,87.81
Faridpur,1997,8,85.84
Faridpur,1997,9,86.97
Faridpur,1997,10,79.45
Faridpur,1997,11,79.07
Faridpur,1997,12,82.84
Faridpur,1998,1,83.35
Faridpur,1998,2,76.54
Faridpur,1998,3,73.13
Faridpur,1998,4,77.07
Faridpur,1998,5,80.42
Faridpur,1998,6,84.9
Faridpur,1998,7,88.39
Faridpur,1998,8,86.23
Faridpur,1998,9,84.73
Faridpur,1998,10,82.48
Faridpur,1998,11,79.63
Faridpur,1998,12,77.65
Faridpur,1999,1,75.87
Faridpur,1999,2,69.32
Faridpur,1999,3,63.48
Faridpur,1999,4,74.43
Faridpur,1999,5,81.06
Faridpur,1999,6,84.93
Faridpur,1999,7,88.23
Faridpur,1999,8,87
Faridpur,1999,9,86.9
Faridpur,1999,10,84.1
Faridpur,1999,11,76.93
Faridpur,1999,12,77.58
Faridpur,2000,1,78.55
Faridpur,2000,2,71.66
Faridpur,2000,3,69.52
Faridpur,2000,4,76.8
Faridpur,2000,5,80.52
Faridpur,2000,6,84.33
Faridpur,2000,7,85.39
Faridpur,2000,8,85.94
Faridpur,2000,9,86.63
Faridpur,2000,10,84.39
Faridpur,2000,11,77.83
Faridpur,2000,12,75.52
Faridpur,2001,1,74
Faridpur,2001,2,71.71
Faridpur,2001,3,64.06
Faridpur,2001,4,70.03
Faridpur,2001,5,81.35
Faridpur,2001,6,87.63
Faridpur,2001,7,86.13
Faridpur,2001,8,83.19
Faridpur,2001,9,84.73
Faridpur,2001,10,84.39
Faridpur,2001,11,82.13
Faridpur,2001,12,81.52
Faridpur,2002,1,77.29
Faridpur,2002,2,70.5
Faridpur,2002,3,69.29
Faridpur,2002,4,75.4
Faridpur,2002,5,81.74
Faridpur,2002,6,86.9
Faridpur,2002,7,87.48
Faridpur,2002,8,86.35
Faridpur,2002,9,84.53
Faridpur,2002,10,80.39
Faridpur,2002,11,80.27
Faridpur,2002,12,80.42
Faridpur,2003,1,81.1
Faridpur,2003,2,74.68
Faridpur,2003,3,72.16
Faridpur,2003,4,76.6
Faridpur,2003,5,77.06
Faridpur,2003,6,85.27
Faridpur,2003,7,84.94
Faridpur,2003,8,83.71
Faridpur,2003,9,86.5
Faridpur,2003,10,85.23
Faridpur,2003,11,75.87
Faridpur,2003,12,79.74
Faridpur,2004,1,80.77
Faridpur,2004,2,69.17
Faridpur,2004,3,67.74
Faridpur,2004,4,75.4
Faridpur,2004,5,72.1
Faridpur,2004,6,85.2
Faridpur,2004,7,84.1
Faridpur,2004,8,83.84
Faridpur,2004,9,87.6
Faridpur,2004,10,82.26
Faridpur,2004,11,77.07
Faridpur,2004,12,77.77
Faridpur,2005,1,77.19
Faridpur,2005,2,71.18
Faridpur,2005,3,71.03
Faridpur,2005,4,70.53
Faridpur,2005,5,76.45
Faridpur,2005,6,82.63
Faridpur,2005,7,87.03
Faridpur,2005,8,87.45
Faridpur,2005,9,84.27
Faridpur,2005,10,85.42
Faridpur,2005,11,79.5
Faridpur,2005,12,76.81
Faridpur,2006,1,76.35
Faridpur,2006,2,73.5
Faridpur,2006,3,62.16
Faridpur,2006,4,73.37
Faridpur,2006,5,77.9
Faridpur,2006,6,85.47
Faridpur,2006,7,85.23
Faridpur,2006,8,83.45
Faridpur,2006,9,85.03
Faridpur,2006,10,81.23
Faridpur,2006,11,77.57
Faridpur,2006,12,77.74
Faridpur,2007,1,76.71
Faridpur,2007,2,78.18
Faridpur,2007,3,63.74
Faridpur,2007,4,72.73
Faridpur,2007,5,74.55
Faridpur,2007,6,84.27
Faridpur,2007,7,87
Faridpur,2007,8,80.94
Faridpur,2007,9,82.73
Faridpur,2007,10,80.55
Faridpur,2007,11,79.87
Faridpur,2007,12,76.77
Faridpur,2008,1,77.58
Faridpur,2008,2,73.59
Faridpur,2008,3,73.03
Faridpur,2008,4,71
Faridpur,2008,5,74.58
Faridpur,2008,6,84.67
Faridpur,2008,7,86.84
Faridpur,2008,8,85.13
Faridpur,2008,9,83.07
Faridpur,2008,10,81.13
Faridpur,2008,11,76.5
Faridpur,2008,12,82.9
Faridpur,2009,1,79.61
Faridpur,2009,2,67.75
Faridpur,2009,3,62.68
Faridpur,2009,4,68.1
Faridpur,2009,5,76.26
Faridpur,2009,6,80.3
Faridpur,2009,7,86.1
Faridpur,2009,8,86.35
Faridpur,2009,9,84
Faridpur,2009,10,79.19
Faridpur,2009,11,75.9
Faridpur,2009,12,78.65
Faridpur,2010,1,78.94
Faridpur,2010,2,68.96
Faridpur,2010,3,66.03
Faridpur,2010,4,71.7
Faridpur,2010,5,77.45
Faridpur,2010,6,85.17
Faridpur,2010,7,84.42
Faridpur,2010,8,83.48
Faridpur,2010,9,85.4
Faridpur,2010,10,81.39
Faridpur,2010,11,77.87
Faridpur,2010,12,77.71
Faridpur,2011,1,78.1
Faridpur,2011,2,68.46
Faridpur,2011,3,67.03
Faridpur,2011,4,72.1
Faridpur,2011,5,79.29
Faridpur,2011,6,85.1
Faridpur,2011,7,83.68
Faridpur,2011,8,86.06
Faridpur,2011,9,83.8
Faridpur,2011,10,78.45
Faridpur,2011,11,77.33
Faridpur,2011,12,82.1
Faridpur,2012,1,76.97
Faridpur,2012,2,66.62
Faridpur,2012,3,64.35
Faridpur,2012,4,71.63
Faridpur,2012,5,76.65
Faridpur,2012,6,81.7
Faridpur,2012,7,85.61
Faridpur,2012,8,84.77
Faridpur,2012,9,84.53
Faridpur,2012,10,79.9
Faridpur,2012,11,77.53
Faridpur,2012,12,83.26
Faridpur,2013,1,76.9
Faridpur,2013,2,69.79
Faridpur,2013,3,65
Faridpur,2013,4,68.37
Faridpur,2013,5,84.03
Faridpur,2013,6,82.47
Faridpur,2013,7,83.61
Faridpur,2013,8,85.65
Faridpur,2013,9,85.43
Faridpur,2013,10,85.42
Faridpur,2013,11,76.2
Faridpur,2013,12,79.68
Faridpur,2014,1,83.29
Faridpur,2014,2,74.86
Faridpur,2014,3,65
Faridpur,2014,4,64.37
Faridpur,2014,5,74.77
Faridpur,2014,6,84.83
Faridpur,2014,7,85.29
Faridpur,2014,8,86.42
Faridpur,2014,9,83.73
Faridpur,2014,10,80.81
Faridpur,2014,11,77.6
Faridpur,2014,12,84.58
Faridpur,2015,1,81.45
Faridpur,2015,2,76.61
Faridpur,2015,3,64.81
Faridpur,2015,4,75.57
Faridpur,2015,5,78.48
Faridpur,2015,6,84.5
Faridpur,2015,7,87.39
Faridpur,2015,8,86.48
Faridpur,2015,9,84.37
Faridpur,2015,10,80.65
Faridpur,2015,11,79.57
Faridpur,2015,12,80.97
Faridpur,2016,1,79.68
Faridpur,2016,2,74.52
Faridpur,2016,3,68.16
Faridpur,2016,4,74.07
Faridpur,2016,5,79.42
Faridpur,2016,6,82.43
Faridpur,2016,7,87.35
Faridpur,2016,8,83.35
Faridpur,2016,9,85.5
Faridpur,2016,10,82.65
Faridpur,2016,11,80.63
Faridpur,2016,12,82.19
Faridpur,2017,1,76.71
Faridpur,2017,2,71
Faridpur,2017,3,72.61
Faridpur,2017,4,75.93
Faridpur,2017,5,79
Faridpur,2017,6,84.77
Faridpur,2017,7,86.97
Faridpur,2017,8,85.03
Faridpur,2017,9,86.07
Faridpur,2017,10,85.16
Faridpur,2017,11,78.8
Faridpur,2017,12,83.94
Faridpur,2018,1,80.29
Faridpur,2018,2,73.39
Faridpur,2018,3,68.29
Faridpur,2018,4,76.8
Faridpur,2018,5,82.29
Faridpur,2018,6,83.7
Faridpur,2018,7,85.68
Faridpur,2018,8,83.45
Faridpur,2018,9,83.3
Faridpur,2018,10,80.32
Faridpur,2018,11,78.07
Faridpur,2018,12,77.1
Faridpur,2019,1,73.55
Faridpur,2019,2,75.46
Faridpur,2019,3,70.16
Faridpur,2019,4,76.03
Faridpur,2019,5,77.9
Faridpur,2019,6,81.87
Faridpur,2019,7,85.23
Faridpur,2019,8,83.58
Faridpur,2019,9,83.47
Faridpur,2019,10,83.97
Faridpur,2019,11,80.9
Faridpur,2019,12,81.74
Faridpur,2020,1,82.19
Faridpur,2020,2,71.45
Faridpur,2020,3,64.06
Faridpur,2020,4,71.87
Faridpur,2020,5,80.19
Faridpur,2020,6,84.3
Faridpur,2020,7,85.42
Faridpur,2020,8,84.13
Faridpur,2020,9,84.6
Faridpur,2020,10,83.16
Faridpur,2020,11,77
Faridpur,2020,12,85.18
Faridpur,2021,1,78.94
Faridpur,2021,2,65.29
Faridpur,2021,3,59.03
Faridpur,2021,4,60.07
Faridpur,2021,5,70.65
Faridpur,2021,6,83.08
Faridpur,2021,7,85
Faridpur,2021,8,86.72
Faridpur,2021,9,83.48
Faridpur,2021,10,81.09
Faridpur,2021,11,77.35
Faridpur,2021,12,80.22
Faridpur,2022,1,78.58
Faridpur,2022,2,72.96
Faridpur,2022,3,64.19
Faridpur,2022,4,75.8
Faridpur,2022,5,79.97
Faridpur,2022,6,83.93
Faridpur,2022,7,81.16
Faridpur,2022,8,82
Faridpur,2022,9,84.57
Faridpur,2022,10,82.16
Faridpur,2022,11,74.97
Faridpur,2022,12,78.68
Faridpur,2023,1,81.76
Faridpur,2023,2,66.2
Faridpur,2023,3,64.81
Faridpur,2023,4,57.07
Faridpur,2023,5,69.65
Faridpur,2023,6,79.43
Faridpur,2023,7,78.1
Faridpur,2023,8,83.11
Faridpur,2023,9,82.37
Faridpur,2023,10,78.11
Faridpur,2023,11,72.42
Faridpur,2023,12,81.65
Faridpur,2024,1,82
Faridpur,2024,2,71
Faridpur,2024,3,68
Faridpur,2024,4,65
Faridpur,2024,5,73
Faridpur,2024,6,79
Faridpur,2024,7,83
Faridpur,2024,8,85
Faridpur,2024,9,83
Faridpur,2024,10,84
Faridpur,2024,11,74
Faridpur,2024,12,76
Feni,1974,1,67.29
Feni,1974,2,58.25
Feni,1974,3,69.74
Feni,1974,4,75.83
Feni,1974,5,78.06
Feni,1974,6,83.77
Feni,1974,7,90.23
Feni,1974,8,84.77
Feni,1974,9,82.5
Feni,1974,10,84.16
Feni,1974,11,75.83
Feni,1974,12,69.23
Feni,1975,1,64.68
Feni,1975,2,63
Feni,1975,3,60.52
Feni,1975,4,71.3
Feni,1975,5,77.61
Feni,1975,6,81.1
Feni,1975,7,87.93
Feni,1975,8,81.87
Feni,1975,9,83.03
Feni,1975,10,84.58
Feni,1975,11,88.27
Feni,1975,12,71.65
Feni,1976,1,71.26
Feni,1976,2,74.9
Feni,1976,3,77.19
Feni,1976,4,77.47
Feni,1976,5,83.94
Feni,1976,6,88.6
Feni,1976,7,87.29
Feni,1976,8,88.52
Feni,1976,9,84.4
Feni,1976,10,82.32
Feni,1976,11,77.67
Feni,1976,12,74.94
Feni,1977,1,75.74
Feni,1977,2,73
Feni,1977,3,74.71
Feni,1977,4,84.5
Feni,1977,5,82.84
Feni,1977,6,87.5
Feni,1977,7,89
Feni,1977,8,87.16
Feni,1977,9,83.63
Feni,1977,10,82.13
Feni,1977,11,81.7
Feni,1977,12,73.19
Feni,1978,1,66.29
Feni,1978,2,59.43
Feni,1978,3,63.06
Feni,1978,4,73.73
Feni,1978,5,83.61
Feni,1978,6,84.1
Feni,1978,7,85.9
Feni,1978,8,83.42
Feni,1978,9,86.87
Feni,1978,10,83.61
Feni,1978,11,75.33
Feni,1978,12,68.55
Feni,1979,1,67.87
Feni,1979,2,60.11
Feni,1979,3,66.97
Feni,1979,4,71.83
Feni,1979,5,77.58
Feni,1979,6,84.33
Feni,1979,11,75.5
Feni,1979,12,74.84
Feni,1980,1,70.52
Feni,1980,2,71.48
Feni,1980,3,73.48
Feni,1980,4,74.87
Feni,1980,5,81.68
Feni,1980,6,83.4
Feni,1980,7,87.19
Feni,1980,8,87.87
Feni,1980,9,84.53
Feni,1980,10,84.03
Feni,1980,11,70
Feni,1980,12,69.9
Feni,1981,1,71.45
Feni,1981,2,66.96
Feni,1981,3,70.17
Feni,1981,4,80.93
Feni,1981,5,80.97
Feni,1981,6,84.77
Feni,1981,7,90.29
Feni,1981,8,86
Feni,1981,9,85.7
Feni,1981,10,80.45
Feni,1981,11,72.7
Feni,1981,12,74.65
Feni,1982,1,68.55
Feni,1982,2,69.32
Feni,1982,3,62.55
Feni,1982,4,80.43
Feni,1982,5,77.68
Feni,1982,6,87.4
Feni,1982,7,87.71
Feni,1982,8,88.42
Feni,1982,9,87.37
Feni,1982,10,82.61
Feni,1982,11,78.93
Feni,1982,12,73.65
Feni,1983,1,73.29
Feni,1983,2,73.46
Feni,1983,3,78.84
Feni,1983,4,79.13
Feni,1983,5,83.87
Feni,1983,6,86.93
Feni,1983,8,87.97
Feni,1983,9,88.37
Feni,1983,10,86.9
Feni,1983,11,79.67
Feni,1983,12,77.65
Feni,1984,1,74.19
Feni,1984,2,66.66
Feni,1984,3,71.23
Feni,1984,4,74
Feni,1984,5,85.74
Feni,1984,6,87.3
Feni,1984,7,92.03
Feni,1984,8,89.1
Feni,1984,9,88
Feni,1984,10,85.9
Feni,1984,11,74.53
Feni,1984,12,76.61
Feni,1985,1,72.16
Feni,1985,2,70.25
Feni,1985,3,79.39
Feni,1985,4,79.57
Feni,1985,5,82.03
Feni,1985,6,88.37
Feni,1985,7,88.87
Feni,1985,8,87.26
Feni,1985,9,85.77
Feni,1985,10,80.84
Feni,1985,11,78.33
Feni,1985,12,74.68
Feni,1986,1,73.29
Feni,1986,2,66.04
Feni,1986,3,67.48
Feni,1986,4,76.23
Feni,1986,5,77.61
Feni,1986,6,83.73
Feni,1986,7,87.19
Feni,1986,8,85.45
Feni,1986,9,87.17
Feni,1986,10,85.1
Feni,1986,11,80.27
Feni,1986,12,78.81
Feni,1987,1,75.48
Feni,1987,2,71.46
Feni,1987,3,75.61
Feni,1987,4,81.77
Feni,1987,5,78.58
Feni,1987,6,83.32
Feni,1987,7,89.55
Feni,1987,8,87.52
Feni,1987,9,86.97
Feni,1987,10,82.97
Feni,1987,11,79.4
Feni,1987,12,76.68
Feni,1988,1,75.16
Feni,1988,2,73.03
Feni,1988,3,76.39
Feni,1988,4,80.47
Feni,1988,5,83.45
Feni,1988,6,86.47
Feni,1988,7,88.29
Feni,1988,8,90.03
Feni,1988,9,88.23
Feni,1988,10,84.58
Feni,1988,11,78.47
Feni,1988,12,77.68
Feni,1989,1,70.84
Feni,1989,2,73.43
Feni,1989,3,68.52
Feni,1989,4,77.87
Feni,1989,5,78.61
Feni,1989,6,83.43
Feni,1989,7,85.23
Feni,1989,8,82.29
Feni,1989,9,85.6
Feni,1989,10,87.16
Feni,1989,11,76.87
Feni,1989,12,75.32
Feni,1990,1,78.84
Feni,1990,2,78.46
Feni,1990,3,78.9
Feni,1990,4,81.3
Feni,1990,5,79.52
Feni,1990,6,83.63
Feni,1990,7,87.39
Feni,1990,8,83.58
Feni,1990,9,85.1
Feni,1990,10,82.55
Feni,1990,11,81.3
Feni,1990,12,77.71
Feni,1991,1,75.61
Feni,1991,2,77.11
Feni,1991,3,73.45
Feni,1991,4,77.37
Feni,1991,5,83.71
Feni,1991,6,87.07
Feni,1991,7,85.52
Feni,1991,8,84.68
Feni,1991,9,87.47
Feni,1991,10,84.48
Feni,1991,11,78.97
Feni,1991,12,76.71
Feni,1992,1,78.35
Feni,1992,2,76.21
Feni,1992,3,79.71
Feni,1992,4,75.87
Feni,1992,5,79.19
Feni,1992,6,81.97
Feni,1992,7,85.39
Feni,1992,8,83.19
Feni,1992,9,84.8
Feni,1992,10,83.74
Feni,1992,11,79.83
Feni,1992,12,77.13
Feni,1993,1,74.48
Feni,1993,2,72.68
Feni,1993,3,73.19
Feni,1993,4,79.5
Feni,1993,5,82.03
Feni,1993,6,84.93
Feni,1993,7,85.16
Feni,1993,8,86.42
Feni,1993,9,85.47
Feni,1993,10,84.97
Feni,1993,11,80.2
Feni,1993,12,76.03
Feni,1994,1,75.58
Feni,1994,2,70.43
Feni,1994,3,76.94
Feni,1994,4,78.4
Feni,1994,5,80.9
Feni,1994,6,86.87
Feni,1994,7,84.23
Feni,1994,8,85.23
Feni,1994,9,82.63
Feni,1994,10,82.35
Feni,1994,11,79.53
Feni,1994,12,74.71
Feni,1995,1,71.26
Feni,1995,2,75.32
Feni,1995,3,68.19
Feni,1995,4,77.93
Feni,1995,5,81.19
Feni,1995,6,85.8
Feni,1995,7,86.42
Feni,1995,8,86.35
Feni,1995,9,86.33
Feni,1995,10,84.06
Feni,1995,11,83.87
Feni,1995,12,77.84
Feni,1996,1,75.35
Feni,1996,2,72.9
Feni,1996,3,81.32
Feni,1996,4,79.8
Feni,1996,5,79.71
Feni,1996,6,83.23
Feni,1996,7,85.77
Feni,1996,8,87.81
Feni,1996,9,85.07
Feni,1996,10,83.48
Feni,1996,11,80.5
Feni,1996,12,77.35
Feni,1997,1,74.03
Feni,1997,2,73.89
Feni,1997,3,79.68
Feni,1997,4,79.6
Feni,1997,5,81.26
Feni,1997,6,84.7
Feni,1997,7,88.61
Feni,1997,8,86.23
Feni,1997,9,86.63
Feni,1997,10,81.32
Feni,1997,11,78.6
Feni,1997,12,81.97
Feni,1998,1,82.45
Feni,1998,2,76.29
Feni,1998,3,73.39
Feni,1998,4,80.17
Feni,1998,5,82.23
Feni,1998,6,84.5
Feni,1998,7,89.94
Feni,1998,8,88.52
Feni,1998,9,83.79
Feni,1998,10,83.94
Feni,1998,11,81.07
Feni,1998,12,79.39
Feni,1999,1,77.26
Feni,1999,2,72.61
Feni,1999,3,73.35
Feni,1999,4,75.93
Feni,1999,5,83.16
Feni,1999,6,86.93
Feni,1999,7,87
Feni,1999,8,87.03
Feni,1999,9,86.2
Feni,1999,10,86.06
Feni,1999,11,78.17
Feni,1999,12,77.9
Feni,2000,1,77.71
Feni,2000,2,68.21
Feni,2000,3,75.19
Feni,2000,4,78.9
Feni,2000,5,81.65
Feni,2000,6,82.8
Feni,2000,7,84.26
Feni,2000,8,83.39
Feni,2000,9,83.1
Feni,2000,10,84.16
Feni,2000,11,79.97
Feni,2000,12,77.06
Feni,2001,1,71.71
Feni,2001,2,72.43
Feni,2001,3,66.9
Feni,2001,4,71.5
Feni,2001,5,81
Feni,2001,6,88.37
Feni,2001,7,85.87
Feni,2001,8,82.68
Feni,2001,9,84.1
Feni,2001,10,85.26
Feni,2001,11,84.4
Feni,2001,12,81.26
Feni,2002,1,77.32
Feni,2002,2,70.64
Feni,2002,3,72.58
Feni,2002,4,78.23
Feni,2002,5,82.13
Feni,2002,6,83.67
Feni,2002,7,88.16
Feni,2002,8,84.87
Feni,2002,9,82.07
Feni,2002,10,81.13
Feni,2002,11,78.6
Feni,2002,12,78.06
Feni,2003,1,77.87
Feni,2003,2,69.54
Feni,2003,3,73.81
Feni,2003,4,76.53
Feni,2003,5,79.06
Feni,2003,6,85.52
Feni,2003,7,84.5
Feni,2003,8,82.42
Feni,2003,9,84.03
Feni,2003,10,86.29
Feni,2003,11,78.97
Feni,2003,12,82.19
Feni,2004,1,81.55
Feni,2004,2,74.31
Feni,2004,3,78
Feni,2004,4,82.07
Feni,2004,5,77.87
Feni,2004,6,85.03
Feni,2004,7,86.03
Feni,2004,8,84.39
Feni,2004,9,88.03
Feni,2004,10,84.29
Feni,2004,11,79.5
Feni,2004,12,78.35
Feni,2005,1,78.03
Feni,2005,2,74.32
Feni,2005,4,78.73
Feni,2005,5,80.1
Feni,2005,6,83.77
Feni,2005,7,87.39
Feni,2005,8,89.97
Feni,2005,9,86.2
Feni,2005,10,85.77
Feni,2005,11,81.63
Feni,2005,12,79.06
Feni,2006,1,78.87
Feni,2006,2,78.46
Feni,2006,3,72.61
Feni,2006,4,77
Feni,2006,5,81.61
Feni,2006,6,85.43
Feni,2006,7,87.23
Feni,2006,8,83.71
Feni,2006,9,86.17
Feni,2006,10,84.71
Feni,2006,11,82
Feni,2006,12,78.77
Feni,2007,1,78.06
Feni,2007,2,75.61
Feni,2007,3,68.9
Feni,2007,4,80.77
Feni,2007,5,81.19
Feni,2007,6,86.17
Feni,2007,7,89.48
Feni,2007,8,86.29
Feni,2007,9,86.23
Feni,2007,10,83.61
Feni,2007,11,82.4
Feni,2007,12,79.97
Feni,2008,1,79.9
Feni,2008,2,73.38
Feni,2008,3,79.65
Feni,2008,4,78.1
Feni,2008,5,80.13
Feni,2008,6,85.97
Feni,2008,7,88.58
Feni,2008,8,87.42
Feni,2008,9,84.83
Feni,2008,10,85.48
Feni,2008,11,79.73
Feni,2008,12,84.55
Feni,2009,1,79.55
Feni,2009,2,73.61
Feni,2009,3,75.29
Feni,2009,4,79.3
Feni,2009,5,80.19
Feni,2009,6,83.47
Feni,2009,7,88.65
Feni,2009,8,88.65
Feni,2009,9,84.37
Feni,2009,10,83.61
Feni,2009,11,79.03
Feni,2009,12,79.45
Feni,2010,1,80.1
Feni,2010,2,70.96
Feni,2010,3,77.06
Feni,2010,4,82.5
Feni,2010,5,84.26
Feni,2010,6,90.83
Feni,2010,7,86.23
Feni,2010,8,85.65
Feni,2010,9,86.2
Feni,2010,10,84.39
Feni,2010,11,80.9
Feni,2010,12,80.9
Feni,2011,1,76.87
Feni,2011,2,71.68
Feni,2011,3,75.68
Feni,2011,4,82.77
Feni,2011,5,87.65
Feni,2011,6,88.4
Feni,2011,7,86.23
Feni,2011,8,88.71
Feni,2011,9,86.7
Feni,2011,10,82.35
Feni,2011,11,79.23
Feni,2011,12,82.23
Feni,2012,1,79.39
Feni,2012,2,70.31
Feni,2012,3,77.9
Feni,2012,4,82.27
Feni,2012,5,80.42
Feni,2012,6,87.4
Feni,2012,7,89.42
Feni,2012,8,85.71
Feni,2012,9,86.47
Feni,2012,10,85.48
Feni,2012,11,81.03
Feni,2012,12,83.45
Feni,2013,1,77.1
Feni,2013,2,70.18
Feni,2013,3,72.45
Feni,2013,4,76.53
Feni,2013,5,86.84
Feni,2013,6,83.67
Feni,2013,7,85.97
Feni,2013,8,86.58
Feni,2013,9,86.47
Feni,2013,10,86.81
Feni,2013,11,79.27
Feni,2013,12,80.87
Feni,2014,1,78.48
Feni,2014,2,72.46
Feni,2014,3,70.39
Feni,2014,4,71.27
Feni,2014,5,78.84
Feni,2014,6,85.7
Feni,2014,7,84.32
Feni,2014,8,88.81
Feni,2014,9,85.47
Feni,2014,10,82.65
Feni,2014,11,80
Feni,2014,12,82.71
Feni,2015,1,79.9
Feni,2015,2,72.43
Feni,2015,3,68.13
Feni,2015,4,79.03
Feni,2015,5,80.87
Feni,2015,6,86.17
Feni,2015,7,90.55
Feni,2015,8,87.23
Feni,2015,9,85.9
Feni,2015,10,85.16
Feni,2015,11,80.77
Feni,2015,12,80.61
Feni,2016,1,78.55
Feni,2016,2,79.69
Feni,2016,3,75.61
Feni,2016,4,80.17
Feni,2016,5,79.35
Feni,2016,6,80.47
Feni,2016,7,86.13
Feni,2016,8,82.87
Feni,2016,9,82.37
Feni,2016,10,82.48
Feni,2016,11,80.07
Feni,2016,12,78.13
Feni,2017,1,73.23
Feni,2017,2,69.04
Feni,2017,3,75.94
Feni,2017,4,80.43
Feni,2017,5,77.52
Feni,2017,6,83.37
Feni,2017,7,86.68
Feni,2017,8,84.35
Feni,2017,9,85.4
Feni,2017,10,84.06
Feni,2017,11,80.3
Feni,2017,12,81.94
Feni,2018,1,78.26
Feni,2018,2,73.61
Feni,2018,3,71.84
Feni,2018,4,74.43
Feni,2018,5,83.32
Feni,2018,6,84.57
Feni,2018,7,86.16
Feni,2018,8,83.35
Feni,2018,9,82.5
Feni,2018,10,82.32
Feni,2018,11,76.2
Feni,2018,12,76.32
Feni,2019,1,69.74
Feni,2019,2,70.79
Feni,2019,3,70.48
Feni,2019,4,72.5
Feni,2019,5,75.9
Feni,2019,6,80.03
Feni,2019,7,85.71
Feni,2019,8,82.42
Feni,2019,9,83.7
Feni,2019,10,82.94
Feni,2019,11,81.37
Feni,2019,12,80.32
Feni,2020,1,79.19
Feni,2020,2,69.41
Feni,2020,3,64.61
Feni,2020,4,75.87
Feni,2020,5,77.13
Feni,2020,6,84.53
Feni,2020,7,84.68
Feni,2020,8,82.32
Feni,2020,9,83.53
Feni,2020,10,83.29
Feni,2020,11,78.87
Feni,2020,12,83.65
Feni,2021,1,75.77
Feni,2021,2,65.02
Feni,2021,3,61.5
Feni,2021,4,60.77
Feni,2021,5,64.55
Feni,2021,6,81.98
Feni,2021,7,84.7
Feni,2021,8,85.72
Feni,2021,9,80.47
Feni,2021,10,82.23
Feni,2021,11,77
Feni,2021,12,78.74
Feni,2022,1,78.9
Feni,2022,2,70.96
Feni,2022,3,66.71
Feni,2022,4,74.7
Feni,2022,5,79.39
Feni,2022,6,83.9
Feni,2022,7,79.1
Feni,2022,8,79.13
Feni,2022,9,85.57
Feni,2022,10,80.23
Feni,2022,11,76
Feni,2022,12,78.77
Feni,2023,1,75.94
Feni,2023,2,66.07
Feni,2023,3,63.03
Feni,2023,4,60.5
Feni,2023,5,66.6
Feni,2023,6,78.53
Feni,2023,7,75.05
Feni,2023,8,83.9
Feni,2023,9,79.93
Feni,2023,10,80.95
Feni,2023,11,77.07
Feni,2023,12,80.84
Feni,2024,1,80
Feni,2024,2,73
Feni,2024,3,71
Feni,2024,4,73
Feni,2024,5,76
Feni,2024,6,84
Feni,2024,7,83
Feni,2024,8,87
Feni,2024,9,81
Feni,2024,10,81
Feni,2024,11,77
Feni,2024,12,77
Gazipur,2000,1,85.45
Gazipur,2000,2,65.83
Gazipur,2000,3,61.71
Gazipur,2000,4,68.25
Gazipur,2000,5,76.77
Gazipur,2000,6,77
Gazipur,2000,7,77.18
Gazipur,2000,8,78.29
Gazipur,2000,9,77.8
Gazipur,2000,10,75.27
Gazipur,2000,11,65.58
Gazipur,2000,12,64.15
Gazipur,2001,1,63.89
Gazipur,2001,2,62.54
Gazipur,2001,3,54.84
Gazipur,2001,4,65.25
Gazipur,2001,5,76.81
Gazipur,2001,6,79.38
Gazipur,2001,7,78.15
Gazipur,2001,8,77.08
Gazipur,2001,9,77.62
Gazipur,2001,10,75.68
Gazipur,2001,11,72.4
Gazipur,2001,12,70.44
Gazipur,2002,1,66.35
Gazipur,2002,2,60.21
Gazipur,2002,3,60.24
Gazipur,2002,4,69.87
Gazipur,2002,5,74.82
Gazipur,2002,6,79.35
Gazipur,2002,7,83.53
Gazipur,2002,8,78.47
Gazipur,2002,9,71.37
Gazipur,2002,10,68
Gazipur,2002,11,67.82
Gazipur,2002,12,67.48
Gazipur,2003,1,70.61
Gazipur,2003,2,59.27
Gazipur,2003,3,62.39
Gazipur,2003,4,65.45
Gazipur,2003,5,68.4
Gazipur,2003,6,78.3
Gazipur,2003,7,73.9
Gazipur,2003,8,75
Gazipur,2003,9,76.63
Gazipur,2003,10,74.84
Gazipur,2003,11,58.13
Gazipur,2003,12,61.53
Gazipur,2004,1,66.82
Gazipur,2004,2,57.1
Gazipur,2004,3,60.13
Gazipur,2004,4,68.43
Gazipur,2004,5,65.06
Gazipur,2004,6,76.78
Gazipur,2004,7,77.56
Gazipur,2004,8,74
Gazipur,2004,9,79.78
Gazipur,2004,10,69.37
Gazipur,2004,11,60.72
Gazipur,2004,12,62.27
Gazipur,2005,1,58.71
Gazipur,2005,2,55.16
Gazipur,2005,3,64.77
Gazipur,2005,4,67.88
Gazipur,2005,5,70.66
Gazipur,2005,6,76.43
Gazipur,2005,7,78.19
Gazipur,2005,8,77.48
Gazipur,2005,9,73.98
Gazipur,2005,10,77.29
Gazipur,2005,11,67.88
Gazipur,2005,12,62.87
Gazipur,2006,1,63.19
Gazipur,2006,2,61.2
Gazipur,2006,3,53.94
Gazipur,2006,4,69.4
Gazipur,2006,5,70.52
Gazipur,2006,6,69.88
Gazipur,2006,7,78.28
Gazipur,2006,8,77.24
Gazipur,2006,9,74.22
Gazipur,2006,10,75.73
Gazipur,2006,11,68.28
Gazipur,2006,12,65.38
Gazipur,2007,1,57.58
Gazipur,2007,2,61.62
Gazipur,2007,3,64.39
Gazipur,2007,4,60.38
Gazipur,2007,6,67.57
Gazipur,2007,7,75.73
Gazipur,2007,8,80.48
Gazipur,2007,9,75.25
Gazipur,2007,10,75.53
Gazipur,2007,11,76.77
Gazipur,2007,12,70.82
Gazipur,2008,1,62.1
Gazipur,2008,2,64.31
Gazipur,2008,3,61.16
Gazipur,2008,4,65.25
Gazipur,2008,5,60.55
Gazipur,2008,6,64.28
Gazipur,2008,7,77.02
Gazipur,2008,8,77.68
Gazipur,2008,9,77.97
Gazipur,2008,10,71.53
Gazipur,2008,11,70.67
Gazipur,2008,12,56.8
Gazipur,2009,1,68.69
Gazipur,2009,2,55.41
Gazipur,2009,3,54.79
Gazipur,2009,4,65.87
Gazipur,2009,5,70.45
Gazipur,2009,6,71.23
Gazipur,2009,7,77.11
Gazipur,2009,8,83.81
Gazipur,2009,9,81.58
Gazipur,2009,10,82.56
Gazipur,2009,11,69.78
Gazipur,2009,12,74.95
Gazipur,2010,1,69.69
Gazipur,2010,2,71.79
Gazipur,2010,3,75.77
Gazipur,2010,4,70.3
Gazipur,2010,5,72.87
Gazipur,2010,6,81.82
Gazipur,2010,7,81.27
Gazipur,2010,8,81.65
Gazipur,2010,9,84.13
Gazipur,2010,10,73.92
Gazipur,2010,11,67.9
Gazipur,2010,12,68.76
Gazipur,2011,1,70.27
Gazipur,2011,2,60.16
Gazipur,2011,3,62.74
Gazipur,2011,4,70.9
Gazipur,2011,5,77.79
Gazipur,2011,6,82.45
Gazipur,2011,7,77.77
Gazipur,2011,8,86.31
Gazipur,2011,9,79.15
Gazipur,2011,10,72.15
Gazipur,2011,11,66.45
Gazipur,2011,12,73.52
Gazipur,2012,1,71.82
Gazipur,2012,2,56.57
Gazipur,2012,3,61.65
Gazipur,2012,4,72.58
Gazipur,2012,5,72.77
Gazipur,2012,6,80.98
Gazipur,2012,7,81.11
Gazipur,2012,8,80.48
Gazipur,2012,9,80.83
Gazipur,2012,10,71.18
Gazipur,2012,11,66.85
Gazipur,2012,12,77.82
Gazipur,2013,1,68.24
Gazipur,2013,2,58.77
Gazipur,2013,3,62.77
Gazipur,2013,4,65.65
Gazipur,2013,5,89.24
Gazipur,2013,6,77.63
Gazipur,2013,7,80.29
Gazipur,2013,8,81.03
Gazipur,2013,9,78.08
Gazipur,2013,10,75.98
Gazipur,2013,11,62.68
Gazipur,2013,12,67.42
Gazipur,2014,1,71.76
Gazipur,2014,2,62.7
Gazipur,2014,3,58.05
Gazipur,2014,4,58.27
Gazipur,2014,5,72.32
Gazipur,2014,6,80.82
Gazipur,2014,7,79.77
Gazipur,2014,8,83.42
Gazipur,2014,9,78.33
Gazipur,2014,10,71.08
Gazipur,2014,11,65.9
Gazipur,2014,12,79.44
Gazipur,2015,1,73.76
Gazipur,2015,2,65.62
Gazipur,2015,3,52.65
Gazipur,2015,4,72.02
Gazipur,2015,5,73.42
Gazipur,2015,6,95.25
Gazipur,2015,7,84.84
Gazipur,2015,8,82.03
Gazipur,2015,9,78.1
Gazipur,2015,10,69.15
Gazipur,2015,11,66.35
Gazipur,2015,12,67.76
Gazipur,2016,1,71.89
Gazipur,2016,2,62.71
Gazipur,2016,3,64
Gazipur,2016,4,70.17
Gazipur,2016,5,75.69
Gazipur,2016,6,74.93
Gazipur,2016,7,83.52
Gazipur,2016,8,77.77
Gazipur,2016,9,80.63
Gazipur,2016,10,73.02
Gazipur,2016,11,66.18
Gazipur,2016,12,70.6
Gazipur,2017,1,65.95
Gazipur,2017,2,59.86
Gazipur,2017,3,64.78
Gazipur,2017,4,69.82
Gazipur,2017,5,70.89
Gazipur,2017,6,78.75
Gazipur,2017,7,85.69
Gazipur,2017,8,83.06
Gazipur,2017,9,81.18
Gazipur,2017,10,77.47
Gazipur,2017,11,67
Gazipur,2017,12,74.71
Gazipur,2018,1,70.15
Gazipur,2018,2,62.91
Gazipur,2018,3,63.16
Gazipur,2018,4,69.83
Gazipur,2018,5,79.74
Gazipur,2018,6,79.13
Gazipur,2018,7,83.6
Gazipur,2018,8,78.11
Gazipur,2018,9,75.83
Gazipur,2018,10,72.11
Gazipur,2018,11,65.53
Gazipur,2018,12,66.94
Gazipur,2019,1,62.08
Gazipur,2019,2,63.8
Gazipur,2019,3,62.34
Gazipur,2019,4,71.95
Gazipur,2019,5,73.84
Gazipur,2019,6,79.18
Gazipur,2019,7,81.73
Gazipur,2019,8,78.77
Gazipur,2019,9,80.98
Gazipur,2019,10,76.03
Gazipur,2019,11,71.95
Gazipur,2019,12,74.76
Gazipur,2020,1,76.42
Gazipur,2020,2,62.81
Gazipur,2020,3,56.24
Gazipur,2020,4,64.6
Gazipur,2020,5,71.1
Gazipur,2020,6,77.91
Gazipur,2020,7,82.61
Gazipur,2020,8,80.06
Gazipur,2020,9,80.2
Gazipur,2020,10,75.29
Gazipur,2020,11,63.63
Gazipur,2020,12,70.76
Gazipur,2021,1,72.21
Gazipur,2021,2,61.05
Gazipur,2021,3,56.27
Gazipur,2021,4,60.05
Gazipur,2021,5,67.79
Gazipur,2021,6,82.28
Gazipur,2021,7,82.06
Gazipur,2021,8,82.37
Gazipur,2021,9,74.28
Gazipur,2021,10,70.81
Gazipur,2021,11,64.02
Gazipur,2021,12,68.79
Gazipur,2022,1,69.44
Gazipur,2022,2,65.91
Gazipur,2022,3,58.76
Gazipur,2022,4,70.22
Gazipur,2022,5,77.4
Gazipur,2022,6,80.17
Gazipur,2022,7,76.1
Gopalgonj,2020,12,85.73
Gopalgonj,2021,1,82.6
Gopalgonj,2021,2,70.45
Gopalgonj,2021,3,65.28
Gopalgonj,2021,4,64.42
Gopalgonj,2021,5,67.55
Gopalgonj,2021,6,86.08
Gopalgonj,2021,7,86.49
Gopalgonj,2021,8,87.64
Gopalgonj,2021,9,86.81
Gopalgonj,2021,10,83.83
Gopalgonj,2021,11,79.69
Gopalgonj,2021,12,82.42
Gopalgonj,2023,1,82.55
Gopalgonj,2023,2,71.48
Gopalgonj,2023,3,68.15
Gopalgonj,2023,4,68.35
Gopalgonj,2023,5,71.82
Gopalgonj,2023,6,82.72
Gopalgonj,2023,7,81.24
Gopalgonj,2023,8,86.1
Gopalgonj,2023,9,87
Gopalgonj,2023,10,82.29
Gopalgonj,2023,11,80.8
Gopalgonj,2023,12,85.42
Hatiya,1966,1,80.39
Hatiya,1966,2,81.93
Hatiya,1966,3,78.77
Hatiya,1966,4,80.83
Hatiya,1966,5,80.22
Hatiya,1966,6,91.38
Hatiya,1966,7,88.06
Hatiya,1966,8,89.42
Hatiya,1966,9,86.5
Hatiya,1966,10,85.52
Hatiya,1966,11,82.47
Hatiya,1966,12,83.03
Hatiya,1967,1,76.45
Hatiya,1967,2,78.68
Hatiya,1967,3,77.03
Hatiya,1967,4,73.9
Hatiya,1967,5,77.65
Hatiya,1967,6,84.67
Hatiya,1967,7,87
Hatiya,1967,8,87.97
Hatiya,1967,9,86.93
Hatiya,1967,10,83.42
Hatiya,1967,11,77.77
Hatiya,1967,12,78.58
Hatiya,1968,1,69.81
Hatiya,1968,2,76.69
Hatiya,1968,3,73.32
Hatiya,1968,4,79.9
Hatiya,1968,5,81.84
Hatiya,1968,6,90.23
Hatiya,1968,7,88.68
Hatiya,1968,8,90.19
Hatiya,1968,9,87.7
Hatiya,1968,10,86.39
Hatiya,1968,11,83.9
Hatiya,1968,12,79.48
Hatiya,1969,1,77.42
Hatiya,1969,2,77.14
Hatiya,1969,3,79.84
Hatiya,1969,4,79.8
Hatiya,1969,5,79.55
Hatiya,1969,6,88.9
Hatiya,1969,7,89.84
Hatiya,1969,8,90.19
Hatiya,1969,9,86.1
Hatiya,1969,10,82.52
Hatiya,1969,11,80.13
Hatiya,1969,12,83
Hatiya,1970,2,78.04
Hatiya,1970,3,77.58
Hatiya,1970,4,80.97
Hatiya,1970,5,83.84
Hatiya,1970,6,89.63
Hatiya,1970,7,92.58
Hatiya,1970,8,90.16
Hatiya,1970,9,92.37
Hatiya,1970,10,89.13
Hatiya,1971,7,91.97
Hatiya,1971,8,91.19
Hatiya,1971,9,93.5
Hatiya,1971,10,89.27
Hatiya,1973,5,87.26
Hatiya,1973,6,87.97
Hatiya,1973,7,87.03
Hatiya,1973,8,88.13
Hatiya,1973,9,88.5
Hatiya,1973,10,82.77
Hatiya,1973,11,80.87
Hatiya,1973,12,74.29
Hatiya,1974,1,68.16
Hatiya,1974,2,60.75
Hatiya,1974,3,73.87
Hatiya,1974,4,79.53
Hatiya,1974,5,79.1
Hatiya,1974,6,86.33
Hatiya,1974,7,91.06
Hatiya,1974,8,89.87
Hatiya,1974,9,86.77
Hatiya,1974,10,83.19
Hatiya,1974,11,76.63
Hatiya,1974,12,66.39
Hatiya,1975,1,64.74
Hatiya,1975,2,65.75
Hatiya,1975,3,64.58
Hatiya,1975,4,72.3
Hatiya,1975,5,77.81
Hatiya,1975,6,84.3
Hatiya,1975,7,89.52
Hatiya,1975,8,85.26
Hatiya,1975,9,86.27
Hatiya,1975,10,84.81
Hatiya,1975,11,76.07
Hatiya,1975,12,69.94
Hatiya,1976,1,66.87
Hatiya,1976,2,71.31
Hatiya,1976,3,74.13
Hatiya,1976,4,75.4
Hatiya,1976,5,82.27
Hatiya,1976,6,88.47
Hatiya,1976,7,87.53
Hatiya,1976,8,88.81
Hatiya,1976,9,86.17
Hatiya,1976,10,80.39
Hatiya,1976,11,78
Hatiya,1976,12,74.03
Hatiya,1977,1,74.77
Hatiya,1977,2,74.14
Hatiya,1977,3,77.9
Hatiya,1977,4,83.3
Hatiya,1977,5,83.19
Hatiya,1977,6,88.03
Hatiya,1977,7,89.77
Hatiya,1977,8,88.42
Hatiya,1977,9,86.93
Hatiya,1977,10,83.35
Hatiya,1977,11,81.03
Hatiya,1977,12,72.74
Hatiya,1978,1,66.74
Hatiya,1978,2,61.54
Hatiya,1978,3,69.94
Hatiya,1978,4,78.47
Hatiya,1978,5,80.23
Hatiya,1978,6,84.37
Hatiya,1978,7,86.1
Hatiya,1978,8,88.61
Hatiya,1978,9,85.97
Hatiya,1978,10,80.68
Hatiya,1978,11,72.43
Hatiya,1978,12,70.32
Hatiya,1979,1,65.13
Hatiya,1979,2,60.57
Hatiya,1979,3,65.58
Hatiya,1979,4,73.37
Hatiya,1979,5,74.77
Hatiya,1979,6,85.2
Hatiya,1979,7,86.29
Hatiya,1979,8,88.39
Hatiya,1979,9,86.43
Hatiya,1979,10,78.71
Hatiya,1979,11,75.57
Hatiya,1979,12,71.45
Hatiya,1980,1,68.61
Hatiya,1980,2,70
Hatiya,1980,3,73.29
Hatiya,1980,4,73.97
Hatiya,1980,5,82.03
Hatiya,1980,6,86.33
Hatiya,1980,7,89.71
Hatiya,1980,8,87.68
Hatiya,1980,9,86.07
Hatiya,1980,10,83.1
Hatiya,1980,11,72.57
Hatiya,1980,12,72.39
Hatiya,1982,1,71
Hatiya,1982,2,73.21
Hatiya,1982,3,67.58
Hatiya,1982,4,78.27
Hatiya,1982,5,76.03
Hatiya,1982,6,87.77
Hatiya,1982,7,88.26
Hatiya,1982,8,89.9
Hatiya,1982,9,84.43
Hatiya,1982,10,79.55
Hatiya,1982,11,75.03
Hatiya,1982,12,74.68
Hatiya,1983,1,75.39
Hatiya,1983,2,71.14
Hatiya,1983,3,81.97
Hatiya,1983,4,78.97
Hatiya,1983,5,83.74
Hatiya,1983,6,85.13
Hatiya,1983,8,86.9
Hatiya,1983,9,86.03
Hatiya,1983,10,83.55
Hatiya,1983,11,78.97
Hatiya,1983,12,72.06
Hatiya,1984,1,70.77
Hatiya,1984,2,66.34
Hatiya,1984,3,74.55
Hatiya,1984,4,77.87
Hatiya,1984,5,84.45
Hatiya,1984,6,86.3
Hatiya,1984,7,87.16
Hatiya,1984,8,87.52
Hatiya,1984,9,82.67
Hatiya,1984,10,83.03
Hatiya,1984,11,73.1
Hatiya,1984,12,71.32
Hatiya,1985,1,71.55
Hatiya,1985,2,72.18
Hatiya,1985,3,78.68
Hatiya,1985,4,78
Hatiya,1985,5,79.23
Hatiya,1985,6,85.7
Hatiya,1985,7,88.03
Hatiya,1985,8,85.87
Hatiya,1985,9,84.93
Hatiya,1985,10,78.32
Hatiya,1985,11,75.67
Hatiya,1985,12,75.77
Hatiya,1986,1,75.39
Hatiya,1986,2,67.71
Hatiya,1986,3,75.74
Hatiya,1986,4,79.9
Hatiya,1986,5,82.61
Hatiya,1986,6,86.57
Hatiya,1986,7,89.58
Hatiya,1986,8,87.42
Hatiya,1986,9,88.3
Hatiya,1986,10,84.45
Hatiya,1986,11,83.43
Hatiya,1986,12,79.45
Hatiya,1987,1,74.97
Hatiya,1987,2,72.07
Hatiya,1987,3,75
Hatiya,1987,4,78.8
Hatiya,1987,5,79.16
Hatiya,1987,6,85
Hatiya,1987,7,90.77
Hatiya,1987,8,88.94
Hatiya,1987,9,85.97
Hatiya,1987,10,80.65
Hatiya,1987,11,77.07
Hatiya,1987,12,77.23
Hatiya,1988,1,74.26
Hatiya,1988,2,77.45
Hatiya,1988,3,79.61
Hatiya,1988,4,79.1
Hatiya,1988,5,83.35
Hatiya,1988,6,87.2
Hatiya,1988,7,88.77
Hatiya,1988,8,87.84
Hatiya,1988,9,85.6
Hatiya,1988,10,81.61
Hatiya,1988,11,76.13
Hatiya,1988,12,79.71
Hatiya,1989,1,69.71
Hatiya,1989,2,73.68
Hatiya,1989,3,73.06
Hatiya,1989,4,79.47
Hatiya,1989,5,79.74
Hatiya,1989,6,84.4
Hatiya,1989,7,88.16
Hatiya,1989,8,85.35
Hatiya,1989,9,85.93
Hatiya,1989,10,87.16
Hatiya,1989,11,78.57
Hatiya,1989,12,78.87
Hatiya,1990,1,79.32
Hatiya,1990,2,79.75
Hatiya,1990,3,79.61
Hatiya,1990,4,83.5
Hatiya,1990,5,82.39
Hatiya,1990,6,87.63
Hatiya,1990,7,90.87
Hatiya,1990,8,86.77
Hatiya,1990,9,88.33
Hatiya,1990,10,84.74
Hatiya,1990,11,84.03
Hatiya,1990,12,83.26
Hatiya,1991,1,76.68
Hatiya,1991,2,79.07
Hatiya,1991,3,77.97
Hatiya,1991,4,83.2
Hatiya,1991,5,86.77
Hatiya,1991,6,90.73
Hatiya,1991,7,90.68
Hatiya,1991,8,92.13
Hatiya,1991,9,91.4
Hatiya,1991,10,88.87
Hatiya,1991,11,75.73
Hatiya,1991,12,79.23
Hatiya,1992,1,81.13
Hatiya,1992,2,80.14
Hatiya,1992,3,85.16
Hatiya,1992,4,78.87
Hatiya,1992,5,83.48
Hatiya,1992,6,85.57
Hatiya,1992,7,89.39
Hatiya,1992,8,87.58
Hatiya,1992,9,87.57
Hatiya,1992,10,84.13
Hatiya,1992,11,78.8
Hatiya,1992,12,79.26
Hatiya,1993,1,76.97
Hatiya,1993,2,75.93
Hatiya,1993,3,76.13
Hatiya,1993,4,82.83
Hatiya,1993,5,84.35
Hatiya,1993,6,90.23
Hatiya,1993,7,89.42
Hatiya,1993,8,90.16
Hatiya,1993,9,89.43
Hatiya,1993,10,85.52
Hatiya,1993,11,81.7
Hatiya,1993,12,80.19
Hatiya,1994,1,80.26
Hatiya,1994,2,76.89
Hatiya,1994,3,82.32
Hatiya,1994,4,82.27
Hatiya,1994,5,84.35
Hatiya,1994,6,90.53
Hatiya,1994,7,93.03
Hatiya,1994,8,90.71
Hatiya,1994,9,83
Hatiya,1994,10,85.9
Hatiya,1994,11,81
Hatiya,1994,12,74.84
Hatiya,1995,1,68.1
Hatiya,1995,2,75.64
Hatiya,1995,3,71.1
Hatiya,1995,4,78.47
Hatiya,1995,5,79.55
Hatiya,1995,6,85.9
Hatiya,1995,7,88.32
Hatiya,1995,8,85.97
Hatiya,1995,9,85.37
Hatiya,1995,10,85.81
Hatiya,1995,11,85.53
Hatiya,1995,12,78.48
Hatiya,1996,1,72.32
Hatiya,1996,2,68.69
Hatiya,1996,3,79.03
Hatiya,1996,4,78.53
Hatiya,1996,5,81.06
Hatiya,1996,6,84.8
Hatiya,1996,7,87.06
Hatiya,1996,8,88.23
Hatiya,1996,9,86
Hatiya,1996,10,83.03
Hatiya,1996,11,75.83
Hatiya,1996,12,74.48
Hatiya,1997,1,70.77
Hatiya,1997,2,72.11
Hatiya,1997,3,79.84
Hatiya,1997,4,79.1
Hatiya,1997,5,83.29
Hatiya,1997,6,85.3
Hatiya,1997,7,88.35
Hatiya,1997,8,86.42
Hatiya,1997,9,86.47
Hatiya,1997,10,76.55
Hatiya,1997,11,74.03
Hatiya,1997,12,74.42
Hatiya,1998,1,76.61
Hatiya,1998,2,72.29
Hatiya,1998,3,62.65
Hatiya,1998,4,71.1
Hatiya,1998,5,81.35
Hatiya,1998,6,81.97
Hatiya,1998,7,87.19
Hatiya,1998,8,87.19
Hatiya,1998,9,84.07
Hatiya,1998,10,84.39
Hatiya,1998,11,81.77
Hatiya,1998,12,75.68
Hatiya,1999,1,69.48
Hatiya,1999,2,69.07
Hatiya,1999,3,75.9
Hatiya,1999,4,79.93
Hatiya,1999,5,85
Hatiya,1999,6,87.2
Hatiya,1999,7,89.48
Hatiya,1999,8,90.74
Hatiya,1999,9,87.13
Hatiya,1999,10,87.32
Hatiya,1999,11,81.6
Hatiya,1999,12,82.81
Hatiya,2000,1,81.97
Hatiya,2000,2,72.59
Hatiya,2000,3,78.13
Hatiya,2000,4,80
Hatiya,2000,5,84.97
Hatiya,2000,6,87.5
Hatiya,2000,7,89.29
Hatiya,2000,8,87.45
Hatiya,2000,9,86.87
Hatiya,2000,10,87.23
Hatiya,2000,11,82.3
Hatiya,2000,12,79.68
Hatiya,2001,1,74.61
Hatiya,2001,2,77.43
Hatiya,2001,3,68.81
Hatiya,2001,4,75.67
Hatiya,2001,5,83.26
Hatiya,2001,6,90.07
Hatiya,2001,7,88.71
Hatiya,2001,8,87.16
Hatiya,2001,9,85.8
Hatiya,2001,10,86.06
Hatiya,2001,11,85.83
Hatiya,2001,12,80.29
Hatiya,2002,1,79.32
Hatiya,2002,2,68.71
Hatiya,2002,3,74.87
Hatiya,2002,4,81.63
Hatiya,2002,5,83.23
Hatiya,2002,6,87.5
Hatiya,2002,7,89.81
Hatiya,2002,8,88.16
Hatiya,2002,9,84.17
Hatiya,2002,10,84.94
Hatiya,2002,11,84.2
Hatiya,2002,12,81.16
Hatiya,2003,1,79.65
Hatiya,2003,2,72.32
Hatiya,2003,3,77.74
Hatiya,2003,4,78.93
Hatiya,2003,5,80.97
Hatiya,2003,6,87.97
Hatiya,2003,7,85.58
Hatiya,2003,8,86.39
Hatiya,2003,9,85.63
Hatiya,2003,10,85.32
Hatiya,2003,11,76.37
Hatiya,2003,12,82
Hatiya,2004,1,80.26
Hatiya,2004,2,72.28
Hatiya,2004,3,77.84
Hatiya,2004,4,83.1
Hatiya,2004,5,81.39
Hatiya,2004,6,88.57
Hatiya,2004,7,90.03
Hatiya,2004,8,88.35
Hatiya,2004,9,86.6
Hatiya,2004,10,82.74
Hatiya,2004,11,80.83
Hatiya,2004,12,78.77
Hatiya,2005,1,75.81
Hatiya,2005,2,76
Hatiya,2005,3,82.65
Hatiya,2005,4,81.83
Hatiya,2005,5,80.42
Hatiya,2005,6,84.3
Hatiya,2005,7,88.1
Hatiya,2005,8,90.48
Hatiya,2005,9,87.63
Hatiya,2005,10,86.55
Hatiya,2005,11,82.8
Hatiya,2005,12,79.74
Hatiya,2006,1,78.26
Hatiya,2006,2,80.5
Hatiya,2006,3,70.84
Hatiya,2006,4,79.07
Hatiya,2006,5,89.29
Hatiya,2006,6,87.7
Hatiya,2006,7,92
Hatiya,2006,8,86.81
Hatiya,2006,9,86.47
Hatiya,2006,10,86.87
Hatiya,2006,11,88.3
Hatiya,2006,12,85.39
Hatiya,2007,1,79.55
Hatiya,2007,2,77.86
Hatiya,2007,3,71.55
Hatiya,2007,4,78.23
Hatiya,2007,5,81.81
Hatiya,2007,6,85.9
Hatiya,2007,7,90.42
Hatiya,2007,8,85.87
Hatiya,2007,9,86.57
Hatiya,2007,10,85.71
Hatiya,2007,11,84.43
Hatiya,2007,12,80.81
Hatiya,2008,1,80.39
Hatiya,2008,2,72.45
Hatiya,2008,3,80.13
Hatiya,2008,4,77.5
Hatiya,2008,5,82.19
Hatiya,2008,6,88.33
Hatiya,2008,7,89.9
Hatiya,2008,8,87.87
Hatiya,2008,9,85.2
Hatiya,2008,10,88.35
Hatiya,2008,11,81.63
Hatiya,2008,12,84.71
Hatiya,2009,1,80.1
Hatiya,2009,2,72.04
Hatiya,2009,3,77.03
Hatiya,2009,4,82.33
Hatiya,2009,5,79.77
Hatiya,2009,6,82.93
Hatiya,2009,7,89.26
Hatiya,2009,8,89.58
Hatiya,2009,9,88.8
Hatiya,2009,10,85.87
Hatiya,2009,11,82.4
Hatiya,2009,12,81.71
Hatiya,2010,1,76.16
Hatiya,2010,2,73.04
Hatiya,2010,3,76.42
Hatiya,2010,4,79
Hatiya,2010,5,82.45
Hatiya,2010,6,89.83
Hatiya,2010,7,87.16
Hatiya,2010,8,86.71
Hatiya,2010,9,87.07
Hatiya,2010,10,85.45
Hatiya,2010,11,82.7
Hatiya,2010,12,76.19
Hatiya,2011,1,74.9
Hatiya,2011,2,72.71
Hatiya,2011,3,72.87
Hatiya,2011,4,78.37
Hatiya,2011,5,84.52
Hatiya,2011,6,88.73
Hatiya,2011,7,87.61
Hatiya,2011,8,89.74
Hatiya,2011,9,89.1
Hatiya,2011,10,86.26
Hatiya,2011,11,84.17
Hatiya,2011,12,85.13
Hatiya,2012,1,79.45
Hatiya,2012,2,72.14
Hatiya,2012,3,79.9
Hatiya,2012,4,83.53
Hatiya,2012,5,84.26
Hatiya,2012,6,87.8
Hatiya,2012,7,89.23
Hatiya,2012,8,88.52
Hatiya,2012,9,88.23
Hatiya,2012,10,87.06
Hatiya,2012,11,82.47
Hatiya,2012,12,83.03
Hatiya,2013,1,76.48
Hatiya,2013,2,70.68
Hatiya,2013,3,76.19
Hatiya,2013,4,80.7
Hatiya,2013,5,86.94
Hatiya,2013,6,86.1
Hatiya,2013,7,88.35
Hatiya,2013,8,90.65
Hatiya,2013,9,88.93
Hatiya,2013,10,88.26
Hatiya,2013,11,81.57
Hatiya,2013,12,82.65
Hatiya,2014,1,81.48
Hatiya,2014,2,78.5
Hatiya,2014,3,74.71
Hatiya,2014,4,79.2
Hatiya,2014,5,82.29
Hatiya,2014,6,91
Hatiya,2014,7,90.16
Hatiya,2014,8,91.74
Hatiya,2014,9,88.43
Hatiya,2014,10,88.06
Hatiya,2014,11,86.53
Hatiya,2014,12,87.29
Hatiya,2015,1,82.77
Hatiya,2015,2,80
Hatiya,2015,3,75.35
Hatiya,2015,4,83.1
Hatiya,2015,5,84.81
Hatiya,2015,6,88.8
Hatiya,2015,7,92.74
Hatiya,2015,8,89.65
Hatiya,2015,9,89.87
Hatiya,2015,10,88.81
Hatiya,2015,11,85.57
Hatiya,2015,12,83.19
Hatiya,2016,1,83.03
Hatiya,2016,2,84.72
Hatiya,2016,3,83.32
Hatiya,2016,4,85.07
Hatiya,2016,5,86.16
Hatiya,2016,6,85.63
Hatiya,2016,7,91.03
Hatiya,2016,8,89.13
Hatiya,2016,9,89.9
Hatiya,2016,10,90
Hatiya,2016,11,87.53
Hatiya,2016,12,83.58
Hatiya,2017,1,80.13
Hatiya,2017,2,78
Hatiya,2017,3,82.13
Hatiya,2017,4,86
Hatiya,2017,5,84.9
Hatiya,2017,6,89.1
Hatiya,2017,7,94.9
Hatiya,2017,8,90.16
Hatiya,2017,9,92.27
Hatiya,2017,10,89.74
Hatiya,2017,11,86.7
Hatiya,2017,12,89.52
Hatiya,2018,1,83.9
Hatiya,2018,2,83.64
Hatiya,2018,3,80.61
Hatiya,2018,4,81.5
Hatiya,2018,5,87.45
Hatiya,2018,6,89.83
Hatiya,2018,7,90.26
Hatiya,2018,8,87.65
Hatiya,2018,9,88.57
Hatiya,2018,10,89.39
Hatiya,2018,11,80.33
Hatiya,2018,12,82.42
Hatiya,2019,1,79.81
Hatiya,2019,2,81.32
Hatiya,2019,3,80.97
Hatiya,2019,4,81.4
Hatiya,2019,5,83.55
Hatiya,2019,6,85.83
Hatiya,2019,7,91.94
Hatiya,2019,8,89.29
Hatiya,2019,9,89.73
Hatiya,2019,10,89.26
Hatiya,2019,11,87.33
Hatiya,2019,12,85.48
Hatiya,2020,1,85.94
Hatiya,2020,2,80.14
Hatiya,2020,3,77.16
Hatiya,2020,4,84.1
Hatiya,2020,5,83.87
Hatiya,2020,6,90.33
Hatiya,2020,7,92.32
Hatiya,2020,8,91.81
Hatiya,2020,9,91.9
Hatiya,2020,10,89.71
Hatiya,2020,11,85.97
Hatiya,2020,12,88.5
Hatiya,2021,1,82.08
Hatiya,2021,2,72.82
Hatiya,2021,3,70.41
Hatiya,2021,4,70.21
Hatiya,2021,5,72.6
Hatiya,2021,6,89.14
Hatiya,2021,7,90.83
Hatiya,2021,8,91.11
Hatiya,2021,9,89.76
Hatiya,2021,10,89.61
Hatiya,2021,11,84.31
Hatiya,2021,12,85.6
Hatiya,2022,1,85.13
Hatiya,2022,2,78.93
Hatiya,2022,3,73.19
Hatiya,2022,4,80.53
Hatiya,2022,5,82.9
Hatiya,2022,6,89.03
Hatiya,2022,7,86.03
Hatiya,2022,8,88.1
Hatiya,2022,9,89.2
Hatiya,2022,10,86.87
Hatiya,2022,11,83.13
Hatiya,2022,12,84.58
Hatiya,2023,1,81.13
Hatiya,2023,2,75.55
Hatiya,2023,3,71.42
Hatiya,2023,4,71.2
Hatiya,2023,5,73.94
Hatiya,2023,6,86.35
Hatiya,2023,7,83.89
Hatiya,2023,8,90.58
Hatiya,2023,9,88.33
Hatiya,2023,10,87.31
Hatiya,2023,11,86.6
Hatiya,2023,12,86.95
Hatiya,2024,1,85
Hatiya,2024,2,79
Hatiya,2024,3,78
Hatiya,2024,4,80
Hatiya,2024,5,83
Hatiya,2024,6,88
Hatiya,2024,7,90
Hatiya,2024,8,92
Hijla,2023,8,89.04
Hijla,2023,9,88.96
Hijla,2023,10,88.28
Hijla,2023,11,85.73
Hijla,2023,12,91.31
Ishurdi,1961,3,63.14
Ishurdi,1961,4,55.93
Ishurdi,1961,5,78.45
Ishurdi,1961,6,88.73
Ishurdi,1961,7,88.39
Ishurdi,1961,8,88.48
Ishurdi,1961,9,85.93
Ishurdi,1961,10,84.52
Ishurdi,1961,11,81.03
Ishurdi,1961,12,80.03
Ishurdi,1962,1,75.1
Ishurdi,1962,2,70.74
Ishurdi,1962,3,49.16
Ishurdi,1962,4,60.93
Ishurdi,1962,5,80.13
Ishurdi,1962,6,88.37
Ishurdi,1962,7,88.42
Ishurdi,1962,8,88.74
Ishurdi,1962,9,85.43
Ishurdi,1962,10,81.23
Ishurdi,1962,11,75.8
Ishurdi,1962,12,77.03
Ishurdi,1963,1,78.97
Ishurdi,1963,2,59.39
Ishurdi,1963,3,53.65
Ishurdi,1963,4,65
Ishurdi,1963,5,77.65
Ishurdi,1963,6,86.3
Ishurdi,1963,7,89.42
Ishurdi,1963,8,90.06
Ishurdi,1963,9,85.73
Ishurdi,1963,10,85.35
Ishurdi,1963,11,81.03
Ishurdi,1963,12,80.55
Ishurdi,1964,1,67.97
Ishurdi,1964,2,66.24
Ishurdi,1964,3,52.19
Ishurdi,1964,4,70.97
Ishurdi,1964,5,77.39
Ishurdi,1964,6,83.25
Ishurdi,1964,7,89.35
Ishurdi,1964,8,85.35
Ishurdi,1964,9,86.43
Ishurdi,1964,10,87.26
Ishurdi,1964,11,78.33
Ishurdi,1964,12,75.97
Ishurdi,1965,1,74.26
Ishurdi,1965,2,65.14
Ishurdi,1965,3,57.9
Ishurdi,1965,4,57.5
Ishurdi,1965,5,70.06
Ishurdi,1965,6,80.3
Ishurdi,1965,7,86.81
Ishurdi,1965,8,88.1
Ishurdi,1965,9,86.5
Ishurdi,1965,10,83.65
Ishurdi,1965,11,80.3
Ishurdi,1965,12,74.58
Ishurdi,1966,1,77.84
Ishurdi,1966,2,68.32
Ishurdi,1966,3,49.06
Ishurdi,1966,4,56.17
Ishurdi,1966,5,61.58
Ishurdi,1966,6,81.37
Ishurdi,1966,7,87
Ishurdi,1966,8,87.45
Ishurdi,1966,9,85.77
Ishurdi,1966,10,84.97
Ishurdi,1966,11,78
Ishurdi,1966,12,78.13
Ishurdi,1967,1,60.65
Ishurdi,1967,2,49.68
Ishurdi,1967,3,60.68
Ishurdi,1967,4,50.07
Ishurdi,1967,5,63
Ishurdi,1967,6,77.17
Ishurdi,1967,7,80.55
Ishurdi,1967,8,84.13
Ishurdi,1967,9,83.8
Ishurdi,1967,10,76.88
Ishurdi,1967,11,64.62
Ishurdi,1967,12,66.77
Ishurdi,1968,1,72.74
Ishurdi,1968,2,57.76
Ishurdi,1968,3,50.87
Ishurdi,1968,4,61.1
Ishurdi,1968,5,67.65
Ishurdi,1968,6,88.73
Ishurdi,1968,7,89
Ishurdi,1968,8,86.77
Ishurdi,1968,9,84.73
Ishurdi,1968,10,83.97
Ishurdi,1968,11,77.23
Ishurdi,1968,12,72.23
Ishurdi,1969,1,70
Ishurdi,1969,2,62.36
Ishurdi,1969,3,62.48
Ishurdi,1969,4,63.23
Ishurdi,1969,5,76.29
Ishurdi,1969,6,86.83
Ishurdi,1969,7,88.84
Ishurdi,1969,8,89.48
Ishurdi,1969,9,85.97
Ishurdi,1969,10,81.16
Ishurdi,1969,11,79.03
Ishurdi,1969,12,75.84
Ishurdi,1970,1,74.29
Ishurdi,1970,2,68.25
Ishurdi,1970,3,57.7
Ishurdi,1970,4,60.7
Ishurdi,1970,5,65.77
Ishurdi,1970,6,84.63
Ishurdi,1970,7,85.71
Ishurdi,1970,8,86.13
Ishurdi,1970,9,87
Ishurdi,1970,10,84.16
Ishurdi,1970,11,74.1
Ishurdi,1970,12,70.97
Ishurdi,1971,1,73.9
Ishurdi,1971,7,84.48
Ishurdi,1971,8,86.03
Ishurdi,1972,2,52.72
Ishurdi,1972,3,49.8
Ishurdi,1972,4,53.13
Ishurdi,1972,5,62.87
Ishurdi,1972,6,76.7
Ishurdi,1972,7,82.16
Ishurdi,1972,8,85.77
Ishurdi,1972,9,82.7
Ishurdi,1972,10,74.65
Ishurdi,1972,11,72.53
Ishurdi,1972,12,74.68
Ishurdi,1973,1,66.81
Ishurdi,1973,2,60.25
Ishurdi,1973,3,55.23
Ishurdi,1973,4,56.53
Ishurdi,1973,5,80.74
Ishurdi,1973,6,84.43
Ishurdi,1973,7,83.19
Ishurdi,1973,8,83.48
Ishurdi,1973,9,85.7
Ishurdi,1973,10,83.1
Ishurdi,1973,11,79.1
Ishurdi,1973,12,75.24
Ishurdi,1974,1,69.61
Ishurdi,1974,2,57.46
Ishurdi,1974,3,55.52
Ishurdi,1974,4,70.2
Ishurdi,1974,5,74
Ishurdi,1974,6,79.83
Ishurdi,1974,7,87.71
Ishurdi,1974,8,83.19
Ishurdi,1974,9,83.97
Ishurdi,1974,10,79.45
Ishurdi,1974,11,74.33
Ishurdi,1974,12,67.9
Ishurdi,1975,1,67.81
Ishurdi,1975,2,59.68
Ishurdi,1975,3,46.81
Ishurdi,1975,4,55.33
Ishurdi,1975,5,70.48
Ishurdi,1975,6,78.87
Ishurdi,1975,7,86.68
Ishurdi,1975,8,82.45
Ishurdi,1975,9,84.27
Ishurdi,1975,10,81.29
Ishurdi,1975,11,73.63
Ishurdi,1975,12,69.48
Ishurdi,1976,1,66.71
Ishurdi,1976,2,63.77
Ishurdi,1976,3,46.87
Ishurdi,1976,4,48.67
Ishurdi,1976,5,71.94
Ishurdi,1976,6,80.17
Ishurdi,1976,7,83.45
Ishurdi,1976,8,84.29
Ishurdi,1976,9,82.4
Ishurdi,1976,10,77.97
Ishurdi,1976,11,71.43
Ishurdi,1976,12,66.61
Ishurdi,1977,1,64.77
Ishurdi,1977,2,61.79
Ishurdi,1977,3,51.84
Ishurdi,1977,4,69.33
Ishurdi,1977,5,76.93
Ishurdi,1977,6,84.63
Ishurdi,1977,7,84.32
Ishurdi,1977,8,82.06
Ishurdi,1977,9,81.3
Ishurdi,1977,10,79.74
Ishurdi,1977,11,76.27
Ishurdi,1977,12,70.1
Ishurdi,1978,1,66.65
Ishurdi,1978,2,61.46
Ishurdi,1978,3,53.68
Ishurdi,1978,4,61.43
Ishurdi,1978,5,75.06
Ishurdi,1978,6,82.63
Ishurdi,1978,7,82.35
Ishurdi,1978,9,81.07
Ishurdi,1978,10,78.94
Ishurdi,1978,11,71.27
Ishurdi,1978,12,67.16
Ishurdi,1979,1,69.06
Ishurdi,1979,2,65.79
Ishurdi,1979,3,43.42
Ishurdi,1979,4,53.8
Ishurdi,1979,5,49.13
Ishurdi,1979,6,71.13
Ishurdi,1979,7,82.23
Ishurdi,1979,8,82.55
Ishurdi,1979,9,82.13
Ishurdi,1979,10,78.52
Ishurdi,1979,11,73.77
Ishurdi,1979,12,73.55
Ishurdi,1980,1,70.06
Ishurdi,1980,2,61.21
Ishurdi,1980,3,55.58
Ishurdi,1980,4,53.37
Ishurdi,1980,5,76.29
Ishurdi,1980,6,83.4
Ishurdi,1980,7,86.19
Ishurdi,1980,8,83.74
Ishurdi,1980,9,82.79
Ishurdi,1980,10,82.45
Ishurdi,1980,11,73.27
Ishurdi,1980,12,69.94
Ishurdi,1981,1,74.52
Ishurdi,1981,2,70.68
Ishurdi,1981,3,65
Ishurdi,1981,4,73.2
Ishurdi,1981,5,77.03
Ishurdi,1981,6,81.33
Ishurdi,1981,7,85.52
Ishurdi,1981,8,82.65
Ishurdi,1981,9,84.37
Ishurdi,1981,10,74.23
Ishurdi,1981,11,69.33
Ishurdi,1981,12,72.55
Ishurdi,1982,1,70.26
Ishurdi,1982,2,64.14
Ishurdi,1982,3,62.97
Ishurdi,1982,4,67.53
Ishurdi,1982,5,65.74
Ishurdi,1982,6,80.17
Ishurdi,1982,7,80.06
Ishurdi,1982,8,83.06
Ishurdi,1982,9,79.63
Ishurdi,1982,10,74.52
Ishurdi,1982,11,72.7
Ishurdi,1982,12,69.58
Ishurdi,1983,1,69.77
Ishurdi,1983,2,60.54
Ishurdi,1983,3,52.68
Ishurdi,1983,4,56.23
Ishurdi,1983,5,77.26
Ishurdi,1983,6,76.63
Ishurdi,1983,7,82.23
Ishurdi,1983,8,83.42
Ishurdi,1983,9,83.4
Ishurdi,1983,10,81.74
Ishurdi,1983,11,73.5
Ishurdi,1983,12,71.94
Ishurdi,1984,1,71.87
Ishurdi,1984,2,61.9
Ishurdi,1984,3,49.87
Ishurdi,1984,4,59.73
Ishurdi,1984,5,74.87
Ishurdi,1984,6,82.93
Ishurdi,1984,7,82.94
Ishurdi,1984,8,82.77
Ishurdi,1984,9,80.73
Ishurdi,1984,10,79.1
Ishurdi,1984,11,68.93
Ishurdi,1984,12,70.1
Ishurdi,1985,1,71.19
Ishurdi,1985,2,58
Ishurdi,1985,3,52.23
Ishurdi,1985,4,54.77
Ishurdi,1985,5,70.68
Ishurdi,1985,6,79.13
Ishurdi,1985,7,83.19
Ishurdi,1985,8,82.19
Ishurdi,1985,9,80.93
Ishurdi,1985,10,81.03
Ishurdi,1985,11,73.03
Ishurdi,1985,12,70.87
Ishurdi,1986,1,69.52
Ishurdi,1986,2,62.75
Ishurdi,1986,3,55.29
Ishurdi,1986,4,68.9
Ishurdi,1986,5,71.81
Ishurdi,1986,6,81.07
Ishurdi,1986,7,88.06
Ishurdi,1986,8,84.06
Ishurdi,1986,9,87.63
Ishurdi,1986,10,84.55
Ishurdi,1986,11,82.1
Ishurdi,1986,12,78.94
Ishurdi,1987,1,76.16
Ishurdi,1987,2,69.11
Ishurdi,1987,3,61
Ishurdi,1987,4,62.03
Ishurdi,1987,5,68.84
Ishurdi,1987,6,80.5
Ishurdi,1987,7,89.29
Ishurdi,1987,8,84.45
Ishurdi,1987,9,85
Ishurdi,1987,10,81.97
Ishurdi,1987,11,77.9
Ishurdi,1987,12,79
Ishurdi,1988,1,77.19
Ishurdi,1988,2,71.14
Ishurdi,1988,3,69.48
Ishurdi,1988,4,64.47
Ishurdi,1988,5,79.39
Ishurdi,1988,6,86.53
Ishurdi,1988,7,88.23
Ishurdi,1988,8,87.65
Ishurdi,1988,9,84.73
Ishurdi,1988,10,80.48
Ishurdi,1988,11,75.67
Ishurdi,1988,12,79.23
Ishurdi,1989,1,72.97
Ishurdi,1989,2,65.75
Ishurdi,1989,3,56.35
Ishurdi,1989,4,54.83
Ishurdi,1989,5,72.45
Ishurdi,1989,6,83.07
Ishurdi,1989,7,87.94
Ishurdi,1989,8,84.74
Ishurdi,1989,9,86.33
Ishurdi,1989,10,84.55
Ishurdi,1989,11,77.57
Ishurdi,1989,12,76.39
Ishurdi,1990,1,78.39
Ishurdi,1990,2,76
Ishurdi,1990,3,75.48
Ishurdi,1990,4,72.4
Ishurdi,1990,5,80.32
Ishurdi,1990,6,85.17
Ishurdi,1990,7,87.71
Ishurdi,1990,8,84.48
Ishurdi,1990,9,86.63
Ishurdi,1990,10,82.45
Ishurdi,1990,11,76.43
Ishurdi,1990,12,74.87
Ishurdi,1991,1,74.68
Ishurdi,1991,2,69.21
Ishurdi,1991,3,64.77
Ishurdi,1991,4,63
Ishurdi,1991,5,80.87
Ishurdi,1991,6,86.3
Ishurdi,1991,7,87.48
Ishurdi,1991,8,86.13
Ishurdi,1991,9,89.37
Ishurdi,1991,10,84.61
Ishurdi,1991,11,76.33
Ishurdi,1991,12,79.58
Ishurdi,1992,1,79.9
Ishurdi,1992,2,76.24
Ishurdi,1992,3,55.26
Ishurdi,1992,4,56.47
Ishurdi,1992,5,71.81
Ishurdi,1992,6,78.4
Ishurdi,1992,7,86.35
Ishurdi,1992,8,84.97
Ishurdi,1992,9,84.13
Ishurdi,1992,10,81.55
Ishurdi,1992,11,76.97
Ishurdi,1992,12,77.39
Ishurdi,1993,1,76.94
Ishurdi,1993,2,70.5
Ishurdi,1993,3,60.52
Ishurdi,1993,4,68.77
Ishurdi,1993,5,81.32
Ishurdi,1993,6,84.6
Ishurdi,1993,7,85.97
Ishurdi,1993,8,87.23
Ishurdi,1993,9,87.5
Ishurdi,1993,10,82.74
Ishurdi,1993,11,78.33
Ishurdi,1993,12,74.16
Ishurdi,1994,1,77.16
Ishurdi,1994,2,75.61
Ishurdi,1994,3,65.32
Ishurdi,1994,4,63.1
Ishurdi,1994,5,73.9
Ishurdi,1994,6,85.43
Ishurdi,1994,7,84.58
Ishurdi,1994,8,85.71
Ishurdi,1994,9,83
Ishurdi,1994,10,79.71
Ishurdi,1994,11,77.7
Ishurdi,1994,12,74
Ishurdi,1995,1,73.39
Ishurdi,1995,2,74
Ishurdi,1995,3,58.13
Ishurdi,1995,4,54.6
Ishurdi,1995,5,71.87
Ishurdi,1995,6,84
Ishurdi,1995,7,87.71
Ishurdi,1995,8,87.35
Ishurdi,1995,9,87.33
Ishurdi,1995,10,82.42
Ishurdi,1995,11,81
Ishurdi,1995,12,78.58
Ishurdi,1996,1,76.77
Ishurdi,1996,2,72.97
Ishurdi,1996,3,63.55
Ishurdi,1996,4,62.2
Ishurdi,1996,5,74.74
Ishurdi,1996,6,84.07
Ishurdi,1996,7,86.39
Ishurdi,1996,8,88.9
Ishurdi,1996,9,85.97
Ishurdi,1996,10,83.26
Ishurdi,1996,11,80
Ishurdi,1996,12,73.9
Ishurdi,1997,1,74.9
Ishurdi,1997,2,67.82
Ishurdi,1997,3,67.06
Ishurdi,1997,4,74.5
Ishurdi,1997,5,74.06
Ishurdi,1997,6,82.9
Ishurdi,1997,7,88.23
Ishurdi,1997,8,86.68
Ishurdi,1997,9,87.2
Ishurdi,1997,10,79.45
Ishurdi,1997,11,78.27
Ishurdi,1997,12,81.23
Ishurdi,1998,1,81.23
Ishurdi,1998,2,73.29
Ishurdi,1998,3,67.77
Ishurdi,1998,4,74.13
Ishurdi,1998,5,79.06
Ishurdi,1998,6,82.37
Ishurdi,1998,7,88.55
Ishurdi,1998,8,88.06
Ishurdi,1998,9,86.23
Ishurdi,1998,10,83.68
Ishurdi,1998,11,81.5
Ishurdi,1998,12,76.06
Ishurdi,1999,1,74.71
Ishurdi,1999,2,67.18
Ishurdi,1999,3,55.26
Ishurdi,1999,4,67.63
Ishurdi,1999,5,77.52
Ishurdi,1999,6,83.97
Ishurdi,1999,7,89.19
Ishurdi,1999,8,87.68
Ishurdi,1999,9,89.07
Ishurdi,1999,10,84.71
Ishurdi,1999,11,77.17
Ishurdi,1999,12,77.13
Ishurdi,2000,1,78.26
Ishurdi,2000,2,74.72
Ishurdi,2000,3,68.03
Ishurdi,2000,4,73.3
Ishurdi,2000,5,81.81
Ishurdi,2000,6,85.07
Ishurdi,2000,7,86.03
Ishurdi,2000,8,85.84
Ishurdi,2000,9,88.73
Ishurdi,2000,10,84.87
Ishurdi,2000,11,80.27
Ishurdi,2000,12,76.42
Ishurdi,2001,1,73.77
Ishurdi,2001,2,70.39
Ishurdi,2001,3,60.03
Ishurdi,2001,4,64.77
Ishurdi,2001,5,80.48
Ishurdi,2001,6,85
Ishurdi,2001,7,84.97
Ishurdi,2001,8,83.94
Ishurdi,2001,9,87.03
Ishurdi,2001,10,83.84
Ishurdi,2001,11,80.53
Ishurdi,2001,12,80.19
Ishurdi,2002,1,77.03
Ishurdi,2002,2,68.54
Ishurdi,2002,3,64.16
Ishurdi,2002,4,74.23
Ishurdi,2002,5,81.87
Ishurdi,2002,6,86.4
Ishurdi,2002,7,87.65
Ishurdi,2002,8,87.29
Ishurdi,2002,9,85.13
Ishurdi,2002,10,81.48
Ishurdi,2002,11,79.07
Ishurdi,2002,12,80.23
Ishurdi,2003,1,80.42
Ishurdi,2003,2,75.29
Ishurdi,2003,3,72.32
Ishurdi,2003,4,73
Ishurdi,2003,5,74.68
Ishurdi,2003,6,84.6
Ishurdi,2003,7,84.45
Ishurdi,2003,8,84.23
Ishurdi,2003,9,87.03
Ishurdi,2003,10,86.77
Ishurdi,2003,11,78.03
Ishurdi,2003,12,80.65
Ishurdi,2004,1,81.45
Ishurdi,2004,2,69.97
Ishurdi,2004,3,64.55
Ishurdi,2004,4,73.1
Ishurdi,2004,5,69.71
Ishurdi,2004,6,86.1
Ishurdi,2004,7,87.52
Ishurdi,2004,8,84.97
Ishurdi,2004,9,87.57
Ishurdi,2004,10,82.65
Ishurdi,2004,11,77.33
Ishurdi,2004,12,78.68
Ishurdi,2005,1,81.06
Ishurdi,2005,2,71.04
Ishurdi,2005,3,68.58
Ishurdi,2005,4,67.93
Ishurdi,2005,5,74.71
Ishurdi,2005,6,78.07
Ishurdi,2005,7,85.45
Ishurdi,2005,8,85.71
Ishurdi,2005,9,84.3
Ishurdi,2005,10,85.97
Ishurdi,2005,11,80.37
Ishurdi,2005,12,75.39
Ishurdi,2006,1,77.26
Ishurdi,2006,2,72.18
Ishurdi,2006,3,61.19
Ishurdi,2006,4,71.57
Ishurdi,2006,5,76.71
Ishurdi,2006,6,83.87
Ishurdi,2006,7,84.81
Ishurdi,2006,8,84.42
Ishurdi,2006,9,85.77
Ishurdi,2006,10,81.77
Ishurdi,2006,11,77.83
Ishurdi,2006,12,77.81
Ishurdi,2007,1,74.84
Ishurdi,2007,2,78.68
Ishurdi,2007,3,64.87
Ishurdi,2007,4,69.43
Ishurdi,2007,5,72.94
Ishurdi,2007,6,82.67
Ishurdi,2007,7,86.94
Ishurdi,2007,8,84.03
Ishurdi,2007,9,85.2
Ishurdi,2007,10,82.1
Ishurdi,2007,11,79.07
Ishurdi,2007,12,77.74
Ishurdi,2008,1,80.52
Ishurdi,2008,2,74.17
Ishurdi,2008,3,72.68
Ishurdi,2008,4,69.27
Ishurdi,2008,5,73.65
Ishurdi,2008,6,84.7
Ishurdi,2008,7,87.65
Ishurdi,2008,8,85.55
Ishurdi,2008,9,84.4
Ishurdi,2008,10,83.16
Ishurdi,2008,11,77.9
Ishurdi,2008,12,84.71
Ishurdi,2009,1,83.48
Ishurdi,2009,2,67.64
Ishurdi,2009,3,63.65
Ishurdi,2009,4,65.43
Ishurdi,2009,5,76.68
Ishurdi,2009,6,75.73
Ishurdi,2009,7,83.81
Ishurdi,2009,8,85.94
Ishurdi,2009,9,84.83
Ishurdi,2009,10,81.16
Ishurdi,2009,11,76.4
Ishurdi,2009,12,79.1
Ishurdi,2010,1,80.74
Ishurdi,2010,2,70.25
Ishurdi,2010,3,61.16
Ishurdi,2010,4,68.3
Ishurdi,2010,5,76
Ishurdi,2010,6,83.8
Ishurdi,2010,7,83.9
Ishurdi,2010,8,83.68
Ishurdi,2010,9,86.1
Ishurdi,2010,10,83.42
Ishurdi,2010,11,78.47
Ishurdi,2010,12,78.55
Ishurdi,2011,1,79.84
Ishurdi,2011,2,71.54
Ishurdi,2011,3,65.84
Ishurdi,2011,4,71.33
Ishurdi,2011,5,78.29
Ishurdi,2011,6,82.3
Ishurdi,2011,7,83.48
Ishurdi,2011,8,87.16
Ishurdi,2011,9,85.4
Ishurdi,2011,10,81.23
Ishurdi,2011,11,79.83
Ishurdi,2011,12,84.1
Ishurdi,2012,1,79.06
Ishurdi,2012,2,66.55
Ishurdi,2012,3,60.1
Ishurdi,2012,4,68.03
Ishurdi,2012,5,71.68
Ishurdi,2012,6,81.67
Ishurdi,2012,7,87.77
Ishurdi,2012,8,86.97
Ishurdi,2012,9,86.9
Ishurdi,2012,10,83.23
Ishurdi,2012,11,80.43
Ishurdi,2012,12,86.61
Ishurdi,2013,1,81.65
Ishurdi,2013,2,74.96
Ishurdi,2013,3,63.39
Ishurdi,2013,4,63.1
Ishurdi,2013,5,81.71
Ishurdi,2013,6,83.43
Ishurdi,2013,7,82.97
Ishurdi,2013,8,85.94
Ishurdi,2013,9,84.6
Ishurdi,2013,10,85.77
Ishurdi,2013,11,78.13
Ishurdi,2013,12,81.16
Ishurdi,2014,1,83.52
Ishurdi,2014,2,76.5
Ishurdi,2014,3,64.68
Ishurdi,2014,4,61.1
Ishurdi,2014,5,69.03
Ishurdi,2014,6,83.87
Ishurdi,2014,7,85.1
Ishurdi,2014,8,84.77
Ishurdi,2014,9,83.33
Ishurdi,2014,10,82.74
Ishurdi,2014,11,77.1
Ishurdi,2014,12,83.45
Ishurdi,2015,1,82.52
Ishurdi,2015,2,77.18
Ishurdi,2015,3,65.23
Ishurdi,2015,4,75.63
Ishurdi,2015,5,77.68
Ishurdi,2015,6,82.1
Ishurdi,2015,7,85.42
Ishurdi,2015,8,85.87
Ishurdi,2015,9,82.87
Ishurdi,2015,10,81.74
Ishurdi,2015,11,80.3
Ishurdi,2015,12,80.61
Ishurdi,2016,1,82
Ishurdi,2016,2,77.38
Ishurdi,2016,3,69.52
Ishurdi,2016,4,70.47
Ishurdi,2016,5,77.87
Ishurdi,2016,6,82.2
Ishurdi,2016,7,88.65
Ishurdi,2016,8,84.42
Ishurdi,2016,9,86.63
Ishurdi,2016,10,82.32
Ishurdi,2016,11,79.53
Ishurdi,2016,12,83.03
Ishurdi,2017,1,78.42
Ishurdi,2017,2,71.89
Ishurdi,2017,3,71.61
Ishurdi,2017,4,73.57
Ishurdi,2017,5,77.68
Ishurdi,2017,6,82.97
Ishurdi,2017,7,87.58
Ishurdi,2017,8,85.52
Ishurdi,2017,9,86.1
Ishurdi,2017,10,86.06
Ishurdi,2017,11,80.57
Ishurdi,2017,12,84.19
Ishurdi,2018,1,82.03
Ishurdi,2018,2,73.14
Ishurdi,2018,3,67.45
Ishurdi,2018,4,77.1
Ishurdi,2018,5,81.06
Ishurdi,2018,6,80.23
Ishurdi,2018,7,85.1
Ishurdi,2018,8,82.71
Ishurdi,2018,9,81.87
Ishurdi,2018,10,80.77
Ishurdi,2018,11,77.23
Ishurdi,2018,12,75.68
Ishurdi,2019,1,75.29
Ishurdi,2019,2,74.36
Ishurdi,2019,3,65.13
Ishurdi,2019,4,75.5
Ishurdi,2019,5,75.77
Ishurdi,2019,6,81.17
Ishurdi,2019,7,83.77
Ishurdi,2019,8,83.61
Ishurdi,2019,9,85.7
Ishurdi,2019,10,84.9
Ishurdi,2019,11,81.87
Ishurdi,2019,12,82.39
Ishurdi,2020,1,83.29
Ishurdi,2020,2,75.9
Ishurdi,2020,3,70.35
Ishurdi,2020,4,70.23
Ishurdi,2020,5,79.19
Ishurdi,2020,6,83.63
Ishurdi,2020,7,85.55
Ishurdi,2020,8,83.94
Ishurdi,2020,9,86
Ishurdi,2020,10,83.68
Ishurdi,2020,11,77.77
Ishurdi,2020,12,88.06
Ishurdi,2021,1,85.44
Ishurdi,2021,2,71.43
Ishurdi,2021,3,59.48
Ishurdi,2021,4,59.6
Ishurdi,2021,5,72.24
Ishurdi,2021,6,81.9
Ishurdi,2021,7,84.2
Ishurdi,2021,8,85.18
Ishurdi,2021,9,84.13
Ishurdi,2021,10,82.47
Ishurdi,2021,11,78.95
Ishurdi,2021,12,80.1
Ishurdi,2022,1,82
Ishurdi,2022,2,77.71
Ishurdi,2022,3,67.61
Ishurdi,2022,4,74.5
Ishurdi,2022,5,79.94
Ishurdi,2022,6,81.7
Ishurdi,2022,7,79.58
Ishurdi,2022,8,81.48
Ishurdi,2022,9,85
Ishurdi,2022,10,82.77
Ishurdi,2022,11,77.17
Ishurdi,2022,12,79.19
Ishurdi,2023,1,86.39
Ishurdi,2023,2,76.3
Ishurdi,2023,3,66.08
Ishurdi,2023,4,53.87
Ishurdi,2023,5,66.87
Ishurdi,2023,6,73.27
Ishurdi,2023,7,77.42
Ishurdi,2023,8,81.95
Ishurdi,2023,9,83.52
Ishurdi,2023,10,83.77
Ishurdi,2023,11,83.27
Ishurdi,2023,12,86.82
Ishurdi,2024,1,84
Ishurdi,2024,2,76
Ishurdi,2024,3,70
Ishurdi,2024,4,56
Ishurdi,2024,5,70
Ishurdi,2024,6,78
Ishurdi,2024,7,82
Ishurdi,2024,8,85
Ishurdi,2024,9,85
Ishurdi,2024,10,86
Ishurdi,2024,11,81
Ishurdi,2024,12,80
Jessore,1948,1,68.81
Jessore,1948,2,70.34
Jessore,1948,3,59.77
Jessore,1948,4,68.37
Jessore,1948,5,89.13
Jessore,1948,6,84.17
Jessore,1948,7,87.26
Jessore,1948,8,86.77
Jessore,1948,9,83.03
Jessore,1948,11,80.53
Jessore,1948,12,76
Jessore,1949,1,97.56
Jessore,1949,2,96.75
Jessore,1949,3,77.71
Jessore,1949,4,80.03
Jessore,1949,5,82.58
Jessore,1949,6,87.03
Jessore,1949,7,90.55
Jessore,1949,8,89.23
Jessore,1949,9,88.83
Jessore,1949,10,85.65
Jessore,1949,11,78.87
Jessore,1949,12,75.68
Jessore,1950,1,74.32
Jessore,1950,2,71.04
Jessore,1950,3,65.1
Jessore,1950,4,68.6
Jessore,1950,5,74.71
Jessore,1950,6,87.63
Jessore,1950,7,88.42
Jessore,1950,8,89.87
Jessore,1950,9,86.73
Jessore,1950,10,87.94
Jessore,1950,11,82.83
Jessore,1950,12,82.68
Jessore,1951,1,77.42
Jessore,1951,2,69.39
Jessore,1951,3,67.42
Jessore,1951,4,60.8
Jessore,1951,5,70.32
Jessore,1951,6,82.47
Jessore,1951,7,86.65
Jessore,1951,8,87.48
Jessore,1951,9,85
Jessore,1951,10,85.9
Jessore,1951,11,84.63
Jessore,1951,12,79.65
Jessore,1952,1,79.87
Jessore,1952,2,72.62
Jessore,1952,3,69.42
Jessore,1952,4,72.67
Jessore,1952,5,77.29
Jessore,1952,6,84.93
Jessore,1952,7,88
Jessore,1952,8,87.74
Jessore,1952,9,86.47
Jessore,1952,10,85.65
Jessore,1952,11,81.4
Jessore,1952,12,81.84
Jessore,1953,1,79.87
Jessore,1953,2,74.64
Jessore,1953,3,74.61
Jessore,1953,4,63.7
Jessore,1953,5,78.32
Jessore,1953,6,86.27
Jessore,1953,7,89.03
Jessore,1953,8,88.71
Jessore,1953,9,88.5
Jessore,1953,10,83.87
Jessore,1953,11,83.83
Jessore,1953,12,87.35
Jessore,1954,1,82.19
Jessore,1954,2,76.57
Jessore,1954,3,69.16
Jessore,1954,4,68.33
Jessore,1954,5,75.32
Jessore,1954,6,89.6
Jessore,1954,7,87
Jessore,1954,8,89.77
Jessore,1954,9,87.7
Jessore,1954,10,85.84
Jessore,1954,11,81.63
Jessore,1954,12,83.03
Jessore,1955,1,80.39
Jessore,1955,2,68.68
Jessore,1955,3,71.03
Jessore,1955,4,65.57
Jessore,1955,5,73.68
Jessore,1955,6,85.43
Jessore,1955,7,89.16
Jessore,1955,8,89.19
Jessore,1955,9,88.97
Jessore,1955,10,89
Jessore,1955,11,84.7
Jessore,1955,12,79
Jessore,1956,1,74.84
Jessore,1956,2,72.28
Jessore,1956,3,69.03
Jessore,1956,4,66.33
Jessore,1956,5,81.77
Jessore,1956,6,89.13
Jessore,1956,7,89.71
Jessore,1956,8,90.45
Jessore,1956,9,91.03
Jessore,1956,10,88.81
Jessore,1956,11,82.27
Jessore,1956,12,79.48
Jessore,1957,1,77.1
Jessore,1957,2,72.07
Jessore,1957,3,62.65
Jessore,1957,4,68.57
Jessore,1957,5,71.81
Jessore,1957,6,81.2
Jessore,1957,7,89.13
Jessore,1957,8,90.65
Jessore,1957,9,89.47
Jessore,1957,10,86.74
Jessore,1957,11,79.8
Jessore,1957,12,80.26
Jessore,1958,1,74.52
Jessore,1958,2,74.63
Jessore,1958,3,59.87
Jessore,1958,4,68.57
Jessore,1958,5,75.1
Jessore,1958,6,80.37
Jessore,1958,7,86.71
Jessore,1958,8,85.65
Jessore,1958,9,85.27
Jessore,1958,10,82.06
Jessore,1958,11,75.23
Jessore,1958,12,72.58
Jessore,1959,1,76.03
Jessore,1959,2,69.32
Jessore,1959,3,62.74
Jessore,1959,4,71.93
Jessore,1959,5,77.52
Jessore,1959,6,86.23
Jessore,1959,7,89.39
Jessore,1959,8,90.9
Jessore,1959,9,92.27
Jessore,1959,10,89.65
Jessore,1959,11,77.17
Jessore,1959,12,77.29
Jessore,1960,1,67.32
Jessore,1960,2,63.71
Jessore,1960,3,65.26
Jessore,1960,4,56.77
Jessore,1960,5,75.58
Jessore,1960,6,82.63
Jessore,1960,7,88.68
Jessore,1960,8,87.03
Jessore,1960,9,86.4
Jessore,1960,10,78.23
Jessore,1960,11,73.2
Jessore,1960,12,70.97
Jessore,1961,1,70.68
Jessore,1961,2,67.68
Jessore,1961,3,69.74
Jessore,1961,4,64.77
Jessore,1961,5,77.06
Jessore,1961,6,85.33
Jessore,1961,7,84.03
Jessore,1961,8,86.26
Jessore,1961,9,84.67
Jessore,1961,10,80.48
Jessore,1961,11,72.07
Jessore,1961,12,70
Jessore,1962,1,67.68
Jessore,1962,2,66.5
Jessore,1962,3,60.03
Jessore,1962,4,70.1
Jessore,1962,5,79.65
Jessore,1962,6,86.87
Jessore,1962,7,85.03
Jessore,1962,8,87.36
Jessore,1962,9,84.33
Jessore,1962,10,78.84
Jessore,1962,11,72.43
Jessore,1962,12,72.48
Jessore,1963,1,69.71
Jessore,1963,2,62.32
Jessore,1963,3,59.52
Jessore,1963,4,71.43
Jessore,1963,5,78.65
Jessore,1963,6,85.63
Jessore,1963,7,86.39
Jessore,1963,8,84.58
Jessore,1963,9,83.67
Jessore,1963,10,81.81
Jessore,1963,11,75.37
Jessore,1963,12,73.84
Jessore,1964,1,70
Jessore,1964,2,67.31
Jessore,1964,3,65.84
Jessore,1964,4,78.77
Jessore,1964,5,78.84
Jessore,1964,6,90.7
Jessore,1964,7,91.87
Jessore,1964,8,90.97
Jessore,1964,9,90.47
Jessore,1964,10,88.03
Jessore,1964,11,81.9
Jessore,1964,12,79.58
Jessore,1965,1,74.94
Jessore,1965,2,67.36
Jessore,1965,3,62.26
Jessore,1965,4,67.13
Jessore,1965,5,69.32
Jessore,1965,6,82.93
Jessore,1965,7,85.35
Jessore,1965,8,89.26
Jessore,1965,9,85.97
Jessore,1965,10,80.65
Jessore,1965,11,74.9
Jessore,1965,12,71.26
Jessore,1966,1,73.23
Jessore,1966,2,63.04
Jessore,1966,3,53.35
Jessore,1966,4,62.1
Jessore,1966,5,68.71
Jessore,1966,6,85.83
Jessore,1966,7,86.06
Jessore,1966,8,87.84
Jessore,1966,9,85.53
Jessore,1966,10,82.32
Jessore,1966,11,75.67
Jessore,1966,12,73.55
Jessore,1967,1,70.42
Jessore,1967,2,61.54
Jessore,1967,3,66.9
Jessore,1967,4,60.97
Jessore,1967,5,70.81
Jessore,1967,6,82.6
Jessore,1967,7,86.1
Jessore,1967,8,88.1
Jessore,1967,9,87.43
Jessore,1967,10,77.26
Jessore,1967,11,68.1
Jessore,1967,12,70.65
Jessore,1968,1,68.04
Jessore,1968,2,58.93
Jessore,1968,3,51.77
Jessore,1968,4,65.23
Jessore,1968,5,68.77
Jessore,1968,6,87.67
Jessore,1968,7,87.06
Jessore,1968,8,85.81
Jessore,1968,9,83.07
Jessore,1968,10,80.45
Jessore,1968,11,76.1
Jessore,1968,12,71.87
Jessore,1969,1,65.1
Jessore,1969,2,60.75
Jessore,1969,3,63.55
Jessore,1969,4,64.53
Jessore,1969,5,73.19
Jessore,1969,6,84.97
Jessore,1969,7,88.65
Jessore,1969,8,87.68
Jessore,1969,9,85.23
Jessore,1969,10,77.84
Jessore,1969,11,71.83
Jessore,1969,12,69.97
Jessore,1970,1,71.61
Jessore,1970,2,62.96
Jessore,1970,3,64.35
Jessore,1970,4,69.07
Jessore,1970,5,70.35
Jessore,1970,6,85.6
Jessore,1970,7,87
Jessore,1970,8,85.71
Jessore,1970,9,86.4
Jessore,1970,10,84.1
Jessore,1970,11,71.83
Jessore,1970,12,68.84
Jessore,1971,1,70.42
Jessore,1971,2,61.64
Jessore,1971,6,92.25
Jessore,1971,7,86.48
Jessore,1971,8,87.52
Jessore,1971,9,80.57
Jessore,1972,2,64.83
Jessore,1972,3,61.13
Jessore,1972,4,63.93
Jessore,1972,5,70.13
Jessore,1972,6,77
Jessore,1972,7,84.9
Jessore,1972,8,88.1
Jessore,1972,9,84.17
Jessore,1972,10,75.74
Jessore,1972,11,70.47
Jessore,1972,12,66.68
Jessore,1973,1,61.29
Jessore,1973,2,58.07
Jessore,1973,3,61.32
Jessore,1973,4,61.77
Jessore,1973,5,79.97
Jessore,1973,6,85.2
Jessore,1973,7,87.35
Jessore,1973,8,87.26
Jessore,1973,9,87.45
Jessore,1973,10,83.77
Jessore,1973,11,81.27
Jessore,1973,12,77.3
Jessore,1974,1,70.13
Jessore,1974,2,58.5
Jessore,1974,3,63.55
Jessore,1974,4,74.1
Jessore,1974,5,74.52
Jessore,1974,6,83.23
Jessore,1974,7,89.97
Jessore,1974,8,87.1
Jessore,1974,9,86.97
Jessore,1974,10,82.32
Jessore,1974,11,71.7
Jessore,1974,12,69.19
Jessore,1975,1,68.45
Jessore,1975,2,62.64
Jessore,1975,3,52.61
Jessore,1975,4,62.87
Jessore,1975,5,72.9
Jessore,1975,6,81.5
Jessore,1975,7,89.97
Jessore,1975,8,86.39
Jessore,1975,9,87.4
Jessore,1975,10,84.42
Jessore,1975,11,74.8
Jessore,1975,12,69.9
Jessore,1976,1,69.03
Jessore,1976,2,66.79
Jessore,1976,3,58.26
Jessore,1976,4,61.73
Jessore,1976,5,77.81
Jessore,1976,6,83.53
Jessore,1976,7,87.9
Jessore,1976,8,86.9
Jessore,1976,9,84.53
Jessore,1976,10,76.39
Jessore,1976,11,73.13
Jessore,1976,12,67.39
Jessore,1977,1,66.1
Jessore,1977,2,63.32
Jessore,1977,3,61.42
Jessore,1977,4,75.33
Jessore,1977,5,77.87
Jessore,1977,6,87.63
Jessore,1977,7,87.26
Jessore,1977,8,84.9
Jessore,1977,9,84.77
Jessore,1977,10,79.9
Jessore,1977,11,77.23
Jessore,1977,12,73.16
Jessore,1979,1,69.42
Jessore,1979,2,66.89
Jessore,1979,3,54.1
Jessore,1979,4,61.93
Jessore,1979,5,60.35
Jessore,1979,6,77.63
Jessore,1979,7,84.45
Jessore,1979,8,85.19
Jessore,1979,9,83.7
Jessore,1979,10,76.42
Jessore,1979,11,71.03
Jessore,1979,12,73.81
Jessore,1980,1,67.61
Jessore,1980,2,66.17
Jessore,1980,3,65.16
Jessore,1980,4,63.93
Jessore,1980,5,74.39
Jessore,1980,6,84.23
Jessore,1980,7,86.68
Jessore,1980,8,85.9
Jessore,1980,9,81.6
Jessore,1980,10,78.48
Jessore,1980,11,67.77
Jessore,1980,12,67
Jessore,1981,1,71.48
Jessore,1981,2,70.29
Jessore,1981,3,66.65
Jessore,1981,4,74.47
Jessore,1981,5,79.42
Jessore,1981,6,80.67
Jessore,1981,7,88.65
Jessore,1981,8,85.06
Jessore,1981,9,85.5
Jessore,1981,10,70.9
Jessore,1981,11,73.9
Jessore,1981,12,76.61
Jessore,1982,1,69.87
Jessore,1982,2,65.36
Jessore,1982,3,66.1
Jessore,1982,4,72.47
Jessore,1982,5,70.16
Jessore,1982,6,84.33
Jessore,1982,7,84.32
Jessore,1982,8,86.9
Jessore,1982,9,82.63
Jessore,1982,10,75.97
Jessore,1982,11,74.23
Jessore,1982,12,71.06
Jessore,1983,1,70.42
Jessore,1983,2,70.43
Jessore,1983,3,67.45
Jessore,1983,4,62.6
Jessore,1983,5,78.48
Jessore,1983,6,80.57
Jessore,1983,7,86.35
Jessore,1983,8,87.97
Jessore,1983,9,86.6
Jessore,1983,10,84.74
Jessore,1983,11,71.77
Jessore,1983,12,71.65
Jessore,1984,1,74.13
Jessore,1984,2,65.79
Jessore,1984,3,56.06
Jessore,1984,4,67.13
Jessore,1984,5,78.71
Jessore,1984,6,88.07
Jessore,1984,7,87.29
Jessore,1984,8,87.55
Jessore,1984,9,83.93
Jessore,1984,10,79.87
Jessore,1984,11,69.5
Jessore,1984,12,69.68
Jessore,1985,1,74.84
Jessore,1985,2,63.25
Jessore,1985,3,65.26
Jessore,1985,4,63.93
Jessore,1985,5,75.97
Jessore,1985,6,85.9
Jessore,1985,7,88.48
Jessore,1985,8,87.42
Jessore,1985,9,87.1
Jessore,1985,10,77.68
Jessore,1985,11,76.3
Jessore,1985,12,71.52
Jessore,1986,1,72.9
Jessore,1986,2,62.25
Jessore,1986,3,55.13
Jessore,1986,4,71.17
Jessore,1986,5,75.97
Jessore,1986,6,84.47
Jessore,1986,7,87.45
Jessore,1986,8,84.65
Jessore,1986,9,88.67
Jessore,1986,10,84.13
Jessore,1986,11,84.37
Jessore,1986,12,76.71
Jessore,1987,1,73.32
Jessore,1987,2,66.57
Jessore,1987,3,66.03
Jessore,1987,4,68.7
Jessore,1987,5,73.03
Jessore,1987,6,82.83
Jessore,1987,7,90.48
Jessore,1987,8,87.06
Jessore,1987,9,85.73
Jessore,1987,10,80.61
Jessore,1987,11,76.9
Jessore,1987,12,77.65
Jessore,1988,1,73.81
Jessore,1988,2,71.17
Jessore,1988,3,71.13
Jessore,1988,4,70.23
Jessore,1988,5,79.39
Jessore,1988,6,84.97
Jessore,1988,7,85.68
Jessore,1988,8,87.81
Jessore,1988,9,84.6
Jessore,1988,10,78.65
Jessore,1988,11,75.6
Jessore,1988,12,79.84
Jessore,1989,1,73.39
Jessore,1989,2,67.32
Jessore,1989,3,60.52
Jessore,1989,4,66.53
Jessore,1989,5,76.03
Jessore,1989,6,83.77
Jessore,1989,7,86.23
Jessore,1989,8,85.35
Jessore,1989,9,88.07
Jessore,1989,10,85.42
Jessore,1989,11,77.17
Jessore,1989,12,77.1
Jessore,1990,1,78.1
Jessore,1990,2,74.61
Jessore,1990,3,76.68
Jessore,1990,4,76.07
Jessore,1990,5,79.52
Jessore,1990,6,85.3
Jessore,1990,7,88.16
Jessore,1990,8,84.87
Jessore,1990,9,88.07
Jessore,1990,10,84.32
Jessore,1990,11,80.27
Jessore,1990,12,78.55
Jessore,1991,1,78.23
Jessore,1991,2,73.86
Jessore,1991,3,71.74
Jessore,1991,4,70.87
Jessore,1991,5,77.1
Jessore,1991,6,85.57
Jessore,1991,7,86.42
Jessore,1991,8,86.9
Jessore,1991,9,88.2
Jessore,1991,10,86.45
Jessore,1991,11,78.37
Jessore,1991,12,80.71
Jessore,1992,1,81.84
Jessore,1992,2,76.31
Jessore,1992,3,68.13
Jessore,1992,4,64.97
Jessore,1992,5,76.77
Jessore,1992,6,80.87
Jessore,1992,7,88.13
Jessore,1992,8,86.87
Jessore,1992,9,86.2
Jessore,1992,10,84.19
Jessore,1992,11,78.2
Jessore,1992,12,78.06
Jessore,1993,1,76.06
Jessore,1993,2,73.29
Jessore,1993,3,66.87
Jessore,1993,4,74.03
Jessore,1993,5,80.58
Jessore,1993,6,85.23
Jessore,1993,7,87.58
Jessore,1993,8,88.16
Jessore,1993,9,88.2
Jessore,1993,10,85.9
Jessore,1993,11,80.97
Jessore,1993,12,78.48
Jessore,1994,1,80.26
Jessore,1994,2,77.89
Jessore,1994,3,69.1
Jessore,1994,4,69.63
Jessore,1994,5,75.23
Jessore,1994,6,86.67
Jessore,1994,7,87.39
Jessore,1994,8,87.94
Jessore,1994,9,83.37
Jessore,1994,10,80.29
Jessore,1994,11,79.47
Jessore,1994,12,74.77
Jessore,1995,1,75.65
Jessore,1995,2,77.25
Jessore,1995,3,64.94
Jessore,1995,4,67.83
Jessore,1995,5,74.68
Jessore,1995,6,85.3
Jessore,1995,7,88.84
Jessore,1995,8,87.77
Jessore,1995,9,87.83
Jessore,1995,10,84.48
Jessore,1995,11,82.67
Jessore,1995,12,81.35
Jessore,1996,1,79.42
Jessore,1996,2,75.07
Jessore,1996,3,70.68
Jessore,1996,4,72.2
Jessore,1996,5,76.71
Jessore,1996,6,84.63
Jessore,1996,7,87.1
Jessore,1996,8,89
Jessore,1996,9,86.03
Jessore,1996,10,83.13
Jessore,1996,11,79.6
Jessore,1996,12,77.58
Jessore,1997,1,76.65
Jessore,1997,2,75.54
Jessore,1997,3,75.71
Jessore,1997,4,76.07
Jessore,1997,5,74.87
Jessore,1997,6,84.13
Jessore,1997,7,88.35
Jessore,1997,8,87.97
Jessore,1997,9,88.17
Jessore,1997,10,80.65
Jessore,1997,11,79.97
Jessore,1997,12,83.19
Jessore,1998,1,82.94
Jessore,1998,2,77.39
Jessore,1998,3,72.74
Jessore,1998,4,78.13
Jessore,1998,5,79.1
Jessore,1998,6,82.27
Jessore,1998,7,87.1
Jessore,1998,8,87.29
Jessore,1998,9,86.03
Jessore,1998,10,84.48
Jessore,1998,11,83.17
Jessore,1998,12,80.42
Jessore,1999,1,77.03
Jessore,1999,2,72.71
Jessore,1999,3,66.65
Jessore,1999,4,72.4
Jessore,1999,5,77.23
Jessore,1999,6,82.93
Jessore,1999,7,88
Jessore,1999,8,87.23
Jessore,1999,9,87.33
Jessore,1999,10,85.94
Jessore,1999,11,79.1
Jessore,1999,12,78.65
Jessore,2000,1,78.84
Jessore,2000,2,72.97
Jessore,2000,3,69.03
Jessore,2000,4,74.6
Jessore,2000,5,79.97
Jessore,2000,6,83.7
Jessore,2000,7,85.23
Jessore,2000,8,84.81
Jessore,2000,9,86.27
Jessore,2000,10,85.13
Jessore,2000,11,80.93
Jessore,2000,12,78.13
Jessore,2001,1,76.55
Jessore,2001,2,72.54
Jessore,2001,3,70.61
Jessore,2001,4,73.87
Jessore,2001,5,79.03
Jessore,2001,6,87.13
Jessore,2001,7,86.52
Jessore,2001,8,84.65
Jessore,2001,9,85.7
Jessore,2001,10,85.29
Jessore,2001,11,82.7
Jessore,2001,12,81.16
Jessore,2002,1,78.84
Jessore,2002,2,69.5
Jessore,2002,3,68.97
Jessore,2002,4,76.93
Jessore,2002,5,78.42
Jessore,2002,6,85.47
Jessore,2002,7,85.42
Jessore,2002,8,86.68
Jessore,2002,9,86.77
Jessore,2002,10,83.48
Jessore,2002,11,82.33
Jessore,2002,12,82
Jessore,2003,1,81.1
Jessore,2003,2,76
Jessore,2003,3,75.45
Jessore,2003,4,76.3
Jessore,2003,5,73.39
Jessore,2003,6,83.1
Jessore,2003,7,84.94
Jessore,2003,8,83.32
Jessore,2003,9,86.77
Jessore,2003,10,88
Jessore,2003,11,79.6
Jessore,2003,12,82.97
Jessore,2004,1,83.13
Jessore,2004,2,73.62
Jessore,2004,3,72.06
Jessore,2004,4,76.53
Jessore,2004,5,73
Jessore,2004,6,84.63
Jessore,2004,7,85.65
Jessore,2004,8,86.94
Jessore,2004,9,87.8
Jessore,2004,10,83.77
Jessore,2004,11,80.03
Jessore,2004,12,82.16
Jessore,2005,1,81.03
Jessore,2005,2,75.18
Jessore,2005,3,75.03
Jessore,2005,4,73.47
Jessore,2005,5,75.48
Jessore,2005,6,79.7
Jessore,2005,7,86.87
Jessore,2005,8,85.61
Jessore,2005,9,84.4
Jessore,2005,10,87.52
Jessore,2005,11,80.9
Jessore,2005,12,78.77
Jessore,2006,1,77.87
Jessore,2006,2,74.18
Jessore,2006,3,68.23
Jessore,2006,4,73.73
Jessore,2006,5,77.87
Jessore,2006,6,84.77
Jessore,2006,7,87.26
Jessore,2006,8,86.1
Jessore,2006,9,86.27
Jessore,2006,10,82.84
Jessore,2006,11,80.9
Jessore,2006,12,79.61
Jessore,2007,1,77.35
Jessore,2007,2,80.39
Jessore,2007,3,70.9
Jessore,2007,4,74.43
Jessore,2007,5,75.32
Jessore,2007,6,81.97
Jessore,2007,7,87.13
Jessore,2007,8,84.19
Jessore,2007,9,85.3
Jessore,2007,10,82.81
Jessore,2007,11,82.03
Jessore,2007,12,80.06
Jessore,2008,1,79.61
Jessore,2008,2,75.93
Jessore,2008,3,76.74
Jessore,2008,4,75.07
Jessore,2008,5,75.13
Jessore,2008,6,83.63
Jessore,2008,7,87.48
Jessore,2008,8,85.55
Jessore,2008,9,86.23
Jessore,2008,10,83.81
Jessore,2008,11,79.8
Jessore,2008,12,84.55
Jessore,2009,1,81.42
Jessore,2009,2,74.46
Jessore,2009,3,70.35
Jessore,2009,4,70.8
Jessore,2009,5,75.58
Jessore,2009,6,78.47
Jessore,2009,7,84.48
Jessore,2009,8,86.61
Jessore,2009,9,83.77
Jessore,2009,10,81.16
Jessore,2009,11,77.73
Jessore,2009,12,78.68
Jessore,2010,1,78.23
Jessore,2010,2,71.36
Jessore,2010,3,69.06
Jessore,2010,4,70.93
Jessore,2010,5,76.35
Jessore,2010,6,82
Jessore,2010,7,81.26
Jessore,2010,8,82.06
Jessore,2010,9,83.5
Jessore,2010,10,82.06
Jessore,2010,11,78.73
Jessore,2010,12,79.23
Jessore,2011,1,77.71
Jessore,2011,2,71.21
Jessore,2011,3,70.29
Jessore,2011,4,73.2
Jessore,2011,5,75.84
Jessore,2011,6,81.6
Jessore,2011,7,82.1
Jessore,2011,8,86.65
Jessore,2011,9,85.3
Jessore,2011,10,79.42
Jessore,2011,11,79.27
Jessore,2011,12,81.52
Jessore,2012,1,80.35
Jessore,2012,2,71.69
Jessore,2012,3,67.77
Jessore,2012,4,72.6
Jessore,2012,5,69.1
Jessore,2012,6,77.03
Jessore,2012,7,84.74
Jessore,2012,8,84.29
Jessore,2012,9,84.53
Jessore,2012,10,81.58
Jessore,2012,11,78.83
Jessore,2012,12,81.45
Jessore,2013,1,77.35
Jessore,2013,2,71.04
Jessore,2013,3,65.65
Jessore,2013,4,67.33
Jessore,2013,5,79.77
Jessore,2013,6,81.33
Jessore,2013,7,82.55
Jessore,2013,8,84.94
Jessore,2013,9,84.67
Jessore,2013,10,85.29
Jessore,2013,11,75.87
Jessore,2013,12,78.29
Jessore,2014,1,80.94
Jessore,2014,2,72.79
Jessore,2014,3,66.26
Jessore,2014,4,63.27
Jessore,2014,5,67.94
Jessore,2014,6,80.73
Jessore,2014,7,83.74
Jessore,2014,8,83.1
Jessore,2014,9,81.57
Jessore,2014,10,81.19
Jessore,2014,11,75.7
Jessore,2014,12,81.29
Jessore,2015,1,78.81
Jessore,2015,2,74.93
Jessore,2015,3,65.94
Jessore,2015,4,73.97
Jessore,2015,5,73.74
Jessore,2015,6,79.43
Jessore,2015,7,84.87
Jessore,2015,8,83.45
Jessore,2015,9,81.17
Jessore,2015,10,80.61
Jessore,2015,11,78.4
Jessore,2015,12,80.06
Jessore,2016,1,78.52
Jessore,2016,2,74.69
Jessore,2016,3,68.84
Jessore,2016,4,69.53
Jessore,2016,5,73.87
Jessore,2016,6,77.97
Jessore,2016,7,83.84
Jessore,2016,8,81.13
Jessore,2016,9,81.33
Jessore,2016,10,79.32
Jessore,2016,11,80.73
Jessore,2016,12,81.19
Jessore,2017,1,78.06
Jessore,2017,2,70.86
Jessore,2017,3,70.19
Jessore,2017,4,71.67
Jessore,2017,5,73.61
Jessore,2017,6,79.17
Jessore,2017,7,84.68
Jessore,2017,8,82.16
Jessore,2017,9,82.3
Jessore,2017,10,83.48
Jessore,2017,11,78.47
Jessore,2017,12,83.16
Jessore,2018,1,78.48
Jessore,2018,2,71.71
Jessore,2018,3,68.55
Jessore,2018,4,72.27
Jessore,2018,5,77.81
Jessore,2018,6,79.03
Jessore,2018,7,82.87
Jessore,2018,8,82.03
Jessore,2018,9,81.27
Jessore,2018,10,80.23
Jessore,2018,11,78.73
Jessore,2018,12,76.81
Jessore,2019,1,72.87
Jessore,2019,2,72.07
Jessore,2019,3,70.52
Jessore,2019,4,73.77
Jessore,2019,5,74.84
Jessore,2019,6,77.33
Jessore,2019,7,80.97
Jessore,2019,8,82.45
Jessore,2019,9,83.23
Jessore,2019,10,81.42
Jessore,2019,11,79.17
Jessore,2019,12,80
Jessore,2020,1,79
Jessore,2020,2,72.69
Jessore,2020,3,68.55
Jessore,2020,4,71.97
Jessore,2020,5,76.16
Jessore,2020,6,83.43
Jessore,2020,7,82
Jessore,2020,8,84.87
Jessore,2020,9,83.2
Jessore,2020,10,83.65
Jessore,2020,11,76.1
Jessore,2020,12,85.42
Jessore,2021,1,80.94
Jessore,2021,2,69.48
Jessore,2021,3,61.48
Jessore,2021,4,63.23
Jessore,2021,5,70.58
Jessore,2021,6,83.02
Jessore,2021,7,84.64
Jessore,2021,8,86.18
Jessore,2021,9,85.02
Jessore,2021,10,82.26
Jessore,2021,11,81.39
Jessore,2021,12,84.47
Jessore,2022,1,82.65
Jessore,2022,2,79.57
Jessore,2022,3,72.29
Jessore,2022,4,76.5
Jessore,2022,5,77.87
Jessore,2022,6,79.53
Jessore,2022,7,79.87
Jessore,2022,8,81.97
Jessore,2022,9,83.27
Jessore,2022,10,81.87
Jessore,2022,11,78.3
Jessore,2022,12,79.23
Jessore,2023,1,82.82
Jessore,2023,2,74.02
Jessore,2023,3,66.73
Jessore,2023,4,62.27
Jessore,2023,5,68.1
Jessore,2023,6,76.38
Jessore,2023,7,78
Jessore,2023,8,82.65
Jessore,2023,9,83.82
Jessore,2023,10,80.45
Jessore,2023,11,83.5
Jessore,2023,12,86.73
Jessore,2024,1,83
Jessore,2024,2,77
Jessore,2024,3,72
Jessore,2024,4,66
Jessore,2024,5,73
Jessore,2024,6,78
Jessore,2024,7,84
Jessore,2024,8,85
Jessore,2024,9,84
Jessore,2024,10,85
Jessore,2024,11,81
Jessore,2024,12,80
Khepupara,1974,1,68.84
Khepupara,1974,2,71.46
Khepupara,1974,3,80.35
Khepupara,1974,4,82.4
Khepupara,1974,5,81.77
Khepupara,1974,6,83.52
Khepupara,1974,7,86.81
Khepupara,1974,8,87.1
Khepupara,1974,9,84.37
Khepupara,1974,10,82.71
Khepupara,1974,11,76.33
Khepupara,1974,12,72.03
Khepupara,1975,1,68.1
Khepupara,1975,2,70.68
Khepupara,1975,3,73.6
Khepupara,1975,4,79.57
Khepupara,1975,5,79.1
Khepupara,1975,6,84.3
Khepupara,1975,7,88.9
Khepupara,1975,8,88.29
Khepupara,1975,9,87.1
Khepupara,1975,10,86.03
Khepupara,1975,11,78.03
Khepupara,1975,12,79.42
Khepupara,1976,1,68.1
Khepupara,1976,2,69.91
Khepupara,1976,3,77.97
Khepupara,1976,4,74.43
Khepupara,1976,5,77.16
Khepupara,1976,6,83.5
Khepupara,1976,7,91
Khepupara,1976,8,88.35
Khepupara,1976,9,82.47
Khepupara,1976,10,78.68
Khepupara,1976,11,84.87
Khepupara,1976,12,71.35
Khepupara,1977,1,67.19
Khepupara,1977,2,64.82
Khepupara,1977,3,69.48
Khepupara,1977,4,79.07
Khepupara,1977,5,91.19
Khepupara,1977,7,89.29
Khepupara,1977,8,84.29
Khepupara,1977,9,81.83
Khepupara,1977,10,78.65
Khepupara,1977,11,73.3
Khepupara,1977,12,61.48
Khepupara,1978,1,60.42
Khepupara,1978,2,55.86
Khepupara,1978,3,54.74
Khepupara,1978,4,80.27
Khepupara,1978,5,81.06
Khepupara,1978,6,86.5
Khepupara,1978,7,87.17
Khepupara,1978,8,88.39
Khepupara,1978,9,87.63
Khepupara,1978,10,84.26
Khepupara,1978,11,75.7
Khepupara,1978,12,70.5
Khepupara,1979,1,59.26
Khepupara,1979,2,55.46
Khepupara,1979,3,69.81
Khepupara,1979,4,76.03
Khepupara,1979,5,75.74
Khepupara,1979,6,86.1
Khepupara,1979,7,87.29
Khepupara,1979,8,86.77
Khepupara,1979,9,87.59
Khepupara,1979,12,100
Khepupara,1980,1,61.55
Khepupara,1980,2,64.17
Khepupara,1980,3,69.06
Khepupara,1980,4,69.87
Khepupara,1980,5,75.71
Khepupara,1980,6,83.37
Khepupara,1980,7,87.77
Khepupara,1980,8,87.87
Khepupara,1980,9,84.37
Khepupara,1980,10,81.48
Khepupara,1980,11,67.9
Khepupara,1980,12,64.52
Khepupara,1981,1,65.74
Khepupara,1981,2,64.57
Khepupara,1981,3,68.45
Khepupara,1981,4,77.93
Khepupara,1981,5,79.77
Khepupara,1981,6,83.83
Khepupara,1981,7,88.87
Khepupara,1981,8,86.03
Khepupara,1981,9,85.37
Khepupara,1981,10,74.74
Khepupara,1981,11,69.3
Khepupara,1981,12,67.1
Khepupara,1982,1,63.06
Khepupara,1982,2,69.68
Khepupara,1982,3,64.39
Khepupara,1982,4,74.33
Khepupara,1982,5,72.13
Khepupara,1982,6,85.1
Khepupara,1982,7,84.26
Khepupara,1982,8,88.97
Khepupara,1982,9,82.9
Khepupara,1982,10,78.32
Khepupara,1982,11,73.17
Khepupara,1983,1,67
Khepupara,1983,2,69.14
Khepupara,1983,3,76.39
Khepupara,1983,4,72
Khepupara,1983,5,77.19
Khepupara,1983,6,84.87
Khepupara,1983,8,88.29
Khepupara,1983,9,86.3
Khepupara,1983,10,83.74
Khepupara,1983,11,76.8
Khepupara,1983,12,73.19
Khepupara,1984,1,71.32
Khepupara,1984,2,63.79
Khepupara,1984,3,71.52
Khepupara,1984,4,76.2
Khepupara,1984,5,79.9
Khepupara,1984,6,85.97
Khepupara,1984,7,86.65
Khepupara,1984,8,89.55
Khepupara,1984,9,83.47
Khepupara,1984,10,84.9
Khepupara,1984,11,77.73
Khepupara,1984,12,69.77
Khepupara,1985,1,73.55
Khepupara,1985,2,75.18
Khepupara,1985,3,81.06
Khepupara,1985,4,77.23
Khepupara,1985,5,82.58
Khepupara,1985,6,86.83
Khepupara,1985,7,88.19
Khepupara,1985,8,87.1
Khepupara,1985,9,88.37
Khepupara,1985,10,83.16
Khepupara,1985,11,79.23
Khepupara,1985,12,78.39
Khepupara,1986,1,79.19
Khepupara,1986,2,73.68
Khepupara,1986,3,77.61
Khepupara,1986,4,85.37
Khepupara,1986,5,86.39
Khepupara,1986,6,89.67
Khepupara,1986,7,89.29
Khepupara,1986,8,86.06
Khepupara,1986,9,90.3
Khepupara,1986,10,89.52
Khepupara,1986,11,88.83
Khepupara,1986,12,89.65
Khepupara,1987,1,87.9
Khepupara,1987,2,87.14
Khepupara,1987,3,88.35
Khepupara,1987,4,89.93
Khepupara,1987,5,83.48
Khepupara,1987,6,87.87
Khepupara,1987,7,90.61
Khepupara,1987,8,87.68
Khepupara,1987,9,89.43
Khepupara,1987,10,90.32
Khepupara,1987,11,92
Khepupara,1987,12,91.29
Khepupara,1988,1,90.03
Khepupara,1988,2,82.45
Khepupara,1988,3,86.39
Khepupara,1988,4,82.57
Khepupara,1988,5,82.39
Khepupara,1988,7,90
Khepupara,1988,8,87.77
Khepupara,1988,9,86.67
Khepupara,1988,10,83.29
Khepupara,1988,11,77.63
Khepupara,1988,12,77.77
Khepupara,1989,1,70.81
Khepupara,1989,2,74.96
Khepupara,1989,3,71.68
Khepupara,1989,4,78.67
Khepupara,1989,5,81.32
Khepupara,1989,6,83.93
Khepupara,1989,7,87.1
Khepupara,1989,8,85.87
Khepupara,1989,9,88.17
Khepupara,1989,10,89.45
Khepupara,1989,11,78.1
Khepupara,1989,12,76.74
Khepupara,1990,1,78.16
Khepupara,1990,2,80.86
Khepupara,1990,3,80.81
Khepupara,1990,4,80.43
Khepupara,1990,5,81.35
Khepupara,1990,6,86.47
Khepupara,1990,7,89
Khepupara,1990,8,84.55
Khepupara,1990,9,86.1
Khepupara,1990,10,82.74
Khepupara,1990,11,81
Khepupara,1990,12,75.71
Khepupara,1991,1,76.26
Khepupara,1991,2,74.75
Khepupara,1991,3,74.23
Khepupara,1991,4,76.97
Khepupara,1991,5,82.29
Khepupara,1991,6,87
Khepupara,1991,7,85.45
Khepupara,1991,8,86.71
Khepupara,1991,9,86.47
Khepupara,1991,10,85.55
Khepupara,1991,11,78.93
Khepupara,1991,12,76.19
Khepupara,1992,1,77.32
Khepupara,1992,2,77
Khepupara,1992,3,78.87
Khepupara,1992,4,77.73
Khepupara,1992,5,79.71
Khepupara,1992,6,82.13
Khepupara,1992,7,87.23
Khepupara,1992,8,85.03
Khepupara,1992,9,85.5
Khepupara,1992,10,84.16
Khepupara,1992,11,80.83
Khepupara,1992,12,76.87
Khepupara,1993,1,75
Khepupara,1993,2,75.46
Khepupara,1993,3,71.35
Khepupara,1993,4,78
Khepupara,1993,5,82.16
Khepupara,1993,6,86
Khepupara,1993,7,86.71
Khepupara,1993,8,87.81
Khepupara,1993,9,87.97
Khepupara,1993,10,85.19
Khepupara,1993,11,82.83
Khepupara,1993,12,75.87
Khepupara,1994,1,75.16
Khepupara,1994,2,74.14
Khepupara,1994,3,76.84
Khepupara,1994,4,78.97
Khepupara,1994,5,80.03
Khepupara,1994,6,87.53
Khepupara,1994,7,88.35
Khepupara,1994,8,87.61
Khepupara,1994,9,84.5
Khepupara,1994,10,84.23
Khepupara,1994,11,80.03
Khepupara,1994,12,73.1
Khepupara,1995,1,70.23
Khepupara,1995,2,75.64
Khepupara,1995,3,70.35
Khepupara,1995,4,74.87
Khepupara,1995,5,80.16
Khepupara,1995,6,87.03
Khepupara,1995,7,88.06
Khepupara,1995,8,87.29
Khepupara,1995,9,87.93
Khepupara,1995,10,86.55
Khepupara,1995,11,85
Khepupara,1995,12,76.61
Khepupara,1996,1,74.71
Khepupara,1996,2,74.41
Khepupara,1996,3,78.26
Khepupara,1996,4,77.37
Khepupara,1996,5,80.68
Khepupara,1996,6,85.57
Khepupara,1996,7,87.06
Khepupara,1996,8,90.42
Khepupara,1996,9,86.1
Khepupara,1996,10,83.77
Khepupara,1996,11,80.77
Khepupara,1996,12,74.9
Khepupara,1997,1,71.74
Khepupara,1997,2,78.82
Khepupara,1997,3,81.74
Khepupara,1997,4,80.87
Khepupara,1997,5,82.39
Khepupara,1997,6,84.87
Khepupara,1997,7,89.42
Khepupara,1997,8,86.87
Khepupara,1997,9,87.4
Khepupara,1997,10,81.84
Khepupara,1997,11,80.3
Khepupara,1997,12,76.9
Khepupara,1998,1,80.23
Khepupara,1998,2,77.96
Khepupara,1998,3,74.48
Khepupara,1998,4,79.23
Khepupara,1998,5,81.13
Khepupara,1998,6,84.13
Khepupara,1998,7,89.1
Khepupara,1998,8,88.65
Khepupara,1998,9,87.43
Khepupara,1998,10,86.42
Khepupara,1998,11,82.5
Khepupara,1998,12,77.61
Khepupara,1999,1,75.61
Khepupara,1999,2,71.93
Khepupara,1999,3,76.06
Khepupara,1999,4,77.33
Khepupara,1999,5,83.32
Khepupara,1999,6,86.8
Khepupara,1999,7,89.65
Khepupara,1999,8,88.58
Khepupara,1999,9,88.87
Khepupara,1999,10,87.1
Khepupara,1999,11,79.4
Khepupara,1999,12,78.32
Khepupara,2000,1,77.84
Khepupara,2000,2,73.69
Khepupara,2000,3,75.97
Khepupara,2000,4,78.67
Khepupara,2000,5,83.26
Khepupara,2000,6,86.6
Khepupara,2000,7,87.48
Khepupara,2000,8,86.35
Khepupara,2000,9,87.13
Khepupara,2000,10,86.35
Khepupara,2000,11,81.03
Khepupara,2000,12,75.29
Khepupara,2001,1,73.35
Khepupara,2001,2,75.96
Khepupara,2001,3,73.16
Khepupara,2001,4,75.37
Khepupara,2001,5,83.19
Khepupara,2001,6,90.13
Khepupara,2001,7,89.13
Khepupara,2001,8,86.23
Khepupara,2001,9,87.13
Khepupara,2001,10,87.39
Khepupara,2001,11,84.77
Khepupara,2001,12,78.06
Khepupara,2002,1,77.74
Khepupara,2002,2,69.82
Khepupara,2002,3,74
Khepupara,2002,4,80.2
Khepupara,2002,5,83.55
Khepupara,2002,6,86.27
Khepupara,2002,7,88.23
Khepupara,2002,8,89.06
Khepupara,2002,9,86.6
Khepupara,2002,10,84.94
Khepupara,2002,11,82.47
Khepupara,2002,12,79.94
Khepupara,2003,1,78.03
Khepupara,2003,2,77.21
Khepupara,2003,3,77.23
Khepupara,2003,4,81.5
Khepupara,2003,5,80.94
Khepupara,2003,6,88.6
Khepupara,2003,7,86.61
Khepupara,2003,8,87.1
Khepupara,2003,9,86.83
Khepupara,2003,10,87.06
Khepupara,2003,11,79.93
Khepupara,2003,12,80.65
Khepupara,2004,1,81.26
Khepupara,2004,2,74.86
Khepupara,2004,3,80.06
Khepupara,2004,4,82.6
Khepupara,2004,5,79.94
Khepupara,2004,6,85.93
Khepupara,2004,7,86.68
Khepupara,2004,8,89.52
Khepupara,2004,9,88.3
Khepupara,2004,10,85.19
Khepupara,2004,11,80.37
Khepupara,2004,12,78.39
Khepupara,2005,1,77.48
Khepupara,2005,2,75.36
Khepupara,2005,3,79.48
Khepupara,2005,4,76.7
Khepupara,2005,5,79.84
Khepupara,2005,6,84.33
Khepupara,2005,7,88.52
Khepupara,2005,8,88.9
Khepupara,2005,9,88.9
Khepupara,2005,10,87.97
Khepupara,2005,11,82.33
Khepupara,2005,12,78.81
Khepupara,2006,1,75.81
Khepupara,2006,2,78.54
Khepupara,2006,3,72.65
Khepupara,2006,4,74.9
Khepupara,2006,5,81.13
Khepupara,2006,6,86.7
Khepupara,2006,7,88.97
Khepupara,2006,8,87.45
Khepupara,2006,9,87.7
Khepupara,2006,10,85.42
Khepupara,2006,11,82.67
Khepupara,2006,12,78.74
Khepupara,2007,1,76.74
Khepupara,2007,2,76.96
Khepupara,2007,3,70.29
Khepupara,2007,4,78.17
Khepupara,2007,5,80.03
Khepupara,2007,6,84.1
Khepupara,2007,7,89.03
Khepupara,2007,8,87.39
Khepupara,2007,9,88.5
Khepupara,2007,10,85.26
Khepupara,2007,11,82.73
Khepupara,2007,12,76.39
Khepupara,2008,1,75.71
Khepupara,2008,2,73.03
Khepupara,2008,3,79.74
Khepupara,2008,4,76.57
Khepupara,2008,5,78.23
Khepupara,2008,6,87
Khepupara,2008,7,89.68
Khepupara,2008,8,86.32
Khepupara,2008,9,86.93
Khepupara,2008,10,84.81
Khepupara,2008,11,81.33
Khepupara,2008,12,83.87
Khepupara,2009,1,80.19
Khepupara,2009,2,72.96
Khepupara,2009,3,73.97
Khepupara,2009,4,77.23
Khepupara,2009,5,77.84
Khepupara,2009,6,83.2
Khepupara,2009,7,89.13
Khepupara,2009,8,88.81
Khepupara,2009,9,87.93
Khepupara,2009,10,85.16
Khepupara,2009,11,80.87
Khepupara,2009,12,78.32
Khepupara,2010,1,75.65
Khepupara,2010,2,74.14
Khepupara,2010,3,77.71
Khepupara,2010,4,77.73
Khepupara,2010,5,80.19
Khepupara,2010,6,87.07
Khepupara,2010,7,86.48
Khepupara,2010,8,84.84
Khepupara,2010,9,85.83
Khepupara,2010,10,85.81
Khepupara,2010,11,82.7
Khepupara,2010,12,77.84
Khepupara,2011,1,75.52
Khepupara,2011,2,71.93
Khepupara,2011,3,72.16
Khepupara,2011,4,77.73
Khepupara,2011,5,81.58
Khepupara,2011,6,87.73
Khepupara,2011,7,86.1
Khepupara,2011,8,89.97
Khepupara,2011,9,88.83
Khepupara,2011,10,83.19
Khepupara,2011,11,81.23
Khepupara,2011,12,79.9
Khepupara,2012,1,76.29
Khepupara,2012,2,67.41
Khepupara,2012,3,76.03
Khepupara,2012,4,76.47
Khepupara,2012,5,77.16
Khepupara,2012,6,83.73
Khepupara,2012,7,89.13
Khepupara,2012,8,88.16
Khepupara,2012,9,88.87
Khepupara,2012,10,83.74
Khepupara,2012,11,80.03
Khepupara,2012,12,80.77
Khepupara,2013,1,71.74
Khepupara,2013,2,65.96
Khepupara,2013,3,72.84
Khepupara,2013,5,85.03
Khepupara,2013,6,84.83
Khepupara,2013,7,86.58
Khepupara,2013,8,86.74
Khepupara,2013,9,88
Khepupara,2013,10,88.19
Khepupara,2013,11,78.67
Khepupara,2013,12,78.26
Khepupara,2014,1,76.74
Khepupara,2014,2,74.32
Khepupara,2014,3,70.77
Khepupara,2014,4,73.8
Khepupara,2014,5,78.13
Khepupara,2014,6,85.2
Khepupara,2014,7,89.39
Khepupara,2014,8,88.97
Khepupara,2014,9,86.93
Khepupara,2014,10,84.03
Khepupara,2014,11,79.57
Khepupara,2014,12,79.19
Khepupara,2015,1,77.87
Khepupara,2015,2,76.89
Khepupara,2015,3,69.61
Khepupara,2015,4,78.13
Khepupara,2015,5,79.1
Khepupara,2015,6,85.5
Khepupara,2015,7,89.39
Khepupara,2015,8,87.29
Khepupara,2015,9,87.53
Khepupara,2015,10,86.74
Khepupara,2015,11,83.83
Khepupara,2015,12,80.65
Khepupara,2016,1,81.74
Khepupara,2016,2,81.86
Khepupara,2016,3,77.65
Khepupara,2016,4,80.1
Khepupara,2016,5,81.23
Khepupara,2016,6,84.97
Khepupara,2016,7,89.03
Khepupara,2016,8,88.16
Khepupara,2016,9,86.63
Khepupara,2016,10,87.03
Khepupara,2016,11,84.67
Khepupara,2016,12,82.1
Khepupara,2017,1,75.52
Khepupara,2017,2,75.07
Khepupara,2017,3,81.06
Khepupara,2017,4,81.37
Khepupara,2017,5,80.13
Khepupara,2017,6,86.2
Khepupara,2017,7,90.94
Khepupara,2017,8,88.03
Khepupara,2017,9,89.9
Khepupara,2017,10,88.42
Khepupara,2017,11,83.9
Khepupara,2017,12,85.52
Khepupara,2018,1,78.48
Khepupara,2018,2,78.21
Khepupara,2018,3,77.55
Khepupara,2018,4,77.47
Khepupara,2018,5,81.23
Khepupara,2018,6,87.8
Khepupara,2018,7,87.74
Khepupara,2018,8,86.35
Khepupara,2018,9,85.9
Khepupara,2018,10,85.55
Khepupara,2018,11,84
Khepupara,2018,12,78.42
Khepupara,2019,1,74.87
Khepupara,2019,2,74.89
Khepupara,2019,3,76.35
Khepupara,2019,4,77.4
Khepupara,2019,5,79.65
Khepupara,2019,6,84.13
Khepupara,2019,7,87.58
Khepupara,2019,8,86.77
Khepupara,2019,9,88.1
Khepupara,2019,10,86.87
Khepupara,2019,11,85.43
Khepupara,2019,12,81.06
Khepupara,2020,1,80.94
Khepupara,2020,2,73.79
Khepupara,2020,3,74.26
Khepupara,2020,4,81.1
Khepupara,2020,5,80.39
Khepupara,2020,6,88.4
Khepupara,2020,7,86.74
Khepupara,2020,8,89.16
Khepupara,2020,9,87.77
Khepupara,2020,10,87.29
Khepupara,2020,11,82.7
Khepupara,2020,12,84.31
Khepupara,2021,1,78.79
Khepupara,2021,2,71.73
Khepupara,2021,3,71
Khepupara,2021,4,67.5
Khepupara,2021,5,70.71
Khepupara,2021,6,84.87
Khepupara,2021,7,88.41
Khepupara,2021,8,89.48
Khepupara,2021,9,89.48
Khepupara,2021,10,87.78
Khepupara,2021,11,81.4
Khepupara,2021,12,83.06
Khepupara,2022,1,82.71
Khepupara,2022,2,77.18
Khepupara,2022,3,72.1
Khepupara,2022,4,78.8
Khepupara,2022,5,81.81
Khepupara,2022,6,84
Khepupara,2022,7,85
Khepupara,2022,8,86.32
Khepupara,2022,9,87.87
Khepupara,2022,10,85.29
Khepupara,2022,11,81.13
Khepupara,2022,12,82.84
Khepupara,2023,1,80.6
Khepupara,2023,2,76.54
Khepupara,2023,3,73.08
Khepupara,2023,4,71.15
Khepupara,2023,5,74.21
Khepupara,2023,6,83.98
Khepupara,2023,7,84.26
Khepupara,2023,8,90.31
Khepupara,2023,9,89.43
Khepupara,2023,10,86.44
Khepupara,2023,11,88.67
Khepupara,2023,12,87.23
Khepupara,2024,1,83
Khepupara,2024,2,77
Khepupara,2024,3,80
Khepupara,2024,4,77
Khepupara,2024,5,83
Khepupara,2024,6,84
Khepupara,2024,7,89
Khepupara,2024,8,91
Khepupara,2024,9,88
Khepupara,2024,10,85
Khepupara,2024,11,80
Khepupara,2024,12,75
Khulna,1948,1,67.03
Khulna,1948,2,68.03
Khulna,1948,3,63.06
Khulna,1948,4,71.53
Khulna,1948,5,76.35
Khulna,1948,6,81.57
Khulna,1948,7,85.71
Khulna,1948,8,83.42
Khulna,1948,9,84.73
Khulna,1948,10,76.19
Khulna,1948,11,73.47
Khulna,1948,12,67.19
Khulna,1949,1,68.06
Khulna,1949,2,68.93
Khulna,1949,3,76.97
Khulna,1949,4,77.4
Khulna,1949,5,83.58
Khulna,1949,6,86.4
Khulna,1949,7,89.9
Khulna,1949,8,87.9
Khulna,1949,9,85.87
Khulna,1949,10,82.45
Khulna,1949,11,70.07
Khulna,1949,12,68.61
Khulna,1950,1,72.06
Khulna,1950,2,70.32
Khulna,1950,3,63.23
Khulna,1950,4,70.3
Khulna,1950,5,76.03
Khulna,1950,6,85.77
Khulna,1950,7,85.58
Khulna,1950,8,86.55
Khulna,1950,9,82.8
Khulna,1950,10,79.39
Khulna,1950,11,76.53
Khulna,1950,12,77.03
Khulna,1951,1,72.1
Khulna,1951,2,66.93
Khulna,1951,3,68.52
Khulna,1951,4,70.47
Khulna,1951,5,76.29
Khulna,1951,6,84.67
Khulna,1951,7,86.45
Khulna,1951,8,86.45
Khulna,1951,9,83.1
Khulna,1951,10,83.94
Khulna,1951,11,77.87
Khulna,1951,12,75.68
Khulna,1952,1,76.19
Khulna,1952,2,70.76
Khulna,1952,3,71.23
Khulna,1952,4,75.33
Khulna,1952,5,78.81
Khulna,1952,6,86.37
Khulna,1952,7,87.68
Khulna,1952,8,85.55
Khulna,1952,9,86.43
Khulna,1952,10,83.84
Khulna,1952,11,79.93
Khulna,1952,12,76.52
Khulna,1953,1,74.16
Khulna,1953,2,72.57
Khulna,1953,3,80.48
Khulna,1953,4,76.1
Khulna,1953,5,79.74
Khulna,1953,6,85.8
Khulna,1953,7,88.58
Khulna,1953,8,87.84
Khulna,1953,9,87.27
Khulna,1953,10,82.52
Khulna,1953,11,77.4
Khulna,1953,12,76.9
Khulna,1954,1,73.1
Khulna,1954,2,71.21
Khulna,1954,3,67.61
Khulna,1954,4,75.6
Khulna,1954,5,80.52
Khulna,1954,6,88.77
Khulna,1954,7,87.13
Khulna,1954,8,86.97
Khulna,1954,9,86.6
Khulna,1954,10,81.81
Khulna,1954,11,75.43
Khulna,1954,12,76.39
Khulna,1955,1,71.03
Khulna,1955,2,63.14
Khulna,1955,3,73.58
Khulna,1955,4,69.57
Khulna,1955,5,75.35
Khulna,1955,6,86.37
Khulna,1955,7,89.1
Khulna,1955,8,89.74
Khulna,1955,9,87.27
Khulna,1955,10,85.74
Khulna,1955,11,80.67
Khulna,1955,12,77.16
Khulna,1957,1,79.03
Khulna,1957,2,74.54
Khulna,1957,3,63.39
Khulna,1957,4,69.3
Khulna,1957,5,77.61
Khulna,1957,6,85.73
Khulna,1957,7,89.52
Khulna,1957,8,86.45
Khulna,1957,9,86.33
Khulna,1957,10,81.52
Khulna,1957,11,75
Khulna,1957,12,75.84
Khulna,1958,1,75.87
Khulna,1958,2,73.57
Khulna,1958,3,67.65
Khulna,1958,4,72.73
Khulna,1958,5,77.61
Khulna,1958,6,84.37
Khulna,1958,7,91.55
Khulna,1958,8,88.45
Khulna,1958,9,86.53
Khulna,1958,10,81.68
Khulna,1958,11,78.03
Khulna,1958,12,76.81
Khulna,1959,1,75.52
Khulna,1959,2,67.54
Khulna,1959,3,75.1
Khulna,1959,4,80.1
Khulna,1959,5,81.1
Khulna,1959,6,84.5
Khulna,1959,7,90.45
Khulna,1959,8,88.45
Khulna,1959,9,89.77
Khulna,1959,10,86.74
Khulna,1959,11,73.83
Khulna,1959,12,76.13
Khulna,1960,1,66.74
Khulna,1960,2,65.1
Khulna,1960,3,67.52
Khulna,1960,4,65.47
Khulna,1960,5,76.84
Khulna,1960,6,87.37
Khulna,1960,7,91.52
Khulna,1960,8,89.97
Khulna,1960,9,88.53
Khulna,1960,10,80.77
Khulna,1960,11,75.6
Khulna,1960,12,81.06
Khulna,1961,1,80.71
Khulna,1961,2,74.57
Khulna,1961,3,82.87
Khulna,1961,4,77.1
Khulna,1961,5,86.13
Khulna,1961,6,85.9
Khulna,1961,7,88.19
Khulna,1961,8,89.35
Khulna,1961,9,87.27
Khulna,1961,10,80.81
Khulna,1961,11,73.93
Khulna,1961,12,79.84
Khulna,1962,1,72.97
Khulna,1962,2,73.04
Khulna,1962,3,60.29
Khulna,1962,4,78.4
Khulna,1962,5,84.52
Khulna,1962,6,91.8
Khulna,1962,8,89.81
Khulna,1962,9,87.4
Khulna,1962,10,80.65
Khulna,1962,11,74.83
Khulna,1962,12,72.67
Khulna,1963,1,66.58
Khulna,1963,2,64.5
Khulna,1963,4,78.2
Khulna,1963,5,82.26
Khulna,1963,6,89.13
Khulna,1963,7,89.65
Khulna,1963,8,90.55
Khulna,1963,9,89.27
Khulna,1963,10,83.48
Khulna,1963,11,75.23
Khulna,1963,12,73.03
Khulna,1964,1,69.26
Khulna,1964,2,70.21
Khulna,1964,3,68.84
Khulna,1964,4,77.8
Khulna,1964,5,74.23
Khulna,1964,6,85.23
Khulna,1964,7,89.23
Khulna,1964,8,88.48
Khulna,1964,9,86.53
Khulna,1964,10,85.77
Khulna,1964,11,74.53
Khulna,1964,12,71.68
Khulna,1965,1,68
Khulna,1965,2,65.79
Khulna,1965,3,63.1
Khulna,1965,4,67.87
Khulna,1965,5,72.48
Khulna,1965,6,84.23
Khulna,1965,7,89.03
Khulna,1965,8,92.16
Khulna,1965,9,88.07
Khulna,1965,10,78.16
Khulna,1965,11,74.67
Khulna,1965,12,69.03
Khulna,1966,1,70.03
Khulna,1966,2,68.82
Khulna,1966,3,66.1
Khulna,1966,4,63.9
Khulna,1966,5,70.84
Khulna,1966,6,86.73
Khulna,1966,7,90.65
Khulna,1966,8,90.84
Khulna,1968,1,66.25
Khulna,1968,2,71.89
Khulna,1968,3,59.9
Khulna,1968,4,72.53
Khulna,1968,5,63.87
Khulna,1968,6,88.93
Khulna,1968,7,91.27
Khulna,1968,8,89.6
Khulna,1968,9,88.03
Khulna,1968,10,87.23
Khulna,1968,11,79.73
Khulna,1968,12,76.48
Khulna,1969,1,68.61
Khulna,1969,2,82
Khulna,1969,3,70.55
Khulna,1969,4,68.67
Khulna,1969,5,68.9
Khulna,1969,6,88.47
Khulna,1969,7,94.39
Khulna,1969,8,92.55
Khulna,1969,9,90.97
Khulna,1969,10,85.74
Khulna,1969,11,72.3
Khulna,1969,12,72.81
Khulna,1970,1,73.77
Khulna,1970,2,78.21
Khulna,1970,3,72.26
Khulna,1970,4,72.03
Khulna,1970,5,77.55
Khulna,1970,6,90.37
Khulna,1970,7,91.13
Khulna,1970,8,92.32
Khulna,1970,9,93.17
Khulna,1970,10,89.52
Khulna,1970,11,83.47
Khulna,1970,12,69.73
Khulna,1971,3,57.05
Khulna,1971,5,76.95
Khulna,1971,6,92.42
Khulna,1971,7,94.71
Khulna,1971,8,92.96
Khulna,1971,9,87.28
Khulna,1971,10,82.8
Khulna,1971,11,73.96
Khulna,1971,12,67.12
Khulna,1972,1,71.05
Khulna,1972,2,73.04
Khulna,1972,3,70.44
Khulna,1972,4,74.62
Khulna,1972,5,74.83
Khulna,1972,7,89.58
Khulna,1973,4,70.5
Khulna,1973,5,72.5
Khulna,1973,6,74.46
Khulna,1973,7,77
Khulna,1973,8,65.85
Khulna,1973,9,58.12
Khulna,1973,12,77.09
Khulna,1974,2,53.79
Khulna,1974,3,65.16
Khulna,1974,4,74.57
Khulna,1974,5,74.35
Khulna,1974,6,82.2
Khulna,1974,7,88.03
Khulna,1974,8,84.32
Khulna,1974,9,85.13
Khulna,1974,10,79.03
Khulna,1974,11,69.6
Khulna,1974,12,65.52
Khulna,1976,1,62.61
Khulna,1976,2,64.86
Khulna,1976,3,60.81
Khulna,1976,4,63.67
Khulna,1976,5,77.17
Khulna,1976,6,81.93
Khulna,1976,7,85.55
Khulna,1976,8,86.06
Khulna,1976,9,84.27
Khulna,1976,10,74.06
Khulna,1976,11,71.2
Khulna,1976,12,62.39
Khulna,1977,1,59.26
Khulna,1977,2,59.25
Khulna,1977,3,65.23
Khulna,1977,4,75
Khulna,1977,5,82.26
Khulna,1977,6,89.04
Khulna,1977,8,86.65
Khulna,1977,9,85.83
Khulna,1977,11,77.53
Khulna,1977,12,74.29
Khulna,1978,1,66.32
Khulna,1978,2,65.14
Khulna,1978,3,66.32
Khulna,1978,4,77.73
Khulna,1978,5,81.77
Khulna,1978,6,87.9
Khulna,1978,7,89.39
Khulna,1978,8,86.84
Khulna,1978,9,86.9
Khulna,1978,10,78.81
Khulna,1978,11,69.53
Khulna,1978,12,66
Khulna,1979,1,71.35
Khulna,1979,2,65.64
Khulna,1979,3,63.23
Khulna,1979,4,74.07
Khulna,1979,5,73
Khulna,1979,6,81.43
Khulna,1979,7,84.23
Khulna,1979,8,85.19
Khulna,1979,9,83.43
Khulna,1979,10,75.26
Khulna,1979,11,72.7
Khulna,1979,12,74.52
Khulna,1980,1,75.48
Khulna,1980,2,71.62
Khulna,1980,3,70.74
Khulna,1980,4,80.77
Khulna,1980,5,82.52
Khulna,1980,6,89.17
Khulna,1980,7,91.42
Khulna,1980,8,87.94
Khulna,1980,9,87.27
Khulna,1980,10,85.61
Khulna,1980,11,76.27
Khulna,1980,12,77.16
Khulna,1981,1,78.52
Khulna,1981,2,75.36
Khulna,1981,3,75.52
Khulna,1981,4,81.3
Khulna,1981,5,84.03
Khulna,1981,6,84.83
Khulna,1981,7,89.74
Khulna,1981,8,86.42
Khulna,1981,9,87.8
Khulna,1981,10,79.55
Khulna,1981,11,75.47
Khulna,1981,12,77
Khulna,1982,1,72.9
Khulna,1982,2,72.5
Khulna,1982,3,70.42
Khulna,1982,4,78.97
Khulna,1982,5,74.39
Khulna,1982,6,85.97
Khulna,1982,7,84.84
Khulna,1982,8,89.48
Khulna,1982,9,86.1
Khulna,1982,10,81.39
Khulna,1982,11,79.03
Khulna,1982,12,74.52
Khulna,1983,1,76.19
Khulna,1983,2,73.39
Khulna,1983,3,74.48
Khulna,1983,4,73.53
Khulna,1983,5,80.87
Khulna,1983,6,87.17
Khulna,1983,8,88.61
Khulna,1983,9,89.33
Khulna,1983,10,87.06
Khulna,1983,11,81.33
Khulna,1983,12,82.68
Khulna,1984,1,80.39
Khulna,1984,2,76.03
Khulna,1984,3,76.19
Khulna,1984,4,86.2
Khulna,1984,5,84.35
Khulna,1984,6,88.4
Khulna,1984,7,89.52
Khulna,1984,8,89.26
Khulna,1984,9,89.87
Khulna,1984,10,88.19
Khulna,1984,11,79.77
Khulna,1984,12,81.45
Khulna,1985,1,82.84
Khulna,1985,2,72.75
Khulna,1985,3,81.13
Khulna,1985,4,81.17
Khulna,1985,5,80.81
Khulna,1985,6,86.53
Khulna,1985,7,88.16
Khulna,1985,8,86.97
Khulna,1985,9,87.3
Khulna,1985,10,83.84
Khulna,1985,11,81
Khulna,1985,12,77.77
Khulna,1986,1,77.97
Khulna,1986,2,70.21
Khulna,1986,3,70.87
Khulna,1986,4,80.7
Khulna,1986,5,81.32
Khulna,1986,6,85.47
Khulna,1986,7,89.06
Khulna,1986,8,85.06
Khulna,1986,9,88.63
Khulna,1986,10,85.48
Khulna,1986,11,82.73
Khulna,1986,12,79.06
Khulna,1987,1,75.97
Khulna,1987,2,71.18
Khulna,1987,3,68.94
Khulna,1987,4,77.83
Khulna,1987,5,79.42
Khulna,1987,6,82.2
Khulna,1987,7,89.65
Khulna,1987,8,86.81
Khulna,1987,9,88.73
Khulna,1987,10,81.13
Khulna,1987,11,80.33
Khulna,1987,12,80.94
Khulna,1988,1,77
Khulna,1988,2,74.55
Khulna,1988,3,73.16
Khulna,1988,4,76.53
Khulna,1988,5,82.35
Khulna,1988,6,86.63
Khulna,1988,7,86.94
Khulna,1988,8,87.84
Khulna,1988,9,84.7
Khulna,1988,10,82
Khulna,1988,11,80.3
Khulna,1988,12,80.84
Khulna,1989,1,72.87
Khulna,1989,2,69.82
Khulna,1989,3,63.9
Khulna,1989,4,72.97
Khulna,1989,5,79.55
Khulna,1989,6,85.1
Khulna,1989,7,85.42
Khulna,1989,8,84.1
Khulna,1989,9,87.33
Khulna,1989,10,86.35
Khulna,1989,11,81.03
Khulna,1989,12,77.35
Khulna,1990,1,77.19
Khulna,1990,2,77.89
Khulna,1990,3,79.35
Khulna,1990,4,78.5
Khulna,1990,5,80.97
Khulna,1990,6,86.07
Khulna,1990,7,88.68
Khulna,1990,8,84.97
Khulna,1990,9,88.47
Khulna,1990,10,85.39
Khulna,1990,11,81.77
Khulna,1990,12,79.13
Khulna,1991,1,78.06
Khulna,1991,2,75.46
Khulna,1991,3,73.19
Khulna,1991,4,75.37
Khulna,1991,5,81.1
Khulna,1991,6,87.53
Khulna,1991,7,86.16
Khulna,1991,8,86.84
Khulna,1991,9,88.63
Khulna,1991,10,86.39
Khulna,1991,11,79.57
Khulna,1991,12,79.68
Khulna,1992,1,80.35
Khulna,1992,2,78.07
Khulna,1992,3,73.26
Khulna,1992,4,72.17
Khulna,1992,5,80.03
Khulna,1992,6,82.2
Khulna,1992,7,88.35
Khulna,1992,8,86.1
Khulna,1992,9,85.07
Khulna,1992,10,83.97
Khulna,1992,11,80.93
Khulna,1992,12,78.68
Khulna,1993,1,76.26
Khulna,1993,2,74.07
Khulna,1993,3,68.23
Khulna,1993,4,74.1
Khulna,1993,5,82.06
Khulna,1993,6,85.53
Khulna,1993,7,86.61
Khulna,1993,8,88
Khulna,1993,9,88.53
Khulna,1993,10,85.26
Khulna,1993,11,80.93
Khulna,1993,12,77.77
Khulna,1994,1,76.71
Khulna,1994,2,75.5
Khulna,1994,3,72.32
Khulna,1994,4,73.97
Khulna,1994,5,79.48
Khulna,1994,6,87.77
Khulna,1994,7,86.97
Khulna,1994,8,86.74
Khulna,1994,9,83.17
Khulna,1994,10,81.55
Khulna,1994,11,80.73
Khulna,1994,12,76.97
Khulna,1995,1,75.68
Khulna,1995,2,76.82
Khulna,1995,3,68.84
Khulna,1995,4,73.17
Khulna,1995,5,81.06
Khulna,1995,6,86.6
Khulna,1995,7,88.26
Khulna,1995,8,87.29
Khulna,1995,9,88.1
Khulna,1995,10,84.9
Khulna,1995,11,83.5
Khulna,1995,12,78.39
Khulna,1996,1,77.42
Khulna,1996,2,78.31
Khulna,1996,3,76.77
Khulna,1996,4,80.03
Khulna,1996,5,79.97
Khulna,1996,6,84.43
Khulna,1996,7,84.74
Khulna,1996,8,86.58
Khulna,1996,9,84.33
Khulna,1996,10,80.81
Khulna,1996,11,78.93
Khulna,1996,12,74.87
Khulna,1997,1,74.13
Khulna,1997,2,70.96
Khulna,1997,3,72.45
Khulna,1997,4,75.77
Khulna,1997,5,77.26
Khulna,1997,6,82.37
Khulna,1997,7,87.1
Khulna,1997,8,85.65
Khulna,1997,9,88.23
Khulna,1997,10,79.81
Khulna,1997,11,75.87
Khulna,1997,12,80.1
Khulna,1998,1,81.26
Khulna,1998,2,77.07
Khulna,1998,3,73.48
Khulna,1998,4,76.67
Khulna,1998,5,77.55
Khulna,1998,6,82.27
Khulna,1998,7,86.13
Khulna,1998,8,86.87
Khulna,1998,9,85.13
Khulna,1998,10,84.19
Khulna,1998,11,80.6
Khulna,1998,12,78.35
Khulna,1999,1,76.74
Khulna,1999,2,72.07
Khulna,1999,3,67.03
Khulna,1999,4,72.67
Khulna,1999,5,82.42
Khulna,1999,6,84.57
Khulna,1999,7,88.23
Khulna,1999,8,87.1
Khulna,1999,9,88.63
Khulna,1999,10,86.16
Khulna,1999,11,78.7
Khulna,1999,12,78.32
Khulna,2000,1,77.42
Khulna,2000,2,73.52
Khulna,2000,3,69.35
Khulna,2000,4,79
Khulna,2000,5,79.61
Khulna,2000,6,86.77
Khulna,2000,7,88.06
Khulna,2000,8,85.06
Khulna,2000,9,85.83
Khulna,2000,10,84.94
Khulna,2000,11,80
Khulna,2000,12,76.68
Khulna,2001,1,73.71
Khulna,2001,2,73.32
Khulna,2001,3,71.45
Khulna,2001,4,75
Khulna,2001,5,79.23
Khulna,2001,6,89.07
Khulna,2001,7,87.74
Khulna,2001,8,84.13
Khulna,2001,9,86.83
Khulna,2001,10,87.03
Khulna,2001,11,82.23
Khulna,2001,12,80.32
Khulna,2002,1,79.23
Khulna,2002,2,71.75
Khulna,2002,3,71.32
Khulna,2002,4,75.8
Khulna,2002,5,79.23
Khulna,2002,6,86.9
Khulna,2002,7,86.87
Khulna,2002,8,89.58
Khulna,2002,9,87.37
Khulna,2002,10,81.97
Khulna,2002,11,82.3
Khulna,2002,12,81.9
Khulna,2003,1,81.32
Khulna,2003,2,75.29
Khulna,2003,3,75.39
Khulna,2003,4,76.97
Khulna,2003,5,76.03
Khulna,2003,6,85
Khulna,2003,7,86.42
Khulna,2003,8,85.55
Khulna,2003,9,87.83
Khulna,2003,10,86.84
Khulna,2003,11,78.47
Khulna,2003,12,82.45
Khulna,2004,1,82.81
Khulna,2004,2,72.41
Khulna,2004,3,73.45
Khulna,2004,4,77.03
Khulna,2004,5,76.77
Khulna,2004,6,85.17
Khulna,2004,7,86.03
Khulna,2004,8,87.26
Khulna,2004,9,87.27
Khulna,2004,10,83.26
Khulna,2004,11,78.83
Khulna,2004,12,79.68
Khulna,2005,1,79.26
Khulna,2005,2,75
Khulna,2005,3,82.52
Khulna,2005,4,80.83
Khulna,2005,5,81.84
Khulna,2005,6,81.93
Khulna,2005,7,86.06
Khulna,2005,8,85.9
Khulna,2005,9,85.4
Khulna,2005,10,87.13
Khulna,2005,11,80.8
Khulna,2005,12,77.65
Khulna,2006,1,76.71
Khulna,2006,2,73.43
Khulna,2006,3,67.81
Khulna,2006,4,70.43
Khulna,2006,5,76.39
Khulna,2006,6,83.7
Khulna,2006,7,86.55
Khulna,2006,8,86.45
Khulna,2006,9,85.77
Khulna,2006,10,83.32
Khulna,2006,11,80.4
Khulna,2006,12,79
Khulna,2007,1,77.77
Khulna,2007,2,79.64
Khulna,2007,3,69.77
Khulna,2007,4,74.93
Khulna,2007,5,75.84
Khulna,2007,6,83
Khulna,2007,7,87.61
Khulna,2007,8,84.13
Khulna,2007,9,90.6
Khulna,2007,10,88.81
Khulna,2007,11,86.03
Khulna,2007,12,80.77
Khulna,2008,1,80
Khulna,2008,2,74.1
Khulna,2008,3,77.16
Khulna,2008,4,74.33
Khulna,2008,5,74.26
Khulna,2008,6,84.23
Khulna,2008,7,88.48
Khulna,2008,8,85.97
Khulna,2008,9,85.73
Khulna,2008,10,84.19
Khulna,2008,11,78.7
Khulna,2008,12,84.39
Khulna,2009,1,81.58
Khulna,2009,2,73.32
Khulna,2009,3,72.29
Khulna,2009,4,71.77
Khulna,2009,5,74.9
Khulna,2009,6,80.9
Khulna,2009,7,86.9
Khulna,2009,8,87.26
Khulna,2009,9,85.27
Khulna,2009,10,81.84
Khulna,2009,11,78.2
Khulna,2009,12,80.19
Khulna,2010,1,78.68
Khulna,2010,2,72.64
Khulna,2010,3,71.29
Khulna,2010,4,72.37
Khulna,2010,5,77.42
Khulna,2010,6,83.7
Khulna,2010,7,84
Khulna,2010,8,83.65
Khulna,2010,9,84.6
Khulna,2010,10,84.1
Khulna,2010,11,79.93
Khulna,2010,12,78
Khulna,2011,1,76.71
Khulna,2011,2,70.75
Khulna,2011,3,70.13
Khulna,2011,4,72.8
Khulna,2011,5,78.13
Khulna,2011,6,84.73
Khulna,2011,7,84.13
Khulna,2011,8,88.61
Khulna,2011,9,87.57
Khulna,2011,10,79.52
Khulna,2011,11,81
Khulna,2011,12,83.39
Khulna,2012,1,80.97
Khulna,2012,2,71.45
Khulna,2012,3,73.71
Khulna,2012,4,77.27
Khulna,2012,5,79.81
Khulna,2012,6,84.93
Khulna,2012,7,90.42
Khulna,2012,8,90.87
Khulna,2012,9,90.03
Khulna,2012,10,85.81
Khulna,2012,11,81.3
Khulna,2012,12,87.65
Khulna,2013,1,83.71
Khulna,2013,2,77.5
Khulna,2013,3,70.1
Khulna,2013,4,71.43
Khulna,2013,5,82.77
Khulna,2013,6,84.83
Khulna,2013,7,90.58
Khulna,2013,8,91.65
Khulna,2013,9,85.47
Khulna,2013,10,86.74
Khulna,2013,11,75.3
Khulna,2013,12,78.9
Khulna,2014,1,81.16
Khulna,2014,2,73.96
Khulna,2014,3,68.19
Khulna,2014,4,66.67
Khulna,2014,5,74.29
Khulna,2014,6,83.8
Khulna,2014,7,86.39
Khulna,2014,8,85.52
Khulna,2014,9,84.97
Khulna,2014,10,79.58
Khulna,2014,11,75.93
Khulna,2014,12,82.84
Khulna,2015,1,80.19
Khulna,2015,2,74.79
Khulna,2015,3,68.9
Khulna,2015,4,76.23
Khulna,2015,5,76.74
Khulna,2015,6,83.37
Khulna,2015,7,90.19
Khulna,2015,8,86.94
Khulna,2015,9,85.43
Khulna,2015,10,81.42
Khulna,2015,11,79.87
Khulna,2015,12,84.74
Khulna,2016,1,79.74
Khulna,2016,2,77.83
Khulna,2016,3,74.52
Khulna,2016,4,74.23
Khulna,2016,5,77.65
Khulna,2016,6,83.8
Khulna,2016,7,87.39
Khulna,2016,8,85.55
Khulna,2016,9,82.87
Khulna,2016,10,81.39
Khulna,2016,11,80.63
Khulna,2016,12,82.84
Khulna,2017,1,78.19
Khulna,2017,2,73.32
Khulna,2017,3,74.94
Khulna,2017,4,74.7
Khulna,2017,5,76.42
Khulna,2017,6,83.93
Khulna,2017,7,88.29
Khulna,2017,8,86.87
Khulna,2017,9,86.13
Khulna,2017,10,87.45
Khulna,2017,11,80.17
Khulna,2017,12,85.32
Khulna,2018,1,78.94
Khulna,2018,2,73.71
Khulna,2018,3,71.39
Khulna,2018,4,73.83
Khulna,2018,5,79.97
Khulna,2018,6,82.3
Khulna,2018,7,86.58
Khulna,2018,8,83.68
Khulna,2018,9,83.4
Khulna,2018,10,80
Khulna,2018,11,77.9
Khulna,2018,12,76.61
Khulna,2019,1,74.77
Khulna,2019,2,72.18
Khulna,2019,3,72.23
Khulna,2019,4,73.23
Khulna,2019,5,76.23
Khulna,2019,6,81.93
Khulna,2019,7,85.35
Khulna,2019,8,84.52
Khulna,2019,9,86.07
Khulna,2019,10,85.19
Khulna,2019,11,82.17
Khulna,2019,12,81.81
Khulna,2020,1,80.81
Khulna,2020,2,72.52
Khulna,2020,3,66.87
Khulna,2020,4,72.9
Khulna,2020,5,76.9
Khulna,2020,6,83.5
Khulna,2020,7,84.13
Khulna,2020,8,85.71
Khulna,2020,9,84.2
Khulna,2020,10,82.84
Khulna,2020,11,74.9
Khulna,2020,12,82.9
Khulna,2021,1,75.65
Khulna,2021,2,66.3
Khulna,2021,3,62.03
Khulna,2021,4,59.82
Khulna,2021,5,66.87
Khulna,2021,6,81.3
Khulna,2021,7,85.53
Khulna,2021,8,86.01
Khulna,2021,9,85.88
Khulna,2021,10,82.51
Khulna,2021,11,76.29
Khulna,2021,12,81.01
Khulna,2022,1,78.87
Khulna,2022,2,74.18
Khulna,2022,3,69.06
Khulna,2022,4,74.5
Khulna,2022,5,74.74
Khulna,2022,6,79.7
Khulna,2022,7,79.48
Khulna,2022,8,82
Khulna,2022,9,82.73
Khulna,2022,10,80.26
Khulna,2022,11,76.13
Khulna,2022,12,82.23
Khulna,2023,1,79.44
Khulna,2023,2,72.05
Khulna,2023,3,68.29
Khulna,2023,4,61.82
Khulna,2023,5,65.63
Khulna,2023,6,76.43
Khulna,2023,7,77.84
Khulna,2023,8,83.95
Khulna,2023,9,82.85
Khulna,2023,10,74.52
Khulna,2023,11,74.38
Khulna,2023,12,82.15
Khulna,2024,1,83
Khulna,2024,2,75
Khulna,2024,3,72
Khulna,2024,4,68
Khulna,2024,5,75
Khulna,2024,6,80
Khulna,2024,7,87
Khulna,2024,8,88
Khulna,2024,9,84
Khulna,2024,10,84
Khulna,2024,11,76
Khulna,2024,12,76
Koyra,2023,8,82.06
Koyra,2023,9,83.43
Koyra,2023,10,76.81
Koyra,2023,11,77.72
Koyra,2023,12,77.23
Kumarkhali,2020,12,82.98
Kumarkhali,2021,1,79.58
Kumarkhali,2021,2,67.79
Kumarkhali,2021,3,56.5
Kumarkhali,2021,4,57.73
Kumarkhali,2021,5,68.74
Kumarkhali,2021,6,84.2
Kumarkhali,2021,7,85.3
Kumarkhali,2021,8,86.78
Kumarkhali,2021,9,84.21
Kumarkhali,2021,10,82.13
Kumarkhali,2021,11,79.37
Kumarkhali,2021,12,79.82
Kumarkhali,2023,1,83.63
Kumarkhali,2023,2,69.05
Kumarkhali,2023,3,63.71
Kumarkhali,2023,4,57.53
Kumarkhali,2023,5,68.44
Kumarkhali,2023,6,74.3
Kumarkhali,2023,7,77.21
Kumarkhali,2023,8,83.23
Kumarkhali,2023,9,82.8
Kumarkhali,2023,10,81.14
Kumarkhali,2023,11,81.22
Kumarkhali,2023,12,82.55
Kutubdia,1977,6,91.46
Kutubdia,1977,7,88.81
Kutubdia,1977,8,84.77
Kutubdia,1977,9,83.03
Kutubdia,1977,10,78.26
Kutubdia,1977,11,69.7
Kutubdia,1977,12,60.87
Kutubdia,1979,1,73.71
Kutubdia,1979,2,77.07
Kutubdia,1979,3,76.77
Kutubdia,1979,4,79.33
Kutubdia,1979,5,78.35
Kutubdia,1979,6,85.8
Kutubdia,1979,7,87.19
Kutubdia,1979,8,88.81
Kutubdia,1979,9,88.97
Kutubdia,1979,10,82.35
Kutubdia,1979,11,78.87
Kutubdia,1979,12,74.84
Kutubdia,1980,1,68.81
Kutubdia,1980,2,72.76
Kutubdia,1980,3,79.4
Kutubdia,1980,4,80.1
Kutubdia,1980,5,80.94
Kutubdia,1980,6,87.57
Kutubdia,1980,7,90.03
Kutubdia,1980,11,81.1
Kutubdia,1980,12,75.55
Kutubdia,1985,1,72.61
Kutubdia,1985,2,72.14
Kutubdia,1985,3,82.19
Kutubdia,1985,4,81.67
Kutubdia,1985,5,81.71
Kutubdia,1985,6,87.37
Kutubdia,1985,7,88.74
Kutubdia,1985,8,88.16
Kutubdia,1985,9,88.23
Kutubdia,1985,10,81.81
Kutubdia,1985,11,79.57
Kutubdia,1985,12,77.19
Kutubdia,1986,1,78.55
Kutubdia,1986,2,68.86
Kutubdia,1986,3,79.29
Kutubdia,1986,4,81.13
Kutubdia,1986,5,78.65
Kutubdia,1986,6,86.43
Kutubdia,1986,7,86.94
Kutubdia,1986,8,86.42
Kutubdia,1986,9,86.27
Kutubdia,1986,10,84.45
Kutubdia,1986,11,81.6
Kutubdia,1986,12,78.13
Kutubdia,1987,1,80.1
Kutubdia,1987,2,80.5
Kutubdia,1987,3,80.26
Kutubdia,1987,4,83.1
Kutubdia,1987,5,79.65
Kutubdia,1987,6,88.2
Kutubdia,1987,7,91.19
Kutubdia,1987,8,88.19
Kutubdia,1987,9,87.83
Kutubdia,1987,10,82.16
Kutubdia,1987,11,79.6
Kutubdia,1987,12,76.77
Kutubdia,1988,1,73.42
Kutubdia,1988,2,77.86
Kutubdia,1988,3,80.68
Kutubdia,1988,4,80.6
Kutubdia,1988,5,81.65
Kutubdia,1988,6,86.63
Kutubdia,1988,7,88.13
Kutubdia,1988,8,88.1
Kutubdia,1988,9,85.83
Kutubdia,1988,10,82.42
Kutubdia,1988,11,79.53
Kutubdia,1988,12,78.42
Kutubdia,1989,1,68.65
Kutubdia,1989,2,77.61
Kutubdia,1989,3,77.39
Kutubdia,1989,4,82.97
Kutubdia,1989,5,80.71
Kutubdia,1989,6,85.33
Kutubdia,1989,7,88.35
Kutubdia,1989,8,85.94
Kutubdia,1989,9,87.2
Kutubdia,1989,10,89.42
Kutubdia,1989,11,78.13
Kutubdia,1989,12,78.52
Kutubdia,1990,1,81.48
Kutubdia,1990,2,80.96
Kutubdia,1990,3,81.71
Kutubdia,1990,4,82.63
Kutubdia,1990,5,83.61
Kutubdia,1990,6,88.67
Kutubdia,1990,7,92.1
Kutubdia,1990,8,86.94
Kutubdia,1990,9,88.07
Kutubdia,1990,10,84.65
Kutubdia,1990,11,82.3
Kutubdia,1990,12,78.48
Kutubdia,1991,1,77.06
Kutubdia,1991,2,78.18
Kutubdia,1991,3,80.42
Kutubdia,1991,4,82.83
Kutubdia,1991,5,80.67
Kutubdia,1991,6,87.83
Kutubdia,1991,7,88.87
Kutubdia,1991,8,88.39
Kutubdia,1991,9,86.7
Kutubdia,1991,10,87
Kutubdia,1991,11,82.7
Kutubdia,1991,12,82.87
Kutubdia,1992,1,83.84
Kutubdia,1992,2,78.24
Kutubdia,1992,3,84.55
Kutubdia,1992,4,82.37
Kutubdia,1992,5,82.94
Kutubdia,1992,6,82.97
Kutubdia,1992,7,89.23
Kutubdia,1992,8,87.61
Kutubdia,1992,9,86.97
Kutubdia,1992,10,84.71
Kutubdia,1992,11,80.27
Kutubdia,1992,12,75.68
Kutubdia,1993,1,77.32
Kutubdia,1993,2,85.14
Kutubdia,1993,3,82.29
Kutubdia,1993,4,84.43
Kutubdia,1993,5,87.16
Kutubdia,1993,6,89.23
Kutubdia,1993,7,88.45
Kutubdia,1993,8,88.32
Kutubdia,1993,9,85.43
Kutubdia,1993,10,81.68
Kutubdia,1993,11,80.7
Kutubdia,1993,12,79.26
Kutubdia,1994,1,75.79
Kutubdia,1994,2,72.68
Kutubdia,1994,3,82.35
Kutubdia,1994,4,81.7
Kutubdia,1994,5,84.71
Kutubdia,1994,6,86.87
Kutubdia,1994,7,88.19
Kutubdia,1994,8,86.84
Kutubdia,1994,9,83.07
Kutubdia,1994,10,81.9
Kutubdia,1994,11,78.2
Kutubdia,1994,12,68.58
Kutubdia,1995,1,66.16
Kutubdia,1995,2,76.32
Kutubdia,1995,3,71.45
Kutubdia,1995,4,79.9
Kutubdia,1995,5,81.81
Kutubdia,1995,6,85.3
Kutubdia,1995,7,92.52
Kutubdia,1995,8,88.9
Kutubdia,1995,9,88.47
Kutubdia,1995,10,85.29
Kutubdia,1995,11,86.63
Kutubdia,1995,12,74.16
Kutubdia,1996,1,73.9
Kutubdia,1996,2,74.24
Kutubdia,1996,3,86.23
Kutubdia,1996,4,82.03
Kutubdia,1996,5,80.1
Kutubdia,1996,6,84.47
Kutubdia,1996,7,86.16
Kutubdia,1996,8,87.58
Kutubdia,1996,9,84.4
Kutubdia,1996,10,81.19
Kutubdia,1996,11,77.47
Kutubdia,1996,12,72.35
Kutubdia,1997,1,64.58
Kutubdia,1997,2,72.54
Kutubdia,1997,3,82.13
Kutubdia,1997,4,81.23
Kutubdia,1997,5,81.13
Kutubdia,1997,6,84.17
Kutubdia,1997,7,88.71
Kutubdia,1997,8,86.29
Kutubdia,1997,9,86.4
Kutubdia,1997,10,79.71
Kutubdia,1997,11,82.8
Kutubdia,1997,12,82.71
Kutubdia,1998,1,82.06
Kutubdia,1998,2,82.29
Kutubdia,1998,3,80.42
Kutubdia,1998,4,83.4
Kutubdia,1998,5,85.94
Kutubdia,1998,6,86.13
Kutubdia,1998,7,91.06
Kutubdia,1998,8,89.68
Kutubdia,1998,9,84.87
Kutubdia,1998,10,83.26
Kutubdia,1998,11,80.83
Kutubdia,1998,12,79.61
Kutubdia,1999,1,76.61
Kutubdia,1999,2,81.54
Kutubdia,1999,3,85.87
Kutubdia,1999,4,83.43
Kutubdia,1999,5,86.68
Kutubdia,1999,6,86.5
Kutubdia,1999,7,86.87
Kutubdia,1999,8,89.71
Kutubdia,1999,9,86.43
Kutubdia,1999,10,84.26
Kutubdia,1999,11,74.53
Kutubdia,1999,12,77.19
Kutubdia,2000,1,75.42
Kutubdia,2000,2,68.79
Kutubdia,2000,3,80.84
Kutubdia,2000,4,81.83
Kutubdia,2000,5,85.1
Kutubdia,2000,6,89
Kutubdia,2000,7,88.77
Kutubdia,2000,8,85.94
Kutubdia,2000,9,84.7
Kutubdia,2000,10,84.65
Kutubdia,2000,11,78.13
Kutubdia,2000,12,73.84
Kutubdia,2001,1,68.65
Kutubdia,2001,2,75.11
Kutubdia,2001,3,75.42
Kutubdia,2001,4,81.93
Kutubdia,2001,5,83.55
Kutubdia,2001,6,89.17
Kutubdia,2001,7,88.52
Kutubdia,2001,8,86.84
Kutubdia,2001,9,85.37
Kutubdia,2001,10,85.16
Kutubdia,2001,11,81.7
Kutubdia,2001,12,76.74
Kutubdia,2002,1,75.58
Kutubdia,2002,2,73.07
Kutubdia,2002,3,79.06
Kutubdia,2002,4,81.63
Kutubdia,2002,5,82
Kutubdia,2002,6,86.13
Kutubdia,2002,7,90.16
Kutubdia,2002,8,87.55
Kutubdia,2002,9,82.13
Kutubdia,2002,10,80.84
Kutubdia,2002,12,73.77
Kutubdia,2003,1,76.9
Kutubdia,2003,2,74.11
Kutubdia,2003,3,74.77
Kutubdia,2003,4,78.27
Kutubdia,2003,5,79.52
Kutubdia,2003,6,89.4
Kutubdia,2003,7,84.23
Kutubdia,2003,8,84.77
Kutubdia,2003,9,84.37
Kutubdia,2003,10,82.32
Kutubdia,2003,11,72.87
Kutubdia,2003,12,74.55
Kutubdia,2004,1,77.71
Kutubdia,2004,2,74.07
Kutubdia,2004,3,77.45
Kutubdia,2004,4,80.33
Kutubdia,2004,5,79.29
Kutubdia,2004,6,82.73
Kutubdia,2004,7,86
Kutubdia,2004,8,85.81
Kutubdia,2004,9,85.03
Kutubdia,2004,10,83.06
Kutubdia,2004,11,74.63
Kutubdia,2004,12,71.68
Kutubdia,2005,1,70.81
Kutubdia,2005,2,74.57
Kutubdia,2005,3,81.03
Kutubdia,2005,4,78.27
Kutubdia,2005,5,77.45
Kutubdia,2005,6,82.63
Kutubdia,2005,7,85.19
Kutubdia,2005,8,88.74
Kutubdia,2005,9,84.17
Kutubdia,2005,10,82.71
Kutubdia,2005,11,76.83
Kutubdia,2005,12,74.58
Kutubdia,2006,1,73.19
Kutubdia,2006,2,80.96
Kutubdia,2006,3,72.55
Kutubdia,2006,4,75.8
Kutubdia,2006,5,78.97
Kutubdia,2006,6,84.27
Kutubdia,2006,7,86.52
Kutubdia,2006,8,83.87
Kutubdia,2006,9,84.6
Kutubdia,2006,10,82.35
Kutubdia,2006,11,75.4
Kutubdia,2006,12,73.26
Kutubdia,2007,1,73.58
Kutubdia,2007,2,74.21
Kutubdia,2007,3,72
Kutubdia,2007,4,80.9
Kutubdia,2007,5,80.35
Kutubdia,2007,6,82.7
Kutubdia,2007,7,87.77
Kutubdia,2007,8,85.55
Kutubdia,2007,9,86.27
Kutubdia,2007,10,83.32
Kutubdia,2007,11,82.5
Kutubdia,2007,12,73.26
Kutubdia,2008,1,75.71
Kutubdia,2008,2,70.07
Kutubdia,2008,3,81.77
Kutubdia,2008,4,75.23
Kutubdia,2008,5,76.68
Kutubdia,2008,6,83.53
Kutubdia,2008,7,87.58
Kutubdia,2008,8,85.65
Kutubdia,2008,9,84.27
Kutubdia,2008,10,81.42
Kutubdia,2008,11,76
Kutubdia,2008,12,77.32
Kutubdia,2009,1,71.84
Kutubdia,2009,2,71.39
Kutubdia,2009,3,80.58
Kutubdia,2009,4,80.93
Kutubdia,2009,5,76.45
Kutubdia,2009,6,81.1
Kutubdia,2009,7,86.61
Kutubdia,2009,8,86.35
Kutubdia,2009,9,84.1
Kutubdia,2009,10,79.48
Kutubdia,2009,11,74.9
Kutubdia,2009,12,70.26
Kutubdia,2010,1,73.06
Kutubdia,2010,2,69.14
Kutubdia,2010,3,78.45
Kutubdia,2010,4,77.4
Kutubdia,2010,5,76.42
Kutubdia,2010,6,84.6
Kutubdia,2010,7,83.16
Kutubdia,2010,8,83.42
Kutubdia,2010,9,82.73
Kutubdia,2010,10,82.42
Kutubdia,2010,11,75.97
Kutubdia,2010,12,71.68
Kutubdia,2011,1,67.32
Kutubdia,2011,2,70.36
Kutubdia,2011,3,73.42
Kutubdia,2011,4,79.1
Kutubdia,2011,5,80.58
Kutubdia,2011,6,86.57
Kutubdia,2011,7,87.03
Kutubdia,2011,8,87.61
Kutubdia,2011,9,87.57
Kutubdia,2011,10,82.13
Kutubdia,2011,11,75.67
Kutubdia,2011,12,77.77
Kutubdia,2012,1,70.48
Kutubdia,2012,2,68.1
Kutubdia,2012,3,79
Kutubdia,2012,4,83.83
Kutubdia,2012,5,86.16
Kutubdia,2012,6,89.97
Kutubdia,2012,7,92.97
Kutubdia,2012,8,91.52
Kutubdia,2012,9,87.33
Kutubdia,2012,10,83.39
Kutubdia,2012,11,82.83
Kutubdia,2012,12,81.65
Kutubdia,2013,1,81.35
Kutubdia,2013,2,80.57
Kutubdia,2013,3,81
Kutubdia,2013,4,87.9
Kutubdia,2013,5,87.97
Kutubdia,2013,6,89.7
Kutubdia,2013,7,89.23
Kutubdia,2013,8,88.55
Kutubdia,2013,9,88.97
Kutubdia,2013,10,89.81
Kutubdia,2013,11,77
Kutubdia,2013,12,76.55
Kutubdia,2014,1,78.9
Kutubdia,2014,2,76.89
Kutubdia,2014,3,74.58
Kutubdia,2014,4,79
Kutubdia,2014,5,78.84
Kutubdia,2014,6,82.07
Kutubdia,2014,7,83.52
Kutubdia,2014,8,87.97
Kutubdia,2014,9,88.6
Kutubdia,2014,10,84.61
Kutubdia,2014,11,76.3
Kutubdia,2014,12,74.61
Kutubdia,2015,1,77.97
Kutubdia,2015,2,71.93
Kutubdia,2015,3,69.32
Kutubdia,2015,4,79
Kutubdia,2015,5,77.84
Kutubdia,2015,6,85.97
Kutubdia,2015,7,88.23
Kutubdia,2015,8,84.87
Kutubdia,2015,9,83.07
Kutubdia,2015,10,82.55
Kutubdia,2015,11,77.97
Kutubdia,2015,12,76.71
Kutubdia,2016,1,78.1
Kutubdia,2016,2,79.76
Kutubdia,2016,3,79.06
Kutubdia,2016,4,79.6
Kutubdia,2016,5,79.1
Kutubdia,2016,6,81.5
Kutubdia,2016,7,86.74
Kutubdia,2016,8,84.42
Kutubdia,2016,9,83.5
Kutubdia,2016,10,82.32
Kutubdia,2016,11,79.53
Kutubdia,2016,12,78.19
Kutubdia,2017,1,72
Kutubdia,2017,2,72.43
Kutubdia,2017,3,77.19
Kutubdia,2017,4,81.17
Kutubdia,2017,5,79.13
Kutubdia,2017,6,83.37
Kutubdia,2017,7,87.65
Kutubdia,2017,8,84.84
Kutubdia,2017,9,85.9
Kutubdia,2017,10,82.55
Kutubdia,2017,11,77.63
Kutubdia,2017,12,78.77
Kutubdia,2018,1,72.1
Kutubdia,2018,2,76.82
Kutubdia,2018,3,79.03
Kutubdia,2018,4,75.47
Kutubdia,2018,5,78.29
Kutubdia,2018,6,85.2
Kutubdia,2018,7,86.16
Kutubdia,2018,8,83.74
Kutubdia,2018,9,84.37
Kutubdia,2018,10,83.26
Kutubdia,2018,11,76.8
Kutubdia,2018,12,74.06
Kutubdia,2019,1,73.65
Kutubdia,2019,2,77.04
Kutubdia,2019,3,79.61
Kutubdia,2019,4,78.63
Kutubdia,2019,5,79.45
Kutubdia,2019,6,81
Kutubdia,2019,7,87.42
Kutubdia,2019,8,83.81
Kutubdia,2019,9,84.97
Kutubdia,2019,10,83.03
Kutubdia,2019,11,79.57
Kutubdia,2019,12,76.87
Kutubdia,2020,1,77.65
Kutubdia,2020,2,73.72
Kutubdia,2020,3,73.94
Kutubdia,2020,4,77.67
Kutubdia,2020,5,79.68
Kutubdia,2020,6,83.87
Kutubdia,2020,7,85.52
Kutubdia,2020,8,86.55
Kutubdia,2020,9,85.17
Kutubdia,2020,10,83.32
Kutubdia,2020,11,79.73
Kutubdia,2020,12,76.66
Kutubdia,2021,1,72.11
Kutubdia,2021,2,69.18
Kutubdia,2021,3,71.14
Kutubdia,2021,4,72.95
Kutubdia,2021,5,73.89
Kutubdia,2021,6,84.9
Kutubdia,2021,7,86.61
Kutubdia,2021,8,86.92
Kutubdia,2021,9,83.5
Kutubdia,2021,10,82.65
Kutubdia,2021,11,74.93
Kutubdia,2021,12,76.12
Kutubdia,2022,1,74
Kutubdia,2022,2,77.68
Kutubdia,2022,3,83.61
Kutubdia,2022,4,80
Kutubdia,2022,5,80
Kutubdia,2022,6,83.63
Kutubdia,2022,7,80.32
Kutubdia,2022,8,81.35
Kutubdia,2022,9,83.7
Kutubdia,2022,10,80.06
Kutubdia,2022,11,76.3
Kutubdia,2022,12,74
Kutubdia,2023,1,69.18
Kutubdia,2023,2,69.75
Kutubdia,2023,3,71.02
Kutubdia,2023,4,70.58
Kutubdia,2023,5,73.1
Kutubdia,2023,6,79.18
Kutubdia,2023,7,78.58
Kutubdia,2023,8,83.95
Kutubdia,2023,9,81.25
Kutubdia,2023,10,78.32
Kutubdia,2023,11,73.97
Kutubdia,2023,12,74.98
Kutubdia,2024,1,76
Kutubdia,2024,2,75
Kutubdia,2024,3,73
Kutubdia,2024,4,75
Kutubdia,2024,5,78
Kutubdia,2024,6,82
Kutubdia,2024,7,85
Kutubdia,2024,8,87
Kutubdia,2024,9,84
Kutubdia,2024,10,82
Kutubdia,2024,11,75
Kutubdia,2024,12,71
Madaripur,1977,1,70.45
Madaripur,1977,2,71.5
Madaripur,1977,3,70.42
Madaripur,1977,4,81.83
Madaripur,1977,5,81.81
Madaripur,1977,6,87.8
Madaripur,1977,7,88.55
Madaripur,1977,8,85.94
Madaripur,1977,9,84.57
Madaripur,1977,10,82.45
Madaripur,1977,11,80.6
Madaripur,1977,12,76.77
Madaripur,1978,1,71.26
Madaripur,1978,2,65.07
Madaripur,1978,3,62.68
Madaripur,1978,4,76.9
Madaripur,1978,5,82.06
Madaripur,1978,6,87.5
Madaripur,1978,7,88.1
Madaripur,1978,8,85.81
Madaripur,1978,9,86.47
Madaripur,1978,10,80.65
Madaripur,1978,11,74.57
Madaripur,1978,12,71.61
Madaripur,1980,1,64.23
Madaripur,1980,2,63.31
Madaripur,1980,3,64.16
Madaripur,1980,4,66.67
Madaripur,1980,5,75.97
Madaripur,1980,6,85.1
Madaripur,1980,7,86.68
Madaripur,1980,8,84.55
Madaripur,1980,9,81.7
Madaripur,1980,10,76.74
Madaripur,1980,11,64.83
Madaripur,1980,12,65.35
Madaripur,1981,1,72.06
Madaripur,1981,2,66.39
Madaripur,1981,3,70.94
Madaripur,1981,4,77.27
Madaripur,1981,5,79.35
Madaripur,1981,6,81.03
Madaripur,1981,7,87.74
Madaripur,1982,1,64.35
Madaripur,1982,2,64.21
Madaripur,1982,3,60.32
Madaripur,1982,4,69.17
Madaripur,1982,5,71.87
Madaripur,1982,6,85.63
Madaripur,1982,7,83.71
Madaripur,1982,8,86.71
Madaripur,1982,9,83
Madaripur,1982,10,72.26
Madaripur,1982,11,71.47
Madaripur,1982,12,62.84
Madaripur,1983,1,69.9
Madaripur,1983,2,65.54
Madaripur,1983,3,72.9
Madaripur,1983,4,72.17
Madaripur,1983,5,77.42
Madaripur,1983,6,83.53
Madaripur,1983,7,86.65
Madaripur,1983,8,86.61
Madaripur,1983,9,85.8
Madaripur,1983,10,81
Madaripur,1983,11,73.1
Madaripur,1983,12,69.97
Madaripur,1984,1,69.26
Madaripur,1984,2,65.11
Madaripur,1984,3,54.23
Madaripur,1984,4,69.27
Madaripur,1984,5,78.94
Madaripur,1984,6,83.53
Madaripur,1984,7,81.94
Madaripur,1984,8,84.65
Madaripur,1984,9,78.3
Madaripur,1984,10,77.81
Madaripur,1984,11,68.6
Madaripur,1984,12,67
Madaripur,1985,1,68.87
Madaripur,1985,2,60.21
Madaripur,1985,3,64.06
Madaripur,1985,4,68.63
Madaripur,1985,5,75.16
Madaripur,1985,6,81.87
Madaripur,1985,7,82.65
Madaripur,1985,8,82.1
Madaripur,1985,9,82
Madaripur,1985,10,72.55
Madaripur,1985,11,68.77
Madaripur,1985,12,67.61
Madaripur,1986,1,70.52
Madaripur,1986,2,61.54
Madaripur,1986,3,55.61
Madaripur,1986,4,69.4
Madaripur,1986,5,74.06
Madaripur,1986,6,79.77
Madaripur,1986,7,83.74
Madaripur,1986,8,81.26
Madaripur,1986,9,83.93
Madaripur,1986,10,77.23
Madaripur,1986,11,75.47
Madaripur,1986,12,71.68
Madaripur,1987,1,69.06
Madaripur,1987,2,62.75
Madaripur,1987,3,63.29
Madaripur,1987,4,67.5
Madaripur,1987,5,72.35
Madaripur,1987,6,80.3
Madaripur,1987,7,86.65
Madaripur,1987,8,82.35
Madaripur,1987,9,81.27
Madaripur,1987,10,74
Madaripur,1987,11,71.83
Madaripur,1987,12,73.19
Madaripur,1988,1,71.39
Madaripur,1988,2,66.59
Madaripur,1988,3,66.55
Madaripur,1988,4,68.57
Madaripur,1988,5,78.45
Madaripur,1988,6,83.47
Madaripur,1988,7,82.58
Madaripur,1988,8,83.81
Madaripur,1988,9,76.38
Madaripur,1988,10,72.32
Madaripur,1988,11,69.1
Madaripur,1988,12,73.77
Madaripur,1989,1,63.74
Madaripur,1989,2,61.25
Madaripur,1989,3,56.23
Madaripur,1989,4,66.43
Madaripur,1989,5,72.45
Madaripur,1989,6,79.6
Madaripur,1989,7,81.87
Madaripur,1989,8,80.65
Madaripur,1989,9,83.43
Madaripur,1989,10,80.42
Madaripur,1989,11,72.2
Madaripur,1989,12,70.52
Madaripur,1990,1,74.65
Madaripur,1990,2,71.89
Madaripur,1990,3,75.19
Madaripur,1990,4,74.23
Madaripur,1990,5,76.35
Madaripur,1990,6,81.77
Madaripur,1990,7,84.74
Madaripur,1990,8,80.45
Madaripur,1990,9,81.27
Madaripur,1990,10,76.58
Madaripur,1990,11,72.83
Madaripur,1990,12,70.74
Madaripur,1991,1,72.52
Madaripur,1991,2,65.79
Madaripur,1991,3,65.23
Madaripur,1991,4,71.2
Madaripur,1991,5,80.35
Madaripur,1991,6,84.93
Madaripur,1991,7,83.74
Madaripur,1991,8,84.23
Madaripur,1991,9,83.67
Madaripur,1991,10,81.1
Madaripur,1991,11,70.5
Madaripur,1991,12,74.29
Madaripur,1992,1,75.65
Madaripur,1992,2,71.45
Madaripur,1992,3,64.65
Madaripur,1992,4,63.47
Madaripur,1992,5,73.77
Madaripur,1992,6,78.8
Madaripur,1992,7,85.23
Madaripur,1992,8,82.06
Madaripur,1992,9,80.87
Madaripur,1992,10,76.19
Madaripur,1992,11,71.2
Madaripur,1992,12,71.68
Madaripur,1993,1,71.84
Madaripur,1993,2,68.86
Madaripur,1993,3,60.45
Madaripur,1993,4,68.97
Madaripur,1993,5,77.87
Madaripur,1993,6,82.17
Madaripur,1993,7,84.74
Madaripur,1993,8,84.35
Madaripur,1993,9,83.43
Madaripur,1993,10,79
Madaripur,1993,11,73.33
Madaripur,1993,12,71.1
Madaripur,1994,1,72.03
Madaripur,1994,2,68.18
Madaripur,1994,3,65.48
Madaripur,1994,4,69.53
Madaripur,1994,5,76.94
Madaripur,1994,6,84.57
Madaripur,1994,7,84.19
Madaripur,1994,8,83.19
Madaripur,1994,9,80.57
Madaripur,1994,10,80.61
Madaripur,1994,11,79.77
Madaripur,1994,12,77.35
Madaripur,1995,1,75.9
Madaripur,1995,2,77.14
Madaripur,1995,3,65.03
Madaripur,1995,4,71.37
Madaripur,1995,5,80.1
Madaripur,1995,6,86.8
Madaripur,1995,7,87.39
Madaripur,1995,8,85
Madaripur,1995,9,85.77
Madaripur,1995,10,82.1
Madaripur,1995,11,81.97
Madaripur,1995,12,81.94
Madaripur,1996,1,79.81
Madaripur,1996,2,75.52
Madaripur,1996,3,73.84
Madaripur,1996,4,74.6
Madaripur,1996,5,79.48
Madaripur,1996,6,85.83
Madaripur,1996,7,86.42
Madaripur,1996,8,86.55
Madaripur,1996,9,84.63
Madaripur,1996,10,81.03
Madaripur,1996,11,80.23
Madaripur,1996,12,79.03
Madaripur,1997,1,79
Madaripur,1997,2,76.29
Madaripur,1997,3,76.39
Madaripur,1997,4,79.7
Madaripur,1997,5,81.68
Madaripur,1997,6,85.3
Madaripur,1997,7,87.42
Madaripur,1997,8,86.35
Madaripur,1997,9,87.63
Madaripur,1997,10,80.81
Madaripur,1997,11,79.67
Madaripur,1997,12,83.39
Madaripur,1998,1,83.29
Madaripur,1998,2,78.89
Madaripur,1998,3,72.71
Madaripur,1998,4,80.57
Madaripur,1998,5,82.77
Madaripur,1998,6,84.8
Madaripur,1998,7,88.32
Madaripur,1998,8,87.38
Madaripur,1998,9,83.27
Madaripur,1998,10,79.71
Madaripur,1998,11,80.27
Madaripur,1998,12,80.1
Madaripur,1999,1,78.23
Madaripur,1999,2,73.96
Madaripur,1999,3,69.94
Madaripur,1999,4,76.33
Madaripur,1999,5,83.1
Madaripur,1999,6,86.3
Madaripur,1999,7,87.87
Madaripur,1999,8,86.84
Madaripur,1999,9,86.93
Madaripur,1999,10,85.29
Madaripur,1999,11,79.33
Madaripur,1999,12,80.77
Madaripur,2000,1,80.16
Madaripur,2000,2,77.52
Madaripur,2000,3,72.58
Madaripur,2000,4,79.73
Madaripur,2000,5,82.97
Madaripur,2000,6,85.97
Madaripur,2000,7,86.26
Madaripur,2000,8,85.58
Madaripur,2000,9,86.03
Madaripur,2000,10,85.9
Madaripur,2000,11,81.77
Madaripur,2000,12,79.84
Madaripur,2001,1,77.23
Madaripur,2001,2,75.46
Madaripur,2001,3,71.81
Madaripur,2001,4,76.73
Madaripur,2001,5,84.06
Madaripur,2001,6,89.87
Madaripur,2001,7,89.29
Madaripur,2001,8,85.61
Madaripur,2001,9,86.87
Madaripur,2001,10,85.68
Madaripur,2001,11,83.77
Madaripur,2001,12,82.45
Madaripur,2002,1,79.84
Madaripur,2002,2,72.18
Madaripur,2002,3,71.94
Madaripur,2002,4,78.43
Madaripur,2002,5,82.06
Madaripur,2002,6,86.87
Madaripur,2002,7,88.16
Madaripur,2002,8,86.74
Madaripur,2002,9,85.6
Madaripur,2002,10,82.45
Madaripur,2002,11,81.93
Madaripur,2002,12,82.71
Madaripur,2003,1,81.84
Madaripur,2003,2,74.89
Madaripur,2003,3,75.13
Madaripur,2003,4,79.57
Madaripur,2003,5,79.32
Madaripur,2003,6,85.7
Madaripur,2003,7,85.84
Madaripur,2003,8,83.23
Madaripur,2003,9,86.33
Madaripur,2003,10,85.48
Madaripur,2003,11,78.1
Madaripur,2003,12,82.26
Madaripur,2004,1,82.74
Madaripur,2004,2,73
Madaripur,2004,3,72.48
Madaripur,2004,4,78.33
Madaripur,2004,5,75.39
Madaripur,2004,6,85.63
Madaripur,2004,7,86
Madaripur,2004,8,86.26
Madaripur,2004,9,87.27
Madaripur,2004,10,83.39
Madaripur,2004,11,81.07
Madaripur,2004,12,81.71
Madaripur,2005,1,79.48
Madaripur,2005,2,73.14
Madaripur,2005,3,76.71
Madaripur,2005,4,73.27
Madaripur,2005,5,78.32
Madaripur,2005,6,83.33
Madaripur,2005,7,87.1
Madaripur,2005,8,87.23
Madaripur,2005,9,85.23
Madaripur,2005,10,87.06
Madaripur,2005,11,82.23
Madaripur,2005,12,81.06
Madaripur,2006,1,80.65
Madaripur,2006,2,78
Madaripur,2006,3,70.55
Madaripur,2006,4,75
Madaripur,2006,5,79.77
Madaripur,2006,6,85.83
Madaripur,2006,7,86.26
Madaripur,2006,8,85.03
Madaripur,2006,9,86.23
Madaripur,2006,10,83.68
Madaripur,2006,11,81.7
Madaripur,2006,12,81.74
Madaripur,2007,1,80.06
Madaripur,2007,2,80.36
Madaripur,2007,3,69.45
Madaripur,2007,4,78.47
Madaripur,2007,5,78.52
Madaripur,2007,6,85.83
Madaripur,2007,7,88.39
Madaripur,2007,8,84.13
Madaripur,2007,9,85.73
Madaripur,2007,10,84.35
Madaripur,2007,11,83.37
Madaripur,2007,12,78.26
Madaripur,2008,1,77.9
Madaripur,2008,2,72.55
Madaripur,2008,3,76.74
Madaripur,2008,4,74.77
Madaripur,2008,5,79.42
Madaripur,2008,6,87.7
Madaripur,2008,7,89.52
Madaripur,2008,8,86.35
Madaripur,2008,9,86.23
Madaripur,2008,10,84.61
Madaripur,2008,11,79.97
Madaripur,2008,12,85.26
Madaripur,2009,1,82
Madaripur,2009,2,74.04
Madaripur,2009,3,71.9
Madaripur,2009,4,79.03
Madaripur,2009,5,79.87
Madaripur,2009,6,81.77
Madaripur,2009,7,85.55
Madaripur,2009,8,88.35
Madaripur,2009,9,85.5
Madaripur,2009,10,82.55
Madaripur,2009,11,78.7
Madaripur,2009,12,81.32
Madaripur,2010,1,82.45
Madaripur,2010,2,75
Madaripur,2010,3,71.35
Madaripur,2010,4,75.73
Madaripur,2010,5,80.16
Madaripur,2010,6,86.8
Madaripur,2010,7,86.06
Madaripur,2010,8,83.94
Madaripur,2010,9,86.23
Madaripur,2010,10,84.52
Madaripur,2010,11,82.2
Madaripur,2010,12,83.52
Madaripur,2011,1,81.45
Madaripur,2011,2,74.21
Madaripur,2011,3,72.29
Madaripur,2011,4,76.73
Madaripur,2011,5,82.68
Madaripur,2011,6,87.13
Madaripur,2011,7,84.97
Madaripur,2011,8,86.68
Madaripur,2011,9,85.9
Madaripur,2011,10,83.1
Madaripur,2011,11,82.4
Madaripur,2011,12,85.19
Madaripur,2012,1,81.71
Madaripur,2012,2,71.59
Madaripur,2012,3,71.71
Madaripur,2012,4,78.47
Madaripur,2012,5,79.61
Madaripur,2012,6,84.53
Madaripur,2012,7,86.65
Madaripur,2012,8,85.97
Madaripur,2012,9,87
Madaripur,2012,10,82.68
Madaripur,2012,11,81.4
Madaripur,2012,12,85.39
Madaripur,2013,1,79.26
Madaripur,2013,2,72.61
Madaripur,2013,3,71.03
Madaripur,2013,4,76.27
Madaripur,2013,5,86
Madaripur,2013,6,84.2
Madaripur,2013,7,85.77
Madaripur,2013,8,87.26
Madaripur,2013,9,86.87
Madaripur,2013,10,86.32
Madaripur,2013,11,77.63
Madaripur,2013,12,82.29
Madaripur,2014,1,84.71
Madaripur,2014,2,79.82
Madaripur,2014,3,69.35
Madaripur,2014,4,70.37
Madaripur,2014,5,77.58
Madaripur,2014,6,84.73
Madaripur,2014,7,85.32
Madaripur,2014,8,88.42
Madaripur,2014,9,85.3
Madaripur,2014,10,82.42
Madaripur,2014,11,79.6
Madaripur,2014,12,87.74
Madaripur,2015,1,83.39
Madaripur,2015,2,78.54
Madaripur,2015,3,69.26
Madaripur,2015,4,79.13
Madaripur,2015,5,80.26
Madaripur,2015,6,84.7
Madaripur,2015,7,88.81
Madaripur,2015,8,86.87
Madaripur,2015,9,85.5
Madaripur,2015,10,83.03
Madaripur,2015,11,80.77
Madaripur,2015,12,82.61
Madaripur,2016,1,83.35
Madaripur,2016,2,79.52
Madaripur,2016,3,75.61
Madaripur,2016,4,78.97
Madaripur,2016,5,81.74
Madaripur,2016,6,83.57
Madaripur,2016,7,87.16
Madaripur,2016,8,85.81
Madaripur,2016,9,85.7
Madaripur,2016,10,83.35
Madaripur,2016,11,82.3
Madaripur,2016,12,83.39
Madaripur,2017,1,79.39
Madaripur,2017,2,74.29
Madaripur,2017,3,77.87
Madaripur,2017,4,80.27
Madaripur,2017,5,80.68
Madaripur,2017,6,85.5
Madaripur,2017,7,87.55
Madaripur,2017,8,86.13
Madaripur,2017,9,86.53
Madaripur,2017,10,84.58
Madaripur,2017,11,79.83
Madaripur,2017,12,84.61
Madaripur,2018,1,80.06
Madaripur,2018,2,76.36
Madaripur,2018,3,72.45
Madaripur,2018,4,78
Madaripur,2018,5,84.55
Madaripur,2018,6,87.13
Madaripur,2018,7,87.74
Madaripur,2018,8,84.23
Madaripur,2018,9,84.23
Madaripur,2018,10,82.03
Madaripur,2018,11,81.43
Madaripur,2018,12,83.13
Madaripur,2019,1,77.32
Madaripur,2019,2,74.68
Madaripur,2019,3,73.29
Madaripur,2019,4,76.73
Madaripur,2019,5,78.39
Madaripur,2019,6,83.17
Madaripur,2019,7,86.48
Madaripur,2019,8,84.94
Madaripur,2019,9,85
Madaripur,2019,10,84.55
Madaripur,2019,11,82.57
Madaripur,2019,12,82.26
Madaripur,2020,1,84.13
Madaripur,2020,2,73.83
Madaripur,2020,3,68.55
Madaripur,2020,4,75.27
Madaripur,2020,5,79.87
Madaripur,2020,6,85
Madaripur,2020,7,85
Madaripur,2020,8,84
Madaripur,2020,9,85
Madaripur,2020,10,84
Madaripur,2020,11,78
Madaripur,2020,12,86.29
Madaripur,2021,1,83.61
Madaripur,2021,2,75.14
Madaripur,2021,3,68
Madaripur,2021,4,65.13
Madaripur,2021,5,71.45
Madaripur,2021,6,98.92
Madaripur,2021,7,86.36
Madaripur,2021,8,87.3
Madaripur,2021,9,85.61
Madaripur,2021,10,85.85
Madaripur,2021,11,82.25
Madaripur,2021,12,83.83
Madaripur,2022,1,83.39
Madaripur,2022,2,78.43
Madaripur,2022,3,72.74
Madaripur,2022,4,77.97
Madaripur,2022,5,80.52
Madaripur,2022,6,85.97
Madaripur,2022,7,81.97
Madaripur,2022,8,82.87
Madaripur,2022,9,85.7
Madaripur,2022,10,84.65
Madaripur,2022,11,82.27
Madaripur,2022,12,82
Madaripur,2023,1,86.34
Madaripur,2023,2,77.09
Madaripur,2023,3,74.52
Madaripur,2023,4,67.43
Madaripur,2023,5,74.97
Madaripur,2023,6,82.17
Madaripur,2023,7,80.98
Madaripur,2023,8,87.48
Madaripur,2023,9,86.68
Madaripur,2023,10,85
Madaripur,2023,11,82.8
Madaripur,2023,12,88.03
Madaripur,2024,1,86
Madaripur,2024,2,78
Madaripur,2024,3,74
Madaripur,2024,4,73
Madaripur,2024,5,78
Madaripur,2024,6,83
Madaripur,2024,7,86
Madaripur,2024,8,87
Madaripur,2024,9,86
Madaripur,2024,10,85
Madaripur,2024,11,82
Madaripur,2024,12,81
Maijdi Court,1951,8,88.14
Maijdi Court,1951,9,85.6
Maijdi Court,1951,10,85.43
Maijdi Court,1951,12,79.56
Maijdi Court,1952,1,79.26
Maijdi Court,1952,2,75.31
Maijdi Court,1952,3,75.32
Maijdi Court,1952,4,80.1
Maijdi Court,1952,5,80.58
Maijdi Court,1952,6,86.3
Maijdi Court,1952,7,87.61
Maijdi Court,1952,8,87.3
Maijdi Court,1952,9,87.9
Maijdi Court,1952,10,86.68
Maijdi Court,1952,11,84.73
Maijdi Court,1952,12,82.32
Maijdi Court,1953,1,74.29
Maijdi Court,1953,2,73.07
Maijdi Court,1953,3,78.71
Maijdi Court,1953,4,78.33
Maijdi Court,1953,5,81.52
Maijdi Court,1953,6,83.57
Maijdi Court,1953,7,88.61
Maijdi Court,1953,8,85.42
Maijdi Court,1953,9,87.13
Maijdi Court,1953,10,85.23
Maijdi Court,1953,11,82.03
Maijdi Court,1953,12,80.65
Maijdi Court,1954,1,77.71
Maijdi Court,1954,2,78.11
Maijdi Court,1954,3,74.55
Maijdi Court,1954,4,77.43
Maijdi Court,1954,5,77.45
Maijdi Court,1954,6,88.23
Maijdi Court,1954,7,85.32
Maijdi Court,1954,8,88.1
Maijdi Court,1954,9,85.43
Maijdi Court,1954,10,87.26
Maijdi Court,1954,11,83.37
Maijdi Court,1954,12,80.71
Maijdi Court,1955,1,76.48
Maijdi Court,1955,2,67.96
Maijdi Court,1955,3,77.1
Maijdi Court,1955,4,74.7
Maijdi Court,1955,5,81.61
Maijdi Court,1955,6,87.33
Maijdi Court,1955,7,90.94
Maijdi Court,1955,8,88.61
Maijdi Court,1955,9,87.17
Maijdi Court,1955,10,85.06
Maijdi Court,1955,11,85.1
Maijdi Court,1955,12,78.55
Maijdi Court,1956,1,76.84
Maijdi Court,1956,2,72.38
Maijdi Court,1956,3,75.87
Maijdi Court,1956,4,76.97
Maijdi Court,1956,5,86.19
Maijdi Court,1956,6,89.23
Maijdi Court,1956,7,87
Maijdi Court,1956,8,87.55
Maijdi Court,1956,9,85.9
Maijdi Court,1956,10,84.7
Maijdi Court,1956,11,82.33
Maijdi Court,1956,12,79.35
Maijdi Court,1957,1,77.52
Maijdi Court,1957,2,73.64
Maijdi Court,1957,3,63.65
Maijdi Court,1957,4,67.87
Maijdi Court,1957,5,74.74
Maijdi Court,1957,6,84.13
Maijdi Court,1957,7,86.15
Maijdi Court,1957,8,85.74
Maijdi Court,1957,9,85.63
Maijdi Court,1957,10,84.48
Maijdi Court,1957,11,77.17
Maijdi Court,1957,12,75.58
Maijdi Court,1958,1,74.81
Maijdi Court,1958,2,79.57
Maijdi Court,1958,3,75.16
Maijdi Court,1958,4,73
Maijdi Court,1958,5,78.26
Maijdi Court,1958,6,82.73
Maijdi Court,1958,7,86.03
Maijdi Court,1958,8,86.16
Maijdi Court,1958,9,84.53
Maijdi Court,1958,10,83.55
Maijdi Court,1958,11,79.6
Maijdi Court,1958,12,76.84
Maijdi Court,1959,1,75.52
Maijdi Court,1959,2,78.21
Maijdi Court,1959,3,80.03
Maijdi Court,1959,4,77.93
Maijdi Court,1959,5,81.94
Maijdi Court,1959,6,88.07
Maijdi Court,1959,7,85.1
Maijdi Court,1959,8,87.68
Maijdi Court,1959,9,88.63
Maijdi Court,1959,10,87.9
Maijdi Court,1959,11,83.2
Maijdi Court,1959,12,83.77
Maijdi Court,1960,1,81.87
Maijdi Court,1960,2,76.34
Maijdi Court,1960,3,71.06
Maijdi Court,1960,4,77.1
Maijdi Court,1960,5,79.94
Maijdi Court,1960,6,85.07
Maijdi Court,1960,7,90.65
Maijdi Court,1960,8,90.39
Maijdi Court,1960,9,89.23
Maijdi Court,1960,10,81.97
Maijdi Court,1960,11,77.3
Maijdi Court,1960,12,81.97
Maijdi Court,1961,1,78.29
Maijdi Court,1961,2,73.32
Maijdi Court,1961,3,83.97
Maijdi Court,1961,4,80.27
Maijdi Court,1961,5,83
Maijdi Court,1961,6,86.8
Maijdi Court,1961,7,88.55
Maijdi Court,1961,8,88.61
Maijdi Court,1961,9,88.1
Maijdi Court,1961,10,85.55
Maijdi Court,1961,11,81
Maijdi Court,1961,12,78.1
Maijdi Court,1962,1,74.19
Maijdi Court,1962,2,69.71
Maijdi Court,1962,3,68.26
Maijdi Court,1962,4,78.97
Maijdi Court,1962,5,80.87
Maijdi Court,1962,6,87.1
Maijdi Court,1962,7,85.81
Maijdi Court,1962,8,87.32
Maijdi Court,1962,9,85.53
Maijdi Court,1962,10,84.13
Maijdi Court,1962,11,83.63
Maijdi Court,1962,12,80.58
Maijdi Court,1963,1,72.26
Maijdi Court,1963,2,69.93
Maijdi Court,1963,3,69.77
Maijdi Court,1963,4,78.57
Maijdi Court,1963,5,83.52
Maijdi Court,1963,6,88.87
Maijdi Court,1963,7,88.81
Maijdi Court,1963,8,88.48
Maijdi Court,1963,10,85.06
Maijdi Court,1963,11,80.8
Maijdi Court,1963,12,80.77
Maijdi Court,1964,1,75.61
Maijdi Court,1964,2,77.48
Maijdi Court,1964,3,83.03
Maijdi Court,1964,4,81.63
Maijdi Court,1964,5,80.97
Maijdi Court,1964,6,87.97
Maijdi Court,1964,7,88.68
Maijdi Court,1964,8,85.16
Maijdi Court,1964,9,85.9
Maijdi Court,1964,10,88.42
Maijdi Court,1964,11,83.23
Maijdi Court,1964,12,79.55
Maijdi Court,1965,1,76.06
Maijdi Court,1965,2,76.61
Maijdi Court,1965,3,73.58
Maijdi Court,1965,4,78.37
Maijdi Court,1965,5,85.55
Maijdi Court,1965,6,87.7
Maijdi Court,1965,7,87.26
Maijdi Court,1965,8,87.61
Maijdi Court,1965,9,87.2
Maijdi Court,1965,10,82.68
Maijdi Court,1965,11,80.2
Maijdi Court,1965,12,79.45
Maijdi Court,1966,1,100
Maijdi Court,1966,2,71.32
Maijdi Court,1966,3,70.77
Maijdi Court,1966,4,73.53
Maijdi Court,1966,5,78.74
Maijdi Court,1966,6,88.4
Maijdi Court,1966,7,87.32
Maijdi Court,1966,9,83.43
Maijdi Court,1966,10,80.87
Maijdi Court,1966,11,77.73
Maijdi Court,1966,12,75.55
Maijdi Court,1967,1,72.71
Maijdi Court,1967,2,77.04
Maijdi Court,1967,3,76.58
Maijdi Court,1967,4,75.37
Maijdi Court,1967,5,79.07
Maijdi Court,1967,6,81.2
Maijdi Court,1967,7,87.45
Maijdi Court,1967,8,85.65
Maijdi Court,1967,9,87.17
Maijdi Court,1967,10,81.77
Maijdi Court,1967,11,73.57
Maijdi Court,1967,12,73.26
Maijdi Court,1968,1,71.35
Maijdi Court,1968,2,70.14
Maijdi Court,1968,3,68.48
Maijdi Court,1968,4,75.47
Maijdi Court,1968,5,79.55
Maijdi Court,1968,6,89.47
Maijdi Court,1968,7,88.03
Maijdi Court,1968,8,87.35
Maijdi Court,1968,9,83.53
Maijdi Court,1968,10,90.81
Maijdi Court,1968,11,78.63
Maijdi Court,1968,12,75.45
Maijdi Court,1969,1,69.84
Maijdi Court,1969,2,66
Maijdi Court,1969,3,75.23
Maijdi Court,1969,4,76.2
Maijdi Court,1969,5,77.16
Maijdi Court,1969,6,86.5
Maijdi Court,1969,7,88.23
Maijdi Court,1969,8,89.03
Maijdi Court,1969,9,84.23
Maijdi Court,1969,10,79.48
Maijdi Court,1969,11,73.27
Maijdi Court,1969,12,72.45
Maijdi Court,1970,1,69.16
Maijdi Court,1970,2,73.89
Maijdi Court,1970,3,77.55
Maijdi Court,1970,4,79.9
Maijdi Court,1970,5,83.83
Maijdi Court,1970,6,87.43
Maijdi Court,1970,7,88.39
Maijdi Court,1970,8,86.87
Maijdi Court,1970,9,88.13
Maijdi Court,1970,10,85.97
Maijdi Court,1970,11,79.97
Maijdi Court,1970,12,71.71
Maijdi Court,1971,1,74.1
Maijdi Court,1971,2,69.14
Maijdi Court,1971,3,61.73
Maijdi Court,1971,5,78.87
Maijdi Court,1971,6,84.11
Maijdi Court,1971,7,89.39
Maijdi Court,1971,8,90.65
Maijdi Court,1971,9,86.5
Maijdi Court,1971,10,81.74
Maijdi Court,1971,11,77.13
Maijdi Court,1971,12,72.14
Maijdi Court,1972,2,71.41
Maijdi Court,1972,3,69.16
Maijdi Court,1972,4,74.4
Maijdi Court,1972,5,75.77
Maijdi Court,1972,6,81.62
Maijdi Court,1972,7,86.32
Maijdi Court,1972,8,87.16
Maijdi Court,1972,9,81.5
Maijdi Court,1972,10,78.35
Maijdi Court,1972,11,74.1
Maijdi Court,1972,12,79.94
Maijdi Court,1973,1,78.71
Maijdi Court,1973,2,81.75
Maijdi Court,1973,3,79.87
Maijdi Court,1973,4,82.67
Maijdi Court,1973,5,85.03
Maijdi Court,1973,6,89.27
Maijdi Court,1973,7,88.26
Maijdi Court,1973,8,89.16
Maijdi Court,1973,9,90.5
Maijdi Court,1973,10,87.55
Maijdi Court,1973,11,88.9
Maijdi Court,1973,12,86.9
Maijdi Court,1974,1,72.33
Maijdi Court,1974,2,71.48
Maijdi Court,1974,3,79.55
Maijdi Court,1974,4,84.97
Maijdi Court,1974,5,83
Maijdi Court,1974,6,86.57
Maijdi Court,1974,7,90.65
Maijdi Court,1974,8,87.45
Maijdi Court,1974,9,86.07
Maijdi Court,1974,10,84.55
Maijdi Court,1974,11,76.52
Maijdi Court,1974,12,75.26
Maijdi Court,1975,1,70.35
Maijdi Court,1975,2,76.11
Maijdi Court,1975,3,74.84
Maijdi Court,1975,4,80.87
Maijdi Court,1975,5,81.83
Maijdi Court,1975,6,85.66
Maijdi Court,1975,7,89.03
Maijdi Court,1975,8,87.59
Maijdi Court,1975,9,87.8
Maijdi Court,1975,10,84.39
Maijdi Court,1975,11,78.93
Maijdi Court,1975,12,70.94
Maijdi Court,1978,3,63.55
Maijdi Court,1978,4,76.24
Maijdi Court,1978,5,84.19
Maijdi Court,1978,6,87.5
Maijdi Court,1979,1,68.87
Maijdi Court,1979,2,63.07
Maijdi Court,1979,3,59.55
Maijdi Court,1979,4,69.2
Maijdi Court,1979,5,71.68
Maijdi Court,1979,6,83.57
Maijdi Court,1979,7,83.32
Maijdi Court,1979,8,83.29
Maijdi Court,1979,9,79.8
Maijdi Court,1979,10,76.16
Maijdi Court,1979,11,71.77
Maijdi Court,1979,12,73.23
Maijdi Court,1980,1,65.48
Maijdi Court,1980,2,63.69
Maijdi Court,1980,3,71.65
Maijdi Court,1980,4,71.73
Maijdi Court,1980,5,80.61
Maijdi Court,1980,6,84.67
Maijdi Court,1980,7,88.29
Maijdi Court,1980,8,86.74
Maijdi Court,1980,9,83.63
Maijdi Court,1980,10,79.29
Maijdi Court,1980,11,68.4
Maijdi Court,1980,12,73.61
Maijdi Court,1981,1,71.03
Maijdi Court,1981,2,68.04
Maijdi Court,1981,3,71.19
Maijdi Court,1981,4,81.37
Maijdi Court,1981,5,82.16
Maijdi Court,1981,7,88.61
Maijdi Court,1981,8,84.77
Maijdi Court,1981,9,85.13
Maijdi Court,1981,10,76.03
Maijdi Court,1981,11,68.93
Maijdi Court,1981,12,71.03
Maijdi Court,1982,1,64.13
Maijdi Court,1982,2,66.75
Maijdi Court,1982,3,59.48
Maijdi Court,1982,4,74.37
Maijdi Court,1982,5,72.71
Maijdi Court,1982,6,85.63
Maijdi Court,1982,7,85.26
Maijdi Court,1982,8,86.97
Maijdi Court,1982,9,81.9
Maijdi Court,1982,10,76.03
Maijdi Court,1982,11,69.77
Maijdi Court,1982,12,66.19
Maijdi Court,1983,1,69.94
Maijdi Court,1983,2,64.71
Maijdi Court,1983,3,74.55
Maijdi Court,1983,4,74.6
Maijdi Court,1983,5,79.81
Maijdi Court,1983,6,81.63
Maijdi Court,1983,7,83.81
Maijdi Court,1983,8,83.29
Maijdi Court,1983,9,82.9
Maijdi Court,1983,10,80.52
Maijdi Court,1983,11,79.27
Maijdi Court,1983,12,80.35
Maijdi Court,1984,1,77.94
Maijdi Court,1984,2,71.07
Maijdi Court,1984,3,73
Maijdi Court,1984,4,76.13
Maijdi Court,1984,5,81.23
Maijdi Court,1984,6,87.33
Maijdi Court,1984,7,87.26
Maijdi Court,1984,8,88.58
Maijdi Court,1984,9,85.3
Maijdi Court,1984,10,84.81
Maijdi Court,1984,11,77.27
Maijdi Court,1984,12,76.13
Maijdi Court,1985,1,78.16
Maijdi Court,1985,2,73.86
Maijdi Court,1985,3,79.87
Maijdi Court,1985,4,77.03
Maijdi Court,1985,5,80.39
Maijdi Court,1985,6,86.97
Maijdi Court,1985,7,88.84
Maijdi Court,1985,8,85.87
Maijdi Court,1985,9,85.63
Maijdi Court,1985,10,77.9
Maijdi Court,1985,11,77.6
Maijdi Court,1985,12,81.03
Maijdi Court,1986,1,80.45
Maijdi Court,1986,2,73.04
Maijdi Court,1986,3,72.06
Maijdi Court,1986,4,78.5
Maijdi Court,1986,5,81.03
Maijdi Court,1986,6,86
Maijdi Court,1986,7,88.71
Maijdi Court,1986,8,85.29
Maijdi Court,1986,9,87.43
Maijdi Court,1986,10,81.61
Maijdi Court,1986,11,81.3
Maijdi Court,1986,12,79.19
Maijdi Court,1987,1,79.71
Maijdi Court,1987,2,74.86
Maijdi Court,1987,3,76.06
Maijdi Court,1987,4,79.63
Maijdi Court,1987,5,77
Maijdi Court,1987,6,84.26
Maijdi Court,1987,7,91.52
Maijdi Court,1987,8,88.71
Maijdi Court,1987,9,88.97
Maijdi Court,1987,10,81.65
Maijdi Court,1987,11,80.57
Maijdi Court,1987,12,80.16
Maijdi Court,1988,1,79.71
Maijdi Court,1988,2,78.21
Maijdi Court,1988,3,77.77
Maijdi Court,1988,4,79.03
Maijdi Court,1988,5,83.32
Maijdi Court,1988,6,86.67
Maijdi Court,1988,7,87.45
Maijdi Court,1988,8,88.55
Maijdi Court,1988,9,84.33
Maijdi Court,1988,10,81.42
Maijdi Court,1988,11,79.93
Maijdi Court,1988,12,82.06
Maijdi Court,1989,1,77.55
Maijdi Court,1989,2,76.54
Maijdi Court,1989,3,75.35
Maijdi Court,1989,4,76.23
Maijdi Court,1989,5,79.1
Maijdi Court,1989,6,82.93
Maijdi Court,1989,7,86.26
Maijdi Court,1989,8,83.48
Maijdi Court,1989,9,86.53
Maijdi Court,1989,10,87.87
Maijdi Court,1989,11,81.37
Maijdi Court,1989,12,80.19
Maijdi Court,1990,1,83.71
Maijdi Court,1990,2,81.96
Maijdi Court,1990,3,80.84
Maijdi Court,1990,4,82.07
Maijdi Court,1990,5,81.32
Maijdi Court,1990,6,86.27
Maijdi Court,1990,7,89.39
Maijdi Court,1990,8,84.71
Maijdi Court,1990,9,86.6
Maijdi Court,1990,10,82.48
Maijdi Court,1990,11,82
Maijdi Court,1990,12,80.39
Maijdi Court,1991,1,79.23
Maijdi Court,1991,2,78.43
Maijdi Court,1991,3,76.65
Maijdi Court,1991,4,77.9
Maijdi Court,1991,5,83.84
Maijdi Court,1991,6,87.83
Maijdi Court,1991,7,86.52
Maijdi Court,1991,8,87.45
Maijdi Court,1991,9,87.67
Maijdi Court,1991,10,84.74
Maijdi Court,1991,11,79.13
Maijdi Court,1991,12,81.52
Maijdi Court,1992,1,83.68
Maijdi Court,1992,2,82.55
Maijdi Court,1992,3,78.84
Maijdi Court,1992,4,77.33
Maijdi Court,1992,5,81.65
Maijdi Court,1992,6,84.23
Maijdi Court,1992,7,87.39
Maijdi Court,1992,8,85.19
Maijdi Court,1992,9,86.17
Maijdi Court,1992,10,83.16
Maijdi Court,1992,11,80.67
Maijdi Court,1992,12,82.39
Maijdi Court,1993,1,81.19
Maijdi Court,1993,2,78.5
Maijdi Court,1993,3,76.97
Maijdi Court,1993,4,79.8
Maijdi Court,1993,5,82.52
Maijdi Court,1993,6,86.7
Maijdi Court,1993,7,87.23
Maijdi Court,1993,8,87.65
Maijdi Court,1993,9,85.2
Maijdi Court,1993,10,83.1
Maijdi Court,1993,11,80.43
Maijdi Court,1993,12,78.23
Maijdi Court,1994,1,77.71
Maijdi Court,1994,2,74.36
Maijdi Court,1994,3,77.42
Maijdi Court,1994,4,76.27
Maijdi Court,1994,5,80.65
Maijdi Court,1994,6,86.53
Maijdi Court,1994,7,85.74
Maijdi Court,1994,8,87.65
Maijdi Court,1994,9,82.87
Maijdi Court,1994,10,80.71
Maijdi Court,1994,11,79.07
Maijdi Court,1994,12,77.42
Maijdi Court,1995,2,80.36
Maijdi Court,1995,3,71.16
Maijdi Court,1995,4,77
Maijdi Court,1995,5,80.19
Maijdi Court,1995,6,86.33
Maijdi Court,1995,7,88.06
Maijdi Court,1995,8,86.45
Maijdi Court,1995,9,87.17
Maijdi Court,1995,10,82.61
Maijdi Court,1995,11,83.8
Maijdi Court,1995,12,79.45
Maijdi Court,1996,1,77.97
Maijdi Court,1996,2,75.24
Maijdi Court,1996,3,79.16
Maijdi Court,1996,4,79.23
Maijdi Court,1996,5,80.23
Maijdi Court,1996,6,85.4
Maijdi Court,1996,7,88.84
Maijdi Court,1996,8,90.71
Maijdi Court,1996,9,85.03
Maijdi Court,1996,10,82.9
Maijdi Court,1996,11,81.73
Maijdi Court,1996,12,78.65
Maijdi Court,1997,1,76.58
Maijdi Court,1997,2,77.89
Maijdi Court,1997,3,79.68
Maijdi Court,1997,4,79.47
Maijdi Court,1997,5,80.35
Maijdi Court,1997,6,83.8
Maijdi Court,1997,7,88.58
Maijdi Court,1997,8,85.03
Maijdi Court,1997,9,85.43
Maijdi Court,1997,10,79.94
Maijdi Court,1997,11,79.77
Maijdi Court,1997,12,83.1
Maijdi Court,1998,1,83.39
Maijdi Court,1998,2,80.25
Maijdi Court,1998,3,78.68
Maijdi Court,1998,4,83.4
Maijdi Court,1998,5,83
Maijdi Court,1998,6,84
Maijdi Court,1998,7,89.55
Maijdi Court,1998,8,89.48
Maijdi Court,1998,9,85.97
Maijdi Court,1998,10,82.94
Maijdi Court,1998,11,79.33
Maijdi Court,1998,12,79.35
Maijdi Court,1999,1,77.19
Maijdi Court,1999,2,75.71
Maijdi Court,1999,3,76.61
Maijdi Court,1999,4,77.9
Maijdi Court,1999,5,83.52
Maijdi Court,1999,6,86.97
Maijdi Court,1999,7,87.58
Maijdi Court,1999,8,88.68
Maijdi Court,1999,9,87.13
Maijdi Court,1999,10,86.06
Maijdi Court,1999,11,79.13
Maijdi Court,1999,12,80.19
Maijdi Court,2000,1,81.32
Maijdi Court,2000,2,76.48
Maijdi Court,2000,3,80.1
Maijdi Court,2000,4,81.7
Maijdi Court,2000,5,83.65
Maijdi Court,2000,6,85.73
Maijdi Court,2000,7,86.16
Maijdi Court,2000,8,85.35
Maijdi Court,2000,9,85.03
Maijdi Court,2000,10,84.55
Maijdi Court,2000,11,80.1
Maijdi Court,2000,12,77.97
Maijdi Court,2001,1,75.48
Maijdi Court,2001,2,76.54
Maijdi Court,2001,3,74.74
Maijdi Court,2001,4,75.83
Maijdi Court,2001,5,82.42
Maijdi Court,2001,6,88.6
Maijdi Court,2001,7,86.52
Maijdi Court,2001,8,84.9
Maijdi Court,2001,9,85.5
Maijdi Court,2001,10,84.52
Maijdi Court,2001,11,83.3
Maijdi Court,2001,12,81.35
Maijdi Court,2002,1,78.94
Maijdi Court,2002,2,72.07
Maijdi Court,2002,3,73.81
Maijdi Court,2002,4,78.9
Maijdi Court,2002,5,83.06
Maijdi Court,2002,6,87.53
Maijdi Court,2002,7,89.19
Maijdi Court,2002,8,86.74
Maijdi Court,2002,9,82.73
Maijdi Court,2002,10,80
Maijdi Court,2002,11,79.47
Maijdi Court,2002,12,79.68
Maijdi Court,2003,1,79.32
Maijdi Court,2003,2,73.11
Maijdi Court,2003,3,75.06
Maijdi Court,2003,4,79.27
Maijdi Court,2003,5,80.81
Maijdi Court,2003,6,88.33
Maijdi Court,2003,7,85.58
Maijdi Court,2003,8,85.84
Maijdi Court,2003,9,86.1
Maijdi Court,2003,10,83.68
Maijdi Court,2003,11,76.93
Maijdi Court,2003,12,82.97
Maijdi Court,2004,1,81.48
Maijdi Court,2004,2,73.34
Maijdi Court,2004,3,77.26
Maijdi Court,2004,4,81.13
Maijdi Court,2004,5,78.06
Maijdi Court,2004,6,86.07
Maijdi Court,2004,7,87.1
Maijdi Court,2004,8,86.1
Maijdi Court,2004,9,89
Maijdi Court,2004,10,82.06
Maijdi Court,2004,11,78.53
Maijdi Court,2004,12,79.13
Maijdi Court,2005,1,77
Maijdi Court,2005,2,75.21
Maijdi Court,2005,3,80.03
Maijdi Court,2005,4,76.1
Maijdi Court,2005,5,79.32
Maijdi Court,2005,6,84.5
Maijdi Court,2005,7,87.74
Maijdi Court,2005,8,90.42
Maijdi Court,2005,9,85.37
Maijdi Court,2005,10,85.39
Maijdi Court,2005,11,80
Maijdi Court,2005,12,78.74
Maijdi Court,2006,1,78.16
Maijdi Court,2006,2,78.82
Maijdi Court,2006,3,72
Maijdi Court,2006,4,75.3
Maijdi Court,2006,5,81.87
Maijdi Court,2006,6,85.33
Maijdi Court,2006,7,87.77
Maijdi Court,2006,8,84.29
Maijdi Court,2006,9,86.1
Maijdi Court,2006,10,84.55
Maijdi Court,2006,11,84.07
Maijdi Court,2006,12,82.55
Maijdi Court,2007,1,80.1
Maijdi Court,2007,2,81.36
Maijdi Court,2007,3,71.87
Maijdi Court,2007,4,79.8
Maijdi Court,2007,5,80.81
Maijdi Court,2007,6,86.03
Maijdi Court,2007,7,89.39
Maijdi Court,2007,8,85.42
Maijdi Court,2007,9,86.8
Maijdi Court,2007,10,83.97
Maijdi Court,2007,11,83
Maijdi Court,2007,12,81.42
Maijdi Court,2008,1,80.87
Maijdi Court,2008,2,74.24
Maijdi Court,2008,3,78.61
Maijdi Court,2008,4,75.23
Maijdi Court,2008,5,78.84
Maijdi Court,2008,6,87.3
Maijdi Court,2008,7,89.23
Maijdi Court,2008,8,86.61
Maijdi Court,2008,9,85.03
Maijdi Court,2008,10,84.61
Maijdi Court,2008,11,79.97
Maijdi Court,2008,12,86.35
Maijdi Court,2009,1,82.39
Maijdi Court,2009,2,76.68
Maijdi Court,2009,3,78.19
Maijdi Court,2009,4,80
Maijdi Court,2009,5,80.48
Maijdi Court,2009,6,84
Maijdi Court,2009,7,87.81
Maijdi Court,2009,8,86.77
Maijdi Court,2009,9,85.37
Maijdi Court,2009,10,83.1
Maijdi Court,2009,11,79.17
Maijdi Court,2009,12,81.13
Maijdi Court,2010,1,80.29
Maijdi Court,2010,2,73.43
Maijdi Court,2010,3,75.42
Maijdi Court,2010,4,77.83
Maijdi Court,2010,5,80.48
Maijdi Court,2010,6,89.2
Maijdi Court,2010,7,86.77
Maijdi Court,2010,8,86.29
Maijdi Court,2010,9,87.03
Maijdi Court,2010,10,84.06
Maijdi Court,2010,11,80.27
Maijdi Court,2010,12,79.77
Maijdi Court,2011,1,77.84
Maijdi Court,2011,2,72.89
Maijdi Court,2011,3,73.84
Maijdi Court,2011,4,78.7
Maijdi Court,2011,5,83.71
Maijdi Court,2011,6,88.1
Maijdi Court,2011,7,87.55
Maijdi Court,2011,8,88.71
Maijdi Court,2011,9,87.4
Maijdi Court,2011,10,81.81
Maijdi Court,2011,11,77.87
Maijdi Court,2011,12,82.42
Maijdi Court,2012,1,78.1
Maijdi Court,2012,2,71.21
Maijdi Court,2012,3,76.61
Maijdi Court,2012,4,82.77
Maijdi Court,2012,5,79.9
Maijdi Court,2012,6,85.5
Maijdi Court,2012,7,87.94
Maijdi Court,2012,8,86.13
Maijdi Court,2012,9,85.57
Maijdi Court,2012,10,82.03
Maijdi Court,2012,11,80.9
Maijdi Court,2012,12,81.65
Maijdi Court,2013,1,73.45
Maijdi Court,2013,2,67.89
Maijdi Court,2013,3,71.23
Maijdi Court,2013,4,75.07
Maijdi Court,2013,5,85.61
Maijdi Court,2013,6,82.33
Maijdi Court,2013,7,86
Maijdi Court,2013,8,87.26
Maijdi Court,2013,9,85.93
Maijdi Court,2013,10,85.1
Maijdi Court,2013,11,76.93
Maijdi Court,2013,12,80.52
Maijdi Court,2014,1,78.52
Maijdi Court,2014,2,73.96
Maijdi Court,2014,3,71.58
Maijdi Court,2014,4,72.97
Maijdi Court,2014,5,78.16
Maijdi Court,2014,6,85.43
Maijdi Court,2014,7,84.48
Maijdi Court,2014,8,88.1
Maijdi Court,2014,9,85.4
Maijdi Court,2014,10,80.81
Maijdi Court,2014,11,80.13
Maijdi Court,2014,12,83.61
Maijdi Court,2015,1,79.23
Maijdi Court,2015,2,74.36
Maijdi Court,2015,3,68.39
Maijdi Court,2015,4,78.6
Maijdi Court,2015,5,78.87
Maijdi Court,2015,6,85.77
Maijdi Court,2015,7,90.16
Maijdi Court,2015,8,87.61
Maijdi Court,2015,9,87.23
Maijdi Court,2015,10,84.16
Maijdi Court,2015,11,82
Maijdi Court,2015,12,81.29
Maijdi Court,2016,1,81.03
Maijdi Court,2016,2,80.21
Maijdi Court,2016,3,76.9
Maijdi Court,2016,4,79.67
Maijdi Court,2016,5,81.55
Maijdi Court,2016,6,83.37
Maijdi Court,2016,7,89.55
Maijdi Court,2016,8,85.97
Maijdi Court,2016,9,86.67
Maijdi Court,2016,10,85.65
Maijdi Court,2016,11,84.17
Maijdi Court,2016,12,84.06
Maijdi Court,2017,1,76.48
Maijdi Court,2017,2,73.32
Maijdi Court,2017,3,79.94
Maijdi Court,2017,4,82.7
Maijdi Court,2017,5,80.1
Maijdi Court,2017,6,85.83
Maijdi Court,2017,7,89.71
Maijdi Court,2017,8,86.16
Maijdi Court,2017,9,88.9
Maijdi Court,2017,10,84.71
Maijdi Court,2017,11,80.13
Maijdi Court,2017,12,85.19
Maijdi Court,2018,1,78.68
Maijdi Court,2018,2,76.21
Maijdi Court,2018,3,74.87
Maijdi Court,2018,4,77.43
Maijdi Court,2018,5,84.87
Maijdi Court,2018,6,86.47
Maijdi Court,2018,7,88.29
Maijdi Court,2018,8,84.94
Maijdi Court,2018,9,84
Maijdi Court,2018,10,81.87
Maijdi Court,2018,11,78.9
Maijdi Court,2018,12,79.45
Maijdi Court,2019,1,71.9
Maijdi Court,2019,2,74.32
Maijdi Court,2019,3,74.71
Maijdi Court,2019,4,76.07
Maijdi Court,2019,5,78.35
Maijdi Court,2019,6,83
Maijdi Court,2019,7,87.29
Maijdi Court,2019,8,85.77
Maijdi Court,2019,9,86.43
Maijdi Court,2019,10,84.55
Maijdi Court,2019,11,85.87
Maijdi Court,2019,12,83.39
Maijdi Court,2020,1,84.42
Maijdi Court,2020,2,72.86
Maijdi Court,2020,3,68.94
Maijdi Court,2020,4,78.87
Maijdi Court,2020,5,78.97
Maijdi Court,2020,6,86.33
Maijdi Court,2020,7,86.29
Maijdi Court,2020,8,86.77
Maijdi Court,2020,9,85.73
Maijdi Court,2020,10,84.84
Maijdi Court,2020,11,80.53
Maijdi Court,2020,12,86.24
Maijdi Court,2021,1,76.47
Maijdi Court,2021,2,65.39
Maijdi Court,2021,3,65
Maijdi Court,2021,4,62.05
Maijdi Court,2021,5,69.1
Maijdi Court,2021,6,84.8
Maijdi Court,2021,7,86.92
Maijdi Court,2021,8,87.68
Maijdi Court,2021,9,84.49
Maijdi Court,2021,10,83.18
Maijdi Court,2021,11,77
Maijdi Court,2021,12,81.64
Maijdi Court,2022,1,81.39
Maijdi Court,2022,2,75.07
Maijdi Court,2022,3,70.39
Maijdi Court,2022,4,80.1
Maijdi Court,2022,5,82.35
Maijdi Court,2022,6,85.77
Maijdi Court,2022,7,81.77
Maijdi Court,2022,8,82.45
Maijdi Court,2022,9,87.9
Maijdi Court,2022,10,83.74
Maijdi Court,2022,11,80.43
Maijdi Court,2022,12,82.68
Maijdi Court,2023,1,79.85
Maijdi Court,2023,2,71.16
Maijdi Court,2023,3,71
Maijdi Court,2023,4,68.38
Maijdi Court,2023,5,72.5
Maijdi Court,2023,6,84.33
Maijdi Court,2023,7,80.39
Maijdi Court,2023,8,86.97
Maijdi Court,2023,9,85.28
Maijdi Court,2023,10,80.87
Maijdi Court,2023,11,78.58
Maijdi Court,2023,12,83.15
Maijdi Court,2024,1,81
Maijdi Court,2024,2,74
Maijdi Court,2024,3,73
Maijdi Court,2024,4,75
Maijdi Court,2024,5,79
Maijdi Court,2024,6,83
Maijdi Court,2024,7,86
Maijdi Court,2024,8,90
Maijdi Court,2024,9,84
Maijdi Court,2024,10,83
Maijdi Court,2024,11,75
Maijdi Court,2024,12,74
Mawa,2023,8,94
Mongla,1989,1,66.84
Mongla,1989,2,65.82
Mongla,1989,3,65.94
Mongla,1989,4,70.3
Mongla,1989,5,77.19
Mongla,1989,6,83.37
Mongla,1989,7,85.16
Mongla,1989,8,87.03
Mongla,1989,9,91.53
Mongla,1989,10,88.94
Mongla,1989,11,78.87
Mongla,1989,12,74.23
Mongla,1990,1,75.26
Mongla,1990,2,76.11
Mongla,1990,3,77.1
Mongla,1990,4,78.43
Mongla,1990,5,80.9
Mongla,1990,6,86.5
Mongla,1990,7,90
Mongla,1990,8,87.16
Mongla,1990,9,91.87
Mongla,1990,10,84.61
Mongla,1990,11,81.97
Mongla,1990,12,76.52
Mongla,1991,1,75.55
Mongla,1991,2,74.54
Mongla,1991,3,73.45
Mongla,1991,4,76.67
Mongla,1991,5,81.61
Mongla,1991,6,88.23
Mongla,1991,7,87.87
Mongla,1991,8,87.97
Mongla,1991,9,89.8
Mongla,1991,10,86.9
Mongla,1991,11,80.77
Mongla,1991,12,78.29
Mongla,1992,1,77.9
Mongla,1992,2,76.97
Mongla,1992,3,74.97
Mongla,1992,4,73.93
Mongla,1992,5,79.23
Mongla,1992,6,84.4
Mongla,1992,7,89.16
Mongla,1992,8,89.19
Mongla,1992,9,89.33
Mongla,1992,10,86.58
Mongla,1992,11,80.9
Mongla,1992,12,79.16
Mongla,1993,1,76.32
Mongla,1993,2,76.86
Mongla,1993,3,74.19
Mongla,1993,4,77.03
Mongla,1993,5,84
Mongla,1993,6,87.57
Mongla,1993,7,87.9
Mongla,1993,8,89.03
Mongla,1993,9,89.83
Mongla,1993,10,84.48
Mongla,1993,11,78.23
Mongla,1993,12,74.48
Mongla,1994,1,75.1
Mongla,1994,2,75.25
Mongla,1994,3,74.55
Mongla,1994,4,76.4
Mongla,1994,5,79.39
Mongla,1994,6,87.57
Mongla,1994,7,87.65
Mongla,1994,8,88.74
Mongla,1994,9,85.53
Mongla,1994,10,83.84
Mongla,1994,11,78.8
Mongla,1994,12,68.45
Mongla,1995,1,68.84
Mongla,1995,2,73
Mongla,1995,3,67.16
Mongla,1995,4,73.37
Mongla,1995,5,81.9
Mongla,1995,6,88.43
Mongla,1995,7,87.68
Mongla,1995,8,87.74
Mongla,1995,9,88.37
Mongla,1995,10,85.16
Mongla,1995,11,81.33
Mongla,1995,12,74.26
Mongla,1996,1,72.45
Mongla,1996,2,70.36
Mongla,1996,3,75.13
Mongla,1996,4,76.5
Mongla,1996,5,79.23
Mongla,1996,6,85.73
Mongla,1996,7,87.61
Mongla,1996,8,89.55
Mongla,1996,9,85.23
Mongla,1996,10,81.94
Mongla,1996,11,78.27
Mongla,1996,12,71.94
Mongla,1997,1,70.81
Mongla,1997,2,75.46
Mongla,1997,3,79.03
Mongla,1997,4,79.47
Mongla,1997,5,81.03
Mongla,1997,6,84.4
Mongla,1997,7,89.39
Mongla,1997,8,87.35
Mongla,1997,9,89.37
Mongla,1997,10,79.81
Mongla,1997,11,77.63
Mongla,1997,12,77.9
Mongla,1998,1,78.65
Mongla,1998,2,76.14
Mongla,1998,3,72.52
Mongla,1998,4,78.73
Mongla,1998,5,79.32
Mongla,1998,6,84.67
Mongla,1998,7,87.94
Mongla,1998,8,89
Mongla,1998,9,88.07
Mongla,1998,10,85.61
Mongla,1998,11,82.13
Mongla,1998,12,76.81
Mongla,1999,1,73.48
Mongla,1999,2,69.75
Mongla,1999,3,70.74
Mongla,1999,4,77.57
Mongla,1999,5,81.71
Mongla,1999,6,84.97
Mongla,1999,7,88.48
Mongla,1999,8,88.84
Mongla,1999,9,89.3
Mongla,1999,10,87.45
Mongla,1999,11,77.6
Mongla,1999,12,76.26
Mongla,2000,1,74.26
Mongla,2000,2,70.72
Mongla,2000,3,71.77
Mongla,2000,4,78.2
Mongla,2000,5,81.84
Mongla,2000,6,85.17
Mongla,2000,7,87.42
Mongla,2000,8,85.94
Mongla,2000,9,87.7
Mongla,2000,10,86.9
Mongla,2000,11,80.33
Mongla,2000,12,72.23
Mongla,2001,1,68.55
Mongla,2001,2,70
Mongla,2001,3,69.74
Mongla,2001,4,77.03
Mongla,2001,5,80.32
Mongla,2001,6,91.1
Mongla,2001,7,88.58
Mongla,2001,8,85.77
Mongla,2001,9,86.67
Mongla,2001,10,87.26
Mongla,2001,11,82.3
Mongla,2001,12,76.52
Mongla,2002,1,76.55
Mongla,2002,2,70.07
Mongla,2002,3,70.58
Mongla,2002,4,79.43
Mongla,2002,5,80.52
Mongla,2002,6,87.43
Mongla,2002,7,85.94
Mongla,2002,8,88.61
Mongla,2002,9,89.2
Mongla,2002,10,83.39
Mongla,2002,11,80
Mongla,2002,12,77.81
Mongla,2003,1,78.16
Mongla,2003,2,73.71
Mongla,2003,3,72.87
Mongla,2003,4,78.67
Mongla,2003,5,77.71
Mongla,2003,6,85.63
Mongla,2003,7,85.71
Mongla,2003,8,87.26
Mongla,2003,9,87.67
Mongla,2003,10,86.19
Mongla,2003,11,80.33
Mongla,2003,12,83.1
Mongla,2004,1,81.65
Mongla,2004,2,71.31
Mongla,2004,3,75.71
Mongla,2004,4,80.77
Mongla,2004,5,77.65
Mongla,2004,6,87.07
Mongla,2004,7,88.03
Mongla,2004,8,89.52
Mongla,2004,9,89.77
Mongla,2004,10,86.55
Mongla,2004,11,81.8
Mongla,2004,12,83
Mongla,2005,1,80.55
Mongla,2005,2,75.57
Mongla,2005,3,78.77
Mongla,2005,4,79.77
Mongla,2005,5,82.06
Mongla,2005,6,85.77
Mongla,2005,7,90.35
Mongla,2005,8,90.23
Mongla,2005,9,89.17
Mongla,2005,10,89.52
Mongla,2005,11,83.13
Mongla,2005,12,77.42
Mongla,2006,1,76.1
Mongla,2006,2,75.32
Mongla,2006,3,69.39
Mongla,2006,4,77.77
Mongla,2006,5,82.68
Mongla,2006,6,89.9
Mongla,2006,7,91.97
Mongla,2006,8,91.9
Mongla,2006,9,88
Mongla,2006,10,84.06
Mongla,2006,11,83.63
Mongla,2006,12,79.68
Mongla,2007,1,74.97
Mongla,2007,2,77.14
Mongla,2007,3,72
Mongla,2007,4,78.7
Mongla,2007,5,78.58
Mongla,2007,6,85.2
Mongla,2007,7,89.71
Mongla,2007,8,87.39
Mongla,2007,9,89.6
Mongla,2007,10,84.9
Mongla,2007,11,81.2
Mongla,2007,12,78.39
Mongla,2008,1,78.13
Mongla,2008,2,73.59
Mongla,2008,3,78.71
Mongla,2008,4,74.7
Mongla,2008,5,76.26
Mongla,2008,6,86.03
Mongla,2008,7,89.48
Mongla,2008,8,87.35
Mongla,2008,9,86.2
Mongla,2008,10,82.97
Mongla,2008,11,77.8
Mongla,2008,12,81.68
Mongla,2009,1,79
Mongla,2009,2,70.61
Mongla,2009,3,70.35
Mongla,2009,4,73.43
Mongla,2009,5,77.32
Mongla,2009,6,82.6
Mongla,2009,7,92.39
Mongla,2009,8,91.48
Mongla,2009,9,89.23
Mongla,2009,10,83.52
Mongla,2009,11,77.57
Mongla,2009,12,76.74
Mongla,2010,1,76.03
Mongla,2010,2,71.64
Mongla,2010,3,71.06
Mongla,2010,4,75.47
Mongla,2010,5,80.13
Mongla,2010,6,86.3
Mongla,2010,7,86.77
Mongla,2010,8,86.48
Mongla,2010,9,86.77
Mongla,2010,10,84.74
Mongla,2010,11,80.63
Mongla,2010,12,75.23
Mongla,2011,1,75.35
Mongla,2011,2,69.68
Mongla,2011,3,71.16
Mongla,2011,4,74.5
Mongla,2011,5,78.74
Mongla,2011,6,86.87
Mongla,2011,7,84.68
Mongla,2011,8,89.1
Mongla,2011,9,91.2
Mongla,2011,10,82.77
Mongla,2011,11,78.57
Mongla,2011,12,81.16
Mongla,2012,1,76.87
Mongla,2012,2,68.97
Mongla,2012,3,72.03
Mongla,2012,4,76.33
Mongla,2012,5,77.23
Mongla,2012,6,81.27
Mongla,2012,7,88.84
Mongla,2012,8,88.13
Mongla,2012,9,88.53
Mongla,2012,10,83.35
Mongla,2012,11,79.4
Mongla,2012,12,80.61
Mongla,2013,1,74
Mongla,2013,2,67.93
Mongla,2013,3,70.06
Mongla,2013,4,73.27
Mongla,2013,5,83.71
Mongla,2013,6,85.7
Mongla,2013,7,87.1
Mongla,2013,8,87.65
Mongla,2013,9,86.63
Mongla,2013,10,87.81
Mongla,2013,11,77.43
Mongla,2013,12,79.19
Mongla,2014,1,80.48
Mongla,2014,2,73.89
Mongla,2014,3,70.74
Mongla,2014,4,71.7
Mongla,2014,5,79.19
Mongla,2014,6,86.67
Mongla,2014,7,87.71
Mongla,2014,8,88.81
Mongla,2014,9,86.8
Mongla,2014,10,82.03
Mongla,2014,11,78.73
Mongla,2014,12,80.9
Mongla,2015,1,78.23
Mongla,2015,2,74.75
Mongla,2015,3,66.74
Mongla,2015,4,76.57
Mongla,2015,5,78.94
Mongla,2015,6,84.7
Mongla,2015,7,91.71
Mongla,2015,8,87.74
Mongla,2015,9,85.73
Mongla,2015,10,83.35
Mongla,2015,11,81.73
Mongla,2015,12,78.94
Mongla,2016,1,78.81
Mongla,2016,2,78.66
Mongla,2016,3,75.26
Mongla,2016,4,76.9
Mongla,2016,5,77.26
Mongla,2016,6,84.57
Mongla,2016,7,90.68
Mongla,2016,8,88.13
Mongla,2016,9,86.33
Mongla,2016,10,84.71
Mongla,2016,11,81.03
Mongla,2016,12,81.71
Mongla,2017,1,73.9
Mongla,2017,2,71.61
Mongla,2017,3,75.9
Mongla,2017,4,76.67
Mongla,2017,5,77.32
Mongla,2017,6,85.6
Mongla,2017,7,89.1
Mongla,2017,8,89.23
Mongla,2017,9,88.73
Mongla,2017,10,87.74
Mongla,2017,11,80.43
Mongla,2017,12,84.48
Mongla,2018,1,75.55
Mongla,2018,2,72.68
Mongla,2018,3,72.52
Mongla,2018,4,73.97
Mongla,2018,5,80.58
Mongla,2018,6,86.6
Mongla,2018,7,88.94
Mongla,2018,8,86.87
Mongla,2018,9,86.63
Mongla,2018,10,82.29
Mongla,2018,11,84.07
Mongla,2018,12,76
Mongla,2019,1,71.52
Mongla,2019,2,71.75
Mongla,2019,3,72.61
Mongla,2019,4,76.13
Mongla,2019,5,77.87
Mongla,2019,6,83.83
Mongla,2019,7,86.94
Mongla,2019,8,86.97
Mongla,2019,9,88.27
Mongla,2019,10,85.81
Mongla,2019,11,83.23
Mongla,2019,12,80.13
Mongla,2020,1,81.45
Mongla,2020,2,72.21
Mongla,2020,3,69.68
Mongla,2020,4,76.53
Mongla,2020,5,80.71
Mongla,2020,6,87.67
Mongla,2020,7,88.39
Mongla,2020,8,89.61
Mongla,2020,9,88.17
Mongla,2020,10,87.23
Mongla,2020,11,77.13
Mongla,2020,12,82.39
Mongla,2021,1,76.13
Mongla,2021,2,66.66
Mongla,2021,3,65.57
Mongla,2021,4,65.28
Mongla,2021,5,70.77
Mongla,2021,6,84.58
Mongla,2021,7,89.6
Mongla,2021,8,89.6
Mongla,2021,9,89.33
Mongla,2021,10,86.56
Mongla,2021,11,79.54
Mongla,2021,12,81.26
Mongla,2022,1,78.77
Mongla,2022,2,75.11
Mongla,2022,3,71.19
Mongla,2022,4,77.8
Mongla,2022,5,79.87
Mongla,2022,6,84.5
Mongla,2022,7,84.39
Mongla,2022,8,87.1
Mongla,2022,9,87.83
Mongla,2022,10,84.81
Mongla,2022,11,77.5
Mongla,2022,12,78.84
Mongla,2023,1,78.94
Mongla,2023,2,71.25
Mongla,2023,3,67.81
Mongla,2023,4,69.85
Mongla,2023,5,72.5
Mongla,2023,6,82.75
Mongla,2023,7,82.19
Mongla,2023,8,87.31
Mongla,2023,9,87.85
Mongla,2023,10,81.69
Mongla,2023,11,80.38
Mongla,2023,12,83.15
Mongla,2024,1,82
Mongla,2024,2,77
Mongla,2024,3,74
Mongla,2024,4,73
Mongla,2024,5,80
Mongla,2024,6,84
Mongla,2024,7,89
Mongla,2024,8,91
Mongla,2024,9,88
Mongla,2024,10,87
Mongla,2024,11,80
Mongla,2024,12,76
Monpura,2023,8,86.56
Monpura,2023,9,87.04
Monpura,2023,10,84.67
Monpura,2023,11,82.42
Monpura,2023,12,82.44
Mymensingh,1948,1,66.87
Mymensingh,1948,2,71.9
Mymensingh,1948,3,64.94
Mymensingh,1948,4,70.93
Mymensingh,1948,5,80.81
Mymensingh,1948,6,84.57
Mymensingh,1948,7,84.19
Mymensingh,1948,8,85.53
Mymensingh,1948,9,87.03
Mymensingh,1948,10,86.23
Mymensingh,1948,11,81.83
Mymensingh,1948,12,77.42
Mymensingh,1950,1,77.32
Mymensingh,1950,2,72
Mymensingh,1950,3,75.94
Mymensingh,1950,4,70.33
Mymensingh,1950,5,80
Mymensingh,1950,6,86.07
Mymensingh,1950,7,86.26
Mymensingh,1950,8,90.39
Mymensingh,1950,9,85.9
Mymensingh,1950,10,87.19
Mymensingh,1950,11,79.5
Mymensingh,1950,12,75.81
Mymensingh,1951,1,74.61
Mymensingh,1951,2,67.43
Mymensingh,1951,3,68.39
Mymensingh,1951,4,69.7
Mymensingh,1951,5,79.68
Mymensingh,1951,6,87.53
Mymensingh,1951,7,87.23
Mymensingh,1951,8,86.71
Mymensingh,1951,9,87.47
Mymensingh,1951,10,89.81
Mymensingh,1951,11,82.5
Mymensingh,1951,12,75.65
Mymensingh,1952,1,73.84
Mymensingh,1952,2,72.03
Mymensingh,1952,3,73.39
Mymensingh,1952,4,71.17
Mymensingh,1952,5,82
Mymensingh,1952,6,85.97
Mymensingh,1952,7,87.19
Mymensingh,1952,8,86.87
Mymensingh,1952,9,88.33
Mymensingh,1952,10,86.42
Mymensingh,1952,11,84.37
Mymensingh,1952,12,79.52
Mymensingh,1953,1,80
Mymensingh,1953,2,77.93
Mymensingh,1953,3,79.48
Mymensingh,1953,4,75.2
Mymensingh,1953,5,83.45
Mymensingh,1953,6,89.03
Mymensingh,1953,7,89.45
Mymensingh,1953,8,88.32
Mymensingh,1953,9,86.13
Mymensingh,1953,10,88.32
Mymensingh,1953,11,84.83
Mymensingh,1953,12,80.71
Mymensingh,1954,1,80.81
Mymensingh,1954,2,77.11
Mymensingh,1954,3,66.87
Mymensingh,1954,4,74.67
Mymensingh,1954,5,83.16
Mymensingh,1954,6,89.3
Mymensingh,1954,7,86.94
Mymensingh,1954,8,86.77
Mymensingh,1954,9,86.43
Mymensingh,1954,10,84.32
Mymensingh,1954,11,81.13
Mymensingh,1954,12,79.65
Mymensingh,1955,1,74.45
Mymensingh,1955,2,64.82
Mymensingh,1955,3,73.68
Mymensingh,1955,4,71.83
Mymensingh,1955,5,80
Mymensingh,1955,6,86.43
Mymensingh,1955,7,88.35
Mymensingh,1955,8,89.68
Mymensingh,1955,9,86.37
Mymensingh,1955,10,83.29
Mymensingh,1955,11,81.8
Mymensingh,1955,12,79.45
Mymensingh,1956,1,77.19
Mymensingh,1956,2,67.03
Mymensingh,1956,3,70.55
Mymensingh,1956,4,71.53
Mymensingh,1956,5,84.94
Mymensingh,1956,6,88.77
Mymensingh,1956,7,85.77
Mymensingh,1956,8,86.52
Mymensingh,1956,9,85.47
Mymensingh,1956,10,85.07
Mymensingh,1956,11,80.57
Mymensingh,1956,12,82.26
Mymensingh,1957,1,82
Mymensingh,1957,2,73.11
Mymensingh,1957,3,61.65
Mymensingh,1957,4,62.4
Mymensingh,1957,5,78.45
Mymensingh,1957,6,87
Mymensingh,1957,7,85.61
Mymensingh,1957,8,83.1
Mymensingh,1957,9,86.1
Mymensingh,1957,10,81.16
Mymensingh,1957,11,79.53
Mymensingh,1957,12,79.55
Mymensingh,1958,1,78.16
Mymensingh,1958,2,75.04
Mymensingh,1958,3,61.94
Mymensingh,1958,4,71.5
Mymensingh,1958,5,81.48
Mymensingh,1958,6,86.6
Mymensingh,1958,7,85.77
Mymensingh,1958,8,87.61
Mymensingh,1958,9,84.03
Mymensingh,1958,10,84.63
Mymensingh,1958,11,80.7
Mymensingh,1958,12,83.06
Mymensingh,1959,1,80.9
Mymensingh,1959,2,68.82
Mymensingh,1959,3,63.39
Mymensingh,1959,4,71.13
Mymensingh,1959,5,79.87
Mymensingh,1959,6,87.3
Mymensingh,1959,7,85.61
Mymensingh,1959,8,86.29
Mymensingh,1959,9,85.67
Mymensingh,1959,10,86.45
Mymensingh,1959,11,78.2
Mymensingh,1959,12,79.58
Mymensingh,1960,1,73.39
Mymensingh,1960,2,66.34
Mymensingh,1960,3,64.13
Mymensingh,1960,4,59.03
Mymensingh,1960,5,73.45
Mymensingh,1960,6,84.03
Mymensingh,1960,7,87.87
Mymensingh,1960,8,85.65
Mymensingh,1960,9,87.63
Mymensingh,1960,10,80.58
Mymensingh,1960,11,81.3
Mymensingh,1960,12,80.06
Mymensingh,1961,1,77.52
Mymensingh,1961,2,75.46
Mymensingh,1961,3,72.97
Mymensingh,1961,4,72.53
Mymensingh,1961,5,81.39
Mymensingh,1961,6,87.27
Mymensingh,1961,7,86.68
Mymensingh,1961,8,85.58
Mymensingh,1961,9,84.3
Mymensingh,1961,10,84.16
Mymensingh,1961,11,80.33
Mymensingh,1961,12,81.52
Mymensingh,1962,1,75.35
Mymensingh,1962,2,74.54
Mymensingh,1962,3,49.65
Mymensingh,1962,4,65.97
Mymensingh,1962,5,77.45
Mymensingh,1962,6,86.13
Mymensingh,1962,7,85.9
Mymensingh,1962,8,87.71
Mymensingh,1962,9,83.9
Mymensingh,1962,10,82.23
Mymensingh,1962,11,82.6
Mymensingh,1962,12,84.1
Mymensingh,1963,1,74.77
Mymensingh,1963,2,68.18
Mymensingh,1963,3,70.13
Mymensingh,1963,4,71.93
Mymensingh,1963,5,82.23
Mymensingh,1963,6,88.63
Mymensingh,1963,7,90.55
Mymensingh,1963,8,89
Mymensingh,1963,9,84.7
Mymensingh,1963,10,86.77
Mymensingh,1963,11,80.27
Mymensingh,1963,12,75.13
Mymensingh,1964,1,73.87
Mymensingh,1964,2,73.38
Mymensingh,1964,3,69.39
Mymensingh,1964,4,80.1
Mymensingh,1964,5,83.74
Mymensingh,1964,6,89.2
Mymensingh,1964,7,90.23
Mymensingh,1964,8,88.13
Mymensingh,1964,9,87.5
Mymensingh,1964,10,85.29
Mymensingh,1964,11,76.03
Mymensingh,1964,12,80.35
Mymensingh,1965,1,74.74
Mymensingh,1965,2,71.11
Mymensingh,1965,3,61.68
Mymensingh,1965,4,63.73
Mymensingh,1965,5,73.4
Mymensingh,1965,6,87.93
Mymensingh,1965,7,87.16
Mymensingh,1965,8,89.16
Mymensingh,1965,9,85.4
Mymensingh,1965,10,79.65
Mymensingh,1965,11,76.97
Mymensingh,1965,12,73.03
Mymensingh,1966,1,74.74
Mymensingh,1966,3,64.39
Mymensingh,1966,4,62.53
Mymensingh,1966,5,71.6
Mymensingh,1966,6,85.67
Mymensingh,1966,7,85.45
Mymensingh,1966,8,88.68
Mymensingh,1966,9,84.2
Mymensingh,1966,10,80.94
Mymensingh,1966,11,76.67
Mymensingh,1966,12,78.48
Mymensingh,1967,1,71.61
Mymensingh,1967,2,69.39
Mymensingh,1967,3,68.45
Mymensingh,1967,4,57.83
Mymensingh,1967,5,76.73
Mymensingh,1967,6,83.5
Mymensingh,1967,7,85.32
Mymensingh,1967,8,84.74
Mymensingh,1967,9,84.63
Mymensingh,1967,10,80.55
Mymensingh,1967,11,72.3
Mymensingh,1967,12,77.39
Mymensingh,1968,1,83.68
Mymensingh,1968,2,69.76
Mymensingh,1968,3,59.87
Mymensingh,1968,4,64.93
Mymensingh,1968,5,72.19
Mymensingh,1968,6,86.67
Mymensingh,1968,7,87.1
Mymensingh,1968,8,83.81
Mymensingh,1968,9,85.33
Mymensingh,1968,10,79.35
Mymensingh,1968,11,72.73
Mymensingh,1968,12,74.29
Mymensingh,1969,1,71.23
Mymensingh,1969,2,66.18
Mymensingh,1969,3,65.68
Mymensingh,1969,4,73.5
Mymensingh,1969,5,71.55
Mymensingh,1969,7,86.1
Mymensingh,1969,8,86.74
Mymensingh,1969,9,81.8
Mymensingh,1969,10,77.65
Mymensingh,1969,11,73.03
Mymensingh,1969,12,70.9
Mymensingh,1970,1,71.16
Mymensingh,1970,2,62.82
Mymensingh,1970,3,60.61
Mymensingh,1970,4,67.9
Mymensingh,1970,5,72.71
Mymensingh,1970,6,84.4
Mymensingh,1970,7,86.39
Mymensingh,1970,8,84.32
Mymensingh,1970,9,83.83
Mymensingh,1970,10,83.19
Mymensingh,1970,11,73.6
Mymensingh,1970,12,68.77
Mymensingh,1971,8,85.94
Mymensingh,1971,9,86.67
Mymensingh,1971,10,84.06
Mymensingh,1971,11,85.27
Mymensingh,1971,12,69.75
Mymensingh,1972,1,67.87
Mymensingh,1972,2,62.93
Mymensingh,1972,3,84.5
Mymensingh,1972,4,70.6
Mymensingh,1972,5,75.39
Mymensingh,1972,6,84.03
Mymensingh,1972,7,84.23
Mymensingh,1972,8,83.23
Mymensingh,1972,9,81.6
Mymensingh,1972,10,83.54
Mymensingh,1972,11,74.33
Mymensingh,1972,12,80.45
Mymensingh,1973,1,67.35
Mymensingh,1973,2,63.54
Mymensingh,1973,4,70.1
Mymensingh,1973,5,81.1
Mymensingh,1973,6,88.71
Mymensingh,1973,7,79.2
Mymensingh,1973,8,85.29
Mymensingh,1974,1,70.74
Mymensingh,1974,2,67.2
Mymensingh,1974,3,74.74
Mymensingh,1974,4,80.63
Mymensingh,1974,7,90.48
Mymensingh,1974,8,86.58
Mymensingh,1974,9,87.67
Mymensingh,1974,10,90.17
Mymensingh,1975,1,83.53
Mymensingh,1975,2,72.04
Mymensingh,1975,3,64.81
Mymensingh,1975,4,78.97
Mymensingh,1975,5,80.11
Mymensingh,1975,6,83.73
Mymensingh,1975,7,89.87
Mymensingh,1975,8,88
Mymensingh,1975,9,87.63
Mymensingh,1975,10,88.13
Mymensingh,1975,11,88.47
Mymensingh,1975,12,91.23
Mymensingh,1976,1,71.96
Mymensingh,1976,2,80.82
Mymensingh,1976,3,80.31
Mymensingh,1976,4,64.37
Mymensingh,1976,5,79.52
Mymensingh,1976,6,89.43
Mymensingh,1976,7,89.74
Mymensingh,1976,8,90.11
Mymensingh,1976,9,88.26
Mymensingh,1976,10,89.13
Mymensingh,1976,11,80.17
Mymensingh,1976,12,76.19
Mymensingh,1977,1,68.16
Mymensingh,1977,2,64.14
Mymensingh,1977,3,61.65
Mymensingh,1977,4,80.13
Mymensingh,1977,5,80.32
Mymensingh,1977,6,89
Mymensingh,1977,7,85.9
Mymensingh,1977,8,84.42
Mymensingh,1977,9,82.43
Mymensingh,1977,10,81.61
Mymensingh,1977,11,79.1
Mymensingh,1977,12,73.87
Mymensingh,1978,1,68.84
Mymensingh,1978,2,59.57
Mymensingh,1978,3,53.26
Mymensingh,1978,4,72.77
Mymensingh,1978,5,85.42
Mymensingh,1978,6,88.37
Mymensingh,1978,7,86.19
Mymensingh,1978,8,82.39
Mymensingh,1978,9,87.5
Mymensingh,1978,10,81.48
Mymensingh,1978,11,77.03
Mymensingh,1978,12,71.65
Mymensingh,1979,1,71
Mymensingh,1979,2,63.93
Mymensingh,1979,3,54.16
Mymensingh,1979,4,62.8
Mymensingh,1979,5,76.03
Mymensingh,1979,6,85.07
Mymensingh,1979,7,89.61
Mymensingh,1979,8,86.13
Mymensingh,1979,9,85.53
Mymensingh,1979,10,81.94
Mymensingh,1979,11,79.3
Mymensingh,1979,12,79.94
Mymensingh,1980,1,73.13
Mymensingh,1980,2,54.72
Mymensingh,1980,3,54.19
Mymensingh,1980,4,60.27
Mymensingh,1980,5,76.77
Mymensingh,1980,6,79.07
Mymensingh,1980,7,80.58
Mymensingh,1980,8,80.77
Mymensingh,1980,9,81.33
Mymensingh,1980,10,75.55
Mymensingh,1980,11,59.7
Mymensingh,1980,12,63
Mymensingh,1981,1,65.48
Mymensingh,1981,2,60.14
Mymensingh,1981,3,53.84
Mymensingh,1981,4,71.87
Mymensingh,1981,5,76.45
Mymensingh,1981,6,75.93
Mymensingh,1981,7,83.74
Mymensingh,1981,8,80.81
Mymensingh,1981,9,80.63
Mymensingh,1981,10,65.68
Mymensingh,1981,11,59.4
Mymensingh,1981,12,65.71
Mymensingh,1982,1,62.26
Mymensingh,1982,2,51.18
Mymensingh,1982,3,56.61
Mymensingh,1982,4,61.77
Mymensingh,1982,5,71
Mymensingh,1982,6,83.7
Mymensingh,1982,7,83.61
Mymensingh,1982,8,78.32
Mymensingh,1982,9,79.03
Mymensingh,1982,10,70.58
Mymensingh,1982,11,65.13
Mymensingh,1982,12,66.35
Mymensingh,1983,1,62.29
Mymensingh,1983,2,47.64
Mymensingh,1983,3,56.94
Mymensingh,1983,4,58.83
Mymensingh,1983,5,78.81
Mymensingh,1983,6,83.07
Mymensingh,1983,7,85.32
Mymensingh,1983,8,85.19
Mymensingh,1983,9,85.97
Mymensingh,1983,10,81.03
Mymensingh,1983,11,68.8
Mymensingh,1983,12,72.03
Mymensingh,1984,1,70.03
Mymensingh,1984,2,61.1
Mymensingh,1984,3,59.03
Mymensingh,1984,4,68.27
Mymensingh,1984,5,84.9
Mymensingh,1984,6,84.57
Mymensingh,1984,7,85.94
Mymensingh,1984,8,83.35
Mymensingh,1984,9,86.33
Mymensingh,1984,10,81.61
Mymensingh,1984,11,68.03
Mymensingh,1984,12,72.74
Mymensingh,1985,1,70.35
Mymensingh,1985,2,66.54
Mymensingh,1985,3,65.35
Mymensingh,1985,4,72.47
Mymensingh,1985,5,79.03
Mymensingh,1985,6,84.9
Mymensingh,1985,7,85.32
Mymensingh,1985,8,82.84
Mymensingh,1985,9,86.1
Mymensingh,1985,10,75.55
Mymensingh,1985,11,70.47
Mymensingh,1985,12,68.65
Mymensingh,1986,1,69.61
Mymensingh,1986,2,58.21
Mymensingh,1986,3,54.1
Mymensingh,1986,4,75.27
Mymensingh,1986,5,73.68
Mymensingh,1986,6,81.53
Mymensingh,1986,7,84.9
Mymensingh,1986,8,79.81
Mymensingh,1986,9,83.13
Mymensingh,1986,10,80.65
Mymensingh,1986,11,76.8
Mymensingh,1986,12,74.9
Mymensingh,1987,1,71.61
Mymensingh,1987,2,71.68
Mymensingh,1987,3,72.1
Mymensingh,1987,4,75.23
Mymensingh,1987,5,79.29
Mymensingh,1987,6,84.8
Mymensingh,1987,7,88.13
Mymensingh,1987,8,85.97
Mymensingh,1987,9,87.1
Mymensingh,1987,10,82.13
Mymensingh,1987,11,80.77
Mymensingh,1987,12,79.68
Mymensingh,1988,1,77.71
Mymensingh,1988,2,76.24
Mymensingh,1988,3,75.97
Mymensingh,1988,4,78.43
Mymensingh,1988,5,84.9
Mymensingh,1988,6,85.03
Mymensingh,1988,7,86.65
Mymensingh,1988,8,88.29
Mymensingh,1988,9,84.57
Mymensingh,1988,10,82.26
Mymensingh,1988,11,79.23
Mymensingh,1988,12,81.97
Mymensingh,1989,1,75.97
Mymensingh,1989,2,70.79
Mymensingh,1989,3,69.52
Mymensingh,1989,4,71.77
Mymensingh,1989,5,80.52
Mymensingh,1989,6,86.7
Mymensingh,1989,7,87.42
Mymensingh,1989,8,84.58
Mymensingh,1989,9,88.7
Mymensingh,1989,10,84.74
Mymensingh,1989,11,79.13
Mymensingh,1989,12,75.97
Mymensingh,1990,1,78.19
Mymensingh,1990,2,74.21
Mymensingh,1990,3,75.1
Mymensingh,1990,4,79.93
Mymensingh,1990,5,82.58
Mymensingh,1990,6,88.1
Mymensingh,1990,7,88.58
Mymensingh,1990,8,85.71
Mymensingh,1990,9,86.9
Mymensingh,1990,10,83.16
Mymensingh,1990,11,78.83
Mymensingh,1990,12,76.32
Mymensingh,1991,1,72.68
Mymensingh,1991,2,73.75
Mymensingh,1991,3,70.48
Mymensingh,1991,4,75.77
Mymensingh,1991,5,87.39
Mymensingh,1991,6,88.03
Mymensingh,1991,7,86.06
Mymensingh,1991,8,85.77
Mymensingh,1991,9,91.63
Mymensingh,1991,10,85.29
Mymensingh,1991,11,77.83
Mymensingh,1991,12,78
Mymensingh,1992,1,79
Mymensingh,1992,2,73
Mymensingh,1992,3,67.71
Mymensingh,1992,4,70.1
Mymensingh,1992,5,79.29
Mymensingh,1992,6,84.8
Mymensingh,1992,7,87.13
Mymensingh,1992,8,84.32
Mymensingh,1992,9,84.97
Mymensingh,1992,10,82.74
Mymensingh,1992,11,76.57
Mymensingh,1992,12,75.32
Mymensingh,1993,1,77.77
Mymensingh,1993,2,74.79
Mymensingh,1993,3,66.52
Mymensingh,1993,4,75.57
Mymensingh,1993,5,82.26
Mymensingh,1993,6,85.67
Mymensingh,1993,7,85.19
Mymensingh,1993,8,85.65
Mymensingh,1993,9,85.1
Mymensingh,1993,10,84.71
Mymensingh,1993,11,80.17
Mymensingh,1993,12,74.71
Mymensingh,1994,1,74.87
Mymensingh,1994,2,72.96
Mymensingh,1994,3,72.45
Mymensingh,1994,4,76.8
Mymensingh,1994,5,80.23
Mymensingh,1994,6,86.03
Mymensingh,1994,7,83.77
Mymensingh,1994,8,84.13
Mymensingh,1994,9,82.8
Mymensingh,1994,10,81.97
Mymensingh,1994,11,78.87
Mymensingh,1994,12,75.42
Mymensingh,1995,1,72.42
Mymensingh,1995,2,72.57
Mymensingh,1995,3,66.94
Mymensingh,1995,4,72
Mymensingh,1995,5,78.81
Mymensingh,1995,6,86.37
Mymensingh,1995,7,87.19
Mymensingh,1995,8,86.13
Mymensingh,1995,9,85.8
Mymensingh,1995,10,82.35
Mymensingh,1995,11,81.43
Mymensingh,1995,12,81.06
Mymensingh,1996,1,74.74
Mymensingh,1996,2,71.59
Mymensingh,1996,3,72.55
Mymensingh,1996,4,73.77
Mymensingh,1996,5,80.16
Mymensingh,1996,6,84.83
Mymensingh,1996,7,86.68
Mymensingh,1996,8,86.65
Mymensingh,1996,9,85.17
Mymensingh,1996,10,82.45
Mymensingh,1996,11,79.33
Mymensingh,1996,12,76.71
Mymensingh,1997,1,74.94
Mymensingh,1997,2,69.36
Mymensingh,1997,3,70.45
Mymensingh,1997,4,77.07
Mymensingh,1997,5,79.32
Mymensingh,1997,6,85.53
Mymensingh,1997,7,87.19
Mymensingh,1997,8,85.48
Mymensingh,1997,9,86.87
Mymensingh,1997,10,80.58
Mymensingh,1997,11,78.57
Mymensingh,1997,12,82.16
Mymensingh,1998,1,77.81
Mymensingh,1998,2,70.68
Mymensingh,1998,3,71.77
Mymensingh,1998,4,80.53
Mymensingh,1998,5,81.13
Mymensingh,1998,6,85.33
Mymensingh,1998,7,90
Mymensingh,1998,8,89.68
Mymensingh,1998,9,84.97
Mymensingh,1998,10,84.19
Mymensingh,1998,11,79.27
Mymensingh,1998,12,77.84
Mymensingh,1999,1,75.94
Mymensingh,1999,2,71.68
Mymensingh,1999,3,68.1
Mymensingh,1999,4,77.7
Mymensingh,1999,5,83.03
Mymensingh,1999,6,85.4
Mymensingh,1999,7,87.29
Mymensingh,1999,8,87.26
Mymensingh,1999,9,87.37
Mymensingh,1999,10,86.65
Mymensingh,1999,11,80.4
Mymensingh,1999,12,80.58
Mymensingh,2000,1,80.35
Mymensingh,2000,2,72.9
Mymensingh,2000,3,77.06
Mymensingh,2000,4,81.9
Mymensingh,2000,5,85.39
Mymensingh,2000,6,86.63
Mymensingh,2000,7,85.39
Mymensingh,2000,8,88.06
Mymensingh,2000,9,89.5
Mymensingh,2000,10,85.58
Mymensingh,2000,11,81.93
Mymensingh,2000,12,76.45
Mymensingh,2001,1,76.71
Mymensingh,2001,2,74.43
Mymensingh,2001,3,70.19
Mymensingh,2001,4,74.9
Mymensingh,2001,5,82.32
Mymensingh,2001,6,86.6
Mymensingh,2001,7,85.74
Mymensingh,2001,8,84.13
Mymensingh,2001,9,86.6
Mymensingh,2001,10,85.61
Mymensingh,2001,11,83.9
Mymensingh,2001,12,80.19
Mymensingh,2002,1,76.65
Mymensingh,2002,2,72.93
Mymensingh,2002,3,72.94
Mymensingh,2002,4,80.5
Mymensingh,2002,5,82.26
Mymensingh,2002,6,87
Mymensingh,2002,7,90.77
Mymensingh,2002,8,84.97
Mymensingh,2002,9,83.73
Mymensingh,2002,10,84.26
Mymensingh,2002,11,82.07
Mymensingh,2002,12,84.06
Mymensingh,2003,1,83.16
Mymensingh,2003,2,74.57
Mymensingh,2003,3,75.1
Mymensingh,2003,4,79.77
Mymensingh,2003,5,80.65
Mymensingh,2003,6,85.87
Mymensingh,2003,7,84.52
Mymensingh,2003,8,84.35
Mymensingh,2003,9,87.77
Mymensingh,2003,10,87.19
Mymensingh,2003,11,80.87
Mymensingh,2003,12,79.87
Mymensingh,2004,1,80.13
Mymensingh,2004,2,72.34
Mymensingh,2004,3,75.26
Mymensingh,2004,4,81.93
Mymensingh,2004,5,80.84
Mymensingh,2004,6,87.7
Mymensingh,2004,7,86.55
Mymensingh,2004,8,84.16
Mymensingh,2004,9,90.77
Mymensingh,2004,10,86.84
Mymensingh,2004,11,82.53
Mymensingh,2004,12,81.32
Mymensingh,2005,1,80
Mymensingh,2005,2,73.93
Mymensingh,2005,3,79.23
Mymensingh,2005,4,78.43
Mymensingh,2005,5,82.29
Mymensingh,2005,6,84.03
Mymensingh,2005,7,86.39
Mymensingh,2005,8,87.81
Mymensingh,2005,9,85.37
Mymensingh,2005,10,87.84
Mymensingh,2005,11,83.83
Mymensingh,2005,12,80.19
Mymensingh,2006,1,84.71
Mymensingh,2006,2,81.71
Mymensingh,2006,3,75.68
Mymensingh,2006,4,80
Mymensingh,2006,5,81.9
Mymensingh,2006,6,87.6
Mymensingh,2006,7,86.03
Mymensingh,2006,8,84.55
Mymensingh,2006,9,88.77
Mymensingh,2006,10,87.23
Mymensingh,2006,11,85.5
Mymensingh,2006,12,85.45
Mymensingh,2007,1,82.65
Mymensingh,2007,2,80.68
Mymensingh,2007,3,74.45
Mymensingh,2007,4,81.7
Mymensingh,2007,5,79.94
Mymensingh,2007,6,87.2
Mymensingh,2007,7,89.45
Mymensingh,2007,8,86.9
Mymensingh,2007,9,86.57
Mymensingh,2007,10,84.9
Mymensingh,2007,11,84.63
Mymensingh,2007,12,83
Mymensingh,2008,1,83.9
Mymensingh,2008,2,74.59
Mymensingh,2008,3,81.03
Mymensingh,2008,4,78.47
Mymensingh,2008,5,79.84
Mymensingh,2008,6,87
Mymensingh,2008,7,88.13
Mymensingh,2008,8,90.1
Mymensingh,2008,9,85.1
Mymensingh,2008,10,86.52
Mymensingh,2008,11,82.73
Mymensingh,2008,12,87.45
Mymensingh,2009,1,85.65
Mymensingh,2009,2,74.96
Mymensingh,2009,3,75.61
Mymensingh,2009,4,79.73
Mymensingh,2009,5,81.55
Mymensingh,2009,6,85.3
Mymensingh,2009,7,84.19
Mymensingh,2009,8,87
Mymensingh,2009,9,85.17
Mymensingh,2009,10,83.35
Mymensingh,2009,11,82
Mymensingh,2009,12,84.77
Mymensingh,2010,1,81.97
Mymensingh,2010,2,74.61
Mymensingh,2010,3,74.19
Mymensingh,2010,4,82.63
Mymensingh,2010,5,81.94
Mymensingh,2010,6,87.27
Mymensingh,2010,7,85.61
Mymensingh,2010,8,85.19
Mymensingh,2010,9,87.2
Mymensingh,2010,10,85.87
Mymensingh,2010,11,82.17
Mymensingh,2010,12,80.55
Mymensingh,2011,1,83.03
Mymensingh,2011,2,73.39
Mymensingh,2011,3,73.16
Mymensingh,2011,4,77.5
Mymensingh,2011,5,82
Mymensingh,2011,6,85.13
Mymensingh,2011,7,86.58
Mymensingh,2011,8,86.84
Mymensingh,2011,9,84.73
Mymensingh,2011,10,83.81
Mymensingh,2011,11,81.77
Mymensingh,2011,12,83.32
Mymensingh,2012,1,79.55
Mymensingh,2012,2,71.45
Mymensingh,2012,3,73.42
Mymensingh,2012,4,80.37
Mymensingh,2012,5,77.9
Mymensingh,2012,6,85.4
Mymensingh,2012,7,86.58
Mymensingh,2012,8,85.1
Mymensingh,2012,9,85.77
Mymensingh,2012,10,82.03
Mymensingh,2012,11,81.07
Mymensingh,2012,12,88.39
Mymensingh,2013,1,78.35
Mymensingh,2013,2,70.79
Mymensingh,2013,3,74.52
Mymensingh,2013,4,77.17
Mymensingh,2013,5,84.13
Mymensingh,2013,6,82.67
Mymensingh,2013,7,83.71
Mymensingh,2013,8,85.48
Mymensingh,2013,9,85.17
Mymensingh,2013,10,85.87
Mymensingh,2013,11,81.07
Mymensingh,2013,12,82.16
Mymensingh,2014,1,82.06
Mymensingh,2014,2,76.79
Mymensingh,2014,3,72.1
Mymensingh,2014,4,73.7
Mymensingh,2014,5,79.45
Mymensingh,2014,6,84.8
Mymensingh,2014,7,84.16
Mymensingh,2014,8,87.52
Mymensingh,2014,9,86.47
Mymensingh,2014,10,83
Mymensingh,2014,11,81.97
Mymensingh,2014,12,86.29
Mymensingh,2015,1,82.29
Mymensingh,2015,2,78.93
Mymensingh,2015,3,74.1
Mymensingh,2015,4,80.6
Mymensingh,2015,5,80.45
Mymensingh,2015,6,85.83
Mymensingh,2015,7,84.58
Mymensingh,2015,8,87.1
Mymensingh,2015,9,85.63
Mymensingh,2015,10,82.48
Mymensingh,2015,11,81.73
Mymensingh,2015,12,82.68
Mymensingh,2016,1,84.16
Mymensingh,2016,2,79.62
Mymensingh,2016,3,75.58
Mymensingh,2016,4,81.2
Mymensingh,2016,5,80.84
Mymensingh,2016,6,83.93
Mymensingh,2016,7,86.65
Mymensingh,2016,8,80.61
Mymensingh,2016,9,87.27
Mymensingh,2016,10,83.77
Mymensingh,2016,11,81.2
Mymensingh,2016,12,80.68
Mymensingh,2017,1,76.74
Mymensingh,2017,2,74.21
Mymensingh,2017,3,78.55
Mymensingh,2017,4,82.47
Mymensingh,2017,5,80.71
Mymensingh,2017,6,85.37
Mymensingh,2017,7,86.94
Mymensingh,2017,8,86.77
Mymensingh,2017,9,87.83
Mymensingh,2017,10,86
Mymensingh,2017,11,81.73
Mymensingh,2017,12,85.13
Mymensingh,2018,1,82.16
Mymensingh,2018,2,76.07
Mymensingh,2018,3,75.58
Mymensingh,2018,4,79.67
Mymensingh,2018,5,82.77
Mymensingh,2018,6,84.53
Mymensingh,2018,7,85.06
Mymensingh,2018,8,83.61
Mymensingh,2018,9,84.4
Mymensingh,2018,10,84.35
Mymensingh,2018,11,81.3
Mymensingh,2018,12,79.55
Mymensingh,2019,1,74.77
Mymensingh,2019,2,75.5
Mymensingh,2019,3,72.55
Mymensingh,2019,4,78.1
Mymensingh,2019,5,80.26
Mymensingh,2019,6,84.03
Mymensingh,2019,7,84
Mymensingh,2019,8,81.35
Mymensingh,2019,9,84.83
Mymensingh,2019,10,86.32
Mymensingh,2019,11,84.2
Mymensingh,2019,12,82.74
Mymensingh,2020,1,83.81
Mymensingh,2020,2,74.28
Mymensingh,2020,3,73.29
Mymensingh,2020,4,77.67
Mymensingh,2020,5,81.39
Mymensingh,2020,6,85.5
Mymensingh,2020,7,87
Mymensingh,2020,8,82.45
Mymensingh,2020,9,87.37
Mymensingh,2020,10,85.35
Mymensingh,2020,11,80.13
Mymensingh,2020,12,87.48
Mymensingh,2021,1,86.6
Mymensingh,2021,2,72.21
Mymensingh,2021,3,66.76
Mymensingh,2021,4,69.28
Mymensingh,2021,5,75.31
Mymensingh,2021,6,81.08
Mymensingh,2021,7,85.91
Mymensingh,2021,8,88.07
Mymensingh,2021,9,83.08
Mymensingh,2021,10,83.95
Mymensingh,2021,11,80.27
Mymensingh,2021,12,82.18
Mymensingh,2022,1,80.81
Mymensingh,2022,2,75.89
Mymensingh,2022,3,72.61
Mymensingh,2022,4,81.17
Mymensingh,2022,5,82.29
Mymensingh,2022,6,87.57
Mymensingh,2022,7,82.71
Mymensingh,2022,8,80.97
Mymensingh,2022,9,87.07
Mymensingh,2022,10,84.06
Mymensingh,2022,11,81
Mymensingh,2022,12,84.26
Mymensingh,2023,1,85
Mymensingh,2023,2,76.09
Mymensingh,2023,3,72.15
Mymensingh,2023,4,66.12
Mymensingh,2023,5,69.5
Mymensingh,2023,6,80.98
Mymensingh,2023,7,80.9
Mymensingh,2023,8,83.9
Mymensingh,2023,9,82.27
Mymensingh,2023,10,83.5
Mymensingh,2023,11,79.38
Mymensingh,2023,12,84.9
Mymensingh,2024,1,85
Mymensingh,2024,2,76
Mymensingh,2024,3,75
Mymensingh,2024,4,75
Mymensingh,2024,5,76
Mymensingh,2024,6,86
Mymensingh,2024,7,84
Mymensingh,2024,8,85
Mymensingh,2024,9,83
Mymensingh,2024,10,87
Mymensingh,2024,11,80
Mymensingh,2024,12,82
Narayanganj,2023,8,82.4
Narayanganj,2023,9,79.6
Narayanganj,2023,10,78.27
Narayanganj,2023,11,68.6
Narayanganj,2023,12,76.4
Narsingdi,2023,8,91.26
Narsingdi,2023,9,90.38
Narsingdi,2023,10,90.83
Narsingdi,2023,11,82.23
Narsingdi,2023,12,89.16
Netrokona,2020,12,86.6
Netrokona,2021,1,84.47
Netrokona,2021,2,71.39
Netrokona,2021,3,70.52
Netrokona,2021,4,70.67
Netrokona,2021,5,75.6
Netrokona,2021,6,83.75
Netrokona,2021,7,84.77
Netrokona,2021,8,87.39
Netrokona,2021,9,83.02
Netrokona,2021,10,83.84
Netrokona,2021,11,81.28
Netrokona,2021,12,80.87
Netrokona,2023,1,82.81
Netrokona,2023,2,74.05
Netrokona,2023,3,74.03
Netrokona,2023,4,67.92
Netrokona,2023,5,69.81
Netrokona,2023,6,82.78
Netrokona,2023,7,84.9
Netrokona,2023,8,84.37
Netrokona,2023,9,81.28
Netrokona,2023,10,83.15
Netrokona,2023,11,77.27
Netrokona,2023,12,83.26
Nikli,2020,12,89.45
Nikli,2021,1,90.19
Nikli,2021,2,76.62
Nikli,2021,3,71.09
Nikli,2021,4,69.71
Nikli,2021,5,75.84
Nikli,2021,6,82.25
Nikli,2023,1,88.31
Nikli,2023,2,80.84
Nikli,2023,3,77.58
Nikli,2023,4,73.05
Nikli,2023,5,69.52
Nikli,2023,6,83.07
Nikli,2023,7,79.77
Nikli,2023,8,84.44
Nikli,2023,9,82.27
Nikli,2023,10,84.98
Nikli,2023,11,82.5
Nikli,2023,12,90.61
Patuakhali,1973,8,87.39
Patuakhali,1973,9,88.42
Patuakhali,1973,10,81.1
Patuakhali,1973,11,79.97
Patuakhali,1973,12,75.58
Patuakhali,1975,1,70.39
Patuakhali,1975,2,62.64
Patuakhali,1975,3,65.97
Patuakhali,1975,4,75.37
Patuakhali,1975,5,81.03
Patuakhali,1975,6,82.3
Patuakhali,1975,7,87.58
Patuakhali,1975,8,85.17
Patuakhali,1975,9,86.17
Patuakhali,1975,10,86.03
Patuakhali,1975,11,77.47
Patuakhali,1975,12,71.65
Patuakhali,1976,1,68.29
Patuakhali,1976,2,71.97
Patuakhali,1976,3,70.39
Patuakhali,1976,4,74.23
Patuakhali,1976,5,75
Patuakhali,1977,1,72.9
Patuakhali,1977,2,70
Patuakhali,1977,3,68.48
Patuakhali,1977,4,76.59
Patuakhali,1977,5,79.85
Patuakhali,1977,6,85.2
Patuakhali,1977,7,87.03
Patuakhali,1977,8,85.55
Patuakhali,1977,10,80.84
Patuakhali,1977,11,77.1
Patuakhali,1977,12,72.81
Patuakhali,1978,1,70.32
Patuakhali,1978,2,65.07
Patuakhali,1978,3,65.87
Patuakhali,1978,4,75.83
Patuakhali,1978,5,75.39
Patuakhali,1978,6,81.03
Patuakhali,1978,7,82.13
Patuakhali,1978,8,83.48
Patuakhali,1978,9,84.93
Patuakhali,1978,10,84.45
Patuakhali,1978,11,79.67
Patuakhali,1978,12,69.06
Patuakhali,1979,1,68.13
Patuakhali,1979,2,62.21
Patuakhali,1979,3,70.26
Patuakhali,1979,6,79.23
Patuakhali,1979,7,81.35
Patuakhali,1979,8,81.19
Patuakhali,1979,9,79.6
Patuakhali,1979,10,74.87
Patuakhali,1979,11,72.87
Patuakhali,1979,12,73.81
Patuakhali,1981,1,69.55
Patuakhali,1981,2,67.29
Patuakhali,1981,3,70.61
Patuakhali,1981,4,79.33
Patuakhali,1981,5,79.65
Patuakhali,1981,6,84.27
Patuakhali,1981,7,89.57
Patuakhali,1981,8,86.71
Patuakhali,1981,9,83.7
Patuakhali,1981,10,73.7
Patuakhali,1981,11,68
Patuakhali,1981,12,68.87
Patuakhali,1982,1,61.87
Patuakhali,1982,2,68.5
Patuakhali,1982,3,62.48
Patuakhali,1982,4,74.8
Patuakhali,1982,5,73.52
Patuakhali,1982,6,85.53
Patuakhali,1982,7,84.19
Patuakhali,1982,8,86.97
Patuakhali,1982,9,81.33
Patuakhali,1982,10,75.32
Patuakhali,1982,11,70.07
Patuakhali,1982,12,64.03
Patuakhali,1983,1,66.65
Patuakhali,1983,2,63.36
Patuakhali,1983,3,74.71
Patuakhali,1983,4,72.4
Patuakhali,1983,5,78.97
Patuakhali,1983,6,84.6
Patuakhali,1983,7,87.58
Patuakhali,1983,8,85.72
Patuakhali,1983,9,84.3
Patuakhali,1983,10,80.65
Patuakhali,1983,11,73.63
Patuakhali,1983,12,67.87
Patuakhali,1984,1,65.9
Patuakhali,1984,2,59.07
Patuakhali,1984,3,63.55
Patuakhali,1984,4,77.77
Patuakhali,1984,5,83.39
Patuakhali,1984,6,87.53
Patuakhali,1984,7,87.65
Patuakhali,1984,8,89.35
Patuakhali,1984,9,84.83
Patuakhali,1984,10,86.61
Patuakhali,1984,11,80.33
Patuakhali,1984,12,79.32
Patuakhali,1985,1,80.71
Patuakhali,1985,2,75.04
Patuakhali,1985,3,83.13
Patuakhali,1985,4,84.7
Patuakhali,1985,5,87.26
Patuakhali,1985,6,89.33
Patuakhali,1985,7,90.03
Patuakhali,1985,8,87.26
Patuakhali,1985,9,86.8
Patuakhali,1985,10,81.61
Patuakhali,1985,11,78.9
Patuakhali,1985,12,74.84
Patuakhali,1986,1,75.29
Patuakhali,1986,2,70
Patuakhali,1986,3,72.94
Patuakhali,1986,4,84
Patuakhali,1986,5,82.19
Patuakhali,1986,6,89.07
Patuakhali,1986,7,89.71
Patuakhali,1986,8,85.97
Patuakhali,1986,9,89.07
Patuakhali,1986,10,84.42
Patuakhali,1986,11,81.9
Patuakhali,1986,12,77.19
Patuakhali,1987,1,73.97
Patuakhali,1987,2,72.89
Patuakhali,1987,3,72.94
Patuakhali,1987,4,79.43
Patuakhali,1987,5,80.9
Patuakhali,1987,6,86.23
Patuakhali,1987,7,90.61
Patuakhali,1987,8,87.35
Patuakhali,1987,9,86.63
Patuakhali,1987,10,82.29
Patuakhali,1987,11,81.63
Patuakhali,1987,12,80.9
Patuakhali,1988,1,77.68
Patuakhali,1988,2,76.48
Patuakhali,1988,3,77.19
Patuakhali,1988,4,80.23
Patuakhali,1988,5,85.71
Patuakhali,1988,6,88.5
Patuakhali,1988,7,91.61
Patuakhali,1988,8,92.03
Patuakhali,1988,9,88.17
Patuakhali,1988,10,83.61
Patuakhali,1988,11,81.43
Patuakhali,1988,12,81.81
Patuakhali,1989,1,77.42
Patuakhali,1989,2,79.57
Patuakhali,1989,3,72.42
Patuakhali,1989,4,79.87
Patuakhali,1989,5,82.23
Patuakhali,1989,6,85.33
Patuakhali,1989,7,87.35
Patuakhali,1989,8,86.19
Patuakhali,1989,9,88.17
Patuakhali,1989,10,89.65
Patuakhali,1989,11,80.27
Patuakhali,1989,12,75.03
Patuakhali,1990,1,79
Patuakhali,1990,2,82.96
Patuakhali,1990,3,81.13
Patuakhali,1990,4,86.47
Patuakhali,1990,5,82.9
Patuakhali,1990,6,88.2
Patuakhali,1990,7,90.55
Patuakhali,1990,8,86.35
Patuakhali,1990,9,88.37
Patuakhali,1990,10,84.77
Patuakhali,1990,11,84
Patuakhali,1990,12,82.87
Patuakhali,1991,1,82
Patuakhali,1991,2,79.89
Patuakhali,1991,3,75.68
Patuakhali,1991,4,79.4
Patuakhali,1991,5,84.23
Patuakhali,1991,6,88.1
Patuakhali,1991,7,87.1
Patuakhali,1991,8,88.45
Patuakhali,1991,9,89.27
Patuakhali,1991,10,87.16
Patuakhali,1991,11,79.93
Patuakhali,1991,12,78.23
Patuakhali,1992,1,78.58
Patuakhali,1992,2,78.21
Patuakhali,1992,3,80.03
Patuakhali,1992,4,80.93
Patuakhali,1992,5,82.23
Patuakhali,1992,6,86
Patuakhali,1992,7,89.03
Patuakhali,1992,8,86.19
Patuakhali,1992,9,86.23
Patuakhali,1992,10,84.68
Patuakhali,1992,11,81.23
Patuakhali,1992,12,78.61
Patuakhali,1993,1,79.81
Patuakhali,1993,2,81.61
Patuakhali,1993,3,75.97
Patuakhali,1993,4,81.23
Patuakhali,1993,5,82.1
Patuakhali,1993,6,87.2
Patuakhali,1993,7,89.97
Patuakhali,1993,8,90.84
Patuakhali,1993,9,90.03
Patuakhali,1993,10,86.19
Patuakhali,1993,11,82.7
Patuakhali,1993,12,80.19
Patuakhali,1994,1,80.42
Patuakhali,1994,2,79.18
Patuakhali,1994,3,82
Patuakhali,1994,4,81.37
Patuakhali,1994,5,83.06
Patuakhali,1994,6,90.2
Patuakhali,1994,7,91.13
Patuakhali,1994,8,91.29
Patuakhali,1994,9,87.6
Patuakhali,1994,10,85.26
Patuakhali,1994,11,83.37
Patuakhali,1994,12,79.61
Patuakhali,1995,1,77.81
Patuakhali,1995,2,80.79
Patuakhali,1995,3,75.74
Patuakhali,1995,4,80.67
Patuakhali,1995,5,86.84
Patuakhali,1995,6,89.17
Patuakhali,1995,7,90.29
Patuakhali,1995,8,88.97
Patuakhali,1995,9,89.8
Patuakhali,1995,10,87.68
Patuakhali,1995,11,87.23
Patuakhali,1995,12,79.9
Patuakhali,1996,1,80.71
Patuakhali,1996,2,77.34
Patuakhali,1996,3,80.55
Patuakhali,1996,4,82
Patuakhali,1996,5,83.71
Patuakhali,1996,6,88.57
Patuakhali,1996,7,90.39
Patuakhali,1996,8,91.9
Patuakhali,1996,9,89.17
Patuakhali,1996,10,87.55
Patuakhali,1996,11,83.73
Patuakhali,1996,12,81.19
Patuakhali,1997,1,77.52
Patuakhali,1997,2,77.57
Patuakhali,1997,3,79.55
Patuakhali,1997,4,83.63
Patuakhali,1997,5,85.06
Patuakhali,1997,6,87.5
Patuakhali,1997,7,91.23
Patuakhali,1997,8,87.68
Patuakhali,1997,9,88.63
Patuakhali,1997,10,83.74
Patuakhali,1997,11,82.57
Patuakhali,1997,12,82.42
Patuakhali,1998,1,82.58
Patuakhali,1998,2,78.18
Patuakhali,1998,3,73.58
Patuakhali,1998,4,80.53
Patuakhali,1998,5,84.45
Patuakhali,1998,6,86.07
Patuakhali,1998,7,90.58
Patuakhali,1998,8,90.03
Patuakhali,1998,9,88.17
Patuakhali,1998,10,86.68
Patuakhali,1998,11,83.53
Patuakhali,1998,12,81.68
Patuakhali,1999,1,78.13
Patuakhali,1999,2,71.04
Patuakhali,1999,3,72.71
Patuakhali,1999,4,76.97
Patuakhali,1999,5,83.84
Patuakhali,1999,6,88.73
Patuakhali,1999,7,90.74
Patuakhali,1999,8,90.35
Patuakhali,1999,9,89.93
Patuakhali,1999,10,88.42
Patuakhali,1999,11,81.83
Patuakhali,1999,12,80.84
Patuakhali,2000,1,80.52
Patuakhali,2000,2,74.66
Patuakhali,2000,3,75.06
Patuakhali,2000,4,80.1
Patuakhali,2000,5,83.77
Patuakhali,2000,6,89.87
Patuakhali,2000,7,89.16
Patuakhali,2000,8,88.1
Patuakhali,2000,9,88.67
Patuakhali,2000,10,87.32
Patuakhali,2000,11,82.63
Patuakhali,2000,12,79.06
Patuakhali,2001,1,76.42
Patuakhali,2001,2,75.71
Patuakhali,2001,3,73.13
Patuakhali,2001,4,80.1
Patuakhali,2001,5,85
Patuakhali,2001,6,92.87
Patuakhali,2001,7,89.65
Patuakhali,2001,8,87.03
Patuakhali,2001,9,88.63
Patuakhali,2001,10,88.81
Patuakhali,2001,11,86.4
Patuakhali,2001,12,81.74
Patuakhali,2002,1,80.35
Patuakhali,2002,2,72.14
Patuakhali,2002,3,73.52
Patuakhali,2002,4,81.5
Patuakhali,2002,5,85.97
Patuakhali,2002,6,90.67
Patuakhali,2002,7,92.65
Patuakhali,2002,8,92.48
Patuakhali,2002,9,89.63
Patuakhali,2002,10,86.61
Patuakhali,2002,11,84.23
Patuakhali,2002,12,85.94
Patuakhali,2003,1,84.9
Patuakhali,2003,2,83.36
Patuakhali,2003,3,80.94
Patuakhali,2003,4,82.4
Patuakhali,2003,5,84
Patuakhali,2003,6,92.6
Patuakhali,2003,7,90.71
Patuakhali,2003,8,89.32
Patuakhali,2003,9,90.4
Patuakhali,2003,10,88.97
Patuakhali,2003,11,85.47
Patuakhali,2003,12,87.97
Patuakhali,2004,1,83.23
Patuakhali,2004,2,75.55
Patuakhali,2004,3,84.23
Patuakhali,2004,4,88.83
Patuakhali,2004,5,84.48
Patuakhali,2004,6,88.9
Patuakhali,2004,7,89.23
Patuakhali,2004,8,90.94
Patuakhali,2004,9,90.83
Patuakhali,2004,10,87.29
Patuakhali,2004,11,83.2
Patuakhali,2004,12,80.68
Patuakhali,2005,1,78.71
Patuakhali,2005,2,74.32
Patuakhali,2005,3,80.35
Patuakhali,2005,4,80.33
Patuakhali,2005,5,82.29
Patuakhali,2005,6,87.23
Patuakhali,2005,7,89.94
Patuakhali,2005,8,90.84
Patuakhali,2005,9,89.93
Patuakhali,2005,10,89.74
Patuakhali,2005,11,84.43
Patuakhali,2005,12,81.58
Patuakhali,2006,1,79.06
Patuakhali,2006,2,78.93
Patuakhali,2006,3,72.29
Patuakhali,2006,4,77.97
Patuakhali,2006,5,83.87
Patuakhali,2006,6,88.97
Patuakhali,2006,7,90.65
Patuakhali,2006,8,89.94
Patuakhali,2006,9,89.4
Patuakhali,2006,10,86.97
Patuakhali,2006,11,84.67
Patuakhali,2006,12,82
Patuakhali,2007,1,79.9
Patuakhali,2007,2,79.71
Patuakhali,2007,3,71.32
Patuakhali,2007,4,82.03
Patuakhali,2007,5,82.58
Patuakhali,2007,6,89.47
Patuakhali,2007,7,93.84
Patuakhali,2007,8,90.35
Patuakhali,2007,9,92.07
Patuakhali,2007,10,86.94
Patuakhali,2007,11,83.83
Patuakhali,2007,12,77.74
Patuakhali,2008,1,78.61
Patuakhali,2008,2,73.55
Patuakhali,2008,3,79.52
Patuakhali,2008,4,78.03
Patuakhali,2008,5,79.55
Patuakhali,2008,6,89.13
Patuakhali,2008,7,91.77
Patuakhali,2008,8,88.94
Patuakhali,2008,9,89.47
Patuakhali,2008,10,86.94
Patuakhali,2008,11,83.83
Patuakhali,2008,12,86.32
Patuakhali,2009,1,82.55
Patuakhali,2009,2,75.36
Patuakhali,2009,3,76.32
Patuakhali,2009,4,80.37
Patuakhali,2009,5,81.1
Patuakhali,2009,6,85.73
Patuakhali,2009,7,91.68
Patuakhali,2009,8,90.74
Patuakhali,2009,9,88.8
Patuakhali,2009,10,86.16
Patuakhali,2009,11,82.3
Patuakhali,2009,12,82.9
Patuakhali,2010,1,87
Patuakhali,2010,2,80.61
Patuakhali,2010,3,83.29
Patuakhali,2010,4,83.77
Patuakhali,2010,5,85.06
Patuakhali,2010,6,92.5
Patuakhali,2010,7,94.52
Patuakhali,2010,8,94.16
Patuakhali,2010,9,93
Patuakhali,2010,10,91.74
Patuakhali,2010,11,91.07
Patuakhali,2010,12,88.77
Patuakhali,2011,1,86.16
Patuakhali,2011,2,75.04
Patuakhali,2011,3,73.19
Patuakhali,2011,4,80.33
Patuakhali,2011,5,84
Patuakhali,2011,6,90
Patuakhali,2011,7,89.1
Patuakhali,2011,8,91.84
Patuakhali,2011,9,91.97
Patuakhali,2011,10,86.39
Patuakhali,2011,11,83.9
Patuakhali,2011,12,84.35
Patuakhali,2012,1,81.39
Patuakhali,2012,2,72.62
Patuakhali,2012,3,77
Patuakhali,2012,4,80.9
Patuakhali,2012,5,85.58
Patuakhali,2012,6,85.9
Patuakhali,2012,7,90.71
Patuakhali,2012,8,89.65
Patuakhali,2012,9,90.9
Patuakhali,2012,10,86.71
Patuakhali,2012,11,83.67
Patuakhali,2012,12,85.03
Patuakhali,2013,1,77.77
Patuakhali,2013,2,71.86
Patuakhali,2013,3,73.48
Patuakhali,2013,4,77.67
Patuakhali,2013,5,87.71
Patuakhali,2013,6,86.97
Patuakhali,2013,7,89.9
Patuakhali,2013,8,89.58
Patuakhali,2013,9,90.6
Patuakhali,2013,10,89.06
Patuakhali,2013,11,79.67
Patuakhali,2013,12,81.77
Patuakhali,2014,1,80.97
Patuakhali,2014,2,75.46
Patuakhali,2014,3,71.13
Patuakhali,2014,4,74.07
Patuakhali,2014,5,82.29
Patuakhali,2014,6,88.2
Patuakhali,2014,7,89.45
Patuakhali,2014,8,91.26
Patuakhali,2014,9,88.57
Patuakhali,2014,10,84.39
Patuakhali,2014,11,82.47
Patuakhali,2014,12,85.06
Patuakhali,2015,1,80.97
Patuakhali,2015,2,76.61
Patuakhali,2015,3,69.81
Patuakhali,2015,4,80.33
Patuakhali,2015,5,81.1
Patuakhali,2015,6,88.97
Patuakhali,2015,7,92.29
Patuakhali,2015,8,90.68
Patuakhali,2015,9,89.2
Patuakhali,2015,10,87.06
Patuakhali,2015,11,85
Patuakhali,2015,12,82.84
Patuakhali,2016,1,81.84
Patuakhali,2016,2,81.76
Patuakhali,2016,3,80.61
Patuakhali,2016,4,83.27
Patuakhali,2016,5,85.68
Patuakhali,2016,6,87.03
Patuakhali,2016,7,92.06
Patuakhali,2016,8,89.1
Patuakhali,2016,9,88.07
Patuakhali,2016,10,87.94
Patuakhali,2016,11,84.7
Patuakhali,2016,12,83.68
Patuakhali,2017,1,76.42
Patuakhali,2017,2,73.36
Patuakhali,2017,3,78.9
Patuakhali,2017,4,82.83
Patuakhali,2017,5,80.77
Patuakhali,2017,6,87.5
Patuakhali,2017,7,91.42
Patuakhali,2017,8,91.97
Patuakhali,2017,9,92.23
Patuakhali,2017,10,91.42
Patuakhali,2017,11,86.7
Patuakhali,2017,12,88.58
Patuakhali,2018,1,79.23
Patuakhali,2018,2,75.39
Patuakhali,2018,3,75.35
Patuakhali,2018,4,78.9
Patuakhali,2018,5,85.61
Patuakhali,2018,6,88.8
Patuakhali,2018,7,89.58
Patuakhali,2018,8,87.9
Patuakhali,2018,9,86.07
Patuakhali,2018,10,84.94
Patuakhali,2018,11,82.73
Patuakhali,2018,12,79.97
Patuakhali,2019,1,75.81
Patuakhali,2019,2,75
Patuakhali,2019,3,74.87
Patuakhali,2019,4,77.8
Patuakhali,2019,5,80.16
Patuakhali,2019,6,85.47
Patuakhali,2019,7,89.77
Patuakhali,2019,8,88.58
Patuakhali,2019,9,90.47
Patuakhali,2019,10,88.13
Patuakhali,2019,11,87.9
Patuakhali,2019,12,86.42
Patuakhali,2020,1,87.13
Patuakhali,2020,2,80.48
Patuakhali,2020,3,79.81
Patuakhali,2020,4,88.03
Patuakhali,2020,5,85.48
Patuakhali,2020,6,92
Patuakhali,2020,7,89.97
Patuakhali,2020,8,91.16
Patuakhali,2020,9,88.97
Patuakhali,2020,10,89.35
Patuakhali,2020,11,87.77
Patuakhali,2020,12,90.24
Patuakhali,2021,1,87.65
Patuakhali,2021,2,73.04
Patuakhali,2021,3,78.09
Patuakhali,2021,4,82.1
Patuakhali,2021,5,83.6
Patuakhali,2021,6,93
Patuakhali,2021,7,90.43
Patuakhali,2021,8,90.72
Patuakhali,2021,9,88.91
Patuakhali,2021,10,86.24
Patuakhali,2021,11,79.81
Patuakhali,2021,12,83.35
Patuakhali,2022,1,81.68
Patuakhali,2022,2,75.57
Patuakhali,2022,3,68.52
Patuakhali,2022,4,78.73
Patuakhali,2022,5,82.19
Patuakhali,2022,6,86.67
Patuakhali,2022,7,87.84
Patuakhali,2022,8,88.26
Patuakhali,2022,9,89.53
Patuakhali,2022,10,86.9
Patuakhali,2022,11,81.07
Patuakhali,2022,12,81.9
Patuakhali,2023,1,81.89
Patuakhali,2023,2,71.98
Patuakhali,2023,3,72.32
Patuakhali,2023,4,70.58
Patuakhali,2023,5,73.94
Patuakhali,2023,6,84.08
Patuakhali,2023,7,84.82
Patuakhali,2023,8,88.81
Patuakhali,2023,9,88.13
Patuakhali,2023,10,85.93
Patuakhali,2023,11,84.28
Patuakhali,2023,12,88.32
Patuakhali,2024,1,83
Patuakhali,2024,2,75
Patuakhali,2024,3,74
Patuakhali,2024,4,76
Patuakhali,2024,5,82
Patuakhali,2024,6,84
Patuakhali,2024,7,89
Patuakhali,2024,8,92
Patuakhali,2024,9,88
Patuakhali,2024,10,87
Patuakhali,2024,11,83
Patuakhali,2024,12,84
Rajarhat,2020,12,86.18
Rajarhat,2021,1,86.74
Rajarhat,2021,2,73.75
Rajarhat,2021,3,65.86
Rajarhat,2021,4,65.23
Rajarhat,2021,5,78.55
Rajarhat,2021,6,80.02
Rajarhat,2021,7,84.69
Rajarhat,2021,8,88.57
Rajarhat,2021,9,84.09
Rajarhat,2021,10,85.17
Rajarhat,2021,11,80.08
Rajarhat,2021,12,80.16
Rajarhat,2023,1,88.65
Rajarhat,2023,2,79.05
Rajarhat,2023,3,68.89
Rajarhat,2023,4,64.33
Rajarhat,2023,5,65.97
Rajarhat,2023,6,78.85
Rajarhat,2023,7,77.65
Rajarhat,2023,8,83.23
Rajarhat,2023,9,80.38
Rajarhat,2023,10,82.87
Rajarhat,2023,11,78.68
Rajarhat,2023,12,81.53
Rajshahi,1964,1,72.16
Rajshahi,1964,2,69.24
Rajshahi,1964,3,54.52
Rajshahi,1964,4,69.47
Rajshahi,1964,5,76.52
Rajshahi,1964,6,81.73
Rajshahi,1964,7,88.81
Rajshahi,1964,8,84.48
Rajshahi,1964,9,85.47
Rajshahi,1964,10,85.74
Rajshahi,1964,11,77.07
Rajshahi,1964,12,74.39
Rajshahi,1965,1,71.61
Rajshahi,1965,2,66.25
Rajshahi,1965,3,59.87
Rajshahi,1965,4,64.2
Rajshahi,1965,5,70.37
Rajshahi,1965,6,81.86
Rajshahi,1965,7,87.39
Rajshahi,1965,8,87.32
Rajshahi,1965,9,85.7
Rajshahi,1965,10,80.29
Rajshahi,1965,11,79.5
Rajshahi,1965,12,72.9
Rajshahi,1966,1,76.97
Rajshahi,1966,2,66.14
Rajshahi,1966,3,48.03
Rajshahi,1966,4,54.67
Rajshahi,1966,5,62.06
Rajshahi,1966,6,79.17
Rajshahi,1966,7,85.13
Rajshahi,1966,8,87.19
Rajshahi,1966,9,84.67
Rajshahi,1966,10,81.74
Rajshahi,1966,11,77.77
Rajshahi,1966,12,82.74
Rajshahi,1967,1,76.06
Rajshahi,1967,2,66.93
Rajshahi,1967,3,69.32
Rajshahi,1967,4,52.77
Rajshahi,1967,5,65.1
Rajshahi,1967,6,79.07
Rajshahi,1967,7,86.26
Rajshahi,1967,8,87.06
Rajshahi,1967,9,86.1
Rajshahi,1967,10,78.77
Rajshahi,1967,11,76.45
Rajshahi,1967,12,78.65
Rajshahi,1968,1,76.13
Rajshahi,1968,2,65.62
Rajshahi,1968,3,57.94
Rajshahi,1968,4,55.2
Rajshahi,1968,5,55.73
Rajshahi,1968,6,83.53
Rajshahi,1968,7,88
Rajshahi,1968,8,86.58
Rajshahi,1968,9,87.53
Rajshahi,1968,10,83.55
Rajshahi,1968,11,80.2
Rajshahi,1968,12,80.58
Rajshahi,1969,1,65.71
Rajshahi,1969,2,54.64
Rajshahi,1969,3,58.61
Rajshahi,1969,4,57.17
Rajshahi,1969,5,72.23
Rajshahi,1969,6,81.63
Rajshahi,1969,7,85.06
Rajshahi,1969,8,85.87
Rajshahi,1969,9,83.83
Rajshahi,1969,10,74.35
Rajshahi,1969,11,72.27
Rajshahi,1969,12,70.45
Rajshahi,1970,1,70.03
Rajshahi,1970,2,61.39
Rajshahi,1970,3,59.48
Rajshahi,1970,4,56.7
Rajshahi,1970,5,61.52
Rajshahi,1970,6,83.73
Rajshahi,1970,7,85.94
Rajshahi,1970,8,81.9
Rajshahi,1970,9,85.1
Rajshahi,1970,10,83.74
Rajshahi,1970,11,72.77
Rajshahi,1970,12,68.68
Rajshahi,1971,1,68.32
Rajshahi,1971,2,59.36
Rajshahi,1971,5,74.33
Rajshahi,1971,6,85.9
Rajshahi,1971,7,85.84
Rajshahi,1971,8,87.03
Rajshahi,1971,9,80.53
Rajshahi,1971,10,79.84
Rajshahi,1971,11,76.8
Rajshahi,1971,12,75.67
Rajshahi,1972,1,74.71
Rajshahi,1972,2,68.1
Rajshahi,1972,3,57.45
Rajshahi,1972,4,57.13
Rajshahi,1972,5,61.42
Rajshahi,1972,6,74.3
Rajshahi,1972,7,83.35
Rajshahi,1972,8,85.65
Rajshahi,1972,9,82.27
Rajshahi,1972,10,75.06
Rajshahi,1972,11,73
Rajshahi,1972,12,67.84
Rajshahi,1973,1,68.26
Rajshahi,1973,2,62.18
Rajshahi,1973,3,58.35
Rajshahi,1973,4,56.53
Rajshahi,1973,5,79.16
Rajshahi,1973,6,86.6
Rajshahi,1973,7,84.1
Rajshahi,1973,8,84.23
Rajshahi,1973,9,88.37
Rajshahi,1973,10,81.45
Rajshahi,1973,11,78.8
Rajshahi,1973,12,76.29
Rajshahi,1974,1,67.58
Rajshahi,1974,2,54.57
Rajshahi,1974,3,55.42
Rajshahi,1974,4,67.3
Rajshahi,1974,5,71.32
Rajshahi,1974,6,78.13
Rajshahi,1974,7,88.42
Rajshahi,1974,8,83.48
Rajshahi,1974,9,82.57
Rajshahi,1974,10,77.9
Rajshahi,1974,11,71.03
Rajshahi,1974,12,67.45
Rajshahi,1975,1,69.19
Rajshahi,1975,2,59.43
Rajshahi,1975,3,50.1
Rajshahi,1975,4,54.67
Rajshahi,1975,5,68.03
Rajshahi,1975,6,75.5
Rajshahi,1975,7,86.61
Rajshahi,1975,8,82.97
Rajshahi,1975,9,85.2
Rajshahi,1975,10,81.9
Rajshahi,1975,11,70.83
Rajshahi,1975,12,67.45
Rajshahi,1976,1,69.13
Rajshahi,1976,2,59.28
Rajshahi,1976,3,47.77
Rajshahi,1976,4,49.37
Rajshahi,1976,5,73.77
Rajshahi,1976,6,81.23
Rajshahi,1976,7,85.58
Rajshahi,1976,8,85.97
Rajshahi,1976,9,84.37
Rajshahi,1976,10,75.52
Rajshahi,1976,11,69.67
Rajshahi,1976,12,69.55
Rajshahi,1977,1,68.32
Rajshahi,1977,2,62.46
Rajshahi,1977,3,53.35
Rajshahi,1977,4,70.7
Rajshahi,1977,5,81.16
Rajshahi,1977,6,89.7
Rajshahi,1977,7,87.58
Rajshahi,1977,8,83.84
Rajshahi,1977,9,81.7
Rajshahi,1977,10,81.06
Rajshahi,1977,11,77.63
Rajshahi,1977,12,72.52
Rajshahi,1978,1,65.32
Rajshahi,1978,2,63.75
Rajshahi,1978,3,57.97
Rajshahi,1978,4,62.07
Rajshahi,1978,5,77.9
Rajshahi,1978,6,87.67
Rajshahi,1978,7,86.87
Rajshahi,1978,8,87
Rajshahi,1978,9,84.87
Rajshahi,1978,10,78.03
Rajshahi,1978,11,73.3
Rajshahi,1978,12,69.97
Rajshahi,1979,1,73.13
Rajshahi,1979,2,69.07
Rajshahi,1979,3,44.94
Rajshahi,1979,4,57.5
Rajshahi,1979,5,51.29
Rajshahi,1979,6,72.5
Rajshahi,1979,7,88.48
Rajshahi,1979,8,84.9
Rajshahi,1979,9,83.6
Rajshahi,1979,10,79.58
Rajshahi,1979,11,75.33
Rajshahi,1979,12,78.58
Rajshahi,1980,1,73
Rajshahi,1980,2,65.76
Rajshahi,1980,3,57.74
Rajshahi,1980,4,49.8
Rajshahi,1980,5,75.42
Rajshahi,1980,6,86.4
Rajshahi,1980,7,88.68
Rajshahi,1980,8,86.06
Rajshahi,1980,9,83.83
Rajshahi,1980,10,81.35
Rajshahi,1980,11,71.23
Rajshahi,1980,12,70.03
Rajshahi,1981,1,76.19
Rajshahi,1981,2,69.18
Rajshahi,1981,3,62.81
Rajshahi,1981,4,72.37
Rajshahi,1981,5,79.45
Rajshahi,1981,6,83.33
Rajshahi,1981,7,88.9
Rajshahi,1981,8,85.24
Rajshahi,1981,9,84.28
Rajshahi,1981,10,71.61
Rajshahi,1981,11,68.1
Rajshahi,1981,12,75
Rajshahi,1982,1,72.61
Rajshahi,1982,2,65.61
Rajshahi,1982,3,66.03
Rajshahi,1982,4,67.5
Rajshahi,1982,5,66.61
Rajshahi,1982,6,83.3
Rajshahi,1982,7,83.81
Rajshahi,1982,8,86.97
Rajshahi,1982,9,79.93
Rajshahi,1982,10,76.26
Rajshahi,1982,11,75.97
Rajshahi,1982,12,72.87
Rajshahi,1983,1,72.94
Rajshahi,1983,2,62.43
Rajshahi,1983,3,50.81
Rajshahi,1983,4,58.4
Rajshahi,1983,5,77.58
Rajshahi,1983,6,76.8
Rajshahi,1983,7,84.32
Rajshahi,1983,8,87.1
Rajshahi,1983,9,86.7
Rajshahi,1983,10,82.84
Rajshahi,1983,11,75.7
Rajshahi,1983,12,76.1
Rajshahi,1984,1,76.87
Rajshahi,1984,2,66.17
Rajshahi,1984,3,54.13
Rajshahi,1984,4,57.23
Rajshahi,1984,5,76.29
Rajshahi,1984,6,86.53
Rajshahi,1984,7,88.26
Rajshahi,1984,8,87.61
Rajshahi,1984,9,84.33
Rajshahi,1984,10,82
Rajshahi,1984,11,71.93
Rajshahi,1984,12,75
Rajshahi,1985,1,76.48
Rajshahi,1985,2,65.29
Rajshahi,1985,3,55.97
Rajshahi,1985,4,60.29
Rajshahi,1985,5,77.77
Rajshahi,1985,6,84.7
Rajshahi,1985,7,88.71
Rajshahi,1985,8,86.29
Rajshahi,1985,9,86.87
Rajshahi,1985,10,81.71
Rajshahi,1985,11,76
Rajshahi,1985,12,76.61
Rajshahi,1986,1,74.61
Rajshahi,1986,2,66.75
Rajshahi,1986,3,51.32
Rajshahi,1986,4,69.13
Rajshahi,1986,5,73.26
Rajshahi,1986,6,80.83
Rajshahi,1986,7,87.35
Rajshahi,1986,8,84.16
Rajshahi,1986,9,86.57
Rajshahi,1986,10,83.61
Rajshahi,1986,11,81.1
Rajshahi,1986,12,79.1
Rajshahi,1987,1,75.77
Rajshahi,1987,2,68.61
Rajshahi,1987,3,61.32
Rajshahi,1987,4,60.13
Rajshahi,1987,5,66.48
Rajshahi,1987,6,81.29
Rajshahi,1987,7,90.26
Rajshahi,1987,8,88
Rajshahi,1987,9,87
Rajshahi,1987,10,80.45
Rajshahi,1987,11,78.6
Rajshahi,1987,12,78.45
Rajshahi,1988,1,74.61
Rajshahi,1988,2,72.62
Rajshahi,1988,3,63.58
Rajshahi,1988,4,64.83
Rajshahi,1988,5,78.52
Rajshahi,1988,6,85.7
Rajshahi,1988,7,87.94
Rajshahi,1988,8,87.1
Rajshahi,1988,9,82.9
Rajshahi,1988,10,81.61
Rajshahi,1988,11,76.07
Rajshahi,1988,12,79.97
Rajshahi,1989,1,74.61
Rajshahi,1989,2,64.18
Rajshahi,1989,3,55.68
Rajshahi,1989,4,51.23
Rajshahi,1989,5,72.71
Rajshahi,1989,6,84.6
Rajshahi,1989,7,88.9
Rajshahi,1989,8,86.16
Rajshahi,1989,9,88.33
Rajshahi,1989,10,84.48
Rajshahi,1989,11,79.87
Rajshahi,1989,12,80.42
Rajshahi,1990,1,80.48
Rajshahi,1990,2,76.5
Rajshahi,1990,3,75.23
Rajshahi,1990,4,70.83
Rajshahi,1990,5,82.32
Rajshahi,1990,6,86.23
Rajshahi,1990,7,89.29
Rajshahi,1990,8,85.26
Rajshahi,1990,9,86.93
Rajshahi,1990,10,84.42
Rajshahi,1990,11,78.33
Rajshahi,1990,12,77.35
Rajshahi,1991,1,76
Rajshahi,1991,2,71.18
Rajshahi,1991,3,65.94
Rajshahi,1991,4,61.6
Rajshahi,1991,5,79.06
Rajshahi,1991,6,85.9
Rajshahi,1991,7,87.77
Rajshahi,1991,8,86.9
Rajshahi,1991,9,89.57
Rajshahi,1991,10,85.87
Rajshahi,1991,11,78.5
Rajshahi,1991,12,81.39
Rajshahi,1992,1,81.74
Rajshahi,1992,2,75.93
Rajshahi,1992,3,56.52
Rajshahi,1992,4,52.87
Rajshahi,1992,5,71.42
Rajshahi,1992,6,77.53
Rajshahi,1992,7,87.1
Rajshahi,1992,8,85.74
Rajshahi,1992,9,83.03
Rajshahi,1992,10,83.13
Rajshahi,1992,11,78.23
Rajshahi,1992,12,78.06
Rajshahi,1993,1,77.23
Rajshahi,1993,2,68.25
Rajshahi,1993,3,58.42
Rajshahi,1993,4,65.77
Rajshahi,1993,5,78.1
Rajshahi,1993,6,83.77
Rajshahi,1993,7,87.42
Rajshahi,1993,8,88.45
Rajshahi,1993,9,88.7
Rajshahi,1993,10,85.03
Rajshahi,1993,11,81.1
Rajshahi,1993,12,76.97
Rajshahi,1994,1,80.55
Rajshahi,1994,2,77.29
Rajshahi,1994,3,65.77
Rajshahi,1994,4,63.43
Rajshahi,1994,5,74.71
Rajshahi,1994,6,86.97
Rajshahi,1994,7,86.29
Rajshahi,1994,8,86.23
Rajshahi,1994,9,81.5
Rajshahi,1994,10,75.16
Rajshahi,1994,11,75.63
Rajshahi,1994,12,75.45
Rajshahi,1995,1,75.81
Rajshahi,1995,2,75.04
Rajshahi,1995,3,62.13
Rajshahi,1995,4,58.83
Rajshahi,1995,5,71.68
Rajshahi,1995,6,85.67
Rajshahi,1995,7,89.23
Rajshahi,1995,8,88.39
Rajshahi,1995,9,88.6
Rajshahi,1995,10,83.58
Rajshahi,1995,11,82.37
Rajshahi,1995,12,79.68
Rajshahi,1996,1,78.81
Rajshahi,1996,2,75.14
Rajshahi,1996,3,63.45
Rajshahi,1996,4,60.73
Rajshahi,1996,5,73.74
Rajshahi,1996,6,84.97
Rajshahi,1996,7,87.42
Rajshahi,1996,8,87.39
Rajshahi,1996,9,85.7
Rajshahi,1996,10,83.81
Rajshahi,1996,11,79
Rajshahi,1996,12,74.23
Rajshahi,1997,1,75.87
Rajshahi,1997,2,71.18
Rajshahi,1997,3,65.58
Rajshahi,1997,4,71.4
Rajshahi,1997,5,70.26
Rajshahi,1997,6,81.63
Rajshahi,1997,7,89.58
Rajshahi,1997,8,88.13
Rajshahi,1997,9,88.03
Rajshahi,1997,10,81.26
Rajshahi,1997,11,80.87
Rajshahi,1997,12,85.06
Rajshahi,1998,1,83.65
Rajshahi,1998,2,74.86
Rajshahi,1998,3,68.52
Rajshahi,1998,4,73.53
Rajshahi,1998,5,75.35
Rajshahi,1998,6,81.5
Rajshahi,1998,7,89.42
Rajshahi,1998,8,88.26
Rajshahi,1998,9,87.5
Rajshahi,1998,10,86.23
Rajshahi,1998,11,82.83
Rajshahi,1998,12,78.23
Rajshahi,1999,1,77.26
Rajshahi,1999,2,71.5
Rajshahi,1999,3,57.77
Rajshahi,1999,4,68.8
Rajshahi,1999,5,79.77
Rajshahi,1999,6,83.13
Rajshahi,1999,7,89.39
Rajshahi,1999,8,89.26
Rajshahi,1999,9,89.23
Rajshahi,1999,10,86.26
Rajshahi,1999,11,79.13
Rajshahi,1999,12,77.77
Rajshahi,2000,1,79.55
Rajshahi,2000,2,75.62
Rajshahi,2000,3,67.74
Rajshahi,2000,4,72.47
Rajshahi,2000,5,81.61
Rajshahi,2000,6,84.33
Rajshahi,2000,7,85.94
Rajshahi,2000,8,86.55
Rajshahi,2000,9,89.27
Rajshahi,2000,10,84.48
Rajshahi,2000,11,81
Rajshahi,2000,12,76
Rajshahi,2001,1,74.61
Rajshahi,2001,2,71.32
Rajshahi,2001,3,61.1
Rajshahi,2001,4,62.67
Rajshahi,2001,5,81.16
Rajshahi,2001,6,86.33
Rajshahi,2001,7,86.52
Rajshahi,2001,8,85.52
Rajshahi,2001,9,86.6
Rajshahi,2001,10,86.77
Rajshahi,2001,11,82.27
Rajshahi,2001,12,82.61
Rajshahi,2002,1,78.81
Rajshahi,2002,2,70.43
Rajshahi,2002,3,64
Rajshahi,2002,4,75.6
Rajshahi,2002,5,83.03
Rajshahi,2002,6,85.2
Rajshahi,2002,7,87.1
Rajshahi,2002,8,86.48
Rajshahi,2002,9,85.57
Rajshahi,2002,10,81.77
Rajshahi,2002,11,80.23
Rajshahi,2002,12,81.42
Rajshahi,2003,1,80.32
Rajshahi,2003,2,76.25
Rajshahi,2003,3,71.74
Rajshahi,2003,4,69.83
Rajshahi,2003,5,72.45
Rajshahi,2003,6,82.3
Rajshahi,2003,7,85.35
Rajshahi,2003,8,84.65
Rajshahi,2003,9,86.37
Rajshahi,2003,10,87.55
Rajshahi,2003,11,79.17
Rajshahi,2003,12,78.45
Rajshahi,2004,1,82.23
Rajshahi,2004,2,70.79
Rajshahi,2004,3,64.39
Rajshahi,2004,4,72.47
Rajshahi,2004,5,67.58
Rajshahi,2004,6,83.9
Rajshahi,2004,7,86.42
Rajshahi,2004,8,85.23
Rajshahi,2004,9,88
Rajshahi,2004,10,83.74
Rajshahi,2004,11,77.8
Rajshahi,2004,12,77.32
Rajshahi,2005,1,79.68
Rajshahi,2005,2,69.79
Rajshahi,2005,3,70.16
Rajshahi,2005,4,68.6
Rajshahi,2005,5,75.81
Rajshahi,2005,6,76.33
Rajshahi,2005,7,86.81
Rajshahi,2005,8,86.19
Rajshahi,2005,9,84.7
Rajshahi,2005,10,86.35
Rajshahi,2005,11,80.93
Rajshahi,2005,12,74.55
Rajshahi,2006,1,75.68
Rajshahi,2006,2,71.32
Rajshahi,2006,3,58.94
Rajshahi,2006,4,69.13
Rajshahi,2006,5,76.97
Rajshahi,2006,6,84.7
Rajshahi,2006,7,85.71
Rajshahi,2006,8,85.32
Rajshahi,2006,9,86.87
Rajshahi,2006,10,82.35
Rajshahi,2006,11,80
Rajshahi,2006,12,78.39
Rajshahi,2007,1,75.52
Rajshahi,2007,2,78.61
Rajshahi,2007,3,66.87
Rajshahi,2007,4,68.53
Rajshahi,2007,5,74.87
Rajshahi,2007,6,84.03
Rajshahi,2007,7,87.68
Rajshahi,2007,8,85.13
Rajshahi,2007,9,86.3
Rajshahi,2007,10,84
Rajshahi,2007,11,78.13
Rajshahi,2007,12,77.45
Rajshahi,2008,1,78.97
Rajshahi,2008,2,72.97
Rajshahi,2008,3,68.45
Rajshahi,2008,4,66.73
Rajshahi,2008,5,75.03
Rajshahi,2008,6,86.03
Rajshahi,2008,7,89.03
Rajshahi,2008,8,86.06
Rajshahi,2008,9,85.93
Rajshahi,2008,10,83.52
Rajshahi,2008,11,78.7
Rajshahi,2008,12,85.42
Rajshahi,2009,1,83.26
Rajshahi,2009,2,68.39
Rajshahi,2009,3,63
Rajshahi,2009,4,61.63
Rajshahi,2009,5,76.32
Rajshahi,2009,6,76.73
Rajshahi,2009,7,85.26
Rajshahi,2009,8,87.45
Rajshahi,2009,9,85.33
Rajshahi,2009,10,81.48
Rajshahi,2009,11,77.07
Rajshahi,2009,12,80.77
Rajshahi,2010,1,80.03
Rajshahi,2010,2,69.79
Rajshahi,2010,3,61
Rajshahi,2010,4,67.47
Rajshahi,2010,5,74.48
Rajshahi,2010,6,82.33
Rajshahi,2010,7,83.87
Rajshahi,2010,8,83.87
Rajshahi,2010,9,85.73
Rajshahi,2010,10,85.74
Rajshahi,2010,11,80.53
Rajshahi,2010,12,79.19
Rajshahi,2011,1,80.65
Rajshahi,2011,2,73.07
Rajshahi,2011,3,64.58
Rajshahi,2011,4,72.07
Rajshahi,2011,5,81.65
Rajshahi,2011,6,84.9
Rajshahi,2011,7,85.48
Rajshahi,2011,8,88.13
Rajshahi,2011,9,86.13
Rajshahi,2011,10,82.35
Rajshahi,2011,11,80.87
Rajshahi,2011,12,83.42
Rajshahi,2012,1,79.19
Rajshahi,2012,2,66.1
Rajshahi,2012,3,58.97
Rajshahi,2012,4,69
Rajshahi,2012,5,67.48
Rajshahi,2012,6,80.1
Rajshahi,2012,7,86.97
Rajshahi,2012,8,85.32
Rajshahi,2012,9,86.53
Rajshahi,2012,10,80.71
Rajshahi,2012,11,78.4
Rajshahi,2012,12,85
Rajshahi,2013,1,79.39
Rajshahi,2013,2,74.04
Rajshahi,2013,3,64.52
Rajshahi,2013,4,62.7
Rajshahi,2013,5,80.1
Rajshahi,2013,6,83.1
Rajshahi,2013,7,83.81
Rajshahi,2013,8,86.87
Rajshahi,2013,9,84.27
Rajshahi,2013,10,86.61
Rajshahi,2013,11,76.63
Rajshahi,2013,12,80.61
Rajshahi,2014,1,82.39
Rajshahi,2014,2,76.86
Rajshahi,2014,3,65.97
Rajshahi,2014,4,63.27
Rajshahi,2014,5,70.58
Rajshahi,2014,6,84.63
Rajshahi,2014,7,86.32
Rajshahi,2014,8,86.87
Rajshahi,2014,9,84.37
Rajshahi,2014,10,82.9
Rajshahi,2014,11,77.43
Rajshahi,2014,12,83.39
Rajshahi,2015,1,82.55
Rajshahi,2015,2,77.89
Rajshahi,2015,3,66.03
Rajshahi,2015,4,77.17
Rajshahi,2015,5,77.68
Rajshahi,2015,6,82.37
Rajshahi,2015,7,86.68
Rajshahi,2015,8,86.42
Rajshahi,2015,9,84.53
Rajshahi,2015,10,82.87
Rajshahi,2015,11,81.77
Rajshahi,2015,12,82.61
Rajshahi,2016,1,83.45
Rajshahi,2016,2,76.69
Rajshahi,2016,3,68.52
Rajshahi,2016,4,69.83
Rajshahi,2016,5,78.42
Rajshahi,2016,6,81.07
Rajshahi,2016,7,88.58
Rajshahi,2016,8,84.9
Rajshahi,2016,9,86.73
Rajshahi,2016,10,83.87
Rajshahi,2016,11,79.97
Rajshahi,2016,12,83.77
Rajshahi,2017,1,78.26
Rajshahi,2017,2,73.61
Rajshahi,2017,3,73.35
Rajshahi,2017,4,73.2
Rajshahi,2017,5,80.32
Rajshahi,2017,6,82.77
Rajshahi,2017,7,89.35
Rajshahi,2017,8,86.1
Rajshahi,2017,9,88.37
Rajshahi,2017,10,87.87
Rajshahi,2017,11,81.83
Rajshahi,2017,12,83.84
Rajshahi,2018,1,83.26
Rajshahi,2018,2,75.29
Rajshahi,2018,3,67.32
Rajshahi,2018,4,75.33
Rajshahi,2018,5,82
Rajshahi,2018,6,80.97
Rajshahi,2018,7,86.45
Rajshahi,2018,8,84.13
Rajshahi,2018,9,84.53
Rajshahi,2018,10,82.94
Rajshahi,2018,11,80.23
Rajshahi,2018,12,78.42
Rajshahi,2019,1,77.03
Rajshahi,2019,2,77.25
Rajshahi,2019,3,69.03
Rajshahi,2019,4,76.4
Rajshahi,2019,5,78.65
Rajshahi,2019,6,80.83
Rajshahi,2019,7,85.94
Rajshahi,2019,8,84.55
Rajshahi,2019,9,87.53
Rajshahi,2019,10,85.9
Rajshahi,2019,11,82.33
Rajshahi,2019,12,82.52
Rajshahi,2020,1,83.06
Rajshahi,2020,2,74.52
Rajshahi,2020,3,70.97
Rajshahi,2020,4,70.43
Rajshahi,2020,5,81.32
Rajshahi,2020,6,85.77
Rajshahi,2020,7,88.32
Rajshahi,2020,8,85.45
Rajshahi,2020,9,88.2
Rajshahi,2020,10,84.68
Rajshahi,2020,11,77
Rajshahi,2020,12,87.55
Rajshahi,2021,1,83.82
Rajshahi,2021,2,71.07
Rajshahi,2021,3,60.29
Rajshahi,2021,4,61.9
Rajshahi,2021,5,74.23
Rajshahi,2021,6,83.73
Rajshahi,2021,7,86.06
Rajshahi,2021,8,88.55
Rajshahi,2021,9,87.56
Rajshahi,2021,10,84.96
Rajshahi,2021,11,79.87
Rajshahi,2021,12,79.55
Rajshahi,2022,1,82.42
Rajshahi,2022,2,77.25
Rajshahi,2022,3,67.1
Rajshahi,2022,4,74.47
Rajshahi,2022,5,80.26
Rajshahi,2022,6,83
Rajshahi,2022,7,80.19
Rajshahi,2022,8,83.65
Rajshahi,2022,9,87.27
Rajshahi,2022,10,81.97
Rajshahi,2022,11,76.57
Rajshahi,2022,12,78.77
Rajshahi,2023,1,83.71
Rajshahi,2023,2,73.18
Rajshahi,2023,3,66.52
Rajshahi,2023,4,57.2
Rajshahi,2023,5,67.06
Rajshahi,2023,6,74.27
Rajshahi,2023,7,79.39
Rajshahi,2023,8,82.58
Rajshahi,2023,9,84.23
Rajshahi,2023,10,83.68
Rajshahi,2023,11,81.05
Rajshahi,2023,12,85.08
Rajshahi,2024,1,85
Rajshahi,2024,2,76
Rajshahi,2024,3,71
Rajshahi,2024,4,58
Rajshahi,2024,5,73
Rajshahi,2024,6,79
Rajshahi,2024,7,84
Rajshahi,2024,8,87
Rajshahi,2024,9,86
Rajshahi,2024,10,87
Rajshahi,2024,11,81
Rajshahi,2024,12,80
Ramgati,2023,8,88.81
Ramgati,2023,9,82.46
Ramgati,2023,10,86.52
Ramgati,2023,11,82.53
Ramgati,2023,12,85.97
Rangamati,1957,8,84.29
Rangamati,1957,9,87.87
Rangamati,1957,10,87.65
Rangamati,1957,11,81.97
Rangamati,1957,12,81.42
Rangamati,1958,1,76.84
Rangamati,1958,2,73.14
Rangamati,1958,3,65.61
Rangamati,1958,4,64.93
Rangamati,1958,5,75.77
Rangamati,1958,6,80.37
Rangamati,1958,7,86.58
Rangamati,1958,8,88.61
Rangamati,1958,9,87.93
Rangamati,1958,10,87.29
Rangamati,1958,11,85.33
Rangamati,1958,12,85.84
Rangamati,1959,1,79.48
Rangamati,1959,2,77.71
Rangamati,1959,3,74.77
Rangamati,1959,4,67.53
Rangamati,1959,5,74.29
Rangamati,1959,6,84.93
Rangamati,1959,7,86.68
Rangamati,1959,8,90
Rangamati,1959,9,88.67
Rangamati,1959,10,90.06
Rangamati,1959,11,86.2
Rangamati,1959,12,88.45
Rangamati,1960,1,81.1
Rangamati,1960,2,71.55
Rangamati,1960,3,68.45
Rangamati,1960,4,67.8
Rangamati,1960,5,73.19
Rangamati,1960,6,85.53
Rangamati,1960,7,89.87
Rangamati,1960,8,84.26
Rangamati,1960,9,87.67
Rangamati,1960,10,85.35
Rangamati,1960,11,81.73
Rangamati,1960,12,82.03
Rangamati,1961,1,75.9
Rangamati,1961,2,70.57
Rangamati,1961,3,71.81
Rangamati,1961,4,72.97
Rangamati,1961,5,75.68
Rangamati,1961,6,87.57
Rangamati,1961,7,86.52
Rangamati,1961,8,87.58
Rangamati,1961,9,85.23
Rangamati,1961,10,84.26
Rangamati,1961,11,80.9
Rangamati,1961,12,80.13
Rangamati,1962,1,74.9
Rangamati,1962,2,68.86
Rangamati,1962,3,60.16
Rangamati,1962,4,69.13
Rangamati,1962,5,72.39
Rangamati,1962,6,85.57
Rangamati,1962,7,82.48
Rangamati,1962,8,86.68
Rangamati,1962,9,82.2
Rangamati,1962,10,82.71
Rangamati,1962,11,81.7
Rangamati,1962,12,81.87
Rangamati,1963,1,74.97
Rangamati,1963,2,65.43
Rangamati,1963,3,61.9
Rangamati,1963,4,73.6
Rangamati,1963,5,79.32
Rangamati,1963,6,87.63
Rangamati,1963,7,89
Rangamati,1963,8,84.26
Rangamati,1963,9,82.83
Rangamati,1963,10,82.65
Rangamati,1963,11,80
Rangamati,1963,12,81.16
Rangamati,1964,1,74.19
Rangamati,1964,2,68.28
Rangamati,1964,3,70.65
Rangamati,1964,4,75.5
Rangamati,1964,5,76.48
Rangamati,1964,6,84.34
Rangamati,1964,7,87.1
Rangamati,1964,11,81.13
Rangamati,1965,1,79.77
Rangamati,1965,2,71.18
Rangamati,1965,3,65.74
Rangamati,1965,4,70.07
Rangamati,1965,5,76.39
Rangamati,1965,6,85.8
Rangamati,1965,7,86.94
Rangamati,1965,8,87.68
Rangamati,1965,9,83.93
Rangamati,1965,10,84.1
Rangamati,1965,11,83.47
Rangamati,1965,12,82.71
Rangamati,1966,1,79.03
Rangamati,1966,2,66.54
Rangamati,1966,3,67.74
Rangamati,1966,4,69
Rangamati,1966,5,75.39
Rangamati,1966,6,86.83
Rangamati,1966,7,85.23
Rangamati,1966,8,87.52
Rangamati,1966,9,83.63
Rangamati,1966,10,82.1
Rangamati,1966,11,79.6
Rangamati,1966,12,83
Rangamati,1967,1,82.06
Rangamati,1967,2,72.71
Rangamati,1967,3,70.23
Rangamati,1967,4,68.97
Rangamati,1967,5,76.52
Rangamati,1967,6,79.3
Rangamati,1967,7,83.94
Rangamati,1967,8,83.81
Rangamati,1967,9,83.37
Rangamati,1967,10,82.58
Rangamati,1967,11,77.87
Rangamati,1967,12,78.65
Rangamati,1968,1,76.03
Rangamati,1968,2,68.21
Rangamati,1968,3,66.06
Rangamati,1968,4,70.13
Rangamati,1968,5,74.55
Rangamati,1968,6,87.53
Rangamati,1968,7,85.23
Rangamati,1968,8,86.13
Rangamati,1968,9,82.8
Rangamati,1968,10,81.52
Rangamati,1968,11,81.63
Rangamati,1968,12,84
Rangamati,1969,1,92.06
Rangamati,1969,2,70.93
Rangamati,1969,3,68.81
Rangamati,1969,4,72.43
Rangamati,1969,5,85.48
Rangamati,1969,6,71.83
Rangamati,1969,7,85.16
Rangamati,1969,8,89.52
Rangamati,1969,9,84.67
Rangamati,1969,10,81.68
Rangamati,1969,11,78.07
Rangamati,1969,12,81.23
Rangamati,1970,1,74.39
Rangamati,1970,2,72.5
Rangamati,1970,3,69
Rangamati,1970,4,73.27
Rangamati,1970,5,79.19
Rangamati,1970,6,83.63
Rangamati,1970,7,89.77
Rangamati,1970,8,86.77
Rangamati,1970,9,84.83
Rangamati,1970,10,82.9
Rangamati,1970,11,81.4
Rangamati,1970,12,75.42
Rangamati,1971,1,76
Rangamati,1971,2,66.82
Rangamati,1971,3,61.84
Rangamati,1971,4,75.1
Rangamati,1971,5,78
Rangamati,1971,6,88.4
Rangamati,1971,7,88.61
Rangamati,1971,8,91.97
Rangamati,1971,9,85.67
Rangamati,1971,10,83.87
Rangamati,1971,11,80.23
Rangamati,1971,12,76.87
Rangamati,1972,1,75.65
Rangamati,1972,2,69.31
Rangamati,1972,3,66.1
Rangamati,1972,4,71.73
Rangamati,1972,5,74.74
Rangamati,1972,6,81.57
Rangamati,1972,7,83.1
Rangamati,1972,8,85.16
Rangamati,1972,9,82.67
Rangamati,1972,10,80.39
Rangamati,1972,11,78.6
Rangamati,1972,12,73.65
Rangamati,1973,1,71.61
Rangamati,1973,2,66.29
Rangamati,1973,3,66.94
Rangamati,1973,4,71.5
Rangamati,1973,5,81.29
Rangamati,1973,6,86.47
Rangamati,1973,7,83.39
Rangamati,1973,8,86.19
Rangamati,1973,9,85.77
Rangamati,1973,10,83.81
Rangamati,1973,11,83.63
Rangamati,1973,12,82.71
Rangamati,1974,1,75.32
Rangamati,1974,2,71.3
Rangamati,1974,3,71.1
Rangamati,1974,6,84.03
Rangamati,1974,7,89.19
Rangamati,1974,8,86.39
Rangamati,1974,9,85.73
Rangamati,1974,10,83.61
Rangamati,1974,11,82.03
Rangamati,1974,12,81.06
Rangamati,1975,1,74.48
Rangamati,1975,2,70.61
Rangamati,1975,3,67.45
Rangamati,1975,4,71.6
Rangamati,1975,5,77.74
Rangamati,1975,6,84.17
Rangamati,1975,7,87.55
Rangamati,1975,8,84.19
Rangamati,1975,9,83.1
Rangamati,1975,10,83.61
Rangamati,1975,11,82.87
Rangamati,1975,12,75.35
Rangamati,1976,1,74.19
Rangamati,1976,2,84.14
Rangamati,1976,3,69.61
Rangamati,1976,4,73.93
Rangamati,1976,5,80.1
Rangamati,1976,6,88.07
Rangamati,1976,7,88.61
Rangamati,1976,8,84.39
Rangamati,1976,9,81.7
Rangamati,1976,10,80.1
Rangamati,1976,11,80.3
Rangamati,1976,12,78.65
Rangamati,1977,1,81.65
Rangamati,1977,2,79.32
Rangamati,1977,3,76.06
Rangamati,1977,4,80.27
Rangamati,1977,5,80.29
Rangamati,1977,6,84.67
Rangamati,1977,7,86.61
Rangamati,1977,8,85.16
Rangamati,1977,9,83.53
Rangamati,1977,10,81.52
Rangamati,1977,11,81.57
Rangamati,1977,12,80.1
Rangamati,1978,1,70.77
Rangamati,1978,2,68.75
Rangamati,1978,3,68.87
Rangamati,1978,4,69.1
Rangamati,1978,5,78.39
Rangamati,1978,6,86.37
Rangamati,1978,7,85.42
Rangamati,1978,8,83.68
Rangamati,1978,9,85.67
Rangamati,1978,10,83.26
Rangamati,1978,11,74.27
Rangamati,1978,12,77.61
Rangamati,1979,1,72.32
Rangamati,1979,2,66.57
Rangamati,1979,3,71.19
Rangamati,1979,4,77.2
Rangamati,1979,5,75.77
Rangamati,1979,6,82.07
Rangamati,1979,7,85.33
Rangamati,1979,8,88
Rangamati,1979,9,86.1
Rangamati,1979,10,82.32
Rangamati,1979,11,80.7
Rangamati,1979,12,80.35
Rangamati,1980,1,73.61
Rangamati,1980,2,72.34
Rangamati,1980,3,74.84
Rangamati,1980,4,68.9
Rangamati,1980,5,77.07
Rangamati,1980,6,83.97
Rangamati,1980,7,81.74
Rangamati,1980,8,82.55
Rangamati,1980,9,84.2
Rangamati,1980,10,82.16
Rangamati,1980,11,80.07
Rangamati,1980,12,83.45
Rangamati,1981,4,79.97
Rangamati,1981,5,79.74
Rangamati,1981,6,83.1
Rangamati,1981,7,87.84
Rangamati,1981,8,84.87
Rangamati,1981,9,85.9
Rangamati,1981,10,79.81
Rangamati,1981,11,78.07
Rangamati,1981,12,79.19
Rangamati,1982,1,75.23
Rangamati,1982,2,75.79
Rangamati,1982,3,64.9
Rangamati,1982,4,73
Rangamati,1982,5,75.48
Rangamati,1982,6,86.07
Rangamati,1982,7,86.97
Rangamati,1982,8,87.06
Rangamati,1982,9,84.5
Rangamati,1982,10,83.03
Rangamati,1982,11,79.73
Rangamati,1982,12,79.23
Rangamati,1983,1,75.19
Rangamati,1983,2,68.96
Rangamati,1983,3,69.58
Rangamati,1983,4,68.87
Rangamati,1983,5,76.71
Rangamati,1983,6,80.3
Rangamati,1983,7,83.87
Rangamati,1983,8,83.03
Rangamati,1983,9,80.87
Rangamati,1983,10,79.61
Rangamati,1983,11,78.5
Rangamati,1983,12,73.97
Rangamati,1984,1,74.52
Rangamati,1984,2,65.93
Rangamati,1984,3,61.58
Rangamati,1984,4,69.2
Rangamati,1984,5,78.32
Rangamati,1984,6,84.47
Rangamati,1984,7,83
Rangamati,1984,8,83.61
Rangamati,1984,9,83.77
Rangamati,1984,10,81.71
Rangamati,1984,11,75.1
Rangamati,1984,12,72.87
Rangamati,1985,1,70.03
Rangamati,1985,2,64.96
Rangamati,1985,3,69.65
Rangamati,1985,4,72.83
Rangamati,1985,5,75.23
Rangamati,1985,6,84.57
Rangamati,1985,7,85.06
Rangamati,1985,8,84.71
Rangamati,1985,9,82.23
Rangamati,1985,10,75.52
Rangamati,1985,11,76.87
Rangamati,1985,12,74.48
Rangamati,1986,1,74.48
Rangamati,1986,2,63.96
Rangamati,1986,3,57.9
Rangamati,1986,4,68.87
Rangamati,1986,5,73.55
Rangamati,1986,6,81.77
Rangamati,1986,7,85.52
Rangamati,1986,8,84.45
Rangamati,1986,9,83.03
Rangamati,1986,10,81.61
Rangamati,1986,11,82.17
Rangamati,1986,12,79.65
Rangamati,1987,1,75.97
Rangamati,1987,2,71.5
Rangamati,1987,3,69.65
Rangamati,1987,4,76.63
Rangamati,1987,5,74.87
Rangamati,1987,6,82.48
Rangamati,1987,7,87.71
Rangamati,1987,8,87.23
Rangamati,1987,9,85.9
Rangamati,1987,10,81.94
Rangamati,1987,11,81.47
Rangamati,1987,12,79.97
Rangamati,1988,1,73.87
Rangamati,1988,2,67.41
Rangamati,1988,3,67.71
Rangamati,1988,4,71.67
Rangamati,1988,5,78.84
Rangamati,1988,6,85.23
Rangamati,1988,7,86.03
Rangamati,1988,8,86.13
Rangamati,1988,9,84.03
Rangamati,1988,10,83.13
Rangamati,1988,11,80.03
Rangamati,1988,12,80.84
Rangamati,1989,1,71.81
Rangamati,1989,2,70.25
Rangamati,1989,3,59.55
Rangamati,1989,4,70
Rangamati,1989,5,74.9
Rangamati,1989,6,80.1
Rangamati,1989,7,86.94
Rangamati,1989,8,81.65
Rangamati,1989,9,84.43
Rangamati,1989,10,86.52
Rangamati,1989,11,79.1
Rangamati,1989,12,76.13
Rangamati,1990,1,76.77
Rangamati,1990,2,71.07
Rangamati,1990,3,73.42
Rangamati,1990,4,75.5
Rangamati,1990,5,79.52
Rangamati,1990,6,82.7
Rangamati,1990,7,87.48
Rangamati,1990,8,82.42
Rangamati,1990,9,83.53
Rangamati,1990,10,82.45
Rangamati,1990,11,83.63
Rangamati,1990,12,82.19
Rangamati,1991,1,77.52
Rangamati,1991,2,71.25
Rangamati,1991,3,67.61
Rangamati,1991,4,73.77
Rangamati,1991,5,78.74
Rangamati,1991,6,85.1
Rangamati,1991,7,85.29
Rangamati,1991,8,84.71
Rangamati,1991,9,85.27
Rangamati,1991,10,84.42
Rangamati,1991,11,82.83
Rangamati,1991,12,80.42
Rangamati,1992,1,78.39
Rangamati,1992,2,74.79
Rangamati,1992,3,74.42
Rangamati,1992,4,71.97
Rangamati,1992,5,73.45
Rangamati,1992,6,81.97
Rangamati,1992,7,83.94
Rangamati,1992,8,82.39
Rangamati,1992,9,83.9
Rangamati,1992,10,83.71
Rangamati,1992,11,81.33
Rangamati,1992,12,81.9
Rangamati,1993,1,75.68
Rangamati,1993,2,70.86
Rangamati,1993,3,67.84
Rangamati,1993,4,73.6
Rangamati,1993,5,79.65
Rangamati,1993,6,83.77
Rangamati,1993,7,84.32
Rangamati,1993,8,86.16
Rangamati,1993,9,83.8
Rangamati,1993,10,83.9
Rangamati,1993,11,80.87
Rangamati,1993,12,78.87
Rangamati,1994,1,75.19
Rangamati,1994,2,65.86
Rangamati,1994,3,72.55
Rangamati,1994,4,72.73
Rangamati,1994,5,78.23
Rangamati,1994,6,83.8
Rangamati,1994,7,83.71
Rangamati,1994,8,84.26
Rangamati,1994,9,82.63
Rangamati,1994,10,83.87
Rangamati,1994,11,81.77
Rangamati,1994,12,78.58
Rangamati,1995,1,71.19
Rangamati,1995,2,70.79
Rangamati,1995,3,67.74
Rangamati,1995,4,67.83
Rangamati,1995,5,74.55
Rangamati,1995,6,82.53
Rangamati,1995,7,84.61
Rangamati,1995,8,84.39
Rangamati,1995,9,84.33
Rangamati,1995,10,84.48
Rangamati,1995,11,86.3
Rangamati,1995,12,81.84
Rangamati,1996,1,76.84
Rangamati,1996,2,69
Rangamati,1996,3,71.55
Rangamati,1996,4,75.37
Rangamati,1996,5,79.74
Rangamati,1996,6,83.9
Rangamati,1996,7,85.1
Rangamati,1996,8,87.1
Rangamati,1996,9,85.77
Rangamati,1996,10,84.71
Rangamati,1996,11,83.23
Rangamati,1996,12,81.74
Rangamati,1997,1,74.94
Rangamati,1997,2,69.89
Rangamati,1997,3,74.1
Rangamati,1997,4,76.37
Rangamati,1997,5,78.48
Rangamati,1997,6,83.43
Rangamati,1997,7,87.52
Rangamati,1997,8,85.23
Rangamati,1997,9,86.53
Rangamati,1997,10,82.94
Rangamati,1997,11,81.7
Rangamati,1997,12,82.61
Rangamati,1998,1,81.03
Rangamati,1998,2,74.93
Rangamati,1998,3,69.77
Rangamati,1998,4,76.73
Rangamati,1998,5,80.23
Rangamati,1998,6,83.4
Rangamati,1998,7,88.26
Rangamati,1998,8,87.42
Rangamati,1998,9,85.57
Rangamati,1998,10,84.61
Rangamati,1998,11,85.03
Rangamati,1998,12,81.16
Rangamati,1999,1,75.84
Rangamati,1999,2,66.68
Rangamati,1999,3,65.65
Rangamati,1999,4,69.33
Rangamati,1999,5,81.81
Rangamati,1999,6,87.67
Rangamati,1999,7,87.68
Rangamati,1999,8,88.06
Rangamati,1999,9,85
Rangamati,1999,10,85.94
Rangamati,1999,11,82.43
Rangamati,1999,12,83.32
Rangamati,2000,1,79.19
Rangamati,2000,2,72.69
Rangamati,2000,3,72.9
Rangamati,2000,4,75.63
Rangamati,2000,5,83.42
Rangamati,2000,6,86.63
Rangamati,2000,7,84.45
Rangamati,2000,8,86.52
Rangamati,2000,9,85.57
Rangamati,2000,10,85.1
Rangamati,2000,11,82.77
Rangamati,2000,12,80.29
Rangamati,2001,1,75.58
Rangamati,2001,2,67.43
Rangamati,2001,3,62.32
Rangamati,2001,4,63.9
Rangamati,2001,5,79.03
Rangamati,2001,6,84.83
Rangamati,2001,7,83.52
Rangamati,2001,8,82.1
Rangamati,2001,9,84.2
Rangamati,2001,10,86.06
Rangamati,2001,11,86.07
Rangamati,2001,12,82.26
Rangamati,2002,1,84.39
Rangamati,2002,2,73.29
Rangamati,2002,3,64
Rangamati,2002,4,78.1
Rangamati,2002,5,82.19
Rangamati,2002,6,83.43
Rangamati,2002,7,88.06
Rangamati,2002,8,85.9
Rangamati,2002,9,84.23
Rangamati,2002,10,83.65
Rangamati,2002,11,86.13
Rangamati,2002,12,84.16
Rangamati,2003,1,82.84
Rangamati,2003,2,72.82
Rangamati,2003,3,67.03
Rangamati,2003,4,72.03
Rangamati,2003,5,78.13
Rangamati,2003,6,86.37
Rangamati,2003,7,83.97
Rangamati,2003,8,84.9
Rangamati,2003,9,84.17
Rangamati,2003,10,84.87
Rangamati,2003,11,83.8
Rangamati,2003,12,83.58
Rangamati,2004,1,80.45
Rangamati,2004,2,65.86
Rangamati,2004,3,69.58
Rangamati,2004,4,76.2
Rangamati,2004,5,74.9
Rangamati,2004,6,83.67
Rangamati,2004,7,86.23
Rangamati,2004,8,84.23
Rangamati,2004,9,86.57
Rangamati,2004,10,86
Rangamati,2004,11,82.17
Rangamati,2004,12,79.71
Rangamati,2005,1,75.23
Rangamati,2005,2,64.93
Rangamati,2005,3,70.06
Rangamati,2005,4,72.63
Rangamati,2005,5,78.32
Rangamati,2005,6,81
Rangamati,2005,7,83.77
Rangamati,2005,8,87.84
Rangamati,2005,9,86.73
Rangamati,2005,10,84.48
Rangamati,2005,11,83.53
Rangamati,2005,12,83.16
Rangamati,2006,1,77.74
Rangamati,2006,2,71.14
Rangamati,2006,3,56.52
Rangamati,2006,4,67.87
Rangamati,2006,5,78.84
Rangamati,2006,6,84.4
Rangamati,2006,7,83
Rangamati,2006,8,82.87
Rangamati,2006,9,84.87
Rangamati,2006,10,84.58
Rangamati,2006,11,84.77
Rangamati,2006,12,82.42
Rangamati,2007,1,78.23
Rangamati,2007,2,73.18
Rangamati,2007,3,60.68
Rangamati,2007,4,76
Rangamati,2007,5,81.42
Rangamati,2007,6,85.6
Rangamati,2007,7,87.23
Rangamati,2007,8,84.77
Rangamati,2007,9,86.83
Rangamati,2007,10,85.19
Rangamati,2007,11,85.23
Rangamati,2007,12,82.61
Rangamati,2008,1,81.1
Rangamati,2008,2,70.55
Rangamati,2008,3,72.45
Rangamati,2008,4,65.67
Rangamati,2008,5,72.81
Rangamati,2008,6,83.03
Rangamati,2008,7,85.35
Rangamati,2008,8,85.94
Rangamati,2008,9,84.2
Rangamati,2008,10,84.55
Rangamati,2008,11,83.23
Rangamati,2008,12,83.87
Rangamati,2009,1,75
Rangamati,2009,2,64.93
Rangamati,2009,3,62.81
Rangamati,2009,4,72.3
Rangamati,2009,5,75.94
Rangamati,2009,6,81.67
Rangamati,2009,7,85.06
Rangamati,2009,8,87.06
Rangamati,2009,9,85.43
Rangamati,2009,10,84.97
Rangamati,2009,11,82.9
Rangamati,2009,12,82.52
Rangamati,2010,1,77.74
Rangamati,2010,2,66.18
Rangamati,2010,3,63.77
Rangamati,2010,4,73.6
Rangamati,2010,5,79.77
Rangamati,2010,6,85.5
Rangamati,2010,7,84.32
Rangamati,2010,8,84.26
Rangamati,2010,9,84.9
Rangamati,2010,10,84.84
Rangamati,2010,11,83.37
Rangamati,2010,12,82.39
Rangamati,2011,1,77.29
Rangamati,2011,2,68.57
Rangamati,2011,3,65.52
Rangamati,2011,4,72.87
Rangamati,2011,5,79.26
Rangamati,2011,6,84.2
Rangamati,2011,7,85.52
Rangamati,2011,8,87.23
Rangamati,2011,9,85.33
Rangamati,2011,10,85.26
Rangamati,2011,11,81.13
Rangamati,2011,12,83.23
Rangamati,2012,1,77.19
Rangamati,2012,2,63.24
Rangamati,2012,3,68.26
Rangamati,2012,4,77
Rangamati,2012,5,77.16
Rangamati,2012,6,85.07
Rangamati,2012,7,86.1
Rangamati,2012,8,83.55
Rangamati,2012,9,83.7
Rangamati,2012,10,85.55
Rangamati,2012,11,83.87
Rangamati,2012,12,83.32
Rangamati,2013,1,75.16
Rangamati,2013,2,62.61
Rangamati,2013,3,63.9
Rangamati,2013,4,68.7
Rangamati,2013,5,79.65
Rangamati,2013,6,82.9
Rangamati,2013,7,83.55
Rangamati,2013,8,85.74
Rangamati,2013,9,84.37
Rangamati,2013,10,86.52
Rangamati,2013,11,82.2
Rangamati,2013,12,82.26
Rangamati,2014,1,77.94
Rangamati,2014,2,67.25
Rangamati,2014,3,60.55
Rangamati,2014,4,62.03
Rangamati,2014,5,76.97
Rangamati,2014,6,84.3
Rangamati,2014,7,80.74
Rangamati,2014,8,83.55
Rangamati,2014,9,83.57
Rangamati,2014,10,82.65
Rangamati,2014,11,82.63
Rangamati,2014,12,83.1
Rangamati,2015,3,61.13
Rangamati,2015,4,74.03
Rangamati,2015,5,78.35
Rangamati,2015,6,82.87
Rangamati,2015,7,88.03
Rangamati,2015,8,85.68
Rangamati,2015,9,83.47
Rangamati,2015,10,84.19
Rangamati,2015,11,82.63
Rangamati,2015,12,81.55
Rangamati,2016,1,80.9
Rangamati,2016,2,76.48
Rangamati,2016,3,71.29
Rangamati,2016,4,70.6
Rangamati,2016,5,76.97
Rangamati,2016,6,77.37
Rangamati,2016,7,80.61
Rangamati,2016,8,83.45
Rangamati,2016,9,83.5
Rangamati,2016,10,82.35
Rangamati,2016,11,80.9
Rangamati,2016,12,78.58
Rangamati,2017,1,75.81
Rangamati,2017,2,68.57
Rangamati,2017,3,70.55
Rangamati,2017,4,78.17
Rangamati,2017,5,76.26
Rangamati,2017,6,85.37
Rangamati,2017,7,86.26
Rangamati,2017,8,82.45
Rangamati,2017,9,82.47
Rangamati,2017,10,80.65
Rangamati,2017,11,80.37
Rangamati,2017,12,82.32
Rangamati,2018,1,77.26
Rangamati,2018,2,68.96
Rangamati,2018,3,63.87
Rangamati,2018,4,70.8
Rangamati,2018,5,77.87
Rangamati,2018,6,79.77
Rangamati,2018,7,80.84
Rangamati,2018,8,75.45
Rangamati,2018,9,76.53
Rangamati,2018,10,81.77
Rangamati,2018,11,74.57
Rangamati,2018,12,76.58
Rangamati,2019,1,74.58
Rangamati,2019,2,71.18
Rangamati,2019,3,68.29
Rangamati,2019,4,69.47
Rangamati,2019,5,71.45
Rangamati,2019,6,77.83
Rangamati,2019,7,83.48
Rangamati,2019,8,79.81
Rangamati,2019,9,80.27
Rangamati,2019,10,81.45
Rangamati,2019,11,79.57
Rangamati,2019,12,79.71
Rangamati,2020,1,77.97
Rangamati,2020,2,70.83
Rangamati,2020,3,61.87
Rangamati,2020,4,71.03
Rangamati,2020,5,71.45
Rangamati,2020,6,77.53
Rangamati,2020,7,77.68
Rangamati,2020,8,75.87
Rangamati,2020,9,76.7
Rangamati,2020,10,76.55
Rangamati,2020,11,79.73
Rangamati,2020,12,85.35
Rangamati,2021,1,82.76
Rangamati,2021,2,65.77
Rangamati,2021,3,52.79
Rangamati,2021,4,56.65
Rangamati,2021,5,55.6
Rangamati,2021,6,75.87
Rangamati,2021,7,80.31
Rangamati,2021,8,77.45
Rangamati,2021,9,76.46
Rangamati,2021,10,77.99
Rangamati,2021,11,79.59
Rangamati,2021,12,79.63
Rangamati,2022,1,76.55
Rangamati,2022,2,66.61
Rangamati,2022,3,64.61
Rangamati,2022,4,68.97
Rangamati,2022,5,78.45
Rangamati,2022,6,75.97
Rangamati,2022,7,65.35
Rangamati,2022,8,74.32
Rangamati,2022,9,71.73
Rangamati,2022,10,69.84
Rangamati,2022,11,72.17
Rangamati,2022,12,74.74
Rangamati,2023,1,77.69
Rangamati,2023,2,65.73
Rangamati,2023,3,58.71
Rangamati,2023,4,55.42
Rangamati,2023,5,60.92
Rangamati,2023,6,70.63
Rangamati,2023,7,65.37
Rangamati,2023,8,76
Rangamati,2023,9,69.85
Rangamati,2023,10,73.28
Rangamati,2023,11,72.23
Rangamati,2023,12,77.84
Rangamati,2024,1,77
Rangamati,2024,2,68
Rangamati,2024,3,65
Rangamati,2024,4,63
Rangamati,2024,5,68
Rangamati,2024,6,75
Rangamati,2024,7,79
Rangamati,2024,8,86
Rangamati,2024,9,79
Rangamati,2024,10,81
Rangamati,2024,11,79
Rangamati,2024,12,80
Rangpur,1957,4,50.82
Rangpur,1957,5,73
Rangpur,1957,6,85.2
Rangpur,1957,7,87.77
Rangpur,1957,8,87.77
Rangpur,1957,9,85.27
Rangpur,1957,10,82.23
Rangpur,1957,11,80.7
Rangpur,1957,12,84.19
Rangpur,1958,1,81.32
Rangpur,1958,2,72.64
Rangpur,1958,3,50.39
Rangpur,1958,4,64.9
Rangpur,1958,5,77.29
Rangpur,1958,6,80.19
Rangpur,1959,1,83.26
Rangpur,1959,2,75.46
Rangpur,1959,3,69.13
Rangpur,1959,4,72.97
Rangpur,1959,5,83.06
Rangpur,1959,6,87.37
Rangpur,1959,7,86
Rangpur,1959,8,84.39
Rangpur,1959,9,86.43
Rangpur,1959,10,88.97
Rangpur,1959,11,82.9
Rangpur,1959,12,83.16
Rangpur,1960,1,76.97
Rangpur,1960,2,72.69
Rangpur,1960,3,67.39
Rangpur,1960,4,50.13
Rangpur,1960,5,69.3
Rangpur,1960,6,86.07
Rangpur,1960,7,88.1
Rangpur,1960,8,86.29
Rangpur,1960,9,89.2
Rangpur,1960,10,82.84
Rangpur,1960,11,82.77
Rangpur,1960,12,87.42
Rangpur,1961,1,83.29
Rangpur,1961,2,75.57
Rangpur,1961,3,62.45
Rangpur,1961,4,62.57
Rangpur,1961,5,79.77
Rangpur,1961,6,85.87
Rangpur,1961,7,85.84
Rangpur,1961,8,87.39
Rangpur,1961,9,85.47
Rangpur,1961,10,86.84
Rangpur,1961,11,83.03
Rangpur,1961,12,85.03
Rangpur,1962,1,81.48
Rangpur,1962,2,74.21
Rangpur,1962,3,60.71
Rangpur,1962,4,59.9
Rangpur,1962,5,82.16
Rangpur,1962,6,87.1
Rangpur,1962,7,86.03
Rangpur,1962,8,88.26
Rangpur,1962,9,86.53
Rangpur,1962,10,82.84
Rangpur,1962,11,81.8
Rangpur,1962,12,82.39
Rangpur,1963,1,77.06
Rangpur,1963,2,65.36
Rangpur,1963,3,66.26
Rangpur,1963,4,71.33
Rangpur,1963,5,80.55
Rangpur,1963,6,85.5
Rangpur,1963,7,88.87
Rangpur,1963,8,87.63
Rangpur,1963,9,84.73
Rangpur,1963,10,84.58
Rangpur,1963,11,80.2
Rangpur,1963,12,79.55
Rangpur,1964,1,73.77
Rangpur,1964,2,71
Rangpur,1964,3,64.48
Rangpur,1964,4,74.53
Rangpur,1964,5,81.61
Rangpur,1964,6,86.33
Rangpur,1964,7,89
Rangpur,1964,8,84.87
Rangpur,1964,9,85.4
Rangpur,1964,10,85.06
Rangpur,1964,11,79.63
Rangpur,1964,12,77.26
Rangpur,1965,1,76.06
Rangpur,1965,2,71.5
Rangpur,1965,3,66.71
Rangpur,1965,4,69.87
Rangpur,1965,5,78.84
Rangpur,1965,6,86.37
Rangpur,1965,7,85.23
Rangpur,1965,8,86.65
Rangpur,1965,9,85.27
Rangpur,1965,10,80.97
Rangpur,1965,11,81.93
Rangpur,1965,12,79.13
Rangpur,1966,1,80.74
Rangpur,1966,2,73.71
Rangpur,1966,3,60.42
Rangpur,1966,4,66.73
Rangpur,1966,5,72.84
Rangpur,1966,6,86.53
Rangpur,1966,7,87.71
Rangpur,1966,8,88.61
Rangpur,1966,9,86.83
Rangpur,1966,10,84.16
Rangpur,1966,11,85.83
Rangpur,1966,12,82.42
Rangpur,1967,1,80.65
Rangpur,1967,2,76.29
Rangpur,1967,3,75.58
Rangpur,1967,4,72.4
Rangpur,1967,5,76.45
Rangpur,1967,6,78.7
Rangpur,1967,7,83.71
Rangpur,1967,8,78.65
Rangpur,1967,9,83.23
Rangpur,1967,10,85.16
Rangpur,1967,11,84.4
Rangpur,1967,12,84.74
Rangpur,1969,1,81.68
Rangpur,1969,2,77.39
Rangpur,1969,3,75
Rangpur,1969,4,76.03
Rangpur,1969,5,77.94
Rangpur,1969,6,78.87
Rangpur,1969,7,85.35
Rangpur,1969,8,83.87
Rangpur,1969,9,83.8
Rangpur,1969,10,83.58
Rangpur,1969,11,83.33
Rangpur,1969,12,83.13
Rangpur,1970,1,84.94
Rangpur,1970,2,83.25
Rangpur,1970,3,77.61
Rangpur,1970,4,74.9
Rangpur,1970,5,78.58
Rangpur,1970,6,85.4
Rangpur,1970,7,86.58
Rangpur,1970,8,84.84
Rangpur,1970,9,86.73
Rangpur,1970,10,88.48
Rangpur,1970,11,83.83
Rangpur,1970,12,83.73
Rangpur,1971,1,86.23
Rangpur,1971,2,83.74
Rangpur,1971,6,89
Rangpur,1971,7,86.55
Rangpur,1971,8,87.26
Rangpur,1971,9,86.63
Rangpur,1971,10,87.45
Rangpur,1971,11,87.87
Rangpur,1971,12,94.1
Rangpur,1972,1,85.65
Rangpur,1972,2,87.17
Rangpur,1972,3,80.55
Rangpur,1972,4,78.53
Rangpur,1972,5,79.52
Rangpur,1972,6,82.37
Rangpur,1972,7,85.29
Rangpur,1972,9,86.07
Rangpur,1972,10,86.87
Rangpur,1972,11,87.93
Rangpur,1972,12,88.16
Rangpur,1973,1,88.61
Rangpur,1973,2,84.29
Rangpur,1973,3,84.1
Rangpur,1973,4,82.77
Rangpur,1973,5,84.13
Rangpur,1973,6,85.03
Rangpur,1973,7,83.42
Rangpur,1973,8,82.32
Rangpur,1973,9,86.3
Rangpur,1973,10,84.97
Rangpur,1973,11,85.6
Rangpur,1973,12,87.42
Rangpur,1975,1,87.74
Rangpur,1975,2,87.54
Rangpur,1975,3,87.16
Rangpur,1975,4,83.5
Rangpur,1975,5,85.16
Rangpur,1975,6,84.83
Rangpur,1975,7,87.52
Rangpur,1975,8,88.5
Rangpur,1975,9,90.27
Rangpur,1975,10,91.84
Rangpur,1975,11,91.8
Rangpur,1975,12,91.19
Rangpur,1976,1,90.97
Rangpur,1976,2,90.69
Rangpur,1976,3,87.61
Rangpur,1976,4,87.6
Rangpur,1976,5,86.97
Rangpur,1976,6,89.17
Rangpur,1976,7,90.9
Rangpur,1976,8,89.29
Rangpur,1976,9,86.3
Rangpur,1976,10,88.84
Rangpur,1976,11,91.93
Rangpur,1976,12,91.19
Rangpur,1977,1,90.48
Rangpur,1977,4,81.43
Rangpur,1977,5,79.71
Rangpur,1977,6,83.27
Rangpur,1977,7,84.84
Rangpur,1977,8,86.48
Rangpur,1977,9,86.73
Rangpur,1977,10,89.74
Rangpur,1977,12,90.1
Rangpur,1978,1,88.39
Rangpur,1978,2,87.93
Rangpur,1978,3,39.81
Rangpur,1978,4,61.63
Rangpur,1978,5,81.68
Rangpur,1978,6,86.83
Rangpur,1978,7,87.84
Rangpur,1978,8,80.84
Rangpur,1978,9,84.73
Rangpur,1978,10,75.13
Rangpur,1978,11,75.63
Rangpur,1978,12,69.74
Rangpur,1979,1,68.77
Rangpur,1979,2,61.18
Rangpur,1979,3,45.81
Rangpur,1979,4,56.2
Rangpur,1979,5,65.8
Rangpur,1979,6,77.9
Rangpur,1979,7,85.77
Rangpur,1979,8,80.74
Rangpur,1979,9,81.73
Rangpur,1979,10,80.13
Rangpur,1979,11,78.97
Rangpur,1979,12,78.27
Rangpur,1980,1,72.77
Rangpur,1980,2,67.14
Rangpur,1980,3,61.39
Rangpur,1980,4,66.07
Rangpur,1980,5,78.9
Rangpur,1980,6,83.5
Rangpur,1980,7,83.74
Rangpur,1980,8,85.1
Rangpur,1980,9,85.3
Rangpur,1980,10,82.06
Rangpur,1980,11,72.1
Rangpur,1980,12,72.81
Rangpur,1981,1,76.55
Rangpur,1981,2,68.46
Rangpur,1981,3,60.55
Rangpur,1981,4,72.37
Rangpur,1981,5,80.58
Rangpur,1981,6,80.43
Rangpur,1981,10,74.74
Rangpur,1981,11,70.7
Rangpur,1981,12,74.06
Rangpur,1982,1,73.1
Rangpur,1982,2,63.71
Rangpur,1982,3,62.45
Rangpur,1982,4,69.07
Rangpur,1982,5,73.13
Rangpur,1982,6,83.63
Rangpur,1982,7,84.39
Rangpur,1982,8,82.03
Rangpur,1982,9,84.57
Rangpur,1982,10,79.48
Rangpur,1982,11,76.6
Rangpur,1982,12,77.26
Rangpur,1983,1,75.39
Rangpur,1983,2,64.89
Rangpur,1983,3,56.71
Rangpur,1983,4,63.32
Rangpur,1983,5,80.84
Rangpur,1983,6,82.7
Rangpur,1983,7,85.39
Rangpur,1983,8,83.45
Rangpur,1983,9,86.97
Rangpur,1983,10,85
Rangpur,1983,11,80.17
Rangpur,1983,12,86.06
Rangpur,1984,1,83.84
Rangpur,1984,2,73.31
Rangpur,1984,3,64.61
Rangpur,1984,4,66
Rangpur,1984,5,85.16
Rangpur,1984,6,85.37
Rangpur,1984,7,88.26
Rangpur,1984,8,84.42
Rangpur,1984,9,88.57
Rangpur,1984,10,86.65
Rangpur,1984,11,78.87
Rangpur,1984,12,83.74
Rangpur,1985,1,81.26
Rangpur,1985,2,76.86
Rangpur,1985,3,66.52
Rangpur,1985,4,69.97
Rangpur,1985,5,80.26
Rangpur,1985,6,84.5
Rangpur,1985,7,88.65
Rangpur,1985,8,84.39
Rangpur,1985,9,87.87
Rangpur,1985,10,85.55
Rangpur,1985,11,81.6
Rangpur,1985,12,82.1
Rangpur,1986,1,83.06
Rangpur,1986,2,70
Rangpur,1986,3,55.65
Rangpur,1986,4,74.27
Rangpur,1986,5,77.97
Rangpur,1986,6,84.07
Rangpur,1986,7,86.35
Rangpur,1986,8,84.29
Rangpur,1986,9,89.37
Rangpur,1986,10,86.52
Rangpur,1986,11,83.93
Rangpur,1986,12,82.68
Rangpur,1987,1,84.45
Rangpur,1987,2,82.39
Rangpur,1987,3,75.52
Rangpur,1987,4,75.67
Rangpur,1987,5,79.42
Rangpur,1987,6,87.67
Rangpur,1987,7,90.9
Rangpur,1987,8,87.94
Rangpur,1987,9,90
Rangpur,1987,10,87.48
Rangpur,1987,11,86.1
Rangpur,1987,12,86.9
Rangpur,1988,1,84.03
Rangpur,1988,2,77.72
Rangpur,1988,3,71.52
Rangpur,1988,4,74.2
Rangpur,1988,5,83.16
Rangpur,1988,6,85.1
Rangpur,1988,7,87
Rangpur,1988,8,88.77
Rangpur,1988,9,87.47
Rangpur,1988,10,84.23
Rangpur,1988,11,79.97
Rangpur,1988,12,82.29
Rangpur,1989,1,78.94
Rangpur,1989,2,70.75
Rangpur,1989,3,70.16
Rangpur,1989,4,60.23
Rangpur,1989,5,77.97
Rangpur,1989,6,83.97
Rangpur,1989,7,88.16
Rangpur,1989,8,84.77
Rangpur,1989,9,89.9
Rangpur,1989,10,85.35
Rangpur,1989,11,83.6
Rangpur,1989,12,82.06
Rangpur,1990,1,84
Rangpur,1990,2,76.29
Rangpur,1990,3,72.52
Rangpur,1990,4,79.2
Rangpur,1990,5,83.03
Rangpur,1990,6,86.47
Rangpur,1990,7,87.35
Rangpur,1990,8,86.06
Rangpur,1990,9,87.73
Rangpur,1990,10,87.26
Rangpur,1990,11,78.83
Rangpur,1990,12,79.74
Rangpur,1991,1,80.26
Rangpur,1991,2,72.29
Rangpur,1991,3,66.52
Rangpur,1991,4,71.53
Rangpur,1991,5,86.84
Rangpur,1991,6,87.17
Rangpur,1991,7,86.19
Rangpur,1991,8,85.77
Rangpur,1991,9,90.3
Rangpur,1991,10,85.61
Rangpur,1991,11,81.87
Rangpur,1991,12,82.77
Rangpur,1992,1,84.55
Rangpur,1992,2,76.83
Rangpur,1992,3,61.58
Rangpur,1992,4,65.03
Rangpur,1992,5,81.03
Rangpur,1992,6,84.53
Rangpur,1992,7,87.94
Rangpur,1992,8,86.68
Rangpur,1992,9,88.57
Rangpur,1992,10,86.68
Rangpur,1992,11,79.83
Rangpur,1992,12,81.48
Rangpur,1993,1,86.97
Rangpur,1993,2,78.54
Rangpur,1993,3,69.55
Rangpur,1993,4,74.63
Rangpur,1993,5,85.68
Rangpur,1993,6,88.37
Rangpur,1993,7,85.39
Rangpur,1993,8,87.97
Rangpur,1993,9,87.73
Rangpur,1993,10,85.55
Rangpur,1993,11,82.77
Rangpur,1993,12,79.74
Rangpur,1994,1,83.45
Rangpur,1994,2,78.64
Rangpur,1994,3,71.32
Rangpur,1994,4,72.03
Rangpur,1994,5,72.72
Rangpur,1994,6,85.43
Rangpur,1994,7,82.1
Rangpur,1994,8,83.81
Rangpur,1994,9,84.4
Rangpur,1994,10,85.61
Rangpur,1994,11,80.03
Rangpur,1994,12,79.45
Rangpur,1995,1,78.45
Rangpur,1995,2,76
Rangpur,1995,3,66.32
Rangpur,1995,4,66.57
Rangpur,1995,5,78.97
Rangpur,1995,6,86.93
Rangpur,1995,7,88.13
Rangpur,1995,8,86.71
Rangpur,1995,9,88.3
Rangpur,1995,10,85.19
Rangpur,1995,11,82.77
Rangpur,1995,12,84.65
Rangpur,1996,1,84.19
Rangpur,1996,2,76.38
Rangpur,1996,3,67.58
Rangpur,1996,4,67.53
Rangpur,1996,5,81.97
Rangpur,1996,6,85
Rangpur,1996,7,87.94
Rangpur,1996,8,84.94
Rangpur,1996,9,86.93
Rangpur,1996,10,85.35
Rangpur,1996,11,81.23
Rangpur,1996,12,78.74
Rangpur,1997,1,80.42
Rangpur,1997,2,77.46
Rangpur,1997,3,70.68
Rangpur,1997,4,78.5
Rangpur,1997,5,79.23
Rangpur,1997,6,84.93
Rangpur,1997,7,86.9
Rangpur,1997,8,85.58
Rangpur,1997,9,88.8
Rangpur,1997,10,83.35
Rangpur,1997,11,81.53
Rangpur,1997,12,85.61
Rangpur,1998,1,85.19
Rangpur,1998,2,74.79
Rangpur,1998,3,73.87
Rangpur,1998,4,78.33
Rangpur,1998,5,79.87
Rangpur,1998,6,86.2
Rangpur,1998,7,89.58
Rangpur,1998,8,89.16
Rangpur,1998,9,87.23
Rangpur,1998,10,86.9
Rangpur,1998,11,81.37
Rangpur,1998,12,79.87
Rangpur,1999,1,79.81
Rangpur,1999,2,76.57
Rangpur,1999,3,66.35
Rangpur,1999,4,81.8
Rangpur,1999,5,83.32
Rangpur,1999,6,85.63
Rangpur,1999,7,87.26
Rangpur,1999,8,88.39
Rangpur,1999,9,86.8
Rangpur,1999,10,86.52
Rangpur,1999,11,79.73
Rangpur,1999,12,77.29
Rangpur,2000,1,81.45
Rangpur,2000,2,73.03
Rangpur,2000,3,68.06
Rangpur,2000,4,77.07
Rangpur,2000,5,83.45
Rangpur,2000,6,84.77
Rangpur,2000,7,83.39
Rangpur,2000,8,85.1
Rangpur,2000,9,87.37
Rangpur,2000,10,82.19
Rangpur,2000,11,82.53
Rangpur,2000,12,77.06
Rangpur,2001,1,79.23
Rangpur,2001,2,76.54
Rangpur,2001,3,64.97
Rangpur,2001,4,70.37
Rangpur,2001,5,81.97
Rangpur,2001,6,83.33
Rangpur,2001,7,83.23
Rangpur,2001,8,83.68
Rangpur,2001,9,86.8
Rangpur,2001,10,85.58
Rangpur,2001,11,82.3
Rangpur,2001,12,81.74
Rangpur,2002,1,79.32
Rangpur,2002,2,74.32
Rangpur,2002,3,70.42
Rangpur,2002,4,81.07
Rangpur,2002,5,81.03
Rangpur,2002,6,87.2
Rangpur,2002,7,88.94
Rangpur,2002,8,84.29
Rangpur,2002,9,83.93
Rangpur,2002,10,81.35
Rangpur,2002,11,79.4
Rangpur,2002,12,82.61
Rangpur,2003,1,86.13
Rangpur,2003,2,77.43
Rangpur,2003,3,73.03
Rangpur,2003,4,79.13
Rangpur,2003,5,78.68
Rangpur,2003,6,86.37
Rangpur,2003,7,84.06
Rangpur,2003,8,82.61
Rangpur,2003,9,85.77
Rangpur,2003,10,86.39
Rangpur,2003,11,81.87
Rangpur,2003,12,77.94
Rangpur,2004,1,85.19
Rangpur,2004,2,73.86
Rangpur,2004,3,72.77
Rangpur,2004,4,80.27
Rangpur,2004,5,80.68
Rangpur,2004,6,85.7
Rangpur,2004,7,87.84
Rangpur,2004,8,83.26
Rangpur,2004,9,87.8
Rangpur,2004,10,84.48
Rangpur,2004,11,77.67
Rangpur,2004,12,78.52
Rangpur,2005,1,80.32
Rangpur,2005,2,73.75
Rangpur,2005,3,76.39
Rangpur,2005,4,77.2
Rangpur,2005,5,81.16
Rangpur,2005,6,84.3
Rangpur,2005,7,85.29
Rangpur,2005,8,87.23
Rangpur,2005,9,83.87
Rangpur,2005,10,86.39
Rangpur,2005,11,80.6
Rangpur,2005,12,77.29
Rangpur,2006,1,84.65
Rangpur,2006,2,78.04
Rangpur,2006,3,65.68
Rangpur,2006,4,78.3
Rangpur,2006,5,78.65
Rangpur,2006,6,85.17
Rangpur,2006,7,81.32
Rangpur,2006,8,80.74
Rangpur,2006,9,85.27
Rangpur,2006,10,82.32
Rangpur,2006,11,81.03
Rangpur,2006,12,80.74
Rangpur,2007,1,80.87
Rangpur,2007,2,80.32
Rangpur,2007,3,69.19
Rangpur,2007,4,76.7
Rangpur,2007,5,76.35
Rangpur,2007,6,84.23
Rangpur,2007,7,86.68
Rangpur,2007,8,84.58
Rangpur,2007,9,86.3
Rangpur,2007,10,82.77
Rangpur,2007,11,77.93
Rangpur,2007,12,79.77
Rangpur,2008,1,82.19
Rangpur,2008,2,74.24
Rangpur,2008,3,74.81
Rangpur,2008,4,75.27
Rangpur,2008,5,79.52
Rangpur,2008,6,85.9
Rangpur,2008,7,85.87
Rangpur,2008,8,87.81
Rangpur,2008,9,84.77
Rangpur,2008,10,83.55
Rangpur,2008,11,78.63
Rangpur,2008,12,86.42
Rangpur,2009,1,84.52
Rangpur,2009,2,72.11
Rangpur,2009,3,67.13
Rangpur,2009,4,75.73
Rangpur,2009,5,81.03
Rangpur,2009,6,81.6
Rangpur,2009,7,81.71
Rangpur,2009,8,89.29
Rangpur,2009,9,85.47
Rangpur,2009,10,83
Rangpur,2009,11,80.4
Rangpur,2009,12,85.23
Rangpur,2010,1,83.87
Rangpur,2010,2,72.29
Rangpur,2010,3,66.9
Rangpur,2010,4,78.87
Rangpur,2010,5,80.74
Rangpur,2010,6,86.53
Rangpur,2010,7,82.97
Rangpur,2010,8,83.9
Rangpur,2010,9,85.23
Rangpur,2010,10,82.29
Rangpur,2010,11,80.3
Rangpur,2010,12,78.9
Rangpur,2011,1,84
Rangpur,2011,2,74.96
Rangpur,2011,3,70.68
Rangpur,2011,4,74.4
Rangpur,2011,5,81.71
Rangpur,2011,6,82.1
Rangpur,2011,7,83.84
Rangpur,2011,8,84.61
Rangpur,2011,9,82.33
Rangpur,2011,10,80.61
Rangpur,2011,11,78.27
Rangpur,2011,12,83.16
Rangpur,2012,1,80.29
Rangpur,2012,2,70.17
Rangpur,2012,3,63.94
Rangpur,2012,4,72.97
Rangpur,2012,5,76
Rangpur,2012,6,83.73
Rangpur,2012,7,84.19
Rangpur,2012,8,80.55
Rangpur,2012,9,84.37
Rangpur,2012,10,80.52
Rangpur,2012,11,76.1
Rangpur,2012,12,86.94
Rangpur,2013,1,80.32
Rangpur,2013,2,72.79
Rangpur,2013,3,66.26
Rangpur,2013,4,70.4
Rangpur,2013,5,82.19
Rangpur,2013,6,81.3
Rangpur,2013,7,81.06
Rangpur,2013,8,84.13
Rangpur,2013,9,82.2
Rangpur,2013,10,83.68
Rangpur,2013,11,77.1
Rangpur,2013,12,80.74
Rangpur,2014,1,84.16
Rangpur,2014,2,76.21
Rangpur,2014,3,64.74
Rangpur,2014,4,63.2
Rangpur,2014,5,75.32
Rangpur,2014,6,83.53
Rangpur,2014,7,81.39
Rangpur,2014,8,85.23
Rangpur,2014,9,86
Rangpur,2014,10,80.42
Rangpur,2014,11,77.97
Rangpur,2014,12,82.32
Rangpur,2015,1,82.84
Rangpur,2015,2,77.14
Rangpur,2015,3,68.65
Rangpur,2015,4,76.7
Rangpur,2015,5,80.42
Rangpur,2015,6,84.6
Rangpur,2015,7,81.26
Rangpur,2015,8,86.42
Rangpur,2015,9,84.2
Rangpur,2015,10,78.26
Rangpur,2015,11,77.97
Rangpur,2015,12,82.29
Rangpur,2016,1,82.45
Rangpur,2016,2,74.31
Rangpur,2016,3,69.42
Rangpur,2016,4,73.4
Rangpur,2016,5,79.84
Rangpur,2016,6,81.9
Rangpur,2016,7,85.81
Rangpur,2016,8,79.13
Rangpur,2016,9,86.23
Rangpur,2016,10,82.03
Rangpur,2016,11,77.07
Rangpur,2016,12,80.48
Rangpur,2017,1,79.19
Rangpur,2017,2,75.79
Rangpur,2017,3,75.52
Rangpur,2017,4,79.4
Rangpur,2017,5,79.52
Rangpur,2017,6,80.1
Rangpur,2017,7,83.94
Rangpur,2017,8,84.68
Rangpur,2017,9,85.47
Rangpur,2017,10,85.1
Rangpur,2017,11,77.9
Rangpur,2017,12,82.19
Rangpur,2018,1,84.26
Rangpur,2018,2,74.64
Rangpur,2018,3,69.19
Rangpur,2018,4,77.27
Rangpur,2018,5,79.1
Rangpur,2018,6,81.2
Rangpur,2018,7,81.45
Rangpur,2018,8,80.68
Rangpur,2018,9,82.5
Rangpur,2018,10,80.39
Rangpur,2018,11,77.93
Rangpur,2018,12,77.23
Rangpur,2019,1,73.55
Rangpur,2019,2,75.86
Rangpur,2019,3,67.35
Rangpur,2019,4,74.93
Rangpur,2019,5,79.71
Rangpur,2019,6,80.7
Rangpur,2019,7,83.29
Rangpur,2019,8,80.32
Rangpur,2019,9,86.57
Rangpur,2019,10,83.58
Rangpur,2019,11,80.7
Rangpur,2019,12,80.94
Rangpur,2020,1,83.55
Rangpur,2020,2,75.66
Rangpur,2020,3,70.65
Rangpur,2020,4,72.33
Rangpur,2020,5,80.48
Rangpur,2020,6,84.33
Rangpur,2020,7,86.58
Rangpur,2020,8,81.03
Rangpur,2020,9,88.27
Rangpur,2020,10,81.26
Rangpur,2020,11,74.47
Rangpur,2020,12,85.08
Rangpur,2021,1,84.61
Rangpur,2021,2,70.98
Rangpur,2021,3,59.07
Rangpur,2021,4,64.42
Rangpur,2021,5,74.84
Rangpur,2021,6,77.42
Rangpur,2021,7,82.24
Rangpur,2021,8,86.77
Rangpur,2021,9,84.24
Rangpur,2021,10,84.22
Rangpur,2021,11,78.5
Rangpur,2021,12,77.87
Rangpur,2022,1,82.19
Rangpur,2022,2,76.21
Rangpur,2022,3,71.32
Rangpur,2022,4,82.3
Rangpur,2022,5,80.58
Rangpur,2022,6,85.57
Rangpur,2022,7,79.42
Rangpur,2022,8,80.32
Rangpur,2022,9,84.2
Rangpur,2022,10,79.94
Rangpur,2022,11,76.83
Rangpur,2022,12,80.77
Rangpur,2023,1,84.74
Rangpur,2023,2,71.82
Rangpur,2023,3,64.42
Rangpur,2023,4,60.82
Rangpur,2023,5,60.84
Rangpur,2023,6,75.58
Rangpur,2023,7,74.68
Rangpur,2023,8,81.37
Rangpur,2023,9,77.65
Rangpur,2023,10,77.98
Rangpur,2023,11,72.8
Rangpur,2023,12,80.29
Rangpur,2024,1,87
Rangpur,2024,2,73
Rangpur,2024,3,69
Rangpur,2024,4,62
Rangpur,2024,5,71
Rangpur,2024,6,83
Rangpur,2024,7,81
Rangpur,2024,8,81
Rangpur,2024,9,81
Rangpur,2024,10,83
Rangpur,2024,11,77
Rangpur,2024,12,80
Sandwip,1967,1,75.16
Sandwip,1967,2,87.82
Sandwip,1967,3,87.87
Sandwip,1967,4,86.96
Sandwip,1967,5,85.06
Sandwip,1967,6,85.67
Sandwip,1967,7,91.58
Sandwip,1967,8,91.29
Sandwip,1967,9,92.73
Sandwip,1967,10,90.13
Sandwip,1967,11,86.7
Sandwip,1967,12,83.97
Sandwip,1968,1,77.23
Sandwip,1968,2,80.93
Sandwip,1968,3,79.26
Sandwip,1968,4,81
Sandwip,1968,5,83.29
Sandwip,1968,6,91.53
Sandwip,1968,7,89.16
Sandwip,1968,8,88.94
Sandwip,1968,9,84.57
Sandwip,1968,10,84.9
Sandwip,1968,11,79.73
Sandwip,1968,12,81.03
Sandwip,1969,1,79.03
Sandwip,1969,2,75.32
Sandwip,1969,3,78.42
Sandwip,1969,4,78.33
Sandwip,1969,5,74.94
Sandwip,1969,6,84.3
Sandwip,1969,7,88.35
Sandwip,1969,8,90.19
Sandwip,1969,9,86.13
Sandwip,1969,10,71.78
Sandwip,1969,11,80.13
Sandwip,1969,12,83.29
Sandwip,1970,1,85.39
Sandwip,1970,2,86.61
Sandwip,1970,3,86.71
Sandwip,1970,4,87.13
Sandwip,1970,5,86.35
Sandwip,1970,6,89.47
Sandwip,1970,7,92.48
Sandwip,1970,8,89.77
Sandwip,1970,9,87.6
Sandwip,1970,10,85.97
Sandwip,1970,11,85.7
Sandwip,1970,12,85.61
Sandwip,1971,1,88.55
Sandwip,1971,2,82.39
Sandwip,1971,3,76.81
Sandwip,1971,4,80.6
Sandwip,1971,5,85.35
Sandwip,1971,6,89.7
Sandwip,1971,7,92
Sandwip,1971,8,92.16
Sandwip,1971,9,87.5
Sandwip,1971,10,86.39
Sandwip,1971,11,86.1
Sandwip,1971,12,85.9
Sandwip,1972,1,83.94
Sandwip,1972,2,82.66
Sandwip,1972,3,84.45
Sandwip,1972,4,85.76
Sandwip,1972,5,83.97
Sandwip,1972,6,87.43
Sandwip,1972,7,81.13
Sandwip,1972,8,85.13
Sandwip,1972,9,76.1
Sandwip,1972,10,81.55
Sandwip,1972,11,78.07
Sandwip,1972,12,81.03
Sandwip,1973,1,74.47
Sandwip,1973,2,75.43
Sandwip,1973,3,75.84
Sandwip,1973,4,79.7
Sandwip,1973,5,82.48
Sandwip,1973,6,84.77
Sandwip,1973,7,87
Sandwip,1973,8,86.42
Sandwip,1973,9,86.72
Sandwip,1973,10,82.61
Sandwip,1973,11,86.27
Sandwip,1973,12,78.61
Sandwip,1974,1,82.71
Sandwip,1974,2,79.29
Sandwip,1974,3,84.29
Sandwip,1974,4,84.33
Sandwip,1974,5,84.42
Sandwip,1974,6,88.57
Sandwip,1974,7,92.52
Sandwip,1974,8,87.81
Sandwip,1974,9,85.27
Sandwip,1974,10,84.23
Sandwip,1974,11,80.13
Sandwip,1974,12,78.58
Sandwip,1976,5,88.26
Sandwip,1976,6,90.97
Sandwip,1976,7,92.42
Sandwip,1976,8,90.52
Sandwip,1976,9,86.67
Sandwip,1976,10,84.74
Sandwip,1976,11,83.27
Sandwip,1976,12,81.35
Sandwip,1977,1,82.06
Sandwip,1977,2,81.68
Sandwip,1977,3,82.52
Sandwip,1977,4,86.6
Sandwip,1977,5,86.32
Sandwip,1977,6,91.37
Sandwip,1977,7,91.65
Sandwip,1977,8,89.03
Sandwip,1977,9,85.63
Sandwip,1977,10,83.68
Sandwip,1977,11,79.7
Sandwip,1977,12,78.32
Sandwip,1978,1,75.39
Sandwip,1978,2,73.36
Sandwip,1978,3,76.35
Sandwip,1978,4,81.9
Sandwip,1978,5,85.35
Sandwip,1978,6,88
Sandwip,1978,7,88.03
Sandwip,1978,8,87.32
Sandwip,1978,9,88.7
Sandwip,1978,10,83.65
Sandwip,1978,11,79.4
Sandwip,1978,12,74.87
Sandwip,1979,1,74.06
Sandwip,1979,2,71.36
Sandwip,1979,3,76.45
Sandwip,1979,4,75.63
Sandwip,1979,5,80.23
Sandwip,1979,6,86.13
Sandwip,1979,7,88.68
Sandwip,1979,8,88.03
Sandwip,1979,9,86.13
Sandwip,1979,10,80.58
Sandwip,1979,11,79.77
Sandwip,1979,12,73.35
Sandwip,1980,1,66.42
Sandwip,1980,2,66.86
Sandwip,1980,3,72.71
Sandwip,1980,4,79.33
Sandwip,1980,5,85.19
Sandwip,1980,6,87.03
Sandwip,1980,7,89.19
Sandwip,1980,8,89.19
Sandwip,1980,9,85.27
Sandwip,1980,10,82.42
Sandwip,1980,11,75.3
Sandwip,1980,12,77.9
Sandwip,1981,1,84.61
Sandwip,1981,2,80.21
Sandwip,1981,3,80.74
Sandwip,1981,4,87.23
Sandwip,1981,5,87.77
Sandwip,1981,6,88
Sandwip,1981,7,92.84
Sandwip,1981,8,87.9
Sandwip,1981,9,86.63
Sandwip,1981,10,72.84
Sandwip,1981,11,69.67
Sandwip,1981,12,72.97
Sandwip,1982,1,68.39
Sandwip,1982,2,70.75
Sandwip,1982,3,69.97
Sandwip,1982,4,79.67
Sandwip,1982,5,79.29
Sandwip,1982,6,90.5
Sandwip,1982,7,88.35
Sandwip,1982,8,89.74
Sandwip,1982,9,83.7
Sandwip,1982,10,76.48
Sandwip,1982,11,74.03
Sandwip,1982,12,77.9
Sandwip,1983,1,76.03
Sandwip,1983,2,74.14
Sandwip,1983,3,82.74
Sandwip,1983,4,80.7
Sandwip,1983,5,83.42
Sandwip,1983,6,87.43
Sandwip,1983,7,90.39
Sandwip,1983,8,89.19
Sandwip,1983,9,89.33
Sandwip,1983,10,87.35
Sandwip,1983,11,82.73
Sandwip,1983,12,79.1
Sandwip,1984,1,76.65
Sandwip,1984,2,68.97
Sandwip,1984,3,80.97
Sandwip,1984,4,81.37
Sandwip,1984,5,87.58
Sandwip,1984,6,89.93
Sandwip,1984,7,91.77
Sandwip,1984,8,91.1
Sandwip,1984,9,86.6
Sandwip,1984,10,86.19
Sandwip,1984,11,77.67
Sandwip,1984,12,78.74
Sandwip,1985,1,77.19
Sandwip,1985,2,77.14
Sandwip,1985,3,85.77
Sandwip,1985,4,83.03
Sandwip,1985,5,85.32
Sandwip,1985,6,91.33
Sandwip,1985,7,92.77
Sandwip,1985,8,89.55
Sandwip,1985,9,87.7
Sandwip,1985,10,82.23
Sandwip,1985,11,81.77
Sandwip,1985,12,81.23
Sandwip,1986,1,80
Sandwip,1986,2,71.04
Sandwip,1986,3,78.58
Sandwip,1986,4,80.4
Sandwip,1986,5,81.45
Sandwip,1986,6,88.6
Sandwip,1986,7,91.03
Sandwip,1986,8,87.35
Sandwip,1986,9,88.97
Sandwip,1986,10,85.68
Sandwip,1986,11,81.9
Sandwip,1986,12,78.16
Sandwip,1987,1,76.68
Sandwip,1987,2,75.18
Sandwip,1987,3,78
Sandwip,1987,4,80.97
Sandwip,1987,5,80.97
Sandwip,1987,6,88.09
Sandwip,1987,7,93.77
Sandwip,1987,8,90.87
Sandwip,1987,9,89.53
Sandwip,1987,10,82
Sandwip,1987,11,81.13
Sandwip,1987,12,77.39
Sandwip,1988,1,75.1
Sandwip,1988,2,76.45
Sandwip,1988,3,76.29
Sandwip,1988,4,80.4
Sandwip,1988,5,85.26
Sandwip,1988,6,90.23
Sandwip,1988,7,91.45
Sandwip,1988,8,91.48
Sandwip,1988,9,88.4
Sandwip,1988,10,83.97
Sandwip,1988,11,79.6
Sandwip,1988,12,80.42
Sandwip,1989,1,73.84
Sandwip,1989,2,78
Sandwip,1989,3,76.84
Sandwip,1989,4,82.6
Sandwip,1989,5,83.74
Sandwip,1989,6,86.2
Sandwip,1989,7,88.42
Sandwip,1989,8,86.61
Sandwip,1989,9,87.9
Sandwip,1989,10,88.16
Sandwip,1989,11,80.93
Sandwip,1989,12,79.71
Sandwip,1990,1,84.77
Sandwip,1990,2,81.68
Sandwip,1990,3,81.71
Sandwip,1990,4,83.3
Sandwip,1990,5,82.39
Sandwip,1990,6,86.97
Sandwip,1990,7,91
Sandwip,1990,8,85.42
Sandwip,1990,9,86.27
Sandwip,1990,10,81.61
Sandwip,1990,11,82.53
Sandwip,1990,12,79.77
Sandwip,1991,1,75.84
Sandwip,1991,2,78.39
Sandwip,1991,3,75.61
Sandwip,1991,5,84.75
Sandwip,1991,6,88.93
Sandwip,1991,7,88.42
Sandwip,1991,8,88.1
Sandwip,1991,9,89.2
Sandwip,1991,10,87.52
Sandwip,1991,11,82.27
Sandwip,1991,12,80.94
Sandwip,1992,1,83.74
Sandwip,1992,2,81.45
Sandwip,1992,3,85.94
Sandwip,1992,4,79.93
Sandwip,1992,5,84.03
Sandwip,1992,6,86
Sandwip,1992,7,90.26
Sandwip,1992,8,88.19
Sandwip,1992,9,86.63
Sandwip,1992,10,85.52
Sandwip,1992,11,84.37
Sandwip,1992,12,83.65
Sandwip,1993,1,82.45
Sandwip,1993,2,81.46
Sandwip,1993,3,79.52
Sandwip,1993,4,84.53
Sandwip,1993,5,85.19
Sandwip,1993,6,89.67
Sandwip,1993,7,89.52
Sandwip,1993,8,90.19
Sandwip,1993,9,87.77
Sandwip,1993,10,84.77
Sandwip,1993,11,82.93
Sandwip,1993,12,80.16
Sandwip,1994,1,79.42
Sandwip,1994,2,72.79
Sandwip,1994,3,85.06
Sandwip,1994,4,84.67
Sandwip,1994,5,86.26
Sandwip,1994,6,90.17
Sandwip,1994,7,89.65
Sandwip,1994,8,88.52
Sandwip,1994,9,84.3
Sandwip,1994,10,85.55
Sandwip,1994,11,83.23
Sandwip,1994,12,83.45
Sandwip,1995,1,76.58
Sandwip,1995,2,82.82
Sandwip,1995,3,78.48
Sandwip,1995,4,83.07
Sandwip,1995,5,83.1
Sandwip,1995,6,89.33
Sandwip,1995,7,91.26
Sandwip,1995,8,89.32
Sandwip,1995,9,88.93
Sandwip,1995,10,86.26
Sandwip,1995,11,86.87
Sandwip,1995,12,80.13
Sandwip,1996,1,78.81
Sandwip,1996,2,77.69
Sandwip,1996,3,85.39
Sandwip,1996,4,82.17
Sandwip,1996,5,86
Sandwip,1996,6,86.87
Sandwip,1996,7,90.58
Sandwip,1996,8,90.58
Sandwip,1996,9,87.57
Sandwip,1996,10,84.32
Sandwip,1996,11,82.33
Sandwip,1996,12,80.81
Sandwip,1997,1,76.48
Sandwip,1997,2,81.25
Sandwip,1997,3,86.16
Sandwip,1997,4,82.57
Sandwip,1997,5,85.06
Sandwip,1997,6,87.9
Sandwip,1997,7,91.77
Sandwip,1997,8,87.61
Sandwip,1997,9,89.23
Sandwip,1997,10,83.35
Sandwip,1997,11,83.07
Sandwip,1997,12,76.74
Sandwip,1998,1,84.06
Sandwip,1998,2,81.82
Sandwip,1998,3,76.48
Sandwip,1998,4,84.13
Sandwip,1998,5,85.77
Sandwip,1998,6,88.17
Sandwip,1998,7,92.39
Sandwip,1998,8,92.39
Sandwip,1998,9,88.37
Sandwip,1998,10,86.16
Sandwip,1998,11,83.87
Sandwip,1998,12,79.52
Sandwip,1999,1,79.23
Sandwip,1999,2,74.93
Sandwip,1999,3,78.23
Sandwip,1999,4,81.17
Sandwip,1999,5,86.84
Sandwip,1999,6,91.63
Sandwip,1999,7,92.16
Sandwip,1999,8,91.68
Sandwip,1999,9,89.43
Sandwip,1999,10,89.19
Sandwip,1999,11,80.47
Sandwip,1999,12,81.58
Sandwip,2000,1,80.48
Sandwip,2000,2,73.72
Sandwip,2000,3,82.87
Sandwip,2000,4,83.4
Sandwip,2000,5,87.55
Sandwip,2000,6,90.07
Sandwip,2000,7,90.26
Sandwip,2000,8,87.9
Sandwip,2000,9,87.83
Sandwip,2000,10,89.42
Sandwip,2000,11,87.17
Sandwip,2000,12,81.35
Sandwip,2001,1,82.35
Sandwip,2001,2,82.36
Sandwip,2001,3,74.45
Sandwip,2001,4,81.2
Sandwip,2001,5,85.65
Sandwip,2001,6,90.73
Sandwip,2001,7,87.9
Sandwip,2001,8,85.1
Sandwip,2001,9,86.57
Sandwip,2001,10,87.16
Sandwip,2001,11,87.3
Sandwip,2001,12,82.9
Sandwip,2002,1,82
Sandwip,2002,2,79.96
Sandwip,2002,3,78.1
Sandwip,2002,4,84.73
Sandwip,2002,5,88
Sandwip,2002,6,88.27
Sandwip,2002,7,89.29
Sandwip,2002,12,97.06
Sandwip,2004,2,82.55
Sandwip,2004,3,83.71
Sandwip,2004,4,82.9
Sandwip,2004,5,83.68
Sandwip,2004,6,87
Sandwip,2004,7,88.32
Sandwip,2004,8,86.55
Sandwip,2004,9,89.53
Sandwip,2004,10,84.97
Sandwip,2004,11,81.73
Sandwip,2004,12,80.32
Sandwip,2005,1,78.32
Sandwip,2005,2,79.54
Sandwip,2005,3,85.26
Sandwip,2005,4,80.5
Sandwip,2005,5,81.71
Sandwip,2005,6,85.07
Sandwip,2005,7,88.03
Sandwip,2005,8,89.52
Sandwip,2005,9,86.63
Sandwip,2005,10,86.13
Sandwip,2005,11,81.8
Sandwip,2005,12,82.1
Sandwip,2006,1,77.74
Sandwip,2006,2,80.54
Sandwip,2006,3,71.42
Sandwip,2006,4,77.27
Sandwip,2006,5,83.03
Sandwip,2006,6,87.03
Sandwip,2006,7,88.45
Sandwip,2006,8,84.55
Sandwip,2006,9,86.87
Sandwip,2006,10,85.71
Sandwip,2006,11,83.57
Sandwip,2006,12,81.94
Sandwip,2007,1,79.55
Sandwip,2007,2,77
Sandwip,2007,3,69.23
Sandwip,2007,4,80.23
Sandwip,2007,5,81.94
Sandwip,2007,6,86.47
Sandwip,2007,7,89.74
Sandwip,2007,8,87.32
Sandwip,2007,9,88.17
Sandwip,2007,10,85.77
Sandwip,2007,11,84.4
Sandwip,2007,12,81.45
Sandwip,2008,1,81.52
Sandwip,2008,2,73.59
Sandwip,2008,3,80.81
Sandwip,2008,4,75.87
Sandwip,2008,5,79.48
Sandwip,2008,6,87.7
Sandwip,2008,7,90.06
Sandwip,2008,8,87.87
Sandwip,2008,9,85.9
Sandwip,2008,10,85.39
Sandwip,2008,11,80.73
Sandwip,2008,12,83.65
Sandwip,2009,1,80.39
Sandwip,2009,2,73.68
Sandwip,2009,3,75.81
Sandwip,2009,4,79.63
Sandwip,2009,5,80.84
Sandwip,2009,6,84.2
Sandwip,2009,7,89.55
Sandwip,2009,8,88.84
Sandwip,2009,9,86.83
Sandwip,2009,10,85.16
Sandwip,2009,11,81.53
Sandwip,2009,12,81.87
Sandwip,2010,1,79.35
Sandwip,2010,2,71.79
Sandwip,2010,3,78.35
Sandwip,2010,4,79.9
Sandwip,2010,5,82.26
Sandwip,2010,6,89.87
Sandwip,2010,7,86.29
Sandwip,2010,8,86.97
Sandwip,2010,9,87.33
Sandwip,2010,10,85.84
Sandwip,2010,11,82.6
Sandwip,2010,12,82.06
Sandwip,2011,1,77.71
Sandwip,2011,2,74.14
Sandwip,2011,3,74.77
Sandwip,2011,4,80.03
Sandwip,2011,5,83.48
Sandwip,2011,6,87.53
Sandwip,2011,7,86.39
Sandwip,2011,8,89.06
Sandwip,2011,9,87.67
Sandwip,2011,10,84.19
Sandwip,2011,11,81.57
Sandwip,2011,12,84.19
Sandwip,2012,1,77.16
Sandwip,2012,2,70.72
Sandwip,2012,3,79.81
Sandwip,2012,4,81.97
Sandwip,2012,5,81.9
Sandwip,2012,6,86.67
Sandwip,2012,7,89.26
Sandwip,2012,8,86.74
Sandwip,2012,9,85.47
Sandwip,2012,10,84.55
Sandwip,2012,11,80.47
Sandwip,2013,1,74.48
Sandwip,2013,2,68.89
Sandwip,2013,3,76.52
Sandwip,2013,4,77.4
Sandwip,2013,5,86.26
Sandwip,2013,6,84.27
Sandwip,2013,7,85.81
Sandwip,2013,8,88.13
Sandwip,2013,9,88
Sandwip,2013,10,87.39
Sandwip,2013,11,80.73
Sandwip,2013,12,83.03
Sandwip,2014,1,78.16
Sandwip,2014,2,75.86
Sandwip,2014,3,71.68
Sandwip,2014,4,76.27
Sandwip,2014,5,80.97
Sandwip,2014,6,88.9
Sandwip,2014,7,85.71
Sandwip,2014,8,89.77
Sandwip,2014,9,86.1
Sandwip,2014,10,83.77
Sandwip,2014,11,81.37
Sandwip,2014,12,82.61
Sandwip,2015,1,80.71
Sandwip,2015,2,76.79
Sandwip,2015,3,70.52
Sandwip,2015,4,81.37
Sandwip,2015,5,81.74
Sandwip,2015,6,87.07
Sandwip,2015,7,90.71
Sandwip,2015,8,88.35
Sandwip,2015,9,87.47
Sandwip,2015,10,87
Sandwip,2015,11,83.6
Sandwip,2015,12,83.23
Sandwip,2016,1,83.1
Sandwip,2016,2,82.03
Sandwip,2016,3,81.71
Sandwip,2016,4,84.27
Sandwip,2016,5,84.29
Sandwip,2016,6,86.07
Sandwip,2016,7,90.1
Sandwip,2016,8,86.81
Sandwip,2016,9,86.7
Sandwip,2016,10,85.42
Sandwip,2016,11,84.87
Sandwip,2016,12,84.1
Sandwip,2017,1,78.9
Sandwip,2017,2,76.11
Sandwip,2017,3,82.68
Sandwip,2017,4,86.33
Sandwip,2017,5,82.45
Sandwip,2017,6,88.4
Sandwip,2017,7,90.94
Sandwip,2017,8,88.45
Sandwip,2017,9,90.73
Sandwip,2017,10,87.16
Sandwip,2017,11,82.73
Sandwip,2017,12,85.45
Sandwip,2018,1,81.29
Sandwip,2018,2,78.04
Sandwip,2018,3,78.23
Sandwip,2018,4,79.33
Sandwip,2018,5,85.74
Sandwip,2018,6,87.8
Sandwip,2018,7,88.77
Sandwip,2018,8,86.16
Sandwip,2018,9,86.23
Sandwip,2018,10,85.94
Sandwip,2018,11,80.87
Sandwip,2018,12,81.52
Sandwip,2019,1,76.87
Sandwip,2019,2,76.32
Sandwip,2019,3,76.32
Sandwip,2019,4,77.53
Sandwip,2019,5,80.39
Sandwip,2019,6,83.67
Sandwip,2019,7,89.9
Sandwip,2019,8,87.03
Sandwip,2019,9,87.13
Sandwip,2019,10,86.94
Sandwip,2019,11,85.33
Sandwip,2019,12,84.29
Sandwip,2020,1,82.55
Sandwip,2020,2,76.86
Sandwip,2020,3,71.61
Sandwip,2020,4,81.63
Sandwip,2020,5,81.94
Sandwip,2020,6,88.2
Sandwip,2020,7,88.26
Sandwip,2020,8,87.61
Sandwip,2020,9,88.43
Sandwip,2020,10,86.58
Sandwip,2020,11,86.47
Sandwip,2020,12,89.74
Sandwip,2021,1,84.35
Sandwip,2021,2,72.79
Sandwip,2021,3,70.24
Sandwip,2021,4,68.93
Sandwip,2021,5,73.05
Sandwip,2021,6,87
Sandwip,2021,7,88.66
Sandwip,2021,8,89.37
Sandwip,2021,9,85.02
Sandwip,2021,10,85.16
Sandwip,2021,11,81.93
Sandwip,2021,12,82.2
Sandwip,2022,1,82.1
Sandwip,2022,2,74
Sandwip,2022,3,71.97
Sandwip,2022,4,80.33
Sandwip,2022,5,83.48
Sandwip,2022,6,87.03
Sandwip,2022,7,83.35
Sandwip,2022,8,84.03
Sandwip,2022,9,88.13
Sandwip,2022,10,86.1
Sandwip,2022,11,83.3
Sandwip,2022,12,83.58
Sandwip,2023,1,83.13
Sandwip,2023,2,73.45
Sandwip,2023,3,71.58
Sandwip,2023,4,69.35
Sandwip,2023,5,74.47
Sandwip,2023,6,85.8
Sandwip,2023,7,82.08
Sandwip,2023,8,89.47
Sandwip,2023,9,85.78
Sandwip,2023,10,86.86
Sandwip,2023,11,84.2
Sandwip,2023,12,84.89
Sandwip,2024,1,84
Sandwip,2024,2,77
Sandwip,2024,3,75
Sandwip,2024,4,78
Sandwip,2024,5,81
Sandwip,2024,6,86
Sandwip,2024,7,88
Sandwip,2024,8,91
Sandwip,2024,9,86
Sandwip,2024,10,87
Sandwip,2024,11,82
Sandwip,2024,12,81
Satkhira,1948,1,67.48
Satkhira,1948,2,67.21
Satkhira,1948,3,63.19
Satkhira,1948,4,70.57
Satkhira,1948,5,75.74
Satkhira,1948,6,85.43
Satkhira,1948,7,89.48
Satkhira,1948,8,89.32
Satkhira,1948,9,88.1
Satkhira,1948,10,82.61
Satkhira,1948,11,83.07
Satkhira,1948,12,76.1
Satkhira,1949,1,83.48
Satkhira,1949,2,81.79
Satkhira,1949,3,84.42
Satkhira,1949,4,79.27
Satkhira,1949,5,82.03
Satkhira,1949,6,87.9
Satkhira,1949,7,88.77
Satkhira,1949,8,89.39
Satkhira,1949,9,87.63
Satkhira,1949,10,83.61
Satkhira,1949,11,73.77
Satkhira,1949,12,74.16
Satkhira,1950,1,75.71
Satkhira,1950,2,75.11
Satkhira,1950,3,68.84
Satkhira,1950,4,74.9
Satkhira,1950,5,78.1
Satkhira,1950,6,88.9
Satkhira,1950,7,88.35
Satkhira,1950,8,90.61
Satkhira,1950,9,87.6
Satkhira,1950,10,86.39
Satkhira,1950,11,78.97
Satkhira,1950,12,77.42
Satkhira,1951,1,75.23
Satkhira,1951,2,68.43
Satkhira,1951,3,74.55
Satkhira,1951,4,78.1
Satkhira,1951,5,76.65
Satkhira,1951,6,82.67
Satkhira,1951,7,86.94
Satkhira,1951,8,87.48
Satkhira,1951,9,86.53
Satkhira,1951,10,88.71
Satkhira,1951,11,82.9
Satkhira,1951,12,80.23
Satkhira,1952,1,79.48
Satkhira,1952,3,69.32
Satkhira,1952,4,76.37
Satkhira,1952,5,77.32
Satkhira,1952,6,84.67
Satkhira,1952,7,89.97
Satkhira,1952,8,88.55
Satkhira,1952,9,87.17
Satkhira,1952,10,85.71
Satkhira,1952,11,81.67
Satkhira,1952,12,75.55
Satkhira,1953,1,74.03
Satkhira,1953,2,76.79
Satkhira,1953,3,81.42
Satkhira,1953,4,77.8
Satkhira,1953,5,78.29
Satkhira,1953,6,85.8
Satkhira,1953,7,87.9
Satkhira,1953,8,87.87
Satkhira,1953,9,86.53
Satkhira,1953,10,82.39
Satkhira,1953,11,76.63
Satkhira,1953,12,75.23
Satkhira,1954,1,76.42
Satkhira,1954,2,76.5
Satkhira,1954,3,70.74
Satkhira,1954,4,79.17
Satkhira,1954,5,77.26
Satkhira,1954,6,86.5
Satkhira,1954,7,85.32
Satkhira,1954,8,88.06
Satkhira,1954,9,86.93
Satkhira,1954,10,81.9
Satkhira,1954,11,74.2
Satkhira,1954,12,73.77
Satkhira,1956,1,71.35
Satkhira,1956,2,68.07
Satkhira,1956,3,72.19
Satkhira,1956,4,73
Satkhira,1956,5,77.65
Satkhira,1956,6,87.03
Satkhira,1956,7,86
Satkhira,1956,8,87.9
Satkhira,1956,9,87.27
Satkhira,1956,10,85.94
Satkhira,1956,11,78.63
Satkhira,1956,12,80.55
Satkhira,1957,1,82.32
Satkhira,1957,2,74.93
Satkhira,1957,3,61.52
Satkhira,1957,4,62.77
Satkhira,1957,5,66.61
Satkhira,1957,6,76.93
Satkhira,1957,7,86.97
Satkhira,1957,8,87.29
Satkhira,1957,9,89.73
Satkhira,1957,10,82.74
Satkhira,1957,11,72.5
Satkhira,1957,12,77.1
Satkhira,1958,1,77.84
Satkhira,1958,2,75.36
Satkhira,1958,3,63.9
Satkhira,1958,4,73.7
Satkhira,1958,5,77.35
Satkhira,1958,6,81.63
Satkhira,1958,7,89
Satkhira,1958,8,87.1
Satkhira,1958,9,87.6
Satkhira,1958,10,84.39
Satkhira,1958,11,78.53
Satkhira,1958,12,78.71
Satkhira,1959,1,79.87
Satkhira,1959,2,68.75
Satkhira,1959,3,69.19
Satkhira,1959,4,76.23
Satkhira,1959,5,76.1
Satkhira,1959,6,84.2
Satkhira,1959,7,87.84
Satkhira,1959,8,87.65
Satkhira,1959,9,89.83
Satkhira,1959,10,88.23
Satkhira,1959,11,76.23
Satkhira,1959,12,74.16
Satkhira,1960,1,67.39
Satkhira,1960,2,70.28
Satkhira,1960,3,66.97
Satkhira,1960,4,83.8
Satkhira,1960,5,75.16
Satkhira,1960,6,83.8
Satkhira,1960,7,87.16
Satkhira,1960,8,88.71
Satkhira,1960,9,87.27
Satkhira,1960,10,82.32
Satkhira,1960,11,76.23
Satkhira,1960,12,77.87
Satkhira,1961,1,90.68
Satkhira,1961,2,87.39
Satkhira,1961,3,81.23
Satkhira,1961,4,80.1
Satkhira,1961,5,78.39
Satkhira,1961,6,85.4
Satkhira,1961,7,85.65
Satkhira,1961,8,87.39
Satkhira,1961,9,86.3
Satkhira,1961,10,84.29
Satkhira,1961,11,75.3
Satkhira,1961,12,73.9
Satkhira,1962,1,72.94
Satkhira,1962,2,71.18
Satkhira,1962,3,61.35
Satkhira,1962,4,73.23
Satkhira,1962,5,75.06
Satkhira,1962,6,86.57
Satkhira,1962,7,86.35
Satkhira,1962,8,87.81
Satkhira,1962,9,86.2
Satkhira,1962,10,79.52
Satkhira,1962,11,76.23
Satkhira,1962,12,78.19
Satkhira,1963,1,85.68
Satkhira,1963,2,74.36
Satkhira,1963,3,62.42
Satkhira,1963,4,73.63
Satkhira,1963,5,76.19
Satkhira,1963,6,83.83
Satkhira,1963,7,87.1
Satkhira,1963,8,87.71
Satkhira,1963,9,86.83
Satkhira,1963,10,84.29
Satkhira,1963,11,80.63
Satkhira,1963,12,83.48
Satkhira,1964,1,82.61
Satkhira,1964,2,82.03
Satkhira,1964,3,77.55
Satkhira,1964,4,75.1
Satkhira,1964,5,75.29
Satkhira,1964,6,81.23
Satkhira,1964,7,87.35
Satkhira,1964,8,86.42
Satkhira,1964,9,85.57
Satkhira,1964,10,86.65
Satkhira,1964,11,78.17
Satkhira,1964,12,78.65
Satkhira,1965,1,73.45
Satkhira,1965,2,66.43
Satkhira,1965,3,65.06
Satkhira,1965,4,71.77
Satkhira,1965,6,82.43
Satkhira,1965,7,85.26
Satkhira,1965,8,87.03
Satkhira,1965,9,88.03
Satkhira,1965,10,82.94
Satkhira,1965,11,78.87
Satkhira,1965,12,75.42
Satkhira,1966,1,71.13
Satkhira,1966,2,67.32
Satkhira,1966,4,71.33
Satkhira,1966,6,85.4
Satkhira,1966,7,87.74
Satkhira,1966,8,91
Satkhira,1966,10,91.55
Satkhira,1966,11,89.5
Satkhira,1966,12,82.19
Satkhira,1967,1,79.35
Satkhira,1967,2,75.89
Satkhira,1967,3,74.87
Satkhira,1967,4,76.18
Satkhira,1967,5,78.29
Satkhira,1969,1,80.52
Satkhira,1969,2,86.39
Satkhira,1969,3,76.48
Satkhira,1969,4,77.63
Satkhira,1969,5,82.03
Satkhira,1969,6,84.2
Satkhira,1969,7,89.68
Satkhira,1969,8,92.52
Satkhira,1969,9,90.07
Satkhira,1969,10,87.9
Satkhira,1969,11,81.8
Satkhira,1969,12,77.35
Satkhira,1970,1,79.1
Satkhira,1970,2,73.29
Satkhira,1970,3,75.35
Satkhira,1970,4,74.03
Satkhira,1970,5,71.94
Satkhira,1970,6,88.43
Satkhira,1970,7,90.58
Satkhira,1970,8,89.26
Satkhira,1970,9,89.07
Satkhira,1970,10,87.29
Satkhira,1970,11,76.47
Satkhira,1970,12,77.29
Satkhira,1971,1,66.06
Satkhira,1971,3,62.68
Satkhira,1971,5,78.81
Satkhira,1971,6,88.03
Satkhira,1971,7,90.81
Satkhira,1971,8,89.71
Satkhira,1971,9,87.13
Satkhira,1971,10,86.1
Satkhira,1971,11,74.67
Satkhira,1971,12,60.5
Satkhira,1972,1,72.19
Satkhira,1972,2,72.59
Satkhira,1972,3,71.77
Satkhira,1972,4,79.8
Satkhira,1972,5,78.19
Satkhira,1973,2,55.93
Satkhira,1973,3,59.55
Satkhira,1973,4,63.13
Satkhira,1973,5,75.03
Satkhira,1973,6,80.13
Satkhira,1973,7,85.74
Satkhira,1973,8,85.29
Satkhira,1973,9,86.5
Satkhira,1973,10,80.61
Satkhira,1973,11,76.33
Satkhira,1973,12,72.19
Satkhira,1974,1,64.03
Satkhira,1974,2,54.46
Satkhira,1974,3,62.68
Satkhira,1974,4,72.3
Satkhira,1974,5,70.16
Satkhira,1974,6,78.17
Satkhira,1974,7,87.26
Satkhira,1974,8,83.68
Satkhira,1974,9,84.73
Satkhira,1974,10,81.45
Satkhira,1974,11,70.77
Satkhira,1974,12,65.77
Satkhira,1975,1,62.68
Satkhira,1975,2,62.07
Satkhira,1975,3,53.71
Satkhira,1975,4,64.5
Satkhira,1975,5,69.1
Satkhira,1975,6,77.87
Satkhira,1975,7,86.1
Satkhira,1975,8,83.52
Satkhira,1975,9,84.7
Satkhira,1975,10,81.58
Satkhira,1975,11,72.37
Satkhira,1975,12,65.58
Satkhira,1976,1,63.32
Satkhira,1976,2,64.55
Satkhira,1976,3,62.84
Satkhira,1976,4,62.57
Satkhira,1976,5,75.23
Satkhira,1976,6,79.13
Satkhira,1976,7,85
Satkhira,1976,8,86
Satkhira,1976,9,84.53
Satkhira,1976,10,77.45
Satkhira,1976,11,75.37
Satkhira,1976,12,69.9
Satkhira,1977,1,65.87
Satkhira,1977,2,65.64
Satkhira,1977,3,67.97
Satkhira,1977,4,75.47
Satkhira,1977,5,77.77
Satkhira,1977,6,84.87
Satkhira,1977,7,87.39
Satkhira,1977,8,86.39
Satkhira,1977,9,83.73
Satkhira,1977,10,79.65
Satkhira,1977,11,77.4
Satkhira,1977,12,73.35
Satkhira,1978,1,68.32
Satkhira,1978,2,62.61
Satkhira,1978,3,58.13
Satkhira,1978,4,71.63
Satkhira,1978,5,76.87
Satkhira,1978,6,82.8
Satkhira,1978,7,86.35
Satkhira,1978,8,87
Satkhira,1978,9,85.7
Satkhira,1978,10,79.71
Satkhira,1978,11,70.97
Satkhira,1978,12,67.94
Satkhira,1979,1,69.23
Satkhira,1979,2,63.11
Satkhira,1979,3,51.65
Satkhira,1979,4,59.57
Satkhira,1979,5,58.19
Satkhira,1979,6,74.3
Satkhira,1979,7,82.19
Satkhira,1979,8,84
Satkhira,1979,9,80.47
Satkhira,1979,10,72.42
Satkhira,1979,11,69.3
Satkhira,1979,12,69.45
Satkhira,1980,1,64.48
Satkhira,1980,2,64
Satkhira,1980,3,65.54
Satkhira,1980,4,64.7
Satkhira,1980,5,69.71
Satkhira,1980,6,82.67
Satkhira,1980,8,83.81
Satkhira,1980,9,82.73
Satkhira,1980,10,79.13
Satkhira,1980,11,62.81
Satkhira,1980,12,59.12
Satkhira,1981,1,66.5
Satkhira,1981,2,66.07
Satkhira,1981,3,65.42
Satkhira,1981,4,73.07
Satkhira,1981,5,76.71
Satkhira,1981,6,79.63
Satkhira,1981,7,86.71
Satkhira,1981,8,84.71
Satkhira,1981,9,85.4
Satkhira,1981,10,68.84
Satkhira,1981,11,60.63
Satkhira,1981,12,66.35
Satkhira,1982,1,62.71
Satkhira,1982,2,64.39
Satkhira,1982,3,60.52
Satkhira,1982,4,66.73
Satkhira,1982,5,61.94
Satkhira,1982,6,77.03
Satkhira,1982,7,79.48
Satkhira,1982,8,85.65
Satkhira,1982,9,79.67
Satkhira,1982,10,72.29
Satkhira,1982,11,66.57
Satkhira,1982,12,60.45
Satkhira,1983,1,64.94
Satkhira,1983,2,61.82
Satkhira,1983,3,63.35
Satkhira,1983,4,62.97
Satkhira,1983,5,70.45
Satkhira,1983,6,77.1
Satkhira,1983,7,83
Satkhira,1983,8,86.94
Satkhira,1983,9,85.77
Satkhira,1983,10,79.26
Satkhira,1983,11,64.63
Satkhira,1983,12,63.9
Satkhira,1984,1,64.87
Satkhira,1984,2,56.62
Satkhira,1984,3,52.97
Satkhira,1984,4,66.2
Satkhira,1984,5,71.81
Satkhira,1984,6,84.2
Satkhira,1984,7,84.23
Satkhira,1984,8,85.19
Satkhira,1984,9,80.87
Satkhira,1984,10,76.42
Satkhira,1984,11,61.77
Satkhira,1984,12,59.94
Satkhira,1985,1,66.16
Satkhira,1985,2,56.21
Satkhira,1985,3,60.48
Satkhira,1985,4,61.17
Satkhira,1985,5,69.42
Satkhira,1985,6,77.9
Satkhira,1985,7,83.29
Satkhira,1985,8,83.45
Satkhira,1985,9,84.2
Satkhira,1985,10,74.23
Satkhira,1985,11,66.97
Satkhira,1985,12,64.32
Satkhira,1986,1,64.97
Satkhira,1986,2,55.04
Satkhira,1986,3,50.45
Satkhira,1986,4,63.93
Satkhira,1986,5,67.94
Satkhira,1986,6,77.7
Satkhira,1986,7,84.16
Satkhira,1986,8,80.16
Satkhira,1986,9,85.2
Satkhira,1986,10,78.61
Satkhira,1986,11,74.23
Satkhira,1986,12,68.52
Satkhira,1987,1,65.65
Satkhira,1987,2,61.89
Satkhira,1987,3,61.23
Satkhira,1987,4,64.9
Satkhira,1987,5,68.61
Satkhira,1987,6,75.2
Satkhira,1987,7,85.23
Satkhira,1987,8,82.65
Satkhira,1987,9,83.5
Satkhira,1987,10,73.29
Satkhira,1987,11,68.37
Satkhira,1987,12,66.65
Satkhira,1988,1,65.48
Satkhira,1988,2,66.31
Satkhira,1988,3,63.06
Satkhira,1988,4,63.87
Satkhira,1988,5,73.32
Satkhira,1988,6,80.9
Satkhira,1988,7,83.35
Satkhira,1988,8,85.1
Satkhira,1988,9,82.9
Satkhira,1988,10,73.81
Satkhira,1988,11,67.83
Satkhira,1988,12,71.13
Satkhira,1989,1,72.13
Satkhira,1989,2,67.79
Satkhira,1989,3,64.06
Satkhira,1989,4,71.93
Satkhira,1989,5,76.71
Satkhira,1989,6,82.6
Satkhira,1989,7,84.94
Satkhira,1989,8,85.29
Satkhira,1989,9,87.43
Satkhira,1989,10,85.03
Satkhira,1989,11,78.57
Satkhira,1989,12,76.26
Satkhira,1990,1,74.71
Satkhira,1990,2,75
Satkhira,1990,3,77.55
Satkhira,1990,4,74.8
Satkhira,1990,5,76.97
Satkhira,1990,6,83.93
Satkhira,1990,7,86.52
Satkhira,1990,8,85.06
Satkhira,1990,9,87.67
Satkhira,1990,10,83.61
Satkhira,1990,11,77.83
Satkhira,1990,12,75.16
Satkhira,1991,1,77.16
Satkhira,1991,2,73.21
Satkhira,1991,3,73.32
Satkhira,1991,4,72.33
Satkhira,1991,5,76.74
Satkhira,1991,6,84.67
Satkhira,1991,7,85.19
Satkhira,1991,8,87.03
Satkhira,1991,9,87.2
Satkhira,1991,10,85.58
Satkhira,1991,11,76.73
Satkhira,1991,12,78.39
Satkhira,1992,1,78.32
Satkhira,1992,2,75.41
Satkhira,1992,3,68.65
Satkhira,1992,4,67
Satkhira,1992,5,74.97
Satkhira,1992,6,78.37
Satkhira,1992,7,85.26
Satkhira,1992,8,84.94
Satkhira,1992,9,84.8
Satkhira,1992,10,82.13
Satkhira,1992,11,76.07
Satkhira,1992,12,73.94
Satkhira,1993,1,74.16
Satkhira,1993,2,72.07
Satkhira,1993,3,68.32
Satkhira,1993,4,73.77
Satkhira,1993,5,77.94
Satkhira,1993,6,83.37
Satkhira,1993,7,85.71
Satkhira,1993,8,86.45
Satkhira,1993,9,87.63
Satkhira,1993,10,84.06
Satkhira,1993,11,78.5
Satkhira,1993,12,76.19
Satkhira,1994,1,75.42
Satkhira,1994,2,75.89
Satkhira,1994,3,69.9
Satkhira,1994,4,73.03
Satkhira,1994,5,75.19
Satkhira,1994,6,86.1
Satkhira,1994,7,85.45
Satkhira,1994,8,86.74
Satkhira,1994,9,82.73
Satkhira,1994,10,80.29
Satkhira,1994,11,78.07
Satkhira,1994,12,72.58
Satkhira,1995,1,73.71
Satkhira,1995,2,74.82
Satkhira,1995,3,68.29
Satkhira,1995,4,69.77
Satkhira,1995,5,76.74
Satkhira,1995,6,84.33
Satkhira,1995,7,87.16
Satkhira,1995,8,86.39
Satkhira,1995,9,87.07
Satkhira,1995,10,84.19
Satkhira,1995,11,81.83
Satkhira,1995,12,77
Satkhira,1996,1,76.32
Satkhira,1996,2,75.17
Satkhira,1996,3,72.68
Satkhira,1996,4,72.17
Satkhira,1996,5,75.48
Satkhira,1996,6,82.13
Satkhira,1996,7,84.68
Satkhira,1996,8,87.68
Satkhira,1996,9,85.77
Satkhira,1996,10,83.61
Satkhira,1996,11,79.13
Satkhira,1996,12,74.39
Satkhira,1997,1,75.45
Satkhira,1997,2,73.21
Satkhira,1997,3,75.48
Satkhira,1997,4,79.33
Satkhira,1997,5,77.16
Satkhira,1997,6,81.77
Satkhira,1997,7,87.71
Satkhira,1997,8,87.58
Satkhira,1997,9,89.1
Satkhira,1997,10,80.55
Satkhira,1997,11,77.83
Satkhira,1997,12,81.58
Satkhira,1998,1,81.39
Satkhira,1998,2,78.54
Satkhira,1998,3,76.35
Satkhira,1998,4,79.17
Satkhira,1998,5,77
Satkhira,1998,6,81.47
Satkhira,1998,7,85.65
Satkhira,1998,8,86.71
Satkhira,1998,9,86.53
Satkhira,1998,10,85.84
Satkhira,1998,11,83.37
Satkhira,1998,12,78.9
Satkhira,1999,1,76.48
Satkhira,1999,2,72
Satkhira,1999,3,68.48
Satkhira,1999,4,73.1
Satkhira,1999,5,78.77
Satkhira,1999,6,82.4
Satkhira,1999,7,86.1
Satkhira,1999,8,86.61
Satkhira,1999,9,87.77
Satkhira,1999,10,85
Satkhira,1999,11,77.27
Satkhira,1999,12,76.97
Satkhira,2000,1,76.52
Satkhira,2000,2,73.69
Satkhira,2000,3,68.71
Satkhira,2000,4,75.13
Satkhira,2000,5,76.32
Satkhira,2000,6,81.97
Satkhira,2000,7,83.29
Satkhira,2000,8,82.74
Satkhira,2000,9,85.33
Satkhira,2000,10,81.58
Satkhira,2000,11,77.47
Satkhira,2000,12,74.39
Satkhira,2001,1,71
Satkhira,2001,2,71.43
Satkhira,2001,3,71.35
Satkhira,2001,4,74.83
Satkhira,2001,5,75.77
Satkhira,2001,6,86.23
Satkhira,2001,7,85.94
Satkhira,2001,8,84.26
Satkhira,2001,9,84.53
Satkhira,2001,10,84.65
Satkhira,2001,11,81.37
Satkhira,2001,12,80.29
Satkhira,2002,1,78.26
Satkhira,2002,2,68.93
Satkhira,2002,3,68.16
Satkhira,2002,4,74.77
Satkhira,2002,5,75.45
Satkhira,2002,6,84.2
Satkhira,2002,7,82.87
Satkhira,2002,8,86.48
Satkhira,2002,9,86.83
Satkhira,2002,10,82.65
Satkhira,2002,11,81.27
Satkhira,2002,12,78.97
Satkhira,2003,1,78.03
Satkhira,2003,2,74.5
Satkhira,2003,3,73.19
Satkhira,2003,4,75.63
Satkhira,2003,5,75.1
Satkhira,2003,6,81.6
Satkhira,2003,7,84.87
Satkhira,2003,8,84.81
Satkhira,2003,9,86.33
Satkhira,2003,10,87.77
Satkhira,2003,11,79.57
Satkhira,2003,12,80.23
Satkhira,2004,1,80.68
Satkhira,2004,2,70.31
Satkhira,2004,3,70.52
Satkhira,2004,4,75.53
Satkhira,2004,5,71.87
Satkhira,2004,6,82.4
Satkhira,2004,7,84.16
Satkhira,2004,8,86.77
Satkhira,2004,9,85.87
Satkhira,2004,10,83.06
Satkhira,2004,11,77.97
Satkhira,2004,12,78
Satkhira,2005,1,77.1
Satkhira,2005,2,69.32
Satkhira,2005,3,74.45
Satkhira,2005,4,70.63
Satkhira,2005,5,72.35
Satkhira,2005,6,78.17
Satkhira,2005,7,85.32
Satkhira,2005,8,85.55
Satkhira,2005,9,86
Satkhira,2005,10,87.87
Satkhira,2005,11,79.97
Satkhira,2005,12,76.35
Satkhira,2006,1,74.19
Satkhira,2006,2,71.75
Satkhira,2006,3,66.77
Satkhira,2006,4,72
Satkhira,2006,5,75.35
Satkhira,2006,6,83.63
Satkhira,2006,7,87.1
Satkhira,2006,8,86
Satkhira,2006,9,85.5
Satkhira,2006,10,84.06
Satkhira,2006,11,79.77
Satkhira,2006,12,78.65
Satkhira,2007,1,75.58
Satkhira,2007,2,78.61
Satkhira,2007,3,70.1
Satkhira,2007,4,74.07
Satkhira,2007,5,72.29
Satkhira,2007,6,81.37
Satkhira,2007,7,86.13
Satkhira,2007,8,84.55
Satkhira,2007,9,86.73
Satkhira,2007,10,82.9
Satkhira,2007,11,82.17
Satkhira,2007,12,79.45
Satkhira,2008,1,78.26
Satkhira,2008,2,74.93
Satkhira,2008,3,77.42
Satkhira,2008,4,74.7
Satkhira,2008,5,73.06
Satkhira,2008,6,83.93
Satkhira,2008,7,88.1
Satkhira,2008,8,86.65
Satkhira,2008,9,86.83
Satkhira,2008,10,83.61
Satkhira,2008,11,78.47
Satkhira,2008,12,83.77
Satkhira,2009,1,81.32
Satkhira,2009,2,74.36
Satkhira,2009,3,72.23
Satkhira,2009,4,72.8
Satkhira,2009,5,75.16
Satkhira,2009,6,78.07
Satkhira,2009,7,85.77
Satkhira,2009,8,86.97
Satkhira,2009,9,84.63
Satkhira,2009,10,82.26
Satkhira,2009,11,79.17
Satkhira,2009,12,77.65
Satkhira,2010,1,76.29
Satkhira,2010,2,73.07
Satkhira,2010,3,70.84
Satkhira,2010,4,73.7
Satkhira,2010,5,78.23
Satkhira,2010,6,84.33
Satkhira,2010,7,84.1
Satkhira,2010,8,84.1
Satkhira,2010,9,85.63
Satkhira,2010,10,84.29
Satkhira,2010,11,80.77
Satkhira,2010,12,78.81
Satkhira,2011,1,76.68
Satkhira,2011,2,71.79
Satkhira,2011,3,70.9
Satkhira,2011,4,73.67
Satkhira,2011,5,76.39
Satkhira,2011,6,82.6
Satkhira,2011,7,82.94
Satkhira,2011,8,86.68
Satkhira,2011,9,85.07
Satkhira,2011,10,79.97
Satkhira,2011,11,78.33
Satkhira,2011,12,81.19
Satkhira,2012,1,79.52
Satkhira,2012,2,72.45
Satkhira,2012,3,71.48
Satkhira,2012,4,72.27
Satkhira,2012,5,70.52
Satkhira,2012,6,77.03
Satkhira,2012,7,84.35
Satkhira,2012,8,85.19
Satkhira,2012,9,85
Satkhira,2012,10,81.84
Satkhira,2012,11,78.33
Satkhira,2012,12,81.29
Satkhira,2013,1,76.45
Satkhira,2013,2,72.11
Satkhira,2013,3,71.39
Satkhira,2013,4,70.73
Satkhira,2013,5,80.94
Satkhira,2013,6,81.27
Satkhira,2013,7,83.61
Satkhira,2013,8,85.19
Satkhira,2013,9,85
Satkhira,2013,10,86.35
Satkhira,2013,11,76.8
Satkhira,2013,12,79.1
Satkhira,2014,1,79.84
Satkhira,2014,2,72.79
Satkhira,2014,3,68.58
Satkhira,2014,4,67.03
Satkhira,2014,5,73.23
Satkhira,2014,6,82.87
Satkhira,2014,7,85.13
Satkhira,2014,8,84.06
Satkhira,2014,9,83.3
Satkhira,2014,10,81.16
Satkhira,2014,11,75.4
Satkhira,2014,12,79.74
Satkhira,2015,1,79.58
Satkhira,2015,2,75
Satkhira,2015,3,67.71
Satkhira,2015,4,76.57
Satkhira,2015,5,73.45
Satkhira,2015,6,79.8
Satkhira,2015,7,88.29
Satkhira,2015,8,84
Satkhira,2015,9,81.9
Satkhira,2015,10,81.32
Satkhira,2015,11,80.97
Satkhira,2015,12,81.16
Satkhira,2016,1,81.58
Satkhira,2016,2,78.24
Satkhira,2016,3,75.39
Satkhira,2016,4,72.47
Satkhira,2016,5,74.94
Satkhira,2016,6,80.93
Satkhira,2016,7,86.55
Satkhira,2016,8,85.29
Satkhira,2016,9,83.1
Satkhira,2016,10,82.32
Satkhira,2016,11,80.6
Satkhira,2016,12,81.77
Satkhira,2017,1,78.13
Satkhira,2017,2,74.39
Satkhira,2017,3,75.29
Satkhira,2017,4,73.7
Satkhira,2017,5,73.77
Satkhira,2017,6,83.17
Satkhira,2017,7,87.65
Satkhira,2017,8,85
Satkhira,2017,9,84.87
Satkhira,2017,10,85.52
Satkhira,2017,11,80.07
Satkhira,2017,12,84.65
Satkhira,2018,1,77.61
Satkhira,2018,2,71.75
Satkhira,2018,3,70.65
Satkhira,2018,4,72.37
Satkhira,2018,5,76.58
Satkhira,2018,6,80.97
Satkhira,2018,7,84.84
Satkhira,2018,8,84.61
Satkhira,2018,9,83.83
Satkhira,2018,10,81.13
Satkhira,2018,11,80.23
Satkhira,2018,12,78.13
Satkhira,2019,1,75.77
Satkhira,2019,2,75.11
Satkhira,2019,3,74.1
Satkhira,2019,4,74.5
Satkhira,2019,5,75.55
Satkhira,2019,6,79.77
Satkhira,2019,7,81.45
Satkhira,2019,8,85.32
Satkhira,2019,9,85.5
Satkhira,2019,10,83.32
Satkhira,2019,11,81.43
Satkhira,2019,12,81.29
Satkhira,2020,1,80.29
Satkhira,2020,2,72.14
Satkhira,2020,3,69.77
Satkhira,2020,4,72.57
Satkhira,2020,5,77.65
Satkhira,2020,6,83.93
Satkhira,2020,7,82.19
Satkhira,2020,8,85.19
Satkhira,2020,9,82.87
Satkhira,2020,10,81.97
Satkhira,2020,11,74.87
Satkhira,2020,12,85.61
Satkhira,2021,1,76.79
Satkhira,2021,2,69.3
Satkhira,2021,3,67.57
Satkhira,2021,4,62.88
Satkhira,2021,5,79.18
Satkhira,2021,6,80.97
Satkhira,2021,7,85.04
Satkhira,2021,8,84.67
Satkhira,2021,9,85.52
Satkhira,2021,10,81.73
Satkhira,2021,11,77.2
Satkhira,2021,12,80.54
Satkhira,2022,1,78.68
Satkhira,2022,2,75.61
Satkhira,2022,3,69.03
Satkhira,2022,4,74.27
Satkhira,2022,5,75.81
Satkhira,2022,6,79.2
Satkhira,2022,7,82.16
Satkhira,2022,8,82.84
Satkhira,2022,9,83.33
Satkhira,2022,10,81.87
Satkhira,2022,11,74.83
Satkhira,2022,12,77.87
Satkhira,2023,1,78.63
Satkhira,2023,2,69.43
Satkhira,2023,3,64.58
Satkhira,2023,4,64.5
Satkhira,2023,5,67.05
Satkhira,2023,6,75.88
Satkhira,2023,7,79.37
Satkhira,2023,8,81.16
Satkhira,2023,9,82.75
Satkhira,2023,10,78.13
Satkhira,2023,11,77.85
Satkhira,2023,12,81.53
Satkhira,2024,1,81
Satkhira,2024,2,76
Satkhira,2024,3,74
Satkhira,2024,4,68
Satkhira,2024,5,74
Satkhira,2024,6,78
Satkhira,2024,7,85
Satkhira,2024,8,88
Satkhira,2024,9,84
Satkhira,2024,10,84
Satkhira,2024,11,78
Satkhira,2024,12,76
Sayedpur,1991,1,71.23
Sayedpur,1991,2,61.29
Sayedpur,1991,3,52.55
Sayedpur,1991,4,60.3
Sayedpur,1991,5,81.65
Sayedpur,1991,6,80.17
Sayedpur,1991,7,80.55
Sayedpur,1991,8,80.06
Sayedpur,1991,9,85.3
Sayedpur,1991,10,73.52
Sayedpur,1991,11,65.5
Sayedpur,1991,12,70.65
Sayedpur,1992,1,71.52
Sayedpur,1992,2,65.55
Sayedpur,1992,3,52.61
Sayedpur,1992,4,51.27
Sayedpur,1992,5,70.52
Sayedpur,1992,6,75.27
Sayedpur,1992,7,81.74
Sayedpur,1992,8,78.1
Sayedpur,1992,9,79.03
Sayedpur,1992,10,75.16
Sayedpur,1992,11,67.13
Sayedpur,1992,12,71.26
Sayedpur,1993,1,79.29
Sayedpur,1993,2,66.64
Sayedpur,1993,3,55
Sayedpur,1993,4,60.7
Sayedpur,1993,5,75.9
Sayedpur,1993,6,80.8
Sayedpur,1993,7,83.06
Sayedpur,1993,8,84.65
Sayedpur,1993,9,82.63
Sayedpur,1993,10,76.06
Sayedpur,1993,11,72.23
Sayedpur,1993,12,67.84
Sayedpur,1994,1,74.29
Sayedpur,1994,2,67.79
Sayedpur,1994,3,61.19
Sayedpur,1994,4,58.17
Sayedpur,1994,5,69.52
Sayedpur,1994,6,79.97
Sayedpur,1994,7,74.94
Sayedpur,1994,8,76.61
Sayedpur,1994,9,77.27
Sayedpur,1994,10,73.52
Sayedpur,1994,11,66.3
Sayedpur,1994,12,65.32
Sayedpur,1995,1,65.39
Sayedpur,1995,2,63.39
Sayedpur,1995,3,54.32
Sayedpur,1995,4,52.33
Sayedpur,1995,5,69
Sayedpur,1995,6,82.6
Sayedpur,1995,7,84.16
Sayedpur,1995,8,83.1
Sayedpur,1995,9,83.93
Sayedpur,1995,10,75.26
Sayedpur,1995,11,73.4
Sayedpur,1995,12,74.39
Sayedpur,1996,1,74.65
Sayedpur,1996,2,65.48
Sayedpur,1996,3,57.52
Sayedpur,1996,4,55.13
Sayedpur,1996,5,75.19
Sayedpur,1996,6,79.73
Sayedpur,1996,7,83.48
Sayedpur,1996,8,80.77
Sayedpur,1996,9,80.97
Sayedpur,1996,10,75.9
Sayedpur,1996,11,70.9
Sayedpur,1996,12,67.55
Sayedpur,1997,1,71.1
Sayedpur,1997,2,65
Sayedpur,1997,3,55.52
Sayedpur,1997,4,66.3
Sayedpur,1997,5,67.35
Sayedpur,1997,6,77.7
Sayedpur,1997,7,82.19
Sayedpur,1997,8,79.9
Sayedpur,1997,9,82.67
Sayedpur,1997,10,72.29
Sayedpur,1997,11,71.17
Sayedpur,1997,12,78.39
Sayedpur,1998,1,77.23
Sayedpur,1998,2,62.04
Sayedpur,1998,3,63.65
Sayedpur,1998,4,71.73
Sayedpur,1998,5,74.84
Sayedpur,1998,6,81.77
Sayedpur,1998,7,85.84
Sayedpur,1998,8,86.13
Sayedpur,1998,9,81.3
Sayedpur,1998,10,79.77
Sayedpur,1998,11,70.5
Sayedpur,1998,12,68.26
Sayedpur,1999,1,70.42
Sayedpur,1999,2,64.14
Sayedpur,1999,3,51.77
Sayedpur,1999,4,73.17
Sayedpur,1999,5,77.58
Sayedpur,1999,6,80.33
Sayedpur,1999,7,83.29
Sayedpur,1999,8,83.97
Sayedpur,1999,9,82.73
Sayedpur,1999,10,79.94
Sayedpur,1999,11,69.5
Sayedpur,1999,12,67.48
Sayedpur,2000,1,74.58
Sayedpur,2000,2,68.93
Sayedpur,2000,3,64.52
Sayedpur,2000,4,72.67
Sayedpur,2000,5,81.32
Sayedpur,2000,6,83.6
Sayedpur,2000,7,81.77
Sayedpur,2000,8,82.94
Sayedpur,2000,9,85.43
Sayedpur,2000,10,80.23
Sayedpur,2000,11,80.23
Sayedpur,2000,12,76
Sayedpur,2001,1,76.35
Sayedpur,2001,2,72.46
Sayedpur,2001,3,59.42
Sayedpur,2001,4,66.6
Sayedpur,2001,5,78.81
Sayedpur,2001,6,82.53
Sayedpur,2001,7,83.39
Sayedpur,2001,8,83.77
Sayedpur,2001,9,86.87
Sayedpur,2001,10,85.55
Sayedpur,2001,11,82.77
Sayedpur,2001,12,82.45
Sayedpur,2002,1,78.32
Sayedpur,2002,2,72.32
Sayedpur,2002,3,67.81
Sayedpur,2002,4,78.73
Sayedpur,2002,5,80.52
Sayedpur,2002,6,85.47
Sayedpur,2002,7,88.23
Sayedpur,2002,8,83.61
Sayedpur,2002,9,82.33
Sayedpur,2002,10,79.84
Sayedpur,2002,11,78.3
Sayedpur,2002,12,82.74
Sayedpur,2003,1,85.39
Sayedpur,2003,2,76.36
Sayedpur,2003,3,71.19
Sayedpur,2003,4,78.37
Sayedpur,2003,5,77.87
Sayedpur,2003,6,84.73
Sayedpur,2003,7,83.19
Sayedpur,2003,8,82.74
Sayedpur,2003,9,85.07
Sayedpur,2003,10,85.1
Sayedpur,2003,11,80.43
Sayedpur,2003,12,78.16
Sayedpur,2004,1,84.97
Sayedpur,2004,2,72.83
Sayedpur,2004,3,69.71
Sayedpur,2004,4,79.17
Sayedpur,2004,5,78.9
Sayedpur,2004,6,83.2
Sayedpur,2004,7,86.23
Sayedpur,2004,8,82.06
Sayedpur,2004,9,85.67
Sayedpur,2004,10,82.58
Sayedpur,2004,11,75.8
Sayedpur,2004,12,77.58
Sayedpur,2005,1,79.1
Sayedpur,2005,2,71.64
Sayedpur,2005,3,74.06
Sayedpur,2005,4,75.47
Sayedpur,2005,5,78.87
Sayedpur,2005,6,82.33
Sayedpur,2005,7,84.42
Sayedpur,2005,8,86.26
Sayedpur,2005,9,81.87
Sayedpur,2005,10,84.97
Sayedpur,2005,11,78.67
Sayedpur,2005,12,75.23
Sayedpur,2006,1,83.87
Sayedpur,2006,2,76.21
Sayedpur,2006,3,63.06
Sayedpur,2006,4,75.43
Sayedpur,2006,5,77.77
Sayedpur,2006,6,84.17
Sayedpur,2006,7,81.1
Sayedpur,2006,8,80.45
Sayedpur,2006,9,85.33
Sayedpur,2006,10,80.68
Sayedpur,2006,11,80.03
Sayedpur,2006,12,79
Sayedpur,2007,1,78.84
Sayedpur,2007,2,79.04
Sayedpur,2007,3,67.45
Sayedpur,2007,4,75.33
Sayedpur,2007,5,74.65
Sayedpur,2007,6,82.9
Sayedpur,2007,7,86.13
Sayedpur,2007,8,83.32
Sayedpur,2007,9,86.57
Sayedpur,2007,10,81.68
Sayedpur,2007,11,76.13
Sayedpur,2007,12,78.29
Sayedpur,2008,1,80.58
Sayedpur,2008,2,71.52
Sayedpur,2008,3,71.06
Sayedpur,2008,4,73.3
Sayedpur,2008,5,77.84
Sayedpur,2008,6,84.8
Sayedpur,2008,7,85.16
Sayedpur,2008,8,86.87
Sayedpur,2008,9,83.17
Sayedpur,2008,10,80.71
Sayedpur,2008,11,75.67
Sayedpur,2008,12,84.1
Sayedpur,2009,1,82.84
Sayedpur,2009,2,67.07
Sayedpur,2009,3,65.26
Sayedpur,2009,4,72.7
Sayedpur,2009,5,78.94
Sayedpur,2009,6,79.57
Sayedpur,2009,7,81.1
Sayedpur,2009,8,84.97
Sayedpur,2009,9,81.9
Sayedpur,2009,10,80.81
Sayedpur,2009,11,77.8
Sayedpur,2009,12,83.23
Sayedpur,2010,1,83.65
Sayedpur,2010,2,68.61
Sayedpur,2010,3,65.94
Sayedpur,2010,4,77.8
Sayedpur,2010,5,79.77
Sayedpur,2010,6,85
Sayedpur,2010,7,83.58
Sayedpur,2010,8,84.03
Sayedpur,2010,9,85.1
Sayedpur,2010,10,82.71
Sayedpur,2010,11,78.57
Sayedpur,2010,12,76.26
Sayedpur,2011,1,82.29
Sayedpur,2011,2,72
Sayedpur,2011,3,69.29
Sayedpur,2011,4,74.97
Sayedpur,2011,5,80.23
Sayedpur,2011,6,82.37
Sayedpur,2011,7,84.1
Sayedpur,2011,8,84.29
Sayedpur,2011,9,83.37
Sayedpur,2011,10,80
Sayedpur,2011,11,77.03
Sayedpur,2011,12,82.39
Sayedpur,2012,1,78.84
Sayedpur,2012,2,68.79
Sayedpur,2012,3,61.9
Sayedpur,2012,4,70.8
Sayedpur,2012,5,75.71
Sayedpur,2012,6,83.97
Sayedpur,2012,7,85
Sayedpur,2012,8,80.84
Sayedpur,2012,9,85.03
Sayedpur,2012,10,79.52
Sayedpur,2012,11,75.07
Sayedpur,2012,12,86.35
Sayedpur,2013,1,78.32
Sayedpur,2013,2,69.21
Sayedpur,2013,3,64.65
Sayedpur,2013,4,70.43
Sayedpur,2013,5,82.58
Sayedpur,2013,6,82.03
Sayedpur,2013,7,82.48
Sayedpur,2013,8,85.06
Sayedpur,2013,9,82.57
Sayedpur,2013,10,84.35
Sayedpur,2013,11,79.3
Sayedpur,2013,12,82.77
Sayedpur,2014,1,85.61
Sayedpur,2014,2,77.32
Sayedpur,2014,3,67.71
Sayedpur,2014,4,64.03
Sayedpur,2014,5,73.39
Sayedpur,2014,6,84.13
Sayedpur,2014,7,82.55
Sayedpur,2014,8,85.87
Sayedpur,2014,9,85.67
Sayedpur,2014,10,81.19
Sayedpur,2014,11,78.67
Sayedpur,2014,12,83.94
Sayedpur,2015,1,83.9
Sayedpur,2015,2,77.57
Sayedpur,2015,3,69.13
Sayedpur,2015,4,76.9
Sayedpur,2015,5,80.87
Sayedpur,2015,6,82.57
Sayedpur,2015,7,81.23
Sayedpur,2015,8,86.26
Sayedpur,2015,9,84.43
Sayedpur,2015,10,79.97
Sayedpur,2015,11,78.73
Sayedpur,2015,12,81.84
Sayedpur,2016,1,82.35
Sayedpur,2016,2,73.69
Sayedpur,2016,3,67.68
Sayedpur,2016,4,71.33
Sayedpur,2016,5,78.1
Sayedpur,2016,6,80.2
Sayedpur,2016,7,85.74
Sayedpur,2016,8,78.87
Sayedpur,2016,9,85.6
Sayedpur,2016,10,81.71
Sayedpur,2016,11,76.43
Sayedpur,2016,12,81.03
Sayedpur,2017,1,78.19
Sayedpur,2017,2,72.25
Sayedpur,2017,3,73.65
Sayedpur,2017,4,77.43
Sayedpur,2017,5,78.94
Sayedpur,2017,6,80.13
Sayedpur,2017,7,84.06
Sayedpur,2017,8,85.26
Sayedpur,2017,9,83.63
Sayedpur,2017,10,84.68
Sayedpur,2017,11,78.1
Sayedpur,2017,12,81.55
Sayedpur,2018,1,84.13
Sayedpur,2018,2,73.89
Sayedpur,2018,3,70.48
Sayedpur,2018,4,76.67
Sayedpur,2018,5,78.32
Sayedpur,2018,6,80.57
Sayedpur,2018,7,81.23
Sayedpur,2018,8,81.9
Sayedpur,2018,9,82.1
Sayedpur,2018,10,80.81
Sayedpur,2018,11,75.47
Sayedpur,2018,12,75
Sayedpur,2019,1,72.58
Sayedpur,2019,2,73.25
Sayedpur,2019,3,65.06
Sayedpur,2019,4,73.8
Sayedpur,2019,5,77.71
Sayedpur,2019,6,79.2
Sayedpur,2019,7,82.68
Sayedpur,2019,8,78.65
Sayedpur,2019,9,85.03
Sayedpur,2019,10,81.97
Sayedpur,2019,11,77.53
Sayedpur,2019,12,79.74
Sayedpur,2020,1,81.19
Sayedpur,2020,2,72.76
Sayedpur,2020,3,69.1
Sayedpur,2020,4,71.27
Sayedpur,2020,5,80.23
Sayedpur,2020,6,84.3
Sayedpur,2020,7,85.58
Sayedpur,2020,8,80.58
Sayedpur,2020,9,87.2
Sayedpur,2020,10,80.16
Sayedpur,2020,11,74.13
Sayedpur,2020,12,82.66
Sayedpur,2021,1,82.23
Sayedpur,2021,2,69.61
Sayedpur,2021,3,58
Sayedpur,2021,4,61.55
Sayedpur,2021,5,73.32
Sayedpur,2021,6,79.13
Sayedpur,2021,7,82.31
Sayedpur,2021,8,84.89
Sayedpur,2021,9,81.63
Sayedpur,2021,10,82.82
Sayedpur,2021,11,77.87
Sayedpur,2021,12,77.27
Sayedpur,2022,1,81.9
Sayedpur,2022,2,75
Sayedpur,2022,3,70
Sayedpur,2022,4,80.73
Sayedpur,2022,5,79.1
Sayedpur,2022,6,82.6
Sayedpur,2022,7,77.29
Sayedpur,2022,8,79.35
Sayedpur,2022,9,82.7
Sayedpur,2022,10,79.42
Sayedpur,2022,11,76.17
Sayedpur,2022,12,79.13
Sayedpur,2023,1,81.21
Sayedpur,2023,2,71.41
Sayedpur,2023,3,64.58
Sayedpur,2023,4,61.35
Sayedpur,2023,5,61.66
Sayedpur,2023,6,73.55
Sayedpur,2023,7,76.35
Sayedpur,2023,8,79.94
Sayedpur,2023,9,78.98
Sayedpur,2023,10,79.29
Sayedpur,2023,11,72.13
Sayedpur,2023,12,77.97
Sayedpur,2024,1,83
Sayedpur,2024,2,71
Sayedpur,2024,3,67
Sayedpur,2024,4,60
Sayedpur,2024,5,68
Sayedpur,2024,6,80
Sayedpur,2024,7,79
Sayedpur,2024,8,79
Sayedpur,2024,9,79
Sayedpur,2024,10,81
Sayedpur,2024,11,76
Sayedpur,2024,12,77
Sitakunda,1977,5,78.75
Sitakunda,1977,6,84.43
Sitakunda,1977,7,86.03
Sitakunda,1977,8,86.97
Sitakunda,1977,9,83.9
Sitakunda,1977,10,82.9
Sitakunda,1977,11,76.03
Sitakunda,1977,12,70.29
Sitakunda,1978,1,62.74
Sitakunda,1978,2,57.86
Sitakunda,1978,3,59
Sitakunda,1978,4,72.23
Sitakunda,1978,5,78.16
Sitakunda,1978,6,81.47
Sitakunda,1978,7,83.65
Sitakunda,1978,8,81
Sitakunda,1978,9,82.63
Sitakunda,1978,10,80.42
Sitakunda,1978,11,73.47
Sitakunda,1978,12,65
Sitakunda,1979,1,61.68
Sitakunda,1979,2,58
Sitakunda,1979,3,66.06
Sitakunda,1979,4,72.37
Sitakunda,1979,5,73.94
Sitakunda,1979,6,81.53
Sitakunda,1979,7,82.9
Sitakunda,1979,8,83.58
Sitakunda,1979,9,82.9
Sitakunda,1979,10,76.87
Sitakunda,1979,11,74.43
Sitakunda,1979,12,73.42
Sitakunda,1980,1,64.55
Sitakunda,1980,2,67.07
Sitakunda,1980,3,71.55
Sitakunda,1980,4,73.83
Sitakunda,1980,5,79.03
Sitakunda,1980,6,81.9
Sitakunda,1980,7,85.77
Sitakunda,1980,8,86.74
Sitakunda,1980,9,83.67
Sitakunda,1980,10,82.97
Sitakunda,1980,11,70.73
Sitakunda,1980,12,70.1
Sitakunda,1981,1,71.45
Sitakunda,1981,2,67.32
Sitakunda,1981,3,70.32
Sitakunda,1981,4,80.5
Sitakunda,1981,5,78.48
Sitakunda,1981,6,81.03
Sitakunda,1981,7,87
Sitakunda,1981,8,80.58
Sitakunda,1981,9,82.67
Sitakunda,1981,10,73.39
Sitakunda,1981,11,69
Sitakunda,1981,12,70.42
Sitakunda,1982,1,65.71
Sitakunda,1982,2,68.36
Sitakunda,1982,3,63.52
Sitakunda,1982,4,76.1
Sitakunda,1982,5,77.06
Sitakunda,1982,6,85.53
Sitakunda,1982,7,86.61
Sitakunda,1982,8,88
Sitakunda,1982,9,83.6
Sitakunda,1982,10,79.65
Sitakunda,1982,11,69.27
Sitakunda,1982,12,57.81
Sitakunda,1983,1,67.06
Sitakunda,1983,2,66.75
Sitakunda,1983,3,75.94
Sitakunda,1983,4,76.37
Sitakunda,1983,5,79.94
Sitakunda,1983,6,83.04
Sitakunda,1983,7,84.97
Sitakunda,1983,8,84.45
Sitakunda,1983,9,82.5
Sitakunda,1983,10,81.87
Sitakunda,1983,11,77.77
Sitakunda,1983,12,71.06
Sitakunda,1984,1,67.71
Sitakunda,1984,2,63.14
Sitakunda,1984,3,76.45
Sitakunda,1984,4,75.57
Sitakunda,1984,5,80.42
Sitakunda,1984,6,82.67
Sitakunda,1984,7,85
Sitakunda,1984,8,83.74
Sitakunda,1984,9,80.07
Sitakunda,1984,10,76.19
Sitakunda,1984,11,65.43
Sitakunda,1984,12,63.94
Sitakunda,1985,1,61.13
Sitakunda,1985,2,58.14
Sitakunda,1985,3,74.65
Sitakunda,1985,4,72.7
Sitakunda,1985,5,75.35
Sitakunda,1985,6,82.3
Sitakunda,1985,7,82.84
Sitakunda,1985,8,80.74
Sitakunda,1985,9,78.83
Sitakunda,1985,10,72.13
Sitakunda,1985,11,70.5
Sitakunda,1985,12,68.81
Sitakunda,1986,1,64.84
Sitakunda,1986,2,54.25
Sitakunda,1986,3,66.29
Sitakunda,1986,4,71.03
Sitakunda,1986,5,73.19
Sitakunda,1986,6,80.57
Sitakunda,1986,7,83.71
Sitakunda,1986,8,82.29
Sitakunda,1986,9,80.23
Sitakunda,1986,10,77.68
Sitakunda,1986,11,75.33
Sitakunda,1986,12,70.29
Sitakunda,1987,1,68.52
Sitakunda,1987,2,63.96
Sitakunda,1987,3,70.65
Sitakunda,1987,4,75.67
Sitakunda,1987,5,74.29
Sitakunda,1987,6,82.53
Sitakunda,1987,7,88.81
Sitakunda,1987,8,85.13
Sitakunda,1987,9,82.1
Sitakunda,1987,10,75.52
Sitakunda,1987,11,74.9
Sitakunda,1987,12,69.03
Sitakunda,1988,1,63.1
Sitakunda,1988,2,65.72
Sitakunda,1988,3,69.97
Sitakunda,1988,4,73.27
Sitakunda,1988,5,77.58
Sitakunda,1988,6,83.13
Sitakunda,1988,7,84.94
Sitakunda,1988,8,84.61
Sitakunda,1988,9,81.8
Sitakunda,1988,10,78.39
Sitakunda,1988,11,75.9
Sitakunda,1988,12,79.97
Sitakunda,1989,1,69.03
Sitakunda,1989,2,76.11
Sitakunda,1989,3,67.94
Sitakunda,1989,4,80.87
Sitakunda,1989,5,79.9
Sitakunda,1989,6,80.93
Sitakunda,1989,7,84.13
Sitakunda,1989,8,80.32
Sitakunda,1989,9,81.77
Sitakunda,1989,10,83
Sitakunda,1989,11,73.1
Sitakunda,1989,12,71.68
Sitakunda,1990,1,76.55
Sitakunda,1990,2,75.21
Sitakunda,1990,3,75.87
Sitakunda,1990,4,79.37
Sitakunda,1990,5,80
Sitakunda,1990,6,83.2
Sitakunda,1990,7,88.52
Sitakunda,1990,8,80.84
Sitakunda,1990,9,82.1
Sitakunda,1990,10,80.97
Sitakunda,1990,11,78.27
Sitakunda,1990,12,76.19
Sitakunda,1991,1,71.45
Sitakunda,1991,2,71.04
Sitakunda,1991,3,68.9
Sitakunda,1991,4,74.63
Sitakunda,1991,5,80.71
Sitakunda,1991,6,84.9
Sitakunda,1991,7,84.52
Sitakunda,1991,8,83.06
Sitakunda,1991,9,85.1
Sitakunda,1991,10,82.26
Sitakunda,1991,11,77.93
Sitakunda,1991,12,73.45
Sitakunda,1992,1,75.68
Sitakunda,1992,2,73.59
Sitakunda,1992,3,80.42
Sitakunda,1992,4,74.03
Sitakunda,1992,5,78.19
Sitakunda,1992,6,82.63
Sitakunda,1992,7,85.32
Sitakunda,1992,8,84.39
Sitakunda,1992,9,84.6
Sitakunda,1992,10,83.45
Sitakunda,1992,11,80.07
Sitakunda,1992,12,78.42
Sitakunda,1993,1,74.71
Sitakunda,1993,2,74.57
Sitakunda,1993,3,70.9
Sitakunda,1993,4,78.63
Sitakunda,1993,5,82.13
Sitakunda,1993,6,86.03
Sitakunda,1993,7,85.87
Sitakunda,1993,8,87.77
Sitakunda,1993,9,84.83
Sitakunda,1993,10,85.06
Sitakunda,1993,11,81.23
Sitakunda,1993,12,77.97
Sitakunda,1994,1,76
Sitakunda,1994,2,66.43
Sitakunda,1994,3,78.87
Sitakunda,1994,4,78.03
Sitakunda,1994,5,81.84
Sitakunda,1994,6,85.5
Sitakunda,1994,7,85.65
Sitakunda,1994,8,86.87
Sitakunda,1994,9,81.97
Sitakunda,1994,10,83.45
Sitakunda,1994,11,83.03
Sitakunda,1994,12,76.03
Sitakunda,1995,1,70.13
Sitakunda,1995,2,74.43
Sitakunda,1995,3,67.58
Sitakunda,1995,4,78.47
Sitakunda,1995,5,80.84
Sitakunda,1995,6,85.87
Sitakunda,1995,7,87.19
Sitakunda,1995,8,86.97
Sitakunda,1995,9,84.8
Sitakunda,1995,10,84.23
Sitakunda,1995,11,85.1
Sitakunda,1995,12,81.29
Sitakunda,1996,1,78.1
Sitakunda,1996,2,72.03
Sitakunda,1996,3,80.81
Sitakunda,1996,4,80.63
Sitakunda,1996,5,80.81
Sitakunda,1996,6,83.8
Sitakunda,1996,7,86.35
Sitakunda,1996,8,88.97
Sitakunda,1996,9,85.53
Sitakunda,1996,10,83.1
Sitakunda,1996,11,82
Sitakunda,1996,12,78.87
Sitakunda,1997,1,76.87
Sitakunda,1997,2,75.25
Sitakunda,1997,3,82.61
Sitakunda,1997,4,80.3
Sitakunda,1997,5,81.39
Sitakunda,1997,6,85.87
Sitakunda,1997,7,90.65
Sitakunda,1997,8,86.97
Sitakunda,1997,9,87.73
Sitakunda,1997,10,82.06
Sitakunda,1997,11,80.23
Sitakunda,1997,12,81.03
Sitakunda,1998,1,82.26
Sitakunda,1998,2,77.43
Sitakunda,1998,3,74.81
Sitakunda,1998,4,82.37
Sitakunda,1998,5,83.45
Sitakunda,1998,6,85.33
Sitakunda,1998,7,91.55
Sitakunda,1998,8,91.74
Sitakunda,1998,9,86.9
Sitakunda,1998,10,84.71
Sitakunda,1998,11,83.43
Sitakunda,1998,12,80.68
Sitakunda,1999,1,78.65
Sitakunda,1999,2,72.39
Sitakunda,1999,3,75.48
Sitakunda,1999,4,78.1
Sitakunda,1999,5,83.06
Sitakunda,1999,6,88.53
Sitakunda,1999,7,89.39
Sitakunda,1999,8,89.45
Sitakunda,1999,9,87.17
Sitakunda,1999,10,86.23
Sitakunda,1999,11,80.37
Sitakunda,1999,12,81.19
Sitakunda,2000,1,78.65
Sitakunda,2000,2,70.21
Sitakunda,2000,3,75.35
Sitakunda,2000,4,78.9
Sitakunda,2000,5,83.87
Sitakunda,2000,6,86.93
Sitakunda,2000,7,88.81
Sitakunda,2000,8,88.29
Sitakunda,2000,9,86.37
Sitakunda,2000,10,86.45
Sitakunda,2000,11,81.2
Sitakunda,2000,12,77.87
Sitakunda,2001,1,75.29
Sitakunda,2001,2,75.39
Sitakunda,2001,3,68.77
Sitakunda,2001,4,75.27
Sitakunda,2001,5,81.42
Sitakunda,2001,6,87.77
Sitakunda,2001,7,87.16
Sitakunda,2001,8,85.61
Sitakunda,2001,9,85.5
Sitakunda,2001,10,85.55
Sitakunda,2001,11,83.47
Sitakunda,2001,12,80.16
Sitakunda,2002,1,78.06
Sitakunda,2002,2,69.14
Sitakunda,2002,3,70.42
Sitakunda,2002,4,81.37
Sitakunda,2002,5,83
Sitakunda,2002,6,86.57
Sitakunda,2002,7,90.94
Sitakunda,2002,8,87.58
Sitakunda,2002,9,84.73
Sitakunda,2002,10,84.55
Sitakunda,2002,11,84
Sitakunda,2002,12,82.32
Sitakunda,2003,1,81.45
Sitakunda,2003,2,70.86
Sitakunda,2003,3,75.35
Sitakunda,2003,4,79.9
Sitakunda,2003,5,82.68
Sitakunda,2003,6,87.3
Sitakunda,2003,7,85.06
Sitakunda,2003,8,85.71
Sitakunda,2003,9,86.33
Sitakunda,2003,10,85.29
Sitakunda,2003,11,78.6
Sitakunda,2003,12,80.71
Sitakunda,2004,1,80.9
Sitakunda,2004,2,72.76
Sitakunda,2004,3,77.74
Sitakunda,2004,4,80.97
Sitakunda,2004,5,79.52
Sitakunda,2004,6,86.13
Sitakunda,2004,7,88.16
Sitakunda,2004,8,86.29
Sitakunda,2004,9,87.83
Sitakunda,2004,10,84.9
Sitakunda,2004,11,80.9
Sitakunda,2004,12,78.81
Sitakunda,2005,1,74.71
Sitakunda,2005,2,74.04
Sitakunda,2005,3,81.19
Sitakunda,2005,4,79.17
Sitakunda,2005,5,81.45
Sitakunda,2005,6,83.77
Sitakunda,2005,7,86.55
Sitakunda,2005,8,90.45
Sitakunda,2005,9,87.5
Sitakunda,2005,10,86.1
Sitakunda,2005,11,82
Sitakunda,2005,12,81.84
Sitakunda,2006,1,78.55
Sitakunda,2006,2,81
Sitakunda,2006,3,70.61
Sitakunda,2006,4,77.23
Sitakunda,2006,5,82.16
Sitakunda,2006,6,85.67
Sitakunda,2006,7,86.9
Sitakunda,2006,8,83.87
Sitakunda,2006,9,86.93
Sitakunda,2006,10,86.16
Sitakunda,2006,11,82.87
Sitakunda,2006,12,80.52
Sitakunda,2007,1,78.16
Sitakunda,2007,2,76.96
Sitakunda,2007,3,69.77
Sitakunda,2007,4,81.13
Sitakunda,2007,5,82.32
Sitakunda,2007,6,86.87
Sitakunda,2007,7,90.19
Sitakunda,2007,8,87.55
Sitakunda,2007,9,88.37
Sitakunda,2007,10,87.1
Sitakunda,2007,11,85.03
Sitakunda,2007,12,81.58
Sitakunda,2008,1,80.45
Sitakunda,2008,2,74.34
Sitakunda,2008,3,82.35
Sitakunda,2008,4,75.87
Sitakunda,2008,5,79.39
Sitakunda,2008,6,87.47
Sitakunda,2008,7,90.1
Sitakunda,2008,8,88.52
Sitakunda,2008,9,85.93
Sitakunda,2008,10,86.03
Sitakunda,2008,11,81.77
Sitakunda,2008,12,86.71
Sitakunda,2009,1,79.81
Sitakunda,2009,2,73.82
Sitakunda,2009,3,74.74
Sitakunda,2009,4,81.93
Sitakunda,2009,5,80.68
Sitakunda,2009,6,83.8
Sitakunda,2009,7,88.97
Sitakunda,2009,8,88.81
Sitakunda,2009,9,86.87
Sitakunda,2009,10,84.32
Sitakunda,2009,11,80.27
Sitakunda,2009,12,79.9
Sitakunda,2010,1,77.9
Sitakunda,2010,2,70.18
Sitakunda,2010,3,75.42
Sitakunda,2010,4,79.7
Sitakunda,2010,5,82.1
Sitakunda,2010,6,88.8
Sitakunda,2010,7,86.32
Sitakunda,2010,8,87.58
Sitakunda,2010,9,87.73
Sitakunda,2010,10,86.06
Sitakunda,2010,11,85.3
Sitakunda,2010,12,80.48
Sitakunda,2011,1,72.48
Sitakunda,2011,2,67.32
Sitakunda,2011,3,71.26
Sitakunda,2011,4,79.93
Sitakunda,2011,5,83.71
Sitakunda,2011,6,87.27
Sitakunda,2011,7,87.42
Sitakunda,2011,8,88.58
Sitakunda,2011,9,87.9
Sitakunda,2011,10,84.9
Sitakunda,2011,11,81.07
Sitakunda,2011,12,81.68
Sitakunda,2012,1,79.23
Sitakunda,2012,2,66.97
Sitakunda,2012,3,78.94
Sitakunda,2012,4,82.13
Sitakunda,2012,5,84.97
Sitakunda,2012,6,87.2
Sitakunda,2012,7,89.06
Sitakunda,2012,8,85.71
Sitakunda,2012,9,85.8
Sitakunda,2012,10,85.06
Sitakunda,2012,11,82.5
Sitakunda,2012,12,81.97
Sitakunda,2013,1,75.55
Sitakunda,2013,2,70.71
Sitakunda,2013,3,76.39
Sitakunda,2013,4,78.57
Sitakunda,2013,5,86.1
Sitakunda,2013,6,85.77
Sitakunda,2013,7,85.42
Sitakunda,2013,8,88.39
Sitakunda,2013,9,87.57
Sitakunda,2013,10,85.45
Sitakunda,2013,11,78.43
Sitakunda,2013,12,81.68
Sitakunda,2014,1,76.61
Sitakunda,2014,2,72.82
Sitakunda,2014,3,69.29
Sitakunda,2014,4,71.7
Sitakunda,2014,5,78.52
Sitakunda,2014,6,86.77
Sitakunda,2014,7,84.26
Sitakunda,2014,8,87.32
Sitakunda,2014,9,84.2
Sitakunda,2014,10,82.29
Sitakunda,2014,11,80.37
Sitakunda,2014,12,79.77
Sitakunda,2015,1,77.32
Sitakunda,2015,2,73.39
Sitakunda,2015,3,65.52
Sitakunda,2015,4,78.53
Sitakunda,2015,5,80.65
Sitakunda,2015,6,84.17
Sitakunda,2015,7,89.35
Sitakunda,2015,8,86.97
Sitakunda,2015,9,86.03
Sitakunda,2015,10,85.32
Sitakunda,2015,11,80.2
Sitakunda,2015,12,80.42
Sitakunda,2016,1,79.29
Sitakunda,2016,2,78.83
Sitakunda,2016,3,78.39
Sitakunda,2016,4,81.83
Sitakunda,2016,5,81.03
Sitakunda,2016,6,83.23
Sitakunda,2016,7,87.19
Sitakunda,2016,8,85.29
Sitakunda,2016,9,84.67
Sitakunda,2016,10,84.74
Sitakunda,2016,11,83.6
Sitakunda,2016,12,82.29
Sitakunda,2017,1,76.1
Sitakunda,2017,2,71.29
Sitakunda,2017,3,78.1
Sitakunda,2017,4,83.37
Sitakunda,2017,5,81.65
Sitakunda,2017,6,86.13
Sitakunda,2017,7,88.77
Sitakunda,2017,8,87.16
Sitakunda,2017,9,88.9
Sitakunda,2017,10,85.84
Sitakunda,2017,11,83.5
Sitakunda,2017,12,85.26
Sitakunda,2018,1,81.13
Sitakunda,2018,2,77.36
Sitakunda,2018,3,78.26
Sitakunda,2018,4,76.87
Sitakunda,2018,5,83.97
Sitakunda,2018,6,84.97
Sitakunda,2018,7,86.94
Sitakunda,2018,8,85.87
Sitakunda,2018,9,86.43
Sitakunda,2018,10,85.58
Sitakunda,2018,11,79.07
Sitakunda,2018,12,77.61
Sitakunda,2019,1,72.94
Sitakunda,2019,2,73.04
Sitakunda,2019,3,72.97
Sitakunda,2019,4,78.37
Sitakunda,2019,5,80.94
Sitakunda,2019,6,81.87
Sitakunda,2019,7,87.94
Sitakunda,2019,8,85.97
Sitakunda,2019,9,85.93
Sitakunda,2019,10,85.48
Sitakunda,2019,11,82.97
Sitakunda,2019,12,81.65
Sitakunda,2020,1,81
Sitakunda,2020,2,73.38
Sitakunda,2020,3,70.9
Sitakunda,2020,4,82.2
Sitakunda,2020,5,81.16
Sitakunda,2020,6,86.4
Sitakunda,2020,7,87.52
Sitakunda,2020,8,86.48
Sitakunda,2020,9,87.6
Sitakunda,2020,10,85.65
Sitakunda,2020,11,82.4
Sitakunda,2020,12,83.9
Sitakunda,2021,1,84.19
Sitakunda,2021,2,73.93
Sitakunda,2021,3,72.12
Sitakunda,2021,4,66.43
Sitakunda,2021,5,66.56
Sitakunda,2021,6,75.92
Sitakunda,2021,7,76.05
Sitakunda,2021,8,75.1
Sitakunda,2021,9,72.14
Sitakunda,2021,10,74.43
Sitakunda,2021,11,74.65
Sitakunda,2021,12,72.62
Sitakunda,2022,1,73.87
Sitakunda,2022,2,66.96
Sitakunda,2022,3,59.9
Sitakunda,2022,4,67.2
Sitakunda,2022,5,71.77
Sitakunda,2022,6,71.9
Sitakunda,2022,7,65.55
Sitakunda,2022,8,66.81
Sitakunda,2022,9,67.57
Sitakunda,2022,10,66.19
Sitakunda,2022,11,66.97
Sitakunda,2022,12,61.16
Sitakunda,2023,1,61.89
Sitakunda,2023,2,54.82
Sitakunda,2023,3,60.34
Sitakunda,2023,4,60.48
Sitakunda,2023,5,63.32
Sitakunda,2023,6,66.12
Sitakunda,2023,7,66.37
Sitakunda,2023,8,74.5
Sitakunda,2023,9,68.58
Sitakunda,2023,10,67.87
Sitakunda,2023,11,65.2
Sitakunda,2023,12,67.03
Sitakunda,2024,1,65
Sitakunda,2024,2,59
Sitakunda,2024,3,59
Sitakunda,2024,4,63
Sitakunda,2024,5,73
Sitakunda,2024,6,79
Sitakunda,2024,7,78
Sitakunda,2024,8,81
Sitakunda,2024,9,70
Sitakunda,2024,10,70
Sitakunda,2024,11,74
Sitakunda,2024,12,68
Srimangal,1948,1,75.48
Srimangal,1948,2,71.41
Srimangal,1948,3,66.58
Srimangal,1948,4,75.47
Srimangal,1948,5,84.45
Srimangal,1948,6,88.43
Srimangal,1948,7,86.81
Srimangal,1948,9,87.77
Srimangal,1948,10,81.77
Srimangal,1948,11,84.1
Srimangal,1948,12,78.74
Srimangal,1949,1,74.65
Srimangal,1949,2,67.21
Srimangal,1949,3,63.39
Srimangal,1949,4,78.2
Srimangal,1949,5,84.19
Srimangal,1949,6,90.8
Srimangal,1949,7,89.16
Srimangal,1949,8,90.9
Srimangal,1949,9,91.1
Srimangal,1949,10,91.16
Srimangal,1949,11,87.73
Srimangal,1949,12,90.35
Srimangal,1950,1,90.61
Srimangal,1950,2,81
Srimangal,1950,3,78.84
Srimangal,1950,4,77.9
Srimangal,1950,5,83.52
Srimangal,1950,6,89.73
Srimangal,1950,7,88.77
Srimangal,1950,8,93.42
Srimangal,1950,9,91.33
Srimangal,1950,10,91.9
Srimangal,1950,11,91.23
Srimangal,1950,12,92.19
Srimangal,1951,1,91.55
Srimangal,1951,2,79.04
Srimangal,1951,3,74.32
Srimangal,1951,4,78.93
Srimangal,1951,5,84.23
Srimangal,1951,6,89
Srimangal,1951,7,88.16
Srimangal,1951,8,89.32
Srimangal,1951,9,87.5
Srimangal,1951,10,91.26
Srimangal,1951,11,90.07
Srimangal,1951,12,88.84
Srimangal,1952,1,89.13
Srimangal,1952,2,78.34
Srimangal,1952,3,73.65
Srimangal,1952,4,76.93
Srimangal,1952,5,81.35
Srimangal,1952,6,87.57
Srimangal,1952,7,90.77
Srimangal,1952,8,90.23
Srimangal,1952,9,90.67
Srimangal,1952,10,91.74
Srimangal,1952,11,92.67
Srimangal,1952,12,92.68
Srimangal,1953,1,89.97
Srimangal,1953,2,83.79
Srimangal,1953,3,80.06
Srimangal,1953,4,74.5
Srimangal,1953,5,83.71
Srimangal,1953,6,89.23
Srimangal,1953,7,88.87
Srimangal,1953,8,90.29
Srimangal,1953,9,91.83
Srimangal,1953,10,89.19
Srimangal,1953,11,90.17
Srimangal,1953,12,92.16
Srimangal,1954,1,90.9
Srimangal,1954,2,83.39
Srimangal,1954,3,71.81
Srimangal,1954,4,79.23
Srimangal,1954,5,80.48
Srimangal,1954,6,89.37
Srimangal,1954,7,89.52
Srimangal,1954,8,89.9
Srimangal,1954,9,87.97
Srimangal,1954,10,89.1
Srimangal,1954,12,88.03
Srimangal,1955,1,88
Srimangal,1955,2,76.32
Srimangal,1955,3,69.68
Srimangal,1955,4,72.17
Srimangal,1955,5,80.29
Srimangal,1955,6,88
Srimangal,1955,7,88.71
Srimangal,1955,8,91.35
Srimangal,1955,9,89.83
Srimangal,1955,10,86.81
Srimangal,1955,11,89.03
Srimangal,1955,12,88.58
Srimangal,1956,1,88
Srimangal,1956,2,75.93
Srimangal,1956,3,73.29
Srimangal,1956,4,76.1
Srimangal,1956,5,85.35
Srimangal,1956,6,87.37
Srimangal,1956,7,88.71
Srimangal,1956,8,89.29
Srimangal,1956,9,89.4
Srimangal,1956,10,87.81
Srimangal,1956,11,90.3
Srimangal,1956,12,90.9
Srimangal,1957,1,89.84
Srimangal,1957,2,83.71
Srimangal,1957,3,72.58
Srimangal,1957,4,68.73
Srimangal,1957,5,78.68
Srimangal,1957,6,86.23
Srimangal,1957,7,84.65
Srimangal,1957,8,86.16
Srimangal,1957,9,88.3
Srimangal,1957,10,87.16
Srimangal,1957,11,85.13
Srimangal,1957,12,88.71
Srimangal,1958,1,87
Srimangal,1958,2,80.86
Srimangal,1958,3,69.39
Srimangal,1958,4,72.3
Srimangal,1958,5,77.29
Srimangal,1958,6,83.03
Srimangal,1958,7,84.52
Srimangal,1958,8,87.35
Srimangal,1958,9,87.23
Srimangal,1958,10,89.03
Srimangal,1958,11,87.33
Srimangal,1958,12,88.84
Srimangal,1959,1,84.97
Srimangal,1959,2,76.5
Srimangal,1959,3,70.84
Srimangal,1959,4,70.1
Srimangal,1959,5,77.71
Srimangal,1959,6,84.73
Srimangal,1959,7,85.94
Srimangal,1959,8,85.48
Srimangal,1959,9,88.2
Srimangal,1959,10,88.32
Srimangal,1959,11,84.47
Srimangal,1959,12,86.26
Srimangal,1960,1,80.19
Srimangal,1960,2,70.66
Srimangal,1960,3,69.42
Srimangal,1960,4,58.9
Srimangal,1960,5,70.1
Srimangal,1960,6,83.2
Srimangal,1960,7,86.77
Srimangal,1960,8,84.16
Srimangal,1960,9,87.2
Srimangal,1960,10,85.77
Srimangal,1960,11,84.6
Srimangal,1960,12,86.48
Srimangal,1961,1,80.72
Srimangal,1961,2,71.82
Srimangal,1961,3,76.84
Srimangal,1961,4,75.07
Srimangal,1961,5,80.23
Srimangal,1961,6,84.53
Srimangal,1961,7,85.52
Srimangal,1961,8,86.84
Srimangal,1961,9,87.53
Srimangal,1961,10,88.74
Srimangal,1961,11,84.1
Srimangal,1961,12,86.29
Srimangal,1962,1,81.74
Srimangal,1962,2,75.46
Srimangal,1962,3,61.45
Srimangal,1962,4,71.87
Srimangal,1962,5,77.61
Srimangal,1962,6,84.8
Srimangal,1962,7,85.84
Srimangal,1962,8,87.77
Srimangal,1962,9,83.4
Srimangal,1962,10,82.55
Srimangal,1962,11,81.47
Srimangal,1962,12,85
Srimangal,1963,1,78.1
Srimangal,1963,2,68.86
Srimangal,1963,3,66.52
Srimangal,1963,4,71.1
Srimangal,1963,5,79.39
Srimangal,1963,6,85.93
Srimangal,1963,7,86.35
Srimangal,1963,8,87.74
Srimangal,1963,9,85.93
Srimangal,1963,10,86.97
Srimangal,1963,11,84.33
Srimangal,1963,12,83.55
Srimangal,1964,1,81.26
Srimangal,1964,2,79.29
Srimangal,1964,3,72.58
Srimangal,1964,4,78.37
Srimangal,1964,5,79.03
Srimangal,1964,6,85.63
Srimangal,1964,7,88.23
Srimangal,1964,8,86.52
Srimangal,1964,9,87.3
Srimangal,1964,10,87.97
Srimangal,1964,11,85.03
Srimangal,1964,12,85.39
Srimangal,1965,1,84
Srimangal,1965,2,82.36
Srimangal,1965,3,70.29
Srimangal,1965,4,72.63
Srimangal,1965,5,77.1
Srimangal,1965,6,86.1
Srimangal,1965,7,87.32
Srimangal,1965,8,88.39
Srimangal,1965,10,85.19
Srimangal,1965,11,84.37
Srimangal,1965,12,86.19
Srimangal,1966,1,87.29
Srimangal,1966,2,75.04
Srimangal,1966,3,67.26
Srimangal,1966,4,65.87
Srimangal,1966,5,75.25
Srimangal,1966,6,86.47
Srimangal,1966,7,87.16
Srimangal,1966,8,88.1
Srimangal,1966,9,87.43
Srimangal,1966,10,86.35
Srimangal,1966,11,85.93
Srimangal,1966,12,89
Srimangal,1967,1,85.55
Srimangal,1967,2,74.82
Srimangal,1967,3,71.87
Srimangal,1967,4,64.43
Srimangal,1967,5,75.68
Srimangal,1967,6,84.67
Srimangal,1967,7,87.74
Srimangal,1967,8,87.61
Srimangal,1967,9,88.77
Srimangal,1967,10,85.32
Srimangal,1967,11,81.97
Srimangal,1967,12,85.26
Srimangal,1968,1,83.97
Srimangal,1968,2,77.1
Srimangal,1968,3,64.06
Srimangal,1968,4,67.77
Srimangal,1968,5,76.1
Srimangal,1968,6,85.87
Srimangal,1968,7,87.9
Srimangal,1968,8,88.32
Srimangal,1968,9,88.87
Srimangal,1968,10,87.61
Srimangal,1968,11,88.33
Srimangal,1968,12,89.97
Srimangal,1969,1,86.26
Srimangal,1969,2,76.25
Srimangal,1969,3,69.39
Srimangal,1969,4,68.1
Srimangal,1969,5,70.1
Srimangal,1969,6,84.9
Srimangal,1969,7,88.1
Srimangal,1969,8,88.9
Srimangal,1969,9,86.53
Srimangal,1969,10,87.45
Srimangal,1969,11,88.7
Srimangal,1969,12,89.23
Srimangal,1970,1,90.84
Srimangal,1970,2,83.46
Srimangal,1970,3,64.1
Srimangal,1970,4,67.7
Srimangal,1970,5,72.35
Srimangal,1970,6,85.1
Srimangal,1970,7,88.9
Srimangal,1970,8,86.81
Srimangal,1970,9,88.9
Srimangal,1970,10,89.1
Srimangal,1970,11,87.75
Srimangal,1970,12,91.1
Srimangal,1971,1,89.84
Srimangal,1971,2,77.54
Srimangal,1971,3,65.5
Srimangal,1971,7,88.82
Srimangal,1971,8,88.61
Srimangal,1971,9,90.3
Srimangal,1971,10,91.16
Srimangal,1971,11,91.97
Srimangal,1971,12,93.11
Srimangal,1972,1,88.26
Srimangal,1972,2,80.31
Srimangal,1972,3,67.97
Srimangal,1972,4,73.87
Srimangal,1972,5,78.29
Srimangal,1972,7,84.71
Srimangal,1972,8,89.35
Srimangal,1972,9,90.9
Srimangal,1972,10,87.29
Srimangal,1972,11,89.47
Srimangal,1972,12,89.19
Srimangal,1973,1,86.1
Srimangal,1973,2,79.89
Srimangal,1973,3,71.39
Srimangal,1973,4,73.83
Srimangal,1973,5,84.71
Srimangal,1973,6,88.23
Srimangal,1973,7,87.26
Srimangal,1973,8,90.9
Srimangal,1973,9,92.43
Srimangal,1973,10,90.52
Srimangal,1973,11,91.23
Srimangal,1973,12,87.97
Srimangal,1974,1,86.32
Srimangal,1974,2,83.43
Srimangal,1974,3,80.74
Srimangal,1974,4,86.2
Srimangal,1974,5,85.87
Srimangal,1974,6,88.13
Srimangal,1974,7,90.71
Srimangal,1974,10,88.65
Srimangal,1974,11,89.77
Srimangal,1974,12,90.45
Srimangal,1975,1,88.74
Srimangal,1975,3,80.71
Srimangal,1975,4,78.87
Srimangal,1975,5,83.74
Srimangal,1975,6,84.4
Srimangal,1975,7,87.1
Srimangal,1975,9,87.5
Srimangal,1975,10,87.68
Srimangal,1975,11,88.67
Srimangal,1975,12,90.13
Srimangal,1976,1,87.48
Srimangal,1976,4,75.77
Srimangal,1976,6,88.83
Srimangal,1976,7,88.16
Srimangal,1976,8,87.13
Srimangal,1976,9,85.67
Srimangal,1976,10,87.45
Srimangal,1976,12,86
Srimangal,1977,1,86.13
Srimangal,1977,2,83.71
Srimangal,1977,3,76.81
Srimangal,1977,4,85.4
Srimangal,1977,5,85
Srimangal,1977,6,88.93
Srimangal,1977,8,89.19
Srimangal,1977,9,88.63
Srimangal,1977,10,87.06
Srimangal,1977,11,88
Srimangal,1977,12,86.58
Srimangal,1978,1,87.23
Srimangal,1978,3,70.45
Srimangal,1978,5,86.19
Srimangal,1978,6,89.1
Srimangal,1978,7,87.77
Srimangal,1978,8,86.1
Srimangal,1978,9,88.77
Srimangal,1978,10,87.68
Srimangal,1978,11,86.17
Srimangal,1978,12,86.74
Srimangal,1979,1,86.45
Srimangal,1979,2,81.18
Srimangal,1979,3,72.35
Srimangal,1979,4,77.5
Srimangal,1979,5,79.23
Srimangal,1979,6,87.87
Srimangal,1979,7,89.97
Srimangal,1979,8,88.68
Srimangal,1979,9,88.47
Srimangal,1979,10,82.32
Srimangal,1979,11,83.6
Srimangal,1979,12,84.71
Srimangal,1980,1,85
Srimangal,1980,2,76.1
Srimangal,1980,3,80.9
Srimangal,1980,4,74.89
Srimangal,1980,5,85
Srimangal,1980,6,87.03
Srimangal,1980,7,84.16
Srimangal,1980,8,86.1
Srimangal,1980,9,84.61
Srimangal,1980,10,88.57
Srimangal,1980,11,88
Srimangal,1980,12,87.19
Srimangal,1982,1,82.32
Srimangal,1982,2,82.57
Srimangal,1982,3,81.16
Srimangal,1982,4,84.93
Srimangal,1982,5,81.84
Srimangal,1982,6,86.9
Srimangal,1982,7,84.42
Srimangal,1982,8,86.1
Srimangal,1982,9,86.27
Srimangal,1982,10,81
Srimangal,1982,11,84.27
Srimangal,1982,12,83.94
Srimangal,1983,1,83.16
Srimangal,1983,2,78.71
Srimangal,1983,3,80.23
Srimangal,1983,4,81.03
Srimangal,1983,5,83.94
Srimangal,1983,6,85.33
Srimangal,1983,7,84.87
Srimangal,1983,8,90.25
Srimangal,1984,1,71.87
Srimangal,1984,2,65.28
Srimangal,1984,3,58.13
Srimangal,1984,4,57.63
Srimangal,1984,5,80.1
Srimangal,1984,6,79.87
Srimangal,1984,7,85.35
Srimangal,1984,8,82.16
Srimangal,1984,9,85.73
Srimangal,1984,10,77.16
Srimangal,1984,11,72.87
Srimangal,1984,12,76.1
Srimangal,1985,1,78.52
Srimangal,1985,2,70.29
Srimangal,1985,3,84.19
Srimangal,1985,7,81.54
Srimangal,1985,8,79.23
Srimangal,1985,9,81.23
Srimangal,1985,10,75.87
Srimangal,1985,11,71.33
Srimangal,1985,12,69.81
Srimangal,1986,1,71.74
Srimangal,1986,2,58.43
Srimangal,1986,3,51.39
Srimangal,1986,4,68.97
Srimangal,1986,5,71.35
Srimangal,1986,6,76.53
Srimangal,1986,7,81.35
Srimangal,1986,8,79
Srimangal,1986,9,83.9
Srimangal,1986,10,80.84
Srimangal,1986,11,76.33
Srimangal,1986,12,74.16
Srimangal,1987,1,70.68
Srimangal,1987,2,62.07
Srimangal,1987,3,64.19
Srimangal,1987,4,70.87
Srimangal,1987,5,71.52
Srimangal,1987,6,80.7
Srimangal,1987,7,81.58
Srimangal,1987,8,81.81
Srimangal,1987,9,83.07
Srimangal,1987,10,79.06
Srimangal,1987,11,77.47
Srimangal,1987,12,75.32
Srimangal,1988,1,68.9
Srimangal,1988,2,64.72
Srimangal,1988,3,66.32
Srimangal,1988,4,69.83
Srimangal,1988,5,80.87
Srimangal,1988,6,78.7
Srimangal,1988,7,83.45
Srimangal,1988,8,86.45
Srimangal,1988,9,85.93
Srimangal,1988,10,85.03
Srimangal,1988,11,83
Srimangal,1988,12,85.03
Srimangal,1989,1,79.52
Srimangal,1989,2,72.5
Srimangal,1989,3,68.26
Srimangal,1989,4,68.5
Srimangal,1989,5,77.97
Srimangal,1989,6,84.23
Srimangal,1989,7,85.26
Srimangal,1989,8,85.13
Srimangal,1989,9,86.67
Srimangal,1989,10,87.84
Srimangal,1989,11,81.07
Srimangal,1989,12,79.87
Srimangal,1990,1,80.84
Srimangal,1990,2,76.75
Srimangal,1990,3,73.9
Srimangal,1990,4,76.93
Srimangal,1990,5,80.06
Srimangal,1990,6,84.5
Srimangal,1990,7,83.9
Srimangal,1990,8,83.87
Srimangal,1990,9,86.87
Srimangal,1990,10,85.55
Srimangal,1990,11,82.63
Srimangal,1990,12,81.81
Srimangal,1991,1,78.35
Srimangal,1991,2,78.07
Srimangal,1991,3,70.84
Srimangal,1991,4,78.67
Srimangal,1991,5,86.32
Srimangal,1991,6,86.4
Srimangal,1991,7,84.55
Srimangal,1991,8,83.23
Srimangal,1991,9,87.23
Srimangal,1991,10,86.29
Srimangal,1991,11,81.97
Srimangal,1991,12,81.65
Srimangal,1992,1,82
Srimangal,1992,2,77.24
Srimangal,1992,3,70.58
Srimangal,1992,4,72
Srimangal,1992,5,80.1
Srimangal,1992,6,83.37
Srimangal,1992,7,86.19
Srimangal,1992,8,84.52
Srimangal,1992,9,84.9
Srimangal,1992,10,84.87
Srimangal,1992,11,82.07
Srimangal,1992,12,80.42
Srimangal,1993,1,79.58
Srimangal,1993,2,74.82
Srimangal,1993,3,69.97
Srimangal,1993,4,73.97
Srimangal,1993,5,83.55
Srimangal,1993,6,86.47
Srimangal,1993,7,85.13
Srimangal,1993,8,85.52
Srimangal,1993,9,85.7
Srimangal,1993,10,85.97
Srimangal,1993,11,82.7
Srimangal,1993,12,79.68
Srimangal,1994,1,79.13
Srimangal,1994,2,73.39
Srimangal,1994,3,73.87
Srimangal,1994,4,76.07
Srimangal,1994,5,81
Srimangal,1994,6,83.87
Srimangal,1994,7,83.1
Srimangal,1994,8,84.45
Srimangal,1994,9,82.6
Srimangal,1994,10,85.55
Srimangal,1994,11,83.23
Srimangal,1994,12,78.65
Srimangal,1995,1,77.42
Srimangal,1995,2,76.29
Srimangal,1995,3,67.39
Srimangal,1995,4,72.17
Srimangal,1995,5,77.19
Srimangal,1995,6,84.3
Srimangal,1995,7,84.1
Srimangal,1995,8,86.84
Srimangal,1995,9,85.67
Srimangal,1995,10,84.42
Srimangal,1995,11,85.4
Srimangal,1995,12,83.97
Srimangal,1996,1,80.45
Srimangal,1996,2,72.86
Srimangal,1996,3,72.19
Srimangal,1996,4,75.4
Srimangal,1996,5,80.13
Srimangal,1996,6,83.43
Srimangal,1996,7,86.45
Srimangal,1996,8,85.81
Srimangal,1996,9,86.4
Srimangal,1996,10,84.1
Srimangal,1996,11,83.87
Srimangal,1996,12,81.06
Srimangal,1997,1,79.29
Srimangal,1997,2,74.21
Srimangal,1997,3,71.61
Srimangal,1997,4,75.87
Srimangal,1997,5,79.1
Srimangal,1997,6,84.43
Srimangal,1997,7,87.61
Srimangal,1997,8,85.77
Srimangal,1997,9,87.9
Srimangal,1997,10,83.35
Srimangal,1997,11,82.07
Srimangal,1997,12,87.16
Srimangal,1998,1,83.61
Srimangal,1998,2,72.46
Srimangal,1998,3,71.42
Srimangal,1998,4,78.43
Srimangal,1998,5,80.48
Srimangal,1998,6,83.47
Srimangal,1998,7,86.61
Srimangal,1998,8,86.42
Srimangal,1998,9,85.57
Srimangal,1998,10,85.77
Srimangal,1998,11,84.13
Srimangal,1998,12,81.42
Srimangal,1999,1,80.06
Srimangal,1999,2,72.68
Srimangal,1999,3,63.97
Srimangal,1999,4,68.13
Srimangal,1999,5,80.29
Srimangal,1999,6,82.93
Srimangal,1999,7,86.16
Srimangal,1999,8,85.68
Srimangal,1999,9,87.17
Srimangal,1999,10,86.55
Srimangal,1999,11,81.6
Srimangal,1999,12,80.13
Srimangal,2000,1,80.65
Srimangal,2000,2,74.45
Srimangal,2000,3,77.71
Srimangal,2000,4,77.03
Srimangal,2000,5,84.45
Srimangal,2000,6,85.77
Srimangal,2000,7,82.94
Srimangal,2000,8,85.97
Srimangal,2000,9,87.23
Srimangal,2000,10,86.48
Srimangal,2000,11,84.27
Srimangal,2000,12,79.65
Srimangal,2001,1,78.23
Srimangal,2001,2,75.5
Srimangal,2001,3,72.26
Srimangal,2001,4,74.97
Srimangal,2001,5,83.84
Srimangal,2001,6,87.47
Srimangal,2001,7,85.29
Srimangal,2001,8,86.06
Srimangal,2001,9,85.27
Srimangal,2001,10,87.94
Srimangal,2001,11,86.6
Srimangal,2001,12,85.9
Srimangal,2002,1,83.1
Srimangal,2002,2,73.43
Srimangal,2002,3,70.81
Srimangal,2002,4,78.4
Srimangal,2002,5,83.55
Srimangal,2002,6,86.7
Srimangal,2002,7,89
Srimangal,2002,8,86.81
Srimangal,2002,9,83.87
Srimangal,2002,10,86.19
Srimangal,2002,11,84.43
Srimangal,2002,12,83.71
Srimangal,2003,1,83.1
Srimangal,2003,2,74.11
Srimangal,2003,3,71.03
Srimangal,2003,4,76.3
Srimangal,2003,5,79.71
Srimangal,2003,6,84.83
Srimangal,2003,7,83.32
Srimangal,2003,8,82.48
Srimangal,2003,9,85.97
Srimangal,2003,10,86.97
Srimangal,2003,11,81.9
Srimangal,2003,12,83.84
Srimangal,2004,1,84.19
Srimangal,2004,2,72.45
Srimangal,2004,3,68.84
Srimangal,2004,4,78.5
Srimangal,2004,5,77.42
Srimangal,2004,6,84.67
Srimangal,2004,7,86.06
Srimangal,2004,8,82.52
Srimangal,2004,9,86.43
Srimangal,2004,10,84.65
Srimangal,2004,11,81.03
Srimangal,2004,12,80.97
Srimangal,2005,1,79.65
Srimangal,2005,2,71.18
Srimangal,2005,3,75.77
Srimangal,2005,4,75.33
Srimangal,2005,5,81.26
Srimangal,2005,6,82.1
Srimangal,2005,7,84.81
Srimangal,2005,8,84.35
Srimangal,2005,9,84.23
Srimangal,2005,10,84.35
Srimangal,2005,11,82.33
Srimangal,2005,12,80.19
Srimangal,2006,1,79.16
Srimangal,2006,2,72.46
Srimangal,2006,3,63.16
Srimangal,2006,4,73.87
Srimangal,2006,5,79.81
Srimangal,2006,6,84.7
Srimangal,2006,7,83.74
Srimangal,2006,8,83.1
Srimangal,2006,9,84.87
Srimangal,2006,10,84.77
Srimangal,2006,11,83.17
Srimangal,2006,12,81.13
Srimangal,2007,1,80.35
Srimangal,2007,2,77.07
Srimangal,2007,3,70.06
Srimangal,2007,4,77.97
Srimangal,2007,5,79.39
Srimangal,2007,6,85.57
Srimangal,2007,7,85.58
Srimangal,2007,8,85.61
Srimangal,2007,9,84.43
Srimangal,2007,10,84.26
Srimangal,2007,11,85.1
Srimangal,2007,12,83.32
Srimangal,2008,1,82.94
Srimangal,2008,2,75.17
Srimangal,2008,3,75.35
Srimangal,2008,4,70.23
Srimangal,2008,5,77.19
Srimangal,2008,6,83.67
Srimangal,2008,7,84.61
Srimangal,2008,8,85.74
Srimangal,2008,9,83.43
Srimangal,2008,10,85.42
Srimangal,2008,11,81.13
Srimangal,2008,12,85.55
Srimangal,2009,1,82.26
Srimangal,2009,2,70.82
Srimangal,2009,3,67.23
Srimangal,2009,4,76.47
Srimangal,2009,5,80.29
Srimangal,2009,6,83.37
Srimangal,2009,7,82.77
Srimangal,2009,8,85.58
Srimangal,2009,9,85.77
Srimangal,2009,10,84.65
Srimangal,2009,11,82.23
Srimangal,2009,12,83.68
Srimangal,2010,1,83.81
Srimangal,2010,2,69.32
Srimangal,2010,3,64.29
Srimangal,2010,4,74.9
Srimangal,2010,5,81.29
Srimangal,2010,6,86.37
Srimangal,2010,7,84.84
Srimangal,2010,8,86.06
Srimangal,2010,9,88.17
Srimangal,2010,10,85.65
Srimangal,2010,11,82.47
Srimangal,2010,12,81.74
Srimangal,2011,1,82.29
Srimangal,2011,2,73.54
Srimangal,2011,3,70.48
Srimangal,2011,4,73.73
Srimangal,2011,5,82.03
Srimangal,2011,6,84.03
Srimangal,2011,7,84.48
Srimangal,2011,8,85.9
Srimangal,2011,9,83.57
Srimangal,2011,10,82.16
Srimangal,2011,11,79.93
Srimangal,2011,12,83.97
Srimangal,2012,1,79.45
Srimangal,2012,2,65.28
Srimangal,2012,3,65.94
Srimangal,2012,4,75.87
Srimangal,2012,5,78.68
Srimangal,2012,6,85.37
Srimangal,2012,7,82.52
Srimangal,2012,8,82.74
Srimangal,2012,9,84.93
Srimangal,2012,10,84.94
Srimangal,2012,11,82.77
Srimangal,2012,12,87.55
Srimangal,2013,1,79.68
Srimangal,2013,2,72.07
Srimangal,2013,3,67.23
Srimangal,2013,4,72.53
Srimangal,2013,5,83
Srimangal,2013,6,82.8
Srimangal,2013,7,83.52
Srimangal,2013,8,85.9
Srimangal,2013,9,85.47
Srimangal,2013,10,85.45
Srimangal,2013,11,81.03
Srimangal,2013,12,83.39
Srimangal,2014,1,83.48
Srimangal,2014,2,76.68
Srimangal,2014,3,68.65
Srimangal,2014,4,72
Srimangal,2014,5,80.32
Srimangal,2014,6,85.87
Srimangal,2014,7,82.84
Srimangal,2014,8,85.52
Srimangal,2014,9,85.9
Srimangal,2014,10,83.84
Srimangal,2014,11,81.23
Srimangal,2014,12,84.77
Srimangal,2015,1,81
Srimangal,2015,2,76.11
Srimangal,2015,3,70.68
Srimangal,2015,4,78.97
Srimangal,2015,5,82.65
Srimangal,2015,6,83.43
Srimangal,2015,7,85.48
Srimangal,2015,8,86.19
Srimangal,2015,9,84.73
Srimangal,2015,10,84.84
Srimangal,2015,11,82.7
Srimangal,2015,12,84.06
Srimangal,2016,1,83.26
Srimangal,2016,2,77.86
Srimangal,2016,3,77.13
Srimangal,2016,4,77.9
Srimangal,2016,5,82.94
Srimangal,2016,6,84.03
Srimangal,2016,7,84.42
Srimangal,2016,8,82.97
Srimangal,2016,9,86.27
Srimangal,2016,10,85.42
Srimangal,2016,11,84.23
Srimangal,2016,12,83.16
Srimangal,2017,1,80.84
Srimangal,2017,2,72.68
Srimangal,2017,3,77.74
Srimangal,2017,4,81.87
Srimangal,2017,5,80.35
Srimangal,2017,6,87.27
Srimangal,2017,7,85.77
Srimangal,2017,8,85.55
Srimangal,2017,9,88.23
Srimangal,2017,10,87.61
Srimangal,2017,11,84.7
Srimangal,2017,12,87.39
Srimangal,2018,1,86.03
Srimangal,2018,2,78
Srimangal,2018,3,73.35
Srimangal,2018,4,79.33
Srimangal,2018,5,83.58
Srimangal,2018,6,83.7
Srimangal,2018,7,84.1
Srimangal,2018,8,84.32
Srimangal,2018,9,84.83
Srimangal,2018,10,85
Srimangal,2018,11,82.83
Srimangal,2018,12,83.48
Srimangal,2019,1,79.74
Srimangal,2019,2,75.93
Srimangal,2019,3,74.39
Srimangal,2019,4,77.23
Srimangal,2019,5,79.61
Srimangal,2019,6,84.27
Srimangal,2019,7,84.84
Srimangal,2019,8,83.48
Srimangal,2019,9,84.6
Srimangal,2019,10,86.84
Srimangal,2019,11,85.53
Srimangal,2019,12,84.52
Srimangal,2020,1,85.77
Srimangal,2020,2,75.72
Srimangal,2020,3,69.26
Srimangal,2020,4,75.07
Srimangal,2020,5,80.87
Srimangal,2020,6,85.43
Srimangal,2020,7,86.13
Srimangal,2020,8,83.65
Srimangal,2020,9,87.6
Srimangal,2020,10,86.55
Srimangal,2020,11,84.1
Srimangal,2020,12,89.89
Srimangal,2021,1,87.56
Srimangal,2021,2,70.98
Srimangal,2021,3,60.41
Srimangal,2021,4,64.05
Srimangal,2021,5,72.74
Srimangal,2021,6,79.85
Srimangal,2021,7,84.78
Srimangal,2021,8,86.68
Srimangal,2021,9,84.39
Srimangal,2021,10,85.36
Srimangal,2021,11,82.79
Srimangal,2021,12,84.92
Srimangal,2022,1,84.71
Srimangal,2022,2,76.04
Srimangal,2022,3,72.29
Srimangal,2022,4,76.5
Srimangal,2022,5,84.71
Srimangal,2022,6,88.1
Srimangal,2022,7,84
Srimangal,2022,8,83.87
Srimangal,2022,9,86.33
Srimangal,2022,10,86.19
Srimangal,2022,11,81.17
Srimangal,2022,12,83.52
Srimangal,2023,1,82.1
Srimangal,2023,2,69.64
Srimangal,2023,3,67.76
Srimangal,2023,4,66.15
Srimangal,2023,5,67.13
Srimangal,2023,6,80.75
Srimangal,2023,7,76.08
Srimangal,2023,8,83.19
Srimangal,2023,9,80.3
Srimangal,2023,10,83.73
Srimangal,2023,11,81.3
Srimangal,2023,12,87.35
Srimangal,2024,1,87
Srimangal,2024,2,75
Srimangal,2024,3,72
Srimangal,2024,4,73
Srimangal,2024,5,78
Srimangal,2024,6,86
Srimangal,2024,7,82
Srimangal,2024,8,86
Srimangal,2024,9,82
Srimangal,2024,10,86
Srimangal,2024,11,81
Srimangal,2024,12,84
Sylhet,1956,2,10
Sylhet,1956,3,75
Sylhet,1956,4,78.6
Sylhet,1956,5,88.39
Sylhet,1956,6,90.73
Sylhet,1956,7,89.26
Sylhet,1956,8,89.45
Sylhet,1956,9,86.13
Sylhet,1956,10,85.94
Sylhet,1956,11,81.2
Sylhet,1956,12,77.77
Sylhet,1957,1,80.29
Sylhet,1957,2,75.07
Sylhet,1957,3,62.29
Sylhet,1957,4,68.47
Sylhet,1957,5,86.71
Sylhet,1957,6,89.57
Sylhet,1957,7,87.81
Sylhet,1957,8,85.77
Sylhet,1957,9,88.33
Sylhet,1957,10,83.26
Sylhet,1957,11,75.43
Sylhet,1957,12,76.58
Sylhet,1958,1,74.35
Sylhet,1958,2,71.39
Sylhet,1958,3,58.45
Sylhet,1958,4,75.77
Sylhet,1958,5,83.84
Sylhet,1958,6,85.93
Sylhet,1958,7,85.23
Sylhet,1958,8,89.9
Sylhet,1958,9,87
Sylhet,1958,10,86.84
Sylhet,1958,11,75.97
Sylhet,1958,12,79.29
Sylhet,1959,1,74.84
Sylhet,1959,2,71.04
Sylhet,1959,3,71.19
Sylhet,1959,4,77.03
Sylhet,1959,5,85.19
Sylhet,1959,6,89.53
Sylhet,1959,7,86.06
Sylhet,1959,8,86.71
Sylhet,1959,9,86.5
Sylhet,1959,10,88.23
Sylhet,1959,11,76.5
Sylhet,1959,12,74.58
Sylhet,1960,1,69.06
Sylhet,1960,2,59.55
Sylhet,1960,3,67.13
Sylhet,1960,4,63.37
Sylhet,1960,5,81.42
Sylhet,1960,6,86.13
Sylhet,1960,7,91.03
Sylhet,1960,8,85.87
Sylhet,1960,9,88.03
Sylhet,1960,10,81.84
Sylhet,1960,11,81.53
Sylhet,1961,3,71
Sylhet,1961,4,70.9
Sylhet,1961,5,77.16
Sylhet,1961,6,84.67
Sylhet,1961,7,82.87
Sylhet,1961,8,83.94
Sylhet,1961,9,80.33
Sylhet,1961,10,79.71
Sylhet,1961,11,69.9
Sylhet,1961,12,65.16
Sylhet,1962,1,61.77
Sylhet,1962,2,60.56
Sylhet,1962,3,46.87
Sylhet,1962,4,68.93
Sylhet,1962,5,76.94
Sylhet,1962,6,88.8
Sylhet,1962,7,84.84
Sylhet,1962,8,88.97
Sylhet,1962,9,83.43
Sylhet,1962,10,82.52
Sylhet,1962,11,77.9
Sylhet,1962,12,74
Sylhet,1963,1,63.71
Sylhet,1963,2,56.96
Sylhet,1963,3,55.03
Sylhet,1963,4,70.03
Sylhet,1963,5,82.03
Sylhet,1963,6,89.13
Sylhet,1963,7,88.71
Sylhet,1963,8,88.29
Sylhet,1963,9,84.77
Sylhet,1963,10,84.26
Sylhet,1963,11,79.47
Sylhet,1963,12,74.29
Sylhet,1964,1,72.19
Sylhet,1964,2,65.86
Sylhet,1964,3,66.23
Sylhet,1964,4,80
Sylhet,1964,5,81.58
Sylhet,1964,6,89.73
Sylhet,1964,7,89.35
Sylhet,1964,8,86.06
Sylhet,1964,9,87.73
Sylhet,1964,10,87.19
Sylhet,1964,11,77.47
Sylhet,1964,12,72.9
Sylhet,1965,1,69.97
Sylhet,1965,2,69.46
Sylhet,1965,3,62.55
Sylhet,1965,4,74.7
Sylhet,1965,5,80.87
Sylhet,1965,6,89.03
Sylhet,1965,7,87.58
Sylhet,1965,8,89.87
Sylhet,1965,9,88.33
Sylhet,1965,10,84.32
Sylhet,1965,11,79.1
Sylhet,1965,12,75.42
Sylhet,1966,1,76.23
Sylhet,1966,2,64.32
Sylhet,1966,3,64.19
Sylhet,1966,4,72.53
Sylhet,1966,6,88.9
Sylhet,1966,7,87.77
Sylhet,1966,8,89.32
Sylhet,1966,9,85.23
Sylhet,1966,10,81.67
Sylhet,1967,1,71.57
Sylhet,1967,2,67.86
Sylhet,1967,3,71.9
Sylhet,1967,4,68.13
Sylhet,1967,5,79.32
Sylhet,1967,6,87.57
Sylhet,1967,7,86.42
Sylhet,1967,8,84.03
Sylhet,1967,9,87.83
Sylhet,1967,10,82.16
Sylhet,1967,11,75.27
Sylhet,1967,12,75.19
Sylhet,1968,1,72.19
Sylhet,1968,2,61.62
Sylhet,1968,3,59.48
Sylhet,1968,4,73.4
Sylhet,1968,5,82.68
Sylhet,1968,6,88.3
Sylhet,1968,7,88.81
Sylhet,1968,8,88.42
Sylhet,1968,9,90
Sylhet,1968,10,83.48
Sylhet,1968,11,78.17
Sylhet,1968,12,74.19
Sylhet,1969,1,71.32
Sylhet,1969,2,59
Sylhet,1969,3,65.39
Sylhet,1969,4,75.33
Sylhet,1969,5,78.13
Sylhet,1969,6,89.33
Sylhet,1969,7,87.13
Sylhet,1969,8,89.97
Sylhet,1969,9,81.77
Sylhet,1969,10,81.68
Sylhet,1969,11,76.47
Sylhet,1969,12,75.74
Sylhet,1970,1,76.52
Sylhet,1970,2,67.96
Sylhet,1970,3,66.26
Sylhet,1970,4,76.1
Sylhet,1970,5,80.84
Sylhet,1970,6,88.03
Sylhet,1970,7,89.68
Sylhet,1970,8,87.1
Sylhet,1970,9,87.93
Sylhet,1970,10,86.1
Sylhet,1970,11,77.3
Sylhet,1970,12,73.23
Sylhet,1971,1,73.84
Sylhet,1971,2,63.86
Sylhet,1971,3,58.31
Sylhet,1971,5,72
Sylhet,1971,6,86.9
Sylhet,1971,7,84.9
Sylhet,1971,8,85.13
Sylhet,1971,9,83.4
Sylhet,1971,10,80.26
Sylhet,1971,11,71.27
Sylhet,1972,1,65.17
Sylhet,1972,2,62.9
Sylhet,1972,3,56.94
Sylhet,1972,4,77.93
Sylhet,1972,5,84.03
Sylhet,1972,6,87.53
Sylhet,1972,7,86.06
Sylhet,1972,8,86.39
Sylhet,1972,9,83.9
Sylhet,1972,10,80.55
Sylhet,1972,11,75.6
Sylhet,1972,12,70.84
Sylhet,1974,1,72.71
Sylhet,1974,2,59.86
Sylhet,1974,3,64.26
Sylhet,1974,4,78.47
Sylhet,1974,5,81.74
Sylhet,1974,6,88.3
Sylhet,1974,7,90.58
Sylhet,1974,8,86.77
Sylhet,1974,9,87.3
Sylhet,1974,10,86.55
Sylhet,1974,11,78.03
Sylhet,1974,12,74.71
Sylhet,1975,1,69.52
Sylhet,1975,2,67.07
Sylhet,1975,3,59.42
Sylhet,1975,4,72.6
Sylhet,1975,5,82.23
Sylhet,1975,7,90.03
Sylhet,1975,8,84.58
Sylhet,1975,9,87
Sylhet,1975,10,85.19
Sylhet,1975,11,78.73
Sylhet,1976,1,69.77
Sylhet,1976,2,67.14
Sylhet,1976,3,70.39
Sylhet,1976,4,76.13
Sylhet,1976,5,80.87
Sylhet,1976,6,89.67
Sylhet,1976,7,87.16
Sylhet,1976,8,89.1
Sylhet,1976,9,83.37
Sylhet,1976,10,80.45
Sylhet,1976,11,79.03
Sylhet,1976,12,75.13
Sylhet,1977,1,70.35
Sylhet,1977,2,69.5
Sylhet,1977,3,71.35
Sylhet,1977,4,84.1
Sylhet,1977,5,82.29
Sylhet,1977,6,89.17
Sylhet,1977,7,87.19
Sylhet,1977,8,86.42
Sylhet,1977,9,83.77
Sylhet,1977,10,84.74
Sylhet,1977,11,80.9
Sylhet,1977,12,74.81
Sylhet,1978,1,71.48
Sylhet,1978,2,62.61
Sylhet,1978,3,58.03
Sylhet,1978,4,68.83
Sylhet,1978,5,84.1
Sylhet,1978,6,88.57
Sylhet,1978,7,86.29
Sylhet,1978,8,82.87
Sylhet,1978,9,87
Sylhet,1978,10,81.26
Sylhet,1978,11,78.63
Sylhet,1978,12,69
Sylhet,1979,2,59.25
Sylhet,1979,3,57.58
Sylhet,1979,4,68
Sylhet,1979,5,78.48
Sylhet,1979,6,84.7
Sylhet,1979,7,89.61
Sylhet,1979,8,85.42
Sylhet,1979,9,88
Sylhet,1979,10,82.71
Sylhet,1979,11,78.3
Sylhet,1979,12,76.71
Sylhet,1980,1,71.03
Sylhet,1980,2,65.1
Sylhet,1980,3,68.58
Sylhet,1980,4,74.03
Sylhet,1980,5,82.9
Sylhet,1980,6,85.13
Sylhet,1980,7,85.87
Sylhet,1980,8,86.19
Sylhet,1980,9,87.87
Sylhet,1980,10,83.23
Sylhet,1980,11,71.7
Sylhet,1980,12,72.68
Sylhet,1981,1,70.94
Sylhet,1981,2,69.07
Sylhet,1981,3,66.9
Sylhet,1981,4,76.33
Sylhet,1981,5,82.1
Sylhet,1981,6,83.87
Sylhet,1981,7,89.13
Sylhet,1981,8,86.55
Sylhet,1981,9,85.27
Sylhet,1981,10,78.9
Sylhet,1981,11,70.3
Sylhet,1981,12,72.42
Sylhet,1982,1,70.48
Sylhet,1982,2,63.29
Sylhet,1982,3,62.71
Sylhet,1982,4,80.17
Sylhet,1982,5,78.65
Sylhet,1982,6,87.87
Sylhet,1982,7,88.42
Sylhet,1982,8,84.74
Sylhet,1982,9,87.5
Sylhet,1982,10,80.29
Sylhet,1982,11,75.7
Sylhet,1982,12,74.16
Sylhet,1983,1,69.32
Sylhet,1983,2,63.07
Sylhet,1983,3,72.06
Sylhet,1983,4,75.6
Sylhet,1983,5,82.35
Sylhet,1983,6,86.3
Sylhet,1983,7,87.77
Sylhet,1983,8,87.19
Sylhet,1983,9,87.13
Sylhet,1983,10,83.1
Sylhet,1983,11,71.83
Sylhet,1983,12,73.87
Sylhet,1984,1,72.48
Sylhet,1984,2,66.14
Sylhet,1984,3,57
Sylhet,1984,4,72.63
Sylhet,1984,5,86.45
Sylhet,1984,6,83.03
Sylhet,1984,7,87.48
Sylhet,1984,8,83.45
Sylhet,1984,9,87.13
Sylhet,1984,10,84.68
Sylhet,1984,11,71.93
Sylhet,1984,12,76.71
Sylhet,1985,1,72.45
Sylhet,1985,2,67.14
Sylhet,1985,3,77.23
Sylhet,1985,4,80.57
Sylhet,1985,5,80.48
Sylhet,1985,6,87.67
Sylhet,1985,7,87.23
Sylhet,1985,8,85.55
Sylhet,1985,9,87.4
Sylhet,1985,10,80.42
Sylhet,1985,11,74.13
Sylhet,1985,12,72.74
Sylhet,1986,1,74.32
Sylhet,1986,2,63.36
Sylhet,1986,3,56.84
Sylhet,1986,4,78.03
Sylhet,1986,5,76.19
Sylhet,1986,6,83.03
Sylhet,1986,7,88.16
Sylhet,1986,8,87.23
Sylhet,1986,9,88.43
Sylhet,1986,10,83.77
Sylhet,1986,11,79.03
Sylhet,1986,12,74.58
Sylhet,1987,1,71.39
Sylhet,1987,2,65.93
Sylhet,1987,3,71.97
Sylhet,1987,4,77.43
Sylhet,1987,5,77.68
Sylhet,1987,6,90.04
Sylhet,1987,7,90.61
Sylhet,1987,8,89.48
Sylhet,1987,9,89.17
Sylhet,1987,10,82.55
Sylhet,1987,11,77.5
Sylhet,1987,12,73.35
Sylhet,1988,1,70.52
Sylhet,1988,2,71.07
Sylhet,1988,3,70.16
Sylhet,1988,4,75.9
Sylhet,1988,5,87.48
Sylhet,1988,6,84.77
Sylhet,1988,7,88.45
Sylhet,1988,8,91.84
Sylhet,1988,9,86.4
Sylhet,1988,10,82.58
Sylhet,1988,11,76.17
Sylhet,1988,12,79.39
Sylhet,1989,1,75.45
Sylhet,1989,2,66.61
Sylhet,1989,3,62.35
Sylhet,1989,4,72.93
Sylhet,1989,5,79.65
Sylhet,1989,6,86.13
Sylhet,1989,7,88.32
Sylhet,1989,8,85
Sylhet,1989,9,88.73
Sylhet,1989,10,85.84
Sylhet,1989,11,79.13
Sylhet,1989,12,76.9
Sylhet,1990,1,82.23
Sylhet,1990,2,72.5
Sylhet,1990,3,71.97
Sylhet,1990,4,80.23
Sylhet,1990,5,79.55
Sylhet,1990,6,87.4
Sylhet,1990,7,87.45
Sylhet,1990,8,85.68
Sylhet,1990,9,89.73
Sylhet,1990,10,83.45
Sylhet,1990,11,77.5
Sylhet,1990,12,74.68
Sylhet,1991,1,73.29
Sylhet,1991,2,73.07
Sylhet,1991,3,68.77
Sylhet,1991,4,76.77
Sylhet,1991,5,88.45
Sylhet,1991,6,89.1
Sylhet,1991,7,85.32
Sylhet,1991,8,85.23
Sylhet,1991,9,90.1
Sylhet,1991,10,84.61
Sylhet,1991,11,77.97
Sylhet,1991,12,77.26
Sylhet,1992,1,79
Sylhet,1992,2,74.69
Sylhet,1992,3,73.81
Sylhet,1992,4,75.57
Sylhet,1992,5,81.23
Sylhet,1992,6,84.27
Sylhet,1992,7,87.94
Sylhet,1992,8,84.68
Sylhet,1992,9,86.03
Sylhet,1992,10,82.03
Sylhet,1992,11,75.63
Sylhet,1992,12,74.61
Sylhet,1993,1,77.71
Sylhet,1993,2,75.14
Sylhet,1993,3,70.1
Sylhet,1993,4,75.2
Sylhet,1993,5,83.9
Sylhet,1993,6,87.8
Sylhet,1993,7,87.68
Sylhet,1993,8,87.06
Sylhet,1993,9,85.9
Sylhet,1993,10,85.39
Sylhet,1993,11,77.23
Sylhet,1993,12,71.23
Sylhet,1994,1,76.45
Sylhet,1994,2,71.32
Sylhet,1994,3,74.48
Sylhet,1994,4,75.83
Sylhet,1994,5,80.16
Sylhet,1994,6,87.57
Sylhet,1994,7,83.74
Sylhet,1994,8,84.42
Sylhet,1994,9,82.43
Sylhet,1994,10,83.48
Sylhet,1994,11,78
Sylhet,1994,12,72.35
Sylhet,1995,1,73.16
Sylhet,1995,2,71.79
Sylhet,1995,3,64.32
Sylhet,1995,4,71.43
Sylhet,1995,5,79.68
Sylhet,1995,6,88.47
Sylhet,1995,7,87.77
Sylhet,1995,8,87.77
Sylhet,1995,9,86.43
Sylhet,1995,10,81.94
Sylhet,1995,11,81.73
Sylhet,1995,12,80.58
Sylhet,1996,1,77.19
Sylhet,1996,2,68.62
Sylhet,1996,3,76.13
Sylhet,1996,4,76.77
Sylhet,1996,5,83.68
Sylhet,1996,6,85.67
Sylhet,1996,7,90.13
Sylhet,1996,8,88.1
Sylhet,1996,9,83.93
Sylhet,1996,10,82.87
Sylhet,1996,11,77.33
Sylhet,1996,12,74.1
Sylhet,1997,1,88.35
Sylhet,1997,2,72.5
Sylhet,1997,3,69.39
Sylhet,1997,4,73.8
Sylhet,1997,5,79.61
Sylhet,1997,6,87.83
Sylhet,1997,7,85.19
Sylhet,1997,8,84.94
Sylhet,1997,9,89.03
Sylhet,1997,10,79.65
Sylhet,1997,11,78.7
Sylhet,1997,12,81.71
Sylhet,1998,1,78.65
Sylhet,1998,2,71.54
Sylhet,1998,3,70.61
Sylhet,1998,4,78.37
Sylhet,1998,5,80.52
Sylhet,1998,6,88.6
Sylhet,1998,7,92.65
Sylhet,1998,8,90.45
Sylhet,1998,9,85.3
Sylhet,1998,10,83
Sylhet,1998,11,76.77
Sylhet,1998,12,73.84
Sylhet,1999,1,71.74
Sylhet,1999,2,65.32
Sylhet,1999,3,64.68
Sylhet,1999,4,75.7
Sylhet,1999,5,83.45
Sylhet,1999,6,85.8
Sylhet,1999,7,87.65
Sylhet,1999,8,86.52
Sylhet,1999,9,86.37
Sylhet,1999,10,85.1
Sylhet,1999,11,77.47
Sylhet,1999,12,72.23
Sylhet,2000,1,76
Sylhet,2000,2,70.45
Sylhet,2000,3,74.61
Sylhet,2000,4,80.6
Sylhet,2000,5,84.48
Sylhet,2000,6,88.17
Sylhet,2000,7,83.81
Sylhet,2000,8,88.39
Sylhet,2000,9,87.7
Sylhet,2000,10,82.71
Sylhet,2000,11,77.27
Sylhet,2000,12,70.68
Sylhet,2001,1,71.94
Sylhet,2001,2,69.5
Sylhet,2001,3,62.87
Sylhet,2001,4,71.23
Sylhet,2001,5,82.32
Sylhet,2001,6,88.33
Sylhet,2001,7,87.19
Sylhet,2001,8,86.23
Sylhet,2001,9,87.23
Sylhet,2001,10,87.19
Sylhet,2001,11,83.63
Sylhet,2001,12,77.94
Sylhet,2002,1,77.39
Sylhet,2002,2,70.14
Sylhet,2002,3,64.65
Sylhet,2002,4,79.67
Sylhet,2002,5,82.71
Sylhet,2002,6,91.2
Sylhet,2002,7,92.06
Sylhet,2002,8,88.1
Sylhet,2002,9,83.7
Sylhet,2002,10,83.9
Sylhet,2002,11,80.13
Sylhet,2002,12,81.23
Sylhet,2003,1,76.97
Sylhet,2003,2,67.86
Sylhet,2003,3,68
Sylhet,2003,4,74.77
Sylhet,2003,5,78.87
Sylhet,2003,6,87.77
Sylhet,2003,7,84.71
Sylhet,2003,8,83.55
Sylhet,2003,9,86.27
Sylhet,2003,10,85.16
Sylhet,2003,11,76.2
Sylhet,2003,12,73
Sylhet,2004,1,75.13
Sylhet,2004,2,62.97
Sylhet,2004,3,65.77
Sylhet,2004,4,80.3
Sylhet,2004,5,77.29
Sylhet,2004,6,83.97
Sylhet,2004,7,87.39
Sylhet,2004,8,82.39
Sylhet,2004,9,87.3
Sylhet,2004,10,82.52
Sylhet,2004,11,73.83
Sylhet,2004,12,70.45
Sylhet,2005,1,74.45
Sylhet,2005,2,70.36
Sylhet,2005,3,75.58
Sylhet,2005,4,72.67
Sylhet,2005,5,81.19
Sylhet,2005,6,83.77
Sylhet,2005,7,85.52
Sylhet,2005,8,87.16
Sylhet,2005,9,81.7
Sylhet,2005,10,82.68
Sylhet,2005,11,75.3
Sylhet,2005,12,69.39
Sylhet,2006,1,73
Sylhet,2006,2,70.18
Sylhet,2006,3,60.13
Sylhet,2006,4,73.6
Sylhet,2006,5,77.45
Sylhet,2006,6,86.9
Sylhet,2006,7,82.39
Sylhet,2006,8,80.42
Sylhet,2006,9,83.1
Sylhet,2006,10,78.71
Sylhet,2006,11,76.27
Sylhet,2006,12,72.74
Sylhet,2007,1,72.48
Sylhet,2007,2,69.86
Sylhet,2007,3,59.61
Sylhet,2007,4,76.37
Sylhet,2007,5,79.29
Sylhet,2007,6,86.77
Sylhet,2007,7,87.77
Sylhet,2007,8,84.39
Sylhet,2007,9,83.6
Sylhet,2007,10,80.58
Sylhet,2007,11,78.63
Sylhet,2007,12,77.71
Sylhet,2008,1,77.84
Sylhet,2008,2,68.14
Sylhet,2008,3,73.16
Sylhet,2008,4,71.7
Sylhet,2008,5,77.58
Sylhet,2008,6,86.07
Sylhet,2008,7,87.1
Sylhet,2008,8,88.48
Sylhet,2008,9,82.97
Sylhet,2008,10,81.97
Sylhet,2008,11,71.8
Sylhet,2008,12,79.06
Sylhet,2009,1,74.97
Sylhet,2009,2,64.43
Sylhet,2009,3,59.81
Sylhet,2009,4,74.2
Sylhet,2009,5,78.19
Sylhet,2009,6,84.53
Sylhet,2009,7,83.29
Sylhet,2009,8,87.32
Sylhet,2009,9,82.1
Sylhet,2009,10,80.94
Sylhet,2009,11,76.17
Sylhet,2009,12,76.9
Sylhet,2010,1,73.81
Sylhet,2010,2,59.79
Sylhet,2010,3,61.74
Sylhet,2010,4,79.6
Sylhet,2010,5,82.35
Sylhet,2010,6,89.3
Sylhet,2010,7,85.1
Sylhet,2010,8,86.68
Sylhet,2010,9,87.3
Sylhet,2010,10,79.03
Sylhet,2010,11,75.4
Sylhet,2010,12,74.16
Sylhet,2011,1,77.45
Sylhet,2011,2,64.96
Sylhet,2011,3,64.74
Sylhet,2011,4,69.1
Sylhet,2011,5,80.74
Sylhet,2011,6,85.07
Sylhet,2011,7,86.39
Sylhet,2011,8,85.39
Sylhet,2011,9,82.83
Sylhet,2011,10,77.61
Sylhet,2011,11,72.87
Sylhet,2011,12,75.19
Sylhet,2012,1,76.39
Sylhet,2012,2,60.86
Sylhet,2012,3,63.13
Sylhet,2012,4,77.9
Sylhet,2012,5,77.19
Sylhet,2012,6,88.13
Sylhet,2012,7,84.68
Sylhet,2012,8,84.74
Sylhet,2012,9,84.5
Sylhet,2012,10,81.32
Sylhet,2012,11,77.6
Sylhet,2012,12,82.87
Sylhet,2013,1,74.26
Sylhet,2013,2,62.75
Sylhet,2013,3,60.29
Sylhet,2013,4,69.33
Sylhet,2013,5,83.58
Sylhet,2013,6,81.17
Sylhet,2013,7,83.84
Sylhet,2013,8,85.26
Sylhet,2013,9,83.63
Sylhet,2013,10,81.13
Sylhet,2013,11,74.1
Sylhet,2013,12,75.87
Sylhet,2014,1,75.55
Sylhet,2014,2,73.57
Sylhet,2014,3,62.32
Sylhet,2014,4,63.47
Sylhet,2014,5,79.35
Sylhet,2014,6,86.6
Sylhet,2014,7,81.81
Sylhet,2014,8,86.81
Sylhet,2014,9,85.83
Sylhet,2014,10,77.87
Sylhet,2014,11,74.27
Sylhet,2014,12,77.03
Sylhet,2015,1,75.26
Sylhet,2015,2,68.25
Sylhet,2015,3,62.77
Sylhet,2015,4,78.4
Sylhet,2015,5,82.48
Sylhet,2015,6,86.93
Sylhet,2015,7,83.29
Sylhet,2015,8,88.1
Sylhet,2015,9,86.07
Sylhet,2015,10,77.23
Sylhet,2015,11,73.77
Sylhet,2015,12,76.77
Sylhet,2016,1,77.71
Sylhet,2016,2,71.72
Sylhet,2016,3,68.23
Sylhet,2016,4,81.07
Sylhet,2016,5,81.52
Sylhet,2016,6,83.4
Sylhet,2016,7,86.97
Sylhet,2016,8,81.58
Sylhet,2016,9,84.27
Sylhet,2016,10,80.94
Sylhet,2016,11,77.9
Sylhet,2016,12,73.42
Sylhet,2017,1,71.74
Sylhet,2017,2,65.39
Sylhet,2017,3,74.81
Sylhet,2017,4,82.03
Sylhet,2017,5,78.74
Sylhet,2017,6,87.7
Sylhet,2017,7,86.29
Sylhet,2017,8,88.58
Sylhet,2017,9,88.07
Sylhet,2017,10,83.9
Sylhet,2017,11,77.57
Sylhet,2017,12,79.29
Sylhet,2018,1,81.13
Sylhet,2018,2,71.14
Sylhet,2018,3,67.39
Sylhet,2018,4,75.57
Sylhet,2018,5,83.39
Sylhet,2018,6,84.3
Sylhet,2018,7,85.61
Sylhet,2018,8,83.68
Sylhet,2018,9,85
Sylhet,2018,10,81.16
Sylhet,2018,11,77.37
Sylhet,2018,12,76.39
Sylhet,2019,1,69.97
Sylhet,2019,2,69.43
Sylhet,2019,3,66
Sylhet,2019,4,72.17
Sylhet,2019,5,80.94
Sylhet,2019,6,85.3
Sylhet,2019,7,86.84
Sylhet,2019,8,82.13
Sylhet,2019,9,84.37
Sylhet,2019,10,83.16
Sylhet,2019,11,79.6
Sylhet,2019,12,76.19
Sylhet,2020,1,78.87
Sylhet,2020,2,67.76
Sylhet,2020,3,63.23
Sylhet,2020,4,67.3
Sylhet,2020,5,81.29
Sylhet,2020,6,88
Sylhet,2020,7,88.81
Sylhet,2020,8,85.16
Sylhet,2020,9,87.8
Sylhet,2020,10,84.26
Sylhet,2020,11,74.33
Sylhet,2020,12,77.89
Sylhet,2021,1,78.1
Sylhet,2021,2,60.75
Sylhet,2021,3,51.66
Sylhet,2021,4,61.47
Sylhet,2021,5,74
Sylhet,2021,6,85.18
Sylhet,2021,7,86.42
Sylhet,2021,8,89.72
Sylhet,2021,9,79.94
Sylhet,2021,10,81.18
Sylhet,2021,11,74.64
Sylhet,2021,12,76.9
Sylhet,2022,1,74.74
Sylhet,2022,2,68.96
Sylhet,2022,3,66.06
Sylhet,2022,4,79.9
Sylhet,2022,5,82.39
Sylhet,2022,6,89.87
Sylhet,2022,7,82.55
Sylhet,2022,8,80.58
Sylhet,2022,9,84.63
Sylhet,2022,10,82.29
Sylhet,2022,11,73.53
Sylhet,2022,12,76.68
Sylhet,2023,1,71.13
Sylhet,2023,2,65.48
Sylhet,2023,3,62.81
Sylhet,2023,4,63.8
Sylhet,2023,5,69.4
Sylhet,2023,6,82.42
Sylhet,2023,7,79.47
Sylhet,2023,8,84.76
Sylhet,2023,9,79.05
Sylhet,2023,10,80.63
Sylhet,2023,11,71.85
Sylhet,2023,12,76.21
Sylhet,2024,1,80
Sylhet,2024,2,70
Sylhet,2024,3,67
Sylhet,2024,4,76
Sylhet,2024,5,77
Sylhet,2024,6,88
Sylhet,2024,7,83
Sylhet,2024,8,86
Sylhet,2024,9,79
Sylhet,2024,10,84
Sylhet,2024,11,75
Sylhet,2024,12,76
Tangail,1987,1,72.45
Tangail,1987,2,66.54
Tangail,1987,3,64.9
Tangail,1987,4,73.17
Tangail,1987,5,75.1
Tangail,1987,6,82.91
Tangail,1987,7,88.19
Tangail,1987,8,85.35
Tangail,1987,9,84.03
Tangail,1987,10,78
Tangail,1987,11,76.57
Tangail,1987,12,78.68
Tangail,1988,1,73.58
Tangail,1988,2,67.17
Tangail,1988,3,66.55
Tangail,1988,4,71.4
Tangail,1988,5,79.16
Tangail,1988,6,85.17
Tangail,1988,7,85.84
Tangail,1988,8,86
Tangail,1988,9,83.13
Tangail,1988,10,80.06
Tangail,1988,11,80
Tangail,1988,12,84.19
Tangail,1989,1,75.26
Tangail,1989,2,69.18
Tangail,1989,3,64.06
Tangail,1989,4,66.87
Tangail,1989,5,78.84
Tangail,1989,6,83.73
Tangail,1989,7,86.23
Tangail,1989,8,83.29
Tangail,1989,9,86.67
Tangail,1989,10,84.03
Tangail,1989,11,79.87
Tangail,1989,12,81.23
Tangail,1990,1,82.32
Tangail,1990,2,77.04
Tangail,1990,3,76.71
Tangail,1990,4,77.27
Tangail,1990,5,80.87
Tangail,1990,6,84.63
Tangail,1990,7,86.06
Tangail,1990,8,82.71
Tangail,1990,9,84.53
Tangail,1990,10,82.35
Tangail,1990,11,77.9
Tangail,1990,12,77.03
Tangail,1991,1,76.68
Tangail,1991,2,72.25
Tangail,1991,3,68.42
Tangail,1991,4,72.03
Tangail,1991,5,83.9
Tangail,1991,6,84.67
Tangail,1991,7,84.03
Tangail,1991,8,84.06
Tangail,1991,9,87.9
Tangail,1991,10,83.65
Tangail,1991,11,77.63
Tangail,1991,12,79.71
Tangail,1992,1,82.52
Tangail,1992,2,77.03
Tangail,1992,3,64.13
Tangail,1992,4,64.57
Tangail,1992,5,77.87
Tangail,1992,6,82.9
Tangail,1992,7,86.84
Tangail,1992,8,85.9
Tangail,1992,9,85.53
Tangail,1992,10,83.35
Tangail,1992,11,78.43
Tangail,1992,12,79.68
Tangail,1993,1,80.87
Tangail,1993,2,75.11
Tangail,1993,3,66.81
Tangail,1993,4,73.9
Tangail,1993,5,83.16
Tangail,1993,6,86.63
Tangail,1993,7,86.26
Tangail,1993,8,86
Tangail,1993,9,85.83
Tangail,1993,10,83.97
Tangail,1993,11,81
Tangail,1993,12,78.81
Tangail,1994,1,80.61
Tangail,1994,2,78.21
Tangail,1994,3,72.42
Tangail,1994,4,74.67
Tangail,1994,5,80.71
Tangail,1994,6,86.53
Tangail,1994,7,84.13
Tangail,1994,8,85.65
Tangail,1994,9,83
Tangail,1994,10,80.97
Tangail,1994,11,80.93
Tangail,1994,12,78.42
Tangail,1995,1,77.87
Tangail,1995,2,78.46
Tangail,1995,3,67.35
Tangail,1995,4,67.77
Tangail,1995,5,79.32
Tangail,1995,6,85.9
Tangail,1995,7,86.84
Tangail,1995,8,86.61
Tangail,1995,9,86.57
Tangail,1995,10,84.39
Tangail,1995,11,83.03
Tangail,1995,12,81.55
Tangail,1996,1,80.32
Tangail,1996,2,76.52
Tangail,1996,3,70.19
Tangail,1996,4,72.1
Tangail,1996,5,79.45
Tangail,1996,6,84.77
Tangail,1996,7,85.74
Tangail,1996,8,86.39
Tangail,1996,9,85.27
Tangail,1996,10,82.94
Tangail,1996,11,81.87
Tangail,1996,12,79.32
Tangail,1997,1,79.23
Tangail,1997,2,73.75
Tangail,1997,3,71.55
Tangail,1997,4,78.6
Tangail,1997,5,79.32
Tangail,1997,6,85.13
Tangail,1997,7,86.87
Tangail,1997,8,86.9
Tangail,1997,9,87.8
Tangail,1997,10,82.35
Tangail,1997,11,80.57
Tangail,1997,12,85.45
Tangail,1998,1,84.52
Tangail,1998,2,74.32
Tangail,1998,3,72.1
Tangail,1998,4,78.6
Tangail,1998,5,81.26
Tangail,1998,6,84.2
Tangail,1998,7,88.26
Tangail,1998,8,87.68
Tangail,1998,9,86.63
Tangail,1998,10,83.68
Tangail,1998,11,84.1
Tangail,1998,12,83.42
Tangail,1999,1,80.77
Tangail,1999,2,74.86
Tangail,1999,3,67.06
Tangail,1999,4,73.53
Tangail,1999,5,82.39
Tangail,1999,6,85.2
Tangail,1999,7,87.81
Tangail,1999,8,86.58
Tangail,1999,9,87.57
Tangail,1999,10,85.71
Tangail,1999,11,80.43
Tangail,1999,12,80.16
Tangail,2000,1,81.71
Tangail,2000,2,75.21
Tangail,2000,3,72.97
Tangail,2000,4,77.27
Tangail,2000,5,81.48
Tangail,2000,6,83
Tangail,2000,7,82.97
Tangail,2000,8,83.84
Tangail,2000,9,86.47
Tangail,2000,10,84.55
Tangail,2000,11,81.9
Tangail,2000,12,80
Tangail,2001,1,78.35
Tangail,2001,2,75.18
Tangail,2001,3,65.87
Tangail,2001,4,73.23
Tangail,2001,5,83.75
Tangail,2001,7,84.67
Tangail,2001,8,82.71
Tangail,2001,9,84.67
Tangail,2001,10,84.52
Tangail,2001,11,83.73
Tangail,2001,12,83.87
Tangail,2002,1,79.61
Tangail,2002,2,72.54
Tangail,2002,3,70.48
Tangail,2002,4,77.77
Tangail,2002,5,81.61
Tangail,2002,6,84.8
Tangail,2002,7,88.1
Tangail,2002,8,85.13
Tangail,2002,9,82.93
Tangail,2002,10,81.74
Tangail,2002,11,81.47
Tangail,2002,12,83.48
Tangail,2003,1,84.16
Tangail,2003,2,75.32
Tangail,2003,3,74.06
Tangail,2003,4,75.93
Tangail,2003,5,78.45
Tangail,2003,6,84.93
Tangail,2003,7,81.68
Tangail,2003,8,82.26
Tangail,2003,9,85.93
Tangail,2003,10,85.52
Tangail,2003,11,79.13
Tangail,2003,12,82.84
Tangail,2004,1,82.77
Tangail,2004,2,72.31
Tangail,2004,3,70
Tangail,2004,4,76.4
Tangail,2004,5,73.29
Tangail,2004,6,84.93
Tangail,2004,7,85.26
Tangail,2004,8,82.45
Tangail,2004,9,87.53
Tangail,2004,10,83.13
Tangail,2004,11,79.47
Tangail,2004,12,80.61
Tangail,2005,1,80.48
Tangail,2005,2,71.96
Tangail,2005,3,72.35
Tangail,2005,4,73.07
Tangail,2005,5,78.06
Tangail,2005,6,79.93
Tangail,2005,7,84.77
Tangail,2005,8,86.26
Tangail,2005,9,85.67
Tangail,2005,10,86.29
Tangail,2005,11,82.63
Tangail,2005,12,79.58
Tangail,2006,1,80.42
Tangail,2006,2,75
Tangail,2006,3,64.29
Tangail,2006,4,76.53
Tangail,2006,5,78.71
Tangail,2006,6,86.23
Tangail,2006,7,84.26
Tangail,2006,8,83.55
Tangail,2006,9,85.27
Tangail,2006,10,82.77
Tangail,2006,11,80.47
Tangail,2006,12,80.35
Tangail,2007,1,79.03
Tangail,2007,2,80.61
Tangail,2007,3,69.58
Tangail,2007,4,74.9
Tangail,2007,5,74.29
Tangail,2007,6,84.17
Tangail,2007,7,86.84
Tangail,2007,8,83.71
Tangail,2007,9,83.3
Tangail,2007,10,81.9
Tangail,2007,11,80.93
Tangail,2007,12,80.94
Tangail,2008,1,80.58
Tangail,2008,2,76
Tangail,2008,3,75.9
Tangail,2008,4,72.6
Tangail,2008,5,75.52
Tangail,2008,6,84.27
Tangail,2008,7,85.97
Tangail,2008,8,84.97
Tangail,2008,9,83.43
Tangail,2008,10,83.03
Tangail,2008,11,78.5
Tangail,2008,12,85.39
Tangail,2009,1,83.32
Tangail,2009,2,69.14
Tangail,2009,3,65.77
Tangail,2009,4,71.03
Tangail,2009,5,78.06
Tangail,2009,6,79.03
Tangail,2009,7,83.32
Tangail,2009,8,86
Tangail,2009,9,83.47
Tangail,2009,10,81.16
Tangail,2009,11,78.6
Tangail,2009,12,82.68
Tangail,2010,1,81.48
Tangail,2010,2,72.57
Tangail,2010,3,66.74
Tangail,2010,4,75.33
Tangail,2010,5,76.71
Tangail,2010,6,84.47
Tangail,2010,7,82.45
Tangail,2010,8,84.29
Tangail,2010,9,85.33
Tangail,2010,10,83.74
Tangail,2010,11,80.7
Tangail,2010,12,79.84
Tangail,2011,1,81.16
Tangail,2011,2,72.79
Tangail,2011,3,71.19
Tangail,2011,4,73.9
Tangail,2011,5,79.32
Tangail,2011,6,82.83
Tangail,2011,7,83.87
Tangail,2011,8,87.87
Tangail,2011,9,83.87
Tangail,2011,10,80.87
Tangail,2011,11,80.17
Tangail,2011,12,84.26
Tangail,2012,1,79.87
Tangail,2012,2,69.55
Tangail,2012,3,65.39
Tangail,2012,4,73.77
Tangail,2012,5,75.94
Tangail,2012,6,83
Tangail,2012,7,84.71
Tangail,2012,8,84.23
Tangail,2012,9,85.37
Tangail,2012,10,80.45
Tangail,2012,11,79.53
Tangail,2012,12,85.87
Tangail,2013,1,79.06
Tangail,2013,2,73.39
Tangail,2013,3,67.58
Tangail,2013,4,68.4
Tangail,2013,5,81.94
Tangail,2013,6,80
Tangail,2013,7,81.55
Tangail,2013,8,84.84
Tangail,2013,9,83.17
Tangail,2013,10,84.13
Tangail,2013,11,77.4
Tangail,2013,12,81.68
Tangail,2014,1,83.77
Tangail,2014,2,75.79
Tangail,2014,3,65.55
Tangail,2014,4,63.8
Tangail,2014,5,74.16
Tangail,2014,6,82.67
Tangail,2014,7,84.03
Tangail,2014,8,84.42
Tangail,2014,9,82.2
Tangail,2014,10,79.77
Tangail,2014,11,78.4
Tangail,2014,12,85.19
Tangail,2015,1,81.48
Tangail,2015,2,75.21
Tangail,2015,3,66.74
Tangail,2015,4,76.83
Tangail,2015,5,76.35
Tangail,2015,6,82.8
Tangail,2015,7,83.77
Tangail,2015,8,85.1
Tangail,2015,9,80.6
Tangail,2015,10,80.1
Tangail,2015,11,77.97
Tangail,2015,12,80.87
Tangail,2016,1,79.65
Tangail,2016,2,74.24
Tangail,2016,3,69.65
Tangail,2016,4,75.2
Tangail,2016,5,75.61
Tangail,2016,6,79.8
Tangail,2016,7,85.16
Tangail,2016,8,81.48
Tangail,2016,9,84.6
Tangail,2016,10,81.16
Tangail,2016,11,77.73
Tangail,2016,12,82
Tangail,2017,1,78.23
Tangail,2017,2,71.5
Tangail,2017,3,72.71
Tangail,2017,4,77.3
Tangail,2017,5,78.13
Tangail,2017,6,84.03
Tangail,2017,7,86.52
Tangail,2017,8,84.52
Tangail,2017,9,84.63
Tangail,2017,10,83.42
Tangail,2017,11,80.1
Tangail,2017,12,84.19
Tangail,2018,1,80.39
Tangail,2018,2,72.86
Tangail,2018,3,69.26
Tangail,2018,4,76.07
Tangail,2018,5,81
Tangail,2018,6,80.33
Tangail,2018,7,83.65
Tangail,2018,8,82.35
Tangail,2018,9,81.33
Tangail,2018,10,79.9
Tangail,2018,11,76.43
Tangail,2018,12,78.06
Tangail,2019,1,74.26
Tangail,2019,2,71.64
Tangail,2019,3,66.61
Tangail,2019,4,75.2
Tangail,2019,5,77.32
Tangail,2019,6,81.23
Tangail,2019,7,82.61
Tangail,2019,8,79.13
Tangail,2019,9,83.07
Tangail,2019,10,81.61
Tangail,2019,11,81.4
Tangail,2019,12,82.13
Tangail,2020,1,83.19
Tangail,2020,2,73.28
Tangail,2020,3,66.35
Tangail,2020,4,74.2
Tangail,2020,5,79.45
Tangail,2020,6,82.43
Tangail,2020,7,84.45
Tangail,2020,8,82
Tangail,2020,9,84
Tangail,2020,10,83.13
Tangail,2020,11,76.27
Tangail,2020,12,86.89
Tangail,2021,1,83.05
Tangail,2021,2,69.86
Tangail,2021,3,58.45
Tangail,2021,4,60.03
Tangail,2021,5,68.98
Tangail,2021,6,81.65
Tangail,2021,7,82.3
Tangail,2021,8,84.41
Tangail,2021,9,80.16
Tangail,2021,10,80.16
Tangail,2021,11,77.09
Tangail,2021,12,80.55
Tangail,2022,1,81.06
Tangail,2022,2,73.61
Tangail,2022,3,66.32
Tangail,2022,4,75.77
Tangail,2022,5,78.32
Tangail,2022,6,81.13
Tangail,2022,7,77
Tangail,2022,8,78.94
Tangail,2022,9,82.53
Tangail,2022,10,79.39
Tangail,2022,11,76.03
Tangail,2022,12,81.1
Tangail,2023,1,84.19
Tangail,2023,2,72.07
Tangail,2023,3,65.68
Tangail,2023,4,60.77
Tangail,2023,5,64.74
Tangail,2023,6,75.82
Tangail,2023,7,75.5
Tangail,2023,8,80.08
Tangail,2023,9,78.93
Tangail,2023,10,79.31
Tangail,2023,11,76.37
Tangail,2023,12,85.02
Tangail,2024,1,83
Tangail,2024,2,71
Tangail,2024,3,69
Tangail,2024,4,64
Tangail,2024,5,71
Tangail,2024,6,80
Tangail,2024,7,79
Tangail,2024,8,83
Tangail,2024,9,81
Tangail,2024,10,83
Tangail,2024,11,75
Tangail,2024,12,77
Tarash,2020,12,82.66
Tarash,2021,1,80.92
Tarash,2021,2,69.73
Tarash,2021,3,69.91
Tarash,2021,4,71.03
Tarash,2021,5,75.82
Tarash,2021,6,84.47
Tarash,2021,7,84.12
Tarash,2021,8,87.29
Tarash,2021,9,82.36
Tarash,2021,10,81.39
Tarash,2021,11,74.88
Tarash,2021,12,76.22
Tarash,2023,1,85.65
Tarash,2023,2,77.27
Tarash,2023,3,73.03
Tarash,2023,4,69.47
Tarash,2023,5,66.94
Tarash,2023,6,76.07
Tarash,2023,7,77.68
Tarash,2023,8,81.27
Tarash,2023,9,80.2
Tarash,2023,10,81.68
Tarash,2023,11,80.23
Tarash,2023,12,83.44
Teknaf,1977,1,60.1
Teknaf,1977,2,60.11
Teknaf,1977,3,71.23
Teknaf,1977,4,76.7
Teknaf,1977,5,74.94
Teknaf,1977,6,83.37
Teknaf,1977,7,86.45
Teknaf,1977,8,84.32
Teknaf,1977,9,80.97
Teknaf,1977,10,77.03
Teknaf,1977,11,71.1
Teknaf,1977,12,62.16
Teknaf,1978,1,51
Teknaf,1978,2,49.86
Teknaf,1978,3,58.65
Teknaf,1978,4,68.83
Teknaf,1978,5,75.68
Teknaf,1978,6,81.13
Teknaf,1978,7,81.71
Teknaf,1978,8,84.97
Teknaf,1978,9,81.37
Teknaf,1978,10,78.32
Teknaf,1978,11,68
Teknaf,1978,12,58.32
Teknaf,1979,1,57.97
Teknaf,1979,2,54.57
Teknaf,1979,3,64.97
Teknaf,1979,4,74.53
Teknaf,1979,5,73.77
Teknaf,1979,6,84.7
Teknaf,1979,7,85.61
Teknaf,1979,8,89.23
Teknaf,1979,9,86.3
Teknaf,1979,10,76.35
Teknaf,1979,11,68.77
Teknaf,1979,12,64.35
Teknaf,1980,1,54.84
Teknaf,1980,2,56.79
Teknaf,1980,3,67.39
Teknaf,1980,4,69.6
Teknaf,1980,5,75.06
Teknaf,1980,6,87.17
Teknaf,1980,7,88
Teknaf,1980,8,87.42
Teknaf,1980,9,83.5
Teknaf,1980,10,79.19
Teknaf,1980,11,68.23
Teknaf,1980,12,71.74
Teknaf,1981,1,73.94
Teknaf,1981,2,72.43
Teknaf,1981,3,65.1
Teknaf,1981,4,76.27
Teknaf,1981,5,76.81
Teknaf,1981,6,85
Teknaf,1981,7,89.19
Teknaf,1981,8,86.26
Teknaf,1981,9,81.37
Teknaf,1981,10,73.52
Teknaf,1981,11,70.03
Teknaf,1981,12,63.97
Teknaf,1982,1,55.52
Teknaf,1982,2,61.46
Teknaf,1982,3,59.9
Teknaf,1982,4,70.27
Teknaf,1982,5,71.29
Teknaf,1982,6,84.33
Teknaf,1982,7,86.42
Teknaf,1982,8,88.68
Teknaf,1982,9,83.63
Teknaf,1982,10,77.74
Teknaf,1982,11,63.5
Teknaf,1982,12,60.83
Teknaf,1983,1,58.16
Teknaf,1983,2,68.79
Teknaf,1983,3,79.26
Teknaf,1983,4,74.7
Teknaf,1983,5,78.74
Teknaf,1983,6,87.13
Teknaf,1983,8,86.77
Teknaf,1983,9,84.33
Teknaf,1983,10,79.42
Teknaf,1983,11,75.97
Teknaf,1983,12,64.58
Teknaf,1984,1,62.48
Teknaf,1984,2,55.07
Teknaf,1984,3,71.61
Teknaf,1984,4,71.8
Teknaf,1984,5,75.74
Teknaf,1984,6,87.07
Teknaf,1984,7,85.58
Teknaf,1984,8,88.03
Teknaf,1984,9,81.03
Teknaf,1984,10,79
Teknaf,1984,11,67.03
Teknaf,1984,12,60.26
Teknaf,1985,1,55.77
Teknaf,1985,2,54.36
Teknaf,1985,3,73.65
Teknaf,1985,4,72.7
Teknaf,1985,5,76.87
Teknaf,1985,6,86.73
Teknaf,1985,7,87.45
Teknaf,1985,8,87.9
Teknaf,1985,9,82.67
Teknaf,1985,10,74.84
Teknaf,1985,11,66.17
Teknaf,1985,12,68.23
Teknaf,1986,1,62.35
Teknaf,1986,2,56.93
Teknaf,1986,3,67.45
Teknaf,1986,4,71.3
Teknaf,1986,5,70.65
Teknaf,1986,6,84.43
Teknaf,1986,7,87.74
Teknaf,1986,8,86.29
Teknaf,1986,9,82.6
Teknaf,1986,10,79.94
Teknaf,1986,11,72.3
Teknaf,1986,12,66.13
Teknaf,1987,1,64.06
Teknaf,1987,2,64.11
Teknaf,1987,3,69.55
Teknaf,1987,4,75
Teknaf,1987,5,73.26
Teknaf,1987,6,84.83
Teknaf,1987,7,91.58
Teknaf,1987,8,88
Teknaf,1987,9,87.87
Teknaf,1987,10,78.42
Teknaf,1987,11,76.2
Teknaf,1987,12,67.13
Teknaf,1988,1,64.26
Teknaf,1988,2,64.62
Teknaf,1988,3,68.52
Teknaf,1988,4,73.73
Teknaf,1988,5,76.35
Teknaf,1988,6,87.1
Teknaf,1988,7,84.97
Teknaf,1988,8,87.74
Teknaf,1988,9,81.93
Teknaf,1988,10,78.48
Teknaf,1988,11,73.83
Teknaf,1988,12,70.81
Teknaf,1989,1,56.84
Teknaf,1989,2,67.68
Teknaf,1989,3,64.45
Teknaf,1989,4,72.57
Teknaf,1989,5,73.94
Teknaf,1989,6,86
Teknaf,1989,7,86
Teknaf,1989,8,88.52
Teknaf,1989,9,87.87
Teknaf,1989,10,88.81
Teknaf,1989,11,71.53
Teknaf,1989,12,70.06
Teknaf,1990,1,73.13
Teknaf,1990,2,74.32
Teknaf,1990,3,77.1
Teknaf,1990,4,78
Teknaf,1990,5,77.81
Teknaf,1990,6,88.2
Teknaf,1990,7,90.71
Teknaf,1990,8,85.29
Teknaf,1990,9,83.47
Teknaf,1990,10,79.13
Teknaf,1990,11,76.87
Teknaf,1990,12,72.71
Teknaf,1991,1,70.68
Teknaf,1991,2,67.75
Teknaf,1991,3,69.87
Teknaf,1991,4,74.6
Teknaf,1991,5,78
Teknaf,1991,6,89.77
Teknaf,1991,7,90.13
Teknaf,1991,8,89.97
Teknaf,1991,9,87.9
Teknaf,1991,10,83.68
Teknaf,1991,11,74.07
Teknaf,1991,12,69.39
Teknaf,1992,1,80.16
Teknaf,1992,2,93.31
Teknaf,1992,3,86.77
Teknaf,1992,4,77.13
Teknaf,1992,5,92.32
Teknaf,1992,6,89.83
Teknaf,1992,7,88.97
Teknaf,1992,8,87.68
Teknaf,1992,9,86.73
Teknaf,1992,10,83.81
Teknaf,1992,11,80.77
Teknaf,1992,12,74.52
Teknaf,1993,1,79.45
Teknaf,1993,2,72.79
Teknaf,1993,3,70.45
Teknaf,1993,4,78.17
Teknaf,1993,5,80.23
Teknaf,1993,6,89.1
Teknaf,1993,7,88.77
Teknaf,1993,8,90.65
Teknaf,1993,9,87.13
Teknaf,1993,10,83.1
Teknaf,1993,11,73.93
Teknaf,1993,12,70.74
Teknaf,1994,1,68.39
Teknaf,1994,2,56.82
Teknaf,1994,3,75.55
Teknaf,1994,4,79.1
Teknaf,1994,5,80
Teknaf,1994,6,91.27
Teknaf,1994,7,92.52
Teknaf,1994,8,90.32
Teknaf,1994,9,87.7
Teknaf,1994,10,84.9
Teknaf,1994,11,78.5
Teknaf,1994,12,68.45
Teknaf,1995,1,62.74
Teknaf,1995,2,73.79
Teknaf,1995,3,63.61
Teknaf,1995,4,80.77
Teknaf,1995,5,82.42
Teknaf,1995,6,89.73
Teknaf,1995,7,91.87
Teknaf,1995,8,89.77
Teknaf,1995,9,90.27
Teknaf,1995,10,85.61
Teknaf,1995,11,85.63
Teknaf,1995,12,71.52
Teknaf,1996,1,65.87
Teknaf,1996,2,75.45
Teknaf,1996,3,81.42
Teknaf,1996,4,82.4
Teknaf,1996,5,85.19
Teknaf,1996,6,87.03
Teknaf,1996,7,89.81
Teknaf,1996,8,90.94
Teknaf,1996,9,88.2
Teknaf,1996,10,84.42
Teknaf,1996,11,79.4
Teknaf,1996,12,73
Teknaf,1997,1,62.77
Teknaf,1997,2,71.96
Teknaf,1997,3,79.13
Teknaf,1997,4,79.37
Teknaf,1997,5,81.23
Teknaf,1997,6,87.97
Teknaf,1997,7,92.06
Teknaf,1997,8,89.97
Teknaf,1997,9,88.73
Teknaf,1997,10,82.55
Teknaf,1997,11,78.07
Teknaf,1997,12,72.94
Teknaf,1998,1,76.42
Teknaf,1998,2,70.79
Teknaf,1998,3,65.77
Teknaf,1998,4,79.43
Teknaf,1998,5,82.13
Teknaf,1998,6,86.9
Teknaf,1998,7,90.9
Teknaf,1998,8,91
Teknaf,1998,9,87.73
Teknaf,1998,10,84.32
Teknaf,1998,11,81.43
Teknaf,1998,12,70
Teknaf,1999,1,64.97
Teknaf,1999,2,67.32
Teknaf,1999,3,75.06
Teknaf,1999,4,76.47
Teknaf,1999,5,84.84
Teknaf,1999,6,89
Teknaf,1999,7,91
Teknaf,1999,8,92.19
Teknaf,1999,9,89.03
Teknaf,1999,10,85.9
Teknaf,1999,11,78.23
Teknaf,1999,12,74.74
Teknaf,2000,1,69.77
Teknaf,2000,2,61.28
Teknaf,2000,3,74.29
Teknaf,2000,4,77.77
Teknaf,2000,5,84.35
Teknaf,2000,6,88.3
Teknaf,2000,7,89.68
Teknaf,2000,8,86.94
Teknaf,2000,9,87.57
Teknaf,2000,10,84.45
Teknaf,2000,11,75.67
Teknaf,2000,12,62.13
Teknaf,2001,1,63.23
Teknaf,2001,2,70.18
Teknaf,2001,3,64.81
Teknaf,2001,4,76.83
Teknaf,2001,5,81.16
Teknaf,2001,6,92.07
Teknaf,2001,7,91.65
Teknaf,2001,8,89.45
Teknaf,2001,9,87.73
Teknaf,2001,10,85.81
Teknaf,2001,11,82.23
Teknaf,2001,12,73.39
Teknaf,2002,1,72.1
Teknaf,2002,2,62.32
Teknaf,2002,3,68.39
Teknaf,2002,4,76.27
Teknaf,2002,5,82.19
Teknaf,2002,6,88.4
Teknaf,2002,7,91.26
Teknaf,2002,8,88.84
Teknaf,2002,9,85.93
Teknaf,2002,10,86
Teknaf,2002,11,81.4
Teknaf,2002,12,72.29
Teknaf,2003,1,71.26
Teknaf,2003,2,66.39
Teknaf,2003,3,72.77
Teknaf,2003,4,78.93
Teknaf,2003,5,83.58
Teknaf,2003,6,92.1
Teknaf,2003,7,88.03
Teknaf,2003,8,89.42
Teknaf,2003,9,88.5
Teknaf,2003,10,84.97
Teknaf,2003,11,74.07
Teknaf,2003,12,74.77
Teknaf,2004,1,73.42
Teknaf,2004,2,68.9
Teknaf,2004,3,75.39
Teknaf,2004,4,80.03
Teknaf,2004,5,81.45
Teknaf,2004,6,87.1
Teknaf,2004,7,89.58
Teknaf,2004,8,91.45
Teknaf,2004,9,88.4
Teknaf,2004,10,85.29
Teknaf,2004,11,74.13
Teknaf,2004,12,73.71
Teknaf,2005,1,72
Teknaf,2005,2,70
Teknaf,2005,3,78.48
Teknaf,2005,4,79.07
Teknaf,2005,5,79
Teknaf,2005,6,85.43
Teknaf,2005,7,89.48
Teknaf,2005,8,93.16
Teknaf,2005,9,87.63
Teknaf,2005,10,84.06
Teknaf,2005,11,78.77
Teknaf,2005,12,79.58
Teknaf,2006,1,74.16
Teknaf,2006,2,77.5
Teknaf,2006,3,72.48
Teknaf,2006,4,78.03
Teknaf,2006,5,82.9
Teknaf,2006,6,87.63
Teknaf,2006,7,90.9
Teknaf,2006,8,89.48
Teknaf,2006,9,87.97
Teknaf,2006,10,85
Teknaf,2006,11,78
Teknaf,2006,12,71.65
Teknaf,2007,1,67.48
Teknaf,2007,2,68.64
Teknaf,2007,3,66.35
Teknaf,2007,4,78.6
Teknaf,2007,5,83.29
Teknaf,2007,6,84.7
Teknaf,2007,7,89.68
Teknaf,2007,8,88.94
Teknaf,2007,9,87.57
Teknaf,2007,10,87.45
Teknaf,2007,11,83.63
Teknaf,2007,12,73.23
Teknaf,2008,1,72.23
Teknaf,2008,2,67.31
Teknaf,2008,3,81.74
Teknaf,2008,4,76.8
Teknaf,2008,5,80.61
Teknaf,2008,6,89.17
Teknaf,2008,7,92.16
Teknaf,2008,8,90.1
Teknaf,2008,9,87.83
Teknaf,2008,10,85.55
Teknaf,2008,11,79.57
Teknaf,2008,12,75.23
Teknaf,2009,1,69.35
Teknaf,2009,2,66.29
Teknaf,2009,3,76.97
Teknaf,2009,4,80.43
Teknaf,2009,5,79.13
Teknaf,2009,6,86
Teknaf,2009,7,92.39
Teknaf,2009,8,90.39
Teknaf,2009,9,87.97
Teknaf,2009,10,84.87
Teknaf,2009,11,78.87
Teknaf,2009,12,72.45
Teknaf,2010,1,73.48
Teknaf,2010,2,67.68
Teknaf,2010,3,78.42
Teknaf,2010,4,84.9
Teknaf,2010,5,85.55
Teknaf,2010,6,90.33
Teknaf,2010,7,89.42
Teknaf,2010,8,87.94
Teknaf,2010,9,88.63
Teknaf,2010,10,87.45
Teknaf,2010,11,81.3
Teknaf,2010,12,79.06
Teknaf,2011,1,70.77
Teknaf,2011,2,69.64
Teknaf,2011,3,73
Teknaf,2011,4,79.37
Teknaf,2011,5,83.45
Teknaf,2011,6,90.4
Teknaf,2011,7,89.39
Teknaf,2011,8,90.42
Teknaf,2011,9,90.43
Teknaf,2011,10,85.71
Teknaf,2011,11,75.13
Teknaf,2011,12,77.03
Teknaf,2012,1,67.35
Teknaf,2012,2,59.9
Teknaf,2012,3,75.65
Teknaf,2012,4,79.83
Teknaf,2012,5,82.65
Teknaf,2012,6,88.63
Teknaf,2012,7,92.71
Teknaf,2012,8,89.94
Teknaf,2012,9,87.1
Teknaf,2012,10,83.19
Teknaf,2012,11,75.73
Teknaf,2012,12,69.84
Teknaf,2013,1,64.03
Teknaf,2013,2,62.61
Teknaf,2013,3,74.52
Teknaf,2013,4,77.37
Teknaf,2013,5,85.32
Teknaf,2013,6,87.13
Teknaf,2013,7,89.35
Teknaf,2013,8,87.81
Teknaf,2013,9,87.67
Teknaf,2013,10,84.74
Teknaf,2013,11,78.47
Teknaf,2013,12,71.61
Teknaf,2014,1,74.87
Teknaf,2014,2,71.82
Teknaf,2014,3,70.29
Teknaf,2014,4,80.17
Teknaf,2014,5,77.48
Teknaf,2014,6,85.5
Teknaf,2014,7,88.23
Teknaf,2014,8,90.55
Teknaf,2014,9,87.43
Teknaf,2014,10,82.32
Teknaf,2014,11,79.23
Teknaf,2014,12,75.74
Teknaf,2015,1,73.48
Teknaf,2015,2,68.32
Teknaf,2015,3,66.55
Teknaf,2015,4,78.9
Teknaf,2015,5,80.9
Teknaf,2015,6,88.47
Teknaf,2015,7,90.68
Teknaf,2015,8,87.87
Teknaf,2015,9,86.13
Teknaf,2015,10,83.55
Teknaf,2015,11,79.4
Teknaf,2015,12,75.97
Teknaf,2016,1,71.9
Teknaf,2016,2,72.76
Teknaf,2016,3,75.55
Teknaf,2016,4,76.53
Teknaf,2016,5,79.35
Teknaf,2016,6,85.53
Teknaf,2016,7,90.58
Teknaf,2016,8,89.35
Teknaf,2016,9,87.1
Teknaf,2016,10,85.52
Teknaf,2016,11,80.3
Teknaf,2016,12,77.94
Teknaf,2017,1,71.03
Teknaf,2017,2,70.64
Teknaf,2017,3,77.68
Teknaf,2017,4,81.27
Teknaf,2017,5,81.35
Teknaf,2017,6,86.8
Teknaf,2017,7,91
Teknaf,2017,8,89.26
Teknaf,2017,9,86.47
Teknaf,2017,10,82.71
Teknaf,2017,11,69.7
Teknaf,2017,12,73.32
Teknaf,2018,1,70.13
Teknaf,2018,2,75.43
Teknaf,2018,3,81.29
Teknaf,2018,4,79.73
Teknaf,2018,5,74.35
Teknaf,2018,6,83.43
Teknaf,2018,7,86.52
Teknaf,2018,8,84.9
Teknaf,2018,9,82.4
Teknaf,2018,10,83.68
Teknaf,2018,11,73.77
Teknaf,2018,12,74
Teknaf,2019,1,72.03
Teknaf,2019,2,70.43
Teknaf,2019,3,70.45
Teknaf,2019,4,72.23
Teknaf,2019,5,73.26
Teknaf,2019,6,82.27
Teknaf,2019,7,88.19
Teknaf,2019,8,84.58
Teknaf,2019,9,84.4
Teknaf,2019,10,82.13
Teknaf,2019,11,77.57
Teknaf,2019,12,67.74
Teknaf,2020,1,70.13
Teknaf,2020,2,67.17
Teknaf,2020,3,64
Teknaf,2020,4,74.67
Teknaf,2020,5,74.26
Teknaf,2020,6,83
Teknaf,2020,7,86
Teknaf,2020,8,86
Teknaf,2020,9,83
Teknaf,2020,10,82
Teknaf,2020,11,80
Teknaf,2020,12,66.43
Teknaf,2021,1,65.55
Teknaf,2021,2,64.55
Teknaf,2021,3,71.97
Teknaf,2021,4,73.03
Teknaf,2021,5,74.31
Teknaf,2021,6,86.97
Teknaf,2021,7,89.58
Teknaf,2021,8,87.86
Teknaf,2021,9,85.65
Teknaf,2021,10,85.13
Teknaf,2021,11,82.48
Teknaf,2021,12,74.23
Teknaf,2022,1,70.39
Teknaf,2022,2,74.14
Teknaf,2022,3,66.39
Teknaf,2022,4,77.4
Teknaf,2022,5,82.1
Teknaf,2022,6,87
Teknaf,2022,7,84.71
Teknaf,2022,8,86.16
Teknaf,2022,9,86.33
Teknaf,2022,10,83.23
Teknaf,2022,11,77.37
Teknaf,2022,12,75.32
Teknaf,2023,1,69.87
Teknaf,2023,2,69.75
Teknaf,2023,3,71.37
Teknaf,2023,4,72.3
Teknaf,2023,5,76.44
Teknaf,2023,6,83.15
Teknaf,2023,7,81.66
Teknaf,2023,8,86.4
Teknaf,2023,9,84.38
Teknaf,2023,10,82.97
Teknaf,2023,11,81.7
Teknaf,2023,12,81.65
Teknaf,2024,1,74
Teknaf,2024,2,75
Teknaf,2024,3,77
Teknaf,2024,4,77
Teknaf,2024,5,81
Tetulia,2020,12,84.08
Tetulia,2021,1,85.92
Tetulia,2021,2,69.98
Tetulia,2021,3,60.14
Tetulia,2021,4,58.25
Tetulia,2021,5,74.76
Tetulia,2021,6,82.05
Tetulia,2023,1,84.94
Tetulia,2023,2,71.38
Tetulia,2023,3,63.79
Tetulia,2023,4,61.83
Tetulia,2023,5,63.26
Tetulia,2023,6,76.2
Tetulia,2023,7,82.82
Tetulia,2023,8,84.21
Tetulia,2023,9,78.27
Tetulia,2023,10,79.18
Tetulia,2023,11,72.1
Tetulia,2023,12,81.06
