WQ_Station_Name,Year,Parameter_Type,Value
1 km straight from CEPZ,2019,Biochemical Oxygen Demand,29.5
1 km straight from CEPZ,2019,Chemical Oxygen Demand,715
1 km straight from CEPZ,2019,Dissolved Oxygen,7.53
1 km straight from CEPZ,2019,Plastic and Marine Debris,90
1 km straight from CEPZ,2019,Salinity,11.27
1 km straight from CEPZ,2019,pH,7.81
1 km straight from CEPZ,2020,Biochemical Oxygen Demand,8
1 km straight from CEPZ,2020,Chemical Oxygen Demand,169
1 km straight from CEPZ,2020,Dissolved Oxygen,6.99
1 km straight from CEPZ,2020,Salinity,2.2
1 km straight from CEPZ,2020,pH,7.03
1 km straight from CEPZ,2021,Biochemical Oxygen Demand,18
1 km straight from CEPZ,2021,Chemical Oxygen Demand,102
1 km straight from CEPZ,2021,Dissolved Oxygen,7.49
1 km straight from CEPZ,2021,Salinity,15.57
1 km straight from CEPZ,2021,pH,6.15
1 km straight from CEPZ,2022,Dissolved Oxygen,7.54
1 km straight from CEPZ,2022,Salinity,17.23
1 km straight from CEPZ,2022,pH,7.65
1 km straight from CEPZ,2023,Dissolved Oxygen,6.9
1 km straight from CEPZ,2023,Salinity,15.6
1 km straight from CEPZ,2023,pH,7.8
1 km straight from CEPZ,2024,Dissolved Oxygen,9.64
1 km straight from CEPZ,2024,Salinity,6.3
1 km straight from CEPZ,2024,pH,8.3
1 km straight from Patenga Sea Beach,2019,Biochemical Oxygen Demand,26.25
1 km straight from Patenga Sea Beach,2019,Chemical Oxygen Demand,743
1 km straight from Patenga Sea Beach,2019,Dissolved Oxygen,7.75
1 km straight from Patenga Sea Beach,2019,Plastic and Marine Debris,860
1 km straight from Patenga Sea Beach,2019,Salinity,11.86
1 km straight from Patenga Sea Beach,2019,pH,7.84
1 km straight from Patenga Sea Beach,2020,Biochemical Oxygen Demand,6
1 km straight from Patenga Sea Beach,2020,Chemical Oxygen Demand,132
1 km straight from Patenga Sea Beach,2020,Dissolved Oxygen,6.65
1 km straight from Patenga Sea Beach,2020,Salinity,4.3
1 km straight from Patenga Sea Beach,2020,pH,6.94
1 km straight from Patenga Sea Beach,2021,Biochemical Oxygen Demand,16
1 km straight from Patenga Sea Beach,2021,Chemical Oxygen Demand,106
1 km straight from Patenga Sea Beach,2021,Dissolved Oxygen,7.23
1 km straight from Patenga Sea Beach,2021,Salinity,12.09
1 km straight from Patenga Sea Beach,2021,pH,7.31
1 km straight from Patenga Sea Beach,2022,Dissolved Oxygen,7.3
1 km straight from Patenga Sea Beach,2022,Salinity,13.25
1 km straight from Patenga Sea Beach,2022,pH,7.89
1 km straight from Patenga Sea Beach,2023,Dissolved Oxygen,7.61
1 km straight from Patenga Sea Beach,2023,Salinity,14.7
1 km straight from Patenga Sea Beach,2023,pH,7.46
1 km straight from Patenga Sea Beach,2024,Dissolved Oxygen,8.32
1 km straight from Patenga Sea Beach,2024,Salinity,4.8
1 km straight from Patenga Sea Beach,2024,pH,7.92
15 no Ghat,2020,Biochemical Oxygen Demand,155
15 no Ghat,2020,Chemical Oxygen Demand,766.67
15 no Ghat,2020,Dissolved Oxygen,5.99
15 no Ghat,2020,pH,7.92
1km Straight from CEPZ,2019,Chemical Oxygen Demand,743.33
1km Straight from CEPZ,2019,Dissolved Oxygen,7.44
1km Straight from CEPZ,2019,pH,7.81
1km Straight from CEPZ,2020,Biochemical Oxygen Demand,615.25
1km Straight from CEPZ,2020,Dissolved Oxygen,7.62
1km Straight from CEPZ,2020,pH,7.63
1km Straight from patenga sea beach,2019,Chemical Oxygen Demand,766.67
1km Straight from patenga sea beach,2019,Dissolved Oxygen,7.66
1km Straight from patenga sea beach,2019,pH,7.84
1km Straight from patenga sea beach,2020,Biochemical Oxygen Demand,786.17
1km Straight from patenga sea beach,2020,Chemical Oxygen Demand,743.33
1km Straight from patenga sea beach,2020,Dissolved Oxygen,7.63
1km Straight from patenga sea beach,2020,pH,7.68
8 No. Road Bridge,2020,Biochemical Oxygen Demand,9
8 No. Road Bridge,2021,Biochemical Oxygen Demand,9.44
8 No. Road Bridge,2022,Biochemical Oxygen Demand,5.2
8 No. Road Bridge,2023,Biochemical Oxygen Demand,7.7
Alipur,2021,Biochemical Oxygen Demand,12
Alipur,2021,Chemical Oxygen Demand,44
Alipur,2021,Dissolved Oxygen,2.8
Alipur,2021,pH,7.86
Annando Bazar,2021,Biochemical Oxygen Demand,4.25
Annando Bazar,2021,Dissolved Oxygen,6.8
Annando Bazar,2021,pH,7.12
Anondo Bazar,2022,Biochemical Oxygen Demand,4.74
Anondo Bazar,2022,Chemical Oxygen Demand,24.43
Anondo Bazar,2022,Dissolved Oxygen,4.83
Anondo Bazar,2022,pH,7.13
Anondo Bazar,2023,Biochemical Oxygen Demand,4.48
Anondo Bazar,2023,Dissolved Oxygen,6.04
Anondo Bazar,2023,pH,6.04
Ashulia,2021,Biochemical Oxygen Demand,16.22
Ashulia,2021,Chemical Oxygen Demand,50.22
Ashulia,2021,Dissolved Oxygen,2.6
Ashulia,2021,pH,7.22
Ashulia,2022,Biochemical Oxygen Demand,13.22
Ashulia,2022,Chemical Oxygen Demand,45.33
Ashulia,2022,Dissolved Oxygen,3.66
Ashulia,2022,pH,7.48
Ashulia,2023,Biochemical Oxygen Demand,12.35
Ashulia,2023,Chemical Oxygen Demand,26.11
Ashulia,2023,Dissolved Oxygen,2.78
Ashulia,2023,pH,2.78
Ashulia BIWTA Landing Station,2018,Biochemical Oxygen Demand,12.89
Ashulia BIWTA Landing Station,2018,Chemical Oxygen Demand,47.27
Ashulia BIWTA Landing Station,2018,Dissolved Oxygen,3.41
Ashulia BIWTA Landing Station,2018,pH,7.55
Ashulia BIWTA Landing Station,2019,Biochemical Oxygen Demand,15.67
Ashulia BIWTA Landing Station,2019,Chemical Oxygen Demand,54.82
Ashulia BIWTA Landing Station,2019,Dissolved Oxygen,2.75
Ashulia BIWTA Landing Station,2019,pH,7.4
Ashulia BIWTA Landing Station,2020,Biochemical Oxygen Demand,22.6
Ashulia BIWTA Landing Station,2020,Chemical Oxygen Demand,67.05
Ashulia BIWTA Landing Station,2020,Dissolved Oxygen,2.79
Ashulia BIWTA Landing Station,2020,pH,7.4
Aziz Ahmed Taki Road (Down),2021,Biochemical Oxygen Demand,4.77
Aziz Ahmed Taki Road (Down),2021,Dissolved Oxygen,4.6
Aziz Ahmed Taki Road (Down),2021,pH,7.07
Aziz Ahmed Taki Road (Down),2023,Biochemical Oxygen Demand,3.99
Aziz Ahmed Taki Road (Down),2023,Dissolved Oxygen,3.54
Aziz Ahmed Taki Road (Down),2023,pH,3.54
Aziz Ahmed Taki Road (Downstream),2022,Biochemical Oxygen Demand,3.07
Aziz Ahmed Taki Road (Downstream),2022,Dissolved Oxygen,5.78
Aziz Ahmed Taki Road (Downstream),2022,pH,7.16
Aziz Ahmed Taki Road (UP),2021,Biochemical Oxygen Demand,4.77
Aziz Ahmed Taki Road (UP),2021,Dissolved Oxygen,4.6
Aziz Ahmed Taki Road (UP),2021,pH,7.07
Aziz Ahmed Taki Road (Up),2023,Biochemical Oxygen Demand,3.99
Aziz Ahmed Taki Road (Up),2023,Dissolved Oxygen,3.54
Aziz Ahmed Taki Road (Up),2023,pH,3.54
Aziz Ahmed Taki Road (Upstream),2022,Biochemical Oxygen Demand,3.07
Aziz Ahmed Taki Road (Upstream),2022,Dissolved Oxygen,5.78
Aziz Ahmed Taki Road (Upstream),2022,pH,7.16
B.C.F.B,2021,Biochemical Oxygen Demand,18.9
B.C.F.B,2021,Chemical Oxygen Demand,63.3
B.C.F.B,2021,Dissolved Oxygen,2.07
B.C.F.B,2021,pH,7.26
Badda-Gulshan Link Road Bridge,2020,Biochemical Oxygen Demand,25.2
Badda-Gulshan Link Road Bridge,2021,Biochemical Oxygen Demand,23.56
Badda-Gulshan Link Road Bridge,2022,Biochemical Oxygen Demand,27.25
Badda-Gulshan Link Road Bridge,2023,Biochemical Oxygen Demand,20.43
Bagerhat (M.S),2018,Biochemical Oxygen Demand,0.7
Bagerhat (M.S),2018,Dissolved Oxygen,5.09
Bagerhat (M.S),2018,Salinity,0.22
Bagerhat (M.S),2018,pH,7.47
Bagerhat (M.S),2019,Biochemical Oxygen Demand,0.71
Bagerhat (M.S),2019,Dissolved Oxygen,5.66
Bagerhat (M.S),2019,pH,7.43
Bagerhat (M.S),2020,Biochemical Oxygen Demand,1.58
Bagerhat (M.S),2020,Dissolved Oxygen,6.64
Bagerhat (M.S),2020,pH,7.78
Bagerhat (O.S),2018,Biochemical Oxygen Demand,0.75
Bagerhat (O.S),2018,Dissolved Oxygen,5.05
Bagerhat (O.S),2018,Salinity,0.2
Bagerhat (O.S),2018,pH,7.46
Bagerhat (O.S),2019,Biochemical Oxygen Demand,0.67
Bagerhat (O.S),2019,Dissolved Oxygen,5.63
Bagerhat (O.S),2019,pH,7.42
Bagerhat (O.S),2020,Biochemical Oxygen Demand,1.56
Bagerhat (O.S),2020,Dissolved Oxygen,6.64
Bagerhat (O.S),2020,pH,7.78
Bairob Ferry Ghat,2021,Biochemical Oxygen Demand,6.22
Bairob Ferry Ghat,2021,Dissolved Oxygen,6.14
Bairob Ferry Ghat,2021,pH,7.34
Bangladesg China Frendship Bridge,2018,Biochemical Oxygen Demand,8.83
Bangladesg China Frendship Bridge,2018,Chemical Oxygen Demand,32.18
Bangladesg China Frendship Bridge,2018,Dissolved Oxygen,1.66
Bangladesg China Frendship Bridge,2018,pH,7.42
Bangladesg China Frendship Bridge,2019,Biochemical Oxygen Demand,12.07
Bangladesg China Frendship Bridge,2019,Chemical Oxygen Demand,42
Bangladesg China Frendship Bridge,2019,Dissolved Oxygen,1.27
Bangladesg China Frendship Bridge,2019,pH,7.3
Bangladesg China Frendship Bridge,2020,Biochemical Oxygen Demand,13.97
Bangladesg China Frendship Bridge,2020,Chemical Oxygen Demand,53.92
Bangladesg China Frendship Bridge,2020,Dissolved Oxygen,2.16
Bangladesg China Frendship Bridge,2020,pH,7.18
Bangladesg China Friendship Bridge,2022,Biochemical Oxygen Demand,14.75
Bangladesg China Friendship Bridge,2022,Chemical Oxygen Demand,44.75
Bangladesg China Friendship Bridge,2022,Dissolved Oxygen,2.66
Bangladesg China Friendship Bridge,2022,pH,7.16
Bangladesg China Friendship Bridge,2023,Biochemical Oxygen Demand,12.33
Bangladesg China Friendship Bridge,2023,Chemical Oxygen Demand,46.56
Bangladesg China Friendship Bridge,2023,Dissolved Oxygen,1.99
Bangladesg China Friendship Bridge,2023,pH,1.99
Banishanta,2021,Biochemical Oxygen Demand,2.11
Banishanta,2021,Dissolved Oxygen,6.18
Banishanta,2021,pH,8.14
Banishanta,2022,Dissolved Oxygen,0.7
Banishanta,2022,pH,7.52
Banishanta,2023,Biochemical Oxygen Demand,15.15
Banishanta,2023,Dissolved Oxygen,6.71
Banishanta,2023,pH,6.71
Barha Ghat,2021,Biochemical Oxygen Demand,8
Barha Ghat,2021,Dissolved Oxygen,7.08
Barha Ghat,2021,pH,7.61
Barha Ghat,2022,Biochemical Oxygen Demand,6.18
Barha Ghat,2022,Dissolved Oxygen,7.6
Barha Ghat,2022,pH,7.85
Barha Ghat,2023,Biochemical Oxygen Demand,3.53
Barha Ghat,2023,Dissolved Oxygen,7.57
Barha Ghat,2023,pH,7.57
Baro kuti Ghat (D.S),2018,Biochemical Oxygen Demand,2.15
Baro kuti Ghat (D.S),2018,Dissolved Oxygen,7.14
Baro kuti Ghat (D.S),2018,pH,7.49
Baro kuti Ghat (D.S),2019,Biochemical Oxygen Demand,2.25
Baro kuti Ghat (D.S),2019,Dissolved Oxygen,7.29
Baro kuti Ghat (D.S),2019,pH,7.55
Baro kuti Ghat (D.S),2020,Biochemical Oxygen Demand,2.31
Baro kuti Ghat (D.S),2020,Dissolved Oxygen,7.56
Baro kuti Ghat (D.S),2020,pH,7.7
Baro kuti Ghat (U.S),2018,Biochemical Oxygen Demand,2.2
Baro kuti Ghat (U.S),2018,Dissolved Oxygen,7.25
Baro kuti Ghat (U.S),2018,pH,7.48
Baro kuti Ghat (U.S),2019,Biochemical Oxygen Demand,2.27
Baro kuti Ghat (U.S),2019,Dissolved Oxygen,7.31
Baro kuti Ghat (U.S),2019,pH,7.56
Baro kuti Ghat (U.S),2020,Biochemical Oxygen Demand,2.33
Baro kuti Ghat (U.S),2020,Dissolved Oxygen,7.53
Baro kuti Ghat (U.S),2020,pH,7.7
Basundia Bazar,2022,Biochemical Oxygen Demand,3.5
Basundia Bazar,2022,Dissolved Oxygen,1.01
Basundia Bazar,2022,pH,8.26
Basundia Bazar,2023,Biochemical Oxygen Demand,7.99
Basundia Bazar,2023,Dissolved Oxygen,5.33
Basundia Bazar,2023,pH,5.33
"Basundia Bazar, Aladipur",2021,Biochemical Oxygen Demand,2.6
"Basundia Bazar, Aladipur",2021,Dissolved Oxygen,4.62
"Basundia Bazar, Aladipur",2021,pH,8.23
Batiaghata By Pass,2021,Biochemical Oxygen Demand,2.6
Batiaghata By Pass,2021,Dissolved Oxygen,6.33
Batiaghata By Pass,2021,pH,8.22
Batiaghata By Pass,2022,Dissolved Oxygen,5.4
Batiaghata By Pass,2022,pH,7.46
Batiaghata By Pass,2023,Biochemical Oxygen Demand,8.02
Batiaghata By Pass,2023,Dissolved Oxygen,6.71
Batiaghata By Pass,2023,pH,6.71
Beltola Fery Gaht (M),2018,Biochemical Oxygen Demand,2.15
Beltola Fery Gaht (M),2018,Dissolved Oxygen,5.81
Beltola Fery Gaht (M),2018,pH,7.63
Beltola Fery Gaht (M),2019,Biochemical Oxygen Demand,2.04
Beltola Fery Gaht (M),2019,Dissolved Oxygen,6.04
Beltola Fery Gaht (M),2019,pH,7.65
Beltola Fery Gaht (M),2020,Biochemical Oxygen Demand,2.55
Beltola Fery Gaht (M),2020,Dissolved Oxygen,6.28
Beltola Fery Gaht (M),2020,pH,7.6
Beltola Fery Gaht (S),2018,Biochemical Oxygen Demand,2
Beltola Fery Gaht (S),2018,Dissolved Oxygen,5.84
Beltola Fery Gaht (S),2018,pH,7.65
Beltola Fery Gaht (S),2019,Biochemical Oxygen Demand,2.04
Beltola Fery Gaht (S),2019,Dissolved Oxygen,6.14
Beltola Fery Gaht (S),2019,pH,7.64
Beltola Fery Gaht (S),2020,Biochemical Oxygen Demand,2.48
Beltola Fery Gaht (S),2020,Dissolved Oxygen,6.45
Beltola Fery Gaht (S),2020,pH,7.72
Bhadurabad Ghat,2018,Dissolved Oxygen,7.31
Bhadurabad Ghat,2018,pH,8.43
Bhadurabad Ghat,2019,Biochemical Oxygen Demand,2.1
Bhadurabad Ghat,2019,Dissolved Oxygen,6.2
Bhadurabad Ghat,2019,pH,8.27
Bhairob Bazar,2018,Biochemical Oxygen Demand,1.2
Bhairob Bazar,2018,Chemical Oxygen Demand,13
Bhairob Bazar,2018,Dissolved Oxygen,7
Bhairob Bazar,2018,pH,7.37
Bhairob Bazar,2019,Biochemical Oxygen Demand,3.48
Bhairob Bazar,2019,Dissolved Oxygen,5.52
Bhairob Bazar,2019,pH,7.28
Bhairob Bazar,2020,Biochemical Oxygen Demand,3.48
Bhairob Bazar,2020,Dissolved Oxygen,5.52
Bhairob Bazar,2020,pH,7.28
Bhairob Bazar,2022,Biochemical Oxygen Demand,3.44
Bhairob Bazar,2022,Chemical Oxygen Demand,21.29
Bhairob Bazar,2022,Dissolved Oxygen,6.04
Bhairob Bazar,2022,pH,7.15
Bhairob Bazar,2023,Biochemical Oxygen Demand,7.5
Bhairob Bazar,2023,Dissolved Oxygen,6.09
Bhairob Bazar,2023,pH,6.09
"Bheutha Ghat, Manikganj",2021,Biochemical Oxygen Demand,5.25
"Bheutha Ghat, Manikganj",2021,Dissolved Oxygen,7.8
"Bheutha Ghat, Manikganj",2021,pH,7.42
"Bheutha Ghat, Manikganj",2022,Biochemical Oxygen Demand,6
"Bheutha Ghat, Manikganj",2022,Dissolved Oxygen,7.2
"Bheutha Ghat, Manikganj",2022,pH,7.53
"Bheutha Ghat, Manikganj",2023,Biochemical Oxygen Demand,6.6
"Bheutha Ghat, Manikganj",2023,Dissolved Oxygen,6.03
"Bheutha Ghat, Manikganj",2023,pH,6.03
"Bheutha Ghat, Manikgonj",2018,Biochemical Oxygen Demand,3.08
"Bheutha Ghat, Manikgonj",2018,Chemical Oxygen Demand,12.16
"Bheutha Ghat, Manikgonj",2018,Dissolved Oxygen,7.52
"Bheutha Ghat, Manikgonj",2018,pH,7.19
"Bheutha Ghat, Manikgonj",2019,Biochemical Oxygen Demand,3.67
"Bheutha Ghat, Manikgonj",2019,Dissolved Oxygen,6.26
"Bheutha Ghat, Manikgonj",2019,pH,7.54
"Bheutha Ghat, Manikgonj",2020,Biochemical Oxygen Demand,3.67
"Bheutha Ghat, Manikgonj",2020,Dissolved Oxygen,6.26
"Bheutha Ghat, Manikgonj",2020,pH,7.54
Bish Nondi Ghat,2021,Biochemical Oxygen Demand,7.525
Bish Nondi Ghat,2021,Dissolved Oxygen,5.65
Bish Nondi Ghat,2021,pH,7.285
Bisnondi,2022,Biochemical Oxygen Demand,5.1
Bisnondi,2022,Chemical Oxygen Demand,22.29
Bisnondi,2022,Dissolved Oxygen,5.34
Bisnondi,2022,pH,7.24
Bisnondi Ferry Ghat,2023,Biochemical Oxygen Demand,3.17
Bisnondi Ferry Ghat,2023,Dissolved Oxygen,5.62
Bisnondi Ferry Ghat,2023,pH,5.62
Boraikhali,2020,Chemical Oxygen Demand,88
Boraikhali,2020,Dissolved Oxygen,7.79
Boraikhali,2020,pH,7.02
Boshontopur,2021,Biochemical Oxygen Demand,6
Boshontopur,2021,Dissolved Oxygen,8.31
Boshontopur,2021,pH,4.8
Boshontopur,2022,Biochemical Oxygen Demand,1.3
Boshontopur,2022,Dissolved Oxygen,5.4
Boshontopur,2022,pH,7.75
Boshontopur,2023,Biochemical Oxygen Demand,6.06
Boshontopur,2023,Dissolved Oxygen,6.26
Boshontopur,2023,pH,6.26
Bosila Bridge,2021,Biochemical Oxygen Demand,22.92
Bosila Bridge,2021,Chemical Oxygen Demand,56.9
Bosila Bridge,2021,Dissolved Oxygen,2.15
Bosila Bridge,2021,pH,7.25
Bosila Bridge,2022,Biochemical Oxygen Demand,12.83
Bosila Bridge,2022,Chemical Oxygen Demand,42.25
Bosila Bridge,2022,Dissolved Oxygen,2.92
Bosila Bridge,2022,pH,7.25
Bosila Bridge,2023,Biochemical Oxygen Demand,9
Bosila Bridge,2023,Chemical Oxygen Demand,36.11
Bosila Bridge,2023,Dissolved Oxygen,2.49
Bosila Bridge,2023,pH,2.49
Buro Moulavir Darga,2021,Biochemical Oxygen Demand,57
Buro Moulavir Darga,2021,Dissolved Oxygen,2.04
Buro Moulavir Darga,2021,pH,7.84
Buro Moulavir Darga,2022,Biochemical Oxygen Demand,57
Buro Moulavir Darga,2022,Dissolved Oxygen,2.04
Buro Moulavir Darga,2022,pH,7.84
Buro Moulavir Darga,2023,Biochemical Oxygen Demand,17.39
Buro Moulavir Darga,2023,Dissolved Oxygen,0
Buro Moulavir Darga,2023,pH,0
CETP (DN),2018,Biochemical Oxygen Demand,10.55
CETP (DN),2018,Chemical Oxygen Demand,30.37
CETP (DN),2018,Dissolved Oxygen,3.37
CETP (DN),2018,pH,7.75
CETP (DN),2019,Biochemical Oxygen Demand,2.84
CETP (DN),2019,Chemical Oxygen Demand,15.8
CETP (DN),2019,Dissolved Oxygen,3.82
CETP (DN),2019,pH,7.75
CETP (Dr),2018,Biochemical Oxygen Demand,36.77
CETP (Dr),2018,Chemical Oxygen Demand,118.87
CETP (Dr),2018,Dissolved Oxygen,2.24
CETP (Dr),2018,pH,7.86
CETP (Dr),2019,Biochemical Oxygen Demand,5.44
CETP (Dr),2019,Chemical Oxygen Demand,24.4
CETP (Dr),2019,Dissolved Oxygen,3.52
CETP (Dr),2019,pH,7.86
CETP (Up),2018,Biochemical Oxygen Demand,5.63
CETP (Up),2018,Chemical Oxygen Demand,25
CETP (Up),2018,Dissolved Oxygen,4.13
CETP (Up),2018,pH,7.83
CETP (Up),2019,Biochemical Oxygen Demand,2.72
CETP (Up),2019,Chemical Oxygen Demand,12
CETP (Up),2019,Dissolved Oxygen,4.22
CETP (Up),2019,pH,7.83
CUFL,2018,Chemical Oxygen Demand,214.33
CUFL,2018,Dissolved Oxygen,6.7
CUFL,2018,Salinity,9.13
CUFL,2018,pH,7.58
CUFL,2019,Chemical Oxygen Demand,581
CUFL,2019,Dissolved Oxygen,7.22
CUFL,2019,pH,7.71
CUFL,2021,Biochemical Oxygen Demand,75.64
CUFL,2021,Chemical Oxygen Demand,286.55
CUFL,2021,Dissolved Oxygen,7.32
CUFL,2021,pH,7.65
CUFL,2022,Biochemical Oxygen Demand,11.35
CUFL,2022,Chemical Oxygen Demand,53.25
CUFL,2022,Dissolved Oxygen,7.58
CUFL,2022,pH,7.25
CUFL,2023,Biochemical Oxygen Demand,6.75
CUFL,2023,Chemical Oxygen Demand,39.08
CUFL,2023,Dissolved Oxygen,7.65
CUFL,2023,pH,7.65
CUFL Side Anowara,2020,Biochemical Oxygen Demand,628.42
CUFL Side Anowara,2020,Chemical Oxygen Demand,581
CUFL Side Anowara,2020,Dissolved Oxygen,7.21
CUFL Side Anowara,2020,pH,7.65
Chadnighat,2018,Biochemical Oxygen Demand,9.5
Chadnighat,2018,Chemical Oxygen Demand,30
Chadnighat,2018,Dissolved Oxygen,2.11
Chadnighat,2018,pH,7.35
Chadnighat,2019,Biochemical Oxygen Demand,10.15
Chadnighat,2019,Chemical Oxygen Demand,38.83
Chadnighat,2019,Dissolved Oxygen,1.22
Chadnighat,2019,pH,7.29
Chadnighat,2020,Biochemical Oxygen Demand,14.7
Chadnighat,2020,Chemical Oxygen Demand,57.5
Chadnighat,2020,Dissolved Oxygen,2.12
Chadnighat,2020,pH,7.19
Chadnighat,2021,Biochemical Oxygen Demand,19.44
Chadnighat,2021,Chemical Oxygen Demand,58.9
Chadnighat,2021,Dissolved Oxygen,1.66
Chadnighat,2021,pH,7.26
Chadnighat,2022,Biochemical Oxygen Demand,13.98
Chadnighat,2022,Chemical Oxygen Demand,46.25
Chadnighat,2022,Dissolved Oxygen,2.17
Chadnighat,2022,pH,7.17
Chadnighat,2023,Biochemical Oxygen Demand,12.22
Chadnighat,2023,Chemical Oxygen Demand,31.56
Chadnighat,2023,Dissolved Oxygen,1.7
Chadnighat,2023,pH,1.7
Charer Hat (M),2022,Biochemical Oxygen Demand,1.3
Charer Hat (M),2022,Dissolved Oxygen,5.1
Charer Hat (M),2022,pH,8.06
Charer Hat Sulpur Aijgati (M),2023,Biochemical Oxygen Demand,10.27
Charer Hat Sulpur Aijgati (M),2023,Dissolved Oxygen,6.32
Charer Hat Sulpur Aijgati (M),2023,pH,6.32
"Charer Hat, Sulpur Aijgati (M)",2021,Biochemical Oxygen Demand,1.75
"Charer Hat, Sulpur Aijgati (M)",2021,Dissolved Oxygen,6.13
"Charer Hat, Sulpur Aijgati (M)",2021,pH,8.38
Charerhat Ghat (M),2018,pH,5.77
Charerhat Ghat (O),2018,Biochemical Oxygen Demand,0.85
Charerhat Ghat (O),2018,pH,5.77
Charerhat Ghat (S),2018,Biochemical Oxygen Demand,0.85
Chhatak,2018,Biochemical Oxygen Demand,2.2
Chhatak,2018,Chemical Oxygen Demand,17.6
Chhatak,2018,Dissolved Oxygen,6.76
Chhatak,2018,pH,8.08
Chhatak,2019,Biochemical Oxygen Demand,2.1
Chhatak,2019,Chemical Oxygen Demand,10
Chhatak,2019,Dissolved Oxygen,6.9
Chhatak,2019,pH,7.9
Chhatak,2020,Biochemical Oxygen Demand,2.14
Chhatak,2020,Chemical Oxygen Demand,9.75
Chhatak,2020,Dissolved Oxygen,7
Chhatak,2020,pH,6.83
Chhatak,2021,Biochemical Oxygen Demand,2.71
Chhatak,2021,Chemical Oxygen Demand,18
Chhatak,2021,Dissolved Oxygen,6.99
Chhatak,2021,pH,6.85
Chhatak,2022,Biochemical Oxygen Demand,2.5
Chhatak,2022,Chemical Oxygen Demand,10
Chhatak,2022,Dissolved Oxygen,6.98
Chhatak,2022,pH,6.84
Chhatak,2023,Biochemical Oxygen Demand,3
Chhatak,2023,Chemical Oxygen Demand,9.75
Chhatak,2023,Dissolved Oxygen,7.74
Chhatak,2023,pH,7.74
Demra Ghat,2018,Biochemical Oxygen Demand,7.19
Demra Ghat,2018,Chemical Oxygen Demand,28.74
Demra Ghat,2018,Dissolved Oxygen,3.77
Demra Ghat,2018,pH,7.71
Demra Ghat,2019,Biochemical Oxygen Demand,10.28
Demra Ghat,2019,Chemical Oxygen Demand,38.4
Demra Ghat,2019,Dissolved Oxygen,2.46
Demra Ghat,2019,pH,7.16
Demra Ghat,2020,Biochemical Oxygen Demand,15.68
Demra Ghat,2020,Chemical Oxygen Demand,49.4
Demra Ghat,2020,Dissolved Oxygen,1.65
Demra Ghat,2020,pH,7.27
Dhalaitala,2021,Biochemical Oxygen Demand,3.5
Dhalaitala,2021,Dissolved Oxygen,4.3
Dhalaitala,2021,pH,7.86
Dhalaitala,2023,Biochemical Oxygen Demand,4.57
Dhalaitala,2023,Dissolved Oxygen,6.65
Dhalaitala,2023,pH,6.65
Dopdopia Kheyaghat (M),2018,Biochemical Oxygen Demand,2.16
Dopdopia Kheyaghat (M),2018,Dissolved Oxygen,5.75
Dopdopia Kheyaghat (M),2018,pH,7.71
Dopdopia Kheyaghat (M),2019,Biochemical Oxygen Demand,2.07
Dopdopia Kheyaghat (M),2019,Dissolved Oxygen,6.01
Dopdopia Kheyaghat (M),2019,pH,7.71
Dopdopia Kheyaghat (M),2020,Biochemical Oxygen Demand,2.41
Dopdopia Kheyaghat (M),2020,Dissolved Oxygen,6.21
Dopdopia Kheyaghat (M),2020,pH,7.29
Dopdopia Kheyaghat (M),2021,Dissolved Oxygen,5.76
Dopdopia Kheyaghat (M),2021,pH,7.96
Dopdopia Kheyaghat (M),2022,Chemical Oxygen Demand,230.5
Dopdopia Kheyaghat (M),2022,Dissolved Oxygen,6.85
Dopdopia Kheyaghat (M),2022,pH,7.75
Dopdopia Kheyaghat (M),2023,Dissolved Oxygen,6.84
Dopdopia Kheyaghat (M),2023,pH,6.84
Dopdopia Kheyaghat (S),2018,Biochemical Oxygen Demand,2.12
Dopdopia Kheyaghat (S),2018,Dissolved Oxygen,5.74
Dopdopia Kheyaghat (S),2018,pH,7.7
Dopdopia Kheyaghat (S),2019,Biochemical Oxygen Demand,2.09
Dopdopia Kheyaghat (S),2019,Dissolved Oxygen,5.95
Dopdopia Kheyaghat (S),2019,pH,7.71
Dopdopia Kheyaghat (S),2020,Biochemical Oxygen Demand,2.43
Dopdopia Kheyaghat (S),2020,Dissolved Oxygen,6.21
Dopdopia Kheyaghat (S),2020,pH,7.33
Dopdopia Kheyaghat (S),2021,Dissolved Oxygen,5.75
Dopdopia Kheyaghat (S),2021,pH,7.98
Dopdopia Kheyaghat (S),2022,Chemical Oxygen Demand,276
Dopdopia Kheyaghat (S),2022,Dissolved Oxygen,6.55
Dopdopia Kheyaghat (S),2022,pH,7.95
Dopdopia Kheyaghat (S),2023,Dissolved Oxygen,7.36
Dopdopia Kheyaghat (S),2023,pH,7.36
Dorshona Railway Junction,2021,Biochemical Oxygen Demand,2.33
Dorshona Railway Junction,2021,Dissolved Oxygen,5.71
Dorshona Railway Junction,2021,pH,8.32
Doshgate Jalma,2021,Biochemical Oxygen Demand,36
Doshgate Jalma,2021,Dissolved Oxygen,4.18
Doshgate Jalma,2021,pH,7.83
Doshgate Jalma,2022,Biochemical Oxygen Demand,36
Doshgate Jalma,2022,Dissolved Oxygen,4.18
Doshgate Jalma,2022,pH,7.83
Doshgate Jalma,2023,Biochemical Oxygen Demand,23.86
Doshgate Jalma,2023,Dissolved Oxygen,3.32
Doshgate Jalma,2023,pH,3.32
Dottobari Bridge (Down),2021,Biochemical Oxygen Demand,4.89
Dottobari Bridge (Down),2021,Dissolved Oxygen,4.54
Dottobari Bridge (Down),2021,pH,7.08
Dottobari Bridge (UP),2021,Biochemical Oxygen Demand,4.89
Dottobari Bridge (UP),2021,Dissolved Oxygen,4.54
Dottobari Bridge (UP),2021,pH,7.08
Dutta Bari Bridge (Down),2023,Biochemical Oxygen Demand,3.99
Dutta Bari Bridge (Down),2023,Dissolved Oxygen,3.54
Dutta Bari Bridge (Down),2023,pH,3.54
Dutta Bari Bridge (Up),2023,Biochemical Oxygen Demand,3.99
Dutta Bari Bridge (Up),2023,Dissolved Oxygen,3.54
Dutta Bari Bridge (Up),2023,pH,3.54
"Dutta Bari Bridge, Bogura (Downstream)",2022,Biochemical Oxygen Demand,3.03
"Dutta Bari Bridge, Bogura (Downstream)",2022,Dissolved Oxygen,5.72
"Dutta Bari Bridge, Bogura (Downstream)",2022,pH,7.17
"Dutta Bari Bridge, Bogura (Upstream)",2022,Biochemical Oxygen Demand,3.03
"Dutta Bari Bridge, Bogura (Upstream)",2022,Dissolved Oxygen,5.72
"Dutta Bari Bridge, Bogura (Upstream)",2022,pH,7.17
FDC More Bridge,2020,Biochemical Oxygen Demand,23.67
FDC More Bridge,2021,Biochemical Oxygen Demand,22.44
FDC More Bridge,2022,Biochemical Oxygen Demand,27.5
FDC More Bridge,2023,Biochemical Oxygen Demand,13.53
Fatullah,2021,Biochemical Oxygen Demand,6
Fatullah,2021,Chemical Oxygen Demand,50
Fatullah,2021,Dissolved Oxygen,0.7
Fatullah,2021,pH,7.47
Fatullah,2022,Biochemical Oxygen Demand,13.5
Fatullah,2022,Chemical Oxygen Demand,43.83
Fatullah,2022,Dissolved Oxygen,2.61
Fatullah,2022,pH,7.23
Fatullah,2023,Biochemical Oxygen Demand,9.44
Fatullah,2023,Chemical Oxygen Demand,33.22
Fatullah,2023,Dissolved Oxygen,2.19
Fatullah,2023,pH,2.19
Fcnchuganj Bridge Point,2021,Biochemical Oxygen Demand,2.94
Fcnchuganj Bridge Point,2021,Chemical Oxygen Demand,18.25
Fcnchuganj Bridge Point,2021,Dissolved Oxygen,7.03
Fcnchuganj Bridge Point,2021,pH,7.17
Fenchuganj Bridge Point,2022,Biochemical Oxygen Demand,2.3
Fenchuganj Bridge Point,2022,Chemical Oxygen Demand,15
Fenchuganj Bridge Point,2022,Dissolved Oxygen,7.24
Fenchuganj Bridge Point,2022,pH,6.89
Fenchuganj Bridge Point,2023,Biochemical Oxygen Demand,2.8
Fenchuganj Bridge Point,2023,Dissolved Oxygen,7.66
Fenchuganj Bridge Point,2023,pH,7.66
Fenchuganj Fertilizer Industry Point,2022,Biochemical Oxygen Demand,2.6
Fenchuganj Fertilizer Industry Point,2022,Chemical Oxygen Demand,14
Fenchuganj Fertilizer Industry Point,2022,Dissolved Oxygen,3.83
Fenchuganj Fertilizer Industry Point,2022,pH,8.5
Fenchuganj Fertilizer Industry Point,2023,Biochemical Oxygen Demand,20.5
Fenchuganj Fertilizer Industry Point,2023,Dissolved Oxygen,8.79
Fenchuganj Fertilizer Industry Point,2023,pH,8.79
Fenchuganj Point,2018,Biochemical Oxygen Demand,1.98
Fenchuganj Point,2018,Chemical Oxygen Demand,11
Fenchuganj Point,2018,Dissolved Oxygen,6.92
Fenchuganj Point,2018,pH,7.97
Fenchuganj Point,2020,Biochemical Oxygen Demand,2.57
Fenchuganj Point,2020,Chemical Oxygen Demand,10.57
Fenchuganj Point,2020,Dissolved Oxygen,6.93
Fenchuganj Point,2020,pH,6.94
"Fulchari Ghat, Gibanda (DS)",2018,Biochemical Oxygen Demand,2.21
"Fulchari Ghat, Gibanda (DS)",2018,Dissolved Oxygen,7.07
"Fulchari Ghat, Gibanda (DS)",2018,pH,7.51
"Fulchari Ghat, Gibanda (DS)",2019,Biochemical Oxygen Demand,2.23
"Fulchari Ghat, Gibanda (DS)",2019,Dissolved Oxygen,7.24
"Fulchari Ghat, Gibanda (DS)",2019,pH,7.48
"Fulchari Ghat, Gibanda (DS)",2020,Biochemical Oxygen Demand,2.22
"Fulchari Ghat, Gibanda (DS)",2020,Dissolved Oxygen,7.53
"Fulchari Ghat, Gibanda (DS)",2020,pH,7.66
"Fulchari Ghat, Gibanda (US)",2018,Biochemical Oxygen Demand,2.3
"Fulchari Ghat, Gibanda (US)",2018,Dissolved Oxygen,7.12
"Fulchari Ghat, Gibanda (US)",2018,pH,7.52
"Fulchari Ghat, Gibanda (US)",2019,Biochemical Oxygen Demand,2.24
"Fulchari Ghat, Gibanda (US)",2019,Dissolved Oxygen,7.28
"Fulchari Ghat, Gibanda (US)",2019,pH,7.48
"Fulchari Ghat, Gibanda (US)",2020,Biochemical Oxygen Demand,2.24
"Fulchari Ghat, Gibanda (US)",2020,Dissolved Oxygen,7.56
"Fulchari Ghat, Gibanda (US)",2020,pH,7.66
Fultala Ghat,2022,Biochemical Oxygen Demand,1.7
Fultala Ghat,2022,Dissolved Oxygen,4.7
Fultala Ghat,2022,pH,7.55
Fultala Ghat (M),2018,Biochemical Oxygen Demand,0.98
Fultala Ghat (M),2018,Dissolved Oxygen,7.76
Fultala Ghat (M),2018,Salinity,3.9
Fultala Ghat (M),2018,pH,5.75
Fultala Ghat (M),2019,Biochemical Oxygen Demand,0.91
Fultala Ghat (M),2019,Dissolved Oxygen,6.1
Fultala Ghat (M),2019,pH,7.69
Fultala Ghat (M),2020,Biochemical Oxygen Demand,1.57
Fultala Ghat (M),2020,Dissolved Oxygen,6.86
Fultala Ghat (M),2020,pH,8.25
Fultala Ghat (O),2018,Biochemical Oxygen Demand,0.95
Fultala Ghat (O),2018,Dissolved Oxygen,7.75
Fultala Ghat (O),2018,Salinity,3.89
Fultala Ghat (O),2019,Biochemical Oxygen Demand,0.93
Fultala Ghat (O),2019,Dissolved Oxygen,6.14
Fultala Ghat (O),2019,pH,7.77
Fultala Ghat (O),2020,Biochemical Oxygen Demand,1.57
Fultala Ghat (O),2020,Dissolved Oxygen,6.86
Fultala Ghat (O),2020,pH,8.25
Fultala Ghat(S),2018,Biochemical Oxygen Demand,1
Fultala Ghat(S),2018,Dissolved Oxygen,7.75
Fultala Ghat(S),2018,Salinity,3.89
Fultala Ghat(S),2018,pH,5.75
Fultala Ghat(S),2019,Biochemical Oxygen Demand,0.9
Fultala Ghat(S),2019,Dissolved Oxygen,6.09
Fultala Ghat(S),2019,pH,7.68
Fultala Ghat(S),2020,Biochemical Oxygen Demand,1.57
Fultala Ghat(S),2020,Dissolved Oxygen,6.86
Fultala Ghat(S),2020,pH,8.24
"Fultala Ghat, Dhulgram",2021,Biochemical Oxygen Demand,4.01
"Fultala Ghat, Dhulgram",2021,Dissolved Oxygen,5.16
"Fultala Ghat, Dhulgram",2021,pH,8.36
"Fultala Ghat, Dhulgram",2023,Biochemical Oxygen Demand,12.07
"Fultala Ghat, Dhulgram",2023,Dissolved Oxygen,5.93
"Fultala Ghat, Dhulgram",2023,pH,5.93
Gabkhan Lounch Terminal (M),2022,Chemical Oxygen Demand,57.73
Gabkhan Lounch Terminal (M),2022,Dissolved Oxygen,6.98
Gabkhan Lounch Terminal (M),2022,pH,9.25
Gabkhan Lounch Terminal (S),2022,Chemical Oxygen Demand,55.57
Gabkhan Lounch Terminal (S),2022,Dissolved Oxygen,6.75
Gabkhan Lounch Terminal (S),2022,pH,8.87
Gallamari Bridge (M),2018,Dissolved Oxygen,1.17
Gallamari Bridge (M),2018,Salinity,1.04
Gallamari Bridge (M),2018,pH,7.64
Gallamari Bridge (M),2019,Dissolved Oxygen,1.91
Gallamari Bridge (M),2019,pH,7.67
Gallamari Bridge (M),2020,Dissolved Oxygen,1.89
Gallamari Bridge (M),2020,pH,7.77
Gallamari Bridge (O),2018,Dissolved Oxygen,1.16
Gallamari Bridge (O),2018,Salinity,1.04
Gallamari Bridge (O),2018,pH,7.62
Gallamari Bridge (O),2019,Dissolved Oxygen,1.89
Gallamari Bridge (O),2019,pH,7.67
Gallamari Bridge (O),2020,Dissolved Oxygen,1.89
Gallamari Bridge (O),2020,pH,7.66
Gallamari Bridge (S),2018,Dissolved Oxygen,1.16
Gallamari Bridge (S),2018,Salinity,1.02
Gallamari Bridge (S),2018,pH,7.62
Gallamari Bridge (S),2019,Dissolved Oxygen,1.91
Gallamari Bridge (S),2019,pH,7.67
Gallamari Bridge (S),2020,Dissolved Oxygen,1.89
Gallamari Bridge (S),2020,pH,7.77
Garduara Sluice Gate,2022,Biochemical Oxygen Demand,12.1
Garduara Sluice Gate,2022,Chemical Oxygen Demand,12.1
Garduara Sluice Gate,2022,Dissolved Oxygen,6.26
Garduara Sluice Gate,2022,pH,7.51
Garduara Sluice Gate,2023,Biochemical Oxygen Demand,3.83
Garduara Sluice Gate,2023,Chemical Oxygen Demand,9.17
Garduara Sluice Gate,2023,Dissolved Oxygen,7.13
Garduara Sluice Gate,2023,pH,7.13
Garduara Sluice gate,2021,Biochemical Oxygen Demand,5.08
Garduara Sluice gate,2021,Chemical Oxygen Demand,19.25
Garduara Sluice gate,2021,Dissolved Oxygen,6.7
Garduara Sluice gate,2021,pH,7.84
Ghorashal F.F.,2018,Biochemical Oxygen Demand,7.93
Ghorashal F.F.,2018,Chemical Oxygen Demand,33.5
Ghorashal F.F.,2018,Dissolved Oxygen,4.36
Ghorashal F.F.,2018,pH,7.56
Ghorashal F.F.,2019,Biochemical Oxygen Demand,4.89
Ghorashal F.F.,2019,Chemical Oxygen Demand,20.6
Ghorashal F.F.,2019,Dissolved Oxygen,4.84
Ghorashal F.F.,2019,pH,6.57
Ghorashal F.F.,2020,Biochemical Oxygen Demand,9.69
Ghorashal F.F.,2020,Chemical Oxygen Demand,41
Ghorashal F.F.,2020,Dissolved Oxygen,3.67
Ghorashal F.F.,2020,pH,7.37
Gilatala,2022,Biochemical Oxygen Demand,1.4
Gilatala,2022,Dissolved Oxygen,5.9
Gilatala,2022,pH,8.01
"Gilatala, Nadan Pratap (M)",2023,Biochemical Oxygen Demand,6.42
"Gilatala, Nadan Pratap (M)",2023,Dissolved Oxygen,5.55
"Gilatala, Nadan Pratap (M)",2023,pH,5.55
"Gilatola, Nadan Pratap (M)",2021,Biochemical Oxygen Demand,1.57
"Gilatola, Nadan Pratap (M)",2021,Dissolved Oxygen,5.82
"Gilatola, Nadan Pratap (M)",2021,pH,8.1
Gobindakathi,2022,Biochemical Oxygen Demand,1.3
Gobindakathi,2022,Dissolved Oxygen,5.1
Gobindakathi,2022,pH,7.75
Gorashal,2021,Biochemical Oxygen Demand,8.83
Gorashal,2021,Chemical Oxygen Demand,29.33
Gorashal,2021,Dissolved Oxygen,4.65
Gorashal,2021,pH,7.19
Gorashal Fertilizer,2022,Biochemical Oxygen Demand,5.72
Gorashal Fertilizer,2022,Chemical Oxygen Demand,17.33
Gorashal Fertilizer,2022,Dissolved Oxygen,4.89
Gorashal Fertilizer,2022,pH,7.43
Gorashal Fertilizer,2023,Biochemical Oxygen Demand,4.4
Gorashal Fertilizer,2023,Chemical Oxygen Demand,17.75
Gorashal Fertilizer,2023,Dissolved Oxygen,4.2
Gorashal Fertilizer,2023,pH,4.2
Gordhor Bazar,2021,Biochemical Oxygen Demand,2
Gordhor Bazar,2021,Dissolved Oxygen,6.8
Gordhor Bazar,2021,pH,8.02
Hajaribag,2018,Biochemical Oxygen Demand,8.51
Hajaribag,2018,Chemical Oxygen Demand,34
Hajaribag,2018,Dissolved Oxygen,2.4
Hajaribag,2018,pH,7.46
Hajaribag,2019,Biochemical Oxygen Demand,10.49
Hajaribag,2019,Chemical Oxygen Demand,34.83
Hajaribag,2019,Dissolved Oxygen,1.63
Hajaribag,2019,pH,7.34
Hajaribag,2020,Biochemical Oxygen Demand,13.53
Hajaribag,2020,Chemical Oxygen Demand,41.58
Hajaribag,2020,Dissolved Oxygen,2.64
Hajaribag,2020,pH,7.26
Hajaribag,2021,Biochemical Oxygen Demand,17.3
Hajaribag,2021,Chemical Oxygen Demand,57.3
Hajaribag,2021,Dissolved Oxygen,2.09
Hajaribag,2021,pH,7.24
Hajaribag,2022,Biochemical Oxygen Demand,12.8
Hajaribag,2022,Chemical Oxygen Demand,62.83
Hajaribag,2022,Dissolved Oxygen,3.12
Hajaribag,2022,pH,7.29
Hajaribag,2023,Biochemical Oxygen Demand,13
Hajaribag,2023,Chemical Oxygen Demand,39.11
Hajaribag,2023,Dissolved Oxygen,2.68
Hajaribag,2023,pH,2.68
Halda Bridge,2021,Biochemical Oxygen Demand,4.92
Halda Bridge,2021,Chemical Oxygen Demand,17.83
Halda Bridge,2021,Dissolved Oxygen,6.78
Halda Bridge,2021,pH,7.89
Halda Bridge,2022,Biochemical Oxygen Demand,12.15
Halda Bridge,2022,Chemical Oxygen Demand,12.15
Halda Bridge,2022,Dissolved Oxygen,6.56
Halda Bridge,2022,pH,7.48
Halda Bridge,2023,Biochemical Oxygen Demand,3.5
Halda Bridge,2023,Chemical Oxygen Demand,8.92
Halda Bridge,2023,Dissolved Oxygen,6.83
Halda Bridge,2023,pH,6.83
Hamayatpur,2018,Biochemical Oxygen Demand,33
Hamayatpur,2018,Chemical Oxygen Demand,107.44
Hamayatpur,2018,Dissolved Oxygen,4.11
Hamayatpur,2018,pH,8
Hazratpur,2021,Biochemical Oxygen Demand,10.57
Hazratpur,2021,Chemical Oxygen Demand,38.29
Hazratpur,2021,Dissolved Oxygen,6.89
Hazratpur,2021,pH,7.86
Hazratpur,2022,Biochemical Oxygen Demand,7.13
Hazratpur,2022,Chemical Oxygen Demand,31.13
Hazratpur,2022,Dissolved Oxygen,5.22
Hazratpur,2022,pH,7.59
Hazratpur,2023,Biochemical Oxygen Demand,3.88
Hazratpur,2023,Chemical Oxygen Demand,34
Hazratpur,2023,Dissolved Oxygen,6.31
Hazratpur,2023,pH,6.31
Horipur Kheya Ghat (D),2022,Biochemical Oxygen Demand,2.38
Horipur Kheya Ghat (D),2022,Dissolved Oxygen,7.62
Horipur Kheya Ghat (D),2022,pH,7.67
Horipur Kheya Ghat (DN),2021,Biochemical Oxygen Demand,2.23
Horipur Kheya Ghat (DN),2021,Dissolved Oxygen,7.75
Horipur Kheya Ghat (DN),2021,pH,7.79
Horipur Kheya Ghat (Dn),2023,Biochemical Oxygen Demand,2.38
Horipur Kheya Ghat (Dn),2023,Dissolved Oxygen,7.52
Horipur Kheya Ghat (Dn),2023,pH,7.52
Horipur Kheya Ghat (U),2022,Biochemical Oxygen Demand,2.38
Horipur Kheya Ghat (U),2022,Dissolved Oxygen,7.62
Horipur Kheya Ghat (U),2022,pH,7.67
Horipur Kheya Ghat (UP),2021,Biochemical Oxygen Demand,2.23
Horipur Kheya Ghat (UP),2021,Dissolved Oxygen,7.75
Horipur Kheya Ghat (UP),2021,pH,7.79
Horipur Kheya Ghat (Up),2023,Biochemical Oxygen Demand,2.38
Horipur Kheya Ghat (Up),2023,Dissolved Oxygen,7.52
Horipur Kheya Ghat (Up),2023,pH,7.52
Jamalpur Bridge,2022,Biochemical Oxygen Demand,4
Jamalpur Bridge,2022,Dissolved Oxygen,7.55
Jamalpur Bridge,2022,pH,7.34
Jamalpur Rail Bridge,2022,Biochemical Oxygen Demand,1.8
Jamalpur Rail Bridge,2022,Dissolved Oxygen,8
Jamalpur Rail Bridge,2022,pH,7.93
JamalpurRail Bridge,2021,Biochemical Oxygen Demand,5.75
JamalpurRail Bridge,2021,Dissolved Oxygen,8.23
JamalpurRail Bridge,2021,pH,7.41
Jamuna Eco Park (D),2022,Biochemical Oxygen Demand,2.33
Jamuna Eco Park (D),2022,Dissolved Oxygen,7.63
Jamuna Eco Park (D),2022,pH,7.53
Jamuna Eco Park (DN),2021,Biochemical Oxygen Demand,2.28
Jamuna Eco Park (DN),2021,Dissolved Oxygen,13.99
Jamuna Eco Park (DN),2021,pH,7.57
Jamuna Eco Park (Dn),2023,Biochemical Oxygen Demand,2.33
Jamuna Eco Park (Dn),2023,Dissolved Oxygen,7.57
Jamuna Eco Park (Dn),2023,pH,7.57
Jamuna Eco Park (U),2022,Biochemical Oxygen Demand,2.33
Jamuna Eco Park (U),2022,Dissolved Oxygen,7.63
Jamuna Eco Park (U),2022,pH,7.53
Jamuna Eco Park (UP),2021,Biochemical Oxygen Demand,2.28
Jamuna Eco Park (UP),2021,Dissolved Oxygen,7.63
Jamuna Eco Park (UP),2021,pH,7.57
Jamuna Eco Park (Up),2023,Biochemical Oxygen Demand,2.33
Jamuna Eco Park (Up),2023,Dissolved Oxygen,7.57
Jamuna Eco Park (Up),2023,pH,7.57
Jhalkathi L.G (M),2018,Biochemical Oxygen Demand,2.25
Jhalkathi L.G (M),2018,Dissolved Oxygen,5.56
Jhalkathi L.G (M),2018,pH,7.4
Jhalkathi L.G (M),2019,Biochemical Oxygen Demand,2.09
Jhalkathi L.G (M),2019,Dissolved Oxygen,5.89
Jhalkathi L.G (M),2019,pH,7.6
Jhalkathi L.G (M),2020,Biochemical Oxygen Demand,1.95
Jhalkathi L.G (M),2020,Dissolved Oxygen,7.05
Jhalkathi L.G (M),2020,pH,7.55
Jhalkathi L.G (S),2018,Biochemical Oxygen Demand,2.1
Jhalkathi L.G (S),2018,Dissolved Oxygen,5.73
Jhalkathi L.G (S),2018,pH,7.42
Jhalkathi L.G (S),2019,Biochemical Oxygen Demand,2.01
Jhalkathi L.G (S),2019,Dissolved Oxygen,6.01
Jhalkathi L.G (S),2019,pH,7.72
Jhalkathi L.G (S),2020,Biochemical Oxygen Demand,2.1
Jhalkathi L.G (S),2020,Dissolved Oxygen,7.2
Jhalkathi L.G (S),2020,pH,7.45
Jolshiri Abason,2021,Biochemical Oxygen Demand,11.31
Jolshiri Abason,2021,Chemical Oxygen Demand,42.22
Jolshiri Abason,2021,Dissolved Oxygen,2.42
Jolshiri Abason,2021,pH,7.05
Jolshiri Abason,2022,Biochemical Oxygen Demand,14.75
Jolshiri Abason,2022,Chemical Oxygen Demand,63.42
Jolshiri Abason,2022,Dissolved Oxygen,2.69
Jolshiri Abason,2022,pH,7.18
Jolshiri Abason,2023,Biochemical Oxygen Demand,9.89
Jolshiri Abason,2023,Chemical Oxygen Demand,33.38
Jolshiri Abason,2023,Dissolved Oxygen,3.15
Jolshiri Abason,2023,pH,3.15
Joramtol Shipyard Area,2019,Dissolved Oxygen,7.5
Joramtol Shipyard Area,2019,Plastic and Marine Debris,610
Joramtol Shipyard Area,2019,Salinity,9.94
Joramtol Shipyard Area,2019,pH,7.8
Josldia,2021,Biochemical Oxygen Demand,5
Josldia,2021,Dissolved Oxygen,6.1
Josldia,2021,pH,7.75
KAFCO side,2020,Biochemical Oxygen Demand,504.17
KAFCO side,2020,Chemical Oxygen Demand,164.5
KAFCO side,2020,Dissolved Oxygen,7.55
KAFCO side,2020,pH,7.83
Kakua,2021,Biochemical Oxygen Demand,8.33
Kakua,2021,Dissolved Oxygen,6.67
Kakua,2021,pH,7.35
Kakua,2022,Biochemical Oxygen Demand,3.15
Kakua,2022,Dissolved Oxygen,7.38
Kakua,2022,pH,7.96
Kakua,2023,Biochemical Oxygen Demand,2.2
Kakua,2023,Dissolved Oxygen,7.45
Kakua,2023,pH,7.45
Kaliakoir,2021,Biochemical Oxygen Demand,14.36
Kaliakoir,2021,Chemical Oxygen Demand,38.11
Kaliakoir,2021,Dissolved Oxygen,4.72
Kaliakoir,2021,pH,7.21
Kaliakoir,2022,Biochemical Oxygen Demand,6.7
Kaliakoir,2022,Chemical Oxygen Demand,36.5
Kaliakoir,2022,Dissolved Oxygen,5.39
Kaliakoir,2022,pH,7.58
Kaliakoir,2023,Biochemical Oxygen Demand,5.17
Kaliakoir,2023,Chemical Oxygen Demand,20.44
Kaliakoir,2023,Dissolved Oxygen,5.63
Kaliakoir,2023,pH,5.63
Kalibari Ghat (M),2021,Biochemical Oxygen Demand,3.03
Kalibari Ghat (M),2021,Dissolved Oxygen,5.66
Kalibari Ghat (M),2021,pH,8.09
Kalibari Ghat (M),2022,Biochemical Oxygen Demand,2.1
Kalibari Ghat (M),2022,Dissolved Oxygen,3.9
Kalibari Ghat (M),2022,pH,8.09
Kalibari Ghat (M),2023,Biochemical Oxygen Demand,20.44
Kalibari Ghat (M),2023,Dissolved Oxygen,5.98
Kalibari Ghat (M),2023,pH,5.98
Kaliganj (M.P),2018,Biochemical Oxygen Demand,0.97
Kaliganj (M.P),2018,Dissolved Oxygen,5.29
Kaliganj (M.P),2018,Salinity,6.23
Kaliganj (M.P),2018,pH,7.56
Kaliganj (M.P),2019,Biochemical Oxygen Demand,1.07
Kaliganj (M.P),2019,Dissolved Oxygen,5.6
Kaliganj (M.P),2019,pH,7.73
Kaliganj (M.P),2020,Biochemical Oxygen Demand,1.22
Kaliganj (M.P),2020,Dissolved Oxygen,6.66
Kaliganj (M.P),2020,pH,8.17
Kaliganj (O.P),2018,Biochemical Oxygen Demand,0.97
Kaliganj (O.P),2018,Dissolved Oxygen,5.25
Kaliganj (O.P),2018,Salinity,6.25
Kaliganj (O.P),2018,pH,7.58
Kaliganj (O.P),2019,Biochemical Oxygen Demand,1.1
Kaliganj (O.P),2019,Dissolved Oxygen,5.61
Kaliganj (O.P),2019,pH,7.72
Kaliganj (O.P),2020,Biochemical Oxygen Demand,1.24
Kaliganj (O.P),2020,Dissolved Oxygen,6.66
Kaliganj (O.P),2020,pH,8.17
Kaliganj (S.P),2018,Biochemical Oxygen Demand,0.97
Kaliganj (S.P),2018,Dissolved Oxygen,5.23
Kaliganj (S.P),2018,Salinity,6.25
Kaliganj (S.P),2018,pH,7.57
Kaliganj (S.P),2019,Biochemical Oxygen Demand,1.09
Kaliganj (S.P),2019,Dissolved Oxygen,5.59
Kaliganj (S.P),2019,pH,7.72
Kaliganj (S.P),2020,Biochemical Oxygen Demand,1.24
Kaliganj (S.P),2020,Dissolved Oxygen,6.66
Kaliganj (S.P),2020,pH,8.17
Kaliganj Bazar,2021,Biochemical Oxygen Demand,7.7
Kaliganj Bazar,2021,Dissolved Oxygen,8.15
Kaliganj Bazar,2021,pH,5.64
Kaliganj Bazar,2022,Biochemical Oxygen Demand,1.3
Kaliganj Bazar,2022,Dissolved Oxygen,5.4
Kaliganj Bazar,2022,pH,7.73
Kaliganj Bazar,2023,Biochemical Oxygen Demand,6.01
Kaliganj Bazar,2023,Dissolved Oxygen,5.85
Kaliganj Bazar,2023,pH,5.85
Kalurghat Bridge,2021,Biochemical Oxygen Demand,5.64
Kalurghat Bridge,2021,Chemical Oxygen Demand,19.09
Kalurghat Bridge,2021,Dissolved Oxygen,7.53
Kalurghat Bridge,2021,pH,7.37
Kalurghat Bridge,2022,Biochemical Oxygen Demand,3.83
Kalurghat Bridge,2022,Chemical Oxygen Demand,11.42
Kalurghat Bridge,2022,Dissolved Oxygen,7.53
Kalurghat Bridge,2022,pH,7.48
Kalurghat Bridge,2023,Biochemical Oxygen Demand,4.42
Kalurghat Bridge,2023,Chemical Oxygen Demand,12.67
Kalurghat Bridge,2023,Dissolved Oxygen,7.57
Kalurghat Bridge,2023,pH,7.57
Kamarkhali Bridge,2021,Biochemical Oxygen Demand,2.03
Kamarkhali Bridge,2021,Dissolved Oxygen,7.91
Kamarkhali Bridge,2021,pH,8.54
Kamarkhali Bridge,2023,Biochemical Oxygen Demand,5.39
Kamarkhali Bridge,2023,Dissolved Oxygen,6.81
Kamarkhali Bridge,2023,pH,6.81
Kamrangir Char,2018,Biochemical Oxygen Demand,8.01
Kamrangir Char,2018,Chemical Oxygen Demand,31.54
Kamrangir Char,2018,Dissolved Oxygen,1.99
Kamrangir Char,2018,pH,7.45
Kamrangir Char,2019,Biochemical Oxygen Demand,10.03
Kamrangir Char,2019,Chemical Oxygen Demand,37.25
Kamrangir Char,2019,Dissolved Oxygen,1.58
Kamrangir Char,2019,pH,7.35
Kamrangir Char,2020,Biochemical Oxygen Demand,13.17
Kamrangir Char,2020,Chemical Oxygen Demand,49.83
Kamrangir Char,2020,Dissolved Oxygen,2.52
Kamrangir Char,2020,pH,7.26
Kanchan Park (Down),2023,Biochemical Oxygen Demand,2.33
Kanchan Park (Down),2023,Dissolved Oxygen,7.45
Kanchan Park (Down),2023,pH,7.45
Kanchan Park (Up),2023,Biochemical Oxygen Demand,2.33
Kanchan Park (Up),2023,Dissolved Oxygen,7.45
Kanchan Park (Up),2023,pH,7.45
Kandipara,2021,Biochemical Oxygen Demand,4
Kandipara,2021,Dissolved Oxygen,6.3
Kandipara,2021,pH,7.84
Kaower Char (M),2021,Dissolved Oxygen,5.71
Kaower Char (M),2021,pH,7.99
Kaower Char (M),2022,Chemical Oxygen Demand,409
Kaower Char (M),2022,Dissolved Oxygen,6.58
Kaower Char (M),2022,pH,7.65
Kaower Char (M),2023,Dissolved Oxygen,6.65
Kaower Char (M),2023,pH,6.65
Kaower Char (S),2021,Dissolved Oxygen,5.77
Kaower Char (S),2021,pH,7.94
Kaower Char (S),2022,Chemical Oxygen Demand,111
Kaower Char (S),2022,Dissolved Oxygen,6.7
Kaower Char (S),2022,pH,7.8
Kaower Char (S),2023,Dissolved Oxygen,6.91
Kaower Char (S),2023,pH,6.91
Karnafully Mohona,2019,Chemical Oxygen Demand,762.67
Karnafully Mohona,2019,Dissolved Oxygen,7.74
Karnafully Mohona,2019,pH,7.72
Karnafully Mohona,2020,Biochemical Oxygen Demand,673
Karnafully Mohona,2020,Chemical Oxygen Demand,653.67
Karnafully Mohona,2020,Dissolved Oxygen,7.67
Karnafully Mohona,2020,pH,7.63
Karnafully Paper,2021,Biochemical Oxygen Demand,11.27
Karnafully Paper,2021,Chemical Oxygen Demand,40.09
Karnafully Paper,2021,Dissolved Oxygen,7.55
Karnafully Paper,2021,pH,7.63
"Karnafully River Chaktai Khal, ctg",2018,Dissolved Oxygen,5.93
"Karnafully River Chaktai Khal, ctg",2018,pH,7.73
"Karnafully River Chaktai Khal, ctg",2019,Chemical Oxygen Demand,164.5
"Karnafully River Chaktai Khal, ctg",2019,Dissolved Oxygen,5.17
"Karnafully River Chaktai Khal, ctg",2019,pH,7.64
Karnaphuli Mohona,2019,Biochemical Oxygen Demand,28.75
Karnaphuli Mohona,2019,Chemical Oxygen Demand,617
Karnaphuli Mohona,2019,Dissolved Oxygen,7.83
Karnaphuli Mohona,2019,Plastic and Marine Debris,4193
Karnaphuli Mohona,2019,Salinity,10.93
Karnaphuli Mohona,2019,pH,7.72
Karnaphuli Mohona,2020,Biochemical Oxygen Demand,7
Karnaphuli Mohona,2020,Chemical Oxygen Demand,156
Karnaphuli Mohona,2020,Dissolved Oxygen,7.12
Karnaphuli Mohona,2020,Salinity,4.9
Karnaphuli Mohona,2020,pH,7.28
Karnaphuli Mohona,2021,Biochemical Oxygen Demand,24
Karnaphuli Mohona,2021,Chemical Oxygen Demand,110
Karnaphuli Mohona,2021,Dissolved Oxygen,6.59
Karnaphuli Mohona,2021,Salinity,13.36
Karnaphuli Mohona,2021,pH,7.42
Karnaphuli Mohona,2022,Dissolved Oxygen,7.58
Karnaphuli Mohona,2022,Salinity,14.52
Karnaphuli Mohona,2022,pH,7.68
Karnaphuli Mohona,2023,Dissolved Oxygen,7.46
Karnaphuli Mohona,2023,Salinity,14.1
Karnaphuli Mohona,2023,pH,7.36
Karnaphuli Mohona,2024,Dissolved Oxygen,8.15
Karnaphuli Mohona,2024,Salinity,4.8
Karnaphuli Mohona,2024,pH,7.86
Karnaphuli Paper,2022,Biochemical Oxygen Demand,4.09
Karnaphuli Paper,2022,Chemical Oxygen Demand,12.18
Karnaphuli Paper,2022,Dissolved Oxygen,7.59
Karnaphuli Paper,2022,pH,7.55
Karnaphuli Paper,2023,Biochemical Oxygen Demand,4.17
Karnaphuli Paper,2023,Chemical Oxygen Demand,14.42
Karnaphuli Paper,2023,Dissolved Oxygen,7.56
Karnaphuli Paper,2023,pH,7.56
Kazir Bazar,2019,Biochemical Oxygen Demand,3.23
Kazir Bazar,2019,Chemical Oxygen Demand,10.33
Kazir Bazar,2019,Dissolved Oxygen,7.4
Kazir Bazar,2019,pH,7.73
Khoiria,2021,Biochemical Oxygen Demand,4
Khoiria,2021,Dissolved Oxygen,6.9
Khoiria,2021,pH,7.94
Khulna (M.S),2018,Biochemical Oxygen Demand,0.96
Khulna (M.S),2018,Dissolved Oxygen,5.39
Khulna (M.S),2018,Salinity,1.63
Khulna (M.S),2018,pH,7.64
Khulna (M.S),2019,Dissolved Oxygen,6.04
Khulna (M.S),2019,pH,7.62
Khulna (M.S),2020,Dissolved Oxygen,5.3
Khulna (M.S),2020,pH,7.83
Khulna (O.S),2018,Biochemical Oxygen Demand,0.96
Khulna (O.S),2018,Dissolved Oxygen,5.36
Khulna (O.S),2018,Salinity,1.59
Khulna (O.S),2018,pH,7.62
Khulna (O.S),2019,Dissolved Oxygen,6.05
Khulna (O.S),2019,pH,7.63
Khulna (O.S),2020,Dissolved Oxygen,5.29
Khulna (O.S),2020,pH,7.83
Kin Bridge Point,2018,Biochemical Oxygen Demand,2.04
Kin Bridge Point,2018,Chemical Oxygen Demand,13.22
Kin Bridge Point,2018,Dissolved Oxygen,6.86
Kin Bridge Point,2018,pH,8.17
Kin Bridge Point,2019,Biochemical Oxygen Demand,3.16
Kin Bridge Point,2019,Chemical Oxygen Demand,11.6
Kin Bridge Point,2019,Dissolved Oxygen,6.46
Kin Bridge Point,2019,pH,7.68
Kin Bridge Point,2020,Biochemical Oxygen Demand,2.28
Kin Bridge Point,2020,Chemical Oxygen Demand,11.67
Kin Bridge Point,2020,Dissolved Oxygen,7.21
Kin Bridge Point,2020,pH,7.02
Kin Bridge Point,2021,Biochemical Oxygen Demand,1.7
Kin Bridge Point,2021,Chemical Oxygen Demand,12
Kin Bridge Point,2021,Dissolved Oxygen,7
Kin Bridge Point,2021,pH,6.61
Kin Bridge Point,2022,Biochemical Oxygen Demand,2.3
Kin Bridge Point,2022,Chemical Oxygen Demand,13
Kin Bridge Point,2022,Dissolved Oxygen,6.92
Kin Bridge Point,2022,pH,6.68
Kin Bridge Point,2023,Biochemical Oxygen Demand,3.25
Kin Bridge Point,2023,Chemical Oxygen Demand,11.67
Kin Bridge Point,2023,Dissolved Oxygen,7.23
Kin Bridge Point,2023,pH,7.23
Kushiyara Point,2019,Biochemical Oxygen Demand,2.8
Kushiyara Point,2019,Chemical Oxygen Demand,14.67
Kushiyara Point,2019,Dissolved Oxygen,6.73
Kushiyara Point,2019,pH,7.63
Kustia (M.P),2018,Biochemical Oxygen Demand,1.35
Kustia (M.P),2018,Dissolved Oxygen,5.37
Kustia (M.P),2018,Salinity,0.28
Kustia (M.P),2018,pH,7.7
Kustia (M.P),2019,Biochemical Oxygen Demand,1.08
Kustia (M.P),2019,Dissolved Oxygen,6.62
Kustia (M.P),2019,pH,7.74
Kustia (M.P),2020,Biochemical Oxygen Demand,1.52
Kustia (M.P),2020,Dissolved Oxygen,5.95
Kustia (M.P),2020,pH,8.01
Kustia (O.P),2018,Biochemical Oxygen Demand,1.32
Kustia (O.P),2018,Dissolved Oxygen,5.35
Kustia (O.P),2018,Salinity,0.27
Kustia (O.P),2018,pH,7.7
Kustia (O.P),2019,Biochemical Oxygen Demand,1.08
Kustia (O.P),2019,Dissolved Oxygen,6.58
Kustia (O.P),2019,pH,7.75
Kustia (O.P),2020,Biochemical Oxygen Demand,1.52
Kustia (O.P),2020,Dissolved Oxygen,5.97
Kustia (O.P),2020,pH,8
Kustia (S.P),2018,Biochemical Oxygen Demand,1.3
Kustia (S.P),2018,Dissolved Oxygen,5.34
Kustia (S.P),2018,Salinity,0.28
Kustia (S.P),2018,pH,7.7
Kustia (S.P),2019,Biochemical Oxygen Demand,1.12
Kustia (S.P),2019,Dissolved Oxygen,6.59
Kustia (S.P),2020,Biochemical Oxygen Demand,1.52
Kustia (S.P),2020,Dissolved Oxygen,5.98
Kustia (S.P),2020,pH,8
Labanchara Ghat (M),2018,Biochemical Oxygen Demand,1.01
Labanchara Ghat (M),2018,Dissolved Oxygen,5.94
Labanchara Ghat (M),2018,Salinity,4.19
Labanchara Ghat (M),2018,pH,7.81
Labanchara Ghat (M),2019,Biochemical Oxygen Demand,1.18
Labanchara Ghat (M),2019,Dissolved Oxygen,6.46
Labanchara Ghat (M),2019,pH,8.12
Labanchara Ghat (M),2020,Biochemical Oxygen Demand,1.47
Labanchara Ghat (M),2020,Dissolved Oxygen,7.34
Labanchara Ghat (M),2020,pH,8.03
Labanchara Ghat (O),2018,Biochemical Oxygen Demand,1.01
Labanchara Ghat (O),2018,Dissolved Oxygen,5.85
Labanchara Ghat (O),2018,Salinity,4.19
Labanchara Ghat (O),2018,pH,7.8
Labanchara Ghat (O),2019,Biochemical Oxygen Demand,1.15
Labanchara Ghat (O),2019,Dissolved Oxygen,6.43
Labanchara Ghat (O),2019,pH,7.94
Labanchara Ghat (O),2020,Biochemical Oxygen Demand,1.45
Labanchara Ghat (O),2020,Dissolved Oxygen,7.34
Labanchara Ghat (O),2020,pH,8.04
Labanchara Ghat (S),2018,Biochemical Oxygen Demand,1.07
Labanchara Ghat (S),2018,Dissolved Oxygen,5.9
Labanchara Ghat (S),2018,Salinity,4.19
Labanchara Ghat (S),2018,pH,7.8
Labanchara Ghat (S),2019,Biochemical Oxygen Demand,1.18
Labanchara Ghat (S),2019,Dissolved Oxygen,6.45
Labanchara Ghat (S),2019,pH,7.93
Labanchara Ghat (S),2020,Biochemical Oxygen Demand,1.47
Labanchara Ghat (S),2020,Dissolved Oxygen,7.34
Labanchara Ghat (S),2020,pH,7.84
Launch Ghat (M),2018,Biochemical Oxygen Demand,2.1
Launch Ghat (M),2018,Dissolved Oxygen,5.72
Launch Ghat (M),2018,pH,7.63
Launch Ghat (M),2019,Biochemical Oxygen Demand,2
Launch Ghat (M),2019,Dissolved Oxygen,6.02
Launch Ghat (M),2019,pH,7.63
Launch Ghat (M),2020,Biochemical Oxygen Demand,2.58
Launch Ghat (M),2020,Dissolved Oxygen,5.93
Launch Ghat (M),2020,pH,7.53
Launch Ghat (M),2021,Dissolved Oxygen,5.57
Launch Ghat (M),2021,pH,7.69
Launch Ghat (M),2022,Chemical Oxygen Demand,-44
Launch Ghat (M),2022,Dissolved Oxygen,6.7
Launch Ghat (M),2022,pH,7.73
Launch Ghat (M),2023,Dissolved Oxygen,6.97
Launch Ghat (M),2023,pH,6.97
Launch Ghat (S),2018,Biochemical Oxygen Demand,2.14
Launch Ghat (S),2018,Dissolved Oxygen,5.73
Launch Ghat (S),2018,pH,7.63
Launch Ghat (S),2019,Biochemical Oxygen Demand,1.99
Launch Ghat (S),2019,Dissolved Oxygen,5.99
Launch Ghat (S),2019,pH,7.62
Launch Ghat (S),2020,Biochemical Oxygen Demand,2.56
Launch Ghat (S),2020,Dissolved Oxygen,6
Launch Ghat (S),2020,pH,7.59
Launch Ghat (S),2021,Dissolved Oxygen,5.49
Launch Ghat (S),2021,pH,7.73
Launch Ghat (S),2022,Chemical Oxygen Demand,9.5
Launch Ghat (S),2022,Dissolved Oxygen,6.52
Launch Ghat (S),2022,pH,8.45
Launch Ghat (S),2023,Dissolved Oxygen,6.93
Launch Ghat (S),2023,pH,6.93
M.B,2018,Biochemical Oxygen Demand,5.43
M.B,2018,Chemical Oxygen Demand,21.83
M.B,2018,Dissolved Oxygen,3.31
M.B,2018,pH,7.43
M.B,2019,pH,7.43
Madari Khal (middle point),2020,Chemical Oxygen Demand,43.17
Madari Khal (middle point),2020,Dissolved Oxygen,5.87
Madari Khal (middle point),2020,pH,7.48
Madarikhal (Breeding Point),2020,Chemical Oxygen Demand,56
Madarikhal (Breeding Point),2020,Dissolved Oxygen,7.63
Madarikhal (Breeding Point),2020,pH,6.48
Maduna Ghat,2021,Biochemical Oxygen Demand,5.83
Maduna Ghat,2021,Chemical Oxygen Demand,22.42
Maduna Ghat,2021,Dissolved Oxygen,6.88
Maduna Ghat,2021,pH,7.85
Maduna Ghat,2022,Biochemical Oxygen Demand,12.99
Maduna Ghat,2022,Chemical Oxygen Demand,12.99
Maduna Ghat,2022,Dissolved Oxygen,6.44
Maduna Ghat,2022,pH,7.38
Maduna Ghat,2023,Biochemical Oxygen Demand,3.92
Maduna Ghat,2023,Chemical Oxygen Demand,9.83
Maduna Ghat,2023,Dissolved Oxygen,7.03
Maduna Ghat,2023,pH,7.03
Magura (M.P),2018,Biochemical Oxygen Demand,1.35
Magura (M.P),2018,Dissolved Oxygen,5.32
Magura (M.P),2018,Salinity,0.26
Magura (M.P),2018,pH,7.7
Magura (M.P),2019,Biochemical Oxygen Demand,0.91
Magura (M.P),2019,Dissolved Oxygen,6.24
Magura (M.P),2019,pH,7.55
Magura (M.P),2020,Biochemical Oxygen Demand,1.2
Magura (M.P),2020,Dissolved Oxygen,6.71
Magura (M.P),2020,pH,8.12
Magura (O.P),2018,Biochemical Oxygen Demand,1.36
Magura (O.P),2018,Dissolved Oxygen,5.33
Magura (O.P),2018,Salinity,0.27
Magura (O.P),2018,pH,7.71
Magura (O.P),2019,Biochemical Oxygen Demand,0.9
Magura (O.P),2019,Dissolved Oxygen,6.25
Magura (O.P),2019,pH,7.55
Magura (O.P),2020,Biochemical Oxygen Demand,1.22
Magura (O.P),2020,Dissolved Oxygen,6.73
Magura (O.P),2020,pH,8.12
Magura (S.P),2018,Biochemical Oxygen Demand,1.33
Magura (S.P),2018,Dissolved Oxygen,5.3
Magura (S.P),2018,Salinity,0.27
Magura (S.P),2018,pH,7.71
Magura (S.P),2019,Biochemical Oxygen Demand,0.91
Magura (S.P),2019,Dissolved Oxygen,6.27
Magura (S.P),2019,pH,7.55
Magura (S.P),2020,Biochemical Oxygen Demand,1.22
Magura (S.P),2020,Dissolved Oxygen,6.75
Magura (S.P),2020,pH,8.11
Majhira Demra Ghat,2023,Biochemical Oxygen Demand,14.56
Majhira Demra Ghat,2023,Chemical Oxygen Demand,36.44
Majhira Demra Ghat,2023,Dissolved Oxygen,1.83
Majhira Demra Ghat,2023,pH,1.83
Majira Demra Ghat,2021,Biochemical Oxygen Demand,13.88
Majira Demra Ghat,2021,Chemical Oxygen Demand,41.44
Majira Demra Ghat,2021,Dissolved Oxygen,2.52
Majira Demra Ghat,2021,pH,7.11
Mariam Nagar,2021,Biochemical Oxygen Demand,5.36
Mariam Nagar,2021,Chemical Oxygen Demand,17.73
Mariam Nagar,2021,Dissolved Oxygen,6.94
Mariam Nagar,2021,pH,7.92
Mariam Nagar,2022,Biochemical Oxygen Demand,3.64
Mariam Nagar,2022,Chemical Oxygen Demand,11.09
Mariam Nagar,2022,Dissolved Oxygen,7.37
Mariam Nagar,2022,pH,7.47
Mariam Nagar,2023,Biochemical Oxygen Demand,4.42
Mariam Nagar,2023,Chemical Oxygen Demand,14.92
Mariam Nagar,2023,Dissolved Oxygen,7.46
Mariam Nagar,2023,pH,7.46
Mawa Ghat,2018,Biochemical Oxygen Demand,1.5
Mawa Ghat,2018,Dissolved Oxygen,7.4
Mawa Ghat,2018,pH,7.67
Mawa Ghat,2019,Biochemical Oxygen Demand,2.26
Mawa Ghat,2019,Dissolved Oxygen,7.27
Mawa Ghat,2019,pH,7.65
Mawa Ghat,2020,Biochemical Oxygen Demand,5.82
Mawa Ghat,2020,Dissolved Oxygen,7.5
Mawa Ghat,2020,pH,7.8
Mawa Ghat,2022,Biochemical Oxygen Demand,5.4
Mawa Ghat,2022,Dissolved Oxygen,7.87
Mawa Ghat,2022,pH,7.85
Mawa Ghat,2023,Biochemical Oxygen Demand,2.2
Mawa Ghat,2023,Dissolved Oxygen,7.93
Mawa Ghat,2023,pH,7.93
Mawa ferry Ghat,2021,Biochemical Oxygen Demand,11.5
Mawa ferry Ghat,2021,Dissolved Oxygen,7.02
Mawa ferry Ghat,2021,pH,7.2
Meghna Ghat,2018,Biochemical Oxygen Demand,3.17
Meghna Ghat,2018,Chemical Oxygen Demand,13.42
Meghna Ghat,2018,Dissolved Oxygen,6.14
Meghna Ghat,2018,pH,7.03
Meghna Ghat,2019,Biochemical Oxygen Demand,4.14
Meghna Ghat,2019,Dissolved Oxygen,5.53
Meghna Ghat,2019,pH,7.06
Meghna Ghat,2020,Biochemical Oxygen Demand,4.14
Meghna Ghat,2020,Dissolved Oxygen,5.53
Meghna Ghat,2020,pH,7.06
Meghna Ghat,2021,Biochemical Oxygen Demand,7.38
Meghna Ghat,2021,Dissolved Oxygen,5.48
Meghna Ghat,2021,pH,7.16
Meghna Ghat,2022,Biochemical Oxygen Demand,4.15
Meghna Ghat,2022,Chemical Oxygen Demand,17.71
Meghna Ghat,2022,Dissolved Oxygen,5.53
Meghna Ghat,2022,pH,7.04
Meghna Ghat,2023,Biochemical Oxygen Demand,4.43
Meghna Ghat,2023,Dissolved Oxygen,4.95
Meghna Ghat,2023,pH,4.95
Mendibag Point,2018,Biochemical Oxygen Demand,2.05
Mendibag Point,2018,Chemical Oxygen Demand,12.25
Mendibag Point,2018,Dissolved Oxygen,6.94
Mendibag Point,2018,pH,8.05
Mendibag Point,2019,Biochemical Oxygen Demand,2.96
Mendibag Point,2019,Chemical Oxygen Demand,11.4
Mendibag Point,2019,Dissolved Oxygen,6.72
Mendibag Point,2019,pH,8.04
Mendibag Point,2020,Biochemical Oxygen Demand,2.02
Mendibag Point,2020,Chemical Oxygen Demand,10.45
Mendibag Point,2020,Dissolved Oxygen,7.14
Mendibag Point,2020,pH,6.99
Mendibag Point,2021,Biochemical Oxygen Demand,2.66
Mendibag Point,2021,Chemical Oxygen Demand,16.25
Mendibag Point,2021,Dissolved Oxygen,6.99
Mendibag Point,2021,pH,6.68
Mendibag Point,2022,Biochemical Oxygen Demand,2.1
Mendibag Point,2022,Chemical Oxygen Demand,11
Mendibag Point,2022,Dissolved Oxygen,7.02
Mendibag Point,2022,pH,6.61
Mendibag Point,2023,Biochemical Oxygen Demand,2.45
Mendibag Point,2023,Chemical Oxygen Demand,10.45
Mendibag Point,2023,Dissolved Oxygen,7.19
Mendibag Point,2023,pH,7.19
Mirpur Bridge,2018,Biochemical Oxygen Demand,9.47
Mirpur Bridge,2018,Chemical Oxygen Demand,38.36
Mirpur Bridge,2018,Dissolved Oxygen,2.64
Mirpur Bridge,2018,pH,7.62
Mirpur Bridge,2019,Biochemical Oxygen Demand,10.82
Mirpur Bridge,2019,Chemical Oxygen Demand,38.08
Mirpur Bridge,2019,Dissolved Oxygen,2.13
Mirpur Bridge,2019,pH,7.4
Mirpur Bridge,2020,Biochemical Oxygen Demand,12.58
Mirpur Bridge,2020,Chemical Oxygen Demand,41.92
Mirpur Bridge,2020,Dissolved Oxygen,2.83
Mirpur Bridge,2020,pH,6.69
Mirpur Bridge,2021,Biochemical Oxygen Demand,19.56
Mirpur Bridge,2021,Chemical Oxygen Demand,64.9
Mirpur Bridge,2021,Dissolved Oxygen,2.27
Mirpur Bridge,2021,pH,7.18
Mirpur Bridge,2022,Biochemical Oxygen Demand,14.13
Mirpur Bridge,2022,Chemical Oxygen Demand,56
Mirpur Bridge,2022,Dissolved Oxygen,3.1
Mirpur Bridge,2022,pH,7.26
Mirpur Bridge,2023,Biochemical Oxygen Demand,9.56
Mirpur Bridge,2023,Chemical Oxygen Demand,37.33
Mirpur Bridge,2023,Dissolved Oxygen,3.34
Mirpur Bridge,2023,pH,3.34
Mirpur Diabary BIWTA Landing Station,2018,Biochemical Oxygen Demand,13.33
Mirpur Diabary BIWTA Landing Station,2018,Chemical Oxygen Demand,48.72
Mirpur Diabary BIWTA Landing Station,2018,Dissolved Oxygen,2.97
Mirpur Diabary BIWTA Landing Station,2018,pH,7.49
Mirpur Diabary BIWTA Landing Station,2019,Biochemical Oxygen Demand,13.45
Mirpur Diabary BIWTA Landing Station,2019,Chemical Oxygen Demand,67.73
Mirpur Diabary BIWTA Landing Station,2019,Dissolved Oxygen,1.59
Mirpur Diabary BIWTA Landing Station,2019,pH,7.17
Mirpur Diabary BIWTA Landing Station,2020,Biochemical Oxygen Demand,17.13
Mirpur Diabary BIWTA Landing Station,2020,Chemical Oxygen Demand,53
Mirpur Diabary BIWTA Landing Station,2020,Dissolved Oxygen,2.68
Mirpur Diabary BIWTA Landing Station,2020,pH,7.17
Modunaghat Side,2018,Salinity,0.1
Mohammadpur,2021,Biochemical Oxygen Demand,5.8
Mohammadpur,2021,Chemical Oxygen Demand,43
Mohammadpur,2021,Dissolved Oxygen,0.7
Mohammadpur,2021,pH,7.48
Mohona,2018,Chemical Oxygen Demand,48
Mohona,2018,Dissolved Oxygen,6.23
Mohona,2018,Salinity,0.04
Mohona,2018,pH,7.41
Mohona,2019,Chemical Oxygen Demand,43
Mohona,2019,Dissolved Oxygen,5.92
Mohona,2019,pH,7.66
Mohona,2020,Chemical Oxygen Demand,54.83
Mohona,2020,Dissolved Oxygen,6.54
Mohona,2020,pH,7.81
Mohonganj (D),2022,Biochemical Oxygen Demand,2.23
Mohonganj (D),2022,Dissolved Oxygen,7.63
Mohonganj (D),2022,pH,7.55
Mohonganj (DN),2021,Biochemical Oxygen Demand,2.22
Mohonganj (DN),2021,Dissolved Oxygen,7.69
Mohonganj (DN),2021,pH,7.61
Mohonganj (Dn),2023,Biochemical Oxygen Demand,2.31
Mohonganj (Dn),2023,Dissolved Oxygen,7.55
Mohonganj (Dn),2023,pH,7.55
Mohonganj (U),2022,Biochemical Oxygen Demand,2.23
Mohonganj (U),2022,Dissolved Oxygen,7.63
Mohonganj (U),2022,pH,7.55
Mohonganj (UP),2021,Biochemical Oxygen Demand,2.22
Mohonganj (UP),2021,Dissolved Oxygen,7.69
Mohonganj (UP),2021,pH,7.61
Mohonganj (Up),2023,Biochemical Oxygen Demand,2.31
Mohonganj (Up),2023,Dissolved Oxygen,7.55
Mohonganj (Up),2023,pH,7.55
Mongla Poart (M.P),2018,Biochemical Oxygen Demand,1.01
Mongla Poart (M.P),2018,Dissolved Oxygen,6.17
Mongla Poart (M.P),2018,Salinity,5.22
Mongla Poart (M.P),2018,pH,7.8
Mongla Poart (M.P),2019,Biochemical Oxygen Demand,0.95
Mongla Poart (M.P),2019,Dissolved Oxygen,6.72
Mongla Poart (M.P),2019,pH,7.92
Mongla Poart (M.P),2020,Biochemical Oxygen Demand,1.52
Mongla Poart (M.P),2020,Dissolved Oxygen,6.59
Mongla Poart (M.P),2020,pH,8.23
Mongla Poart (O.P),2018,Biochemical Oxygen Demand,1
Mongla Poart (O.P),2018,Dissolved Oxygen,6.15
Mongla Poart (O.P),2018,Salinity,5.23
Mongla Poart (O.P),2018,pH,7.8
Mongla Poart (O.P),2019,Biochemical Oxygen Demand,0.93
Mongla Poart (O.P),2019,Dissolved Oxygen,6.72
Mongla Poart (O.P),2019,pH,7.91
Mongla Poart (O.P),2020,Biochemical Oxygen Demand,1.52
Mongla Poart (O.P),2020,Dissolved Oxygen,6.59
Mongla Poart (O.P),2020,pH,8.23
Mongla Poart (S.P),2018,Biochemical Oxygen Demand,1.02
Mongla Poart (S.P),2018,Dissolved Oxygen,6.14
Mongla Poart (S.P),2018,Salinity,5.23
Mongla Poart (S.P),2018,pH,7.79
Mongla Poart (S.P),2019,Biochemical Oxygen Demand,0.91
Mongla Poart (S.P),2019,Dissolved Oxygen,6.7
Mongla Poart (S.P),2019,pH,7.91
Mongla Poart (S.P),2020,Biochemical Oxygen Demand,1.52
Mongla Poart (S.P),2020,Dissolved Oxygen,6.59
Mongla Poart (S.P),2020,pH,8.23
Muktarpur Bridge,2020,Biochemical Oxygen Demand,7
Muktarpur Bridge,2020,Chemical Oxygen Demand,28.25
Muktarpur Bridge,2020,Dissolved Oxygen,3.13
Muktarpur Bridge,2020,pH,7.59
Mukterpur,2021,Biochemical Oxygen Demand,14.89
Mukterpur,2021,Chemical Oxygen Demand,54.56
Mukterpur,2021,Dissolved Oxygen,2.78
Mukterpur,2021,pH,7.14
Mukterpur,2022,Biochemical Oxygen Demand,8.26
Mukterpur,2022,Chemical Oxygen Demand,22.58
Mukterpur,2022,Dissolved Oxygen,2.72
Mukterpur,2022,pH,7.21
Mukterpur,2023,Biochemical Oxygen Demand,8
Mukterpur,2023,Chemical Oxygen Demand,18
Mukterpur,2023,Dissolved Oxygen,1.97
Mukterpur,2023,pH,1.97
Murapara (Rupganj),2022,Biochemical Oxygen Demand,8.98
Murapara (Rupganj),2022,Chemical Oxygen Demand,34.83
Murapara (Rupganj),2022,Dissolved Oxygen,4.04
Murapara (Rupganj),2022,pH,7.4
Murapara (Rupganj),2023,Biochemical Oxygen Demand,44.16
Murapara (Rupganj),2023,Chemical Oxygen Demand,28
Murapara (Rupganj),2023,Dissolved Oxygen,3.25
Murapara (Rupganj),2023,pH,3.25
Murapara (Rupgonj),2021,Biochemical Oxygen Demand,9.56
Murapara (Rupgonj),2021,Chemical Oxygen Demand,34.89
Murapara (Rupgonj),2021,Dissolved Oxygen,3.55
Murapara (Rupgonj),2021,pH,7.21
Mymensingh,2018,Biochemical Oxygen Demand,2.2
Mymensingh,2018,Chemical Oxygen Demand,13.33
Mymensingh,2018,Dissolved Oxygen,6.4
Mymensingh,2018,pH,7.83
Mymensingh,2019,Biochemical Oxygen Demand,2.43
Mymensingh,2019,Dissolved Oxygen,6.66
Mymensingh,2019,pH,7.83
Mymensingh,2020,Biochemical Oxygen Demand,10.5
Mymensingh,2020,Dissolved Oxygen,8.75
Mymensingh,2020,pH,7.93
Mymensingh,2022,Biochemical Oxygen Demand,7.2
Mymensingh,2022,Dissolved Oxygen,11.4
Mymensingh,2022,pH,7.97
Mymensingh,2023,Biochemical Oxygen Demand,8
Mymensingh,2023,Dissolved Oxygen,5
Mymensingh,2023,pH,5
N. S. P. M,2018,Biochemical Oxygen Demand,4.91
N. S. P. M,2018,Chemical Oxygen Demand,17.71
N. S. P. M,2018,Dissolved Oxygen,5.32
N. S. P. M,2018,pH,6.92
N. S. P. M,2019,Biochemical Oxygen Demand,8.44
N. S. P. M,2019,Dissolved Oxygen,4.4
N. S. P. M,2019,pH,7.13
N. S. P. M,2020,Biochemical Oxygen Demand,8.44
N. S. P. M,2020,Dissolved Oxygen,4.4
N. S. P. M,2020,pH,7.13
Nama Bazar,2021,Biochemical Oxygen Demand,15.09
Nama Bazar,2021,Chemical Oxygen Demand,52.89
Nama Bazar,2021,Dissolved Oxygen,3.29
Nama Bazar,2021,pH,7.14
Nama Bazar,2022,Biochemical Oxygen Demand,10.53
Nama Bazar,2022,Chemical Oxygen Demand,35.08
Nama Bazar,2022,Dissolved Oxygen,4.51
Nama Bazar,2022,pH,7.44
Nama Bazar,2023,Biochemical Oxygen Demand,9.41
Nama Bazar,2023,Chemical Oxygen Demand,31.39
Nama Bazar,2023,Dissolved Oxygen,3.29
Nama Bazar,2023,pH,3.29
Narshingdi Launch Ghat,2021,Biochemical Oxygen Demand,9.87
Narshingdi Launch Ghat,2021,Dissolved Oxygen,2.75
Narshingdi Launch Ghat,2021,pH,7.78
Neaer Kanchpur Bridge,2018,Biochemical Oxygen Demand,8.4
Neaer Kanchpur Bridge,2018,Chemical Oxygen Demand,24
Neaer Kanchpur Bridge,2018,Dissolved Oxygen,3.4
Neaer Kanchpur Bridge,2018,pH,7.59
Neaer Kanchpur Bridge,2019,Chemical Oxygen Demand,38.4
Neaer Kanchpur Bridge,2019,pH,6.51
Neaer Kanchpur Bridge,2020,Biochemical Oxygen Demand,10.8
Neaer Kanchpur Bridge,2020,Chemical Oxygen Demand,46
Neaer Kanchpur Bridge,2020,Dissolved Oxygen,3.56
Neaer Kanchpur Bridge,2020,pH,7.23
Near ACI Factory,2018,Biochemical Oxygen Demand,18.4
Near ACI Factory,2018,Chemical Oxygen Demand,63.66
Near ACI Factory,2018,Dissolved Oxygen,1.53
Near ACI Factory,2018,pH,7.11
Near ACI Factory,2019,Biochemical Oxygen Demand,7.67
Near ACI Factory,2019,Chemical Oxygen Demand,33.7
Near ACI Factory,2019,Dissolved Oxygen,2.69
Near ACI Factory,2019,pH,7.2
Near ACI Factory,2020,Biochemical Oxygen Demand,21.68
Near ACI Factory,2020,Chemical Oxygen Demand,73.9
Near ACI Factory,2020,Dissolved Oxygen,0.95
Near ACI Factory,2020,pH,7.32
"Near Balu Bridge, 300 feet Road, Dhaka",2018,Biochemical Oxygen Demand,9.1
"Near Balu Bridge, 300 feet Road, Dhaka",2018,Chemical Oxygen Demand,32.25
"Near Balu Bridge, 300 feet Road, Dhaka",2018,Dissolved Oxygen,1.88
"Near Balu Bridge, 300 feet Road, Dhaka",2018,pH,7.43
"Near Balu Bridge, 300 feet Road, Dhaka",2019,Biochemical Oxygen Demand,17.49
"Near Balu Bridge, 300 feet Road, Dhaka",2019,Chemical Oxygen Demand,83.42
"Near Balu Bridge, 300 feet Road, Dhaka",2019,Dissolved Oxygen,1.18
"Near Balu Bridge, 300 feet Road, Dhaka",2019,pH,7.39
"Near Balu Bridge, 300 feet Road, Dhaka",2020,Biochemical Oxygen Demand,20.83
"Near Balu Bridge, 300 feet Road, Dhaka",2020,Chemical Oxygen Demand,70
"Near Balu Bridge, 300 feet Road, Dhaka",2020,Dissolved Oxygen,2.14
"Near Balu Bridge, 300 feet Road, Dhaka",2020,pH,7.39
Near Banabandhu Bridge (DS),2018,Biochemical Oxygen Demand,2.1
Near Banabandhu Bridge (DS),2018,Dissolved Oxygen,7.08
Near Banabandhu Bridge (DS),2018,pH,7.5
Near Banabandhu Bridge (DS),2019,Biochemical Oxygen Demand,2.19
Near Banabandhu Bridge (DS),2019,Dissolved Oxygen,7.28
Near Banabandhu Bridge (DS),2019,pH,7.47
Near Banabandhu Bridge (US),2018,Biochemical Oxygen Demand,2.15
Near Banabandhu Bridge (US),2018,Dissolved Oxygen,7.2
Near Banabandhu Bridge (US),2018,pH,7.5
Near Banabandhu Bridge (US),2019,Biochemical Oxygen Demand,2.18
Near Banabandhu Bridge (US),2019,Dissolved Oxygen,7.27
Near Banabandhu Bridge (US),2019,pH,7.46
Near Bangabandhu Bridge (US),2020,Biochemical Oxygen Demand,2.3
Near Bangabandhu Bridge (US),2020,Dissolved Oxygen,7.58
Near Bangabandhu Bridge (US),2020,pH,7.66
"Near Damra University College, Demra, Dhaka",2018,Biochemical Oxygen Demand,12.14
"Near Damra University College, Demra, Dhaka",2018,Chemical Oxygen Demand,48.42
"Near Damra University College, Demra, Dhaka",2018,Dissolved Oxygen,2.46
"Near Damra University College, Demra, Dhaka",2018,pH,7.63
"Near Damra University College, Demra, Dhaka",2019,Biochemical Oxygen Demand,17.43
"Near Damra University College, Demra, Dhaka",2019,Chemical Oxygen Demand,67.74
"Near Damra University College, Demra, Dhaka",2019,Dissolved Oxygen,1.1
"Near Damra University College, Demra, Dhaka",2019,pH,7.38
"Near Damra University College, Demra, Dhaka",2020,Biochemical Oxygen Demand,19.98
"Near Damra University College, Demra, Dhaka",2020,Chemical Oxygen Demand,69.75
"Near Damra University College, Demra, Dhaka",2020,Dissolved Oxygen,1.66
"Near Damra University College, Demra, Dhaka",2020,pH,7.38
Near Dhanmondi-28 Bangabandhu Jadughor,2020,Biochemical Oxygen Demand,9.9
Near Dhanmondi-28 Bangabandhu Jadughor,2021,Biochemical Oxygen Demand,8.44
Near Dhanmondi-28 Bangabandhu Jadughor,2022,Biochemical Oxygen Demand,5.05
Near Dhanmondi-28 Bangabandhu Jadughor,2023,Biochemical Oxygen Demand,7.13
Near Dhanmondi-32 Bridge,2020,Biochemical Oxygen Demand,8.68
Near Dhanmondi-32 Bridge,2021,Biochemical Oxygen Demand,8.22
Near Dhanmondi-32 Bridge,2022,Biochemical Oxygen Demand,4.83
Near Dhanmondi-32 Bridge,2023,Biochemical Oxygen Demand,6.8
"Near Dutta Bari Bridge, Bogra (Down stream)",2018,Biochemical Oxygen Demand,4.2
"Near Dutta Bari Bridge, Bogra (Down stream)",2018,Dissolved Oxygen,3.15
"Near Dutta Bari Bridge, Bogra (Down stream)",2018,pH,6.9
"Near Dutta Bari Bridge, Bogra (Down stream)",2019,Biochemical Oxygen Demand,5.08
"Near Dutta Bari Bridge, Bogra (Down stream)",2019,Dissolved Oxygen,3.78
"Near Dutta Bari Bridge, Bogra (Down stream)",2019,pH,7.13
"Near Dutta Bari Bridge, Bogra (Up stream)",2018,Biochemical Oxygen Demand,4.25
"Near Dutta Bari Bridge, Bogra (Up stream)",2018,Dissolved Oxygen,3.19
"Near Dutta Bari Bridge, Bogra (Up stream)",2018,pH,6.9
"Near Dutta Bari Bridge, Bogra (Up stream)",2019,Biochemical Oxygen Demand,5.06
"Near Dutta Bari Bridge, Bogra (Up stream)",2019,Dissolved Oxygen,3.8
"Near Dutta Bari Bridge, Bogra (Up stream)",2019,pH,7.13
"Near Dutta Bari Bridge, Bogura (Downstream)",2020,Biochemical Oxygen Demand,5.36
"Near Dutta Bari Bridge, Bogura (Downstream)",2020,Dissolved Oxygen,3.7
"Near Dutta Bari Bridge, Bogura (Downstream)",2020,pH,7.06
"Near Dutta Bari Bridge, Bogura (Upstream)",2020,Biochemical Oxygen Demand,5.36
"Near Dutta Bari Bridge, Bogura (Upstream)",2020,Dissolved Oxygen,3.73
"Near Dutta Bari Bridge, Bogura (Upstream)",2020,pH,7.06
"Near Foteh Ali Bridge, Bogra (Down stream)",2018,Biochemical Oxygen Demand,4.13
"Near Foteh Ali Bridge, Bogra (Down stream)",2018,Dissolved Oxygen,3.12
"Near Foteh Ali Bridge, Bogra (Down stream)",2018,pH,6.89
"Near Foteh Ali Bridge, Bogra (Down stream)",2019,Biochemical Oxygen Demand,5.01
"Near Foteh Ali Bridge, Bogra (Down stream)",2019,Dissolved Oxygen,3.64
"Near Foteh Ali Bridge, Bogra (Down stream)",2019,pH,7.11
"Near Foteh Ali Bridge, Bogra (Up stream)",2018,Biochemical Oxygen Demand,4.15
"Near Foteh Ali Bridge, Bogra (Up stream)",2018,Dissolved Oxygen,3.12
"Near Foteh Ali Bridge, Bogra (Up stream)",2018,pH,6.89
"Near Foteh Ali Bridge, Bogra (Up stream)",2019,Biochemical Oxygen Demand,4.98
"Near Foteh Ali Bridge, Bogra (Up stream)",2019,Dissolved Oxygen,3.64
"Near Foteh Ali Bridge, Bogra (Up stream)",2019,pH,7.11
"Near Foteh Ali Bridge, Bogura (Downstream)",2020,Biochemical Oxygen Demand,5.27
"Near Foteh Ali Bridge, Bogura (Downstream)",2020,Dissolved Oxygen,3.57
"Near Foteh Ali Bridge, Bogura (Downstream)",2020,pH,7.1
"Near Foteh Ali Bridge, Bogura (Upstream)",2020,Biochemical Oxygen Demand,5.27
"Near Foteh Ali Bridge, Bogura (Upstream)",2020,Dissolved Oxygen,3.57
"Near Foteh Ali Bridge, Bogura (Upstream)",2020,pH,7.1
"Near Fulpukuria Dyeing Ltd. Pagar, Tongi",2018,Biochemical Oxygen Demand,3.3
"Near Fulpukuria Dyeing Ltd. Pagar, Tongi",2018,Chemical Oxygen Demand,10
"Near Fulpukuria Dyeing Ltd. Pagar, Tongi",2018,Dissolved Oxygen,5.3
"Near Fulpukuria Dyeing Ltd. Pagar, Tongi",2018,pH,7.83
"Near Fulpukuria Dyeing Ltd. Pagar, Tongi",2020,Biochemical Oxygen Demand,30
Near Gigatola Pilkhana More,2020,Biochemical Oxygen Demand,9.6
Near Gigatola Pilkhana More,2021,Biochemical Oxygen Demand,9.22
Near Gigatola Pilkhana More,2022,Biochemical Oxygen Demand,5.35
Near Gigatola Pilkhana More,2023,Biochemical Oxygen Demand,6.6
"Near Hossain Dyeing Ltd. Pagar, Tongi",2018,Biochemical Oxygen Demand,28.43
"Near Hossain Dyeing Ltd. Pagar, Tongi",2018,Chemical Oxygen Demand,94.77
"Near Hossain Dyeing Ltd. Pagar, Tongi",2018,Dissolved Oxygen,2
"Near Hossain Dyeing Ltd. Pagar, Tongi",2018,pH,7.41
"Near Hossain Dyeing Ltd. Pagar, Tongi",2019,Biochemical Oxygen Demand,15.55
"Near Hossain Dyeing Ltd. Pagar, Tongi",2019,Chemical Oxygen Demand,53.64
"Near Hossain Dyeing Ltd. Pagar, Tongi",2019,Dissolved Oxygen,1.55
"Near Hossain Dyeing Ltd. Pagar, Tongi",2019,pH,7.42
"Near Hossain Dyeing Ltd. Pagar, Tongi",2020,Biochemical Oxygen Demand,22.67
"Near Hossain Dyeing Ltd. Pagar, Tongi",2020,Chemical Oxygen Demand,99.75
"Near Hossain Dyeing Ltd. Pagar, Tongi",2020,Dissolved Oxygen,2.21
"Near Hossain Dyeing Ltd. Pagar, Tongi",2020,pH,7.42
"Near Housing, South Bridge",2020,Biochemical Oxygen Demand,26.49
"Near Housing, South Bridge",2021,Biochemical Oxygen Demand,33.07
"Near Housing, South Bridge",2022,Biochemical Oxygen Demand,30
"Near Housing, South Bridge",2023,Biochemical Oxygen Demand,23.03
Near Jaber & Jubair Fabrics Ltd. Tongi,2018,Biochemical Oxygen Demand,28.54
Near Jaber & Jubair Fabrics Ltd. Tongi,2018,Chemical Oxygen Demand,87.28
Near Jaber & Jubair Fabrics Ltd. Tongi,2018,Dissolved Oxygen,1.84
Near Jaber & Jubair Fabrics Ltd. Tongi,2018,pH,7.78
Near Jaber & Jubair Fabrics Ltd. Tongi,2019,Biochemical Oxygen Demand,15.4
Near Jaber & Jubair Fabrics Ltd. Tongi,2019,Chemical Oxygen Demand,62.3
Near Jaber & Jubair Fabrics Ltd. Tongi,2019,Dissolved Oxygen,1.87
Near Jaber & Jubair Fabrics Ltd. Tongi,2019,pH,7.48
Near Jaber & Jubair Fabrics Ltd. Tongi,2020,Biochemical Oxygen Demand,23.25
Near Jaber & Jubair Fabrics Ltd. Tongi,2020,Chemical Oxygen Demand,84.08
Near Jaber & Jubair Fabrics Ltd. Tongi,2020,Dissolved Oxygen,2.33
Near Jaber & Jubair Fabrics Ltd. Tongi,2020,pH,7.48
Near Jamuna Fertilizer Factory,2018,Biochemical Oxygen Demand,16
Near Jamuna Fertilizer Factory,2018,Dissolved Oxygen,6.91
Near Jamuna Fertilizer Factory,2018,pH,8
Near Jamuna Fertilizer Factory,2019,Biochemical Oxygen Demand,3
Near Jamuna Fertilizer Factory,2019,Dissolved Oxygen,5.6
Near Jamuna Fertilizer Factory,2019,pH,7.93
Near Jamuna Fertilizer Factory,2020,Biochemical Oxygen Demand,8
Near Jamuna Fertilizer Factory,2020,Dissolved Oxygen,9.23
Near Jamuna Fertilizer Factory,2020,pH,7.32
Near Lake View Clinic,2020,Biochemical Oxygen Demand,29.31
Near Lake View Clinic,2021,Biochemical Oxygen Demand,34.09
Near Lake View Clinic,2022,Biochemical Oxygen Demand,31.75
Near Lake View Clinic,2023,Biochemical Oxygen Demand,25.53
"Near Matidali Bridge, Bogra (Down stream)",2018,Biochemical Oxygen Demand,4.01
"Near Matidali Bridge, Bogra (Down stream)",2018,Dissolved Oxygen,3.42
"Near Matidali Bridge, Bogra (Down stream)",2018,pH,6.94
"Near Matidali Bridge, Bogra (Down stream)",2019,Biochemical Oxygen Demand,4.58
"Near Matidali Bridge, Bogra (Down stream)",2019,Dissolved Oxygen,3.98
"Near Matidali Bridge, Bogra (Down stream)",2019,pH,7.17
"Near Matidali Bridge, Bogra (Up stream)",2018,Biochemical Oxygen Demand,4.04
"Near Matidali Bridge, Bogra (Up stream)",2018,Dissolved Oxygen,3.44
"Near Matidali Bridge, Bogra (Up stream)",2018,pH,6.94
"Near Matidali Bridge, Bogra (Up stream)",2019,Biochemical Oxygen Demand,4.62
"Near Matidali Bridge, Bogra (Up stream)",2019,Dissolved Oxygen,3.98
"Near Matidali Bridge, Bogra (Up stream)",2019,pH,7.17
"Near Matidali Bridge, Bogura (Downstream)",2020,Biochemical Oxygen Demand,4.93
"Near Matidali Bridge, Bogura (Downstream)",2020,Dissolved Oxygen,4.03
"Near Matidali Bridge, Bogura (Downstream)",2020,pH,7.09
"Near Matidali Bridge, Bogura (Upstream)",2020,Biochemical Oxygen Demand,4.93
"Near Matidali Bridge, Bogura (Upstream)",2020,Dissolved Oxygen,4.02
"Near Matidali Bridge, Bogura (Upstream)",2020,pH,7.09
"Near S.P Bridge, Bogra (Down stream)",2018,Biochemical Oxygen Demand,4.35
"Near S.P Bridge, Bogra (Down stream)",2018,Dissolved Oxygen,2.98
"Near S.P Bridge, Bogra (Down stream)",2018,pH,6.87
"Near S.P Bridge, Bogra (Down stream)",2019,Biochemical Oxygen Demand,5.03
"Near S.P Bridge, Bogra (Down stream)",2019,Dissolved Oxygen,3.61
"Near S.P Bridge, Bogra (Down stream)",2019,pH,7.08
"Near S.P Bridge, Bogra (Up stream)",2018,Biochemical Oxygen Demand,4.34
"Near S.P Bridge, Bogra (Up stream)",2018,Dissolved Oxygen,3
"Near S.P Bridge, Bogra (Up stream)",2018,pH,6.87
"Near S.P Bridge, Bogra (Up stream)",2019,Biochemical Oxygen Demand,5.03
"Near S.P Bridge, Bogra (Up stream)",2019,Dissolved Oxygen,3.6
"Near S.P Bridge, Bogra (Up stream)",2019,pH,7.08
"Near S.P Bridge, Bogura (Downstream)",2020,Biochemical Oxygen Demand,5.52
"Near S.P Bridge, Bogura (Downstream)",2020,Dissolved Oxygen,3.41
"Near S.P Bridge, Bogura (Downstream)",2020,pH,7.03
"Near S.P Bridge, Bogura (Upstream)",2020,Biochemical Oxygen Demand,5.52
"Near S.P Bridge, Bogura (Upstream)",2020,Dissolved Oxygen,3.41
"Near S.P Bridge, Bogura (Upstream)",2020,pH,7.02
Near Tista Bridge (D.S),2018,Biochemical Oxygen Demand,2.18
Near Tista Bridge (D.S),2018,Dissolved Oxygen,7.2
Near Tista Bridge (D.S),2018,pH,7.51
Near Tista Bridge (D.S),2019,Biochemical Oxygen Demand,2.18
Near Tista Bridge (D.S),2019,Dissolved Oxygen,7.14
Near Tista Bridge (D.S),2019,pH,7.57
Near Tista Bridge (D.S),2020,Biochemical Oxygen Demand,2.24
Near Tista Bridge (D.S),2020,Dissolved Oxygen,7.57
Near Tista Bridge (D.S),2020,pH,7.71
Near Tista Bridge (U.S),2018,Biochemical Oxygen Demand,2.25
Near Tista Bridge (U.S),2018,Dissolved Oxygen,7.23
Near Tista Bridge (U.S),2018,pH,7.52
Near Tista Bridge (U.S),2019,Biochemical Oxygen Demand,2.2
Near Tista Bridge (U.S),2019,Dissolved Oxygen,7.13
Near Tista Bridge (U.S),2019,pH,7.57
Near Tista Bridge (U.S),2020,Biochemical Oxygen Demand,2.26
Near Tista Bridge (U.S),2020,Dissolved Oxygen,7.57
Near Tista Bridge (U.S),2020,pH,7.71
"Near United Hospital, Kalachadpur",2020,Biochemical Oxygen Demand,33.51
"Near United Hospital, Kalachadpur",2021,Biochemical Oxygen Demand,33.56
"Near United Hospital, Kalachadpur",2022,Biochemical Oxygen Demand,37.25
"Near United Hospital, Kalachadpur",2023,Biochemical Oxygen Demand,21.23
New Gabtoli Bridge,2018,Biochemical Oxygen Demand,11.51
New Gabtoli Bridge,2018,Chemical Oxygen Demand,35.63
New Gabtoli Bridge,2018,Dissolved Oxygen,2.95
New Gabtoli Bridge,2018,pH,7.4
New Gabtoli Bridge,2019,Biochemical Oxygen Demand,11.72
New Gabtoli Bridge,2019,Chemical Oxygen Demand,60.91
New Gabtoli Bridge,2019,Dissolved Oxygen,2.19
New Gabtoli Bridge,2019,pH,7.23
New Gabtoli Bridge,2020,Biochemical Oxygen Demand,14.98
New Gabtoli Bridge,2020,Chemical Oxygen Demand,50.5
New Gabtoli Bridge,2020,Dissolved Oxygen,2.87
New Gabtoli Bridge,2020,pH,7.23
Noapara,2022,Biochemical Oxygen Demand,1.6
Noapara,2022,Dissolved Oxygen,3.6
Noapara,2022,pH,8.09
Noapara Ferry Ghat,2022,Biochemical Oxygen Demand,1.8
Noapara Ferry Ghat,2022,Dissolved Oxygen,4.3
Noapara Ferry Ghat,2022,pH,8.19
Noapara Ferry Ghat Abhaynagar,2021,Biochemical Oxygen Demand,2.28
Noapara Ferry Ghat Abhaynagar,2021,Dissolved Oxygen,5.69
Noapara Ferry Ghat Abhaynagar,2021,pH,8.14
"Noapara Ferry Ghat, Abhaynagar",2023,Biochemical Oxygen Demand,13.5
"Noapara Ferry Ghat, Abhaynagar",2023,Dissolved Oxygen,5.87
"Noapara Ferry Ghat, Abhaynagar",2023,pH,5.87
Noapara Ghat (M),2018,Biochemical Oxygen Demand,0.87
Noapara Ghat (M),2018,Dissolved Oxygen,7.75
Noapara Ghat (M),2018,Salinity,3.82
Noapara Ghat (M),2018,pH,5.57
Noapara Ghat (M),2019,Biochemical Oxygen Demand,0.85
Noapara Ghat (M),2019,Dissolved Oxygen,6.19
Noapara Ghat (M),2019,pH,7.8
Noapara Ghat (M),2020,Biochemical Oxygen Demand,1.5
Noapara Ghat (M),2020,Dissolved Oxygen,4.76
Noapara Ghat (M),2020,pH,8.09
Noapara Ghat (O),2018,Biochemical Oxygen Demand,0.87
Noapara Ghat (O),2018,Dissolved Oxygen,7.74
Noapara Ghat (O),2018,Salinity,3.83
Noapara Ghat (O),2018,pH,5.73
Noapara Ghat (O),2019,Biochemical Oxygen Demand,0.85
Noapara Ghat (O),2019,Dissolved Oxygen,6.19
Noapara Ghat (O),2019,pH,7.81
Noapara Ghat (O),2020,Biochemical Oxygen Demand,1.5
Noapara Ghat (O),2020,Dissolved Oxygen,4.76
Noapara Ghat (O),2020,pH,8.09
Noapara Ghat (S),2018,Biochemical Oxygen Demand,0.88
Noapara Ghat (S),2018,Dissolved Oxygen,7.72
Noapara Ghat (S),2018,Salinity,3.81
Noapara Ghat (S),2018,pH,5.59
Noapara Ghat (S),2019,Biochemical Oxygen Demand,0.84
Noapara Ghat (S),2019,Dissolved Oxygen,6.22
Noapara Ghat (S),2019,pH,7.81
Noapara Ghat (S),2020,Biochemical Oxygen Demand,1.5
Noapara Ghat (S),2020,Dissolved Oxygen,4.76
Noapara Ghat (S),2020,pH,8.09
Noapara Jafarpur,2021,Biochemical Oxygen Demand,2.78
Noapara Jafarpur,2021,Dissolved Oxygen,5.15
Noapara Jafarpur,2021,pH,8.1
Noapara Jafarpur,2023,Biochemical Oxygen Demand,13.9
Noapara Jafarpur,2023,Dissolved Oxygen,5.99
Noapara Jafarpur,2023,pH,5.99
Nohali Sapmari (Dn),2021,Biochemical Oxygen Demand,2.22
Nohali Sapmari (Dn),2021,Dissolved Oxygen,7.75
Nohali Sapmari (Dn),2021,pH,7.72
Nohali Sapmari (Up),2021,Biochemical Oxygen Demand,2.22
Nohali Sapmari (Up),2021,Dissolved Oxygen,7.75
Nohali Sapmari (Up),2021,pH,7.72
Norsingdi Launch Ghat,2023,Biochemical Oxygen Demand,3.22
Norsingdi Launch Ghat,2023,Dissolved Oxygen,3.78
Norsingdi Launch Ghat,2023,pH,3.78
Norsingdi Launch Terminal,2022,Biochemical Oxygen Demand,6.93
Norsingdi Launch Terminal,2022,Chemical Oxygen Demand,21.14
Norsingdi Launch Terminal,2022,Dissolved Oxygen,4.41
Norsingdi Launch Terminal,2022,pH,7.41
"North Side of Tongi Bridge, Pagar",2018,Biochemical Oxygen Demand,19.84
"North Side of Tongi Bridge, Pagar",2018,Chemical Oxygen Demand,64
"North Side of Tongi Bridge, Pagar",2018,Dissolved Oxygen,3.66
"North Side of Tongi Bridge, Pagar",2018,pH,7.63
"North Side of Tongi Bridge, Pagar",2019,Chemical Oxygen Demand,60.91
"North Side of Tongi Bridge, Pagar",2019,Dissolved Oxygen,2.98
"North Side of Tongi Bridge, Pagar",2020,Biochemical Oxygen Demand,25.97
"North Side of Tongi Bridge, Pagar",2020,Chemical Oxygen Demand,84.75
"North Side of Tongi Bridge, Pagar",2020,Dissolved Oxygen,3.18
Noya Khal (Outside),2020,Chemical Oxygen Demand,108
Noya Khal (Outside),2020,Dissolved Oxygen,0.66
Noya Khal (Outside),2020,pH,7.1
Nurullapur (Down),2023,Biochemical Oxygen Demand,2.29
Nurullapur (Down),2023,Dissolved Oxygen,7.59
Nurullapur (Down),2023,pH,7.59
Nurullapur (Up),2023,Biochemical Oxygen Demand,2.29
Nurullapur (Up),2023,Dissolved Oxygen,7.59
Nurullapur (Up),2023,pH,7.59
Pagla,2018,Biochemical Oxygen Demand,9.05
Pagla,2018,Chemical Oxygen Demand,35.37
Pagla,2018,Dissolved Oxygen,1.04
Pagla,2018,pH,7.44
Pagla,2019,Biochemical Oxygen Demand,8.7
Pagla,2019,Chemical Oxygen Demand,44.5
Pagla,2019,Dissolved Oxygen,2.23
Pagla,2019,pH,7.21
Pagla,2020,Biochemical Oxygen Demand,14.32
Pagla,2020,Chemical Oxygen Demand,49.42
Pagla,2020,Dissolved Oxygen,2.15
Pagla,2020,pH,7.18
Pagla,2021,Biochemical Oxygen Demand,17.16
Pagla,2021,Chemical Oxygen Demand,57.8
Pagla,2021,Dissolved Oxygen,1.65
Pagla,2021,pH,7.35
Pakshi Ghat (DS),2018,Biochemical Oxygen Demand,2.27
Pakshi Ghat (DS),2018,Dissolved Oxygen,7.13
Pakshi Ghat (DS),2018,pH,7.47
Pakshi Ghat (DS),2019,Biochemical Oxygen Demand,2.18
Pakshi Ghat (DS),2019,Dissolved Oxygen,7.23
Pakshi Ghat (DS),2019,pH,7.63
Pakshi Ghat (DS),2020,Biochemical Oxygen Demand,2.23
Pakshi Ghat (DS),2020,Dissolved Oxygen,7.53
Pakshi Ghat (DS),2020,pH,7.7
Pakshi Ghat (US),2018,Biochemical Oxygen Demand,2.33
Pakshi Ghat (US),2018,Dissolved Oxygen,7.16
Pakshi Ghat (US),2018,pH,7.48
Pakshi Ghat (US),2019,Biochemical Oxygen Demand,2.22
Pakshi Ghat (US),2019,Dissolved Oxygen,7.22
Pakshi Ghat (US),2019,pH,7.63
Pakshi Ghat (US),2020,Biochemical Oxygen Demand,2.26
Pakshi Ghat (US),2020,Dissolved Oxygen,7.53
Pakshi Ghat (US),2020,pH,7.7
Patenga Charpara,2019,Biochemical Oxygen Demand,27.5
Patenga Charpara,2019,Chemical Oxygen Demand,637.5
Patenga Charpara,2019,Dissolved Oxygen,7.42
Patenga Charpara,2019,Plastic and Marine Debris,146
Patenga Charpara,2019,Salinity,11.3
Patenga Charpara,2019,pH,7.65
Patenga Charpara,2020,Biochemical Oxygen Demand,4
Patenga Charpara,2020,Chemical Oxygen Demand,79
Patenga Charpara,2020,Dissolved Oxygen,6.68
Patenga Charpara,2020,Salinity,12.3
Patenga Charpara,2020,pH,7.05
Patenga Charpara,2021,Biochemical Oxygen Demand,15
Patenga Charpara,2021,Chemical Oxygen Demand,97
Patenga Charpara,2021,Dissolved Oxygen,7.64
Patenga Charpara,2021,Salinity,14.56
Patenga Charpara,2021,pH,6.11
Patenga Charpara,2022,Dissolved Oxygen,7.68
Patenga Charpara,2022,Salinity,15.63
Patenga Charpara,2022,pH,7.78
Patenga Charpara,2023,Dissolved Oxygen,6.98
Patenga Charpara,2023,Salinity,15.2
Patenga Charpara,2023,pH,7.89
Patenga Charpara,2024,Dissolved Oxygen,8.4
Patenga Charpara,2024,Salinity,5.1
Patenga Charpara,2024,pH,8.13
Patenga charpara,2019,Chemical Oxygen Demand,653.67
Patenga charpara,2019,Dissolved Oxygen,7.31
Patenga charpara,2019,pH,7.65
Patenga charpara,2020,Biochemical Oxygen Demand,580.75
Patenga charpara,2020,Chemical Oxygen Demand,491.67
Patenga charpara,2020,Dissolved Oxygen,7.35
Patenga charpara,2020,pH,7.57
Pathorghata,2021,Biochemical Oxygen Demand,8.5
Pathorghata,2021,Chemical Oxygen Demand,23.25
Pathorghata,2021,Dissolved Oxygen,5.125
Pathorghata,2021,pH,7.2
Pathorghata,2022,Biochemical Oxygen Demand,9.24
Pathorghata,2022,Chemical Oxygen Demand,29.89
Pathorghata,2022,Dissolved Oxygen,4.88
Pathorghata,2022,pH,7.42
Pathorghata,2023,Biochemical Oxygen Demand,4.3
Pathorghata,2023,Chemical Oxygen Demand,23.38
Pathorghata,2023,Dissolved Oxygen,5.68
Pathorghata,2023,pH,5.68
Patuakhali Launch Ghat (M),2018,Biochemical Oxygen Demand,2.2
Patuakhali Launch Ghat (M),2018,Dissolved Oxygen,5.62
Patuakhali Launch Ghat (M),2018,pH,7.37
Patuakhali Launch Ghat (M),2019,Biochemical Oxygen Demand,2.05
Patuakhali Launch Ghat (M),2019,Dissolved Oxygen,6.1
Patuakhali Launch Ghat (M),2019,pH,7.58
Patuakhali Launch Ghat (M),2020,Biochemical Oxygen Demand,2.4
Patuakhali Launch Ghat (M),2020,Dissolved Oxygen,6.7
Patuakhali Launch Ghat (M),2020,pH,7.8
Patuakhali Launch Ghat (M),2021,Dissolved Oxygen,5.75
Patuakhali Launch Ghat (M),2021,pH,7.93
Patuakhali Launch Ghat (M),2022,Dissolved Oxygen,6.61
Patuakhali Launch Ghat (M),2022,pH,8.62
Patuakhali Launch Ghat (M),2023,Dissolved Oxygen,6.59
Patuakhali Launch Ghat (M),2023,pH,6.59
Patuakhali Launch Ghat (S),2018,Biochemical Oxygen Demand,2.01
Patuakhali Launch Ghat (S),2018,Dissolved Oxygen,5.78
Patuakhali Launch Ghat (S),2018,pH,7.39
Patuakhali Launch Ghat (S),2019,Biochemical Oxygen Demand,1.95
Patuakhali Launch Ghat (S),2019,Dissolved Oxygen,6.23
Patuakhali Launch Ghat (S),2019,pH,7.62
Patuakhali Launch Ghat (S),2020,Biochemical Oxygen Demand,2.6
Patuakhali Launch Ghat (S),2020,Dissolved Oxygen,6.63
Patuakhali Launch Ghat (S),2020,pH,7.67
Patuakhali Launch Ghat (S),2021,Dissolved Oxygen,5.78
Patuakhali Launch Ghat (S),2021,pH,8.04
Patuakhali Launch Ghat (S),2022,Dissolved Oxygen,7.15
Patuakhali Launch Ghat (S),2022,pH,9.01
Patuakhali Launch Ghat (S),2023,Dissolved Oxygen,7.14
Patuakhali Launch Ghat (S),2023,pH,7.14
Pipe Ghat (D.S),2020,Biochemical Oxygen Demand,0.56
Pipe Ghat (D.S),2020,Dissolved Oxygen,4.72
Pipe Ghat (D.S),2020,pH,8.07
Pipe Ghat (M.P),2020,Biochemical Oxygen Demand,0.7
Pipe Ghat (M.P),2020,Dissolved Oxygen,6.4
Pipe Ghat (M.P),2020,pH,8.11
Pipe Ghat (U.S),2020,Biochemical Oxygen Demand,0.44
Pipe Ghat (U.S),2020,Dissolved Oxygen,5
Pipe Ghat (U.S),2020,pH,8.1
"Pipe Ghat, (M.P)",2023,Biochemical Oxygen Demand,26.78
"Pipe Ghat, (M.P)",2023,Dissolved Oxygen,4.52
"Pipe Ghat, (M.P)",2023,pH,4.52
"Pipe Ghat, (U.S)",2018,Biochemical Oxygen Demand,0.75
"Pipe Ghat, (U.S)",2018,Chemical Oxygen Demand,0
"Pipe Ghat, (U.S)",2018,Dissolved Oxygen,4.6
"Pipe Ghat, (U.S)",2018,Salinity,0.16
"Pipe Ghat, (U.S)",2018,pH,6.96
"Pipe Ghat, (U.S)",2019,Biochemical Oxygen Demand,0.64
"Pipe Ghat, (U.S)",2019,Dissolved Oxygen,4.6
"Pipe Ghat, (U.S)",2019,pH,6.86
"Pipe Ghat,(M.P)",2018,Biochemical Oxygen Demand,0.84
"Pipe Ghat,(M.P)",2018,Chemical Oxygen Demand,59
"Pipe Ghat,(M.P)",2018,Dissolved Oxygen,4.49
"Pipe Ghat,(M.P)",2018,Salinity,0.23
"Pipe Ghat,(M.P)",2018,pH,6.96
"Pipe Ghat,(M.P)",2019,Biochemical Oxygen Demand,0.6
"Pipe Ghat,(M.P)",2019,Dissolved Oxygen,5.17
"Pipe Ghat,(M.P)",2019,pH,7.08
"PipeGhat, (D.S)",2018,Biochemical Oxygen Demand,0.98
"PipeGhat, (D.S)",2018,Chemical Oxygen Demand,313
"PipeGhat, (D.S)",2018,Dissolved Oxygen,4.4
"PipeGhat, (D.S)",2018,Salinity,0.18
"PipeGhat, (D.S)",2018,pH,6.87
"PipeGhat, (D.S)",2019,Biochemical Oxygen Demand,0.57
"PipeGhat, (D.S)",2019,Dissolved Oxygen,5
"PipeGhat, (D.S)",2019,pH,6.79
Port Road,2021,Biochemical Oxygen Demand,17.31
Port Road,2021,Chemical Oxygen Demand,58.57
Port Road,2021,Dissolved Oxygen,2.77
Port Road,2021,pH,7.2
Port Road,2022,Biochemical Oxygen Demand,10.35
Port Road,2022,Chemical Oxygen Demand,34.58
Port Road,2022,Dissolved Oxygen,2.65
Port Road,2022,pH,7.36
Port Road,2023,Biochemical Oxygen Demand,10.36
Port Road,2023,Chemical Oxygen Demand,42.67
Port Road,2023,Dissolved Oxygen,1.76
Port Road,2023,pH,1.76
"Rail Bridge, Shamvoganj",2021,Biochemical Oxygen Demand,4.5
"Rail Bridge, Shamvoganj",2021,Dissolved Oxygen,7.1
"Rail Bridge, Shamvoganj",2021,pH,7.85
"Rail Bridge, Shamvoganj",2023,Biochemical Oxygen Demand,5.05
"Rail Bridge, Shamvoganj",2023,Dissolved Oxygen,4.37
"Rail Bridge, Shamvoganj",2023,pH,4.37
Rampal Power Plant,2021,Biochemical Oxygen Demand,1.67
Rampal Power Plant,2021,Dissolved Oxygen,6.36
Rampal Power Plant,2021,pH,8.19
Rampal Power Plant,2022,Dissolved Oxygen,0.4
Rampal Power Plant,2022,pH,7.6
Rampal Power Plant,2023,Biochemical Oxygen Demand,11.5
Rampal Power Plant,2023,Dissolved Oxygen,6.75
Rampal Power Plant,2023,pH,6.75
Rampura Bridge,2020,Biochemical Oxygen Demand,23.57
Rampura Bridge,2021,Biochemical Oxygen Demand,16.33
Rampura Bridge,2022,Biochemical Oxygen Demand,22.75
Rampura Bridge,2023,Biochemical Oxygen Demand,21.27
Ruhitpur,2021,Biochemical Oxygen Demand,10.29
Ruhitpur,2021,Chemical Oxygen Demand,34.86
Ruhitpur,2021,Dissolved Oxygen,8.14
Ruhitpur,2021,pH,7.8
Ruhitpur,2022,Biochemical Oxygen Demand,6.91
Ruhitpur,2022,Chemical Oxygen Demand,28
Ruhitpur,2022,Dissolved Oxygen,5.99
Ruhitpur,2022,pH,7.57
Ruhitpur,2023,Biochemical Oxygen Demand,2.85
Ruhitpur,2023,Chemical Oxygen Demand,21
Ruhitpur,2023,Dissolved Oxygen,5.9
Ruhitpur,2023,pH,5.9
Rupsa Ghat (M),2021,Biochemical Oxygen Demand,2.57
Rupsa Ghat (M),2021,Dissolved Oxygen,5.72
Rupsa Ghat (M),2021,pH,8.29
Rupsa Ghat (M),2022,Biochemical Oxygen Demand,7.5
Rupsa Ghat (M),2022,Dissolved Oxygen,3.8
Rupsa Ghat (M),2022,pH,8.11
Rupsa Ghat (M),2023,Biochemical Oxygen Demand,26.8
Rupsa Ghat (M),2023,Dissolved Oxygen,6.54
Rupsa Ghat (M),2023,pH,6.54
Rupsha Ghat (M),2018,Biochemical Oxygen Demand,0.95
Rupsha Ghat (M),2018,Dissolved Oxygen,5.92
Rupsha Ghat (M),2018,Salinity,4.15
Rupsha Ghat (M),2018,pH,7.8
Rupsha Ghat (M),2019,Biochemical Oxygen Demand,1.17
Rupsha Ghat (M),2019,Dissolved Oxygen,6.67
Rupsha Ghat (M),2019,pH,7.93
Rupsha Ghat (M),2020,Biochemical Oxygen Demand,1.32
Rupsha Ghat (M),2020,Dissolved Oxygen,6.77
Rupsha Ghat (M),2020,pH,7.85
Rupsha Ghat (O),2018,Biochemical Oxygen Demand,0.92
Rupsha Ghat (O),2018,Dissolved Oxygen,5.92
Rupsha Ghat (O),2018,Salinity,4.15
Rupsha Ghat (O),2018,pH,7.79
Rupsha Ghat (O),2019,Biochemical Oxygen Demand,1.12
Rupsha Ghat (O),2019,Dissolved Oxygen,6.64
Rupsha Ghat (O),2019,pH,7.93
Rupsha Ghat (O),2020,Biochemical Oxygen Demand,1.28
Rupsha Ghat (O),2020,Dissolved Oxygen,6.77
Rupsha Ghat (O),2020,pH,7.83
Rupsha Ghat (S),2018,Biochemical Oxygen Demand,0.96
Rupsha Ghat (S),2018,Dissolved Oxygen,5.87
Rupsha Ghat (S),2018,Salinity,4.15
Rupsha Ghat (S),2018,pH,7.79
Rupsha Ghat (S),2019,Biochemical Oxygen Demand,1.15
Rupsha Ghat (S),2019,Dissolved Oxygen,6.66
Rupsha Ghat (S),2019,pH,7.93
Rupsha Ghat (S),2020,Biochemical Oxygen Demand,1.3
Rupsha Ghat (S),2020,Dissolved Oxygen,6.77
Rupsha Ghat (S),2020,pH,7.85
Sadar Ghat,2018,Biochemical Oxygen Demand,8.05
Sadar Ghat,2018,Chemical Oxygen Demand,27.81
Sadar Ghat,2018,Dissolved Oxygen,1.9
Sadar Ghat,2018,pH,7.45
Sadar Ghat,2019,Biochemical Oxygen Demand,10.88
Sadar Ghat,2019,Chemical Oxygen Demand,46.81
Sadar Ghat,2019,Dissolved Oxygen,1.46
Sadar Ghat,2019,pH,7.3
Sadar Ghat,2020,Biochemical Oxygen Demand,13.4
Sadar Ghat,2020,Chemical Oxygen Demand,47.5
Sadar Ghat,2020,Dissolved Oxygen,1.99
Sadar Ghat,2020,pH,7.2
Sadarghat,2021,Biochemical Oxygen Demand,6
Sadarghat,2021,Chemical Oxygen Demand,63
Sadarghat,2021,Dissolved Oxygen,0.1
Sadarghat,2021,pH,7.44
Sandwip Ghat,2019,Dissolved Oxygen,7.55
Sandwip Ghat,2019,Plastic and Marine Debris,237
Sandwip Ghat,2019,Salinity,10.42
Sandwip Ghat,2019,pH,8.05
Sardah (Down),2023,Biochemical Oxygen Demand,2.37
Sardah (Down),2023,Dissolved Oxygen,7.51
Sardah (Down),2023,pH,7.51
Sardah (Up),2023,Biochemical Oxygen Demand,2.37
Sardah (Up),2023,Dissolved Oxygen,7.51
Sardah (Up),2023,pH,7.51
Sarkarkhana,2021,Biochemical Oxygen Demand,11.5
Sarkarkhana,2021,Dissolved Oxygen,6.33
Sarkarkhana,2021,pH,7.46
Satmosjid Road,2021,Biochemical Oxygen Demand,17.78
Satmosjid Road,2021,Chemical Oxygen Demand,57.4
Satmosjid Road,2021,Dissolved Oxygen,1.5
Satmosjid Road,2021,pH,7.33
Satmosjid Road,2022,Biochemical Oxygen Demand,14.13
Satmosjid Road,2022,Chemical Oxygen Demand,59.17
Satmosjid Road,2022,Dissolved Oxygen,2.42
Satmosjid Road,2022,pH,7.15
Satmosjid Road,2023,Biochemical Oxygen Demand,10.67
Satmosjid Road,2023,Chemical Oxygen Demand,53.44
Satmosjid Road,2023,Dissolved Oxygen,2.61
Satmosjid Road,2023,pH,2.61
"Shahjadpur, Sirajganj (Downstream)",2020,Biochemical Oxygen Demand,2.28
"Shahjadpur, Sirajganj (Downstream)",2020,Dissolved Oxygen,7.46
"Shahjadpur, Sirajganj (Downstream)",2020,pH,7.54
"Shahjadpur, Sirajganj (Upstream)",2020,Biochemical Oxygen Demand,2.26
"Shahjadpur, Sirajganj (Upstream)",2020,Dissolved Oxygen,7.46
"Shahjadpur, Sirajganj (Upstream)",2020,pH,7.54
"Shahjadpur, Sirajgonj (Down stream)",2018,Biochemical Oxygen Demand,2.2
"Shahjadpur, Sirajgonj (Down stream)",2018,Dissolved Oxygen,7.18
"Shahjadpur, Sirajgonj (Down stream)",2018,pH,7.5
"Shahjadpur, Sirajgonj (Down stream)",2019,Biochemical Oxygen Demand,2.66
"Shahjadpur, Sirajgonj (Down stream)",2019,Dissolved Oxygen,7.13
"Shahjadpur, Sirajgonj (Down stream)",2019,pH,7.41
"Shahjadpur, Sirajgonj (Up stream)",2018,Biochemical Oxygen Demand,2.21
"Shahjadpur, Sirajgonj (Up stream)",2018,Dissolved Oxygen,7.18
"Shahjadpur, Sirajgonj (Up stream)",2018,pH,7.51
"Shahjadpur, Sirajgonj (Up stream)",2019,Biochemical Oxygen Demand,2.64
"Shahjadpur, Sirajgonj (Up stream)",2019,Dissolved Oxygen,7.13
"Shahjadpur, Sirajgonj (Up stream)",2019,pH,7.41
Shajalal Paper,2021,Biochemical Oxygen Demand,20
Shajalal Paper,2021,Dissolved Oxygen,5.9
Shajalal Paper,2021,pH,7.53
Shariakandi Groin Badth (DS),2020,Biochemical Oxygen Demand,2.24
Shariakandi Groin Badth (DS),2020,Dissolved Oxygen,7.54
Shariakandi Groin Badth (DS),2020,pH,7.58
Shariakandi Groin Badth (US),2020,Biochemical Oxygen Demand,2.23
Shariakandi Groin Badth (US),2020,Dissolved Oxygen,7.52
Shariakandi Groin Badth (US),2020,pH,7.58
"Shariakandi Groin Badth, Bogra (DS)",2018,Biochemical Oxygen Demand,2.27
"Shariakandi Groin Badth, Bogra (DS)",2018,Dissolved Oxygen,7.16
"Shariakandi Groin Badth, Bogra (DS)",2018,pH,7.49
"Shariakandi Groin Badth, Bogra (DS)",2019,Biochemical Oxygen Demand,2.18
"Shariakandi Groin Badth, Bogra (DS)",2019,Dissolved Oxygen,7.13
"Shariakandi Groin Badth, Bogra (DS)",2019,pH,7.52
"Shariakandi Groin Badth, Bogra (US)",2018,Biochemical Oxygen Demand,2.29
"Shariakandi Groin Badth, Bogra (US)",2018,Dissolved Oxygen,7.18
"Shariakandi Groin Badth, Bogra (US)",2018,pH,7.49
"Shariakandi Groin Badth, Bogra (US)",2019,Biochemical Oxygen Demand,2.18
"Shariakandi Groin Badth, Bogra (US)",2019,Dissolved Oxygen,7.14
"Shariakandi Groin Badth, Bogra (US)",2019,pH,7.53
Shariakandi Groin badth (D),2022,Biochemical Oxygen Demand,2.4
Shariakandi Groin badth (D),2022,Dissolved Oxygen,7.57
Shariakandi Groin badth (D),2022,pH,7.52
Shariakandi Groin badth (U),2022,Biochemical Oxygen Demand,2.4
Shariakandi Groin badth (U),2022,Dissolved Oxygen,7.57
Shariakandi Groin badth (U),2022,pH,7.52
Shariakandi Kheya Ghat (Dn),2023,Biochemical Oxygen Demand,2.32
Shariakandi Kheya Ghat (Dn),2023,Dissolved Oxygen,7.49
Shariakandi Kheya Ghat (Dn),2023,pH,7.49
Shariakandi Kheya Ghat (Up),2023,Biochemical Oxygen Demand,2.32
Shariakandi Kheya Ghat (Up),2023,Dissolved Oxygen,7.49
Shariakandi Kheya Ghat (Up),2023,pH,7.49
Shariakandi Kheya Ghat Growin Bandh (DN),2021,Biochemical Oxygen Demand,2.31
Shariakandi Kheya Ghat Growin Bandh (DN),2021,Dissolved Oxygen,7.57
Shariakandi Kheya Ghat Growin Bandh (DN),2021,pH,7.55
Shariakandi Kheya Ghat Growin Bandh (UP),2021,Biochemical Oxygen Demand,2.31
Shariakandi Kheya Ghat Growin Bandh (UP),2021,Dissolved Oxygen,7.57
Shariakandi Kheya Ghat Growin Bandh (UP),2021,pH,7.54
Sheaik Ghat,2018,Biochemical Oxygen Demand,2.02
Sheaik Ghat,2018,Chemical Oxygen Demand,14.45
Sheaik Ghat,2018,Dissolved Oxygen,6.91
Sheaik Ghat,2018,pH,8.05
Sheaik Ghat,2019,Biochemical Oxygen Demand,3.24
Sheaik Ghat,2019,Chemical Oxygen Demand,14.8
Sheaik Ghat,2019,Dissolved Oxygen,6.18
Sheaik Ghat,2019,pH,7.5
Sheaik Ghat,2020,Biochemical Oxygen Demand,2.27
Sheaik Ghat,2020,Chemical Oxygen Demand,11.73
Sheaik Ghat,2020,Dissolved Oxygen,6.97
Sheaik Ghat,2020,pH,7.14
Sheaik Ghat,2021,Biochemical Oxygen Demand,2.8
Sheaik Ghat,2021,Chemical Oxygen Demand,18.58
Sheaik Ghat,2021,Dissolved Oxygen,7.23
Sheaik Ghat,2021,pH,6.73
Sheaik Ghat,2022,Biochemical Oxygen Demand,2.8
Sheaik Ghat,2022,Chemical Oxygen Demand,15
Sheaik Ghat,2022,Dissolved Oxygen,7.06
Sheaik Ghat,2022,pH,6.67
Sheaik Ghat,2023,Biochemical Oxygen Demand,3.4
Sheaik Ghat,2023,Chemical Oxygen Demand,11.73
Sheaik Ghat,2023,Dissolved Oxygen,7.24
Sheaik Ghat,2023,pH,7.24
Shikalbaha,2021,Biochemical Oxygen Demand,16
Shikalbaha,2021,Chemical Oxygen Demand,53.64
Shikalbaha,2021,Dissolved Oxygen,7.04
Shikalbaha,2021,pH,7.83
Shikalbaha,2022,Biochemical Oxygen Demand,4.69
Shikalbaha,2022,Chemical Oxygen Demand,13.18
Shikalbaha,2022,Dissolved Oxygen,7.45
Shikalbaha,2022,pH,7.55
Shikalbaha,2023,Biochemical Oxygen Demand,4.83
Shikalbaha,2023,Chemical Oxygen Demand,14.75
Shikalbaha,2023,Dissolved Oxygen,7.35
Shikalbaha,2023,pH,7.35
Shimolia,2021,Biochemical Oxygen Demand,1
Shimolia,2021,Dissolved Oxygen,6.2
Shimolia,2021,pH,7.99
Shimulia Ghat,2018,Biochemical Oxygen Demand,0.6
Shimulia Ghat,2018,Dissolved Oxygen,7.6
Shimulia Ghat,2018,pH,7.85
Shimulia Ghat,2019,Biochemical Oxygen Demand,2.9
Shimulia Ghat,2019,Dissolved Oxygen,7.1
Shimulia Ghat,2019,pH,7.26
Shimulia Ghat,2020,Biochemical Oxygen Demand,12.5
Shimulia Ghat,2020,Dissolved Oxygen,8.15
Shimulia Ghat,2020,pH,7.89
Shoshan Ghat,2021,Biochemical Oxygen Demand,7.8
Shoshan Ghat,2021,Dissolved Oxygen,2.76
Shoshan Ghat,2021,pH,7.92
Shoshan Ghat,2022,Biochemical Oxygen Demand,7.8
Shoshan Ghat,2022,Dissolved Oxygen,2.76
Shoshan Ghat,2022,pH,7.92
Shoshan Ghat,2023,Biochemical Oxygen Demand,21.17
Shoshan Ghat,2023,Dissolved Oxygen,0.1
Shoshan Ghat,2023,pH,0.1
Sirajnagor,2021,Biochemical Oxygen Demand,8.4
Sirajnagor,2021,Chemical Oxygen Demand,34
Sirajnagor,2021,Dissolved Oxygen,0.5
Sirajnagor,2021,pH,7.86
Sitardor,2021,Biochemical Oxygen Demand,4
Sitardor,2021,Dissolved Oxygen,6.2
Sitardor,2021,pH,7.8
"South Side of Tongi Rail Bridge, Pagar, Tongi",2018,Biochemical Oxygen Demand,31.34
"South Side of Tongi Rail Bridge, Pagar, Tongi",2018,Chemical Oxygen Demand,99.44
"South Side of Tongi Rail Bridge, Pagar, Tongi",2018,Dissolved Oxygen,1.93
"South Side of Tongi Rail Bridge, Pagar, Tongi",2018,pH,7.76
Sultanganj- Gabtoli (DN),2021,Biochemical Oxygen Demand,4.85
Sultanganj- Gabtoli (DN),2021,Dissolved Oxygen,4.61
Sultanganj- Gabtoli (DN),2021,pH,7.03
Sultanganj- Gabtoli (UP),2021,Biochemical Oxygen Demand,4.85
Sultanganj- Gabtoli (UP),2021,Dissolved Oxygen,4.61
Sultanganj- Gabtoli (UP),2021,pH,7.03
TSP,2018,Chemical Oxygen Demand,214.33
TSP,2018,Dissolved Oxygen,6.7
TSP,2018,Salinity,8.71
TSP,2018,pH,7.37
TSP,2019,Chemical Oxygen Demand,450.17
TSP,2019,Dissolved Oxygen,6.92
TSP,2019,pH,7.82
TSP,2021,Biochemical Oxygen Demand,83.27
TSP,2021,Chemical Oxygen Demand,308.82
TSP,2021,Dissolved Oxygen,7.75
TSP,2021,pH,7.54
TSP,2022,Biochemical Oxygen Demand,8.96
TSP,2022,Chemical Oxygen Demand,44.25
TSP,2022,Dissolved Oxygen,7.29
TSP,2022,pH,7.33
TSP,2023,Biochemical Oxygen Demand,6.08
TSP,2023,Chemical Oxygen Demand,32.58
TSP,2023,Dissolved Oxygen,7.52
TSP,2023,pH,7.52
"TSP Side, Patenga",2020,Biochemical Oxygen Demand,457.83
"TSP Side, Patenga",2020,Chemical Oxygen Demand,450.17
"TSP Side, Patenga",2020,Dissolved Oxygen,6.46
"TSP Side, Patenga",2020,pH,7.54
"Table 1.59a: Freshwater Quality by District/Station, 2020-2023",2019,Dissolved Oxygen,2020
Table Majhira Demra Ghat,2022,Biochemical Oxygen Demand,10.24
Table Majhira Demra Ghat,2022,Chemical Oxygen Demand,44.42
Table Majhira Demra Ghat,2022,Dissolved Oxygen,2.56
Table Majhira Demra Ghat,2022,pH,7.32
"Taltola Shooting Complex, South Side",2020,Biochemical Oxygen Demand,27.42
"Taltola Shooting Complex, South Side",2021,Biochemical Oxygen Demand,25.75
"Taltola Shooting Complex, South Side",2022,Biochemical Oxygen Demand,36.5
"Taltola Shooting Complex, South Side",2023,Biochemical Oxygen Demand,19.3
Tarakandi,2023,Biochemical Oxygen Demand,3.4
Tarakandi,2023,Dissolved Oxygen,6.95
Tarakandi,2023,pH,6.95
Tarakandi (D),2022,Biochemical Oxygen Demand,5.4
Tarakandi (D),2022,Dissolved Oxygen,6.48
Tarakandi (D),2022,pH,7.72
Tarakandi (U),2022,Biochemical Oxygen Demand,4
Tarakandi (U),2022,Dissolved Oxygen,4.6
Tarakandi (U),2022,pH,7.8
Teesta Barrage (Dn),2021,Biochemical Oxygen Demand,2.27
Teesta Barrage (Dn),2021,Dissolved Oxygen,7.89
Teesta Barrage (Dn),2021,pH,8.09
Teesta Barrage (Up),2021,Biochemical Oxygen Demand,2.27
Teesta Barrage (Up),2021,Dissolved Oxygen,7.89
Teesta Barrage (Up),2021,pH,8.09
Teesta Bridge (Dn),2021,Biochemical Oxygen Demand,2.25
Teesta Bridge (Dn),2021,Dissolved Oxygen,7.89
Teesta Bridge (Dn),2021,pH,14.4
Teesta Bridge (Up),2021,Biochemical Oxygen Demand,2.25
Teesta Bridge (Up),2021,Dissolved Oxygen,7.89
Teesta Bridge (Up),2021,pH,7.94
Tongi Istima Mat,2018,Biochemical Oxygen Demand,18.1
Tongi Istima Mat,2018,Chemical Oxygen Demand,54.18
Tongi Istima Mat,2018,Dissolved Oxygen,2.98
Tongi Istima Mat,2018,pH,7.5
Tongi Istima Mat,2019,Biochemical Oxygen Demand,17.58
Tongi Istima Mat,2019,Chemical Oxygen Demand,57.7
Tongi Istima Mat,2019,Dissolved Oxygen,2.72
Tongi Istima Mat,2019,pH,7.35
Tongi Istima Mat,2020,Biochemical Oxygen Demand,19.2
Tongi Istima Mat,2020,Chemical Oxygen Demand,66
Tongi Istima Mat,2020,Dissolved Oxygen,2.52
Tongi Istima Mat,2020,pH,7.35
Trimohoni Bridge,2021,Biochemical Oxygen Demand,28.58
Trimohoni Bridge,2021,Chemical Oxygen Demand,93.44
Trimohoni Bridge,2021,Dissolved Oxygen,0.77
Trimohoni Bridge,2021,pH,7.02
Trimohoni Bridge,2022,Biochemical Oxygen Demand,31.44
Trimohoni Bridge,2022,Chemical Oxygen Demand,89.5
Trimohoni Bridge,2022,Dissolved Oxygen,0.94
Trimohoni Bridge,2022,pH,7.1
Trimohoni Bridge,2023,Biochemical Oxygen Demand,29.73
Trimohoni Bridge,2023,Chemical Oxygen Demand,76.25
Trimohoni Bridge,2023,Dissolved Oxygen,0.47
Trimohoni Bridge,2023,pH,0.47
Turag Bridge,2021,Biochemical Oxygen Demand,17.91
Turag Bridge,2021,Chemical Oxygen Demand,63.67
Turag Bridge,2021,Dissolved Oxygen,2.91
Turag Bridge,2021,pH,7.27
Turag Bridge,2022,Biochemical Oxygen Demand,11.37
Turag Bridge,2022,Chemical Oxygen Demand,45.33
Turag Bridge,2022,Dissolved Oxygen,3.75
Turag Bridge,2022,pH,7.61
Turag Bridge,2023,Biochemical Oxygen Demand,14.07
Turag Bridge,2023,Chemical Oxygen Demand,33.25
Turag Bridge,2023,Dissolved Oxygen,2.8
Turag Bridge,2023,pH,2.8
Utorro Mitra,2021,Biochemical Oxygen Demand,9.17
Utorro Mitra,2021,Chemical Oxygen Demand,28.83
Utorro Mitra,2021,Dissolved Oxygen,5.85
Utorro Mitra,2021,pH,7.14
Utorro Mitra,2022,Biochemical Oxygen Demand,5.22
Utorro Mitra,2022,Chemical Oxygen Demand,20.22
Utorro Mitra,2022,Dissolved Oxygen,6.71
Utorro Mitra,2022,pH,7.62
Utorro Mitra,2023,Biochemical Oxygen Demand,5.5
Utorro Mitra,2023,Chemical Oxygen Demand,17
Utorro Mitra,2023,Dissolved Oxygen,5.47
Utorro Mitra,2023,pH,5.47
Uzirpur,2021,Biochemical Oxygen Demand,7.07
Uzirpur,2021,Dissolved Oxygen,8.17
Uzirpur,2021,pH,5.01
Uzirpur,2023,Biochemical Oxygen Demand,5.69
Uzirpur,2023,Dissolved Oxygen,6.23
Uzirpur,2023,pH,6.23
Vadura Launch Ghat (M),2018,Biochemical Oxygen Demand,2.22
Vadura Launch Ghat (M),2018,Dissolved Oxygen,5.72
Vadura Launch Ghat (M),2018,pH,7.35
Vadura Launch Ghat (M),2019,Biochemical Oxygen Demand,2.03
Vadura Launch Ghat (M),2019,Dissolved Oxygen,5.67
Vadura Launch Ghat (M),2019,pH,7.5
Vadura Launch Ghat (M),2020,Biochemical Oxygen Demand,3.03
Vadura Launch Ghat (M),2020,Dissolved Oxygen,6.1
Vadura Launch Ghat (M),2020,pH,7.67
Vadura Launch Ghat (M),2021,Dissolved Oxygen,5.88
Vadura Launch Ghat (M),2021,pH,7.96
Vadura Launch Ghat (M),2022,Chemical Oxygen Demand,112
Vadura Launch Ghat (M),2022,Dissolved Oxygen,5.06
Vadura Launch Ghat (M),2022,pH,8.43
Vadura Launch Ghat (M),2023,Dissolved Oxygen,6.04
Vadura Launch Ghat (M),2023,pH,6.04
Vadura Launch Ghat (S),2018,Biochemical Oxygen Demand,1.95
Vadura Launch Ghat (S),2018,Dissolved Oxygen,5.95
Vadura Launch Ghat (S),2018,pH,7.37
Vadura Launch Ghat (S),2019,Biochemical Oxygen Demand,1.98
Vadura Launch Ghat (S),2019,Dissolved Oxygen,5.77
Vadura Launch Ghat (S),2019,pH,7.52
Vadura Launch Ghat (S),2020,Biochemical Oxygen Demand,2.87
Vadura Launch Ghat (S),2020,Dissolved Oxygen,6.1
Vadura Launch Ghat (S),2020,pH,7.67
Vadura Launch Ghat (S),2021,Dissolved Oxygen,5.9
Vadura Launch Ghat (S),2021,pH,7.92
Vadura Launch Ghat (S),2022,Chemical Oxygen Demand,128
Vadura Launch Ghat (S),2022,Dissolved Oxygen,6.3
Vadura Launch Ghat (S),2022,pH,8.77
Vadura Launch Ghat (S),2023,Dissolved Oxygen,6.99
Vadura Launch Ghat (S),2023,pH,6.99
Vatiyari Shipyard Area,2020,Biochemical Oxygen Demand,327.89
Vatiyari Shipyard Area,2020,Dissolved Oxygen,7.33
Vatiyari Shipyard Area,2020,pH,7.73
Vatiyari Shipyard area,2019,Biochemical Oxygen Demand,26
Vatiyari Shipyard area,2019,Chemical Oxygen Demand,487.75
Vatiyari Shipyard area,2019,Dissolved Oxygen,7.29
Vatiyari Shipyard area,2019,Plastic and Marine Debris,36
Vatiyari Shipyard area,2019,Salinity,8.41
Vatiyari Shipyard area,2019,pH,7.59
Vatiyari Shipyard area,2020,Biochemical Oxygen Demand,39
Vatiyari Shipyard area,2020,Chemical Oxygen Demand,132
Vatiyari Shipyard area,2020,Dissolved Oxygen,7.45
Vatiyari Shipyard area,2020,Salinity,14.5
Vatiyari Shipyard area,2020,pH,7.8
Vatiyari Shipyard area,2021,Biochemical Oxygen Demand,14
Vatiyari Shipyard area,2021,Chemical Oxygen Demand,94
Vatiyari Shipyard area,2021,Dissolved Oxygen,7.52
Vatiyari Shipyard area,2021,Salinity,12.74
Vatiyari Shipyard area,2021,pH,7.47
Vatiyari Shipyard area,2022,Dissolved Oxygen,7.62
Vatiyari Shipyard area,2022,Salinity,12.45
Vatiyari Shipyard area,2022,pH,7.59
Vatiyari Shipyard area,2023,Dissolved Oxygen,7.99
Vatiyari Shipyard area,2023,Salinity,14.5
Vatiyari Shipyard area,2023,pH,8
Vatiyari Shipyard area,2024,Dissolved Oxygen,6.8
Vatiyari Shipyard area,2024,Salinity,11
Vatiyari Shipyard area,2024,pH,7.8
Vattiyari shipyard area,2019,Chemical Oxygen Demand,491.67
Vattiyari shipyard area,2019,Dissolved Oxygen,7.25
Vattiyari shipyard area,2019,pH,7.59
Vawal,2021,Biochemical Oxygen Demand,17.69
Vawal,2021,Chemical Oxygen Demand,61.78
Vawal,2021,Dissolved Oxygen,3.83
Vawal,2021,pH,7.16
Vawal,2022,Biochemical Oxygen Demand,5.45
Vawal,2022,Chemical Oxygen Demand,31
Vawal,2022,Dissolved Oxygen,4.73
Vawal,2022,pH,7.34
Vawal,2023,Biochemical Oxygen Demand,6.17
Vawal,2023,Chemical Oxygen Demand,21.78
Vawal,2023,Dissolved Oxygen,4.83
Vawal,2023,pH,4.83
WASA I.P Mohara,2018,Salinity,0.04
