Station_Name,Year,Month,Type,Wind_Speed,Direction
Ambagan (Ctg),2011,1,Maximum,6,300
Ambagan (Ctg),2011,2,Maximum,10,180
Ambagan (Ctg),2011,3,Maximum,11,180
Ambagan (Ctg),2011,4,Maximum,10,320
Ambagan (Ctg),2011,5,Maximum,10,180
Ambagan (Ctg),2011,6,Maximum,10,130
Ambagan (Ctg),2011,7,Maximum,10,180
Ambagan (Ctg),2011,8,Maximum,8,180
Ambagan (Ctg),2011,9,Maximum,8,210
Ambagan (Ctg),2011,10,Maximum,7,100
Ambagan (Ctg),2011,11,Maximum,5,320
Ambagan (Ctg),2011,12,Maximum,5,270
Ambagan (Ctg),2012,1,Maximum,8,20
Ambagan (Ctg),2012,2,Maximum,8,320
Ambagan (Ctg),2012,3,Maximum,8,210
Ambagan (Ctg),2012,4,Maximum,12,230
Ambagan (Ctg),2012,5,Maximum,12,340
Ambagan (Ctg),2012,6,Maximum,12,270
Ambagan (Ctg),2012,7,Maximum,15,180
Ambagan (Ctg),2012,8,Maximum,9,210
Ambagan (Ctg),2012,9,Maximum,9,20
Ambagan (Ctg),2012,10,Maximum,18,20
Ambagan (Ctg),2012,11,Maximum,5,290
Ambagan (Ctg),2012,12,Maximum,5,350
Ambagan (Ctg),2013,1,Maximum,5,330
Ambagan (Ctg),2013,2,Maximum,10,330
Ambagan (Ctg),2013,3,Maximum,8,180
Ambagan (Ctg),2013,4,Maximum,12,250
Ambagan (Ctg),2013,5,Maximum,15,270
Ambagan (Ctg),2013,6,Maximum,8,220
Ambagan (Ctg),2013,7,Maximum,8,130
Ambagan (Ctg),2013,8,Maximum,9,170
Ambagan (Ctg),2013,9,Maximum,7,230
Ambagan (Ctg),2013,10,Maximum,5,300
Ambagan (Ctg),2013,11,Maximum,5,50
Ambagan (Ctg),2013,12,Maximum,5,310
Ambagan (Ctg),2014,1,Maximum,5,250
Ambagan (Ctg),2014,2,Maximum,6,280
Ambagan (Ctg),2014,3,Maximum,17,250
Ambagan (Ctg),2014,4,Maximum,10,320
Ambagan (Ctg),2014,5,Maximum,12,320
Ambagan (Ctg),2014,6,Maximum,10,230
Ambagan (Ctg),2014,7,Maximum,12,90
Ambagan (Ctg),2014,8,Maximum,8,180
Ambagan (Ctg),2014,9,Maximum,9,180
Ambagan (Ctg),2014,10,Maximum,8,260
Ambagan (Ctg),2014,11,Maximum,6,310
Ambagan (Ctg),2014,12,Maximum,5,270
Ambagan (Ctg),2015,1,Maximum,9,340
Ambagan (Ctg),2015,1,Minimum,2,330
Ambagan (Ctg),2015,2,Maximum,9,270
Ambagan (Ctg),2015,2,Minimum,2,360
Ambagan (Ctg),2015,3,Maximum,10,330
Ambagan (Ctg),2015,3,Minimum,2,50
Ambagan (Ctg),2015,4,Maximum,12,30
Ambagan (Ctg),2015,4,Minimum,1,120
Ambagan (Ctg),2015,5,Maximum,8,210
Ambagan (Ctg),2015,5,Minimum,2,100
Ambagan (Ctg),2015,6,Maximum,10,250
Ambagan (Ctg),2015,6,Minimum,2,180
Ambagan (Ctg),2015,7,Maximum,14,70
Ambagan (Ctg),2015,7,Minimum,2,170
Ambagan (Ctg),2015,8,Maximum,9,230
Ambagan (Ctg),2015,8,Minimum,2,130
Ambagan (Ctg),2015,9,Maximum,15,190
Ambagan (Ctg),2015,9,Minimum,2,130
Ambagan (Ctg),2015,10,Maximum,6,90
Ambagan (Ctg),2015,10,Minimum,2,150
Ambagan (Ctg),2015,11,Maximum,6,290
Ambagan (Ctg),2015,11,Minimum,2,20
Ambagan (Ctg),2015,12,Maximum,6,310
Ambagan (Ctg),2015,12,Minimum,2,50
Ambagan (Ctg),2016,1,Maximum,8,310
Ambagan (Ctg),2016,1,Minimum,1,310
Ambagan (Ctg),2016,2,Maximum,12,240
Ambagan (Ctg),2016,2,Minimum,2,40
Ambagan (Ctg),2016,3,Maximum,12,210
Ambagan (Ctg),2016,3,Minimum,2,30
Ambagan (Ctg),2016,4,Maximum,17,170
Ambagan (Ctg),2016,4,Minimum,2,140
Ambagan (Ctg),2016,5,Maximum,20,90
Ambagan (Ctg),2016,5,Minimum,1,30
Ambagan (Ctg),2016,6,Maximum,10,100
Ambagan (Ctg),2016,6,Minimum,2,130
Ambagan (Ctg),2016,7,Maximum,12,180
Ambagan (Ctg),2016,7,Minimum,1,180
Ambagan (Ctg),2016,8,Maximum,10,200
Ambagan (Ctg),2016,8,Minimum,2,140
Ambagan (Ctg),2016,9,Maximum,8,300
Ambagan (Ctg),2016,9,Minimum,2,90
Ambagan (Ctg),2016,10,Maximum,7,250
Ambagan (Ctg),2016,10,Minimum,2,100
Ambagan (Ctg),2016,11,Maximum,10,170
Ambagan (Ctg),2016,11,Minimum,2,270
Ambagan (Ctg),2016,12,Maximum,6,290
Ambagan (Ctg),2016,12,Minimum,2,20
Ambagan (Ctg),2017,1,Maximum,9,310
Ambagan (Ctg),2017,1,Minimum,2,20
Ambagan (Ctg),2017,2,Maximum,12,130
Ambagan (Ctg),2017,2,Minimum,2,20
Ambagan (Ctg),2017,3,Maximum,16,200
Ambagan (Ctg),2017,3,Minimum,2,90
Ambagan (Ctg),2017,4,Maximum,15,180
Ambagan (Ctg),2017,4,Minimum,2,90
Ambagan (Ctg),2017,5,Maximum,30,270
Ambagan (Ctg),2017,5,Minimum,2,140
Ambagan (Ctg),2017,6,Maximum,17,200
Ambagan (Ctg),2017,6,Minimum,1,100
Ambagan (Ctg),2017,7,Maximum,13,280
Ambagan (Ctg),2017,7,Minimum,2,120
Ambagan (Ctg),2017,8,Maximum,10,250
Ambagan (Ctg),2017,8,Minimum,2,180
Ambagan (Ctg),2017,9,Maximum,10,230
Ambagan (Ctg),2017,9,Minimum,2,130
Ambagan (Ctg),2017,10,Maximum,12,180
Ambagan (Ctg),2017,10,Minimum,2,90
Ambagan (Ctg),2017,11,Maximum,7,290
Ambagan (Ctg),2017,11,Minimum,2,90
Ambagan (Ctg),2017,12,Maximum,8,310
Ambagan (Ctg),2017,12,Minimum,2,50
Ambagan (Ctg),2018,1,Maximum,7,290
Ambagan (Ctg),2018,1,Minimum,2,360
Ambagan (Ctg),2018,2,Maximum,12,310
Ambagan (Ctg),2018,2,Minimum,2,90
Ambagan (Ctg),2018,3,Maximum,12,250
Ambagan (Ctg),2018,3,Minimum,2,90
Ambagan (Ctg),2018,4,Maximum,13,310
Ambagan (Ctg),2018,4,Minimum,2,50
Ambagan (Ctg),2018,5,Maximum,12,100
Ambagan (Ctg),2018,5,Minimum,2,180
Ambagan (Ctg),2018,6,Maximum,18,230
Ambagan (Ctg),2018,6,Minimum,2,90
Ambagan (Ctg),2018,7,Maximum,13,230
Ambagan (Ctg),2018,7,Minimum,2,140
Ambagan (Ctg),2018,8,Maximum,14,150
Ambagan (Ctg),2018,8,Minimum,1,100
Ambagan (Ctg),2018,9,Maximum,12,150
Ambagan (Ctg),2018,9,Minimum,2,130
Ambagan (Ctg),2018,10,Maximum,6,270
Ambagan (Ctg),2018,10,Minimum,2,70
Ambagan (Ctg),2018,11,Maximum,6,360
Ambagan (Ctg),2018,11,Minimum,1,130
Ambagan (Ctg),2018,12,Maximum,6,30
Ambagan (Ctg),2018,12,Minimum,2,360
Ambagan (Ctg),2019,1,Maximum,4,310
Ambagan (Ctg),2019,1,Minimum,2,30
Ambagan (Ctg),2019,2,Maximum,13,310
Ambagan (Ctg),2019,2,Minimum,1,230
Ambagan (Ctg),2019,3,Maximum,10,230
Ambagan (Ctg),2019,3,Minimum,1,180
Ambagan (Ctg),2019,4,Maximum,7.5,300
Ambagan (Ctg),2019,4,Minimum,1,360
Ambagan (Ctg),2019,5,Maximum,11,180
Ambagan (Ctg),2019,5,Minimum,1,180
Ambagan (Ctg),2019,6,Maximum,5,250
Ambagan (Ctg),2019,6,Minimum,1,90
Ambagan (Ctg),2019,7,Maximum,7.5,200
Ambagan (Ctg),2019,7,Minimum,2,130
Ambagan (Ctg),2019,8,Maximum,5.5,230
Ambagan (Ctg),2019,8,Minimum,2,130
Ambagan (Ctg),2019,9,Maximum,5,130
Ambagan (Ctg),2019,9,Minimum,1,100
Ambagan (Ctg),2019,10,Maximum,4,270
Ambagan (Ctg),2019,10,Minimum,2,120
Ambagan (Ctg),2019,11,Maximum,6,180
Ambagan (Ctg),2019,11,Minimum,1,360
Ambagan (Ctg),2019,12,Maximum,3,330
Ambagan (Ctg),2019,12,Minimum,1,50
Ambagan (Ctg),2020,1,Maximum,3,310
Ambagan (Ctg),2020,1,Minimum,2,50
Ambagan (Ctg),2020,2,Maximum,4,180
Ambagan (Ctg),2020,2,Minimum,1,100
Ambagan (Ctg),2020,3,Maximum,4,310
Ambagan (Ctg),2020,3,Minimum,1,100
Ambagan (Ctg),2020,4,Maximum,5,210
Ambagan (Ctg),2020,4,Minimum,1,140
Ambagan (Ctg),2020,5,Maximum,7.5,270
Ambagan (Ctg),2020,5,Minimum,1,100
Ambagan (Ctg),2020,6,Maximum,5,230
Ambagan (Ctg),2020,6,Minimum,1,180
Ambagan (Ctg),2020,7,Maximum,4,180
Ambagan (Ctg),2020,7,Minimum,2,100
Ambagan (Ctg),2020,8,Maximum,7,180
Ambagan (Ctg),2020,8,Minimum,2,180
Ambagan (Ctg),2020,9,Maximum,5,230
Ambagan (Ctg),2020,9,Minimum,1,180
Ambagan (Ctg),2020,10,Maximum,4,130
Ambagan (Ctg),2020,10,Minimum,1,130
Ambagan (Ctg),2020,11,Maximum,16,20
Ambagan (Ctg),2020,11,Minimum,1,180
Ambagan (Ctg),2020,12,Maximum,2.5,300
Ambagan (Ctg),2020,12,Minimum,1,360
Ambagan (Ctg),2021,1,Maximum,4,230
Ambagan (Ctg),2021,1,Minimum,1,360
Ambagan (Ctg),2021,2,Maximum,5,360
Ambagan (Ctg),2021,2,Minimum,1,80
Ambagan (Ctg),2021,3,Maximum,6,230
Ambagan (Ctg),2021,3,Minimum,2,130
Ambagan (Ctg),2021,4,Maximum,10,230
Ambagan (Ctg),2021,4,Minimum,1,230
Ambagan (Ctg),2021,5,Maximum,35,210
Ambagan (Ctg),2021,5,Minimum,1,230
Ambagan (Ctg),2021,6,Maximum,4,180
Ambagan (Ctg),2021,6,Minimum,2,90
Ambagan (Ctg),2021,7,Maximum,4,270
Ambagan (Ctg),2021,7,Minimum,2,180
Ambagan (Ctg),2021,8,Maximum,4.5,230
Ambagan (Ctg),2021,8,Minimum,2,130
Ambagan (Ctg),2021,9,Maximum,5,180
Ambagan (Ctg),2021,9,Minimum,2,150
Ambagan (Ctg),2021,10,Maximum,4,150
Ambagan (Ctg),2021,10,Minimum,2,50
Ambagan (Ctg),2021,11,Maximum,3,90
Ambagan (Ctg),2021,11,Minimum,2,360
Ambagan (Ctg),2021,12,Maximum,2,270
Ambagan (Ctg),2021,12,Minimum,2,50
Ambagan (Ctg),2022,1,Maximum,2.5,270
Ambagan (Ctg),2022,1,Minimum,2,360
Ambagan (Ctg),2022,2,Maximum,3,230
Ambagan (Ctg),2022,2,Minimum,2,60
Ambagan (Ctg),2022,3,Maximum,4.5,230
Ambagan (Ctg),2022,3,Minimum,2,60
Ambagan (Ctg),2022,4,Maximum,3,180
Ambagan (Ctg),2022,4,Minimum,2,130
Ambagan (Ctg),2022,5,Maximum,4,230
Ambagan (Ctg),2022,5,Minimum,2,180
Ambagan (Ctg),2022,6,Maximum,3,130
Ambagan (Ctg),2022,6,Minimum,1,180
Ambagan (Ctg),2022,7,Maximum,3,150
Ambagan (Ctg),2022,7,Minimum,2,180
Ambagan (Ctg),2022,8,Maximum,6,90
Ambagan (Ctg),2022,8,Minimum,2,130
Ambagan (Ctg),2022,9,Maximum,3,130
Ambagan (Ctg),2022,9,Minimum,2,130
Ambagan (Ctg),2022,10,Maximum,3,230
Ambagan (Ctg),2022,10,Minimum,2,360
Ambagan (Ctg),2022,11,Maximum,2,360
Ambagan (Ctg),2022,11,Minimum,2,50
Ambagan (Ctg),2022,12,Maximum,3,270
Ambagan (Ctg),2022,12,Minimum,2,90
Ambagan (Ctg),2023,1,Maximum,2.5,360
Ambagan (Ctg),2023,1,Minimum,2,50
Ambagan (Ctg),2023,2,Maximum,3,210
Ambagan (Ctg),2023,2,Minimum,2,360
Ambagan (Ctg),2023,3,Maximum,3,270
Ambagan (Ctg),2023,3,Minimum,2,360
Ambagan (Ctg),2023,4,Maximum,4,270
Ambagan (Ctg),2023,4,Minimum,2,230
Ambagan (Ctg),2023,5,Maximum,4,180
Ambagan (Ctg),2023,5,Minimum,2,70
Ambagan (Ctg),2023,6,Maximum,6,220
Ambagan (Ctg),2023,6,Minimum,2,130
Ambagan (Ctg),2023,7,Maximum,3.5,180
Ambagan (Ctg),2023,7,Minimum,2,130
Ambagan (Ctg),2023,8,Maximum,4,210
Ambagan (Ctg),2023,8,Minimum,2,130
Ambagan (Ctg),2023,9,Maximum,3,220
Ambagan (Ctg),2023,9,Minimum,2,180
Ambagan (Ctg),2023,10,Maximum,2.5,270
Ambagan (Ctg),2023,10,Minimum,2,180
Ambagan (Ctg),2023,11,Maximum,10,230
Ambagan (Ctg),2023,11,Minimum,2,360
Ambagan (Ctg),2023,12,Maximum,2,310
Ambagan (Ctg),2023,12,Minimum,2,360
Ambagan (Ctg),2024,1,Maximum,2,320
Ambagan (Ctg),2024,1,Minimum,1,50
Ambagan (Ctg),2024,2,Maximum,4.5,180
Ambagan (Ctg),2024,2,Minimum,2,180
Ambagan (Ctg),2024,3,Maximum,3,290
Ambagan (Ctg),2024,3,Minimum,2,340
Ambagan (Ctg),2024,4,Maximum,5,210
Ambagan (Ctg),2024,4,Minimum,2,130
Ambagan (Ctg),2024,5,Maximum,7.5,180
Ambagan (Ctg),2024,5,Minimum,2,170
Ambagan (Ctg),2024,6,Maximum,4,210
Ambagan (Ctg),2024,6,Minimum,2,100
Barisal,2011,1,Maximum,5,360
Barisal,2011,2,Maximum,12,360
Barisal,2011,3,Maximum,13,200
Barisal,2011,4,Maximum,6,310
Barisal,2011,5,Maximum,8,310
Barisal,2011,6,Maximum,24,160
Barisal,2011,7,Maximum,12,200
Barisal,2011,8,Maximum,10,180
Barisal,2011,9,Maximum,10,150
Barisal,2011,10,Maximum,4,150
Barisal,2011,11,Maximum,3,310
Barisal,2011,12,Maximum,5,320
Barisal,2012,1,Maximum,6,300
Barisal,2012,2,Maximum,6,250
Barisal,2012,3,Maximum,8,180
Barisal,2012,4,Maximum,10,230
Barisal,2012,5,Maximum,6,180
Barisal,2012,6,Maximum,8,150
Barisal,2012,7,Maximum,6,90
Barisal,2012,8,Maximum,6,130
Barisal,2012,9,Maximum,3,130
Barisal,2012,10,Maximum,4,180
Barisal,2012,11,Maximum,2,310
Barisal,2012,12,Maximum,4,360
Barisal,2013,1,Maximum,6,310
Barisal,2013,2,Maximum,6,330
Barisal,2013,3,Maximum,6,180
Barisal,2013,4,Maximum,8,90
Barisal,2013,5,Maximum,20,50
Barisal,2013,6,Maximum,7,150
Barisal,2013,7,Maximum,8,180
Barisal,2013,8,Maximum,6,180
Barisal,2013,9,Maximum,7,180
Barisal,2013,10,Maximum,10,130
Barisal,2013,11,Maximum,3,300
Barisal,2013,12,Maximum,3,320
Barisal,2014,1,Maximum,5,320
Barisal,2014,2,Maximum,8,320
Barisal,2014,3,Maximum,5,270
Barisal,2014,4,Maximum,12,180
Barisal,2014,5,Maximum,6,260
Barisal,2014,6,Maximum,5,120
Barisal,2014,7,Maximum,7,120
Barisal,2014,8,Maximum,6,130
Barisal,2014,9,Maximum,5,180
Barisal,2014,10,Maximum,5,210
Barisal,2014,11,Maximum,2,320
Barisal,2014,12,Maximum,3,310
Barisal,2015,1,Maximum,3,330
Barisal,2015,1,Minimum,1,320
Barisal,2015,2,Maximum,10,320
Barisal,2015,2,Minimum,1,320
Barisal,2015,3,Maximum,6,360
Barisal,2015,3,Minimum,1,290
Barisal,2015,4,Maximum,8,150
Barisal,2015,4,Minimum,1,180
Barisal,2015,5,Maximum,7,160
Barisal,2015,5,Minimum,1,180
Barisal,2015,6,Maximum,8,220
Barisal,2015,6,Minimum,1,120
Barisal,2015,7,Maximum,10,320
Barisal,2015,7,Minimum,1,180
Barisal,2015,8,Maximum,15,180
Barisal,2015,8,Minimum,2,90
Barisal,2015,9,Maximum,6,270
Barisal,2015,9,Minimum,1,120
Barisal,2015,10,Maximum,6,130
Barisal,2015,10,Minimum,1,50
Barisal,2015,11,Maximum,4,120
Barisal,2015,11,Minimum,2,30
Barisal,2015,12,Maximum,4,30
Barisal,2015,12,Minimum,1,300
Barisal,2016,1,Maximum,4,300
Barisal,2016,1,Minimum,1,360
Barisal,2016,2,Maximum,4,220
Barisal,2016,2,Minimum,1,210
Barisal,2016,3,Maximum,7,200
Barisal,2016,3,Minimum,1,210
Barisal,2016,4,Maximum,10,210
Barisal,2016,4,Minimum,1,180
Barisal,2016,5,Maximum,20,50
Barisal,2016,5,Minimum,1,210
Barisal,2016,6,Maximum,6,180
Barisal,2016,6,Minimum,1,180
Barisal,2016,7,Maximum,8,150
Barisal,2016,7,Minimum,1,120
Barisal,2016,8,Maximum,15,210
Barisal,2016,8,Minimum,2,170
Barisal,2016,9,Maximum,8,210
Barisal,2016,9,Minimum,1,160
Barisal,2016,10,Maximum,8,120
Barisal,2016,10,Minimum,1,60
Barisal,2016,11,Maximum,12,30
Barisal,2016,11,Minimum,1,210
Barisal,2016,12,Maximum,4,300
Barisal,2016,12,Minimum,1,320
Barisal,2017,1,Maximum,6,320
Barisal,2017,1,Minimum,1,320
Barisal,2017,2,Maximum,10,180
Barisal,2017,2,Minimum,1,50
Barisal,2017,3,Maximum,18,210
Barisal,2017,3,Minimum,1,60
Barisal,2017,4,Maximum,12,210
Barisal,2017,4,Minimum,1,150
Barisal,2017,5,Maximum,8,210
Barisal,2017,5,Minimum,1,210
Barisal,2017,6,Maximum,10,210
Barisal,2017,6,Minimum,1,180
Barisal,2017,7,Maximum,8,180
Barisal,2017,7,Minimum,1,180
Barisal,2017,8,Maximum,10,150
Barisal,2017,8,Minimum,1,150
Barisal,2017,9,Maximum,12,120
Barisal,2017,9,Minimum,1,210
Barisal,2017,10,Maximum,10,220
Barisal,2017,10,Minimum,1,60
Barisal,2017,11,Maximum,6,330
Barisal,2017,11,Minimum,1,360
Barisal,2017,12,Maximum,3,180
Barisal,2017,12,Minimum,1,320
Barisal,2018,1,Maximum,6,320
Barisal,2018,1,Minimum,1,320
Barisal,2018,2,Maximum,8,310
Barisal,2018,2,Minimum,1,320
Barisal,2018,3,Maximum,8,210
Barisal,2018,3,Minimum,1,210
Barisal,2018,4,Maximum,10,360
Barisal,2018,4,Minimum,1,50
Barisal,2018,5,Maximum,15,180
Barisal,2018,5,Minimum,1,70
Barisal,2018,6,Maximum,12,120
Barisal,2018,6,Minimum,1,90
Barisal,2018,7,Maximum,15,150
Barisal,2018,7,Minimum,1,180
Barisal,2018,8,Maximum,12,120
Barisal,2018,8,Minimum,1,120
Barisal,2018,9,Maximum,15,90
Barisal,2018,9,Minimum,1,120
Barisal,2018,10,Maximum,10,120
Barisal,2018,10,Minimum,1,230
Barisal,2018,11,Maximum,21,40
Barisal,2018,11,Minimum,1,300
Barisal,2018,12,Maximum,6,330
Barisal,2018,12,Minimum,1,320
Barisal,2019,1,Maximum,3.5,300
Barisal,2019,1,Minimum,1,320
Barisal,2019,2,Maximum,3,180
Barisal,2019,2,Minimum,1,210
Barisal,2019,3,Maximum,5,200
Barisal,2019,3,Minimum,1,210
Barisal,2019,4,Maximum,5,210
Barisal,2019,4,Minimum,1,40
Barisal,2019,5,Maximum,10,180
Barisal,2019,5,Minimum,2,180
Barisal,2019,6,Maximum,9,360
Barisal,2019,6,Minimum,1,120
Barisal,2019,7,Maximum,5,120
Barisal,2019,7,Minimum,1,180
Barisal,2019,8,Maximum,5.5,130
Barisal,2019,8,Minimum,1,120
Barisal,2019,9,Maximum,5,100
Barisal,2019,9,Minimum,1,210
Barisal,2019,10,Maximum,1.5,100
Barisal,2019,10,Minimum,1,60
Barisal,2019,11,Maximum,10,300
Barisal,2019,11,Minimum,1,320
Barisal,2019,12,Maximum,1,320
Barisal,2019,12,Minimum,1,320
Barisal,2020,1,Maximum,3,320
Barisal,2020,1,Minimum,1,320
Barisal,2020,2,Maximum,2,210
Barisal,2020,2,Minimum,1,30
Barisal,2020,3,Maximum,2.5,240
Barisal,2020,3,Minimum,1,320
Barisal,2020,4,Maximum,5,300
Barisal,2020,4,Minimum,1,150
Barisal,2020,5,Maximum,15,210
Barisal,2020,5,Minimum,2,50
Barisal,2020,6,Maximum,4,200
Barisal,2020,6,Minimum,1,90
Barisal,2020,7,Maximum,4,190
Barisal,2020,7,Minimum,1,180
Barisal,2020,8,Maximum,5,170
Barisal,2020,8,Minimum,1,180
Barisal,2020,9,Maximum,5,60
Barisal,2020,9,Minimum,1,150
Barisal,2020,10,Maximum,4,90
Barisal,2020,10,Minimum,1,150
Barisal,2020,11,Maximum,1,340
Barisal,2020,11,Minimum,2,90
Barisal,2020,12,Maximum,1,320
Barisal,2020,12,Minimum,1,360
Barisal,2021,1,Maximum,2,150
Barisal,2021,1,Minimum,2,360
Barisal,2021,2,Maximum,2,180
Barisal,2021,2,Minimum,1,320
Barisal,2021,3,Maximum,5,210
Barisal,2021,3,Minimum,1,180
Barisal,2021,4,Maximum,5,350
Barisal,2021,4,Minimum,1,180
Barisal,2021,5,Maximum,7.5,160
Barisal,2021,5,Minimum,2,30
Barisal,2021,6,Maximum,4,100
Barisal,2021,6,Minimum,2,210
Barisal,2021,7,Maximum,5,150
Barisal,2021,7,Minimum,1,320
Barisal,2021,8,Maximum,4,150
Barisal,2021,8,Minimum,2,210
Barisal,2021,9,Maximum,6,90
Barisal,2021,9,Minimum,2,120
Barisal,2021,10,Maximum,3,160
Barisal,2021,10,Minimum,2,90
Barisal,2021,11,Maximum,1,310
Barisal,2021,11,Minimum,2,320
Barisal,2021,12,Maximum,4,80
Barisal,2021,12,Minimum,2,360
Barisal,2022,1,Maximum,2,360
Barisal,2022,1,Minimum,1,360
Barisal,2022,2,Maximum,2.5,320
Barisal,2022,2,Minimum,2,320
Barisal,2022,3,Maximum,5,190
Barisal,2022,3,Minimum,2,210
Barisal,2022,4,Maximum,5,180
Barisal,2022,4,Minimum,2,180
Barisal,2022,5,Maximum,6,310
Barisal,2022,5,Minimum,2,180
Barisal,2022,6,Maximum,5,210
Barisal,2022,6,Minimum,2,180
Barisal,2022,7,Maximum,3,120
Barisal,2022,7,Minimum,2,90
Barisal,2022,8,Maximum,4,90
Barisal,2022,8,Minimum,2,60
Barisal,2022,9,Maximum,2.5,190
Barisal,2022,9,Minimum,2,90
Barisal,2022,10,Maximum,7.5,60
Barisal,2022,10,Minimum,2,60
Barisal,2022,11,Maximum,1,320
Barisal,2022,11,Minimum,2,360
Barisal,2022,12,Maximum,1,300
Barisal,2022,12,Minimum,2,330
Barisal,2023,1,Maximum,1.5,320
Barisal,2023,1,Minimum,2,320
Barisal,2023,2,Maximum,3,320
Barisal,2023,2,Minimum,2,210
Barisal,2023,3,Maximum,2,320
Barisal,2023,3,Minimum,1,20
Barisal,2023,4,Maximum,3.5,180
Barisal,2023,4,Minimum,2,270
Barisal,2023,5,Maximum,5,180
Barisal,2023,5,Minimum,2,120
Barisal,2023,6,Maximum,4,180
Barisal,2023,6,Minimum,2,180
Barisal,2023,7,Maximum,4,90
Barisal,2023,7,Minimum,2,150
Barisal,2023,8,Maximum,6,140
Barisal,2023,8,Minimum,2,350
Barisal,2023,9,Maximum,5,210
Barisal,2023,9,Minimum,2,120
Barisal,2023,10,Maximum,2,180
Barisal,2023,10,Minimum,2,150
Barisal,2023,11,Maximum,4.5,350
Barisal,2023,11,Minimum,2,60
Barisal,2023,12,Minimum,2,360
Barisal,2024,1,Maximum,1.5,360
Barisal,2024,1,Minimum,1,320
Barisal,2024,2,Maximum,3.5,350
Barisal,2024,2,Minimum,1,180
Barisal,2024,3,Maximum,2,170
Barisal,2024,3,Minimum,1,350
Barisal,2024,4,Maximum,4,180
Barisal,2024,4,Minimum,1,270
Barisal,2024,5,Maximum,10,180
Barisal,2024,5,Minimum,2,230
Barisal,2024,6,Maximum,3.5,270
Barisal,2024,6,Minimum,2,180
Bhola,2011,1,Maximum,3,310
Bhola,2011,2,Maximum,4,270
Bhola,2011,3,Maximum,6,230
Bhola,2011,4,Maximum,5,310
Bhola,2011,5,Maximum,7,310
Bhola,2011,6,Maximum,6,130
Bhola,2011,7,Maximum,4,180
Bhola,2011,8,Maximum,4,130
Bhola,2011,9,Maximum,4,50
Bhola,2011,10,Maximum,4,90
Bhola,2011,11,Maximum,2,320
Bhola,2011,12,Maximum,3,340
Bhola,2012,1,Maximum,4,320
Bhola,2012,2,Maximum,3,320
Bhola,2012,3,Maximum,5,230
Bhola,2012,4,Maximum,7,180
Bhola,2012,5,Maximum,6,310
Bhola,2012,6,Maximum,5,210
Bhola,2012,7,Maximum,4,180
Bhola,2012,8,Maximum,4,180
Bhola,2012,9,Maximum,5,130
Bhola,2012,10,Maximum,8,180
Bhola,2012,11,Maximum,3,50
Bhola,2012,12,Maximum,3,310
Bhola,2013,1,Maximum,3,320
Bhola,2013,2,Maximum,4,340
Bhola,2013,3,Maximum,4,330
Bhola,2013,4,Maximum,5,180
Bhola,2013,5,Maximum,30,40
Bhola,2013,6,Maximum,20,90
Bhola,2013,7,Maximum,14,100
Bhola,2013,8,Maximum,16,100
Bhola,2013,9,Maximum,8,130
Bhola,2013,10,Maximum,8,90
Bhola,2013,11,Maximum,2,310
Bhola,2013,12,Maximum,3,280
Bhola,2014,1,Maximum,6,240
Bhola,2014,2,Maximum,12,290
Bhola,2014,3,Maximum,6,340
Bhola,2014,4,Maximum,16,340
Bhola,2014,5,Maximum,16,310
Bhola,2014,6,Maximum,6,190
Bhola,2014,7,Maximum,8,130
Bhola,2014,8,Maximum,10,110
Bhola,2014,9,Maximum,8,130
Bhola,2014,10,Maximum,3,150
Bhola,2014,11,Maximum,2,120
Bhola,2014,12,Maximum,1,310
Bhola,2015,1,Maximum,3,350
Bhola,2015,1,Minimum,1,310
Bhola,2015,2,Maximum,6,220
Bhola,2015,2,Minimum,1,310
Bhola,2015,3,Maximum,4,310
Bhola,2015,3,Minimum,1,310
Bhola,2015,4,Maximum,5,210
Bhola,2015,4,Minimum,1,130
Bhola,2015,5,Maximum,6,310
Bhola,2015,5,Minimum,1,120
Bhola,2015,6,Maximum,4,130
Bhola,2015,6,Minimum,1,110
Bhola,2015,7,Maximum,8,50
Bhola,2015,7,Minimum,1,20
Bhola,2015,8,Maximum,4,100
Bhola,2015,8,Minimum,1,210
Bhola,2015,9,Maximum,3,130
Bhola,2015,9,Minimum,1,150
Bhola,2015,10,Maximum,2,70
Bhola,2015,10,Minimum,1,140
Bhola,2015,11,Maximum,2,310
Bhola,2015,11,Minimum,1,30
Bhola,2015,12,Maximum,2,320
Bhola,2015,12,Minimum,1,230
Bhola,2016,1,Maximum,3,290
Bhola,2016,1,Minimum,1,310
Bhola,2016,2,Maximum,3,230
Bhola,2016,2,Minimum,1,310
Bhola,2016,3,Maximum,3,220
Bhola,2016,3,Minimum,1,230
Bhola,2016,4,Maximum,6,140
Bhola,2016,4,Minimum,1,170
Bhola,2016,5,Maximum,13,50
Bhola,2016,5,Minimum,1,130
Bhola,2016,6,Maximum,4,120
Bhola,2016,6,Minimum,1,130
Bhola,2016,7,Maximum,10,230
Bhola,2016,7,Minimum,1,50
Bhola,2016,8,Maximum,12,210
Bhola,2016,8,Minimum,1,130
Bhola,2016,9,Maximum,4,130
Bhola,2016,9,Minimum,1,130
Bhola,2016,10,Maximum,3,50
Bhola,2016,10,Minimum,1,80
Bhola,2016,11,Maximum,10,200
Bhola,2016,11,Minimum,1,50
Bhola,2016,12,Maximum,1,50
Bhola,2016,12,Minimum,1,310
Bhola,2017,1,Maximum,4,330
Bhola,2017,1,Minimum,1,50
Bhola,2017,2,Maximum,8,130
Bhola,2017,2,Minimum,1,170
Bhola,2017,3,Maximum,13,130
Bhola,2017,3,Minimum,1,230
Bhola,2017,4,Maximum,9,150
Bhola,2017,4,Minimum,1,190
Bhola,2017,5,Maximum,7,150
Bhola,2017,5,Minimum,1,170
Bhola,2017,6,Maximum,12,50
Bhola,2017,6,Minimum,1,130
Bhola,2017,7,Maximum,6,150
Bhola,2017,7,Minimum,1,90
Bhola,2017,8,Maximum,14,130
Bhola,2017,8,Minimum,1,130
Bhola,2017,9,Maximum,11,50
Bhola,2017,9,Minimum,1,130
Bhola,2017,10,Maximum,18,130
Bhola,2017,10,Minimum,1,230
Bhola,2017,11,Maximum,4,50
Bhola,2017,11,Minimum,1,50
Bhola,2017,12,Maximum,5,180
Bhola,2017,12,Minimum,1,50
Bhola,2018,1,Maximum,8,330
Bhola,2018,1,Minimum,1,50
Bhola,2018,2,Maximum,8,310
Bhola,2018,2,Minimum,1,130
Bhola,2018,3,Maximum,18,50
Bhola,2018,3,Minimum,1,310
Bhola,2018,4,Maximum,14,310
Bhola,2018,4,Minimum,1,230
Bhola,2018,5,Maximum,17,30
Bhola,2018,5,Minimum,1,130
Bhola,2018,6,Maximum,12,200
Bhola,2018,6,Minimum,1,220
Bhola,2018,7,Maximum,17,110
Bhola,2018,7,Minimum,1,130
Bhola,2018,8,Maximum,15,110
Bhola,2018,8,Minimum,1,50
Bhola,2018,9,Maximum,14,120
Bhola,2018,9,Minimum,1,50
Bhola,2018,10,Maximum,9,70
Bhola,2018,10,Minimum,1,260
Bhola,2018,11,Maximum,6,330
Bhola,2018,11,Minimum,1,220
Bhola,2018,12,Maximum,9,330
Bhola,2018,12,Minimum,1,330
Bhola,2019,1,Maximum,5.5,330
Bhola,2019,1,Minimum,1,330
Bhola,2019,2,Maximum,6.5,30
Bhola,2019,2,Minimum,1,330
Bhola,2019,3,Maximum,16,150
Bhola,2019,3,Minimum,1,50
Bhola,2019,4,Maximum,7.5,150
Bhola,2019,4,Minimum,1,330
Bhola,2019,5,Maximum,11.5,200
Bhola,2019,5,Minimum,1,160
Bhola,2019,6,Maximum,7.5,360
Bhola,2019,6,Minimum,1,200
Bhola,2019,7,Maximum,7,150
Bhola,2019,7,Minimum,1,120
Bhola,2019,8,Maximum,6,90
Bhola,2019,8,Minimum,1,120
Bhola,2019,9,Maximum,7.5,120
Bhola,2019,9,Minimum,1,110
Bhola,2019,10,Maximum,5.5,0
Bhola,2019,10,Minimum,1,30
Bhola,2019,11,Maximum,11,70
Bhola,2019,11,Minimum,1,320
Bhola,2019,12,Maximum,2,30
Bhola,2019,12,Minimum,1,330
Bhola,2020,1,Maximum,3,290
Bhola,2020,1,Minimum,1,110
Bhola,2020,2,Maximum,3,260
Bhola,2020,2,Minimum,1,290
Bhola,2020,3,Maximum,3,30
Bhola,2020,3,Minimum,1,260
Bhola,2020,4,Maximum,4,30
Bhola,2020,4,Minimum,1,90
Bhola,2020,5,Maximum,8.5,150
Bhola,2020,5,Minimum,1,150
Bhola,2020,6,Maximum,3,150
Bhola,2020,6,Minimum,1,180
Bhola,2020,7,Maximum,4.5,170
Bhola,2020,7,Minimum,1,220
Bhola,2020,8,Maximum,5,80
Bhola,2020,8,Minimum,1,130
Bhola,2020,9,Maximum,4,130
Bhola,2020,9,Minimum,1,150
Bhola,2020,10,Maximum,5.5,60
Bhola,2020,10,Minimum,1,130
Bhola,2020,11,Maximum,2.5,130
Bhola,2020,11,Minimum,1,50
Bhola,2020,12,Maximum,3,300
Bhola,2020,12,Minimum,1,310
Bhola,2021,1,Maximum,3,220
Bhola,2021,1,Minimum,1,220
Bhola,2021,2,Maximum,5,210
Bhola,2021,2,Minimum,1,310
Bhola,2021,3,Maximum,6,160
Bhola,2021,3,Minimum,1,220
Bhola,2021,4,Maximum,7.5,330
Bhola,2021,4,Minimum,1,130
Bhola,2021,5,Maximum,9,120
Bhola,2021,5,Minimum,1,130
Bhola,2021,6,Maximum,5,160
Bhola,2021,6,Minimum,1,220
Bhola,2021,7,Maximum,8.5,130
Bhola,2021,7,Minimum,1,130
Bhola,2021,8,Maximum,4,120
Bhola,2021,8,Minimum,1,220
Bhola,2021,9,Maximum,6,150
Bhola,2021,9,Minimum,1,30
Bhola,2021,10,Maximum,6,130
Bhola,2021,10,Minimum,1,310
Bhola,2021,11,Maximum,1.5,330
Bhola,2021,11,Minimum,1,50
Bhola,2021,12,Maximum,3,150
Bhola,2021,12,Minimum,2,50
Bhola,2022,1,Maximum,3,250
Bhola,2022,1,Minimum,1,50
Bhola,2022,2,Maximum,3.5,300
Bhola,2022,2,Minimum,2,220
Bhola,2022,3,Maximum,6,210
Bhola,2022,3,Minimum,2,130
Bhola,2022,4,Maximum,6.5,150
Bhola,2022,4,Minimum,2,130
Bhola,2022,5,Maximum,6.5,220
Bhola,2022,5,Minimum,2,130
Bhola,2022,6,Maximum,5,240
Bhola,2022,6,Minimum,2,130
Bhola,2022,7,Maximum,6,150
Bhola,2022,7,Minimum,2,130
Bhola,2022,8,Maximum,6.5,50
Bhola,2022,8,Minimum,2,50
Bhola,2022,9,Maximum,6,80
Bhola,2022,9,Minimum,2,130
Bhola,2022,10,Maximum,10.5,30
Bhola,2022,10,Minimum,2,130
Bhola,2022,11,Maximum,2,250
Bhola,2022,11,Minimum,2,50
Bhola,2022,12,Maximum,2.5,300
Bhola,2022,12,Minimum,2,270
Bhola,2023,1,Maximum,2,350
Bhola,2023,1,Minimum,2,290
Bhola,2023,2,Maximum,3,130
Bhola,2023,2,Minimum,2,120
Bhola,2023,3,Maximum,3.5,120
Bhola,2023,3,Minimum,2,270
Bhola,2023,4,Maximum,4.5,160
Bhola,2023,4,Minimum,2,130
Bhola,2023,5,Maximum,5,150
Bhola,2023,5,Minimum,2,130
Bhola,2023,6,Maximum,5.5,240
Bhola,2023,6,Minimum,2,130
Bhola,2023,7,Maximum,6,130
Bhola,2023,7,Minimum,2,130
Bhola,2023,8,Maximum,5,120
Bhola,2023,8,Minimum,2,130
Bhola,2023,9,Maximum,4,130
Bhola,2023,9,Minimum,2,130
Bhola,2023,10,Maximum,4,240
Bhola,2023,10,Minimum,2,130
Bhola,2023,11,Maximum,6.5,110
Bhola,2023,11,Minimum,2,310
Bhola,2023,12,Maximum,2,300
Bhola,2023,12,Minimum,2,50
Bhola,2024,1,Maximum,2,300
Bhola,2024,1,Minimum,1,310
Bhola,2024,2,Maximum,4,350
Bhola,2024,2,Minimum,2,220
Bhola,2024,3,Maximum,5,240
Bhola,2024,3,Minimum,2,50
Bhola,2024,4,Maximum,5.5,150
Bhola,2024,4,Minimum,2,220
Bhola,2024,5,Maximum,12,120
Bhola,2024,5,Minimum,1,150
Bhola,2024,6,Maximum,4,120
Bhola,2024,6,Minimum,2,130
Bhola,2024,7,Maximum,5,130
Bhola,2024,7,Minimum,2,130
Bogura,2011,1,Maximum,7,310
Bogura,2011,2,Maximum,10,270
Bogura,2011,3,Maximum,7,270
Bogura,2011,4,Maximum,20,230
Bogura,2011,5,Maximum,16,270
Bogura,2011,6,Maximum,16,90
Bogura,2011,7,Maximum,10,90
Bogura,2011,8,Maximum,10,90
Bogura,2011,9,Maximum,8,130
Bogura,2011,10,Maximum,6,270
Bogura,2011,11,Maximum,5,90
Bogura,2011,12,Maximum,5,310
Bogura,2012,1,Maximum,8,270
Bogura,2012,2,Maximum,10,270
Bogura,2012,3,Maximum,15,270
Bogura,2012,4,Maximum,12,130
Bogura,2012,5,Maximum,10,270
Bogura,2012,6,Maximum,10,130
Bogura,2012,7,Maximum,9,130
Bogura,2012,8,Maximum,8,90
Bogura,2012,9,Maximum,9,90
Bogura,2012,10,Maximum,6,230
Bogura,2012,11,Maximum,4,310
Bogura,2012,12,Maximum,6,270
Bogura,2013,1,Maximum,8,310
Bogura,2013,2,Maximum,6,310
Bogura,2013,3,Maximum,9,270
Bogura,2013,4,Maximum,0,0
Bogura,2013,5,Maximum,10,90
Bogura,2013,6,Maximum,6,90
Bogura,2013,7,Maximum,8,130
Bogura,2013,8,Maximum,10,90
Bogura,2013,9,Maximum,8,90
Bogura,2013,10,Maximum,9,130
Bogura,2013,11,Maximum,4,360
Bogura,2013,12,Maximum,4,310
Bogura,2014,1,Maximum,6,310
Bogura,2014,2,Maximum,7,310
Bogura,2014,3,Maximum,8,270
Bogura,2014,4,Maximum,6,360
Bogura,2014,5,Maximum,9,90
Bogura,2014,6,Maximum,8,130
Bogura,2014,7,Maximum,10,90
Bogura,2014,8,Maximum,8,90
Bogura,2014,9,Maximum,8,90
Bogura,2014,10,Maximum,4,310
Bogura,2014,11,Maximum,3,270
Bogura,2014,12,Maximum,6,310
Bogura,2015,1,Maximum,8,360
Bogura,2015,1,Minimum,2,270
Bogura,2015,2,Maximum,6,310
Bogura,2015,2,Minimum,2,310
Bogura,2015,3,Maximum,7,310
Bogura,2015,3,Minimum,2,90
Bogura,2015,4,Maximum,8,180
Bogura,2015,4,Minimum,2,130
Bogura,2015,5,Maximum,6,130
Bogura,2015,5,Minimum,2,90
Bogura,2015,6,Maximum,8,90
Bogura,2015,6,Minimum,2,180
Bogura,2015,7,Maximum,8,90
Bogura,2015,7,Minimum,2,130
Bogura,2015,8,Maximum,6,130
Bogura,2015,8,Minimum,2,90
Bogura,2015,9,Maximum,6,130
Bogura,2015,9,Minimum,2,180
Bogura,2015,10,Maximum,8,90
Bogura,2015,10,Minimum,2,130
Bogura,2015,11,Maximum,4,360
Bogura,2015,11,Minimum,2,360
Bogura,2015,12,Maximum,4,90
Bogura,2015,12,Minimum,2,90
Bogura,2016,1,Maximum,4,310
Bogura,2016,1,Minimum,2,270
Bogura,2016,2,Maximum,4,180
Bogura,2016,2,Minimum,2,90
Bogura,2016,3,Maximum,8,310
Bogura,2016,3,Minimum,2,90
Bogura,2016,4,Maximum,6,230
Bogura,2016,4,Minimum,2,130
Bogura,2016,5,Maximum,9,270
Bogura,2016,5,Minimum,2,130
Bogura,2016,6,Maximum,8,310
Bogura,2016,6,Minimum,2,90
Bogura,2016,7,Maximum,6,230
Bogura,2016,7,Minimum,2,90
Bogura,2016,8,Maximum,9,130
Bogura,2016,8,Minimum,2,90
Bogura,2016,9,Maximum,5,90
Bogura,2016,9,Minimum,2,90
Bogura,2016,10,Maximum,6,310
Bogura,2016,10,Minimum,1,360
Bogura,2016,11,Maximum,4,310
Bogura,2016,11,Minimum,2,360
Bogura,2016,12,Maximum,4,310
Bogura,2016,12,Minimum,2,360
Bogura,2017,1,Maximum,4,310
Bogura,2017,1,Minimum,2,310
Bogura,2017,2,Maximum,8,230
Bogura,2017,2,Minimum,2,310
Bogura,2017,3,Maximum,10,310
Bogura,2017,3,Minimum,2,130
Bogura,2017,4,Maximum,8,90
Bogura,2017,4,Minimum,2,180
Bogura,2017,5,Maximum,6,360
Bogura,2017,5,Minimum,2,90
Bogura,2017,6,Maximum,6,90
Bogura,2017,6,Minimum,2,90
Bogura,2017,7,Maximum,6,90
Bogura,2017,7,Minimum,2,180
Bogura,2017,8,Maximum,10,130
Bogura,2017,8,Minimum,2,130
Bogura,2017,9,Maximum,4,130
Bogura,2017,9,Minimum,1,90
Bogura,2017,10,Maximum,7,360
Bogura,2017,10,Minimum,1,90
Bogura,2017,11,Maximum,4,270
Bogura,2017,11,Minimum,2,310
Bogura,2017,12,Maximum,6,270
Bogura,2017,12,Minimum,2,310
Bogura,2018,1,Maximum,5,270
Bogura,2018,1,Minimum,2,310
Bogura,2018,2,Maximum,5,90
Bogura,2018,2,Minimum,2,270
Bogura,2018,3,Maximum,7,90
Bogura,2018,3,Minimum,1,360
Bogura,2018,4,Maximum,7,230
Bogura,2018,4,Minimum,2,270
Bogura,2018,5,Maximum,9,90
Bogura,2018,5,Minimum,2,90
Bogura,2018,6,Maximum,9,40
Bogura,2018,6,Minimum,2,90
Bogura,2018,7,Maximum,6,90
Bogura,2018,7,Minimum,2,130
Bogura,2018,8,Maximum,4,90
Bogura,2018,8,Minimum,2,90
Bogura,2018,9,Maximum,8,90
Bogura,2018,9,Minimum,2,130
Bogura,2018,10,Maximum,5,90
Bogura,2018,10,Minimum,2,360
Bogura,2018,11,Maximum,4,50
Bogura,2018,11,Minimum,2,130
Bogura,2018,12,Maximum,6,360
Bogura,2018,12,Minimum,2,310
Bogura,2019,1,Maximum,2,360
Bogura,2019,1,Minimum,2,270
Bogura,2019,2,Maximum,4,270
Bogura,2019,2,Minimum,2,270
Bogura,2019,3,Maximum,3.5,310
Bogura,2019,3,Minimum,2,90
Bogura,2019,4,Maximum,3,50
Bogura,2019,4,Minimum,2,90
Bogura,2019,5,Maximum,5,360
Bogura,2019,5,Minimum,2,180
Bogura,2019,6,Maximum,3,180
Bogura,2019,6,Minimum,2,90
Bogura,2019,7,Maximum,3,90
Bogura,2019,7,Minimum,2,90
Bogura,2019,8,Maximum,4,90
Bogura,2019,8,Minimum,2,90
Bogura,2019,9,Maximum,4,130
Bogura,2019,9,Minimum,2,310
Bogura,2019,10,Maximum,2,360
Bogura,2019,10,Minimum,2,90
Bogura,2019,11,Maximum,2,360
Bogura,2019,11,Minimum,2,310
Bogura,2019,12,Maximum,2.5,270
Bogura,2019,12,Minimum,2,270
Bogura,2020,1,Maximum,2.5,310
Bogura,2020,1,Minimum,2,360
Bogura,2020,2,Maximum,2,270
Bogura,2020,2,Minimum,2,310
Bogura,2020,3,Maximum,3,270
Bogura,2020,3,Minimum,2,360
Bogura,2020,4,Maximum,4,310
Bogura,2020,4,Minimum,2,130
Bogura,2020,5,Maximum,7.5,270
Bogura,2020,5,Minimum,2,90
Bogura,2020,6,Maximum,2,180
Bogura,2020,6,Minimum,2,90
Bogura,2020,7,Maximum,3,90
Bogura,2020,7,Minimum,2,230
Bogura,2020,8,Maximum,3.5,90
Bogura,2020,8,Minimum,1,80
Bogura,2020,9,Maximum,3,230
Bogura,2020,9,Minimum,2,90
Bogura,2020,10,Maximum,2,50
Bogura,2020,10,Minimum,2,90
Bogura,2020,11,Maximum,2,360
Bogura,2020,11,Minimum,2,130
Bogura,2020,12,Maximum,2,310
Bogura,2020,12,Minimum,2,270
Bogura,2021,1,Maximum,2,270
Bogura,2021,1,Minimum,2,270
Bogura,2021,2,Maximum,2.5,310
Bogura,2021,2,Minimum,2,310
Bogura,2021,3,Maximum,3,90
Bogura,2021,3,Minimum,2,310
Bogura,2021,4,Maximum,4.5,230
Bogura,2021,4,Minimum,2,130
Bogura,2021,5,Maximum,3,130
Bogura,2021,5,Minimum,2,90
Bogura,2021,6,Maximum,4,130
Bogura,2021,6,Minimum,2,230
Bogura,2021,7,Maximum,5,50
Bogura,2021,7,Minimum,2,90
Bogura,2021,8,Maximum,3,130
Bogura,2021,8,Minimum,2,90
Bogura,2021,9,Maximum,3,130
Bogura,2021,9,Minimum,2,230
Bogura,2021,10,Maximum,4.5,20
Bogura,2021,10,Minimum,2,180
Bogura,2021,11,Maximum,3,270
Bogura,2021,11,Minimum,2,310
Bogura,2021,12,Maximum,3,310
Bogura,2021,12,Minimum,2,90
Bogura,2022,1,Maximum,2.5,270
Bogura,2022,1,Minimum,2,310
Bogura,2022,2,Maximum,2.5,270
Bogura,2022,2,Minimum,2,90
Bogura,2022,3,Maximum,3.5,30
Bogura,2022,3,Minimum,2,10
Bogura,2022,4,Maximum,3,30
Bogura,2022,4,Minimum,2,90
Bogura,2022,5,Maximum,4,270
Bogura,2022,5,Minimum,2,90
Bogura,2022,6,Maximum,3,130
Bogura,2022,6,Minimum,2,270
Bogura,2022,7,Maximum,3,180
Bogura,2022,7,Minimum,2,130
Bogura,2022,8,Maximum,5,130
Bogura,2022,8,Minimum,2,130
Bogura,2022,9,Maximum,11.5,20
Bogura,2022,9,Minimum,2,230
Bogura,2022,10,Maximum,4,360
Bogura,2022,10,Minimum,2,130
Bogura,2022,11,Maximum,15.5,20
Bogura,2022,11,Minimum,2,230
Bogura,2022,12,Maximum,2,310
Bogura,2022,12,Minimum,2,310
Bogura,2023,1,Maximum,2,270
Bogura,2023,1,Minimum,2,270
Bogura,2023,2,Maximum,3,270
Bogura,2023,2,Minimum,2,310
Bogura,2023,3,Maximum,2.5,20
Bogura,2023,3,Minimum,2,90
Bogura,2023,4,Maximum,2.5,180
Bogura,2023,4,Minimum,2,230
Bogura,2023,5,Maximum,4,360
Bogura,2023,5,Minimum,2,180
Bogura,2023,6,Maximum,3,90
Bogura,2023,6,Minimum,2,180
Bogura,2023,7,Maximum,3,90
Bogura,2023,7,Minimum,2,130
Bogura,2023,8,Maximum,3,90
Bogura,2023,8,Minimum,2,130
Bogura,2023,9,Maximum,4,90
Bogura,2023,9,Minimum,2,130
Bogura,2023,10,Maximum,3.5,90
Bogura,2023,10,Minimum,2,90
Bogura,2023,11,Maximum,2,50
Bogura,2023,11,Minimum,2,270
Bogura,2023,12,Maximum,2,310
Bogura,2023,12,Minimum,2,310
Bogura,2024,1,Maximum,2,270
Bogura,2024,1,Minimum,2,310
Bogura,2024,2,Maximum,2.5,270
Bogura,2024,2,Minimum,2,270
Bogura,2024,3,Maximum,4,130
Bogura,2024,3,Minimum,2,270
Bogura,2024,4,Maximum,2,130
Bogura,2024,4,Minimum,2,90
Bogura,2024,5,Maximum,5,90
Bogura,2024,5,Minimum,2,90
Bogura,2024,6,Maximum,3,180
Bogura,2024,6,Minimum,2,130
Chandpur,2011,1,Maximum,5,310
Chandpur,2011,2,Maximum,7,360
Chandpur,2011,3,Maximum,10,180
Chandpur,2011,4,Maximum,8,310
Chandpur,2011,5,Maximum,8,180
Chandpur,2011,6,Maximum,8,180
Chandpur,2011,7,Maximum,6,180
Chandpur,2011,8,Maximum,6,180
Chandpur,2011,9,Maximum,8,180
Chandpur,2011,10,Maximum,4,360
Chandpur,2011,11,Maximum,4,360
Chandpur,2011,12,Maximum,4,360
Chandpur,2012,1,Maximum,5,360
Chandpur,2012,2,Maximum,4,360
Chandpur,2012,3,Maximum,5,180
Chandpur,2012,4,Maximum,6,180
Chandpur,2012,5,Maximum,6,180
Chandpur,2012,6,Maximum,10,180
Chandpur,2012,7,Maximum,8,180
Chandpur,2012,8,Maximum,6,180
Chandpur,2012,9,Maximum,5,180
Chandpur,2012,10,Maximum,6,180
Chandpur,2012,11,Maximum,6,360
Chandpur,2012,12,Maximum,6,360
Chandpur,2013,1,Maximum,6,360
Chandpur,2013,2,Maximum,8,360
Chandpur,2013,3,Maximum,6,360
Chandpur,2013,4,Maximum,6,180
Chandpur,2013,5,Maximum,12,310
Chandpur,2013,6,Maximum,6,270
Chandpur,2013,7,Maximum,4,180
Chandpur,2013,8,Maximum,6,130
Chandpur,2013,9,Maximum,5,140
Chandpur,2013,10,Maximum,5,180
Chandpur,2013,11,Maximum,5,360
Chandpur,2013,12,Maximum,4,360
Chandpur,2014,1,Maximum,5,360
Chandpur,2014,2,Maximum,5,360
Chandpur,2014,3,Maximum,5,140
Chandpur,2014,4,Maximum,8,180
Chandpur,2014,5,Maximum,12,180
Chandpur,2014,6,Maximum,5,180
Chandpur,2014,7,Maximum,5,180
Chandpur,2014,8,Maximum,5,180
Chandpur,2014,9,Maximum,6,180
Chandpur,2014,10,Maximum,5,360
Chandpur,2014,11,Maximum,4,360
Chandpur,2014,12,Maximum,6,360
Chandpur,2015,1,Maximum,6,360
Chandpur,2015,1,Minimum,2,360
Chandpur,2015,2,Maximum,5,360
Chandpur,2015,2,Minimum,2,360
Chandpur,2015,3,Maximum,6,360
Chandpur,2015,3,Minimum,2,360
Chandpur,2015,4,Maximum,6,180
Chandpur,2015,4,Minimum,2,180
Chandpur,2015,5,Maximum,6,180
Chandpur,2015,5,Minimum,2,180
Chandpur,2015,6,Maximum,6,180
Chandpur,2015,6,Minimum,2,180
Chandpur,2015,7,Maximum,5,130
Chandpur,2015,7,Minimum,2,180
Chandpur,2015,8,Maximum,8,230
Chandpur,2015,8,Minimum,2,180
Chandpur,2015,9,Maximum,4,180
Chandpur,2015,9,Minimum,2,180
Chandpur,2015,10,Maximum,4,130
Chandpur,2015,10,Minimum,2,360
Chandpur,2015,11,Maximum,4,360
Chandpur,2015,11,Minimum,2,360
Chandpur,2015,12,Maximum,4,270
Chandpur,2015,12,Minimum,2,360
Chandpur,2016,1,Maximum,4,360
Chandpur,2016,1,Minimum,2,360
Chandpur,2016,2,Maximum,6,360
Chandpur,2016,2,Minimum,2,180
Chandpur,2016,3,Maximum,5,360
Chandpur,2016,3,Minimum,2,360
Chandpur,2016,4,Maximum,10,180
Chandpur,2016,4,Minimum,2,180
Chandpur,2016,5,Maximum,10,50
Chandpur,2016,5,Minimum,2,180
Chandpur,2016,6,Maximum,4,180
Chandpur,2016,6,Minimum,2,180
Chandpur,2016,7,Maximum,4,180
Chandpur,2016,7,Minimum,2,180
Chandpur,2016,8,Maximum,8,180
Chandpur,2016,8,Minimum,2,180
Chandpur,2016,9,Maximum,5,180
Chandpur,2016,9,Minimum,2,180
Chandpur,2016,10,Maximum,6,180
Chandpur,2016,10,Minimum,2,180
Chandpur,2016,11,Maximum,8,360
Chandpur,2016,11,Minimum,2,360
Chandpur,2016,12,Maximum,6,360
Chandpur,2016,12,Minimum,2,360
Chandpur,2017,1,Maximum,5,360
Chandpur,2017,1,Minimum,2,360
Chandpur,2017,2,Maximum,8,130
Chandpur,2017,2,Minimum,2,360
Chandpur,2017,3,Maximum,8,180
Chandpur,2017,3,Minimum,2,360
Chandpur,2017,4,Maximum,10,180
Chandpur,2017,4,Minimum,2,180
Chandpur,2017,5,Maximum,15,360
Chandpur,2017,5,Minimum,2,180
Chandpur,2017,6,Maximum,7,230
Chandpur,2017,6,Minimum,2,180
Chandpur,2017,7,Maximum,6,180
Chandpur,2017,7,Minimum,2,180
Chandpur,2017,8,Maximum,5,180
Chandpur,2017,8,Minimum,2,180
Chandpur,2017,9,Maximum,4,180
Chandpur,2017,9,Minimum,2,180
Chandpur,2017,10,Maximum,50,180
Chandpur,2017,10,Minimum,2,180
Chandpur,2017,11,Maximum,6,360
Chandpur,2017,11,Minimum,2,360
Chandpur,2017,12,Maximum,6,360
Chandpur,2017,12,Minimum,2,360
Chandpur,2018,1,Maximum,5,310
Chandpur,2018,1,Minimum,2,360
Chandpur,2018,2,Maximum,4,310
Chandpur,2018,2,Minimum,2,360
Chandpur,2018,3,Maximum,14,140
Chandpur,2018,3,Minimum,2,180
Chandpur,2018,4,Maximum,14,180
Chandpur,2018,4,Minimum,1,180
Chandpur,2018,5,Maximum,10,180
Chandpur,2018,5,Minimum,2,180
Chandpur,2018,6,Maximum,9,360
Chandpur,2018,6,Minimum,2,180
Chandpur,2018,7,Maximum,6,180
Chandpur,2018,7,Minimum,2,180
Chandpur,2018,8,Maximum,6,180
Chandpur,2018,8,Minimum,2,180
Chandpur,2018,9,Maximum,8,180
Chandpur,2018,9,Minimum,2,180
Chandpur,2018,10,Maximum,6,180
Chandpur,2018,10,Minimum,2,180
Chandpur,2018,11,Maximum,5,360
Chandpur,2018,11,Minimum,1,360
Chandpur,2018,12,Maximum,8,180
Chandpur,2018,12,Minimum,1,320
Chandpur,2019,1,Maximum,18,0
Chandpur,2019,1,Minimum,1,310
Chandpur,2019,2,Maximum,3,360
Chandpur,2019,2,Minimum,1,360
Chandpur,2019,3,Maximum,4,130
Chandpur,2019,3,Minimum,1,230
Chandpur,2019,4,Maximum,4,180
Chandpur,2019,4,Minimum,2,180
Chandpur,2019,5,Maximum,7,180
Chandpur,2019,5,Minimum,2,180
Chandpur,2019,6,Maximum,3,180
Chandpur,2019,6,Minimum,1,180
Chandpur,2019,7,Maximum,3.5,180
Chandpur,2019,7,Minimum,1,180
Chandpur,2019,8,Maximum,3,180
Chandpur,2019,8,Minimum,1,180
Chandpur,2019,9,Maximum,2.5,180
Chandpur,2019,9,Minimum,1,180
Chandpur,2019,10,Maximum,2,360
Chandpur,2019,10,Minimum,1,180
Chandpur,2019,11,Maximum,5,140
Chandpur,2019,11,Minimum,1,360
Chandpur,2019,12,Maximum,18,360
Chandpur,2019,12,Minimum,1,360
Chandpur,2020,1,Maximum,10,360
Chandpur,2020,1,Minimum,1,360
Chandpur,2020,2,Maximum,2,360
Chandpur,2020,2,Minimum,1,360
Chandpur,2020,3,Maximum,18,360
Chandpur,2020,3,Minimum,2,360
Chandpur,2020,4,Maximum,3,360
Chandpur,2020,4,Minimum,2,270
Chandpur,2020,5,Maximum,10,360
Chandpur,2020,5,Minimum,2,180
Chandpur,2020,6,Maximum,16,180
Chandpur,2020,6,Minimum,2,180
Chandpur,2020,7,Maximum,2.5,180
Chandpur,2020,7,Minimum,2,180
Chandpur,2020,8,Maximum,3,180
Chandpur,2020,8,Minimum,2,180
Chandpur,2020,9,Maximum,2.5,180
Chandpur,2020,9,Minimum,2,180
Chandpur,2020,10,Maximum,3,180
Chandpur,2020,10,Minimum,2,180
Chandpur,2020,11,Maximum,2,180
Chandpur,2020,11,Minimum,2,180
Chandpur,2020,12,Maximum,2,360
Chandpur,2020,12,Minimum,2,360
Chandpur,2021,1,Maximum,2,360
Chandpur,2021,1,Minimum,2,360
Chandpur,2021,2,Maximum,3,270
Chandpur,2021,2,Minimum,2,360
Chandpur,2021,3,Maximum,3,310
Chandpur,2021,3,Minimum,2,180
Chandpur,2021,4,Maximum,6.5,180
Chandpur,2021,4,Minimum,1,230
Chandpur,2021,5,Maximum,3,360
Chandpur,2021,5,Minimum,2,180
Chandpur,2021,6,Maximum,2,180
Chandpur,2021,6,Minimum,2,140
Chandpur,2021,7,Maximum,1.5,180
Chandpur,2021,7,Minimum,2,180
Chandpur,2021,8,Maximum,1.5,180
Chandpur,2021,8,Minimum,2,180
Chandpur,2021,9,Maximum,2,180
Chandpur,2021,9,Minimum,2,180
Chandpur,2021,10,Maximum,1.5,180
Chandpur,2021,10,Minimum,2,180
Chandpur,2021,11,Maximum,1.5,360
Chandpur,2021,11,Minimum,2,310
Chandpur,2021,12,Maximum,2,360
Chandpur,2021,12,Minimum,2,360
Chandpur,2022,1,Maximum,3,310
Chandpur,2022,1,Minimum,2,360
Chandpur,2022,2,Maximum,3,360
Chandpur,2022,2,Minimum,1,180
Chandpur,2022,3,Maximum,3,180
Chandpur,2022,3,Minimum,1,180
Chandpur,2022,4,Maximum,3,180
Chandpur,2022,4,Minimum,2,180
Chandpur,2022,5,Maximum,3,180
Chandpur,2022,5,Minimum,2,180
Chandpur,2022,6,Maximum,3,180
Chandpur,2022,6,Minimum,2,180
Chandpur,2022,7,Maximum,3,180
Chandpur,2022,7,Minimum,2,180
Chandpur,2022,8,Maximum,3.5,180
Chandpur,2022,8,Minimum,2,140
Chandpur,2022,9,Maximum,2.5,180
Chandpur,2022,9,Minimum,2,140
Chandpur,2022,10,Maximum,6,120
Chandpur,2022,10,Minimum,2,140
Chandpur,2022,11,Maximum,2.5,360
Chandpur,2022,11,Minimum,2,360
Chandpur,2022,12,Maximum,2,360
Chandpur,2022,12,Minimum,2,310
Chandpur,2023,1,Maximum,2.5,310
Chandpur,2023,1,Minimum,2,360
Chandpur,2023,2,Maximum,2.5,310
Chandpur,2023,2,Minimum,2,360
Chandpur,2023,3,Maximum,4,310
Chandpur,2023,3,Minimum,2,290
Chandpur,2023,4,Maximum,6,360
Chandpur,2023,4,Minimum,2,180
Chandpur,2023,5,Maximum,3.5,360
Chandpur,2023,5,Minimum,2,260
Chandpur,2023,6,Maximum,19.5,0
Chandpur,2023,6,Minimum,2,180
Chandpur,2023,7,Maximum,4,180
Chandpur,2023,7,Minimum,2,180
Chandpur,2023,8,Maximum,3,80
Chandpur,2023,8,Minimum,2,180
Chandpur,2023,9,Maximum,3,180
Chandpur,2023,9,Minimum,2,180
Chandpur,2023,10,Maximum,3,180
Chandpur,2023,10,Minimum,2,180
Chandpur,2023,11,Maximum,6,310
Chandpur,2023,11,Minimum,1,360
Chandpur,2023,12,Maximum,3,310
Chandpur,2023,12,Minimum,1,360
Chandpur,2024,1,Maximum,3,360
Chandpur,2024,1,Minimum,1,360
Chandpur,2024,2,Maximum,6,360
Chandpur,2024,2,Minimum,1,360
Chandpur,2024,3,Maximum,4,360
Chandpur,2024,3,Minimum,1,180
Chandpur,2024,4,Maximum,7.5,180
Chandpur,2024,4,Minimum,2,180
Chandpur,2024,5,Maximum,7,180
Chandpur,2024,5,Minimum,1,180
Chandpur,2024,6,Maximum,4,180
Chandpur,2024,6,Minimum,1,180
Chandpur,2024,7,Maximum,3,180
Chandpur,2024,7,Minimum,1,180
Chittagong,2011,1,Maximum,12,330
Chittagong,2011,2,Maximum,14,330
Chittagong,2011,3,Maximum,20,310
Chittagong,2011,4,Maximum,14,250
Chittagong,2011,5,Maximum,14,240
Chittagong,2011,6,Maximum,15,120
Chittagong,2011,7,Maximum,18,230
Chittagong,2011,8,Maximum,15,170
Chittagong,2011,9,Maximum,14,120
Chittagong,2011,10,Maximum,10,330
Chittagong,2011,11,Maximum,10,300
Chittagong,2011,12,Maximum,12,330
Chittagong,2012,1,Maximum,15,330
Chittagong,2012,2,Maximum,14,140
Chittagong,2012,3,Maximum,12,140
Chittagong,2012,4,Maximum,30,140
Chittagong,2012,5,Maximum,20,320
Chittagong,2012,6,Maximum,22,350
Chittagong,2012,7,Maximum,16,140
Chittagong,2012,8,Maximum,15,360
Chittagong,2012,9,Maximum,12,240
Chittagong,2012,10,Maximum,16,220
Chittagong,2012,11,Maximum,40,0
Chittagong,2012,12,Maximum,14,330
Chittagong,2013,1,Maximum,12,320
Chittagong,2013,2,Maximum,14,320
Chittagong,2013,3,Maximum,14,320
Chittagong,2013,4,Maximum,14,360
Chittagong,2013,5,Maximum,20,240
Chittagong,2013,6,Maximum,14,190
Chittagong,2013,7,Maximum,16,200
Chittagong,2013,8,Maximum,11,240
Chittagong,2013,9,Maximum,12,240
Chittagong,2013,10,Maximum,10,300
Chittagong,2013,11,Maximum,11,300
Chittagong,2013,12,Maximum,12,360
Chittagong,2014,1,Maximum,15,300
Chittagong,2014,2,Maximum,18,320
Chittagong,2014,3,Maximum,20,330
Chittagong,2014,4,Maximum,32,360
Chittagong,2014,5,Maximum,18,210
Chittagong,2014,6,Maximum,28,340
Chittagong,2014,7,Maximum,15,240
Chittagong,2014,8,Maximum,12,190
Chittagong,2014,9,Maximum,12,170
Chittagong,2014,10,Maximum,12,360
Chittagong,2014,11,Maximum,10,360
Chittagong,2014,12,Maximum,14,320
Chittagong,2015,1,Maximum,15,300
Chittagong,2015,1,Minimum,2,270
Chittagong,2015,2,Maximum,20,20
Chittagong,2015,2,Minimum,2,20
Chittagong,2015,3,Maximum,20,300
Chittagong,2015,3,Minimum,2,120
Chittagong,2015,4,Maximum,25,330
Chittagong,2015,4,Minimum,2,120
Chittagong,2015,5,Maximum,20,360
Chittagong,2015,5,Minimum,2,150
Chittagong,2015,6,Maximum,15,180
Chittagong,2015,6,Minimum,2,150
Chittagong,2015,7,Maximum,18,30
Chittagong,2015,7,Minimum,2,200
Chittagong,2015,8,Maximum,15,260
Chittagong,2015,8,Minimum,2,140
Chittagong,2015,9,Maximum,15,150
Chittagong,2015,9,Minimum,2,170
Chittagong,2015,10,Maximum,10,150
Chittagong,2015,10,Minimum,2,330
Chittagong,2015,11,Maximum,10,300
Chittagong,2015,11,Minimum,2,30
Chittagong,2015,12,Maximum,12,330
Chittagong,2015,12,Minimum,3,70
Chittagong,2016,1,Maximum,11,360
Chittagong,2016,1,Minimum,2,150
Chittagong,2016,2,Maximum,14,210
Chittagong,2016,2,Minimum,2,150
Chittagong,2016,3,Maximum,18,330
Chittagong,2016,3,Minimum,2,60
Chittagong,2016,4,Maximum,24,180
Chittagong,2016,4,Minimum,1,180
Chittagong,2016,5,Maximum,26,220
Chittagong,2016,5,Minimum,2,160
Chittagong,2016,6,Maximum,18,180
Chittagong,2016,6,Minimum,2,150
Chittagong,2016,7,Maximum,20,240
Chittagong,2016,7,Minimum,2,240
Chittagong,2016,8,Maximum,20,180
Chittagong,2016,8,Minimum,2,60
Chittagong,2016,9,Maximum,18,210
Chittagong,2016,9,Minimum,2,150
Chittagong,2016,10,Maximum,14,350
Chittagong,2016,10,Minimum,2,150
Chittagong,2016,11,Maximum,21,30
Chittagong,2016,11,Minimum,2,60
Chittagong,2016,12,Maximum,12,290
Chittagong,2016,12,Minimum,2,30
Chittagong,2017,1,Maximum,20,330
Chittagong,2017,1,Minimum,2,250
Chittagong,2017,2,Maximum,16,210
Chittagong,2017,2,Minimum,2,60
Chittagong,2017,3,Maximum,32,120
Chittagong,2017,3,Minimum,3,60
Chittagong,2017,4,Maximum,20,170
Chittagong,2017,4,Minimum,2,150
Chittagong,2017,5,Maximum,45,280
Chittagong,2017,5,Minimum,2,30
Chittagong,2017,6,Maximum,28,230
Chittagong,2017,6,Minimum,2,160
Chittagong,2017,7,Maximum,19,210
Chittagong,2017,7,Minimum,2,150
Chittagong,2017,8,Maximum,18,190
Chittagong,2017,8,Minimum,2,120
Chittagong,2017,9,Maximum,18,160
Chittagong,2017,9,Minimum,2,350
Chittagong,2017,10,Maximum,20,150
Chittagong,2017,10,Minimum,2,20
Chittagong,2017,11,Maximum,14,330
Chittagong,2017,11,Minimum,2,60
Chittagong,2017,12,Maximum,15,330
Chittagong,2017,12,Minimum,2,30
Chittagong,2018,1,Maximum,33,140
Chittagong,2018,1,Minimum,1,30
Chittagong,2018,2,Maximum,18,320
Chittagong,2018,2,Minimum,1,360
Chittagong,2018,3,Maximum,19,330
Chittagong,2018,3,Minimum,2,230
Chittagong,2018,4,Maximum,30,270
Chittagong,2018,4,Minimum,2,290
Chittagong,2018,5,Maximum,20,180
Chittagong,2018,5,Minimum,2,120
Chittagong,2018,6,Maximum,61,180
Chittagong,2018,6,Minimum,2,120
Chittagong,2018,7,Maximum,18,170
Chittagong,2018,7,Minimum,2,160
Chittagong,2018,8,Maximum,20,220
Chittagong,2018,8,Minimum,3,180
Chittagong,2018,9,Maximum,18,150
Chittagong,2018,9,Minimum,2,300
Chittagong,2018,10,Maximum,12,300
Chittagong,2018,10,Minimum,2,60
Chittagong,2018,11,Maximum,12,330
Chittagong,2018,11,Minimum,2,110
Chittagong,2018,12,Maximum,16,330
Chittagong,2018,12,Minimum,2,60
Chittagong,2019,1,Maximum,7.5,330
Chittagong,2019,1,Minimum,2,330
Chittagong,2019,2,Maximum,12,330
Chittagong,2019,2,Minimum,2,190
Chittagong,2019,3,Maximum,9,330
Chittagong,2019,3,Minimum,2,60
Chittagong,2019,4,Maximum,8,210
Chittagong,2019,4,Minimum,2,330
Chittagong,2019,5,Maximum,15,180
Chittagong,2019,5,Minimum,2,250
Chittagong,2019,6,Maximum,9,200
Chittagong,2019,6,Minimum,2,160
Chittagong,2019,7,Maximum,9,210
Chittagong,2019,7,Minimum,2,150
Chittagong,2019,8,Maximum,8,190
Chittagong,2019,8,Minimum,2,250
Chittagong,2019,9,Maximum,9,60
Chittagong,2019,9,Minimum,2,270
Chittagong,2019,10,Maximum,6,180
Chittagong,2019,10,Minimum,2,150
Chittagong,2019,11,Maximum,6,240
Chittagong,2019,11,Minimum,2,50
Chittagong,2019,12,Maximum,6,330
Chittagong,2019,12,Minimum,2,20
Chittagong,2020,1,Maximum,16.5,60
Chittagong,2020,1,Minimum,2,20
Chittagong,2020,2,Maximum,8.5,320
Chittagong,2020,2,Minimum,2,350
Chittagong,2020,3,Maximum,10,330
Chittagong,2020,3,Minimum,2,30
Chittagong,2020,4,Maximum,15,280
Chittagong,2020,4,Minimum,2,250
Chittagong,2020,5,Maximum,15,330
Chittagong,2020,5,Minimum,2,90
Chittagong,2020,6,Maximum,8.5,200
Chittagong,2020,6,Minimum,2,120
Chittagong,2020,7,Maximum,16.5,80
Chittagong,2020,7,Minimum,2,170
Chittagong,2020,8,Maximum,25,180
Chittagong,2020,8,Minimum,2,100
Chittagong,2020,9,Maximum,10,180
Chittagong,2020,9,Minimum,2,80
Chittagong,2020,10,Maximum,8,200
Chittagong,2020,10,Minimum,2,90
Chittagong,2020,11,Maximum,6,270
Chittagong,2020,11,Minimum,2,30
Chittagong,2020,12,Maximum,8.5,350
Chittagong,2020,12,Minimum,1,330
Chittagong,2021,1,Maximum,7,300
Chittagong,2021,1,Minimum,3,20
Chittagong,2021,2,Maximum,10.5,330
Chittagong,2021,2,Minimum,2,10
Chittagong,2021,3,Maximum,10.5,330
Chittagong,2021,3,Minimum,2,200
Chittagong,2021,4,Maximum,14,30
Chittagong,2021,4,Minimum,2,350
Chittagong,2021,5,Maximum,8.5,180
Chittagong,2021,5,Minimum,2,180
Chittagong,2021,6,Maximum,10,280
Chittagong,2021,6,Minimum,2,150
Chittagong,2021,7,Maximum,7.5,120
Chittagong,2021,7,Minimum,2,180
Chittagong,2021,8,Maximum,8.5,190
Chittagong,2021,8,Minimum,2,190
Chittagong,2021,9,Maximum,6,180
Chittagong,2021,9,Minimum,2,270
Chittagong,2021,10,Maximum,6,180
Chittagong,2021,10,Minimum,2,240
Chittagong,2021,11,Maximum,15,120
Chittagong,2021,11,Minimum,2,20
Chittagong,2021,12,Maximum,5.5,320
Chittagong,2021,12,Minimum,2,330
Chittagong,2022,1,Maximum,7,320
Chittagong,2022,1,Minimum,3,360
Chittagong,2022,2,Maximum,7,340
Chittagong,2022,2,Minimum,2,30
Chittagong,2022,3,Maximum,10,330
Chittagong,2022,3,Minimum,3,30
Chittagong,2022,4,Maximum,9,360
Chittagong,2022,4,Minimum,3,120
Chittagong,2022,5,Maximum,10,330
Chittagong,2022,5,Minimum,3,230
Chittagong,2022,6,Maximum,7.5,210
Chittagong,2022,6,Minimum,2,120
Chittagong,2022,7,Maximum,9,210
Chittagong,2022,7,Minimum,3,160
Chittagong,2022,8,Maximum,9,120
Chittagong,2022,8,Minimum,3,100
Chittagong,2022,9,Maximum,10,200
Chittagong,2022,9,Minimum,2,150
Chittagong,2022,10,Maximum,10,220
Chittagong,2022,10,Minimum,3,70
Chittagong,2022,11,Maximum,7.5,360
Chittagong,2022,11,Minimum,2,70
Chittagong,2022,12,Maximum,6.5,280
Chittagong,2022,12,Minimum,2,260
Chittagong,2023,1,Maximum,7.5,350
Chittagong,2023,1,Minimum,2,80
Chittagong,2023,2,Maximum,9,330
Chittagong,2023,2,Minimum,2,90
Chittagong,2023,3,Maximum,12.5,100
Chittagong,2023,3,Minimum,3,50
Chittagong,2023,4,Maximum,10,330
Chittagong,2023,4,Minimum,2,250
Chittagong,2023,5,Maximum,10.5,10
Chittagong,2023,5,Minimum,2,20
Chittagong,2023,6,Maximum,12,330
Chittagong,2023,6,Minimum,3,150
Chittagong,2023,7,Maximum,10,200
Chittagong,2023,7,Minimum,3,90
Chittagong,2023,8,Maximum,17.5,250
Chittagong,2023,8,Minimum,1,180
Chittagong,2023,9,Maximum,8,170
Chittagong,2023,9,Minimum,2,60
Chittagong,2023,10,Maximum,6,300
Chittagong,2023,10,Minimum,2,100
Chittagong,2023,11,Maximum,10,210
Chittagong,2023,11,Minimum,2,30
Chittagong,2023,12,Maximum,6,330
Chittagong,2023,12,Minimum,2,100
Chittagong,2024,1,Maximum,6.5,300
Chittagong,2024,1,Minimum,2,230
Chittagong,2024,2,Maximum,8,330
Chittagong,2024,2,Minimum,2,350
Chittagong,2024,3,Maximum,10,340
Chittagong,2024,3,Minimum,2,360
Chittagong,2024,4,Maximum,7.5,190
Chittagong,2024,4,Minimum,2,360
Chittagong,2024,5,Maximum,15,210
Chittagong,2024,5,Minimum,2,80
Chittagong,2024,6,Maximum,8,200
Chittagong,2024,6,Minimum,2,100
Chuadanga,2011,1,Maximum,4,340
Chuadanga,2011,2,Maximum,9,180
Chuadanga,2011,3,Maximum,8,180
Chuadanga,2011,4,Maximum,10,360
Chuadanga,2011,5,Maximum,8,360
Chuadanga,2011,6,Maximum,7,90
Chuadanga,2011,7,Maximum,7,180
Chuadanga,2011,8,Maximum,5,140
Chuadanga,2011,9,Maximum,5,130
Chuadanga,2011,10,Maximum,2,190
Chuadanga,2011,11,Maximum,3,360
Chuadanga,2011,12,Maximum,0,0
Chuadanga,2012,1,Maximum,5,180
Chuadanga,2012,2,Maximum,4,340
Chuadanga,2012,3,Maximum,12,270
Chuadanga,2012,4,Maximum,10,180
Chuadanga,2012,5,Maximum,6,180
Chuadanga,2012,6,Maximum,6,180
Chuadanga,2012,7,Maximum,6,90
Chuadanga,2012,8,Maximum,5,220
Chuadanga,2012,9,Maximum,4,180
Chuadanga,2012,10,Maximum,4,360
Chuadanga,2012,11,Maximum,3,360
Chuadanga,2012,12,Maximum,4,360
Chuadanga,2013,1,Maximum,36,10
Chuadanga,2013,2,Maximum,4,360
Chuadanga,2013,3,Maximum,9,270
Chuadanga,2013,4,Maximum,9,270
Chuadanga,2013,5,Maximum,10,110
Chuadanga,2013,6,Maximum,8,230
Chuadanga,2013,7,Maximum,6,180
Chuadanga,2013,8,Maximum,8,180
Chuadanga,2013,9,Maximum,8,150
Chuadanga,2013,10,Maximum,6,130
Chuadanga,2013,11,Maximum,4,360
Chuadanga,2013,12,Maximum,5,330
Chuadanga,2014,1,Maximum,8,360
Chuadanga,2014,2,Maximum,6,270
Chuadanga,2014,3,Maximum,7,320
Chuadanga,2014,4,Maximum,7,180
Chuadanga,2014,5,Maximum,8,180
Chuadanga,2014,6,Maximum,9,360
Chuadanga,2014,7,Maximum,6,150
Chuadanga,2014,8,Maximum,8,90
Chuadanga,2014,9,Maximum,5,130
Chuadanga,2014,10,Maximum,3,150
Chuadanga,2014,11,Maximum,3,360
Chuadanga,2014,12,Maximum,5,330
Chuadanga,2015,1,Maximum,5,360
Chuadanga,2015,1,Minimum,1,150
Chuadanga,2015,2,Maximum,3,180
Chuadanga,2015,2,Minimum,1,180
Chuadanga,2015,3,Maximum,7,270
Chuadanga,2015,3,Minimum,1,200
Chuadanga,2015,4,Maximum,15,310
Chuadanga,2015,4,Minimum,1,360
Chuadanga,2015,5,Maximum,8,310
Chuadanga,2015,5,Minimum,1,180
Chuadanga,2015,6,Maximum,7,180
Chuadanga,2015,6,Minimum,1,180
Chuadanga,2015,7,Maximum,5,180
Chuadanga,2015,7,Minimum,1,180
Chuadanga,2015,8,Maximum,5,180
Chuadanga,2015,8,Minimum,1,180
Chuadanga,2015,9,Maximum,4,150
Chuadanga,2015,9,Minimum,1,180
Chuadanga,2015,10,Maximum,3,150
Chuadanga,2015,10,Minimum,1,180
Chuadanga,2015,11,Maximum,2,360
Chuadanga,2015,11,Minimum,1,90
Chuadanga,2015,12,Maximum,3,270
Chuadanga,2015,12,Minimum,1,360
Chuadanga,2016,1,Maximum,3,360
Chuadanga,2016,1,Minimum,1,90
Chuadanga,2016,2,Maximum,4,270
Chuadanga,2016,2,Minimum,1,300
Chuadanga,2016,3,Maximum,6,180
Chuadanga,2016,3,Minimum,1,360
Chuadanga,2016,4,Maximum,10,180
Chuadanga,2016,4,Minimum,1,120
Chuadanga,2016,5,Maximum,12,330
Chuadanga,2016,5,Minimum,1,180
Chuadanga,2016,6,Maximum,8,270
Chuadanga,2016,6,Minimum,1,150
Chuadanga,2016,7,Maximum,6,240
Chuadanga,2016,7,Minimum,1,160
Chuadanga,2016,8,Maximum,12,70
Chuadanga,2016,8,Minimum,1,180
Chuadanga,2016,9,Maximum,4,180
Chuadanga,2016,9,Minimum,1,180
Chuadanga,2016,10,Maximum,3,180
Chuadanga,2016,10,Minimum,1,160
Chuadanga,2016,11,Maximum,4,340
Chuadanga,2016,11,Minimum,1,360
Chuadanga,2016,12,Maximum,4,360
Chuadanga,2016,12,Minimum,1,360
Chuadanga,2017,1,Maximum,5,320
Chuadanga,2017,1,Minimum,1,280
Chuadanga,2017,2,Maximum,5,280
Chuadanga,2017,2,Minimum,1,270
Chuadanga,2017,3,Maximum,6,180
Chuadanga,2017,3,Minimum,1,180
Chuadanga,2017,4,Maximum,14,220
Chuadanga,2017,4,Minimum,1,210
Chuadanga,2017,5,Maximum,8,310
Chuadanga,2017,5,Minimum,1,180
Chuadanga,2017,6,Maximum,6,180
Chuadanga,2017,6,Minimum,1,180
Chuadanga,2017,7,Maximum,4,150
Chuadanga,2017,7,Minimum,1,180
Chuadanga,2017,8,Maximum,4,180
Chuadanga,2017,8,Minimum,1,180
Chuadanga,2017,9,Maximum,4,150
Chuadanga,2017,9,Minimum,1,180
Chuadanga,2017,10,Maximum,5,130
Chuadanga,2017,10,Minimum,1,180
Chuadanga,2017,11,Maximum,3,360
Chuadanga,2017,11,Minimum,1,340
Chuadanga,2017,12,Maximum,4,50
Chuadanga,2017,12,Minimum,1,360
Chuadanga,2018,1,Maximum,5,360
Chuadanga,2018,1,Minimum,1,360
Chuadanga,2018,2,Maximum,5,310
Chuadanga,2018,2,Minimum,1,160
Chuadanga,2018,3,Maximum,7,110
Chuadanga,2018,3,Minimum,1,300
Chuadanga,2018,4,Maximum,20,270
Chuadanga,2018,4,Minimum,1,180
Chuadanga,2018,5,Maximum,8,270
Chuadanga,2018,5,Minimum,1,100
Chuadanga,2018,6,Maximum,5,150
Chuadanga,2018,6,Minimum,1,180
Chuadanga,2018,7,Maximum,6,150
Chuadanga,2018,7,Minimum,1,180
Chuadanga,2018,8,Maximum,5,90
Chuadanga,2018,8,Minimum,1,270
Chuadanga,2018,9,Maximum,7,140
Chuadanga,2018,9,Minimum,1,160
Chuadanga,2018,10,Maximum,5,140
Chuadanga,2018,10,Minimum,1,180
Chuadanga,2018,11,Maximum,5,270
Chuadanga,2018,11,Minimum,1,230
Chuadanga,2018,12,Maximum,4,360
Chuadanga,2018,12,Minimum,1,360
Chuadanga,2019,1,Maximum,18,30
Chuadanga,2019,1,Minimum,1,280
Chuadanga,2019,2,Maximum,2.5,270
Chuadanga,2019,2,Minimum,1,360
Chuadanga,2019,3,Maximum,2.5,230
Chuadanga,2019,3,Minimum,1,210
Chuadanga,2019,4,Maximum,13.5,30
Chuadanga,2019,4,Minimum,1,180
Chuadanga,2019,5,Maximum,4.5,270
Chuadanga,2019,5,Minimum,1,180
Chuadanga,2019,6,Maximum,2.5,220
Chuadanga,2019,6,Minimum,1,180
Chuadanga,2019,7,Maximum,2.5,180
Chuadanga,2019,7,Minimum,1,180
Chuadanga,2019,8,Maximum,2.5,180
Chuadanga,2019,8,Minimum,1,180
Chuadanga,2019,9,Maximum,3,180
Chuadanga,2019,9,Minimum,1,180
Chuadanga,2019,10,Maximum,1.5,50
Chuadanga,2019,10,Minimum,1,180
Chuadanga,2019,11,Maximum,18,20
Chuadanga,2019,11,Minimum,1,180
Chuadanga,2019,12,Maximum,2.5,310
Chuadanga,2019,12,Minimum,1,360
Chuadanga,2020,1,Minimum,1,360
Chuadanga,2020,2,Minimum,1,180
Chuadanga,2020,3,Minimum,1,180
Chuadanga,2020,4,Minimum,1,180
Chuadanga,2020,5,Minimum,1,180
Chuadanga,2020,6,Minimum,1,150
Chuadanga,2020,7,Maximum,2,130
Chuadanga,2020,7,Minimum,1,180
Chuadanga,2020,8,Maximum,2.5,150
Chuadanga,2020,8,Minimum,1,180
Chuadanga,2020,9,Maximum,2,250
Chuadanga,2020,9,Minimum,1,180
Chuadanga,2020,10,Maximum,2,360
Chuadanga,2020,10,Minimum,1,180
Chuadanga,2020,11,Maximum,2,360
Chuadanga,2020,11,Minimum,1,360
Chuadanga,2020,12,Maximum,2,360
Chuadanga,2020,12,Minimum,1,360
Chuadanga,2021,1,Minimum,1,310
Chuadanga,2021,2,Minimum,1,360
Chuadanga,2021,3,Minimum,1,310
Chuadanga,2021,4,Minimum,1,180
Chuadanga,2021,5,Minimum,1,180
Chuadanga,2021,6,Minimum,1,180
Chuadanga,2021,7,Maximum,4,90
Chuadanga,2021,7,Minimum,1,180
Chuadanga,2021,8,Maximum,2.5,270
Chuadanga,2021,8,Minimum,1,180
Chuadanga,2021,9,Maximum,3,180
Chuadanga,2021,9,Minimum,1,120
Chuadanga,2021,10,Maximum,3,130
Chuadanga,2021,10,Minimum,1,230
Chuadanga,2021,11,Maximum,1.5,360
Chuadanga,2021,11,Minimum,1,360
Chuadanga,2021,12,Maximum,2,310
Chuadanga,2021,12,Minimum,1,310
Chuadanga,2022,1,Minimum,1,360
Chuadanga,2022,2,Minimum,1,260
Chuadanga,2022,3,Minimum,1,360
Chuadanga,2022,4,Minimum,1,180
Chuadanga,2022,5,Minimum,1,180
Chuadanga,2022,6,Minimum,1,180
Chuadanga,2022,7,Maximum,2.5,130
Chuadanga,2022,7,Minimum,1,150
Chuadanga,2022,8,Maximum,2.5,130
Chuadanga,2022,8,Minimum,1,180
Chuadanga,2022,9,Maximum,2.5,130
Chuadanga,2022,9,Minimum,1,180
Chuadanga,2022,10,Maximum,4,270
Chuadanga,2022,10,Minimum,1,180
Chuadanga,2022,11,Maximum,1.5,360
Chuadanga,2022,11,Minimum,1,360
Chuadanga,2022,12,Maximum,1.5,150
Chuadanga,2022,12,Minimum,1,360
Chuadanga,2023,1,Maximum,2.5,360
Chuadanga,2023,1,Minimum,1,360
Chuadanga,2023,2,Maximum,2.5,270
Chuadanga,2023,2,Minimum,1,360
Chuadanga,2023,3,Maximum,2.5,270
Chuadanga,2023,3,Minimum,1,180
Chuadanga,2023,4,Maximum,4,310
Chuadanga,2023,4,Minimum,1,180
Chuadanga,2023,5,Maximum,3,180
Chuadanga,2023,5,Minimum,1,180
Chuadanga,2023,6,Maximum,3,180
Chuadanga,2023,6,Minimum,1,180
Chuadanga,2023,7,Maximum,1.5,180
Chuadanga,2023,7,Minimum,1,180
Chuadanga,2023,8,Maximum,2,230
Chuadanga,2023,8,Minimum,1,180
Chuadanga,2023,9,Maximum,2.5,90
Chuadanga,2023,9,Minimum,1,90
Chuadanga,2023,10,Maximum,1.5,180
Chuadanga,2023,10,Minimum,1,130
Chuadanga,2023,11,Maximum,2.5,90
Chuadanga,2023,11,Minimum,1,360
Chuadanga,2023,12,Maximum,1.5,360
Chuadanga,2023,12,Minimum,1,360
Chuadanga,2024,1,Maximum,2,360
Chuadanga,2024,1,Minimum,1,310
Chuadanga,2024,2,Maximum,2,150
Chuadanga,2024,2,Minimum,1,340
Chuadanga,2024,3,Maximum,2,310
Chuadanga,2024,3,Minimum,1,270
Chuadanga,2024,4,Maximum,2.5,250
Chuadanga,2024,4,Minimum,1,200
Chuadanga,2024,5,Maximum,7,50
Chuadanga,2024,5,Minimum,1,180
Chuadanga,2024,6,Maximum,2.5,310
Chuadanga,2024,6,Minimum,1,180
Chuadanga,2024,7,Maximum,2.5,180
Chuadanga,2024,7,Minimum,1,180
Comilla,2011,1,Maximum,10,180
Comilla,2011,2,Maximum,6,180
Comilla,2011,3,Maximum,18,270
Comilla,2011,4,Maximum,7,310
Comilla,2011,5,Maximum,5,180
Comilla,2011,6,Maximum,6,180
Comilla,2011,7,Maximum,6,180
Comilla,2011,8,Maximum,6,180
Comilla,2011,9,Maximum,8,180
Comilla,2011,10,Maximum,5,360
Comilla,2011,11,Maximum,3,360
Comilla,2011,12,Maximum,4,360
Comilla,2012,1,Maximum,4,310
Comilla,2012,2,Maximum,4,310
Comilla,2012,3,Maximum,7,180
Comilla,2012,4,Maximum,12,50
Comilla,2012,5,Maximum,13,180
Comilla,2012,6,Maximum,8,180
Comilla,2012,7,Maximum,8,180
Comilla,2012,8,Maximum,5,180
Comilla,2012,9,Maximum,5,180
Comilla,2012,10,Maximum,16,230
Comilla,2012,11,Maximum,4,360
Comilla,2012,12,Maximum,4,50
Comilla,2013,1,Maximum,7,310
Comilla,2013,2,Maximum,8,330
Comilla,2013,3,Maximum,6,220
Comilla,2013,4,Maximum,15,310
Comilla,2013,5,Maximum,13,40
Comilla,2013,6,Maximum,12,180
Comilla,2013,7,Maximum,9,180
Comilla,2013,8,Maximum,9,130
Comilla,2013,9,Maximum,8,180
Comilla,2013,10,Maximum,9,180
Comilla,2013,11,Maximum,4,360
Comilla,2013,12,Maximum,4,310
Comilla,2014,1,Maximum,5,290
Comilla,2014,2,Maximum,9,360
Comilla,2014,3,Maximum,7,310
Comilla,2014,4,Maximum,14,50
Comilla,2014,5,Maximum,10,220
Comilla,2014,6,Maximum,8,180
Comilla,2014,7,Maximum,8,140
Comilla,2014,8,Maximum,7,180
Comilla,2014,9,Maximum,5,180
Comilla,2014,10,Maximum,4,310
Comilla,2014,11,Maximum,3,310
Comilla,2014,12,Maximum,4,310
Comilla,2015,1,Maximum,6,310
Comilla,2015,1,Minimum,1,330
Comilla,2015,2,Maximum,5,310
Comilla,2015,2,Minimum,1,360
Comilla,2015,3,Maximum,8,360
Comilla,2015,3,Minimum,1,320
Comilla,2015,4,Maximum,13,350
Comilla,2015,4,Minimum,1,350
Comilla,2015,5,Maximum,18,80
Comilla,2015,5,Minimum,1,180
Comilla,2015,6,Maximum,14,180
Comilla,2015,6,Minimum,1,180
Comilla,2015,7,Maximum,12,50
Comilla,2015,7,Minimum,1,130
Comilla,2015,8,Maximum,15,180
Comilla,2015,8,Minimum,1,130
Comilla,2015,9,Maximum,7,270
Comilla,2015,9,Minimum,1,210
Comilla,2015,10,Maximum,4,30
Comilla,2015,10,Minimum,1,180
Comilla,2015,11,Maximum,5,310
Comilla,2015,11,Minimum,1,200
Comilla,2015,12,Maximum,8,360
Comilla,2015,12,Minimum,1,310
Comilla,2016,1,Maximum,7,310
Comilla,2016,1,Minimum,1,40
Comilla,2016,2,Maximum,6,270
Comilla,2016,2,Minimum,1,50
Comilla,2016,3,Maximum,18,310
Comilla,2016,3,Minimum,1,180
Comilla,2016,4,Maximum,16,200
Comilla,2016,4,Minimum,1,180
Comilla,2016,5,Maximum,18,50
Comilla,2016,5,Minimum,1,130
Comilla,2016,6,Maximum,12,180
Comilla,2016,6,Minimum,1,350
Comilla,2016,7,Maximum,12,230
Comilla,2016,7,Minimum,1,180
Comilla,2016,8,Maximum,14,130
Comilla,2016,8,Minimum,1,180
Comilla,2016,9,Maximum,9,130
Comilla,2016,9,Minimum,1,160
Comilla,2016,10,Maximum,8,190
Comilla,2016,10,Minimum,1,90
Comilla,2016,11,Maximum,12,50
Comilla,2016,11,Minimum,1,40
Comilla,2016,12,Maximum,4,310
Comilla,2016,12,Minimum,1,300
Comilla,2017,1,Maximum,9,310
Comilla,2017,1,Minimum,1,280
Comilla,2017,2,Maximum,9,160
Comilla,2017,2,Minimum,1,310
Comilla,2017,3,Maximum,9,160
Comilla,2017,3,Minimum,1,360
Comilla,2017,4,Maximum,16,180
Comilla,2017,4,Minimum,1,180
Comilla,2017,5,Maximum,13,180
Comilla,2017,5,Minimum,1,120
Comilla,2017,6,Maximum,11,180
Comilla,2017,6,Minimum,1,150
Comilla,2017,7,Maximum,12,180
Comilla,2017,7,Minimum,1,310
Comilla,2017,8,Maximum,13,180
Comilla,2017,8,Minimum,1,140
Comilla,2017,9,Maximum,5,210
Comilla,2017,9,Minimum,1,180
Comilla,2017,10,Maximum,11,210
Comilla,2017,10,Minimum,1,310
Comilla,2017,11,Maximum,5,340
Comilla,2017,11,Minimum,1,360
Comilla,2017,12,Maximum,5,50
Comilla,2017,12,Minimum,1,70
Comilla,2018,1,Maximum,6,360
Comilla,2018,1,Minimum,1,310
Comilla,2018,2,Maximum,14,310
Comilla,2018,2,Minimum,1,220
Comilla,2018,3,Maximum,8,360
Comilla,2018,3,Minimum,1,190
Comilla,2018,4,Maximum,16,180
Comilla,2018,4,Minimum,1,180
Comilla,2018,5,Maximum,12,180
Comilla,2018,5,Minimum,1,220
Comilla,2018,6,Maximum,12,180
Comilla,2018,6,Minimum,1,360
Comilla,2018,7,Maximum,13,180
Comilla,2018,7,Minimum,1,100
Comilla,2018,8,Maximum,9,180
Comilla,2018,8,Minimum,1,150
Comilla,2018,9,Maximum,12,180
Comilla,2018,9,Minimum,1,120
Comilla,2018,10,Maximum,8,90
Comilla,2018,10,Minimum,1,90
Comilla,2018,11,Maximum,5,50
Comilla,2018,11,Minimum,1,230
Comilla,2018,12,Maximum,5,320
Comilla,2018,12,Minimum,1,340
Comilla,2019,1,Maximum,3,310
Comilla,2019,1,Minimum,1,20
Comilla,2019,2,Maximum,6,360
Comilla,2019,2,Minimum,1,200
Comilla,2019,3,Maximum,4,310
Comilla,2019,3,Minimum,1,140
Comilla,2019,4,Maximum,7.5,50
Comilla,2019,4,Minimum,1,180
Comilla,2019,5,Maximum,8.5,210
Comilla,2019,5,Minimum,1,180
Comilla,2019,6,Maximum,4.5,180
Comilla,2019,6,Minimum,1,160
Comilla,2019,7,Maximum,6,180
Comilla,2019,7,Minimum,1,130
Comilla,2019,8,Maximum,4.5,210
Comilla,2019,8,Minimum,1,180
Comilla,2019,9,Maximum,3,130
Comilla,2019,9,Minimum,1,180
Comilla,2019,10,Maximum,4,50
Comilla,2019,10,Minimum,1,310
Comilla,2019,11,Maximum,4,90
Comilla,2019,11,Minimum,1,360
Comilla,2019,12,Maximum,2.5,360
Comilla,2019,12,Minimum,1,360
Comilla,2020,1,Maximum,2,310
Comilla,2020,1,Minimum,1,50
Comilla,2020,2,Maximum,2,280
Comilla,2020,2,Minimum,1,360
Comilla,2020,3,Maximum,8,300
Comilla,2020,3,Minimum,1,50
Comilla,2020,4,Maximum,6,90
Comilla,2020,4,Minimum,1,360
Comilla,2020,5,Maximum,9,180
Comilla,2020,5,Minimum,1,200
Comilla,2020,6,Maximum,5,180
Comilla,2020,6,Minimum,1,180
Comilla,2020,7,Maximum,5.5,180
Comilla,2020,7,Minimum,1,220
Comilla,2020,8,Maximum,6,180
Comilla,2020,8,Minimum,1,130
Comilla,2020,9,Maximum,3.5,180
Comilla,2020,9,Minimum,1,140
Comilla,2020,10,Maximum,2.5,130
Comilla,2020,10,Minimum,1,90
Comilla,2020,11,Minimum,1,280
Comilla,2020,12,Minimum,1,50
Comilla,2021,1,Maximum,2,50
Comilla,2021,1,Minimum,1,310
Comilla,2021,2,Maximum,2.5,330
Comilla,2021,2,Minimum,1,50
Comilla,2021,3,Maximum,6,180
Comilla,2021,3,Minimum,1,220
Comilla,2021,4,Maximum,6,310
Comilla,2021,4,Minimum,1,50
Comilla,2021,5,Maximum,4,190
Comilla,2021,5,Minimum,1,50
Comilla,2021,6,Maximum,5,190
Comilla,2021,6,Minimum,1,180
Comilla,2021,7,Maximum,4,130
Comilla,2021,7,Minimum,1,160
Comilla,2021,8,Maximum,3,160
Comilla,2021,8,Minimum,1,90
Comilla,2021,9,Maximum,2.5,120
Comilla,2021,9,Minimum,1,180
Comilla,2021,10,Maximum,2.5,210
Comilla,2021,10,Minimum,1,360
Comilla,2021,11,Maximum,2,360
Comilla,2021,11,Minimum,1,40
Comilla,2021,12,Maximum,3,70
Comilla,2021,12,Minimum,1,50
Comilla,2022,1,Maximum,2,360
Comilla,2022,1,Minimum,1,270
Comilla,2022,2,Maximum,4.5,300
Comilla,2022,2,Minimum,1,160
Comilla,2022,3,Maximum,4,200
Comilla,2022,3,Minimum,1,230
Comilla,2022,4,Maximum,5.5,180
Comilla,2022,4,Minimum,1,180
Comilla,2022,5,Maximum,6,310
Comilla,2022,5,Minimum,1,180
Comilla,2022,6,Maximum,6,310
Comilla,2022,6,Minimum,1,160
Comilla,2022,7,Maximum,2.5,130
Comilla,2022,7,Minimum,1,90
Comilla,2022,8,Maximum,3.5,120
Comilla,2022,8,Minimum,1,90
Comilla,2022,9,Maximum,4,150
Comilla,2022,9,Minimum,1,180
Comilla,2022,10,Maximum,9,70
Comilla,2022,10,Minimum,1,90
Comilla,2022,11,Maximum,2,30
Comilla,2022,11,Minimum,1,340
Comilla,2022,12,Maximum,2,280
Comilla,2022,12,Minimum,1,340
Comilla,2023,1,Maximum,2,290
Comilla,2023,1,Minimum,1,50
Comilla,2023,2,Maximum,3,270
Comilla,2023,2,Minimum,1,270
Comilla,2023,3,Maximum,3,180
Comilla,2023,3,Minimum,1,200
Comilla,2023,4,Maximum,5.5,90
Comilla,2023,4,Minimum,1,50
Comilla,2023,5,Maximum,3.5,190
Comilla,2023,5,Minimum,1,50
Comilla,2023,6,Maximum,6,180
Comilla,2023,6,Minimum,1,180
Comilla,2023,7,Maximum,5,180
Comilla,2023,7,Minimum,1,180
Comilla,2023,8,Maximum,3.5,210
Comilla,2023,8,Minimum,1,220
Comilla,2023,9,Maximum,5,130
Comilla,2023,9,Minimum,1,150
Comilla,2023,10,Maximum,2.5,180
Comilla,2023,10,Minimum,1,180
Comilla,2023,11,Maximum,4,80
Comilla,2023,11,Minimum,1,40
Comilla,2023,12,Maximum,1.5,300
Comilla,2023,12,Minimum,1,80
Comilla,2024,1,Maximum,16.5,20
Comilla,2024,1,Minimum,1,360
Comilla,2024,2,Maximum,4,70
Comilla,2024,2,Minimum,1,310
Comilla,2024,3,Maximum,3.5,350
Comilla,2024,3,Minimum,1,270
Comilla,2024,4,Maximum,6.5,180
Comilla,2024,4,Minimum,1,180
Comilla,2024,5,Maximum,7.5,180
Comilla,2024,5,Minimum,1,60
Cox's Bazar,2011,1,Maximum,10,330
Cox's Bazar,2011,2,Maximum,12,340
Cox's Bazar,2011,3,Maximum,12,160
Cox's Bazar,2011,4,Maximum,8,330
Cox's Bazar,2011,5,Maximum,16,180
Cox's Bazar,2011,6,Maximum,12,120
Cox's Bazar,2011,7,Maximum,9,240
Cox's Bazar,2011,8,Maximum,10,200
Cox's Bazar,2011,9,Maximum,8,170
Cox's Bazar,2011,10,Maximum,15,40
Cox's Bazar,2011,11,Maximum,5,50
Cox's Bazar,2011,12,Maximum,4,330
Cox's Bazar,2012,1,Maximum,10,330
Cox's Bazar,2012,2,Maximum,8,330
Cox's Bazar,2012,3,Maximum,6,330
Cox's Bazar,2012,4,Maximum,12,170
Cox's Bazar,2012,5,Maximum,10,360
Cox's Bazar,2012,6,Maximum,12,180
Cox's Bazar,2012,7,Maximum,10,180
Cox's Bazar,2012,8,Maximum,10,180
Cox's Bazar,2012,9,Maximum,12,210
Cox's Bazar,2012,10,Maximum,10,330
Cox's Bazar,2012,11,Maximum,10,30
Cox's Bazar,2012,12,Maximum,12,30
Cox's Bazar,2013,1,Maximum,10,350
Cox's Bazar,2013,2,Maximum,15,30
Cox's Bazar,2013,3,Maximum,8,330
Cox's Bazar,2013,4,Maximum,13,360
Cox's Bazar,2013,5,Maximum,12,180
Cox's Bazar,2013,6,Maximum,12,180
Cox's Bazar,2013,7,Maximum,6,180
Cox's Bazar,2013,8,Maximum,12,180
Cox's Bazar,2013,9,Maximum,8,180
Cox's Bazar,2013,10,Maximum,12,150
Cox's Bazar,2013,11,Maximum,4,300
Cox's Bazar,2013,12,Maximum,5,360
Cox's Bazar,2014,1,Maximum,7,330
Cox's Bazar,2014,2,Maximum,10,360
Cox's Bazar,2014,3,Maximum,8,360
Cox's Bazar,2014,4,Maximum,6,300
Cox's Bazar,2014,5,Maximum,10,180
Cox's Bazar,2014,6,Maximum,15,180
Cox's Bazar,2014,7,Maximum,15,180
Cox's Bazar,2014,8,Maximum,8,180
Cox's Bazar,2014,9,Maximum,8,180
Cox's Bazar,2014,10,Maximum,12,180
Cox's Bazar,2014,11,Maximum,4,270
Cox's Bazar,2014,12,Maximum,7,330
Cox's Bazar,2015,1,Maximum,7,360
Cox's Bazar,2015,1,Minimum,2,330
Cox's Bazar,2015,2,Maximum,8,360
Cox's Bazar,2015,2,Minimum,2,330
Cox's Bazar,2015,3,Maximum,8,360
Cox's Bazar,2015,3,Minimum,2,360
Cox's Bazar,2015,4,Maximum,10,90
Cox's Bazar,2015,4,Minimum,2,180
Cox's Bazar,2015,5,Maximum,12,170
Cox's Bazar,2015,5,Minimum,2,180
Cox's Bazar,2015,6,Maximum,10,180
Cox's Bazar,2015,6,Minimum,2,120
Cox's Bazar,2015,7,Maximum,15,120
Cox's Bazar,2015,7,Minimum,2,120
Cox's Bazar,2015,8,Maximum,10,160
Cox's Bazar,2015,8,Minimum,1,180
Cox's Bazar,2015,9,Maximum,8,180
Cox's Bazar,2015,9,Minimum,2,120
Cox's Bazar,2015,10,Maximum,8,180
Cox's Bazar,2015,10,Minimum,2,150
Cox's Bazar,2015,11,Maximum,4,330
Cox's Bazar,2015,11,Minimum,2,10
Cox's Bazar,2015,12,Maximum,5,360
Cox's Bazar,2015,12,Minimum,2,30
Cox's Bazar,2016,1,Maximum,7,330
Cox's Bazar,2016,1,Minimum,2,360
Cox's Bazar,2016,2,Maximum,6,180
Cox's Bazar,2016,2,Minimum,2,360
Cox's Bazar,2016,3,Maximum,6,300
Cox's Bazar,2016,3,Minimum,2,30
Cox's Bazar,2016,4,Maximum,20,330
Cox's Bazar,2016,4,Minimum,2,150
Cox's Bazar,2016,5,Maximum,20,190
Cox's Bazar,2016,5,Minimum,2,160
Cox's Bazar,2016,6,Maximum,12,150
Cox's Bazar,2016,6,Minimum,2,150
Cox's Bazar,2016,7,Maximum,10,160
Cox's Bazar,2016,7,Minimum,2,120
Cox's Bazar,2016,8,Maximum,12,150
Cox's Bazar,2016,8,Minimum,2,150
Cox's Bazar,2016,9,Maximum,12,100
Cox's Bazar,2016,9,Minimum,2,120
Cox's Bazar,2016,10,Maximum,8,170
Cox's Bazar,2016,10,Minimum,2,210
Cox's Bazar,2016,11,Maximum,12,180
Cox's Bazar,2016,11,Minimum,2,30
Cox's Bazar,2016,12,Maximum,10,30
Cox's Bazar,2016,12,Minimum,2,360
Cox's Bazar,2017,1,Maximum,12,350
Cox's Bazar,2017,1,Minimum,2,360
Cox's Bazar,2017,2,Maximum,10,350
Cox's Bazar,2017,2,Minimum,2,30
Cox's Bazar,2017,3,Maximum,12,150
Cox's Bazar,2017,3,Minimum,2,180
Cox's Bazar,2017,4,Maximum,14,360
Cox's Bazar,2017,4,Minimum,2,150
Cox's Bazar,2017,5,Maximum,30,30
Cox's Bazar,2017,5,Minimum,2,160
Cox's Bazar,2017,6,Maximum,35,150
Cox's Bazar,2017,6,Minimum,2,120
Cox's Bazar,2017,7,Maximum,15,150
Cox's Bazar,2017,7,Minimum,2,150
Cox's Bazar,2017,8,Maximum,10,180
Cox's Bazar,2017,8,Minimum,2,150
Cox's Bazar,2017,9,Maximum,10,180
Cox's Bazar,2017,9,Minimum,2,150
Cox's Bazar,2017,10,Maximum,18,150
Cox's Bazar,2017,10,Minimum,2,180
Cox's Bazar,2017,11,Maximum,10,360
Cox's Bazar,2017,11,Minimum,2,360
Cox's Bazar,2017,12,Maximum,9,360
Cox's Bazar,2017,12,Minimum,2,30
Cox's Bazar,2018,1,Maximum,12,360
Cox's Bazar,2018,1,Minimum,2,360
Cox's Bazar,2018,2,Maximum,12,360
Cox's Bazar,2018,2,Minimum,2,360
Cox's Bazar,2018,3,Maximum,12,360
Cox's Bazar,2018,3,Minimum,2,360
Cox's Bazar,2018,4,Maximum,15,360
Cox's Bazar,2018,4,Minimum,2,120
Cox's Bazar,2018,5,Maximum,15,330
Cox's Bazar,2018,5,Minimum,2,150
Cox's Bazar,2018,6,Maximum,15,180
Cox's Bazar,2018,6,Minimum,2,150
Cox's Bazar,2018,7,Maximum,12,120
Cox's Bazar,2018,7,Minimum,2,180
Cox's Bazar,2018,8,Maximum,12,180
Cox's Bazar,2018,8,Minimum,2,150
Cox's Bazar,2018,9,Maximum,21,60
Cox's Bazar,2018,9,Minimum,2,180
Cox's Bazar,2018,10,Maximum,10,330
Cox's Bazar,2018,10,Minimum,2,180
Cox's Bazar,2018,11,Maximum,9,330
Cox's Bazar,2018,11,Minimum,2,30
Cox's Bazar,2018,12,Maximum,10,300
Cox's Bazar,2018,12,Minimum,2,360
Cox's Bazar,2019,1,Maximum,6,330
Cox's Bazar,2019,1,Minimum,2,30
Cox's Bazar,2019,2,Maximum,7.5,360
Cox's Bazar,2019,2,Minimum,2,360
Cox's Bazar,2019,3,Maximum,5,150
Cox's Bazar,2019,3,Minimum,2,360
Cox's Bazar,2019,4,Maximum,6,360
Cox's Bazar,2019,4,Minimum,2,360
Cox's Bazar,2019,5,Maximum,7,180
Cox's Bazar,2019,5,Minimum,2,210
Cox's Bazar,2019,6,Maximum,7.5,40
Cox's Bazar,2019,6,Minimum,2,180
Cox's Bazar,2019,7,Maximum,7.5,150
Cox's Bazar,2019,7,Minimum,2,180
Cox's Bazar,2019,8,Maximum,5,150
Cox's Bazar,2019,8,Minimum,2,120
Cox's Bazar,2019,9,Maximum,6,180
Cox's Bazar,2019,9,Minimum,2,120
Cox's Bazar,2019,10,Maximum,3.5,300
Cox's Bazar,2019,10,Minimum,2,210
Cox's Bazar,2019,11,Maximum,5,150
Cox's Bazar,2019,11,Minimum,2,360
Cox's Bazar,2019,12,Maximum,18,20
Cox's Bazar,2019,12,Minimum,2,360
Cox's Bazar,2020,1,Maximum,5,360
Cox's Bazar,2020,1,Minimum,2,360
Cox's Bazar,2020,2,Maximum,5.5,360
Cox's Bazar,2020,2,Minimum,2,360
Cox's Bazar,2020,3,Maximum,5,360
Cox's Bazar,2020,3,Minimum,2,360
Cox's Bazar,2020,4,Maximum,6,360
Cox's Bazar,2020,4,Minimum,2,120
Cox's Bazar,2020,5,Maximum,15,180
Cox's Bazar,2020,5,Minimum,2,180
Cox's Bazar,2020,6,Maximum,5,180
Cox's Bazar,2020,6,Minimum,2,90
Cox's Bazar,2020,7,Maximum,5,180
Cox's Bazar,2020,7,Minimum,2,150
Cox's Bazar,2020,8,Maximum,5,150
Cox's Bazar,2020,8,Minimum,2,120
Cox's Bazar,2020,9,Maximum,5,180
Cox's Bazar,2020,9,Minimum,2,120
Cox's Bazar,2020,10,Maximum,6,30
Cox's Bazar,2020,10,Minimum,2,360
Cox's Bazar,2020,11,Maximum,4.5,360
Cox's Bazar,2020,11,Minimum,2,360
Cox's Bazar,2020,12,Maximum,5,360
Cox's Bazar,2020,12,Minimum,2,360
Cox's Bazar,2021,1,Maximum,6,300
Cox's Bazar,2021,1,Minimum,2,360
Cox's Bazar,2021,2,Maximum,5,360
Cox's Bazar,2021,2,Minimum,2,360
Cox's Bazar,2021,3,Maximum,5,180
Cox's Bazar,2021,3,Minimum,2,210
Cox's Bazar,2021,4,Maximum,7.5,330
Cox's Bazar,2021,4,Minimum,2,10
Cox's Bazar,2021,5,Maximum,5,130
Cox's Bazar,2021,5,Minimum,2,180
Cox's Bazar,2021,6,Maximum,6,150
Cox's Bazar,2021,6,Minimum,2,180
Cox's Bazar,2021,7,Maximum,7.5,180
Cox's Bazar,2021,7,Minimum,2,180
Cox's Bazar,2021,8,Maximum,4,170
Cox's Bazar,2021,8,Minimum,2,30
Cox's Bazar,2021,9,Maximum,6,150
Cox's Bazar,2021,9,Minimum,2,150
Cox's Bazar,2021,10,Maximum,6.5,150
Cox's Bazar,2021,10,Minimum,2,330
Cox's Bazar,2021,11,Maximum,6,300
Cox's Bazar,2021,11,Minimum,2,360
Cox's Bazar,2021,12,Maximum,7,330
Cox's Bazar,2021,12,Minimum,2,360
Cox's Bazar,2022,1,Maximum,5,330
Cox's Bazar,2022,1,Minimum,2,360
Cox's Bazar,2022,2,Maximum,7.5,360
Cox's Bazar,2022,2,Minimum,2,330
Cox's Bazar,2022,3,Maximum,7,300
Cox's Bazar,2022,3,Minimum,2,360
Cox's Bazar,2022,4,Maximum,5,180
Cox's Bazar,2022,4,Minimum,2,150
Cox's Bazar,2022,5,Maximum,7.5,330
Cox's Bazar,2022,5,Minimum,2,150
Cox's Bazar,2022,6,Maximum,6,180
Cox's Bazar,2022,6,Minimum,2,30
Cox's Bazar,2022,7,Maximum,5,150
Cox's Bazar,2022,7,Minimum,2,150
Cox's Bazar,2022,8,Maximum,6,150
Cox's Bazar,2022,8,Minimum,1,150
Cox's Bazar,2022,9,Maximum,6,150
Cox's Bazar,2022,9,Minimum,2,90
Cox's Bazar,2022,10,Maximum,10,150
Cox's Bazar,2022,10,Minimum,2,150
Cox's Bazar,2022,11,Maximum,5,330
Cox's Bazar,2022,11,Minimum,2,30
Cox's Bazar,2022,12,Maximum,4,360
Cox's Bazar,2022,12,Minimum,2,360
Cox's Bazar,2023,1,Maximum,5,300
Cox's Bazar,2023,1,Minimum,2,360
Cox's Bazar,2023,2,Maximum,6,330
Cox's Bazar,2023,2,Minimum,2,30
Cox's Bazar,2023,3,Maximum,6,330
Cox's Bazar,2023,3,Minimum,2,120
Cox's Bazar,2023,4,Maximum,6,270
Cox's Bazar,2023,4,Minimum,2,210
Cox's Bazar,2023,5,Maximum,9,330
Cox's Bazar,2023,5,Minimum,2,330
Cox's Bazar,2023,6,Maximum,7.5,250
Cox's Bazar,2023,6,Minimum,2,30
Cox's Bazar,2023,7,Maximum,5,180
Cox's Bazar,2023,7,Minimum,2,150
Cox's Bazar,2023,8,Maximum,5,180
Cox's Bazar,2023,8,Minimum,2,150
Cox's Bazar,2023,9,Maximum,4.5,180
Cox's Bazar,2023,9,Minimum,3,330
Cox's Bazar,2023,10,Maximum,5.5,150
Cox's Bazar,2023,10,Minimum,2,150
Cox's Bazar,2023,11,Maximum,6,150
Cox's Bazar,2023,11,Minimum,2,30
Cox's Bazar,2023,12,Maximum,5,360
Cox's Bazar,2023,12,Minimum,2,300
Cox's Bazar,2024,1,Maximum,5,280
Cox's Bazar,2024,1,Minimum,2,330
Cox's Bazar,2024,2,Maximum,7.5,330
Cox's Bazar,2024,2,Minimum,2,30
Cox's Bazar,2024,3,Maximum,5,330
Cox's Bazar,2024,3,Minimum,2,360
Cox's Bazar,2024,4,Maximum,5.5,360
Cox's Bazar,2024,4,Minimum,2,150
Cox's Bazar,2024,5,Maximum,13.5,180
Cox's Bazar,2024,5,Minimum,2,90
Cox's Bazar,2024,6,Maximum,6,180
Cox's Bazar,2024,6,Minimum,2,90
Dhaka,2011,1,Maximum,6,230
Dhaka,2011,2,Maximum,6,320
Dhaka,2011,3,Maximum,12,180
Dhaka,2011,4,Maximum,8,320
Dhaka,2011,5,Maximum,10,360
Dhaka,2011,6,Maximum,12,90
Dhaka,2011,7,Maximum,5,130
Dhaka,2011,8,Maximum,5,130
Dhaka,2011,9,Maximum,8,180
Dhaka,2011,10,Maximum,4,360
Dhaka,2011,11,Maximum,4,270
Dhaka,2011,12,Maximum,5,360
Dhaka,2012,1,Maximum,6,270
Dhaka,2012,2,Maximum,9,270
Dhaka,2012,3,Maximum,8,270
Dhaka,2012,4,Maximum,10,360
Dhaka,2012,5,Maximum,12,160
Dhaka,2012,6,Maximum,12,180
Dhaka,2012,7,Maximum,6,120
Dhaka,2012,8,Maximum,6,90
Dhaka,2012,9,Maximum,5,130
Dhaka,2012,10,Maximum,3,180
Dhaka,2012,11,Maximum,4,270
Dhaka,2012,12,Maximum,5,90
Dhaka,2013,1,Maximum,4,270
Dhaka,2013,2,Maximum,6,270
Dhaka,2013,3,Maximum,8,270
Dhaka,2013,4,Maximum,7,130
Dhaka,2013,5,Maximum,10,120
Dhaka,2013,6,Maximum,10,130
Dhaka,2013,7,Maximum,7,130
Dhaka,2013,8,Maximum,7,130
Dhaka,2013,9,Maximum,5,130
Dhaka,2013,10,Maximum,8,110
Dhaka,2013,11,Maximum,3,360
Dhaka,2013,12,Maximum,4,360
Dhaka,2014,1,Maximum,7,270
Dhaka,2014,2,Maximum,8,270
Dhaka,2014,3,Maximum,6,360
Dhaka,2014,4,Maximum,18,360
Dhaka,2014,5,Maximum,10,200
Dhaka,2014,6,Maximum,6,180
Dhaka,2014,7,Maximum,5,130
Dhaka,2014,8,Maximum,9,300
Dhaka,2014,9,Maximum,5,230
Dhaka,2014,10,Maximum,7,60
Dhaka,2014,11,Maximum,3,270
Dhaka,2014,12,Maximum,4,270
Dhaka,2015,1,Maximum,4,340
Dhaka,2015,1,Minimum,1,360
Dhaka,2015,2,Maximum,6,240
Dhaka,2015,2,Minimum,1,310
Dhaka,2015,3,Maximum,10,130
Dhaka,2015,3,Minimum,1,270
Dhaka,2015,4,Maximum,10,240
Dhaka,2015,4,Minimum,1,90
Dhaka,2015,5,Maximum,8,360
Dhaka,2015,5,Minimum,1,180
Dhaka,2015,6,Maximum,12,270
Dhaka,2015,6,Minimum,1,90
Dhaka,2015,7,Maximum,8,340
Dhaka,2015,7,Minimum,1,50
Dhaka,2015,8,Maximum,9,230
Dhaka,2015,8,Minimum,1,180
Dhaka,2015,9,Maximum,8,140
Dhaka,2015,9,Minimum,1,180
Dhaka,2015,10,Maximum,4,90
Dhaka,2015,10,Minimum,1,180
Dhaka,2015,11,Maximum,3,360
Dhaka,2015,11,Minimum,2,60
Dhaka,2015,12,Maximum,6,330
Dhaka,2015,12,Minimum,2,230
Dhaka,2016,1,Maximum,10,270
Dhaka,2016,1,Minimum,2,310
Dhaka,2016,2,Maximum,9,190
Dhaka,2016,2,Minimum,2,360
Dhaka,2016,3,Maximum,8,330
Dhaka,2016,3,Minimum,1,180
Dhaka,2016,4,Maximum,8,210
Dhaka,2016,4,Minimum,2,130
Dhaka,2016,5,Maximum,12,60
Dhaka,2016,5,Minimum,2,90
Dhaka,2016,6,Maximum,5,80
Dhaka,2016,6,Minimum,2,180
Dhaka,2016,7,Maximum,6,130
Dhaka,2016,7,Minimum,2,130
Dhaka,2016,8,Maximum,5,130
Dhaka,2016,8,Minimum,1,130
Dhaka,2016,9,Maximum,3,90
Dhaka,2016,9,Minimum,2,180
Dhaka,2016,10,Maximum,5,60
Dhaka,2016,10,Minimum,2,180
Dhaka,2016,11,Maximum,5,10
Dhaka,2016,11,Minimum,2,310
Dhaka,2016,12,Maximum,3,310
Dhaka,2016,12,Minimum,2,270
Dhaka,2017,1,Maximum,5,270
Dhaka,2017,1,Minimum,1,20
Dhaka,2017,2,Maximum,4,180
Dhaka,2017,2,Minimum,1,310
Dhaka,2017,3,Maximum,6,170
Dhaka,2017,3,Minimum,1,190
Dhaka,2017,4,Maximum,20,320
Dhaka,2017,4,Minimum,1,180
Dhaka,2017,5,Maximum,14,360
Dhaka,2017,5,Minimum,1,90
Dhaka,2017,6,Maximum,8,270
Dhaka,2017,6,Minimum,1,180
Dhaka,2017,7,Maximum,5,180
Dhaka,2017,7,Minimum,1,210
Dhaka,2017,8,Maximum,8,270
Dhaka,2017,8,Minimum,1,300
Dhaka,2017,9,Maximum,8,270
Dhaka,2017,9,Minimum,1,180
Dhaka,2017,10,Maximum,8,270
Dhaka,2017,10,Minimum,1,190
Dhaka,2017,11,Maximum,5,360
Dhaka,2017,11,Minimum,2,310
Dhaka,2017,12,Maximum,4,50
Dhaka,2017,12,Minimum,2,60
Dhaka,2018,1,Maximum,5,330
Dhaka,2018,1,Minimum,2,360
Dhaka,2018,2,Maximum,14,360
Dhaka,2018,2,Minimum,2,90
Dhaka,2018,3,Maximum,6,80
Dhaka,2018,3,Minimum,2,360
Dhaka,2018,4,Maximum,15,330
Dhaka,2018,4,Minimum,2,220
Dhaka,2018,5,Maximum,9,90
Dhaka,2018,5,Minimum,2,270
Dhaka,2018,6,Maximum,8,270
Dhaka,2018,6,Minimum,2,180
Dhaka,2018,7,Maximum,8,180
Dhaka,2018,7,Minimum,2,180
Dhaka,2018,8,Maximum,6,90
Dhaka,2018,8,Minimum,2,90
Dhaka,2018,9,Maximum,12,90
Dhaka,2018,9,Minimum,2,180
Dhaka,2018,10,Maximum,7,130
Dhaka,2018,10,Minimum,2,130
Dhaka,2018,11,Maximum,5,100
Dhaka,2018,11,Minimum,2,180
Dhaka,2018,12,Maximum,8,50
Dhaka,2018,12,Minimum,2,50
Dhaka,2019,1,Maximum,2.5,310
Dhaka,2019,1,Minimum,2,60
Dhaka,2019,2,Maximum,4,10
Dhaka,2019,2,Minimum,2,330
Dhaka,2019,3,Maximum,5,300
Dhaka,2019,3,Minimum,2,240
Dhaka,2019,4,Maximum,5,180
Dhaka,2019,4,Minimum,2,180
Dhaka,2019,5,Maximum,9,330
Dhaka,2019,5,Minimum,2,180
Dhaka,2019,6,Maximum,6,50
Dhaka,2019,6,Minimum,2,50
Dhaka,2019,7,Maximum,5,90
Dhaka,2019,7,Minimum,2,170
Dhaka,2019,8,Maximum,4,150
Dhaka,2019,8,Minimum,2,60
Dhaka,2019,9,Maximum,3,50
Dhaka,2019,9,Minimum,2,160
Dhaka,2019,10,Maximum,5,360
Dhaka,2019,10,Minimum,2,240
Dhaka,2019,11,Maximum,4.5,50
Dhaka,2019,11,Minimum,2,360
Dhaka,2019,12,Maximum,2.5,320
Dhaka,2019,12,Minimum,2,60
Dhaka,2020,1,Maximum,3.5,50
Dhaka,2020,1,Minimum,2,270
Dhaka,2020,2,Maximum,2.5,30
Dhaka,2020,2,Minimum,2,260
Dhaka,2020,3,Maximum,4,350
Dhaka,2020,3,Minimum,2,310
Dhaka,2020,4,Maximum,4.5,360
Dhaka,2020,4,Minimum,2,90
Dhaka,2020,5,Maximum,7.5,50
Dhaka,2020,5,Minimum,2,90
Dhaka,2020,6,Maximum,10,60
Dhaka,2020,6,Minimum,2,180
Dhaka,2020,7,Maximum,5,180
Dhaka,2020,7,Minimum,2,180
Dhaka,2020,8,Maximum,3.5,170
Dhaka,2020,8,Minimum,2,180
Dhaka,2020,9,Maximum,4,50
Dhaka,2020,9,Minimum,2,230
Dhaka,2020,10,Maximum,2.5,130
Dhaka,2020,10,Minimum,2,180
Dhaka,2020,11,Maximum,3,270
Dhaka,2020,11,Minimum,2,60
Dhaka,2020,12,Maximum,2,270
Dhaka,2020,12,Minimum,2,340
Dhaka,2021,1,Maximum,2.5,330
Dhaka,2021,1,Minimum,2,320
Dhaka,2021,2,Maximum,2.5,220
Dhaka,2021,2,Minimum,2,310
Dhaka,2021,3,Maximum,3,200
Dhaka,2021,3,Minimum,2,180
Dhaka,2021,4,Maximum,4.5,30
Dhaka,2021,4,Minimum,2,210
Dhaka,2021,5,Maximum,3.5,60
Dhaka,2021,5,Minimum,2,300
Dhaka,2021,6,Maximum,4,310
Dhaka,2021,6,Minimum,2,180
Dhaka,2021,7,Maximum,4.5,90
Dhaka,2021,7,Minimum,1,180
Dhaka,2021,8,Maximum,3.5,250
Dhaka,2021,8,Minimum,1,180
Dhaka,2021,9,Maximum,2.5,60
Dhaka,2021,9,Minimum,2,230
Dhaka,2021,10,Maximum,3,60
Dhaka,2021,10,Minimum,2,240
Dhaka,2021,11,Maximum,2,220
Dhaka,2021,11,Minimum,2,320
Dhaka,2021,12,Maximum,2.5,330
Dhaka,2021,12,Minimum,1,280
Dhaka,2022,1,Maximum,4,300
Dhaka,2022,1,Minimum,1,270
Dhaka,2022,2,Maximum,3,270
Dhaka,2022,2,Minimum,2,60
Dhaka,2022,3,Maximum,5,180
Dhaka,2022,3,Minimum,2,270
Dhaka,2022,4,Maximum,4,120
Dhaka,2022,4,Minimum,2,180
Dhaka,2022,5,Maximum,3,330
Dhaka,2022,5,Minimum,1,280
Dhaka,2022,6,Maximum,36,0
Dhaka,2022,6,Minimum,1,180
Dhaka,2022,7,Maximum,3,330
Dhaka,2022,7,Minimum,1,180
Dhaka,2022,8,Maximum,4.5,80
Dhaka,2022,8,Minimum,2,60
Dhaka,2022,9,Maximum,2.5,230
Dhaka,2022,9,Minimum,2,180
Dhaka,2022,10,Maximum,6,30
Dhaka,2022,10,Minimum,2,30
Dhaka,2022,11,Maximum,2.5,40
Dhaka,2022,11,Minimum,2,330
Dhaka,2022,12,Maximum,2,220
Dhaka,2022,12,Minimum,2,270
Dhaka,2023,1,Maximum,3,20
Dhaka,2023,1,Minimum,2,270
Dhaka,2023,2,Maximum,2.5,270
Dhaka,2023,2,Minimum,2,260
Dhaka,2023,3,Maximum,3,270
Dhaka,2023,3,Minimum,2,220
Dhaka,2023,4,Maximum,4,240
Dhaka,2023,4,Minimum,2,240
Dhaka,2023,5,Maximum,4,20
Dhaka,2023,5,Minimum,2,200
Dhaka,2023,6,Maximum,3,270
Dhaka,2023,6,Minimum,2,240
Dhaka,2023,7,Maximum,2.5,80
Dhaka,2023,7,Minimum,2,180
Dhaka,2023,8,Maximum,2.5,90
Dhaka,2023,8,Minimum,2,270
Dhaka,2023,9,Maximum,2.5,40
Dhaka,2023,9,Minimum,1,60
Dhaka,2023,10,Maximum,3,160
Dhaka,2023,10,Minimum,2,240
Dhaka,2023,11,Maximum,4.5,60
Dhaka,2023,11,Minimum,2,180
Dhaka,2023,12,Maximum,2,330
Dhaka,2023,12,Minimum,2,30
Dhaka,2024,1,Maximum,2,340
Dhaka,2024,1,Minimum,2,30
Dhaka,2024,2,Maximum,3.5,40
Dhaka,2024,2,Minimum,2,270
Dhaka,2024,3,Maximum,3,340
Dhaka,2024,3,Minimum,2,270
Dhaka,2024,4,Maximum,3,180
Dhaka,2024,4,Minimum,2,190
Dhaka,2024,5,Maximum,7,60
Dhaka,2024,5,Minimum,2,60
Dhaka,2024,6,Maximum,4.5,70
Dhaka,2024,6,Minimum,2,180
Dhaka,2024,7,Maximum,10,120
Dhaka,2024,7,Minimum,2,240
Dhaka,2024,8,Maximum,0,
Dinajpur,2011,1,Maximum,4,270
Dinajpur,2011,2,Maximum,4,270
Dinajpur,2011,3,Maximum,4,250
Dinajpur,2011,4,Maximum,5,320
Dinajpur,2011,5,Maximum,4,270
Dinajpur,2011,6,Maximum,5,180
Dinajpur,2011,7,Maximum,4,180
Dinajpur,2011,8,Maximum,4,90
Dinajpur,2011,9,Maximum,4,90
Dinajpur,2011,10,Maximum,4,270
Dinajpur,2011,11,Maximum,3,90
Dinajpur,2011,12,Maximum,4,310
Dinajpur,2012,1,Maximum,4,270
Dinajpur,2012,2,Maximum,5,270
Dinajpur,2012,3,Maximum,5,230
Dinajpur,2012,4,Maximum,7,270
Dinajpur,2012,5,Maximum,7,360
Dinajpur,2012,6,Maximum,5,90
Dinajpur,2012,7,Maximum,3,130
Dinajpur,2012,8,Maximum,3,180
Dinajpur,2012,9,Maximum,4,90
Dinajpur,2012,10,Maximum,3,180
Dinajpur,2012,11,Maximum,3,310
Dinajpur,2012,12,Maximum,2,270
Dinajpur,2013,1,Maximum,4,270
Dinajpur,2013,2,Maximum,3,360
Dinajpur,2013,3,Maximum,6,270
Dinajpur,2013,4,Maximum,5,90
Dinajpur,2013,5,Maximum,6,90
Dinajpur,2013,6,Maximum,4,90
Dinajpur,2013,7,Maximum,6,130
Dinajpur,2013,8,Maximum,5,180
Dinajpur,2013,9,Maximum,4,90
Dinajpur,2013,10,Maximum,4,90
Dinajpur,2013,11,Maximum,3,360
Dinajpur,2013,12,Maximum,4,270
Dinajpur,2014,1,Maximum,4,270
Dinajpur,2014,2,Maximum,4,230
Dinajpur,2014,3,Maximum,6,230
Dinajpur,2014,4,Maximum,4,310
Dinajpur,2014,5,Maximum,4,180
Dinajpur,2014,6,Maximum,3,90
Dinajpur,2014,7,Maximum,4,90
Dinajpur,2014,8,Maximum,4,130
Dinajpur,2014,9,Maximum,3,290
Dinajpur,2014,10,Maximum,3,230
Dinajpur,2014,11,Maximum,2,360
Dinajpur,2014,12,Maximum,5,270
Dinajpur,2015,1,Maximum,4,270
Dinajpur,2015,1,Minimum,1,360
Dinajpur,2015,2,Maximum,4,270
Dinajpur,2015,2,Minimum,1,270
Dinajpur,2015,3,Maximum,6,270
Dinajpur,2015,3,Minimum,1,270
Dinajpur,2015,4,Maximum,5,190
Dinajpur,2015,4,Minimum,1,290
Dinajpur,2015,5,Maximum,6,270
Dinajpur,2015,5,Minimum,1,90
Dinajpur,2015,6,Maximum,5,90
Dinajpur,2015,6,Minimum,1,90
Dinajpur,2015,7,Maximum,4,180
Dinajpur,2015,7,Minimum,1,180
Dinajpur,2015,8,Maximum,5,90
Dinajpur,2015,8,Minimum,1,360
Dinajpur,2015,9,Maximum,4,90
Dinajpur,2015,9,Minimum,1,180
Dinajpur,2015,10,Maximum,3,180
Dinajpur,2015,10,Minimum,1,90
Dinajpur,2015,11,Maximum,3,50
Dinajpur,2015,11,Minimum,1,90
Dinajpur,2015,12,Maximum,3,300
Dinajpur,2015,12,Minimum,1,50
Dinajpur,2016,1,Maximum,3,270
Dinajpur,2016,1,Minimum,1,50
Dinajpur,2016,2,Maximum,4,270
Dinajpur,2016,2,Minimum,1,360
Dinajpur,2016,3,Maximum,6,130
Dinajpur,2016,3,Minimum,1,90
Dinajpur,2016,4,Maximum,6,270
Dinajpur,2016,4,Minimum,1,90
Dinajpur,2016,5,Maximum,13,270
Dinajpur,2016,5,Minimum,1,90
Dinajpur,2016,6,Maximum,3,290
Dinajpur,2016,6,Minimum,1,180
Dinajpur,2016,7,Maximum,4,90
Dinajpur,2016,7,Minimum,1,90
Dinajpur,2016,8,Maximum,5,90
Dinajpur,2016,8,Minimum,1,90
Dinajpur,2016,9,Maximum,3,360
Dinajpur,2016,9,Minimum,1,130
Dinajpur,2016,10,Maximum,3,90
Dinajpur,2016,10,Minimum,1,90
Dinajpur,2016,11,Maximum,3,360
Dinajpur,2016,11,Minimum,1,50
Dinajpur,2016,12,Maximum,3,270
Dinajpur,2016,12,Minimum,1,270
Dinajpur,2017,1,Maximum,3,270
Dinajpur,2017,1,Minimum,1,270
Dinajpur,2017,2,Maximum,4,270
Dinajpur,2017,2,Minimum,1,270
Dinajpur,2017,3,Maximum,6,50
Dinajpur,2017,3,Minimum,1,180
Dinajpur,2017,4,Maximum,5,90
Dinajpur,2017,4,Minimum,1,90
Dinajpur,2017,5,Maximum,8,50
Dinajpur,2017,5,Minimum,1,90
Dinajpur,2017,6,Maximum,4,130
Dinajpur,2017,6,Minimum,1,90
Dinajpur,2017,7,Maximum,8,130
Dinajpur,2017,7,Minimum,1,90
Dinajpur,2017,8,Maximum,4,270
Dinajpur,2017,8,Minimum,1,180
Dinajpur,2017,9,Maximum,4,100
Dinajpur,2017,9,Minimum,1,50
Dinajpur,2017,10,Maximum,6,90
Dinajpur,2017,10,Minimum,1,90
Dinajpur,2017,11,Maximum,4,270
Dinajpur,2017,11,Minimum,1,50
Dinajpur,2017,12,Maximum,4,280
Dinajpur,2017,12,Minimum,1,270
Dinajpur,2018,1,Maximum,9,270
Dinajpur,2018,1,Minimum,1,270
Dinajpur,2018,2,Maximum,7,270
Dinajpur,2018,2,Minimum,1,280
Dinajpur,2018,3,Maximum,6,50
Dinajpur,2018,3,Minimum,1,90
Dinajpur,2018,4,Maximum,4,300
Dinajpur,2018,4,Minimum,1,90
Dinajpur,2018,5,Maximum,4,180
Dinajpur,2018,5,Minimum,1,90
Dinajpur,2018,6,Maximum,3,180
Dinajpur,2018,6,Minimum,1,90
Dinajpur,2018,7,Maximum,8,130
Dinajpur,2018,7,Minimum,1,180
Dinajpur,2018,8,Maximum,4,90
Dinajpur,2018,8,Minimum,1,130
Dinajpur,2018,9,Maximum,5,130
Dinajpur,2018,9,Minimum,1,140
Dinajpur,2018,10,Maximum,4,130
Dinajpur,2018,10,Minimum,1,270
Dinajpur,2018,11,Maximum,5,270
Dinajpur,2018,11,Minimum,1,90
Dinajpur,2018,12,Maximum,9,10
Dinajpur,2018,12,Minimum,1,270
Dinajpur,2019,1,Maximum,4,270
Dinajpur,2019,1,Minimum,1,310
Dinajpur,2019,2,Maximum,4,270
Dinajpur,2019,2,Minimum,1,270
Dinajpur,2019,3,Maximum,3,230
Dinajpur,2019,3,Minimum,1,270
Dinajpur,2019,4,Maximum,4,50
Dinajpur,2019,4,Minimum,1,90
Dinajpur,2019,5,Maximum,5,50
Dinajpur,2019,5,Minimum,1,90
Dinajpur,2019,6,Maximum,3.5,50
Dinajpur,2019,6,Minimum,1,130
Dinajpur,2019,7,Maximum,3.5,130
Dinajpur,2019,7,Minimum,1,130
Dinajpur,2019,8,Maximum,4,90
Dinajpur,2019,8,Minimum,1,90
Dinajpur,2019,9,Maximum,4.5,90
Dinajpur,2019,9,Minimum,1,360
Dinajpur,2019,10,Maximum,3,90
Dinajpur,2019,10,Minimum,1,90
Dinajpur,2019,11,Maximum,2.5,90
Dinajpur,2019,11,Minimum,1,90
Dinajpur,2019,12,Maximum,3,290
Dinajpur,2019,12,Minimum,1,270
Dinajpur,2020,1,Maximum,2.5,0
Dinajpur,2020,1,Minimum,1,310
Dinajpur,2020,2,Maximum,2,270
Dinajpur,2020,2,Minimum,1,270
Dinajpur,2020,3,Maximum,4,310
Dinajpur,2020,3,Minimum,1,90
Dinajpur,2020,4,Maximum,4.5,310
Dinajpur,2020,4,Minimum,1,90
Dinajpur,2020,5,Maximum,5.5,90
Dinajpur,2020,5,Minimum,1,90
Dinajpur,2020,6,Maximum,3,130
Dinajpur,2020,6,Minimum,1,150
Dinajpur,2020,7,Maximum,2.5,130
Dinajpur,2020,7,Minimum,1,230
Dinajpur,2020,8,Maximum,2.5,180
Dinajpur,2020,8,Minimum,1,90
Dinajpur,2020,9,Maximum,3,180
Dinajpur,2020,9,Minimum,1,90
Dinajpur,2020,10,Maximum,2.5,90
Dinajpur,2020,10,Minimum,1,90
Dinajpur,2020,11,Maximum,13.5,20
Dinajpur,2020,11,Minimum,1,270
Dinajpur,2020,12,Maximum,18,20
Dinajpur,2020,12,Minimum,1,360
Dinajpur,2021,1,Maximum,4.5,90
Dinajpur,2021,1,Minimum,1,270
Dinajpur,2021,2,Maximum,2.5,270
Dinajpur,2021,2,Minimum,1,270
Dinajpur,2021,3,Maximum,3.5,270
Dinajpur,2021,3,Minimum,1,180
Dinajpur,2021,4,Maximum,2.5,230
Dinajpur,2021,4,Minimum,1,50
Dinajpur,2021,5,Maximum,6.5,20
Dinajpur,2021,5,Minimum,1,180
Dinajpur,2021,6,Maximum,3,90
Dinajpur,2021,6,Minimum,1,180
Dinajpur,2021,7,Maximum,3.5,130
Dinajpur,2021,7,Minimum,1,90
Dinajpur,2021,8,Maximum,2.5,50
Dinajpur,2021,8,Minimum,1,90
Dinajpur,2021,9,Maximum,3,90
Dinajpur,2021,9,Minimum,1,130
Dinajpur,2021,10,Maximum,3,180
Dinajpur,2021,10,Minimum,1,50
Dinajpur,2021,11,Maximum,2,90
Dinajpur,2021,11,Minimum,1,50
Dinajpur,2021,12,Maximum,2.5,50
Dinajpur,2021,12,Minimum,1,90
Dinajpur,2022,1,Maximum,3,270
Dinajpur,2022,1,Minimum,1,270
Dinajpur,2022,2,Maximum,3.5,90
Dinajpur,2022,2,Minimum,1,310
Dinajpur,2022,3,Maximum,3,50
Dinajpur,2022,3,Minimum,1,230
Dinajpur,2022,4,Maximum,3,90
Dinajpur,2022,4,Minimum,1,130
Dinajpur,2022,5,Maximum,3,130
Dinajpur,2022,5,Minimum,1,50
Dinajpur,2022,6,Maximum,2.5,200
Dinajpur,2022,6,Minimum,1,230
Dinajpur,2022,7,Maximum,2.5,110
Dinajpur,2022,7,Minimum,1,130
Dinajpur,2022,8,Maximum,2.5,130
Dinajpur,2022,8,Minimum,1,130
Dinajpur,2022,9,Maximum,2.5,130
Dinajpur,2022,9,Minimum,1,180
Dinajpur,2022,10,Maximum,3,90
Dinajpur,2022,10,Minimum,1,90
Dinajpur,2022,11,Maximum,2.5,50
Dinajpur,2022,11,Minimum,1,90
Dinajpur,2022,12,Maximum,2,230
Dinajpur,2022,12,Minimum,1,360
Dinajpur,2023,1,Maximum,3,310
Dinajpur,2023,1,Minimum,1,50
Dinajpur,2023,2,Maximum,3,230
Dinajpur,2023,2,Minimum,1,310
Dinajpur,2023,3,Maximum,4,50
Dinajpur,2023,3,Minimum,1,270
Dinajpur,2023,4,Maximum,11.5,10
Dinajpur,2023,4,Minimum,1,90
Dinajpur,2023,5,Maximum,2.5,90
Dinajpur,2023,5,Minimum,1,230
Dinajpur,2023,6,Maximum,3,130
Dinajpur,2023,6,Minimum,1,50
Dinajpur,2023,7,Maximum,4.5,90
Dinajpur,2023,7,Minimum,1,130
Dinajpur,2023,8,Maximum,3.5,360
Dinajpur,2023,8,Minimum,1,50
Dinajpur,2023,9,Maximum,2.5,90
Dinajpur,2023,9,Minimum,1,180
Dinajpur,2023,10,Maximum,3,90
Dinajpur,2023,10,Minimum,1,130
Dinajpur,2023,11,Maximum,2.5,90
Dinajpur,2023,11,Minimum,1,90
Dinajpur,2023,12,Maximum,2.5,270
Dinajpur,2023,12,Minimum,1,270
Dinajpur,2024,1,Maximum,2,270
Dinajpur,2024,1,Minimum,1,270
Dinajpur,2024,2,Maximum,2.5,270
Dinajpur,2024,2,Minimum,1,270
Dinajpur,2024,3,Maximum,2.5,90
Dinajpur,2024,3,Minimum,1,230
Dinajpur,2024,4,Maximum,3,230
Dinajpur,2024,4,Minimum,1,90
Dinajpur,2024,5,Maximum,4,90
Dinajpur,2024,5,Minimum,1,310
Dinajpur,2024,6,Maximum,2.5,90
Dinajpur,2024,6,Minimum,1,50
Dinajpur,2024,7,Maximum,2.5,90
Dinajpur,2024,7,Minimum,1,130
Faridpur,2011,1,Maximum,4,310
Faridpur,2011,2,Maximum,6,360
Faridpur,2011,3,Maximum,18,360
Faridpur,2011,4,Maximum,6,50
Faridpur,2011,5,Maximum,9,310
Faridpur,2011,6,Maximum,16,90
Faridpur,2011,7,Maximum,5,180
Faridpur,2011,8,Maximum,7,140
Faridpur,2011,9,Maximum,7,130
Faridpur,2011,10,Maximum,3,150
Faridpur,2011,11,Maximum,6,290
Faridpur,2011,12,Maximum,4,120
Faridpur,2012,1,Maximum,5,340
Faridpur,2012,2,Maximum,5,260
Faridpur,2012,3,Maximum,7,350
Faridpur,2012,4,Maximum,7,200
Faridpur,2012,5,Maximum,8,340
Faridpur,2012,6,Maximum,12,360
Faridpur,2012,7,Maximum,7,170
Faridpur,2012,8,Maximum,7,130
Faridpur,2012,9,Maximum,7,90
Faridpur,2012,10,Maximum,3,230
Faridpur,2012,11,Maximum,4,90
Faridpur,2012,12,Maximum,4,310
Faridpur,2013,1,Maximum,4,340
Faridpur,2013,2,Maximum,5,360
Faridpur,2013,3,Maximum,5,310
Faridpur,2013,4,Maximum,6,200
Faridpur,2013,5,Maximum,12,90
Faridpur,2013,6,Maximum,9,200
Faridpur,2013,7,Maximum,6,130
Faridpur,2013,8,Maximum,8,140
Faridpur,2013,9,Maximum,4,90
Faridpur,2013,10,Maximum,6,130
Faridpur,2013,11,Maximum,4,340
Faridpur,2013,12,Maximum,3,290
Faridpur,2014,1,Maximum,6,330
Faridpur,2014,2,Maximum,6,360
Faridpur,2014,3,Maximum,8,250
Faridpur,2014,4,Maximum,7,360
Faridpur,2014,5,Maximum,7,180
Faridpur,2014,6,Maximum,7,270
Faridpur,2014,7,Maximum,10,90
Faridpur,2014,8,Maximum,6,130
Faridpur,2014,9,Maximum,7,110
Faridpur,2014,10,Maximum,3,100
Faridpur,2014,11,Maximum,2,310
Faridpur,2014,12,Maximum,4,360
Faridpur,2015,1,Maximum,4,310
Faridpur,2015,1,Minimum,1,310
Faridpur,2015,2,Maximum,4,320
Faridpur,2015,2,Minimum,1,310
Faridpur,2015,3,Maximum,5,360
Faridpur,2015,3,Minimum,1,310
Faridpur,2015,4,Maximum,7,310
Faridpur,2015,4,Minimum,1,230
Faridpur,2015,5,Maximum,6,90
Faridpur,2015,5,Minimum,1,180
Faridpur,2015,6,Maximum,8,130
Faridpur,2015,6,Minimum,1,180
Faridpur,2015,7,Maximum,10,110
Faridpur,2015,7,Minimum,1,210
Faridpur,2015,8,Maximum,5,130
Faridpur,2015,8,Minimum,1,230
Faridpur,2015,9,Maximum,3,270
Faridpur,2015,9,Minimum,1,180
Faridpur,2015,10,Maximum,3,130
Faridpur,2015,10,Minimum,1,90
Faridpur,2015,11,Maximum,2,130
Faridpur,2015,11,Minimum,1,310
Faridpur,2015,12,Maximum,4,360
Faridpur,2015,12,Minimum,1,360
Faridpur,2016,1,Maximum,3,310
Faridpur,2016,1,Minimum,1,340
Faridpur,2016,2,Maximum,3,290
Faridpur,2016,2,Minimum,1,290
Faridpur,2016,3,Maximum,12,360
Faridpur,2016,3,Minimum,1,140
Faridpur,2016,4,Maximum,7,180
Faridpur,2016,4,Minimum,1,180
Faridpur,2016,5,Maximum,12,50
Faridpur,2016,5,Minimum,1,150
Faridpur,2016,6,Maximum,5,180
Faridpur,2016,6,Minimum,1,90
Faridpur,2016,7,Maximum,6,110
Faridpur,2016,7,Minimum,1,110
Faridpur,2016,8,Maximum,15,120
Faridpur,2016,8,Minimum,1,110
Faridpur,2016,9,Maximum,3,120
Faridpur,2016,9,Minimum,1,220
Faridpur,2016,10,Maximum,3,130
Faridpur,2016,10,Minimum,1,130
Faridpur,2016,11,Maximum,3,360
Faridpur,2016,11,Minimum,1,310
Faridpur,2016,12,Maximum,4,320
Faridpur,2016,12,Minimum,1,310
Faridpur,2017,1,Maximum,3,310
Faridpur,2017,1,Minimum,1,310
Faridpur,2017,2,Maximum,4,180
Faridpur,2017,2,Minimum,1,310
Faridpur,2017,3,Maximum,10,230
Faridpur,2017,3,Minimum,1,130
Faridpur,2017,4,Maximum,15,360
Faridpur,2017,4,Minimum,1,180
Faridpur,2017,5,Maximum,8,270
Faridpur,2017,5,Minimum,1,180
Faridpur,2017,6,Maximum,8,360
Faridpur,2017,6,Minimum,1,90
Faridpur,2017,7,Maximum,6,180
Faridpur,2017,7,Minimum,1,180
Faridpur,2017,8,Maximum,4,130
Faridpur,2017,8,Minimum,1,180
Faridpur,2017,9,Maximum,5,180
Faridpur,2017,9,Minimum,1,130
Faridpur,2017,10,Maximum,12,130
Faridpur,2017,10,Minimum,1,140
Faridpur,2017,11,Maximum,2,350
Faridpur,2017,11,Minimum,1,310
Faridpur,2017,12,Maximum,3,90
Faridpur,2017,12,Minimum,1,340
Faridpur,2018,1,Maximum,4,320
Faridpur,2018,1,Minimum,1,310
Faridpur,2018,2,Maximum,2,340
Faridpur,2018,2,Minimum,1,170
Faridpur,2018,3,Maximum,17,330
Faridpur,2018,3,Minimum,1,360
Faridpur,2018,4,Maximum,10,230
Faridpur,2018,4,Minimum,1,360
Faridpur,2018,5,Maximum,7,360
Faridpur,2018,5,Minimum,1,100
Faridpur,2018,6,Maximum,10,300
Faridpur,2018,6,Minimum,1,130
Faridpur,2018,7,Maximum,9,130
Faridpur,2018,7,Minimum,1,180
Faridpur,2018,8,Maximum,21,0
Faridpur,2018,8,Minimum,1,150
Faridpur,2018,9,Maximum,8,90
Faridpur,2018,9,Minimum,1,120
Faridpur,2018,10,Maximum,7,50
Faridpur,2018,10,Minimum,1,90
Faridpur,2018,11,Maximum,3,360
Faridpur,2018,11,Minimum,1,340
Faridpur,2018,12,Maximum,4,350
Faridpur,2018,12,Minimum,1,310
Faridpur,2019,1,Maximum,2,330
Faridpur,2019,1,Minimum,1,310
Faridpur,2019,2,Maximum,4,90
Faridpur,2019,2,Minimum,1,320
Faridpur,2019,3,Maximum,5,90
Faridpur,2019,3,Minimum,1,270
Faridpur,2019,4,Maximum,11,180
Faridpur,2019,4,Minimum,1,180
Faridpur,2019,5,Maximum,6,230
Faridpur,2019,5,Minimum,1,180
Faridpur,2019,6,Maximum,2.5,90
Faridpur,2019,6,Minimum,1,180
Faridpur,2019,7,Maximum,3.5,90
Faridpur,2019,7,Minimum,1,90
Faridpur,2019,8,Maximum,5,150
Faridpur,2019,8,Minimum,1,150
Faridpur,2019,9,Maximum,4,130
Faridpur,2019,9,Minimum,1,130
Faridpur,2019,10,Maximum,2,90
Faridpur,2019,10,Minimum,1,360
Faridpur,2019,11,Maximum,7.5,90
Faridpur,2019,11,Minimum,1,340
Faridpur,2019,12,Maximum,2,130
Faridpur,2019,12,Minimum,1,340
Faridpur,2020,1,Maximum,2.5,90
Faridpur,2020,1,Minimum,1,340
Faridpur,2020,2,Maximum,2,360
Faridpur,2020,2,Minimum,1,360
Faridpur,2020,3,Maximum,3.5,270
Faridpur,2020,3,Minimum,1,320
Faridpur,2020,4,Maximum,3.5,270
Faridpur,2020,4,Minimum,1,90
Faridpur,2020,5,Maximum,17.5,130
Faridpur,2020,5,Minimum,1,160
Faridpur,2020,6,Maximum,4,50
Faridpur,2020,6,Minimum,1,320
Faridpur,2020,7,Maximum,2.5,230
Faridpur,2020,7,Minimum,1,180
Faridpur,2020,8,Maximum,6,90
Faridpur,2020,8,Minimum,1,130
Faridpur,2020,9,Maximum,2,130
Faridpur,2020,9,Minimum,1,180
Faridpur,2020,10,Maximum,3.5,90
Faridpur,2020,10,Minimum,1,130
Faridpur,2020,11,Maximum,2,320
Faridpur,2020,11,Minimum,1,330
Faridpur,2020,12,Maximum,2.5,360
Faridpur,2020,12,Minimum,1,360
Faridpur,2021,1,Maximum,2.5,320
Faridpur,2021,1,Minimum,1,360
Faridpur,2021,2,Maximum,2,340
Faridpur,2021,2,Minimum,1,360
Faridpur,2021,3,Maximum,2.5,270
Faridpur,2021,3,Minimum,1,140
Faridpur,2021,4,Maximum,11.5,230
Faridpur,2021,4,Minimum,1,180
Faridpur,2021,5,Maximum,10,310
Faridpur,2021,5,Minimum,1,90
Faridpur,2021,6,Maximum,4,130
Faridpur,2021,6,Minimum,1,140
Faridpur,2021,7,Maximum,7.5,110
Faridpur,2021,7,Minimum,1,180
Faridpur,2021,8,Maximum,2,180
Faridpur,2021,8,Minimum,1,130
Faridpur,2021,9,Maximum,3.5,130
Faridpur,2021,9,Minimum,1,90
Faridpur,2021,10,Maximum,4,130
Faridpur,2021,10,Minimum,1,360
Faridpur,2021,11,Maximum,2,310
Faridpur,2021,11,Minimum,1,360
Faridpur,2021,12,Maximum,3,340
Faridpur,2021,12,Minimum,1,310
Faridpur,2022,1,Maximum,2.5,290
Faridpur,2022,1,Minimum,1,310
Faridpur,2022,2,Maximum,16,90
Faridpur,2022,2,Minimum,1,230
Faridpur,2022,3,Maximum,4,180
Faridpur,2022,3,Minimum,1,340
Faridpur,2022,4,Maximum,4.5,190
Faridpur,2022,4,Minimum,2,180
Faridpur,2022,5,Maximum,7.5,310
Faridpur,2022,5,Minimum,1,90
Faridpur,2022,6,Maximum,2.5,220
Faridpur,2022,6,Minimum,1,140
Faridpur,2022,7,Maximum,3.5,90
Faridpur,2022,7,Minimum,1,200
Faridpur,2022,8,Maximum,8.5,90
Faridpur,2022,8,Minimum,1,180
Faridpur,2022,9,Maximum,3,130
Faridpur,2022,9,Minimum,1,140
Faridpur,2022,10,Maximum,13.5,310
Faridpur,2022,10,Minimum,1,180
Faridpur,2022,11,Maximum,2,320
Faridpur,2022,11,Minimum,1,320
Faridpur,2022,12,Maximum,2.5,360
Faridpur,2022,12,Minimum,1,320
Faridpur,2023,1,Maximum,3,320
Faridpur,2023,1,Minimum,1,320
Faridpur,2023,2,Maximum,4,360
Faridpur,2023,2,Minimum,1,310
Faridpur,2023,3,Maximum,4,180
Faridpur,2023,3,Minimum,2,310
Faridpur,2023,4,Maximum,3.5,130
Faridpur,2023,4,Minimum,2,310
Faridpur,2023,5,Maximum,6,270
Faridpur,2023,5,Minimum,1,310
Faridpur,2023,6,Maximum,6,190
Faridpur,2023,6,Minimum,1,320
Faridpur,2023,7,Maximum,3.5,130
Faridpur,2023,7,Minimum,1,100
Faridpur,2023,8,Maximum,5,130
Faridpur,2023,8,Minimum,1,180
Faridpur,2023,9,Maximum,3.5,130
Faridpur,2023,9,Minimum,2,130
Faridpur,2023,10,Maximum,5.5,130
Faridpur,2023,10,Minimum,1,300
Faridpur,2023,11,Maximum,5,60
Faridpur,2023,11,Minimum,1,300
Faridpur,2023,12,Maximum,2.5,290
Faridpur,2023,12,Minimum,1,350
Faridpur,2024,1,Maximum,2.5,330
Faridpur,2024,1,Minimum,1,360
Faridpur,2024,2,Maximum,3.5,200
Faridpur,2024,2,Minimum,1,350
Faridpur,2024,3,Maximum,2.5,230
Faridpur,2024,3,Minimum,2,340
Faridpur,2024,4,Maximum,3,180
Faridpur,2024,4,Minimum,1,180
Faridpur,2024,5,Maximum,8.5,200
Faridpur,2024,5,Minimum,2,180
Faridpur,2024,6,Maximum,3,130
Faridpur,2024,6,Minimum,2,130
Feni,2011,1,Maximum,4,180
Feni,2011,2,Maximum,8,180
Feni,2011,3,Maximum,12,160
Feni,2011,4,Maximum,5,130
Feni,2011,5,Maximum,8,180
Feni,2011,6,Maximum,7,130
Feni,2011,7,Maximum,8,160
Feni,2011,8,Maximum,6,140
Feni,2011,9,Maximum,5,180
Feni,2011,10,Maximum,3,180
Feni,2011,11,Maximum,3,180
Feni,2011,12,Maximum,3,270
Feni,2012,1,Maximum,4,310
Feni,2012,2,Maximum,5,230
Feni,2012,3,Maximum,6,150
Feni,2012,4,Maximum,10,270
Feni,2012,5,Maximum,12,180
Feni,2012,6,Maximum,8,180
Feni,2012,7,Maximum,10,180
Feni,2012,8,Maximum,6,130
Feni,2012,9,Maximum,5,160
Feni,2012,10,Maximum,4,160
Feni,2012,11,Maximum,4,180
Feni,2012,12,Maximum,4,310
Feni,2013,1,Maximum,3,310
Feni,2013,2,Maximum,8,290
Feni,2013,3,Maximum,8,180
Feni,2013,4,Maximum,13,260
Feni,2013,5,Maximum,12,270
Feni,2013,6,Maximum,6,160
Feni,2013,7,Maximum,8,150
Feni,2013,8,Maximum,10,180
Feni,2013,9,Maximum,6,150
Feni,2013,10,Maximum,4,180
Feni,2013,11,Maximum,3,300
Feni,2013,12,Maximum,2,310
Feni,2014,1,Maximum,4,310
Feni,2014,2,Maximum,7,290
Feni,2014,3,Maximum,8,250
Feni,2014,4,Maximum,10,270
Feni,2014,5,Maximum,8,180
Feni,2014,6,Maximum,8,230
Feni,2014,7,Maximum,8,150
Feni,2014,8,Maximum,8,150
Feni,2014,9,Maximum,10,140
Feni,2014,10,Maximum,6,230
Feni,2014,11,Maximum,4,290
Feni,2014,12,Maximum,5,310
Feni,2015,1,Maximum,6,310
Feni,2015,1,Minimum,2,130
Feni,2015,2,Maximum,5,130
Feni,2015,2,Minimum,1,180
Feni,2015,3,Maximum,8,130
Feni,2015,3,Minimum,2,90
Feni,2015,4,Maximum,8,270
Feni,2015,4,Minimum,2,130
Feni,2015,5,Maximum,6,160
Feni,2015,5,Minimum,2,130
Feni,2015,6,Maximum,8,160
Feni,2015,6,Minimum,2,180
Feni,2015,7,Maximum,8,90
Feni,2015,7,Minimum,2,180
Feni,2015,8,Maximum,12,140
Feni,2015,8,Minimum,2,130
Feni,2015,9,Maximum,6,180
Feni,2015,9,Minimum,2,130
Feni,2015,10,Maximum,4,270
Feni,2015,10,Minimum,2,150
Feni,2015,11,Maximum,5,70
Feni,2015,11,Minimum,2,50
Feni,2015,12,Maximum,4,310
Feni,2015,12,Minimum,2,130
Feni,2016,1,Maximum,6,310
Feni,2016,1,Minimum,2,130
Feni,2016,2,Maximum,8,230
Feni,2016,2,Minimum,2,160
Feni,2016,3,Maximum,10,310
Feni,2016,3,Minimum,2,130
Feni,2016,4,Maximum,10,180
Feni,2016,4,Minimum,2,180
Feni,2016,5,Maximum,13,130
Feni,2016,5,Minimum,2,130
Feni,2016,6,Maximum,8,160
Feni,2016,6,Minimum,2,130
Feni,2016,7,Maximum,10,150
Feni,2016,7,Minimum,2,150
Feni,2016,8,Maximum,8,180
Feni,2016,8,Minimum,2,130
Feni,2016,9,Maximum,8,150
Feni,2016,9,Minimum,2,180
Feni,2016,10,Maximum,5,130
Feni,2016,10,Minimum,2,150
Feni,2016,11,Maximum,4,40
Feni,2016,11,Minimum,2,110
Feni,2016,12,Maximum,4,180
Feni,2016,12,Minimum,2,50
Feni,2017,1,Maximum,6,310
Feni,2017,1,Minimum,2,310
Feni,2017,2,Maximum,8,180
Feni,2017,2,Minimum,2,310
Feni,2017,3,Maximum,10,310
Feni,2017,3,Minimum,2,310
Feni,2017,4,Maximum,12,180
Feni,2017,4,Minimum,2,180
Feni,2017,5,Maximum,20,310
Feni,2017,5,Minimum,1,180
Feni,2017,6,Maximum,9,180
Feni,2017,6,Minimum,1,180
Feni,2017,7,Maximum,9,180
Feni,2017,7,Minimum,2,180
Feni,2017,8,Maximum,8,180
Feni,2017,8,Minimum,2,180
Feni,2017,9,Maximum,8,180
Feni,2017,9,Minimum,2,130
Feni,2017,10,Maximum,6,180
Feni,2017,10,Minimum,2,180
Feni,2017,11,Maximum,6,310
Feni,2017,11,Minimum,2,360
Feni,2017,12,Maximum,5,310
Feni,2017,12,Minimum,2,360
Feni,2018,1,Maximum,8,310
Feni,2018,1,Minimum,2,250
Feni,2018,2,Maximum,8,310
Feni,2018,2,Minimum,1,360
Feni,2018,3,Maximum,7,180
Feni,2018,3,Minimum,1,140
Feni,2018,4,Maximum,6,150
Feni,2018,4,Minimum,1,50
Feni,2018,5,Maximum,8,310
Feni,2018,5,Minimum,1,180
Feni,2018,6,Maximum,8,180
Feni,2018,6,Minimum,1,180
Feni,2018,7,Maximum,8,180
Feni,2018,7,Minimum,1,160
Feni,2018,8,Maximum,10,180
Feni,2018,8,Minimum,1,140
Feni,2018,9,Maximum,8,310
Feni,2018,9,Minimum,1,150
Feni,2018,10,Maximum,33,20
Feni,2018,10,Minimum,1,40
Feni,2018,11,Maximum,4,360
Feni,2018,11,Minimum,1,360
Feni,2018,12,Maximum,6,310
Feni,2018,12,Minimum,1,80
Feni,2019,1,Maximum,2.5,330
Feni,2019,1,Minimum,1,320
Feni,2019,2,Maximum,4,310
Feni,2019,2,Minimum,1,350
Feni,2019,3,Maximum,3,310
Feni,2019,3,Minimum,1,360
Feni,2019,4,Maximum,5,180
Feni,2019,4,Minimum,1,120
Feni,2019,5,Maximum,7.5,190
Feni,2019,5,Minimum,1,180
Feni,2019,6,Maximum,4,180
Feni,2019,6,Minimum,1,150
Feni,2019,7,Maximum,4,180
Feni,2019,7,Minimum,1,180
Feni,2019,8,Maximum,4,180
Feni,2019,8,Minimum,1,170
Feni,2019,9,Maximum,3,180
Feni,2019,9,Minimum,1,180
Feni,2019,10,Maximum,3,360
Feni,2019,10,Minimum,1,160
Feni,2019,11,Maximum,4,80
Feni,2019,11,Minimum,1,80
Feni,2019,12,Maximum,2.5,310
Feni,2019,12,Minimum,1,350
Feni,2020,1,Maximum,2,330
Feni,2020,1,Minimum,1,350
Feni,2020,2,Maximum,3,130
Feni,2020,2,Minimum,1,160
Feni,2020,3,Maximum,2.5,320
Feni,2020,3,Minimum,1,350
Feni,2020,4,Maximum,4,360
Feni,2020,4,Minimum,1,180
Feni,2020,5,Maximum,6,130
Feni,2020,5,Minimum,1,160
Feni,2020,6,Maximum,4,180
Feni,2020,6,Minimum,1,190
Feni,2020,7,Maximum,4,130
Feni,2020,7,Minimum,1,170
Feni,2020,8,Maximum,3,180
Feni,2020,8,Minimum,1,180
Feni,2020,9,Maximum,2.5,180
Feni,2020,9,Minimum,1,180
Feni,2020,10,Maximum,4,150
Feni,2020,10,Minimum,1,180
Feni,2020,11,Maximum,2,360
Feni,2020,11,Minimum,1,360
Feni,2020,12,Maximum,2,360
Feni,2020,12,Minimum,1,360
Feni,2021,1,Maximum,2,310
Feni,2021,1,Minimum,1,350
Feni,2021,2,Maximum,2,310
Feni,2021,2,Minimum,1,360
Feni,2021,3,Maximum,2.5,180
Feni,2021,3,Minimum,1,180
Feni,2021,4,Maximum,4.5,310
Feni,2021,4,Minimum,2,180
Feni,2021,5,Maximum,3,210
Feni,2021,5,Minimum,1,220
Feni,2021,6,Maximum,2.5,180
Feni,2021,6,Minimum,1,180
Feni,2021,7,Maximum,4,210
Feni,2021,7,Minimum,1,180
Feni,2021,8,Maximum,2.5,180
Feni,2021,8,Minimum,1,180
Feni,2021,9,Maximum,2,130
Feni,2021,9,Minimum,1,130
Feni,2021,10,Maximum,3,180
Feni,2021,10,Minimum,2,130
Feni,2021,11,Maximum,2,360
Feni,2021,11,Minimum,2,360
Feni,2021,12,Maximum,2.5,110
Feni,2021,12,Minimum,1,310
Feni,2022,1,Maximum,1.5,270
Feni,2022,1,Minimum,2,360
Feni,2022,2,Maximum,4,360
Feni,2022,2,Minimum,1,360
Feni,2022,3,Maximum,4,250
Feni,2022,3,Minimum,2,230
Feni,2022,4,Maximum,5,210
Feni,2022,4,Minimum,2,180
Feni,2022,5,Maximum,3,180
Feni,2022,5,Minimum,1,180
Feni,2022,6,Maximum,4,180
Feni,2022,6,Minimum,1,180
Feni,2022,7,Maximum,3,150
Feni,2022,7,Minimum,2,180
Feni,2022,8,Maximum,4,180
Feni,2022,8,Minimum,2,180
Feni,2022,9,Maximum,3,160
Feni,2022,9,Minimum,2,180
Feni,2022,10,Maximum,10,110
Feni,2022,10,Minimum,2,360
Feni,2022,11,Maximum,2,360
Feni,2022,11,Minimum,2,330
Feni,2022,12,Minimum,2,270
Feni,2023,1,Maximum,1.5,310
Feni,2023,1,Minimum,2,330
Feni,2023,2,Maximum,2.5,230
Feni,2023,2,Minimum,2,180
Feni,2023,3,Maximum,2.5,310
Feni,2023,3,Minimum,2,180
Feni,2023,4,Maximum,4,230
Feni,2023,4,Minimum,2,180
Feni,2023,5,Maximum,4,180
Feni,2023,5,Minimum,2,130
Feni,2023,6,Maximum,6,180
Feni,2023,6,Minimum,1,180
Feni,2023,7,Maximum,3,210
Feni,2023,7,Minimum,2,180
Feni,2023,8,Maximum,3,210
Feni,2023,8,Minimum,1,350
Feni,2023,9,Maximum,2,180
Feni,2023,9,Minimum,1,90
Feni,2023,10,Maximum,2.5,310
Feni,2023,10,Minimum,1,110
Feni,2023,11,Maximum,6,180
Feni,2023,11,Minimum,1,360
Feni,2023,12,Maximum,17.5,10
Feni,2023,12,Minimum,1,350
Feni,2024,1,Maximum,2,310
Feni,2024,1,Minimum,1,350
Feni,2024,2,Maximum,6,180
Feni,2024,2,Minimum,1,340
Feni,2024,3,Maximum,2,180
Feni,2024,3,Minimum,1,140
Feni,2024,4,Maximum,4,180
Feni,2024,4,Minimum,1,180
Feni,2024,5,Maximum,6,170
Feni,2024,5,Minimum,1,180
Feni,2024,6,Maximum,4,180
Feni,2024,6,Minimum,1,120
Hatiya,2011,1,Maximum,4,50
Hatiya,2011,2,Maximum,6,360
Hatiya,2011,3,Maximum,15,130
Hatiya,2011,4,Maximum,6,220
Hatiya,2011,5,Maximum,12,200
Hatiya,2011,6,Maximum,18,180
Hatiya,2011,7,Maximum,8,180
Hatiya,2011,8,Maximum,9,120
Hatiya,2011,9,Maximum,10,180
Hatiya,2011,10,Maximum,9,90
Hatiya,2011,11,Maximum,3,60
Hatiya,2011,12,Maximum,3,360
Hatiya,2012,1,Maximum,5,360
Hatiya,2012,2,Maximum,8,180
Hatiya,2012,3,Maximum,8,190
Hatiya,2012,4,Maximum,15,90
Hatiya,2012,5,Maximum,10,360
Hatiya,2012,6,Maximum,8,180
Hatiya,2012,7,Maximum,8,180
Hatiya,2012,8,Maximum,8,160
Hatiya,2012,9,Maximum,9,150
Hatiya,2012,10,Maximum,15,220
Hatiya,2012,11,Maximum,3,30
Hatiya,2012,12,Maximum,4,360
Hatiya,2013,1,Maximum,5,360
Hatiya,2013,2,Maximum,7,350
Hatiya,2013,3,Maximum,6,340
Hatiya,2013,4,Maximum,12,180
Hatiya,2013,5,Maximum,22,90
Hatiya,2013,6,Maximum,13,160
Hatiya,2013,7,Maximum,12,180
Hatiya,2013,8,Maximum,9,160
Hatiya,2013,9,Maximum,6,130
Hatiya,2013,10,Maximum,8,90
Hatiya,2013,11,Maximum,2,360
Hatiya,2013,12,Maximum,3,30
Hatiya,2014,1,Maximum,5,360
Hatiya,2014,2,Maximum,8,320
Hatiya,2014,3,Maximum,8,310
Hatiya,2014,4,Maximum,14,320
Hatiya,2014,5,Maximum,21,230
Hatiya,2014,6,Maximum,5,180
Hatiya,2014,7,Maximum,12,180
Hatiya,2014,8,Maximum,7,130
Hatiya,2014,9,Maximum,12,280
Hatiya,2014,10,Maximum,4,90
Hatiya,2014,11,Maximum,3,360
Hatiya,2014,12,Maximum,3,330
Hatiya,2015,1,Maximum,3,310
Hatiya,2015,1,Minimum,1,360
Hatiya,2015,2,Maximum,3,180
Hatiya,2015,2,Minimum,1,40
Hatiya,2015,3,Maximum,4,360
Hatiya,2015,3,Minimum,1,180
Hatiya,2015,4,Maximum,8,130
Hatiya,2015,4,Minimum,1,220
Hatiya,2015,5,Maximum,6,130
Hatiya,2015,5,Minimum,1,180
Hatiya,2015,6,Maximum,7,130
Hatiya,2015,6,Minimum,1,180
Hatiya,2015,7,Maximum,12,90
Hatiya,2015,7,Minimum,1,230
Hatiya,2015,8,Maximum,10,180
Hatiya,2015,8,Minimum,1,180
Hatiya,2015,9,Maximum,8,180
Hatiya,2015,9,Minimum,1,180
Hatiya,2015,10,Maximum,14,90
Hatiya,2015,10,Minimum,1,180
Hatiya,2015,11,Maximum,2,360
Hatiya,2015,11,Minimum,1,270
Hatiya,2015,12,Maximum,3,130
Hatiya,2015,12,Minimum,1,230
Hatiya,2016,1,Maximum,3,180
Hatiya,2016,1,Minimum,1,310
Hatiya,2016,2,Maximum,8,180
Hatiya,2016,2,Minimum,1,300
Hatiya,2016,3,Maximum,4,180
Hatiya,2016,3,Minimum,1,180
Hatiya,2016,4,Maximum,16,180
Hatiya,2016,4,Minimum,1,180
Hatiya,2016,5,Maximum,25,130
Hatiya,2016,5,Minimum,1,180
Hatiya,2016,6,Maximum,7,130
Hatiya,2016,6,Minimum,1,180
Hatiya,2016,7,Maximum,10,130
Hatiya,2016,7,Minimum,1,130
Hatiya,2016,8,Maximum,15,120
Hatiya,2016,8,Minimum,1,130
Hatiya,2016,9,Maximum,10,130
Hatiya,2016,9,Minimum,1,180
Hatiya,2016,10,Maximum,12,90
Hatiya,2016,10,Minimum,1,180
Hatiya,2016,11,Maximum,10,130
Hatiya,2016,11,Minimum,1,270
Hatiya,2016,12,Maximum,1,340
Hatiya,2016,12,Minimum,1,360
Hatiya,2017,1,Maximum,3,360
Hatiya,2017,1,Minimum,1,360
Hatiya,2017,2,Maximum,4,180
Hatiya,2017,2,Minimum,1,50
Hatiya,2017,3,Maximum,12,180
Hatiya,2017,3,Minimum,1,230
Hatiya,2017,4,Maximum,22,50
Hatiya,2017,4,Minimum,1,270
Hatiya,2017,5,Maximum,20,360
Hatiya,2017,5,Minimum,1,130
Hatiya,2017,6,Maximum,20,180
Hatiya,2017,6,Minimum,1,210
Hatiya,2017,7,Maximum,5,130
Hatiya,2017,7,Minimum,1,130
Hatiya,2017,8,Maximum,8,270
Hatiya,2017,8,Minimum,1,180
Hatiya,2017,9,Maximum,5,150
Hatiya,2017,9,Minimum,1,180
Hatiya,2017,10,Maximum,12,180
Hatiya,2017,10,Minimum,1,130
Hatiya,2017,11,Maximum,3,360
Hatiya,2017,11,Minimum,1,270
Hatiya,2017,12,Maximum,6,160
Hatiya,2017,12,Minimum,1,360
Hatiya,2018,1,Maximum,4,320
Hatiya,2018,1,Minimum,1,300
Hatiya,2018,2,Maximum,5,90
Hatiya,2018,2,Minimum,1,50
Hatiya,2018,3,Maximum,15,360
Hatiya,2018,3,Minimum,1,270
Hatiya,2018,4,Maximum,9,320
Hatiya,2018,4,Minimum,1,280
Hatiya,2018,5,Maximum,10,120
Hatiya,2018,5,Minimum,1,180
Hatiya,2018,6,Maximum,12,180
Hatiya,2018,6,Minimum,1,150
Hatiya,2018,7,Maximum,10,140
Hatiya,2018,7,Minimum,1,140
Hatiya,2018,8,Maximum,12,180
Hatiya,2018,8,Minimum,1,180
Hatiya,2018,9,Maximum,16,130
Hatiya,2018,9,Minimum,1,90
Hatiya,2018,10,Maximum,8,150
Hatiya,2018,10,Minimum,1,300
Hatiya,2018,11,Maximum,2,130
Hatiya,2018,11,Minimum,1,270
Hatiya,2018,12,Maximum,5,360
Hatiya,2018,12,Minimum,1,320
Hatiya,2019,1,Maximum,1.5,280
Hatiya,2019,1,Minimum,1,360
Hatiya,2019,2,Maximum,4,360
Hatiya,2019,2,Minimum,1,360
Hatiya,2019,3,Maximum,3.5,50
Hatiya,2019,3,Minimum,1,150
Hatiya,2019,4,Maximum,5,360
Hatiya,2019,4,Minimum,1,120
Hatiya,2019,5,Maximum,17.5,180
Hatiya,2019,5,Minimum,1,180
Hatiya,2019,6,Maximum,6,50
Hatiya,2019,6,Minimum,1,180
Hatiya,2019,7,Maximum,4,180
Hatiya,2019,7,Minimum,1,180
Hatiya,2019,8,Maximum,16.5,120
Hatiya,2019,8,Minimum,1,130
Hatiya,2019,9,Maximum,6,130
Hatiya,2019,9,Minimum,1,230
Hatiya,2019,10,Maximum,1.5,40
Hatiya,2019,10,Minimum,1,180
Hatiya,2019,11,Maximum,4,180
Hatiya,2019,11,Minimum,1,360
Hatiya,2019,12,Maximum,2,360
Hatiya,2019,12,Minimum,1,320
Hatiya,2020,1,Maximum,2,360
Hatiya,2020,1,Minimum,1,360
Hatiya,2020,2,Maximum,2,320
Hatiya,2020,2,Minimum,1,360
Hatiya,2020,3,Maximum,2,320
Hatiya,2020,3,Minimum,1,230
Hatiya,2020,4,Maximum,6,280
Hatiya,2020,4,Minimum,1,280
Hatiya,2020,5,Maximum,22.5,180
Hatiya,2020,5,Minimum,1,180
Hatiya,2020,6,Maximum,3.5,180
Hatiya,2020,6,Minimum,1,280
Hatiya,2020,7,Maximum,3,220
Hatiya,2020,7,Minimum,1,320
Hatiya,2020,8,Maximum,7.5,130
Hatiya,2020,8,Minimum,1,50
Hatiya,2020,9,Maximum,6,130
Hatiya,2020,9,Minimum,1,220
Hatiya,2020,10,Maximum,6,130
Hatiya,2020,10,Minimum,1,180
Hatiya,2020,11,Maximum,3,180
Hatiya,2020,11,Minimum,1,180
Hatiya,2020,12,Maximum,1.5,50
Hatiya,2020,12,Minimum,1,280
Hatiya,2021,1,Maximum,2,180
Hatiya,2021,1,Minimum,1,300
Hatiya,2021,2,Maximum,2.5,340
Hatiya,2021,2,Minimum,1,210
Hatiya,2021,3,Maximum,4.5,230
Hatiya,2021,3,Minimum,1,180
Hatiya,2021,4,Maximum,4.5,100
Hatiya,2021,4,Minimum,1,180
Hatiya,2021,5,Maximum,11,130
Hatiya,2021,5,Minimum,1,140
Hatiya,2021,6,Maximum,3.5,180
Hatiya,2021,6,Minimum,1,140
Hatiya,2021,7,Maximum,3,130
Hatiya,2021,7,Minimum,1,280
Hatiya,2021,8,Maximum,2.5,180
Hatiya,2021,8,Minimum,1,210
Hatiya,2021,9,Maximum,6,180
Hatiya,2021,9,Minimum,1,180
Hatiya,2021,10,Maximum,3.5,140
Hatiya,2021,10,Minimum,1,180
Hatiya,2021,11,Maximum,1,360
Hatiya,2021,11,Minimum,1,180
Hatiya,2021,12,Maximum,2,330
Hatiya,2021,12,Minimum,1,50
Hatiya,2022,1,Maximum,3.5,340
Hatiya,2022,1,Minimum,1,200
Hatiya,2022,2,Maximum,2.5,210
Hatiya,2022,2,Minimum,1,120
Hatiya,2022,3,Maximum,2.5,180
Hatiya,2022,3,Minimum,1,360
Hatiya,2022,4,Maximum,6,180
Hatiya,2022,4,Minimum,1,180
Hatiya,2022,5,Maximum,3,210
Hatiya,2022,5,Minimum,2,230
Hatiya,2022,6,Maximum,2.5,180
Hatiya,2022,6,Minimum,1,180
Hatiya,2022,7,Maximum,3,180
Hatiya,2022,7,Minimum,1,160
Hatiya,2022,8,Maximum,6,170
Hatiya,2022,8,Minimum,1,130
Hatiya,2022,9,Maximum,4,200
Hatiya,2022,9,Minimum,1,210
Hatiya,2022,10,Maximum,16,50
Hatiya,2022,10,Minimum,1,100
Hatiya,2022,11,Maximum,2,340
Hatiya,2022,11,Minimum,1,360
Hatiya,2022,12,Maximum,1.5,330
Hatiya,2022,12,Minimum,1,90
Hatiya,2023,1,Maximum,2,360
Hatiya,2023,1,Minimum,1,360
Hatiya,2023,2,Maximum,2.5,160
Hatiya,2023,2,Minimum,1,360
Hatiya,2023,3,Maximum,6,20
Hatiya,2023,3,Minimum,1,60
Hatiya,2023,4,Maximum,7,280
Hatiya,2023,4,Minimum,1,140
Hatiya,2023,5,Maximum,9,130
Hatiya,2023,5,Minimum,1,180
Hatiya,2023,6,Maximum,6,140
Hatiya,2023,6,Minimum,1,360
Hatiya,2023,7,Maximum,5,150
Hatiya,2023,7,Minimum,1,120
Hatiya,2023,8,Maximum,7.5,140
Hatiya,2023,8,Minimum,1,180
Hatiya,2023,9,Maximum,6,180
Hatiya,2023,9,Minimum,1,180
Hatiya,2023,10,Maximum,2.5,130
Hatiya,2023,10,Minimum,1,180
Hatiya,2023,11,Maximum,25.5,180
Hatiya,2023,11,Minimum,1,50
Hatiya,2023,12,Maximum,2,330
Hatiya,2023,12,Minimum,1,60
Hatiya,2024,1,Maximum,1.5,360
Hatiya,2024,1,Minimum,1,360
Hatiya,2024,2,Maximum,4.5,60
Hatiya,2024,2,Minimum,1,360
Ishurdi,2011,1,Maximum,8,310
Ishurdi,2011,2,Maximum,8,310
Ishurdi,2011,3,Maximum,10,270
Ishurdi,2011,4,Maximum,9,270
Ishurdi,2011,5,Maximum,14,310
Ishurdi,2011,6,Maximum,10,90
Ishurdi,2011,7,Maximum,5,130
Ishurdi,2011,8,Maximum,8,130
Ishurdi,2011,9,Maximum,7,180
Ishurdi,2011,10,Maximum,5,310
Ishurdi,2011,11,Maximum,4,310
Ishurdi,2011,12,Maximum,5,360
Ishurdi,2012,1,Maximum,6,310
Ishurdi,2012,2,Maximum,6,310
Ishurdi,2012,3,Maximum,8,310
Ishurdi,2012,4,Maximum,8,270
Ishurdi,2012,5,Maximum,10,270
Ishurdi,2012,6,Maximum,12,360
Ishurdi,2012,7,Maximum,7,130
Ishurdi,2012,8,Maximum,8,130
Ishurdi,2012,9,Maximum,8,130
Ishurdi,2012,10,Maximum,4,210
Ishurdi,2012,11,Maximum,5,310
Ishurdi,2012,12,Maximum,4,360
Ishurdi,2013,1,Maximum,7,310
Ishurdi,2013,2,Maximum,6,310
Ishurdi,2013,3,Maximum,8,310
Ishurdi,2013,4,Maximum,9,270
Ishurdi,2013,5,Maximum,12,130
Ishurdi,2013,6,Maximum,7,270
Ishurdi,2013,7,Maximum,10,130
Ishurdi,2013,8,Maximum,10,130
Ishurdi,2013,9,Maximum,8,130
Ishurdi,2013,10,Maximum,8,360
Ishurdi,2013,11,Maximum,10,360
Ishurdi,2013,12,Maximum,7,310
Ishurdi,2014,1,Maximum,7,360
Ishurdi,2014,2,Maximum,4,310
Ishurdi,2014,3,Maximum,14,230
Ishurdi,2014,4,Maximum,10,50
Ishurdi,2014,5,Maximum,14,270
Ishurdi,2014,6,Maximum,8,270
Ishurdi,2014,7,Maximum,10,130
Ishurdi,2014,8,Maximum,13,90
Ishurdi,2014,9,Maximum,7,130
Ishurdi,2014,10,Maximum,4,50
Ishurdi,2014,11,Maximum,3,360
Ishurdi,2014,12,Maximum,6,270
Ishurdi,2015,1,Maximum,4,360
Ishurdi,2015,1,Minimum,1,310
Ishurdi,2015,2,Maximum,4,180
Ishurdi,2015,2,Minimum,1,310
Ishurdi,2015,3,Maximum,6,310
Ishurdi,2015,3,Minimum,1,310
Ishurdi,2015,4,Maximum,12,270
Ishurdi,2015,4,Minimum,1,180
Ishurdi,2015,5,Maximum,8,90
Ishurdi,2015,5,Minimum,1,130
Ishurdi,2015,6,Maximum,8,130
Ishurdi,2015,6,Minimum,1,180
Ishurdi,2015,7,Maximum,8,50
Ishurdi,2015,7,Minimum,1,180
Ishurdi,2015,8,Maximum,8,180
Ishurdi,2015,8,Minimum,1,130
Ishurdi,2015,9,Maximum,5,130
Ishurdi,2015,9,Minimum,1,180
Ishurdi,2015,10,Maximum,3,90
Ishurdi,2015,10,Minimum,1,130
Ishurdi,2015,11,Maximum,3,360
Ishurdi,2015,11,Minimum,1,90
Ishurdi,2015,12,Maximum,6,360
Ishurdi,2015,12,Minimum,1,270
Ishurdi,2016,1,Maximum,5,360
Ishurdi,2016,1,Minimum,1,360
Ishurdi,2016,2,Maximum,5,270
Ishurdi,2016,2,Minimum,1,130
Ishurdi,2016,3,Maximum,5,180
Ishurdi,2016,3,Minimum,1,180
Ishurdi,2016,4,Maximum,12,180
Ishurdi,2016,4,Minimum,1,130
Ishurdi,2016,5,Maximum,7,130
Ishurdi,2016,5,Minimum,1,50
Ishurdi,2016,6,Maximum,4,180
Ishurdi,2016,6,Minimum,1,130
Ishurdi,2016,7,Maximum,8,180
Ishurdi,2016,7,Minimum,1,130
Ishurdi,2016,8,Maximum,12,130
Ishurdi,2016,8,Minimum,1,130
Ishurdi,2016,9,Maximum,4,180
Ishurdi,2016,9,Minimum,1,180
Ishurdi,2016,10,Maximum,5,360
Ishurdi,2016,10,Minimum,1,230
Ishurdi,2016,11,Maximum,6,310
Ishurdi,2016,11,Minimum,1,310
Ishurdi,2016,12,Maximum,4,360
Ishurdi,2016,12,Minimum,1,310
Ishurdi,2017,1,Maximum,6,360
Ishurdi,2017,1,Minimum,1,270
Ishurdi,2017,2,Maximum,6,270
Ishurdi,2017,2,Minimum,1,360
Ishurdi,2017,3,Maximum,6,180
Ishurdi,2017,3,Minimum,1,130
Ishurdi,2017,4,Maximum,6,360
Ishurdi,2017,4,Minimum,1,130
Ishurdi,2017,5,Maximum,5,180
Ishurdi,2017,5,Minimum,1,180
Ishurdi,2017,6,Maximum,6,360
Ishurdi,2017,6,Minimum,1,130
Ishurdi,2017,7,Maximum,8,130
Ishurdi,2017,7,Minimum,1,130
Ishurdi,2017,8,Maximum,6,130
Ishurdi,2017,8,Minimum,1,180
Ishurdi,2017,9,Maximum,5,270
Ishurdi,2017,9,Minimum,1,230
Ishurdi,2017,10,Maximum,10,50
Ishurdi,2017,10,Minimum,1,90
Ishurdi,2017,11,Maximum,6,360
Ishurdi,2017,11,Minimum,1,270
Ishurdi,2017,12,Maximum,6,310
Ishurdi,2017,12,Minimum,1,360
Ishurdi,2018,1,Maximum,5,310
Ishurdi,2018,1,Minimum,1,310
Ishurdi,2018,2,Maximum,5,310
Ishurdi,2018,2,Minimum,1,270
Ishurdi,2018,3,Maximum,6,270
Ishurdi,2018,3,Minimum,1,180
Ishurdi,2018,4,Maximum,8,180
Ishurdi,2018,4,Minimum,1,230
Ishurdi,2018,5,Maximum,18,20
Ishurdi,2018,5,Minimum,1,90
Ishurdi,2018,6,Maximum,8,310
Ishurdi,2018,6,Minimum,1,90
Ishurdi,2018,7,Maximum,8,310
Ishurdi,2018,7,Minimum,1,180
Ishurdi,2018,8,Maximum,9,180
Ishurdi,2018,8,Minimum,1,180
Ishurdi,2018,9,Maximum,8,130
Ishurdi,2018,9,Minimum,1,230
Ishurdi,2018,10,Maximum,5,180
Ishurdi,2018,10,Minimum,1,130
Ishurdi,2018,11,Maximum,4,310
Ishurdi,2018,11,Minimum,1,180
Ishurdi,2018,12,Maximum,7,360
Ishurdi,2018,12,Minimum,1,310
Ishurdi,2019,1,Maximum,3,310
Ishurdi,2019,1,Minimum,1,360
Ishurdi,2019,2,Maximum,3,310
Ishurdi,2019,2,Minimum,1,180
Ishurdi,2019,3,Maximum,5,310
Ishurdi,2019,3,Minimum,1,220
Ishurdi,2019,4,Maximum,4,180
Ishurdi,2019,4,Minimum,1,90
Ishurdi,2019,5,Maximum,5,310
Ishurdi,2019,5,Minimum,1,130
Ishurdi,2019,6,Maximum,3,310
Ishurdi,2019,6,Minimum,1,130
Ishurdi,2019,7,Maximum,4.5,90
Ishurdi,2019,7,Minimum,1,130
Ishurdi,2019,8,Maximum,9,10
Ishurdi,2019,8,Minimum,1,90
Ishurdi,2019,9,Maximum,3,130
Ishurdi,2019,9,Minimum,1,90
Ishurdi,2019,10,Maximum,3,50
Ishurdi,2019,10,Minimum,1,310
Ishurdi,2019,11,Maximum,4,310
Ishurdi,2019,11,Minimum,1,310
Ishurdi,2019,12,Maximum,3,360
Ishurdi,2019,12,Minimum,1,310
Ishurdi,2020,1,Maximum,2.5,360
Ishurdi,2020,1,Minimum,1,270
Ishurdi,2020,2,Maximum,3,310
Ishurdi,2020,2,Minimum,1,310
Ishurdi,2020,3,Maximum,4,310
Ishurdi,2020,3,Minimum,1,180
Ishurdi,2020,4,Maximum,3,90
Ishurdi,2020,4,Minimum,1,50
Ishurdi,2020,5,Maximum,6,130
Ishurdi,2020,5,Minimum,1,130
Ishurdi,2020,6,Maximum,4,230
Ishurdi,2020,6,Minimum,1,180
Ishurdi,2020,7,Maximum,2.5,130
Ishurdi,2020,7,Minimum,1,180
Ishurdi,2020,8,Maximum,4,130
Ishurdi,2020,8,Minimum,1,130
Ishurdi,2020,9,Maximum,4.5,90
Ishurdi,2020,9,Minimum,1,230
Ishurdi,2020,10,Maximum,3,360
Ishurdi,2020,10,Minimum,1,130
Ishurdi,2020,11,Maximum,3,360
Ishurdi,2020,11,Minimum,1,90
Ishurdi,2020,12,Maximum,15.5,20
Ishurdi,2020,12,Minimum,1,310
Ishurdi,2021,1,Maximum,2.5,360
Ishurdi,2021,1,Minimum,1,360
Ishurdi,2021,2,Maximum,3,310
Ishurdi,2021,2,Minimum,1,360
Ishurdi,2021,3,Maximum,4,310
Ishurdi,2021,3,Minimum,1,310
Ishurdi,2021,4,Maximum,4.5,270
Ishurdi,2021,4,Minimum,1,30
Ishurdi,2021,5,Maximum,4,130
Ishurdi,2021,5,Minimum,1,50
Ishurdi,2021,6,Maximum,3,180
Ishurdi,2021,6,Minimum,1,130
Ishurdi,2021,7,Maximum,9,20
Ishurdi,2021,7,Minimum,1,130
Ishurdi,2021,8,Maximum,2,230
Ishurdi,2021,8,Minimum,1,180
Ishurdi,2021,9,Maximum,2.5,130
Ishurdi,2021,9,Minimum,1,90
Ishurdi,2021,10,Maximum,2.5,180
Ishurdi,2021,10,Minimum,1,310
Ishurdi,2021,11,Maximum,3,360
Ishurdi,2021,11,Minimum,1,50
Ishurdi,2021,12,Maximum,15.5,30
Ishurdi,2021,12,Minimum,1,50
Ishurdi,2022,1,Maximum,2.5,310
Ishurdi,2022,1,Minimum,1,360
Ishurdi,2022,2,Maximum,3,310
Ishurdi,2022,2,Minimum,1,50
Ishurdi,2022,3,Maximum,3.5,180
Ishurdi,2022,3,Minimum,1,360
Ishurdi,2022,4,Maximum,4,180
Ishurdi,2022,4,Minimum,1,90
Ishurdi,2022,5,Maximum,4,130
Ishurdi,2022,5,Minimum,1,130
Ishurdi,2022,6,Maximum,9,20
Ishurdi,2022,6,Minimum,1,50
Ishurdi,2022,7,Maximum,4,130
Ishurdi,2022,7,Minimum,2,130
Ishurdi,2022,8,Maximum,5,180
Ishurdi,2022,8,Minimum,2,130
Ishurdi,2022,9,Maximum,3,270
Ishurdi,2022,9,Minimum,1,360
Ishurdi,2022,10,Maximum,4.5,360
Ishurdi,2022,10,Minimum,2,130
Ishurdi,2022,11,Maximum,2.5,360
Ishurdi,2022,11,Minimum,1,360
Ishurdi,2022,12,Maximum,3,360
Ishurdi,2022,12,Minimum,1,270
Ishurdi,2023,1,Maximum,3,310
Ishurdi,2023,1,Minimum,1,360
Ishurdi,2023,2,Maximum,3,310
Ishurdi,2023,2,Minimum,1,270
Ishurdi,2023,3,Maximum,3,270
Ishurdi,2023,3,Minimum,1,310
Ishurdi,2023,4,Maximum,3,180
Ishurdi,2023,4,Minimum,1,130
Ishurdi,2023,5,Maximum,4,230
Ishurdi,2023,5,Minimum,1,50
Ishurdi,2023,6,Maximum,4,90
Ishurdi,2023,6,Minimum,1,130
Ishurdi,2023,7,Maximum,2,130
Ishurdi,2023,7,Minimum,1,180
Ishurdi,2023,8,Maximum,4,130
Ishurdi,2023,8,Minimum,1,130
Ishurdi,2023,9,Maximum,5,130
Ishurdi,2023,9,Minimum,1,90
Ishurdi,2023,10,Maximum,2,130
Ishurdi,2023,10,Minimum,1,360
Ishurdi,2023,11,Maximum,3,310
Ishurdi,2023,11,Minimum,1,50
Ishurdi,2023,12,Maximum,4,360
Ishurdi,2023,12,Minimum,1,360
Ishurdi,2024,1,Maximum,2.5,230
Ishurdi,2024,1,Minimum,1,50
Ishurdi,2024,2,Maximum,2.5,310
Ishurdi,2024,2,Minimum,1,90
Ishurdi,2024,3,Maximum,4,360
Ishurdi,2024,3,Minimum,1,130
Ishurdi,2024,4,Maximum,13.5,30
Ishurdi,2024,4,Minimum,1,310
Ishurdi,2024,5,Maximum,6,50
Ishurdi,2024,5,Minimum,1,230
Ishurdi,2024,6,Maximum,3,130
Ishurdi,2024,6,Minimum,2,230
Ishurdi,2024,7,Maximum,9,20
Ishurdi,2024,7,Minimum,2,220
Jessore,2011,1,Maximum,10,280
Jessore,2011,2,Maximum,16,360
Jessore,2011,3,Maximum,22,270
Jessore,2011,4,Maximum,20,260
Jessore,2011,5,Maximum,20,350
Jessore,2011,6,Maximum,28,70
Jessore,2011,7,Maximum,18,210
Jessore,2011,8,Maximum,18,110
Jessore,2011,9,Maximum,17,120
Jessore,2011,10,Maximum,16,110
Jessore,2011,11,Maximum,7,80
Jessore,2011,12,Maximum,8,360
Jessore,2012,1,Maximum,10,20
Jessore,2012,2,Maximum,10,360
Jessore,2012,3,Maximum,60,280
Jessore,2012,4,Maximum,27,270
Jessore,2012,5,Maximum,21,230
Jessore,2012,6,Maximum,21,210
Jessore,2012,7,Maximum,17,230
Jessore,2012,8,Maximum,17,130
Jessore,2012,9,Maximum,18,170
Jessore,2012,10,Maximum,16,40
Jessore,2012,11,Maximum,10,360
Jessore,2012,12,Maximum,8,360
Jessore,2013,1,Maximum,10,360
Jessore,2013,2,Maximum,12,40
Jessore,2013,3,Maximum,12,280
Jessore,2013,4,Maximum,18,240
Jessore,2013,5,Maximum,30,160
Jessore,2013,6,Maximum,20,110
Jessore,2013,7,Maximum,16,110
Jessore,2013,8,Maximum,18,80
Jessore,2013,9,Maximum,20,180
Jessore,2013,10,Maximum,18,160
Jessore,2013,11,Maximum,10,350
Jessore,2013,12,Maximum,8,280
Jessore,2014,1,Maximum,12,360
Jessore,2014,2,Maximum,16,30
Jessore,2014,3,Maximum,16,220
Jessore,2014,4,Maximum,17,180
Jessore,2014,5,Maximum,20,290
Jessore,2014,6,Maximum,16,260
Jessore,2014,7,Maximum,18,140
Jessore,2014,8,Maximum,17,120
Jessore,2014,9,Maximum,14,180
Jessore,2014,10,Maximum,16,110
Jessore,2014,11,Maximum,7,300
Jessore,2014,12,Maximum,6,40
Jessore,2015,1,Maximum,8,360
Jessore,2015,1,Minimum,2,310
Jessore,2015,2,Maximum,10,290
Jessore,2015,2,Minimum,1,80
Jessore,2015,3,Maximum,34,240
Jessore,2015,3,Minimum,2,190
Jessore,2015,4,Maximum,18,230
Jessore,2015,4,Minimum,3,170
Jessore,2015,5,Maximum,22,280
Jessore,2015,5,Minimum,3,200
Jessore,2015,6,Maximum,18,200
Jessore,2015,6,Minimum,3,170
Jessore,2015,7,Maximum,17,10
Jessore,2015,7,Minimum,3,80
Jessore,2015,8,Maximum,16,230
Jessore,2015,8,Minimum,3,100
Jessore,2015,9,Maximum,12,270
Jessore,2015,9,Minimum,3,190
Jessore,2015,10,Maximum,16,90
Jessore,2015,10,Minimum,2,80
Jessore,2015,11,Maximum,6,350
Jessore,2015,11,Minimum,3,80
Jessore,2015,12,Maximum,8,20
Jessore,2015,12,Minimum,2,180
Jessore,2016,1,Maximum,6,350
Jessore,2016,1,Minimum,3,250
Jessore,2016,2,Maximum,60,60
Jessore,2016,2,Minimum,3,140
Jessore,2016,3,Maximum,36,10
Jessore,2016,3,Minimum,2,350
Jessore,2016,4,Maximum,20,210
Jessore,2016,4,Minimum,3,130
Jessore,2016,5,Maximum,24,360
Jessore,2016,5,Minimum,3,110
Jessore,2016,6,Maximum,12,240
Jessore,2016,6,Minimum,2,100
Jessore,2016,7,Maximum,16,180
Jessore,2016,7,Minimum,3,160
Jessore,2016,8,Maximum,27,270
Jessore,2016,8,Minimum,1,80
Jessore,2016,9,Maximum,12,290
Jessore,2016,9,Minimum,2,60
Jessore,2016,10,Maximum,12,180
Jessore,2016,10,Minimum,3,90
Jessore,2016,11,Maximum,6,360
Jessore,2016,11,Minimum,3,10
Jessore,2016,12,Maximum,7,350
Jessore,2016,12,Minimum,3,10
Jessore,2017,1,Maximum,14,350
Jessore,2017,1,Minimum,3,330
Jessore,2017,2,Maximum,12,210
Jessore,2017,2,Minimum,3,330
Jessore,2017,3,Maximum,18,240
Jessore,2017,3,Minimum,1,170
Jessore,2017,4,Maximum,38,90
Jessore,2017,4,Minimum,2,220
Jessore,2017,5,Maximum,30,300
Jessore,2017,5,Minimum,3,60
Jessore,2017,6,Maximum,18,90
Jessore,2017,6,Minimum,2,180
Jessore,2017,7,Maximum,12,200
Jessore,2017,7,Minimum,3,180
Jessore,2017,8,Maximum,18,160
Jessore,2017,8,Minimum,3,200
Jessore,2017,9,Maximum,18,160
Jessore,2017,9,Minimum,3,220
Jessore,2017,10,Maximum,20,240
Jessore,2017,10,Minimum,2,230
Jessore,2017,11,Maximum,9,40
Jessore,2017,11,Minimum,3,10
Jessore,2017,12,Maximum,6,350
Jessore,2017,12,Minimum,3,30
Jessore,2018,1,Maximum,9,350
Jessore,2018,1,Minimum,3,350
Jessore,2018,2,Maximum,6,290
Jessore,2018,2,Minimum,3,220
Jessore,2018,3,Maximum,12,140
Jessore,2018,3,Minimum,2,10
Jessore,2018,4,Maximum,27,290
Jessore,2018,4,Minimum,2,220
Jessore,2018,5,Maximum,18,210
Jessore,2018,5,Minimum,3,150
Jessore,2018,6,Maximum,12,180
Jessore,2018,6,Minimum,2,210
Jessore,2018,7,Maximum,18,200
Jessore,2018,7,Minimum,3,230
Jessore,2018,8,Maximum,16,110
Jessore,2018,8,Minimum,3,200
Jessore,2018,9,Maximum,18,120
Jessore,2018,9,Minimum,3,110
Jessore,2018,10,Maximum,18,140
Jessore,2018,10,Minimum,3,120
Jessore,2018,11,Maximum,8,140
Jessore,2018,11,Minimum,3,210
Jessore,2018,12,Maximum,12,10
Jessore,2018,12,Minimum,3,40
Jessore,2019,1,Maximum,6,360
Jessore,2019,1,Minimum,3,20
Jessore,2019,2,Maximum,9,330
Jessore,2019,2,Minimum,3,120
Jessore,2019,3,Maximum,9,350
Jessore,2019,3,Minimum,3,190
Jessore,2019,4,Maximum,14,360
Jessore,2019,4,Minimum,1,200
Jessore,2019,5,Maximum,13,240
Jessore,2019,5,Minimum,3,80
Jessore,2019,6,Maximum,7.5,230
Jessore,2019,6,Minimum,3,150
Jessore,2019,7,Maximum,8.5,40
Jessore,2019,7,Minimum,3,100
Jessore,2019,8,Maximum,9,80
Jessore,2019,8,Minimum,3,170
Jessore,2019,9,Maximum,8.5,190
Jessore,2019,9,Minimum,3,100
Jessore,2019,10,Maximum,9,180
Jessore,2019,10,Minimum,3,360
Jessore,2019,11,Maximum,13,20
Jessore,2019,11,Minimum,3,350
Jessore,2019,12,Maximum,4.5,350
Jessore,2019,12,Minimum,3,300
Jessore,2020,1,Maximum,4.5,330
Jessore,2020,1,Minimum,2,110
Jessore,2020,2,Maximum,4.5,300
Jessore,2020,2,Minimum,3,30
Jessore,2020,3,Maximum,9,330
Jessore,2020,3,Minimum,3,350
Jessore,2020,4,Maximum,9,220
Jessore,2020,4,Minimum,2,160
Jessore,2020,5,Maximum,37.5,180
Jessore,2020,5,Minimum,3,180
Jessore,2020,6,Maximum,11,220
Jessore,2020,6,Minimum,3,210
Jessore,2020,7,Maximum,6,190
Jessore,2020,7,Minimum,3,200
Jessore,2020,8,Maximum,9,130
Jessore,2020,8,Minimum,3,210
Jessore,2020,9,Maximum,8,230
Jessore,2020,9,Minimum,2,270
Jessore,2020,10,Maximum,8,210
Jessore,2020,10,Minimum,3,110
Jessore,2020,11,Maximum,4,20
Jessore,2020,11,Minimum,3,40
Jessore,2020,12,Maximum,5,350
Jessore,2020,12,Minimum,3,10
Jessore,2021,1,Maximum,3,300
Jessore,2021,1,Minimum,3,10
Jessore,2021,2,Maximum,8,270
Jessore,2021,2,Minimum,3,350
Jessore,2021,3,Maximum,9,270
Jessore,2021,3,Minimum,3,220
Jessore,2021,4,Maximum,8,190
Jessore,2021,4,Minimum,2,230
Jessore,2021,5,Maximum,12,90
Jessore,2021,5,Minimum,3,270
Jessore,2021,6,Maximum,10,10
Jessore,2021,6,Minimum,1,180
Jessore,2021,7,Maximum,11.5,70
Jessore,2021,7,Minimum,3,200
Jessore,2021,8,Maximum,6,210
Jessore,2021,8,Minimum,2,140
Jessore,2021,9,Maximum,9,180
Jessore,2021,9,Minimum,3,180
Jessore,2021,10,Maximum,8.5,170
Jessore,2021,10,Minimum,2,210
Jessore,2021,11,Maximum,4,360
Jessore,2021,11,Minimum,3,50
Jessore,2021,12,Maximum,6,360
Jessore,2021,12,Minimum,3,90
Jessore,2022,1,Maximum,5,360
Jessore,2022,1,Minimum,3,20
Jessore,2022,2,Maximum,8,350
Jessore,2022,2,Minimum,2,60
Jessore,2022,3,Maximum,8,230
Jessore,2022,3,Minimum,3,20
Jessore,2022,4,Maximum,8,240
Jessore,2022,4,Minimum,3,240
Jessore,2022,5,Maximum,9,230
Jessore,2022,5,Minimum,3,180
Jessore,2022,6,Maximum,8.5,240
Jessore,2022,6,Minimum,3,170
Jessore,2022,7,Maximum,9,130
Jessore,2022,7,Minimum,3,110
Jessore,2022,8,Maximum,10,120
Jessore,2022,8,Minimum,3,160
Jessore,2022,9,Maximum,6,170
Jessore,2022,9,Minimum,2,220
Jessore,2022,10,Maximum,10,30
Jessore,2022,10,Minimum,2,20
Jessore,2022,11,Maximum,3,360
Jessore,2022,11,Minimum,2,10
Jessore,2022,12,Maximum,3,330
Jessore,2022,12,Minimum,3,350
Jessore,2023,1,Maximum,4.5,360
Jessore,2023,1,Minimum,3,340
Jessore,2023,2,Maximum,8,350
Jessore,2023,2,Minimum,2,290
Jessore,2023,3,Maximum,25,70
Jessore,2023,3,Minimum,1,250
Jessore,2023,4,Maximum,8,280
Jessore,2023,4,Minimum,2,340
Jessore,2023,5,Maximum,11,200
Jessore,2023,5,Minimum,1,230
Jessore,2023,6,Maximum,31.5,220
Jessore,2023,6,Minimum,3,170
Jessore,2023,7,Maximum,6,150
Jessore,2023,7,Minimum,2,130
Jessore,2023,8,Maximum,10,110
Jessore,2023,8,Minimum,2,200
Jessore,2023,9,Maximum,7,140
Jessore,2023,9,Minimum,3,170
Jessore,2023,10,Maximum,14,30
Jessore,2023,10,Minimum,3,140
Jessore,2023,11,Maximum,7,40
Jessore,2023,11,Minimum,2,130
Jessore,2023,12,Maximum,3,330
Jessore,2023,12,Minimum,1,30
Jessore,2024,1,Maximum,5,330
Jessore,2024,1,Minimum,3,40
Jessore,2024,2,Maximum,6.5,80
Jessore,2024,2,Minimum,3,240
Jessore,2024,3,Maximum,6,290
Jessore,2024,3,Minimum,3,350
Jessore,2024,4,Maximum,11.5,60
Jessore,2024,4,Minimum,3,210
Jessore,2024,5,Maximum,17.5,340
Jessore,2024,5,Minimum,3,180
Jessore,2024,6,Maximum,11,190
Jessore,2024,6,Minimum,3,190
Jessore,2024,7,Maximum,8.5,230
Jessore,2024,7,Minimum,3,120
Khepupara,2011,1,Maximum,7,360
Khepupara,2011,2,Maximum,12,320
Khepupara,2011,3,Maximum,16,180
Khepupara,2011,4,Maximum,15,270
Khepupara,2011,5,Maximum,18,180
Khepupara,2011,6,Maximum,35,150
Khepupara,2011,7,Maximum,20,270
Khepupara,2011,8,Maximum,12,180
Khepupara,2011,9,Maximum,13,90
Khepupara,2011,10,Maximum,8,130
Khepupara,2011,11,Maximum,6,290
Khepupara,2011,12,Maximum,8,360
Khepupara,2012,1,Maximum,13,360
Khepupara,2012,2,Maximum,12,90
Khepupara,2012,3,Maximum,12,220
Khepupara,2012,4,Maximum,18,270
Khepupara,2012,5,Maximum,12,180
Khepupara,2012,6,Maximum,16,180
Khepupara,2012,7,Maximum,15,230
Khepupara,2012,8,Maximum,9,230
Khepupara,2012,9,Maximum,9,130
Khepupara,2012,10,Maximum,18,270
Khepupara,2012,11,Maximum,5,310
Khepupara,2012,12,Maximum,6,360
Khepupara,2013,1,Maximum,6,360
Khepupara,2013,2,Maximum,14,360
Khepupara,2013,3,Maximum,10,230
Khepupara,2013,4,Maximum,0,0
Khepupara,2013,5,Maximum,54,310
Khepupara,2013,6,Maximum,16,180
Khepupara,2013,7,Maximum,14,180
Khepupara,2013,8,Maximum,14,180
Khepupara,2013,9,Maximum,10,150
Khepupara,2013,10,Maximum,14,210
Khepupara,2013,11,Maximum,6,360
Khepupara,2013,12,Maximum,5,290
Khepupara,2014,1,Maximum,7,360
Khepupara,2014,2,Maximum,12,360
Khepupara,2014,3,Maximum,14,140
Khepupara,2014,4,Maximum,15,50
Khepupara,2014,5,Maximum,16,230
Khepupara,2014,6,Maximum,15,270
Khepupara,2014,7,Maximum,15,130
Khepupara,2014,8,Maximum,18,230
Khepupara,2014,9,Maximum,15,180
Khepupara,2014,10,Maximum,8,360
Khepupara,2014,11,Maximum,5,360
Khepupara,2014,12,Maximum,12,360
Khepupara,2015,1,Maximum,4,320
Khepupara,2015,1,Minimum,1,360
Khepupara,2015,2,Maximum,10,90
Khepupara,2015,2,Minimum,1,360
Khepupara,2015,3,Maximum,12,360
Khepupara,2015,3,Minimum,1,290
Khepupara,2015,4,Maximum,17,130
Khepupara,2015,4,Minimum,1,230
Khepupara,2015,5,Maximum,13,360
Khepupara,2015,5,Minimum,2,180
Khepupara,2015,6,Maximum,12,180
Khepupara,2015,6,Minimum,1,230
Khepupara,2015,7,Maximum,11,140
Khepupara,2015,7,Minimum,2,320
Khepupara,2015,8,Maximum,12,180
Khepupara,2015,8,Minimum,2,180
Khepupara,2015,9,Maximum,13,140
Khepupara,2015,9,Minimum,2,230
Khepupara,2015,10,Maximum,8,180
Khepupara,2015,10,Minimum,2,310
Khepupara,2015,11,Maximum,3,50
Khepupara,2015,11,Minimum,1,40
Khepupara,2015,12,Maximum,4,360
Khepupara,2015,12,Minimum,1,360
Khepupara,2016,1,Maximum,4,360
Khepupara,2016,1,Minimum,2,360
Khepupara,2016,2,Maximum,6,180
Khepupara,2016,2,Minimum,2,230
Khepupara,2016,3,Maximum,10,90
Khepupara,2016,3,Minimum,1,220
Khepupara,2016,4,Maximum,12,230
Khepupara,2016,4,Minimum,1,130
Khepupara,2016,5,Maximum,20,180
Khepupara,2016,5,Minimum,1,140
Khepupara,2016,6,Maximum,14,310
Khepupara,2016,6,Minimum,1,230
Khepupara,2016,7,Maximum,14,230
Khepupara,2016,7,Minimum,1,230
Khepupara,2016,8,Maximum,15,180
Khepupara,2016,8,Minimum,1,140
Khepupara,2016,9,Maximum,6,200
Khepupara,2016,9,Minimum,1,230
Khepupara,2016,10,Maximum,5,140
Khepupara,2016,10,Minimum,1,130
Khepupara,2016,11,Maximum,8,360
Khepupara,2016,11,Minimum,1,360
Khepupara,2016,12,Maximum,4,360
Khepupara,2016,12,Minimum,1,360
Khepupara,2017,1,Maximum,8,360
Khepupara,2017,1,Minimum,1,360
Khepupara,2017,2,Maximum,8,180
Khepupara,2017,2,Minimum,1,180
Khepupara,2017,3,Maximum,11,180
Khepupara,2017,3,Minimum,1,230
Khepupara,2017,4,Maximum,14,180
Khepupara,2017,4,Minimum,1,230
Khepupara,2017,5,Maximum,12,360
Khepupara,2017,5,Minimum,1,180
Khepupara,2017,6,Maximum,15,90
Khepupara,2017,6,Minimum,1,150
Khepupara,2017,7,Maximum,13,180
Khepupara,2017,7,Minimum,1,150
Khepupara,2017,8,Maximum,13,150
Khepupara,2017,8,Minimum,1,180
Khepupara,2017,9,Maximum,6,220
Khepupara,2017,9,Minimum,1,230
Khepupara,2017,10,Maximum,25,220
Khepupara,2017,10,Minimum,1,180
Khepupara,2017,11,Maximum,5,310
Khepupara,2017,11,Minimum,1,360
Khepupara,2017,12,Maximum,10,180
Khepupara,2017,12,Minimum,1,290
Khepupara,2018,1,Maximum,6,290
Khepupara,2018,1,Minimum,1,290
Khepupara,2018,2,Maximum,8,290
Khepupara,2018,2,Minimum,1,270
Khepupara,2018,3,Maximum,20,310
Khepupara,2018,3,Minimum,1,180
Khepupara,2018,4,Maximum,15,180
Khepupara,2018,4,Minimum,1,130
Khepupara,2018,5,Maximum,17,220
Khepupara,2018,5,Minimum,1,180
Khepupara,2018,6,Maximum,14,180
Khepupara,2018,6,Minimum,1,360
Khepupara,2018,7,Maximum,15,180
Khepupara,2018,7,Minimum,1,360
Khepupara,2018,8,Maximum,15,150
Khepupara,2018,8,Minimum,1,130
Khepupara,2018,9,Maximum,13,130
Khepupara,2018,9,Minimum,1,180
Khepupara,2018,10,Maximum,9,310
Khepupara,2018,10,Minimum,1,290
Khepupara,2018,11,Maximum,2,360
Khepupara,2018,11,Minimum,1,290
Khepupara,2018,12,Maximum,6,360
Khepupara,2018,12,Minimum,1,360
Khepupara,2019,1,Maximum,6,360
Khepupara,2019,1,Minimum,1,360
Khepupara,2019,2,Maximum,6,310
Khepupara,2019,2,Minimum,1,90
Khepupara,2019,3,Maximum,7.5,290
Khepupara,2019,3,Minimum,1,220
Khepupara,2019,4,Maximum,7,180
Khepupara,2019,4,Minimum,1,180
Khepupara,2019,5,Maximum,11.5,130
Khepupara,2019,5,Minimum,1,230
Khepupara,2019,6,Maximum,6.5,180
Khepupara,2019,6,Minimum,1,230
Khepupara,2019,7,Maximum,6,150
Khepupara,2019,7,Minimum,1,180
Khepupara,2019,8,Maximum,8,150
Khepupara,2019,8,Minimum,1,90
Khepupara,2019,9,Maximum,8,230
Khepupara,2019,9,Minimum,1,150
Khepupara,2019,10,Maximum,3.5,50
Khepupara,2019,10,Minimum,1,180
Khepupara,2019,11,Maximum,10,220
Khepupara,2019,11,Minimum,1,360
Khepupara,2019,12,Maximum,3,140
Khepupara,2019,12,Minimum,1,360
Khepupara,2020,1,Maximum,3,310
Khepupara,2020,1,Minimum,1,360
Khepupara,2020,2,Maximum,3.5,360
Khepupara,2020,2,Minimum,1,290
Khepupara,2020,3,Maximum,4,360
Khepupara,2020,3,Minimum,1,180
Khepupara,2020,4,Maximum,7,310
Khepupara,2020,4,Minimum,1,230
Khepupara,2020,5,Maximum,20,130
Khepupara,2020,5,Minimum,1,230
Khepupara,2020,6,Maximum,5,220
Khepupara,2020,6,Minimum,1,220
Khepupara,2020,7,Maximum,5.5,220
Khepupara,2020,7,Minimum,1,230
Khepupara,2020,8,Maximum,7,230
Khepupara,2020,8,Minimum,1,90
Khepupara,2020,9,Maximum,5,360
Khepupara,2020,9,Minimum,1,90
Khepupara,2020,10,Maximum,7.5,150
Khepupara,2020,10,Minimum,1,270
Khepupara,2020,11,Maximum,2.5,140
Khepupara,2020,11,Minimum,1,360
Khepupara,2020,12,Maximum,1.5,360
Khepupara,2020,12,Minimum,1,360
Khepupara,2021,1,Maximum,3,360
Khepupara,2021,1,Minimum,1,360
Khepupara,2021,2,Maximum,15.5,40
Khepupara,2021,2,Minimum,1,180
Khepupara,2021,3,Maximum,6.5,180
Khepupara,2021,3,Minimum,1,310
Khepupara,2021,4,Maximum,11.5,10
Khepupara,2021,4,Minimum,1,180
Khepupara,2021,5,Maximum,8,130
Khepupara,2021,5,Minimum,1,310
Khepupara,2021,6,Maximum,4.5,310
Khepupara,2021,6,Minimum,1,180
Khepupara,2021,7,Maximum,6,180
Khepupara,2021,7,Minimum,1,230
Khepupara,2021,8,Maximum,4,180
Khepupara,2021,8,Minimum,1,130
Khepupara,2021,9,Maximum,6.5,130
Khepupara,2021,9,Minimum,1,130
Khepupara,2021,10,Maximum,6,130
Khepupara,2021,10,Minimum,1,310
Khepupara,2021,11,Maximum,2,360
Khepupara,2021,11,Minimum,1,360
Khepupara,2021,12,Maximum,2.5,360
Khepupara,2021,12,Minimum,1,360
Khepupara,2022,1,Maximum,3,360
Khepupara,2022,1,Minimum,1,360
Khepupara,2022,2,Maximum,4.5,360
Khepupara,2022,2,Minimum,1,20
Khepupara,2022,3,Maximum,18,20
Khepupara,2022,3,Minimum,1,230
Khepupara,2022,4,Maximum,11.5,40
Khepupara,2022,4,Minimum,1,230
Khepupara,2022,5,Maximum,5,180
Khepupara,2022,5,Minimum,1,230
Khepupara,2022,6,Maximum,11.5,20
Khepupara,2022,6,Minimum,1,230
Khepupara,2022,7,Maximum,5,140
Khepupara,2022,7,Minimum,1,130
Khepupara,2022,8,Maximum,10.5,220
Khepupara,2022,8,Minimum,1,220
Khepupara,2022,9,Maximum,5,100
Khepupara,2022,9,Minimum,1,180
Khepupara,2022,10,Maximum,8,360
Khepupara,2022,10,Minimum,1,360
Khepupara,2022,11,Maximum,2.5,350
Khepupara,2022,11,Minimum,1,360
Khepupara,2022,12,Maximum,1,290
Khepupara,2022,12,Minimum,1,360
Khepupara,2023,1,Maximum,2,360
Khepupara,2023,1,Minimum,1,360
Khepupara,2023,2,Maximum,3,230
Khepupara,2023,2,Minimum,1,290
Khepupara,2023,3,Maximum,5,270
Khepupara,2023,3,Minimum,1,360
Khepupara,2023,4,Maximum,3,360
Khepupara,2023,4,Minimum,1,180
Khepupara,2023,5,Maximum,5.5,180
Khepupara,2023,5,Minimum,1,180
Khepupara,2023,6,Maximum,6,230
Khepupara,2023,6,Minimum,1,230
Khepupara,2023,7,Maximum,4,130
Khepupara,2023,7,Minimum,1,230
Khepupara,2023,8,Maximum,8,130
Khepupara,2023,8,Minimum,1,230
Khepupara,2023,9,Maximum,4,360
Khepupara,2023,9,Minimum,1,130
Khepupara,2023,10,Maximum,4,180
Khepupara,2023,10,Minimum,1,360
Khepupara,2023,11,Maximum,8,130
Khepupara,2023,11,Minimum,1,360
Khepupara,2023,12,Maximum,2,360
Khepupara,2023,12,Minimum,1,360
Khepupara,2024,1,Maximum,3,360
Khepupara,2024,1,Minimum,1,360
Khepupara,2024,2,Maximum,3,180
Khepupara,2024,2,Minimum,1,180
Khepupara,2024,3,Maximum,2.5,230
Khepupara,2024,3,Minimum,1,180
Khepupara,2024,4,Maximum,4.5,50
Khepupara,2024,4,Minimum,1,220
Khepupara,2024,5,Maximum,8,90
Khepupara,2024,5,Minimum,1,180
Khulna,2011,1,Maximum,4,310
Khulna,2011,2,Maximum,6,330
Khulna,2011,3,Maximum,12,270
Khulna,2011,4,Maximum,8,330
Khulna,2011,5,Maximum,12,310
Khulna,2011,6,Maximum,16,90
Khulna,2011,7,Maximum,6,180
Khulna,2011,8,Maximum,10,130
Khulna,2011,9,Maximum,10,130
Khulna,2011,10,Maximum,4,130
Khulna,2011,11,Maximum,3,340
Khulna,2011,12,Maximum,4,330
Khulna,2012,1,Maximum,4,360
Khulna,2012,2,Maximum,4,340
Khulna,2012,3,Maximum,5,220
Khulna,2012,4,Maximum,10,310
Khulna,2012,5,Maximum,10,230
Khulna,2012,6,Maximum,8,180
Khulna,2012,7,Maximum,6,130
Khulna,2012,8,Maximum,6,180
Khulna,2012,9,Maximum,4,130
Khulna,2012,10,Maximum,4,130
Khulna,2012,11,Maximum,3,270
Khulna,2012,12,Maximum,3,360
Khulna,2013,1,Maximum,4,330
Khulna,2013,2,Maximum,5,310
Khulna,2013,3,Maximum,4,180
Khulna,2013,4,Maximum,8,360
Khulna,2013,5,Maximum,12,130
Khulna,2013,6,Maximum,5,130
Khulna,2013,7,Maximum,6,130
Khulna,2013,8,Maximum,6,130
Khulna,2013,9,Maximum,4,90
Khulna,2013,10,Maximum,12,130
Khulna,2013,11,Maximum,4,310
Khulna,2013,12,Maximum,4,330
Khulna,2014,1,Maximum,3,360
Khulna,2014,2,Maximum,10,310
Khulna,2014,3,Maximum,8,310
Khulna,2014,4,Maximum,12,90
Khulna,2014,5,Maximum,8,180
Khulna,2014,6,Maximum,6,180
Khulna,2014,7,Maximum,8,130
Khulna,2014,8,Maximum,12,90
Khulna,2014,9,Maximum,4,180
Khulna,2014,10,Maximum,3,130
Khulna,2014,11,Maximum,3,320
Khulna,2014,12,Maximum,3,320
Khulna,2015,1,Maximum,4,360
Khulna,2015,1,Minimum,1,310
Khulna,2015,2,Maximum,4,180
Khulna,2015,2,Minimum,1,180
Khulna,2015,3,Maximum,6,310
Khulna,2015,3,Minimum,1,50
Khulna,2015,4,Maximum,10,310
Khulna,2015,4,Minimum,1,130
Khulna,2015,5,Maximum,14,180
Khulna,2015,5,Minimum,1,130
Khulna,2015,6,Maximum,12,180
Khulna,2015,6,Minimum,1,180
Khulna,2015,7,Maximum,9,50
Khulna,2015,7,Minimum,1,50
Khulna,2015,8,Maximum,10,130
Khulna,2015,8,Minimum,1,180
Khulna,2015,9,Maximum,9,130
Khulna,2015,9,Minimum,1,180
Khulna,2015,10,Maximum,8,180
Khulna,2015,10,Minimum,1,180
Khulna,2015,11,Maximum,4,310
Khulna,2015,11,Minimum,1,330
Khulna,2015,12,Maximum,6,310
Khulna,2015,12,Minimum,1,360
Khulna,2016,1,Maximum,6,310
Khulna,2016,1,Minimum,1,230
Khulna,2016,2,Maximum,7,130
Khulna,2016,2,Minimum,1,270
Khulna,2016,3,Maximum,8,180
Khulna,2016,3,Minimum,1,180
Khulna,2016,4,Maximum,8,210
Khulna,2016,4,Minimum,1,130
Khulna,2016,5,Maximum,12,50
Khulna,2016,5,Minimum,1,130
Khulna,2016,6,Maximum,8,130
Khulna,2016,6,Minimum,1,180
Khulna,2016,7,Maximum,23,20
Khulna,2016,7,Minimum,1,160
Khulna,2016,8,Maximum,12,130
Khulna,2016,8,Minimum,1,360
Khulna,2016,9,Maximum,6,180
Khulna,2016,9,Minimum,1,210
Khulna,2016,10,Maximum,3,130
Khulna,2016,10,Minimum,1,90
Khulna,2016,11,Maximum,6,60
Khulna,2016,11,Minimum,1,50
Khulna,2016,12,Maximum,3,360
Khulna,2016,12,Minimum,1,320
Khulna,2017,1,Maximum,8,360
Khulna,2017,1,Minimum,1,360
Khulna,2017,2,Maximum,6,180
Khulna,2017,2,Minimum,1,180
Khulna,2017,3,Maximum,9,180
Khulna,2017,3,Minimum,1,180
Khulna,2017,4,Maximum,10,150
Khulna,2017,4,Minimum,1,210
Khulna,2017,5,Maximum,8,150
Khulna,2017,5,Minimum,1,180
Khulna,2017,6,Maximum,8,180
Khulna,2017,6,Minimum,1,180
Khulna,2017,7,Maximum,6,180
Khulna,2017,7,Minimum,1,130
Khulna,2017,8,Maximum,8,130
Khulna,2017,8,Minimum,1,280
Khulna,2017,9,Maximum,9,180
Khulna,2017,9,Minimum,1,270
Khulna,2017,10,Maximum,10,130
Khulna,2017,10,Minimum,1,280
Khulna,2017,11,Maximum,4,330
Khulna,2017,11,Minimum,1,90
Khulna,2017,12,Maximum,2,330
Khulna,2017,12,Minimum,1,320
Khulna,2018,1,Maximum,4,320
Khulna,2018,1,Minimum,1,360
Khulna,2018,2,Maximum,4,180
Khulna,2018,2,Minimum,1,360
Khulna,2018,3,Maximum,6,180
Khulna,2018,3,Minimum,1,180
Khulna,2018,4,Maximum,12,270
Khulna,2018,4,Minimum,1,50
Khulna,2018,5,Maximum,10,270
Khulna,2018,5,Minimum,1,230
Khulna,2018,6,Maximum,12,100
Khulna,2018,6,Minimum,1,130
Khulna,2018,7,Maximum,7,140
Khulna,2018,7,Minimum,1,230
Khulna,2018,8,Maximum,9,130
Khulna,2018,8,Minimum,1,130
Khulna,2018,9,Maximum,5,130
Khulna,2018,9,Minimum,1,130
Khulna,2018,10,Maximum,7,140
Khulna,2018,10,Minimum,1,310
Khulna,2018,11,Maximum,5,130
Khulna,2018,11,Minimum,1,360
Khulna,2018,12,Maximum,4,330
Khulna,2018,12,Minimum,1,360
Khulna,2019,1,Maximum,2,360
Khulna,2019,1,Minimum,1,320
Khulna,2019,2,Maximum,2.5,130
Khulna,2019,2,Minimum,1,50
Khulna,2019,3,Maximum,7.5,310
Khulna,2019,3,Minimum,1,230
Khulna,2019,4,Maximum,7,330
Khulna,2019,4,Minimum,1,180
Khulna,2019,5,Maximum,9,180
Khulna,2019,5,Minimum,1,180
Khulna,2019,6,Maximum,3,230
Khulna,2019,6,Minimum,1,130
Khulna,2019,7,Maximum,5,180
Khulna,2019,7,Minimum,1,180
Khulna,2019,8,Maximum,5,130
Khulna,2019,8,Minimum,1,130
Khulna,2019,9,Maximum,4,210
Khulna,2019,9,Minimum,1,180
Khulna,2019,10,Maximum,2,100
Khulna,2019,10,Minimum,1,180
Khulna,2019,11,Maximum,10,70
Khulna,2019,11,Minimum,1,320
Khulna,2019,12,Maximum,1.5,330
Khulna,2019,12,Minimum,1,360
Khulna,2020,1,Maximum,1.5,360
Khulna,2020,1,Minimum,1,340
Khulna,2020,2,Maximum,2,330
Khulna,2020,2,Minimum,1,80
Khulna,2020,3,Maximum,2.5,270
Khulna,2020,3,Minimum,1,360
Khulna,2020,4,Maximum,4,150
Khulna,2020,4,Minimum,1,150
Khulna,2020,5,Maximum,10.5,140
Khulna,2020,5,Minimum,1,180
Khulna,2020,6,Maximum,3.5,180
Khulna,2020,6,Minimum,1,230
Khulna,2020,7,Maximum,3,210
Khulna,2020,7,Minimum,1,230
Khulna,2020,8,Maximum,11.5,230
Khulna,2020,8,Minimum,1,180
Khulna,2020,9,Maximum,2.5,210
Khulna,2020,9,Minimum,1,180
Khulna,2020,10,Maximum,3,180
Khulna,2020,10,Minimum,1,140
Khulna,2020,11,Maximum,2.5,160
Khulna,2020,11,Minimum,2,130
Khulna,2020,12,Maximum,1,330
Khulna,2020,12,Minimum,1,330
Khulna,2021,1,Maximum,2,140
Khulna,2021,1,Minimum,2,50
Khulna,2021,2,Maximum,2,180
Khulna,2021,2,Minimum,2,360
Khulna,2021,3,Maximum,3.5,180
Khulna,2021,3,Minimum,1,180
Khulna,2021,4,Maximum,2.5,180
Khulna,2021,4,Minimum,1,180
Khulna,2021,5,Maximum,5,130
Khulna,2021,5,Minimum,1,220
Khulna,2021,6,Maximum,4,180
Khulna,2021,6,Minimum,1,230
Khulna,2021,7,Maximum,5,180
Khulna,2021,7,Minimum,1,140
Khulna,2021,8,Maximum,3,180
Khulna,2021,8,Minimum,1,150
Khulna,2021,9,Maximum,5,130
Khulna,2021,9,Minimum,1,150
Khulna,2021,10,Maximum,3,130
Khulna,2021,10,Minimum,1,180
Khulna,2021,11,Maximum,0.5,320
Khulna,2021,11,Minimum,1,320
Khulna,2021,12,Maximum,2,130
Khulna,2021,12,Minimum,1,140
Khulna,2022,1,Maximum,1.5,330
Khulna,2022,1,Minimum,1,360
Khulna,2022,2,Maximum,4,310
Khulna,2022,2,Minimum,1,320
Khulna,2022,3,Maximum,4,210
Khulna,2022,3,Minimum,1,50
Khulna,2022,4,Maximum,5,210
Khulna,2022,4,Minimum,1,180
Khulna,2022,5,Maximum,3,230
Khulna,2022,5,Minimum,1,180
Khulna,2022,6,Maximum,3.5,180
Khulna,2022,6,Minimum,1,180
Khulna,2022,7,Maximum,3,130
Khulna,2022,7,Minimum,1,180
Khulna,2022,8,Maximum,6,130
Khulna,2022,8,Minimum,1,180
Khulna,2022,9,Maximum,3.5,180
Khulna,2022,9,Minimum,2,130
Khulna,2022,10,Maximum,4.5,30
Khulna,2022,10,Minimum,1,270
Khulna,2022,11,Maximum,1,310
Khulna,2022,11,Minimum,2,270
Khulna,2022,12,Maximum,1,210
Khulna,2022,12,Minimum,2,180
Khulna,2023,1,Maximum,1.5,330
Khulna,2023,1,Minimum,1,360
Khulna,2023,2,Maximum,2,270
Khulna,2023,2,Minimum,2,50
Khulna,2023,3,Maximum,3,180
Khulna,2023,3,Minimum,1,180
Khulna,2023,4,Maximum,3,180
Khulna,2023,4,Minimum,1,180
Khulna,2023,5,Maximum,6,150
Khulna,2023,5,Minimum,1,180
Khulna,2023,6,Maximum,5,180
Khulna,2023,6,Minimum,2,180
Khulna,2023,7,Maximum,4,180
Khulna,2023,7,Minimum,1,140
Khulna,2023,8,Maximum,6,90
Khulna,2023,8,Minimum,2,180
Khulna,2023,9,Maximum,6,80
Khulna,2023,9,Minimum,2,130
Khulna,2023,10,Maximum,5,180
Khulna,2023,10,Minimum,1,360
Khulna,2023,11,Maximum,2.5,90
Khulna,2023,11,Minimum,2,90
Khulna,2023,12,Maximum,2,290
Khulna,2023,12,Minimum,2,90
Khulna,2024,1,Maximum,1.5,320
Khulna,2024,1,Minimum,1,360
Khulna,2024,2,Maximum,2,210
Khulna,2024,2,Minimum,1,270
Khulna,2024,3,Maximum,6,320
Khulna,2024,3,Minimum,1,180
Khulna,2024,4,Maximum,3,210
Khulna,2024,4,Minimum,1,230
Khulna,2024,5,Maximum,9.5,170
Khulna,2024,5,Minimum,1,180
Khulna,2024,6,Maximum,7.5,270
Khulna,2024,6,Minimum,1,180
Khulna,2024,7,Maximum,4,180
Khulna,2024,7,Minimum,1,180
Kutubdia,2011,1,Maximum,10,50
Kutubdia,2011,2,Maximum,4,50
Kutubdia,2011,3,Maximum,8,110
Kutubdia,2011,4,Maximum,6,160
Kutubdia,2011,5,Maximum,8,130
Kutubdia,2011,6,Maximum,9,180
Kutubdia,2011,7,Maximum,9,180
Kutubdia,2011,8,Maximum,6,180
Kutubdia,2011,9,Maximum,6,180
Kutubdia,2011,10,Maximum,9,20
Kutubdia,2011,11,Maximum,2,360
Kutubdia,2011,12,Maximum,9,
Kutubdia,2012,1,Maximum,5,50
Kutubdia,2012,2,Maximum,5,180
Kutubdia,2012,3,Maximum,4,230
Kutubdia,2012,4,Maximum,9,230
Kutubdia,2012,5,Maximum,6,210
Kutubdia,2012,6,Maximum,8,180
Kutubdia,2012,7,Maximum,6,180
Kutubdia,2012,8,Maximum,5,320
Kutubdia,2012,9,Maximum,5,180
Kutubdia,2012,10,Maximum,11,180
Kutubdia,2012,11,Maximum,3,330
Kutubdia,2012,12,Maximum,3,320
Kutubdia,2013,1,Maximum,4,320
Kutubdia,2013,2,Maximum,4,360
Kutubdia,2013,3,Maximum,3,320
Kutubdia,2013,4,Maximum,9,260
Kutubdia,2013,5,Maximum,8,180
Kutubdia,2013,6,Maximum,5,230
Kutubdia,2013,7,Maximum,4,140
Kutubdia,2013,8,Maximum,9,220
Kutubdia,2013,9,Maximum,4,140
Kutubdia,2013,10,Maximum,3,140
Kutubdia,2013,11,Maximum,3,270
Kutubdia,2013,12,Maximum,2,320
Kutubdia,2014,1,Maximum,4,310
Kutubdia,2014,2,Maximum,4,130
Kutubdia,2014,3,Maximum,4,290
Kutubdia,2014,4,Maximum,8,320
Kutubdia,2014,5,Maximum,5,210
Kutubdia,2014,6,Maximum,5,170
Kutubdia,2014,7,Maximum,6,180
Kutubdia,2014,8,Maximum,6,140
Kutubdia,2014,9,Maximum,8,220
Kutubdia,2014,10,Maximum,4,130
Kutubdia,2014,11,Maximum,4,140
Kutubdia,2014,12,Maximum,4,140
Kutubdia,2015,1,Maximum,9,140
Kutubdia,2015,1,Minimum,1,130
Kutubdia,2015,2,Maximum,4,310
Kutubdia,2015,2,Minimum,1,140
Kutubdia,2015,3,Maximum,5,320
Kutubdia,2015,3,Minimum,1,50
Kutubdia,2015,4,Maximum,7,310
Kutubdia,2015,4,Minimum,1,140
Kutubdia,2015,5,Maximum,6,180
Kutubdia,2015,5,Minimum,1,130
Kutubdia,2015,6,Maximum,10,140
Kutubdia,2015,6,Minimum,1,320
Kutubdia,2015,7,Maximum,19,140
Kutubdia,2015,7,Minimum,1,180
Kutubdia,2015,8,Maximum,5,140
Kutubdia,2015,8,Minimum,1,140
Kutubdia,2015,9,Maximum,7,220
Kutubdia,2015,9,Minimum,1,180
Kutubdia,2015,10,Maximum,6,130
Kutubdia,2015,10,Minimum,1,140
Kutubdia,2015,11,Maximum,4,320
Kutubdia,2015,11,Minimum,1,130
Kutubdia,2015,12,Maximum,3,320
Kutubdia,2015,12,Minimum,1,140
Kutubdia,2016,1,Maximum,4,320
Kutubdia,2016,1,Minimum,1,320
Kutubdia,2016,2,Maximum,4,220
Kutubdia,2016,2,Minimum,1,310
Kutubdia,2016,3,Maximum,9,310
Kutubdia,2016,3,Minimum,1,130
Kutubdia,2016,4,Maximum,17,230
Kutubdia,2016,4,Minimum,1,140
Kutubdia,2016,5,Maximum,29,140
Kutubdia,2016,5,Minimum,1,180
Kutubdia,2016,6,Maximum,10,230
Kutubdia,2016,6,Minimum,1,140
Kutubdia,2016,7,Maximum,12,140
Kutubdia,2016,7,Minimum,1,140
Kutubdia,2016,8,Maximum,22,180
Kutubdia,2016,8,Minimum,1,140
Kutubdia,2016,9,Maximum,8,180
Kutubdia,2016,9,Minimum,1,130
Kutubdia,2016,10,Maximum,15,180
Kutubdia,2016,10,Minimum,1,320
Kutubdia,2016,11,Maximum,20,130
Kutubdia,2016,11,Minimum,1,140
Kutubdia,2016,12,Maximum,4,310
Kutubdia,2016,12,Minimum,1,320
Kutubdia,2017,1,Maximum,20,310
Kutubdia,2017,1,Minimum,1,50
Kutubdia,2017,2,Maximum,12,310
Kutubdia,2017,2,Minimum,1,130
Kutubdia,2017,3,Maximum,14,360
Kutubdia,2017,3,Minimum,1,130
Kutubdia,2017,4,Maximum,14,180
Kutubdia,2017,4,Minimum,1,140
Kutubdia,2017,5,Maximum,18,280
Kutubdia,2017,5,Minimum,1,140
Kutubdia,2017,6,Maximum,19,230
Kutubdia,2017,6,Minimum,2,130
Kutubdia,2017,7,Maximum,25,320
Kutubdia,2017,7,Minimum,1,210
Kutubdia,2017,8,Maximum,8,170
Kutubdia,2017,8,Minimum,2,220
Kutubdia,2017,9,Maximum,8,180
Kutubdia,2017,9,Minimum,1,170
Kutubdia,2017,10,Maximum,13,180
Kutubdia,2017,10,Minimum,1,140
Kutubdia,2017,11,Maximum,7,320
Kutubdia,2017,11,Minimum,1,320
Kutubdia,2017,12,Maximum,6,320
Kutubdia,2017,12,Minimum,1,310
Kutubdia,2018,1,Maximum,6,310
Kutubdia,2018,1,Minimum,1,310
Kutubdia,2018,2,Maximum,5,310
Kutubdia,2018,2,Minimum,1,50
Kutubdia,2018,3,Maximum,8,130
Kutubdia,2018,3,Minimum,1,140
Kutubdia,2018,4,Maximum,15,310
Kutubdia,2018,4,Minimum,1,140
Kutubdia,2018,5,Maximum,13,210
Kutubdia,2018,5,Minimum,1,210
Kutubdia,2018,6,Maximum,12,140
Kutubdia,2018,6,Minimum,1,140
Kutubdia,2018,7,Maximum,8,180
Kutubdia,2018,7,Minimum,1,180
Kutubdia,2018,8,Maximum,10,180
Kutubdia,2018,8,Minimum,1,170
Kutubdia,2018,9,Maximum,8,130
Kutubdia,2018,9,Minimum,1,130
Kutubdia,2018,10,Maximum,8,130
Kutubdia,2018,10,Minimum,1,180
Kutubdia,2018,11,Maximum,6,320
Kutubdia,2018,11,Minimum,1,180
Kutubdia,2018,12,Maximum,6,310
Kutubdia,2018,12,Minimum,1,320
Kutubdia,2019,1,Maximum,2.5,310
Kutubdia,2019,1,Minimum,1,50
Kutubdia,2019,2,Maximum,4.5,50
Kutubdia,2019,2,Minimum,1,50
Kutubdia,2019,3,Maximum,4,180
Kutubdia,2019,3,Minimum,1,310
Kutubdia,2019,4,Maximum,4,170
Kutubdia,2019,4,Minimum,1,310
Kutubdia,2019,5,Maximum,8,210
Kutubdia,2019,5,Minimum,1,180
Kutubdia,2019,6,Maximum,4,170
Kutubdia,2019,6,Minimum,1,210
Kutubdia,2019,7,Maximum,4.5,140
Kutubdia,2019,7,Minimum,2,210
Kutubdia,2019,8,Maximum,4,130
Kutubdia,2019,8,Minimum,1,180
Kutubdia,2019,9,Maximum,3,210
Kutubdia,2019,9,Minimum,1,180
Kutubdia,2019,10,Maximum,2,180
Kutubdia,2019,10,Minimum,1,140
Kutubdia,2019,11,Maximum,6,140
Kutubdia,2019,11,Minimum,1,170
Kutubdia,2019,12,Maximum,2,320
Kutubdia,2019,12,Minimum,1,170
Kutubdia,2020,1,Maximum,3,310
Kutubdia,2020,1,Minimum,1,310
Kutubdia,2020,2,Maximum,3,180
Kutubdia,2020,2,Minimum,1,310
Kutubdia,2020,3,Maximum,3,50
Kutubdia,2020,3,Minimum,1,310
Kutubdia,2020,4,Maximum,3.5,320
Kutubdia,2020,4,Minimum,1,310
Kutubdia,2020,5,Maximum,5,130
Kutubdia,2020,5,Minimum,1,180
Kutubdia,2020,6,Maximum,3.5,130
Kutubdia,2020,6,Minimum,2,130
Kutubdia,2020,7,Maximum,3,140
Kutubdia,2020,7,Minimum,1,320
Kutubdia,2020,8,Maximum,4.5,170
Kutubdia,2020,8,Minimum,1,130
Kutubdia,2020,9,Maximum,2.5,180
Kutubdia,2020,9,Minimum,1,180
Kutubdia,2020,10,Maximum,3,180
Kutubdia,2020,10,Minimum,1,140
Kutubdia,2020,11,Maximum,2,310
Kutubdia,2020,11,Minimum,1,320
Kutubdia,2020,12,Maximum,2,330
Kutubdia,2020,12,Minimum,1,310
Kutubdia,2021,1,Maximum,3,320
Kutubdia,2021,1,Minimum,1,340
Kutubdia,2021,2,Maximum,3.5,140
Kutubdia,2021,2,Minimum,1,310
Kutubdia,2021,3,Maximum,5,140
Kutubdia,2021,3,Minimum,1,140
Kutubdia,2021,4,Maximum,4,130
Kutubdia,2021,4,Minimum,1,120
Kutubdia,2021,5,Maximum,4.5,140
Kutubdia,2021,5,Minimum,1,130
Kutubdia,2021,6,Maximum,4.5,130
Kutubdia,2021,6,Minimum,2,180
Kutubdia,2021,7,Maximum,4,130
Kutubdia,2021,7,Minimum,1,130
Kutubdia,2021,8,Maximum,3.5,140
Kutubdia,2021,8,Minimum,1,140
Kutubdia,2021,9,Maximum,3.5,180
Kutubdia,2021,9,Minimum,1,140
Kutubdia,2021,10,Maximum,3.5,130
Kutubdia,2021,10,Minimum,1,140
Kutubdia,2021,11,Maximum,2.5,140
Kutubdia,2021,11,Minimum,1,130
Kutubdia,2021,12,Maximum,2.5,310
Kutubdia,2021,12,Minimum,1,310
Kutubdia,2022,1,Maximum,2.5,320
Kutubdia,2022,1,Minimum,1,310
Kutubdia,2022,2,Maximum,3.5,320
Kutubdia,2022,2,Minimum,1,310
Kutubdia,2022,3,Maximum,3.5,180
Kutubdia,2022,3,Minimum,1,180
Kutubdia,2022,4,Maximum,3.5,140
Kutubdia,2022,4,Minimum,1,140
Kutubdia,2022,5,Maximum,3.5,170
Kutubdia,2022,5,Minimum,1,130
Kutubdia,2022,6,Maximum,7,140
Kutubdia,2022,6,Minimum,2,140
Kutubdia,2022,7,Maximum,4.5,180
Kutubdia,2022,7,Minimum,1,130
Kutubdia,2022,8,Maximum,4.5,180
Kutubdia,2022,8,Minimum,1,130
Kutubdia,2022,9,Maximum,3.5,180
Kutubdia,2022,9,Minimum,2,130
Kutubdia,2022,10,Maximum,7.5,130
Kutubdia,2022,10,Minimum,1,310
Kutubdia,2022,11,Maximum,2.5,310
Kutubdia,2022,11,Minimum,1,310
Kutubdia,2022,12,Maximum,2,320
Kutubdia,2022,12,Minimum,1,320
Kutubdia,2023,1,Maximum,3.5,310
Kutubdia,2023,1,Minimum,1,310
Kutubdia,2023,2,Maximum,2,320
Kutubdia,2023,2,Minimum,1,310
Kutubdia,2023,3,Maximum,4,320
Kutubdia,2023,3,Minimum,2,310
Kutubdia,2023,4,Maximum,4.5,140
Kutubdia,2023,4,Minimum,2,320
Kutubdia,2023,5,Maximum,4.5,140
Kutubdia,2023,5,Minimum,1,130
Kutubdia,2023,6,Maximum,4,130
Kutubdia,2023,6,Minimum,1,140
Kutubdia,2023,7,Maximum,6.5,0
Kutubdia,2023,7,Minimum,1,180
Kutubdia,2023,8,Maximum,4.5,180
Kutubdia,2023,8,Minimum,1,130
Kutubdia,2023,9,Maximum,3,130
Kutubdia,2023,9,Minimum,1,140
Kutubdia,2023,10,Maximum,9,130
Kutubdia,2023,10,Minimum,1,320
Kutubdia,2023,11,Maximum,4.5,50
Kutubdia,2023,11,Minimum,1,320
Kutubdia,2023,12,Maximum,2.5,320
Kutubdia,2023,12,Minimum,2,320
Kutubdia,2024,1,Maximum,2.5,310
Kutubdia,2024,1,Minimum,1,320
Kutubdia,2024,2,Maximum,2.5,340
Kutubdia,2024,2,Minimum,2,310
Kutubdia,2024,3,Maximum,3.5,320
Kutubdia,2024,3,Minimum,1,310
Kutubdia,2024,4,Maximum,4.5,130
Kutubdia,2024,4,Minimum,2,130
Kutubdia,2024,5,Maximum,8.5,130
Kutubdia,2024,5,Minimum,2,140
Kutubdia,2024,6,Maximum,4.5,130
Kutubdia,2024,6,Minimum,2,180
Madaripur,2011,1,Maximum,4,360
Madaripur,2011,2,Maximum,4,360
Madaripur,2011,3,Maximum,5,180
Madaripur,2011,4,Maximum,5,180
Madaripur,2011,5,Maximum,8,310
Madaripur,2011,6,Maximum,7,90
Madaripur,2011,7,Maximum,10,180
Madaripur,2011,8,Maximum,6,180
Madaripur,2011,9,Maximum,3,180
Madaripur,2011,10,Maximum,1,180
Madaripur,2011,11,Maximum,2,360
Madaripur,2011,12,Maximum,1,360
Madaripur,2012,1,Maximum,2,360
Madaripur,2012,2,Maximum,2,270
Madaripur,2012,3,Maximum,2,180
Madaripur,2012,4,Maximum,5,310
Madaripur,2012,5,Maximum,6,60
Madaripur,2012,6,Maximum,4,180
Madaripur,2012,7,Maximum,5,180
Madaripur,2012,8,Maximum,5,140
Madaripur,2012,9,Maximum,3,180
Madaripur,2012,10,Maximum,1,360
Madaripur,2012,11,Maximum,1,180
Madaripur,2012,12,Maximum,2,300
Madaripur,2013,1,Maximum,4,360
Madaripur,2013,2,Maximum,4,360
Madaripur,2013,3,Maximum,2,210
Madaripur,2013,4,Maximum,9,180
Madaripur,2013,5,Maximum,4,130
Madaripur,2013,6,Maximum,2,130
Madaripur,2013,7,Maximum,2,150
Madaripur,2013,8,Maximum,4,130
Madaripur,2013,9,Maximum,2,90
Madaripur,2013,10,Maximum,3,180
Madaripur,2013,11,Maximum,2,10
Madaripur,2013,12,Maximum,0,0
Madaripur,2014,1,Maximum,2,360
Madaripur,2014,2,Maximum,4,360
Madaripur,2014,3,Maximum,8,360
Madaripur,2014,4,Maximum,5,
Madaripur,2014,5,Maximum,4,180
Madaripur,2014,6,Maximum,3,180
Madaripur,2014,7,Maximum,3,180
Madaripur,2014,8,Maximum,3,140
Madaripur,2014,9,Maximum,4,140
Madaripur,2014,10,Maximum,2,130
Madaripur,2014,11,Maximum,2,140
Madaripur,2014,12,Maximum,2,360
Madaripur,2015,1,Maximum,3,360
Madaripur,2015,1,Minimum,1,360
Madaripur,2015,2,Maximum,4,300
Madaripur,2015,2,Minimum,1,300
Madaripur,2015,3,Maximum,4,50
Madaripur,2015,3,Minimum,1,180
Madaripur,2015,4,Maximum,5,160
Madaripur,2015,4,Minimum,1,180
Madaripur,2015,5,Maximum,6,150
Madaripur,2015,5,Minimum,1,140
Madaripur,2015,6,Maximum,4,140
Madaripur,2015,6,Minimum,1,140
Madaripur,2015,7,Maximum,5,180
Madaripur,2015,7,Minimum,1,100
Madaripur,2015,8,Maximum,5,180
Madaripur,2015,8,Minimum,1,180
Madaripur,2015,9,Maximum,3,130
Madaripur,2015,9,Minimum,1,130
Madaripur,2015,10,Maximum,13,20
Madaripur,2015,10,Minimum,1,180
Madaripur,2015,11,Maximum,3,360
Madaripur,2015,11,Minimum,1,360
Madaripur,2015,12,Maximum,3,360
Madaripur,2015,12,Minimum,1,360
Madaripur,2016,1,Maximum,3,360
Madaripur,2016,1,Minimum,1,360
Madaripur,2016,2,Maximum,3,180
Madaripur,2016,2,Minimum,1,340
Madaripur,2016,3,Maximum,6,130
Madaripur,2016,3,Minimum,1,170
Madaripur,2016,4,Maximum,5,180
Madaripur,2016,4,Minimum,1,180
Madaripur,2016,5,Maximum,7,130
Madaripur,2016,5,Minimum,1,180
Madaripur,2016,6,Maximum,3,180
Madaripur,2016,6,Minimum,1,180
Madaripur,2016,7,Maximum,3,180
Madaripur,2016,7,Minimum,1,180
Madaripur,2016,8,Maximum,7,140
Madaripur,2016,8,Minimum,1,130
Madaripur,2016,9,Maximum,3,150
Madaripur,2016,9,Minimum,1,130
Madaripur,2016,10,Maximum,3,300
Madaripur,2016,10,Minimum,1,130
Madaripur,2016,11,Maximum,3,360
Madaripur,2016,11,Minimum,1,340
Madaripur,2016,12,Maximum,3,360
Madaripur,2016,12,Minimum,1,360
Madaripur,2017,1,Maximum,3,360
Madaripur,2017,1,Minimum,1,360
Madaripur,2017,2,Maximum,4,210
Madaripur,2017,2,Minimum,1,200
Madaripur,2017,3,Maximum,4,180
Madaripur,2017,3,Minimum,1,180
Madaripur,2017,4,Maximum,6,240
Madaripur,2017,4,Minimum,1,170
Madaripur,2017,5,Maximum,4,180
Madaripur,2017,5,Minimum,1,180
Madaripur,2017,6,Maximum,5,310
Madaripur,2017,6,Minimum,1,180
Madaripur,2017,7,Maximum,4,180
Madaripur,2017,7,Minimum,1,180
Madaripur,2017,8,Maximum,4,180
Madaripur,2017,8,Minimum,1,180
Madaripur,2017,9,Maximum,3,180
Madaripur,2017,9,Minimum,1,180
Madaripur,2017,10,Maximum,3,180
Madaripur,2017,10,Minimum,1,180
Madaripur,2017,11,Maximum,2,360
Madaripur,2017,11,Minimum,1,130
Madaripur,2017,12,Maximum,2,360
Madaripur,2017,12,Minimum,1,360
Madaripur,2018,1,Maximum,3,360
Madaripur,2018,1,Minimum,1,360
Madaripur,2018,2,Maximum,4,350
Madaripur,2018,2,Minimum,2,180
Madaripur,2018,3,Maximum,10,330
Madaripur,2018,3,Minimum,1,190
Madaripur,2018,4,Maximum,5,230
Madaripur,2018,4,Minimum,1,180
Madaripur,2018,5,Maximum,3,180
Madaripur,2018,5,Minimum,2,90
Madaripur,2018,6,Maximum,3,180
Madaripur,2018,6,Minimum,1,180
Madaripur,2018,7,Maximum,3,130
Madaripur,2018,7,Minimum,2,80
Madaripur,2018,8,Maximum,3,130
Madaripur,2018,8,Minimum,1,140
Madaripur,2018,9,Maximum,5,130
Madaripur,2018,9,Minimum,2,140
Madaripur,2018,10,Maximum,2,130
Madaripur,2018,10,Minimum,2,130
Madaripur,2018,11,Maximum,2,360
Madaripur,2018,11,Minimum,2,360
Madaripur,2018,12,Maximum,2,360
Madaripur,2018,12,Minimum,2,360
Madaripur,2019,1,Maximum,1.5,360
Madaripur,2019,1,Minimum,2,360
Madaripur,2019,2,Maximum,1.5,360
Madaripur,2019,2,Minimum,2,360
Madaripur,2019,3,Maximum,4.5,0
Madaripur,2019,3,Minimum,1,90
Madaripur,2019,4,Maximum,4.5,90
Madaripur,2019,4,Minimum,2,230
Madaripur,2019,5,Maximum,4.5,180
Madaripur,2019,5,Minimum,2,230
Madaripur,2019,6,Maximum,1,180
Madaripur,2019,6,Minimum,2,180
Madaripur,2019,7,Maximum,2.5,130
Madaripur,2019,7,Minimum,1,130
Madaripur,2019,8,Maximum,6.5,20
Madaripur,2019,8,Minimum,1,180
Madaripur,2019,9,Maximum,1.5,130
Madaripur,2019,9,Minimum,2,130
Madaripur,2019,10,Maximum,0,0
Madaripur,2019,11,Maximum,4,40
Madaripur,2019,11,Minimum,2,130
Madaripur,2019,12,Maximum,0,0
Madaripur,2020,1,Maximum,1,50
Madaripur,2020,1,Minimum,1,360
Madaripur,2020,2,Maximum,1,30
Madaripur,2020,2,Minimum,2,20
Madaripur,2020,3,Maximum,1.5,90
Madaripur,2020,3,Minimum,1,320
Madaripur,2020,4,Maximum,2.5,130
Madaripur,2020,4,Minimum,1,120
Madaripur,2020,5,Maximum,6,90
Madaripur,2020,5,Minimum,1,90
Madaripur,2020,6,Maximum,1.5,180
Madaripur,2020,6,Minimum,3,180
Madaripur,2020,7,Maximum,0.5,90
Madaripur,2020,7,Minimum,1,90
Madaripur,2020,8,Maximum,2.5,130
Madaripur,2020,8,Minimum,1,180
Madaripur,2020,9,Maximum,0,0
Madaripur,2020,10,Maximum,1.5,130
Madaripur,2020,10,Minimum,2,130
Madaripur,2020,11,Maximum,0,0
Madaripur,2020,12,Maximum,0,0
Madaripur,2021,1,Maximum,0,0
Madaripur,2021,2,Maximum,0,0
Madaripur,2021,3,Maximum,1,180
Madaripur,2021,4,Maximum,0,0
Madaripur,2021,5,Maximum,4,140
Madaripur,2021,6,Maximum,0,0
Madaripur,2021,7,Maximum,1.5,90
Madaripur,2021,8,Maximum,0.5,130
Madaripur,2021,9,Maximum,1,130
Madaripur,2021,10,Maximum,0,0
Madaripur,2021,11,Maximum,0,0
Madaripur,2021,12,Maximum,0,0
Madaripur,2022,1,Maximum,0,0
Madaripur,2022,2,Maximum,0,0
Madaripur,2022,3,Maximum,1.5,180
Madaripur,2022,4,Maximum,2,180
Madaripur,2022,5,Maximum,1.5,180
Madaripur,2022,6,Maximum,0,0
Madaripur,2022,7,Maximum,2,120
Madaripur,2022,8,Maximum,2.5,130
Madaripur,2022,9,Maximum,0,0
Madaripur,2022,10,Maximum,6,50
Madaripur,2022,11,Maximum,0,0
Madaripur,2022,12,Maximum,0,0
Madaripur,2023,1,Maximum,1,360
Madaripur,2023,2,Maximum,1.5,180
Madaripur,2023,3,Maximum,0,0
Madaripur,2023,4,Maximum,4,300
Madaripur,2023,5,Maximum,1.5,50
Madaripur,2023,6,Maximum,1.5,180
Madaripur,2023,7,Maximum,0,0
Madaripur,2023,8,Maximum,1,120
Madaripur,2023,9,Maximum,0,0
Madaripur,2023,10,Maximum,1.5,130
Madaripur,2023,11,Maximum,3.5,50
Madaripur,2023,12,Maximum,0,0
Madaripur,2024,1,Maximum,0,0
Madaripur,2024,2,Maximum,1,320
Madaripur,2024,3,Maximum,0,0
Madaripur,2024,4,Maximum,0,0
Madaripur,2024,5,Maximum,7.5,130
Madaripur,2024,6,Maximum,1,180
Maijdi Court,2011,1,Maximum,8,310
Maijdi Court,2011,2,Maximum,8,360
Maijdi Court,2011,3,Maximum,13,50
Maijdi Court,2011,4,Maximum,8,130
Maijdi Court,2011,5,Maximum,10,310
Maijdi Court,2011,6,Maximum,20,130
Maijdi Court,2011,7,Maximum,7,130
Maijdi Court,2011,8,Maximum,15,130
Maijdi Court,2011,9,Maximum,15,130
Maijdi Court,2011,10,Maximum,6,210
Maijdi Court,2011,11,Maximum,5,310
Maijdi Court,2011,12,Maximum,6,360
Maijdi Court,2012,1,Maximum,9,270
Maijdi Court,2012,2,Maximum,8,90
Maijdi Court,2012,3,Maximum,10,130
Maijdi Court,2012,4,Maximum,8,180
Maijdi Court,2012,5,Maximum,25,180
Maijdi Court,2012,6,Maximum,8,180
Maijdi Court,2012,7,Maximum,8,130
Maijdi Court,2012,8,Maximum,8,130
Maijdi Court,2012,9,Maximum,8,130
Maijdi Court,2012,10,Maximum,12,310
Maijdi Court,2012,11,Maximum,6,360
Maijdi Court,2012,12,Maximum,3,320
Maijdi Court,2013,1,Maximum,6,310
Maijdi Court,2013,2,Maximum,10,310
Maijdi Court,2013,3,Maximum,8,360
Maijdi Court,2013,4,Maximum,9,130
Maijdi Court,2013,5,Maximum,16,90
Maijdi Court,2013,6,Maximum,12,130
Maijdi Court,2013,7,Maximum,16,130
Maijdi Court,2013,8,Maximum,12,130
Maijdi Court,2013,9,Maximum,12,180
Maijdi Court,2013,10,Maximum,12,180
Maijdi Court,2013,11,Maximum,8,310
Maijdi Court,2013,12,Maximum,9,310
Maijdi Court,2014,1,Maximum,8,310
Maijdi Court,2014,2,Maximum,12,310
Maijdi Court,2014,3,Maximum,12,50
Maijdi Court,2014,4,Maximum,15,360
Maijdi Court,2014,5,Maximum,12,180
Maijdi Court,2014,6,Maximum,11,220
Maijdi Court,2014,7,Maximum,16,180
Maijdi Court,2014,8,Maximum,16,180
Maijdi Court,2014,9,Maximum,13,180
Maijdi Court,2014,10,Maximum,8,90
Maijdi Court,2014,11,Maximum,5,130
Maijdi Court,2014,12,Maximum,6,310
Maijdi Court,2015,1,Maximum,8,310
Maijdi Court,2015,1,Minimum,2,50
Maijdi Court,2015,2,Maximum,6,360
Maijdi Court,2015,2,Minimum,2,310
Maijdi Court,2015,3,Maximum,12,310
Maijdi Court,2015,3,Minimum,2,310
Maijdi Court,2015,4,Maximum,12,310
Maijdi Court,2015,4,Minimum,2,90
Maijdi Court,2015,5,Maximum,13,360
Maijdi Court,2015,5,Minimum,2,50
Maijdi Court,2015,6,Maximum,12,130
Maijdi Court,2015,6,Minimum,2,180
Maijdi Court,2015,7,Maximum,12,90
Maijdi Court,2015,7,Minimum,2,130
Maijdi Court,2015,8,Maximum,13,130
Maijdi Court,2015,8,Minimum,2,180
Maijdi Court,2015,9,Maximum,12,130
Maijdi Court,2015,9,Minimum,2,130
Maijdi Court,2015,10,Maximum,8,50
Maijdi Court,2015,10,Minimum,2,130
Maijdi Court,2015,11,Maximum,6,310
Maijdi Court,2015,11,Minimum,2,180
Maijdi Court,2015,12,Maximum,6,310
Maijdi Court,2015,12,Minimum,2,310
Maijdi Court,2016,1,Maximum,6,360
Maijdi Court,2016,1,Minimum,2,310
Maijdi Court,2016,2,Maximum,8,130
Maijdi Court,2016,2,Minimum,2,360
Maijdi Court,2016,3,Maximum,14,130
Maijdi Court,2016,3,Minimum,2,180
Maijdi Court,2016,4,Maximum,12,180
Maijdi Court,2016,4,Minimum,2,130
Maijdi Court,2016,5,Maximum,30,90
Maijdi Court,2016,5,Minimum,2,130
Maijdi Court,2016,6,Maximum,8,130
Maijdi Court,2016,6,Minimum,2,90
Maijdi Court,2016,7,Maximum,12,130
Maijdi Court,2016,7,Minimum,2,130
Maijdi Court,2016,8,Maximum,12,130
Maijdi Court,2016,8,Minimum,2,90
Maijdi Court,2016,9,Maximum,8,130
Maijdi Court,2016,9,Minimum,2,130
Maijdi Court,2016,10,Maximum,13,50
Maijdi Court,2016,10,Minimum,2,90
Maijdi Court,2016,11,Maximum,9,40
Maijdi Court,2016,11,Minimum,2,310
Maijdi Court,2016,12,Maximum,6,310
Maijdi Court,2016,12,Minimum,2,360
Maijdi Court,2017,1,Maximum,8,310
Maijdi Court,2017,1,Minimum,2,310
Maijdi Court,2017,2,Maximum,10,130
Maijdi Court,2017,2,Minimum,2,310
Maijdi Court,2017,3,Maximum,10,310
Maijdi Court,2017,3,Minimum,1,50
Maijdi Court,2017,4,Maximum,12,310
Maijdi Court,2017,4,Minimum,2,130
Maijdi Court,2017,5,Maximum,12,310
Maijdi Court,2017,5,Minimum,2,130
Maijdi Court,2017,6,Maximum,13,130
Maijdi Court,2017,6,Minimum,2,90
Maijdi Court,2017,7,Maximum,9,180
Maijdi Court,2017,7,Minimum,1,180
Maijdi Court,2017,8,Maximum,8,180
Maijdi Court,2017,8,Minimum,2,130
Maijdi Court,2017,9,Maximum,8,130
Maijdi Court,2017,9,Minimum,1,180
Maijdi Court,2017,10,Maximum,11,180
Maijdi Court,2017,10,Minimum,1,360
Maijdi Court,2017,11,Maximum,8,310
Maijdi Court,2017,11,Minimum,1,350
Maijdi Court,2017,12,Maximum,8,310
Maijdi Court,2017,12,Minimum,1,360
Maijdi Court,2018,1,Maximum,6,360
Maijdi Court,2018,1,Minimum,1,270
Maijdi Court,2018,2,Maximum,10,310
Maijdi Court,2018,2,Minimum,1,180
Maijdi Court,2018,3,Maximum,15,310
Maijdi Court,2018,3,Minimum,1,350
Maijdi Court,2018,4,Maximum,14,310
Maijdi Court,2018,4,Minimum,1,360
Maijdi Court,2018,5,Maximum,12,220
Maijdi Court,2018,5,Minimum,1,110
Maijdi Court,2018,6,Maximum,10,180
Maijdi Court,2018,6,Minimum,1,180
Maijdi Court,2018,7,Maximum,8,130
Maijdi Court,2018,7,Minimum,1,180
Maijdi Court,2018,8,Maximum,10,130
Maijdi Court,2018,8,Minimum,1,160
Maijdi Court,2018,9,Maximum,8,130
Maijdi Court,2018,9,Minimum,1,170
Maijdi Court,2018,10,Maximum,8,130
Maijdi Court,2018,10,Minimum,1,130
Maijdi Court,2018,11,Maximum,6,310
Maijdi Court,2018,11,Minimum,1,270
Maijdi Court,2018,12,Maximum,8,360
Maijdi Court,2018,12,Minimum,1,340
Maijdi Court,2019,1,Maximum,4,310
Maijdi Court,2019,1,Minimum,1,360
Maijdi Court,2019,2,Maximum,4,50
Maijdi Court,2019,2,Minimum,1,90
Maijdi Court,2019,3,Maximum,6,50
Maijdi Court,2019,3,Minimum,1,130
Maijdi Court,2019,4,Maximum,6,50
Maijdi Court,2019,4,Minimum,1,170
Maijdi Court,2019,5,Maximum,7,130
Maijdi Court,2019,5,Minimum,1,180
Maijdi Court,2019,6,Maximum,4.5,180
Maijdi Court,2019,6,Minimum,1,90
Maijdi Court,2019,7,Maximum,6.5,180
Maijdi Court,2019,7,Minimum,1,90
Maijdi Court,2019,8,Maximum,6,130
Maijdi Court,2019,8,Minimum,1,180
Maijdi Court,2019,9,Maximum,4.5,130
Maijdi Court,2019,9,Minimum,1,310
Maijdi Court,2019,10,Maximum,2.5,180
Maijdi Court,2019,10,Minimum,1,310
Maijdi Court,2019,11,Maximum,6,50
Maijdi Court,2019,11,Minimum,1,360
Maijdi Court,2019,12,Maximum,3,360
Maijdi Court,2019,12,Minimum,1,360
Maijdi Court,2020,1,Maximum,4,130
Maijdi Court,2020,1,Minimum,1,50
Maijdi Court,2020,2,Maximum,3,270
Maijdi Court,2020,2,Minimum,1,310
Maijdi Court,2020,3,Maximum,13.5,20
Maijdi Court,2020,3,Minimum,1,310
Maijdi Court,2020,4,Maximum,5.5,50
Maijdi Court,2020,4,Minimum,1,180
Maijdi Court,2020,5,Maximum,6.5,180
Maijdi Court,2020,5,Minimum,1,130
Maijdi Court,2020,6,Maximum,6,130
Maijdi Court,2020,6,Minimum,1,130
Maijdi Court,2020,7,Maximum,4.5,130
Maijdi Court,2020,7,Minimum,1,130
Maijdi Court,2020,8,Maximum,6,180
Maijdi Court,2020,8,Minimum,1,130
Maijdi Court,2020,9,Maximum,6,180
Maijdi Court,2020,9,Minimum,1,180
Maijdi Court,2020,10,Maximum,6.5,30
Maijdi Court,2020,10,Minimum,1,130
Maijdi Court,2020,11,Maximum,15.5,20
Maijdi Court,2020,11,Minimum,1,310
Maijdi Court,2020,12,Maximum,13.5,30
Maijdi Court,2020,12,Minimum,1,310
Maijdi Court,2021,1,Maximum,3.5,310
Maijdi Court,2021,1,Minimum,1,310
Maijdi Court,2021,2,Maximum,2.5,310
Maijdi Court,2021,2,Minimum,1,310
Maijdi Court,2021,3,Maximum,4.5,130
Maijdi Court,2021,3,Minimum,1,180
Maijdi Court,2021,4,Maximum,5.5,50
Maijdi Court,2021,4,Minimum,1,50
Maijdi Court,2021,5,Maximum,5,130
Maijdi Court,2021,5,Minimum,1,170
Maijdi Court,2021,6,Maximum,5,130
Maijdi Court,2021,6,Minimum,1,130
Maijdi Court,2021,7,Maximum,5.5,130
Maijdi Court,2021,7,Minimum,1,130
Maijdi Court,2021,8,Maximum,4,180
Maijdi Court,2021,8,Minimum,1,130
Maijdi Court,2021,9,Maximum,4,130
Maijdi Court,2021,9,Minimum,1,130
Maijdi Court,2021,10,Maximum,3,130
Maijdi Court,2021,10,Minimum,1,200
Maijdi Court,2021,11,Maximum,15.5,20
Maijdi Court,2021,11,Minimum,1,310
Maijdi Court,2021,12,Maximum,4,50
Maijdi Court,2021,12,Minimum,1,50
Maijdi Court,2022,1,Maximum,4,310
Maijdi Court,2022,1,Minimum,1,310
Maijdi Court,2022,2,Maximum,4,130
Maijdi Court,2022,2,Minimum,1,310
Maijdi Court,2022,3,Maximum,6,130
Maijdi Court,2022,3,Minimum,1,180
Maijdi Court,2022,4,Maximum,4.5,130
Maijdi Court,2022,4,Minimum,1,180
Maijdi Court,2022,5,Maximum,5.5,130
Maijdi Court,2022,5,Minimum,1,130
Maijdi Court,2022,6,Maximum,9,40
Maijdi Court,2022,6,Minimum,1,130
Maijdi Court,2022,7,Maximum,4.5,230
Maijdi Court,2022,7,Minimum,1,90
Maijdi Court,2022,8,Maximum,5.5,130
Maijdi Court,2022,8,Minimum,1,130
Maijdi Court,2022,9,Maximum,4,130
Maijdi Court,2022,9,Minimum,1,130
Maijdi Court,2022,10,Maximum,6.5,50
Maijdi Court,2022,10,Minimum,1,130
Maijdi Court,2022,11,Maximum,3,310
Maijdi Court,2022,11,Minimum,1,310
Maijdi Court,2022,12,Maximum,2.5,360
Maijdi Court,2022,12,Minimum,1,310
Maijdi Court,2023,1,Maximum,4,310
Maijdi Court,2023,1,Minimum,1,360
Maijdi Court,2023,2,Maximum,3.5,220
Maijdi Court,2023,2,Minimum,1,270
Maijdi Court,2023,3,Maximum,3,130
Maijdi Court,2023,3,Minimum,1,130
Maijdi Court,2023,4,Maximum,4,310
Maijdi Court,2023,4,Minimum,1,180
Maijdi Court,2023,5,Maximum,5.5,360
Maijdi Court,2023,5,Minimum,1,310
Maijdi Court,2023,6,Maximum,5,180
Maijdi Court,2023,6,Minimum,1,310
Maijdi Court,2023,7,Maximum,4.5,130
Maijdi Court,2023,7,Minimum,1,130
Maijdi Court,2023,8,Maximum,6,130
Maijdi Court,2023,8,Minimum,1,130
Maijdi Court,2023,9,Maximum,5.5,130
Maijdi Court,2023,9,Minimum,1,130
Maijdi Court,2023,10,Maximum,15.5,20
Maijdi Court,2023,10,Minimum,1,130
Maijdi Court,2023,11,Maximum,4,50
Maijdi Court,2023,11,Minimum,1,310
Maijdi Court,2023,12,Maximum,2,310
Maijdi Court,2023,12,Minimum,1,310
Maijdi Court,2024,1,Maximum,2.5,40
Maijdi Court,2024,1,Minimum,1,360
Maijdi Court,2024,2,Maximum,4,310
Maijdi Court,2024,2,Minimum,1,310
Maijdi Court,2024,3,Maximum,4,50
Maijdi Court,2024,3,Minimum,1,360
Maijdi Court,2024,4,Maximum,5.5,180
Maijdi Court,2024,4,Minimum,1,180
Maijdi Court,2024,5,Maximum,6,130
Maijdi Court,2024,5,Minimum,1,180
Maijdi Court,2024,6,Maximum,5,180
Maijdi Court,2024,6,Minimum,1,130
Mongla,2011,1,Maximum,4,30
Mongla,2011,2,Maximum,8,30
Mongla,2011,3,Maximum,12,180
Mongla,2011,4,Maximum,12,90
Mongla,2011,5,Maximum,12,270
Mongla,2011,6,Maximum,20,130
Mongla,2011,7,Maximum,8,30
Mongla,2011,8,Maximum,10,90
Mongla,2011,9,Maximum,9,90
Mongla,2011,10,Maximum,5,150
Mongla,2011,11,Maximum,2,270
Mongla,2011,12,Maximum,6,360
Mongla,2012,1,Maximum,6,180
Mongla,2012,2,Maximum,6,360
Mongla,2012,3,Maximum,6,130
Mongla,2012,4,Maximum,15,180
Mongla,2012,5,Maximum,8,180
Mongla,2012,6,Maximum,12,180
Mongla,2012,7,Maximum,8,130
Mongla,2012,8,Maximum,6,180
Mongla,2012,9,Maximum,8,130
Mongla,2012,10,Maximum,4,180
Mongla,2012,11,Maximum,4,70
Mongla,2012,12,Maximum,5,360
Mongla,2013,1,Maximum,4,360
Mongla,2013,2,Maximum,9,360
Mongla,2013,3,Maximum,10,270
Mongla,2013,4,Maximum,12,270
Mongla,2013,5,Maximum,16,30
Mongla,2013,6,Maximum,6,180
Mongla,2013,7,Maximum,8,130
Mongla,2013,8,Maximum,6,130
Mongla,2013,9,Maximum,6,90
Mongla,2013,10,Maximum,8,180
Mongla,2013,11,Maximum,4,360
Mongla,2013,12,Maximum,4,360
Mongla,2014,1,Maximum,4,360
Mongla,2014,2,Maximum,8,360
Mongla,2014,3,Maximum,8,130
Mongla,2014,4,Maximum,8,180
Mongla,2014,5,Maximum,8,270
Mongla,2014,6,Maximum,6,360
Mongla,2014,7,Maximum,8,130
Mongla,2014,8,Maximum,10,90
Mongla,2014,9,Maximum,8,130
Mongla,2014,10,Maximum,8,180
Mongla,2014,11,Maximum,2,180
Mongla,2014,12,Maximum,3,360
Mongla,2015,1,Maximum,5,130
Mongla,2015,1,Minimum,1,360
Mongla,2015,2,Maximum,8,50
Mongla,2015,2,Minimum,1,360
Mongla,2015,3,Maximum,8,180
Mongla,2015,3,Minimum,1,230
Mongla,2015,4,Maximum,12,180
Mongla,2015,4,Minimum,1,270
Mongla,2015,5,Maximum,10,180
Mongla,2015,5,Minimum,1,90
Mongla,2015,6,Maximum,8,110
Mongla,2015,6,Minimum,1,180
Mongla,2015,7,Maximum,15,90
Mongla,2015,7,Minimum,1,30
Mongla,2015,8,Maximum,8,180
Mongla,2015,8,Minimum,1,180
Mongla,2015,9,Maximum,6,130
Mongla,2015,9,Minimum,1,90
Mongla,2015,10,Maximum,5,90
Mongla,2015,10,Minimum,1,90
Mongla,2015,11,Maximum,3,90
Mongla,2015,11,Minimum,1,50
Mongla,2015,12,Maximum,3,180
Mongla,2015,12,Minimum,1,50
Mongla,2016,1,Maximum,4,180
Mongla,2016,1,Minimum,1,360
Mongla,2016,2,Maximum,4,180
Mongla,2016,2,Minimum,1,210
Mongla,2016,3,Maximum,8,180
Mongla,2016,3,Minimum,1,300
Mongla,2016,4,Maximum,10,180
Mongla,2016,4,Minimum,1,180
Mongla,2016,5,Maximum,12,30
Mongla,2016,5,Minimum,1,180
Mongla,2016,6,Maximum,6,180
Mongla,2016,6,Minimum,1,90
Mongla,2016,7,Maximum,6,180
Mongla,2016,7,Minimum,1,150
Mongla,2016,8,Maximum,18,270
Mongla,2016,8,Minimum,1,160
Mongla,2016,9,Maximum,6,130
Mongla,2016,9,Minimum,1,180
Mongla,2016,10,Maximum,6,130
Mongla,2016,10,Minimum,1,180
Mongla,2016,11,Maximum,8,50
Mongla,2016,11,Minimum,1,360
Mongla,2016,12,Maximum,3,360
Mongla,2016,12,Minimum,1,360
Mongla,2017,1,Maximum,5,330
Mongla,2017,1,Minimum,1,360
Mongla,2017,2,Maximum,5,180
Mongla,2017,2,Minimum,1,20
Mongla,2017,3,Maximum,10,180
Mongla,2017,3,Minimum,1,180
Mongla,2017,4,Maximum,10,330
Mongla,2017,4,Minimum,1,50
Mongla,2017,5,Maximum,12,50
Mongla,2017,5,Minimum,1,180
Mongla,2017,6,Maximum,9,50
Mongla,2017,6,Minimum,1,180
Mongla,2017,7,Maximum,6,180
Mongla,2017,7,Minimum,1,130
Mongla,2017,8,Maximum,6,180
Mongla,2017,8,Minimum,1,180
Mongla,2017,9,Maximum,6,180
Mongla,2017,9,Minimum,1,180
Mongla,2017,10,Maximum,12,130
Mongla,2017,10,Minimum,1,90
Mongla,2017,11,Maximum,4,50
Mongla,2017,11,Minimum,1,50
Mongla,2017,12,Maximum,4,180
Mongla,2017,12,Minimum,1,30
Mongla,2018,1,Maximum,6,360
Mongla,2018,1,Minimum,1,360
Mongla,2018,2,Maximum,9,290
Mongla,2018,2,Minimum,1,330
Mongla,2018,3,Maximum,8,160
Mongla,2018,3,Minimum,1,290
Mongla,2018,4,Maximum,9,240
Mongla,2018,4,Minimum,1,20
Mongla,2018,5,Maximum,8,130
Mongla,2018,5,Minimum,1,20
Mongla,2018,6,Maximum,5,150
Mongla,2018,6,Minimum,1,270
Mongla,2018,7,Maximum,8,170
Mongla,2018,7,Minimum,1,180
Mongla,2018,8,Maximum,6,180
Mongla,2018,8,Minimum,1,330
Mongla,2018,9,Maximum,8,90
Mongla,2018,9,Minimum,1,180
Mongla,2018,10,Maximum,8,90
Mongla,2018,10,Minimum,1,330
Mongla,2018,11,Maximum,2,180
Mongla,2018,11,Minimum,1,40
Mongla,2018,12,Maximum,5,50
Mongla,2018,12,Minimum,1,330
Mongla,2019,1,Maximum,3,360
Mongla,2019,1,Minimum,1,360
Mongla,2019,2,Maximum,4,130
Mongla,2019,2,Minimum,1,330
Mongla,2019,3,Maximum,3,320
Mongla,2019,3,Minimum,1,360
Mongla,2019,4,Maximum,2.5,180
Mongla,2019,4,Minimum,1,180
Mongla,2019,5,Maximum,9,150
Mongla,2019,5,Minimum,1,180
Mongla,2019,6,Maximum,3,130
Mongla,2019,6,Minimum,1,180
Mongla,2019,7,Maximum,4.5,150
Mongla,2019,7,Minimum,1,160
Mongla,2019,8,Maximum,6,150
Mongla,2019,8,Minimum,1,90
Mongla,2019,9,Maximum,3,180
Mongla,2019,9,Minimum,1,150
Mongla,2019,10,Maximum,3,180
Mongla,2019,10,Minimum,1,320
Mongla,2019,11,Maximum,10.5,30
Mongla,2019,11,Minimum,1,320
Mongla,2019,12,Maximum,1.5,330
Mongla,2019,12,Minimum,1,360
Mongla,2020,1,Maximum,1.5,330
Mongla,2020,1,Minimum,1,360
Mongla,2020,2,Maximum,1.5,330
Mongla,2020,2,Minimum,1,20
Mongla,2020,3,Maximum,2.5,360
Mongla,2020,3,Minimum,1,270
Mongla,2020,4,Maximum,2.5,180
Mongla,2020,4,Minimum,1,270
Mongla,2020,5,Maximum,18,180
Mongla,2020,5,Minimum,1,180
Mongla,2020,6,Maximum,3,170
Mongla,2020,6,Minimum,1,160
Mongla,2020,7,Maximum,2,180
Mongla,2020,7,Minimum,1,180
Mongla,2020,8,Maximum,5,90
Mongla,2020,8,Minimum,1,90
Mongla,2020,9,Maximum,2,180
Mongla,2020,9,Minimum,1,160
Mongla,2020,10,Maximum,3,60
Mongla,2020,10,Minimum,1,90
Mongla,2020,11,Maximum,1.5,360
Mongla,2020,11,Minimum,1,30
Mongla,2020,12,Maximum,2.5,360
Mongla,2020,12,Minimum,1,360
Mongla,2021,1,Maximum,2.5,270
Mongla,2021,1,Minimum,1,20
Mongla,2021,2,Maximum,1.5,180
Mongla,2021,2,Minimum,1,330
Mongla,2021,3,Maximum,2,180
Mongla,2021,3,Minimum,1,330
Mongla,2021,4,Maximum,4,50
Mongla,2021,4,Minimum,1,180
Mongla,2021,5,Maximum,8,90
Mongla,2021,5,Minimum,1,220
Mongla,2021,6,Maximum,2,180
Mongla,2021,6,Minimum,1,160
Mongla,2021,7,Maximum,7,350
Mongla,2021,7,Minimum,1,170
Mongla,2021,8,Maximum,3,180
Mongla,2021,8,Minimum,1,180
Mongla,2021,9,Maximum,3,130
Mongla,2021,9,Minimum,1,90
Mongla,2021,10,Maximum,2.5,220
Mongla,2021,10,Minimum,1,270
Mongla,2021,11,Maximum,2,50
Mongla,2021,11,Minimum,1,360
Mongla,2021,12,Maximum,17.5,20
Mongla,2021,12,Minimum,1,360
Mongla,2022,1,Maximum,2.5,330
Mongla,2022,1,Minimum,1,330
Mongla,2022,2,Maximum,2.5,160
Mongla,2022,2,Minimum,1,180
Mongla,2022,3,Maximum,2.5,230
Mongla,2022,3,Minimum,1,60
Mongla,2022,4,Maximum,4,300
Mongla,2022,4,Minimum,1,160
Mongla,2022,5,Maximum,5,130
Mongla,2022,5,Minimum,1,180
Mongla,2022,6,Maximum,4,310
Mongla,2022,6,Minimum,1,180
Mongla,2022,7,Maximum,4,110
Mongla,2022,7,Minimum,1,50
Mongla,2022,8,Maximum,8,150
Mongla,2022,8,Minimum,1,180
Mongla,2022,9,Maximum,2.5,150
Mongla,2022,9,Minimum,1,180
Mongla,2022,10,Maximum,10.5,310
Mongla,2022,10,Minimum,1,40
Mongla,2022,11,Maximum,1.5,330
Mongla,2022,11,Minimum,1,330
Mongla,2022,12,Maximum,1.5,340
Mongla,2022,12,Minimum,1,330
Mongla,2023,1,Maximum,2,350
Mongla,2023,1,Minimum,1,80
Mongla,2023,2,Maximum,2.5,330
Mongla,2023,2,Minimum,1,320
Mongla,2023,3,Maximum,2,170
Mongla,2023,3,Minimum,1,330
Mongla,2023,4,Maximum,6,330
Mongla,2023,4,Minimum,1,170
Mongla,2023,5,Maximum,2.5,360
Mongla,2023,5,Minimum,1,350
Mongla,2023,6,Maximum,2,170
Mongla,2023,6,Minimum,1,160
Mongla,2023,7,Maximum,2.5,170
Mongla,2023,7,Minimum,1,170
Mongla,2023,8,Maximum,3,330
Mongla,2023,8,Minimum,1,320
Mongla,2023,9,Maximum,2.5,170
Mongla,2023,9,Minimum,1,120
Mongla,2023,10,Maximum,3,80
Mongla,2023,10,Minimum,1,160
Mongla,2023,11,Maximum,3.5,50
Mongla,2023,11,Minimum,1,40
Mongla,2023,12,Maximum,2.5,30
Mongla,2023,12,Minimum,1,310
Mongla,2024,1,Maximum,1.5,330
Mongla,2024,1,Minimum,1,340
Mongla,2024,2,Maximum,2.5,30
Mongla,2024,2,Minimum,1,330
Mongla,2024,3,Maximum,2,250
Mongla,2024,3,Minimum,1,220
Mongla,2024,4,Maximum,2,150
Mongla,2024,4,Minimum,1,220
Mongla,2024,5,Maximum,15.5,110
Mongla,2024,5,Minimum,1,180
Mongla,2024,6,Maximum,2.5,50
Mongla,2024,6,Minimum,1,180
Mongla,2024,7,Maximum,3,90
Mongla,2024,7,Minimum,1,330
Mymensingh,2011,1,Maximum,8,310
Mymensingh,2011,2,Maximum,6,310
Mymensingh,2011,3,Maximum,10,180
Mymensingh,2011,4,Maximum,12,310
Mymensingh,2011,5,Maximum,8,90
Mymensingh,2011,6,Maximum,12,90
Mymensingh,2011,7,Maximum,8,90
Mymensingh,2011,8,Maximum,7,90
Mymensingh,2011,9,Maximum,4,160
Mymensingh,2011,10,Maximum,2,180
Mymensingh,2011,11,Maximum,3,90
Mymensingh,2011,12,Maximum,3,270
Mymensingh,2012,1,Maximum,5,310
Mymensingh,2012,2,Maximum,7,270
Mymensingh,2012,3,Maximum,12,310
Mymensingh,2012,4,Maximum,12,90
Mymensingh,2012,5,Maximum,9,310
Mymensingh,2012,6,Maximum,7,180
Mymensingh,2012,7,Maximum,6,270
Mymensingh,2012,8,Maximum,6,100
Mymensingh,2012,9,Maximum,5,180
Mymensingh,2012,10,Maximum,3,230
Mymensingh,2012,11,Maximum,4,270
Mymensingh,2012,12,Maximum,2,270
Mymensingh,2013,1,Maximum,6,270
Mymensingh,2013,2,Maximum,6,320
Mymensingh,2013,3,Maximum,8,270
Mymensingh,2013,4,Maximum,8,360
Mymensingh,2013,5,Maximum,8,90
Mymensingh,2013,6,Maximum,6,130
Mymensingh,2013,7,Maximum,8,110
Mymensingh,2013,8,Maximum,7,130
Mymensingh,2013,9,Maximum,6,150
Mymensingh,2013,10,Maximum,4,150
Mymensingh,2013,11,Maximum,2,270
Mymensingh,2013,12,Maximum,3,270
Mymensingh,2014,1,Maximum,6,130
Mymensingh,2014,2,Maximum,6,310
Mymensingh,2014,3,Maximum,9,280
Mymensingh,2014,4,Maximum,8,360
Mymensingh,2014,5,Maximum,8,310
Mymensingh,2014,6,Maximum,10,250
Mymensingh,2014,7,Maximum,9,110
Mymensingh,2014,8,Maximum,8,110
Mymensingh,2014,9,Maximum,8,320
Mymensingh,2014,10,Maximum,6,310
Mymensingh,2014,11,Maximum,2,310
Mymensingh,2014,12,Maximum,5,300
Mymensingh,2015,1,Maximum,6,270
Mymensingh,2015,1,Minimum,1,270
Mymensingh,2015,2,Maximum,6,310
Mymensingh,2015,2,Minimum,1,90
Mymensingh,2015,3,Maximum,6,270
Mymensingh,2015,3,Minimum,1,290
Mymensingh,2015,4,Maximum,9,50
Mymensingh,2015,4,Minimum,1,90
Mymensingh,2015,5,Maximum,8,50
Mymensingh,2015,5,Minimum,1,130
Mymensingh,2015,6,Maximum,8,130
Mymensingh,2015,6,Minimum,1,130
Mymensingh,2015,7,Maximum,10,70
Mymensingh,2015,7,Minimum,1,130
Mymensingh,2015,8,Maximum,10,120
Mymensingh,2015,8,Minimum,1,160
Mymensingh,2015,9,Maximum,9,130
Mymensingh,2015,9,Minimum,1,160
Mymensingh,2015,10,Maximum,10,130
Mymensingh,2015,10,Minimum,1,90
Mymensingh,2015,11,Maximum,9,70
Mymensingh,2015,11,Minimum,1,130
Mymensingh,2015,12,Maximum,4,90
Mymensingh,2015,12,Minimum,1,90
Mymensingh,2016,1,Maximum,9,270
Mymensingh,2016,1,Minimum,1,90
Mymensingh,2016,2,Maximum,6,50
Mymensingh,2016,2,Minimum,1,90
Mymensingh,2016,3,Maximum,9,360
Mymensingh,2016,3,Minimum,1,90
Mymensingh,2016,4,Maximum,13,180
Mymensingh,2016,4,Minimum,1,90
Mymensingh,2016,5,Maximum,12,180
Mymensingh,2016,5,Minimum,1,90
Mymensingh,2016,6,Maximum,9,180
Mymensingh,2016,6,Minimum,1,130
Mymensingh,2016,7,Maximum,12,180
Mymensingh,2016,7,Minimum,1,130
Mymensingh,2016,8,Maximum,15,90
Mymensingh,2016,8,Minimum,1,130
Mymensingh,2016,9,Maximum,6,130
Mymensingh,2016,9,Minimum,1,180
Mymensingh,2016,10,Maximum,6,90
Mymensingh,2016,10,Minimum,1,130
Mymensingh,2016,11,Maximum,4,70
Mymensingh,2016,11,Minimum,1,270
Mymensingh,2016,12,Maximum,6,310
Mymensingh,2016,12,Minimum,1,310
Mymensingh,2017,1,Maximum,5,310
Mymensingh,2017,1,Minimum,1,360
Mymensingh,2017,2,Maximum,8,180
Mymensingh,2017,2,Minimum,1,280
Mymensingh,2017,3,Maximum,8,50
Mymensingh,2017,3,Minimum,1,90
Mymensingh,2017,4,Maximum,12,130
Mymensingh,2017,4,Minimum,1,90
Mymensingh,2017,5,Maximum,10,300
Mymensingh,2017,5,Minimum,1,90
Mymensingh,2017,6,Maximum,10,190
Mymensingh,2017,6,Minimum,1,50
Mymensingh,2017,7,Maximum,12,110
Mymensingh,2017,7,Minimum,1,90
Mymensingh,2017,8,Maximum,8,270
Mymensingh,2017,8,Minimum,1,160
Mymensingh,2017,9,Maximum,8,130
Mymensingh,2017,9,Minimum,1,90
Mymensingh,2017,10,Maximum,12,90
Mymensingh,2017,10,Minimum,1,40
Mymensingh,2017,11,Maximum,4,40
Mymensingh,2017,11,Minimum,1,40
Mymensingh,2017,12,Maximum,8,360
Mymensingh,2017,12,Minimum,1,90
Mymensingh,2018,1,Maximum,8,300
Mymensingh,2018,1,Minimum,1,270
Mymensingh,2018,2,Maximum,8,180
Mymensingh,2018,2,Minimum,1,130
Mymensingh,2018,3,Maximum,15,160
Mymensingh,2018,3,Minimum,1,90
Mymensingh,2018,4,Maximum,12,90
Mymensingh,2018,4,Minimum,1,310
Mymensingh,2018,5,Maximum,12,90
Mymensingh,2018,5,Minimum,1,90
Mymensingh,2018,6,Maximum,16,320
Mymensingh,2018,6,Minimum,1,130
Mymensingh,2018,7,Maximum,10,120
Mymensingh,2018,7,Minimum,1,180
Mymensingh,2018,8,Maximum,8,140
Mymensingh,2018,8,Minimum,1,130
Mymensingh,2018,9,Maximum,10,90
Mymensingh,2018,9,Minimum,1,90
Mymensingh,2018,10,Maximum,8,130
Mymensingh,2018,10,Minimum,1,130
Mymensingh,2018,11,Maximum,9,10
Mymensingh,2018,11,Minimum,1,130
Mymensingh,2018,12,Maximum,17,10
Mymensingh,2018,12,Minimum,1,330
Mymensingh,2019,1,Maximum,4,340
Mymensingh,2019,1,Minimum,1,270
Mymensingh,2019,2,Maximum,4,130
Mymensingh,2019,2,Minimum,1,40
Mymensingh,2019,3,Maximum,7.5,140
Mymensingh,2019,3,Minimum,1,90
Mymensingh,2019,4,Maximum,7,330
Mymensingh,2019,4,Minimum,1,90
Mymensingh,2019,5,Maximum,9,180
Mymensingh,2019,5,Minimum,1,90
Mymensingh,2019,6,Maximum,5,90
Mymensingh,2019,6,Minimum,1,90
Mymensingh,2019,7,Maximum,6,360
Mymensingh,2019,7,Minimum,1,40
Mymensingh,2019,8,Maximum,5,150
Mymensingh,2019,8,Minimum,1,130
Mymensingh,2019,9,Maximum,4.5,110
Mymensingh,2019,9,Minimum,1,20
Mymensingh,2019,10,Maximum,4,270
Mymensingh,2019,10,Minimum,1,70
Mymensingh,2019,11,Maximum,15,10
Mymensingh,2019,11,Minimum,1,90
Mymensingh,2019,12,Maximum,5,270
Mymensingh,2019,12,Minimum,1,40
Mymensingh,2020,1,Maximum,4,310
Mymensingh,2020,1,Minimum,1,270
Mymensingh,2020,2,Maximum,5,130
Mymensingh,2020,2,Minimum,1,270
Mymensingh,2020,3,Maximum,11,270
Mymensingh,2020,3,Minimum,1,270
Mymensingh,2020,4,Maximum,8,310
Mymensingh,2020,4,Minimum,1,90
Mymensingh,2020,5,Maximum,6,360
Mymensingh,2020,5,Minimum,1,90
Mymensingh,2020,6,Maximum,6,180
Mymensingh,2020,6,Minimum,1,140
Mymensingh,2020,7,Maximum,4,180
Mymensingh,2020,7,Minimum,1,180
Mymensingh,2020,8,Maximum,6,100
Mymensingh,2020,8,Minimum,1,110
Mymensingh,2020,9,Maximum,6,140
Mymensingh,2020,9,Minimum,1,180
Mymensingh,2020,10,Maximum,3.5,90
Mymensingh,2020,10,Minimum,1,180
Mymensingh,2020,11,Maximum,2,30
Mymensingh,2020,11,Minimum,1,70
Mymensingh,2020,12,Maximum,2,230
Mymensingh,2020,12,Minimum,1,230
Mymensingh,2021,1,Maximum,3,310
Mymensingh,2021,1,Minimum,1,270
Mymensingh,2021,2,Maximum,4,280
Mymensingh,2021,2,Minimum,1,270
Mymensingh,2021,3,Maximum,6,90
Mymensingh,2021,3,Minimum,1,60
Mymensingh,2021,4,Maximum,6,50
Mymensingh,2021,4,Minimum,1,50
Mymensingh,2021,5,Maximum,9,20
Mymensingh,2021,5,Minimum,1,40
Mymensingh,2021,6,Maximum,6,130
Mymensingh,2021,6,Minimum,1,150
Mymensingh,2021,7,Maximum,6,310
Mymensingh,2021,7,Minimum,1,130
Mymensingh,2021,8,Maximum,5,180
Mymensingh,2021,8,Minimum,1,180
Mymensingh,2021,9,Maximum,7,330
Mymensingh,2021,9,Minimum,1,120
Mymensingh,2021,10,Maximum,6,140
Mymensingh,2021,10,Minimum,1,60
Mymensingh,2021,11,Maximum,2,310
Mymensingh,2021,11,Minimum,1,90
Mymensingh,2021,12,Maximum,3,90
Mymensingh,2021,12,Minimum,1,300
Mymensingh,2022,1,Maximum,3,310
Mymensingh,2022,1,Minimum,1,330
Mymensingh,2022,2,Maximum,3,340
Mymensingh,2022,2,Minimum,1,90
Mymensingh,2022,3,Maximum,7,90
Mymensingh,2022,3,Minimum,1,130
Mymensingh,2022,4,Maximum,7,30
Mymensingh,2022,4,Minimum,1,180
Mymensingh,2022,5,Maximum,20,180
Mymensingh,2022,5,Minimum,1,90
Mymensingh,2022,6,Maximum,5,230
Mymensingh,2022,6,Minimum,1,230
Mymensingh,2022,7,Maximum,3,130
Mymensingh,2022,7,Minimum,1,90
Mymensingh,2022,8,Maximum,6,130
Mymensingh,2022,8,Minimum,1,90
Mymensingh,2022,9,Maximum,2,130
Mymensingh,2022,9,Minimum,1,320
Mymensingh,2022,10,Maximum,7,60
Mymensingh,2022,10,Minimum,1,180
Mymensingh,2022,11,Maximum,0,0
Mymensingh,2022,12,Maximum,0,0
Mymensingh,2023,1,Maximum,0.5,270
Mymensingh,2023,1,Minimum,1,270
Mymensingh,2023,2,Maximum,0,0
Mymensingh,2023,3,Maximum,6.5,10
Mymensingh,2023,3,Minimum,2,40
Mymensingh,2023,4,Maximum,3,230
Mymensingh,2023,4,Minimum,1,90
Mymensingh,2023,5,Maximum,5,180
Mymensingh,2023,5,Minimum,1,90
Mymensingh,2023,6,Maximum,6,160
Mymensingh,2023,6,Minimum,1,130
Mymensingh,2023,7,Maximum,8.5,20
Mymensingh,2023,7,Minimum,1,130
Mymensingh,2023,8,Maximum,3,110
Mymensingh,2023,8,Minimum,1,180
Mymensingh,2023,9,Maximum,5,130
Mymensingh,2023,9,Minimum,1,130
Mymensingh,2023,10,Maximum,2,90
Mymensingh,2023,10,Minimum,1,180
Mymensingh,2023,11,Maximum,4,90
Mymensingh,2023,11,Minimum,4,110
Mymensingh,2023,12,Maximum,2,50
Mymensingh,2023,12,Minimum,2,320
Mymensingh,2024,1,Maximum,2,270
Mymensingh,2024,1,Minimum,1,270
Mymensingh,2024,2,Maximum,2,290
Mymensingh,2024,2,Minimum,1,90
Mymensingh,2024,3,Maximum,5,270
Mymensingh,2024,3,Minimum,1,50
Mymensingh,2024,4,Maximum,5,90
Mymensingh,2024,4,Minimum,1,130
Mymensingh,2024,5,Maximum,9,90
Mymensingh,2024,5,Minimum,1,90
Mymensingh,2024,6,Maximum,5,140
Mymensingh,2024,6,Minimum,1,180
Mymensingh,2024,7,Maximum,3,130
Mymensingh,2024,7,Minimum,1,130
Patuakhali,2011,1,Maximum,5,360
Patuakhali,2011,2,Maximum,8,310
Patuakhali,2011,3,Maximum,9,250
Patuakhali,2011,4,Maximum,5,330
Patuakhali,2011,5,Maximum,8,180
Patuakhali,2011,6,Maximum,23,140
Patuakhali,2011,7,Maximum,5,150
Patuakhali,2011,8,Maximum,5,130
Patuakhali,2011,9,Maximum,5,180
Patuakhali,2011,10,Maximum,3,360
Patuakhali,2011,11,Maximum,4,360
Patuakhali,2011,12,Maximum,4,280
Patuakhali,2012,1,Maximum,6,310
Patuakhali,2012,2,Maximum,5,360
Patuakhali,2012,3,Maximum,26,330
Patuakhali,2012,4,Maximum,12,180
Patuakhali,2012,5,Maximum,4,180
Patuakhali,2012,6,Maximum,6,180
Patuakhali,2012,7,Maximum,5,180
Patuakhali,2012,8,Maximum,5,180
Patuakhali,2012,9,Maximum,4,140
Patuakhali,2012,10,Maximum,4,360
Patuakhali,2012,11,Maximum,4,250
Patuakhali,2012,12,Maximum,5,360
Patuakhali,2013,1,Maximum,5,330
Patuakhali,2013,2,Maximum,12,330
Patuakhali,2013,3,Maximum,12,330
Patuakhali,2013,4,Maximum,7,310
Patuakhali,2013,5,Maximum,50,330
Patuakhali,2013,6,Maximum,6,180
Patuakhali,2013,7,Maximum,6,150
Patuakhali,2013,8,Maximum,6,180
Patuakhali,2013,9,Maximum,5,180
Patuakhali,2013,10,Maximum,6,100
Patuakhali,2013,11,Maximum,4,310
Patuakhali,2013,12,Maximum,4,360
Patuakhali,2014,1,Maximum,5,330
Patuakhali,2014,2,Maximum,10,320
Patuakhali,2014,3,Maximum,7,180
Patuakhali,2014,4,Maximum,7,250
Patuakhali,2014,5,Maximum,8,190
Patuakhali,2014,6,Maximum,6,290
Patuakhali,2014,7,Maximum,7,150
Patuakhali,2014,8,Maximum,6,150
Patuakhali,2014,9,Maximum,6,140
Patuakhali,2014,10,Maximum,6,360
Patuakhali,2014,11,Maximum,4,360
Patuakhali,2014,12,Maximum,4,180
Patuakhali,2015,1,Maximum,6,330
Patuakhali,2015,1,Minimum,1,170
Patuakhali,2015,2,Maximum,7,360
Patuakhali,2015,2,Minimum,1,360
Patuakhali,2015,3,Maximum,9,130
Patuakhali,2015,3,Minimum,1,180
Patuakhali,2015,4,Maximum,8,250
Patuakhali,2015,4,Minimum,1,170
Patuakhali,2015,5,Maximum,7,150
Patuakhali,2015,5,Minimum,1,150
Patuakhali,2015,6,Maximum,7,180
Patuakhali,2015,6,Minimum,1,150
Patuakhali,2015,7,Maximum,30,360
Patuakhali,2015,7,Minimum,1,150
Patuakhali,2015,8,Maximum,12,160
Patuakhali,2015,8,Minimum,1,150
Patuakhali,2015,9,Maximum,6,180
Patuakhali,2015,9,Minimum,1,270
Patuakhali,2015,10,Maximum,4,360
Patuakhali,2015,10,Minimum,1,360
Patuakhali,2015,11,Maximum,4,360
Patuakhali,2015,11,Minimum,1,150
Patuakhali,2015,12,Maximum,4,360
Patuakhali,2015,12,Minimum,1,50
Patuakhali,2016,1,Maximum,5,310
Patuakhali,2016,1,Minimum,1,90
Patuakhali,2016,2,Maximum,5,150
Patuakhali,2016,2,Minimum,1,270
Patuakhali,2016,3,Maximum,8,360
Patuakhali,2016,3,Minimum,1,270
Patuakhali,2016,4,Maximum,14,190
Patuakhali,2016,4,Minimum,1,160
Patuakhali,2016,5,Maximum,28,50
Patuakhali,2016,5,Minimum,1,150
Patuakhali,2016,6,Maximum,8,360
Patuakhali,2016,6,Minimum,1,250
Patuakhali,2016,7,Maximum,6,140
Patuakhali,2016,7,Minimum,1,160
Patuakhali,2016,8,Maximum,8,160
Patuakhali,2016,8,Minimum,1,90
Patuakhali,2016,9,Maximum,5,180
Patuakhali,2016,9,Minimum,1,150
Patuakhali,2016,10,Maximum,6,180
Patuakhali,2016,10,Minimum,1,360
Patuakhali,2016,11,Maximum,11,50
Patuakhali,2016,11,Minimum,1,330
Patuakhali,2016,12,Maximum,5,360
Patuakhali,2016,12,Minimum,1,340
Patuakhali,2017,1,Maximum,8,360
Patuakhali,2017,1,Minimum,1,360
Patuakhali,2017,2,Maximum,8,180
Patuakhali,2017,2,Minimum,1,360
Patuakhali,2017,3,Maximum,16,220
Patuakhali,2017,3,Minimum,1,270
Patuakhali,2017,4,Maximum,12,170
Patuakhali,2017,4,Minimum,1,160
Patuakhali,2017,5,Maximum,6,360
Patuakhali,2017,5,Minimum,1,150
Patuakhali,2017,6,Maximum,15,190
Patuakhali,2017,6,Minimum,1,230
Patuakhali,2017,7,Maximum,7,180
Patuakhali,2017,7,Minimum,1,250
Patuakhali,2017,8,Maximum,12,160
Patuakhali,2017,8,Minimum,1,150
Patuakhali,2017,9,Maximum,6,180
Patuakhali,2017,9,Minimum,1,180
Patuakhali,2017,10,Maximum,16,160
Patuakhali,2017,10,Minimum,1,360
Patuakhali,2017,11,Maximum,4,230
Patuakhali,2017,11,Minimum,1,330
Patuakhali,2017,12,Maximum,6,140
Patuakhali,2017,12,Minimum,1,360
Patuakhali,2018,1,Maximum,4,270
Patuakhali,2018,1,Minimum,1,270
Patuakhali,2018,2,Maximum,6,180
Patuakhali,2018,2,Minimum,1,270
Patuakhali,2018,3,Maximum,12,200
Patuakhali,2018,3,Minimum,1,180
Patuakhali,2018,4,Maximum,15,270
Patuakhali,2018,4,Minimum,1,340
Patuakhali,2018,5,Maximum,12,320
Patuakhali,2018,5,Minimum,1,250
Patuakhali,2018,6,Maximum,9,180
Patuakhali,2018,6,Minimum,1,180
Patuakhali,2018,7,Maximum,7,140
Patuakhali,2018,7,Minimum,1,180
Patuakhali,2018,8,Maximum,8,160
Patuakhali,2018,8,Minimum,1,150
Patuakhali,2018,9,Maximum,12,90
Patuakhali,2018,9,Minimum,1,180
Patuakhali,2018,10,Maximum,7,50
Patuakhali,2018,10,Minimum,1,180
Patuakhali,2018,11,Maximum,5,180
Patuakhali,2018,11,Minimum,1,270
Patuakhali,2018,12,Maximum,8,320
Patuakhali,2018,12,Minimum,1,360
Patuakhali,2019,1,Maximum,3,320
Patuakhali,2019,1,Minimum,1,360
Patuakhali,2019,2,Maximum,3,290
Patuakhali,2019,2,Minimum,1,270
Patuakhali,2019,3,Maximum,4,360
Patuakhali,2019,3,Minimum,1,180
Patuakhali,2019,4,Maximum,4,360
Patuakhali,2019,4,Minimum,1,180
Patuakhali,2019,5,Maximum,18,180
Patuakhali,2019,5,Minimum,1,160
Patuakhali,2019,6,Maximum,2,180
Patuakhali,2019,6,Minimum,1,180
Patuakhali,2019,7,Maximum,4,180
Patuakhali,2019,7,Minimum,1,180
Patuakhali,2019,8,Maximum,7,180
Patuakhali,2019,8,Minimum,1,180
Patuakhali,2019,9,Maximum,2,180
Patuakhali,2019,9,Minimum,1,180
Patuakhali,2019,10,Maximum,4,360
Patuakhali,2019,10,Minimum,1,180
Patuakhali,2019,11,Maximum,17.5,150
Patuakhali,2019,11,Minimum,1,270
Patuakhali,2019,12,Maximum,3,320
Patuakhali,2019,12,Minimum,1,270
Patuakhali,2020,1,Maximum,4,330
Patuakhali,2020,1,Minimum,1,360
Patuakhali,2020,2,Maximum,2.5,320
Patuakhali,2020,2,Minimum,1,270
Patuakhali,2020,3,Maximum,4.5,320
Patuakhali,2020,3,Minimum,1,180
Patuakhali,2020,4,Maximum,3,180
Patuakhali,2020,4,Minimum,1,180
Patuakhali,2020,5,Maximum,27.5,150
Patuakhali,2020,5,Minimum,1,250
Patuakhali,2020,6,Maximum,4,330
Patuakhali,2020,6,Minimum,1,150
Patuakhali,2020,7,Maximum,6,180
Patuakhali,2020,7,Minimum,1,150
Patuakhali,2020,8,Maximum,4,170
Patuakhali,2020,8,Minimum,1,150
Patuakhali,2020,9,Maximum,3,180
Patuakhali,2020,9,Minimum,1,180
Patuakhali,2020,10,Maximum,8,140
Patuakhali,2020,10,Minimum,1,250
Patuakhali,2020,11,Maximum,2,360
Patuakhali,2020,11,Minimum,1,320
Patuakhali,2020,12,Maximum,3,360
Patuakhali,2020,12,Minimum,1,360
Patuakhali,2021,1,Maximum,2,360
Patuakhali,2021,1,Minimum,1,360
Patuakhali,2021,2,Maximum,4,360
Patuakhali,2021,2,Minimum,1,360
Patuakhali,2021,3,Maximum,5,180
Patuakhali,2021,3,Minimum,1,280
Patuakhali,2021,4,Maximum,6,310
Patuakhali,2021,4,Minimum,1,180
Patuakhali,2021,5,Maximum,7.5,140
Patuakhali,2021,5,Minimum,1,180
Patuakhali,2021,6,Maximum,5,270
Patuakhali,2021,6,Minimum,1,270
Patuakhali,2021,7,Maximum,6,180
Patuakhali,2021,7,Minimum,1,180
Patuakhali,2021,8,Maximum,3,180
Patuakhali,2021,8,Minimum,1,220
Patuakhali,2021,9,Maximum,3,180
Patuakhali,2021,9,Minimum,1,180
Patuakhali,2021,10,Maximum,3,150
Patuakhali,2021,10,Minimum,1,150
Patuakhali,2021,11,Maximum,1.5,360
Patuakhali,2021,11,Minimum,1,320
Patuakhali,2021,12,Maximum,6,360
Patuakhali,2021,12,Minimum,1,150
Patuakhali,2022,1,Maximum,4,360
Patuakhali,2022,1,Minimum,1,360
Patuakhali,2022,2,Maximum,6,360
Patuakhali,2022,2,Minimum,1,30
Patuakhali,2022,3,Maximum,5,180
Patuakhali,2022,3,Minimum,1,320
Patuakhali,2022,4,Maximum,5,180
Patuakhali,2022,4,Minimum,1,180
Patuakhali,2022,5,Maximum,6,180
Patuakhali,2022,5,Minimum,1,300
Patuakhali,2022,6,Maximum,4,150
Patuakhali,2022,6,Minimum,1,120
Patuakhali,2022,7,Maximum,4.5,90
Patuakhali,2022,7,Minimum,1,180
Patuakhali,2022,8,Maximum,7,150
Patuakhali,2022,8,Minimum,1,270
Patuakhali,2022,9,Maximum,3,160
Patuakhali,2022,9,Minimum,1,360
Patuakhali,2022,10,Maximum,20,260
Patuakhali,2022,10,Minimum,1,180
Patuakhali,2022,11,Maximum,4,330
Patuakhali,2022,11,Minimum,1,300
Patuakhali,2022,12,Maximum,5,330
Patuakhali,2022,12,Minimum,1,310
Patuakhali,2023,1,Maximum,6,310
Patuakhali,2023,1,Minimum,1,360
Patuakhali,2023,2,Maximum,5,160
Patuakhali,2023,2,Minimum,1,300
Patuakhali,2023,3,Maximum,6,270
Patuakhali,2023,3,Minimum,1,270
Patuakhali,2023,4,Maximum,4,360
Patuakhali,2023,4,Minimum,1,170
Patuakhali,2023,5,Maximum,5,50
Patuakhali,2023,5,Minimum,1,50
Patuakhali,2023,6,Maximum,6,180
Patuakhali,2023,6,Minimum,1,160
Patuakhali,2023,7,Maximum,5,180
Patuakhali,2023,7,Minimum,1,160
Patuakhali,2023,8,Maximum,6,90
Patuakhali,2023,8,Minimum,1,180
Patuakhali,2023,9,Maximum,5,210
Patuakhali,2023,9,Minimum,1,90
Patuakhali,2023,10,Maximum,3.5,50
Patuakhali,2023,10,Minimum,1,360
Patuakhali,2023,11,Maximum,22.5,320
Patuakhali,2023,11,Minimum,1,330
Patuakhali,2023,12,Maximum,4,300
Patuakhali,2023,12,Minimum,1,320
Patuakhali,2024,1,Maximum,3,360
Patuakhali,2024,1,Minimum,1,360
Patuakhali,2024,2,Maximum,3,180
Patuakhali,2024,2,Minimum,1,180
Patuakhali,2024,3,Maximum,2.5,230
Patuakhali,2024,3,Minimum,1,180
Patuakhali,2024,4,Maximum,4.5,50
Patuakhali,2024,4,Minimum,1,220
Patuakhali,2024,5,Maximum,8,90
Patuakhali,2024,5,Minimum,1,180
Rajshahi,2011,1,Maximum,6,360
Rajshahi,2011,2,Maximum,6,310
Rajshahi,2011,3,Maximum,12,130
Rajshahi,2011,4,Maximum,8,220
Rajshahi,2011,5,Maximum,13,310
Rajshahi,2011,6,Maximum,12,50
Rajshahi,2011,7,Maximum,6,90
Rajshahi,2011,8,Maximum,8,90
Rajshahi,2011,9,Maximum,8,90
Rajshahi,2011,10,Maximum,3,50
Rajshahi,2011,11,Maximum,3,270
Rajshahi,2011,12,Maximum,4,360
Rajshahi,2012,1,Maximum,6,360
Rajshahi,2012,2,Maximum,6,310
Rajshahi,2012,3,Maximum,7,360
Rajshahi,2012,4,Maximum,7,90
Rajshahi,2012,5,Maximum,10,360
Rajshahi,2012,6,Maximum,6,360
Rajshahi,2012,7,Maximum,7,90
Rajshahi,2012,8,Maximum,6,90
Rajshahi,2012,9,Maximum,9,90
Rajshahi,2012,10,Maximum,4,130
Rajshahi,2012,11,Maximum,6,310
Rajshahi,2012,12,Maximum,6,310
Rajshahi,2013,1,Maximum,8,330
Rajshahi,2013,2,Maximum,6,330
Rajshahi,2013,3,Maximum,10,310
Rajshahi,2013,4,Maximum,9,180
Rajshahi,2013,5,Maximum,15,90
Rajshahi,2013,6,Maximum,7,90
Rajshahi,2013,7,Maximum,10,90
Rajshahi,2013,8,Maximum,10,90
Rajshahi,2013,9,Maximum,8,50
Rajshahi,2013,10,Maximum,10,130
Rajshahi,2013,11,Maximum,9,330
Rajshahi,2013,12,Maximum,7,320
Rajshahi,2014,1,Maximum,7,310
Rajshahi,2014,2,Maximum,9,230
Rajshahi,2014,3,Maximum,9,270
Rajshahi,2014,4,Maximum,7,230
Rajshahi,2014,5,Maximum,11,130
Rajshahi,2014,6,Maximum,8,130
Rajshahi,2014,7,Maximum,9,90
Rajshahi,2014,8,Maximum,8,90
Rajshahi,2014,9,Maximum,9,50
Rajshahi,2014,10,Maximum,7,130
Rajshahi,2014,11,Maximum,4,230
Rajshahi,2014,12,Maximum,8,270
Rajshahi,2015,1,Maximum,7,320
Rajshahi,2015,1,Minimum,1,130
Rajshahi,2015,2,Maximum,6,310
Rajshahi,2015,2,Minimum,1,270
Rajshahi,2015,3,Maximum,10,230
Rajshahi,2015,3,Minimum,1,130
Rajshahi,2015,4,Maximum,7,50
Rajshahi,2015,4,Minimum,1,90
Rajshahi,2015,5,Maximum,8,90
Rajshahi,2015,5,Minimum,1,130
Rajshahi,2015,6,Maximum,9,130
Rajshahi,2015,6,Minimum,1,90
Rajshahi,2015,7,Maximum,10,30
Rajshahi,2015,7,Minimum,1,180
Rajshahi,2015,8,Maximum,9,130
Rajshahi,2015,8,Minimum,1,90
Rajshahi,2015,9,Maximum,8,90
Rajshahi,2015,9,Minimum,1,130
Rajshahi,2015,10,Maximum,7,50
Rajshahi,2015,10,Minimum,1,180
Rajshahi,2015,11,Maximum,7,360
Rajshahi,2015,11,Minimum,1,360
Rajshahi,2015,12,Maximum,8,360
Rajshahi,2015,12,Minimum,1,360
Rajshahi,2016,1,Maximum,5,270
Rajshahi,2016,1,Minimum,1,270
Rajshahi,2016,2,Maximum,7,230
Rajshahi,2016,2,Minimum,1,180
Rajshahi,2016,3,Maximum,10,30
Rajshahi,2016,3,Minimum,1,180
Rajshahi,2016,4,Maximum,7,50
Rajshahi,2016,4,Minimum,1,360
Rajshahi,2016,5,Maximum,11,230
Rajshahi,2016,5,Minimum,1,90
Rajshahi,2016,6,Maximum,7,50
Rajshahi,2016,6,Minimum,1,90
Rajshahi,2016,7,Maximum,7,130
Rajshahi,2016,7,Minimum,1,180
Rajshahi,2016,8,Maximum,12,90
Rajshahi,2016,8,Minimum,1,90
Rajshahi,2016,9,Maximum,6,50
Rajshahi,2016,9,Minimum,1,90
Rajshahi,2016,10,Maximum,6,50
Rajshahi,2016,10,Minimum,1,50
Rajshahi,2016,11,Maximum,6,360
Rajshahi,2016,11,Minimum,1,360
Rajshahi,2016,12,Maximum,7,360
Rajshahi,2016,12,Minimum,1,360
Rajshahi,2017,1,Maximum,7,310
Rajshahi,2017,1,Minimum,1,310
Rajshahi,2017,2,Maximum,7,270
Rajshahi,2017,2,Minimum,1,310
Rajshahi,2017,3,Maximum,7,50
Rajshahi,2017,3,Minimum,1,90
Rajshahi,2017,4,Maximum,10,90
Rajshahi,2017,4,Minimum,1,180
Rajshahi,2017,5,Maximum,12,270
Rajshahi,2017,5,Minimum,1,50
Rajshahi,2017,6,Maximum,6,90
Rajshahi,2017,6,Minimum,1,360
Rajshahi,2017,7,Maximum,8,130
Rajshahi,2017,7,Minimum,1,90
Rajshahi,2017,8,Maximum,8,90
Rajshahi,2017,8,Minimum,1,90
Rajshahi,2017,9,Maximum,5,90
Rajshahi,2017,9,Minimum,1,130
Rajshahi,2017,10,Maximum,14,90
Rajshahi,2017,10,Minimum,1,180
Rajshahi,2017,11,Maximum,6,360
Rajshahi,2017,11,Minimum,1,310
Rajshahi,2017,12,Maximum,5,360
Rajshahi,2017,12,Minimum,1,270
Rajshahi,2018,1,Maximum,6,360
Rajshahi,2018,1,Minimum,1,360
Rajshahi,2018,2,Maximum,8,360
Rajshahi,2018,2,Minimum,1,360
Rajshahi,2018,3,Maximum,8,270
Rajshahi,2018,3,Minimum,1,210
Rajshahi,2018,4,Maximum,25,310
Rajshahi,2018,4,Minimum,1,90
Rajshahi,2018,5,Maximum,7,50
Rajshahi,2018,5,Minimum,1,50
Rajshahi,2018,6,Maximum,8,90
Rajshahi,2018,6,Minimum,1,90
Rajshahi,2018,7,Maximum,8,50
Rajshahi,2018,7,Minimum,1,180
Rajshahi,2018,8,Maximum,8,90
Rajshahi,2018,8,Minimum,1,230
Rajshahi,2018,9,Maximum,9,90
Rajshahi,2018,9,Minimum,1,90
Rajshahi,2018,10,Maximum,6,90
Rajshahi,2018,10,Minimum,1,180
Rajshahi,2018,11,Maximum,5,50
Rajshahi,2018,11,Minimum,1,180
Rajshahi,2018,12,Maximum,6,360
Rajshahi,2018,12,Minimum,1,360
Rajshahi,2019,1,Maximum,2.5,310
Rajshahi,2019,1,Minimum,1,360
Rajshahi,2019,2,Maximum,3,310
Rajshahi,2019,2,Minimum,1,360
Rajshahi,2019,3,Maximum,15.5,20
Rajshahi,2019,3,Minimum,1,270
Rajshahi,2019,4,Maximum,3,310
Rajshahi,2019,4,Minimum,1,50
Rajshahi,2019,5,Maximum,6,310
Rajshahi,2019,5,Minimum,1,180
Rajshahi,2019,6,Maximum,3,230
Rajshahi,2019,6,Minimum,1,90
Rajshahi,2019,7,Maximum,4,70
Rajshahi,2019,7,Minimum,1,90
Rajshahi,2019,8,Maximum,4,90
Rajshahi,2019,8,Minimum,1,130
Rajshahi,2019,9,Maximum,3,50
Rajshahi,2019,9,Minimum,1,330
Rajshahi,2019,10,Maximum,4.5,20
Rajshahi,2019,10,Minimum,1,50
Rajshahi,2019,11,Maximum,3,50
Rajshahi,2019,11,Minimum,1,310
Rajshahi,2019,12,Maximum,3,310
Rajshahi,2019,12,Minimum,1,310
Rajshahi,2020,1,Maximum,3.5,310
Rajshahi,2020,1,Minimum,1,90
Rajshahi,2020,2,Maximum,4,230
Rajshahi,2020,2,Minimum,1,50
Rajshahi,2020,3,Maximum,3.5,310
Rajshahi,2020,3,Minimum,1,360
Rajshahi,2020,4,Maximum,4,310
Rajshahi,2020,4,Minimum,1,130
Rajshahi,2020,5,Maximum,16,50
Rajshahi,2020,5,Minimum,1,270
Rajshahi,2020,6,Maximum,3.5,50
Rajshahi,2020,6,Minimum,1,180
Rajshahi,2020,7,Maximum,2.5,70
Rajshahi,2020,7,Minimum,1,90
Rajshahi,2020,8,Maximum,4.5,90
Rajshahi,2020,8,Minimum,1,310
Rajshahi,2020,9,Maximum,3,90
Rajshahi,2020,9,Minimum,1,130
Rajshahi,2020,10,Maximum,4.5,90
Rajshahi,2020,10,Minimum,1,90
Rajshahi,2020,11,Maximum,2.5,360
Rajshahi,2020,11,Minimum,1,180
Rajshahi,2020,12,Maximum,2.5,50
Rajshahi,2020,12,Minimum,1,70
Rajshahi,2021,1,Maximum,2.5,270
Rajshahi,2021,1,Minimum,1,360
Rajshahi,2021,2,Maximum,2.5,230
Rajshahi,2021,2,Minimum,1,360
Rajshahi,2021,3,Maximum,3,50
Rajshahi,2021,3,Minimum,1,230
Rajshahi,2021,4,Maximum,8,270
Rajshahi,2021,4,Minimum,1,180
Rajshahi,2021,5,Maximum,4,150
Rajshahi,2021,5,Minimum,1,360
Rajshahi,2021,6,Maximum,4,90
Rajshahi,2021,6,Minimum,1,130
Rajshahi,2021,7,Maximum,4,50
Rajshahi,2021,7,Minimum,1,90
Rajshahi,2021,8,Maximum,2.5,90
Rajshahi,2021,8,Minimum,1,90
Rajshahi,2021,9,Maximum,3,130
Rajshahi,2021,9,Minimum,1,90
Rajshahi,2021,10,Maximum,4,150
Rajshahi,2021,10,Minimum,1,90
Rajshahi,2021,11,Maximum,2.5,330
Rajshahi,2021,11,Minimum,1,320
Rajshahi,2021,12,Maximum,2.5,310
Rajshahi,2021,12,Minimum,1,360
Rajshahi,2022,1,Maximum,3,310
Rajshahi,2022,1,Minimum,1,360
Rajshahi,2022,2,Maximum,2,90
Rajshahi,2022,2,Minimum,1,50
Rajshahi,2022,3,Maximum,2.5,90
Rajshahi,2022,3,Minimum,1,310
Rajshahi,2022,4,Maximum,3.5,130
Rajshahi,2022,4,Minimum,1,130
Rajshahi,2022,5,Maximum,6,230
Rajshahi,2022,5,Minimum,1,90
Rajshahi,2022,6,Maximum,5,320
Rajshahi,2022,6,Minimum,1,90
Rajshahi,2022,7,Maximum,4,90
Rajshahi,2022,7,Minimum,1,130
Rajshahi,2022,8,Maximum,6,90
Rajshahi,2022,8,Minimum,1,90
Rajshahi,2022,9,Maximum,3.5,130
Rajshahi,2022,9,Minimum,1,230
Rajshahi,2022,10,Maximum,4,50
Rajshahi,2022,10,Minimum,1,230
Rajshahi,2022,11,Maximum,2,360
Rajshahi,2022,11,Minimum,1,310
Rajshahi,2022,12,Maximum,2,50
Rajshahi,2022,12,Minimum,1,360
Rajshahi,2023,1,Maximum,3.5,310
Rajshahi,2023,1,Minimum,1,360
Rajshahi,2023,2,Maximum,4.5,270
Rajshahi,2023,2,Minimum,1,360
Rajshahi,2023,3,Maximum,3,230
Rajshahi,2023,3,Minimum,1,230
Rajshahi,2023,4,Maximum,13.5,20
Rajshahi,2023,4,Minimum,1,230
Rajshahi,2023,5,Maximum,5,180
Rajshahi,2023,5,Minimum,1,180
Rajshahi,2023,6,Maximum,4,90
Rajshahi,2023,6,Minimum,1,180
Rajshahi,2023,7,Maximum,4,50
Rajshahi,2023,7,Minimum,1,90
Rajshahi,2023,8,Maximum,4,90
Rajshahi,2023,8,Minimum,1,90
Rajshahi,2023,9,Maximum,3.5,90
Rajshahi,2023,9,Minimum,1,130
Rajshahi,2023,10,Maximum,3.5,90
Rajshahi,2023,10,Minimum,1,230
Rajshahi,2023,11,Maximum,3.5,50
Rajshahi,2023,11,Minimum,1,310
Rajshahi,2023,12,Maximum,2.5,310
Rajshahi,2023,12,Minimum,1,360
Rajshahi,2024,1,Maximum,3,270
Rajshahi,2024,1,Minimum,1,310
Rajshahi,2024,2,Maximum,4,270
Rajshahi,2024,2,Minimum,1,230
Rajshahi,2024,3,Maximum,4,230
Rajshahi,2024,3,Minimum,1,180
Rajshahi,2024,4,Maximum,4.5,270
Rajshahi,2024,4,Minimum,1,230
Rajshahi,2024,5,Maximum,7,50
Rajshahi,2024,5,Minimum,1,90
Rajshahi,2024,6,Maximum,3.5,140
Rajshahi,2024,6,Minimum,1,180
Rangamati,2011,1,Maximum,4,360
Rangamati,2011,2,Maximum,4,50
Rangamati,2011,3,Maximum,10,360
Rangamati,2011,4,Maximum,8,270
Rangamati,2011,5,Maximum,8,180
Rangamati,2011,6,Maximum,6,180
Rangamati,2011,7,Maximum,6,160
Rangamati,2011,8,Maximum,4,180
Rangamati,2011,9,Maximum,4,180
Rangamati,2011,10,Maximum,2,160
Rangamati,2011,11,Maximum,3,360
Rangamati,2011,12,Maximum,2,320
Rangamati,2012,1,Maximum,4,350
Rangamati,2012,2,Maximum,4,100
Rangamati,2012,3,Maximum,5,240
Rangamati,2012,4,Maximum,6,180
Rangamati,2012,5,Maximum,4,230
Rangamati,2012,6,Maximum,7,180
Rangamati,2012,7,Maximum,5,180
Rangamati,2012,8,Maximum,5,180
Rangamati,2012,9,Maximum,4,200
Rangamati,2012,10,Maximum,4,130
Rangamati,2012,11,Maximum,3,90
Rangamati,2012,12,Maximum,2,360
Rangamati,2013,1,Maximum,3,50
Rangamati,2013,2,Maximum,6,360
Rangamati,2013,3,Maximum,4,240
Rangamati,2013,4,Maximum,6,160
Rangamati,2013,5,Maximum,14,180
Rangamati,2013,6,Maximum,5,180
Rangamati,2013,7,Maximum,4,120
Rangamati,2013,8,Maximum,4,160
Rangamati,2013,9,Maximum,3,180
Rangamati,2013,10,Maximum,6,180
Rangamati,2013,11,Maximum,2,350
Rangamati,2013,12,Maximum,5,20
Rangamati,2014,1,Maximum,3,90
Rangamati,2014,2,Maximum,5,40
Rangamati,2014,3,Maximum,5,50
Rangamati,2014,4,Maximum,8,310
Rangamati,2014,5,Maximum,8,270
Rangamati,2014,6,Maximum,3,160
Rangamati,2014,7,Maximum,5,200
Rangamati,2014,8,Maximum,6,180
Rangamati,2014,9,Maximum,3,180
Rangamati,2014,10,Maximum,3,210
Rangamati,2014,11,Maximum,2,50
Rangamati,2014,12,Maximum,2,50
Rangamati,2015,1,Maximum,0,0
Rangamati,2015,2,Maximum,0,0
Rangamati,2015,3,Maximum,5,330
Rangamati,2015,3,Minimum,1,200
Rangamati,2015,4,Maximum,5,220
Rangamati,2015,4,Minimum,1,180
Rangamati,2015,5,Maximum,3,160
Rangamati,2015,5,Minimum,1,90
Rangamati,2015,6,Maximum,4,160
Rangamati,2015,6,Minimum,1,180
Rangamati,2015,7,Maximum,6,90
Rangamati,2015,7,Minimum,1,180
Rangamati,2015,8,Maximum,3,200
Rangamati,2015,8,Minimum,1,180
Rangamati,2015,9,Maximum,3,200
Rangamati,2015,9,Minimum,1,210
Rangamati,2015,10,Maximum,2,210
Rangamati,2015,10,Minimum,1,50
Rangamati,2015,11,Maximum,2,90
Rangamati,2015,11,Minimum,1,300
Rangamati,2015,12,Maximum,2,350
Rangamati,2015,12,Minimum,1,50
Rangamati,2016,1,Maximum,3,270
Rangamati,2016,1,Minimum,1,310
Rangamati,2016,2,Maximum,3,200
Rangamati,2016,2,Minimum,1,180
Rangamati,2016,3,Maximum,3,310
Rangamati,2016,3,Minimum,1,50
Rangamati,2016,4,Maximum,8,230
Rangamati,2016,4,Minimum,1,210
Rangamati,2016,5,Maximum,16,210
Rangamati,2016,5,Minimum,1,200
Rangamati,2016,6,Maximum,3,180
Rangamati,2016,6,Minimum,1,130
Rangamati,2016,7,Maximum,3,180
Rangamati,2016,7,Minimum,1,130
Rangamati,2016,8,Maximum,3,180
Rangamati,2016,8,Minimum,1,180
Rangamati,2016,9,Maximum,2,180
Rangamati,2016,9,Minimum,1,180
Rangamati,2016,10,Maximum,3,220
Rangamati,2016,10,Minimum,1,270
Rangamati,2016,11,Maximum,3,310
Rangamati,2016,11,Minimum,1,310
Rangamati,2016,12,Maximum,2,330
Rangamati,2016,12,Minimum,1,360
Rangamati,2017,1,Maximum,3,360
Rangamati,2017,1,Minimum,1,330
Rangamati,2017,2,Maximum,3,180
Rangamati,2017,2,Minimum,1,50
Rangamati,2017,3,Maximum,4,200
Rangamati,2017,3,Minimum,1,130
Rangamati,2017,4,Maximum,5,50
Rangamati,2017,4,Minimum,1,90
Rangamati,2017,5,Maximum,20,130
Rangamati,2017,5,Minimum,1,130
Rangamati,2017,6,Maximum,6,210
Rangamati,2017,6,Minimum,1,180
Rangamati,2017,7,Maximum,2,130
Rangamati,2017,7,Minimum,1,160
Rangamati,2017,8,Maximum,3,160
Rangamati,2017,8,Minimum,1,180
Rangamati,2017,9,Maximum,3,90
Rangamati,2017,9,Minimum,1,200
Rangamati,2017,10,Maximum,3,150
Rangamati,2017,10,Minimum,1,130
Rangamati,2017,11,Maximum,2,50
Rangamati,2017,11,Minimum,1,220
Rangamati,2017,12,Maximum,2,90
Rangamati,2017,12,Minimum,1,50
Rangamati,2018,1,Maximum,2,310
Rangamati,2018,1,Minimum,1,50
Rangamati,2018,2,Maximum,2,130
Rangamati,2018,2,Minimum,1,130
Rangamati,2018,3,Maximum,3,270
Rangamati,2018,3,Minimum,1,180
Rangamati,2018,4,Maximum,4,180
Rangamati,2018,4,Minimum,1,180
Rangamati,2018,5,Maximum,3,220
Rangamati,2018,5,Minimum,1,90
Rangamati,2018,6,Maximum,3,150
Rangamati,2018,6,Minimum,1,130
Rangamati,2018,7,Maximum,3,130
Rangamati,2018,7,Minimum,1,180
Rangamati,2018,8,Maximum,3,180
Rangamati,2018,8,Minimum,1,180
Rangamati,2018,9,Maximum,3,130
Rangamati,2018,9,Minimum,1,130
Rangamati,2018,10,Maximum,3,270
Rangamati,2018,10,Minimum,1,90
Rangamati,2018,11,Maximum,3,330
Rangamati,2018,11,Minimum,1,50
Rangamati,2018,12,Maximum,2,360
Rangamati,2018,12,Minimum,1,360
Rangamati,2019,1,Maximum,1,360
Rangamati,2019,1,Minimum,1,50
Rangamati,2019,2,Maximum,3,180
Rangamati,2019,2,Minimum,1,90
Rangamati,2019,3,Maximum,2,280
Rangamati,2019,3,Minimum,1,300
Rangamati,2019,4,Maximum,2,230
Rangamati,2019,4,Minimum,1,180
Rangamati,2019,5,Maximum,9,210
Rangamati,2019,5,Minimum,1,180
Rangamati,2019,6,Maximum,1.5,170
Rangamati,2019,6,Minimum,1,210
Rangamati,2019,7,Maximum,2.5,70
Rangamati,2019,7,Minimum,1,90
Rangamati,2019,8,Maximum,1,240
Rangamati,2019,8,Minimum,1,90
Rangamati,2019,9,Maximum,5,170
Rangamati,2019,9,Minimum,1,180
Rangamati,2019,10,Maximum,1,130
Rangamati,2019,10,Minimum,1,130
Rangamati,2019,11,Maximum,1.5,200
Rangamati,2019,11,Minimum,1,300
Rangamati,2019,12,Maximum,1,50
Rangamati,2019,12,Minimum,1,300
Rangamati,2020,1,Maximum,1,310
Rangamati,2020,1,Minimum,1,360
Rangamati,2020,2,Maximum,1,90
Rangamati,2020,2,Minimum,1,270
Rangamati,2020,3,Maximum,1.5,50
Rangamati,2020,3,Minimum,1,250
Rangamati,2020,4,Maximum,1.5,170
Rangamati,2020,4,Minimum,1,310
Rangamati,2020,5,Maximum,2.5,180
Rangamati,2020,5,Minimum,1,90
Rangamati,2020,6,Maximum,1.5,180
Rangamati,2020,6,Minimum,1,160
Rangamati,2020,7,Maximum,1.5,160
Rangamati,2020,7,Minimum,1,180
Rangamati,2020,8,Maximum,1.5,180
Rangamati,2020,8,Minimum,1,120
Rangamati,2020,9,Maximum,1.5,90
Rangamati,2020,9,Minimum,1,180
Rangamati,2020,10,Maximum,1.5,180
Rangamati,2020,10,Minimum,1,120
Rangamati,2020,11,Maximum,0.5,350
Rangamati,2020,11,Minimum,1,360
Rangamati,2020,12,Maximum,1,360
Rangamati,2020,12,Minimum,1,360
Rangamati,2021,1,Maximum,1,130
Rangamati,2021,1,Minimum,1,360
Rangamati,2021,2,Maximum,1.5,360
Rangamati,2021,2,Minimum,1,310
Rangamati,2021,3,Maximum,1.5,180
Rangamati,2021,3,Minimum,1,170
Rangamati,2021,4,Maximum,1.5,210
Rangamati,2021,4,Minimum,1,90
Rangamati,2021,5,Maximum,2.5,180
Rangamati,2021,5,Minimum,1,180
Rangamati,2021,6,Maximum,1.5,120
Rangamati,2021,6,Minimum,1,150
Rangamati,2021,7,Maximum,1.5,180
Rangamati,2021,7,Minimum,1,270
Rangamati,2021,8,Maximum,1.5,180
Rangamati,2021,8,Minimum,1,90
Rangamati,2021,9,Maximum,1,130
Rangamati,2021,9,Minimum,1,120
Rangamati,2021,10,Maximum,1.5,90
Rangamati,2021,10,Minimum,1,90
Rangamati,2021,11,Maximum,1,310
Rangamati,2021,11,Minimum,1,310
Rangamati,2021,12,Maximum,1,130
Rangamati,2021,12,Minimum,1,50
Rangamati,2022,1,Maximum,6.5,10
Rangamati,2022,1,Minimum,1,90
Rangamati,2022,2,Maximum,1.5,270
Rangamati,2022,2,Minimum,1,90
Rangamati,2022,3,Maximum,1.5,120
Rangamati,2022,3,Minimum,1,120
Rangamati,2022,4,Maximum,1.5,180
Rangamati,2022,4,Minimum,1,90
Rangamati,2022,5,Maximum,1.5,180
Rangamati,2022,5,Minimum,1,90
Rangamati,2022,6,Maximum,1,180
Rangamati,2022,6,Minimum,1,90
Rangamati,2022,7,Maximum,6,10
Rangamati,2022,7,Minimum,1,90
Rangamati,2022,8,Maximum,1.5,180
Rangamati,2022,8,Minimum,1,120
Rangamati,2022,9,Maximum,1.5,150
Rangamati,2022,9,Minimum,1,90
Rangamati,2022,10,Maximum,5,170
Rangamati,2022,10,Minimum,1,50
Rangamati,2022,11,Maximum,1,50
Rangamati,2022,11,Minimum,1,90
Rangamati,2022,12,Maximum,4,0
Rangamati,2022,12,Minimum,1,90
Rangamati,2023,1,Maximum,0.5,90
Rangamati,2023,1,Minimum,1,300
Rangamati,2023,2,Maximum,6.5,10
Rangamati,2023,2,Minimum,1,50
Rangamati,2023,3,Maximum,5.5,120
Rangamati,2023,3,Minimum,1,50
Rangamati,2023,4,Maximum,10.5,20
Rangamati,2023,4,Minimum,1,90
Rangamati,2023,5,Maximum,1.5,90
Rangamati,2023,5,Minimum,1,130
Rangamati,2023,6,Maximum,1,180
Rangamati,2023,6,Minimum,1,90
Rangamati,2023,7,Maximum,1,180
Rangamati,2023,7,Minimum,1,130
Rangamati,2023,8,Maximum,1.5,90
Rangamati,2023,8,Minimum,1,90
Rangamati,2023,9,Maximum,1,90
Rangamati,2023,9,Minimum,1,90
Rangamati,2023,10,Maximum,1,140
Rangamati,2023,10,Minimum,1,180
Rangamati,2023,11,Maximum,3,150
Rangamati,2023,11,Minimum,1,180
Rangamati,2023,12,Maximum,1,90
Rangamati,2023,12,Minimum,1,130
Rangamati,2024,1,Maximum,1,90
Rangamati,2024,1,Minimum,1,310
Rangamati,2024,2,Maximum,1,90
Rangamati,2024,2,Minimum,1,90
Rangamati,2024,3,Maximum,1.5,50
Rangamati,2024,3,Minimum,1,90
Rangamati,2024,4,Maximum,1.5,180
Rangamati,2024,4,Minimum,1,180
Rangamati,2024,5,Maximum,3.5,180
Rangamati,2024,5,Minimum,1,150
Rangamati,2024,6,Maximum,5.5,120
Rangamati,2024,6,Minimum,1,180
Rangpur,2011,1,Maximum,5,20
Rangpur,2011,2,Maximum,5,230
Rangpur,2011,3,Maximum,7,50
Rangpur,2011,4,Maximum,7,130
Rangpur,2011,5,Maximum,6,320
Rangpur,2011,6,Maximum,6,50
Rangpur,2011,7,Maximum,6,130
Rangpur,2011,8,Maximum,6,90
Rangpur,2011,9,Maximum,5,90
Rangpur,2011,10,Maximum,4,50
Rangpur,2011,11,Maximum,4,50
Rangpur,2011,12,Maximum,6,90
Rangpur,2012,1,Maximum,27,20
Rangpur,2012,2,Maximum,8,270
Rangpur,2012,3,Maximum,6,270
Rangpur,2012,4,Maximum,6,50
Rangpur,2012,5,Maximum,6,230
Rangpur,2012,6,Maximum,6,180
Rangpur,2012,7,Maximum,5,130
Rangpur,2012,8,Maximum,4,130
Rangpur,2012,9,Maximum,4,230
Rangpur,2012,10,Maximum,4,90
Rangpur,2012,11,Maximum,4,90
Rangpur,2012,12,Maximum,4,360
Rangpur,2013,1,Maximum,5,50
Rangpur,2013,2,Maximum,9,310
Rangpur,2013,3,Maximum,10,330
Rangpur,2013,4,Maximum,6,50
Rangpur,2013,5,Maximum,8,90
Rangpur,2013,6,Maximum,8,50
Rangpur,2013,7,Maximum,5,130
Rangpur,2013,8,Maximum,6,230
Rangpur,2013,9,Maximum,8,50
Rangpur,2013,10,Maximum,7,50
Rangpur,2013,11,Maximum,5,50
Rangpur,2013,12,Maximum,4,50
Rangpur,2014,1,Maximum,4,310
Rangpur,2014,2,Maximum,5,230
Rangpur,2014,3,Maximum,6,230
Rangpur,2014,4,Maximum,9,20
Rangpur,2014,5,Maximum,15,50
Rangpur,2014,6,Maximum,6,50
Rangpur,2014,7,Maximum,9,90
Rangpur,2014,8,Maximum,6,90
Rangpur,2014,9,Maximum,5,130
Rangpur,2014,10,Maximum,4,130
Rangpur,2014,11,Maximum,4,50
Rangpur,2014,12,Maximum,5,50
Rangpur,2015,1,Maximum,8,50
Rangpur,2015,1,Minimum,1,360
Rangpur,2015,2,Maximum,4,50
Rangpur,2015,2,Minimum,1,130
Rangpur,2015,3,Maximum,6,230
Rangpur,2015,3,Minimum,1,270
Rangpur,2015,4,Maximum,10,50
Rangpur,2015,4,Minimum,1,90
Rangpur,2015,5,Maximum,18,350
Rangpur,2015,5,Minimum,1,90
Rangpur,2015,6,Maximum,8,50
Rangpur,2015,6,Minimum,1,170
Rangpur,2015,7,Maximum,7,50
Rangpur,2015,7,Minimum,1,130
Rangpur,2015,8,Maximum,9,50
Rangpur,2015,8,Minimum,1,130
Rangpur,2015,9,Maximum,4,50
Rangpur,2015,9,Minimum,1,50
Rangpur,2015,10,Maximum,4,50
Rangpur,2015,10,Minimum,1,80
Rangpur,2015,11,Maximum,7,50
Rangpur,2015,11,Minimum,1,50
Rangpur,2015,12,Maximum,4,50
Rangpur,2015,12,Minimum,1,50
Rangpur,2016,1,Maximum,3,50
Rangpur,2016,1,Minimum,1,50
Rangpur,2016,2,Maximum,5,230
Rangpur,2016,2,Minimum,2,230
Rangpur,2016,3,Maximum,12,330
Rangpur,2016,3,Minimum,1,270
Rangpur,2016,4,Maximum,9,50
Rangpur,2016,4,Minimum,1,170
Rangpur,2016,5,Maximum,7,50
Rangpur,2016,5,Minimum,1,130
Rangpur,2016,6,Maximum,4,180
Rangpur,2016,6,Minimum,1,130
Rangpur,2016,7,Maximum,4,170
Rangpur,2016,7,Minimum,1,50
Rangpur,2016,8,Maximum,8,50
Rangpur,2016,8,Minimum,1,230
Rangpur,2016,9,Maximum,4,130
Rangpur,2016,9,Minimum,1,230
Rangpur,2016,10,Maximum,5,50
Rangpur,2016,10,Minimum,1,170
Rangpur,2016,11,Maximum,8,50
Rangpur,2016,11,Minimum,2,50
Rangpur,2016,12,Maximum,4,50
Rangpur,2016,12,Minimum,1,310
Rangpur,2017,1,Maximum,4,50
Rangpur,2017,1,Minimum,1,50
Rangpur,2017,2,Maximum,5,230
Rangpur,2017,2,Minimum,1,230
Rangpur,2017,3,Maximum,8,310
Rangpur,2017,3,Minimum,1,170
Rangpur,2017,4,Maximum,6,50
Rangpur,2017,4,Minimum,1,50
Rangpur,2017,5,Maximum,7,50
Rangpur,2017,5,Minimum,1,230
Rangpur,2017,6,Maximum,5,130
Rangpur,2017,6,Minimum,1,130
Rangpur,2017,7,Maximum,8,130
Rangpur,2017,7,Minimum,1,130
Rangpur,2017,8,Maximum,8,230
Rangpur,2017,8,Minimum,1,270
Rangpur,2017,9,Maximum,9,130
Rangpur,2017,9,Minimum,1,80
Rangpur,2017,10,Maximum,7,90
Rangpur,2017,10,Minimum,1,130
Rangpur,2017,11,Maximum,6,90
Rangpur,2017,11,Minimum,1,130
Rangpur,2017,12,Maximum,4,50
Rangpur,2017,12,Minimum,1,50
Rangpur,2018,1,Maximum,4,230
Rangpur,2018,1,Minimum,1,270
Rangpur,2018,2,Maximum,5,50
Rangpur,2018,2,Minimum,1,220
Rangpur,2018,3,Maximum,5,50
Rangpur,2018,3,Minimum,1,230
Rangpur,2018,4,Maximum,6,230
Rangpur,2018,4,Minimum,1,
Rangpur,2018,5,Maximum,9,0
Rangpur,2018,5,Minimum,1,130
Rangpur,2018,6,Maximum,5,50
Rangpur,2018,6,Minimum,1,130
Rangpur,2018,7,Maximum,4,310
Rangpur,2018,7,Minimum,1,130
Rangpur,2018,8,Maximum,4,130
Rangpur,2018,8,Minimum,1,130
Rangpur,2018,9,Maximum,4,130
Rangpur,2018,9,Minimum,1,130
Rangpur,2018,10,Maximum,4,50
Rangpur,2018,10,Minimum,1,230
Rangpur,2018,11,Maximum,4,270
Rangpur,2018,11,Minimum,1,230
Rangpur,2018,12,Maximum,4,50
Rangpur,2018,12,Minimum,1,320
Rangpur,2019,1,Maximum,2.5,40
Rangpur,2019,1,Minimum,1,310
Rangpur,2019,2,Maximum,2,180
Rangpur,2019,2,Minimum,1,50
Rangpur,2019,3,Maximum,3,130
Rangpur,2019,3,Minimum,1,90
Rangpur,2019,4,Maximum,3,50
Rangpur,2019,4,Minimum,1,50
Rangpur,2019,5,Maximum,4.5,310
Rangpur,2019,5,Minimum,1,130
Rangpur,2019,6,Maximum,2,270
Rangpur,2019,6,Minimum,1,130
Rangpur,2019,7,Maximum,2.5,130
Rangpur,2019,7,Minimum,1,90
Rangpur,2019,8,Maximum,2,130
Rangpur,2019,8,Minimum,1,50
Rangpur,2019,9,Maximum,2.5,130
Rangpur,2019,9,Minimum,1,50
Rangpur,2019,10,Maximum,2.5,90
Rangpur,2019,10,Minimum,1,90
Rangpur,2019,11,Maximum,2,50
Rangpur,2019,11,Minimum,1,270
Rangpur,2019,12,Maximum,2.5,60
Rangpur,2019,12,Minimum,1,270
Rangpur,2020,1,Maximum,3,310
Rangpur,2020,1,Minimum,1,270
Rangpur,2020,2,Maximum,2,50
Rangpur,2020,2,Minimum,1,230
Rangpur,2020,3,Maximum,2.5,230
Rangpur,2020,3,Minimum,1,290
Rangpur,2020,4,Maximum,4,50
Rangpur,2020,4,Minimum,1,230
Rangpur,2020,5,Maximum,7.5,50
Rangpur,2020,5,Minimum,1,50
Rangpur,2020,6,Maximum,3,180
Rangpur,2020,6,Minimum,1,130
Rangpur,2020,7,Maximum,2,230
Rangpur,2020,7,Minimum,1,130
Rangpur,2020,8,Maximum,2,130
Rangpur,2020,8,Minimum,1,50
Rangpur,2020,9,Maximum,2,90
Rangpur,2020,9,Minimum,1,90
Rangpur,2020,10,Maximum,3,50
Rangpur,2020,10,Minimum,1,130
Rangpur,2020,11,Maximum,2.5,50
Rangpur,2020,11,Minimum,1,130
Rangpur,2020,12,Maximum,1.5,330
Rangpur,2020,12,Minimum,1,50
Rangpur,2021,1,Maximum,2,270
Rangpur,2021,1,Minimum,1,230
Rangpur,2021,2,Maximum,2,50
Rangpur,2021,2,Minimum,1,350
Rangpur,2021,3,Maximum,4.5,50
Rangpur,2021,3,Minimum,1,290
Rangpur,2021,4,Maximum,4.5,50
Rangpur,2021,4,Minimum,1,90
Rangpur,2021,5,Maximum,4,50
Rangpur,2021,5,Minimum,1,180
Rangpur,2021,6,Maximum,2,130
Rangpur,2021,6,Minimum,1,270
Rangpur,2021,7,Maximum,2,130
Rangpur,2021,7,Minimum,1,50
Rangpur,2021,8,Maximum,2.5,50
Rangpur,2021,8,Minimum,1,90
Rangpur,2021,9,Maximum,2,50
Rangpur,2021,9,Minimum,1,50
Rangpur,2021,10,Maximum,2,50
Rangpur,2021,10,Minimum,1,50
Rangpur,2021,11,Maximum,1.5,50
Rangpur,2021,11,Minimum,1,50
Rangpur,2021,12,Maximum,2.5,50
Rangpur,2021,12,Minimum,1,50
Rangpur,2022,1,Maximum,2,310
Rangpur,2022,1,Minimum,1,230
Rangpur,2022,2,Maximum,4.5,50
Rangpur,2022,2,Minimum,1,270
Rangpur,2022,3,Maximum,2,190
Rangpur,2022,3,Minimum,1,230
Rangpur,2022,4,Maximum,6.5,300
Rangpur,2022,4,Minimum,1,90
Rangpur,2022,5,Maximum,3,130
Rangpur,2022,5,Minimum,1,50
Rangpur,2022,6,Maximum,2.5,210
Rangpur,2022,6,Minimum,1,50
Rangpur,2022,7,Maximum,1.5,170
Rangpur,2022,7,Minimum,1,130
Rangpur,2022,8,Maximum,4,130
Rangpur,2022,8,Minimum,1,130
Rangpur,2022,9,Maximum,2,230
Rangpur,2022,9,Minimum,1,130
Rangpur,2022,10,Maximum,6.5,50
Rangpur,2022,10,Minimum,1,310
Rangpur,2022,11,Maximum,2.5,20
Rangpur,2022,11,Minimum,1,180
Rangpur,2022,12,Maximum,1,90
Rangpur,2022,12,Minimum,1,90
Rangpur,2023,1,Maximum,1,50
Rangpur,2023,1,Minimum,1,50
Rangpur,2023,2,Maximum,2,90
Rangpur,2023,2,Minimum,1,180
Rangpur,2023,3,Maximum,2.5,20
Rangpur,2023,3,Minimum,1,50
Rangpur,2023,4,Maximum,15,50
Rangpur,2023,4,Minimum,1,130
Rangpur,2023,5,Maximum,4,230
Rangpur,2023,5,Minimum,1,130
Rangpur,2023,6,Maximum,3,50
Rangpur,2023,6,Minimum,1,130
Rangpur,2023,7,Maximum,2,50
Rangpur,2023,7,Minimum,1,130
Rangpur,2023,8,Maximum,1.5,130
Rangpur,2023,8,Minimum,1,230
Rangpur,2023,9,Maximum,3,130
Rangpur,2023,9,Minimum,1,50
Rangpur,2023,10,Maximum,3,50
Rangpur,2023,10,Minimum,1,90
Rangpur,2023,11,Maximum,2.5,20
Rangpur,2023,11,Minimum,1,330
Rangpur,2023,12,Maximum,2.5,10
Rangpur,2023,12,Minimum,1,360
Rangpur,2024,1,Maximum,1,270
Rangpur,2024,1,Minimum,1,360
Rangpur,2024,2,Maximum,1.5,270
Rangpur,2024,2,Minimum,1,270
Rangpur,2024,3,Maximum,2.5,350
Rangpur,2024,3,Minimum,1,220
Rangpur,2024,4,Maximum,2,50
Rangpur,2024,4,Minimum,1,50
Rangpur,2024,5,Maximum,7,50
Rangpur,2024,5,Minimum,1,50
Rangpur,2024,6,Maximum,3.5,50
Rangpur,2024,6,Minimum,1,50
Sandwip,2011,1,Maximum,5,20
Sandwip,2011,2,Maximum,4,360
Sandwip,2011,3,Maximum,8,180
Sandwip,2011,4,Maximum,4,360
Sandwip,2011,5,Maximum,9,180
Sandwip,2011,6,Maximum,6,150
Sandwip,2011,7,Maximum,6,180
Sandwip,2011,8,Maximum,7,180
Sandwip,2011,9,Maximum,4,160
Sandwip,2011,10,Maximum,3,360
Sandwip,2011,11,Maximum,2,360
Sandwip,2011,12,Maximum,3,360
Sandwip,2012,1,Maximum,4,360
Sandwip,2012,2,Maximum,4,180
Sandwip,2012,3,Maximum,5,180
Sandwip,2012,4,Maximum,8,180
Sandwip,2012,5,Maximum,9,180
Sandwip,2012,6,Maximum,8,180
Sandwip,2012,7,Maximum,6,180
Sandwip,2012,8,Maximum,5,180
Sandwip,2012,9,Maximum,5,180
Sandwip,2012,10,Maximum,25,200
Sandwip,2012,11,Maximum,3,360
Sandwip,2012,12,Maximum,0,0
Sandwip,2013,1,Maximum,5,360
Sandwip,2013,2,Maximum,7,360
Sandwip,2013,3,Maximum,5,200
Sandwip,2013,4,Maximum,8,180
Sandwip,2013,5,Maximum,18,180
Sandwip,2013,6,Maximum,7,180
Sandwip,2013,7,Maximum,6,160
Sandwip,2013,8,Maximum,6,180
Sandwip,2013,9,Maximum,5,180
Sandwip,2013,10,Maximum,3,150
Sandwip,2013,11,Maximum,2,30
Sandwip,2013,12,Maximum,4,360
Sandwip,2014,1,Maximum,5,360
Sandwip,2014,2,Maximum,5,300
Sandwip,2014,3,Maximum,5,340
Sandwip,2014,4,Maximum,7,180
Sandwip,2014,5,Maximum,8,160
Sandwip,2014,6,Maximum,5,180
Sandwip,2014,7,Maximum,7,180
Sandwip,2014,8,Maximum,5,140
Sandwip,2014,9,Maximum,5,180
Sandwip,2014,10,Maximum,3,290
Sandwip,2014,11,Maximum,2,360
Sandwip,2014,12,Maximum,4,360
Sandwip,2015,1,Maximum,5,360
Sandwip,2015,1,Minimum,1,90
Sandwip,2015,2,Maximum,4,360
Sandwip,2015,2,Minimum,1,360
Sandwip,2015,3,Maximum,4,360
Sandwip,2015,3,Minimum,1,220
Sandwip,2015,4,Maximum,9,360
Sandwip,2015,4,Minimum,1,180
Sandwip,2015,5,Maximum,5,180
Sandwip,2015,5,Minimum,1,180
Sandwip,2015,6,Maximum,22,350
Sandwip,2015,6,Minimum,1,180
Sandwip,2015,7,Maximum,9,280
Sandwip,2015,7,Minimum,1,180
Sandwip,2015,8,Maximum,8,180
Sandwip,2015,8,Minimum,1,180
Sandwip,2015,9,Maximum,5,200
Sandwip,2015,9,Minimum,1,180
Sandwip,2015,10,Maximum,3,270
Sandwip,2015,10,Minimum,1,90
Sandwip,2015,11,Maximum,2,360
Sandwip,2015,11,Minimum,1,50
Sandwip,2015,12,Maximum,7,360
Sandwip,2015,12,Minimum,1,50
Sandwip,2016,1,Maximum,3,360
Sandwip,2016,1,Minimum,1,360
Sandwip,2016,2,Maximum,7,160
Sandwip,2016,2,Minimum,1,90
Sandwip,2016,3,Maximum,3,90
Sandwip,2016,3,Minimum,1,160
Sandwip,2016,4,Maximum,10,180
Sandwip,2016,4,Minimum,1,160
Sandwip,2016,5,Maximum,24,230
Sandwip,2016,5,Minimum,1,180
Sandwip,2016,6,Maximum,3,180
Sandwip,2016,6,Minimum,1,160
Sandwip,2016,7,Maximum,6,180
Sandwip,2016,7,Minimum,1,180
Sandwip,2016,8,Maximum,5,170
Sandwip,2016,8,Minimum,1,160
Sandwip,2016,9,Maximum,5,160
Sandwip,2016,9,Minimum,1,180
Sandwip,2016,10,Maximum,5,180
Sandwip,2016,10,Minimum,1,360
Sandwip,2016,11,Maximum,5,40
Sandwip,2016,11,Minimum,1,40
Sandwip,2016,12,Maximum,2,360
Sandwip,2016,12,Minimum,1,360
Sandwip,2017,1,Maximum,3,360
Sandwip,2017,1,Minimum,1,360
Sandwip,2017,2,Maximum,5,360
Sandwip,2017,2,Minimum,1,180
Sandwip,2017,3,Maximum,8,180
Sandwip,2017,3,Minimum,1,120
Sandwip,2017,4,Maximum,10,180
Sandwip,2017,4,Minimum,1,180
Sandwip,2017,5,Maximum,30,230
Sandwip,2017,5,Minimum,1,170
Sandwip,2017,6,Maximum,15,160
Sandwip,2017,6,Minimum,1,200
Sandwip,2017,7,Maximum,6,180
Sandwip,2017,7,Minimum,1,240
Sandwip,2017,8,Maximum,4,170
Sandwip,2017,8,Minimum,1,170
Sandwip,2017,9,Maximum,5,50
Sandwip,2017,9,Minimum,1,180
Sandwip,2017,10,Maximum,7,170
Sandwip,2017,10,Minimum,1,140
Sandwip,2017,11,Maximum,2,320
Sandwip,2017,11,Minimum,1,360
Sandwip,2017,12,Maximum,2,150
Sandwip,2017,12,Minimum,1,40
Sandwip,2018,1,Maximum,2,360
Sandwip,2018,1,Minimum,1,360
Sandwip,2018,2,Maximum,3,360
Sandwip,2018,2,Minimum,1,20
Sandwip,2018,3,Maximum,6,30
Sandwip,2018,3,Minimum,1,220
Sandwip,2018,4,Maximum,5,340
Sandwip,2018,4,Minimum,1,100
Sandwip,2018,5,Maximum,8,360
Sandwip,2018,5,Minimum,1,160
Sandwip,2018,6,Maximum,6,230
Sandwip,2018,6,Minimum,1,180
Sandwip,2018,7,Maximum,6,180
Sandwip,2018,7,Minimum,1,200
Sandwip,2018,8,Maximum,4,140
Sandwip,2018,8,Minimum,1,170
Sandwip,2018,9,Maximum,5,180
Sandwip,2018,9,Minimum,1,180
Sandwip,2018,10,Maximum,4,130
Sandwip,2018,10,Minimum,1,170
Sandwip,2018,11,Maximum,2,310
Sandwip,2018,11,Minimum,1,90
Sandwip,2018,12,Maximum,2,360
Sandwip,2018,12,Minimum,1,340
Sandwip,2019,1,Maximum,2,360
Sandwip,2019,1,Minimum,1,340
Sandwip,2019,2,Maximum,3.5,360
Sandwip,2019,2,Minimum,1,360
Sandwip,2019,3,Maximum,2,250
Sandwip,2019,3,Minimum,1,360
Sandwip,2019,4,Maximum,4.5,50
Sandwip,2019,4,Minimum,1,170
Sandwip,2019,5,Maximum,7.5,180
Sandwip,2019,5,Minimum,1,180
Sandwip,2019,6,Maximum,3,320
Sandwip,2019,6,Minimum,1,200
Sandwip,2019,7,Maximum,4,240
Sandwip,2019,7,Minimum,1,180
Sandwip,2019,8,Maximum,4,130
Sandwip,2019,8,Minimum,1,180
Sandwip,2019,9,Maximum,3,120
Sandwip,2019,9,Minimum,1,130
Sandwip,2019,10,Maximum,1,200
Sandwip,2019,10,Minimum,1,170
Sandwip,2019,11,Maximum,3,130
Sandwip,2019,11,Minimum,1,230
Sandwip,2019,12,Maximum,1.5,340
Sandwip,2019,12,Minimum,1,360
Sandwip,2020,1,Maximum,2,340
Sandwip,2020,1,Minimum,1,360
Sandwip,2020,2,Maximum,1.5,320
Sandwip,2020,2,Minimum,1,360
Sandwip,2020,3,Maximum,2.5,360
Sandwip,2020,3,Minimum,1,360
Sandwip,2020,4,Maximum,3,360
Sandwip,2020,4,Minimum,1,150
Sandwip,2020,5,Maximum,10,140
Sandwip,2020,5,Minimum,1,180
Sandwip,2020,6,Maximum,3.5,140
Sandwip,2020,6,Minimum,1,180
Sandwip,2020,7,Maximum,3,180
Sandwip,2020,7,Minimum,1,180
Sandwip,2020,8,Maximum,4,180
Sandwip,2020,8,Minimum,1,140
Sandwip,2020,9,Maximum,2.5,160
Sandwip,2020,9,Minimum,1,180
Sandwip,2020,10,Maximum,4,170
Sandwip,2020,10,Minimum,1,170
Sandwip,2020,11,Maximum,1.5,360
Sandwip,2020,11,Minimum,1,180
Sandwip,2020,12,Maximum,2,360
Sandwip,2020,12,Minimum,1,360
Sandwip,2021,1,Maximum,1.5,340
Sandwip,2021,1,Minimum,1,360
Sandwip,2021,2,Maximum,2,200
Sandwip,2021,2,Minimum,1,360
Sandwip,2021,3,Maximum,6,180
Sandwip,2021,3,Minimum,1,40
Sandwip,2021,4,Maximum,5,360
Sandwip,2021,4,Minimum,1,180
Sandwip,2021,5,Maximum,4,180
Sandwip,2021,5,Minimum,1,180
Sandwip,2021,6,Maximum,4,140
Sandwip,2021,6,Minimum,1,170
Sandwip,2021,7,Maximum,3,140
Sandwip,2021,7,Minimum,1,180
Sandwip,2021,8,Maximum,3,140
Sandwip,2021,8,Minimum,1,180
Sandwip,2021,9,Maximum,3,140
Sandwip,2021,9,Minimum,1,140
Sandwip,2021,10,Maximum,2,190
Sandwip,2021,10,Minimum,1,320
Sandwip,2021,11,Maximum,1.5,360
Sandwip,2021,11,Minimum,1,180
Sandwip,2021,12,Maximum,1.5,140
Sandwip,2021,12,Minimum,1,360
Sandwip,2022,1,Maximum,2,360
Sandwip,2022,1,Minimum,1,360
Sandwip,2022,2,Maximum,2.5,360
Sandwip,2022,2,Minimum,1,90
Sandwip,2022,3,Maximum,4.5,160
Sandwip,2022,3,Minimum,1,180
Sandwip,2022,4,Maximum,6.5,310
Sandwip,2022,4,Minimum,1,180
Sandwip,2022,5,Maximum,5,220
Sandwip,2022,5,Minimum,1,180
Sandwip,2022,6,Maximum,4,170
Sandwip,2022,6,Minimum,1,180
Sandwip,2022,7,Maximum,4,180
Sandwip,2022,7,Minimum,1,140
Sandwip,2022,8,Maximum,4,160
Sandwip,2022,8,Minimum,1,140
Sandwip,2022,9,Maximum,3,140
Sandwip,2022,9,Minimum,1,180
Sandwip,2022,10,Maximum,10,180
Sandwip,2022,10,Minimum,1,140
Sandwip,2022,11,Maximum,1.5,50
Sandwip,2022,11,Minimum,1,50
Sandwip,2022,12,Maximum,1,40
Sandwip,2022,12,Minimum,1,360
Sandwip,2023,1,Maximum,1.5,40
Sandwip,2023,1,Minimum,1,30
Sandwip,2023,2,Maximum,2,360
Sandwip,2023,2,Minimum,1,320
Sandwip,2023,3,Maximum,2.5,360
Sandwip,2023,3,Minimum,1,140
Sandwip,2023,4,Maximum,4,150
Sandwip,2023,4,Minimum,1,50
Sandwip,2023,5,Maximum,5,190
Sandwip,2023,5,Minimum,1,140
Sandwip,2023,6,Maximum,5,150
Sandwip,2023,6,Minimum,1,40
Sandwip,2023,7,Maximum,5,160
Sandwip,2023,7,Minimum,1,160
Sandwip,2023,8,Maximum,6,130
Sandwip,2023,8,Minimum,1,140
Sandwip,2023,9,Maximum,4,140
Sandwip,2023,9,Minimum,1,130
Sandwip,2023,10,Maximum,3.5,200
Sandwip,2023,10,Minimum,1,230
Sandwip,2023,11,Maximum,9,160
Sandwip,2023,11,Minimum,1,50
Sandwip,2023,12,Maximum,2,360
Sandwip,2023,12,Minimum,1,360
Sandwip,2024,1,Maximum,2,360
Sandwip,2024,1,Minimum,1,340
Sandwip,2024,2,Maximum,3.5,360
Sandwip,2024,2,Minimum,1,360
Sandwip,2024,3,Maximum,2.5,210
Sandwip,2024,3,Minimum,1,230
Sandwip,2024,4,Maximum,4.5,190
Sandwip,2024,4,Minimum,1,180
Sandwip,2024,5,Maximum,7.5,140
Sandwip,2024,5,Minimum,1,120
Sandwip,2024,6,Maximum,9,80
Sandwip,2024,6,Minimum,1,170
Sandwip,2024,7,Maximum,4,230
Sandwip,2024,7,Minimum,1,180
Satkhira,2011,1,Maximum,5,340
Satkhira,2011,2,Maximum,7,340
Satkhira,2011,3,Maximum,7,180
Satkhira,2011,4,Maximum,5,300
Satkhira,2011,5,Maximum,22,320
Satkhira,2011,6,Maximum,9,50
Satkhira,2011,7,Maximum,3,90
Satkhira,2011,8,Maximum,8,90
Satkhira,2011,9,Maximum,4,120
Satkhira,2011,10,Maximum,3,360
Satkhira,2011,11,Maximum,4,360
Satkhira,2011,12,Maximum,4,360
Satkhira,2012,1,Maximum,4,360
Satkhira,2012,2,Maximum,6,340
Satkhira,2012,3,Maximum,9,310
Satkhira,2012,4,Maximum,13,270
Satkhira,2012,5,Maximum,10,330
Satkhira,2012,6,Maximum,8,230
Satkhira,2012,7,Maximum,4,180
Satkhira,2012,8,Maximum,4,110
Satkhira,2012,9,Maximum,4,90
Satkhira,2012,10,Maximum,5,210
Satkhira,2012,11,Maximum,3,340
Satkhira,2012,12,Maximum,5,180
Satkhira,2013,1,Maximum,5,360
Satkhira,2013,2,Maximum,8,360
Satkhira,2013,3,Maximum,6,270
Satkhira,2013,4,Maximum,6,180
Satkhira,2013,5,Maximum,16,110
Satkhira,2013,6,Maximum,4,90
Satkhira,2013,7,Maximum,7,110
Satkhira,2013,8,Maximum,6,150
Satkhira,2013,9,Maximum,5,90
Satkhira,2013,10,Maximum,5,120
Satkhira,2013,11,Maximum,4,360
Satkhira,2013,12,Maximum,4,330
Satkhira,2014,1,Maximum,5,330
Satkhira,2014,2,Maximum,5,270
Satkhira,2014,3,Maximum,5,60
Satkhira,2014,4,Maximum,6,90
Satkhira,2014,5,Maximum,8,180
Satkhira,2014,6,Maximum,4,180
Satkhira,2014,7,Maximum,4,120
Satkhira,2014,8,Maximum,10,90
Satkhira,2014,9,Maximum,6,60
Satkhira,2014,10,Maximum,3,360
Satkhira,2014,11,Maximum,4,360
Satkhira,2014,12,Maximum,4,360
Satkhira,2015,1,Maximum,4,360
Satkhira,2015,1,Minimum,1,330
Satkhira,2015,2,Maximum,5,360
Satkhira,2015,2,Minimum,1,360
Satkhira,2015,3,Maximum,6,300
Satkhira,2015,3,Minimum,1,270
Satkhira,2015,4,Maximum,12,220
Satkhira,2015,4,Minimum,1,180
Satkhira,2015,5,Maximum,6,20
Satkhira,2015,5,Minimum,1,180
Satkhira,2015,6,Maximum,4,310
Satkhira,2015,6,Minimum,1,180
Satkhira,2015,7,Maximum,5,260
Satkhira,2015,7,Minimum,1,270
Satkhira,2015,8,Maximum,15,220
Satkhira,2015,8,Minimum,1,50
Satkhira,2015,9,Maximum,3,120
Satkhira,2015,9,Minimum,1,270
Satkhira,2015,10,Maximum,3,40
Satkhira,2015,10,Minimum,1,360
Satkhira,2015,11,Maximum,3,30
Satkhira,2015,11,Minimum,1,330
Satkhira,2015,12,Maximum,5,50
Satkhira,2015,12,Minimum,1,30
Satkhira,2016,1,Maximum,4,360
Satkhira,2016,1,Minimum,1,330
Satkhira,2016,2,Maximum,4,30
Satkhira,2016,2,Minimum,1,230
Satkhira,2016,3,Maximum,4,200
Satkhira,2016,3,Minimum,1,210
Satkhira,2016,4,Maximum,8,180
Satkhira,2016,4,Minimum,1,140
Satkhira,2016,5,Maximum,6,330
Satkhira,2016,5,Minimum,1,180
Satkhira,2016,6,Maximum,3,230
Satkhira,2016,6,Minimum,1,90
Satkhira,2016,7,Maximum,4,180
Satkhira,2016,7,Minimum,1,140
Satkhira,2016,8,Maximum,14,270
Satkhira,2016,8,Minimum,1,120
Satkhira,2016,9,Maximum,4,180
Satkhira,2016,9,Minimum,1,140
Satkhira,2016,10,Maximum,2,330
Satkhira,2016,10,Minimum,1,90
Satkhira,2016,11,Maximum,3,50
Satkhira,2016,11,Minimum,1,360
Satkhira,2016,12,Maximum,4,360
Satkhira,2016,12,Minimum,1,360
Satkhira,2017,1,Maximum,5,280
Satkhira,2017,1,Minimum,1,360
Satkhira,2017,2,Maximum,5,20
Satkhira,2017,2,Minimum,1,330
Satkhira,2017,3,Maximum,6,40
Satkhira,2017,3,Minimum,1,180
Satkhira,2017,4,Maximum,8,150
Satkhira,2017,4,Minimum,1,180
Satkhira,2017,5,Maximum,4,270
Satkhira,2017,5,Minimum,1,160
Satkhira,2017,6,Maximum,6,30
Satkhira,2017,6,Minimum,1,180
Satkhira,2017,7,Maximum,3,90
Satkhira,2017,7,Minimum,1,180
Satkhira,2017,8,Maximum,3,180
Satkhira,2017,8,Minimum,1,90
Satkhira,2017,9,Maximum,3,180
Satkhira,2017,9,Minimum,1,180
Satkhira,2017,10,Maximum,10,180
Satkhira,2017,10,Minimum,1,180
Satkhira,2017,11,Maximum,3,30
Satkhira,2017,11,Minimum,1,330
Satkhira,2017,12,Maximum,2,360
Satkhira,2017,12,Minimum,1,330
Satkhira,2018,1,Maximum,5,30
Satkhira,2018,1,Minimum,1,360
Satkhira,2018,2,Maximum,4,180
Satkhira,2018,2,Minimum,1,270
Satkhira,2018,3,Maximum,3,220
Satkhira,2018,3,Minimum,1,180
Satkhira,2018,4,Maximum,7,270
Satkhira,2018,4,Minimum,1,130
Satkhira,2018,5,Maximum,5,180
Satkhira,2018,5,Minimum,1,180
Satkhira,2018,6,Maximum,8,330
Satkhira,2018,6,Minimum,1,180
Satkhira,2018,7,Maximum,6,120
Satkhira,2018,7,Minimum,1,140
Satkhira,2018,8,Maximum,4,140
Satkhira,2018,8,Minimum,1,140
Satkhira,2018,9,Maximum,4,120
Satkhira,2018,9,Minimum,1,180
Satkhira,2018,10,Maximum,2,40
Satkhira,2018,10,Minimum,1,50
Satkhira,2018,11,Maximum,2,360
Satkhira,2018,11,Minimum,1,270
Satkhira,2018,12,Maximum,4,270
Satkhira,2018,12,Minimum,1,360
Satkhira,2019,1,Maximum,1.5,340
Satkhira,2019,1,Minimum,1,340
Satkhira,2019,2,Maximum,2,40
Satkhira,2019,2,Minimum,1,200
Satkhira,2019,3,Maximum,2.5,220
Satkhira,2019,3,Minimum,1,360
Satkhira,2019,4,Maximum,2,180
Satkhira,2019,4,Minimum,1,180
Satkhira,2019,5,Maximum,16,180
Satkhira,2019,5,Minimum,1,180
Satkhira,2019,6,Maximum,1.5,180
Satkhira,2019,6,Minimum,1,180
Satkhira,2019,7,Maximum,2.5,180
Satkhira,2019,7,Minimum,1,180
Satkhira,2019,8,Maximum,2.5,90
Satkhira,2019,8,Minimum,1,140
Satkhira,2019,9,Maximum,2,180
Satkhira,2019,9,Minimum,1,80
Satkhira,2019,10,Maximum,1,360
Satkhira,2019,10,Minimum,1,360
Satkhira,2019,11,Maximum,22,50
Satkhira,2019,11,Minimum,1,360
Satkhira,2019,12,Maximum,2,360
Satkhira,2019,12,Minimum,1,360
Satkhira,2020,1,Maximum,2,360
Satkhira,2020,1,Minimum,1,360
Satkhira,2020,2,Maximum,2,360
Satkhira,2020,2,Minimum,1,360
Satkhira,2020,3,Maximum,4,270
Satkhira,2020,3,Minimum,1,360
Satkhira,2020,4,Maximum,2.5,170
Satkhira,2020,4,Minimum,1,180
Satkhira,2020,5,Maximum,41,90
Satkhira,2020,5,Minimum,1,200
Satkhira,2020,6,Maximum,2.5,180
Satkhira,2020,6,Minimum,1,180
Satkhira,2020,7,Maximum,2,180
Satkhira,2020,7,Minimum,1,180
Satkhira,2020,8,Maximum,3,30
Satkhira,2020,8,Minimum,1,150
Satkhira,2020,9,Maximum,1.5,280
Satkhira,2020,9,Minimum,1,160
Satkhira,2020,10,Maximum,1.5,30
Satkhira,2020,10,Minimum,1,30
Satkhira,2020,11,Maximum,1.5,10
Satkhira,2020,11,Minimum,1,360
Satkhira,2020,12,Maximum,1.5,20
Satkhira,2020,12,Minimum,1,360
Satkhira,2021,1,Maximum,1.5,30
Satkhira,2021,1,Minimum,1,360
Satkhira,2021,2,Maximum,1,340
Satkhira,2021,2,Minimum,1,310
Satkhira,2021,3,Maximum,6,300
Satkhira,2021,3,Minimum,1,180
Satkhira,2021,4,Maximum,2,170
Satkhira,2021,4,Minimum,1,180
Satkhira,2021,5,Maximum,7.5,90
Satkhira,2021,5,Minimum,1,180
Satkhira,2021,6,Maximum,2.5,140
Satkhira,2021,6,Minimum,1,180
Satkhira,2021,7,Maximum,2.5,50
Satkhira,2021,7,Minimum,1,310
Satkhira,2021,8,Maximum,1.5,200
Satkhira,2021,8,Minimum,1,180
Satkhira,2021,9,Maximum,4,80
Satkhira,2021,9,Minimum,1,140
Satkhira,2021,10,Maximum,3,140
Satkhira,2021,10,Minimum,1,190
Satkhira,2021,11,Maximum,1.5,40
Satkhira,2021,11,Minimum,1,320
Satkhira,2021,12,Maximum,2,330
Satkhira,2021,12,Minimum,1,360
Satkhira,2022,1,Maximum,1.5,330
Satkhira,2022,1,Minimum,1,360
Satkhira,2022,2,Maximum,2.5,300
Satkhira,2022,2,Minimum,1,310
Satkhira,2022,3,Maximum,3,180
Satkhira,2022,3,Minimum,1,220
Satkhira,2022,4,Maximum,2,180
Satkhira,2022,4,Minimum,1,180
Satkhira,2022,5,Maximum,2.5,180
Satkhira,2022,5,Minimum,1,180
Satkhira,2022,6,Maximum,2.5,180
Satkhira,2022,6,Minimum,1,170
Satkhira,2022,7,Maximum,2,140
Satkhira,2022,7,Minimum,1,180
Satkhira,2022,8,Maximum,9,20
Satkhira,2022,8,Minimum,1,150
Satkhira,2022,9,Maximum,2,180
Satkhira,2022,9,Minimum,1,140
Satkhira,2022,10,Maximum,8.5,300
Satkhira,2022,10,Minimum,1,360
Satkhira,2022,11,Maximum,1,360
Satkhira,2022,11,Minimum,1,360
Satkhira,2022,12,Maximum,1.5,270
Satkhira,2022,12,Minimum,1,360
Satkhira,2023,1,Maximum,1.5,20
Satkhira,2023,1,Minimum,1,270
Satkhira,2023,2,Maximum,1,220
Satkhira,2023,2,Minimum,1,360
Satkhira,2023,3,Maximum,4,220
Satkhira,2023,3,Minimum,1,200
Satkhira,2023,4,Maximum,2.5,50
Satkhira,2023,4,Minimum,1,220
Satkhira,2023,5,Maximum,6,320
Satkhira,2023,5,Minimum,1,210
Satkhira,2023,6,Maximum,2.5,180
Satkhira,2023,6,Minimum,1,170
Satkhira,2023,7,Maximum,2,220
Satkhira,2023,7,Minimum,1,180
Satkhira,2023,8,Maximum,4,220
Satkhira,2023,8,Minimum,1,350
Satkhira,2023,9,Maximum,3,90
Satkhira,2023,9,Minimum,1,170
Satkhira,2023,10,Maximum,3,180
Satkhira,2023,10,Minimum,1,220
Satkhira,2023,11,Maximum,8,40
Satkhira,2023,11,Minimum,1,310
Satkhira,2023,12,Maximum,4,360
Satkhira,2023,12,Minimum,1,280
Satkhira,2024,1,Maximum,3,320
Satkhira,2024,1,Minimum,1,330
Satkhira,2024,2,Maximum,3,360
Satkhira,2024,2,Minimum,1,10
Satkhira,2024,3,Maximum,5,220
Satkhira,2024,3,Minimum,1,140
Satkhira,2024,4,Maximum,6,280
Satkhira,2024,4,Minimum,1,260
Satkhira,2024,5,Maximum,20,50
Satkhira,2024,5,Minimum,1,350
Satkhira,2024,6,Maximum,6,180
Satkhira,2024,6,Minimum,1,180
Sayedpur,2011,1,Maximum,10,270
Sayedpur,2011,2,Maximum,14,210
Sayedpur,2011,3,Maximum,14,270
Sayedpur,2011,4,Maximum,15,300
Sayedpur,2011,5,Maximum,10,310
Sayedpur,2011,6,Maximum,12,80
Sayedpur,2011,7,Maximum,14,90
Sayedpur,2011,8,Maximum,15,180
Sayedpur,2011,9,Maximum,8,90
Sayedpur,2011,10,Maximum,8,300
Sayedpur,2011,11,Maximum,8,60
Sayedpur,2011,12,Maximum,10,300
Sayedpur,2012,1,Maximum,10,270
Sayedpur,2012,2,Maximum,20,270
Sayedpur,2012,3,Maximum,15,270
Sayedpur,2012,4,Maximum,12,60
Sayedpur,2012,5,Maximum,15,310
Sayedpur,2012,6,Maximum,12,180
Sayedpur,2012,7,Maximum,8,90
Sayedpur,2012,8,Maximum,9,180
Sayedpur,2012,9,Maximum,12,30
Sayedpur,2012,10,Maximum,30,180
Sayedpur,2012,11,Maximum,8,270
Sayedpur,2012,12,Maximum,8,310
Sayedpur,2013,1,Maximum,8,270
Sayedpur,2013,2,Maximum,10,270
Sayedpur,2013,3,Maximum,15,270
Sayedpur,2013,4,Maximum,10,270
Sayedpur,2013,5,Maximum,22,180
Sayedpur,2013,6,Maximum,12,350
Sayedpur,2013,7,Maximum,10,180
Sayedpur,2013,8,Maximum,10,210
Sayedpur,2013,9,Maximum,10,90
Sayedpur,2013,10,Maximum,12,360
Sayedpur,2013,11,Maximum,8,60
Sayedpur,2013,12,Maximum,10,270
Sayedpur,2014,1,Maximum,12,310
Sayedpur,2014,2,Maximum,12,270
Sayedpur,2014,3,Maximum,15,270
Sayedpur,2014,4,Maximum,15,240
Sayedpur,2014,5,Maximum,15,90
Sayedpur,2014,6,Maximum,10,20
Sayedpur,2014,7,Maximum,12,90
Sayedpur,2014,8,Maximum,12,130
Sayedpur,2014,9,Maximum,8,60
Sayedpur,2014,10,Maximum,8,270
Sayedpur,2014,11,Maximum,12,60
Sayedpur,2014,12,Maximum,10,270
Sayedpur,2015,1,Maximum,11,240
Sayedpur,2015,1,Minimum,2,310
Sayedpur,2015,2,Maximum,12,270
Sayedpur,2015,2,Minimum,2,270
Sayedpur,2015,3,Maximum,15,270
Sayedpur,2015,3,Minimum,2,50
Sayedpur,2015,4,Maximum,18,210
Sayedpur,2015,4,Minimum,2,180
Sayedpur,2015,5,Maximum,15,310
Sayedpur,2015,5,Minimum,2,90
Sayedpur,2015,6,Maximum,10,90
Sayedpur,2015,6,Minimum,2,90
Sayedpur,2015,7,Maximum,12,90
Sayedpur,2015,7,Minimum,2,90
Sayedpur,2015,8,Maximum,18,210
Sayedpur,2015,8,Minimum,2,60
Sayedpur,2015,9,Maximum,10,240
Sayedpur,2015,9,Minimum,2,60
Sayedpur,2015,10,Maximum,12,90
Sayedpur,2015,10,Minimum,2,30
Sayedpur,2015,11,Maximum,9,90
Sayedpur,2015,11,Minimum,2,30
Sayedpur,2015,12,Maximum,8,270
Sayedpur,2015,12,Minimum,2,30
Sayedpur,2016,1,Maximum,10,270
Sayedpur,2016,1,Minimum,1,30
Sayedpur,2016,2,Maximum,16,270
Sayedpur,2016,2,Minimum,1,260
Sayedpur,2016,3,Maximum,15,270
Sayedpur,2016,3,Minimum,1,220
Sayedpur,2016,4,Maximum,12,270
Sayedpur,2016,4,Minimum,1,210
Sayedpur,2016,5,Maximum,12,300
Sayedpur,2016,5,Minimum,1,60
Sayedpur,2016,6,Maximum,8,180
Sayedpur,2016,6,Minimum,1,90
Sayedpur,2016,7,Maximum,9,100
Sayedpur,2016,7,Minimum,2,80
Sayedpur,2016,8,Maximum,10,120
Sayedpur,2016,8,Minimum,2,30
Sayedpur,2016,9,Maximum,8,120
Sayedpur,2016,9,Minimum,2,90
Sayedpur,2016,10,Maximum,10,180
Sayedpur,2016,10,Minimum,1,30
Sayedpur,2016,11,Maximum,8,270
Sayedpur,2016,11,Minimum,2,30
Sayedpur,2016,12,Maximum,8,60
Sayedpur,2016,12,Minimum,1,270
Sayedpur,2017,1,Maximum,12,270
Sayedpur,2017,1,Minimum,1,300
Sayedpur,2017,2,Maximum,15,270
Sayedpur,2017,2,Minimum,2,270
Sayedpur,2017,3,Maximum,10,270
Sayedpur,2017,3,Minimum,2,180
Sayedpur,2017,4,Maximum,10,30
Sayedpur,2017,4,Minimum,2,90
Sayedpur,2017,5,Maximum,12,360
Sayedpur,2017,5,Minimum,2,50
Sayedpur,2017,6,Maximum,10,180
Sayedpur,2017,6,Minimum,2,90
Sayedpur,2017,7,Maximum,15,90
Sayedpur,2017,7,Minimum,2,100
Sayedpur,2017,8,Maximum,10,210
Sayedpur,2017,8,Minimum,2,230
Sayedpur,2017,9,Maximum,10,180
Sayedpur,2017,9,Minimum,2,180
Sayedpur,2017,10,Maximum,10,60
Sayedpur,2017,10,Minimum,2,50
Sayedpur,2017,11,Maximum,10,10
Sayedpur,2017,11,Minimum,2,60
Sayedpur,2017,12,Maximum,10,270
Sayedpur,2017,12,Minimum,1,50
Sayedpur,2018,1,Maximum,14,270
Sayedpur,2018,1,Minimum,2,310
Sayedpur,2018,2,Maximum,14,270
Sayedpur,2018,2,Minimum,2,270
Sayedpur,2018,3,Maximum,18,240
Sayedpur,2018,3,Minimum,2,60
Sayedpur,2018,4,Maximum,15,80
Sayedpur,2018,4,Minimum,2,90
Sayedpur,2018,5,Maximum,12,60
Sayedpur,2018,5,Minimum,2,50
Sayedpur,2018,6,Maximum,10,120
Sayedpur,2018,6,Minimum,2,60
Sayedpur,2018,7,Maximum,12,120
Sayedpur,2018,7,Minimum,2,90
Sayedpur,2018,8,Maximum,10,270
Sayedpur,2018,8,Minimum,2,90
Sayedpur,2018,9,Maximum,10,90
Sayedpur,2018,9,Minimum,2,90
Sayedpur,2018,10,Maximum,8,80
Sayedpur,2018,10,Minimum,2,180
Sayedpur,2018,11,Maximum,13,240
Sayedpur,2018,11,Minimum,2,30
Sayedpur,2018,12,Maximum,8,360
Sayedpur,2018,12,Minimum,2,50
Sayedpur,2019,1,Maximum,5,270
Sayedpur,2019,1,Minimum,1,30
Sayedpur,2019,2,Maximum,6.5,250
Sayedpur,2019,2,Minimum,2,270
Sayedpur,2019,3,Maximum,7.5,240
Sayedpur,2019,3,Minimum,2,270
Sayedpur,2019,4,Maximum,6,280
Sayedpur,2019,4,Minimum,2,50
Sayedpur,2019,5,Maximum,9,70
Sayedpur,2019,5,Minimum,2,360
Sayedpur,2019,6,Maximum,5,210
Sayedpur,2019,6,Minimum,2,180
Sayedpur,2019,7,Maximum,6,150
Sayedpur,2019,7,Minimum,2,180
Sayedpur,2019,8,Maximum,6,150
Sayedpur,2019,8,Minimum,2,180
Sayedpur,2019,9,Maximum,5,270
Sayedpur,2019,9,Minimum,2,90
Sayedpur,2019,10,Maximum,9,50
Sayedpur,2019,10,Minimum,2,270
Sayedpur,2019,11,Maximum,13.5,40
Sayedpur,2019,11,Minimum,2,50
Sayedpur,2019,12,Maximum,6,270
Sayedpur,2019,12,Minimum,2,120
Sayedpur,2020,1,Maximum,13.5,60
Sayedpur,2020,1,Minimum,2,360
Sayedpur,2020,2,Maximum,5,270
Sayedpur,2020,2,Minimum,2,360
Sayedpur,2020,3,Maximum,7.5,270
Sayedpur,2020,3,Minimum,2,270
Sayedpur,2020,4,Maximum,5,270
Sayedpur,2020,4,Minimum,2,30
Sayedpur,2020,5,Maximum,7.5,350
Sayedpur,2020,5,Minimum,2,360
Sayedpur,2020,6,Maximum,5.5,340
Sayedpur,2020,6,Minimum,2,90
Sayedpur,2020,7,Maximum,5,180
Sayedpur,2020,7,Minimum,2,180
Sayedpur,2020,8,Maximum,6.5,180
Sayedpur,2020,8,Minimum,2,90
Sayedpur,2020,9,Maximum,5,90
Sayedpur,2020,9,Minimum,2,270
Sayedpur,2020,10,Maximum,6,50
Sayedpur,2020,10,Minimum,2,360
Sayedpur,2020,11,Maximum,5,270
Sayedpur,2020,11,Minimum,2,360
Sayedpur,2020,12,Maximum,6,270
Sayedpur,2020,12,Minimum,2,250
Sayedpur,2021,1,Maximum,5,270
Sayedpur,2021,1,Minimum,3,50
Sayedpur,2021,2,Maximum,5,270
Sayedpur,2021,2,Minimum,2,270
Sayedpur,2021,3,Maximum,7.5,270
Sayedpur,2021,3,Minimum,4,90
Sayedpur,2021,4,Maximum,7.5,270
Sayedpur,2021,4,Minimum,2,90
Sayedpur,2021,5,Maximum,5,90
Sayedpur,2021,5,Minimum,1,20
Sayedpur,2021,6,Maximum,7.5,180
Sayedpur,2021,6,Minimum,2,90
Sayedpur,2021,7,Maximum,5,90
Sayedpur,2021,7,Minimum,2,90
Sayedpur,2021,8,Maximum,6,270
Sayedpur,2021,8,Minimum,4,310
Sayedpur,2021,9,Maximum,7.5,120
Sayedpur,2021,9,Minimum,2,50
Sayedpur,2021,10,Maximum,4.5,40
Sayedpur,2021,10,Minimum,2,90
Sayedpur,2021,11,Maximum,4,40
Sayedpur,2021,11,Minimum,4,270
Sayedpur,2021,12,Maximum,5,220
Sayedpur,2021,12,Minimum,2,60
Sayedpur,2022,1,Maximum,7.5,270
Sayedpur,2022,1,Minimum,4,360
Sayedpur,2022,2,Maximum,9,90
Sayedpur,2022,2,Minimum,3,60
Sayedpur,2022,3,Maximum,6,180
Sayedpur,2022,3,Minimum,3,270
Sayedpur,2022,4,Maximum,7.5,50
Sayedpur,2022,4,Minimum,2,30
Sayedpur,2022,5,Maximum,6,90
Sayedpur,2022,5,Minimum,4,50
Sayedpur,2022,6,Maximum,9,100
Sayedpur,2022,6,Minimum,2,30
Sayedpur,2022,7,Maximum,5,150
Sayedpur,2022,7,Minimum,2,90
Sayedpur,2022,8,Maximum,11,180
Sayedpur,2022,8,Minimum,2,360
Sayedpur,2022,9,Maximum,6,90
Sayedpur,2022,9,Minimum,4,50
Sayedpur,2022,10,Maximum,7.5,50
Sayedpur,2022,10,Minimum,2,310
Sayedpur,2022,11,Maximum,5,60
Sayedpur,2022,11,Minimum,4,360
Sayedpur,2022,12,Maximum,5,270
Sayedpur,2022,12,Minimum,2,270
Sayedpur,2023,1,Maximum,6,270
Sayedpur,2023,1,Minimum,4,210
Sayedpur,2023,2,Maximum,9,50
Sayedpur,2023,2,Minimum,4,240
Sayedpur,2023,3,Maximum,5,30
Sayedpur,2023,3,Minimum,3,360
Sayedpur,2023,4,Maximum,18,50
Sayedpur,2023,4,Minimum,3,50
Sayedpur,2023,5,Maximum,7.5,90
Sayedpur,2023,5,Minimum,4,90
Sayedpur,2023,6,Maximum,7,310
Sayedpur,2023,6,Minimum,2,90
Sayedpur,2023,7,Maximum,8,320
Sayedpur,2023,7,Minimum,2,90
Sayedpur,2023,8,Maximum,6,120
Sayedpur,2023,8,Minimum,2,30
Sayedpur,2023,9,Maximum,6,270
Sayedpur,2023,9,Minimum,2,90
Sayedpur,2023,10,Maximum,9,40
Sayedpur,2023,10,Minimum,2,210
Sayedpur,2023,11,Maximum,13.5,
Sayedpur,2023,11,Minimum,1,150
Sayedpur,2023,12,Minimum,1,260
Sayedpur,2024,1,Maximum,4,270
Sayedpur,2024,1,Minimum,1,180
Sayedpur,2024,2,Maximum,5,270
Sayedpur,2024,2,Minimum,2,180
Sayedpur,2024,3,Maximum,5,90
Sayedpur,2024,3,Minimum,2,60
Sayedpur,2024,4,Maximum,5,240
Sayedpur,2024,4,Minimum,2,210
Sayedpur,2024,5,Maximum,7.5,90
Sayedpur,2024,5,Minimum,2,150
Sayedpur,2024,6,Maximum,4,120
Sayedpur,2024,6,Minimum,2,90
Sitakunda,2011,1,Maximum,4,180
Sitakunda,2011,2,Maximum,5,270
Sitakunda,2011,3,Maximum,9,180
Sitakunda,2011,4,Maximum,5,270
Sitakunda,2011,5,Maximum,10,180
Sitakunda,2011,6,Maximum,7,180
Sitakunda,2011,7,Maximum,6,180
Sitakunda,2011,8,Maximum,6,180
Sitakunda,2011,9,Maximum,6,180
Sitakunda,2011,10,Maximum,4,130
Sitakunda,2011,11,Maximum,2,280
Sitakunda,2011,12,Maximum,3,280
Sitakunda,2012,1,Maximum,4,310
Sitakunda,2012,2,Maximum,6,270
Sitakunda,2012,3,Maximum,6,180
Sitakunda,2012,4,Maximum,9,40
Sitakunda,2012,5,Maximum,6,180
Sitakunda,2012,6,Maximum,14,40
Sitakunda,2012,7,Maximum,6,180
Sitakunda,2012,8,Maximum,7,230
Sitakunda,2012,9,Maximum,6,180
Sitakunda,2012,10,Maximum,18,100
Sitakunda,2012,11,Maximum,2,280
Sitakunda,2012,12,Maximum,3,310
Sitakunda,2013,1,Maximum,2,280
Sitakunda,2013,2,Maximum,4,130
Sitakunda,2013,3,Maximum,4,180
Sitakunda,2013,4,Maximum,4,180
Sitakunda,2013,5,Maximum,20,180
Sitakunda,2013,6,Maximum,6,180
Sitakunda,2013,7,Maximum,7,180
Sitakunda,2013,8,Maximum,8,140
Sitakunda,2013,9,Maximum,6,180
Sitakunda,2013,10,Maximum,10,180
Sitakunda,2013,11,Maximum,1,360
Sitakunda,2013,12,Maximum,3,180
Sitakunda,2014,1,Maximum,3,220
Sitakunda,2014,2,Maximum,5,260
Sitakunda,2014,3,Maximum,6,230
Sitakunda,2014,4,Maximum,10,320
Sitakunda,2014,5,Maximum,8,230
Sitakunda,2014,6,Maximum,6,230
Sitakunda,2014,7,Maximum,7,160
Sitakunda,2014,8,Maximum,10,180
Sitakunda,2014,9,Maximum,5,180
Sitakunda,2014,10,Maximum,3,140
Sitakunda,2014,11,Maximum,2,180
Sitakunda,2014,12,Maximum,28,20
Sitakunda,2015,1,Maximum,3,270
Sitakunda,2015,1,Minimum,1,280
Sitakunda,2015,2,Maximum,4,320
Sitakunda,2015,2,Minimum,1,280
Sitakunda,2015,3,Maximum,9,90
Sitakunda,2015,3,Minimum,1,360
Sitakunda,2015,4,Maximum,12,220
Sitakunda,2015,4,Minimum,1,100
Sitakunda,2015,5,Maximum,10,180
Sitakunda,2015,5,Minimum,1,180
Sitakunda,2015,6,Maximum,12,180
Sitakunda,2015,6,Minimum,1,190
Sitakunda,2015,7,Maximum,10,100
Sitakunda,2015,7,Minimum,1,140
Sitakunda,2015,8,Maximum,6,180
Sitakunda,2015,8,Minimum,1,180
Sitakunda,2015,9,Maximum,14,320
Sitakunda,2015,9,Minimum,1,180
Sitakunda,2015,10,Maximum,6,130
Sitakunda,2015,10,Minimum,1,110
Sitakunda,2015,11,Maximum,3,180
Sitakunda,2015,11,Minimum,1,10
Sitakunda,2015,12,Maximum,3,40
Sitakunda,2015,12,Minimum,1,230
Sitakunda,2016,1,Maximum,4,180
Sitakunda,2016,1,Minimum,1,90
Sitakunda,2016,2,Maximum,9,180
Sitakunda,2016,2,Minimum,1,130
Sitakunda,2016,3,Maximum,9,240
Sitakunda,2016,3,Minimum,1,240
Sitakunda,2016,4,Maximum,13,180
Sitakunda,2016,4,Minimum,1,180
Sitakunda,2016,5,Maximum,18,90
Sitakunda,2016,5,Minimum,1,220
Sitakunda,2016,6,Maximum,9,220
Sitakunda,2016,6,Minimum,1,170
Sitakunda,2016,7,Maximum,12,180
Sitakunda,2016,7,Minimum,1,90
Sitakunda,2016,8,Maximum,9,180
Sitakunda,2016,8,Minimum,1,180
Sitakunda,2016,9,Maximum,6,220
Sitakunda,2016,9,Minimum,1,180
Sitakunda,2016,10,Maximum,4,150
Sitakunda,2016,10,Minimum,1,180
Sitakunda,2016,11,Maximum,15,
Sitakunda,2016,11,Minimum,1,130
Sitakunda,2016,12,Maximum,2,230
Sitakunda,2016,12,Minimum,1,140
Sitakunda,2017,1,Maximum,6,310
Sitakunda,2017,1,Minimum,1,350
Sitakunda,2017,2,Maximum,11,220
Sitakunda,2017,2,Minimum,1,140
Sitakunda,2017,3,Maximum,18,180
Sitakunda,2017,3,Minimum,1,140
Sitakunda,2017,4,Maximum,12,180
Sitakunda,2017,4,Minimum,1,120
Sitakunda,2017,5,Maximum,20,310
Sitakunda,2017,5,Minimum,1,180
Sitakunda,2017,6,Maximum,16,180
Sitakunda,2017,6,Minimum,1,180
Sitakunda,2017,7,Maximum,12,180
Sitakunda,2017,7,Minimum,1,130
Sitakunda,2017,8,Maximum,12,
Sitakunda,2017,8,Minimum,1,180
Sitakunda,2017,9,Maximum,8,180
Sitakunda,2017,9,Minimum,1,180
Sitakunda,2017,10,Maximum,18,130
Sitakunda,2017,10,Minimum,1,90
Sitakunda,2017,11,Maximum,2,360
Sitakunda,2017,11,Minimum,1,310
Sitakunda,2017,12,Maximum,4,180
Sitakunda,2017,12,Minimum,1,220
Sitakunda,2018,1,Maximum,5,220
Sitakunda,2018,1,Minimum,1,140
Sitakunda,2018,2,Maximum,5,270
Sitakunda,2018,2,Minimum,1,230
Sitakunda,2018,3,Maximum,9,220
Sitakunda,2018,3,Minimum,1,270
Sitakunda,2018,4,Maximum,9,220
Sitakunda,2018,4,Minimum,1,170
Sitakunda,2018,5,Maximum,7,180
Sitakunda,2018,5,Minimum,1,180
Sitakunda,2018,6,Maximum,6,220
Sitakunda,2018,6,Minimum,1,220
Sitakunda,2018,7,Maximum,8,120
Sitakunda,2018,7,Minimum,1,180
Sitakunda,2018,8,Maximum,8,180
Sitakunda,2018,8,Minimum,1,180
Sitakunda,2018,9,Maximum,8,300
Sitakunda,2018,9,Minimum,1,220
Sitakunda,2018,10,Maximum,4,140
Sitakunda,2018,10,Minimum,1,190
Sitakunda,2018,11,Maximum,2,270
Sitakunda,2018,11,Minimum,1,100
Sitakunda,2018,12,Maximum,5,220
Sitakunda,2018,12,Minimum,2,180
Sitakunda,2019,1,Maximum,1,320
Sitakunda,2019,1,Minimum,1,230
Sitakunda,2019,2,Maximum,2.5,220
Sitakunda,2019,2,Minimum,2,310
Sitakunda,2019,3,Maximum,11,20
Sitakunda,2019,3,Minimum,1,120
Sitakunda,2019,4,Maximum,6,20
Sitakunda,2019,4,Minimum,1,180
Sitakunda,2019,5,Maximum,5.5,140
Sitakunda,2019,5,Minimum,1,140
Sitakunda,2019,6,Maximum,3,160
Sitakunda,2019,6,Minimum,1,140
Sitakunda,2019,7,Maximum,3.5,120
Sitakunda,2019,7,Minimum,1,110
Sitakunda,2019,8,Maximum,3,170
Sitakunda,2019,8,Minimum,1,190
Sitakunda,2019,9,Maximum,4,130
Sitakunda,2019,9,Minimum,1,110
Sitakunda,2019,10,Maximum,1.5,150
Sitakunda,2019,10,Minimum,1,310
Sitakunda,2019,11,Maximum,3.5,140
Sitakunda,2019,11,Minimum,1,250
Sitakunda,2019,12,Maximum,1,310
Sitakunda,2019,12,Minimum,1,230
Sitakunda,2020,1,Maximum,1.5,140
Sitakunda,2020,1,Minimum,1,140
Sitakunda,2020,2,Maximum,1.5,140
Sitakunda,2020,2,Minimum,1,130
Sitakunda,2020,3,Maximum,2,310
Sitakunda,2020,3,Minimum,1,350
Sitakunda,2020,4,Maximum,2,220
Sitakunda,2020,4,Minimum,1,210
Sitakunda,2020,5,Maximum,4.5,140
Sitakunda,2020,5,Minimum,1,130
Sitakunda,2020,6,Maximum,2,230
Sitakunda,2020,6,Minimum,1,90
Sitakunda,2020,7,Maximum,2,220
Sitakunda,2020,7,Minimum,1,150
Sitakunda,2020,8,Maximum,11.5,220
Sitakunda,2020,8,Minimum,1,170
Sitakunda,2020,9,Maximum,11.5,140
Sitakunda,2020,9,Minimum,1,220
Sitakunda,2020,10,Maximum,2,180
Sitakunda,2020,10,Minimum,1,270
Sitakunda,2020,11,Maximum,1,220
Sitakunda,2020,11,Minimum,1,130
Sitakunda,2020,12,Maximum,0,0
Sitakunda,2021,1,Maximum,0.5,230
Sitakunda,2021,1,Minimum,1,230
Sitakunda,2021,2,Maximum,1,310
Sitakunda,2021,2,Minimum,2,280
Sitakunda,2021,3,Maximum,2.5,140
Sitakunda,2021,3,Minimum,2,180
Sitakunda,2021,4,Maximum,3,220
Sitakunda,2021,4,Minimum,2,140
Sitakunda,2021,5,Maximum,3,140
Sitakunda,2021,5,Minimum,2,180
Sitakunda,2021,6,Maximum,4,180
Sitakunda,2021,6,Minimum,1,130
Sitakunda,2021,7,Maximum,1.5,140
Sitakunda,2021,7,Minimum,2,180
Sitakunda,2021,8,Maximum,1,220
Sitakunda,2021,8,Minimum,2,220
Sitakunda,2021,9,Maximum,1,220
Sitakunda,2021,9,Minimum,2,220
Sitakunda,2021,10,Maximum,0,0
Sitakunda,2021,11,Maximum,0,0
Sitakunda,2021,12,Maximum,1,220
Sitakunda,2021,12,Minimum,2,220
Sitakunda,2022,1,Maximum,1,310
Sitakunda,2022,1,Minimum,1,310
Sitakunda,2022,2,Maximum,1,220
Sitakunda,2022,2,Minimum,1,40
Sitakunda,2022,3,Maximum,2,140
Sitakunda,2022,3,Minimum,1,320
Sitakunda,2022,4,Maximum,2,130
Sitakunda,2022,4,Minimum,1,140
Sitakunda,2022,5,Maximum,11,20
Sitakunda,2022,5,Minimum,1,130
Sitakunda,2022,6,Maximum,1.5,130
Sitakunda,2022,6,Minimum,1,140
Sitakunda,2022,7,Maximum,1.5,140
Sitakunda,2022,7,Minimum,1,130
Sitakunda,2022,8,Maximum,1.5,130
Sitakunda,2022,8,Minimum,1,130
Sitakunda,2022,9,Maximum,1.5,140
Sitakunda,2022,9,Minimum,1,130
Sitakunda,2022,10,Maximum,3,220
Sitakunda,2022,10,Minimum,1,130
Sitakunda,2022,11,Maximum,1,320
Sitakunda,2022,11,Minimum,1,310
Sitakunda,2022,12,Maximum,1,140
Sitakunda,2022,12,Minimum,2,140
Sitakunda,2023,1,Maximum,0,0
Sitakunda,2023,2,Maximum,1,140
Sitakunda,2023,2,Minimum,1,310
Sitakunda,2023,3,Maximum,1,140
Sitakunda,2023,3,Minimum,1,310
Sitakunda,2023,4,Maximum,1,220
Sitakunda,2023,4,Minimum,1,140
Sitakunda,2023,5,Maximum,2.5,140
Sitakunda,2023,5,Minimum,1,140
Sitakunda,2023,6,Maximum,1.5,220
Sitakunda,2023,6,Minimum,1,140
Sitakunda,2023,7,Maximum,1,230
Sitakunda,2023,7,Minimum,1,130
Sitakunda,2023,8,Maximum,3,140
Sitakunda,2023,8,Minimum,1,140
Sitakunda,2023,9,Maximum,2,130
Sitakunda,2023,9,Minimum,1,180
Sitakunda,2023,10,Maximum,2.5,180
Sitakunda,2023,10,Minimum,1,310
Sitakunda,2023,11,Maximum,4.5,210
Sitakunda,2023,11,Minimum,1,350
Sitakunda,2023,12,Maximum,1.5,320
Sitakunda,2023,12,Minimum,1,310
Sitakunda,2024,1,Maximum,1.5,310
Sitakunda,2024,1,Minimum,1,130
Sitakunda,2024,2,Maximum,1.5,180
Sitakunda,2024,2,Minimum,1,180
Sitakunda,2024,3,Maximum,2,140
Sitakunda,2024,3,Minimum,1,80
Sitakunda,2024,4,Maximum,2,130
Sitakunda,2024,4,Minimum,1,180
Sitakunda,2024,5,Maximum,5,140
Sitakunda,2024,5,Minimum,1,180
Sitakunda,2024,6,Maximum,3.5,140
Sitakunda,2024,6,Minimum,1,140
Srimangal,2011,1,Maximum,6,270
Srimangal,2011,2,Maximum,8,310
Srimangal,2011,3,Maximum,16,230
Srimangal,2011,4,Maximum,5,180
Srimangal,2011,5,Maximum,25,300
Srimangal,2011,6,Maximum,7,140
Srimangal,2011,7,Maximum,7,180
Srimangal,2011,8,Maximum,7,150
Srimangal,2011,9,Maximum,6,140
Srimangal,2011,10,Maximum,10,270
Srimangal,2011,11,Maximum,4,270
Srimangal,2011,12,Maximum,5,270
Srimangal,2012,1,Maximum,7,300
Srimangal,2012,2,Maximum,9,230
Srimangal,2012,3,Maximum,15,270
Srimangal,2012,4,Maximum,10,310
Srimangal,2012,5,Maximum,15,310
Srimangal,2012,6,Maximum,10,160
Srimangal,2012,7,Maximum,8,150
Srimangal,2012,8,Maximum,6,140
Srimangal,2012,9,Maximum,7,180
Srimangal,2012,10,Maximum,8,290
Srimangal,2012,11,Maximum,4,120
Srimangal,2012,12,Maximum,4,220
Srimangal,2013,1,Maximum,5,280
Srimangal,2013,2,Maximum,9,280
Srimangal,2013,3,Maximum,7,250
Srimangal,2013,4,Maximum,14,310
Srimangal,2013,5,Maximum,18,310
Srimangal,2013,6,Maximum,8,150
Srimangal,2013,7,Maximum,8,130
Srimangal,2013,8,Maximum,6,180
Srimangal,2013,9,Maximum,6,180
Srimangal,2013,10,Maximum,8,270
Srimangal,2013,11,Maximum,4,270
Srimangal,2013,12,Maximum,4,300
Srimangal,2014,1,Maximum,4,300
Srimangal,2014,2,Maximum,6,300
Srimangal,2014,3,Maximum,8,280
Srimangal,2014,4,Maximum,8,300
Srimangal,2014,5,Maximum,35,310
Srimangal,2014,6,Maximum,8,180
Srimangal,2014,7,Maximum,6,180
Srimangal,2014,8,Maximum,8,160
Srimangal,2014,9,Maximum,8,160
Srimangal,2014,10,Maximum,5,270
Srimangal,2014,11,Maximum,6,270
Srimangal,2014,12,Maximum,6,30
Srimangal,2015,1,Maximum,8,300
Srimangal,2015,1,Minimum,1,330
Srimangal,2015,2,Maximum,11,250
Srimangal,2015,2,Minimum,1,90
Srimangal,2015,3,Maximum,10,320
Srimangal,2015,3,Minimum,1,290
Srimangal,2015,4,Maximum,14,290
Srimangal,2015,4,Minimum,1,130
Srimangal,2015,5,Maximum,10,280
Srimangal,2015,5,Minimum,1,90
Srimangal,2015,6,Maximum,8,270
Srimangal,2015,6,Minimum,1,130
Srimangal,2015,7,Maximum,10,320
Srimangal,2015,7,Minimum,1,180
Srimangal,2015,8,Maximum,9,140
Srimangal,2015,8,Minimum,1,50
Srimangal,2015,9,Maximum,7,140
Srimangal,2015,9,Minimum,1,130
Srimangal,2015,10,Maximum,5,180
Srimangal,2015,10,Minimum,1,130
Srimangal,2015,11,Maximum,3,310
Srimangal,2015,11,Minimum,1,310
Srimangal,2015,12,Maximum,6,100
Srimangal,2015,12,Minimum,1,130
Srimangal,2016,1,Maximum,5,30
Srimangal,2016,1,Minimum,1,330
Srimangal,2016,2,Maximum,6,270
Srimangal,2016,2,Minimum,1,320
Srimangal,2016,3,Maximum,14,230
Srimangal,2016,3,Minimum,1,180
Srimangal,2016,4,Maximum,12,180
Srimangal,2016,4,Minimum,1,90
Srimangal,2016,5,Maximum,14,220
Srimangal,2016,5,Minimum,1,70
Srimangal,2016,6,Maximum,5,120
Srimangal,2016,6,Minimum,1,130
Srimangal,2016,7,Maximum,8,180
Srimangal,2016,7,Minimum,1,30
Srimangal,2016,8,Maximum,8,130
Srimangal,2016,8,Minimum,1,50
Srimangal,2016,9,Maximum,8,300
Srimangal,2016,9,Minimum,1,140
Srimangal,2016,10,Maximum,4,160
Srimangal,2016,10,Minimum,1,180
Srimangal,2016,11,Maximum,6,90
Srimangal,2016,11,Minimum,1,20
Srimangal,2016,12,Maximum,5,150
Srimangal,2016,12,Minimum,1,130
Srimangal,2017,1,Maximum,5,290
Srimangal,2017,1,Minimum,1,180
Srimangal,2017,2,Maximum,10,180
Srimangal,2017,2,Minimum,1,310
Srimangal,2017,3,Maximum,11,180
Srimangal,2017,3,Minimum,1,50
Srimangal,2017,4,Maximum,15,310
Srimangal,2017,4,Minimum,1,110
Srimangal,2017,5,Maximum,20,340
Srimangal,2017,5,Minimum,1,180
Srimangal,2017,6,Maximum,8,90
Srimangal,2017,6,Minimum,1,130
Srimangal,2017,7,Maximum,7,150
Srimangal,2017,7,Minimum,1,120
Srimangal,2017,8,Maximum,6,100
Srimangal,2017,8,Minimum,1,130
Srimangal,2017,9,Maximum,5,180
Srimangal,2017,9,Minimum,1,100
Srimangal,2017,10,Maximum,13,180
Srimangal,2017,10,Minimum,1,130
Srimangal,2017,11,Maximum,4,310
Srimangal,2017,11,Minimum,1,110
Srimangal,2017,12,Maximum,6,340
Srimangal,2017,12,Minimum,1,120
Srimangal,2018,1,Maximum,9,300
Srimangal,2018,1,Minimum,1,310
Srimangal,2018,2,Maximum,8,130
Srimangal,2018,2,Minimum,1,110
Srimangal,2018,3,Maximum,8,180
Srimangal,2018,3,Minimum,1,210
Srimangal,2018,4,Maximum,12,100
Srimangal,2018,4,Minimum,1,50
Srimangal,2018,5,Maximum,26,300
Srimangal,2018,5,Minimum,1,90
Srimangal,2018,6,Maximum,8,60
Srimangal,2018,6,Minimum,1,60
Srimangal,2018,7,Maximum,8,180
Srimangal,2018,7,Minimum,1,130
Srimangal,2018,8,Maximum,12,180
Srimangal,2018,8,Minimum,1,90
Srimangal,2018,9,Maximum,10,160
Srimangal,2018,9,Minimum,1,120
Srimangal,2018,10,Maximum,10,100
Srimangal,2018,10,Minimum,1,60
Srimangal,2018,11,Maximum,8,280
Srimangal,2018,11,Minimum,1,120
Srimangal,2018,12,Maximum,6,40
Srimangal,2018,12,Minimum,1,90
Srimangal,2019,1,Maximum,4,250
Srimangal,2019,1,Minimum,1,180
Srimangal,2019,2,Maximum,6,300
Srimangal,2019,2,Minimum,1,280
Srimangal,2019,3,Maximum,4.5,200
Srimangal,2019,3,Minimum,1,60
Srimangal,2019,4,Maximum,8,100
Srimangal,2019,4,Minimum,1,90
Srimangal,2019,5,Maximum,6,220
Srimangal,2019,5,Minimum,1,160
Srimangal,2019,6,Maximum,3,290
Srimangal,2019,6,Minimum,1,270
Srimangal,2019,7,Maximum,3,120
Srimangal,2019,7,Minimum,1,130
Srimangal,2019,8,Maximum,3,150
Srimangal,2019,8,Minimum,1,160
Srimangal,2019,9,Maximum,3,150
Srimangal,2019,9,Minimum,1,40
Srimangal,2019,10,Maximum,2,340
Srimangal,2019,10,Minimum,1,120
Srimangal,2019,11,Maximum,1.5,50
Srimangal,2019,11,Minimum,1,50
Srimangal,2019,12,Maximum,2.5,300
Srimangal,2019,12,Minimum,1,80
Srimangal,2020,1,Maximum,3,320
Srimangal,2020,1,Minimum,1,310
Srimangal,2020,2,Maximum,3.5,270
Srimangal,2020,2,Minimum,1,160
Srimangal,2020,3,Maximum,4.5,300
Srimangal,2020,3,Minimum,1,180
Srimangal,2020,4,Maximum,5,300
Srimangal,2020,4,Minimum,1,180
Srimangal,2020,5,Maximum,4.5,180
Srimangal,2020,5,Minimum,1,130
Srimangal,2020,6,Maximum,2.5,150
Srimangal,2020,6,Minimum,1,130
Srimangal,2020,7,Maximum,3,180
Srimangal,2020,7,Minimum,1,130
Srimangal,2020,8,Maximum,4,130
Srimangal,2020,8,Minimum,1,80
Srimangal,2020,9,Maximum,2.5,310
Srimangal,2020,9,Minimum,1,130
Srimangal,2020,10,Maximum,3,90
Srimangal,2020,10,Minimum,1,80
Srimangal,2020,11,Maximum,1.5,280
Srimangal,2020,11,Minimum,1,180
Srimangal,2020,12,Maximum,2,300
Srimangal,2020,12,Minimum,1,80
Srimangal,2021,1,Maximum,2.5,310
Srimangal,2021,1,Minimum,1,50
Srimangal,2021,2,Maximum,4,300
Srimangal,2021,2,Minimum,1,240
Srimangal,2021,3,Maximum,4,340
Srimangal,2021,3,Minimum,1,50
Srimangal,2021,4,Maximum,4,310
Srimangal,2021,4,Minimum,1,310
Srimangal,2021,5,Maximum,6,270
Srimangal,2021,5,Minimum,1,60
Srimangal,2021,6,Maximum,3,50
Srimangal,2021,6,Minimum,1,130
Srimangal,2021,7,Maximum,3,230
Srimangal,2021,7,Minimum,1,130
Srimangal,2021,8,Maximum,6,130
Srimangal,2021,8,Minimum,1,130
Srimangal,2021,9,Maximum,2,130
Srimangal,2021,9,Minimum,1,130
Srimangal,2021,10,Maximum,2,30
Srimangal,2021,10,Minimum,1,90
Srimangal,2021,11,Maximum,1.5,300
Srimangal,2021,11,Minimum,1,270
Srimangal,2021,12,Maximum,2,310
Srimangal,2021,12,Minimum,1,60
Srimangal,2022,1,Maximum,2,270
Srimangal,2022,1,Minimum,1,150
Srimangal,2022,2,Maximum,3,270
Srimangal,2022,2,Minimum,1,140
Srimangal,2022,3,Maximum,4,180
Srimangal,2022,3,Minimum,1,270
Srimangal,2022,4,Maximum,6,180
Srimangal,2022,4,Minimum,1,90
Srimangal,2022,5,Maximum,11,150
Srimangal,2022,5,Minimum,1,180
Srimangal,2022,6,Maximum,6,360
Srimangal,2022,6,Minimum,1,90
Srimangal,2022,7,Maximum,2,180
Srimangal,2022,7,Minimum,1,50
Srimangal,2022,8,Maximum,2,130
Srimangal,2022,8,Minimum,1,130
Srimangal,2022,9,Maximum,2,180
Srimangal,2022,9,Minimum,1,130
Srimangal,2022,10,Maximum,2.5,40
Srimangal,2022,10,Minimum,1,160
Srimangal,2022,11,Maximum,1.5,270
Srimangal,2022,11,Minimum,1,60
Srimangal,2022,12,Maximum,1.5,310
Srimangal,2022,12,Minimum,1,130
Srimangal,2023,1,Maximum,2,300
Srimangal,2023,1,Minimum,1,360
Srimangal,2023,2,Maximum,3,300
Srimangal,2023,2,Minimum,1,130
Srimangal,2023,3,Maximum,4,230
Srimangal,2023,3,Minimum,1,180
Srimangal,2023,4,Maximum,2,160
Srimangal,2023,4,Minimum,1,130
Srimangal,2023,5,Maximum,5,60
Srimangal,2023,5,Minimum,1,140
Srimangal,2023,6,Maximum,5,300
Srimangal,2023,6,Minimum,1,60
Srimangal,2023,7,Maximum,2,130
Srimangal,2023,7,Minimum,1,130
Srimangal,2023,8,Maximum,2,130
Srimangal,2023,8,Minimum,1,110
Srimangal,2023,9,Maximum,2,180
Srimangal,2023,9,Minimum,1,130
Srimangal,2023,10,Maximum,1.5,130
Srimangal,2023,10,Minimum,1,90
Srimangal,2023,11,Maximum,2.5,260
Srimangal,2023,11,Minimum,1,50
Srimangal,2023,12,Maximum,1.5,310
Srimangal,2023,12,Minimum,1,50
Srimangal,2024,1,Maximum,2,290
Srimangal,2024,1,Minimum,1,10
Srimangal,2024,2,Maximum,7.5,280
Srimangal,2024,2,Minimum,1,130
Srimangal,2024,3,Maximum,12.5,270
Srimangal,2024,3,Minimum,1,50
Srimangal,2024,4,Maximum,7.5,280
Srimangal,2024,4,Minimum,1,130
Srimangal,2024,5,Maximum,10,130
Srimangal,2024,5,Minimum,1,50
Srimangal,2024,6,Maximum,6,300
Srimangal,2024,6,Minimum,1,130
Sylhet,2011,1,Maximum,8,330
Sylhet,2011,2,Maximum,12,310
Sylhet,2011,3,Maximum,16,240
Sylhet,2011,4,Maximum,17,270
Sylhet,2011,5,Maximum,21,230
Sylhet,2011,6,Maximum,12,360
Sylhet,2011,7,Maximum,12,180
Sylhet,2011,8,Maximum,18,230
Sylhet,2011,9,Maximum,15,180
Sylhet,2011,10,Maximum,14,130
Sylhet,2011,11,Maximum,7,130
Sylhet,2011,12,Maximum,8,270
Sylhet,2012,1,Maximum,9,270
Sylhet,2012,2,Maximum,12,270
Sylhet,2012,3,Maximum,18,330
Sylhet,2012,4,Maximum,15,310
Sylhet,2012,5,Maximum,15,270
Sylhet,2012,6,Maximum,17,230
Sylhet,2012,7,Maximum,14,270
Sylhet,2012,8,Maximum,12,150
Sylhet,2012,9,Maximum,12,180
Sylhet,2012,10,Maximum,8,360
Sylhet,2012,11,Maximum,6,330
Sylhet,2012,12,Maximum,9,270
Sylhet,2013,1,Maximum,10,270
Sylhet,2013,2,Maximum,12,240
Sylhet,2013,3,Maximum,19,270
Sylhet,2013,4,Maximum,14,260
Sylhet,2013,5,Maximum,12,270
Sylhet,2013,6,Maximum,14,50
Sylhet,2013,7,Maximum,13,180
Sylhet,2013,8,Maximum,9,260
Sylhet,2013,9,Maximum,8,260
Sylhet,2013,10,Maximum,10,70
Sylhet,2013,11,Maximum,8,90
Sylhet,2013,12,Maximum,8,260
Sylhet,2014,1,Maximum,9,270
Sylhet,2014,2,Maximum,16,250
Sylhet,2014,3,Maximum,18,310
Sylhet,2014,4,Maximum,12,310
Sylhet,2014,5,Maximum,15,90
Sylhet,2014,6,Maximum,16,210
Sylhet,2014,7,Maximum,10,180
Sylhet,2014,8,Maximum,12,360
Sylhet,2014,9,Maximum,9,360
Sylhet,2014,10,Maximum,8,230
Sylhet,2014,11,Maximum,8,270
Sylhet,2014,12,Maximum,6,270
Sylhet,2015,1,Maximum,9,230
Sylhet,2015,1,Minimum,2,360
Sylhet,2015,2,Maximum,14,230
Sylhet,2015,2,Minimum,2,70
Sylhet,2015,3,Maximum,14,270
Sylhet,2015,3,Minimum,2,210
Sylhet,2015,4,Maximum,19,230
Sylhet,2015,4,Minimum,2,70
Sylhet,2015,5,Maximum,18,270
Sylhet,2015,5,Minimum,2,30
Sylhet,2015,6,Maximum,10,180
Sylhet,2015,6,Minimum,2,80
Sylhet,2015,7,Maximum,15,80
Sylhet,2015,7,Minimum,2,190
Sylhet,2015,8,Maximum,16,290
Sylhet,2015,8,Minimum,2,60
Sylhet,2015,9,Maximum,9,180
Sylhet,2015,9,Minimum,2,50
Sylhet,2015,10,Maximum,8,90
Sylhet,2015,10,Minimum,2,90
Sylhet,2015,11,Maximum,8,270
Sylhet,2015,11,Minimum,2,30
Sylhet,2015,12,Maximum,12,270
Sylhet,2015,12,Minimum,2,60
Sylhet,2016,1,Maximum,8,270
Sylhet,2016,1,Minimum,2,90
Sylhet,2016,2,Maximum,9,210
Sylhet,2016,2,Minimum,2,80
Sylhet,2016,3,Maximum,10,190
Sylhet,2016,3,Minimum,2,60
Sylhet,2016,4,Maximum,36,360
Sylhet,2016,4,Minimum,2,80
Sylhet,2016,5,Maximum,30,360
Sylhet,2016,5,Minimum,2,60
Sylhet,2016,6,Maximum,12,210
Sylhet,2016,6,Minimum,2,70
Sylhet,2016,7,Maximum,16,130
Sylhet,2016,7,Minimum,2,90
Sylhet,2016,8,Maximum,12,180
Sylhet,2016,8,Minimum,2,270
Sylhet,2016,9,Maximum,9,310
Sylhet,2016,9,Minimum,2,130
Sylhet,2016,10,Maximum,8,310
Sylhet,2016,10,Minimum,2,130
Sylhet,2016,11,Maximum,16,120
Sylhet,2016,11,Minimum,2,50
Sylhet,2016,12,Maximum,8,130
Sylhet,2016,12,Minimum,2,90
Sylhet,2017,1,Maximum,9,90
Sylhet,2017,1,Minimum,2,90
Sylhet,2017,2,Maximum,16,210
Sylhet,2017,2,Minimum,2,60
Sylhet,2017,3,Maximum,12,300
Sylhet,2017,3,Minimum,2,90
Sylhet,2017,4,Maximum,20,280
Sylhet,2017,4,Minimum,2,90
Sylhet,2017,5,Maximum,22,310
Sylhet,2017,5,Minimum,2,90
Sylhet,2017,6,Maximum,18,180
Sylhet,2017,6,Minimum,1,180
Sylhet,2017,7,Maximum,9,360
Sylhet,2017,7,Minimum,2,140
Sylhet,2017,8,Maximum,10,290
Sylhet,2017,8,Minimum,2,90
Sylhet,2017,9,Maximum,12,270
Sylhet,2017,9,Minimum,2,180
Sylhet,2017,10,Maximum,19,90
Sylhet,2017,10,Minimum,2,90
Sylhet,2017,11,Maximum,8,90
Sylhet,2017,11,Minimum,2,80
Sylhet,2017,12,Maximum,8,250
Sylhet,2017,12,Minimum,2,80
Sylhet,2018,1,Maximum,10,210
Sylhet,2018,1,Minimum,2,80
Sylhet,2018,2,Maximum,9,250
Sylhet,2018,2,Minimum,2,90
Sylhet,2018,3,Maximum,18,360
Sylhet,2018,3,Minimum,2,90
Sylhet,2018,4,Maximum,18,310
Sylhet,2018,4,Minimum,2,90
Sylhet,2018,5,Maximum,18,240
Sylhet,2018,5,Minimum,2,100
Sylhet,2018,6,Maximum,14,210
Sylhet,2018,6,Minimum,2,50
Sylhet,2018,7,Maximum,16,180
Sylhet,2018,7,Minimum,2,90
Sylhet,2018,8,Maximum,11,180
Sylhet,2018,8,Minimum,2,130
Sylhet,2018,9,Maximum,18,190
Sylhet,2018,9,Minimum,2,90
Sylhet,2018,10,Maximum,12,90
Sylhet,2018,10,Minimum,2,130
Sylhet,2018,11,Maximum,8,90
Sylhet,2018,11,Minimum,2,90
Sylhet,2018,12,Maximum,8,90
Sylhet,2018,12,Minimum,2,90
Sylhet,2019,1,Maximum,8,90
Sylhet,2019,1,Minimum,2,90
Sylhet,2019,2,Maximum,8,270
Sylhet,2019,2,Minimum,2,360
Sylhet,2019,3,Maximum,18,270
Sylhet,2019,3,Minimum,2,130
Sylhet,2019,4,Maximum,25,270
Sylhet,2019,4,Minimum,2,50
Sylhet,2019,5,Maximum,16,250
Sylhet,2019,5,Minimum,2,200
Sylhet,2019,6,Maximum,17,270
Sylhet,2019,6,Minimum,1,80
Sylhet,2019,7,Maximum,10,270
Sylhet,2019,7,Minimum,2,90
Sylhet,2019,8,Maximum,10,270
Sylhet,2019,8,Minimum,2,50
Sylhet,2019,9,Maximum,6,360
Sylhet,2019,9,Minimum,1,180
Sylhet,2019,10,Maximum,7,90
Sylhet,2019,10,Minimum,1,50
Sylhet,2019,11,Maximum,15,30
Sylhet,2019,11,Minimum,1,80
Sylhet,2019,12,Maximum,9,290
Sylhet,2019,12,Minimum,1,80
Sylhet,2020,1,Minimum,1,80
Sylhet,2020,2,Minimum,1,80
Sylhet,2020,3,Minimum,1,80
Sylhet,2020,4,Minimum,1,270
Sylhet,2020,5,Minimum,1,80
Sylhet,2020,6,Minimum,1,80
Sylhet,2020,7,Minimum,1,80
Sylhet,2020,8,Minimum,1,80
Sylhet,2020,9,Minimum,1,80
Sylhet,2020,10,Minimum,1,80
Sylhet,2020,11,Minimum,1,50
Sylhet,2020,12,Minimum,1,320
Sylhet,2021,1,Minimum,1,350
Sylhet,2021,2,Minimum,1,10
Sylhet,2021,3,Minimum,1,120
Sylhet,2021,4,Minimum,1,340
Sylhet,2021,5,Minimum,1,100
Sylhet,2021,6,Minimum,2,190
Sylhet,2021,7,Minimum,2,120
Sylhet,2021,8,Minimum,2,50
Sylhet,2021,9,Minimum,1,30
Sylhet,2021,10,Minimum,2,90
Sylhet,2021,11,Minimum,2,90
Sylhet,2021,12,Minimum,2,110
Sylhet,2022,1,Minimum,2,50
Sylhet,2022,2,Minimum,2,50
Sylhet,2022,3,Minimum,2,90
Sylhet,2022,4,Minimum,2,250
Sylhet,2022,5,Minimum,2,150
Sylhet,2022,6,Minimum,1,30
Sylhet,2022,7,Minimum,2,90
Sylhet,2022,8,Minimum,2,130
Sylhet,2022,9,Minimum,2,90
Sylhet,2022,10,Minimum,2,90
Sylhet,2022,11,Minimum,2,90
Sylhet,2022,12,Minimum,2,90
Sylhet,2023,1,Minimum,2,90
Sylhet,2023,2,Minimum,1,180
Sylhet,2023,3,Minimum,2,120
Sylhet,2023,4,Minimum,2,90
Sylhet,2023,5,Minimum,1,80
Sylhet,2023,6,Minimum,2,90
Sylhet,2023,7,Minimum,1,270
Sylhet,2023,8,Minimum,2,120
Sylhet,2023,9,Minimum,2,90
Sylhet,2023,10,Minimum,2,90
Sylhet,2023,11,Minimum,2,90
Sylhet,2023,12,Minimum,2,90
Sylhet,2024,1,Minimum,2,90
Sylhet,2024,2,Minimum,2,90
Sylhet,2024,3,Minimum,2,90
Sylhet,2024,4,Minimum,1,90
Sylhet,2024,5,Minimum,2,150
Sylhet,2024,6,Minimum,2,50
Tangail,2015,1,Minimum,1,320
Tangail,2015,2,Minimum,1,360
Tangail,2015,3,Minimum,1,50
Tangail,2015,4,Minimum,1,130
Tangail,2015,5,Minimum,1,90
Tangail,2015,6,Minimum,1,180
Tangail,2015,7,Minimum,1,90
Tangail,2015,8,Minimum,1,130
Tangail,2015,9,Minimum,1,130
Tangail,2015,10,Minimum,1,170
Tangail,2015,11,Minimum,1,200
Tangail,2015,12,Minimum,1,170
Tangail,2016,1,Minimum,1,320
Tangail,2016,2,Minimum,1,170
Tangail,2016,3,Minimum,1,170
Tangail,2016,4,Minimum,1,190
Tangail,2016,5,Minimum,1,130
Tangail,2016,6,Minimum,1,180
Tangail,2016,7,Minimum,1,160
Tangail,2016,8,Minimum,1,90
Tangail,2016,9,Minimum,1,90
Tangail,2016,10,Minimum,1,270
Tangail,2016,11,Minimum,1,180
Tangail,2016,12,Minimum,1,320
Tangail,2017,1,Maximum,4,310
Tangail,2017,1,Minimum,1,130
Tangail,2017,2,Maximum,5,180
Tangail,2017,2,Minimum,1,320
Tangail,2017,3,Maximum,5,130
Tangail,2017,3,Minimum,1,310
Tangail,2017,4,Maximum,10,310
Tangail,2017,4,Minimum,1,90
Tangail,2017,5,Maximum,6,180
Tangail,2017,5,Minimum,1,90
Tangail,2017,6,Maximum,4,130
Tangail,2017,6,Minimum,1,90
Tangail,2017,7,Maximum,6,160
Tangail,2017,7,Minimum,1,110
Tangail,2017,8,Maximum,4,130
Tangail,2017,8,Minimum,1,130
Tangail,2017,9,Maximum,6,130
Tangail,2017,9,Minimum,1,90
Tangail,2017,10,Maximum,10,90
Tangail,2017,10,Minimum,1,180
Tangail,2017,11,Maximum,4,360
Tangail,2017,11,Minimum,1,320
Tangail,2017,12,Maximum,2,140
Tangail,2017,12,Minimum,1,140
Tangail,2018,1,Maximum,3,310
Tangail,2018,1,Minimum,1,310
Tangail,2018,2,Maximum,10,130
Tangail,2018,2,Minimum,1,130
Tangail,2018,3,Maximum,6,320
Tangail,2018,3,Minimum,1,180
Tangail,2018,4,Maximum,8,130
Tangail,2018,4,Minimum,1,310
Tangail,2018,5,Maximum,12,310
Tangail,2018,5,Minimum,1,130
Tangail,2018,6,Maximum,8,130
Tangail,2018,6,Minimum,1,130
Tangail,2018,7,Maximum,6,130
Tangail,2018,7,Minimum,1,130
Tangail,2018,8,Maximum,6,130
Tangail,2018,8,Minimum,1,180
Tangail,2018,9,Maximum,8,130
Tangail,2018,9,Minimum,1,90
Tangail,2018,10,Maximum,5,310
Tangail,2018,10,Minimum,1,130
Tangail,2018,11,Maximum,6,270
Tangail,2018,11,Minimum,1,130
Tangail,2018,12,Maximum,3,310
Tangail,2018,12,Minimum,1,320
Tangail,2019,1,Maximum,2,270
Tangail,2019,1,Minimum,1,320
Tangail,2019,2,Maximum,3,180
Tangail,2019,2,Minimum,1,130
Tangail,2019,3,Maximum,3,270
Tangail,2019,3,Minimum,1,130
Tangail,2019,4,Maximum,3.5,130
Tangail,2019,4,Minimum,1,130
Tangail,2019,5,Maximum,5,130
Tangail,2019,5,Minimum,1,130
Tangail,2019,6,Maximum,3,90
Tangail,2019,6,Minimum,1,130
Tangail,2019,7,Maximum,4,230
Tangail,2019,7,Minimum,1,130
Tangail,2019,8,Maximum,4,90
Tangail,2019,8,Minimum,1,90
Tangail,2019,9,Maximum,4,130
Tangail,2019,9,Minimum,1,130
Tangail,2019,10,Maximum,2,90
Tangail,2019,10,Minimum,1,220
Tangail,2019,11,Maximum,3,40
Tangail,2019,11,Minimum,1,180
Tangail,2019,12,Maximum,2,310
Tangail,2019,12,Minimum,1,320
Tangail,2020,1,Maximum,1,360
Tangail,2020,1,Minimum,1,310
Tangail,2020,2,Maximum,2,270
Tangail,2020,2,Minimum,1,130
Tangail,2020,3,Maximum,3,310
Tangail,2020,3,Minimum,1,180
Tangail,2020,4,Maximum,6,270
Tangail,2020,4,Minimum,1,140
Tangail,2020,5,Maximum,6,90
Tangail,2020,5,Minimum,1,130
Tangail,2020,6,Maximum,3,130
Tangail,2020,6,Minimum,1,130
Tangail,2020,7,Maximum,3,130
Tangail,2020,7,Minimum,1,130
Tangail,2020,8,Maximum,3,130
Tangail,2020,8,Minimum,1,130
Tangail,2020,9,Maximum,2,130
Tangail,2020,9,Minimum,1,130
Tangail,2020,10,Maximum,3,130
Tangail,2020,10,Minimum,1,130
Tangail,2020,11,Maximum,1,310
Tangail,2020,11,Minimum,1,220
Tangail,2020,12,Maximum,1,270
Tangail,2020,12,Minimum,1,360
Tangail,2021,1,Maximum,1,310
Tangail,2021,1,Minimum,1,310
Tangail,2021,2,Maximum,2,310
Tangail,2021,2,Minimum,1,140
Tangail,2021,3,Maximum,2.5,130
Tangail,2021,3,Minimum,1,130
Tangail,2021,4,Maximum,4.5,90
Tangail,2021,4,Minimum,1,180
Tangail,2021,5,Maximum,4,130
Tangail,2021,5,Minimum,1,130
Tangail,2021,6,Maximum,3,180
Tangail,2021,6,Minimum,1,180
Tangail,2021,7,Maximum,4,130
Tangail,2021,7,Minimum,1,90
Tangail,2021,8,Maximum,3,130
Tangail,2021,8,Minimum,1,90
Tangail,2021,9,Maximum,2,90
Tangail,2021,9,Minimum,1,130
Tangail,2021,10,Maximum,3,90
Tangail,2021,10,Minimum,1,130
Tangail,2021,11,Maximum,1,180
Tangail,2021,11,Minimum,1,230
Tangail,2021,12,Maximum,2,50
Tangail,2021,12,Minimum,1,50
Tangail,2022,1,Maximum,1,310
Tangail,2022,1,Minimum,1,360
Tangail,2022,2,Maximum,3,220
Tangail,2022,2,Minimum,1,90
Tangail,2022,3,Maximum,3,130
Tangail,2022,3,Minimum,1,130
Tangail,2022,4,Maximum,7,310
Tangail,2022,4,Minimum,1,130
Tangail,2022,5,Maximum,3,130
Tangail,2022,5,Minimum,1,90
Tangail,2022,6,Maximum,3,130
Tangail,2022,6,Minimum,1,130
Tangail,2022,7,Maximum,2,130
Tangail,2022,7,Minimum,1,130
Tangail,2022,8,Maximum,3,130
Tangail,2022,8,Minimum,1,90
Tangail,2022,9,Maximum,2,180
Tangail,2022,9,Minimum,1,180
Tangail,2022,10,Maximum,4,50
Tangail,2022,10,Minimum,1,130
Tangail,2022,11,Maximum,1,310
Tangail,2022,11,Minimum,1,280
Tangail,2022,12,Maximum,1,360
Tangail,2022,12,Minimum,1,320
Tangail,2023,1,Maximum,1,320
Tangail,2023,1,Minimum,1,360
Tangail,2023,2,Maximum,2,270
Tangail,2023,2,Minimum,1,180
Tangail,2023,3,Maximum,2,90
Tangail,2023,3,Minimum,1,140
Tangail,2023,4,Maximum,2,130
Tangail,2023,4,Minimum,1,90
Tangail,2023,5,Maximum,3,180
Tangail,2023,5,Minimum,1,180
Tangail,2023,6,Maximum,3,180
Tangail,2023,6,Minimum,1,180
Tangail,2023,7,Maximum,2,180
Tangail,2023,7,Minimum,1,130
Tangail,2023,8,Maximum,2,220
Tangail,2023,8,Minimum,1,130
Tangail,2023,9,Maximum,2,180
Tangail,2023,9,Minimum,1,90
Tangail,2023,10,Maximum,2,180
Tangail,2023,10,Minimum,1,180
Tangail,2023,11,Maximum,3,50
Tangail,2023,11,Minimum,1,360
Tangail,2023,12,Maximum,1,310
Tangail,2023,12,Minimum,1,360
Tangail,2024,1,Maximum,1,310
Tangail,2024,1,Minimum,1,180
Tangail,2024,2,Maximum,1,320
Tangail,2024,2,Minimum,1,180
Tangail,2024,3,Maximum,4.5,90
Tangail,2024,3,Minimum,1,130
Tangail,2024,4,Maximum,2,130
Tangail,2024,4,Minimum,1,220
Tangail,2024,5,Maximum,4,90
Tangail,2024,5,Minimum,1,180
Tangail,2024,6,Maximum,3,130
Tangail,2024,6,Minimum,1,130
Teknaf,2011,1,Maximum,6,270
Teknaf,2011,2,Maximum,8,270
Teknaf,2011,3,Maximum,10,310
Teknaf,2011,4,Maximum,8,310
Teknaf,2011,5,Maximum,15,270
Teknaf,2011,6,Maximum,32,260
Teknaf,2011,7,Maximum,8,230
Teknaf,2011,8,Maximum,4,180
Teknaf,2011,9,Maximum,8,160
Teknaf,2011,10,Maximum,10,160
Teknaf,2011,11,Maximum,3,340
Teknaf,2011,12,Maximum,0,0
Teknaf,2012,1,Maximum,7,340
Teknaf,2012,2,Maximum,8,300
Teknaf,2012,3,Maximum,7,280
Teknaf,2012,4,Maximum,9,330
Teknaf,2012,5,Maximum,17,290
Teknaf,2012,6,Maximum,10,100
Teknaf,2012,7,Maximum,8,200
Teknaf,2012,8,Maximum,6,60
Teknaf,2012,9,Maximum,8,140
Teknaf,2012,10,Maximum,5,40
Teknaf,2012,11,Maximum,4,30
Teknaf,2012,12,Maximum,4,200
Teknaf,2013,1,Maximum,6,270
Teknaf,2013,2,Maximum,14,310
Teknaf,2013,3,Maximum,15,280
Teknaf,2013,4,Maximum,16,280
Teknaf,2013,5,Maximum,20,180
Teknaf,2013,6,Maximum,18,140
Teknaf,2013,7,Maximum,12,150
Teknaf,2013,8,Maximum,12,160
Teknaf,2013,9,Maximum,12,160
Teknaf,2013,10,Maximum,9,270
Teknaf,2013,11,Maximum,9,40
Teknaf,2013,12,Maximum,9,20
Teknaf,2014,1,Maximum,8,310
Teknaf,2014,2,Maximum,15,340
Teknaf,2014,3,Maximum,12,290
Teknaf,2014,4,Maximum,12,320
Teknaf,2014,5,Maximum,12,320
Teknaf,2014,6,Maximum,20,0
Teknaf,2014,7,Maximum,14,160
Teknaf,2014,8,Maximum,9,160
Teknaf,2014,9,Maximum,9,160
Teknaf,2014,10,Maximum,9,120
Teknaf,2014,11,Maximum,4,270
Teknaf,2014,12,Maximum,6,310
Teknaf,2015,1,Maximum,9,320
Teknaf,2015,1,Minimum,1,260
Teknaf,2015,2,Maximum,12,320
Teknaf,2015,2,Minimum,1,20
Teknaf,2015,3,Maximum,15,320
Teknaf,2015,3,Minimum,1,280
Teknaf,2015,4,Maximum,12,280
Teknaf,2015,4,Minimum,1,90
Teknaf,2015,5,Maximum,12,50
Teknaf,2015,5,Minimum,1,320
Teknaf,2015,6,Maximum,14,230
Teknaf,2015,6,Minimum,1,180
Teknaf,2015,7,Maximum,59,230
Teknaf,2015,7,Minimum,1,140
Teknaf,2015,8,Maximum,12,180
Teknaf,2015,8,Minimum,1,180
Teknaf,2015,9,Maximum,10,160
Teknaf,2015,9,Minimum,1,150
Teknaf,2015,10,Maximum,8,270
Teknaf,2015,10,Minimum,1,40
Teknaf,2015,11,Maximum,6,360
Teknaf,2015,11,Minimum,1,350
Teknaf,2015,12,Maximum,6,270
Teknaf,2015,12,Minimum,1,10
Teknaf,2016,1,Maximum,12,310
Teknaf,2016,1,Minimum,1,360
Teknaf,2016,2,Maximum,10,140
Teknaf,2016,2,Minimum,1,290
Teknaf,2016,3,Maximum,10,270
Teknaf,2016,3,Minimum,1,270
Teknaf,2016,4,Maximum,16,310
Teknaf,2016,4,Minimum,1,230
Teknaf,2016,5,Maximum,22,230
Teknaf,2016,5,Minimum,1,50
Teknaf,2016,6,Maximum,22,20
Teknaf,2016,6,Minimum,1,140
Teknaf,2016,7,Maximum,20,200
Teknaf,2016,7,Minimum,1,140
Teknaf,2016,8,Maximum,12,180
Teknaf,2016,8,Minimum,1,190
Teknaf,2016,9,Maximum,6,200
Teknaf,2016,9,Minimum,1,140
Teknaf,2016,10,Maximum,10,140
Teknaf,2016,10,Minimum,1,360
Teknaf,2016,11,Maximum,17,140
Teknaf,2016,11,Minimum,1,310
Teknaf,2016,12,Maximum,7,320
Teknaf,2016,12,Minimum,1,40
Teknaf,2017,1,Maximum,14,360
Teknaf,2017,1,Minimum,1,110
Teknaf,2017,2,Maximum,12,310
Teknaf,2017,2,Minimum,1,50
Teknaf,2017,3,Maximum,22,280
Teknaf,2017,3,Minimum,1,330
Teknaf,2017,4,Maximum,10,320
Teknaf,2017,4,Minimum,1,140
Teknaf,2017,5,Maximum,63,180
Teknaf,2017,5,Minimum,1,100
Teknaf,2017,6,Maximum,20,230
Teknaf,2017,6,Minimum,1,140
Teknaf,2017,7,Maximum,7,210
Teknaf,2017,7,Minimum,1,220
Teknaf,2017,8,Maximum,22,20
Teknaf,2017,8,Minimum,1,320
Teknaf,2017,9,Maximum,8,310
Teknaf,2017,9,Minimum,1,180
Teknaf,2017,10,Maximum,15,260
Teknaf,2017,10,Minimum,1,120
Teknaf,2017,11,Maximum,5,210
Teknaf,2017,11,Minimum,1,350
Teknaf,2017,12,Maximum,5,250
Teknaf,2017,12,Minimum,1,170
Teknaf,2018,1,Maximum,7,230
Teknaf,2018,1,Minimum,1,350
Teknaf,2018,2,Maximum,7,310
Teknaf,2018,2,Minimum,1,140
Teknaf,2018,3,Maximum,7,310
Teknaf,2018,3,Minimum,1,310
Teknaf,2018,4,Maximum,12,160
Teknaf,2018,4,Minimum,1,140
Teknaf,2018,5,Maximum,12,30
Teknaf,2018,5,Minimum,1,140
Teknaf,2018,6,Maximum,13,20
Teknaf,2018,6,Minimum,1,220
Teknaf,2018,7,Maximum,10,230
Teknaf,2018,7,Minimum,1,90
Teknaf,2018,8,Maximum,6,80
Teknaf,2018,8,Minimum,1,140
Teknaf,2018,9,Maximum,12,20
Teknaf,2018,9,Minimum,1,90
Teknaf,2018,10,Maximum,5,60
Teknaf,2018,10,Minimum,1,170
Teknaf,2018,11,Maximum,6,80
Teknaf,2018,11,Minimum,1,190
Teknaf,2018,12,Maximum,8,60
Teknaf,2018,12,Minimum,1,80
Teknaf,2019,1,Maximum,6,40
Teknaf,2019,1,Minimum,1,310
Teknaf,2019,2,Maximum,8,50
Teknaf,2019,2,Minimum,1,80
Teknaf,2019,3,Maximum,7,50
Teknaf,2019,3,Minimum,1,90
Teknaf,2019,4,Maximum,6,50
Teknaf,2019,4,Minimum,1,310
Teknaf,2019,5,Maximum,6,100
Teknaf,2019,5,Minimum,1,20
Teknaf,2019,6,Maximum,5,80
Teknaf,2019,6,Minimum,1,20
Teknaf,2019,7,Maximum,12.5,40
Teknaf,2019,7,Minimum,1,330
Teknaf,2019,8,Maximum,8,240
Teknaf,2019,8,Minimum,1,230
Teknaf,2019,9,Maximum,3,250
Teknaf,2019,9,Minimum,1,250
Teknaf,2019,10,Maximum,7.5,40
Teknaf,2019,10,Minimum,1,250
Teknaf,2019,11,Maximum,4,120
Teknaf,2019,11,Minimum,1,270
Teknaf,2019,12,Maximum,2.5,340
Teknaf,2019,12,Minimum,1,50
Teknaf,2020,1,Maximum,5.5,100
Teknaf,2020,1,Minimum,1,120
Teknaf,2020,2,Maximum,4.5,250
Teknaf,2020,2,Minimum,1,220
Teknaf,2020,3,Maximum,6,340
Teknaf,2020,3,Minimum,1,210
Teknaf,2020,4,Maximum,3.5,250
Teknaf,2020,4,Minimum,2,200
Teknaf,2020,5,Maximum,5.5,230
Teknaf,2020,5,Minimum,1,120
Teknaf,2020,6,Maximum,6,350
Teknaf,2020,6,Minimum,1,180
Teknaf,2020,7,Maximum,4.5,240
Teknaf,2020,7,Minimum,1,150
Teknaf,2020,8,Maximum,6.5,310
Teknaf,2020,8,Minimum,1,200
Teknaf,2020,9,Maximum,2.5,240
Teknaf,2020,9,Minimum,1,130
Teknaf,2020,10,Maximum,3.5,200
Teknaf,2020,10,Minimum,1,210
Teknaf,2020,11,Maximum,2,250
Teknaf,2020,11,Minimum,1,290
Teknaf,2020,12,Maximum,2.5,260
Teknaf,2020,12,Minimum,1,220
Teknaf,2021,1,Maximum,4,200
Teknaf,2021,1,Minimum,1,180
Teknaf,2021,2,Maximum,3,250
Teknaf,2021,2,Minimum,1,190
Teknaf,2021,3,Maximum,4.5,160
Teknaf,2021,3,Minimum,1,250
Teknaf,2021,4,Maximum,6,250
Teknaf,2021,4,Minimum,1,190
Teknaf,2021,5,Maximum,10,230
Teknaf,2021,5,Minimum,1,210
Teknaf,2021,6,Maximum,1.5,150
Teknaf,2021,6,Minimum,1,150
Teknaf,2021,7,Maximum,3,50
Teknaf,2021,7,Minimum,1,170
Teknaf,2021,8,Maximum,1.5,190
Teknaf,2021,8,Minimum,1,250
Teknaf,2021,9,Maximum,2,160
Teknaf,2021,9,Minimum,1,140
Teknaf,2021,10,Maximum,13,10
Teknaf,2021,10,Minimum,1,190
Teknaf,2021,11,Maximum,1,280
Teknaf,2021,11,Minimum,1,280
Teknaf,2021,12,Maximum,2,260
Teknaf,2021,12,Minimum,1,210
Teknaf,2022,1,Maximum,3,200
Teknaf,2022,1,Minimum,1,220
Teknaf,2022,2,Maximum,2.5,270
Teknaf,2022,2,Minimum,1,220
Teknaf,2022,3,Maximum,3.5,260
Teknaf,2022,3,Minimum,1,190
Teknaf,2022,4,Maximum,3,250
Teknaf,2022,4,Minimum,1,270
Teknaf,2022,5,Maximum,2.5,180
Teknaf,2022,5,Minimum,1,270
Teknaf,2022,6,Maximum,2,160
Teknaf,2022,6,Minimum,1,160
Teknaf,2022,7,Maximum,3.5,90
Teknaf,2022,7,Minimum,1,240
Teknaf,2022,8,Maximum,6,160
Teknaf,2022,8,Minimum,1,210
Teknaf,2022,9,Maximum,2,140
Teknaf,2022,9,Minimum,1,250
Teknaf,2022,10,Maximum,12,150
Teknaf,2022,10,Minimum,1,210
Teknaf,2022,11,Maximum,1.5,320
Teknaf,2022,11,Minimum,1,250
Teknaf,2022,12,Maximum,2,320
Teknaf,2022,12,Minimum,1,300
Teknaf,2023,1,Maximum,2.5,290
Teknaf,2023,1,Minimum,1,40
Teknaf,2023,2,Maximum,1.5,280
Teknaf,2023,2,Minimum,2,320
Teknaf,2023,3,Maximum,2,270
Teknaf,2023,3,Minimum,1,20
Teknaf,2023,4,Maximum,2,320
Teknaf,2023,4,Minimum,1,120
Teknaf,2023,5,Maximum,25,20
Teknaf,2023,5,Minimum,1,170
Teknaf,2023,6,Maximum,7.5,240
Teknaf,2023,6,Minimum,1,230
Teknaf,2023,7,Maximum,4,190
Teknaf,2023,7,Minimum,1,170
Teknaf,2023,8,Maximum,0,0
Teknaf,2023,9,Maximum,0,0
Teknaf,2023,10,Maximum,0,0
Teknaf,2023,11,Maximum,0,0
Teknaf,2023,12,Maximum,0,0
