,"Radiation BY Station (Dinajpur), 2019-2022",,,,,,,,,,,,,,,,,,,,,,,,,,,,,,,,,,,,,,,,,,,,,,,,,,,,,,,,,,,,,,,,,,,,,,,,,,,,,,,,,,,,,,,,,,,,,,,,,,,,,,,,,,,,,,,,,,,,,,,,,,,,,,,,,,,,,,,,,,,,,,,,,,,,,,,,,,,,,,,,,,,,,,,,,,,,,,,,,,,,,,,,,,,,
,Station name,Month,Date,2019,,,,,,,,,,,,,,,,,,,,,,,,,,,,,,,2020,,,,,,,,,,,,,,,,,,,,,,,,,,,,,,,2021,,,,,,,,,,,,,,,,,,,,,,,,,,,,,,,2022,,,,,,,,,,,,,,,,,,,,,,,,,,,,,,,2023,,,,,,,,,,,,,,,,,,,,,,,,,,,,,,,2024,,,,,,,,,,,,,,,,,,,,,,,,,,,,,,
,,,,D_01,D_02,D_03,D_04,D_05,D_06,D_07,D_08,D_09,D_10,D_11,D_12,D_13,D_14,D_15,D_16,D_17,D_18,D_19,D_20,D_21,D_22,D_23,D_24,D_25,D_26,D_27,D_28,D_29,D_30,D_31,D_01,D_02,D_03,D_04,D_05,D_06,D_07,D_08,D_09,D_10,D_11,D_12,D_13,D_14,D_15,D_16,D_17,D_18,D_19,D_20,D_21,D_22,D_23,D_24,D_25,D_26,D_27,D_28,D_29,D_30,D_31,D_01,D_02,D_03,D_04,D_05,D_06,D_07,D_08,D_09,D_10,D_11,D_12,D_13,D_14,D_15,D_16,D_17,D_18,D_19,D_20,D_21,D_22,D_23,D_24,D_25,D_26,D_27,D_28,D_29,D_30,D_31,D_01,D_02,D_03,D_04,D_05,D_06,D_07,D_08,D_09,D_10,D_11,D_12,D_13,D_14,D_15,D_16,D_17,D_18,D_19,D_20,D_21,D_22,D_23,D_24,D_25,D_26,D_27,D_28,D_29,D_30,D_31,D_01,D_02,D_03,D_04,D_05,D_06,D_07,D_08,D_09,D_10,D_11,D_12,D_13,D_14,D_15,D_16,D_17,D_18,D_19,D_20,D_21,D_22,D_23,D_24,D_25,D_26,D_27,D_28,D_29,D_30,D_31,D_01,D_02,D_03,D_04,D_05,D_06,D_07,D_08,D_09,D_10,D_11,D_12,D_13,D_14,D_15,D_16,D_17,D_18,D_19,D_20,D_21,D_22,D_23,D_24,D_25,D_26,D_27,D_28,D_29,D_30,D_31
,1,2,3,4,5,6,7,8,9,10,11,12,13,14,15,16,17,18,19,20,21,22,23,24,25,26,27,28,29,30,31,32,33,34,35,36,37,38,39,40,41,42,43,44,45,46,47,48,49,50,51,52,53,54,55,56,57,58,59,60,61,62,63,64,65,66,67,68,69,70,71,72,73,74,75,76,77,78,79,80,81,82,83,84,85,86,87,88,89,90,91,92,93,94,95,96,97,98,99,100,101,102,103,104,105,106,107,108,109,110,111,112,113,114,115,116,117,118,119,120,121,122,123,124,125,126,127,,,,,,,,,,,,,,,,,,,,,,,,,,,,,,,,,,,,,,,,,,,,,,,,,,,,,,,,,,,,,,
,Dinajpur,January,0,0.017,0.017,0.017,0.017,0.017,0.017,0.017,0.017,0.017,0.017,0.017,0.017,0.017,0.017,0.017,0.017,0.017,0.017,0.017,0.017,0.017,0.017,0.017,0.017,0.017,0.017,0.017,0.017,0.017,0.017,0.017,0.012,0.012,0.012,0.012,0.012,0.012,0.012,0.012,0.012,0.012,0.012,0.012,0.012,0.012,0.012,0.012,0.012,0.012,0.012,0.012,0.012,0.012,0.012,0.012,0.012,0.012,0.012,0.012,0.012,0.012,0.012,0,0,0,0,0,0,0,0,0,0,0,0,0,0,0,0,0,0,0,0,0,0,0,0,0,0,0,0,0,0,0,0,0,0,0,0,0,0,0,0,0,0,0,0,0,0,0,0,0,0,0,0,0,0,0,0,0,0,0,0,0,0,,,,,,,,,,,,,,,,,,,,,,,,,,,,,,,,,,,,,,,,,,,,,,,,,,,,,,,,,,,,,,
,Dinajpur,January,1,0.017,0.017,0.017,0.017,0.017,0.017,0.017,0.017,0.017,0.017,0.017,0.017,0.017,0.017,0.017,0.017,0.017,0.017,0.017,0.017,0.017,0.017,0.017,0.017,0.017,0.017,0.017,0.017,0.017,0.017,0.017,0.012,0.012,0.012,0.012,0.023,0.023,0.117,0.012,0.023,0.012,0.012,0.012,0.023,0.023,0.023,0.023,0.012,0.023,0.023,0.035,0.023,0.023,0.023,0.023,0.012,0.023,0.023,0.023,0.012,0.012,0.012,0,0,0,0,0,0,0,0,0,0,0,0,0,0,0,0,0,0,0,0,0,0,0,0,0,0,0,0,0,0,0,0.017,0.017,0.017,0.017,0.017,0.017,0.017,0.017,0.017,0.017,0.017,0.017,0.017,0.017,0.017,0.017,0,0,0,0,0,0,0,0,0,0,0,0,0,0,0,,,,,,,,,,,,,,,,,,,,,,,,,,,,,,,,,,,,,,,,,,,,,,,,,,,,,,,,,,,,,,
,Dinajpur,January,2,0.052,0.017,0.017,0.017,0.017,0.035,0.017,0.052,0.069,0.017,0.017,0.017,0.017,0.017,0.017,0.035,0.017,0.017,0.017,0.017,0.017,0.017,0.017,0.017,0.017,0.017,0.017,0.017,0.017,0.017,0.017,0.082,0.035,0.012,0.035,0.152,0.152,0.222,0.059,0.082,0.094,0.094,0.117,0.117,0.117,0.105,0.105,0.082,0.129,0.059,0.105,0.105,0.117,0.082,0.105,0.012,0.105,0.831,0.082,0.012,0.082,0.059,0,0,0,0,0.7,0,0,0,0,0,0,0,0,0,0,0,0,0,0,0,0,0.6,0,0,0,0,0.1,0,0,0.6,0,0.017,0.017,0.017,0.017,0.017,0.017,0.017,0.017,0.017,0.017,0.017,0.017,0.017,0.017,0.017,0.017,0,0,0,0,0,0,0,0,0,0,0,0,0,0,0,,,,,,,,,,,,,,,,,,,,,,,,,,,,,,,,,,,,,,,,,,,,,,,,,,,,,,,,,,,,,,
,Dinajpur,January,3,0.278,0.417,0.365,0.313,0.313,0.365,0.26,0.295,0.243,0.278,0.26,0.295,0.313,0.156,0.278,0.243,0.365,0.226,0.139,0.122,0.174,0.156,0.26,0.069,0.226,0.243,0.33,0.052,0.191,0.295,0.313,0.304,0.117,0.035,0.047,0.258,0.258,0.386,0.269,0.176,0.222,0.234,0.304,0.269,0.269,0.258,0.269,0.246,0.269,0.269,0.258,0.304,0.304,0.187,0.269,0.082,0.281,0.234,0.187,0.082,0.222,0.199,1.6,1.4,1.6,1.3,1.8,1,0.8,0,1,1,1,0,0.9,1,0.6,0,0,0.9,0,0.8,0.6,1,0,0,0,0,0.7,0,0,0.8,0,0.017,0.017,0.017,0.017,0.017,0.017,0.017,0.017,0.017,0.017,0.017,0.017,0.017,0.017,0.017,0.087,0.2,0,0.1,0,0,0.1,0.1,0,0.1,0,0.1,0,0,0.1,0.1,,,,,,,,,,,,,,,,,,,,,,,,,,,,,,,,,,,,,,,,,,,,,,,,,,,,,,,,,,,,,,
,Dinajpur,January,4,0.417,0.451,0.417,0.538,0.538,0.538,0.469,0.347,0.313,0.382,0.365,0.365,0.451,0.295,0.399,0.33,0.382,0.295,0.417,0.33,0.365,0.382,0.417,0.191,0.382,0.417,0.556,0.33,0.434,0.503,0.521,0.433,0.117,0.129,0.105,0.176,0.176,0.445,0.433,0.328,0.328,0.375,0.41,0.433,0.41,0.445,0.398,0.386,0.41,0.398,0.258,0.468,0.386,0.187,0.316,0.281,0.398,0.363,0.269,0.035,0.281,0.269,2.7,2.5,2.4,3.2,2.9,0.9,1.8,2,1.8,1.7,1.6,1.3,2.4,2.3,2.4,0.5,0,2.4,0.6,1.2,1,1.2,0.3,0,0,0,1.2,0,1.6,1,0,0.017,0.122,0.122,0.069,0.087,0.087,0.069,0.122,0.017,0.069,0.156,0.174,0.243,0.278,0.313,0.33,0.3,0.1,0.1,0.1,0.3,0.2,0.1,0.2,0.1,0.1,0.3,0.1,0.1,0.2,0.3,,,,,,,,,,,,,,,,,,,,,,,,,,,,,,,,,,,,,,,,,,,,,,,,,,,,,,,,,,,,,,
,Dinajpur,January,5,0.608,0.642,0.538,0.642,0.642,0.642,0.573,0.538,0.469,0.469,0.486,0.521,0.608,0.469,0.503,0.451,0.538,0.469,0.434,0.451,0.521,0.556,0.573,0.278,0.556,0.226,0.625,0.538,0.625,0.642,0.642,0.445,0.152,0.105,0.258,0.234,0.234,0.48,0.492,0.351,0.422,0.574,0.515,0.562,0.504,0.48,0.48,0.48,0.468,0.468,0.41,0.527,0.48,0.34,0.433,0.433,0.468,0.48,0.468,0.234,0.468,0.468,3.6,3.7,3.5,3.6,3.5,1.5,2.4,2.2,2.4,2.4,2.5,2.1,3,3.1,2.8,1.4,2,3.2,2,2.3,0.7,2.1,2,0,0,0.7,1.5,0,1.9,2,1,0.156,0.208,0.139,0.122,0.104,0.243,0.191,0.382,0.139,0.382,0.399,0.243,0.573,0.625,0.451,0.469,0.4,0.2,0.2,0.1,0.4,0.4,0.2,0.2,0.3,0.1,0.5,0.2,0.3,0.4,0.4,,,,,,,,,,,,,,,,,,,,,,,,,,,,,,,,,,,,,,,,,,,,,,,,,,,,,,,,,,,,,,
,Dinajpur,January,6,0.66,0.66,0.59,0.781,0.781,0.729,0.642,0.608,0.538,0.538,0.556,0.573,0.642,0.573,0.677,0.59,0.59,0.573,0.556,0.59,0.608,0.642,0.677,0.399,0.59,0.278,0.59,0.625,0.694,0.625,0.694,0.539,0.211,0.059,0.176,0.316,0.316,0.457,0.515,0.328,0.422,0.515,0.562,0.574,0.539,0.504,0.515,0.539,0.492,0.492,0.445,0.562,0.515,0.386,0.585,0.48,0.562,0.504,0.457,0.269,0.398,0.527,3.5,3.6,3.8,4,3.9,2.5,2.8,2.4,2.6,2.7,1.3,3,3.3,3.4,3.6,1.6,2.8,3.8,3.1,1.8,0.9,1.9,2.5,2.1,0.5,1.6,0.8,1.7,2.8,2.2,1.3,0.399,0.313,0.33,0.208,0.226,0.417,0.538,0.573,0.399,0.573,0.365,0.295,0.59,0.556,0.399,0.556,0.4,0.5,0.2,0.1,0.5,0.4,0.3,0.3,0.2,0.1,0.6,0.5,0.5,0.5,0.5,,,,,,,,,,,,,,,,,,,,,,,,,,,,,,,,,,,,,,,,,,,,,,,,,,,,,,,,,,,,,,
,Dinajpur,January,7,0.712,0.677,0.556,0.712,0.712,0.781,0.677,0.625,0.538,0.503,0.59,0.486,0.538,0.538,0.608,0.608,0.573,0.556,0.573,0.66,0.66,0.59,0.625,0.139,0.521,0.365,0.399,0.503,0.59,0.677,0.729,0.492,0.445,0.035,0.164,0.433,0.433,0.281,0.468,0.117,0.363,0.457,0.492,0.504,0.515,0.48,0.48,0.492,0.468,0.468,0.433,0.527,0.515,0.316,0.41,0.585,0.48,0.515,0.433,0.246,0.105,0.55,3.2,3.4,4,3.3,3.4,2,2.1,2,2.1,2.4,0.8,3.3,3.1,3.5,3.3,2.1,3.2,3.3,2.9,1.5,1.2,1.8,2.9,3.3,2.5,2.9,0.9,2.7,2.7,3.4,2,0.521,0.451,0.556,0.313,0.486,0.556,0.59,0.625,0.538,0.365,0.486,0.503,0.66,0.365,0.278,0.642,0.6,0.6,0.3,0.3,0.7,0.4,0.2,0.6,0.1,0.2,0.7,0.6,0.7,0.6,0.5,,,,,,,,,,,,,,,,,,,,,,,,,,,,,,,,,,,,,,,,,,,,,,,,,,,,,,,,,,,,,,
,Dinajpur,January,8,0.556,0.573,0.469,0.573,0.573,0.521,0.486,0.417,0.434,0.382,0.486,0.521,0.503,0.469,0.538,0.538,0.521,0.486,0.434,0.469,0.451,0.382,0.434,0.503,0.503,0.434,0.33,0.382,0.573,0.556,0.625,0.41,0.398,0.035,0.152,0.269,0.269,0.304,0.386,0.152,0.328,0.375,0.41,0.457,0.386,0.41,0.457,0.433,0.398,0.398,0.375,0.375,0.422,0.281,0.293,0.562,0.351,0.386,0.246,0.211,0.059,0.433,3,3,3.1,3.6,3,1.8,1.9,1.6,1.5,2.2,1.4,3,2.9,3.3,3.4,2.4,2.6,2.7,2.7,1.9,1.1,1.7,2.1,2.3,2.9,2.7,0.9,2.9,2.9,2.7,2.3,0.503,0.59,0.469,0.382,0.66,0.642,0.66,0.694,0.451,0.486,0.399,0.191,0.694,0.347,0.295,0.677,0.7,0.7,0.4,0.5,0.6,0.6,0,0.7,0.3,0.2,0.7,0.7,0.7,0.6,0.3,,,,,,,,,,,,,,,,,,,,,,,,,,,,,,,,,,,,,,,,,,,,,,,,,,,,,,,,,,,,,,
,Dinajpur,January,9,0.365,0.33,0.226,0.26,0.26,0.347,0.33,0.295,0.26,0.278,0.313,0.33,0.313,0.208,0.313,0.278,0.26,0.191,0.26,0.278,0.295,0.313,0.347,0.174,0.208,0.347,0.278,0.399,0.382,0.399,0.521,0.281,0.246,0.082,0.129,0.234,0.234,0.164,0.293,0.152,0.234,0.281,0.316,0.351,0.281,0.281,0.293,0.304,0.281,0.281,0.246,0.34,0.304,0.258,0.351,0.363,0.304,0.246,0.222,0.082,0.047,0.351,1.9,2,1.9,2.2,2.1,1.5,1.7,1.3,1.4,1.5,1,2.3,1.9,1.7,1.4,1.5,1.8,1.8,2,0.5,1,1.5,2.1,2,1.9,2.6,1,2.3,2.4,2.1,1.6,0.469,0.538,0.33,0.486,0.451,0.434,0.486,0.503,0.399,0.486,0.347,0.295,0.556,0.26,0.59,0.608,0.6,0.5,0.5,0.5,0.5,0.4,0,0.5,0.2,0.3,0.6,0.4,0.4,0.4,0.3,,,,,,,,,,,,,,,,,,,,,,,,,,,,,,,,,,,,,,,,,,,,,,,,,,,,,,,,,,,,,,
,Dinajpur,January,10,0.156,0.139,0.122,0.156,0.156,0.139,0.156,0.122,0.139,0.122,0.122,0.122,0.139,0.122,0.156,0.104,0.122,0.104,0.156,0.139,0.087,0.104,0.122,0.017,0.087,0.069,0.156,0.191,0.191,0.226,0.226,0.129,0.082,0.023,0.082,0.129,0.129,0.023,0.176,0.035,0.117,0.152,0.152,0.164,0.152,0.141,0.152,0.164,0.152,0.152,0.141,0.164,0.176,0.152,0.246,0.363,0.176,0.152,0.129,0.07,0.047,0.187,1.1,1.1,0.9,0.9,0.8,0.3,0.7,0.4,0.6,0.8,0.4,1,1.1,0.7,0.4,0.7,0.6,0.6,0.8,0,0.5,0.6,1.3,1.3,1.6,1.4,1.9,1.8,1.1,1.2,1.1,0.347,0.33,0.295,0.33,0.365,0.382,0.33,0.33,0.365,0.33,0.208,0.417,0.226,0.191,0.417,0.417,0.5,0.4,0.4,0.3,0.5,0.3,0,0.4,0.5,0.2,0.5,0.2,0.4,0.3,0.4,,,,,,,,,,,,,,,,,,,,,,,,,,,,,,,,,,,,,,,,,,,,,,,,,,,,,,,,,,,,,,
,Dinajpur,January,11,0.017,0.017,0.017,0.017,0.017,0.017,0.017,0.017,0.017,0.017,0.017,0.017,0.017,0.017,0.017,0.017,0.017,0.017,0.017,0.017,0.017,0.017,0.017,0.017,0.017,0.017,0.017,0.017,0.017,0.035,0.017,0.012,0.012,0.012,0.012,0.035,0.035,0.012,0.023,0.012,0.023,0.035,0.035,0.035,0.035,0.035,0.035,0.035,0.012,0.023,0.023,0.047,0.035,0.035,0.047,0.234,0.035,0.035,0.035,0.035,0.023,0.117,0.4,0.1,0.2,0.2,0.1,0.1,0,0,0,0,0,0.1,0.2,0,0,0,0,0.1,0.2,0,0.1,0,0.1,0.2,0.2,0.3,0,0.3,0.3,0.1,0.1,0.087,0.087,0.087,0.069,0.191,0.191,0.104,0.156,0.243,0.122,0.104,0.069,0.052,0.122,0.139,0.104,0.3,0.2,0.2,0.2,0.2,0.2,0,0.1,0.1,0.1,0.2,0.1,0.1,0.2,0.2,,,,,,,,,,,,,,,,,,,,,,,,,,,,,,,,,,,,,,,,,,,,,,,,,,,,,,,,,,,,,,
,Dinajpur,January,12,0.017,0.017,0.017,0.017,0.017,0.017,0.017,0.017,0.017,0.017,0.017,0.017,0.017,0.017,0.017,0.017,0.017,0.017,0.017,0.017,0.017,0.017,0.017,0.017,0.017,0.017,0.017,0.017,0.017,0.017,0.017,0.012,0.012,0.012,0.012,0.012,0.012,0.012,0.012,0.012,0.012,0.012,0.012,0.012,0.012,0.012,0.012,0.012,0.012,0.012,0.012,0.012,0.012,0.012,0.012,0.047,0.012,0.012,0.012,0.012,0.012,0.012,0,0,0,0,0,0,0,0,0,0,0,0,0,0,0,0,0,0,0,0,0,0,0,0,0,0,0,0,0,0,0,0.017,0.017,0.017,0.017,0.017,0.017,0.017,0.017,0.087,0.017,0.017,0.017,0.017,0.017,0.017,0.017,0.1,0,0,0,0.1,0,0,0,0,0,0.1,0,0.1,0.1,0.1,,,,,,,,,,,,,,,,,,,,,,,,,,,,,,,,,,,,,,,,,,,,,,,,,,,,,,,,,,,,,,
,Dinajpur,January,13,0.017,0.017,0.017,0.017,0.017,0.017,0.017,0.017,0.017,0.017,0.017,0.017,0.017,0.017,0.017,0.017,0.017,0.017,0.017,0.017,0.017,0.017,0.017,0.017,0.017,0.017,0.017,0.017,0.017,0.017,0.017,0.012,0.012,0.012,0.012,0.012,0.012,0.012,0.012,0.012,0.012,0.012,0.012,0.012,0.012,0.012,0.012,0.012,0.012,0.012,0.012,0.012,0.012,0.012,0.012,0.012,0.012,0.012,0.012,0.012,0.012,0.012,0,0,0,0,0,0,0,0,0,0,0,0,0,0,0,0,0,0,0,0,0,0,0,0,0,0,0,0,0,0,0,0.017,0.017,0.017,0.017,0.017,0.017,0.017,0.017,0.017,0.017,0.017,0.017,0.017,0.017,0.017,0.017,0,0,0,0,0,0,0,0,0,0,0,0,0,0,0,,,,,,,,,,,,,,,,,,,,,,,,,,,,,,,,,,,,,,,,,,,,,,,,,,,,,,,,,,,,,,
,,,Total,3.889,3.993,3.385,4.08,4.08,4.184,3.698,3.385,3.09,3.056,3.281,3.316,3.611,2.934,3.576,3.264,3.455,3.003,3.073,3.142,3.264,3.229,3.559,1.875,3.177,2.483,3.368,3.125,3.785,4.045,,3.173,1.862,0.574,1.206,2.295,2.295,2.927,3.162,1.792,2.6,3.138,3.361,3.525,3.267,3.197,3.244,3.208,3.138,3.068,2.763,3.478,3.314,2.283,3.115,3.478,3.22,3.806,2.588,1.323,1.78,3.208,21,20.8,21.4,22.3,22.2,11.6,14.2,11.9,13.4,14.7,10,16.1,18.8,19,17.9,10.2,13,18.8,14.3,10,7.1,12.4,13.3,11.2,9.6,12.2,9,11.7,15.7,16.1,9.4,2.587,2.726,2.413,2.066,2.656,3.038,3.056,3.472,2.708,2.899,2.552,2.274,3.681,2.83,2.969,3.958,3.924,3.42,2.413,2.205,3.628,3.125,0.92,3.142,1.892,1.389,4.323,2.865,3.438,3.42,3.073,,,,,,,,,,,,,,,,,,,,,,,,,,,,,,,,,,,,,,,,,,,,,,,,,,,,,,,,,,,,,,
,Dinajpur,Feburary,0,0.017,0.017,0.017,0.017,0.017,0.017,0.017,0.017,0.017,0.017,0.017,0.017,0.017,0.017,0.017,0.017,0.017,0.017,0.017,0.017,0.017,0.017,0.017,0.017,0.017,0.017,0.017,0.017,,,,0.012,0.023,0.023,0.023,0.012,0.012,0.012,0.012,0.012,0.012,0.012,0.012,0.012,0.012,0.012,0.012,0.012,0.012,0.012,0.012,0.012,0.012,0.012,0.012,0.012,0.012,0.012,0.012,0.012,,,0,0,0,0,0,0,0,0,0,0,0,0,0,0,0,0,0,0,0,0,0,0,0,0,0,0,0,0,0,0,0,0,0,0,0,0,0,0,0,0,0,0,0,0,0,0,0,0,0,0,0,0,0,0,0,0,0,0,0,0,0,0,,,,,,,,,,,,,,,,,,,,,,,,,,,,,,,,,,,,,,,,,,,,,,,,,,,,,,,,,,,,,,
,Dinajpur,Feburary,1,0.017,0.017,0.017,0.017,0.017,0.017,0.017,0.017,0.017,0.017,0.017,0.017,0.017,0.017,0.017,0.017,0.017,0.017,0.017,0.017,0.017,0.017,0.017,0.017,0.017,0.017,0.017,0.017,,,,0.094,0.117,0.117,0.152,0.012,0.012,0.023,0.012,0.012,0.012,0.012,0.012,0.012,0.105,0.012,0.023,0.023,0.023,0.023,0.023,0.012,0.023,0.023,0.023,0.023,0.023,0.023,0.023,0.023,,,0,0,0,0,0,0,0,0,0,0,0,0,0,0,0,0,0,0,0,0,0,1,0,0,0,0,0,0,,,,0.017,0.017,0.017,0.017,0.017,0.017,0.017,0.017,0.017,0.017,0.017,0.017,0.017,0.017,0.017,0.017,0,0,0,0,0,0,0,0,0,0,0,0,,,,,,,,,,,,,,,,,,,,,,,,,,,,,,,,,,,,,,,,,,,,,,,,,,,,,,,,,,,,,,,,,
,Dinajpur,Feburary,2,0.069,0.052,0.069,0.104,0.087,0.104,0.052,0.122,0.017,0.069,0.469,0.069,0.052,0.069,0.087,0.035,0.052,0.052,0.069,0.156,0.174,0.156,0.035,0.365,0.156,0.208,0.052,0.017,,,,0.281,0.269,0.293,0.328,0.105,0.117,0.129,0.129,0.105,0.082,0.152,0.129,0.152,0.164,0.105,0.117,0.117,0.105,0.105,0.105,0.082,0.105,0.105,0.105,0.094,0.105,0.105,0.105,0.105,,,0,0,0.2,0.1,0.4,0.3,0.1,0.5,0.4,0.3,0.1,0,0,0,0.5,0,0.4,0.8,0.9,0,0,2.1,0.6,0.5,0.7,0.6,0.6,0.5,,,,0.017,0.017,0.017,0.174,0.017,0.017,0.017,0.017,0.017,0.017,0.017,0.017,0.017,0.017,0.017,0.017,0,0,0,0,0,0,0.1,0,0,0,0,0,,,,,,,,,,,,,,,,,,,,,,,,,,,,,,,,,,,,,,,,,,,,,,,,,,,,,,,,,,,,,,,,,
,Dinajpur,Feburary,3,0.434,0.295,0.313,0.365,0.295,0.347,0.313,0.139,0.017,0.208,0.729,0.538,0.365,0.365,0.399,0.278,0.139,0.382,0.469,0.451,0.052,0.399,0.382,0.417,0.503,0.503,0.017,0.017,,,,0.422,0.433,0.445,0.468,0.152,0.164,0.211,0.035,0.269,0.293,0.304,0.304,0.34,0.386,0.211,0.304,0.539,0.258,0.258,0.258,0.222,0.258,0.269,0.258,0.258,0.269,0.258,0.258,0.258,,,0,0,1.4,1.7,2,1.7,1.8,1.9,1.9,1.7,1.5,1.3,1.4,1.4,1.8,1.6,1.1,1.6,2.1,0.9,2,2.8,2,1.8,1.4,1.9,1.9,1.8,,,,0.087,0.139,0.069,0.365,0.347,0.017,0.156,0.365,0.156,0.052,0.26,0.156,0.295,0.313,0.208,0.156,0.2,0.2,0.3,0.2,0.2,0.2,0.2,0.1,0.1,0.1,0.1,0.2,,,,,,,,,,,,,,,,,,,,,,,,,,,,,,,,,,,,,,,,,,,,,,,,,,,,,,,,,,,,,,,,,
,Dinajpur,Feburary,4,0.208,0.486,0.451,0.556,0.451,0.417,0.365,0.087,0.052,0.59,0.833,0.764,0.556,0.556,0.538,0.191,0.382,0.573,0.573,0.59,0.538,0.59,0.486,0.747,0.608,0.608,0.017,0.017,,,,0.562,0.504,0.492,0.585,0.34,0.258,0.363,0.012,0.351,0.433,0.48,0.585,0.445,0.504,0.433,0.386,0.269,0.445,0.445,0.445,0.281,0.445,0.316,0.445,0.281,0.316,0.445,0.445,0.445,,,0,0.5,2.5,2.6,2.9,2.3,2.5,2.6,2.7,2.6,2.4,2.6,2.4,2.2,2.7,2.3,2.6,2.7,1.8,2.4,2.7,3.3,2.8,2.5,2.1,2.6,2.5,2.5,,,,0.26,0.087,0.174,0.451,0.313,0.017,0.451,0.538,0.382,0.156,0.434,0.417,0.382,0.399,0.451,0.399,0.4,0.4,0.4,0.4,0.2,0.4,0.4,0.2,0.4,0.4,0.4,0.4,,,,,,,,,,,,,,,,,,,,,,,,,,,,,,,,,,,,,,,,,,,,,,,,,,,,,,,,,,,,,,,,,
,Dinajpur,Feburary,5,0.243,0.712,0.625,0.642,0.538,0.417,0.642,0.33,0.139,0.903,0.851,0.764,0.642,0.729,0.66,0.382,0.451,0.729,0.66,0.608,0.642,0.677,0.608,0.781,0.764,0.764,0.104,0.087,,,,0.597,0.55,0.597,0.621,0.351,0.386,0.492,0.094,0.504,0.48,0.562,0.527,0.515,0.527,0.527,0.48,0.48,0.48,0.48,0.48,0.468,0.48,0.433,0.48,0.539,0.433,0.363,0.48,0.48,,,2.5,2.6,3.2,3.3,3.7,3,3.2,3.4,3.3,3.2,2.9,2.9,2.7,2.5,3.4,2.9,3.1,3,2,3.1,3.2,3.8,3.4,3,2.6,3.4,3.1,3.2,,,,0.382,0.139,0.26,0.382,0.365,0.104,0.538,0.642,0.66,0.208,0.677,0.66,0.503,0.59,0.642,0.59,0.6,0.6,0.6,0.6,0.5,0.5,0.6,0.3,0.6,0.6,0.6,0.5,,,,,,,,,,,,,,,,,,,,,,,,,,,,,,,,,,,,,,,,,,,,,,,,,,,,,,,,,,,,,,,,,
,Dinajpur,Feburary,6,0.434,0.747,0.729,0.694,0.66,0.625,0.694,0.33,0.017,0.92,0.885,0.885,0.816,0.747,0.764,0.66,0.538,0.781,0.764,0.729,0.747,0.642,0.712,0.851,0.833,0.538,0.382,0.278,,,,0.562,0.539,0.527,0.422,0.433,0.41,0.234,0.035,0.527,0.585,0.585,0.562,0.515,0.48,0.539,0.515,0.199,0.504,0.504,0.504,0.398,0.504,0.585,0.504,0.504,0.597,0.504,0.504,0.504,,,3.4,3.7,3.6,3.7,3.9,3.3,3.4,4,3.8,3.4,3.1,3.1,3,3.2,4,3.3,3.3,3.5,1.6,3.7,3.7,4.3,3.9,3.4,3.1,3.5,3.2,3.5,,,,0.521,0.208,0.399,0.347,0.434,0.156,0.799,0.729,0.712,0.278,0.781,0.747,0.764,0.781,0.729,0.677,0.7,0.7,0.7,0.4,0.6,0.7,0.7,0.4,0.7,0.7,0.6,0.7,,,,,,,,,,,,,,,,,,,,,,,,,,,,,,,,,,,,,,,,,,,,,,,,,,,,,,,,,,,,,,,,,
,Dinajpur,Feburary,7,0.694,0.781,0.694,0.729,0.712,0.642,0.66,0.313,0.017,1.163,0.747,0.851,0.747,0.625,0.799,0.642,0.278,0.851,0.833,0.816,0.885,0.59,0.747,0.833,0.851,0.781,0.156,0.365,,,,0.527,0.457,0.468,0.468,0.386,0.41,0.152,0.012,0.504,0.48,0.55,0.597,0.504,0.398,0.504,0.515,0.515,0.48,0.48,0.48,0.105,0.48,0.41,0.48,0.48,0.41,0.48,0.48,0.48,,,3.8,4,3.7,3.9,4.1,3.5,3.7,4.2,4.1,3.7,3.3,3.4,3.4,3.4,4.4,4,3.7,3.8,2.1,3.2,4.2,3.3,4.2,3.9,3.3,4.3,3.9,3.8,,,,0.573,0.243,0.573,0.278,0.503,0.208,0.799,0.816,0.851,0.278,0.868,0.816,0.816,0.851,0.781,0.851,0.8,0.9,0.9,0.5,0.7,0.8,0.7,0.5,0.9,0.9,0.7,0.7,,,,,,,,,,,,,,,,,,,,,,,,,,,,,,,,,,,,,,,,,,,,,,,,,,,,,,,,,,,,,,,,,
,Dinajpur,Feburary,8,0.625,0.66,0.642,0.59,0.608,0.538,0.59,0.295,0.017,0.642,0.573,0.781,0.642,0.608,0.747,0.66,0.382,0.729,0.747,0.66,0.712,0.451,0.625,0.764,0.747,0.712,0.017,0.434,,,,0.363,0.351,0.351,0.328,0.304,0.363,0.105,0.012,0.34,0.422,0.422,0.433,0.422,0.293,0.433,0.422,1.768,0.41,0.41,0.41,0.059,0.41,0.293,0.41,0.41,0.293,0.597,0.41,0.41,,,3.4,3.2,3,4.1,4.4,3.6,3.4,3.6,3.5,3.2,2.8,3.1,3.3,3.1,3.3,3,2.9,2.9,1.5,2.5,3.2,2.5,2.4,3.2,3,3.3,3.7,3.3,,,,0.538,0.33,0.642,0.26,0.556,0.295,0.833,0.851,0.816,0.365,0.816,0.677,0.712,0.885,0.851,0.764,0.8,1,0.9,0.8,0.7,0.9,0.8,0.3,0.7,0.8,0.7,0.8,,,,,,,,,,,,,,,,,,,,,,,,,,,,,,,,,,,,,,,,,,,,,,,,,,,,,,,,,,,,,,,,,
,Dinajpur,Feburary,9,0.399,0.313,0.313,0.243,0.313,0.365,0.347,0.069,0.017,0.191,0.208,0.417,0.486,0.26,0.399,0.486,0.174,0.417,0.399,0.365,0.365,0.26,0.365,0.764,0.556,0.573,0.365,0.208,,,,0.246,0.222,0.211,0.199,0.269,0.281,0.082,0.012,0.316,0.34,0.34,0.328,0.328,0.152,0.304,0.304,0.304,0.281,0.281,0.281,0.047,0.281,0.351,0.281,0.199,0.351,0.281,0.281,0.281,,,2.3,2.5,2.4,2.5,2.6,1.3,2.8,3.1,2.3,2.6,2.2,1.9,2.1,1.9,2.5,2.3,0.8,2.7,1.1,2.3,2.5,1.7,2,2.5,2.3,2.5,2.4,2.2,,,,0.399,0.365,0.59,0.208,0.399,0.417,0.677,0.625,0.608,0.156,0.521,0.538,0.642,0.816,0.747,0.59,0.6,0.8,0.9,0.7,0.6,0.6,0.7,0.4,0.5,0.6,0.5,0.7,,,,,,,,,,,,,,,,,,,,,,,,,,,,,,,,,,,,,,,,,,,,,,,,,,,,,,,,,,,,,,,,,
,Dinajpur,Feburary,10,0.191,0.226,0.226,0.208,0.191,0.191,0.208,0.017,0.017,0.035,0.035,0.278,0.26,0.208,0.278,0.278,0.208,0.122,0.313,0.26,0.243,0.087,0.156,0.556,0.33,0.33,0.122,0.104,,,,0.082,0.07,0.07,0.047,0.152,0.129,0.023,0.012,0.152,0.187,0.164,0.141,0.152,0.035,0.164,0.176,0.176,0.141,0.141,0.141,0.047,0.141,0.246,0.141,0.152,0.246,0.141,0.141,0.141,,,1.5,1.3,1.3,1.8,1.4,0.4,1.5,1.9,1.4,1.9,1.6,1.3,1.1,1,1.2,1.1,1.3,1.4,0,1.9,1.3,0.7,1.3,1.5,1.2,1.4,1.3,1.1,,,,0.33,0.33,0.399,0.191,0.278,0.59,0.451,0.521,0.538,0.174,0.59,0.434,0.417,0.59,0.503,0.451,0.3,0.5,0.5,0.5,0.5,0.5,0.4,0.4,0.2,0.4,0.3,0.5,,,,,,,,,,,,,,,,,,,,,,,,,,,,,,,,,,,,,,,,,,,,,,,,,,,,,,,,,,,,,,,,,
,Dinajpur,Feburary,11,0.017,0.017,0.017,0.017,0.017,0.017,0.017,0.017,0.017,0.017,0.017,0.104,0.104,0.052,0.069,0.069,0.052,0.087,0.069,0.087,0.069,0.017,0.087,0.278,0.087,0.087,0.017,0.017,,,,0.012,0.012,0.012,0.012,0.035,0.012,0.012,0.012,0.012,0.059,0.047,0.047,0.035,0.012,0.047,0.035,0.035,0.035,0.035,0.035,0.023,0.035,0.047,0.035,0.035,0.047,0.035,0.035,0.035,,,0.4,0.3,0.1,0.8,0.9,0,0.7,0.9,0.5,0.3,0.1,0.2,0,0.1,0.2,0.2,0.2,0.4,0,0.4,0.3,0,0.2,0.4,0.3,0.4,0.3,0.2,,,,0.208,0.191,0.052,0.104,0.035,0.052,0.313,0.347,0.33,0.017,0.313,0.33,0.313,0.33,0.226,0.278,0.3,0.3,0.3,0.2,0.3,0.3,0.3,0.3,0.1,0.2,0.2,0.5,,,,,,,,,,,,,,,,,,,,,,,,,,,,,,,,,,,,,,,,,,,,,,,,,,,,,,,,,,,,,,,,,
,Dinajpur,Feburary,12,0.017,0.017,0.017,0.017,0.017,0.017,0.017,0.017,0.017,0.017,0.017,0.017,0.017,0.017,0.017,0.017,0.017,0.017,0.017,0.017,0.017,0.017,0.017,0.017,0.017,0.017,0.017,0.017,,,,0.012,0.012,0.012,0.012,0.012,0.012,0.012,0.012,0.012,0.012,0.012,0.012,0.012,0.012,0.012,0.012,0.012,0.012,0.012,0.012,0.012,0.012,0.012,0.012,0.012,0.012,0.012,0.012,0.012,,,0,0,0,0,0,0,0,0,0,0,0,0,0,0,0,0,0.1,0,0,0,0,0,0,0,0,0,0,0,,,,0.052,0.017,0.017,0.017,0.017,0.017,0.087,0.139,0.122,0.017,0.122,0.139,0.122,0.139,0.122,0.139,0.1,0.1,0.1,0.1,0.1,0.1,0.1,0.1,0,0.1,0.1,0.1,,,,,,,,,,,,,,,,,,,,,,,,,,,,,,,,,,,,,,,,,,,,,,,,,,,,,,,,,,,,,,,,,
,Dinajpur,Feburary,13,0.017,0.017,0.017,0.017,0.017,0.017,0.017,0.017,0.017,0.017,0.017,0.017,0.017,0.017,0.017,0.017,0.017,0.017,0.017,0.017,0.017,0.017,0.017,0.017,0.017,0.017,0.017,0.017,,,,0.012,0.012,0.012,0.012,0.012,0.012,0.012,0.012,0.012,0.012,0.012,0.012,0.012,0.012,0.012,0.012,0.012,0.012,0.012,0.012,0.012,0.012,0.012,0.012,0.012,0.012,0.012,0.012,0.012,,,0,0,0,0,0,,0,0,0,0,0,0,0,0,0,0,0,0,0,0,0,0,0,0,0,0,0,0,,,,0.017,0.017,0.017,0.017,0.017,0.017,0.017,0.017,0.017,0.017,0.017,0.017,0.017,0.017,0.017,0.017,0,0,0,0,0,0,0,0,0,0,0,0,,,,,,,,,,,,,,,,,,,,,,,,,,,,,,,,,,,,,,,,,,,,,,,,,,,,,,,,,,,,,,,,,
,,,Total,3.385,4.358,4.149,4.219,3.941,3.733,3.958,1.788,0.399,4.809,5.417,5.521,4.74,4.288,4.809,3.75,2.726,4.792,4.965,4.792,4.497,3.941,4.271,6.424,5.503,5.174,1.319,1.615,,,,3.782,3.571,3.63,3.677,2.576,2.576,1.862,0.41,3.126,3.407,3.653,3.7,3.454,3.091,3.314,3.314,4.461,3.197,3.197,3.197,1.78,3.197,3.115,3.197,3.009,3.126,3.267,3.197,3.197,,,17.3,18.1,21.4,24.5,26.3,19.4,23.1,26.1,23.9,22.9,20,19.8,19.4,18.8,24,20.7,19.5,22.8,13.1,20.4,23.1,25.5,22.8,22.7,20,23.9,22.9,22.1,0,0,0,3.403,2.101,3.229,2.813,3.299,1.927,5.156,5.625,5.226,1.753,5.434,4.965,5.017,5.747,5.313,4.948,4.896,5.503,5.729,4.462,4.375,5.052,5.035,3.09,4.253,4.809,4.236,5.156,0,0,0,,,,,,,,,,,,,,,,,,,,,,,,,,,,,,,,,,,,,,,,,,,,,,,,,,,,,,,,,,,,,,
,Dinajpur,March,0,,,,,,,,,,,,,,,,,,,,,,,,,,,,,,,,0.082,0.023,0.012,0.012,0.012,0.012,0.012,0.012,0.012,0.012,0.012,0.012,0.012,0.012,0.012,0.012,0.012,0.012,0.012,0.012,0.012,0.012,0.012,0.07,0.012,0.105,0.012,0.012,0.129,0.012,0.012,0,0,0,0,0,0,0,0,0,0,0,0,0,0,0,0,0,0,0,0,0,0,0,0,0,0,0,0,0,0,0,0,0,0,0,0,0,0,0,0,0,0,0,0,0,0,0,0,0,0,0,0,0,0,0,0,0,0,0,0,0,0,,,,,,,,,,,,,,,,,,,,,,,,,,,,,,,,,,,,,,,,,,,,,,,,,,,,,,,,,,,,,,
,Dinajpur,March,1,,,,,,,,,,,,,,,,,,,,,,,,,,,,,,,,2.6,3.3,4.5,0.012,0.012,0.012,0.012,0.012,0.012,0.012,0.047,0.012,0.035,0.059,0.059,0.07,0.047,0.082,0.082,0.07,0.07,0.012,0.023,0.176,0.023,0.246,0.082,0.105,0.316,0.129,0.141,0,0,0,0,0,0,0,0,0,0,0,0,0,0,0,0,0,0.2,0,0,0,0.4,0.2,0.9,0.3,0.4,0.5,0.6,0,0,0.1,0.017,0.017,0.017,0.017,0.017,0.017,0.017,0.017,0.017,0.017,0.017,0.017,0.017,0.017,0.017,0.017,0,0,0,0,0,0,0,0,0,0,0,0,0,0,0,,,,,,,,,,,,,,,,,,,,,,,,,,,,,,,,,,,,,,,,,,,,,,,,,,,,,,,,,,,,,,
,Dinajpur,March,2,,,,,,,,,,,,,,,,,,,,,,,,,,,,,,,,0.363,0.234,0.023,0.105,0.117,0.035,0.012,0.012,0.117,0.07,0.141,0.117,0.117,0.152,0.152,0.176,0.152,0.152,0.164,0.199,0.129,0.129,0.129,0.258,0.094,0.398,0.234,0.246,0.468,0.293,0.293,0.4,1.5,1.4,1.8,0.6,0,0.6,0.7,0.2,1.4,0.8,1,0.9,0.8,0.9,1,0.9,1.3,1.2,0.6,1.2,1.2,1.3,1.3,1.4,1.5,1.5,1.6,0.8,0.4,0.9,0.139,0.069,0.052,0.052,0.069,0.087,0.069,0.069,0.017,0.174,0.087,0.104,0.087,0.104,0.087,0.087,0.1,0.1,0.1,0.1,0.1,0.1,0.1,0,0,0.1,0.1,0,0,0,0,,,,,,,,,,,,,,,,,,,,,,,,,,,,,,,,,,,,,,,,,,,,,,,,,,,,,,,,,,,,,,
,Dinajpur,March,3,,,,,,,,,,,,,,,,,,,,,,,,,,,,,,,,0.398,0.422,0.129,0.234,0.234,0.105,0.047,0.047,0.445,0.129,0.375,0.304,0.281,0.34,0.468,0.258,0.328,0.363,0.457,0.328,0.258,0.433,0.457,0.34,0.398,0.539,0.41,0.457,0.644,0.504,0.55,1.9,2.2,2.4,2.6,1.9,0.4,1.3,2,1.5,0.9,2,2.1,2.4,2.2,2,2.2,2.1,2.2,2.2,1.7,2.3,2.3,2.2,2,2.4,2.5,2.5,2.3,1.5,1.9,0.7,0.208,0.191,0.208,0.226,0.208,0.243,0.226,0.243,0.087,0.26,0.295,0.313,0.295,0.313,0.382,0.365,0.3,0.4,0.2,0.2,0.2,0.2,0.2,0.2,0.2,0.3,0.3,0.1,0.1,0.1,0,,,,,,,,,,,,,,,,,,,,,,,,,,,,,,,,,,,,,,,,,,,,,,,,,,,,,,,,,,,,,,
,Dinajpur,March,4,,,,,,,,,,,,,,,,,,,,,,,,,,,,,,,,0.468,0.492,0.234,0.246,0.187,0.141,0.117,0.117,0.55,0.433,0.433,0.422,0.422,0.574,0.539,0.492,0.457,0.515,0.515,0.621,0.539,0.667,0.738,0.422,0.574,0.632,0.527,0.574,0.667,0.597,0.621,2.7,2.9,3.3,3.4,2.6,1,2,2.7,1.7,1.3,2.8,2.9,2,2.9,2.7,3,2.9,2.9,2.7,2.2,2.9,3,3.2,1.8,2.9,2.7,3,2.8,2,2.3,1.1,0.556,0.451,0.434,0.451,0.434,0.451,0.451,0.486,0.226,0.434,0.451,0.417,0.486,0.503,0.486,0.469,0.5,0.5,0.4,0.4,0.3,0.3,0.4,0.4,0.4,0.5,0.2,0.2,0.1,0.2,0.1,,,,,,,,,,,,,,,,,,,,,,,,,,,,,,,,,,,,,,,,,,,,,,,,,,,,,,,,,,,,,,
,Dinajpur,March,5,,,,,,,,,,,,,,,,,,,,,,,,,,,,,,,,0.539,0.498,0.433,0.293,0.07,0.222,0.211,0.48,0.632,0.539,0.539,0.527,0.539,0.621,0.703,0.433,0.574,0.597,0.597,0.621,0.574,0.703,0.703,0.222,0.609,0.691,0.644,0.667,0.703,0.691,0.656,3.3,3.5,3.8,4,3.1,1.5,2.6,3.1,2.6,1,3.3,3.4,2.4,3.1,3,3.5,3.3,3.7,3.3,2.9,3.6,3.7,3.6,2.6,3.6,3.8,3.7,3.4,2.3,2.7,1.1,0.677,0.625,0.59,0.625,0.608,0.59,0.608,0.677,0.469,0.66,0.642,0.66,0.608,0.59,0.608,0.538,0.6,0.6,0.5,0.5,0.4,0.5,0.5,0.6,0.5,0.5,0.5,0.3,0.2,0.2,0.1,,,,,,,,,,,,,,,,,,,,,,,,,,,,,,,,,,,,,,,,,,,,,,,,,,,,,,,,,,,,,,
,Dinajpur,March,6,,,,,,,,,,,,,,,,,,,,,,,,,,,,,,,,0.562,0.445,0.492,0.304,0.539,0.269,0.445,0.304,0.667,0.609,0.621,0.609,0.047,0.714,0.621,0.609,0.609,0.609,0.621,0.597,0.656,0.703,0.691,0.246,0.679,0.667,0.691,0.691,0.679,0.714,0.703,3.5,4,4.3,4.5,3.6,2,3.8,3.7,3,1.7,3.8,3.7,3,4,4,4.1,3.9,4,4,4.1,4.2,4.1,4,3.7,4.1,4.6,4,3.8,2.8,3.1,1.2,0.799,0.799,0.747,0.764,0.781,0.747,0.764,0.712,0.642,0.781,0.764,0.781,0.694,0.677,0.694,0.712,0.7,0.8,0.7,0.7,0.5,0.5,0.6,0.7,0.6,0.7,0.7,0.6,0.3,0.3,0.2,,,,,,,,,,,,,,,,,,,,,,,,,,,,,,,,,,,,,,,,,,,,,,,,,,,,,,,,,,,,,,
,Dinajpur,March,7,,,,,,,,,,,,,,,,,,,,,,,,,,,,,,,,0.457,0.363,0.495,0.304,0.562,0.316,0.199,0.539,0.644,0.644,0.632,0.632,0.597,0.738,0.539,0.597,0.691,0.539,0.609,0.585,0.585,0.621,0.679,0.187,0.656,0.632,0.679,0.679,0.644,0.656,0.621,4.2,4.4,4.6,4.7,4.2,2.7,4.2,3.9,3.3,1.4,3.6,3.8,1.8,3.5,4.3,4,4.6,4.4,4.3,4.4,4.4,4.4,3.8,3.4,4.4,4.7,4.7,4.4,3,3.4,1.3,0.885,0.868,0.781,0.799,0.833,0.868,0.851,0.816,0.781,0.851,0.92,0.938,0.781,0.851,0.851,0.712,0.8,0.8,0.7,0.8,0.6,0.7,0.7,0.8,0.7,0.8,0.7,0.5,0.2,0.4,0.2,,,,,,,,,,,,,,,,,,,,,,,,,,,,,,,,,,,,,,,,,,,,,,,,,,,,,,,,,,,,,,
,Dinajpur,March,8,,,,,,,,,,,,,,,,,,,,,,,,,,,,,,,,0.304,0.234,0.445,0.386,0.433,0.363,0.082,0.679,0.597,0.656,0.445,0.433,1.042,0.567,0.55,0.48,0.55,0.515,0.468,0.492,0.457,0.539,0.55,0.375,0.492,0.504,0.621,0.632,0.527,0.585,0.632,4.4,4.7,3.8,3.6,3.1,2.5,2.8,3,2.8,1,3.3,3.4,0,2.9,2.7,3.2,3.4,3.3,3.9,3.4,3.5,3.4,3.3,2.8,3.4,3.6,3.4,3.6,2.6,2.6,1.8,0.92,0.903,0.851,0.851,0.938,0.851,0.868,0.851,0.868,0.851,0.868,0.868,0.816,0.816,0.885,0.816,0.8,0.9,0.9,0.7,0.7,0.6,0.6,0.8,0.8,0.8,0.8,0.3,0.3,0.4,0.2,,,,,,,,,,,,,,,,,,,,,,,,,,,,,,,,,,,,,,,,,,,,,,,,,,,,,,,,,,,,,,
,Dinajpur,March,9,,,,,,,,,,,,,,,,,,,,,,,,,,,,,,,,0.129,0.129,0.363,0.328,0.293,0.433,0.012,0.164,0.422,0.609,0.422,0.246,0.375,0.386,0.433,0.363,0.41,0.316,0.445,0.398,0.258,0.468,0.515,0.258,0.41,0.269,0.515,0.562,0.281,0.527,0.527,2.7,2.3,2.8,2.4,2.6,2.3,2.5,2.4,2,1.4,2.3,2.1,0.5,2.2,2.7,2.6,2.2,2.3,2,2.6,2.5,2.5,2.3,2.5,2.8,2.8,2.7,2.3,1.5,0.8,1.5,0.851,0.816,0.799,0.781,0.799,0.781,0.816,0.712,0.868,0.712,0.729,0.747,0.712,0.729,0.851,0.712,0.7,0.6,0.8,0.8,0.6,0.7,0.7,0.8,0.8,0.8,0.7,0.4,0.4,0.5,0.3,,,,,,,,,,,,,,,,,,,,,,,,,,,,,,,,,,,,,,,,,,,,,,,,,,,,,,,,,,,,,,
,Dinajpur,March,10,,,,,,,,,,,,,,,,,,,,,,,,,,,,,,,,0.035,0.035,0.234,0.023,0.059,0.222,0.176,0.164,0.269,0.445,0.211,0.129,0.152,0.293,0.269,0.176,0.246,0.258,0.211,0.246,0.094,0.246,0.293,0.023,0.246,0.129,0.222,0.258,0.152,0.269,0.293,1.6,1.7,2.1,2,1.5,1.5,1.3,1.3,1,0.4,1.2,1.4,0,1.3,1.9,1.8,1.9,1.7,1.2,1.6,1.2,1.9,1.6,1.1,1.6,1.9,1.9,1.8,1,1,1,0.521,0.521,0.503,0.503,0.625,0.503,0.538,0.503,0.747,0.538,0.486,0.469,0.538,0.451,0.486,0.469,0.5,0.5,0.5,0.5,0.4,0.4,0.4,0.6,0.6,0.6,0.5,0.3,0.3,0.4,0.4,,,,,,,,,,,,,,,,,,,,,,,,,,,,,,,,,,,,,,,,,,,,,,,,,,,,,,,,,,,,,,
,Dinajpur,March,11,,,,,,,,,,,,,,,,,,,,,,,,,,,,,,,,0.012,0.012,0.129,0.012,0.012,0.082,0.047,0.094,0.105,0.269,0.07,0.035,0.059,0.059,0.07,0.047,0.07,0.094,0.105,0.129,0.023,0.129,0.117,0.012,0.105,0.012,0.117,0.105,0.012,0.152,0.129,0.7,0.5,0.7,0.6,0.4,0.1,0.2,0.2,0.9,0,0,0.9,0,0.2,0.6,0.6,0.5,0.4,0.8,0.6,0.7,0.7,0.8,0.6,0.7,0.8,0.9,0.7,0.4,0.6,0.1,0.486,0.469,0.451,0.469,0.451,0.469,0.451,0.365,0.521,0.33,0.313,0.295,0.278,0.295,0.365,0.347,0.4,0.4,0.4,0.3,0.1,0.3,0.2,0.3,0.3,0.3,0.2,0.2,0.2,0.2,0.2,,,,,,,,,,,,,,,,,,,,,,,,,,,,,,,,,,,,,,,,,,,,,,,,,,,,,,,,,,,,,,
,Dinajpur,March,12,,,,,,,,,,,,,,,,,,,,,,,,,,,,,,,,0.012,0.012,0.035,0.012,0.012,0.012,0.012,0.012,0.012,0.117,0.012,0.012,0.012,0.012,0.012,0.012,0.012,0.012,0.012,0.012,0.012,0.012,0.012,0.012,0.012,0.012,0.012,0.012,0.012,0.012,0.012,0,0,0,0,0,0,0,0,0,0,0,0,0,0,0,0,0,0,0.4,0,0.1,0,0,0,0.1,0.1,0.2,0,0,0,0,0.104,0.104,0.139,0.139,0.122,0.122,0.122,0.104,0.313,0.122,0.139,0.139,0.139,0.122,0.122,0.104,0.1,0.1,0.1,0.1,0.1,0.1,0.1,0.1,0.1,0.1,0.1,0.1,0.1,0,0,,,,,,,,,,,,,,,,,,,,,,,,,,,,,,,,,,,,,,,,,,,,,,,,,,,,,,,,,,,,,,
,Dinajpur,March,13,,,,,,,,,,,,,,,,,,,,,,,,,,,,,,,,0.012,0.012,0.012,0.012,0.012,0.012,0.012,0.012,0.012,0.012,0.012,0.012,0.012,0.012,0.012,0.012,0.012,0.012,0.012,0.012,0.012,0.012,0.012,0.012,0.012,0.012,0.012,0.012,0.012,0.012,0.012,0,0,0,0,0,,0,0,0,0,0,0,0,0,0,0,0,0,0,0,0,0,0,0,0,0,0,0,0,0,0,0.017,0.017,0.017,0.017,0.017,0.017,0.017,0.017,0.104,0.017,0.017,0.017,0.017,0.017,0.017,0.017,0,0,0,0,0,0,0,0,0,0,0,0,0,0,0,,,,,,,,,,,,,,,,,,,,,,,,,,,,,,,,,,,,,,,,,,,,,,,,,,,,,,,,,,,,,,
,Dinajpur,,Total,,,,,,,,,,,,,,,,,,,,,,,,,,,,,,,,5.972,6.21,7.536,2.283,2.553,2.237,1.393,2.646,4.496,4.555,3.97,3.501,3.7,4.536,4.438,3.735,4.169,4.075,4.309,4.321,3.677,4.684,4.93,2.611,4.321,4.848,4.778,5.012,5.246,5.152,5.199,25.4,27.7,29.2,29.6,23.6,14,21.3,23,19,10.5,23.1,24.7,13,23.1,24.8,26,25.7,26.4,26,24.1,26.6,27.6,26.3,22.7,27.7,29.4,29,27.3,17.9,18.8,10.8,6.181,5.851,5.59,5.694,5.903,5.747,5.799,5.573,5.66,5.747,5.729,5.764,5.469,5.486,5.851,5.365,5.486,5.521,5.382,5.104,3.906,4.462,4.497,5.243,5.052,5.573,4.844,3.003,2.222,2.691,1.875,,,,,,,,,,,,,,,,,,,,,,,,,,,,,,,,,,,,,,,,,,,,,,,,,,,,,,,,,,,,,,
,Dinajpur,April,0,0.017,0.017,0.017,0.017,0.017,0.017,0.017,0.017,0.017,0.017,0.017,0.017,0.017,0.017,0.017,0.017,0.017,0.017,0.017,0.017,0.017,0.017,0.017,0.017,0.017,0.017,0.017,0.017,0.017,0.017,,0.012,0.012,0.082,0.012,0.012,0.012,0.012,0.012,0.012,0.012,0.012,0.012,0.012,0.012,0.012,0.012,0.012,0.012,0.012,0.012,0.012,0.012,0.012,0.012,0.012,0.012,0.012,0.012,0.023,0.012,,0,0,0,0,0,0,0,0,0,0,0,0,0,0,0,0,0,0,0,0,0,0,0,0,0,0,0,0,0,0,,,,,,,,,,,,,,,,,,,,,,,,,,,,,,,,,,,,,,,,,,,,,,,,,,,,,,,,,,,,,,,,,,,,,,,,,,,,,,,,,,,,,,,,,,,,,,
,Dinajpur,April,1,0.017,0.017,0.139,0.017,0.104,0.035,0.017,0.017,0.017,0.295,0.017,0.26,0.226,0.017,0.017,0.017,0.017,0.191,0.156,0.191,0.156,0.191,0.191,0.191,0.208,0.191,0.191,0.191,0.017,0.017,,0.082,0.082,0.258,0.07,0.07,0.07,0.129,0.07,0.047,0.117,0.105,0.105,0.082,0.07,0.094,0.094,0.094,0.059,0.141,0.035,0.023,0.023,0.047,0.129,0.117,0.059,0.035,0.035,0.176,0.141,,0,0,0,0,0.4,0,0.3,0,0,0,0,0.6,0,0.2,1,0.3,0,0,0,0,0,0.6,1.2,1.2,1.4,0.8,0.6,0.6,0.7,0.8,,0.017,0.017,0.017,0.017,0.017,0.017,0.017,0.017,0.017,0.017,0.017,0.017,0.017,0.017,0.052,0.017,0,0,0,0,0,0,0,0,0,0,0,0.02,0,0,,,,,,,,,,,,,,,,,,,,,,,,,,,,,,,,,,,,,,,,,,,,,,,,,,,,,,,,,,,,,,,
,Dinajpur,April,2,0.017,0.017,0.33,0.208,0.226,0.226,0.156,0.33,0.017,0.347,0.278,0.469,0.451,0.017,0.122,0.365,0.365,0.365,0.278,0.486,0.417,0.399,0.399,0.417,0.451,0.33,0.365,0.382,0.226,0.33,,0.246,0.269,0.386,0.269,0.258,0.269,0.269,0.199,0.176,0.187,0.141,0.152,0.176,0.187,0.187,0.129,0.117,0.117,0.152,0.129,0.012,0.129,0.129,0.152,0.164,0.164,0.164,0.129,0.304,0.304,,0,0,1,1.2,1.4,1.2,1.4,0.5,0.8,0.2,1.8,2.4,2.3,2.4,2.3,2.4,1.3,1.5,1.2,1,1.1,1.1,3,2.5,2.7,1.6,1.4,1.5,1.6,2,,0.069,0.017,0.017,0.017,0.069,0.087,0.017,0.017,0.122,0.017,0.017,0.017,0.017,0.017,0.295,0.104,0.1,0.1,0,0,0.1,0,0,0.2,0.2,0.1,0.1,0.026,0.1,0,,,,,,,,,,,,,,,,,,,,,,,,,,,,,,,,,,,,,,,,,,,,,,,,,,,,,,,,,,,,,,,
,Dinajpur,April,3,0.017,0.156,0.625,0.503,0.451,0.503,0.781,0.799,0.017,0.764,0.33,0.729,0.747,0.729,0.278,0.729,0.816,0.694,0.66,0.712,0.66,0.694,0.677,0.59,0.642,0.191,0.66,0.208,0.434,0.729,,0.316,0.398,0.468,0.363,0.234,0.422,0.48,0.386,0.504,0.504,0.41,0.363,0.258,0.386,0.504,0.117,0.152,0.246,0.468,0.433,0.07,0.504,0.269,0.304,0.164,0.164,0.48,0.141,0.234,0.515,,0.5,1.6,2.4,2.4,2.2,2.1,2,0.7,1.8,2.5,2.7,3.5,3,2.6,2.4,1.7,3.5,3.8,3.7,3.5,1.3,1.4,4.3,3.5,3.5,3,2.9,2.8,3.1,3.2,,0.208,0.087,0.226,0.069,0.226,0.069,0.017,0.087,0.191,0.087,0.069,0.017,0.104,0.087,0.382,0.434,0.4,0.3,0.2,0,0.3,0.1,0.1,0.5,0.4,0.2,0.4,0.087,0.3,0.2,,,,,,,,,,,,,,,,,,,,,,,,,,,,,,,,,,,,,,,,,,,,,,,,,,,,,,,,,,,,,,,
,Dinajpur,April,4,0.226,0.399,0.799,0.694,0.625,0.712,0.573,0.451,0.017,0.851,0.642,0.868,0.781,0.92,0.382,0.764,1.024,0.851,0.868,0.903,0.833,0.816,0.799,0.851,0.833,0.33,0.799,0.069,0.399,0.59,,0.515,0.48,0.621,0.515,0.515,0.574,0.562,0.187,0.574,0.562,0.55,0.574,0.304,0.597,0.492,0.152,0.222,0.34,0.597,0.363,0.094,0.621,0.55,0.515,0.047,0.047,0.457,0.047,0.539,0.621,,1.3,2.9,2.8,2.8,2.7,2.6,2.5,0.4,2.8,3.5,4,4.4,4.1,3.6,2,2.4,4,4.4,4.5,4.6,4,2,5.1,4.5,4.5,4,3.9,3.7,3.9,3.8,,0.295,0.226,0.313,0.278,0.469,0.052,0.104,0.174,0.226,0.208,0.174,0.139,0.191,0.208,0.694,0.66,0.6,0.5,0.7,0,0.6,0.2,0.4,0.7,0.7,0.3,0.6,0.117,0.4,0.2,,,,,,,,,,,,,,,,,,,,,,,,,,,,,,,,,,,,,,,,,,,,,,,,,,,,,,,,,,,,,,,
,Dinajpur,April,5,0.469,0.33,0.955,0.469,0.625,0.625,0.417,0.104,0.99,1.007,0.868,0.99,0.885,1.024,0.521,0.885,0.99,0.903,0.955,1.007,0.972,0.938,0.885,0.903,0.868,0.365,0.573,0.382,1.128,1.024,,0.621,0.621,0.644,0.644,0.574,0.656,0.667,0.34,0.667,0.644,0.632,0.527,0.48,0.644,0.527,0.48,0.515,0.316,0.656,0.632,0.539,0.152,0.644,0.621,0.152,0.152,0.597,0.585,0.785,0.703,,3.3,3.6,3.7,3.4,3.3,3.2,3.2,0.2,4,4.2,4.7,4.9,4.5,4.2,1.5,3.7,5,5.6,5.5,5.1,4.8,2.3,5.6,5,5.1,4.5,4.3,4.1,4.4,4.5,,0.451,0.399,0.469,0.521,0.573,0.677,0.017,0.191,0.347,0.243,0.226,0.104,0.208,0.399,0.816,0.851,0.6,0.7,0.8,0.2,0.8,0,0.4,0.8,0.9,0.9,0.4,0.093,0.3,0.3,,,,,,,,,,,,,,,,,,,,,,,,,,,,,,,,,,,,,,,,,,,,,,,,,,,,,,,,,,,,,,,
,Dinajpur,April,6,0.59,0.278,1.024,0.642,0.938,0.538,0.625,1.007,1.094,1.059,0.972,1.076,0.938,1.024,0.59,0.92,0.99,1.059,1.076,0.365,1.024,0.99,0.99,0.955,1.024,0.469,0.556,0.538,0.538,0.59,,0.667,0.644,0.574,0.644,0.621,0.726,0.679,0.304,0.703,0.644,0.644,0.351,0.82,0.667,0.621,0.644,0.656,0.34,0.703,0.644,0.363,0.714,0.351,0.386,0.34,0.34,0.585,0.422,0.492,0.773,,4,3.9,3.9,3.7,3.5,3.4,3.4,0.5,4.4,4.7,5.2,5.5,5,4.6,2.1,4,5.3,5.4,5.8,5.6,5.4,3.7,5.7,5.3,5.4,4.9,4.7,5,5.1,4.8,,0.538,0.538,0.417,0.712,1.007,0.885,0.347,0.208,0.451,0.226,0.59,0.122,0.538,0.781,0.885,0.903,0.7,0.9,0.9,0.6,1,0.2,0.5,1,1,0.4,0.6,0.117,0.3,0.4,,,,,,,,,,,,,,,,,,,,,,,,,,,,,,,,,,,,,,,,,,,,,,,,,,,,,,,,,,,,,,,
,Dinajpur,April,7,0.764,0.469,0.938,0.295,1.007,0.226,0.781,0.851,0.451,1.215,1.059,1.181,0.104,0.972,0.365,0.851,1.024,1.128,1.163,0.99,1.146,1.094,0.903,0.885,0.955,0.521,0.642,0.382,0.92,0.469,,0.632,0.269,0.433,0.621,0.562,0.703,0.621,0.363,0.656,0.656,0.621,0.574,0.585,0.632,0.609,0.656,0.679,0.375,0.656,0.48,0.141,0.351,0.738,0.714,0.281,0.281,0.281,0.82,0.738,0.738,,4.4,4.6,4.7,4,3.9,3.7,3.7,2.7,3.2,4.9,5.1,4,3.8,3.1,3.5,4.1,4.7,5,5.6,5,4.5,2.8,6.3,6.1,5.7,5.6,5.7,5.3,5,5.1,,0.573,0.538,0.469,0.99,1.042,0.903,0.677,0.139,0.642,0.139,0.712,0.434,0.781,0.417,0.99,0.99,1.1,1,0.9,0.8,1,0.3,0.6,1.1,1.1,0.5,1,0.198,0.4,0.6,,,,,,,,,,,,,,,,,,,,,,,,,,,,,,,,,,,,,,,,,,,,,,,,,,,,,,,,,,,,,,,
,Dinajpur,April,8,0.521,0.59,0.851,0.399,0.556,0.052,0.868,0.712,0.208,0.885,1.198,0.938,0.035,0.868,0.417,0.712,0.642,0.851,0.92,1.024,0.903,0.747,0.851,0.573,0.851,0.365,0.521,0.538,0.955,0.399,,0.585,0.574,0.34,0.515,0.48,0.375,0.55,0.422,0.597,0.597,0.574,0.527,0.187,0.515,0.281,0.34,0.515,0.316,0.539,0.222,0.258,0.269,0.316,0.375,0.07,0.07,0.129,0.187,0.679,0.621,,4.7,4.8,4.9,3.7,3.4,3.2,1.7,2.8,3.5,3.6,4.1,3.6,3.3,4.8,3.1,3.5,4.2,4.4,4.7,4.6,2.8,2.3,3.4,6.6,4.3,4.9,3.9,4.1,4.5,4.7,,0.625,0.608,0.434,0.972,0.903,0.92,0.799,0.278,0.66,0.295,0.764,0.781,0.486,0.781,0.92,0.938,1,0.8,1,0.7,1,0.3,1,1.2,1.1,1,0.5,0.105,0.5,0.5,,,,,,,,,,,,,,,,,,,,,,,,,,,,,,,,,,,,,,,,,,,,,,,,,,,,,,,,,,,,,,,
,Dinajpur,April,9,0.625,0.503,0.573,0.26,0.26,0.017,0.677,0.625,0.017,0.747,0.99,0.712,0.052,0.451,0.573,0.434,0.365,0.694,0.625,0.677,0.66,0.556,0.347,0.486,0.382,0.486,0.608,0.677,0.608,0.382,,0.41,0.41,0.222,0.363,0.363,0.433,0.41,0.34,0.48,0.504,0.457,0.445,0.48,0.492,0.304,0.445,0.492,0.222,0.48,0.375,0.059,0.211,0.164,0.433,0.012,0.012,0.41,0.422,0.504,0.457,,2.5,2.5,2.5,2.5,2.3,2,1.9,2.3,2.7,2.8,3.5,2.7,2.8,2.8,2,2.6,3.1,3.3,3.7,3.6,1.9,3.2,2.7,4,3.4,1.3,2.6,2.9,2.9,2.7,,0.608,0.365,0.486,0.729,0.851,0.747,0.885,0.365,0.764,0.191,0.33,0.694,0.399,0.694,0.851,0.833,0.9,0.8,1,0.7,0.7,0.3,0.8,0.8,0.7,0.9,0.8,0.159,0.9,0.7,,,,,,,,,,,,,,,,,,,,,,,,,,,,,,,,,,,,,,,,,,,,,,,,,,,,,,,,,,,,,,,
,Dinajpur,April,10,0.33,0.347,0.313,0.243,0.191,0.017,0.243,0.417,0.313,0.399,0.66,0.399,0.451,0.417,0.156,0.174,0.208,0.451,0.434,0.434,0.451,0.434,0.434,0.33,0.451,0.347,0.243,0.347,0.417,0.33,,0.222,0.246,0.082,0.269,0.211,0.293,0.258,0.211,0.258,0.246,0.269,0.246,0.246,0.234,0.222,0.246,0.258,0.141,0.258,0.234,0.012,0.176,0.234,0.222,0.222,0.222,0.351,0.328,0.082,0.059,,2.1,2,2.1,1.7,1.8,1.6,1.2,1.1,1.2,1.3,2.7,2.8,1.8,1.8,1.2,1.4,1.5,2,2.9,3.2,1.8,1.2,1,3.2,2,1.9,1.8,1.9,1.8,1.7,,0.382,0.295,0.347,0.573,0.59,0.33,0.642,0.503,0.399,0.017,0.365,0.469,0.313,0.486,0.66,7.517,0.6,0.6,0.6,0.6,0.6,0.3,0.7,0.7,0.7,0.4,0.6,0.123,0.5,0.3,,,,,,,,,,,,,,,,,,,,,,,,,,,,,,,,,,,,,,,,,,,,,,,,,,,,,,,,,,,,,,,
,Dinajpur,April,11,0.208,0.191,0.017,0.122,0.087,0.017,0.087,0.052,0.226,0.191,0.469,0.191,0.191,0.156,0.139,0.156,0.156,0.139,0.156,0.174,0.191,0.191,0.174,0.156,0.139,0.104,0.017,0.226,0.191,0.191,,0.082,0.082,0.012,0.094,0.082,0.141,0.117,0.07,0.082,0.082,0.059,0.035,0.117,0.094,0.082,0.105,0.07,0.047,0.105,0.082,0.012,0.07,0.105,0.059,0.105,0.105,0.082,0.117,0.012,0.012,,1,1,1.2,1,1.1,1,0.6,0.4,0.3,0.4,0.7,0.7,0.5,1.1,1,1.1,0.9,0.9,1,1.1,0.3,0.5,0.4,1,0.6,0.7,0.6,0.8,0.6,0.5,,0.278,0.087,0.295,0.313,0.33,0.122,0.295,0.174,0.278,0.538,0.174,0.33,0.295,0.347,0.417,0.382,0.4,0.4,0.4,0.3,0.4,0.2,0.5,0.5,0.5,0.3,0.4,0.081,0.4,0.4,,,,,,,,,,,,,,,,,,,,,,,,,,,,,,,,,,,,,,,,,,,,,,,,,,,,,,,,,,,,,,,
,Dinajpur,April,12,0.017,0.017,0.017,0.017,0.017,0.017,0.017,0.017,0.122,0.017,0.226,0.017,0.017,0.017,0.035,0.104,0.017,0.035,0.035,0.017,0.017,0.017,0.017,0.017,0.017,0.017,0.017,0.017,0.017,0.035,,0.082,0.012,0.012,0.012,0.012,0.012,0.012,0.012,0.012,0.012,0.012,0.012,0.012,0.012,0.012,0.012,0.012,0.012,0.012,0.012,0.012,0.012,0.012,0.012,0.012,0.012,0.012,0.012,0.012,0.012,,0,0,0,0,0,0,0,0,0,0,0,0,0,0,0,0,0,0,0,0,0,0,0,0,0,0,0,0,0,0,,0.087,0.017,0.104,0.122,0.122,0.017,0.208,0.052,0.156,0.521,0.052,0.104,0.087,0.139,0.156,0.191,0.2,0.2,0.1,0.1,0.2,0.1,0.2,0.3,0.2,0.1,0.1,0.026,0.1,0.1,,,,,,,,,,,,,,,,,,,,,,,,,,,,,,,,,,,,,,,,,,,,,,,,,,,,,,,,,,,,,,,
,Dinajpur,April,13,0.017,0.017,0.017,0.017,0.017,0.017,0.017,0.017,0.017,0.017,0.017,0.017,0.017,0.017,0.017,0.017,0.017,0.017,0.017,0.017,0.017,0.017,0.017,0.017,0.017,0.017,0.017,0.017,0.017,0.017,,0.012,0.012,0.012,0.012,0.012,0.012,0.012,0.012,0.012,0.012,0.012,0.012,0.012,0.012,0.012,0.012,0.012,0.012,0.012,0.012,0.012,0.012,0.012,0.012,0.012,0.012,0.012,0.012,0.012,0.012,,0,0,0,0,0,,0,0,0,0,0,0,0,0,0,0,0,0,0,0,0,0,0,0,0,0,0,0,0,0,,0.017,0.017,0.017,0.035,0.017,0.017,0.122,0.017,0.017,0.017,0.017,0.052,0.035,0.069,0.035,0.035,0.1,0.1,0,0.1,0.1,0,0,0.1,0,0,0,0.02,0,0,,,,,,,,,,,,,,,,,,,,,,,,,,,,,,,,,,,,,,,,,,,,,,,,,,,,,,,,,,,,,,,
,,,Total,3.837,3.351,6.615,3.906,5.122,3.021,5.278,5.417,3.524,7.813,7.743,7.865,4.913,6.649,3.628,6.146,6.649,7.396,7.361,7.014,7.465,7.101,6.701,6.389,6.858,3.75,5.226,3.993,5.885,5.122,,4.485,4.11,4.145,4.403,4.005,4.696,4.778,2.927,4.778,4.778,4.496,3.934,3.77,4.555,3.958,3.443,3.806,2.553,4.789,3.665,1.616,3.255,3.583,3.946,1.71,1.651,3.607,3.267,4.59,4.977,,23.8,26.9,29.2,26.4,26,24,21.9,11.6,24.7,28.1,34.5,35.1,31.1,31.2,22.1,27.2,33.5,36.3,38.6,37.3,27.9,21.1,38.7,42.9,38.6,33.2,32.4,32.7,33.6,33.8,,4.149,3.212,3.611,5.347,6.215,4.844,4.149,2.222,4.271,2.517,3.507,3.281,3.472,4.444,7.153,13.854,6.701,6.406,6.615,4.097,6.632,2.066,5.191,7.76,7.413,5.122,5.451,1.172,4.201,3.889,,,,,,,,,,,,,,,,,,,,,,,,,,,,,,,,,,,,,,,,,,,,,,,,,,,,,,,,,,,,,,,
,Dinajpur,May,0,,,,,,,,,,,,,,,,,,,,,,,,,,,,,,,,0.012,0.012,0.012,0.012,0.012,0.012,0.012,0.012,0.012,0.012,0.012,0.012,0.012,0.012,0.012,0.012,0.012,0.012,0.012,0.012,0.012,0.012,0.035,0.035,0.082,0.035,0.012,0.012,0.012,0.012,0.012,0,0,0,0,0,0,0,0,0,0,0,0,0,0,0,0,0,0.2,0.4,0.4,0.2,0,0,0.2,0,0,0,0,0.6,0.3,0.1,,,,,,,,,,,,,,,,,,,,,,,,,,,,,,,,,,,,,,,,,,,,,,,,,,,,,,,,,,,,,,,,,,,,,,,,,,,,,,,,,,,,,,,,,,,,,
,Dinajpur,May,1,,,,,,,,,,,,,,,,,,,,,,,,,,,,,,,,0.164,0.07,0.152,0.117,0.152,0.012,0.152,0.141,0.164,0.164,0.012,0.105,0.012,0.012,0.176,0.211,0.152,0.141,0.059,0.035,0.035,0.047,0.07,0.082,0.129,0.105,0.012,0.012,0.152,0.082,0.105,0.7,0,0,0.2,0,0.2,0.8,0,0.8,0.8,0,0.6,0,0,1.4,0,1.3,1.3,1.2,1.2,0.8,0.2,0.9,0.9,0,0,0,0.2,1.6,1.4,0.5,0.012,0.012,0.012,0.012,0.012,0.012,0.012,0.012,0.012,0.012,0.012,0.012,0.012,0.012,0.012,0.012,0,0,0,0,0,0,0,0,0,0,0,0,0,0,0,,,,,,,,,,,,,,,,,,,,,,,,,,,,,,,,,,,,,,,,,,,,,,,,,,,,,,,,,,,,,,
,Dinajpur,May,2,,,,,,,,,,,,,,,,,,,,,,,,,,,,,,,,0.386,0.117,0.234,0.211,0.234,0.035,0.152,0.363,0.386,0.386,0.316,0.398,0.105,0.094,0.316,0.363,0.222,0.199,0.152,0.047,0.035,0.234,0.105,0.234,0.199,0.222,0.012,0.012,0.316,0.176,0.199,0.8,0,0,0.7,0.5,0.9,1.2,0,1.4,1.2,0,1.2,0.3,0.4,2.1,0.7,2.4,2.5,2.6,2.7,0.7,0.8,2.5,2.6,0,0,1.1,1.2,3.1,2.9,1.4,0.117,0.047,0.012,0.07,0.012,0.012,0.128,0.14,0.152,0.012,0.012,0.012,0.012,0.012,0.012,0.012,0,0,0,0,0,0,0,0,0,0,0,0,0,0,0,,,,,,,,,,,,,,,,,,,,,,,,,,,,,,,,,,,,,,,,,,,,,,,,,,,,,,,,,,,,,,
,Dinajpur,May,3,,,,,,,,,,,,,,,,,,,,,,,,,,,,,,,,0.48,0.222,0.515,0.515,0.527,0.047,0.258,0.433,0.539,0.539,0.457,0.515,0.527,0.246,0.386,0.468,0.316,0.468,0.258,0.012,0.047,0.386,0.234,0.386,0.258,0.504,0.012,0.012,0.597,0.316,0.351,0.6,0.9,0.9,0,1.2,2,4,0,2.5,3.9,0,2,0.9,1.5,3.1,1.2,3.1,3.3,3.5,2,0.9,1.6,3.6,3.7,0,3.5,1,2.2,3.7,3,2.7,0.268,0.268,0.012,0.21,0.058,0.012,0.28,0.291,0.303,0.163,0.012,0.012,0.012,0.012,0.245,0.012,0,0.1,0.1,0,0,0.1,0,0.1,0.1,0,0,0.2,0.2,0.1,0,,,,,,,,,,,,,,,,,,,,,,,,,,,,,,,,,,,,,,,,,,,,,,,,,,,,,,,,,,,,,,
,Dinajpur,May,4,,,,,,,,,,,,,,,,,,,,,,,,,,,,,,,,0.609,0.386,0.293,0.574,0.597,0.152,0.363,0.433,0.656,0.656,0.632,0.609,0.574,0.585,0.504,0.574,0.585,0.632,0.246,0.023,0.07,0.55,0.597,0.609,0.597,0.609,0.012,0.012,0.667,0.386,0.012,0.5,3.2,3.2,0.3,2.5,2.3,4.7,3.4,1.6,5,0,3.7,0.3,2.5,4,1,3.2,3.5,4.5,2.3,1.2,3.5,4.5,4.6,0,4,1.4,0,6.4,5.5,1.6,0.443,0.221,0.058,0.303,0.21,0.221,0.361,0.291,0.338,0.291,0.128,0.082,0.012,0.012,0.361,0.012,0,0.1,0.2,0.1,0.1,0.2,0.1,0.2,0.3,0.2,0.4,0.4,0.5,0.3,0.2,,,,,,,,,,,,,,,,,,,,,,,,,,,,,,,,,,,,,,,,,,,,,,,,,,,,,,,,,,,,,,
,Dinajpur,May,5,,,,,,,,,,,,,,,,,,,,,,,,,,,,,,,,0.55,0.621,0.41,0.632,0.691,0.714,0.304,0.691,0.609,0.714,0.738,0.667,0.597,0.691,0.597,0.667,0.667,0.691,0.141,0.386,0.105,0.562,0.749,0.714,0.504,0.714,0.012,0.023,0.679,0.433,0.504,4,3.3,3.3,3.1,2.1,3.4,5.6,5.6,2.6,5.4,0,4.4,0,3.9,4.6,2.6,2,4.5,5,3.2,2.5,5.8,4,5,0,5.5,1.7,0,6.5,4.8,4,0.478,0.361,0.14,0.315,0.268,0.28,0.42,0.326,0.373,0.35,0.117,0.256,0.012,0.012,0.42,0.14,0.1,0,0.2,0.2,0.3,0.3,0.2,0.3,0.4,0.3,0.5,0.5,0.4,0.2,0.3,,,,,,,,,,,,,,,,,,,,,,,,,,,,,,,,,,,,,,,,,,,,,,,,,,,,,,,,,,,,,,
,Dinajpur,May,6,,,,,,,,,,,,,,,,,,,,,,,,,,,,,,,,0.504,0.773,0.258,0.55,0.749,0.632,0.574,0.855,0.527,0.761,0.749,0.527,0.504,0.738,0.691,0.679,0.656,0.808,0.176,0.398,0.094,0.609,0.621,0.749,0.574,0.41,0.082,0.035,0.738,0.504,0.492,5.5,4.9,4.9,1.2,2.6,3.8,5.7,6.2,0,5.6,1,2.5,0,4.3,5,2.3,1.8,3.4,4.7,2.7,2.9,2.9,3.5,5.7,1.2,6.5,2.4,0,2.5,0.8,5.5,0.583,0.42,0.128,0.35,0.396,0.42,0.385,0.408,0.408,0.443,0.478,0.629,0.012,0.14,0.443,0.221,0.2,0.2,0.3,0.2,0.3,0.4,0.3,0.3,0.5,0.4,0.3,0.6,0.5,0.1,0.5,,,,,,,,,,,,,,,,,,,,,,,,,,,,,,,,,,,,,,,,,,,,,,,,,,,,,,,,,,,,,,
,Dinajpur,May,7,,,,,,,,,,,,,,,,,,,,,,,,,,,,,,,,0.152,0.785,0.222,0.211,0.714,0.726,0.785,0.82,0.597,0.714,0.726,0.644,0.691,0.691,0.726,0.714,0.609,0.703,0.117,0.047,0.082,0.597,0.726,0.796,0.48,0.504,0.105,0.094,0.632,0.55,0.632,5.4,5.2,5.2,0.2,3,3.5,5.6,5.1,0,2.5,1.6,2,0.5,4.2,5.5,3.6,2.3,3,5.7,0,3,3.1,4.5,2.6,3,6.9,1.7,0,6.5,2.1,3.7,0.618,0.396,0.163,0.385,0.455,0.361,0.478,0.559,0.455,0.594,0.594,0.466,0.14,0.21,0.431,0.175,0.3,0.1,0.3,0.3,0.3,0.4,0.3,0.3,0.4,0.5,0.3,0.4,0.6,0,0.6,,,,,,,,,,,,,,,,,,,,,,,,,,,,,,,,,,,,,,,,,,,,,,,,,,,,,,,,,,,,,,
,Dinajpur,May,8,,,,,,,,,,,,,,,,,,,,,,,,,,,,,,,,0.105,0.667,0.281,0.468,0.55,0.539,0.258,0.211,0.527,0.632,0.609,0.574,0.55,0.621,0.597,0.609,0.527,0.258,0.059,0.059,0.398,0.48,0.597,0.644,0.398,0.363,0.07,0.211,0.492,0.035,0.293,5,5.3,5.3,1.8,1.1,3.2,4.6,4.7,2.1,1.9,0.5,3,1.5,2.1,5.1,3.8,2.5,3.6,5.1,0,2.4,2.5,4,3.4,3.3,3.7,0.8,1.4,6,1.2,4,0.676,0.443,0.21,0.466,0.373,0.012,0.501,0.513,0.513,0.361,0.221,0.618,0.221,0.245,0.478,0.163,0.2,0.2,0.4,0.3,0.4,0.4,0.3,0.4,0.3,0.5,0.4,0.3,0.3,0,0.7,,,,,,,,,,,,,,,,,,,,,,,,,,,,,,,,,,,,,,,,,,,,,,,,,,,,,,,,,,,,,,
,Dinajpur,May,9,,,,,,,,,,,,,,,,,,,,,,,,,,,,,,,,0.012,0.211,0.398,0.422,0.187,0.304,0.55,0.468,0.433,0.41,0.351,0.304,0.445,0.211,0.445,0.468,0.492,0.363,0.012,0.059,0.07,0.457,0.457,0.457,0.293,0.199,0.152,0.211,0.457,0.012,0.328,4.1,2.7,2.7,3.3,1.9,3.6,1.6,4.2,3.3,3.9,1.2,3.4,2.8,3.3,3.9,3.9,3,4,4.2,0.7,3.5,3.9,4.3,2.8,3.2,2.7,0.7,1.6,4.9,0.5,1.3,0.641,0.396,0.443,0.303,0.361,0.012,0.326,0.583,0.571,0.396,0.315,0.198,0.012,0.163,0.315,0.513,0.1,0.1,0.4,0.3,0.4,0.2,0.4,0.4,0.4,0.4,0.4,0.6,0.6,0,0.6,,,,,,,,,,,,,,,,,,,,,,,,,,,,,,,,,,,,,,,,,,,,,,,,,,,,,,,,,,,,,,
,Dinajpur,May,10,,,,,,,,,,,,,,,,,,,,,,,,,,,,,,,,0.012,0.199,0.328,0.094,0.269,0.304,0.293,0.34,0.293,0.304,0.258,0.211,0.304,0.34,0.281,0.304,0.152,0.164,0.164,0.047,0.047,0.293,0.293,0.316,0.117,0.187,0.152,0.258,0.141,0.012,0.164,3.1,1.4,1.4,2,1,2.6,0,2.3,2.8,2.5,1.4,1,1.5,2.6,2.4,2.9,2.3,2,2.8,1,2.1,3.3,3.2,1,3,1.1,0.9,1.2,3.1,1.7,0.6,0.42,0.315,0.408,0.198,0.256,0.012,0.21,0.431,0.117,0.513,0.536,0.117,0.198,0.245,0.175,0.093,0.2,0.1,0.3,0.1,0.3,0.1,0.3,0.4,0.2,0.4,0.5,0.5,0.5,0,0.5,,,,,,,,,,,,,,,,,,,,,,,,,,,,,,,,,,,,,,,,,,,,,,,,,,,,,,,,,,,,,,
,Dinajpur,May,11,,,,,,,,,,,,,,,,,,,,,,,,,,,,,,,,0.012,0.059,0.105,0.176,0.094,0.117,0.07,0.07,0.117,0.094,0.152,0.141,0.07,0.152,0.141,0.141,0.105,0.117,0.105,0.035,0.07,0.141,0.117,0.129,0.07,0.117,0.035,0.152,0.141,0.012,0.141,1,0.6,0.6,1.1,0.3,0.7,0,0.7,0.4,1.2,1.6,0,1.4,1.3,1.5,1.3,1,1.2,1.3,0.7,0.8,1.9,1.4,0.7,2.4,0.4,0.4,0.9,1.5,0.2,0.2,0.28,0.198,0.326,0.245,0.268,0.012,0.128,0.152,0.175,0.245,0.256,0.338,0.128,0.128,0.14,1.061,0.1,0.1,0.3,0.1,0.2,0.1,0.2,0.3,0.2,0.2,0.3,0.2,0.3,0,0.4,,,,,,,,,,,,,,,,,,,,,,,,,,,,,,,,,,,,,,,,,,,,,,,,,,,,,,,,,,,,,,
,Dinajpur,May,12,,,,,,,,,,,,,,,,,,,,,,,,,,,,,,,,0.012,0.012,0.012,0.023,0.023,0.035,0.012,0.023,0.012,0.023,0.023,0.023,0.012,0.035,0.023,0.012,0.012,0.012,0.012,0.012,0.035,0.012,0.012,0.012,0.012,0.012,0.023,0.141,0.012,0.012,0.023,0,0,0,0,0,0,0,0,0,0,0,0,0.4,0.4,0.2,0.3,0.1,0.1,0.3,0.2,0.3,0.3,0.4,0,0.5,0,0,0.2,0.3,0,0,0.07,0.047,0.152,0.082,0.012,0.012,0.058,0.082,0.128,0.152,0.117,0.198,0.105,0.012,0.012,0.035,0,0.1,0.1,0.1,0.1,0,0.1,0.1,0,0,0.1,0.1,0.1,0,0.1,,,,,,,,,,,,,,,,,,,,,,,,,,,,,,,,,,,,,,,,,,,,,,,,,,,,,,,,,,,,,,
,Dinajpur,May,13,,,,,,,,,,,,,,,,,,,,,,,,,,,,,,,,0.012,0.012,0.012,0.012,0.012,0.012,0.012,0.012,0.012,0.012,0.012,0.012,0.012,0.012,0.012,0.012,0.012,0.012,0.012,0.012,0.012,0.012,0.012,0.012,0.012,0.012,0.012,0.012,0.012,0.012,0.012,0,0,0,0,0,,0,0,0,0,0,0,0,0,0,0,0,0,0,0,0,0,0,0,0,0,0,0,0,0,0,0.035,0.012,0.07,0.012,0.012,0.012,0.012,0.012,0.012,0.035,0.012,0.035,0.012,0.012,0.012,0.012,0,0,0,0,0,0,0,0,0,0,0,0,0,0,0,,,,,,,,,,,,,,,,,,,,,,,,,,,,,,,,,,,,,,,,,,,,,,,,,,,,,,,,,,,,,,
,,,Total,,,,,,,,,,,,,,,,,,,,,,,,,,,,,,,,3.021,4.145,3.232,4.016,4.813,3.642,3.794,4.871,4.883,5.422,5.047,4.742,4.415,4.438,4.906,5.234,4.52,4.578,1.522,1.183,1.112,4.391,4.625,5.176,3.724,3.993,0.703,1.194,5.047,2.553,3.267,30.7,27.5,27.5,13.9,16.2,26.2,33.8,32.2,17.5,33.9,7.3,23.8,9.6,26.5,38.8,23.6,25,32.6,41.3,17.1,21.3,29.8,36.8,33.2,16.6,34.3,12.1,8.9,46.7,24.4,25.6,4.639,3.135,2.133,2.949,2.692,1.387,3.298,3.8,3.555,3.566,2.809,2.972,0.886,1.212,3.054,2.459,1.329,1.166,2.611,1.83,2.541,2.238,2.156,2.704,2.949,3.112,3.193,3.776,3.998,0.944,3.869,,,,,,,,,,,,,,,,,,,,,,,,,,,,,,,,,,,,,,,,,,,,,,,,,,,,,,,,,,,,,,
,Dinajpur,June,0,0.017,0.017,0.017,0.017,0.017,0.017,0.069,0.017,0.017,0.069,0.017,0.087,0.069,0.087,0.017,0.017,0.017,0.017,0.069,0.017,0.087,0.035,0.104,0.104,0.069,0.017,0.017,0.017,0.017,0.02,,0.012,0.012,0.012,0.012,0.012,0.023,0.035,0.035,0.035,0.129,0.023,0.047,0.012,0.012,0.012,0.012,0.012,0.012,0.012,0.035,0.012,0.012,0.012,0.012,0.023,0.023,0.012,0.012,0.035,0.035,,0,0.6,0,0.1,0.1,0,0,0.1,0,0.2,0,0,0,0,0.4,0,0,0,0,0,0,0,0,0,0.2,0,0,0,0,0,,,,,,,,,,,,,,,,,,,,,,,,,,,,,,,,,,,,,,,,,,,,,,,,,,,,,,,,,,,,,,,,,,,,,,,,,,,,,,,,,,,,,,,,,,,,,,
,Dinajpur,June,1,0.017,0.017,0.052,0.347,0.208,0.226,0.382,0.069,0.174,0.035,0.017,0.191,0.365,0.365,0.017,0.017,0.139,0.139,0.295,0.017,0.347,0.156,0.347,0.33,0.208,0.122,0.017,0.017,0.017,0.02,,0.117,0.141,0.152,0.082,0.129,0.152,0.211,0.176,0.152,0.023,0.07,0.293,0.07,0.012,0.07,0.094,0.059,0.012,0.012,0.176,0.082,0.164,0.164,0.117,0.105,0.164,0.094,0.105,0.129,0.082,,0,1.5,0.4,1.7,1.4,0.4,0.4,0.5,0.6,2.3,0.5,0,0,0.4,1.2,0.4,0.5,0.5,0,0,0,0.8,0.9,1.2,0.8,0,0,0.5,0,0,,0.017,0.017,0.017,0.017,0.017,0.017,0.017,0.017,0.017,0.017,0.017,0.017,0.017,0.017,0.017,0.017,0,0,0,0,0,0,0,0,0,0,0,0,0,0,,,,,,,,,,,,,,,,,,,,,,,,,,,,,,,,,,,,,,,,,,,,,,,,,,,,,,,,,,,,,,,
,Dinajpur,June,2,0.052,0.017,0.208,0.417,0.313,0.417,0.521,0.469,0.417,0.104,0.017,0.521,0.59,0.521,0.017,0.017,0.278,0.017,0.538,0.017,0.608,0.278,0.538,0.556,0.365,0.313,0.052,0.556,0.017,0.02,,0.141,0.328,0.351,0.176,0.222,0.222,0.34,0.199,0.211,0.293,0.059,0.059,0.082,0.059,0.117,0.176,0.211,0.047,0.047,0.316,0.34,0.34,0.34,0.222,0.222,0.316,0.164,0.129,0.199,0.246,,0.2,2.9,1.2,2.6,2.5,3,2.9,1,1.4,3.4,0.9,0,1.2,1,1.4,1.3,1.1,1.5,0.3,0.4,0,2.5,2.6,2.8,2.1,0,0,2.1,0,0,,0.174,0.017,0.069,0.017,0.017,0.017,0.017,0.017,0.017,0.017,0.017,0.017,0.017,0.017,0.017,0.017,0,0,0.1,0,0,0,0.1,0.1,0.1,0,0,0.1,0.1,0,,,,,,,,,,,,,,,,,,,,,,,,,,,,,,,,,,,,,,,,,,,,,,,,,,,,,,,,,,,,,,,
,Dinajpur,June,3,0.226,0.017,0.365,0.365,0.503,0.469,0.781,0.156,0.781,0.017,0.017,0.469,0.729,0.747,0.017,0.608,0.382,0.017,0.677,0.017,0.799,0.538,0.469,0.747,0.382,0.347,0.33,0.92,0.017,0.02,,0.433,0.504,0.621,0.363,0.258,0.34,0.515,0.211,0.457,0.504,0.047,0.047,0.152,0.164,0.211,0.316,0.141,0.07,0.105,0.222,0.585,0.363,0.363,0.363,0.363,0.386,0.199,0.152,0.316,0.527,,1.7,4.4,3.5,3.8,3.7,2.7,2.6,1.5,0.4,4.7,1.4,0,3.1,1.2,2.1,2,3.6,0.4,1.8,0,0.5,4,4.4,1.9,2.2,4.7,1.1,3.5,2,0,,0.382,0.017,0.295,0.017,0.017,0.017,0.017,0.017,0.017,0.017,0.017,0.017,0.017,0.017,0.139,0.017,0.1,0,0.2,0.1,0,0.2,0.3,0.3,0.3,0.1,0.1,0.2,0.2,0.1,,,,,,,,,,,,,,,,,,,,,,,,,,,,,,,,,,,,,,,,,,,,,,,,,,,,,,,,,,,,,,,
,Dinajpur,June,4,0.243,0.017,0.469,0.538,0.538,0.399,0.33,0.677,0.99,0.295,0.017,0.92,0.938,0.92,0.087,0.799,0.347,0.017,0.382,0.017,0.903,0.608,0.816,1.076,0.469,0.017,0.469,1.128,0.33,0.075,,0.468,0.644,0.656,0.316,0.269,0.386,0.621,0.363,0.574,0.597,0.433,0.082,0.152,0.082,0.504,0.515,0.117,0.082,0.222,0.164,0.351,0.41,0.41,0.539,0.539,0.445,0.199,0.351,0.281,0.738,,3.2,5.2,4.5,4.7,4.8,3,4,1.7,3.1,5.3,2,0.2,4.1,4.3,3,3.5,3.8,0.9,0.8,0,4.5,3.5,2.8,3.7,4.2,6.2,0,4.7,3.5,0,,0.747,0.139,0.521,0.017,0.017,0.156,0.017,0.017,0.035,0.017,0.017,0.017,0.017,0.017,0.469,0.069,0.1,0.1,0.1,0.2,0,0.3,0.5,0.5,0.5,0.2,0.2,0.6,0.3,0.2,,,,,,,,,,,,,,,,,,,,,,,,,,,,,,,,,,,,,,,,,,,,,,,,,,,,,,,,,,,,,,,
,Dinajpur,June,5,0.781,0.017,0.764,1.024,0.799,0.017,0.469,0.712,1.111,0.451,0.069,0.938,1.111,1.007,0.434,0.781,0.486,0.503,0.938,0.191,0.955,0.469,1.059,1.094,0.66,0.017,0.382,1.007,0.833,0.162,,0.621,0.679,0.714,0.199,0.504,0.433,0.422,0.234,0.667,0.222,0.363,0.012,0.152,0.761,0.293,0.562,0.07,0.117,0.199,0.199,0.105,0.363,0.363,0.796,0.796,0.41,0.211,0.281,0.328,0.48,,2.7,3.8,3,5.6,5.1,3.3,5.1,2,4.7,5.8,2.4,1,3,3.5,2.7,3.8,3.2,2.8,1,0,6.1,4.5,3,5.5,5.9,6.7,0,2,3.7,0,,0.816,0.278,0.434,0.017,0.069,0.347,0.017,0.104,0.156,0.139,0.139,0.052,0.087,0.017,0.677,0.104,0.2,0.2,0.2,0.3,0.2,0.5,0.4,0.5,0.6,0.3,0.3,0.6,0.5,0.3,,,,,,,,,,,,,,,,,,,,,,,,,,,,,,,,,,,,,,,,,,,,,,,,,,,,,,,,,,,,,,,
,Dinajpur,June,6,0.885,0.017,0.851,1.233,1.059,0.243,1.198,0.625,1.163,1.059,0.33,1.059,0.573,1.024,0.608,0.764,0.868,0.972,1.094,0.521,0.99,0.469,0.972,1.128,0.92,0.017,0.538,1.128,1.059,0.201,,0.808,0.714,0.738,0.141,0.164,0.211,0.714,0.738,0.749,0.246,0.129,0.152,0.199,0.293,0.129,0.468,0.246,0.094,0.222,0.176,0.117,0.269,0.269,0.785,0.785,0.504,0.363,0.304,0.234,0.749,,3.5,3.1,2.5,6.1,5.8,5.2,5.8,4.7,5.6,6.1,3.8,2.5,3.7,2.8,2.3,4,4.7,6.2,1.1,2.1,2.2,0,4.6,6,6.9,1.1,1,0.5,1.8,0,,0.885,0.451,0.747,0.017,0.191,0.469,0.017,0.208,0.243,0.208,0.26,0.226,0.208,0.017,0.295,0.156,0.2,0.2,0.3,0.1,0.3,0.3,0.3,0.6,0.5,0.5,0.4,0.5,0.6,0.6,,,,,,,,,,,,,,,,,,,,,,,,,,,,,,,,,,,,,,,,,,,,,,,,,,,,,,,,,,,,,,,
,Dinajpur,June,7,0.938,0.191,0.938,1.198,1.094,0.694,1.233,0.538,1.128,1.111,0.399,0.59,0.99,0.972,0.799,0.764,0.573,0.799,1.128,1.076,1.094,0.573,1.146,1.076,0.781,0.017,0.347,1.094,1.111,0.21,,0.656,0.667,0.691,0.129,0.117,0.281,0.761,0.714,0.761,0.738,0.304,0.117,0.246,0.386,0.07,0.422,0.234,0.222,0.199,0.234,0.246,0.679,0.679,0.761,0.761,0.574,0.433,0.351,0.07,0.304,,3,2.5,5.5,6.4,5.7,6,6,3.5,5.8,6.4,4.9,2.1,3.2,2,2.5,1.5,4.9,3.2,0,3.2,4.1,2.6,5,5.7,5.1,5.3,3.5,3.3,1.9,0,,0.938,0.608,0.972,0.017,0.33,0.26,0.122,0.295,0.313,0.295,0.521,0.625,0.33,0.122,0.191,0.191,0.3,0.4,0.2,0.3,0.2,0.2,0.6,0.5,0.6,0.6,0.5,0.2,0.6,0.7,,,,,,,,,,,,,,,,,,,,,,,,,,,,,,,,,,,,,,,,,,,,,,,,,,,,,,,,,,,,,,,
,Dinajpur,June,8,0.885,0.017,0.816,1.094,1.111,0.538,1.128,0.972,1.042,0.625,0.26,1.042,0.503,0.799,0.556,0.833,0.538,0.694,0.816,0.799,0.868,0.347,1.128,1.042,0.451,0.017,0.191,0.017,0.938,0.18,,0.41,0.644,0.667,0.691,0.234,0.246,0.504,0.269,0.714,0.504,0.48,0.105,0.035,0.094,0.316,0.644,0.023,0.187,0.199,0.246,0.246,0.176,0.176,0.679,0.679,0.656,0.082,0.55,0.059,0.714,,1.8,4.1,5.1,3.9,4.4,3.7,2.2,2.2,4.8,5.6,5.8,2.2,4.5,1.9,1.8,2.4,2.2,2.2,2.1,2.2,5.7,1.7,4.7,6.2,6,3.6,4.5,2.8,1,0,,1.007,0.712,0.885,0.017,0.243,0.313,0.208,0.26,0.208,0.399,0.278,0.347,0.382,0.191,0.104,0.208,0.2,0.4,0.6,0,0.4,0.7,0.4,0.3,0.4,0.6,0.3,0.5,0.9,0.9,,,,,,,,,,,,,,,,,,,,,,,,,,,,,,,,,,,,,,,,,,,,,,,,,,,,,,,,,,,,,,,
,Dinajpur,June,9,0.972,0.313,0.017,0.069,0.764,0.503,0.747,0.347,0.729,0.66,0.451,0.538,0.642,0.417,0.503,0.799,0.608,0.625,0.556,0.781,0.365,0.278,1.007,0.972,0.365,0.66,0.243,0.017,0.972,0.186,,0.504,0.457,0.504,0.597,0.211,0.211,0.445,0.527,0.468,0.398,0.55,0.07,0.176,0.117,0.562,0.105,0.047,0.094,0.152,0.164,0.621,0.164,0.164,0.55,0.55,0.55,0.059,0.234,0.258,0.585,,3.4,4.5,4.5,4.2,1.7,0.2,1.6,1.7,3.7,3.1,3,0,5.5,2.1,0,2,1.4,1.2,1.3,1.2,4.9,3.1,4.2,5.6,4.5,1.3,5.2,2.4,0.3,0,,0.92,0.781,0.816,0.017,0.208,0.208,0.451,0.313,0.278,0.33,0.26,0.313,0.417,0.139,0.33,0.608,0.1,0.5,0.5,0,0.4,0.6,0.3,0.5,0.5,0.4,0.5,0.4,0.7,1,,,,,,,,,,,,,,,,,,,,,,,,,,,,,,,,,,,,,,,,,,,,,,,,,,,,,,,,,,,,,,,
,Dinajpur,June,10,0.573,0.243,0.208,0.556,0.608,0.434,0.521,0.538,0.469,0.451,0.278,0.434,0.382,0.295,0.33,0.677,0.469,0.382,0.365,0.417,0.26,0.226,0.938,0.764,0.191,0.295,0.451,0.017,0.642,0.129,,0.211,0.269,0.293,0.164,0.199,0.105,0.293,0.211,0.187,0.211,0.199,0.129,0.105,0.082,0.176,0.141,0.07,0.082,0.199,0.375,0.023,0.351,0.351,3.923,0.41,0.363,0.035,0.258,0.152,0.246,,2,2.8,3.2,3.3,0,1.3,1.8,2.3,2.4,2.7,2.4,0,3.4,1.3,0,3.1,0.9,3.4,2,3.4,3.4,0.8,3.4,3.3,3.6,0.5,2.5,3.2,1.6,0,,0.243,0.799,0.573,0.017,0.017,0.191,0.191,0.191,0.208,0.243,0.208,0.226,0.295,0.243,0.052,0.642,0.3,0.3,0.3,0,0.3,0.4,0.3,0.5,0.4,0.7,0.3,0.4,0.7,0.9,,,,,,,,,,,,,,,,,,,,,,,,,,,,,,,,,,,,,,,,,,,,,,,,,,,,,,,,,,,,,,,
,Dinajpur,June,11,0.365,0.226,0.365,0.313,0.347,0.347,0.313,0.226,0.191,0.243,0.226,0.208,0.278,0.174,0.226,0.365,0.156,0.191,0.191,0.243,0.174,0.035,0.538,0.347,0.087,0.017,0.191,0.017,0.538,0.111,,0.059,0.012,0.129,0.187,0.117,0.035,0.012,0.164,0.129,0.129,0.129,0.059,0.082,0.059,0.164,0.035,0.023,0.035,0.222,0.222,0.047,0.234,0.234,0.199,0.199,0.246,0.035,0.012,0.105,0.211,,1,1.1,1.6,1.5,0,1,1.2,1.3,1.2,1.7,1.4,0,1.5,0.9,0,0.9,1,2,0,2,1.5,0.8,1.4,2.3,2,0.2,0,1.6,2.5,0,,0.208,0.486,0.503,0.017,0.017,0.156,0.156,0.174,0.139,0.208,0.122,0.191,0.191,0.104,0.017,0.313,0.2,0.2,0.2,0.2,0.2,0.3,0.2,0.2,0.2,0.3,0.2,0.2,0.5,0.4,,,,,,,,,,,,,,,,,,,,,,,,,,,,,,,,,,,,,,,,,,,,,,,,,,,,,,,,,,,,,,,
,Dinajpur,June,12,0.226,0.087,0.122,0.139,0.087,0.052,0.052,0.069,0.052,0.069,0.052,0.017,0.104,0.052,0.191,0.243,0.017,0.052,0.035,0.035,0.035,0.017,0.226,0.087,0.017,0.017,0.069,0.017,0.295,0.069,,0.059,0.012,0.012,0.059,0.035,0.012,0.012,0.012,0.012,0.012,0.012,0.012,0.047,0.012,0.012,0.012,0.012,0.012,0.176,0.059,0.035,0.07,0.07,0.059,0.059,0.082,0.012,0.012,0.047,0.047,,0.5,0.2,0.4,0.3,0,0.3,0.3,0.5,0.5,0.6,0.4,0,0.5,0.7,0,0.2,0.7,0.1,0,0.1,0.4,0.3,0.6,1,0.4,0,0,0.1,0.5,0,,0.174,0.313,0.33,0.017,0.017,0.017,0.069,0.104,0.069,0.069,0.035,0.069,0.104,0.017,0.017,0.156,0,0.1,0.1,0.1,0.1,0.3,0.1,0.1,0.2,0.2,0.1,0.2,0.2,0.1,,,,,,,,,,,,,,,,,,,,,,,,,,,,,,,,,,,,,,,,,,,,,,,,,,,,,,,,,,,,,,,
,Dinajpur,June,13,0.104,0.017,0.017,0.017,0.017,0.017,0.017,0.017,0.017,0.017,0.017,0.017,0.017,0.017,0.017,0.069,0.017,0.017,0.017,0.017,0.017,0.017,0.069,0.017,0.017,0.017,0.017,0.017,0.104,0.035,,0.012,0.012,0.012,0.012,0.012,0.012,0.012,0.012,0.012,0.012,0.012,0.012,0.012,0.012,0.012,0.012,0.012,0.012,0.012,0.012,0.012,0.012,0.012,0.012,0.012,0.012,0.012,0.012,0.012,0.012,,0,0,0,0,0,0,0,0,0,0,0,0,0,0,0,0,0,0,0,0,0,0,0,0,0,0,0,0,0,0,,0.052,0.174,0.122,0.017,0.017,0.017,0.017,0.017,0.017,0.017,0.017,0.017,0.017,0.017,0.017,0.017,0,0,0,0,0,0,0,0,0.1,0,0.1,0.1,0,0,,,,,,,,,,,,,,,,,,,,,,,,,,,,,,,,,,,,,,,,,,,,,,,,,,,,,,,,,,,,,,,
,,,Total,6.285,1.215,5.208,7.326,7.465,4.375,7.76,5.434,8.281,5.208,2.17,7.031,7.292,7.396,3.819,6.753,4.896,4.444,7.101,4.167,7.5,4.045,9.358,9.34,4.983,1.892,3.316,5.972,6.892,1.44,,4.508,5.094,5.55,3.126,2.482,2.67,4.895,3.864,5.129,4.016,2.81,1.194,1.522,2.143,2.646,3.513,1.276,1.077,1.979,2.6,2.822,3.607,3.607,9.016,5.504,4.731,1.909,2.763,2.225,4.977,0,23,36.7,35.4,44.2,35.2,30.1,33.9,23,34.2,47.9,28.9,8,33.7,22.1,17.4,25.1,28,24.4,10.4,14.6,33.3,24.6,37.6,45.2,43.9,29.6,17.8,26.7,18.8,0,,6.563,4.792,6.285,0.226,1.181,2.188,1.319,1.736,1.719,1.979,1.91,2.135,2.101,0.938,2.344,2.517,1.875,2.535,2.934,1.51,2.188,3.785,3.472,4.149,4.358,3.681,3.073,4.028,5.122,5.174,,,,,,,,,,,,,,,,,,,,,,,,,,,,,,,,,,,,,,,,,,,,,,,,,,,,,,,,,,,,,,,
,Dinajpur,July,0,0.104,0.087,0.035,0.278,0.226,0.191,0.017,0.017,0.017,0.017,0.017,0.017,0.017,0.017,0.017,0.017,0.104,0.017,0.017,0.017,0.017,0.017,0.017,0.017,0.017,0.017,0.017,0.017,0.017,0.017,0.017,0.023,0.012,0.012,0.012,0.012,0.012,0.012,0.012,0.012,0.012,0.012,0.012,0.012,0.012,0.012,0.012,0.012,0.012,0.012,0.012,0.012,0.012,0.012,0.012,0.012,0.012,0.012,0.012,0.012,0.012,0.012,0,0,0,0,0,0,0,0,0,0,0,0.1,0,0,0,0,0,0,0,0,0,0,0.6,0.4,0,0,0,0.3,0,0,0,,,,,,,,,,,,,,,,,,,,,,,,,,,,,,,,,,,,,,,,,,,,,,,,,,,,,,,,,,,,,,,,,,,,,,,,,,,,,,,,,,,,,,,,,,,,,
,Dinajpur,July,1,0.66,0.156,0.365,0.434,0.382,0.243,0.017,0.017,0.017,0.017,0.017,0.017,0.017,0.017,0.017,0.017,0.26,0.017,0.191,0.156,0.347,0.017,0.017,0.017,0.017,0.26,0.017,0.243,0.208,0.226,0.382,0.164,0.023,0.023,0.035,0.035,0.023,0.023,0.012,0.082,0.023,0.023,0.023,0.035,0.023,0.023,0.035,0.023,0.012,0.012,0.023,0.023,0.035,0.035,0.023,0.023,0.012,0.012,0.023,0.012,0.012,0.023,0,0,0,0,0.6,0,0,0.9,2.4,0,0,0.7,0,0,0,1.2,0,0,0.3,0,0,0.9,3.2,1.2,0.3,0.9,0.3,2.3,0.4,0.6,0,0.017,0.017,0.017,0.017,0.017,0.017,0.017,0.052,0.035,0.052,0.069,0.052,0.069,0.052,0.017,0.052,0,0,0.1,0,0,0,0,0,0,0,0,0,0,0,0,,,,,,,,,,,,,,,,,,,,,,,,,,,,,,,,,,,,,,,,,,,,,,,,,,,,,,,,,,,,,,
,Dinajpur,July,2,0.59,0.313,0.243,0.642,0.278,0.017,0.017,0.017,0.017,0.017,0.017,0.017,0.017,0.017,0.017,0.017,0.278,0.382,0.017,0.399,0.503,0.017,0.017,0.017,0.017,0.365,0.278,0.33,0.33,0.313,0.556,0.141,0.164,0.152,0.164,0.082,0.059,0.105,0.023,0.152,0.105,0.105,0.07,0.082,0.105,0.023,0.129,0.117,0.105,0.012,0.176,0.141,0.094,0.105,0.07,0.105,0.012,0.059,0.047,0.059,0.082,0.152,0,0,0,0,0.9,0.3,0,1.4,4.6,0.6,0,2,0,0,0,2.5,0,0,0.1,0,0,1.1,4.9,0.8,1.5,1,0.9,3.4,0.6,1.8,0.7,0.156,0.226,0.122,0.104,0.208,0.174,0.26,0.139,0.243,0.295,0.278,0.295,0.313,0.208,0.104,0.347,0.2,0.3,0.3,0.1,0.2,0.1,0.2,0.2,0,0,0.2,0,0,0,0,,,,,,,,,,,,,,,,,,,,,,,,,,,,,,,,,,,,,,,,,,,,,,,,,,,,,,,,,,,,,,
,Dinajpur,July,3,0.677,0.122,0.399,0.573,0.417,0.764,0.017,0.017,0.017,0.017,0.017,0.017,0.017,0.017,0.017,0.017,0.833,0.868,0.017,0.851,0.712,0.017,0.017,0.017,0.017,0.799,0.382,0.764,0.573,0.885,0.747,0.222,0.246,0.199,0.222,0.152,0.07,0.082,0.07,0.316,0.222,0.152,0.211,0.234,0.222,0.234,0.199,0.316,0.199,0.211,0.152,0.328,0.246,0.363,0.316,0.07,0.012,0.234,0.363,0.117,0.152,0.293,0,0,0,0,1,1.1,0,2.2,4.1,1.1,0.4,4.2,0,0,0.3,3.5,0,1.3,0.2,1,1.8,4,5.8,0.5,2.1,1.3,1.1,4,1.5,2.8,1.6,0.278,0.434,0.313,0.347,0.365,0.399,0.434,0.417,0.451,0.365,0.382,0.417,0.486,0.365,0.365,0.451,0.4,0.5,0.5,0.4,0.3,0.3,0.4,0.2,0.2,0,0.4,0.3,0.2,0.1,0,,,,,,,,,,,,,,,,,,,,,,,,,,,,,,,,,,,,,,,,,,,,,,,,,,,,,,,,,,,,,,
,Dinajpur,July,4,0.747,0.521,0.365,1.024,0.747,0.573,0.017,0.017,0.017,0.017,0.017,0.017,0.017,0.017,0.017,0.868,0.729,0.833,0.399,0.972,1.007,0.017,0.208,0.174,0.174,0.833,0.017,0.712,0.642,1.007,0.642,0.34,0.386,0.316,0.386,0.141,0.094,0.094,0.117,0.351,0.246,0.222,0.375,0.433,0.316,0.328,0.386,0.515,0.234,0.386,0.07,0.457,0.351,0.492,0.457,0.351,0.059,0.632,0.515,0.141,0.316,0.316,0,0,0.8,0.3,2.1,2.5,0,1.2,5.8,3.4,0,4.7,1.4,1,1.1,4.7,0,2.5,0.9,1.1,2.6,4.5,3.6,3.7,2.3,1,4.5,5,3.3,2.7,2.7,0.451,0.66,0.747,0.469,0.538,0.451,0.382,0.66,0.816,0.556,0.625,0.677,0.799,0.642,0.799,0.92,0.9,0.6,0.6,0.5,0.4,0.2,0.7,0.5,0.4,0.4,0.5,0.3,0.3,0.3,0,,,,,,,,,,,,,,,,,,,,,,,,,,,,,,,,,,,,,,,,,,,,,,,,,,,,,,,,,,,,,,
,Dinajpur,July,5,1.024,0.451,0.694,0.694,0.955,0.399,0.017,0.017,0.017,0.017,0.017,0.26,0.017,0.313,0.122,0.833,0.972,0.972,0.556,1.076,0.712,0.052,0.382,0.191,0.208,0.816,0.017,0.573,0.521,0.799,0.59,0.398,0.152,0.41,0.281,0.48,0.281,0.105,0.515,0.269,0.316,0.316,0.34,0.621,0.199,0.445,0.222,0.585,0.328,0.597,0.281,0.679,0.457,0.761,0.609,0.433,0.07,0.504,0.714,0.34,0.41,0.363,0,0,1.2,0,1.2,3.8,0.3,1.9,8.2,4.3,0,5.8,2.9,3.3,1,5.4,0,0.3,1.7,3,3.8,5,3.4,2.8,2.5,2.2,5.5,5.8,0.8,2.5,4.4,0.538,0.573,0.833,0.573,0.625,0.521,0.434,0.625,0.295,0.747,0.816,0.781,0.851,0.92,0.365,0.972,1,0.7,0.9,0.9,0.6,0.3,0.9,1.1,0.5,0.6,0.5,0.3,0.4,0.5,0,,,,,,,,,,,,,,,,,,,,,,,,,,,,,,,,,,,,,,,,,,,,,,,,,,,,,,,,,,,,,,
,Dinajpur,July,6,1.076,0.573,0.052,0.226,1.094,0.486,1.024,0.017,0.017,0.017,0.017,0.451,0.017,0.938,1.094,0.677,0.573,1.042,0.781,1.163,0.677,0.295,0.434,0.747,0.278,0.799,0.017,0.556,0.469,1.111,0.712,0.398,0.269,0.41,0.48,0.41,0.258,0.117,0.351,0.34,0.258,0.34,0.386,0.562,0.375,0.433,0.667,0.714,0.363,0.644,0.48,0.703,0.55,0.703,0.621,0.504,0.094,0.749,0.621,0.386,0.433,0.316,0,0,1.6,0.2,4.2,5.5,1,1.5,8.5,4.4,0,6.4,3.7,2.6,0.7,5.7,0,2.8,2,3.7,1.3,5.5,3.7,3.4,4.6,4.2,4.7,5.5,2,0.9,1.2,0.625,0.503,0.972,0.503,0.851,0.451,0.399,0.608,0.833,0.781,0.729,0.868,0.747,1.024,0.955,1.007,1.1,0.8,1,0.9,0.9,0.6,0.9,1,0.6,0.6,0.5,0.4,0.7,0.4,0,,,,,,,,,,,,,,,,,,,,,,,,,,,,,,,,,,,,,,,,,,,,,,,,,,,,,,,,,,,,,,
,Dinajpur,July,7,1.233,0.156,0.347,0.747,1.233,0.538,1.111,0.017,0.017,0.017,0.017,0.608,0.226,0.885,1.302,0.816,0.99,1.059,0.712,1.111,1.024,0.313,0.573,0.59,0.191,0.747,0.017,0.677,0.972,1.215,0.729,0.012,0.269,0.211,0.386,0.258,0.281,0.164,0.363,0.363,0.351,0.433,0.749,0.258,0.351,0.55,0.749,0.738,0.328,0.808,0.855,0.726,0.433,0.761,0.738,0.703,0.152,0.785,0.738,0.457,0.504,0.012,0,1.9,0.7,2.8,2.9,2.5,1.5,2,8.4,4,5,6.8,4.2,1.2,0.9,6.4,0,1.1,2.3,4,4.2,5.8,3,2.6,5.9,3.2,5,6.3,1.6,1.9,1.8,0.365,0.382,1.007,0.33,1.076,0.712,0.885,0.729,1.059,0.833,0.503,1.163,0.938,1.059,1.076,0.538,1.1,0.7,1.1,1,1.2,1,1,0.9,0.7,0.5,0.5,0.5,0.9,0.4,0,,,,,,,,,,,,,,,,,,,,,,,,,,,,,,,,,,,,,,,,,,,,,,,,,,,,,,,,,,,,,,
,Dinajpur,July,8,0.538,0.122,0.642,0.469,0.469,0.538,0.92,0.017,0.017,0.017,0.017,0.573,0.642,0.642,1.25,0.868,0.608,0.677,0.451,0.295,0.781,0.191,0.208,0.382,0.799,0.712,0.851,0.833,0.938,0.955,0.469,0.269,0.047,0.761,0.773,0.258,0.234,0.082,0.351,0.398,0.386,0.152,0.363,0.316,0.316,0.574,0.703,0.679,0.351,0.269,0.785,0.761,0.726,0.738,0.773,0.714,0.082,0.703,0.293,0.433,0.141,0.117,0,2.5,0,3.6,1.2,1,2,3.8,6.2,0,4,5.6,2.3,0.5,1.3,5.8,0.5,1.7,1.6,4.2,2.8,6.2,2.5,2.9,2.8,0,3.5,5.5,0,3.5,0,0.26,0.017,0.729,0.816,0.59,0.556,0.712,0.903,0.938,0.642,0.851,1.024,0.99,1.146,1.146,0.712,1,0.5,1.2,1.1,1.1,0.9,0.9,0.7,0.9,0.4,0.3,0.6,0.5,0.7,0,,,,,,,,,,,,,,,,,,,,,,,,,,,,,,,,,,,,,,,,,,,,,,,,,,,,,,,,,,,,,,
,Dinajpur,July,9,0.851,0.122,0.365,0.538,0.781,0.642,0.747,0.503,0.017,0.017,0.017,0.677,0.538,0.365,0.642,0.816,0.764,0.017,0.417,0.347,0.677,0.486,0.017,0.017,0.451,0.503,0.92,0.729,0.781,0.712,0.33,0.667,0.187,0.293,0.504,0.375,0.164,0.222,0.304,0.281,0.34,0.082,0.059,0.304,0.492,0.515,0.621,0.574,0.527,0.691,0.738,0.621,0.55,0.585,0.679,0.55,0.164,0.738,0.504,0.351,0.129,0.375,1.5,0.4,1.5,3,0.3,0.8,2.6,5.2,4.8,0,4.5,4.8,1.9,0.2,1.8,1.3,1.2,1.5,0,1,2.1,4.9,5.5,5.3,2,0,2.4,4.8,0,2.1,1.1,0.156,0.017,0.503,0.573,0.347,0.399,1.007,0.99,0.972,0.538,0.729,0.903,1.059,0.851,0.99,1.007,0.8,0.9,0.7,0.9,0.9,0.9,0.8,0.4,0.5,0.5,0.4,0.3,0.4,0.4,0.1,,,,,,,,,,,,,,,,,,,,,,,,,,,,,,,,,,,,,,,,,,,,,,,,,,,,,,,,,,,,,,
,Dinajpur,July,10,0.625,0.122,0.191,0.26,0.278,0.712,0.573,0.017,0.017,0.017,0.017,0.538,0.417,0.295,0.694,0.399,0.278,0.017,0.278,0.365,0.538,0.503,0.017,0.017,0.347,0.33,0.781,0.677,0.573,0.538,0.226,0.258,0.351,0.176,0.222,0.082,0.105,0.269,0.246,0.152,0.222,0.047,0.012,0.222,0.398,0.082,0.246,0.504,0.48,0.55,0.597,0.152,0.269,0.562,0.703,0.386,0.141,0.492,0.597,0.492,0.105,0.199,0.9,1.6,1.2,1.2,0.4,0.7,0.4,1.1,3.2,0.7,2,3.4,1,0,0.8,2.6,0.7,2.2,2.4,0.8,1,3.7,1.7,3.3,2.4,1.1,1.4,1.3,0,1.7,1.2,0.208,0.017,0.278,0.885,0.434,0.469,0.799,0.868,0.747,0.903,0.538,0.868,0.938,0.625,0.747,0.885,0.6,0.9,0.9,0,0.2,0.6,0.6,0.4,0.2,0.3,0.4,0.5,0.4,0.2,0.1,,,,,,,,,,,,,,,,,,,,,,,,,,,,,,,,,,,,,,,,,,,,,,,,,,,,,,,,,,,,,,
,Dinajpur,July,11,0.347,0.313,0.365,0.191,0.174,0.156,0.417,0.017,0.017,0.017,0.017,0.33,0.191,0.191,0.382,0.208,0.243,0.017,0.26,0.226,0.191,0.226,0.017,0.017,0.278,0.26,0.694,0.226,0.226,0.191,0.156,0.141,0.34,0.152,0.176,0.234,0.445,0.258,0.152,0.222,0.141,0.023,0.012,0.316,0.164,0.129,0.199,0.316,0.304,0.621,0.363,0.176,0.199,0.398,0.386,0.246,0.199,0.386,0.176,0.246,0.152,0.105,0.8,1,1,0.2,0.5,0.3,0,1.1,1.2,0,1.3,1.1,0.2,0,0.4,0.8,1.1,0.7,1.4,0,1.2,2.6,1,2.3,1,0.8,0.9,0.2,1,1.1,0.8,0.122,0.017,0.017,0.503,0.451,0.556,0.208,0.642,0.556,0.608,0.556,0.434,0.59,0.556,0.538,0.712,0.6,0.7,0.6,0,0.2,0.4,0.2,0.3,0.3,0.2,0,0.3,0.2,0.2,0.1,,,,,,,,,,,,,,,,,,,,,,,,,,,,,,,,,,,,,,,,,,,,,,,,,,,,,,,,,,,,,,
,Dinajpur,July,12,0.156,0.208,0.035,0.122,0.052,0.017,0.069,0.017,0.017,0.017,0.017,0.087,0.017,0.382,0.104,0.017,0.122,0.017,0.104,0.087,0.017,0.017,0.017,0.017,0.295,0.069,0.556,0.069,0.069,0.017,0.052,0.141,0.141,0.152,0.152,0.059,0.152,0.07,0.047,0.012,0.047,0.012,0.012,0.105,0.117,0.082,0.117,0.176,0.059,0.035,0.012,0.082,0.222,0.258,0.059,0.059,0.012,0.035,0.141,0.129,0.105,0.023,0,0,0.3,0,0,0.1,0,0.3,0.6,0,0.4,0.4,0,0,0,0,0.1,0.2,0,0,0.2,0.9,0.4,0.9,0.4,0.6,0.4,0,0.6,0.2,0,0.139,0.017,0.017,0.26,0.295,0.399,0.191,0.174,0.26,0.278,0.226,0.313,0.26,0.295,0.365,0.33,0.5,0.5,0.3,0,0.2,0.3,0,0.2,0.1,0.1,0,0.3,0.2,0.1,0,,,,,,,,,,,,,,,,,,,,,,,,,,,,,,,,,,,,,,,,,,,,,,,,,,,,,,,,,,,,,,
,Dinajpur,July,13,0.017,0.104,0.017,0.017,0.017,0.017,0.017,0.017,0.017,0.017,0.017,0.017,0.017,0.052,0.017,0.017,0.017,0.017,0.017,0.017,0.017,0.017,0.017,0.017,0.017,0.017,0.017,0.017,0.017,0.017,0.017,0.012,0.105,0.047,0.047,0.07,0.023,0.023,0.012,0.012,0.012,0.012,0.012,0.035,0.035,0.023,0.023,0.035,0.035,0.258,0.035,0.012,0.082,0.012,0.012,0.012,0.012,0.012,0.023,0.012,0.035,0.012,0,0,0,0,0,0,0,0,0,0,0,0,0,0,0,0,0,0,0,0,0,0.1,0,0,0,0,0,0,0,0,0,0.017,0.017,0.017,0.052,0.069,0.035,0.052,0.069,0.069,0.069,0.052,0.069,0.035,0.052,0.052,0.069,0.1,0.1,0.1,0,0,0,0,0.1,0,0,0,0.1,0,0.1,0,,,,,,,,,,,,,,,,,,,,,,,,,,,,,,,,,,,,,,,,,,,,,,,,,,,,,,,,,,,,,,
,,,Total,8.646,3.368,4.115,6.215,7.101,5.295,4.983,0.729,0.243,0.243,0.243,3.628,2.17,4.149,5.694,5.59,6.771,5.955,4.219,7.083,7.222,2.188,1.962,2.24,3.108,6.528,4.583,6.424,6.337,8.003,5.625,3.185,2.693,3.314,3.841,2.646,2.201,1.628,2.576,2.963,2.681,1.932,2.635,3.536,3.126,3.454,4.309,5.304,3.337,5.105,4.578,4.871,4.227,5.785,5.457,4.169,1.03,5.351,4.766,3.185,2.588,2.319,3.2,7.4,8.3,11.3,15.3,18.6,7.8,22.6,58,18.5,17.6,46,17.6,8.8,8.3,39.9,3.6,14.3,12.9,18.8,21,45.2,39.3,30.1,27.8,16.3,30.6,44.4,11.8,21.8,15.5,3.333,2.899,5.573,5.434,5.868,5.139,5.781,6.875,7.274,6.667,6.354,7.865,8.073,7.795,7.517,8.003,8.368,6.875,8.073,5.816,6.215,5.486,6.667,5.885,4.549,3.507,3.837,4.063,4.201,3.264,0.417,,,,,,,,,,,,,,,,,,,,,,,,,,,,,,,,,,,,,,,,,,,,,,,,,,,,,,,,,,,,,,
,Dinajpur,August,0,0.017,0.017,0.469,0.017,0.191,0.052,0.017,0.017,0.017,0.278,0.017,0.017,0.017,0.017,0.017,0.017,0.017,0.017,0.017,0.295,0.538,0.226,0.017,0.017,0.017,0.017,0.017,0.017,0.017,0.017,0.017,,,,,,,,,,,,,,,,,,,,,,,,,,,,,,,,0,0,0,0,0,0,0,0,0,0,0,0,0,0,0,0,0,0,0,0,0,0,0,0,0,0,0,0,0,0,0,,,,,,,,,,,,,,,,,,,,,,,,,,,,,,,,,,,,,,,,,,,,,,,,,,,,,,,,,,,,,,,,,,,,,,,,,,,,,,,,,,,,,,,,,,,,,
,Dinajpur,August,1,0.017,0.017,0.694,0.486,0.469,0.399,0.017,0.017,0.017,1.094,0.434,0.556,0.017,0.017,0.017,0.017,0.017,0.365,0.226,0.503,0.729,0.747,0.486,0.017,0.017,0.677,0.677,0.295,0.017,0.382,0.017,,,,,,,,,,,,,,,,,,,,,,,,,,,,,,,,0,0,0,0,0,0,0,0,0,0,0,0,0,0,0,0,0,0,0,0,0,0,0,0,0,0,0,0,0,0,0,0.017,0.017,0.017,0.017,0.017,0.017,0.017,0.017,0.017,0.191,0.017,0.139,0.069,0.156,0.017,0.017,0.1,0,0,0,0,0,0,0,0,0,0,0,0,0,0,,,,,,,,,,,,,,,,,,,,,,,,,,,,,,,,,,,,,,,,,,,,,,,,,,,,,,,,,,,,,,
,Dinajpur,August,2,0.538,0.087,0.191,0.764,0.747,0.764,0.017,0.156,0.017,1.059,0.503,0.799,0.503,0.017,0.017,0.017,0.017,0.503,0.417,0.608,0.694,0.625,0.642,0.017,0.226,0.747,0.764,0.521,0.017,0.573,0.017,,,,,,,,,,,,,,,,,,,,,,,,,,,,,,,,0,0,0,0,0,0,0,0,0,0,0,0,0,0,0,0,0,0,0,0,0,0,0,0,0,0,0,0,0,0,0,0.017,0.017,0.017,0.017,0.26,0.017,0.017,0.069,0.243,0.434,0.382,0.347,0.295,0.226,0.017,0.191,0.3,0.1,0,0.2,0.3,0.3,0.4,0,0.2,0.3,0.2,0,0.1,0,0,,,,,,,,,,,,,,,,,,,,,,,,,,,,,,,,,,,,,,,,,,,,,,,,,,,,,,,,,,,,,,
,Dinajpur,August,3,0.781,0.174,0.503,0.625,0.33,0.938,0.382,0.382,0.781,0.833,0.694,0.955,0.521,0.486,0.017,0.538,0.451,0.139,0.694,0.712,0.885,0.399,0.694,0.417,0.677,0.851,0.903,0.556,0.017,0.955,0.729,,,,,,,,,,,,,,,,,,,,,,,,,,,,,,,,2.2,2.2,2.2,2.2,2.2,2.2,2.2,2.2,2.2,2.2,2.2,2.2,2.2,2.2,2.2,2.2,2.2,2.2,2.2,2.2,2.2,2.2,2.2,2.2,2.2,2.2,2.2,2.2,2.2,2.2,2.2,0.017,0.017,0.017,0.017,0.208,0.017,0.382,0.313,0.399,0.625,0.538,0.556,0.434,0.365,0.017,0.208,0.6,0.4,0,0.4,0.6,0.5,0.6,0.2,0.5,0.5,0.3,0,0.5,0,0,,,,,,,,,,,,,,,,,,,,,,,,,,,,,,,,,,,,,,,,,,,,,,,,,,,,,,,,,,,,,,
,Dinajpur,August,4,0.868,0.243,0.781,0.573,0.469,1.024,0.677,0.712,0.851,0.851,1.337,1.146,0.729,0.538,0.26,1.146,0.538,0.451,0.816,1.128,1.059,1.059,0.903,0.694,1.094,0.243,0.295,0.66,0.017,0.764,0.694,,,,,,,,,,,,,,,,,,,,,,,,,,,,,,,,2.4,2.4,2.4,2.4,2.4,2.4,2.4,2.4,2.4,2.4,2.4,2.4,2.4,2.4,2.4,2.4,2.4,2.4,2.4,2.4,2.4,2.4,2.4,2.4,2.4,2.4,2.4,2.4,2.4,2.4,2.4,0.122,0.017,0.017,0.017,0.313,0.017,0.191,0.156,0.66,0.712,0.799,0.573,0.642,0.556,0.33,0.59,0.7,0.6,0,0.5,0.4,0.6,0.2,0.2,0.3,0.6,0.5,0,0.2,0.2,0,,,,,,,,,,,,,,,,,,,,,,,,,,,,,,,,,,,,,,,,,,,,,,,,,,,,,,,,,,,,,,
,Dinajpur,August,5,0.903,0.573,1.007,1.233,0.382,0.99,0.764,0.972,0.885,0.868,1.128,1.128,0.122,0.417,1.302,1.267,0.712,1.493,0.556,1.285,0.608,0.191,0.938,0.625,0.521,1.024,0.781,1.076,0.573,0.92,0.625,,,,,,,,,,,,,,,,,,,,,,,,,,,,,,,,2.7,2.7,2.7,2.7,2.7,2.7,2.7,2.7,2.7,2.7,2.7,2.7,2.7,2.7,2.7,2.7,2.7,2.7,2.7,2.7,2.7,2.7,2.7,2.7,2.7,2.7,2.7,2.7,2.7,2.7,2.7,0.243,0.156,0.017,0.017,0.764,0.243,0.538,0.243,0.972,0.816,0.972,0.694,0.729,0.486,0.451,0.764,0.8,0.8,0.5,0.6,0.6,0.7,0.3,0.6,0.4,0.7,0.7,0.3,0.5,0.3,0,,,,,,,,,,,,,,,,,,,,,,,,,,,,,,,,,,,,,,,,,,,,,,,,,,,,,,,,,,,,,,
,Dinajpur,August,6,1.163,1.146,0.573,0.747,1.198,1.181,1.337,0.017,1.354,0.799,1.059,1.198,0.035,0.799,1.285,1.285,1.181,0.486,1.111,0.59,1.181,0.382,1.007,0.677,1.372,0.017,1.094,0.833,0.816,1.007,0.694,,,,,,,,,,,,,,,,,,,,,,,,,,,,,,,,3.1,3.1,3.1,3.1,3.1,3.1,3.1,3.1,3.1,3.1,3.1,3.1,3.1,3.1,3.1,3.1,3.1,3.1,3.1,3.1,3.1,3.1,3.1,3.1,3.1,3.1,3.1,3.1,3.1,3.1,3.1,0.208,0.243,0.017,0.017,0.955,0.208,0.625,0.833,1.007,0.608,1.076,0.955,0.851,0.625,0.486,0.885,1,0.6,0.2,0.7,0.7,1,0.4,0.3,0.7,0.8,0.6,0.3,0.3,0.2,0,,,,,,,,,,,,,,,,,,,,,,,,,,,,,,,,,,,,,,,,,,,,,,,,,,,,,,,,,,,,,,
,Dinajpur,August,7,1.198,0.573,0.677,0.625,0.92,1.111,1.215,1.111,1.111,1.285,1.302,1.285,0.59,0.538,1.198,1.319,1.337,0.955,1.267,0.278,1.059,0.799,0.851,0.955,1.285,1.059,0.99,0.903,0.59,0.729,0.747,,,,,,,,,,,,,,,,,,,,,,,,,,,,,,,,0,0,0,0,0,0,0,0,0,0,0,0,0,0,0,0,0,0,0,0,0,0,0,0,0,0,0,0,0,0,0,0.122,0.382,0.017,0.156,1.076,0.33,0.573,0.972,1.111,0.781,0.851,0.868,1.215,0.885,0.625,0.99,1.1,1.1,1,1,1.1,0.9,0.3,0.5,0.8,0.7,0.2,0.4,0.6,0.4,0,,,,,,,,,,,,,,,,,,,,,,,,,,,,,,,,,,,,,,,,,,,,,,,,,,,,,,,,,,,,,,
,Dinajpur,August,8,1.042,0.208,0.833,0.538,0.868,0.955,1.007,1.163,1.146,1.094,1.233,1.094,0.278,0.417,1.163,0.017,1.198,1.198,0.868,0.226,1.181,0.156,0.816,1.094,1.024,0.972,0.747,0.538,0.851,0.816,0.538,,,,,,,,,,,,,,,,,,,,,,,,,,,,,,,,0,0,0,0,0,0,0,0,0,0,0,0,0,0,0,0,0,0,0,0,0,0,0,0,0,0,0,0,0,0,0,0.226,0.434,0.017,0.469,0.938,0.503,0.816,1.076,1.163,0.885,0.955,1.042,1.007,1.007,0.99,1.128,1.2,0.9,1,1.1,1.1,0.6,0.3,0.4,0.9,0.6,0.4,0.6,0.4,0.3,0,,,,,,,,,,,,,,,,,,,,,,,,,,,,,,,,,,,,,,,,,,,,,,,,,,,,,,,,,,,,,,
,Dinajpur,August,9,0.503,0.59,0.903,0.417,0.417,0.399,0.729,0.781,1.059,0.486,1.111,0.903,0.399,0.521,0.955,0.017,0.017,0.972,0.26,0.26,0.59,0.017,0.538,0.781,0.486,0.538,0.573,0.764,0.729,0.278,0.59,,,,,,,,,,,,,,,,,,,,,,,,,,,,,,,,0,0,0,0,0,0,0,0,0,0,0,0,0,0,0,0,0,0,0,0,0,0,0,0,0,0,0,0,0,0,0,0.191,0.295,0.017,0.625,0.712,0.573,0.417,1.128,1.111,0.833,0.938,0.903,0.642,1.181,1.059,0.347,0.4,0.6,0.7,0.5,0.9,0.5,0.2,0.5,1,0.2,0,0.3,0.2,0.2,0,,,,,,,,,,,,,,,,,,,,,,,,,,,,,,,,,,,,,,,,,,,,,,,,,,,,,,,,,,,,,,
,Dinajpur,August,10,0.642,0.347,0.625,0.278,0.26,0.243,0.521,0.799,0.816,0.434,0.538,0.556,0.538,0.399,0.955,0.017,1.25,0.764,0.243,0.191,0.451,0.104,0.33,0.538,0.451,0.556,0.382,0.035,0.365,0.382,0.486,,,,,,,,,,,,,,,,,,,,,,,,,,,,,,,,0,0,0,0,0,0,0,0,0,0,0,0,0,0,0,0,0,0,0,0,0,0,0,0,0,0,0,0,0,0,0,0.156,0.139,0.017,0.677,0.851,0.469,0.694,0.747,0.885,0.816,1.007,0.295,0.486,0.26,0.868,0.677,0.7,0.5,0.3,0.6,0.3,0.4,0,0.4,0.5,0.5,0,0.4,0,0.4,0,,,,,,,,,,,,,,,,,,,,,,,,,,,,,,,,,,,,,,,,,,,,,,,,,,,,,,,,,,,,,,
,Dinajpur,August,11,0.365,0.122,0.33,0.226,0.104,0.017,0.33,0.382,0.365,0.278,0.521,0.017,0.017,0.295,0.556,0.017,0.278,0.399,0.087,0.139,0.174,0.017,0.243,0.347,0.226,0.382,0.278,0.069,0.191,0.243,0.017,,,,,,,,,,,,,,,,,,,,,,,,,,,,,,,,0,0,0,0,0,0,0,0,0,0,0,0,0,0,0,0,0,0,0,0,0,0,0,0,0,0,0,0,0,0,0,0.017,0.052,0.017,0.382,0.382,0.33,0.382,0.642,0.608,0.347,0.747,0.469,0.278,0.069,0.451,0.399,0.4,0.3,0.3,0.5,0.2,0.4,0,0.1,0.8,0.4,0,0.6,0,0.2,0,,,,,,,,,,,,,,,,,,,,,,,,,,,,,,,,,,,,,,,,,,,,,,,,,,,,,,,,,,,,,,
,Dinajpur,August,12,0.052,0.017,0.017,0.035,0.052,0.017,0.122,0.017,0.191,0.417,0.417,0.017,0.017,0.104,0.365,0.017,0.451,0.104,0.017,0.035,0.017,0.017,0.069,0.087,0.035,0.208,0.052,0.017,0.052,0.069,0.017,,,,,,,,,,,,,,,,,,,,,,,,,,,,,,,,0,0,0,0,0,0,0,0,0,0,0,0,0,0,0,0,0,0,0,0,0,0,0,0,0,0,0,0,0,0,0,0.017,0.017,0.017,0.156,0.174,0.191,0.295,0.347,0.295,0.139,0.365,0.313,0.035,0.017,0.191,0.208,0.2,0.2,0.2,0.1,0.1,0.3,0,0,0.4,0.1,0,0.2,0,0.1,0,,,,,,,,,,,,,,,,,,,,,,,,,,,,,,,,,,,,,,,,,,,,,,,,,,,,,,,,,,,,,,
,Dinajpur,August,13,0.017,0.017,0.017,0.017,0.017,0.017,0.017,0.017,0.017,0.017,0.469,0.017,0.017,0.017,0.017,0.017,0.017,0.017,0.017,0.017,0.017,0.017,0.017,0.017,0.017,0.017,0.017,0.017,0.017,0.017,0.017,,,,,,,,,,,,,,,,,,,,,,,,,,,,,,,,0,0,0,0,0,0,0,0,0,0,0,0,0,0,0,0,0,0,0,0,0,0,0,0,0,0,0,0,0,0,0,0.017,0.017,0.017,0.017,0.035,0.035,0.087,0.139,0.087,0.017,0.139,0.122,0.017,0.017,0.069,0.087,0,0.1,0,0.1,0,0,0,0,0.1,0,0,0.2,0,0,0,,,,,,,,,,,,,,,,,,,,,,,,,,,,,,,,,,,,,,,,,,,,,,,,,,,,,,,,,,,,,,
,,,Total,8.108,4.132,7.622,6.58,6.424,8.108,7.153,6.545,8.628,9.792,10.764,9.688,3.802,4.583,8.125,5.712,7.483,7.865,6.597,6.267,9.184,4.757,7.552,6.285,7.448,7.309,7.569,6.302,4.271,7.153,5.208,0,0,0,0,0,0,0,0,0,0,0,0,0,0,0,0,0,0,0,0,0,0,0,0,0,0,0,0,0,0,0,10.4,10.4,10.4,10.4,10.4,10.4,10.4,10.4,10.4,10.4,10.4,10.4,10.4,10.4,10.4,10.4,10.4,10.4,10.4,10.4,10.4,10.4,10.4,10.4,10.4,10.4,10.4,10.4,10.4,10.4,10.4,1.372,1.806,0.226,2.587,6.684,2.951,5.035,6.684,8.559,7.205,8.785,7.274,6.701,5.851,5.573,6.493,7.326,6.233,4.358,6.337,6.354,6.163,2.674,3.073,6.563,5.347,3.125,3.212,2.795,2.378,0.226,,,,,,,,,,,,,,,,,,,,,,,,,,,,,,,,,,,,,,,,,,,,,,,,,,,,,,,,,,,,,,
,Dinajpur,September,0,0.017,0.017,0.017,0.017,0.017,0.017,0.017,0.017,0.017,0.017,0.017,0.017,0.017,0.017,0.017,0.017,0.017,0.017,0.017,0.017,0.017,0.017,0.017,0.017,0.017,0.017,0.017,0.017,0.017,0.017,,0.012,0.012,0.012,0.012,0.012,0.023,0.023,0.012,0.012,0.012,0.012,0.012,0.012,0.012,0.012,0.012,0.012,0.012,0.012,0.012,0.012,0.012,0.012,0.012,0.012,0.012,0.105,0.012,0.012,0.012,,0,0,0,0,0,0,0,0,0,0,0,0,0,0,0,0,0,0,0,0,0,0,0,0,0,0,0,0,0,0,,,,,,,,,,,,,,,,,,,,,,,,,,,,,,,,,,,,,,,,,,,,,,,,,,,,,,,,,,,,,,,,,,,,,,,,,,,,,,,,,,,,,,,,,,,,,,
,Dinajpur,September,1,0.365,0.139,0.017,0.017,0.191,0.677,0.503,0.017,0.191,0.017,0.017,0.156,0.017,0.017,0.017,0.017,0.017,0.295,0.017,0.243,0.365,0.278,0.017,0.017,0.017,0.156,0.017,0.017,0.017,0.017,,0.023,0.141,0.059,0.082,0.117,0.152,0.141,0.035,0.082,0.023,0.082,0.082,0.105,0.141,0.094,0.105,0.129,0.129,0.105,0.012,0.082,0.07,0.012,0.023,0.129,0.047,0.211,0.129,0.152,0.141,,0,0,1.2,0.1,0.2,0,0,2.2,0,0.3,0.4,0.4,0.5,0.2,1.2,0.6,0,0,0,0,0,0,0,0,0.6,0.4,0,0.6,0.3,0.6,,0.017,0.017,0.017,0.017,0.017,0.017,0.017,0.017,0.017,0.017,0.017,0.017,0.017,0.017,0.017,0.017,0,0,0,0,0,0,0,0,0,0,0,0,0,0,,,,,,,,,,,,,,,,,,,,,,,,,,,,,,,,,,,,,,,,,,,,,,,,,,,,,,,,,,,,,,,
,Dinajpur,September,2,0.208,0.764,0.017,0.017,0.365,0.608,1.007,0.365,0.226,0.191,0.017,0.729,0.017,0.017,0.017,0.017,0.017,0.712,0.382,0.417,0.434,0.434,0.017,0.017,0.017,0.764,0.764,0.017,0.017,0.017,,0.082,0.304,0.34,0.41,0.422,0.234,0.199,0.141,0.293,0.012,0.199,0.234,0.129,0.246,0.246,0.363,0.035,0.105,0.164,0.012,0.012,0.164,0.059,0.047,0.094,0.094,0.433,0.281,0.328,0.304,,0,0,2.8,1.1,1.4,0,0,2,1,1.4,1.3,1.4,1.4,0.4,3.6,0.8,0,0,0.6,1.1,1.5,0.2,0,1.2,2,1.3,0.7,0.9,1,1.4,,0.174,0.017,0.017,0.017,0.017,0.017,0.017,0.295,0.26,0.295,0.295,0.017,0.017,0.017,0.017,0.017,0,0,0,0,0.1,0.1,0,0,0,0.2,0,0,0,0.1,,,,,,,,,,,,,,,,,,,,,,,,,,,,,,,,,,,,,,,,,,,,,,,,,,,,,,,,,,,,,,,
,Dinajpur,September,3,0.243,0.92,0.451,0.799,0.833,0.833,1.233,0.417,0.972,0.399,0.295,0.399,0.017,0.278,0.313,0.017,0.017,0.59,0.816,0.799,0.833,0.851,0.017,0.069,0.017,0.747,0.451,0.017,0.017,0.122,,0.246,0.55,0.585,0.562,0.48,0.48,0.281,0.234,0.48,0.012,0.574,0.574,0.457,0.515,0.48,0.457,0.152,0.515,0.48,0.012,0.117,0.094,0.094,0.082,0.164,0.164,0.656,0.457,0.48,0.527,,1.8,0,3.5,2.2,1.7,0,0,2.7,2.1,1.9,0,3.2,3.8,1.5,5.8,2.2,1.9,0,2.5,3.5,3.1,1.5,1.8,3.1,3.9,3.5,1.8,4.1,2,1.9,,0.226,0.017,0.017,0.017,0.017,0.017,0.017,0.434,0.417,0.451,0.434,0.017,0.017,0.017,0.017,0.017,0,0,0,0.1,0.2,0.3,0,0.3,0.1,0.3,0.1,0,0.1,0.3,,,,,,,,,,,,,,,,,,,,,,,,,,,,,,,,,,,,,,,,,,,,,,,,,,,,,,,,,,,,,,,
,Dinajpur,September,4,0.903,1.007,0.556,0.451,0.99,1.007,0.59,0.503,0.66,0.417,0.781,0.017,0.417,0.781,0.017,0.017,0.017,0.243,0.712,0.868,0.955,0.972,0.191,0.191,0.017,0.851,0.885,0.017,0.017,0.347,,0.047,0.609,0.667,0.293,0.281,0.539,0.609,0.363,0.632,0.117,0.141,0.691,0.187,0.597,0.656,0.515,0.48,0.644,0.679,0.187,0.187,0.117,0.07,0.07,0.047,0.199,0.422,0.562,0.609,0.574,,2,0,4.3,3.1,2.1,0.2,0,4,4.3,2.7,0.5,4,3,2,6.3,3.1,3.5,0,3,4.5,4.3,1.2,1.5,4.2,5,2.1,3.7,5,2.3,2.2,,0.417,0.833,0.017,0.017,0.069,0.191,0.608,0.59,0.573,0.503,0.538,0.017,0.017,0.017,0.017,0.017,0,0.2,0,0.4,0.5,0.6,0.3,0.5,0.1,0.5,0,0,0.2,0.5,,,,,,,,,,,,,,,,,,,,,,,,,,,,,,,,,,,,,,,,,,,,,,,,,,,,,,,,,,,,,,,
,Dinajpur,September,5,0.833,1.024,0.799,0.747,0.747,1.042,0.538,0.66,0.59,0.955,0.816,0.33,0.538,0.608,0.017,0.017,0.191,0.538,0.833,0.278,0.295,1.042,0.295,0.399,0.017,0.712,0.955,0.017,0.017,0.017,,0.012,0.667,0.703,0.199,0.656,0.714,0.574,0.55,0.691,0.316,0.363,0.714,0.667,0.796,0.34,0.749,0.667,0.703,0.703,0.199,0.199,0.164,0.152,0.152,0.105,0.105,0.34,0.714,0.691,0.621,,1.5,0,2.3,3.6,2.8,2,0,3.8,4,3.8,2.5,5.1,2.5,1.1,4,4.8,4,0,4.1,5.5,5.2,2.5,2,5.3,6.1,4.6,4.9,5.7,3.6,2.5,,0.538,0.347,0.226,0.017,0.174,0.243,0.521,0.191,0.677,0.694,0.451,0.017,0.017,0.017,0.503,0.017,0.6,0.7,0,0.6,0.5,0.4,0.3,0.6,0.1,0.7,0,0.2,0.2,0.4,,,,,,,,,,,,,,,,,,,,,,,,,,,,,,,,,,,,,,,,,,,,,,,,,,,,,,,,,,,,,,,
,Dinajpur,September,6,0.938,0.747,1.007,0.33,0.694,1.233,0.712,1.007,0.816,0.816,0.625,0.399,0.677,0.903,0.017,0.156,0.017,0.642,0.434,0.191,0.99,1.059,0.365,0.833,0.017,0.694,1.024,0.017,0.017,0.017,,0.07,0.703,0.211,0.176,0.82,0.726,0.386,0.304,0.796,0.433,0.234,0.902,0.504,0.562,0.82,0.597,0.351,0.796,0.796,0.176,0.176,0.152,0.176,0.176,0.07,0.234,0.176,0.691,0.749,0.199,,2.5,0,3.1,4.4,3.3,3.4,1.7,3.3,2.7,4.2,3.8,6,2.2,2.7,3.1,5.3,3.6,0,4.8,5.7,5.8,3.2,3.3,5.7,6.2,5.9,5.2,6,2.5,3.8,,0.017,0.33,0.417,0.017,0.226,0.017,0.59,0.972,0.938,0.833,0.799,0.017,0.017,0.017,0.538,0.017,0.7,0.5,0.1,0.7,0.6,0.8,0.7,0.6,0.3,1,0,0.4,0.4,0.7,,,,,,,,,,,,,,,,,,,,,,,,,,,,,,,,,,,,,,,,,,,,,,,,,,,,,,,,,,,,,,,
,Dinajpur,September,7,1.007,1.042,1.076,0.469,0.677,1.146,1.128,0.903,0.694,0.573,1.042,0.295,0.017,0.764,0.017,0.174,0.017,0.729,0.642,0.156,0.278,0.295,0.26,0.972,0.017,1.024,0.764,0.017,0.017,0.017,,0.211,0.187,0.785,0.831,0.773,0.304,0.574,0.621,0.667,0.468,0.527,0.141,0.749,0.328,0.117,0.468,0.609,0.504,0.504,0.152,0.152,0.141,0.199,0.199,0.187,0.129,0.246,0.48,0.234,0.234,,0.5,0.1,4.6,4.8,2.6,4.4,2.5,4.4,2.9,3,4,4.5,4.6,3,7.1,2.1,0,0,4,4.2,4.5,4.2,3.7,5.9,6.1,5.5,6,4.4,4.5,2.3,,0.017,0.434,0.451,0.017,0.295,0.017,0.747,1.181,1.146,1.198,0.59,0.017,0.017,0.017,0.608,0.017,0.8,0.3,0.1,1,0.8,0.9,0.5,0.7,0.5,1.1,0,0.6,0.7,0.9,,,,,,,,,,,,,,,,,,,,,,,,,,,,,,,,,,,,,,,,,,,,,,,,,,,,,,,,,,,,,,,
,Dinajpur,September,8,0.851,0.642,0.868,0.625,0.573,1.094,1.094,0.851,0.191,0.885,0.608,0.399,0.017,0.851,0.017,0.122,0.017,1.146,0.33,0.191,0.156,0.017,0.208,0.017,0.017,0.799,0.59,0.017,0.017,0.017,,0.211,0.703,0.691,0.714,0.796,0.386,0.621,0.703,0.562,0.48,0.574,0.246,0.433,0.304,0.211,0.293,0.667,0.644,0.644,0.258,0.258,0.105,0.164,0.164,0.129,0.082,0.515,0.422,0.433,0.281,,1.9,0.5,3.1,4.6,1.8,3.9,3.8,2.1,3.3,3.4,3.6,4.6,4.8,2.1,3.1,1.1,0,0,3.3,3,3.8,4.9,4.8,5.2,5.7,4.8,4.5,0,3.8,1.3,,0.017,0.33,0.608,0.365,0.573,0.017,0.99,1.233,1.181,1.094,0.66,0.017,0.017,0.017,0.816,0.017,0.9,0,0.3,1,0.9,0.8,0.8,0.8,0.4,0.9,0,0.7,0.7,1.1,,,,,,,,,,,,,,,,,,,,,,,,,,,,,,,,,,,,,,,,,,,,,,,,,,,,,,,,,,,,,,,
,Dinajpur,September,9,0.625,0.538,0.486,0.868,0.295,0.642,0.747,0.972,0.017,0.313,0.556,0.608,0.017,0.538,0.017,0.017,0.017,1.059,0.417,0.365,0.122,0.017,0.747,0.017,0.017,0.538,0.538,0.017,0.017,0.017,,0.141,0.468,0.48,0.527,0.492,0.258,0.504,0.597,0.211,0.211,0.609,0.422,0.141,0.187,0.094,0.164,0.504,0.293,0.293,0.176,0.176,0.105,0.117,0.117,0.07,0.082,0.246,0.398,0.152,0.211,,2.4,1,2.7,2.4,0,2.9,3.2,0.9,0.8,2.9,2.9,3.6,4.5,1.4,1.4,0.5,1.1,0,1.8,0.9,3.5,3.5,3.7,3.1,3.8,3.7,3.1,0.3,4.2,1.6,,0.017,0.104,0.382,0.399,0.295,0.365,0.521,1.059,1.059,0.903,0.382,0.017,0.017,0.017,0.017,0.052,0.9,0,0.3,0.7,0.7,0.9,0.7,0.7,0.4,0.6,0,0.6,0.5,0.3,,,,,,,,,,,,,,,,,,,,,,,,,,,,,,,,,,,,,,,,,,,,,,,,,,,,,,,,,,,,,,,
,Dinajpur,September,10,0.33,0.365,0.399,0.538,0.382,0.243,0.434,0.017,0.208,0.278,0.417,0.417,0.017,0.347,0.017,0.017,0.017,0.694,0.521,0.313,0.156,0.017,0.191,0.017,0.017,0.469,0.365,0.017,0.017,0.017,,0.047,0.141,0.386,0.363,0.34,0.304,0.246,0.527,0.035,0.141,0.176,0.141,0.164,0.105,0.07,0.152,0.222,0.141,0.141,0.047,0.047,0.035,0.023,0.023,0.023,0.035,0.012,0.234,0.023,0.141,,0.7,0.9,2.1,1.5,0,1.4,1.2,0,0.6,1.7,0.5,2.6,1.6,0.3,0.5,0.2,0,1.5,1.2,1.3,0,1.4,1.6,0.5,2,1.8,0.8,0.2,2,0.8,,0.017,0.035,0.226,0.434,0.226,0.33,0.313,0.017,0.66,0.747,0.017,0.017,0.017,0.017,0.017,0.087,0.6,0,0,0.6,0.4,0.6,0.2,0.3,0.2,0.2,0,0.2,0.5,0.2,,,,,,,,,,,,,,,,,,,,,,,,,,,,,,,,,,,,,,,,,,,,,,,,,,,,,,,,,,,,,,,
,Dinajpur,September,11,0.208,0.243,0.26,0.243,0.451,0.017,0.156,0.017,0.156,0.556,0.017,0.017,0.017,0.503,0.017,0.017,0.017,0.365,0.365,0.052,0.052,0.017,0.017,0.017,0.017,0.382,0.156,0.017,0.017,0.017,,0.047,0.07,0.141,0.129,0.117,0.094,0.105,0.152,0.105,0.082,0.094,0.141,0.094,0.059,0.035,0.059,0.129,0.047,0.047,0.035,0.035,0.035,0.012,0.012,0.012,0.012,0.012,0.047,0.012,0.094,,0.6,0,0.9,0.5,0,0.6,0.4,0,0,0.4,0,0.5,0.2,0,0,0.5,0,0.6,0.4,0.4,0,0.6,1,0.2,0.2,0.6,1.9,0.1,0.3,0.3,,0.017,0.017,0.174,0.156,0.122,0.139,0.087,0.017,0.434,0.365,0.295,0.017,0.017,0.017,0.017,0.052,0.2,0.8,0,0.4,0.3,0.4,0.3,0.3,0.2,0.1,0,0.1,0.2,0.2,,,,,,,,,,,,,,,,,,,,,,,,,,,,,,,,,,,,,,,,,,,,,,,,,,,,,,,,,,,,,,,
,Dinajpur,September,12,0.052,0.139,0.069,0.156,0.104,0.017,0.017,0.052,0.017,0.069,0.017,0.017,0.017,0.052,0.017,0.017,0.017,0.174,0.017,0.017,0.017,0.017,0.017,0.017,0.017,0.313,0.017,0.017,0.017,0.017,,0.047,0.012,0.012,0.012,0.012,0.012,0.012,0.07,0.012,0.012,0.012,0.012,0.012,0.012,0.012,0.012,0.012,0.012,0.012,0.012,0.012,0.012,0.012,0.012,0.012,0.012,0.012,0.012,0.012,0.012,,0,0,0,0,0,0,0,0,0,0,0,0,0,0,0,0,0,0,0,0,0,0,0,0,0,0,0.6,0,0,0,,0.017,0.017,0.017,0.069,0.035,0.069,0.052,0.017,0.365,0.208,0.226,0.017,0.017,0.017,0.017,0.017,0.1,0,0,0.1,0.1,0,0.1,0.1,0.1,0,0,0,0,0,,,,,,,,,,,,,,,,,,,,,,,,,,,,,,,,,,,,,,,,,,,,,,,,,,,,,,,,,,,,,,,
,Dinajpur,September,13,0.017,0.017,0.017,0.017,0.069,0.017,0.017,0.017,0.017,0.017,0.017,0.017,0.017,0.017,0.017,0.017,0.017,0.035,0.017,0.017,0.017,0.017,0.017,0.017,0.017,0.017,0.017,0.017,0.017,0.017,,0.035,0.012,0.012,0.012,0.012,0.012,0.012,0.012,0.012,0.012,0.012,0.012,0.012,0.012,0.012,0.012,0.012,0.012,0.012,0.012,0.012,0.012,0.012,0.012,0.012,0.012,0.012,0.012,0.012,0.012,,0,0,0,0,0,0,0,0,0,0,0,0,0,0,0,0,0,0,0,0,0,0,0,0,0,0,0,0,0,0,,0.017,0.017,0.017,0.017,0.017,0.017,0.017,0.017,0.052,0.035,0.017,0.017,0.017,0.017,0.017,0.017,0,0,0,0,0,0,0,0,0,0,0,0,0,0,,,,,,,,,,,,,,,,,,,,,,,,,,,,,,,,,,,,,,,,,,,,,,,,,,,,,,,,,,,,,,,
,,,Total,6.597,7.604,6.042,5.295,6.389,8.594,8.194,5.816,4.774,5.503,5.243,3.819,1.823,5.694,0.538,0.642,0.417,7.24,5.521,3.924,4.688,5.052,2.378,2.622,0.243,7.483,6.563,0.243,0.243,0.677,,1.23,4.578,5.082,4.321,5.328,4.239,4.286,4.321,4.59,2.33,3.607,4.321,3.665,3.876,3.197,3.958,3.981,4.555,4.59,1.3,1.475,1.218,1.112,1.101,1.066,1.218,3.396,4.45,3.899,3.361,0,13.9,2.5,30.6,28.3,15.9,18.8,12.8,25.4,21.7,25.7,19.5,35.9,29.1,14.7,36.1,21.2,14.1,2.1,25.7,30.1,31.7,23.2,23.4,34.4,41.6,34.2,33.2,27.3,26.5,18.7,0,1.51,2.517,2.587,1.563,2.083,1.458,4.497,6.042,7.778,7.344,4.722,0.226,0.226,0.226,2.622,0.365,4.809,2.639,0.868,5.59,5.26,5.712,4.028,5.174,2.448,5.677,0.26,2.778,3.715,4.792,0,,,,,,,,,,,,,,,,,,,,,,,,,,,,,,,,,,,,,,,,,,,,,,,,,,,,,,,,,,,,,,
,Dinajpur,October,0,0.017,0.017,0.017,0.017,0.017,0.017,0.017,0.017,0.017,0.017,0.017,0.017,0.017,0.017,0.017,0.017,0.017,0.017,0.017,0.017,0.017,0.017,0.017,0.017,0.017,0.017,0.017,0.017,0.017,0.017,0.017,0.012,0.012,0.012,0.012,0.012,0.012,0.012,0.012,0.012,0.012,0.012,0.012,0.012,0.012,0.012,0.012,0.012,0.012,0.012,0.012,0.012,0.012,0.012,0.012,0.012,0.012,0.012,0.012,0.012,0.012,0.012,0,0,0,0,0,0,0,0,0,0,0,0,0,0,0,0,0,0,0,0,0,0,0,0,0,0,0,0,0,0,0,,,,,,,,,,,,,,,,,,,,,,,,,,,,,,,,,,,,,,,,,,,,,,,,,,,,,,,,,,,,,,,,,,,,,,,,,,,,,,,,,,,,,,,,,,,,,
,Dinajpur,October,1,0.191,0.017,0.017,0.017,0.017,0.017,0.017,0.017,0.017,0.017,0.017,0.017,0.052,0.017,0.017,0.069,0.017,0.017,0.017,0.017,0.017,0.017,0.017,0.017,0.017,0.017,0.017,0.017,0.156,0.139,0.052,0.117,0.082,0.129,0.082,0.082,0.012,0.105,0.094,0.129,0.141,0.152,0.105,0.07,0.117,0.117,0.105,0.082,0.07,0.035,0.059,0.035,0.012,0.012,0.012,0.012,0.012,0.07,0.035,0.082,0.094,0.035,0.6,0.4,0,0,0,0,0,0,0,0,0,0,0,0,1.2,1.4,0,0,0,0,0,0,0,0,0,0,0,0,0,0,0,0.017,0.02,0.017,0.017,0.017,0.122,0.017,0.017,0.017,0.017,0.017,0.017,0.017,0.017,0.017,0.017,0,0,0,0,0,0,0,0,0,0,0,0,0,0,0,,,,,,,,,,,,,,,,,,,,,,,,,,,,,,,,,,,,,,,,,,,,,,,,,,,,,,,,,,,,,,
,Dinajpur,October,2,0.451,0.017,0.33,0.347,0.191,0.208,0.417,0.017,0.017,0.712,0.017,0.556,0.347,0.538,0.556,0.521,0.417,0.399,0.295,0.26,0.017,0.017,0.017,0.295,0.017,0.017,0.556,0.33,0.399,0.313,0.347,0.304,0.234,0.34,0.363,0.129,0.117,0.234,0.164,0.234,0.328,0.351,0.304,0.351,0.375,0.386,0.269,0.246,0.117,0.164,0.164,0.129,0.012,0.012,0.012,0.082,0.082,0.211,0.187,0.222,0.199,0.129,1.5,1.9,0,0,0,0,0,1,1,0,1.5,1.3,1.1,1,1.6,1.9,0,0,0,0,0,1.6,0.9,0.6,0.6,0,0,0,1.4,1.2,1,0.122,0.038,0.069,0.017,0.017,0.017,0.017,0.017,0.017,0.122,0.156,0.017,0.017,0.017,0.017,0.069,0.1,0.1,0.1,0.2,0.2,0.2,0.1,0,0,0,0,0,0,0.1,0.2,,,,,,,,,,,,,,,,,,,,,,,,,,,,,,,,,,,,,,,,,,,,,,,,,,,,,,,,,,,,,,
,Dinajpur,October,3,0.712,0.469,0.851,0.764,0.486,0.694,0.59,0.365,0.382,0.799,0.017,0.868,0.694,0.799,0.66,0.799,0.747,0.764,0.642,0.486,0.017,0.712,0.365,0.486,0.017,0.226,0.712,0.764,0.556,0.625,0.59,0.48,0.293,0.48,0.433,0.047,0.141,0.187,0.34,0.34,0.386,0.41,0.445,0.457,0.457,0.468,0.41,0.445,0.094,0.386,0.316,0.117,0.023,0.012,0.012,0.234,0.234,0.433,0.281,0.433,0.445,0.258,1.9,2.6,0,0,0,0,0.6,2.5,2.5,1,2.6,1.6,1.2,1.8,1.4,3.1,0,0,0,0,0.8,2.8,1.9,1.7,2,1.7,1.3,1.5,2.3,2.2,2.8,0.191,0.051,0.191,0.017,0.017,0.122,0.017,0.313,0.017,0.26,0.313,0.087,0.017,0.017,0.347,0.226,0.2,0.2,0.2,0.2,0.3,0.3,0.3,0.2,0,0.2,0,0.1,0.2,0.3,0.2,,,,,,,,,,,,,,,,,,,,,,,,,,,,,,,,,,,,,,,,,,,,,,,,,,,,,,,,,,,,,,
,Dinajpur,October,4,0.851,0.521,0.955,0.469,0.347,0.868,0.885,0.139,0.59,0.955,0.59,0.903,0.243,0.747,0.573,0.938,0.885,0.799,0.729,0.66,0.087,0.938,0.295,0.226,0.017,0.365,0.625,0.833,0.868,0.816,0.712,0.621,0.141,0.761,0.527,0.211,0.152,0.293,0.328,0.609,0.375,0.597,0.574,0.539,0.539,0.585,0.527,0.527,0.199,0.504,0.433,0.316,0.035,0.012,0.012,0.258,0.246,0.468,0.562,0.492,0.539,0.293,2.2,2.9,0,0,0,0.5,1.8,0.2,0.2,1.8,3.3,2.3,1.7,2.8,2.7,4.2,0,0,0,0,2.4,3.3,2.2,3.1,4.3,3.5,3.1,2.8,3.7,3.7,3.8,0.451,0.096,0.313,0.017,0.017,0.486,0.017,0.486,0.347,0.451,0.486,0.191,0.017,0.017,0.347,0.503,0.5,0.5,0.5,0.4,0.5,0.4,0.6,0.3,0.1,0.4,0.1,0.3,0.3,0.4,0.5,,,,,,,,,,,,,,,,,,,,,,,,,,,,,,,,,,,,,,,,,,,,,,,,,,,,,,,,,,,,,,
,Dinajpur,October,5,0.729,1.163,0.729,0.781,0.677,0.99,1.059,1.007,0.712,0.92,0.677,0.955,0.833,0.694,0.781,0.799,0.781,0.885,0.642,0.503,0.278,0.382,0.451,0.295,0.017,0.399,0.573,0.59,1.007,0.885,0.799,0.433,0.445,0.211,0.445,0.468,0.234,0.457,0.375,0.726,0.644,0.609,0.644,0.691,0.691,0.082,0.621,0.55,0.398,0.468,0.48,0.363,0.012,0.012,0.012,0.386,0.304,0.574,0.48,0.597,0.562,0.48,3.8,3.9,0,0,0,1.2,1.5,3.4,3.4,1.4,3.7,2.8,2.3,3.2,3.7,4.8,2.2,1.1,0,0,4.1,4.1,4,4.1,2.5,2.5,4,3.9,4.3,4.2,4.2,0.712,0.141,0.33,0.017,0.017,0.017,0.191,0.677,0.538,0.608,0.66,0.677,0.017,0.469,0.486,0.677,0.7,0.7,0.6,0.6,0.6,0.6,0.7,0.7,0.2,0.6,0.3,0.4,0.5,0.5,0.7,,,,,,,,,,,,,,,,,,,,,,,,,,,,,,,,,,,,,,,,,,,,,,,,,,,,,,,,,,,,,,
,Dinajpur,October,6,0.66,0.556,0.66,0.903,0.434,0.747,0.191,0.747,0.747,0.66,0.729,0.868,0.677,0.781,0.92,0.816,0.851,0.799,0.365,0.747,0.503,0.799,0.278,0.26,0.017,0.122,0.486,0.226,0.833,0.903,0.833,0.281,0.492,0.562,0.597,0.164,0.152,0.644,0.597,0.246,0.726,0.632,0.644,0.726,0.726,0.691,0.667,0.621,0.258,0.386,0.597,0.398,0.012,0.012,0.012,0.433,0.422,0.585,0.621,0.621,0.632,0.328,5.2,2.7,0,0,0,1.8,2.3,4.8,4.8,3,4,3.9,2.9,3.8,4.3,5.3,2.8,2.6,0,0,4.4,4.5,4.1,4.5,3.5,4.2,3.4,4.3,4.4,2.5,4.1,0.747,0.147,0.573,0.017,0.365,0.017,0.486,0.851,0.694,0.851,0.608,0.625,0.017,0.747,0.729,0.764,0.7,0.7,0.7,0.6,0.7,0.6,0.7,0.7,0.7,0.7,0.5,0.6,0.6,0.6,0.5,,,,,,,,,,,,,,,,,,,,,,,,,,,,,,,,,,,,,,,,,,,,,,,,,,,,,,,,,,,,,,
,Dinajpur,October,7,0.885,1.076,1.111,1.094,0.747,0.781,0.208,0.851,0.833,0.243,1.024,0.99,0.799,0.469,0.556,0.573,0.556,0.538,0.347,0.816,0.469,0.66,0.226,0.313,0.017,0.503,0.451,0.486,0.868,0.677,0.59,0.48,0.398,0.621,0.41,0.152,0.433,0.597,0.433,0.199,0.48,0.667,0.667,0.738,0.738,0.749,0.738,0.691,0.433,0.363,0.222,0.316,0.047,0.012,0.258,0.386,0.468,0.55,0.504,0.667,0.597,0.152,4.1,3,0,0,0,1.9,2.5,4.3,4.3,4.3,3.8,3.7,2.1,4,5.2,5,1.1,2.9,0,0,3.3,5.8,5.4,4.3,3.4,3.5,4.1,4.2,4.1,2.2,3.5,0.781,0.153,0.885,0.017,0.451,0.017,0.573,1.076,0.799,1.007,0.417,0.399,0.017,0.868,0.851,0.729,0.7,0.8,0.7,0.7,0.7,0.7,0.8,0.8,0.9,0.7,0.6,0.7,0.8,0.7,0.5,,,,,,,,,,,,,,,,,,,,,,,,,,,,,,,,,,,,,,,,,,,,,,,,,,,,,,,,,,,,,,
,Dinajpur,October,8,1.024,1.198,1.024,0.99,0.816,0.59,0.191,1.042,0.694,0.226,0.486,0.486,0.503,0.417,0.174,0.191,0.382,0.243,0.313,0.59,0.451,0.469,0.035,0.069,0.017,0.156,0.469,0.712,0.677,0.538,0.538,0.445,0.316,0.457,0.398,0.433,0.48,0.351,0.363,0.41,0.445,0.527,0.562,0.585,0.585,0.562,0.504,0.48,0.515,0.059,0.199,0.222,0.059,0.012,0.375,0.375,0.281,0.41,0.422,0.504,0.468,0.141,2.8,5.6,0,0.9,0,1.2,3,1.3,1.3,4.5,3.4,2.8,1.6,3,3.2,4.3,2.2,1.8,0,0,2.9,6.1,4.7,3.8,1.2,1.9,4.4,3.3,3.9,3.4,2.8,0.868,0.168,0.851,0.017,0.417,0.052,0.538,1.007,0.885,0.885,0.156,0.538,0.017,0.885,0.972,0.625,0.8,0.9,0.8,0.8,0.7,0.7,0.9,0.9,0.9,0.7,0.7,0.4,1,0.7,0.7,,,,,,,,,,,,,,,,,,,,,,,,,,,,,,,,,,,,,,,,,,,,,,,,,,,,,,,,,,,,,,
,Dinajpur,October,9,1.059,0.538,0.625,0.365,0.174,0.451,0.017,0.556,0.313,0.521,0.451,0.347,0.365,0.26,0.122,0.122,0.295,0.191,0.26,0.712,0.313,0.313,0.017,0.191,0.017,0.191,0.243,0.469,0.278,0.399,0.417,0.55,0.082,0.023,0.363,0.48,0.246,0.422,0.398,0.375,0.386,0.351,0.398,0.398,0.398,0.386,0.351,0.363,0.246,0.082,0.164,0.164,0.035,0.012,0.129,0.176,0.304,0.316,0.316,0.363,0.351,0.07,1.6,2.2,0,1.4,0,1,0.9,1.1,1.1,0.7,1,1.4,0.8,0.7,2.3,0,1.6,0.8,0,0,2.1,2,1.7,1.8,1.3,1.5,2.4,2,1.9,1.7,2.3,0.677,0.135,0.66,0.017,0.347,0.313,0.33,0.278,0.417,0.538,0.503,0.521,0.017,0.712,1.007,0.521,0.5,0.7,0.7,0.6,0.6,0.7,0.6,0.3,0.6,0.5,0.2,0.3,0.5,0.5,0.8,,,,,,,,,,,,,,,,,,,,,,,,,,,,,,,,,,,,,,,,,,,,,,,,,,,,,,,,,,,,,,
,Dinajpur,October,10,1.128,0.26,0.278,0.278,0.347,0.26,0.017,0.191,0.191,0.122,0.347,0.174,0.191,0.139,0.122,0.069,0.174,0.035,0.399,0.417,0.26,0.069,0.017,0.052,0.017,0.208,0.174,0.191,0.122,0.33,0.278,0.152,0.059,0.012,0.141,1.066,0.129,0.222,0.082,0.129,0.176,0.059,0.211,0.222,0.222,0.199,0.164,0.176,0.129,0.012,0.07,0.094,0.094,0.012,0.012,0.094,0.141,0.141,0.129,0.152,0.117,0.07,0.9,1,0,0,0,0.7,0.2,0,0,0.3,0.3,0.6,0,0.2,0.7,0,0.6,0.7,0,0,0.2,1,0.8,0.6,0.4,0.3,0.9,1.1,1.1,1,0.8,0.365,0.081,0.451,0.278,0.017,0.226,0.469,0.017,0.347,0.503,0.295,0.069,0.017,0.399,0.33,0.365,0.4,0.4,0.4,0.3,0.4,0.4,0.4,0.2,0.3,0.3,0.1,0.4,0.4,0.4,0.4,,,,,,,,,,,,,,,,,,,,,,,,,,,,,,,,,,,,,,,,,,,,,,,,,,,,,,,,,,,,,,
,Dinajpur,October,11,1.059,0.087,0.104,0.087,0.087,0.122,0.017,0.017,0.052,0.087,0.017,0.017,0.035,0.052,0.017,0.017,0.052,0.017,0.087,0.069,0.104,0.017,0.017,0.017,0.017,0.069,0.052,0.156,0.052,0.069,0.052,0.012,0.035,0.012,0.035,0.129,0.035,0.012,0.035,0.023,0.047,0.023,0.012,0.047,0.047,0.023,0.023,0.023,0.012,0.012,0.023,0.023,0.035,0.012,0.012,0.023,0.386,0.035,0.023,0.035,0.023,0.023,0,0,0,0,0,0.1,0,0,0,0,0,0,0,0,0.1,0,0,0,0,0,0,0,0,0,0,0,0.5,0,0,0,0,0.278,0.066,0.243,0.191,0.313,0.017,0.573,0.017,0.174,0.33,0.122,0.191,0.017,0.191,0.174,0.226,0.3,0.3,0.3,0.3,0.3,0.3,0.3,0.1,0.2,0.2,0.1,0.2,0.3,0.2,0.3,,,,,,,,,,,,,,,,,,,,,,,,,,,,,,,,,,,,,,,,,,,,,,,,,,,,,,,,,,,,,,
,Dinajpur,October,12,0.017,0.017,0.017,0.017,0.017,0.017,0.017,0.017,0.017,0.017,0.017,0.017,0.017,0.017,0.017,0.017,0.017,0.017,0.017,0.017,0.017,0.017,0.017,0.017,0.017,0.017,0.017,0.017,0.017,0.017,0.017,0.012,0.012,0.012,0.012,0.035,0.012,0.012,0.012,0.012,0.012,0.012,0.012,0.012,0.012,0.012,0.012,0.012,0.012,0.012,0.012,0.012,0.012,0.012,0.012,0.012,0.012,0.012,0.012,0.012,0.012,0.012,0,0,0,0,0,0,0,0,0,0,0,0,0,0,0,0,0,0,0,0,0,0,0,0,0,0,0,0,0,0,0,0.104,0.035,0.017,0.104,0.017,0.017,0.382,0.017,0.087,0.087,0.035,0.052,0.017,0.069,0.035,0.017,0.1,0.1,0.1,0.1,0.1,0.1,0.1,0,0,0,0,0,0.1,0,0,,,,,,,,,,,,,,,,,,,,,,,,,,,,,,,,,,,,,,,,,,,,,,,,,,,,,,,,,,,,,,
,Dinajpur,October,13,0.017,0.017,0.017,0.017,0.017,0.017,0.017,0.017,0.017,0.017,0.017,0.017,0.017,0.017,0.017,0.017,0.017,0.017,0.017,0.017,0.017,0.017,0.017,0.017,0.017,0.017,0.017,0.017,0.017,0.017,0.017,0.012,0.012,0.012,0.012,0.012,0.012,0.012,0.012,0.012,0.012,0.012,0.012,0.012,0.012,0.012,0.012,0.012,0.012,0.012,0.012,0.012,0.012,0.012,0.012,0.012,0.012,0.012,0.012,0.012,0.012,0.012,0,0,0,0,0,,0,0,0,0,0,0,0,0,0,0,0,0,0,0,0,0,0,0,0,0,0,0,0,0,0,0.017,0.02,0.017,0.017,0.017,0.017,0.087,0.017,0.017,0.017,0.017,0.017,0.017,0.017,0.017,0.017,0,0,0,0,0,0,0,0,0,0,0,0,0,0,0,,,,,,,,,,,,,,,,,,,,,,,,,,,,,,,,,,,,,,,,,,,,,,,,,,,,,,,,,,,,,,
,,,Total,8.802,5.955,6.736,6.146,4.375,5.781,3.663,5,4.601,5.313,4.427,6.233,4.792,4.965,4.549,4.965,5.208,4.74,4.149,5.33,2.569,4.444,1.788,2.274,0.243,2.326,4.41,4.826,5.868,5.747,5.26,3.911,2.611,3.642,3.829,3.419,2.166,3.56,3.244,3.454,4.169,4.415,4.602,4.859,4.93,4.286,4.415,4.239,2.506,2.506,2.763,2.213,0.41,0.164,0.89,2.494,2.916,3.829,3.595,4.204,4.063,2.014,24.6,26.2,0,2.3,0,8.4,12.8,18.6,18.6,17,23.6,20.4,13.7,20.5,26.4,30,10.5,9.9,0,0,20.2,31.2,25.7,24.5,19.2,19.1,24.1,23.1,27.1,22.1,25.3,5.33,1.151,4.618,0.747,2.031,1.441,3.698,4.792,4.358,5.677,3.785,3.403,0.226,4.427,5.33,4.757,4.983,5.33,4.861,4.861,5.139,5.087,5.434,4.167,4.028,4.358,2.639,3.455,4.67,4.497,4.792,,,,,,,,,,,,,,,,,,,,,,,,,,,,,,,,,,,,,,,,,,,,,,,,,,,,,,,,,,,,,,
,Dinajpur,November,0,0.017,0.017,0.017,0.017,0.017,0.017,0.017,0.017,0.017,0.017,0.017,0.017,0.017,0.017,0.017,0.017,0.017,0.017,0.017,0.017,0.017,0.017,0.017,0.017,0.017,0.017,0.017,0.017,0.017,0.017,0.017,0.012,0.012,0.012,0.012,0.012,0.012,0.012,0.012,0.012,0.012,0.012,0.012,0.012,0.012,0.012,0.012,0.012,0.012,0.012,0.012,0.012,0.012,0.012,0.012,0.012,0.012,0.012,0.012,0.012,0.012,,0,0,0,0,0,0,0,0,0,0,0,0,0,0,0,0,0,0,0,0,0,0,0,0,0,0,0,0,0,0,,0.017,0.017,0.017,0.017,0.017,0.017,0.017,0.017,0.017,0.017,0.017,0.017,0.017,0.017,0.017,0.017,0,0,0,0,0,0,0,0,0,0,0,0,0,0,,,,,,,,,,,,,,,,,,,,,,,,,,,,,,,,,,,,,,,,,,,,,,,,,,,,,,,,,,,,,,,
,Dinajpur,November,1,0.191,0.017,0.017,0.017,0.017,0.017,0.017,0.017,0.017,0.017,0.017,0.017,0.017,0.017,0.017,0.017,0.017,0.017,0.017,0.017,0.017,0.017,0.017,0.017,0.017,0.017,0.017,0.017,0.017,0.017,0.017,0.023,0.035,0.082,0.035,0.012,0.012,0.012,0.129,0.082,0.059,0.012,0.012,0.012,0.105,0.012,0.023,0.012,0.012,0.012,0.012,0.012,0.012,0.012,0.047,0.012,0.012,0.012,0.023,0.035,0.152,,0,0.6,0,0,0,0,0,0.4,0,0.3,0,0,1,0,0,0,0.2,0.3,0,0,0,0.2,0,0,0,0,0,0,0,0,,0.139,0.104,0.087,0.122,0.104,0.017,0.087,0.069,0.069,0.017,0.017,0.052,0.035,0.052,0.017,0.017,0,0,0,0,0,0,0,0,0,0,0,0,0,0,,,,,,,,,,,,,,,,,,,,,,,,,,,,,,,,,,,,,,,,,,,,,,,,,,,,,,,,,,,,,,,
,Dinajpur,November,2,0.365,0.017,0.087,0.052,0.087,0.191,0.382,0.208,0.313,0.156,0.226,0.156,0.278,0.122,0.104,0.122,0.052,0.069,0.122,0.087,0.156,0.122,0.017,0.104,0.069,0.017,0.069,0.052,0.035,0.035,0.156,0.281,0.316,0.34,0.293,0.258,0.281,0.269,0.258,0.316,0.269,0.258,0.328,0.246,0.246,0.199,0.246,0.234,0.211,0.199,0.012,0.012,0.152,0.176,0.187,0.187,0.199,0.211,0.152,0.152,0.222,,0.4,0.8,0.6,0.8,0.9,0.9,0.6,1.5,1.4,1.8,1.4,1.2,2.5,0.3,1.1,0.9,0.9,0.8,1,1,0.9,0.8,0.3,0,0.4,0.6,0.9,0.7,0.7,0,,0.295,0.278,0.174,0.243,0.226,0.208,0.243,0.226,0.226,0.226,0.243,0.226,0.191,0.208,0.191,0.156,0,0,0,0,0,0,0,0,0,0,0,0,0,0,,,,,,,,,,,,,,,,,,,,,,,,,,,,,,,,,,,,,,,,,,,,,,,,,,,,,,,,,,,,,,,
,Dinajpur,November,3,0.538,0.278,0.313,0.104,0.226,0.33,0.451,0.469,0.399,0.469,0.608,0.521,0.503,0.313,0.677,0.295,0.33,0.417,0.33,0.365,0.365,0.382,0.069,0.382,0.347,0.156,0.208,0.156,0.226,0.104,0.295,0.492,0.363,0.48,0.363,0.328,0.386,0.316,0.398,0.48,0.386,0.468,0.422,0.375,0.34,0.433,0.41,0.258,0.246,0.211,0.012,0.012,0.246,0.351,0.246,0.234,0.211,0.234,0.129,0.293,0.351,,2.5,2.8,2.8,1.8,2.3,2.2,2.4,2.7,3,3.1,2.8,3,3.3,1,1.8,2.1,2.2,2.2,1.9,1.7,1.8,1.7,0.8,0.4,0.7,1.8,2,2,2.1,0,,0.382,0.365,0.26,0.625,0.556,0.503,0.451,0.573,0.469,0.365,0.451,0.347,0.399,0.399,0.382,0.365,0.1,0.1,0.2,0.3,0.2,0.2,0.2,0.2,0.2,0.2,0.2,0.3,0.2,0.3,,,,,,,,,,,,,,,,,,,,,,,,,,,,,,,,,,,,,,,,,,,,,,,,,,,,,,,,,,,,,,,
,Dinajpur,November,4,0.712,0.347,0.417,0.382,0.486,0.521,0.486,0.486,0.642,0.434,0.677,0.712,0.625,0.451,0.694,0.347,0.365,0.59,0.503,0.451,0.556,0.503,0.365,0.538,0.469,0.191,0.434,0.191,0.365,0.226,0.399,0.386,0.55,0.562,0.433,0.515,0.258,0.41,0.55,0.621,0.585,0.504,0.504,0.48,0.433,0.55,0.667,0.363,0.34,0.187,0.117,0.012,0.281,0.468,0.304,0.304,0.246,0.258,0.609,0.34,0.398,,3.8,3.9,3.8,3.5,3.4,3.2,3.3,3.5,3.8,3.7,3.6,4.3,3.5,2.5,2.8,3,3.1,3.2,2.9,2,2.2,2.1,1.3,0.8,1.7,2.5,2.9,2.8,2.9,0,,0.486,0.503,0.486,0.747,0.712,0.66,0.642,0.66,0.642,0.417,0.434,0.486,0.556,0.434,0.521,0.451,0.3,0.3,0.6,0.5,0.3,0.4,0.4,0.5,0.5,0.3,0.4,0.5,0.5,0.4,,,,,,,,,,,,,,,,,,,,,,,,,,,,,,,,,,,,,,,,,,,,,,,,,,,,,,,,,,,,,,,
,Dinajpur,November,5,0.885,0.365,0.538,0.729,0.573,0.486,0.538,0.573,0.747,0.642,0.451,0.66,0.66,0.556,0.712,0.642,0.434,0.625,0.573,0.556,0.59,0.608,0.503,0.573,0.503,0.278,0.451,0.226,0.417,0.191,0.365,0.281,0.621,0.609,0.527,0.504,0.539,0.527,0.55,0.632,0.632,0.55,0.574,0.574,0.515,0.574,0.585,0.375,0.316,0.246,0.105,0.07,0.433,0.48,0.187,0.398,0.211,0.375,0.363,0.363,0.422,,4,4.3,4.1,3.9,3.9,2.8,4.7,3.8,4.6,4.8,4.4,4.5,4.8,4,3.7,3.5,3.6,2.8,3.7,2.2,1.9,2.8,1.6,0.9,2.9,3.1,3.4,3.3,3.4,0,,0.469,0.608,0.694,0.851,0.816,0.747,0.747,0.712,0.729,0.556,0.625,0.503,0.677,0.747,0.677,0.747,0.5,0.5,0.7,0.7,0.4,0.6,0.6,0.6,0.5,0.4,0.6,0.6,0.7,0.5,,,,,,,,,,,,,,,,,,,,,,,,,,,,,,,,,,,,,,,,,,,,,,,,,,,,,,,,,,,,,,,
,Dinajpur,November,6,1.059,0.642,0.608,0.521,0.486,0.469,0.556,0.608,0.642,0.729,0.747,0.625,0.521,0.556,0.556,0.729,0.521,0.66,0.608,0.625,0.642,0.694,0.59,0.608,0.486,0.295,0.382,0.278,0.451,0.278,0.33,0.785,0.656,0.621,0.468,0.562,0.574,0.55,0.574,0.574,0.597,0.597,0.55,0.562,0.515,0.539,0.492,0.386,0.468,0.316,0.012,0.023,0.515,0.539,0.222,0.375,0.222,0.234,0.152,0.386,0.375,,4.2,2.9,4.3,4.1,4.1,4,4.3,4.5,4.8,4.4,4.2,4.8,4.8,3.6,4,3.7,3.9,4,3.9,2.4,3.2,3,2.2,1.2,3.4,3.5,3.6,3.5,3.5,0,,0.799,0.694,0.955,0.92,0.799,0.903,0.868,0.764,0.833,0.677,0.747,0.538,0.712,0.677,0.764,0.608,0.5,0.6,0.7,0.8,0.5,0.6,0.7,0.6,0.5,0.6,0.7,0.7,0.9,0.7,,,,,,,,,,,,,,,,,,,,,,,,,,,,,,,,,,,,,,,,,,,,,,,,,,,,,,,,,,,,,,,
,Dinajpur,November,7,1.233,0.365,0.503,0.59,0.503,0.226,0.503,0.573,0.573,0.92,0.208,0.139,0.573,0.521,0.66,0.556,0.538,0.642,0.538,0.278,0.573,0.573,0.33,0.503,0.399,0.365,0.313,0.33,0.382,0.33,0.226,0.597,0.433,0.585,0.492,0.457,0.492,0.527,0.48,0.562,0.468,0.585,0.457,0.41,0.48,0.527,0.585,0.375,0.457,0.211,0.012,0.012,0.363,0.48,0.129,0.199,0.351,0.304,0.386,0.351,0.293,,3.6,4.4,4.1,2.9,4,4.3,3.8,3.7,4.1,4.8,4,5,3.9,3.8,4.2,3.2,3.1,3.5,3.7,2.2,3.4,2.8,3.3,1.7,1.8,3.1,3,3.1,3.3,0,,1.146,0.642,0.851,0.833,0.764,0.729,0.729,0.747,0.608,0.59,0.608,0.625,0.677,0.469,0.799,0.486,0.5,0.7,0.7,0.7,0.6,0.5,0.6,0.7,0.8,0.8,0.9,1,0.9,0.8,,,,,,,,,,,,,,,,,,,,,,,,,,,,,,,,,,,,,,,,,,,,,,,,,,,,,,,,,,,,,,,
,Dinajpur,November,8,1.406,0.33,0.417,0.399,0.278,0.33,0.399,0.382,0.382,0.486,0.156,0.174,0.694,0.243,0.139,0.503,0.365,0.399,0.365,0.243,0.313,0.365,0.191,0.382,0.33,0.278,0.278,0.365,0.243,0.365,0.208,0.363,0.141,0.527,0.375,0.375,0.386,0.422,0.422,0.433,0.363,0.433,0.34,0.316,0.409,0.41,0.351,0.269,0.41,0.176,0.012,0.012,0.012,0.422,0.176,0.141,0.246,0.222,0.269,0.246,0.129,,3,2.6,2.7,2.3,2.6,3.2,3.1,3.2,3.6,3.8,3.9,3.9,2.8,3.2,3,2.7,2.6,2.8,2.6,2.1,1.9,2.2,2.8,2.4,2.4,2.7,2.4,3,2.4,0,,0.451,0.191,0.434,0.399,0.365,0.399,0.382,0.365,0.313,0.347,0.33,0.347,0.469,0.434,0.538,0.521,0.5,0.7,0.7,0.6,0.6,0.5,0.5,0.7,0.9,0.8,0.7,0.9,0.9,0.9,,,,,,,,,,,,,,,,,,,,,,,,,,,,,,,,,,,,,,,,,,,,,,,,,,,,,,,,,,,,,,,
,Dinajpur,November,9,1.58,0.226,0.33,0.191,0.156,0.295,0.33,0.313,0.226,0.521,0.104,0.139,0.174,0.122,0.069,0.174,0.104,0.156,0.243,0.208,0.226,0.174,0.156,0.243,0.226,0.139,0.191,0.278,0.191,0.26,0.069,0.316,0.34,0.281,0.246,0.246,0.246,0.246,0.258,0.281,0.199,0.269,0.304,0.269,0.222,0.222,0.211,0.187,0.258,0.152,0.012,0.012,0.281,0.222,0.129,0.105,0.035,0.187,0.152,0.152,0.035,,2,2.1,1.8,1.9,1.9,1.7,1.7,1.8,2.3,2,2.1,1.9,1.3,2.1,1.5,1.3,2,1.6,1.3,1.3,1.2,1.3,1.6,1.6,1.6,1.3,1.6,1.5,2,0,,0.347,0.347,0.365,0.347,0.33,0.347,0.33,0.278,0.156,0.174,0.226,0.156,0.26,0.278,0.295,0.278,0.6,0.5,0.6,0.4,0.5,0.5,0.5,0.5,0.5,0.5,0.4,0.6,0.4,0.5,,,,,,,,,,,,,,,,,,,,,,,,,,,,,,,,,,,,,,,,,,,,,,,,,,,,,,,,,,,,,,,
,Dinajpur,November,10,1.753,0.069,0.052,0.017,0.104,0.122,0.191,0.139,0.069,0.347,0.069,0.069,0.087,0.069,0.052,0.069,0.017,0.035,0.052,0.069,0.069,0.052,0.035,0.122,0.104,0.017,0.069,0.104,0.069,0.122,0.017,0.129,0.152,0.117,0.094,0.082,0.07,0.094,0.129,0.094,0.094,0.082,0.082,0.07,0.059,0.059,0.035,0.023,0.035,0.012,0.012,0.012,0.211,0.094,0.012,0.023,0.023,0.047,0.094,0.035,0.012,,0.7,0.9,1,0.8,0.8,0.8,0.7,0.5,1.1,0.8,0.7,0.9,0.7,0.6,0.4,0.3,0.5,0.7,0.8,0.4,0.3,0.5,0.3,0.8,0.8,0.6,0.6,0.5,0.7,0,,0.278,0.26,0.156,0.139,0.104,0.122,0.104,0.122,0.069,0.052,0.104,0.052,0.104,0.122,0.139,0.122,0.2,0.3,0.3,0.3,0.2,0.3,0.2,0.3,0.3,0.3,0.3,0.3,0.3,0.3,,,,,,,,,,,,,,,,,,,,,,,,,,,,,,,,,,,,,,,,,,,,,,,,,,,,,,,,,,,,,,,
,Dinajpur,November,11,1.927,0.017,0.017,0.017,0.035,0.017,0.017,0.017,0.017,0.122,0.017,0.017,0.017,0.017,0.017,0.017,0.017,0.017,0.017,0.017,0.035,0.017,0.017,0.017,0.017,0.017,0.017,0.017,0.017,0.017,0.017,0.023,0.023,0.023,0.012,0.012,0.012,0.012,0.012,0.012,0.012,0.012,0.012,0.012,0.012,0.012,0.012,0.012,0.012,0.012,0.012,0.012,0.07,0.012,0.012,0.012,0.012,0.012,0.012,0.012,0.012,,0,0,0,0,0,0,0,0,0,0,0,0,0,0,0,0,0,0,0,0,0,0,0,0,0,0,0,0,0,0,,0.035,0.035,0.017,0.017,0.017,0.017,0.017,0.017,0.017,0.017,0.017,0.017,0.017,0.017,0.017,0.017,0.1,0,0.2,0.1,0.1,0.1,0.1,0.1,0.1,0.1,0.1,0.2,0.1,0.1,,,,,,,,,,,,,,,,,,,,,,,,,,,,,,,,,,,,,,,,,,,,,,,,,,,,,,,,,,,,,,,
,Dinajpur,November,12,2.101,0.017,0.017,0.017,0.017,0.017,0.017,0.017,0.017,0.017,0.017,0.017,0.017,0.017,0.017,0.017,0.017,0.017,0.017,0.017,0.017,0.017,0.017,0.017,0.017,0.017,0.017,0.017,0.017,0.017,0.017,0.023,0.012,0.012,0.012,0.012,0.012,0.012,0.012,0.012,0.012,0.012,0.012,0.012,0.012,0.012,0.012,0.012,0.012,0.012,0.012,0.012,0.012,0.012,0.012,0.012,0.012,0.012,0.012,0.012,0.012,,0,0,0,0,0,0,0,0,0,0,0,0,0,0,0,0,0,0,0,0,0,0,0,0,0,0,0,0,0,0,,0.017,0.017,0.017,0.017,0.017,0.017,0.017,0.017,0.017,0.017,0.017,0.017,0.017,0.017,0.017,0.017,0,0,0,0,0,0,0,0,0,0,0,0,0,0,,,,,,,,,,,,,,,,,,,,,,,,,,,,,,,,,,,,,,,,,,,,,,,,,,,,,,,,,,,,,,,
,Dinajpur,November,13,2.274,0.017,0.017,0.017,0.017,0.017,0.017,0.017,0.017,0.017,0.017,0.017,0.017,0.017,0.017,0.017,0.017,0.017,0.017,0.017,0.017,0.017,0.017,0.017,0.017,0.017,0.017,0.017,0.017,0.017,0.017,0.012,0.012,0.012,0.012,0.012,0.012,0.012,0.012,0.012,0.012,0.012,0.012,0.012,0.012,0.012,0.012,0.012,0.012,0.012,0.012,0.012,0.012,0.012,0.012,0.012,0.012,0.012,0.012,0.012,0.012,,0,0,0,0,0,,0,0,0,0,0,0,0,0,0,0,0,0,0,0,0,0,0,0,0,0,0,0,0,,,4.861,4.063,4.514,5.278,4.826,4.688,4.635,4.566,4.167,3.472,3.837,3.385,4.132,3.872,4.375,3.802,0,0,0,0,0,0,0,0,0,0,0,0,0,0,,,,,,,,,,,,,,,,,,,,,,,,,,,,,,,,,,,,,,,,,,,,,,,,,,,,,,,,,,,,,,,
,,,Total,16.042,2.726,3.351,3.073,3.003,3.056,3.924,3.837,4.08,4.896,3.333,3.281,4.201,3.038,3.75,3.524,2.813,3.681,3.42,2.969,3.594,3.559,2.344,3.542,3.021,1.823,2.483,2.066,2.465,1.997,2.153,3.724,3.665,4.262,3.372,3.384,3.29,3.419,3.794,4.122,3.7,3.806,3.618,3.361,3.371,3.571,3.653,2.529,2.799,1.768,0.363,0.234,2.611,3.29,1.686,2.026,1.803,2.131,2.377,2.4,2.436,,24.2,25.3,25.2,22,23.9,23.1,24.6,25.6,28.7,29.5,27.1,29.5,28.6,21.1,22.5,20.7,22.1,21.9,21.8,15.3,16.8,17.4,14.2,9.8,15.7,19.2,20.4,20.4,21,0,0,0.017,0.017,0.017,0.017,0.017,0.017,0.017,0.017,0.017,0.017,0.017,0.017,0.017,0.017,0.017,0.017,3.385,3.75,4.757,4.479,3.385,3.819,3.889,4.34,4.375,4.097,4.392,5.122,5.052,4.514,0,,,,,,,,,,,,,,,,,,,,,,,,,,,,,,,,,,,,,,,,,,,,,,,,,,,,,,,,,,,,,,
,Dinajpur,December,0,,,,,,,,,,,,,,,,,,,,,,,,,,,,,,,,0.023,0.023,0.023,0.035,0.023,0.012,0.012,0.012,0.012,0.023,0.023,0.023,0.035,0.023,0.012,0.012,0.012,0.012,0.012,0.023,0.035,0.023,0.023,0.035,0.023,0.012,0.012,0.012,0.012,0.012,0.012,0,0,0,0,0,0,0,0,0,0,0,0,0,0,0,0,0,0,0,0,0,0,0,0,0,0,0,0,0,0,0,0,0,0,0,0,0,0,0,0,0,0,0,0,0,0,0,0,0,0,0,0,0,0,0,0,0,0,0,0,0,0,,,,,,,,,,,,,,,,,,,,,,,,,,,,,,,,,,,,,,,,,,,,,,,,,,,,,,,,,,,,,,
,Dinajpur,December,1,0.017,0.017,0.017,0.017,0.017,0.017,0.017,0.017,0.017,0.017,0.017,0.017,0.017,0.017,0.017,0.017,0.017,0.017,0.017,0.017,0.017,0.017,0.017,0.017,0.017,0.017,0.017,0.017,0.017,0.017,0.017,0.164,0.164,0.152,0.164,0.059,0.023,0.023,0.082,0.023,0.164,0.164,0.152,0.164,0.059,0.023,0.023,0.082,0.023,0.023,0.094,0.082,0.105,0.059,0.129,0.117,0.105,0.012,0.023,0.012,0.012,0.023,0,0,0,0,0,0,0,0,0,0,0,0,0,0,0,0,0,0,0,0,0,0,0,0,0,0,0,0,0,0,0,0,0,0,0,0,0,0,0,0,0,0,0,0,0,0,0,0,0,0,0,0,0,0,0,0,0,0,0,0,0,0,,,,,,,,,,,,,,,,,,,,,,,,,,,,,,,,,,,,,,,,,,,,,,,,,,,,,,,,,,,,,,
,Dinajpur,December,2,0.052,0.035,0.017,0.035,0.104,0.035,0.017,0.069,0.052,0.069,0.017,0.017,0.017,0.017,0.017,0.017,0.017,0.017,0.017,0.017,0.017,0.017,0.017,0.017,0.017,0.017,0.017,0.017,0.017,0.017,0.017,0.141,0.246,0.199,0.222,0.07,0.082,0.07,0.152,0.105,0.141,0.246,0.199,0.222,0.07,0.082,0.07,0.152,0.105,0.082,0.211,0.234,0.222,0.234,0.152,0.316,0.199,0.211,0.176,0.023,0.012,0.129,0.7,0.6,0.9,0.6,0.7,0.4,0.7,0.4,0.2,0.3,0.5,0.4,0.6,0.8,0.5,0.2,0.7,0.6,0.3,0.2,0.6,0.7,0.5,0.6,0.7,0.6,0.3,0.5,0,0,0,0.017,0.017,0.017,0.017,0.017,0.017,0.017,0.017,0.017,0.017,0.017,0.017,0.017,0.017,0.017,0.017,0,0,0,0,0,0,0,0,0,0,0,0,0,0,0,,,,,,,,,,,,,,,,,,,,,,,,,,,,,,,,,,,,,,,,,,,,,,,,,,,,,,,,,,,,,,
,Dinajpur,December,3,0.295,0.104,0.156,0.156,0.503,0.503,0.122,0.382,0.313,0.278,0.156,0.122,0.069,0.069,0.052,0.087,0.017,0.017,0.017,0.017,0.017,0.017,0.208,0.017,0.017,0.017,0.017,0.017,0.017,0.017,0.104,0.222,0.386,0.316,0.386,0.094,0.082,0.117,0.246,0.222,0.222,0.386,0.316,0.386,0.094,0.082,0.117,0.246,0.222,0.152,0.375,0.433,0.316,0.328,0.422,0.48,0.234,0.386,0.152,0.152,0.105,0.293,1.8,2,1.8,1.1,2,1.2,1.4,1.6,1.6,1.5,1.4,1.6,1.5,1.5,1.6,1.6,1.6,1.5,1.5,1.4,1.8,1.5,1.5,1.5,1.7,1.7,1.2,1.7,0.5,0.2,1.9,0.122,0.139,0.139,0.156,0.139,0.174,0.122,0.174,0.156,0.174,0.191,0.208,0.017,0.017,0.017,0.087,0.1,0.1,0,0,0,0,0,0,0,0,0,0,0,0,0,,,,,,,,,,,,,,,,,,,,,,,,,,,,,,,,,,,,,,,,,,,,,,,,,,,,,,,,,,,,,,
,Dinajpur,December,4,0.451,0.33,0.313,0.208,0.417,0.434,0.208,0.417,0.382,0.399,0.382,0.226,0.208,0.26,0.174,0.156,0.017,0.017,0.104,0.017,0.017,0.017,0.521,0.017,0.017,0.017,0.017,0.017,0.017,0.122,0.156,0.34,0.152,0.41,0.281,0.281,0.094,0.515,0.351,0.246,0.34,0.152,0.41,0.281,0.281,0.094,0.515,0.351,0.246,0.222,0.925,0.632,0.433,0.445,0.574,0.585,0.316,0.597,0.07,0.293,0.246,0.422,2.7,2.6,2.8,1.3,2.1,1.7,2.2,2.1,2,2.2,2.2,2.3,2.2,2.1,2.2,2.4,2.5,2.6,2.6,2.5,2.8,2.6,2.4,2.1,2.2,2.3,2.3,2.8,1.1,0,2.8,0.382,0.399,0.382,0.347,0.451,0.451,0.313,0.382,0.365,0.365,0.33,0.278,0.017,0.017,0.017,0.278,0.3,0.3,0.2,0.1,0.1,0,0,0,0,0.2,0.1,0.1,0.2,0.1,0,,,,,,,,,,,,,,,,,,,,,,,,,,,,,,,,,,,,,,,,,,,,,,,,,,,,,,,,,,,,,,
,Dinajpur,December,5,0.434,0.469,0.451,0.434,0.26,0.278,0.26,0.486,0.434,0.417,0.295,0.243,0.26,0.069,0.122,0.243,0.017,0.017,0.208,0.069,0.104,0.017,1.076,0.052,0.087,0.017,0.017,0.139,0.069,0.191,0.399,0.398,0.269,0.41,0.48,0.258,0.105,0.351,0.269,0.316,0.398,0.269,0.41,0.48,0.258,0.105,0.351,0.269,0.316,0.316,0.386,0.585,0.96,0.433,0.667,0.48,0.363,0.644,0.281,0.375,0.34,0.48,3.1,3,2.8,2.1,2.7,1.9,2.8,2.5,2.4,2.5,2.7,2.6,2.7,2.7,3,2.9,2.9,3,3,2.8,3.2,3,2.7,2.8,3.5,2.8,2.7,2.9,1.2,0,3.4,0.677,0.642,0.538,0.521,0.66,0.503,0.486,0.677,0.625,0.642,0.608,0.538,0.104,0.017,0.26,0.313,0.3,0.5,0.4,0.2,0.5,0.1,0.1,0,0.1,0.3,0.3,0.3,0.4,0.4,0,,,,,,,,,,,,,,,,,,,,,,,,,,,,,,,,,,,,,,,,,,,,,,,,,,,,,,,,,,,,,,
,Dinajpur,December,6,0.33,0.417,0.243,0.365,0.33,0.295,0.295,0.538,0.59,0.451,0.33,0.278,0.295,0.174,0.208,0.278,0.069,0.191,0.33,0.156,0.156,0.017,0.868,0.191,0.156,0.017,0.017,0.33,0.295,0.313,0.538,0.398,0.269,0.211,0.258,0.281,0.117,0.363,0.34,0.258,0.398,0.269,0.211,0.258,0.281,0.117,0.363,0.34,0.258,0.34,0.749,0.258,0.351,0.55,0.738,0.738,0.328,0.749,0.574,0.445,0.433,0.527,3.6,3.2,3.1,2.6,3.2,3,2.5,3,2.9,2.9,3,3,3.1,3.1,3.3,3.3,3.2,3.3,3.2,3,3.5,2.8,2.9,3.3,2.5,3.5,3.1,3.3,1.4,0,3.7,0.712,0.694,0.608,0.66,0.816,0.66,0.677,0.816,0.764,0.712,0.625,0.608,0.295,0.278,0.399,0.469,0.4,0.7,0.8,0.5,0.5,0.4,0.1,0.1,0.3,0.5,0.3,0.5,0.5,0.4,0.1,,,,,,,,,,,,,,,,,,,,,,,,,,,,,,,,,,,,,,,,,,,,,,,,,,,,,,,,,,,,,,
,Dinajpur,December,7,0.399,0.33,0.399,0.417,0.399,0.382,0.417,0.503,0.503,0.486,0.33,0.573,0.313,0.122,0.191,0.33,0.278,0.208,0.399,0.052,0.052,0.33,0.816,0.243,0.191,0.069,0.069,0.451,0.33,0.399,0.469,0.012,0.047,0.761,0.375,0.234,0.164,0.351,0.363,0.351,0.012,0.047,0.761,0.375,0.234,0.164,0.351,0.363,0.351,0.433,0.363,0.328,0.316,0.55,0.679,0.574,0.351,0.269,0.855,0.48,0.422,0.457,2.3,2.4,2.3,2.8,2.7,2.6,2.7,2.7,2.6,2.7,2.7,2.6,2.7,2.8,2.6,2.7,2.4,2.5,2.9,3.3,3.8,2.6,2.5,2.6,2.2,3.7,3.4,3.7,1.8,2,3.9,0.747,0.747,0.747,0.816,0.92,0.729,0.764,0.747,0.799,0.764,0.677,0.712,0.503,0.503,0.503,0.538,0.5,0.8,0.8,0.5,0.6,0.5,0.2,0.2,0.4,0.5,0.5,0.6,0.5,0.5,0.2,,,,,,,,,,,,,,,,,,,,,,,,,,,,,,,,,,,,,,,,,,,,,,,,,,,,,,,,,,,,,,
,Dinajpur,December,8,0.33,0.295,0.347,0.365,0.33,0.313,0.33,0.365,0.347,0.365,0.26,0.278,0.208,0.156,0.226,0.365,0.417,0.156,0.295,0.069,0.122,0.156,0.747,0.295,0.226,0.104,0.104,0.278,0.191,0.573,0.59,0.269,0.187,0.258,0.082,0.164,0.199,0.304,0.398,0.386,0.269,0.187,0.258,0.082,0.164,0.199,0.304,0.398,0.386,0.152,0.059,0.304,0.492,0.515,0.574,0.504,0.574,0.691,0.785,0.422,0.398,0.445,3,1.9,2,1.9,2,2.1,2,2.1,2,2,2.1,2,1.8,2,2,2,2.2,2.3,2.4,2,2.6,2.2,2.1,2.1,2.1,2.6,2.5,2.8,2,2.1,2.8,0.677,0.66,0.556,0.781,1.024,0.868,0.851,0.816,0.694,0.677,0.851,0.816,0.417,0.399,0.538,0.573,0.5,0.8,0.8,0.8,0.7,0.6,0.3,0.2,0.6,0.4,0.6,0.6,0.6,0.6,0.3,,,,,,,,,,,,,,,,,,,,,,,,,,,,,,,,,,,,,,,,,,,,,,,,,,,,,,,,,,,,,,
,Dinajpur,December,9,0.399,0.122,0.243,0.208,0.226,0.174,0.208,0.226,0.226,0.208,0.156,0.174,0.139,0.278,0.26,0.434,0.278,0.243,0.365,0.017,0.017,0.451,0.295,0.677,0.243,0.156,0.174,0.208,0.26,0.434,0.434,0.667,0.351,0.176,0.117,0.105,0.222,0.246,0.281,0.34,0.667,0.351,0.176,0.117,0.105,0.222,0.246,0.281,0.34,0.082,0.012,0.222,0.398,0.433,0.504,0.082,0.48,0.55,0.749,0.445,0.375,0.211,2.1,1.6,1.5,1,1.3,1,1.4,1.5,1.2,1.4,1.9,1.3,1.5,1.5,1.4,1.4,1.5,1.3,1.5,1.2,1.7,1.6,1.6,1.6,1.8,1.7,1.5,1.8,1,1.7,1.9,0.59,0.573,0.469,0.868,0.851,0.66,0.66,0.573,0.573,0.573,0.868,0.677,0.365,0.33,0.382,0.365,0.4,0.6,0.6,0.6,0.4,0.4,0.4,0.3,0.3,0.2,0.4,0.5,0.5,0.5,0.4,,,,,,,,,,,,,,,,,,,,,,,,,,,,,,,,,,,,,,,,,,,,,,,,,,,,,,,,,,,,,,
,Dinajpur,December,10,0.313,0.035,0.035,0.035,0.052,0.035,0.139,0.156,0.139,0.087,0.035,0.052,0.104,0.087,0.139,0.104,0.104,0.069,0.122,0.017,0.017,0.017,0.104,0.069,0.313,0.017,0.035,0.017,0.035,0.104,0.069,0.258,0.34,0.152,0.059,0.445,0.269,0.164,0.152,0.222,0.258,0.34,0.152,0.059,0.445,0.269,0.164,0.152,0.222,0.105,0.012,0.316,0.164,0.129,0.316,0.176,0.117,0.621,0.597,0.258,0.258,0.094,1,0.5,0.5,0.4,0.6,0.4,0.2,0.4,0.3,0.4,0.4,0.5,0.4,0.4,0.4,0.4,0.3,0.3,0.2,0.3,0.3,0.2,0.2,0.6,0.4,0.6,0.5,0.7,0,1.1,1,0.26,0.26,0.243,0.295,0.313,0.243,0.26,0.278,0.33,0.33,0.59,0.313,0.191,0.191,0.226,0.191,0.2,0.2,0.3,0.2,0.2,0.2,0.3,0.2,0.2,0,0.2,0.2,0.2,0.2,0.2,,,,,,,,,,,,,,,,,,,,,,,,,,,,,,,,,,,,,,,,,,,,,,,,,,,,,,,,,,,,,,
,Dinajpur,December,11,0.139,0.017,0.017,0.017,0.017,0.017,0.017,0.017,0.017,0.017,0.017,0.017,0.017,0.017,0.017,0.017,0.017,0.017,0.017,0.017,0.017,0.017,0.017,0.017,0.104,0.017,0.017,0.017,0.017,0.017,0.017,0.141,0.141,0.152,0.07,0.211,0.258,0.047,0.457,0.141,0.141,0.141,0.152,0.07,0.211,0.258,0.047,0.457,0.141,0.023,0.012,0.105,0.117,0.082,0.176,0.035,0.059,0.035,0.363,0.105,0.094,0.012,0,0,0,0,0,0,0,0,0,0,0,0,0,0,0,0,0,0,0,0,0,0,0,0,0,0,0,0,0,0,0,0.139,0.104,0.122,0.122,0.104,0.087,0.104,0.104,0.122,0.139,0.191,0.122,0.069,0.087,0.087,0.087,0.1,0.1,0.1,0.1,0,0,0,0,0,0,0.1,0,0,0.1,0.1,,,,,,,,,,,,,,,,,,,,,,,,,,,,,,,,,,,,,,,,,,,,,,,,,,,,,,,,,,,,,,
,Dinajpur,December,12,0.035,0.017,0.017,0.017,0.017,0.017,0.017,0.017,0.017,0.017,0.017,0.017,0.017,0.017,0.017,0.017,0.017,0.017,0.017,0.017,0.017,0.017,0.017,0.017,0.017,0.017,0.017,0.017,0.017,0.017,0.017,0.141,0.082,0.047,0.023,0.023,0.07,0.012,0.012,0.047,0.141,0.082,0.047,0.023,0.023,0.07,0.012,0.012,0.047,0.012,0.012,0.035,0.035,0.023,0.012,0.012,0.105,0.258,0.246,0.012,0.012,0.012,0,0,0,0,0,0,0,0,0,0,0,0,0,0,0,0,0,0,0,0,0,0,0,0,0,0,0,0,0,0,0,,0.017,0.017,0.017,0.017,0.017,0.017,0.017,0.017,0.017,0.017,0.017,0.017,0.017,0.017,0.017,0,0,0,0,0,0,0,0,0,0,0,0,0,0,0,,,,,,,,,,,,,,,,,,,,,,,,,,,,,,,,,,,,,,,,,,,,,,,,,,,,,,,,,,,,,,
,Dinajpur,December,13,0.017,0.017,0.017,0.017,0.017,0.017,0.017,0.017,0.017,0.017,0.017,0.017,0.017,0.017,0.017,0.017,0.017,0.017,0.017,0.017,0.017,0.017,0.017,0.017,0.017,0.017,0.017,0.017,0.017,0.017,0.017,0.012,0.012,0.012,0.012,0.012,0.023,0.012,0.012,0.012,0.012,0.012,0.012,0.012,0.012,0.023,0.012,0.012,0.012,0.012,0.012,0.012,0.012,0.012,0.012,0.012,0.012,0.047,0.117,0.012,0.012,0.012,0,0,0,0,0,,,,,,,,,,,,,,,,,,,,,,,,,,0,,0.017,0.017,0.017,0.017,0.017,0.017,0.017,0.017,0.017,0.017,0.017,0.017,0.017,0.017,0.017,0,0,0,0,0,0,0,0,0,0,0,0,0,0,0,,,,,,,,,,,,,,,,,,,,,,,,,,,,,,,,,,,,,,,,,,,,,,,,,,,,,,,,,,,,,,
,,,Total,19.253,4.931,5.625,5.365,5.694,5.573,5.99,7.049,7.135,7.726,5.365,5.313,5.885,4.34,5.208,5.608,4.097,4.688,5.347,3.472,4.184,4.67,7.066,5.191,4.444,2.326,3.021,3.611,3.767,4.236,5,3.185,2.67,3.279,2.564,2.26,1.721,2.588,3.126,2.681,3.185,2.67,3.279,2.564,2.26,1.721,2.588,3.126,2.681,1.967,3.244,3.583,3.946,3.817,4.988,4.133,3.255,5.082,5,3.044,2.728,3.126,20.3,17.8,17.7,13.8,17.3,14.3,15.9,16.3,15.2,15.9,16.9,16.3,16.5,16.9,17,16.9,17.3,17.4,17.6,16.7,20.3,17.2,16.4,17.2,17.1,19.5,17.5,20.2,9,7.1,21.4,4.375,4.288,3.872,4.635,5.347,4.444,4.306,4.635,4.497,4.444,5,4.34,2.049,1.91,2.5,2.969,2.76,4.01,3.993,3.16,3.194,2.309,1.441,1.198,1.979,2.101,2.569,2.917,3.003,2.795,1.319,,,,,,,,,,,,,,,,,,,,,,,,,,,,,,,,,,,,,,,,,,,,,,,,,,,,,,,,,,,,,,
,,,,,,,,,,,,,,,,,,,,,,,,,,,,,,,,,,,,,,,,,,,,,,,,,,,,,,,,,,,,,,,,,,,,,,,,,,,,,,,,,,,,,,,,,,,,,,,,,,,,,,,,,,,,,,,,,,,,,,,,,,,,,,,,,,,,,,,,,,,,,,,,,,,,,,,,,,,,,,,,,,,,,,,,,,,,,,,,,,,,,,,,,,,,,
,Note: Blank Means Missing Data/ Data Not Available,,,,,,,,,,,,,,,,,,,,,,,,,,,,,,,,,,,,,,,,,,,,,,,,,,,,,,,,,,,,,,,,,,,,,,,,,,,,,,,,,,,,,,,,,,,,,,,,,,,,,,,,,,,,,,,,,,,,,,,,,,,,,,,,,,,,,,,,,,,,,,,,,,,,,,,,,,,,,,,,,,,,,,,,,,,,,,,,,,,,,,,,,,,,
,Source: Bangladesh Meteorological Department (BMD),,,,,,,,,,,,,,,,,,,,,,,,,,,,,,,,,,,,,,,,,,,,,,,,,,,,,,,,,,,,,,,,,,,,,,,,,,,,,,,,,,,,,,,,,,,,,,,,,,,,,,,,,,,,,,,,,,,,,,,,,,,,,,,,,,,,,,,,,,,,,,,,,,,,,,,,,,,,,,,,,,,,,,,,,,,,,,,,,,,,,,,,,,,,
,,,,,,,,,,,,,,,,,,,,,,,,,,,,,,,,,,,,,,,,,,,,,,,,,,,,,,,,,,,,,,,,,,,,,,,,,,,,,,,,,,,,,,,,,,,,,,,,,,,,,,,,,,,,,,,,,,,,,,,,,,,,,,,,,,,,,,,,,,,,,,,,,,,,,,,,,,,,,,,,,,,,,,,,,,,,,,,,,,,,,,,,,,,,,
,,,,,,,,,,,,,,,,,,,,,,,,,,,,,,,,,,,,,,,,,,,,,,,,,,,,,,,,,,,,,,,,,,,,,,,,,,,,,,,,,,,,,,,,,,,,,,,,,,,,,,,,,,,,,,,,,,,,,,,,,,,,,,,,,,,,,,,,,,,,,,,,,,,,,,,,,,,,,,,,,,,,,,,,,,,,,,,,,,,,,,,,,,,,,
