,"Radiation by Station (Dhaka), 2019-2021",,,,,,,,,,,,,,,,,,,,,,,,,,,,,,,,,,,,,,,,,,,,,,,,,,,,,,,,,,,,,,,,,,,,,,,,,,,,,,,,,,,,,,,,,,,,,,,,,,,,,,,,,,,,,,,,,,,,,,,,,,,,,,,,,,,,,,,,,,,,,,,,,,,,,,,,,,,,,,,,,,,,,,,,,,,,,,,,,,,,,,,,,,,,
,Station,Month,Date,2019,,,,,,,,,,,,,,,,,,,,,,,,,,,,,,,2020,,,,,,,,,,,,,,,,,,,,,,,,,,,,,,,2021,,,,,,,,,,,,,,,,,,,,,,,,,,,,,,,2022,,,,,,,,,,,,,,,,,,,,,,,,,,,,,,,2023,,,,,,,,,,,,,,,,,,,,,,,,,,,,,,,2024,,,,,,,,,,,,,,,,,,,,,,,,,,,,,,
,,,,D_01,D_02,D_03,D_04,D_05,D_06,D_07,D_08,D_09,D_10,D_11,D_12,D_13,D_14,D_15,D_16,D_17,D_18,D_19,D_20,D_21,D_22,D_23,D_24,D_25,D_26,D_27,D_28,D_29,D_30,D_31,D_01,D_02,D_03,D_04,D_05,D_06,D_07,D_08,D_09,D_10,D_11,D_12,D_13,D_14,D_15,D_16,D_17,D_18,D_19,D_20,D_21,D_22,D_23,D_24,D_25,D_26,D_27,D_28,D_29,D_30,D_31,D_01,D_02,D_03,D_04,D_05,D_06,D_07,D_08,D_09,D_10,D_11,D_12,D_13,D_14,D_15,D_16,D_17,D_18,D_19,D_20,D_21,D_22,D_23,D_24,D_25,D_26,D_27,D_28,D_29,D_30,D_31,,,,,,,,,,,,,,,,,,,,,,,,,,,,,,,,D_01,D_02,D_03,D_04,D_05,D_06,D_07,D_08,D_09,D_10,D_11,D_12,D_13,D_14,D_15,D_16,D_17,D_18,D_19,D_20,D_21,D_22,D_23,D_24,D_25,D_26,D_27,D_28,D_29,D_30,D_31,D_01,D_02,D_03,D_04,D_05,D_06,D_07,D_08,D_09,D_10,D_11,D_12,D_13,D_14,D_15,D_16,D_17,D_18,D_19,D_20,D_21,D_22,D_23,D_24,D_25,D_26,D_27,D_28,D_29,D_30,D_31
,1,2,3,4,5,6,7,8,9,10,11,12,13,14,15,16,17,18,19,20,21,22,23,24,25,26,27,28,29,30,31,32,33,34,35,36,37,38,39,40,41,42,43,44,45,46,47,48,49,50,51,52,53,54,55,56,57,58,59,60,61,62,63,64,65,66,67,68,69,70,71,72,73,74,75,76,77,78,79,80,81,82,83,84,85,86,87,88,89,90,91,92,93,94,95,96,,,,,,,,,,,,,,,,,,,,,,,,,,,,,,,,,,,,,,,,,,,,,,,,,,,,,,,,,,,,,,,,,,,,,,,,,,,,,,,,,,,,,,,,,,,,,
,Dhaka,January,0,0.012,0.012,0.012,0.012,0.012,0.012,0.012,0.012,0.012,0.012,0.012,0.012,0.012,0.012,0.012,0.012,0.012,0.012,0.012,0.012,0.012,0.012,0.012,0.012,0.012,0.012,0.012,0.012,0.012,0.012,0.012,0.012,0.012,0.012,0.012,0.01,0.012,0.012,0.012,0.012,0.012,0.012,0.012,0.012,0.012,0.012,0.012,0.012,0.012,0.012,0.012,0.012,0.012,0.012,0.012,0.012,0.012,0.012,0.012,0.012,0.012,0.012,0.012,0.012,0.012,0.012,0.012,0.012,0.012,0.012,0.012,0.012,0.012,0.012,0.012,0.012,0.012,0.012,0.012,0.012,0.012,0.012,0.012,0.012,0.012,0.012,0.012,0.012,0.012,0.012,0.012,0.012,0.012,,,,,,,,,,,,,,,,,,,,,,,,,,,,,,,,,,,,,,,,,,,,,,,,,,,,,,,,,,,,,,,,,,,,,,,,,,,,,,,,,,,,,,,,,,,,,
,Dhaka,January,1,0.012,0.012,0.058,0.047,0.012,0.012,0.012,0.012,0.012,0.012,0.012,0.012,0.012,0.023,0.012,0.012,0.012,0.012,0.012,0.012,0.012,0.012,0.012,0.058,0.012,0.012,0.012,0.023,0.012,0.012,0.012,0.012,0.012,0.012,0.012,0.012,0.012,0.012,0.012,0.012,0.012,0.012,0.012,0.012,0.012,0.012,0.012,0.012,0.012,0.012,0.012,0.012,0.012,0.012,0.012,0.012,0.012,0.012,0.012,0.012,0.012,0.012,0.128,0.012,0.012,0.012,0.012,0.012,0.012,0.012,0.012,0.012,0.012,0.012,0.012,0.012,0.012,0.012,0.012,0.012,0.012,0.012,0.012,0.012,0.012,0.012,0.012,0.012,0.012,0.012,0.012,0.012,0.012,,,,,,,,,,,,,,,,,,,,,,,,,,,,,,,,,,,,,,,,,,,,,,,,,,,,,,,,,,,,,,,,,,,,,,,,,,,,,,,,,,,,,,,,,,,,,
,Dhaka,January,2,0.035,0.012,0.058,0.07,0.035,0.023,0.035,0.035,0.047,0.035,0.047,0.035,0.035,0.047,0.035,0.023,0.047,0.058,0.058,0.047,0.035,0.035,0.035,0.07,0.058,0.058,0.035,0.105,0.152,0.082,0.093,0.035,0.012,0.012,0.012,0.012,0.012,0.012,0.012,0.012,0.012,0.012,0.012,0.012,0.012,0.012,0.012,0.023,0.012,0.012,0.012,0.023,0.035,0.012,0.012,0.012,0.012,0.012,0.023,0.012,0.012,0.012,0.245,0.012,0.023,0.012,0.023,0.012,0.012,0.012,0.012,0.012,0.012,0.023,0.012,0.012,0.012,0.012,0.012,0.012,0.012,0.012,0.012,0.012,0.012,0.012,0.012,0.012,0.012,0.012,0.012,0.012,0.012,,,,,,,,,,,,,,,,,,,,,,,,,,,,,,,,,,,,,,,,,,,,,,,,,,,,,,,,,,,,,,,,,,,,,,,,,,,,,,,,,,,,,,,,,,,,,
,Dhaka,January,3,0.047,0.058,0.07,0.105,0.07,0.058,0.117,0.082,0.105,0.105,0.152,0.093,0.07,0.198,0.117,0.058,0.105,0.105,0.105,0.14,0.093,0.082,0.07,0.245,0.105,0.128,0.093,0.117,0.128,0.221,0.221,0.093,0.07,0.012,0.023,0.023,0.047,0.012,0.023,0.012,0.035,0.012,0.012,0.023,0.012,0.012,0.012,0.07,0.152,0.14,0.117,0.093,0.117,0.035,0.093,0.117,0.128,0.058,0.128,0.082,0.093,0.105,0.361,0.07,0.07,0.07,0.012,0.047,0.082,0.082,0.093,0.105,0.128,0.093,0.035,0.105,0.117,0.105,0.058,0.035,0.023,0.012,0.035,0.035,0.035,0.012,0.012,0.117,0.012,0.012,0.105,0.093,0.14,,,,,,,,,,,,,,,,,,,,,,,,,,,,,,,,,,,,,,,,,,,,,,,,,,,,,,,,,,,,,,,,,,,,,,,,,,,,,,,,,,,,,,,,,,,,,
,Dhaka,January,4,0.361,0.35,0.35,0.338,0.338,0.221,0.315,0.373,0.326,0.315,0.315,0.303,0.186,0.326,0.221,0.233,0.152,0.175,0.198,0.198,0.175,0.303,0.186,0.35,0.221,0.35,0.245,0.163,0.198,0.315,0.361,0.315,0.198,0.012,0.058,0.035,0.082,0.035,0.082,0.012,0.105,0.012,0.012,0.058,0.035,0.093,0.082,0.245,0.315,0.28,0.221,0.21,0.175,0.047,0.163,0.198,0.245,0.128,0.14,0.128,0.105,0.128,0.478,0.303,0.338,0.245,0.245,0.245,0.256,0.291,0.268,0.245,0.233,0.152,0.245,0.14,0.268,0.245,0.245,0.105,0.128,0.012,0.035,0.035,0.058,0.105,0.291,0.315,0.35,0.326,0.361,0.093,0.28,,,,,,,,,,,,,,,,,,,,,,,,,,,,,,,,,,,,,,,,,,,,,,,,,,,,,,,,,,,,,,,,,,,,,,,,,,,,,,,,,,,,,,,,,,,,,
,Dhaka,January,5,0.466,0.408,0.408,0.338,0.338,0.606,0.385,0.431,0.396,0.408,0.385,0.361,0.303,0.35,0.338,0.408,0.221,0.268,0.245,0.233,0.326,0.396,0.315,0.42,0.361,0.42,0.361,0.28,0.268,0.466,0.49,0.396,0.431,0.012,0.082,0.047,0.361,0.082,0.315,0.012,0.128,0.012,0.012,0.128,0.163,0.326,0.315,0.455,0.466,0.431,0.233,0.373,0.373,0.07,0.245,0.303,0.315,0.198,0.233,0.012,0.128,0.233,0.594,0.396,0.443,0.385,0.35,0.385,0.385,0.385,0.326,0.326,0.268,0.315,0.291,0.221,0.338,0.315,0.245,0.186,0.175,0.035,0.128,0.128,0.128,0.221,0.385,0.408,0.478,0.455,0.408,0.256,0.455,,,,,,,,,,,,,,,,,,,,,,,,,,,,,,,,,,,,,,,,,,,,,,,,,,,,,,,,,,,,,,,,,,,,,,,,,,,,,,,,,,,,,,,,,,,,,
,Dhaka,January,6,0.478,0.466,0.408,0.35,0.338,0.385,0.431,0.466,0.443,0.361,0.42,0.443,0.443,0.443,0.455,0.385,0.338,0.396,0.35,0.338,0.455,0.431,0.478,0.466,0.431,0.466,0.373,0.303,0.466,0.501,0.536,0.455,0.35,0.117,0.128,0.105,0.478,0.117,0.466,0.012,0.221,0.012,0.012,0.303,0.303,0.326,0.326,0.49,0.571,0.536,0.35,0.396,0.478,0.058,0.268,0.431,0.443,0.221,0.198,0.012,0.175,0.152,0.711,0.303,0.42,0.455,0.408,0.455,0.466,0.431,0.361,0.326,0.315,0.338,0.361,0.315,0.408,0.361,0.256,0.221,0.186,0.012,0.221,0.221,0.268,0.385,0.431,0.478,0.49,0.478,0.501,0.315,0.513,,,,,,,,,,,,,,,,,,,,,,,,,,,,,,,,,,,,,,,,,,,,,,,,,,,,,,,,,,,,,,,,,,,,,,,,,,,,,,,,,,,,,,,,,,,,,
,Dhaka,January,7,0.408,0.385,0.431,0.315,0.35,0.466,0.478,0.443,0.42,0.268,0.455,0.385,0.42,0.396,0.408,0.373,0.361,0.431,0.256,0.35,0.338,0.35,0.42,0.443,0.466,0.513,0.338,0.35,0.49,0.513,0.443,0.408,0.256,0.152,0.21,0.128,0.326,0.128,0.35,0.082,0.245,0.012,0.012,0.338,0.315,0.35,0.35,0.42,0.431,0.385,0.361,0.361,0.385,0.035,0.361,0.303,0.233,0.198,0.163,0.012,0.198,0.105,0.828,0.361,0.408,0.443,0.455,0.478,0.49,0.455,0.408,0.361,0.338,0.291,0.338,0.361,0.42,0.385,0.385,0.408,0.256,0.152,0.198,0.198,0.28,0.408,0.466,0.431,0.443,0.431,0.373,0.478,0.431,,,,,,,,,,,,,,,,,,,,,,,,,,,,,,,,,,,,,,,,,,,,,,,,,,,,,,,,,,,,,,,,,,,,,,,,,,,,,,,,,,,,,,,,,,,,,
,Dhaka,January,8,0.361,0.361,0.361,0.256,0.233,0.361,0.361,0.373,0.338,0.105,0.303,0.35,0.361,0.431,0.361,0.361,0.361,0.338,0.152,0.408,0.361,0.338,0.361,0.385,0.42,0.303,0.315,0.291,0.338,0.385,0.35,0.291,0.198,0.175,0.256,0.221,0.291,0.198,0.315,0.035,0.221,0.012,0.012,0.385,0.152,0.233,0.373,0.385,0.373,0.268,0.245,0.245,0.245,0.058,0.303,0.245,0.245,0.186,0.186,0.07,0.093,0.047,0.944,0.35,0.361,0.431,0.315,0.385,0.408,0.361,0.326,0.256,0.245,0.245,0.245,0.326,0.315,0.268,0.315,0.338,0.245,0.14,0.175,0.175,0.221,0.315,0.291,0.385,0.315,3.159,0.338,0.431,0.373,,,,,,,,,,,,,,,,,,,,,,,,,,,,,,,,,,,,,,,,,,,,,,,,,,,,,,,,,,,,,,,,,,,,,,,,,,,,,,,,,,,,,,,,,,,,,
,Dhaka,January,9,0.268,0.256,0.28,0.082,0.117,0.291,0.28,0.315,0.245,0.012,0.233,0.21,0.198,0.245,0.28,0.268,0.221,0.21,0.128,0.233,0.245,0.256,0.291,0.268,0.256,0.21,0.268,0.221,0.163,0.326,0.117,0.291,0.128,0.012,0.28,0.047,0.268,0.233,0.28,0.058,0.186,0.012,0.012,0.233,0.128,0.152,0.221,0.291,0.303,0.245,0.21,0.233,0.303,0.035,0.268,0.186,0.315,0.163,0.117,0.245,0.21,0.035,1.061,0.268,0.256,0.245,0.221,0.28,0.291,0.245,0.221,0.21,0.175,0.198,0.21,0.221,0.198,0.105,0.256,0.21,0.186,0.093,0.315,0.315,0.198,0.233,0.256,0.315,0.256,0.361,0.256,0.338,0.315,,,,,,,,,,,,,,,,,,,,,,,,,,,,,,,,,,,,,,,,,,,,,,,,,,,,,,,,,,,,,,,,,,,,,,,,,,,,,,,,,,,,,,,,,,,,,
,Dhaka,January,10,0.117,0.128,0.058,0.012,0.012,0.07,0.105,0.035,0.082,0.012,0.117,0.058,0.093,0.105,0.128,0.152,0.082,0.105,0.012,0.035,0.128,0.07,0.07,0.128,0.117,0.093,0.105,0.082,0.128,0.117,0.012,0.093,0.058,0.012,0.082,0.012,0.058,0.035,0.047,0.023,0.07,0.012,0.012,0.058,0.047,0.058,0.058,0.117,0.105,0.093,0.07,0.07,0.093,0.012,0.093,0.128,0.152,0.14,0.058,0.058,0.035,0.023,1.177,0.105,0.105,0.245,0.023,0.093,0.082,0.128,0.117,0.093,0.198,0.035,0.093,0.105,0.198,0.035,0.082,0.047,0.023,0.012,0.047,0.047,0.058,0.082,0.035,0.105,0.093,0.105,0.012,0.326,0.093,,,,,,,,,,,,,,,,,,,,,,,,,,,,,,,,,,,,,,,,,,,,,,,,,,,,,,,,,,,,,,,,,,,,,,,,,,,,,,,,,,,,,,,,,,,,,
,Dhaka,January,11,0.012,0.012,0.023,0.012,0.012,0.023,0.012,0.023,0.023,0.012,0.023,0.012,0.023,0.012,0.012,0.023,0.012,0.023,0.012,0.012,0.012,0.023,0.023,0.012,0.023,0.023,0.012,0.012,0.058,0.023,0.012,0.012,0.012,0.012,0.035,0.012,0.012,0.012,0.012,0.012,0.012,0.012,0.012,0.012,0.012,0.012,0.012,0.012,0.012,0.012,0.012,0.012,0.012,0.012,0.012,0.023,0.012,0.012,0.012,0.012,0.012,0.012,1.294,0.012,0.012,0.082,0.012,0.012,0.012,0.023,0.023,0.012,0.035,0.012,0.012,0.012,0.012,0.012,0.012,0.012,0.012,0.012,0.012,0.012,0.012,0.012,0.012,0.012,0.012,0.012,0.012,0.082,0.012,,,,,,,,,,,,,,,,,,,,,,,,,,,,,,,,,,,,,,,,,,,,,,,,,,,,,,,,,,,,,,,,,,,,,,,,,,,,,,,,,,,,,,,,,,,,,
,Dhaka,January,12,0.012,0.012,0.012,0.012,0.012,0.012,0.012,0.012,0.012,0.012,0.012,0.012,0.012,0.012,0.012,0.012,0.012,0.012,0.012,0.012,0.012,0.012,0.012,0.012,0.012,0.012,0.012,0.012,0.012,0.012,0.012,0.012,0.012,0.012,0.012,0.012,0.012,0.012,0.012,0.012,0.012,0.012,0.012,0.012,0.012,0.012,0.012,0.012,0.012,0.012,0.012,0.012,0.012,0.012,0.012,0.012,0.012,0.012,0.012,0.012,0.012,0.012,1.41,0.012,0.012,0.012,0.012,0.012,0.012,0.012,0.012,0.012,0.012,0.012,0.012,0.012,0.012,0.012,0.012,0.012,0.012,0.012,0.012,0.012,0.012,0.012,0.012,0.012,0.012,0.012,0.012,0.012,0.012,,,,,,,,,,,,,,,,,,,,,,,,,,,,,,,,,,,,,,,,,,,,,,,,,,,,,,,,,,,,,,,,,,,,,,,,,,,,,,,,,,,,,,,,,,,,,
,Dhaka,January,13,0.012,0.012,0.012,0.012,0.012,0.012,0.012,0.012,0.012,0.012,0.012,0.012,0.012,0.012,0.012,0.012,0.012,0.012,0.012,0.012,0.012,0.012,0.012,0.012,0.012,0.012,0.012,0.012,0.012,0.012,0.012,0.012,0.012,0.012,0.012,0.012,0.012,0.012,0.012,0.012,0.012,0.012,0.012,0.012,0.012,0.012,0.012,0.012,0.012,0.012,0.012,0.012,0.012,0.012,0.012,0.012,0.012,0.012,0.012,0.012,0.012,0.012,1.527,0.012,0.012,0.012,0.012,0.012,0.012,0.012,0.012,0.012,0.012,0.012,0.012,0.012,0.012,0.012,0.012,0.012,0.012,0.012,0.012,0.012,0.012,0.012,0.012,0.012,0.012,0.012,0.012,0.012,0.012,,,,,,,,,,,,,,,,,,,,,,,,,,,,,,,,,,,,,,,,,,,,,,,,,,,,,,,,,,,,,,,,,,,,,,,,,,,,,,,,,,,,,,,,,,,,,
,,,Total,2.599,2.483,2.541,1.958,1.888,2.552,2.564,2.622,2.471,1.678,2.494,2.296,2.179,2.611,2.401,2.331,1.946,2.156,1.562,2.04,2.214,2.331,2.296,2.879,2.506,2.611,2.191,1.981,2.436,2.995,2.681,2.436,1.76,0.571,1.212,0.688,1.981,0.909,1.946,0.315,1.282,0.163,0.163,1.597,1.224,1.62,1.807,2.552,2.786,2.448,1.876,2.063,2.261,0.42,1.865,1.993,2.145,1.364,1.305,0.688,1.107,0.897,10.769,2.226,2.483,2.657,2.11,2.436,2.529,2.459,2.203,1.993,1.993,1.748,1.888,1.865,2.331,1.888,1.911,1.62,1.294,0.536,1.224,1.224,1.317,1.83,2.238,2.622,2.506,5.396,2.424,2.471,2.669,,,,,,,,,,,,,,,,,,,,,,,,,,,,,,,,,,,,,,,,,,,,,,,,,,,,,,,,,,,,,,,,,,,,,,,,,,,,,,,,,,,,,,,,,,,,,
,Dhaka,February,0,0.012,0.012,0.012,0.012,0.012,0.012,0.012,0.012,0.012,0.012,0.012,0.012,0.012,0.012,0.012,0.012,0.012,0.012,0.012,0.012,0.012,0.012,0.023,0.012,0.012,0.012,0.012,0.012,**,**,**,0.012,0.012,0.012,0.012,0.012,0.012,0.012,0.012,0.012,0.012,0.012,0.012,0.012,0.012,0.012,0.012,0.012,0.012,0.012,0.012,0.012,0.012,0.012,0.012,0.012,0.012,0.012,0.012,0.012,,,0.012,0.012,0.012,0.012,0.012,0.012,0.012,0.012,0.012,0.012,0.012,0.012,0.012,0.012,0.012,0.012,0.012,0.012,0.012,0.012,0.012,0.012,0.023,0.012,0.012,0.012,0.012,0.012,,,,,,,,,,,,,,,,,,,,,,,,,,,,,,,,,,,,,,,,,,,,,,,,,,,,,,,,,,,,,,,,,,,,,,,,,,,,,,,,,,,,,,,,,,,,,,,,
,Dhaka,February,1,0.012,0.035,0.023,0.023,0.012,0.012,0.012,0.012,0.012,0.012,0.012,0.012,0.012,0.012,0.012,0.012,0.012,0.012,0.012,0.012,0.012,0.012,0.058,0.035,0.012,0.012,0.012,0.012,**,**,**,0.012,0.012,0.012,0.012,0.012,0.012,0.012,0.012,0.012,0.012,0.012,0.012,0.012,0.012,0.012,0.012,0.012,0.012,0.012,0.012,0.012,0.012,0.012,0.012,0.012,0.012,0.012,0.012,0.012,,,0.012,0.035,0.023,0.023,0.012,0.012,0.012,0.012,0.012,0.012,0.012,0.012,0.012,0.012,0.012,0.012,0.012,0.012,0.012,0.012,0.012,0.012,0.058,0.035,0.012,0.012,0.012,0.012,,,,,,,,,,,,,,,,,,,,,,,,,,,,,,,,,,,,,,,,,,,,,,,,,,,,,,,,,,,,,,,,,,,,,,,,,,,,,,,,,,,,,,,,,,,,,,,,
,Dhaka,February,2,0.105,0.105,0.128,0.117,0.058,0.035,0.082,0.14,0.035,0.128,0.105,0.152,0.163,0.128,0.105,0.058,0.012,0.082,0.128,0.035,0.128,0.012,0.315,0.21,0.012,0.012,0.012,0.012,**,**,**,0.058,0.023,0.093,0.105,0.117,0.082,0.035,0.047,0.047,0.012,0.012,0.035,0.047,0.047,0.035,0.012,0.117,0.023,0.035,0.035,0.058,0.082,0.07,0.035,0.023,0.035,0.035,0.047,0.105,,,0.105,0.105,0.128,0.117,0.058,0.035,0.082,0.14,0.035,0.128,0.105,0.152,0.163,0.128,0.105,0.058,0.012,0.082,0.128,0.035,0.128,0.012,0.315,0.21,0.012,0.012,0.012,0.012,,,,,,,,,,,,,,,,,,,,,,,,,,,,,,,,,,,,,,,,,,,,,,,,,,,,,,,,,,,,,,,,,,,,,,,,,,,,,,,,,,,,,,,,,,,,,,,,
,Dhaka,February,3,0.233,0.175,0.21,0.245,0.221,0.21,0.221,0.21,0.128,0.268,0.28,0.28,0.256,0.198,0.175,0.128,0.012,0.21,0.256,0.07,0.21,0.152,0.455,0.303,0.163,0.058,0.012,0.035,**,**,**,0.186,0.105,0.268,0.21,0.198,0.175,0.14,0.128,0.117,0.035,0.035,0.117,0.128,0.14,0.128,0.058,0.21,0.058,0.152,0.082,0.105,0.128,0.198,0.128,0.07,0.082,0.105,0.117,0.082,,,0.233,0.175,0.21,0.245,0.221,0.21,0.221,0.21,0.128,0.268,0.28,0.28,0.256,0.198,0.175,0.128,0.012,0.21,0.256,0.07,0.21,0.152,0.455,0.303,0.163,0.058,0.012,0.035,,,,,,,,,,,,,,,,,,,,,,,,,,,,,,,,,,,,,,,,,,,,,,,,,,,,,,,,,,,,,,,,,,,,,,,,,,,,,,,,,,,,,,,,,,,,,,,,
,Dhaka,February,4,0.338,0.245,0.431,0.455,0.35,0.35,0.361,0.315,0.152,0.291,0.361,0.455,0.443,0.315,0.291,0.128,0.012,0.385,0.361,0.117,0.408,0.338,0.524,0.443,0.49,0.21,0.082,0.117,**,**,**,0.326,0.152,0.396,0.361,0.42,0.35,0.175,0.152,0.093,0.105,0.152,0.186,0.221,0.256,0.221,0.245,0.315,0.21,0.268,0.338,0.233,0.245,0.233,0.221,0.245,0.152,0.175,0.245,0.28,,,0.338,0.245,0.431,0.455,0.35,0.35,0.361,0.315,0.152,0.291,0.361,0.455,0.443,0.315,0.291,0.128,0.012,0.385,0.361,0.117,0.408,0.338,0.524,0.443,0.49,0.21,0.082,0.117,,,,,,,,,,,,,,,,,,,,,,,,,,,,,,,,,,,,,,,,,,,,,,,,,,,,,,,,,,,,,,,,,,,,,,,,,,,,,,,,,,,,,,,,,,,,,,,,
,Dhaka,February,5,0.42,0.315,0.455,0.49,0.49,0.455,0.396,0.443,0.128,0.42,0.431,0.548,0.49,0.42,0.373,0.128,0.082,0.501,0.431,0.315,0.455,0.431,0.501,0.583,0.303,0.524,0.152,0.245,**,**,**,0.478,0.268,0.536,0.501,0.42,0.373,0.175,0.175,0.583,0.175,0.268,0.28,0.256,0.361,0.268,0.326,0.361,0.256,0.373,0.408,0.385,0.385,0.221,0.198,0.396,0.128,0.338,0.373,0.396,,,0.42,0.315,0.455,0.49,0.49,0.455,0.396,0.443,0.128,0.42,0.431,0.548,0.49,0.42,0.373,0.128,0.082,0.501,0.431,0.315,0.455,0.431,0.501,0.583,0.303,0.524,0.152,0.245,,,,,,,,,,,,,,,,,,,,,,,,,,,,,,,,,,,,,,,,,,,,,,,,,,,,,,,,,,,,,,,,,,,,,,,,,,,,,,,,,,,,,,,,,,,,,,,,
,Dhaka,February,6,0.559,0.396,0.455,0.536,0.548,0.49,0.408,0.443,0.117,0.478,0.571,0.606,0.583,0.455,0.42,0.128,0.152,0.583,0.524,0.42,0.548,0.49,0.455,0.594,0.303,0.303,0.315,0.315,**,**,**,0.443,0.396,0.571,0.524,0.466,0.455,0.291,0.14,0.536,0.117,0.361,0.385,0.35,0.396,0.338,0.385,0.303,0.291,0.42,0.501,0.466,0.49,0.233,0.175,0.564,0.175,0.315,0.373,0.513,,,0.559,0.396,0.455,0.536,0.548,0.49,0.408,0.443,0.117,0.478,0.571,0.606,0.583,0.455,0.42,0.128,0.152,0.583,0.524,0.42,0.548,0.49,0.455,0.594,0.303,0.303,0.315,0.315,,,,,,,,,,,,,,,,,,,,,,,,,,,,,,,,,,,,,,,,,,,,,,,,,,,,,,,,,,,,,,,,,,,,,,,,,,,,,,,,,,,,,,,,,,,,,,,,
,Dhaka,February,7,0.571,0.431,0.513,0.478,0.466,0.49,0.478,0.396,0.152,0.606,0.478,0.49,0.478,0.501,0.478,0.152,0.186,0.478,0.49,0.443,0.501,0.513,0.233,0.594,0.245,0.361,0.245,0.175,**,**,**,0.385,0.361,0.548,0.501,0.49,0.42,0.152,0.152,0.35,0.501,0.431,0.338,0.385,0.361,0.361,0.361,0.338,0.326,0.303,0.49,0.478,0.501,0.28,0.117,0.606,0.198,0.455,0.455,0.536,,,0.571,0.431,0.513,0.478,0.466,0.49,0.478,0.396,0.152,0.606,0.478,0.49,0.478,0.501,0.478,0.152,0.186,0.478,0.49,0.443,0.501,0.513,0.233,0.594,0.245,0.361,0.245,0.175,,,,,,,,,,,,,,,,,,,,,,,,,,,,,,,,,,,,,,,,,,,,,,,,,,,,,,,,,,,,,,,,,,,,,,,,,,,,,,,,,,,,,,,,,,,,,,,,
,Dhaka,February,8,0.594,0.373,0.548,0.385,0.408,0.361,0.408,0.315,0.256,0.466,0.455,0.408,0.431,0.455,0.408,0.14,0.245,0.373,0.431,0.373,0.42,0.443,0.175,0.385,0.105,0.315,0.245,0.105,**,**,**,0.373,0.35,0.431,0.373,0.245,0.256,0.128,0.128,0.361,0.455,0.35,0.315,0.291,0.256,0.268,0.326,0.35,0.256,0.291,0.35,0.385,0.478,0.373,0.012,0.629,0.198,0.478,0.478,0.478,,,0.594,0.373,0.548,0.385,0.408,0.361,0.408,0.315,0.256,0.466,0.455,0.408,0.431,0.455,0.408,0.14,0.245,0.373,0.431,0.373,0.42,0.443,0.175,0.385,0.105,0.315,0.245,0.105,,,,,,,,,,,,,,,,,,,,,,,,,,,,,,,,,,,,,,,,,,,,,,,,,,,,,,,,,,,,,,,,,,,,,,,,,,,,,,,,,,,,,,,,,,,,,,,,
,Dhaka,February,9,0.315,0.35,0.361,0.35,0.338,0.315,0.268,0.221,0.338,0.256,0.42,0.338,0.385,0.361,0.315,0.117,0.175,0.268,0.256,0.373,0.35,0.373,0.047,0.198,0.186,0.256,0.117,0.012,**,**,**,0.361,0.35,0.268,0.338,0.14,0.35,0.035,0.105,0.455,0.385,0.361,0.373,0.291,0.221,0.35,0.268,0.303,0.163,0.175,0.221,0.175,0.455,0.361,0.047,0.594,0.21,0.303,0.431,0.42,,,0.315,0.35,0.361,0.35,0.338,0.315,0.268,0.221,0.338,0.256,0.42,0.338,0.385,0.361,0.315,0.117,0.175,0.268,0.256,0.373,0.35,0.373,0.047,0.198,0.186,0.256,0.117,0.012,,,,,,,,,,,,,,,,,,,,,,,,,,,,,,,,,,,,,,,,,,,,,,,,,,,,,,,,,,,,,,,,,,,,,,,,,,,,,,,,,,,,,,,,,,,,,,,,
,Dhaka,February,10,0.198,0.175,0.163,0.152,0.105,0.152,0.128,0.117,0.128,0.105,0.128,0.152,0.175,0.245,0.198,0.14,0.14,0.105,0.128,0.198,0.093,0.21,0.012,0.128,0.152,0.035,0.058,0.012,**,**,**,0.42,0.198,0.186,0.186,0.128,0.152,0.012,0.023,0.128,0.373,0.198,0.221,0.198,0.128,0.152,0.152,0.175,0.105,0.093,0.117,0.093,0.245,0.198,0.012,0.606,0.093,0.105,0.245,0.268,,,0.198,0.175,0.163,0.152,0.105,0.152,0.128,0.117,0.128,0.105,0.128,0.152,0.175,0.245,0.198,0.14,0.14,0.105,0.128,0.198,0.093,0.21,0.012,0.128,0.152,0.035,0.058,0.012,,,,,,,,,,,,,,,,,,,,,,,,,,,,,,,,,,,,,,,,,,,,,,,,,,,,,,,,,,,,,,,,,,,,,,,,,,,,,,,,,,,,,,,,,,,,,,,,
,Dhaka,February,11,0.035,0.035,0.035,0.035,0.012,0.035,0.047,0.023,0.035,0.012,0.012,0.058,0.058,0.035,0.058,0.012,0.047,0.012,0.012,0.047,0.012,0.047,0.012,0.035,0.047,0.012,0.012,0.012,**,**,**,0.035,0.035,0.035,0.035,0.035,0.012,0.012,0.012,0.023,0.186,0.058,0.058,0.047,0.023,0.035,0.035,0.035,0.035,0.023,0.023,0.023,0.035,0.105,0.012,0.012,0.035,0.035,0.058,0.058,,,0.035,0.035,0.035,0.035,0.012,0.035,0.047,0.023,0.035,0.012,0.012,0.058,0.058,0.035,0.058,0.012,0.047,0.012,0.012,0.047,0.012,0.047,0.012,0.035,0.047,0.012,0.012,0.012,,,,,,,,,,,,,,,,,,,,,,,,,,,,,,,,,,,,,,,,,,,,,,,,,,,,,,,,,,,,,,,,,,,,,,,,,,,,,,,,,,,,,,,,,,,,,,,,
,Dhaka,February,12,0.012,0.012,0.012,0.012,0.012,0.012,0.012,0.012,0.012,0.012,0.012,0.012,0.012,0.012,0.012,0.012,0.012,0.012,0.012,0.012,0.012,0.012,0.012,0.012,0.012,0.012,0.012,0.012,**,**,**,0.012,0.012,0.012,0.012,0.012,0.012,0.012,0.012,0.012,0.023,0.012,0.012,0.012,0.012,0.012,0.012,0.012,0.012,0.012,0.012,0.012,0.012,0.012,0.012,0.012,0.012,0.012,0.012,0.012,,,0.012,0.012,0.012,0.012,0.012,0.012,0.012,0.012,0.012,0.012,0.012,0.012,0.012,0.012,0.012,0.012,0.012,0.012,0.012,0.012,0.012,0.012,0.012,0.012,0.012,0.012,0.012,0.012,,,,,,,,,,,,,,,,,,,,,,,,,,,,,,,,,,,,,,,,,,,,,,,,,,,,,,,,,,,,,,,,,,,,,,,,,,,,,,,,,,,,,,,,,,,,,,,,
,Dhaka,February,13,0.012,0.012,0.012,0.012,0.012,0.012,0.012,0.012,0.012,0.012,0.012,0.012,0.012,0.012,0.012,0.012,0.012,0.012,0.012,0.012,0.012,0.012,0.012,0.012,0.012,0.012,0.012,0.012,**,**,**,0.012,0.012,0.012,0.012,0.012,0.012,0.012,0.012,0.012,0.012,0.012,0.012,0.012,0.012,0.012,0.012,0.012,0.012,0.012,0.012,0.012,0.012,0.012,0.012,0.012,0.012,0.012,0.012,0.012,,,0.012,0.012,0.012,0.012,0.012,0.012,0.012,0.012,0.012,0.012,0.012,0.012,0.012,0.012,0.012,0.012,0.012,0.012,0.012,0.012,0.012,0.012,0.012,0.012,0.012,0.012,0.012,0.012,,,,,,,,,,,,,,,,,,,,,,,,,,,,,,,,,,,,,,,,,,,,,,,,,,,,,,,,,,,,,,,,,,,,,,,,,,,,,,,,,,,,,,,,,,,,,,,,
,,,Total,3.415,2.669,3.357,3.298,3.042,2.937,2.844,2.669,1.515,3.077,3.287,3.531,3.508,3.159,2.867,1.177,1.107,3.042,3.065,2.436,3.17,3.054,2.832,3.543,2.051,2.133,1.294,1.084,,,,3.112,2.284,3.38,3.182,2.704,2.669,1.2,1.107,2.739,2.401,2.273,2.354,2.261,2.238,2.203,2.214,2.552,1.772,2.179,2.611,2.448,3.089,2.319,1.002,3.793,1.352,2.389,2.867,3.182,,,3.415,2.669,3.357,3.298,3.042,2.937,2.844,2.669,1.515,3.077,3.287,3.531,3.508,3.159,2.867,1.177,1.107,3.042,3.065,2.436,3.17,3.054,2.832,3.543,2.051,2.133,1.294,1.084,0,0,0,,,,,,,,,,,,,,,,,,,,,,,,,,,,,,,,,,,,,,,,,,,,,,,,,,,,,,,,,,,,,,,,,,,,,,,,,,,,,,,,,,,,,,,,,,,,,
,Dhaka,March,0,0.012,0.012,0.012,0.012,0.012,0.012,0.012,0.012,0.012,0.012,0.012,0.012,0.012,0.012,0.012,0.012,0.012,0.012,0.012,0.012,0.012,0.012,0.012,0.012,0.012,0.012,0.012,0.012,0.012,0.012,0.012,0.012,0.012,0.012,0.012,0.012,0.012,0.012,0.012,0.012,0.012,0.012,0.012,0.012,0.012,0.012,0.012,0.012,0.012,0.012,0.012,0.012,0.012,0.012,0.012,0.012,0.012,0.012,0.012,0.012,0.012,0.012,0.012,0.012,0.012,0.012,0.012,0.012,0.012,0.012,0.012,0.012,0.012,0.012,0.012,0.012,0.012,0.012,0.012,0.012,0.012,0.012,0.012,0.012,0.012,0.012,0.012,0.012,0.012,0.012,0.012,0.012,0.012,,,,,,,,,,,,,,,,,,,,,,,,,,,,,,,,,,,,,,,,,,,,,,,,,,,,,,,,,,,,,,,,,,,,,,,,,,,,,,,,,,,,,,,,,,,,,
,Dhaka,March,1,0.023,0.047,0.047,0.012,0.012,0.012,0.012,0.012,0.012,0.012,0.012,0.012,0.047,0.012,0.023,0.023,0.023,0.035,0.012,0.058,0.058,0.012,0.012,0.035,0.07,0.047,0.012,0.058,0.082,0.023,0.012,0.012,0.012,0.012,0.012,0.047,0.023,0.023,0.012,0.012,0.012,0.012,0.012,0.012,0.012,0.012,0.012,0.023,0.035,0.023,0.023,0.023,0.012,0.012,0.012,0.012,0.012,0.012,0.023,0.023,0.012,0.105,0.012,0.012,0.012,0.012,0.012,0.012,0.012,0.012,0.012,0.012,0.012,0.012,0.012,0.012,0.012,0.023,0.012,0.012,0.012,0.012,0.012,0.012,0.023,0.012,0.047,0.035,0.035,0.012,0.012,0.012,0.012,,,,,,,,,,,,,,,,,,,,,,,,,,,,,,,,,,,,,,,,,,,,,,,,,,,,,,,,,,,,,,,,,,,,,,,,,,,,,,,,,,,,,,,,,,,,,
,Dhaka,March,2,0.128,0.117,0.128,0.012,0.012,0.105,0.128,0.058,0.047,0.058,0.035,0.245,0.07,0.023,0.128,0.117,0.105,0.128,0.058,0.175,0.245,0.105,0.058,0.128,0.198,0.152,0.128,0.186,0.198,0.21,0.128,0.082,0.035,0.012,0.082,0.198,0.058,0.082,0.07,0.082,0.058,0.128,0.105,0.093,0.058,0.175,0.105,0.093,0.128,0.175,0.105,0.105,0.128,0.012,0.082,0.117,0.082,0.128,0.117,0.105,0.291,0.291,0.105,0.082,0.093,0.082,0.093,0.058,0.035,0.047,0.047,0.047,0.035,0.047,0.058,0.082,0.058,0.047,0.152,0.128,0.152,0.082,0.047,0.105,0.14,0.012,0.152,0.128,0.128,0.152,0.105,0.128,0.117,,,,,,,,,,,,,,,,,,,,,,,,,,,,,,,,,,,,,,,,,,,,,,,,,,,,,,,,,,,,,,,,,,,,,,,,,,,,,,,,,,,,,,,,,,,,,
,Dhaka,March,3,0.361,0.35,0.338,0.023,0.128,0.221,0.256,0.268,0.128,0.291,0.186,0.443,0.117,0.082,0.221,0.256,0.303,0.315,0.152,0.291,0.326,0.361,0.338,0.315,0.338,0.326,0.128,0.373,0.303,0.361,0.326,0.21,0.198,0.221,0.233,0.303,0.198,0.14,0.14,0.186,0.128,0.315,0.291,0.303,0.198,0.361,0.338,0.221,0.326,0.361,0.233,0.233,0.221,0.093,0.093,0.291,0.233,0.326,0.291,0.303,0.455,0.408,0.152,0.163,0.256,0.233,0.303,0.221,0.093,0.152,0.163,0.14,0.105,0.152,0.175,0.198,0.14,0.128,0.315,0.291,0.256,0.233,0.152,0.221,0.291,0.221,0.373,0.303,0.315,0.28,0.221,0.268,0.152,,,,,,,,,,,,,,,,,,,,,,,,,,,,,,,,,,,,,,,,,,,,,,,,,,,,,,,,,,,,,,,,,,,,,,,,,,,,,,,,,,,,,,,,,,,,,
,Dhaka,March,4,0.42,0.431,0.42,0.047,0.42,0.315,0.361,0.455,0.315,0.42,0.548,0.524,0.245,0.35,0.245,0.361,0.373,0.373,0.14,0.49,0.571,0.338,0.536,0.513,0.501,0.478,0.221,0.501,0.361,0.42,0.361,0.268,0.245,0.256,0.291,0.28,0.221,0.256,0.245,0.268,0.315,0.42,0.373,0.408,0.221,0.455,0.408,0.256,0.431,0.431,0.291,0.291,0.291,0.128,0.128,0.338,0.291,0.291,0.455,0.443,0.455,0.513,0.221,0.198,0.361,0.28,0.361,0.268,0.35,0.338,0.268,0.198,0.245,0.268,0.221,0.245,0.221,0.198,0.408,0.361,0.385,0.385,0.373,0.338,0.373,0.338,0.466,0.408,0.373,0.385,0.338,0.291,0.245,,,,,,,,,,,,,,,,,,,,,,,,,,,,,,,,,,,,,,,,,,,,,,,,,,,,,,,,,,,,,,,,,,,,,,,,,,,,,,,,,,,,,,,,,,,,,
,Dhaka,March,5,0.478,0.501,0.478,0.035,0.478,0.455,0.478,0.548,0.501,0.536,0.524,0.606,0.478,0.583,0.315,0.455,0.524,0.431,0.245,0.594,0.664,0.326,0.571,0.548,0.524,0.513,0.338,0.548,0.501,0.373,0.583,0.385,0.42,0.373,0.408,0.326,0.245,0.385,0.315,0.303,0.455,0.571,0.431,0.455,0.315,0.548,0.524,0.338,0.478,0.501,0.35,0.35,0.455,0.152,0.21,0.385,0.361,0.268,0.361,0.373,0.466,0.641,0.315,0.291,0.478,0.443,0.478,0.373,0.42,0.373,0.361,0.163,0.373,0.361,0.256,0.315,0.291,0.256,0.373,0.431,0.466,0.513,0.478,0.455,0.466,0.478,0.513,0.536,0.431,0.431,0.385,0.361,0.361,,,,,,,,,,,,,,,,,,,,,,,,,,,,,,,,,,,,,,,,,,,,,,,,,,,,,,,,,,,,,,,,,,,,,,,,,,,,,,,,,,,,,,,,,,,,,
,Dhaka,March,6,0.606,0.618,0.361,0.058,0.256,0.536,0.583,0.618,0.594,0.571,0.198,0.618,0.618,0.513,0.466,0.524,0.606,0.478,0.49,0.688,0.711,0.664,0.629,0.559,0.594,0.583,0.012,0.571,0.641,0.396,0.385,0.501,0.385,0.361,0.326,0.303,0.21,0.373,0.385,0.396,0.583,0.559,0.478,0.583,0.455,0.594,0.688,0.35,0.431,0.618,0.408,0.408,0.466,0.221,0.268,0.478,0.35,0.186,0.268,0.385,0.42,0.711,0.431,0.396,0.583,0.536,0.501,0.431,0.536,0.42,0.478,0.245,0.559,0.385,0.338,0.431,0.373,0.338,0.501,0.524,0.536,0.618,0.583,0.536,0.524,0.49,0.723,0.664,0.49,0.513,0.49,0.431,0.513,,,,,,,,,,,,,,,,,,,,,,,,,,,,,,,,,,,,,,,,,,,,,,,,,,,,,,,,,,,,,,,,,,,,,,,,,,,,,,,,,,,,,,,,,,,,,
,Dhaka,March,7,0.571,0.583,0.478,0.14,0.268,0.361,0.583,0.571,0.478,0.618,0.233,0.361,0.629,0.559,0.49,0.548,0.524,0.385,0.466,0.594,0.653,0.606,0.664,0.326,0.548,0.548,0.012,0.501,0.548,0.315,0.338,0.524,0.373,0.455,0.42,0.303,0.256,0.245,0.256,0.315,0.571,0.548,0.524,0.559,0.478,0.408,0.583,0.315,0.315,0.478,0.361,0.361,0.455,0.256,0.361,0.49,0.268,0.256,0.245,0.315,0.501,0.746,0.385,0.373,0.629,0.478,0.548,0.478,0.571,0.443,0.361,0.303,0.385,0.408,0.315,0.373,0.408,0.42,0.571,0.315,0.373,0.629,0.664,0.478,0.513,0.524,0.688,0.699,0.548,0.583,0.571,0.478,0.571,,,,,,,,,,,,,,,,,,,,,,,,,,,,,,,,,,,,,,,,,,,,,,,,,,,,,,,,,,,,,,,,,,,,,,,,,,,,,,,,,,,,,,,,,,,,,
,Dhaka,March,8,0.35,0.338,0.35,0.221,0.07,0.245,0.548,0.49,0.478,0.478,0.152,0.245,0.513,0.501,0.373,0.559,0.478,0.35,0.443,0.548,0.583,0.536,0.536,0.361,0.524,0.524,0.221,0.455,0.455,0.478,0.186,0.385,0.338,0.396,0.361,0.315,0.42,0.361,0.221,0.303,0.501,0.466,0.42,0.478,0.455,0.431,0.49,0.338,0.303,0.303,0.396,0.396,0.408,0.303,0.326,0.35,0.291,0.221,0.256,0.245,0.583,0.688,0.373,0.408,0.571,0.373,0.455,0.516,0.559,0.28,0.373,0.443,0.373,0.326,0.152,0.268,0.373,0.431,0.466,0.256,0.315,0.361,0.361,0.49,0.373,0.455,0.594,0.583,0.571,0.49,0.49,0.431,0.606,,,,,,,,,,,,,,,,,,,,,,,,,,,,,,,,,,,,,,,,,,,,,,,,,,,,,,,,,,,,,,,,,,,,,,,,,,,,,,,,,,,,,,,,,,,,,
,Dhaka,March,9,0.303,0.303,0.443,0.303,0.117,0.198,0.42,0.35,0.431,0.396,0.117,0.128,0.396,0.431,0.303,0.571,0.315,0.338,0.42,0.49,0.466,0.443,0.455,0.431,0.478,0.478,0.256,0.315,0.303,0.42,0.117,0.291,0.245,0.361,0.361,0.315,0.478,0.443,0.117,0.431,0.455,0.385,0.35,0.35,0.338,0.49,0.455,0.35,0.198,0.315,0.361,0.361,0.49,0.117,0.186,0.291,0.152,0.186,0.268,0.256,0.361,0.594,0.338,0.315,0.361,0.315,0.373,0.42,0.49,0.198,0.28,0.373,0.326,0.256,0.07,0.245,0.35,0.256,0.361,0.163,0.21,0.175,0.373,0.42,0.338,0.35,0.49,0.385,0.373,0.361,0.385,0.373,0.361,,,,,,,,,,,,,,,,,,,,,,,,,,,,,,,,,,,,,,,,,,,,,,,,,,,,,,,,,,,,,,,,,,,,,,,,,,,,,,,,,,,,,,,,,,,,,
,Dhaka,March,10,0.128,0.105,0.256,0.128,0.082,0.117,0.361,0.105,0.128,0.128,0.163,0.058,0.233,0.245,0.548,0.326,0.117,0.21,0.245,0.198,0.245,0.268,0.21,0.128,0.152,0.152,0.105,0.221,0.128,0.175,0.047,0.093,0.082,0.128,0.152,0.093,0.105,0.21,0.012,0.21,0.303,0.245,0.163,0.198,0.21,0.256,0.315,0.221,0.035,0.152,0.175,0.175,0.198,0.035,0.058,0.152,0.058,0.128,0.198,0.175,0.128,0.408,0.198,0.221,0.245,0.245,0.175,0.198,0.385,0.105,0.117,0.21,0.186,0.175,0.012,0.163,0.175,0.163,0.245,0.128,0.128,0.082,0.221,0.338,0.291,0.268,0.326,0.291,0.28,0.245,0.256,0.245,0.245,,,,,,,,,,,,,,,,,,,,,,,,,,,,,,,,,,,,,,,,,,,,,,,,,,,,,,,,,,,,,,,,,,,,,,,,,,,,,,,,,,,,,,,,,,,,,
,Dhaka,March,11,0.035,0.047,0.047,0.035,0.047,0.07,0.152,0.023,0.07,0.058,0.082,0.012,0.058,0.012,0.303,0.093,0.012,0.047,0.023,0.047,0.012,0.023,0.047,0.012,0.035,0.035,0.035,0.035,0.058,0.047,0.012,0.012,0.012,0.012,0.012,0.012,0.012,0.035,0.012,0.058,0.093,0.035,0.035,0.023,0.035,0.128,0.128,0.047,0.012,0.023,0.023,0.023,0.058,0.012,0.012,0.023,0.012,0.035,0.047,0.023,0.012,0.14,0.058,0.082,0.058,0.058,0.07,0.082,0.093,0.012,0.012,0.093,0.035,0.093,0.012,0.012,0.023,0.012,0.058,0.035,0.012,0.012,0.058,0.128,0.105,0.082,0.105,0.082,0.082,0.058,0.082,0.058,0.058,,,,,,,,,,,,,,,,,,,,,,,,,,,,,,,,,,,,,,,,,,,,,,,,,,,,,,,,,,,,,,,,,,,,,,,,,,,,,,,,,,,,,,,,,,,,,
,Dhaka,March,12,0.012,0.012,0.012,0.012,0.012,0.012,0.047,0.012,0.012,0.012,0.012,0.012,0.012,0.012,0.012,0.012,0.012,0.012,0.012,0.012,0.012,0.012,0.012,0.012,0.012,0.012,0.012,0.012,0.012,0.012,0.012,0.012,0.012,0.012,0.012,0.012,0.012,0.012,0.012,0.012,0.023,0.012,0.012,0.012,0.012,0.058,0.035,0.012,0.012,0.012,0.012,0.012,0.012,0.012,0.012,0.012,0.012,0.012,0.012,0.012,0.012,0.012,0.012,0.012,0.012,0.012,0.012,0.012,0.012,0.012,0.012,0.012,0.012,0.012,0.012,0.012,0.012,0.012,0.012,0.012,0.012,0.012,0.012,0.012,0.012,0.012,0.012,0.012,0.012,0.012,0.012,0.012,0.012,,,,,,,,,,,,,,,,,,,,,,,,,,,,,,,,,,,,,,,,,,,,,,,,,,,,,,,,,,,,,,,,,,,,,,,,,,,,,,,,,,,,,,,,,,,,,
,Dhaka,March,13,0.012,0.012,0.012,0.012,0.012,0.012,0.012,0.012,0.012,0.012,0.012,0.012,0.012,0.012,0.012,0.012,0.012,0.012,0.012,0.012,0.012,0.012,0.012,0.012,0.012,0.012,0.012,0.012,0.012,0.012,0.012,0.012,0.012,0.012,0.012,0.012,0.012,0.012,0.012,0.012,0.012,0.012,0.012,0.012,0.012,0.012,0.012,0.012,0.012,0.012,0.012,0.012,0.012,0.012,0.012,0.012,0.012,0.012,0.012,0.012,0.012,0.012,0.012,0.012,0.012,0.012,0.012,0.012,0.012,0.012,0.012,0.012,0.012,0.012,0.012,0.012,0.012,0.012,0.012,0.012,0.012,0.012,0.012,0.012,0.012,0.012,0.012,0.012,0.012,0.012,0.012,0.012,0.012,,,,,,,,,,,,,,,,,,,,,,,,,,,,,,,,,,,,,,,,,,,,,,,,,,,,,,,,,,,,,,,,,,,,,,,,,,,,,,,,,,,,,,,,,,,,,
,,,Total,3.438,3.473,3.38,1.049,1.923,2.669,3.951,3.531,3.217,3.601,2.284,3.287,3.438,3.345,3.45,3.869,3.415,3.124,2.727,4.207,4.569,3.718,4.091,3.392,3.998,3.869,1.503,3.8,3.613,3.252,2.529,2.797,2.378,2.622,2.692,2.529,2.261,2.587,1.818,2.599,3.52,3.718,3.217,3.497,2.809,3.939,4.103,2.587,2.727,3.415,2.762,2.762,3.217,1.375,1.772,2.96,2.145,2.075,2.564,2.681,3.718,5.28,2.622,2.576,3.683,3.089,3.403,3.092,3.578,2.413,2.506,2.261,2.669,2.517,1.655,2.378,2.459,2.308,3.497,2.681,2.879,3.135,3.357,3.555,3.473,3.263,4.51,4.149,3.66,3.543,3.368,3.112,3.275,,,,,,,,,,,,,,,,,,,,,,,,,,,,,,,,,,,,,,,,,,,,,,,,,,,,,,,,,,,,,,,,,,,,,,,,,,,,,,,,,,,,,,,,,,,,,
,Dhaka,April,0,0.012,0.012,0.012,0.012,0.012,0.012,0.012,0.012,0.012,0.012,0.012,0.012,0.012,0.012,0.012,0.012,0.012,0.012,0.012,0.012,0.012,0.012,0.012,0.012,0.012,0.012,0.012,0.012,0.012,0.012,**,0.012,0.012,0.012,0.012,0.012,0.012,0.012,0.012,0.012,0.012,0.012,0.012,0.012,0.012,0.012,0.012,0.012,0.012,0.012,0.012,0.012,0.012,0.012,0.012,0.012,0.012,0.012,0.012,0.012,0.012,,0.012,0.012,0.012,0.012,0.012,0.012,0.012,0.012,0.012,0.012,0.012,0.012,0.012,0.012,0.012,0.012,0.012,0.012,0.012,0.012,0.012,0.012,0.012,0.012,0.012,0.012,0.012,0.012,0.012,0.012,,,,,,,,,,,,,,,,,,,,,,,,,,,,,,,,,,,,,,,,,,,,,,,,,,,,,,,,,,,,,,,,,,,,,,,,,,,,,,,,,,,,,,,,,,,,,,
,Dhaka,April,1,0.012,0.012,0.082,0.023,0.023,0.012,0.012,0.035,0.023,0.012,0.012,0.012,0.047,0.012,0.035,0.035,0.093,0.082,0.058,0.128,0.058,0.058,0.082,0.105,0.128,0.128,0.012,0.012,0.012,0.012,**,0.105,0.058,0.012,0.012,0.012,0.012,0.012,0.012,0.012,0.012,0.012,0.012,0.012,0.012,0.012,0.012,0.012,0.012,0.012,0.012,0.012,0.012,0.012,0.012,0.012,0.012,0.012,0.012,0.058,0.012,,0.012,0.012,0.047,0.023,0.07,0.047,0.058,0.023,0.047,0.023,0.023,0.058,0.047,0.047,0.035,0.047,0.012,0.012,0.023,0.035,0.058,0.035,0.023,0.023,0.058,0.105,0.117,0.117,0.093,0.093,,,,,,,,,,,,,,,,,,,,,,,,,,,,,,,,,,,,,,,,,,,,,,,,,,,,,,,,,,,,,,,,,,,,,,,,,,,,,,,,,,,,,,,,,,,,,,
,Dhaka,April,2,0.245,0.175,0.186,0.082,0.058,0.035,0.152,0.221,1.061,0.058,0.105,0.012,0.152,0.058,0.105,0.128,0.233,0.233,0.221,0.245,0.198,0.233,0.128,0.152,0.256,0.268,0.105,0.105,0.128,0.128,**,0.303,0.256,0.128,0.152,0.082,0.093,0.152,0.012,0.023,0.07,0.105,0.058,0.082,0.117,0.128,0.047,0.07,0.07,0.012,0.058,0.012,0.012,0.058,0.035,0.058,0.128,0.152,0.012,0.186,0.058,,0.117,0.105,0.233,0.221,0.256,0.233,0.198,0.128,0.163,0.128,0.152,0.233,0.245,0.245,0.128,0.152,0.233,0.245,0.175,0.07,0.245,0.245,0.175,0.256,0.233,0.256,0.268,0.256,0.291,0.315,,,,,,,,,,,,,,,,,,,,,,,,,,,,,,,,,,,,,,,,,,,,,,,,,,,,,,,,,,,,,,,,,,,,,,,,,,,,,,,,,,,,,,,,,,,,,,
,Dhaka,April,3,0.42,0.256,0.245,0.373,0.128,0.012,0.455,0.35,0.385,0.14,0.35,0.105,0.221,0.385,0.268,0.175,0.373,0.385,0.152,0.396,0.361,0.408,0.408,0.431,0.408,0.431,0.198,0.233,0.35,0.233,**,0.49,0.373,0.303,0.361,0.373,0.385,0.42,0.315,0.221,0.408,0.385,0.186,0.221,0.303,0.326,0.152,0.128,0.175,0.07,0.105,0.082,0.117,0.105,0.117,0.152,0.315,0.326,0.023,0.175,0.152,,0.14,0.128,0.303,0.315,0.361,0.315,0.35,0.268,0.35,0.256,0.268,0.361,0.373,0.385,0.198,0.21,0.385,0.431,0.35,0.082,0.408,0.443,0.245,0.35,0.42,0.431,0.42,0.396,0.396,0.396,,,,,,,,,,,,,,,,,,,,,,,,,,,,,,,,,,,,,,,,,,,,,,,,,,,,,,,,,,,,,,,,,,,,,,,,,,,,,,,,,,,,,,,,,,,,,,
,Dhaka,April,4,0.688,0.268,0.245,0.256,0.198,0.338,0.583,0.035,0.128,0.245,0.466,0.361,0.548,0.455,0.385,0.268,0.466,0.501,0.501,0.548,0.524,0.594,0.571,0.524,0.49,0.478,0.28,0.186,0.478,0.653,**,0.606,0.548,0.408,0.548,0.501,0.501,0.548,0.455,0.466,0.466,0.431,0.361,0.268,0.49,0.385,0.221,0.303,0.233,0.186,0.14,0.117,0.28,0.245,0.221,0.256,0.385,0.361,0.047,0.163,0.221,,0.256,0.291,0.35,0.373,0.49,0.396,0.361,0.361,0.408,0.268,0.326,0.478,0.466,0.49,0.35,0.35,0.501,0.548,0.408,0.559,0.548,0.49,0.315,0.396,0.478,0.513,0.524,0.49,0.478,0.513,,,,,,,,,,,,,,,,,,,,,,,,,,,,,,,,,,,,,,,,,,,,,,,,,,,,,,,,,,,,,,,,,,,,,,,,,,,,,,,,,,,,,,,,,,,,,,
,Dhaka,April,5,0.711,0.431,0.373,0.466,0.245,0.466,0.594,0.082,0.012,0.326,0.583,0.49,0.245,0.466,0.431,0.245,0.594,0.618,0.571,0.594,0.606,0.641,0.618,0.711,0.618,0.536,0.221,0.175,0.594,0.338,**,0.734,0.373,0.478,0.594,0.548,0.559,0.594,0.606,0.548,0.559,0.49,0.42,0.431,0.536,0.455,0.256,0.385,0.291,0.315,0.175,0.14,0.326,0.268,0.256,0.291,0.361,0.361,0.082,0.14,0.198,,0.361,0.408,0.315,0.466,0.571,0.571,0.559,0.455,0.466,0.256,0.396,0.571,0.559,0.524,0.455,0.455,0.571,0.641,0.466,0.711,0.664,0.524,0.35,0.466,0.594,0.606,0.664,0.583,0.571,0.618,,,,,,,,,,,,,,,,,,,,,,,,,,,,,,,,,,,,,,,,,,,,,,,,,,,,,,,,,,,,,,,,,,,,,,,,,,,,,,,,,,,,,,,,,,,,,,
,Dhaka,April,6,0.641,0.699,0.361,0.711,0.268,0.618,0.594,0.058,0.128,0.478,0.641,0.338,0.047,0.711,0.583,0.688,0.664,0.676,0.629,0.676,0.653,0.734,0.653,0.606,0.606,0.583,0.198,0.175,0.723,0.746,**,0.734,0.338,0.466,0.618,0.641,0.688,0.723,0.49,0.618,0.699,0.548,0.245,0.571,0.618,0.501,0.431,0.571,0.303,0.618,0.21,0.152,0.361,0.256,0.268,0.361,0.245,0.385,0.07,0.186,0.21,,0.466,0.583,0.268,0.524,0.653,0.688,0.629,0.49,0.501,0.35,0.49,0.641,0.629,0.676,0.49,0.513,0.641,0.606,0.583,0.233,0.734,0.373,0.373,0.583,0.688,0.676,0.688,0.629,0.664,0.734,,,,,,,,,,,,,,,,,,,,,,,,,,,,,,,,,,,,,,,,,,,,,,,,,,,,,,,,,,,,,,,,,,,,,,,,,,,,,,,,,,,,,,,,,,,,,,
,Dhaka,April,7,0.466,0.571,0.35,0.711,0.082,0.583,0.408,0.093,0.466,0.408,0.571,0.303,0.117,0.618,0.618,0.653,0.606,0.571,0.513,0.629,0.723,0.571,0.559,0.513,0.478,0.501,0.431,0.163,0.734,0.664,**,0.723,0.478,0.548,0.629,0.618,0.629,0.641,0.455,0.664,0.653,0.606,0.233,0.443,0.594,0.245,0.478,0.618,0.35,0.664,0.233,0.175,0.303,0.186,0.012,0.245,0.012,0.513,0.035,0.163,0.035,,0.513,0.478,0.361,0.524,0.583,0.478,0.501,0.583,0.583,0.152,0.513,0.676,0.664,0.664,0.548,0.641,0.688,0.583,0.641,0.688,0.746,0.256,0.559,0.618,0.746,0.641,0.711,0.676,0.688,0.664,,,,,,,,,,,,,,,,,,,,,,,,,,,,,,,,,,,,,,,,,,,,,,,,,,,,,,,,,,,,,,,,,,,,,,,,,,,,,,,,,,,,,,,,,,,,,,
,Dhaka,April,8,0.373,0.035,0.385,0.396,0.128,0.524,0.152,0.245,0.629,0.373,0.385,0.268,0.338,0.513,0.548,0.536,0.478,0.501,0.478,0.664,0.548,0.478,0.49,0.513,0.513,0.186,0.338,0.431,0.594,0.524,**,0.618,0.548,0.49,0.524,0.466,0.478,0.501,0.373,0.49,0.513,0.571,0.315,0.548,0.618,0.023,0.536,0.559,0.385,0.571,0.221,0.14,0.245,0.175,0.023,0.361,0.012,0.536,0.047,0.128,0.035,,0.49,0.466,0.524,0.361,0.501,0.455,0.466,0.455,0.291,0.128,0.49,0.524,0.513,0.583,0.501,0.466,0.594,0.548,0.571,0.478,0.594,0.152,0.49,0.548,0.559,0.548,0.606,0.699,0.501,0.524,,,,,,,,,,,,,,,,,,,,,,,,,,,,,,,,,,,,,,,,,,,,,,,,,,,,,,,,,,,,,,,,,,,,,,,,,,,,,,,,,,,,,,,,,,,,,,
,Dhaka,April,9,0.221,0.385,0.338,0.303,0.128,0.431,0.082,0.408,0.291,0.291,0.186,0.186,0.431,0.49,0.478,0.455,0.326,0.443,0.373,0.466,0.35,0.443,0.431,0.373,0.443,0.07,0.245,0.478,0.559,0.466,**,0.536,0.047,0.373,0.455,0.431,0.513,0.466,0.326,0.455,0.478,0.49,0.396,0.524,0.641,0.058,0.478,0.559,0.478,0.49,0.198,0.128,0.152,0.152,0.012,0.221,0.012,0.361,0.082,0.152,0.023,,0.385,0.408,0.245,0.256,0.373,0.385,0.338,0.373,0.455,0.152,0.443,0.431,0.478,0.49,0.431,0.245,0.478,0.455,0.431,0.221,0.478,0.175,0.431,0.466,0.443,0.385,0.478,0.583,0.455,0.466,,,,,,,,,,,,,,,,,,,,,,,,,,,,,,,,,,,,,,,,,,,,,,,,,,,,,,,,,,,,,,,,,,,,,,,,,,,,,,,,,,,,,,,,,,,,,,
,Dhaka,April,10,0.023,0.105,0.117,0.186,0.07,0.245,0.012,0.012,0.058,0.093,0.047,0.152,0.303,0.303,0.268,0.291,0.186,0.233,0.245,0.175,0.245,0.175,0.21,0.175,0.256,0.058,0.128,0.175,0.198,0.245,**,0.245,0.082,0.245,0.245,0.256,0.326,0.501,0.105,0.256,0.303,0.326,0.256,0.315,0.338,0.117,0.361,0.198,0.221,0.455,0.186,0.035,0.082,0.012,0.035,0.012,0.012,0.21,0.128,0.117,0.012,,0.35,0.245,0.163,0.128,0.28,0.256,0.291,0.291,0.315,0.082,0.186,0.268,0.291,0.268,0.28,0.221,0.385,0.35,0.35,0.163,0.361,0.128,0.28,0.303,0.338,0.315,0.385,0.361,0.291,0.315,,,,,,,,,,,,,,,,,,,,,,,,,,,,,,,,,,,,,,,,,,,,,,,,,,,,,,,,,,,,,,,,,,,,,,,,,,,,,,,,,,,,,,,,,,,,,,
,Dhaka,April,11,0.012,0.012,0.012,0.082,0.023,0.07,0.012,0.012,0.047,0.07,0.012,0.07,0.012,0.07,0.07,0.082,0.105,0.012,0.07,0.047,0.175,0.035,0.07,0.07,0.093,0.035,0.047,0.082,0.058,0.058,**,0.07,0.012,0.058,0.058,0.058,0.152,0.175,0.012,0.058,0.105,0.14,0.082,0.14,0.082,0.035,0.128,0.058,0.128,0.245,0.082,0.012,0.012,0.035,0.012,0.012,0.012,0.035,0.012,0.012,0.012,,0.023,0.093,0.058,0.023,0.117,0.093,0.105,0.117,0.128,0.012,0.07,0.128,0.175,0.152,0.21,0.105,0.221,0.175,0.233,0.093,0.245,0.012,0.14,0.175,0.198,0.175,0.198,0.152,0.105,0.082,,,,,,,,,,,,,,,,,,,,,,,,,,,,,,,,,,,,,,,,,,,,,,,,,,,,,,,,,,,,,,,,,,,,,,,,,,,,,,,,,,,,,,,,,,,,,,
,Dhaka,April,12,0.012,0.012,0.012,0.012,0.012,0.012,0.012,0.012,0.012,0.012,0.012,0.023,0.012,0.023,0.012,0.012,0.012,0.012,0.047,0.012,0.012,0.012,0.012,0.012,0.012,0.012,0.012,0.012,0.012,0.012,**,0.012,0.012,0.012,0.012,0.012,0.023,0.012,0.012,0.012,0.012,0.012,0.012,0.012,0.012,0.012,0.012,0.012,0.012,0.082,0.012,0.012,0.012,0.012,0.012,0.012,0.012,0.012,0.012,0.012,0.012,,0.012,0.012,0.012,0.012,0.012,0.012,0.012,0.012,0.012,0.012,0.012,0.012,0.012,0.012,0.012,0.012,0.012,0.012,0.012,0.023,0.012,0.012,0.012,0.012,0.012,0.012,0.012,0.012,0.012,0.012,,,,,,,,,,,,,,,,,,,,,,,,,,,,,,,,,,,,,,,,,,,,,,,,,,,,,,,,,,,,,,,,,,,,,,,,,,,,,,,,,,,,,,,,,,,,,,
,Dhaka,April,13,0.012,0.012,0.012,0.012,0.012,0.012,0.012,0.012,0.012,0.012,0.012,0.012,0.012,0.012,0.012,0.012,0.012,0.012,0.012,0.012,0.012,0.012,0.012,0.012,0.012,0.012,0.012,0.012,0.012,0.012,**,0.012,0.012,0.012,0.012,0.012,0.012,0.012,0.012,0.012,0.012,0.012,0.012,0.012,0.012,0.012,0.012,0.012,0.012,0.012,0.012,0.012,0.012,0.012,0.012,0.012,0.012,0.012,0.012,0.012,0.012,,0.012,0.012,0.012,0.012,0.012,0.012,0.012,0.012,0.012,0.012,0.012,0.012,0.012,0.012,0.012,0.012,0.012,0.012,0.012,0.012,0.012,0.012,0.012,0.012,0.012,0.012,0.012,0.012,0.012,0.012,,,,,,,,,,,,,,,,,,,,,,,,,,,,,,,,,,,,,,,,,,,,,,,,,,,,,,,,,,,,,,,,,,,,,,,,,,,,,,,,,,,,,,,,,,,,,,
,,,Total,3.846,2.984,2.727,3.625,1.387,3.368,3.089,1.585,3.263,2.529,3.392,2.343,2.494,4.126,3.823,3.59,4.161,4.289,3.881,4.604,4.476,4.406,4.254,4.207,4.324,3.31,2.238,2.249,4.464,4.103,,5.198,3.147,3.543,4.231,4.021,4.382,4.767,3.193,3.846,4.301,4.138,2.599,3.59,4.382,2.319,3.135,3.497,2.681,3.741,1.655,1.037,1.935,1.538,1.037,2.016,1.538,3.287,0.583,1.515,1.002,,3.147,3.252,2.902,3.252,4.289,3.951,3.893,3.578,3.741,1.841,3.392,4.406,4.476,4.557,3.66,3.438,4.744,4.627,4.266,3.38,5.117,2.867,3.415,4.219,4.79,4.685,5.093,4.977,4.569,4.755,0,,,,,,,,,,,,,,,,,,,,,,,,,,,,,,,,,,,,,,,,,,,,,,,,,,,,,,,,,,,,,,,,,,,,,,,,,,,,,,,,,,,,,,,,,,,,,
,Dhaka,May,0,0.012,0.012,0.012,0.012,0.012,0.012,0.012,0.012,0.012,0.012,0.012,0.012,0.012,0.012,0.012,0.012,0.012,0.012,0.012,0.012,0.012,0.012,0.012,0.012,0.012,0.012,0.012,0.012,0.012,0.012,0.023,0.012,0.012,0.012,0.012,0.012,0.012,0.012,0.012,0.012,0.012,0.012,0.012,0.012,0.012,0.012,0.012,0.012,0.012,0.012,0.012,0.012,0.012,0.012,0.012,0.012,0.012,0.012,0.012,0.012,0.012,0.012,0.012,0.012,0.012,0.012,0.012,0.012,0.012,0.012,0.012,0.012,0.012,0.012,0.012,0.012,0.012,0.012,0.012,0.012,0.012,0.012,0.012,0.012,0.012,0.012,0.012,0.012,0.012,0.012,0.012,0.012,0.012,,,,,,,,,,,,,,,,,,,,,,,,,,,,,,,,,,,,,,,,,,,,,,,,,,,,,,,,,,,,,,,,,,,,,,,,,,,,,,,,,,,,,,,,,,,,,
,Dhaka,May,1,0.012,0.012,0.023,0.012,0.082,0.093,0.047,0.105,0.07,0.082,0.128,0.128,0.058,0.093,0.117,0.117,0.07,0.07,0.07,0.035,0.012,0.012,0.012,0.012,0.012,0.012,0.012,0.012,0.058,0.012,0.117,0.023,0.035,0.023,0.023,0.023,0.012,0.058,0.117,0.07,0.082,0.058,0.128,0.047,0.035,0.105,0.117,0.058,0.012,0.012,0.012,0.012,0.012,0.047,0.117,0.082,0.093,0.012,0.012,0.012,0.012,0.023,0.035,0.023,0.012,0.012,0.023,0.012,0.035,0.012,0.023,0.012,0.012,0.058,0.012,0.047,0.035,0.047,0.023,0.035,0.035,0.023,0.058,0.047,0.082,0.082,0.012,0.012,0.012,0.012,0.012,0.012,0.012,,,,,,,,,,,,,,,,,,,,,,,,,,,,,,,,,,,,,,,,,,,,,,,,,,,,,,,,,,,,,,,,,,,,,,,,,,,,,,,,,,,,,,,,,,,,,
,Dhaka,May,2,0.152,0.128,0.105,0.012,0.245,0.152,0.303,0.245,0.186,0.21,0.198,0.268,0.221,0.245,0.303,0.268,0.338,0.105,0.128,0.07,0.268,0.14,0.105,0.035,0.175,0.221,0.128,0.105,0.163,0.082,0.152,0.035,0.047,0.105,0.035,0.152,0.012,0.245,0.303,0.012,0.245,0.28,0.361,0.245,0.361,0.315,0.326,0.128,0.152,0.058,0.012,0.012,0.012,0.152,0.35,0.268,0.303,0.012,0.105,0.117,0.186,0.117,0.152,0.163,0.186,0.047,0.082,0.093,0.291,0.268,0.221,0.198,0.245,0.268,0.256,0.221,0.245,0.117,0.105,0.175,0.128,0.198,0.245,0.198,0.315,0.291,0.082,0.023,0.082,0.035,0.128,0.058,0.023,,,,,,,,,,,,,,,,,,,,,,,,,,,,,,,,,,,,,,,,,,,,,,,,,,,,,,,,,,,,,,,,,,,,,,,,,,,,,,,,,,,,,,,,,,,,,
,Dhaka,May,3,0.256,0.233,0.175,0.012,0.431,0.256,0.478,0.245,0.21,0.268,0.28,0.396,0.291,0.455,0.431,0.303,0.559,0.128,0.221,0.082,0.28,0.233,0.245,0.105,0.431,0.42,0.385,0.35,0.256,0.128,0.256,0.012,0.303,0.291,0.291,0.291,0.07,0.361,0.431,0.291,0.373,0.291,0.501,0.373,0.338,0.443,0.466,0.245,0.303,0.245,0.303,0.023,0.012,0.338,0.513,0.455,0.128,0.012,0.315,0.373,0.28,0.221,0.291,0.256,0.315,0.186,0.268,0.233,0.42,0.361,0.315,0.256,0.396,0.431,0.396,0.256,0.373,0.163,0.175,0.455,0.198,0.256,0.338,0.466,0.443,0.49,0.198,0.198,0.14,0.198,0.35,0.14,0.058,,,,,,,,,,,,,,,,,,,,,,,,,,,,,,,,,,,,,,,,,,,,,,,,,,,,,,,,,,,,,,,,,,,,,,,,,,,,,,,,,,,,,,,,,,,,,
,Dhaka,May,4,0.291,0.245,0.128,0.012,0.618,0.385,0.583,0.653,0.583,0.315,0.536,0.594,0.408,0.536,0.21,0.711,0.653,0.221,0.594,0.559,0.513,0.14,0.583,0.082,0.361,0.594,0.408,0.455,0.524,0.688,0.653,0.012,0.07,0.385,0.408,0.408,0.117,0.455,0.536,0.431,0.233,0.408,0.641,0.408,0.42,0.536,0.594,0.373,0.42,0.268,0.07,0.058,0.035,0.536,0.618,0.501,0.245,0.012,0.315,0.466,0.536,0.245,0.431,0.35,0.385,0.256,0.385,0.315,0.478,0.49,0.373,0.338,0.012,0.478,0.466,0.315,0.466,0.35,0.326,0.49,0.268,0.35,0.385,0.524,0.501,0.501,0.408,0.373,0.175,0.256,0.49,0.443,0.047,,,,,,,,,,,,,,,,,,,,,,,,,,,,,,,,,,,,,,,,,,,,,,,,,,,,,,,,,,,,,,,,,,,,,,,,,,,,,,,,,,,,,,,,,,,,,
,Dhaka,May,5,0.303,0.291,0.023,0.012,0.699,0.49,0.676,0.758,0.28,0.338,0.711,0.664,0.548,0.594,0.699,0.758,0.734,0.245,0.49,0.711,0.734,0.233,0.828,0.117,0.455,0.711,0.431,0.501,0.245,0.128,0.711,0.012,0.012,0.361,0.431,0.431,0.128,0.501,0.618,0.571,0.361,0.478,0.711,0.478,0.478,0.641,0.571,0.373,0.466,0.256,0.047,0.012,0.303,0.618,0.303,0.536,0.408,0.641,0.315,0.338,0.618,0.431,0.583,0.455,0.42,0.373,0.42,0.408,0.571,0.571,0.291,0.396,0.117,0.548,0.501,0.501,0.49,0.536,0.455,0.571,0.361,0.396,0.408,0.618,0.583,0.688,0.559,0.396,0.198,0.338,0.618,0.571,0.012,,,,,,,,,,,,,,,,,,,,,,,,,,,,,,,,,,,,,,,,,,,,,,,,,,,,,,,,,,,,,,,,,,,,,,,,,,,,,,,,,,,,,,,,,,,,,
,Dhaka,May,6,0.338,0.326,0.221,0.012,0.734,0.618,0.688,0.711,0.28,0.466,0.734,0.466,0.618,0.723,0.746,0.769,0.594,0.152,0.385,0.233,0.28,0.058,0.746,0.128,0.256,0.536,0.303,0.221,0.688,0.688,0.688,0.012,0.012,0.513,0.466,0.466,0.163,0.478,0.746,0.723,0.385,0.431,0.758,0.221,0.594,0.781,0.408,0.408,0.618,0.303,0.07,0.012,0.385,0.758,0.105,0.478,0.455,0.268,0.35,0.128,0.711,0.641,0.621,0.583,0.478,0.443,0.524,0.548,0.618,0.618,0.268,0.466,0.198,0.688,0.606,0.268,0.361,0.746,0.513,0.524,0.326,0.466,0.198,0.711,0.664,0.723,0.548,0.443,0.186,0.548,0.711,0.781,0.012,,,,,,,,,,,,,,,,,,,,,,,,,,,,,,,,,,,,,,,,,,,,,,,,,,,,,,,,,,,,,,,,,,,,,,,,,,,,,,,,,,,,,,,,,,,,,
,Dhaka,May,7,0.478,0.385,0.035,0.012,0.676,0.664,0.688,0.245,0.245,0.443,0.711,0.524,0.373,0.711,0.664,0.443,0.536,0.303,0.315,0.688,0.291,0.373,0.781,0.152,0.186,0.781,0.594,0.256,0.478,0.524,0.594,0.07,0.058,0.548,0.501,0.501,0.117,0.455,0.746,0.711,0.42,0.42,0.769,0.233,0.653,0.594,0.361,0.233,0.501,0.128,0.035,0.07,0.466,0.594,0.361,0.361,0.245,0.618,0.594,0.361,0.723,0.594,0.641,0.618,0.513,0.338,0.443,0.571,0.664,0.466,0.105,0.478,0.303,0.466,0.629,0.338,0.49,0.711,0.583,0.28,0.536,0.513,0.455,0.594,0.478,0.734,0.664,0.245,0.221,0.629,0.688,0.594,0.082,,,,,,,,,,,,,,,,,,,,,,,,,,,,,,,,,,,,,,,,,,,,,,,,,,,,,,,,,,,,,,,,,,,,,,,,,,,,,,,,,,,,,,,,,,,,,
,Dhaka,May,8,0.524,0.42,0.012,0.012,0.49,0.571,0.641,0.291,0.256,0.42,0.594,0.49,0.256,0.688,0.571,0.42,0.478,0.315,0.152,0.478,0.315,0.734,0.571,0.175,0.152,0.455,0.536,0.361,0.408,0.361,0.653,0.023,0.117,0.431,0.431,0.431,0.07,0.431,0.641,0.618,0.373,0.571,0.711,0.233,0.536,0.42,0.431,0.186,0.478,0.023,0.058,0.082,0.478,0.478,0.478,0.291,0.245,0.571,0.548,0.513,0.478,0.571,0.571,0.559,0.571,0.198,0.373,0.559,0.571,0.361,0.373,0.524,0.105,0.373,0.361,0.455,0.524,0.583,0.478,0.152,0.501,0.35,0.315,0.629,0.559,0.606,0.618,0.303,0.105,0.723,0.711,0.618,0.07,,,,,,,,,,,,,,,,,,,,,,,,,,,,,,,,,,,,,,,,,,,,,,,,,,,,,,,,,,,,,,,,,,,,,,,,,,,,,,,,,,,,,,,,,,,,,
,Dhaka,May,9,0.431,0.315,0.012,0.012,0.373,0.478,0.245,0.256,0.245,0.524,0.14,0.361,0.186,0.315,0.478,0.245,0.303,0.373,0.105,0.221,0.49,0.664,0.501,0.152,0.291,0.536,0.443,0.455,0.152,0.291,0.478,0.082,0.082,0.245,0.245,0.245,0.117,0.361,0.851,0.536,0.42,0.594,0.629,0.023,0.361,0.268,0.256,0.163,0.361,0.012,0.012,0.058,0.315,0.361,0.513,0.175,0.198,0.128,0.536,4.674,0.431,0.524,0.455,0.303,0.291,0.175,0.315,0.524,0.49,0.315,0.315,0.49,0.058,0.315,0.093,0.431,0.443,0.501,0.373,0.012,0.455,0.221,0.245,0.571,0.373,0.524,0.478,0.175,0.07,0.746,0.606,0.501,0.012,,,,,,,,,,,,,,,,,,,,,,,,,,,,,,,,,,,,,,,,,,,,,,,,,,,,,,,,,,,,,,,,,,,,,,,,,,,,,,,,,,,,,,,,,,,,,
,Dhaka,May,10,0.163,0.152,0.012,0.012,0.152,0.315,0.186,0.198,0.152,0.186,0.221,0.058,0.175,0.152,0.256,0.07,0.186,0.361,0.035,0.163,0.245,0.711,0.175,0.082,0.163,0.326,0.245,0.117,0.023,0.35,0.291,0.07,0.058,0.128,0.128,0.128,0.175,0.198,0.245,0.128,0.245,0.361,0.245,0.012,0.245,0.105,0.082,0.152,0.221,0.012,0.012,0.221,0.186,0.233,0.221,0.163,0.152,0.012,0.152,0.023,0.128,0.245,0.28,0.186,0.198,0.058,0.256,0.338,0.385,0.245,0.256,0.361,0.012,0.245,0.035,0.152,0.186,0.443,0.128,0.012,0.186,0.198,0.221,0.396,0.315,0.385,0.175,0.245,0.012,0.152,0.291,0.291,0.012,,,,,,,,,,,,,,,,,,,,,,,,,,,,,,,,,,,,,,,,,,,,,,,,,,,,,,,,,,,,,,,,,,,,,,,,,,,,,,,,,,,,,,,,,,,,,
,Dhaka,May,11,0.082,0.07,0.012,0.012,0.058,0.093,0.058,0.07,0.07,0.082,0.093,0.012,0.047,0.082,0.058,0.058,0.082,0.012,0.012,0.093,0.082,0.478,0.082,0.012,0.082,0.128,0.082,0.047,0.012,0.233,0.128,0.012,0.012,0.023,0.035,0.035,0.023,0.035,0.035,0.035,0.07,0.082,0.082,0.012,0.07,0.012,0.012,0.07,0.082,0.012,0.012,0.035,0.082,0.082,0.082,0.07,0.07,0.012,0.035,0.093,0.035,0.082,0.175,0.058,0.082,0.012,0.152,0.128,0.152,0.012,0.152,0.128,0.012,0.14,0.047,0.023,0.023,0.14,0.012,0.012,0.105,0.117,0.117,0.128,0.152,0.361,0.105,0.07,0.012,0.035,0.082,0.058,0.012,,,,,,,,,,,,,,,,,,,,,,,,,,,,,,,,,,,,,,,,,,,,,,,,,,,,,,,,,,,,,,,,,,,,,,,,,,,,,,,,,,,,,,,,,,,,,
,Dhaka,May,12,0.012,0.012,0.012,0.012,0.012,0.012,0.012,0.012,0.023,0.023,0.023,0.012,0.012,0.012,0.012,0.012,0.012,0.012,0.012,0.023,0.012,0.186,0.012,0.012,0.012,0.012,0.012,0.012,0.012,0.175,0.023,0.012,0.012,0.012,0.012,0.012,0.012,0.012,0.012,0.012,0.012,0.012,0.012,0.012,0.012,0.012,0.012,0.012,0.012,0.012,0.012,0.012,0.012,0.023,0.023,0.023,0.012,0.012,0.012,0.012,0.012,0.012,0.012,0.012,0.012,0.012,0.012,0.023,0.035,0.012,0.012,0.012,0.012,0.012,0.012,0.012,0.012,0.012,0.012,0.012,0.023,0.035,0.035,0.023,0.023,0.047,0.012,0.012,0.012,0.012,0.012,0.012,0.012,,,,,,,,,,,,,,,,,,,,,,,,,,,,,,,,,,,,,,,,,,,,,,,,,,,,,,,,,,,,,,,,,,,,,,,,,,,,,,,,,,,,,,,,,,,,,
,Dhaka,May,13,0.012,0.012,0.012,0.012,0.012,0.012,0.012,0.012,0.012,0.012,0.012,0.012,0.012,0.012,0.012,0.012,0.012,0.012,0.012,0.012,0.012,0.093,0.012,0.012,0.012,0.012,0.012,0.012,0.012,0.082,0.012,0.012,0.012,0.012,0.012,0.012,0.012,0.012,0.012,0.012,0.012,0.012,0.012,0.012,0.012,0.012,0.012,0.012,0.012,0.012,0.012,0.012,0.012,0.012,0.012,0.012,0.012,0.012,0.012,0.012,0.012,0.012,0.012,0.012,0.012,0.012,0.012,0.012,0.012,0.012,0.012,0.012,0.012,0.012,0.012,0.012,0.012,0.012,0.012,0.012,0.012,0.012,0.012,0.012,0.012,0.012,0.012,0.012,0.012,0.012,0.012,0.012,0.012,,,,,,,,,,,,,,,,,,,,,,,,,,,,,,,,,,,,,,,,,,,,,,,,,,,,,,,,,,,,,,,,,,,,,,,,,,,,,,,,,,,,,,,,,,,,,
,,,Total,3.065,2.611,0.793,0.163,4.592,4.149,4.627,3.811,2.622,3.38,4.394,3.998,3.217,4.627,4.569,4.196,4.569,2.319,2.541,3.38,3.543,4.068,4.662,1.084,2.599,4.755,3.601,2.914,3.042,3.753,4.779,0.396,0.839,3.089,3.03,3.147,1.037,3.613,5.303,4.161,3.24,4.009,5.571,2.319,4.126,4.254,3.66,2.424,3.648,1.364,0.676,0.629,2.319,4.242,3.706,3.427,2.576,2.331,3.31,7.133,4.172,3.73,4.269,3.59,3.485,2.133,3.275,3.776,4.732,3.753,2.727,3.683,1.503,4.044,3.438,3.042,3.671,4.371,3.205,2.751,3.147,3.147,3.042,4.93,4.51,5.455,3.881,2.517,1.247,3.706,4.72,4.103,0.385,,,,,,,,,,,,,,,,,,,,,,,,,,,,,,,,,,,,,,,,,,,,,,,,,,,,,,,,,,,,,,,,,,,,,,,,,,,,,,,,,,,,,,,,,,,,,
,Dhaka,June,0,0.012,0.012,0.012,0.012,0.012,0.012,0.012,0.012,0.012,0.012,0.012,0.012,0.012,0.012,0.012,0.012,0.023,0.012,0.012,0.012,0.012,0.012,0.012,0.012,0.012,0.012,0.012,0.012,0.012,0.012,**,0.012,0.012,0.012,0.012,0.012,0.012,0.012,0.012,0.012,0.012,0.012,0.012,0.012,0.012,0.012,0.012,0.012,0.012,0.012,0.012,0.012,0.012,0.012,0.012,0.012,0.012,0.012,0.012,0.012,0.012,,0.012,0.012,0.012,0.012,0.012,0.012,0.012,0.012,0.012,0.012,0.012,0.012,0.012,0.012,0.012,0.012,0.012,0.012,0.012,0.012,0.012,0.012,0.012,0.012,0.012,0.012,0.012,0.012,0.012,0.012,,,,,,,,,,,,,,,,,,,,,,,,,,,,,,,,,,,,,,,,,,,,,,,,,,,,,,,,,,,,,,,,,,,,,,,,,,,,,,,,,,,,,,,,,,,,,,
,Dhaka,June,1,0.128,0.012,0.012,0.012,0.012,0.012,0.105,0.082,0.012,0.012,0.012,0.093,0.058,0.07,0.035,0.012,0.082,0.012,0.058,0.012,0.012,0.012,0.012,0.105,0.058,0.012,0.012,0.035,0.023,0.128,**,0.023,0.082,0.035,0.128,0.082,0.012,0.105,0.035,0.023,0.012,0.012,0.012,0.012,0.012,0.012,0.012,0.012,0.012,0.012,0.035,0.012,0.047,0.058,0.047,0.012,0.035,0.047,0.012,0.012,0.07,,0.012,0.058,0.035,0.058,0.012,0.012,0.012,0.012,0.012,0.012,0.012,0.012,0.012,0.012,0.012,0.012,0.012,0.012,0.012,0.012,0.012,0.012,0.012,0.012,0.035,0.035,0.012,0.035,0.012,0.012,,,,,,,,,,,,,,,,,,,,,,,,,,,,,,,,,,,,,,,,,,,,,,,,,,,,,,,,,,,,,,,,,,,,,,,,,,,,,,,,,,,,,,,,,,,,,,
,Dhaka,June,2,0.245,0.175,0.152,0.128,0.012,0.035,0.082,0.152,0.012,0.058,0.082,0.152,0.105,0.944,0.012,0.012,0.245,0.221,0.245,0.105,0.07,0.012,0.058,0.245,0.256,0.175,0.012,0.058,0.105,0.245,**,0.117,0.291,0.198,0.35,0.198,0.128,0.256,0.14,0.105,0.082,0.012,0.058,0.012,0.035,0.082,0.093,0.012,0.012,0.058,0.128,0.023,0.093,0.128,0.128,0.023,0.128,0.152,0.128,0.047,0.105,,0.012,0.198,0.268,0.175,0.058,0.198,0.221,0.012,0.023,0.117,0.012,0.012,0.012,0.012,0.012,0.012,0.058,0.012,0.035,0.047,0.035,0.012,0.012,0.152,0.221,0.152,0.14,0.21,0.058,0.117,,,,,,,,,,,,,,,,,,,,,,,,,,,,,,,,,,,,,,,,,,,,,,,,,,,,,,,,,,,,,,,,,,,,,,,,,,,,,,,,,,,,,,,,,,,,,,
,Dhaka,June,3,0.361,0.49,0.361,0.303,0.012,0.105,0.14,0.221,0.012,0.513,0.175,0.431,0.152,0.14,0.012,0.198,0.455,0.396,0.431,0.035,0.163,0.012,0.326,0.361,0.326,0.385,0.082,0.082,0.152,0.245,**,0.221,0.513,0.245,0.42,0.245,0.338,0.42,0.198,0.175,0.175,0.012,0.117,0.035,0.117,0.152,0.291,0.012,0.012,0.175,0.186,0.047,0.245,0.175,0.186,0.058,0.245,0.14,0.163,0.093,0.117,,0.012,0.501,0.326,0.221,0.012,0.256,0.28,0.012,0.338,0.455,0.058,0.152,0.233,0.012,0.163,0.035,0.152,0.233,0.012,0.14,0.105,0.012,0.105,0.245,0.49,0.233,0.21,0.105,0.128,0.163,,,,,,,,,,,,,,,,,,,,,,,,,,,,,,,,,,,,,,,,,,,,,,,,,,,,,,,,,,,,,,,,,,,,,,,,,,,,,,,,,,,,,,,,,,,,,,
,Dhaka,June,4,0.478,0.291,0.28,0.012,0.012,0.152,0.152,0.303,0.012,0.396,0.688,0.583,0.594,0.152,0.047,0.221,0.513,0.42,0.245,0.152,0.14,0.233,0.408,0.571,0.711,0.408,0.058,0.152,0.186,0.198,**,0.256,0.571,0.338,0.699,0.361,0.361,0.478,0.233,0.245,0.245,0.012,0.152,0.023,0.221,0.268,0.338,0.012,0.047,0.245,0.478,0.105,0.256,0.408,0.385,0.175,0.338,0.198,0.152,0.291,0.373,,0.012,0.548,0.408,0.315,0.117,0.315,0.443,0.012,0.245,0.536,0.385,0.245,0.28,0.128,0.256,0.105,0.245,0.28,0.012,0.175,0.618,0.012,0.163,0.361,0.536,0.012,0.245,0.14,0.175,0.326,,,,,,,,,,,,,,,,,,,,,,,,,,,,,,,,,,,,,,,,,,,,,,,,,,,,,,,,,,,,,,,,,,,,,,,,,,,,,,,,,,,,,,,,,,,,,,
,Dhaka,June,5,0.594,0.012,0.734,0.012,0.012,0.198,0.175,0.408,0.105,0.186,0.804,0.618,0.478,0.186,0.035,0.245,0.641,0.431,0.42,0.315,0.058,0.42,0.618,0.711,0.361,0.408,0.128,0.198,0.268,0.548,**,0.455,0.641,0.373,0.804,0.385,0.373,0.536,0.28,0.35,0.35,0.012,0.128,0.012,0.128,0.338,0.385,0.012,0.152,0.035,0.618,0.128,0.28,0.618,0.571,0.233,0.455,0.233,0.152,0.478,0.478,,0.012,0.594,0.35,0.338,0.361,0.408,0.49,0.082,0.291,0.594,0.548,0.221,0.385,0.198,0.548,0.152,0.163,0.163,0.012,0.256,0.291,0.012,0.233,0.245,0.641,0.245,0.28,0.175,0.245,0.28,,,,,,,,,,,,,,,,,,,,,,,,,,,,,,,,,,,,,,,,,,,,,,,,,,,,,,,,,,,,,,,,,,,,,,,,,,,,,,,,,,,,,,,,,,,,,,
,Dhaka,June,6,0.711,0.012,0.152,0.012,0.012,0.408,0.082,0.501,0.152,0.245,0.734,0.268,0.117,0.198,0.035,0.28,0.431,0.385,0.688,0.023,0.07,0.711,0.804,0.361,0.303,0.42,0.338,0.291,0.315,0.385,**,0.583,0.699,0.548,0.804,0.245,0.466,0.688,0.385,0.431,0.431,0.012,0.012,0.012,0.012,0.373,0.455,0.012,0.315,0.012,0.245,0.175,0.338,0.828,0.618,0.221,0.49,0.256,0.163,0.629,0.583,,0.012,0.664,0.303,0.583,0.49,0.711,0.513,0.152,0.012,0.629,0.664,0.245,0.455,0.478,0.851,0.082,0.268,0.326,0.012,0.326,0.035,0.012,0.28,0.28,0.723,0.571,0.443,0.315,0.221,0.408,,,,,,,,,,,,,,,,,,,,,,,,,,,,,,,,,,,,,,,,,,,,,,,,,,,,,,,,,,,,,,,,,,,,,,,,,,,,,,,,,,,,,,,,,,,,,,
,Dhaka,June,7,0.828,0.256,0.058,0.012,0.012,0.478,0.245,0.291,0.198,0.291,0.303,0.478,0.455,0.28,0.035,0.221,0.315,0.396,0.49,0.105,0.035,0.245,0.583,0.781,0.653,0.618,0.245,0.012,0.338,0.128,**,0.618,0.734,0.618,0.012,0.466,0.152,0.711,0.128,0.466,0.455,0.012,0.023,0.012,0.023,0.431,0.256,0.012,0.221,0.012,0.291,0.128,0.361,0.361,0.408,0.315,0.455,0.28,0.385,0.571,0.548,,0.012,0.536,0.338,0.664,0.583,0.49,0.606,0.221,0.093,0.653,0.455,0.198,0.373,0.245,0.758,0.035,0.315,0.361,0.012,0.245,0.047,0.012,0.315,0.245,0.536,0.361,0.466,0.256,0.012,0.315,,,,,,,,,,,,,,,,,,,,,,,,,,,,,,,,,,,,,,,,,,,,,,,,,,,,,,,,,,,,,,,,,,,,,,,,,,,,,,,,,,,,,,,,,,,,,,
,Dhaka,June,8,0.944,0.361,0.256,0.128,0.012,0.361,0.361,0.268,0.175,0.35,0.186,0.524,0.478,0.315,0.012,0.361,0.361,0.361,0.35,0.186,0.012,0.245,0.455,0.618,0.583,0.536,0.233,0.012,0.315,0.105,**,0.559,0.664,0.245,0.431,0.361,0.105,0.664,0.012,0.478,0.49,0.012,0.012,0.012,0.233,0.256,0.128,0.012,0.163,0.012,0.431,0.152,0.315,0.804,0.245,0.35,0.35,0.326,0.012,0.571,0.361,,0.035,0.361,0.023,0.594,0.012,0.152,0.571,0.245,0.221,0.233,0.431,0.245,0.303,0.012,0.012,0.105,0.256,0.548,0.012,0.14,0.082,0.012,0.152,0.233,0.396,0.315,0.105,0.245,0.012,0.245,,,,,,,,,,,,,,,,,,,,,,,,,,,,,,,,,,,,,,,,,,,,,,,,,,,,,,,,,,,,,,,,,,,,,,,,,,,,,,,,,,,,,,,,,,,,,,
,Dhaka,June,9,1.061,0.152,0.455,0.291,0.012,0.163,0.653,0.233,0.128,0.012,0.128,0.408,0.105,0.303,0.012,0.501,0.443,0.303,0.163,0.501,0.175,0.396,0.361,0.548,0.501,0.49,0.256,0.012,0.291,0.082,**,0.513,0.501,0.012,0.291,0.256,0.058,0.513,0.105,0.49,0.233,0.035,0.198,0.012,0.221,0.198,0.221,0.012,0.128,0.152,0.618,0.198,0.291,0.152,0.186,0.268,0.35,0.35,0.012,0.606,0.152,,0.198,0.245,0.128,0.478,0.012,0.012,0.408,0.268,0.012,0.152,0.408,0.012,0.186,0.14,0.338,0.256,0.233,0.699,0.012,0.117,0.105,0.012,0.012,0.058,0.28,0.361,0.338,0.163,0.117,0.21,,,,,,,,,,,,,,,,,,,,,,,,,,,,,,,,,,,,,,,,,,,,,,,,,,,,,,,,,,,,,,,,,,,,,,,,,,,,,,,,,,,,,,,,,,,,,,
,Dhaka,June,10,1.177,0.082,0.128,0.105,0.012,0.128,0.361,0.128,0.012,0.233,0.082,0.14,0.128,0.175,0.012,0.373,0.152,0.186,0.082,0.152,0.012,0.198,0.338,0.466,0.012,0.303,0.233,0.012,0.198,0.128,**,0.315,0.361,0.012,0.012,0.198,0.035,0.221,0.058,0.198,0.082,0.058,0.058,0.012,0.082,0.058,0.128,0.012,0.047,0.221,0.385,0.268,0.245,0.105,0.117,0.105,0.268,0.128,0.012,0.128,0.478,,0.047,0.152,0.058,0.361,0.012,0.012,0.082,0.175,0.105,0.128,0.058,0.058,0.128,0.152,0.082,0.082,0.198,0.047,0.035,0.012,0.012,0.012,0.012,0.082,0.186,0.152,0.082,0.128,0.058,0.035,,,,,,,,,,,,,,,,,,,,,,,,,,,,,,,,,,,,,,,,,,,,,,,,,,,,,,,,,,,,,,,,,,,,,,,,,,,,,,,,,,,,,,,,,,,,,,
,Dhaka,June,11,1.294,0.012,0.023,0.035,0.012,0.105,0.117,0.082,0.012,0.117,0.058,0.082,0.093,0.07,0.012,0.117,0.07,0.093,0.012,0.093,0.035,0.012,0.058,0.105,0.012,0.105,0.093,0.012,0.128,0.082,**,0.093,0.082,0.012,0.012,0.035,0.012,0.047,0.012,0.035,0.035,0.012,0.012,0.012,0.012,0.012,0.07,0.012,0.012,0.07,0.186,0.128,0.128,0.082,0.093,0.058,0.128,0.047,0.012,0.07,0.07,,0.012,0.093,0.035,0.105,0.012,0.012,0.023,0.128,0.07,0.105,0.012,0.012,0.047,0.117,0.023,0.035,0.035,0.012,0.012,0.012,0.012,0.012,0.012,0.012,0.082,0.105,0.012,0.058,0.012,0.012,,,,,,,,,,,,,,,,,,,,,,,,,,,,,,,,,,,,,,,,,,,,,,,,,,,,,,,,,,,,,,,,,,,,,,,,,,,,,,,,,,,,,,,,,,,,,,
,Dhaka,June,12,1.41,0.012,0.012,0.012,0.012,0.023,0.058,0.047,0.012,0.023,0.012,0.012,0.082,0.023,0.012,0.047,0.012,0.023,0.012,0.012,0.012,0.012,0.012,0.012,0.012,0.035,0.035,0.035,0.012,0.012,**,0.023,0.012,0.012,0.012,0.012,0.012,0.012,0.012,0.012,0.012,0.012,0.012,0.012,0.012,0.012,0.035,0.012,0.012,0.012,0.023,0.058,0.058,0.035,0.047,0.012,0.035,0.012,0.012,0.035,0.035,,0.012,0.035,0.012,0.023,0.012,0.012,0.012,0.047,0.012,0.058,0.012,0.012,0.012,0.047,0.012,0.012,0.012,0.012,0.012,0.012,0.012,0.012,0.012,0.012,0.035,0.012,0.012,0.012,0.012,0.012,,,,,,,,,,,,,,,,,,,,,,,,,,,,,,,,,,,,,,,,,,,,,,,,,,,,,,,,,,,,,,,,,,,,,,,,,,,,,,,,,,,,,,,,,,,,,,
,Dhaka,June,13,1.527,0.012,0.012,0.012,0.012,0.012,0.012,0.012,0.012,0.012,0.012,0.012,0.012,0.012,0.012,0.012,0.012,0.012,0.012,0.012,0.012,0.012,0.012,0.012,0.012,0.012,0.012,0.012,0.012,0.012,**,0.012,0.012,0.012,0.012,0.012,0.012,0.012,0.012,0.012,0.012,0.012,0.012,0.012,0.012,0.012,0.012,0.012,0.012,0.012,0.012,0.012,0.012,0.012,0.012,0.012,0.012,0.012,0.012,0.012,0.012,,0.012,0.012,0.012,0.012,0.012,0.012,0.012,0.012,0.012,0.012,0.012,0.012,0.012,0.012,0.012,0.012,0.012,0.012,0.012,0.012,0.012,0.012,0.012,0.012,0.012,0.012,0.012,0.012,0.012,0.012,,,,,,,,,,,,,,,,,,,,,,,,,,,,,,,,,,,,,,,,,,,,,,,,,,,,,,,,,,,,,,,,,,,,,,,,,,,,,,,,,,,,,,,,,,,,,,
,,,Total,10.769,1.888,2.646,1.084,0.163,2.191,2.552,2.739,0.862,2.459,3.287,3.811,2.867,2.879,0.291,2.611,3.753,3.252,3.217,1.713,0.816,2.529,4.056,4.907,3.811,3.916,1.748,0.932,2.354,2.308,,3.8,5.175,2.669,3.998,2.867,2.075,4.674,1.62,3.03,2.622,0.233,0.816,0.198,1.131,2.214,2.436,0.163,1.154,1.037,3.648,1.445,2.681,3.776,3.054,1.853,3.298,2.191,1.235,3.555,3.392,,0.408,4.009,2.308,3.939,1.713,2.611,3.683,1.387,1.457,3.695,3.077,1.445,2.448,1.573,3.089,0.944,1.97,2.727,0.21,1.515,1.387,0.163,1.34,1.958,4.184,2.576,2.366,1.865,1.084,2.156,0,,,,,,,,,,,,,,,,,,,,,,,,,,,,,,,,,,,,,,,,,,,,,,,,,,,,,,,,,,,,,,,,,,,,,,,,,,,,,,,,,,,,,,,,,,,,,
,Dhaka,July,0,0.012,0.012,0.012,0.012,0.012,0.012,0.012,0.012,0.012,0.012,0.012,0.012,0.012,0.012,0.012,0.012,0.012,0.012,0.012,0.012,0.012,0.012,0.012,0.012,0.012,0.012,0.012,0.012,0.012,0.012,0.012,0.012,0.012,0.047,0.012,0.012,0.012,0.012,0.012,0.012,0.012,0.012,0.012,0.012,0.012,0.012,0.012,0.012,0.012,0.012,0.012,0.012,0.012,0.012,0.012,0.012,0.012,0.012,0.012,0.012,0.012,0.012,0.012,0.012,0.012,0.012,0.012,0.012,0.012,0.012,0.012,0.012,0.012,0.012,0.012,0.012,0.012,0.012,0.012,0.012,0.012,0.012,0.012,0.012,0.012,0.012,0.012,0.012,0.012,0.012,0.012,0.012,0.012,,,,,,,,,,,,,,,,,,,,,,,,,,,,,,,,,,,,,,,,,,,,,,,,,,,,,,,,,,,,,,,,,,,,,,,,,,,,,,,,,,,,,,,,,,,,,
,Dhaka,July,1,0.012,0.012,0.012,0.047,0.047,0.047,0.082,0.012,0.012,0.012,0.035,0.012,0.012,0.012,0.012,0.035,0.012,0.047,0.058,0.012,0.012,0.058,0.023,0.012,0.012,0.012,0.012,0.012,0.012,0.058,0.012,0.012,0.035,0.245,0.023,0.012,0.012,0.012,0.128,0.07,0.012,0.012,0.012,0.012,0.012,0.07,0.047,0.128,0.128,0.058,0.012,0.012,0.012,0.012,0.012,0.105,0.058,0.07,0.047,0.012,0.082,0.105,0.012,0.012,0.012,0.012,0.012,0.012,0.012,0.012,0.012,0.012,0.023,0.035,0.361,0.245,0.478,0.245,0.245,0.012,0.012,0.012,0.012,0.361,0.012,0.012,0.012,0.012,0.128,0.012,0.012,0.012,0.012,,,,,,,,,,,,,,,,,,,,,,,,,,,,,,,,,,,,,,,,,,,,,,,,,,,,,,,,,,,,,,,,,,,,,,,,,,,,,,,,,,,,,,,,,,,,,
,Dhaka,July,2,0.058,0.082,0.198,0.07,0.117,0.128,0.175,0.012,0.175,0.198,0.105,0.175,0.082,0.012,0.117,0.058,0.105,0.221,0.07,0.058,0.035,0.198,0.105,0.012,0.117,0.093,0.105,0.117,0.012,0.245,0.012,0.105,0.245,0.396,0.152,0.128,0.058,0.128,0.28,0.186,0.128,0.023,0.012,0.012,0.023,0.14,0.268,0.093,0.28,0.105,0.012,0.012,0.012,0.012,0.035,0.245,0.128,0.221,0.105,0.012,0.28,0.315,0.012,0.012,0.047,0.012,0.012,0.07,0.012,0.047,0.105,0.058,0.035,0.058,1.061,1.177,1.41,2.11,1.41,0.944,0.361,0.012,1.41,1.41,0.944,0.012,0.012,0.012,0.944,0.478,0.828,0.128,0.012,,,,,,,,,,,,,,,,,,,,,,,,,,,,,,,,,,,,,,,,,,,,,,,,,,,,,,,,,,,,,,,,,,,,,,,,,,,,,,,,,,,,,,,,,,,,,
,Dhaka,July,3,0.152,0.082,0.385,0.093,0.431,0.326,0.268,0.093,0.618,0.513,0.128,0.478,0.186,0.012,0.326,0.128,0.21,0.478,0.093,0.128,0.093,0.373,0.175,0.047,0.373,0.186,0.152,0.175,0.058,0.396,0.023,0.361,0.385,0.618,0.245,0.163,0.152,0.175,0.361,0.245,0.163,0.012,0.012,0.047,0.047,0.315,0.629,0.012,0.408,0.14,0.012,0.012,0.012,0.035,0.14,0.186,0.186,0.291,0.198,0.012,0.466,0.49,0.047,0.012,0.093,0.012,0.117,0.233,0.012,0.245,0.338,0.233,0.198,0.21,1.643,1.527,1.876,2.226,2.459,1.41,0.478,0.012,1.177,2.226,0.012,0.012,0.012,0.012,1.643,0.012,1.294,0.245,0.012,,,,,,,,,,,,,,,,,,,,,,,,,,,,,,,,,,,,,,,,,,,,,,,,,,,,,,,,,,,,,,,,,,,,,,,,,,,,,,,,,,,,,,,,,,,,,
,Dhaka,July,4,0.198,0.618,0.093,0.233,0.245,0.466,0.361,0.035,0.641,0.291,0.233,0.245,0.198,0.012,0.012,0.233,0.245,0.245,0.198,0.385,0.012,0.175,0.245,0.256,0.443,0.28,0.175,0.233,0.14,0.373,0.058,0.524,0.49,0.699,0.35,0.105,0.268,0.559,0.478,0.618,0.198,0.082,0.245,0.245,0.012,0.373,0.711,0.245,0.478,0.361,0.012,0.012,0.012,0.047,0.082,0.361,0.373,0.315,0.198,0.012,0.524,0.513,0.082,0.012,0.07,0.012,0.152,0.268,0.012,0.291,0.385,0.245,0.291,0.315,3.159,3.275,3.508,2.809,2.809,2.11,1.993,0.012,1.993,3.392,0.245,0.012,0.478,0.478,2.343,0.944,1.643,0.478,0.944,,,,,,,,,,,,,,,,,,,,,,,,,,,,,,,,,,,,,,,,,,,,,,,,,,,,,,,,,,,,,,,,,,,,,,,,,,,,,,,,,,,,,,,,,,,,,
,Dhaka,July,5,0.245,0.711,0.012,0.478,0.221,0.618,0.408,0.012,0.676,0.245,0.163,0.152,0.058,0.012,0.035,0.338,0.268,0.268,0.408,0.49,0.035,0.117,0.361,0.466,0.524,0.256,0.186,0.315,0.291,0.338,0.058,0.594,0.524,0.431,0.455,0.082,0.35,0.594,0.594,0.734,0.256,0.128,0.361,0.385,0.012,0.408,0.793,0.338,0.711,0.338,0.012,0.012,0.07,0.082,0.058,0.478,0.501,0.152,0.198,0.012,0.594,0.559,0.07,0.012,0.21,0.012,0.128,0.338,0.012,0.385,0.315,0.42,0.361,0.385,4.207,4.557,4.674,3.392,2.343,5.373,2.459,0.361,2.226,5.256,0.128,0.012,1.061,1.061,4.557,3.392,2.459,0.711,3.392,,,,,,,,,,,,,,,,,,,,,,,,,,,,,,,,,,,,,,,,,,,,,,,,,,,,,,,,,,,,,,,,,,,,,,,,,,,,,,,,,,,,,,,,,,,,,
,Dhaka,July,6,0.198,0.828,0.023,0.781,0.198,0.186,0.245,0.012,0.723,0.21,0.455,0.117,0.303,0.012,0.152,0.373,0.291,0.28,0.256,0.688,0.117,0.21,0.408,0.373,0.793,0.758,0.198,0.268,0.431,0.361,0.082,0.664,0.501,0.385,0.478,0.082,0.385,0.664,0.408,0.606,0.431,0.221,0.268,0.536,0.047,0.455,0.839,0.291,0.839,0.396,0.012,0.012,0.128,0.105,0.035,0.618,0.629,0.268,0.105,0.105,0.361,0.478,0.035,0.012,0.14,0.012,0.117,0.396,0.035,0.769,0.221,0.361,0.455,0.501,5.373,4.907,5.373,4.79,3.625,7.005,1.993,1.061,2.459,7.821,0.245,0.012,1.41,1.41,6.772,7.587,3.858,1.177,6.072,,,,,,,,,,,,,,,,,,,,,,,,,,,,,,,,,,,,,,,,,,,,,,,,,,,,,,,,,,,,,,,,,,,,,,,,,,,,,,,,,,,,,,,,,,,,,
,Dhaka,July,7,0.221,0.734,0.152,0.769,0.734,0.758,0.303,0.012,0.711,0.315,0.478,0.361,0.315,0.012,0.315,0.303,0.431,0.839,0.268,0.606,0.163,0.315,0.361,0.373,0.641,0.711,0.198,0.291,0.723,0.291,0.117,0.758,0.664,0.478,0.14,0.152,0.758,0.688,0.431,0.594,0.408,0.152,0.012,0.128,0.058,0.49,0.466,0.012,0.769,0.373,0.012,0.012,0.047,0.152,0.245,0.594,0.594,0.245,0.058,0.093,0.594,0.536,0.012,0.012,0.221,0.012,0.245,0.478,0.128,0.548,0.256,0.466,0.501,0.548,5.723,5.14,4.79,5.373,3.741,3.508,2.226,1.76,2.692,5.839,0.711,0.711,1.876,1.876,7.005,4.324,1.41,0.128,3.508,,,,,,,,,,,,,,,,,,,,,,,,,,,,,,,,,,,,,,,,,,,,,,,,,,,,,,,,,,,,,,,,,,,,,,,,,,,,,,,,,,,,,,,,,,,,,
,Dhaka,July,8,0.221,0.781,0.012,0.49,0.769,0.711,0.256,0.012,0.699,0.455,0.536,0.501,0.268,0.012,0.338,0.291,0.385,0.256,0.268,0.478,0.42,0.117,0.338,0.326,0.478,0.688,0.385,0.303,0.594,0.245,0.245,0.711,0.618,0.466,0.093,0.105,0.594,0.641,0.653,0.338,0.361,0.012,0.012,0.21,0.245,0.513,0.233,0.245,0.629,0.361,0.012,0.012,0.082,0.221,0.303,0.606,0.618,0.128,0.012,0.082,0.14,0.571,0.012,0.012,0.198,0.012,0.42,0.501,0.175,0.501,0.326,0.431,0.524,0.49,4.79,5.256,4.441,2.343,4.207,2.343,1.061,1.41,2.809,3.508,0.944,0.478,0.944,0.944,3.508,3.625,0.478,0.012,1.294,,,,,,,,,,,,,,,,,,,,,,,,,,,,,,,,,,,,,,,,,,,,,,,,,,,,,,,,,,,,,,,,,,,,,,,,,,,,,,,,,,,,,,,,,,,,,
,Dhaka,July,9,0.128,0.594,0.023,0.466,0.594,0.594,0.093,0.012,0.688,0.594,0.559,0.629,0.256,0.012,0.082,0.28,0.256,0.198,0.28,0.233,0.373,0.012,0.338,0.256,0.326,0.082,0.221,0.326,0.501,0.175,0.49,0.734,0.186,0.221,0.07,0.058,0.117,0.594,0.723,0.175,0.338,0.012,0.012,0.711,0.291,0.559,0.303,0.629,0.606,0.315,0.012,0.012,0.128,0.268,0.385,0.559,0.583,0.198,0.012,0.128,0.163,0.699,0.012,0.012,0.175,0.082,0.536,0.559,0.152,0.571,0.455,0.373,0.571,0.455,4.557,5.373,3.625,0.478,2.11,0.012,1.061,1.294,2.576,1.177,0.478,0.245,0.478,0.478,1.643,2.692,1.177,0.012,0.128,,,,,,,,,,,,,,,,,,,,,,,,,,,,,,,,,,,,,,,,,,,,,,,,,,,,,,,,,,,,,,,,,,,,,,,,,,,,,,,,,,,,,,,,,,,,,
,Dhaka,July,10,0.082,0.128,0.186,0.245,0.245,0.315,0.023,0.012,0.245,0.175,0.198,0.315,0.012,0.012,0.012,0.152,0.128,0.128,0.128,0.175,0.14,0.012,0.012,0.128,0.268,0.035,0.058,0.058,0.245,0.035,0.117,0.583,0.152,0.058,0.058,0.023,0.466,0.431,0.734,0.221,0.245,0.012,0.012,0.093,0.058,0.594,0.361,0.012,0.035,0.245,0.012,0.012,0.058,0.105,0.221,0.361,0.373,0.082,0.012,0.07,0.082,0.058,0.012,0.012,0.082,0.128,0.245,0.338,0.093,0.023,0.163,0.221,0.245,0.35,2.11,2.576,3.159,0.361,1.177,0.012,0.361,0.828,1.876,0.944,0.245,0.012,0.012,0.012,0.711,0.828,0.478,0.012,0.594,,,,,,,,,,,,,,,,,,,,,,,,,,,,,,,,,,,,,,,,,,,,,,,,,,,,,,,,,,,,,,,,,,,,,,,,,,,,,,,,,,,,,,,,,,,,,
,Dhaka,July,11,0.012,0.058,0.07,0.082,0.128,0.07,0.012,0.012,0.082,0.105,0.128,0.035,0.012,0.012,0.012,0.012,0.058,0.035,0.058,0.058,0.082,0.012,0.07,0.012,0.047,0.012,0.012,0.012,0.047,0.012,0.023,0.338,0.128,0.012,0.035,0.012,0.128,0.128,0.023,0.035,0.058,0.012,0.012,0.047,0.035,0.07,0.14,0.082,0.012,0.117,0.012,0.012,0.012,0.035,0.105,0.152,0.128,0.058,0.012,0.012,0.012,0.012,0.012,0.012,0.023,0.093,0.105,0.023,0.012,0.105,0.093,0.012,0.012,0.245,1.177,1.527,1.41,0.711,0.128,0.012,0.012,0.361,0.594,0.711,0.245,0.012,0.012,0.012,0.478,0.012,0.012,0.012,0.478,,,,,,,,,,,,,,,,,,,,,,,,,,,,,,,,,,,,,,,,,,,,,,,,,,,,,,,,,,,,,,,,,,,,,,,,,,,,,,,,,,,,,,,,,,,,,
,Dhaka,July,12,0.012,0.012,0.012,0.012,0.012,0.023,0.012,0.012,0.023,0.012,0.012,0.012,0.012,0.012,0.012,0.012,0.012,0.012,0.012,0.012,0.012,0.012,0.012,0.012,0.012,0.012,0.012,0.012,0.012,0.012,0.012,0.082,0.012,0.012,0.012,0.012,0.012,0.035,0.047,0.012,0.012,0.012,0.012,0.012,0.012,0.012,0.023,0.012,0.012,0.012,0.012,0.012,0.012,0.012,0.023,0.012,0.012,0.012,0.012,0.012,0.012,0.012,0.012,0.012,0.012,0.012,0.012,0.012,0.012,0.012,0.012,0.012,0.012,0.012,0.012,0.012,0.012,0.361,0.012,0.012,0.012,0.012,0.012,0.012,0.245,0.012,0.012,0.012,0.012,0.012,0.012,0.012,0.012,,,,,,,,,,,,,,,,,,,,,,,,,,,,,,,,,,,,,,,,,,,,,,,,,,,,,,,,,,,,,,,,,,,,,,,,,,,,,,,,,,,,,,,,,,,,,
,Dhaka,July,13,0.012,0.012,0.012,0.012,0.012,0.012,0.012,0.012,0.012,0.012,0.012,0.012,0.012,0.012,0.012,0.012,0.012,0.012,0.012,0.012,0.012,0.012,0.012,0.012,0.012,0.012,0.012,0.012,0.012,0.012,0.012,0.012,0.012,0.012,0.012,0.012,0.012,0.012,0.012,0.012,0.012,0.012,0.012,0.012,0.012,0.012,0.012,0.012,0.012,0.012,0.012,0.012,0.012,0.012,0.012,0.012,0.012,0.012,0.012,0.012,0.012,0.012,0.012,0.012,0.012,0.012,0.012,0.012,0.012,0.012,0.012,0.012,0.012,0.012,0.012,0.012,0.012,0.012,0.012,0.012,0.012,0.012,0.012,0.012,0.012,0.012,0.012,0.012,0.012,0.012,0.012,0.012,0.012,,,,,,,,,,,,,,,,,,,,,,,,,,,,,,,,,,,,,,,,,,,,,,,,,,,,,,,,,,,,,,,,,,,,,,,,,,,,,,,,,,,,,,,,,,,,,
,,,Total,1.562,4.662,1.2,3.788,3.765,4.266,2.261,0.268,5.315,3.147,3.054,3.054,1.737,0.163,1.445,2.238,2.424,3.03,2.121,3.345,1.515,1.632,2.471,2.296,4.056,3.147,1.737,2.145,3.089,2.564,1.27,5.49,3.963,4.079,2.133,0.956,3.322,4.674,4.883,3.858,2.634,0.711,1.002,2.459,0.874,4.021,4.837,2.121,4.93,2.844,0.163,0.163,0.606,1.107,1.667,4.301,4.207,2.063,0.991,0.583,3.333,4.371,0.35,0.163,1.305,0.431,2.121,3.252,0.688,3.531,2.704,2.867,3.252,3.625,34.196,35.594,34.779,25.221,24.289,22.774,12.051,7.157,19.86,32.681,4.476,1.562,6.34,6.34,29.767,23.939,13.683,2.96,16.48,,,,,,,,,,,,,,,,,,,,,,,,,,,,,,,,,,,,,,,,,,,,,,,,,,,,,,,,,,,,,,,,,,,,,,,,,,,,,,,,,,,,,,,,,,,,,
,Dhaka,August,0,0.012,0.012,0.012,0.012,0.012,0.012,0.012,0.012,0.012,0.012,0.012,0.012,0.012,0.012,0.012,0.012,0.012,0.012,0.012,0.012,0.012,0.012,0.012,0.012,0.012,0.012,0.012,0.012,0.012,0.012,**,0.012,0.012,0.012,0.012,0.012,0.012,0.012,0.012,0.012,0.012,0.012,0.012,0.012,0.012,0.012,0.012,0.012,0.012,0.012,0.012,0.012,0.012,0.012,0.012,0.012,0.012,0.012,0.012,0.012,0.012,0.012,0.012,0.012,0.012,0.012,0.012,0.012,0.012,0.012,0.012,0.012,0.012,0.012,0.012,0.012,0.012,0.012,0.012,0.012,0.012,0.012,0.012,0.012,0.012,0.012,0.012,0.012,0.012,0.012,0.012,0.012,0.012,,,,,,,,,,,,,,,,,,,,,,,,,,,,,,,,,,,,,,,,,,,,,,,,,,,,,,,,,,,,,,,,,,,,,,,,,,,,,,,,,,,,,,,,,,,,,
,Dhaka,August,1,0.128,0.012,0.023,0.012,0.012,0.012,0.128,0.012,0.012,0.012,0.023,0.023,0.012,0.012,0.023,0.035,0.047,0.035,0.023,0.035,0.012,0.012,0.012,0.012,0.012,0.012,0.012,0.012,0.012,0.012,**,0.012,0.058,0.012,0.012,0.012,0.012,0.012,0.023,0.023,0.058,0.035,0.047,0.035,0.023,0.012,0.012,0.035,0.012,0.012,0.012,0.012,0.012,0.012,0.012,0.035,0.012,0.012,0.012,0.012,0.012,0.035,0.012,0.128,0.012,0.012,0.012,0.012,0.012,0.012,0.012,0.012,0.012,0.012,0.012,0.012,0.012,0.012,0.012,0.012,0.012,0.245,0.012,0.012,0.012,0.012,0.012,0.012,0.012,0.012,0.012,0.012,0.012,,,,,,,,,,,,,,,,,,,,,,,,,,,,,,,,,,,,,,,,,,,,,,,,,,,,,,,,,,,,,,,,,,,,,,,,,,,,,,,,,,,,,,,,,,,,,
,Dhaka,August,2,0.245,0.058,0.14,0.093,0.152,0.082,0.093,0.012,0.128,0.058,0.163,0.012,0.012,0.058,0.105,0.117,0.245,0.198,0.152,0.152,0.128,0.093,0.152,0.082,0.105,0.163,0.105,0.082,0.117,0.105,**,0.082,0.198,0.012,0.012,0.012,0.082,0.012,0.082,0.012,0.245,0.221,0.198,0.268,0.245,0.012,0.012,0.082,0.012,0.058,0.012,0.012,0.012,0.012,0.233,0.175,0.047,0.07,0.012,0.245,0.082,0.105,0.361,0.944,0.711,0.012,2.576,0.128,0.128,0.361,0.245,0.478,0.012,0.128,0.012,0.361,0.944,0.361,0.245,0.128,0.012,0.478,0.711,0.944,0.245,0.128,0.012,0.012,0.128,1.061,1.41,0.128,0.012,,,,,,,,,,,,,,,,,,,,,,,,,,,,,,,,,,,,,,,,,,,,,,,,,,,,,,,,,,,,,,,,,,,,,,,,,,,,,,,,,,,,,,,,,,,,,
,Dhaka,August,3,0.361,0.105,0.233,0.14,0.291,0.198,0.128,0.07,0.256,0.478,0.513,0.117,0.012,0.245,0.385,0.291,0.559,0.256,0.175,0.268,0.256,0.093,0.361,0.14,0.21,0.082,0.233,0.175,0.128,0.163,**,0.035,0.163,0.035,0.012,0.082,0.152,0.082,0.338,0.501,0.385,0.315,0.245,0.443,0.291,0.035,0.012,0.128,0.012,0.163,0.012,0.012,0.012,0.012,0.326,0.49,0.082,0.093,0.012,0.221,0.163,0.128,1.294,1.41,1.41,0.012,4.324,0.478,0.478,0.012,0.944,1.177,0.245,0.478,0.012,1.177,2.226,1.876,0.478,0.012,1.41,0.012,2.11,1.76,0.478,0.828,0.012,0.012,0.245,2.226,2.576,0.245,0.361,,,,,,,,,,,,,,,,,,,,,,,,,,,,,,,,,,,,,,,,,,,,,,,,,,,,,,,,,,,,,,,,,,,,,,,,,,,,,,,,,,,,,,,,,,,,,
,Dhaka,August,4,0.478,0.198,0.21,0.233,0.245,0.256,0.152,0.07,0.268,0.431,0.653,0.198,0.012,0.361,0.466,0.466,0.594,0.291,0.175,0.455,0.315,0.221,0.385,0.268,0.221,0.303,0.221,0.221,0.175,0.07,**,0.338,0.245,0.07,0.186,0.105,0.734,0.245,0.501,0.047,0.629,0.361,0.42,0.571,0.361,0.035,0.012,0.291,0.035,0.175,0.012,0.012,0.012,0.035,0.478,0.478,0.128,0.245,0.082,0.093,0.268,0.128,1.061,2.11,1.876,1.177,3.508,2.11,0.711,0.012,2.576,1.41,0.711,1.41,0.012,2.11,2.809,2.343,2.11,0.478,2.343,0.711,4.207,3.275,1.177,1.294,0.711,0.478,0.711,2.925,2.11,0.944,1.41,,,,,,,,,,,,,,,,,,,,,,,,,,,,,,,,,,,,,,,,,,,,,,,,,,,,,,,,,,,,,,,,,,,,,,,,,,,,,,,,,,,,,,,,,,,,,
,Dhaka,August,5,0.594,0.268,0.163,0.21,0.245,0.315,0.152,0.128,0.233,0.42,0.769,0.28,0.012,0.431,0.501,0.548,0.723,0.361,0.163,0.175,0.361,0.466,0.408,0.117,0.221,0.338,0.245,0.233,0.221,0.385,**,0.338,0.315,0.105,0.082,0.152,0.897,0.012,0.594,0.047,0.361,0.385,0.361,0.594,0.303,0.023,0.058,0.338,0.058,0.198,0.012,0.047,0.012,0.082,0.594,0.443,0.198,0.233,0.128,0.012,3.508,0.221,0.245,2.343,2.11,2.11,2.343,3.042,1.177,0.012,4.091,0.478,0.944,3.392,2.343,3.275,3.508,2.576,3.042,0.944,2.925,1.177,5.606,4.091,1.41,1.41,1.061,0.711,1.177,3.974,1.876,1.177,2.11,,,,,,,,,,,,,,,,,,,,,,,,,,,,,,,,,,,,,,,,,,,,,,,,,,,,,,,,,,,,,,,,,,,,,,,,,,,,,,,,,,,,,,,,,,,,,
,Dhaka,August,6,0.711,0.396,0.245,0.163,0.233,0.338,0.315,0.198,0.338,0.688,0.746,0.175,0.012,0.315,0.548,0.781,0.734,0.431,0.186,0.198,0.07,0.42,0.431,0.117,0.245,0.28,0.198,0.012,0.28,0.245,**,0.431,0.245,0.594,0.012,0.198,0.303,0.186,0.012,0.466,0.047,0.361,0.128,0.897,0.245,0.058,0.21,0.058,0.105,0.245,0.012,0.128,0.012,0.105,0.769,0.256,0.303,0.221,0.012,0.105,0.455,0.256,0.012,2.343,3.741,3.042,1.993,3.508,1.294,0.012,5.49,1.177,1.061,3.625,5.723,4.674,4.557,2.809,3.625,1.177,3.625,1.643,8.054,5.49,0.944,1.876,1.294,2.226,1.41,5.14,1.41,2.576,3.741,,,,,,,,,,,,,,,,,,,,,,,,,,,,,,,,,,,,,,,,,,,,,,,,,,,,,,,,,,,,,,,,,,,,,,,,,,,,,,,,,,,,,,,,,,,,,
,Dhaka,August,7,0.828,0.35,0.268,0.245,0.012,0.256,0.198,0.047,0.152,0.49,0.478,0.175,0.012,0.501,0.524,0.594,0.828,0.49,0.128,0.175,0.128,0.536,0.466,0.093,0.105,0.186,0.315,0.012,0.128,0.175,**,0.513,0.221,0.571,0.128,0.571,0.186,0.361,0.862,0.245,0.373,0.688,0.373,0.501,0.385,0.07,0.023,0.082,0.128,0.221,0.012,0.105,0.012,0.186,0.478,0.431,0.128,0.361,0.128,0.233,0.361,0.291,0.594,1.643,4.674,3.974,2.11,2.11,1.061,0.012,1.177,1.061,0.944,2.343,1.76,3.741,3.508,2.343,1.876,1.177,3.974,3.275,6.072,4.674,1.177,2.11,1.993,1.41,2.343,2.11,1.527,2.343,2.343,,,,,,,,,,,,,,,,,,,,,,,,,,,,,,,,,,,,,,,,,,,,,,,,,,,,,,,,,,,,,,,,,,,,,,,,,,,,,,,,,,,,,,,,,,,,,
,Dhaka,August,8,0.944,0.385,0.28,0.268,0.012,0.186,0.245,0.221,0.093,0.245,0.268,0.128,0.012,0.361,0.513,0.163,0.653,0.583,0.128,0.152,0.245,0.268,0.268,0.012,0.082,0.012,0.35,0.128,0.07,0.058,**,0.012,0.198,0.385,0.268,0.594,0.012,0.303,0.816,0.385,0.385,0.711,0.012,0.548,0.478,0.07,0.035,0.105,0.152,0.175,0.012,0.093,0.012,0.012,0.338,0.35,0.105,0.152,0.221,0.326,0.315,0.315,1.177,0.012,4.907,4.207,2.459,3.042,1.527,0.245,0.711,0.828,0.944,1.41,1.876,2.11,2.343,1.876,0.245,1.294,1.41,1.643,3.508,4.907,0.245,3.508,0.245,0.245,2.925,1.177,2.11,3.275,1.177,,,,,,,,,,,,,,,,,,,,,,,,,,,,,,,,,,,,,,,,,,,,,,,,,,,,,,,,,,,,,,,,,,,,,,,,,,,,,,,,,,,,,,,,,,,,,
,Dhaka,August,9,1.061,0.361,0.175,0.28,0.431,0.128,0.315,0.105,0.047,0.035,0.245,0.14,0.012,0.163,0.501,0.117,0.513,0.466,0.07,0.14,0.058,0.012,0.14,0.012,0.047,0.012,0.326,0.152,0.012,0.105,**,0.315,0.186,0.455,0.688,0.501,0.42,0.291,0.594,0.501,0.35,0.676,0.035,0.455,0.221,0.082,0.023,0.373,0.21,0.128,0.012,0.093,0.012,0.012,0.082,0.093,0.047,0.035,0.245,0.245,0.198,0.326,1.876,0.944,4.674,2.576,4.441,2.343,2.343,2.11,0.361,0.711,0.245,1.993,2.343,1.876,1.177,1.643,1.177,1.76,0.944,1.177,1.76,5.606,1.41,4.907,0.012,0.128,3.508,1.41,1.177,3.042,0.478,,,,,,,,,,,,,,,,,,,,,,,,,,,,,,,,,,,,,,,,,,,,,,,,,,,,,,,,,,,,,,,,,,,,,,,,,,,,,,,,,,,,,,,,,,,,,
,Dhaka,August,10,1.177,0.221,0.035,0.175,0.221,0.105,0.49,0.14,0.012,0.082,0.07,0.07,0.012,0.105,0.21,0.047,0.128,0.152,0.012,0.012,0.047,0.012,0.07,0.012,0.012,0.012,0.152,0.012,0.012,0.152,**,0.594,0.128,0.128,0.198,0.117,0.128,0.245,0.408,0.42,0.431,0.117,0.618,0.175,0.198,0.058,0.012,0.245,0.012,0.035,0.012,0.012,0.012,0.012,0.023,0.012,0.047,0.012,0.035,0.047,0.152,3.508,1.177,0.245,2.343,1.76,1.177,0.711,1.643,2.343,0.128,0.944,0.012,0.478,0.245,0.711,1.527,1.177,0.012,0.944,0.245,0.245,1.061,2.11,0.245,2.343,0.245,0.012,1.061,0.711,0.245,0.944,0.361,,,,,,,,,,,,,,,,,,,,,,,,,,,,,,,,,,,,,,,,,,,,,,,,,,,,,,,,,,,,,,,,,,,,,,,,,,,,,,,,,,,,,,,,,,,,,
,Dhaka,August,11,1.294,0.023,0.012,0.035,0.058,0.058,0.012,0.058,0.012,0.012,0.012,0.012,0.012,0.035,0.128,0.012,0.058,0.023,0.012,0.012,0.012,0.012,0.012,0.012,0.012,0.012,0.047,0.012,0.012,0.023,**,0.361,0.012,0.128,0.07,0.012,0.058,0.128,0.303,0.082,0.373,0.082,0.082,0.012,0.058,0.058,0.012,0.128,0.012,0.012,0.012,0.012,0.012,0.07,0.012,0.012,0.058,0.012,0.012,0.012,0.035,0.128,0.128,0.012,0.478,0.361,0.478,0.012,0.944,0.361,0.478,0.012,0.012,0.012,0.012,0.128,0.478,0.711,0.012,0.012,0.012,0.012,0.361,0.711,0.012,0.245,0.012,0.012,0.245,0.128,0.012,0.012,0.245,,,,,,,,,,,,,,,,,,,,,,,,,,,,,,,,,,,,,,,,,,,,,,,,,,,,,,,,,,,,,,,,,,,,,,,,,,,,,,,,,,,,,,,,,,,,,
,Dhaka,August,12,1.41,0.012,0.012,0.012,0.012,0.012,0.012,0.012,0.012,0.012,0.012,0.012,0.012,0.012,0.012,0.012,0.012,0.012,0.012,0.012,0.012,0.012,0.012,0.012,0.012,0.012,0.012,0.012,0.012,0.012,**,0.128,0.012,0.023,0.012,0.012,0.012,0.012,0.117,0.012,0.012,0.012,0.012,0.012,0.023,0.023,0.012,0.012,0.012,0.012,0.012,0.012,0.012,0.012,0.012,0.012,0.012,0.012,0.012,0.012,0.012,0.058,0.012,0.012,0.012,0.012,0.012,0.012,0.012,0.012,0.012,0.012,0.012,0.012,0.012,0.012,0.012,0.012,0.012,0.012,0.012,0.012,0.012,0.012,0.012,0.012,0.012,0.012,0.012,0.012,0.012,0.012,0.012,,,,,,,,,,,,,,,,,,,,,,,,,,,,,,,,,,,,,,,,,,,,,,,,,,,,,,,,,,,,,,,,,,,,,,,,,,,,,,,,,,,,,,,,,,,,,
,Dhaka,August,13,1.527,0.012,0.012,0.012,0.012,0.012,0.012,0.012,0.012,0.012,0.012,0.012,0.012,0.012,0.012,0.012,0.012,0.012,0.012,0.012,0.012,0.012,0.012,0.012,0.012,0.012,0.012,0.012,0.012,0.012,**,0.023,0.012,0.012,0.012,0.012,0.012,0.012,0.012,0.012,0.012,0.012,0.012,0.012,0.012,0.012,0.012,0.012,0.012,0.012,0.012,0.012,0.012,0.012,0.012,0.012,0.012,0.012,0.012,0.012,0.012,0.012,0.012,0.012,0.012,0.012,0.012,0.012,0.012,0.012,0.012,0.012,0.012,0.012,0.012,0.012,0.012,0.012,0.012,0.012,0.012,0.012,0.012,0.012,0.012,0.012,0.012,0.012,0.012,0.012,0.012,0.012,0.012,,,,,,,,,,,,,,,,,,,,,,,,,,,,,,,,,,,,,,,,,,,,,,,,,,,,,,,,,,,,,,,,,,,,,,,,,,,,,,,,,,,,,,,,,,,,,
,,,Total,10.769,2.413,1.818,1.888,1.946,1.97,2.261,1.096,1.585,2.984,3.974,1.364,0.163,2.622,3.939,3.205,5.117,3.322,1.259,1.807,1.667,2.179,2.739,0.909,1.305,1.445,2.238,1.084,1.2,1.527,**,3.193,2.005,2.541,1.702,2.389,3.019,1.911,4.674,2.762,3.671,3.986,2.552,4.534,2.855,0.559,0.455,1.9,0.781,1.457,0.163,0.571,0.163,0.583,3.38,2.809,1.189,1.48,0.932,1.585,5.583,5.524,7.972,12.168,26.97,19.277,25.455,17.529,11.352,5.524,16.247,8.322,5.175,15.315,14.382,20.21,23.124,17.762,12.867,7.972,16.946,10.653,33.497,33.613,7.389,18.695,5.641,5.291,13.8,20.909,14.499,14.732,12.284,,,,,,,,,,,,,,,,,,,,,,,,,,,,,,,,,,,,,,,,,,,,,,,,,,,,,,,,,,,,,,,,,,,,,,,,,,,,,,,,,,,,,,,,,,,,,
,Dhaka,September,0,0.012,0.012,0.012,0.012,0.012,0.012,0.012,0.012,0.012,0.012,0.012,0.012,0.012,0.012,0.012,0.012,0.012,0.012,0.012,0.012,0.012,0.012,0.012,0.012,0.012,0.012,0.012,0.012,0.012,0.012,**,0.012,0.012,0.012,0.012,0.012,0.012,0.012,0.012,0.012,0.012,0.012,0.012,0.012,0.012,0.012,0.012,0.012,0.012,0.012,0.012,0.012,0.012,0.012,0.012,0.012,0.012,0.012,0.012,0.012,0.012,,0.012,0.012,0.012,0.012,0.012,0.012,0.012,0.012,0.012,0.012,0.012,0.012,0.012,0.012,0.012,0.012,0.012,0.012,0.012,0.012,0.012,0.012,0.012,0.012,0.012,0.012,0.012,0.012,0.012,0.012,,,,,,,,,,,,,,,,,,,,,,,,,,,,,,,,,,,,,,,,,,,,,,,,,,,,,,,,,,,,,,,,,,,,,,,,,,,,,,,,,,,,,,,,,,,,,,
,Dhaka,September,1,0.035,0.012,0.023,0.012,0.012,0.012,0.128,0.012,0.012,0.012,0.023,0.023,0.012,0.012,0.023,0.035,0.047,0.035,0.023,0.035,0.012,0.012,0.012,0.012,0.012,0.012,0.012,0.012,0.012,0.012,**,0.012,0.012,0.058,0.058,0.035,0.082,0.035,0.035,0.047,0.012,0.012,0.012,0.012,0.012,0.012,0.012,0.012,0.012,0.012,0.012,0.012,0.012,0.012,0.012,0.012,0.012,0.012,0.012,0.012,0.012,,0.012,0.245,0.711,0.012,0.012,0.012,0.128,0.245,0.012,0.245,0.012,0.012,0.012,0.012,0.012,0.012,0.012,0.012,0.012,0.012,0.012,0.012,0.012,0.012,0.012,0.012,0.012,0.012,0.012,0.012,,,,,,,,,,,,,,,,,,,,,,,,,,,,,,,,,,,,,,,,,,,,,,,,,,,,,,,,,,,,,,,,,,,,,,,,,,,,,,,,,,,,,,,,,,,,,,
,Dhaka,September,2,0.245,0.058,0.14,0.093,0.152,0.082,0.093,0.012,0.128,0.058,0.163,0.012,0.012,0.058,0.105,0.117,0.245,0.198,0.152,0.152,0.128,0.093,0.152,0.082,0.105,0.163,0.105,0.082,0.117,0.105,**,0.012,0.152,0.256,0.268,0.128,0.245,0.128,0.268,0.315,0.268,0.012,0.012,0.012,0.012,0.221,0.012,0.012,0.058,0.245,0.082,0.035,0.082,0.035,0.012,0.023,0.105,0.058,0.245,0.082,0.221,,0.012,0.944,1.643,0.245,0.478,0.944,0.711,0.944,0.944,1.177,0.128,0.245,0.478,0.361,0.012,0.245,0.012,0.245,0.594,0.012,0.012,1.177,0.478,0.828,2.343,0.245,0.361,0.012,0.245,0.944,,,,,,,,,,,,,,,,,,,,,,,,,,,,,,,,,,,,,,,,,,,,,,,,,,,,,,,,,,,,,,,,,,,,,,,,,,,,,,,,,,,,,,,,,,,,,,
,Dhaka,September,3,0.396,0.105,0.233,0.14,0.291,0.198,0.128,0.07,0.256,0.478,0.513,0.117,0.012,0.245,0.385,0.291,0.559,0.256,0.175,0.268,0.256,0.093,0.361,0.14,0.21,0.082,0.233,0.175,0.128,0.163,**,0.012,0.256,0.385,0.478,0.175,0.338,0.361,0.315,0.408,0.385,0.012,0.035,0.012,0.012,0.361,0.012,0.047,0.128,0.385,0.105,0.082,0.186,0.105,0.012,0.175,0.291,0.082,0.478,0.256,0.326,,0.245,2.459,3.625,1.177,0.711,1.993,2.576,2.11,1.76,2.459,2.11,1.643,2.343,2.459,0.128,1.294,0.012,0.828,1.41,0.128,0.128,1.993,1.294,1.643,4.207,3.042,3.275,0.012,1.41,1.876,,,,,,,,,,,,,,,,,,,,,,,,,,,,,,,,,,,,,,,,,,,,,,,,,,,,,,,,,,,,,,,,,,,,,,,,,,,,,,,,,,,,,,,,,,,,,,
,Dhaka,September,4,0.186,0.198,0.21,0.233,0.245,0.256,0.152,0.07,0.268,0.431,0.653,0.198,0.012,0.361,0.466,0.466,0.594,0.291,0.175,0.455,0.315,0.221,0.385,0.268,0.221,0.303,0.221,0.221,0.175,0.07,**,0.047,0.723,0.583,0.618,0.128,0.583,0.501,0.536,0.501,0.268,0.035,0.105,0.105,0.012,0.594,0.058,0.047,0.186,0.478,0.152,0.198,0.012,0.117,0.105,0.198,0.221,0.152,0.594,0.291,0.408,,0.478,3.625,4.907,0.594,2.11,3.275,3.275,2.226,2.11,3.275,2.576,2.692,3.508,3.392,2.343,0.711,1.177,1.527,2.226,0.478,0.478,2.343,3.275,1.527,5.023,3.508,3.741,1.76,1.876,2.343,,,,,,,,,,,,,,,,,,,,,,,,,,,,,,,,,,,,,,,,,,,,,,,,,,,,,,,,,,,,,,,,,,,,,,,,,,,,,,,,,,,,,,,,,,,,,,
,Dhaka,September,5,0.128,0.268,0.163,0.21,0.245,0.315,0.152,0.128,0.233,0.42,0.769,0.28,0.012,0.431,0.501,0.548,0.723,0.361,0.163,0.175,0.361,0.466,0.408,0.117,0.221,0.338,0.245,0.233,0.221,0.385,**,0.152,0.781,0.734,0.723,0.361,0.688,0.431,0.653,0.198,0.152,0.058,0.128,0.152,0.012,0.664,0.105,0.478,0.163,0.536,0.373,0.152,0.012,0.128,0.128,0.221,0.221,0.256,0.653,0.361,0.524,,0.594,4.207,5.956,2.343,3.392,4.674,0.711,2.343,1.061,2.809,3.741,3.625,4.091,3.625,2.226,0.594,1.41,2.692,2.459,1.177,1.527,2.576,4.441,3.159,2.343,4.441,4.324,3.508,2.11,1.993,,,,,,,,,,,,,,,,,,,,,,,,,,,,,,,,,,,,,,,,,,,,,,,,,,,,,,,,,,,,,,,,,,,,,,,,,,,,,,,,,,,,,,,,,,,,,,
,Dhaka,September,6,0.152,0.396,0.245,0.163,0.233,0.338,0.315,0.198,0.338,0.688,0.746,0.175,0.012,0.315,0.548,0.781,0.734,0.431,0.186,0.198,0.07,0.42,0.431,0.117,0.245,0.28,0.198,0.012,0.28,0.245,**,0.256,0.839,0.723,0.734,0.291,0.746,0.385,0.676,0.093,0.093,0.012,0.152,0.221,0.012,0.245,0.14,0.711,0.186,0.594,0.478,0.256,0.012,0.291,0.268,0.152,0.256,0.291,0.618,0.478,0.641,,0.828,3.275,7.005,3.508,3.974,6.189,0.245,2.459,0.012,6.305,6.189,6.888,4.674,1.876,1.41,2.226,4.674,3.042,0.012,1.643,1.993,2.459,5.723,5.49,2.226,4.79,5.023,6.305,1.41,1.294,,,,,,,,,,,,,,,,,,,,,,,,,,,,,,,,,,,,,,,,,,,,,,,,,,,,,,,,,,,,,,,,,,,,,,,,,,,,,,,,,,,,,,,,,,,,,,
,Dhaka,September,7,0.128,0.35,0.268,0.245,0.012,0.256,0.198,0.047,0.152,0.49,0.478,0.175,0.012,0.501,0.524,0.594,0.828,0.49,0.128,0.175,0.128,0.536,0.466,0.093,0.105,0.186,0.315,0.012,0.128,0.175,**,0.245,0.734,0.734,0.746,0.629,0.676,0.152,0.629,0.012,0.012,0.012,0.198,0.012,0.012,0.152,0.175,0.361,0.221,0.606,0.536,0.245,0.012,0.023,0.175,0.105,0.082,0.245,0.361,0.536,0.594,,0.594,1.876,5.839,5.839,3.275,5.839,0.711,2.11,0.012,4.207,6.538,6.189,2.343,1.643,2.343,2.576,2.459,2.576,0.594,2.226,2.226,2.809,3.392,6.072,0.012,3.159,5.49,4.907,1.76,2.925,,,,,,,,,,,,,,,,,,,,,,,,,,,,,,,,,,,,,,,,,,,,,,,,,,,,,,,,,,,,,,,,,,,,,,,,,,,,,,,,,,,,,,,,,,,,,,
,Dhaka,September,8,0.128,0.385,0.28,0.268,0.012,0.186,0.245,0.221,0.093,0.245,0.268,0.128,0.012,0.361,0.513,0.163,0.653,0.583,0.128,0.152,0.245,0.268,0.268,0.012,0.082,0.012,0.35,0.128,0.07,0.058,**,0.082,0.606,0.571,0.42,0.618,0.594,0.105,0.105,0.012,0.012,0.012,0.256,0.012,0.012,0.012,0.221,0.012,0.315,0.478,0.408,0.012,0.012,0.058,0.128,0.082,0.012,0.221,0.245,0.245,0.233,,1.643,0.711,4.674,1.177,1.643,3.392,0.944,0.711,1.061,4.441,6.072,4.79,2.226,0.128,3.042,3.508,2.226,0.944,0.361,1.643,1.876,2.343,2.459,4.557,0.012,2.692,4.674,4.441,2.343,3.508,,,,,,,,,,,,,,,,,,,,,,,,,,,,,,,,,,,,,,,,,,,,,,,,,,,,,,,,,,,,,,,,,,,,,,,,,,,,,,,,,,,,,,,,,,,,,,
,Dhaka,September,9,0.14,0.361,0.175,0.28,0.431,0.128,0.315,0.105,0.047,0.035,0.245,0.14,0.012,0.163,0.501,0.117,0.513,0.466,0.07,0.14,0.058,0.012,0.14,0.012,0.047,0.012,0.326,0.152,0.012,0.105,**,0.012,0.478,0.478,0.186,0.245,0.455,0.07,0.012,0.012,0.012,0.012,0.385,0.012,0.012,0.012,0.012,0.128,0.361,0.594,0.233,0.128,0.012,0.163,0.105,0.058,0.012,0.163,0.128,0.186,0.117,,0.944,0.012,3.625,0.944,1.177,2.576,2.11,0.361,0.944,3.625,5.606,4.674,1.527,0.012,3.625,3.858,1.41,0.012,0.012,1.061,1.41,3.042,1.643,3.275,0.012,2.226,0.478,2.459,3.159,4.207,,,,,,,,,,,,,,,,,,,,,,,,,,,,,,,,,,,,,,,,,,,,,,,,,,,,,,,,,,,,,,,,,,,,,,,,,,,,,,,,,,,,,,,,,,,,,,
,Dhaka,September,10,0.058,0.221,0.035,0.175,0.221,0.105,0.49,0.14,0.012,0.082,0.07,0.07,0.012,0.105,0.21,0.047,0.128,0.152,0.012,0.012,0.047,0.012,0.07,0.012,0.012,0.012,0.152,0.012,0.012,0.152,**,0.012,0.221,0.594,0.128,0.21,0.128,0.07,0.012,0.012,0.012,0.012,0.047,0.012,0.012,0.012,0.012,0.012,0.28,0.268,0.186,0.07,0.012,0.035,0.058,0.012,0.012,0.012,0.035,0.245,0.198,,0.245,0.012,2.226,0.478,0.478,0.245,0.478,0.012,0.012,1.061,1.643,2.343,1.061,0.012,1.061,1.41,0.361,0.594,0.245,0.361,0.594,0.478,0.828,1.41,0.012,1.527,0.245,0.711,0.245,0.944,,,,,,,,,,,,,,,,,,,,,,,,,,,,,,,,,,,,,,,,,,,,,,,,,,,,,,,,,,,,,,,,,,,,,,,,,,,,,,,,,,,,,,,,,,,,,,
,Dhaka,September,11,0.012,0.023,0.012,0.035,0.058,0.058,0.012,0.058,0.012,0.012,0.012,0.012,0.012,0.035,0.128,0.012,0.058,0.023,0.012,0.012,0.012,0.012,0.012,0.012,0.012,0.012,0.047,0.012,0.012,0.023,**,0.058,0.082,0.035,0.047,0.07,0.035,0.058,0.012,0.012,0.012,0.012,0.012,0.012,0.012,0.012,0.012,0.012,0.07,0.07,0.035,0.012,0.012,0.012,0.012,0.012,0.012,0.012,0.012,0.012,0.012,,0.012,0.245,0.245,0.012,0.012,0.012,0.012,0.012,0.012,0.012,0.012,0.245,0.478,0.012,0.128,1.061,0.128,0.128,0.012,0.012,0.012,0.012,0.012,0.245,0.012,0.012,0.012,0.012,0.012,0.245,,,,,,,,,,,,,,,,,,,,,,,,,,,,,,,,,,,,,,,,,,,,,,,,,,,,,,,,,,,,,,,,,,,,,,,,,,,,,,,,,,,,,,,,,,,,,,
,Dhaka,September,12,0.012,0.012,0.012,0.012,0.012,0.012,0.012,0.012,0.012,0.012,0.012,0.012,0.012,0.012,0.012,0.012,0.012,0.012,0.012,0.012,0.012,0.012,0.012,0.012,0.012,0.012,0.012,0.012,0.012,0.012,**,0.012,0.012,0.012,0.012,0.012,0.012,0.012,0.012,0.012,0.012,0.012,0.012,0.012,0.012,0.012,0.012,0.012,0.012,0.012,0.012,0.012,0.012,0.012,0.012,0.012,0.012,0.012,0.012,0.012,0.012,,0.012,0.012,0.012,0.012,0.012,0.012,0.012,0.012,0.012,0.012,0.012,0.012,0.012,0.012,0.012,0.012,0.012,0.012,0.012,0.012,0.012,0.012,0.012,0.012,0.012,0.012,0.012,0.012,0.012,0.012,,,,,,,,,,,,,,,,,,,,,,,,,,,,,,,,,,,,,,,,,,,,,,,,,,,,,,,,,,,,,,,,,,,,,,,,,,,,,,,,,,,,,,,,,,,,,,
,Dhaka,September,13,0.012,0.012,0.012,0.012,0.012,0.012,0.012,0.012,0.012,0.012,0.012,0.012,0.012,0.012,0.012,0.012,0.012,0.012,0.012,0.012,0.012,0.012,0.012,0.012,0.012,0.012,0.012,0.012,0.012,0.012,**,0.012,0.012,0.012,0.012,0.012,0.012,0.012,0.012,0.012,0.012,0.012,0.012,0.012,0.012,0.012,0.012,0.012,0.012,0.012,0.012,0.012,0.012,0.012,0.012,0.012,0.012,0.012,0.012,0.012,0.012,,0.012,0.012,0.012,0.012,0.012,0.012,0.012,0.012,0.012,0.012,0.012,0.012,0.012,0.012,0.012,0.012,0.012,0.012,0.012,0.012,0.012,0.012,0.012,0.012,0.012,0.012,0.012,0.012,0.012,0.012,,,,,,,,,,,,,,,,,,,,,,,,,,,,,,,,,,,,,,,,,,,,,,,,,,,,,,,,,,,,,,,,,,,,,,,,,,,,,,,,,,,,,,,,,,,,,,
,,,Total,1.643,2.413,1.818,1.888,1.946,1.97,2.261,1.096,1.585,2.984,3.974,1.364,0.163,2.622,3.939,3.205,5.117,3.322,1.259,1.807,1.667,2.179,2.739,0.909,1.305,1.445,2.238,1.084,1.2,1.527,,0.932,4.918,5.186,4.441,2.925,4.604,2.331,3.287,1.655,1.27,0.233,1.375,0.606,0.163,2.331,0.804,1.865,2.016,4.301,2.634,1.235,0.408,1.014,1.049,1.084,1.27,1.538,3.415,2.739,3.322,,5.641,17.646,40.49,16.364,17.296,29.184,11.935,13.566,7.972,29.65,34.662,33.38,22.774,13.566,16.364,17.529,13.916,12.634,7.972,8.788,10.303,19.277,23.59,28.252,16.247,25.688,27.669,24.172,14.615,20.326,0,,,,,,,,,,,,,,,,,,,,,,,,,,,,,,,,,,,,,,,,,,,,,,,,,,,,,,,,,,,,,,,,,,,,,,,,,,,,,,,,,,,,,,,,,,,,,
,Dhaka,October,0,0.012,0.012,0.012,0.012,0.012,0.012,0.012,0.012,0.012,0.012,0.012,0.012,0.012,0.012,0.012,0.012,0.012,0.012,0.035,0.012,0.012,0.012,0.012,0.012,0.012,0.012,0.012,0.012,0.012,0.012,0.012,0.012,0.012,0.012,0.012,0.012,0.012,0.012,0.012,0.012,0.012,0.012,0.012,0.012,0.012,0.012,0.012,0.012,0.012,0.012,0.012,0.012,0.012,0.012,0.012,0.012,0.012,0.012,0.012,0.012,0.012,0.012,0.012,0.012,0.012,0.012,0.012,0.012,0.012,0.012,0.012,0.012,0.012,0.012,0.012,0.012,0.012,0.012,0.012,0.012,0.012,0.012,0.012,0.012,0.012,0.012,0.012,0.012,0.012,0.012,0.012,0.012,0.012,,,,,,,,,,,,,,,,,,,,,,,,,,,,,,,,,,,,,,,,,,,,,,,,,,,,,,,,,,,,,,,,,,,,,,,,,,,,,,,,,,,,,,,,,,,,,
,Dhaka,October,1,0.012,0.012,0.012,0.035,0.07,0.035,0.012,0.012,0.012,0.012,0.012,0.012,0.012,0.012,0.012,0.012,0.047,0.035,0.047,0.012,0.128,0.012,0.012,0.012,0.012,0.012,0.047,0.047,0.128,0.14,0.14,0.012,0.012,0.012,0.012,0.023,0.012,0.012,0.012,0.035,0.035,0.093,0.058,0.07,0.012,0.047,0.012,0.012,0.012,0.012,0.012,0.035,0.012,0.012,0.012,0.012,0.012,0.012,0.012,0.012,0.012,0.012,0.012,0.058,0.012,0.012,0.012,0.012,0.012,0.012,0.012,0.012,0.012,0.012,0.012,0.012,0.012,0.128,0.012,0.012,0.012,0.012,0.012,0.012,0.012,0.012,0.012,0.012,0.012,0.012,0.012,0.012,0.012,,,,,,,,,,,,,,,,,,,,,,,,,,,,,,,,,,,,,,,,,,,,,,,,,,,,,,,,,,,,,,,,,,,,,,,,,,,,,,,,,,,,,,,,,,,,,
,Dhaka,October,2,0.012,0.082,0.128,0.082,0.117,0.093,0.047,0.175,0.012,0.012,0.012,0.105,0.152,0.128,0.128,0.163,0.105,0.128,0.221,0.105,0.245,0.128,0.058,0.012,0.012,0.023,0.023,0.256,0.245,0.233,0.163,0.245,0.105,0.128,0.221,0.163,0.082,0.128,0.035,0.152,0.152,0.198,0.175,0.163,0.128,0.152,0.105,0.186,0.082,0.093,0.186,0.105,0.035,0.012,0.012,0.012,0.012,0.047,0.058,0.035,0.233,0.035,0.058,0.152,0.105,0.058,0.093,0.012,0.012,0.082,0.093,0.082,0.361,0.828,0.035,0.035,0.175,0.152,0.07,0.093,0.035,0.128,0.012,0.245,0.058,0.082,0.361,0.082,0.128,0.082,0.105,0.082,0.128,,,,,,,,,,,,,,,,,,,,,,,,,,,,,,,,,,,,,,,,,,,,,,,,,,,,,,,,,,,,,,,,,,,,,,,,,,,,,,,,,,,,,,,,,,,,,
,Dhaka,October,3,0.186,0.175,0.186,0.256,0.093,0.152,0.303,0.07,0.373,0.058,0.396,0.233,0.326,0.268,0.338,0.256,0.303,0.315,0.326,0.338,0.303,0.21,0.14,0.023,0.047,0.128,0.21,0.466,0.326,0.338,0.455,0.385,0.163,0.303,0.42,0.082,0.012,0.303,0.245,0.338,0.303,0.35,0.338,0.268,0.28,0.28,0.233,0.303,0.256,0.175,0.326,0.012,0.058,0.012,0.012,0.035,0.035,0.303,0.326,0.256,0.338,0.093,0.152,0.431,0.186,0.221,0.163,0.012,0.361,0.186,0.315,0.233,0.268,0.152,0.058,0.093,0.315,0.268,0.163,0.152,0.082,0.245,0.047,1.061,0.28,0.128,0.14,0.268,0.268,0.14,0.326,0.338,3.392,,,,,,,,,,,,,,,,,,,,,,,,,,,,,,,,,,,,,,,,,,,,,,,,,,,,,,,,,,,,,,,,,,,,,,,,,,,,,,,,,,,,,,,,,,,,,
,Dhaka,October,4,0.28,0.21,0.012,0.268,0.361,0.035,0.175,0.163,0.338,0.233,0.501,0.268,0.478,0.35,0.443,0.233,0.49,0.501,0.373,0.431,0.42,0.385,0.186,0.128,0.152,0.07,0.571,0.478,0.361,0.385,0.49,0.233,0.186,0.361,0.361,0.152,0.012,0.361,0.186,0.478,0.478,0.385,0.233,0.28,0.361,0.373,0.338,0.361,0.338,0.198,0.338,0.058,0.047,0.012,0.012,0.105,0.385,0.408,0.431,0.408,0.431,0.128,0.198,0.49,0.245,2.459,0.233,0.035,0.828,0.256,0.175,0.303,0.373,0.35,0.082,0.128,0.385,3.508,0.291,0.326,0.07,0.711,0.221,1.41,0.245,0.291,0.233,0.245,0.315,0.163,0.42,0.385,3.625,,,,,,,,,,,,,,,,,,,,,,,,,,,,,,,,,,,,,,,,,,,,,,,,,,,,,,,,,,,,,,,,,,,,,,,,,,,,,,,,,,,,,,,,,,,,,
,Dhaka,October,5,0.221,0.198,0.128,0.256,0.385,0.058,0.047,0.21,0.291,0.303,0.618,0.373,0.513,0.466,0.548,0.035,0.594,0.583,0.117,0.513,0.478,0.513,0.21,0.152,0.326,0.058,0.478,0.594,0.478,0.478,0.501,0.093,0.163,0.245,0.245,0.198,0.012,0.478,0.198,0.548,0.594,0.443,0.105,0.28,0.478,0.431,0.466,0.455,0.373,0.268,0.466,0.245,0.012,0.012,0.012,0.198,0.256,0.478,0.501,0.49,0.478,0.221,0.198,0.221,0.28,0.338,0.291,0.058,0.326,0.385,0.245,0.408,0.455,3.625,0.105,0.221,0.466,4.557,0.455,0.431,0.012,0.105,0.338,1.643,0.291,0.431,0.28,0.28,0.291,0.175,0.501,0.455,0.49,,,,,,,,,,,,,,,,,,,,,,,,,,,,,,,,,,,,,,,,,,,,,,,,,,,,,,,,,,,,,,,,,,,,,,,,,,,,,,,,,,,,,,,,,,,,,
,Dhaka,October,6,0.455,0.245,0.641,0.315,0.641,0.012,0.07,0.233,0.268,0.198,0.711,0.431,0.594,0.524,0.221,0.21,0.548,0.571,0.152,0.548,0.536,0.583,0.105,0.117,0.21,0.117,0.186,0.501,0.501,0.466,0.455,0.012,0.21,0.198,0.152,0.128,0.012,0.606,0.012,0.618,0.571,0.501,0.012,0.303,0.466,0.035,0.49,0.501,0.408,0.315,0.583,0.361,0.012,0.012,0.058,0.256,0.291,0.513,0.524,0.536,0.513,0.291,0.221,0.152,0.536,0.431,0.431,0.082,0.373,5.14,0.291,0.583,0.49,4.557,0.128,0.35,0.524,0.548,0.606,0.373,0.047,0.105,0.618,0.245,0.245,0.478,0.291,0.233,0.245,0.163,0.629,0.536,0.548,,,,,,,,,,,,,,,,,,,,,,,,,,,,,,,,,,,,,,,,,,,,,,,,,,,,,,,,,,,,,,,,,,,,,,,,,,,,,,,,,,,,,,,,,,,,,
,Dhaka,October,7,0.093,0.361,0.478,0.326,0.571,0.361,0.082,0.245,0.35,0.012,0.583,0.42,0.559,0.548,0.233,0.198,0.606,0.548,0.361,0.501,0.478,0.186,0.058,0.035,0.152,0.152,0.326,0.443,0.49,0.431,0.431,0.245,0.245,0.245,0.152,0.128,0.012,0.303,0.221,0.536,0.536,0.361,0.012,0.315,0.128,0.326,0.431,0.396,0.315,0.128,0.501,0.408,0.012,0.012,0.023,0.303,0.315,0.431,0.455,0.49,0.536,0.373,0.221,2.343,0.221,0.466,0.326,0.012,0.408,0.443,0.373,0.594,0.501,0.49,0.35,0.012,0.594,0.373,0.455,0.431,0.058,0.023,0.443,0.256,0.291,0.28,0.373,0.175,0.221,0.163,0.571,0.361,0.478,,,,,,,,,,,,,,,,,,,,,,,,,,,,,,,,,,,,,,,,,,,,,,,,,,,,,,,,,,,,,,,,,,,,,,,,,,,,,,,,,,,,,,,,,,,,,
,Dhaka,October,8,0.023,0.49,0.408,0.361,0.466,0.291,0.047,0.291,0.291,0.012,0.431,0.373,0.524,0.501,0.21,0.233,0.256,0.594,0.478,0.443,0.385,0.163,0.012,0.023,0.035,0.175,0.268,0.373,0.478,0.443,0.408,0.163,0.128,0.175,0.012,0.105,0.128,0.198,0.21,0.361,0.152,0.152,0.07,0.152,0.012,0.221,0.42,0.221,0.35,0.245,0.105,0.221,0.012,0.012,0.012,0.28,0.268,0.361,0.361,0.373,0.431,0.256,0.198,0.338,0.128,0.49,0.291,0.012,0.152,0.385,0.396,0.373,0.478,0.455,0.443,0.012,0.676,0.256,0.373,0.198,0.012,0.012,0.373,0.128,0.198,0.256,0.385,0.163,0.128,0.175,0.35,0.385,0.385,,,,,,,,,,,,,,,,,,,,,,,,,,,,,,,,,,,,,,,,,,,,,,,,,,,,,,,,,,,,,,,,,,,,,,,,,,,,,,,,,,,,,,,,,,,,,
,Dhaka,October,9,0.012,0.338,0.256,0.373,0.408,0.175,0.058,0.35,0.21,0.012,0.291,0.338,0.408,0.315,0.175,0.221,0.221,0.35,0.233,0.291,0.245,0.256,0.012,0.012,0.105,0.221,0.14,0.338,0.338,0.28,0.256,0.128,0.198,0.117,0.163,0.233,0.186,0.093,0.186,0.35,0.047,0.012,0.338,0.012,0.012,0.082,0.385,0.198,0.268,0.373,0.012,0.012,0.012,0.012,0.012,0.245,0.245,0.035,0.268,0.256,0.408,0.198,0.233,0.443,0.198,0.385,0.012,0.012,0.105,0.175,0.303,0.023,0.455,0.408,0.373,0.245,0.606,0.093,0.326,0.082,0.035,0.012,0.291,0.245,0.152,0.152,0.245,0.14,0.082,0.315,0.385,0.35,0.303,,,,,,,,,,,,,,,,,,,,,,,,,,,,,,,,,,,,,,,,,,,,,,,,,,,,,,,,,,,,,,,,,,,,,,,,,,,,,,,,,,,,,,,,,,,,,
,Dhaka,October,10,0.012,0.128,0.058,0.093,0.128,0.082,0.023,0.152,0.105,0.012,0.221,0.163,0.35,0.058,0.07,0.082,0.035,0.058,0.07,0.047,0.07,0.035,0.012,0.012,0.012,0.175,0.093,0.047,0.07,0.082,0.105,0.012,0.093,0.058,0.082,0.093,0.303,0.012,0.023,0.245,0.012,0.105,0.245,0.082,0.012,0.035,0.07,0.035,0.105,0.186,0.012,0.012,0.012,0.012,0.012,0.093,0.082,0.093,0.128,0.105,0.105,0.058,0.128,0.117,0.047,0.233,0.012,0.023,0.035,0.14,0.128,0.012,0.128,0.373,0.315,0.07,0.501,0.035,0.268,0.012,0.012,0.012,0.163,0.361,0.245,0.082,0.07,0.093,0.105,0.07,0.198,0.105,0.093,,,,,,,,,,,,,,,,,,,,,,,,,,,,,,,,,,,,,,,,,,,,,,,,,,,,,,,,,,,,,,,,,,,,,,,,,,,,,,,,,,,,,,,,,,,,,
,Dhaka,October,11,0.012,0.023,0.012,0.035,0.012,0.012,0.012,0.012,0.023,0.012,0.023,0.023,0.035,0.012,0.012,0.012,0.012,0.012,0.012,0.012,0.012,0.012,0.012,0.012,0.012,0.012,0.012,0.012,0.012,0.012,0.012,0.012,0.012,0.012,0.012,0.012,0.082,0.012,0.012,0.07,0.012,0.012,0.082,0.012,0.012,0.012,0.07,0.012,0.012,0.012,0.012,0.012,0.012,0.012,0.012,0.012,0.012,0.012,0.012,0.012,0.012,0.012,0.035,0.012,0.012,0.163,0.012,0.012,0.012,0.012,0.012,0.012,0.047,0.256,0.256,0.012,0.268,0.012,0.012,0.012,0.012,0.012,0.012,0.012,0.012,0.012,0.012,0.012,0.012,0.012,0.012,0.012,0.012,,,,,,,,,,,,,,,,,,,,,,,,,,,,,,,,,,,,,,,,,,,,,,,,,,,,,,,,,,,,,,,,,,,,,,,,,,,,,,,,,,,,,,,,,,,,,
,Dhaka,October,12,0.012,0.012,0.012,0.012,0.012,0.012,0.012,0.012,0.012,0.012,0.012,0.012,0.012,0.012,0.012,0.012,0.012,0.012,0.012,0.012,0.012,0.012,0.012,0.012,0.012,0.012,0.012,0.012,0.012,0.012,0.012,0.012,0.012,0.012,0.012,0.012,0.035,0.012,0.012,0.012,0.012,0.012,0.012,0.012,0.012,0.012,0.012,0.012,0.012,0.012,0.012,0.012,0.012,0.012,0.012,0.012,0.012,0.012,0.012,0.012,0.012,0.012,0.012,0.012,0.012,0.012,0.012,0.012,0.012,0.012,0.012,0.012,0.012,0.012,0.012,0.012,0.012,0.012,0.012,0.012,0.012,0.012,0.012,0.012,0.012,0.012,0.012,0.012,0.012,0.012,0.012,0.012,0.012,,,,,,,,,,,,,,,,,,,,,,,,,,,,,,,,,,,,,,,,,,,,,,,,,,,,,,,,,,,,,,,,,,,,,,,,,,,,,,,,,,,,,,,,,,,,,
,Dhaka,October,13,0.012,0.012,0.012,0.012,0.012,0.012,0.012,0.012,0.012,0.012,0.012,0.012,0.012,0.012,0.012,0.012,0.012,0.012,0.012,0.012,0.012,0.012,0.012,0.012,0.012,0.012,0.012,0.012,0.012,0.012,0.012,0.012,0.012,0.012,0.012,0.012,0.012,0.012,0.012,0.012,0.012,0.012,0.012,0.012,0.012,0.012,0.012,0.012,0.012,0.012,0.012,0.012,0.012,0.012,0.012,0.012,0.012,0.012,0.012,0.012,0.012,0.012,0.012,0.012,0.012,0.012,0.012,0.012,0.012,0.012,0.012,0.012,0.012,0.012,0.012,0.012,0.012,0.012,0.012,0.012,0.012,0.012,0.012,0.012,0.012,0.012,0.012,0.012,0.012,0.012,0.012,0.012,0.012,,,,,,,,,,,,,,,,,,,,,,,,,,,,,,,,,,,,,,,,,,,,,,,,,,,,,,,,,,,,,,,,,,,,,,,,,,,,,,,,,,,,,,,,,,,,,
,,,Total,1.352,2.296,2.354,2.436,3.287,1.34,0.909,1.946,2.308,0.909,3.834,2.774,3.986,3.217,2.424,1.69,3.252,3.73,2.448,3.275,3.333,2.517,0.851,0.571,1.107,1.177,2.389,3.59,3.462,3.322,3.45,1.573,1.55,1.888,1.865,1.352,0.909,2.541,1.375,3.765,2.925,2.646,1.702,1.97,1.935,2.028,3.054,2.716,2.552,2.04,2.587,1.515,0.268,0.163,0.221,1.585,1.946,2.727,3.112,3.007,3.531,1.713,1.69,4.79,2.005,5.291,1.911,0.315,2.657,7.249,2.378,2.669,3.601,11.538,2.191,1.224,4.557,9.965,3.065,2.156,0.42,1.41,2.564,5.653,2.063,2.238,2.436,1.737,1.841,1.503,3.543,3.054,9.499,,,,,,,,,,,,,,,,,,,,,,,,,,,,,,,,,,,,,,,,,,,,,,,,,,,,,,,,,,,,,,,,,,,,,,,,,,,,,,,,,,,,,,,,,,,,,
,Dhaka,November,0,0.012,0.012,0.012,0.012,0.012,0.012,0.012,0.012,0.012,0.012,0.012,0.012,0.012,0.012,0.012,0.012,0.012,0.012,0.012,0.012,0.012,0.012,0.012,0.012,0.012,0.012,0.012,0.012,0.012,0.012,**,0.012,0.012,0.012,0.012,0.012,0.012,0.012,0.012,0.012,0.012,0.012,0.012,0.012,0.012,0.012,0.012,0.012,0.012,0.012,0.012,0.012,0.012,0.012,0.012,0.012,0.012,0.012,0.012,0.012,0.012,,,,,,,,,,,,,,,,,,,,,,,,,,,,,,,,,,,,,,,,,,,,,,,,,,,,,,,,,,,,,,,,,,,,,,,,,,,,,,,,,,,,,,,,,,,,,,,,,,,,,,,,,,,,,,,,,,,,,,,,,,,,,
,Dhaka,November,1,0.117,0.058,0.023,0.035,0.035,0.035,0.023,0.012,0.012,0.012,0.012,0.012,0.012,0.012,0.012,0.023,0.012,0.012,0.012,0.012,0.012,0.012,0.012,0.012,0.012,0.012,0.012,0.012,0.012,0.012,**,0.012,0.012,0.012,0.012,0.012,0.012,0.012,0.012,0.023,0.023,0.023,0.012,0.012,0.012,0.012,0.012,0.012,0.012,0.012,0.012,0.012,0.012,0.012,0.012,0.012,0.012,0.012,0.012,0.012,0.012,,,,,,,,,,,,,,,,,,,,,,,,,,,,,,,,,,,,,,,,,,,,,,,,,,,,,,,,,,,,,,,,,,,,,,,,,,,,,,,,,,,,,,,,,,,,,,,,,,,,,,,,,,,,,,,,,,,,,,,,,,,,,
,Dhaka,November,2,0.21,0.163,0.058,0.14,0.152,0.105,0.082,0.012,0.012,0.012,0.291,0.163,0.047,0.058,0.058,0.07,0.035,0.047,0.047,0.023,0.058,0.023,0.035,0.035,0.023,0.023,0.047,0.023,0.035,0.082,**,0.023,0.082,0.035,0.047,0.058,0.047,0.058,0.07,0.07,0.058,0.175,0.023,0.035,0.047,0.07,0.035,0.035,0.012,0.023,0.023,0.012,0.023,0.035,0.035,0.012,0.012,0.012,0.035,0.012,0.012,,,,,,,,,,,,,,,,,,,,,,,,,,,,,,,,,,,,,,,,,,,,,,,,,,,,,,,,,,,,,,,,,,,,,,,,,,,,,,,,,,,,,,,,,,,,,,,,,,,,,,,,,,,,,,,,,,,,,,,,,,,,,
,Dhaka,November,3,0.291,0.291,0.128,0.35,0.28,0.198,0.221,0.023,0.012,0.012,0.315,0.256,0.186,0.175,0.152,0.082,0.093,0.128,0.128,0.082,0.221,0.117,0.128,0.268,0.105,0.047,0.047,0.035,0.396,0.117,**,0.093,0.128,0.105,0.186,0.14,0.152,0.105,0.315,0.256,0.268,0.291,0.245,0.152,0.175,0.221,0.233,0.093,0.058,0.058,0.093,0.012,0.117,0.105,0.105,0.012,0.07,0.07,0.082,0.082,0.105,,,,,,,,,,,,,,,,,,,,,,,,,,,,,,,,,,,,,,,,,,,,,,,,,,,,,,,,,,,,,,,,,,,,,,,,,,,,,,,,,,,,,,,,,,,,,,,,,,,,,,,,,,,,,,,,,,,,,,,,,,,,,
,Dhaka,November,4,0.455,0.443,0.256,0.408,0.361,0.326,0.291,0.035,0.012,0.012,0.338,0.338,0.233,0.221,0.385,0.42,0.233,0.315,0.291,0.152,0.291,0.198,0.303,0.315,0.361,0.385,0.431,0.21,0.466,0.338,**,0.117,0.268,0.198,0.338,0.291,0.315,0.152,0.431,0.408,0.396,0.408,0.408,0.396,0.385,0.361,0.361,0.221,0.105,0.082,0.07,0.035,0.175,0.221,0.291,0.058,0.245,0.221,0.152,0.245,0.431,,,,,,,N/A,,,,,,,,,,,,,,,,,,,,,,,,,,,,,,,,,,,,,,,,,,,,,,,,,,,,,,,,,,,,,,,,,,,,,,,,,,,,,,,,,,,,,,,,,,,,,,,,,,,,,,,,,,,,,,,,,,,,,,
,Dhaka,November,5,0.501,0.478,0.291,0.431,0.443,0.431,0.245,0.105,0.012,0.012,0.35,0.373,0.338,0.385,0.513,0.501,0.256,0.361,0.35,0.221,0.338,0.268,0.396,0.361,0.513,0.478,0.501,0.385,0.49,0.361,**,0.152,0.303,0.256,0.466,0.291,0.361,0.221,0.49,0.431,0.443,0.431,0.42,0.501,0.408,0.478,0.431,0.315,0.152,0.128,0.047,0.082,0.315,0.291,0.385,0.256,0.385,0.315,0.175,0.385,0.478,,,,,,,,,,,,,,,,,,,,,,,,,,,,,,,,,,,,,,,,,,,,,,,,,,,,,,,,,,,,,,,,,,,,,,,,,,,,,,,,,,,,,,,,,,,,,,,,,,,,,,,,,,,,,,,,,,,,,,,,,,,,,
,Dhaka,November,6,0.501,0.559,0.175,0.49,0.175,0.163,0.233,0.186,0.012,0.012,0.385,0.548,0.478,0.466,0.49,0.49,0.315,0.385,0.315,0.291,0.408,0.315,0.245,0.385,0.291,0.49,0.513,0.42,0.361,0.385,**,0.175,0.361,0.291,0.478,0.361,0.338,0.245,0.548,0.49,0.478,0.466,0.513,0.524,0.455,0.536,0.466,0.478,0.315,0.175,0.058,0.198,0.501,0.466,0.431,0.373,0.524,0.361,0.245,0.49,0.501,,,,,,,,,,,,,,,,,,,,,,,,,,,,,,,,,,,,,,,,,,,,,,,,,,,,,,,,,,,,,,,,,,,,,,,,,,,,,,,,,,,,,,,,,,,,,,,,,,,,,,,,,,,,,,,,,,,,,,,,,,,,,
,Dhaka,November,7,0.478,0.548,0.198,0.361,0.49,0.105,0.198,0.128,0.023,0.012,0.245,0.221,0.152,0.338,0.431,0.455,0.28,0.361,0.373,0.256,0.245,0.338,0.175,0.361,0.245,0.42,0.466,0.408,0.303,0.373,**,0.105,0.175,0.198,0.49,0.408,0.373,0.315,0.524,0.513,0.49,0.478,0.513,0.501,0.466,0.478,0.455,0.42,0.303,0.315,0.093,0.035,0.361,0.373,0.466,0.478,0.128,0.478,0.291,0.536,0.478,,,,,,,,,,,,,,,,,,,,,,,,,,,,,,,,,,,,,,,,,,,,,,,,,,,,,,,,,,,,,,,,,,,,,,,,,,,,,,,,,,,,,,,,,,,,,,,,,,,,,,,,,,,,,,,,,,,,,,,,,,,,,
,Dhaka,November,8,0.361,0.431,0.221,0.373,0.373,0.117,0.28,0.117,0.012,0.012,0.268,0.198,0.128,0.28,0.408,0.35,0.268,0.268,0.303,0.175,0.198,0.268,0.128,0.245,0.152,0.361,0.361,0.361,0.21,0.315,**,0.023,0.128,0.105,0.385,0.35,0.291,0.361,0.524,0.524,0.466,0.385,0.42,0.385,0.361,0.361,0.373,0.361,0.268,0.175,0.058,0.023,0.175,0.315,0.291,0.361,0.105,0.361,0.385,3.858,0.385,,,,,,,,,,,,,,,,,,,,,,,,,,,,,,,,,,,,,,,,,,,,,,,,,,,,,,,,,,,,,,,,,,,,,,,,,,,,,,,,,,,,,,,,,,,,,,,,,,,,,,,,,,,,,,,,,,,,,,,,,,,,,
,Dhaka,November,9,0.28,0.291,0.21,0.303,0.268,0.14,0.21,0.012,0.012,0.07,0.338,0.152,0.058,0.105,0.233,0.303,0.221,0.152,0.186,0.128,0.117,0.163,0.117,0.221,0.105,0.256,0.256,0.256,0.058,0.233,**,0.012,0.14,0.035,0.245,0.28,0.245,0.291,0.466,0.315,0.291,0.268,0.291,0.245,0.233,0.245,0.256,0.233,0.233,0.093,0.198,0.035,0.117,0.291,0.256,0.245,0.082,0.245,0.256,0.245,0.268,,,,,,,,,,,,,,,,,,,,,,,,,,,,,,,,,,,,,,,,,,,,,,,,,,,,,,,,,,,,,,,,,,,,,,,,,,,,,,,,,,,,,,,,,,,,,,,,,,,,,,,,,,,,,,,,,,,,,,,,,,,,,
,Dhaka,November,10,0.093,0.128,0.07,0.105,0.093,0.058,0.082,0.012,0.012,0.012,0.023,0.478,0.058,0.012,0.117,0.128,0.047,0.035,0.047,0.035,0.012,0.047,0.035,0.047,0.023,0.047,0.023,0.035,0.012,0.07,**,0.012,0.035,0.023,0.128,0.105,0.105,0.082,0.385,0.256,0.198,0.152,0.152,0.128,0.082,0.082,0.093,0.093,0.093,0.023,0.012,0.012,0.058,0.058,0.082,0.117,0.023,0.093,0.082,0.012,0.093,,,,,,,,,,,,,,,,,,,,,,,,,,,,,,,,,,,,,,,,,,,,,,,,,,,,,,,,,,,,,,,,,,,,,,,,,,,,,,,,,,,,,,,,,,,,,,,,,,,,,,,,,,,,,,,,,,,,,,,,,,,,,
,Dhaka,November,11,0.012,0.012,0.023,0.012,0.012,0.012,0.012,0.012,0.012,0.012,0.012,0.012,0.012,0.012,0.012,0.012,0.012,0.012,0.012,0.012,0.012,0.012,0.012,0.012,0.012,0.012,0.012,0.012,0.012,0.012,**,0.012,0.012,0.012,0.012,0.012,0.012,0.012,0.012,0.012,0.012,0.012,0.012,0.012,0.012,0.012,0.012,0.012,0.012,0.012,0.012,0.012,0.012,0.012,0.012,0.082,0.012,0.012,0.012,0.082,0.012,,,,,,,,,,,,,,,,,,,,,,,,,,,,,,,,,,,,,,,,,,,,,,,,,,,,,,,,,,,,,,,,,,,,,,,,,,,,,,,,,,,,,,,,,,,,,,,,,,,,,,,,,,,,,,,,,,,,,,,,,,,,,
,Dhaka,November,12,0.012,0.012,0.012,0.012,0.012,0.012,0.012,0.012,0.012,0.012,0.012,0.012,0.012,0.012,0.012,0.012,0.012,0.012,0.012,0.012,0.012,0.012,0.012,0.012,0.012,0.012,0.012,0.012,0.012,0.012,**,0.012,0.012,0.012,0.012,0.012,0.012,0.012,0.012,0.012,0.012,0.012,0.012,0.012,0.012,0.012,0.012,0.012,0.012,0.012,0.012,0.012,0.012,0.012,0.012,0.012,0.012,0.012,0.012,0.012,0.012,,,,,,,,,,,,,,,,,,,,,,,,,,,,,,,,,,,,,,,,,,,,,,,,,,,,,,,,,,,,,,,,,,,,,,,,,,,,,,,,,,,,,,,,,,,,,,,,,,,,,,,,,,,,,,,,,,,,,,,,,,,,,
,Dhaka,November,13,0.012,0.012,0.012,0.012,0.012,0.012,0.012,0.012,0.012,0.012,0.012,0.012,0.012,0.012,0.012,0.012,0.012,0.012,0.012,0.012,0.012,0.012,0.012,0.012,0.012,0.012,0.012,0.012,0.012,0.012,**,0.012,0.012,0.012,0.012,0.012,0.012,0.012,0.012,0.012,0.012,0.012,0.012,0.012,0.012,0.012,0.012,0.012,0.012,0.012,0.012,0.012,0.012,0.012,0.012,0.012,0.012,0.012,0.012,0.012,0.012,,,,,,,,,,,,,,,,,,,,,,,,,,,,,,,,,,,,,,,,,,,,,,,,,,,,,,,,,,,,,,,,,,,,,,,,,,,,,,,,,,,,,,,,,,,,,,,,,,,,,,,,,,,,,,,,,,,,,,,,,,,,,
,,,Total,3.333,3.438,1.69,3.042,2.716,1.725,1.911,0.688,0.175,0.221,2.611,2.786,1.737,2.098,2.844,2.867,1.807,2.11,2.098,1.422,1.946,1.795,1.62,2.296,1.876,2.564,2.704,2.191,2.389,2.331,,0.769,1.678,1.305,2.821,2.343,2.284,1.888,3.811,3.333,3.159,3.124,3.042,2.925,2.669,2.89,2.762,2.308,1.597,1.131,0.711,0.501,1.9,2.214,2.401,2.04,1.632,2.214,1.76,5.991,2.809,,0,0,0,0,0,0,0,0,0,0,0,0,0,0,0,0,0,0,0,0,0,0,0,0,0,0,0,0,0,0,0,,,,,,,,,,,,,,,,,,,,,,,,,,,,,,,,,,,,,,,,,,,,,,,,,,,,,,,,,,,,,,,,,,,,,,,,,,,,,,,,,,,,,,,,,,,,,
,Dhaka,December,0,0.012,0.012,0.012,0.012,0.012,0.012,0.012,0.012,0.012,0.012,0.012,0.012,0.012,0.012,0.012,0.012,0.012,0.012,0.012,0.012,0.012,0.012,0.012,0.012,0.012,0.012,0.012,0.012,0.012,0.012,0.012,0.012,0.012,0.012,0.012,0.012,0.012,0.012,0.012,0.012,0.012,0.012,0.012,0.012,0.012,0.012,0.012,0.012,0.012,0.012,0.012,0.012,0.012,0.012,0.012,0.012,0.012,0.012,0.012,0.012,0.012,0.012,,,,,,,,,,,,,,,,,,,,,,,,,,,,,,,,,,,,,,,,,,,,,,,,,,,,,,,,,,,,,,,,,,,,,,,,,,,,,,,,,,,,,,,,,,,,,,,,,,,,,,,,,,,,,,,,,,,,,,,,,,,,
,Dhaka,December,1,0.012,0.012,0.012,0.012,0.012,0.012,0.012,0.012,0.012,0.012,0.012,0.012,0.012,0.012,0.012,0.012,0.012,0.012,0.012,0.012,0.012,0.012,0.012,0.012,0.012,0.012,0.012,0.012,0.012,0.012,0.012,0.012,0.07,0.082,0.058,0.047,0.012,0.012,0.012,0.012,0.012,0.012,0.012,0.012,0.012,0.012,0.012,0.012,0.012,0.012,0.012,0.012,0.012,0.012,0.012,0.012,0.012,0.012,0.012,0.012,0.012,0.012,,,,,,,,,,,,,,,,,,,,,,,,,,,,,,,,,,,,,,,,,,,,,,,,,,,,,,,,,,,,,,,,,,,,,,,,,,,,,,,,,,,,,,,,,,,,,,,,,,,,,,,,,,,,,,,,,,,,,,,,,,,,
,Dhaka,December,2,0.082,0.07,0.035,0.047,0.012,0.023,0.023,0.012,0.012,0.012,0.012,0.012,0.012,0.012,0.012,0.012,0.012,0.012,0.012,0.012,0.012,0.023,0.012,0.012,0.012,0.012,0.023,0.012,0.023,0.012,0.023,0.035,0.21,0.175,0.117,0.105,0.082,0.058,0.012,0.012,0.012,0.012,0.012,0.012,0.012,0.012,0.012,0.012,0.012,0.012,0.012,0.012,0.023,0.012,0.012,0.023,0.035,0.035,0.035,0.012,0.012,0.012,,,,,,,,,,,,,,,,,,,,,,,,,,,,,,,,,,,,,,,,,,,,,,,,,,,,,,,,,,,,,,,,,,,,,,,,,,,,,,,,,,,,,,,,,,,,,,,,,,,,,,,,,,,,,,,,,,,,,,,,,,,,
,Dhaka,December,3,0.14,0.117,0.082,0.093,0.047,0.07,0.07,0.105,0.093,0.058,0.117,0.047,0.082,0.058,0.082,0.058,0.42,0.152,0.21,0.012,0.012,0.035,0.105,0.035,0.035,0.012,0.082,0.012,0.058,0.023,0.023,0.152,0.105,0.221,0.175,0.117,0.105,0.152,0.012,0.012,0.012,0.012,0.012,0.012,0.012,0.012,0.012,0.012,0.105,0.023,0.117,0.093,0.128,0.07,0.082,0.105,0.128,0.152,0.128,0.117,0.105,0.093,,,,,,,,,,,,,,,,,,,,,,,,,,,,,,,,,,,,,,,,,,,,,,,,,,,,,,,,,,,,,,,,,,,,,,,,,,,,,,,,,,,,,,,,,,,,,,,,,,,,,,,,,,,,,,,,,,,,,,,,,,,,
,Dhaka,December,4,0.291,0.315,0.128,0.361,0.303,0.373,0.42,0.186,0.198,0.21,0.303,0.105,0.221,0.245,0.221,0.14,0.35,0.21,0.117,0.012,0.012,0.035,0.245,0.105,0.082,0.07,0.105,0.07,0.431,0.117,0.326,0.385,0.338,0.256,0.221,0.152,0.221,0.256,0.163,0.012,0.035,0.012,0.047,0.128,0.303,0.175,0.117,0.058,0.198,0.105,0.303,0.326,0.268,0.245,0.315,0.221,0.245,0.291,0.245,0.315,0.268,0.152,,,,,,,,,,,,,,,,,,,,,,,,,,,,,,,,,,,,,,,,,,,,,,,,,,,,,,,,,,,,,,,,,,,,,,,,,,,,,,,,,,,,,,,,,,,,,,,,,,,,,,,,,,,,,,,,,,,,,,,,,,,,
,Dhaka,December,5,0.373,0.443,0.152,0.396,0.443,0.478,0.513,0.221,0.163,0.256,0.326,0.198,0.326,0.373,0.326,0.221,0.315,0.233,0.128,0.012,0.012,0.047,0.233,0.373,0.14,0.163,0.128,0.163,0.455,0.338,0.443,0.42,0.396,0.431,0.361,0.128,0.152,0.303,0.245,0.012,0.105,0.012,0.07,0.221,0.198,0.303,0.291,0.152,0.291,0.198,0.408,0.373,0.291,0.303,0.431,0.361,0.373,0.385,0.291,0.396,0.338,0.291,,,,,,,,,N/A,,,,,,,,,,,,,,,,,,,,,,,,,,,,,,,,,,,,,,,,,,,,,,,,,,,,,,,,,,,,,,,,,,,,,,,,,,,,,,,,,,,,,,,,,,,,,,,,,,,,,,,,,,,,,,,,,,,
,Dhaka,December,6,0.466,0.361,0.233,0.455,0.501,0.49,0.513,0.455,0.128,0.431,0.373,0.233,0.396,0.42,0.396,0.326,0.28,0.268,0.07,0.012,0.012,0.058,0.163,0.373,0.21,0.21,0.14,0.21,0.49,0.408,0.42,0.478,0.466,0.478,0.431,0.152,0.198,0.315,0.233,0.012,0.315,0.012,0.105,0.548,0.105,0.373,0.245,0.256,0.361,0.315,0.466,0.408,0.315,0.245,0.594,0.466,0.478,0.431,0.35,0.408,0.361,0.373,,,,,,,,,,,,,,,,,,,,,,,,,,,,,,,,,,,,,,,,,,,,,,,,,,,,,,,,,,,,,,,,,,,,,,,,,,,,,,,,,,,,,,,,,,,,,,,,,,,,,,,,,,,,,,,,,,,,,,,,,,,,
,Dhaka,December,7,0.361,0.291,0.245,0.42,0.385,0.373,0.338,0.256,0.105,0.361,0.35,0.291,0.408,0.431,0.408,0.385,0.233,0.291,0.023,0.023,0.012,0.07,0.128,0.268,0.221,0.245,0.117,0.245,0.245,0.256,0.408,0.373,0.385,0.373,0.338,0.291,0.361,0.373,0.198,0.012,0.035,0.012,0.105,0.268,0.128,0.361,0.373,0.431,0.466,0.361,0.455,0.361,0.361,0.303,0.373,0.455,0.385,0.35,0.291,0.466,0.373,0.361,,,,,,,,,,,,,,,,,,,,,,,,,,,,,,,,,,,,,,,,,,,,,,,,,,,,,,,,,,,,,,,,,,,,,,,,,,,,,,,,,,,,,,,,,,,,,,,,,,,,,,,,,,,,,,,,,,,,,,,,,,,,
,Dhaka,December,8,0.268,0.315,0.221,0.35,0.315,0.291,0.256,0.233,0.082,0.338,0.268,0.268,0.338,0.326,0.338,0.291,0.152,0.198,0.035,0.058,0.035,0.035,0.152,0.163,0.233,0.256,0.128,0.256,0.256,0.152,0.221,0.256,0.256,0.245,0.198,0.221,0.117,0.315,0.198,0.035,0.035,0.047,0.082,0.198,0.245,0.175,0.198,0.373,0.058,0.315,0.361,0.338,0.245,0.245,0.268,0.315,0.256,0.221,0.221,0.35,0.326,0.338,,,,,,,,,,,,,,,,,,,,,,,,,,,,,,,,,,,,,,,,,,,,,,,,,,,,,,,,,,,,,,,,,,,,,,,,,,,,,,,,,,,,,,,,,,,,,,,,,,,,,,,,,,,,,,,,,,,,,,,,,,,,
,Dhaka,December,9,0.233,0.186,0.233,0.245,0.256,0.233,0.152,0.198,0.058,0.268,0.14,0.175,0.21,0.245,0.21,0.221,0.105,0.128,0.012,0.047,0.082,0.023,0.233,0.198,0.023,0.256,0.093,0.256,0.303,0.152,0.128,0.082,0.058,0.082,0.035,0.082,0.058,0.117,0.128,0.035,0.058,0.058,0.058,0.14,0.21,0.128,0.175,0.175,0.023,0.268,0.303,0.21,0.163,0.221,0.152,0.221,0.152,0.128,0.245,0.221,0.256,0.28,,,,,,,,,,,,,,,,,,,,,,,,,,,,,,,,,,,,,,,,,,,,,,,,,,,,,,,,,,,,,,,,,,,,,,,,,,,,,,,,,,,,,,,,,,,,,,,,,,,,,,,,,,,,,,,,,,,,,,,,,,,,
,Dhaka,December,10,0.035,0.035,0.07,0.07,0.07,0.035,0.035,0.035,0.023,0.035,0.023,0.058,0.082,0.058,0.082,0.047,0.012,0.035,0.012,0.07,0.012,0.012,0.035,0.047,0.012,0.07,0.023,0.07,0.047,0.023,0.082,0.012,0.012,0.012,0.012,0.012,0.012,0.012,0.023,0.012,0.012,0.012,0.012,0.012,0.082,0.012,0.012,0.128,0.012,0.012,0.012,0.012,0.058,0.198,0.023,0.047,0.023,0.035,0.047,0.058,0.058,0.047,,,,,,,,,,,,,,,,,,,,,,,,,,,,,,,,,,,,,,,,,,,,,,,,,,,,,,,,,,,,,,,,,,,,,,,,,,,,,,,,,,,,,,,,,,,,,,,,,,,,,,,,,,,,,,,,,,,,,,,,,,,,
,Dhaka,December,11,0.012,0.012,0.012,0.012,0.012,0.012,0.012,0.012,0.012,0.012,0.012,0.012,0.012,0.012,0.012,0.012,0.012,0.012,0.012,0.012,0.012,0.012,0.012,0.012,0.012,0.012,0.012,0.012,0.012,0.012,0.035,0.012,0.012,0.012,0.012,0.012,0.012,0.012,0.012,0.012,0.012,0.012,0.012,0.012,0.012,0.012,0.012,0.012,0.012,0.012,0.012,0.012,0.012,0.035,0.012,0.012,0.012,0.012,0.012,0.012,0.012,0.012,,,,,,,,,,,,,,,,,,,,,,,,,,,,,,,,,,,,,,,,,,,,,,,,,,,,,,,,,,,,,,,,,,,,,,,,,,,,,,,,,,,,,,,,,,,,,,,,,,,,,,,,,,,,,,,,,,,,,,,,,,,,
,Dhaka,December,12,0.012,0.012,0.012,0.012,0.012,0.012,0.012,0.012,0.012,0.012,0.012,0.012,0.012,0.012,0.012,0.012,0.012,0.012,0.012,0.012,0.012,0.012,0.012,0.012,0.012,0.012,0.012,0.012,0.012,0.012,0.012,0.012,0.012,0.012,0.012,0.012,0.012,0.012,0.012,0.012,0.012,0.012,0.012,0.012,0.012,0.012,0.012,0.012,0.012,0.012,0.012,0.012,0.012,0.012,0.012,0.012,0.012,0.012,0.012,0.012,0.012,0.012,,,,,,,,,,,,,,,,,,,,,,,,,,,,,,,,,,,,,,,,,,,,,,,,,,,,,,,,,,,,,,,,,,,,,,,,,,,,,,,,,,,,,,,,,,,,,,,,,,,,,,,,,,,,,,,,,,,,,,,,,,,,
,Dhaka,December,13,0.012,0.012,0.012,0.012,0.012,0.012,0.012,0.012,0.012,0.012,0.012,0.012,0.012,0.012,0.012,0.012,0.012,0.012,0.012,0.012,0.012,0.012,0.012,0.012,0.012,0.012,0.012,0.012,0.012,0.012,0.012,0.012,0.012,0.012,0.012,0.012,0.012,0.012,0.012,0.012,0.012,0.012,0.012,0.012,0.012,0.012,0.012,0.012,0.012,0.012,0.012,0.012,0.012,0.012,0.012,0.012,0.012,0.012,0.012,0.012,0.012,0.012,,,,,,,,,,,,,,,,,,,,,,,,,,,,,,,,,,,,,,,,,,,,,,,,,,,,,,,,,,,,,,,,,,,,,,,,,,,,,,,,,,,,,,,,,,,,,,,,,,,,,,,,,,,,,,,,,,,,,,,,,,,,
,,,Total,2.308,2.191,1.457,2.494,2.389,2.424,2.378,1.76,0.921,2.028,1.97,1.445,2.133,2.226,2.133,1.76,1.935,1.585,0.676,0.315,0.256,0.396,1.364,1.632,1.026,1.352,0.897,1.352,2.366,1.538,2.156,2.249,2.343,2.401,1.993,1.352,1.364,1.958,1.27,0.21,0.676,0.245,0.559,1.597,1.352,1.608,1.492,1.655,1.585,1.667,2.494,2.191,1.911,1.923,2.308,2.273,2.133,2.086,1.911,2.401,2.156,2.005,0,0,0,0,0,0,0,0,0,0,0,0,0,0,0,0,0,0,0,0,0,0,0,0,0,0,0,0,0,0,0,,,,,,,,,,,,,,,,,,,,,,,,,,,,,,,,,,,,,,,,,,,,,,,,,,,,,,,,,,,,,,,,,,,,,,,,,,,,,,,,,,,,,,,,,,,,,
,Note: Blank Means Missing Data/ Data Not Available,,,,,,,,,,,,,,,,,,,,,,,,,,,,,,,,,,,,,,,,,,,,,,,,,,,,,,,,,,,,,,,,,,,,,,,,,,,,,,,,,,,,,,,,,,,,,,,,,,,,,,,,,,,,,,,,,,,,,,,,,,,,,,,,,,,,,,,,,,,,,,,,,,,,,,,,,,,,,,,,,,,,,,,,,,,,,,,,,,,,,,,,,,,,
,Source: Bangladesh Meteorological Department (BMD),,,,,,,,,,,,,,,,,,,,,,,,,,,,,,,,,,,,,,,,,,,,,,,,,,,,,,,,,,,,,,,,,,,,,,,,,,,,,,,,,,,,,,,,,,,,,,,,,,,,,,,,,,,,,,,,,,,,,,,,,,,,,,,,,,,,,,,,,,,,,,,,,,,,,,,,,,,,,,,,,,,,,,,,,,,,,,,,,,,,,,,,,,,,
,,,,,,,,,,,,,,,,,,,,,,,,,,,,,,,,,,,,,,,,,,,,,,,,,,,,,,,,,,,,,,,,,,,,,,,,,,,,,,,,,,,,,,,,,,,,,,,,,,,,,,,,,,,,,,,,,,,,,,,,,,,,,,,,,,,,,,,,,,,,,,,,,,,,,,,,,,,,,,,,,,,,,,,,,,,,,,,,,,,,,,,,,,,,,
