,"Radiation by Station (Satkhira), 2019-2022",,,,,,,,,,,,,,,,,,,,,,,,,,,,,,,,,,,,,,,,,,,,,,,,,,,,,,,,,,,,,,,,,,,,,,,,,,,,,,,,,,,,,,,,,,,,,,,,,,,,,,,,,,,,,,,,,,,,,,,,,,,,,,,,,,,,,,,,,,,,,,,,,,,,,,,,,,,,,,,,,,,,,,,,,,,,,,,,,,,,,,,,,,,,
,Station,Month,Date,2019,,,,,,,,,,,,,,,,,,,,,,,,,,,,,,,2020,,,,,,,,,,,,,,,,,,,,,,,,,,,,,,,2021,,,,,,,,,,,,,,,,,,,,,,,,,,,,,,,2022,,,,,,,,,,,,,,,,,,,,,,,,,,,,,,,2023,,,,,,,,,,,,,,,,,,,,,,,,,,,,,,,2024,,,,,,,,,,,,,,,,,,,,,,,,,,,,,,
,,,,D_01,D_02,D_03,D_04,D_05,D_06,D_07,D_08,D_09,D_10,D_11,D_12,D_13,D_14,D_15,D_16,D_17,D_18,D_19,D_20,D_21,D_22,D_23,D_24,D_25,D_26,D_27,D_28,D_29,D_30,D_31,D_01,D_02,D_03,D_04,D_05,D_06,D_07,D_08,D_09,D_10,D_11,D_12,D_13,D_14,D_15,D_16,D_17,D_18,D_19,D_20,D_21,D_22,D_23,D_24,D_25,D_26,D_27,D_28,D_29,D_30,D_31,D_01,D_02,D_03,D_04,D_05,D_06,D_07,D_08,D_09,D_10,D_11,D_12,D_13,D_14,D_15,D_16,D_17,D_18,D_19,D_20,D_21,D_22,D_23,D_24,D_25,D_26,D_27,D_28,D_29,D_30,D_31,D_01,D_02,D_03,D_04,D_05,D_06,D_07,D_08,D_09,D_10,D_11,D_12,D_13,D_14,D_15,D_16,D_17,D_18,D_19,D_20,D_21,D_22,D_23,D_24,D_25,D_26,D_27,D_28,D_29,D_30,D_31,D_01,D_02,D_03,D_04,D_05,D_06,D_07,D_08,D_09,D_10,D_11,D_12,D_13,D_14,D_15,D_16,D_17,D_18,D_19,D_20,D_21,D_22,D_23,D_24,D_25,D_26,D_27,D_28,D_29,D_30,D_31,D_01,D_02,D_03,D_04,D_05,D_06,D_07,D_08,D_09,D_10,D_11,D_12,D_13,D_14,D_15,D_16,D_17,D_18,D_19,D_20,D_21,D_22,D_23,D_24,D_25,D_26,D_27,D_28,D_29,D_30,D_31
,1,2,3,4,5,6,7,8,9,10,11,12,13,14,15,16,17,18,19,20,21,22,23,24,25,26,27,28,29,30,31,32,33,34,35,36,37,38,39,40,41,42,43,44,45,46,47,48,49,50,51,52,53,54,55,56,57,58,59,60,61,62,63,64,65,66,67,68,69,70,71,72,73,74,75,76,77,78,79,80,81,82,83,84,85,86,87,88,89,90,91,92,93,94,95,96,97,98,99,100,101,102,103,104,105,106,107,108,109,110,111,112,113,114,115,116,117,118,119,120,121,122,123,124,125,126,127,,,,,,,,,,,,,,,,,,,,,,,,,,,,,,,,,,,,,,,,,,,,,,,,,,,,,,,,,,,,,,
,Satkhira,January,0,0.012,0.012,0.012,0.012,0.012,0.012,0.012,0.012,0.012,0.012,0.012,0.012,0.012,0.012,0.012,0.012,0.012,0.012,0.012,0.012,0.012,0.012,0.012,0.012,0.129,0.012,0.012,0.012,0.012,0.012,0.012,0.012,0.012,0.012,0.012,0.012,0.012,0.012,0.012,0.012,0.012,0.012,0.012,0.012,0.012,0.012,0.012,0.012,0.012,0.012,0.012,0.012,0.012,0.012,0.012,0.012,0.012,0.012,0.012,0.012,0.012,0.012,,,,,,,,,,,,,,,,,,,,,,,,,,,,,,,,0.012,0.012,0.012,0.012,0.012,0.012,0.012,0.012,0.012,0.012,0.012,0.012,0.012,0.012,0.012,0.012,0.012,0.012,0.012,0.012,0.012,0.012,0.012,0.012,0.012,0.012,0.012,0.012,0.012,0.012,0.012,,,,,,,,,,,,,,,,,,,,,,,,,,,,,,,,,,,,,,,,,,,,,,,,,,,,,,,,,,,,,,
,Satkhira,January,1,0.012,0.012,0.012,0.012,0.012,0.012,0.012,0.012,0.012,0.012,0.012,0.012,0.012,0.012,0.012,0.012,0.012,0.012,0.012,0.012,0.012,0.117,0.012,0.012,0.246,0.012,0.012,0.012,0.012,0.012,0.012,0.012,0.012,0.012,0.012,0.023,0.023,0.117,0.012,0.023,0.012,0.012,0.012,0.023,0.023,0.023,0.023,0.012,0.023,0.023,0.035,0.023,0.023,0.023,0.023,0.012,0.023,0.023,0.023,0.012,0.012,0.012,,,,,,,,,,,,,,,,,,,,,,,,,,,,,,,,0.012,0.023,0.023,0.023,0.023,0.023,0.012,0.047,0.012,0.012,0.012,0.012,0.012,0.012,0.012,0.012,0.012,0.012,0.012,0.012,0.012,0.012,0.012,0.012,0.012,0.012,0.012,0.012,0.012,0.012,0.012,,,,,,,,,,,,,,,,,,,,,,,,,,,,,,,,,,,,,,,,,,,,,,,,,,,,,,,,,,,,,,
,Satkhira,January,2,0.152,0.152,0.176,0.117,0.117,0.129,0.129,0.129,0.141,0.141,0.129,0.152,0.141,0.129,0.141,0.152,0.129,0.129,0.199,0.117,0.117,0.269,0.117,0.117,0.386,0.117,0.129,0.117,0.129,0.141,0.152,0.082,0.035,0.012,0.035,0.152,0.152,0.222,0.059,0.082,0.094,0.094,0.117,0.117,0.117,0.105,0.105,0.082,0.129,0.059,0.105,0.105,0.117,0.082,0.105,0.012,0.105,0.831,0.082,0.012,0.082,0.059,,,,,,,,,,,,,,,,,,,,,,,,,,,,,,,,0.128,0.093,0.093,0.105,0.093,0.105,0.012,0.152,0.035,0.012,0.012,0.012,0.012,0.012,0.012,0.012,0.012,0.012,0.012,0.012,0.012,0.012,0.012,0.012,0.012,0.012,0.012,0.012,0.012,0.012,0.012,,,,,,,,,,,,,,,,,,,,,,,,,,,,,,,,,,,,,,,,,,,,,,,,,,,,,,,,,,,,,,
,Satkhira,January,3,0.258,0.293,0.34,0.211,0.269,0.34,0.269,0.258,0.222,0.199,0.246,0.328,0.234,0.293,0.304,0.328,0.258,0.222,0.222,0.199,0.234,0.351,0.269,0.258,0.468,0.258,0.246,0.117,0.152,0.304,0.304,0.304,0.117,0.035,0.047,0.258,0.258,0.386,0.269,0.176,0.222,0.234,0.304,0.269,0.269,0.258,0.269,0.246,0.269,0.269,0.258,0.304,0.304,0.187,0.269,0.082,0.281,0.234,0.187,0.082,0.222,0.199,,,,,,,,,,,,,,,,,,,,,,,,,,,,,,,,0.256,0.198,0.221,0.245,0.21,0.326,0.093,0.233,0.152,0.152,0.093,0.093,0.093,0.012,0.012,0.093,0.093,0.105,0.105,0.105,0.082,0.012,0.117,0.035,0.035,0.035,0.093,0.058,0.093,0.093,0.117,,,,,,,,,,,,,,,,,,,,,,,,,,,,,,,,,,,,,,,,,,,,,,,,,,,,,,,,,,,,,,
,Satkhira,January,4,0.363,0.386,0.375,0.363,0.433,0.457,0.41,0.398,0.375,0.34,0.258,0.445,0.386,0.328,0.386,0.468,0.433,0.363,0.351,0.316,0.351,0.445,0.351,0.375,0.515,0.269,0.375,0.117,0.199,0.375,0.386,0.433,0.117,0.129,0.105,0.176,0.176,0.445,0.433,0.328,0.328,0.375,0.41,0.433,0.41,0.445,0.398,0.386,0.41,0.398,0.258,0.468,0.386,0.187,0.316,0.281,0.398,0.363,0.269,0.035,0.281,0.269,,,,,,,,,,,,N/A,,,,,,,,,,,,,,,,,,,,0.373,0.35,0.385,0.35,0.361,0.431,0.256,0.373,0.28,0.315,0.291,0.105,0.233,0.058,0.047,0.315,0.338,0.315,0.28,0.245,0.186,0.012,0.233,0.105,0.233,0.233,0.233,0.256,0.315,0.326,0.28,,,,,,,,,,,,,,,,,,,,,,,,,,,,,,,,,,,,,,,,,,,,,,,,,,,,,,,,,,,,,,
,Satkhira,January,5,0.457,0.48,0.363,0.41,0.48,0.539,0.515,0.55,0.433,0.433,0.398,0.468,0.457,0.398,0.48,0.562,0.457,0.433,0.386,0.363,0.433,0.492,0.445,0.433,0.539,0.492,0.48,0.117,0.316,0.445,0.468,0.445,0.152,0.105,0.258,0.234,0.234,0.48,0.492,0.351,0.422,0.574,0.515,0.562,0.504,0.48,0.48,0.48,0.468,0.468,0.41,0.527,0.48,0.34,0.433,0.433,0.468,0.48,0.468,0.234,0.468,0.468,,,,,,,,,,,,,,,,,,,,,,,,,,,,,,,,0.478,0.431,0.49,0.49,0.501,0.513,0.396,0.455,0.361,0.396,0.361,0.093,0.455,0.163,0.128,0.361,0.373,0.385,0.361,0.338,0.326,0.035,0.117,0.163,0.361,0.361,0.315,0.35,0.408,0.431,0.385,,,,,,,,,,,,,,,,,,,,,,,,,,,,,,,,,,,,,,,,,,,,,,,,,,,,,,,,,,,,,,
,Satkhira,January,6,0.504,0.504,0.492,0.433,0.527,0.562,0.574,0.574,0.468,0.468,0.492,0.492,0.515,0.363,0.492,0.574,0.492,0.445,0.445,0.468,0.468,0.433,0.492,0.457,0.363,0.504,0.515,0.129,0.515,0.55,0.55,0.539,0.211,0.059,0.176,0.316,0.316,0.457,0.515,0.328,0.422,0.515,0.562,0.574,0.539,0.504,0.515,0.539,0.492,0.492,0.445,0.562,0.515,0.386,0.585,0.48,0.562,0.504,0.457,0.269,0.398,0.527,,,,,,,,,,,,,,,,,,,,,,,,,,,,,,,,0.501,0.455,0.548,0.571,0.466,0.524,0.478,0.49,0.478,0.443,0.396,0.14,0.501,0.21,0.128,0.466,0.478,0.466,0.431,0.431,0.455,0.012,0.035,0.175,0.455,0.455,0.373,0.478,0.501,0.501,0.49,,,,,,,,,,,,,,,,,,,,,,,,,,,,,,,,,,,,,,,,,,,,,,,,,,,,,,,,,,,,,,
,Satkhira,January,7,0.48,0.55,0.515,0.48,0.48,0.504,0.515,0.468,0.386,0.328,0.55,0.41,0.386,0.258,0.457,0.41,0.48,0.48,0.457,0.41,0.433,0.351,0.433,0.48,0.304,0.492,0.258,0.152,0.504,0.48,0.492,0.492,0.445,0.035,0.164,0.433,0.433,0.281,0.468,0.117,0.363,0.457,0.492,0.504,0.515,0.48,0.48,0.492,0.468,0.468,0.433,0.527,0.515,0.316,0.41,0.585,0.48,0.515,0.433,0.246,0.105,0.55,,,,,,,,,,,,,,,,,,,,,,,,,,,,,,,,0.466,0.443,0.49,0.49,0.455,0.455,0.501,0.501,0.513,0.524,0.408,0.128,0.571,0.152,0.455,0.501,0.524,0.49,0.478,0.478,0.501,0.047,0.035,0.14,0.513,0.513,0.42,0.513,0.524,0.524,0.513,,,,,,,,,,,,,,,,,,,,,,,,,,,,,,,,,,,,,,,,,,,,,,,,,,,,,,,,,,,,,,
,Satkhira,January,8,0.34,0.422,0.375,0.41,0.386,0.433,0.445,0.41,0.351,0.258,0.48,0.363,0.457,0.199,0.363,0.41,0.386,0.363,0.304,0.328,0.433,0.152,0.351,0.34,0.152,0.41,0.164,0.176,0.41,0.492,0.504,0.41,0.398,0.035,0.152,0.269,0.269,0.304,0.386,0.152,0.328,0.375,0.41,0.457,0.386,0.41,0.457,0.433,0.398,0.398,0.375,0.375,0.422,0.281,0.293,0.562,0.351,0.386,0.246,0.211,0.059,0.433,,,,,,,,,,,,,,,,,,,,,,,,,,,,,,,,0.431,0.408,0.431,0.385,0.42,0.396,0.478,0.431,0.478,0.559,0.396,0.105,0.408,0.128,0.326,0.49,0.501,0.396,0.466,0.455,0.524,0.058,0.035,0.21,0.49,0.49,0.373,0.478,0.478,0.513,0.501,,,,,,,,,,,,,,,,,,,,,,,,,,,,,,,,,,,,,,,,,,,,,,,,,,,,,,,,,,,,,,
,Satkhira,January,9,0.141,0.258,0.246,0.258,0.304,0.281,0.316,0.269,0.222,0.164,0.375,0.34,0.293,0.129,0.293,0.316,0.234,0.211,0.269,0.234,0.152,0.07,0.152,0.293,0.304,0.316,0.129,0.211,0.269,0.258,0.281,0.281,0.246,0.082,0.129,0.234,0.234,0.164,0.293,0.152,0.234,0.281,0.316,0.351,0.281,0.281,0.293,0.304,0.281,0.281,0.246,0.34,0.304,0.258,0.351,0.363,0.304,0.246,0.222,0.082,0.047,0.351,,,,,,,,,,,,,,,,,,,,,,,,,,,,,,,,0.245,0.291,0.28,0.291,0.303,0.28,0.431,0.245,0.408,0.431,0.385,0.082,0.466,0.14,0.291,0.396,0.373,0.408,0.478,0.338,0.268,0.221,0.012,0.14,0.478,0.478,0.315,0.408,0.431,0.42,0.455,,,,,,,,,,,,,,,,,,,,,,,,,,,,,,,,,,,,,,,,,,,,,,,,,,,,,,,,,,,,,,
,Satkhira,January,10,0.035,0.152,0.129,0.152,0.187,0.199,0.211,0.117,0.082,0.129,0.293,0.152,0.152,0.035,0.129,0.141,0.152,0.117,0.141,0.129,0.082,0.023,0.07,0.105,0.152,0.129,0.129,0.117,0.141,0.129,0.152,0.129,0.082,0.023,0.082,0.129,0.129,0.023,0.176,0.035,0.117,0.152,0.152,0.164,0.152,0.141,0.152,0.164,0.152,0.152,0.141,0.164,0.176,0.152,0.246,0.363,0.176,0.152,0.129,0.07,0.047,0.187,,,,,,,,,,,,,,,,,,,,,,,,,,,,,,,,0.128,0.14,0.152,0.14,0.163,0.14,0.245,0.128,0.256,0.303,0.245,0.07,0.186,0.058,0.256,0.268,0.245,0.268,0.245,0.268,0.198,0.245,0.093,0.082,0.233,0.233,0.245,0.326,0.315,0.338,0.373,,,,,,,,,,,,,,,,,,,,,,,,,,,,,,,,,,,,,,,,,,,,,,,,,,,,,,,,,,,,,,
,Satkhira,January,11,0.012,0.012,0.012,0.012,0.012,0.035,0.035,0.035,0.012,0.012,0.152,0.012,0.012,0.012,0.035,0.035,0.023,0.035,0.047,0.035,0.035,0.012,0.023,0.023,0.035,0.023,0.012,0.012,0.012,0.012,0.047,0.012,0.012,0.012,0.012,0.035,0.035,0.012,0.023,0.012,0.023,0.035,0.035,0.035,0.035,0.035,0.035,0.035,0.012,0.023,0.023,0.047,0.035,0.035,0.047,0.234,0.035,0.035,0.035,0.035,0.023,0.117,,,,,,,,,,,,,,,,,,,,,,,,,,,,,,,,0.012,0.012,0.012,0.012,0.023,0.012,0.152,0.035,0.152,0.128,0.117,0.047,0.058,0.035,0.152,0.14,0.14,0.128,0.128,0.14,0.117,0.082,0.058,0.047,0.117,0.117,0.117,0.175,0.152,0.198,0.128,,,,,,,,,,,,,,,,,,,,,,,,,,,,,,,,,,,,,,,,,,,,,,,,,,,,,,,,,,,,,,
,Satkhira,January,12,0.012,0.012,0.012,0.012,0.012,0.012,0.012,0.012,0.012,0.012,0.012,0.012,0.012,0.012,0.012,0.012,0.012,0.012,0.012,0.012,0.012,0.012,0.012,0.012,0.012,0.012,0.012,0.012,0.012,0.012,0.012,0.012,0.012,0.012,0.012,0.012,0.012,0.012,0.012,0.012,0.012,0.012,0.012,0.012,0.012,0.012,0.012,0.012,0.012,0.012,0.012,0.012,0.012,0.012,0.012,0.047,0.012,0.012,0.012,0.012,0.012,0.012,,,,,,,,,,,,,,,,,,,,,,,,,,,,,,,,0.012,0.012,0.012,0.012,0.012,0.012,0.012,0.012,0.035,0.012,0.012,0.012,0.012,0.012,0.035,0.023,0.047,0.035,0.012,0.035,0.035,0.012,0.012,0.012,0.012,0.012,0.023,0.058,0.058,0.058,0.07,,,,,,,,,,,,,,,,,,,,,,,,,,,,,,,,,,,,,,,,,,,,,,,,,,,,,,,,,,,,,,
,Satkhira,January,13,0.012,0.012,0.012,0.012,0.012,0.012,0.012,0.012,0.012,0.012,0.012,0.012,0.012,0.012,0.012,0.012,0.012,0.012,0.012,0.012,0.012,0.012,0.012,0.012,0.012,0.012,0.012,0.012,0.012,0.012,0.012,0.012,0.012,0.012,0.012,0.012,0.012,0.012,0.012,0.012,0.012,0.012,0.012,0.012,0.012,0.012,0.012,0.012,0.012,0.012,0.012,0.012,0.012,0.012,0.012,0.012,0.012,0.012,0.012,0.012,0.012,0.012,,,,,,,,,,,,,,,,,,,,,,,,,,,,,,,,0.012,0.012,0.012,0.012,0.012,0.012,0.012,0.012,0.012,0.012,0.012,0.012,0.012,0.012,0.012,0.012,0.012,0.012,0.012,0.012,0.012,0.012,0.012,0.012,0.012,0.012,0.012,0.012,0.012,0.012,0.012,,,,,,,,,,,,,,,,,,,,,,,,,,,,,,,,,,,,,,,,,,,,,,,,,,,,,,,,,,,,,,
,,,Total,2.787,3.255,3.068,2.892,3.244,3.525,3.466,3.255,2.74,2.518,3.419,3.208,3.08,2.19,3.126,3.443,3.091,2.845,2.869,2.646,2.787,2.752,2.752,2.927,3.618,3.056,2.482,1.311,2.693,3.232,3.384,3.173,1.862,0.574,1.206,2.295,2.295,2.927,3.162,1.792,2.6,3.138,3.361,3.525,3.267,3.197,3.244,3.208,3.138,3.068,2.763,3.478,3.314,2.283,3.115,3.478,3.22,3.806,2.588,1.323,1.78,3.208,0,0,0,0,0,0,0,0,0,0,0,0,0,0,0,0,0,0,0,0,0,0,0,0,0,0,0,0,0,0,0,3.065,2.879,3.159,3.135,3.054,3.24,3.089,3.124,3.182,3.31,2.751,0.921,3.03,1.014,1.876,3.1,3.159,3.042,3.03,2.879,2.739,0.781,0.793,1.154,2.972,2.972,2.552,3.147,3.322,3.45,3.357,,,,,,,,,,,,,,,,,,,,,,,,,,,,,,,,,,,,,,,,,,,,,,,,,,,,,,,,,,,,,,
,Satkhira,February,0,0.012,0.012,0.012,0.012,0.012,0.012,0.012,0.012,0.012,0.012,0.012,0.012,0.012,0.012,0.012,0.012,0.012,0.012,0.012,0.023,0.012,0.012,0.012,0.012,0.012,0.012,0.012,0.035,0.012,**,**,0.012,0.023,0.023,0.023,0.012,0.012,0.012,0.012,0.012,0.012,0.012,0.012,0.012,0.012,0.012,0.012,0.012,0.012,0.012,0.012,0.012,0.012,0.012,0.012,0.012,0.012,0.012,0.012,0.012,,,0.012,0.012,0.012,0.012,0.012,0.012,0.012,0.012,0.012,0.012,0.012,0.012,0.012,0.012,0.012,0.012,0.012,0.012,0.012,0.012,0.012,0.012,0.012,0.012,0.012,0.012,0.012,0.012,,,,0.012,0.012,0.012,0.012,0.012,0.012,0.012,0.012,0.012,0.012,0.012,0.012,0.012,0.012,0.012,0.012,0.012,0.012,0.012,0.012,0.012,0.012,0.012,0.012,0.012,0.012,0.012,0.012,,,,,,,,,,,,,,,,,,,,,,,,,,,,,,,,,,,,,,,,,,,,,,,,,,,,,,,,,,,,,,,,,
,Satkhira,February,1,0.012,0.012,0.012,0.012,0.023,0.035,0.023,0.023,0.094,0.012,0.152,0.023,0.023,0.023,0.023,0.012,0.023,0.023,0.012,0.105,0.012,0.059,0.035,0.035,0.012,0.012,0.035,0.082,0.012,**,**,0.094,0.117,0.117,0.152,0.012,0.012,0.023,0.012,0.012,0.012,0.012,0.012,0.012,0.105,0.012,0.023,0.023,0.023,0.023,0.023,0.012,0.023,0.023,0.023,0.023,0.023,0.023,0.023,0.023,,,0.012,0.012,0.012,0.012,0.012,0.012,0.012,0.012,0.012,0.012,0.012,0.012,0.012,0.012,0.012,0.012,0.012,0.012,0.012,0.012,0.012,0.012,0.012,0.012,0.012,0.012,0.012,0.012,,,,0.012,0.012,0.012,0.012,0.012,0.023,0.035,0.047,0.012,0.012,0.012,0.023,0.023,0.082,0.058,0.047,0.023,0.023,0.035,0.035,0.012,0.023,0.023,0.023,0.012,0.035,0.023,0.023,,,,,,,,,,,,,,,,,,,,,,,,,,,,,,,,,,,,,,,,,,,,,,,,,,,,,,,,,,,,,,,,,
,Satkhira,February,2,0.105,0.105,0.117,0.117,0.164,0.164,0.152,0.117,0.269,0.094,0.363,0.176,0.152,0.187,0.199,0.094,0.117,0.117,0.023,0.117,0.105,0.141,0.129,0.152,0.012,0.035,0.082,0.269,0.152,**,**,0.281,0.269,0.293,0.328,0.105,0.117,0.129,0.129,0.105,0.082,0.152,0.129,0.152,0.164,0.105,0.117,0.117,0.105,0.105,0.105,0.082,0.105,0.105,0.105,0.094,0.105,0.105,0.105,0.105,,,0.012,0.012,0.012,0.012,0.012,0.023,0.012,0.047,0.012,0.012,0.012,0.023,0.082,0.058,0.023,0.047,0.023,0.023,0.035,0.035,0.012,0.023,0.023,0.023,0.012,0.035,0.023,0.023,,,,0.105,0.105,0.105,0.128,0.105,0.128,0.128,0.152,0.128,0.023,0.07,0.128,0.128,0.198,0.186,0.128,0.175,0.128,0.198,0.163,0.058,0.14,0.082,0.082,0.058,0.152,0.128,0.198,,,,,,,,,,,,,,,,,,,,,,,,,,,,,,,,,,,,,,,,,,,,,,,,,,,,,,,,,,,,,,,,,
,Satkhira,February,3,0.176,0.293,0.293,0.293,0.269,0.316,0.328,0.222,0.363,0.34,0.504,0.363,0.363,0.375,0.281,0.141,0.304,0.293,0.117,0.234,0.117,0.222,0.211,0.281,0.012,0.082,0.269,0.515,0.445,**,**,0.422,0.433,0.445,0.468,0.152,0.164,0.211,0.035,0.269,0.293,0.304,0.304,0.34,0.386,0.211,0.304,0.539,0.258,0.258,0.258,0.222,0.258,0.269,0.258,0.258,0.269,0.258,0.258,0.258,,,0.105,0.105,0.105,0.128,0.105,0.128,0.128,0.152,0.128,0.023,0.07,0.128,0.198,0.186,0.152,0.128,0.175,0.128,0.198,0.163,0.058,0.14,0.082,0.082,0.058,0.152,0.128,0.198,,,,0.338,0.105,0.21,0.221,0.245,0.221,0.245,0.291,0.326,0.082,0.128,0.303,0.303,0.361,0.373,0.361,0.28,0.303,0.361,0.338,0.152,0.186,0.128,0.361,0.221,0.338,0.28,0.361,,,,,,,,,,,,,,,,,,,,,,,,,,,,,,,,,,,,,,,,,,,,,,,,,,,,,,,,,,,,,,,,,
,Satkhira,February,4,0.363,0.41,0.445,0.445,0.386,0.41,0.375,0.304,0.34,0.422,0.585,0.492,0.433,0.445,0.422,0.129,0.433,0.422,0.258,0.351,0.152,0.363,0.386,0.445,0.059,0.035,0.519,0.621,0.504,**,**,0.562,0.504,0.492,0.585,0.34,0.258,0.363,0.012,0.351,0.433,0.48,0.585,0.445,0.504,0.433,0.386,0.269,0.445,0.445,0.445,0.281,0.445,0.316,0.445,0.281,0.316,0.445,0.445,0.445,,,0.338,0.105,0.21,0.221,0.245,0.221,0.245,0.291,0.326,0.082,0.128,0.303,0.361,0.373,0.361,0.361,0.28,0.303,0.361,0.338,0.152,0.186,0.128,0.361,0.221,0.338,0.28,0.361,,,,0.385,0.408,0.268,0.256,0.361,0.361,0.408,0.42,0.431,0.117,0.303,0.443,0.443,0.466,0.513,0.455,0.408,0.385,0.443,0.42,0.524,0.466,0.385,0.431,0.245,0.455,0.42,0.431,,,,,,,,,,,,,,,,,,,,,,,,,,,,,,,,,,,,,,,,,,,,,,,,,,,,,,,,,,,,,,,,,
,Satkhira,February,5,0.457,0.468,0.527,0.527,0.562,0.831,0.48,0.41,0.492,0.585,0.597,0.55,0.504,0.48,0.48,0.059,0.504,0.539,0.375,0.492,0.433,0.492,0.445,0.48,0.152,0.117,0.621,0.703,0.445,**,**,0.597,0.55,0.597,0.621,0.351,0.386,0.492,0.094,0.504,0.48,0.562,0.527,0.515,0.527,0.527,0.48,0.48,0.48,0.48,0.48,0.468,0.48,0.433,0.48,0.539,0.433,0.363,0.48,0.48,,,0.385,0.408,0.268,0.256,0.361,0.361,0.408,0.42,0.431,0.117,0.303,0.443,0.466,0.513,0.478,0.455,0.408,0.385,0.443,0.42,0.524,0.466,0.385,0.431,0.245,0.455,0.42,0.431,,,,0.501,0.478,0.256,0.082,0.478,0.513,0.524,0.478,0.478,0.128,0.338,0.548,0.548,0.559,0.571,0.536,0.524,0.501,0.513,0.128,0.559,0.501,0.536,0.513,0.233,0.513,0.466,0.478,,,,,,,,,,,,,,,,,,,,,,,,,,,,,,,,,,,,,,,,,,,,,,,,,,,,,,,,,,,,,,,,,
,Satkhira,February,6,0.504,0.539,0.539,0.539,0.574,0.527,0.504,0.48,0.468,0.574,0.562,0.234,0.597,0.609,0.574,0.234,0.574,0.55,0.504,0.422,0.515,0.585,0.504,0.515,0.082,0.269,0.703,0.363,0.234,**,**,0.562,0.539,0.527,0.422,0.433,0.41,0.234,0.035,0.527,0.585,0.585,0.562,0.515,0.48,0.539,0.515,0.199,0.504,0.504,0.504,0.398,0.504,0.585,0.504,0.504,0.597,0.504,0.504,0.504,,,0.501,0.478,0.256,0.082,0.478,0.513,0.524,0.478,0.478,0.128,0.338,0.548,0.559,0.571,0.559,0.536,0.524,0.501,0.513,0.128,0.559,0.501,0.536,0.513,0.233,0.513,0.466,0.478,,,,0.524,0.501,0.221,0.012,0.594,0.594,0.571,0.501,0.548,0.152,0.42,0.618,0.618,0.606,0.606,0.571,0.548,0.536,0.571,0.117,0.618,0.478,0.513,0.583,0.559,0.221,0.548,0.536,,,,,,,,,,,,,,,,,,,,,,,,,,,,,,,,,,,,,,,,,,,,,,,,,,,,,,,,,,,,,,,,,
,Satkhira,February,7,0.527,0.55,0.504,0.504,0.55,0.48,0.492,0.515,0.293,0.515,0.48,0.574,0.585,1.159,0.539,0.187,0.515,0.492,0.55,0.351,0.433,0.48,0.527,0.527,0.047,0.445,0.363,0.609,0.398,**,**,0.527,0.457,0.468,0.468,0.386,0.41,0.152,0.012,0.504,0.48,0.55,0.597,0.504,0.398,0.504,0.515,0.515,0.48,0.48,0.48,0.105,0.48,0.41,0.48,0.48,0.41,0.48,0.48,0.48,,,0.524,0.501,0.221,0.012,0.594,0.594,0.571,0.501,0.548,0.152,0.42,0.618,0.606,0.606,0.594,0.571,0.548,0.536,0.571,0.117,0.618,0.478,0.513,0.583,0.559,0.221,0.548,0.536,,,,0.478,0.501,0.338,0.012,0.536,0.536,0.548,0.478,0.536,0.14,0.443,0.594,0.594,0.583,0.571,0.536,0.513,0.49,0.536,0.07,0.548,0.478,0.49,0.548,0.245,0.583,0.501,0.664,,,,,,,,,,,,,,,,,,,,,,,,,,,,,,,,,,,,,,,,,,,,,,,,,,,,,,,,,,,,,,,,,
,Satkhira,February,8,0.48,0.527,0.433,0.433,0.48,0.351,0.269,0.246,0.281,0.527,0.34,0.457,0.504,0.492,0.445,0.152,0.48,0.457,0.539,0.281,0.363,0.433,0.527,0.48,0.059,0.012,0.609,0.281,0.621,**,**,0.363,0.351,0.351,0.328,0.304,0.363,0.105,0.012,0.34,0.422,0.422,0.433,0.422,0.293,0.433,0.422,1.768,0.41,0.41,0.41,0.059,0.41,0.293,0.41,0.41,0.293,0.597,0.41,0.41,,,0.478,0.501,0.338,0.012,0.536,0.536,0.548,0.478,0.536,0.14,0.443,0.594,0.583,0.571,0.559,0.536,0.513,0.49,0.536,0.07,0.548,0.478,0.49,0.548,0.245,0.583,0.501,0.664,,,,0.455,0.431,0.361,0.058,0.455,0.478,0.466,0.42,0.455,0.105,0.338,0.466,0.466,0.478,0.536,0.431,0.408,0.385,0.478,0.035,0.396,0.221,0.361,0.49,0.21,0.559,0.455,0.513,,,,,,,,,,,,,,,,,,,,,,,,,,,,,,,,,,,,,,,,,,,,,,,,,,,,,,,,,,,,,,,,,
,Satkhira,February,9,0.351,0.293,0.293,0.293,0.386,0.363,0.199,0.152,0.199,0.328,0.129,0.375,0.375,0.293,0.281,0.105,0.386,0.363,0.445,0.187,0.293,0.363,0.492,0.433,0.187,0.012,0.281,0.082,0.691,**,**,0.246,0.222,0.211,0.199,0.269,0.281,0.082,0.012,0.316,0.34,0.34,0.328,0.328,0.152,0.304,0.304,0.304,0.281,0.281,0.281,0.047,0.281,0.351,0.281,0.199,0.351,0.281,0.281,0.281,,,0.455,0.431,0.361,0.058,0.455,0.478,0.466,0.42,0.455,0.105,0.338,0.466,0.478,0.536,0.513,0.431,0.408,0.385,0.478,0.035,0.396,0.221,0.361,0.49,0.21,0.559,0.455,0.513,,,,0.35,0.361,0.361,0.047,0.35,0.338,0.338,0.21,0.315,0.082,0.291,0.385,0.385,0.42,0.396,0.361,0.35,0.361,0.385,0.058,0.361,0.373,0.315,0.338,0.256,0.361,0.326,0.385,,,,,,,,,,,,,,,,,,,,,,,,,,,,,,,,,,,,,,,,,,,,,,,,,,,,,,,,,,,,,,,,,
,Satkhira,February,10,0.199,0.176,0.164,0.164,0.211,0.176,0.152,0.117,0.035,0.129,0.059,0.199,0.211,0.211,0.211,0.211,0.234,0.187,0.363,0.059,0.199,0.176,0.445,0.222,0.304,0.012,0.082,0.012,0.035,**,**,0.082,0.07,0.07,0.047,0.152,0.129,0.023,0.012,0.152,0.187,0.164,0.141,0.152,0.035,0.164,0.176,0.176,0.141,0.141,0.141,0.047,0.141,0.246,0.141,0.152,0.246,0.141,0.141,0.141,,,0.35,0.361,0.361,0.047,0.35,0.338,0.338,0.21,0.315,0.082,0.291,0.385,4.091,0.396,0.385,0.361,0.35,0.361,0.385,0.058,0.361,0.373,0.315,0.338,0.256,0.361,0.326,0.385,,,,0.117,0.105,0.047,0.023,0.233,0.245,0.21,0.175,0.233,0.023,0.163,0.233,0.233,0.268,0.245,0.233,0.198,0.198,0.245,0.082,0.233,0.233,0.21,0.21,0.163,0.175,0.163,0.198,,,,,,,,,,,,,,,,,,,,,,,,,,,,,,,,,,,,,,,,,,,,,,,,,,,,,,,,,,,,,,,,,
,Satkhira,February,11,0.023,0.023,0.035,0.035,0.035,0.035,0.035,0.094,0.012,0.047,0.012,0.082,0.082,0.082,0.07,0.07,0.059,0.047,0.199,0.012,0.059,0.059,0.129,0.059,0.176,0.012,0.012,0.012,0.012,**,**,0.012,0.012,0.012,0.012,0.035,0.012,0.012,0.012,0.012,0.059,0.047,0.047,0.035,0.012,0.047,0.035,0.035,0.035,0.035,0.035,0.023,0.035,0.047,0.035,0.035,0.047,0.035,0.035,0.035,,,0.117,0.105,0.047,0.023,0.233,0.21,0.21,0.175,0.233,0.023,0.163,0.233,0.268,0.245,0.245,0.233,0.198,0.198,0.245,0.082,0.233,0.233,0.21,0.21,0.163,0.175,0.163,0.198,,,,0.07,0.047,0.023,0.012,0.082,0.105,0.07,0.082,0.058,0.012,0.058,0.093,0.093,0.082,0.07,0.082,0.07,0.082,0.093,0.082,0.082,0.07,0.093,0.082,0.023,0.082,0.093,0.082,,,,,,,,,,,,,,,,,,,,,,,,,,,,,,,,,,,,,,,,,,,,,,,,,,,,,,,,,,,,,,,,,
,Satkhira,February,12,0.023,0.012,0.012,0.012,0.012,0.012,0.012,0.012,0.012,0.012,0.012,0.012,0.012,0.012,0.012,0.012,0.012,0.012,0.07,0.012,0.012,0.012,0.047,0.012,0.047,0.023,0.012,0.012,0.012,**,**,0.012,0.012,0.012,0.012,0.012,0.012,0.012,0.012,0.012,0.012,0.012,0.012,0.012,0.012,0.012,0.012,0.012,0.012,0.012,0.012,0.012,0.012,0.012,0.012,0.012,0.012,0.012,0.012,0.012,,,0.07,0.047,0.023,0.012,0.082,0.07,0.07,0.082,0.058,0.012,0.058,0.093,0.082,0.07,0.105,0.082,0.07,0.082,0.093,0.082,0.082,0.07,0.093,0.082,0.023,0.082,0.093,0.082,,,,0.012,0.012,0.012,0.012,0.012,0.012,0.012,0.012,0.012,0.012,0.012,0.012,0.012,0.012,0.012,0.012,0.012,0.012,0.012,0.012,0.012,0.012,0.012,0.012,0.012,0.012,0.012,0.012,,,,,,,,,,,,,,,,,,,,,,,,,,,,,,,,,,,,,,,,,,,,,,,,,,,,,,,,,,,,,,,,,
,Satkhira,February,13,0.012,0.012,0.012,0.012,0.012,0.012,0.012,0.012,0.012,0.012,0.012,0.012,0.012,0.012,0.012,0.012,0.012,0.012,0.012,0.012,0.012,0.012,0.012,0.012,0.012,0.012,0.012,0.012,0.012,**,**,0.012,0.012,0.012,0.012,0.012,0.012,0.012,0.012,0.012,0.012,0.012,0.012,0.012,0.012,0.012,0.012,0.012,0.012,0.012,0.012,0.012,0.012,0.012,0.012,0.012,0.012,0.012,0.012,0.012,,,0.012,0.012,0.012,0.012,0.012,0.012,0.012,0.012,0.012,0.012,0.012,0.012,0.012,0.012,0.012,0.012,0.012,0.012,0.012,0.012,0.012,0.012,0.012,0.012,0.012,0.012,0.012,0.012,,,,0.012,0.012,0.012,0.012,0.012,0.012,0.012,0.012,0.012,0.012,0.012,0.012,0.012,0.012,0.012,0.012,0.012,0.012,0.012,0.012,0.012,0.012,0.012,0.012,0.012,0.012,0.012,0.012,,,,,,,,,,,,,,,,,,,,,,,,,,,,,,,,,,,,,,,,,,,,,,,,,,,,,,,,,,,,,,,,,
,,,Total,3.244,3.431,3.396,3.396,3.677,3.724,3.044,2.717,2.881,3.607,3.817,3.56,3.864,4.391,3.56,1.429,3.665,3.525,3.478,2.658,2.717,3.407,3.899,3.665,1.171,1.089,3.61,3.607,3.583,**,**,3.782,3.571,3.63,3.677,2.576,2.576,1.862,0.41,3.126,3.407,3.653,3.7,3.454,3.091,3.314,3.314,4.461,3.197,3.197,3.197,1.78,3.197,3.115,3.197,3.009,3.126,3.267,3.197,3.197,,,3.368,3.089,2.238,0.897,3.485,3.508,3.555,3.287,3.555,0.909,2.599,3.869,7.809,4.161,4.009,3.776,3.531,3.427,3.893,1.562,3.578,3.205,3.17,3.695,2.261,3.508,3.438,3.904,0,0,0,3.368,3.089,2.238,0.897,3.485,3.578,3.578,3.287,3.555,0.909,2.599,3.869,3.869,4.138,4.161,3.776,3.531,3.427,3.893,1.562,3.578,3.205,3.17,3.695,2.261,3.508,3.438,3.904,0,0,0,,,,,,,,,,,,,,,,,,,,,,,,,,,,,,,,,,,,,,,,,,,,,,,,,,,,,,,,,,,,,,
,Satkhira,March,0,0.012,0.012,0.012,0.012,0.012,0.012,0.012,0.012,0.012,0.012,0.012,0.012,0.012,0.012,0.012,0.012,0.012,0.012,0.012,0.012,0.012,0.012,0.012,0.012,0.012,0.012,0.012,0.012,0.012,0.012,0.012,0.082,0.023,0.012,0.012,0.012,0.012,0.012,0.012,0.012,0.012,0.012,0.012,0.012,0.012,0.012,0.012,0.012,0.012,0.012,0.012,0.012,0.012,0.012,0.07,0.012,0.105,0.012,0.012,0.129,0.012,0.012,0.012,0.012,0.012,0.012,0.012,0.012,0.012,0.012,0.012,0.012,0.012,0.012,0.012,0.012,0.012,0.012,0.012,0.012,0.012,0.012,0.012,0.012,0.012,0.012,0.012,0.012,0.012,0.012,0.012,0.012,0.012,0.012,0.012,0.012,0.012,0.012,0.012,0.012,0.012,0.012,0.012,0.012,0.012,0.012,0.012,0.012,0.012,0.012,0.012,0.012,0.012,0.012,0.012,0.012,0.012,0.012,0.012,0.012,0.012,0.012,0.012,0.012,,,,,,,,,,,,,,,,,,,,,,,,,,,,,,,,,,,,,,,,,,,,,,,,,,,,,,,,,,,,,,
,Satkhira,March,1,0.023,0.035,0.035,0.023,0.012,0.023,0.023,0.047,0.047,0.035,0.059,0.035,0.047,0.035,0.047,0.035,0.059,0.023,0.07,0.023,0.105,0.035,0.059,0.035,0.059,0.07,0.047,0.047,0.082,0.082,0.059,2.6,3.3,4.5,0.012,0.012,0.012,0.012,0.012,0.012,0.012,0.047,0.012,0.035,0.059,0.059,0.07,0.047,0.082,0.082,0.07,0.07,0.012,0.023,0.176,0.023,0.246,0.082,0.105,0.316,0.129,0.141,0.035,0.035,0.035,0.035,0.023,0.023,0.047,0.023,0.035,0.012,0.012,0.035,0.035,0.058,0.058,0.047,0.058,0.058,0.035,0.047,0.047,0.047,0.035,0.047,0.047,0.035,0.047,0.047,0.047,0.047,0.058,0.035,0.047,0.07,0.023,0.047,0.07,0.058,0.047,0.047,0.058,0.058,0.058,0.058,0.058,0.058,0.058,0.07,0.082,0.082,0.07,0.07,0.058,0.058,0.105,0.035,0.023,0.023,0.058,0.035,0.035,0.082,,,,,,,,,,,,,,,,,,,,,,,,,,,,,,,,,,,,,,,,,,,,,,,,,,,,,,,,,,,,,,
,Satkhira,March,2,0.141,0.176,0.211,0.176,0.105,0.105,0.152,0.187,0.199,0.129,0.129,0.176,0.164,0.176,0.199,0.094,0.176,0.082,0.152,0.129,0.176,0.152,0.176,0.234,0.234,0.222,0.234,0.234,0.234,0.199,0.234,0.363,0.234,0.023,0.105,0.117,0.035,0.012,0.012,0.117,0.07,0.141,0.117,0.117,0.152,0.152,0.176,0.152,0.152,0.164,0.199,0.129,0.129,0.129,0.258,0.094,0.398,0.234,0.246,0.468,0.293,0.293,0.21,0.175,0.21,0.198,0.152,0.117,0.152,0.152,0.128,0.093,0.082,0.047,0.128,0.198,0.221,0.198,0.221,0.221,0.163,0.128,0.152,0.163,0.152,0.128,0.152,0.175,0.175,0.152,0.152,0.152,0.163,0.198,0.186,0.175,0.163,0.128,0.152,0.163,0.186,0.198,0.21,0.21,0.21,0.198,0.245,0.256,0.245,0.245,0.256,0.245,0.21,0.152,0.221,0.175,0.233,0.163,0.128,0.128,0.233,0.233,0.245,0.256,,,,,,,,,,,,,,,,,,,,,,,,,,,,,,,,,,,,,,,,,,,,,,,,,,,,,,,,,,,,,,
,Satkhira,March,3,0.386,0.398,0.398,0.117,0.152,0.152,0.304,0.351,0.386,0.222,0.082,0.328,0.269,0.304,0.351,0.398,0.457,0.117,0.304,0.246,0.457,0.386,0.398,0.363,0.457,0.41,0.41,0.433,0.422,0.375,0.422,0.398,0.422,0.129,0.234,0.234,0.105,0.047,0.047,0.445,0.129,0.375,0.304,0.281,0.34,0.468,0.258,0.328,0.363,0.457,0.328,0.258,0.433,0.457,0.34,0.398,0.539,0.41,0.457,0.644,0.504,0.55,0.245,0.361,0.326,0.326,0.268,0.28,0.233,0.315,0.291,0.245,0.338,0.117,0.233,0.373,0.35,0.361,0.361,0.361,0.35,0.28,0.315,0.256,0.256,0.291,0.338,0.198,0.291,0.268,0.245,0.291,0.35,0.245,0.291,0.303,0.361,0.338,0.361,0.396,0.396,0.35,0.361,0.303,0.256,0.233,0.455,0.361,0.408,0.431,0.443,0.431,0.385,0.315,0.361,0.361,0.396,0.256,0.128,0.315,0.315,0.245,0.35,0.455,,,,,,,,,,,,,,,,,,,,,,,,,,,,,,,,,,,,,,,,,,,,,,,,,,,,,,,,,,,,,,
,Satkhira,March,4,0.492,0.504,0.527,0.035,0.222,0.187,0.55,0.492,0.597,0.574,0.199,0.457,0.386,0.468,0.527,0.585,0.574,0.082,0.433,0.539,0.527,0.48,0.562,0.562,0.574,0.55,0.667,0.457,0.293,0.293,0.55,0.468,0.492,0.234,0.246,0.187,0.141,0.117,0.117,0.55,0.433,0.433,0.422,0.422,0.574,0.539,0.492,0.457,0.515,0.515,0.621,0.539,0.667,0.738,0.422,0.574,0.632,0.527,0.574,0.667,0.597,0.621,0.35,0.431,0.443,0.443,0.408,0.42,0.466,0.35,0.35,0.186,0.233,0.268,0.291,0.548,0.536,0.524,0.501,0.466,0.455,0.338,0.35,0.385,0.396,0.373,0.466,0.385,0.408,0.385,0.361,0.431,0.466,0.443,0.42,0.455,0.501,0.42,0.455,0.443,0.443,0.478,0.478,0.501,0.478,0.478,0.478,0.548,0.548,0.536,0.559,0.513,0.478,0.455,0.455,0.455,0.478,0.443,0.175,0.35,0.361,0.385,0.49,0.431,,,,,,,,,,,,,,,,,,,,,,,,,,,,,,,,,,,,,,,,,,,,,,,,,,,,,,,,,,,,,,
,Satkhira,March,5,0.597,0.585,0.621,0.152,0.621,0.269,0.597,0.621,0.644,0.55,0.258,0.48,0.457,0.539,0.597,0.644,0.621,0.234,0.574,0.585,0.562,0.527,0.667,0.644,0.644,0.644,0.656,0.574,0.632,0.574,0.667,0.539,0.498,0.433,0.293,0.07,0.222,0.211,0.48,0.632,0.539,0.539,0.527,0.539,0.621,0.703,0.433,0.574,0.597,0.597,0.621,0.574,0.703,0.703,0.222,0.609,0.691,0.644,0.667,0.703,0.691,0.656,0.431,0.548,0.536,0.548,0.548,0.513,0.501,0.443,0.361,0.256,0.385,0.338,0.35,0.594,0.594,0.583,0.548,0.513,0.501,0.42,0.396,0.478,0.455,0.396,0.536,0.385,0.49,0.221,0.455,0.501,0.513,0.42,0.513,0.524,0.548,0.501,0.524,0.501,0.559,0.536,0.559,0.536,0.571,0.594,0.594,0.583,0.583,0.594,0.594,0.583,0.571,0.478,0.49,0.478,0.571,0.513,0.268,0.513,0.501,0.548,0.571,0.42,,,,,,,,,,,,,,,,,,,,,,,,,,,,,,,,,,,,,,,,,,,,,,,,,,,,,,,,,,,,,,
,Satkhira,March,6,0.703,0.691,0.621,0.176,0.433,0.644,0.621,0.667,0.703,0.515,0.234,0.656,0.585,0.597,0.398,0.679,0.609,0.304,0.632,0.703,0.679,0.644,0.726,0.667,0.691,0.667,0.667,0.644,0.714,0.644,0.703,0.562,0.445,0.492,0.304,0.539,0.269,0.445,0.304,0.667,0.609,0.621,0.609,0.047,0.714,0.621,0.609,0.609,0.609,0.621,0.597,0.656,0.703,0.691,0.246,0.679,0.667,0.691,0.691,0.679,0.714,0.703,0.524,0.571,0.606,0.559,0.548,0.571,0.559,0.524,0.373,0.408,0.524,0.49,0.291,0.641,0.583,0.583,0.571,0.559,0.548,0.455,0.373,0.536,0.466,0.478,0.594,0.559,0.501,0.35,0.373,0.536,0.536,0.536,0.583,0.559,0.583,0.548,0.571,0.571,0.594,0.583,0.583,0.618,0.618,0.594,0.618,0.618,0.618,0.606,0.618,0.594,0.594,0.524,0.548,0.524,0.583,0.524,0.291,0.559,0.583,0.583,0.594,0.618,,,,,,,,,,,,,,,,,,,,,,,,,,,,,,,,,,,,,,,,,,,,,,,,,,,,,,,,,,,,,,
,Satkhira,March,7,0.644,0.644,0.597,0.293,0.422,0.632,0.597,0.621,0.656,0.585,0.316,0.621,0.363,0.621,0.445,0.351,0.48,0.304,0.644,0.621,0.761,0.726,0.785,0.679,0.656,0.621,0.621,0.632,0.679,0.48,0.644,0.457,0.363,0.495,0.304,0.562,0.316,0.199,0.539,0.644,0.644,0.632,0.632,0.597,0.738,0.539,0.597,0.691,0.539,0.609,0.585,0.585,0.621,0.679,0.187,0.656,0.632,0.679,0.679,0.644,0.656,0.621,0.559,0.606,0.361,0.548,0.559,0.583,0.571,0.49,0.42,0.431,0.455,0.431,0.466,0.606,0.571,0.559,0.559,0.501,0.408,0.431,0.373,0.513,0.478,0.455,0.571,0.536,0.478,0.466,0.431,0.466,0.583,0.524,0.524,0.524,0.536,0.501,0.559,0.536,0.548,0.536,0.548,0.583,0.548,0.536,0.641,0.583,0.594,0.618,0.629,0.606,0.618,0.571,0.571,0.548,0.513,0.49,0.326,0.49,0.641,0.618,0.513,0.478,,,,,,,,,,,,,,,,,,,,,,,,,,,,,,,,,,,,,,,,,,,,,,,,,,,,,,,,,,,,,,
,Satkhira,March,8,0.527,0.539,0.597,0.468,0.433,0.574,0.539,0.562,0.574,0.539,0.515,0.55,0.234,0.48,0.187,0.402,0.422,0.351,0.539,0.585,0.738,0.55,0.597,0.621,0.585,0.504,0.504,0.562,0.574,0.562,0.539,0.304,0.234,0.445,0.386,0.433,0.363,0.082,0.679,0.597,0.656,0.445,0.433,1.042,0.567,0.55,0.48,0.55,0.515,0.468,0.492,0.457,0.539,0.55,0.375,0.492,0.504,0.621,0.632,0.527,0.585,0.632,0.559,0.455,0.466,0.478,0.466,0.478,0.478,0.42,0.466,0.478,0.501,0.408,0.396,0.443,0.513,0.513,0.513,0.478,0.49,0.396,0.431,0.443,0.443,0.408,0.559,0.49,0.42,0.431,0.42,0.49,0.583,0.466,0.455,0.443,0.42,0.478,0.513,0.478,0.524,0.524,0.536,0.49,0.49,0.501,0.548,0.524,0.548,0.536,0.548,0.536,0.548,0.501,0.513,0.466,0.49,0.478,0.303,0.49,0.583,0.548,0.466,0.42,,,,,,,,,,,,,,,,,,,,,,,,,,,,,,,,,,,,,,,,,,,,,,,,,,,,,,,,,,,,,,
,Satkhira,March,9,0.468,0.433,0.48,0.246,0.34,0.386,0.422,0.48,0.433,0.386,0.363,0.012,0.398,0.375,0.363,0.269,0.246,0.445,0.363,0.047,0.761,0.398,0.457,0.48,0.48,0.375,0.375,0.468,0.457,0.398,0.41,0.129,0.129,0.363,0.328,0.293,0.433,0.012,0.164,0.422,0.609,0.422,0.246,0.375,0.386,0.433,0.363,0.41,0.316,0.445,0.398,0.258,0.468,0.515,0.258,0.41,0.269,0.515,0.562,0.281,0.527,0.527,0.478,0.35,0.431,0.35,0.338,0.303,0.385,0.361,0.315,0.291,0.315,0.338,0.268,0.385,0.373,0.385,0.35,0.291,0.28,0.245,0.326,0.361,0.291,0.28,0.396,0.361,0.291,0.303,0.291,0.361,0.396,0.338,0.303,0.361,0.361,0.28,0.373,0.361,0.35,0.373,0.455,0.373,0.373,0.443,0.431,0.408,0.443,0.396,0.443,0.361,0.396,0.385,0.361,0.361,0.385,0.361,0.291,0.14,0.233,0.396,0.42,0.385,,,,,,,,,,,,,,,,,,,,,,,,,,,,,,,,,,,,,,,,,,,,,,,,,,,,,,,,,,,,,,
,Satkhira,March,10,0.176,0.164,0.222,0.199,0.176,0.246,0.258,0.258,0.246,0.199,0.187,0.176,0.222,0.222,0.293,0.222,0.164,0.211,0.199,0.047,0.293,0.246,0.293,0.293,0.269,0.246,0.246,0.246,0.269,0.141,0.246,0.035,0.035,0.234,0.023,0.059,0.222,0.176,0.164,0.269,0.445,0.211,0.129,0.152,0.293,0.269,0.176,0.246,0.258,0.211,0.246,0.094,0.246,0.293,0.023,0.246,0.129,0.222,0.258,0.152,0.269,0.293,0.256,0.233,0.245,0.21,0.175,0.175,0.198,0.21,0.175,0.163,0.163,0.152,0.175,0.245,0.221,0.221,0.198,0.152,0.21,0.233,0.245,0.221,0.198,0.198,0.21,0.198,0.175,0.198,0.21,0.198,0.21,0.21,0.198,0.21,0.233,0.198,0.233,0.221,0.221,0.256,0.245,0.268,0.256,0.291,0.268,0.245,0.291,0.28,0.28,0.245,0.268,0.233,0.186,0.233,0.186,0.175,0.186,0.21,0.198,0.117,0.28,0.245,,,,,,,,,,,,,,,,,,,,,,,,,,,,,,,,,,,,,,,,,,,,,,,,,,,,,,,,,,,,,,
,Satkhira,March,11,0.094,0.094,0.082,0.07,0.07,0.082,0.082,0.117,0.105,0.047,0.082,0.07,0.094,0.082,0.035,0.105,0.047,0.082,0.059,0.059,0.129,0.094,0.129,0.117,0.094,0.082,0.082,0.082,0.094,0.094,0.094,0.012,0.012,0.129,0.012,0.012,0.082,0.047,0.094,0.105,0.269,0.07,0.035,0.059,0.059,0.07,0.047,0.07,0.094,0.105,0.129,0.023,0.129,0.117,0.012,0.105,0.012,0.117,0.105,0.012,0.152,0.129,0.082,0.082,0.082,0.07,0.058,0.058,0.082,0.07,0.058,0.058,0.058,0.058,0.058,0.07,0.058,0.058,0.07,0.058,0.047,0.058,0.035,0.082,0.07,0.058,0.105,0.047,0.058,0.082,0.093,0.093,0.105,0.082,0.07,0.07,0.082,0.07,0.082,0.105,0.093,0.105,0.093,0.093,0.093,0.105,0.093,0.082,0.117,0.117,0.105,0.117,0.117,0.093,0.082,0.093,0.082,0.058,0.082,0.093,0.082,0.035,0.128,0.093,,,,,,,,,,,,,,,,,,,,,,,,,,,,,,,,,,,,,,,,,,,,,,,,,,,,,,,,,,,,,,
,Satkhira,March,12,0.094,0.012,0.012,0.012,0.012,0.012,0.012,0.012,0.012,0.012,0.012,0.012,0.012,0.012,0.012,0.012,0.012,0.012,0.012,0.012,0.047,0.012,0.012,0.012,0.012,0.012,0.012,0.012,0.012,0.012,0.012,0.012,0.012,0.035,0.012,0.012,0.012,0.012,0.012,0.012,0.117,0.012,0.012,0.012,0.012,0.012,0.012,0.012,0.012,0.012,0.012,0.012,0.012,0.012,0.012,0.012,0.012,0.012,0.012,0.012,0.012,0.012,0.012,0.012,0.012,0.012,0.012,0.012,0.012,0.012,0.012,0.012,0.012,0.012,0.012,0.012,0.012,0.012,0.012,0.012,0.012,0.012,0.012,0.012,0.012,0.012,0.012,0.012,0.012,0.012,0.012,0.012,0.012,0.012,0.012,0.012,0.012,0.012,0.012,0.012,0.012,0.012,0.012,0.012,0.012,0.012,0.012,0.012,0.012,0.012,0.012,0.012,0.012,0.012,0.012,0.012,0.012,0.012,0.012,0.012,0.012,0.012,0.012,0.012,,,,,,,,,,,,,,,,,,,,,,,,,,,,,,,,,,,,,,,,,,,,,,,,,,,,,,,,,,,,,,
,Satkhira,March,13,0.012,0.012,0.012,0.012,0.012,0.012,0.012,0.012,0.012,0.012,0.012,0.012,0.012,0.012,0.012,0.012,0.012,0.012,0.012,0.012,0.012,0.012,0.012,0.012,0.012,0.012,0.012,0.012,0.012,0.012,0.012,0.012,0.012,0.012,0.012,0.012,0.012,0.012,0.012,0.012,0.012,0.012,0.012,0.012,0.012,0.012,0.012,0.012,0.012,0.012,0.012,0.012,0.012,0.012,0.012,0.012,0.012,0.012,0.012,0.012,0.012,0.012,0.012,0.012,0.012,0.012,0.012,0.012,0.012,0.012,0.012,0.012,0.012,0.012,0.012,0.012,0.012,0.012,0.012,0.012,0.012,0.012,0.012,0.012,0.012,0.012,0.012,0.012,0.012,0.012,0.012,0.012,0.012,0.012,0.012,0.012,0.012,0.012,0.012,0.012,0.012,0.012,0.012,0.012,0.012,0.012,0.012,0.012,0.012,0.012,0.012,0.012,0.012,0.012,0.012,0.012,0.012,0.012,0.012,0.012,0.012,0.012,0.012,0.012,,,,,,,,,,,,,,,,,,,,,,,,,,,,,,,,,,,,,,,,,,,,,,,,,,,,,,,,,,,,,,
,,,Total,4.368,4.297,4.426,1.991,3.021,3.337,4.18,4.438,4.625,3.817,2.459,3.595,3.255,3.934,3.478,3.821,3.888,2.272,4.005,3.618,5.258,4.274,4.883,4.731,4.778,4.426,4.543,4.415,4.485,3.876,4.602,5.972,6.21,7.536,2.283,2.553,2.237,1.393,2.646,4.496,4.555,3.97,3.501,3.7,4.536,4.438,3.735,4.169,4.075,4.309,4.321,3.677,4.684,4.93,2.611,4.321,4.848,4.778,5.012,5.246,5.152,5.199,3.753,3.869,3.765,3.788,3.566,3.543,3.695,3.38,2.995,2.646,3.089,2.704,2.716,4.184,4.103,4.056,3.974,3.683,3.508,3.054,3.065,3.508,3.263,3.135,3.998,3.392,3.357,2.925,3.1,3.59,3.986,3.531,3.625,3.73,3.846,3.543,3.928,3.869,3.998,4.021,4.161,4.068,3.986,4.068,4.464,4.301,4.487,4.464,4.592,4.347,4.289,3.811,3.881,3.788,4.056,3.531,2.238,3.345,3.823,3.776,4.126,3.916,,,,,,,,,,,,,,,,,,,,,,,,,,,,,,,,,,,,,,,,,,,,,,,,,,,,,,,,,,,,,,
,Satkhira,April,0,0.012,0.012,0.012,0.012,0.012,0.012,0.012,0.012,0.012,0.012,0.012,0.012,0.012,0.012,0.012,0.012,0.012,0.012,0.012,0.012,0.012,0.012,0.012,0.012,0.012,0.012,0.012,0.012,0.012,0.012,**,0.012,0.012,0.082,0.012,0.012,0.012,0.012,0.012,0.012,0.012,0.012,0.012,0.012,0.012,0.012,0.012,0.012,0.012,0.012,0.012,0.012,0.012,0.012,0.012,0.012,0.012,0.012,0.012,0.023,0.012,,0.012,0.012,0.012,0.012,0.012,0.012,0.012,0.012,0.012,0.012,0.012,0.012,0.012,0.012,0.012,0.012,0.012,0.012,0.012,0.012,0.012,0.012,0.012,0.012,0.012,0.012,0.012,0.012,0.012,0.012,,0.012,0.012,0.012,0.012,0.012,0.012,0.012,0.012,0.012,0.012,0.012,0.012,0.012,0.012,0.012,0.012,0.012,0.012,0.012,0.012,0.012,0.012,0.012,0.012,0.012,0.012,0.012,0.012,0.012,0.012,,,,,,,,,,,,,,,,,,,,,,,,,,,,,,,,,,,,,,,,,,,,,,,,,,,,,,,,,,,,,,,
,Satkhira,April,1,0.082,0.023,0.082,0.094,0.082,0.035,0.117,0.105,0.094,0.082,0.059,0.059,0.07,0.105,0.094,0.082,0.105,0.105,0.094,0.07,0.07,0.094,0.082,0.094,0.082,0.082,0.105,0.094,0.082,0.094,**,0.082,0.082,0.258,0.07,0.07,0.07,0.129,0.07,0.047,0.117,0.105,0.105,0.082,0.07,0.094,0.094,0.094,0.059,0.141,0.035,0.023,0.023,0.047,0.129,0.117,0.059,0.035,0.035,0.176,0.141,,0.012,0.012,0.012,0.012,0.012,0.012,0.012,0.012,0.012,0.012,0.012,0.012,0.012,0.012,0.012,0.012,0.012,0.012,0.012,0.012,0.012,0.012,0.012,0.012,0.012,0.012,0.012,0.012,0.012,0.012,,0.012,0.082,0.047,0.082,0.082,0.105,0.07,0.093,0.082,0.093,0.093,0.093,0.07,0.082,0.07,0.105,0.058,0.105,0.117,0.117,0.093,0.035,0.117,0.117,0.117,0.117,0.082,0.082,0.082,0.035,,,,,,,,,,,,,,,,,,,,,,,,,,,,,,,,,,,,,,,,,,,,,,,,,,,,,,,,,,,,,,,
,Satkhira,April,2,0.304,0.258,0.234,0.258,0.258,0.246,0.234,0.129,0.258,0.222,0.176,0.152,0.187,0.234,0.234,0.211,0.269,0.281,0.129,0.269,0.246,0.246,0.246,0.246,0.246,0.258,0.293,0.176,0.187,0.199,**,0.246,0.269,0.386,0.269,0.258,0.269,0.269,0.199,0.176,0.187,0.141,0.152,0.176,0.187,0.187,0.129,0.117,0.117,0.152,0.129,0.012,0.129,0.129,0.152,0.164,0.164,0.164,0.129,0.304,0.304,,0.047,0.07,0.058,0.058,0.082,0.082,0.082,0.082,0.035,0.058,0.082,0.058,0.07,0.058,0.058,0.047,0.082,0.082,0.093,0.093,0.082,0.093,0.082,0.105,0.105,0.105,0.093,0.093,0.093,0.082,,0.082,0.186,0.245,0.233,0.233,0.245,0.175,0.221,0.198,0.268,0.268,0.21,0.175,0.233,0.221,0.268,0.233,0.338,0.35,0.35,0.303,0.128,0.256,0.256,0.256,0.256,0.303,0.315,0.28,0.245,,,,,,,,,,,,,,,,,,,,,,,,,,,,,,,,,,,,,,,,,,,,,,,,,,,,,,,,,,,,,,,
,Satkhira,April,3,0.504,0.539,0.48,0.585,0.351,0.433,0.504,0.445,0.562,0.422,0.234,0.457,0.304,0.316,0.351,0.328,0.433,0.433,0.222,0.176,0.492,0.504,0.55,0.539,0.468,0.269,0.468,0.457,0.691,0.504,**,0.316,0.398,0.468,0.363,0.234,0.422,0.48,0.386,0.504,0.504,0.41,0.363,0.258,0.386,0.504,0.117,0.152,0.246,0.468,0.433,0.07,0.504,0.269,0.304,0.164,0.164,0.48,0.141,0.234,0.515,,0.198,0.245,0.163,0.175,0.256,0.21,0.221,0.198,0.198,0.152,0.152,0.175,0.186,0.221,0.221,0.198,0.245,0.245,0.268,0.245,0.256,0.245,0.233,0.245,0.245,0.268,0.28,0.268,0.268,0.245,,0.233,0.291,0.373,0.245,0.28,0.338,0.361,0.385,0.408,0.408,0.385,0.245,0.245,0.268,0.315,0.361,0.35,0.35,0.466,0.408,0.361,0.198,0.431,0.431,0.466,0.466,0.49,0.466,0.431,0.42,,,,,,,,,,,,,,,,,,,,,,,,,,,,,,,,,,,,,,,,,,,,,,,,,,,,,,,,,,,,,,,
,Satkhira,April,4,0.55,0.585,0.457,0.328,0.375,0.527,0.398,0.48,0.574,0.433,0.269,0.164,0.55,0.585,0.574,0.539,0.492,0.562,0.504,0.468,0.574,0.597,0.644,0.597,0.609,0.55,0.562,0.55,0.539,0.632,**,0.515,0.48,0.621,0.515,0.515,0.574,0.562,0.187,0.574,0.562,0.55,0.574,0.304,0.597,0.492,0.152,0.222,0.34,0.597,0.363,0.094,0.621,0.55,0.515,0.047,0.047,0.457,0.047,0.539,0.621,,0.361,0.175,0.245,0.326,0.338,0.338,0.326,0.221,0.245,0.175,0.221,0.326,0.303,0.303,0.338,0.245,0.385,0.431,0.478,0.466,0.478,0.245,0.245,0.326,0.315,0.35,0.35,0.315,0.326,0.361,,0.385,0.315,0.221,0.35,0.385,0.361,0.501,0.478,0.583,0.571,0.431,0.338,0.291,0.361,0.455,0.501,0.466,0.42,0.629,0.49,0.42,0.233,0.571,0.571,0.594,0.583,0.571,0.594,0.478,0.396,,,,,,,,,,,,,,,,,,,,,,,,,,,,,,,,,,,,,,,,,,,,,,,,,,,,,,,,,,,,,,,
,Satkhira,April,5,0.644,0.621,0.34,0.386,0.527,0.632,0.726,0.574,0.621,0.457,0.48,0.703,0.632,0.644,0.621,0.585,0.585,0.621,0.714,0.691,0.667,0.644,0.691,0.679,0.691,0.632,0.656,0.644,0.667,0.714,**,0.621,0.621,0.644,0.644,0.574,0.656,0.667,0.34,0.667,0.644,0.632,0.527,0.48,0.644,0.527,0.48,0.515,0.316,0.656,0.632,0.539,0.152,0.644,0.621,0.152,0.152,0.597,0.585,0.785,0.703,,0.443,0.385,0.501,0.478,0.466,0.501,0.49,0.245,0.28,0.245,0.21,0.466,0.42,0.361,0.455,0.385,0.524,0.478,0.548,0.536,0.571,0.256,0.291,0.536,0.536,0.559,0.524,0.478,0.513,0.501,,0.501,0.326,0.186,0.385,0.361,0.35,0.629,0.606,0.618,0.641,0.594,0.408,0.315,0.431,0.583,0.618,0.618,0.466,0.641,0.478,0.478,0.245,0.594,0.618,0.653,0.618,0.618,0.629,0.501,0.361,,,,,,,,,,,,,,,,,,,,,,,,,,,,,,,,,,,,,,,,,,,,,,,,,,,,,,,,,,,,,,,
,Satkhira,April,6,0.691,0.281,0.574,0.304,0.375,0.656,0.714,0.667,0.691,0.515,0.621,0.714,0.714,0.726,0.679,0.667,0.644,0.667,0.691,0.738,0.679,0.738,0.714,0.703,0.714,0.691,0.691,0.714,0.738,0.761,**,0.667,0.644,0.574,0.644,0.621,0.726,0.679,0.304,0.703,0.644,0.644,0.351,0.82,0.667,0.621,0.644,0.656,0.34,0.703,0.644,0.363,0.714,0.351,0.386,0.34,0.34,0.585,0.422,0.492,0.773,,0.524,0.501,0.571,0.49,0.548,0.548,0.583,0.291,0.536,0.49,0.385,0.571,0.524,0.524,0.571,0.571,0.606,0.606,0.641,0.583,0.618,0.221,0.548,0.618,0.618,0.583,0.583,0.524,0.594,0.583,,0.641,0.315,0.338,0.396,0.501,0.478,0.618,0.641,0.641,0.699,0.618,0.466,0.35,0.583,0.618,0.664,0.688,0.361,0.629,0.28,0.361,0.408,0.629,0.653,0.664,0.676,0.641,0.653,0.455,0.35,,,,,,,,,,,,,,,,,,,,,,,,,,,,,,,,,,,,,,,,,,,,,,,,,,,,,,,,,,,,,,,
,Satkhira,April,7,0.621,0.679,0.656,0.234,0.328,0.656,0.621,0.621,0.667,0.328,0.597,0.644,0.644,0.644,0.632,0.656,0.609,0.644,0.48,0.679,0.667,0.714,0.667,0.644,0.632,0.667,0.656,0.703,0.679,0.679,**,0.632,0.269,0.433,0.621,0.562,0.703,0.621,0.363,0.656,0.656,0.621,0.574,0.585,0.632,0.609,0.656,0.679,0.375,0.656,0.48,0.141,0.351,0.738,0.714,0.281,0.281,0.281,0.82,0.738,0.738,,0.571,0.548,0.559,0.548,0.571,0.606,0.629,0.35,0.594,0.594,0.618,0.594,0.629,0.513,0.606,0.653,0.641,0.664,0.676,0.664,0.664,0.21,0.594,0.618,0.664,0.688,0.629,0.559,0.641,0.618,,0.268,0.35,0.28,0.443,0.653,0.559,0.594,0.618,0.618,0.699,0.536,0.501,0.361,0.513,0.536,0.571,0.548,0.676,0.618,0.233,0.256,0.42,0.606,0.629,0.641,0.641,0.629,0.618,0.513,0.385,,,,,,,,,,,,,,,,,,,,,,,,,,,,,,,,,,,,,,,,,,,,,,,,,,,,,,,,,,,,,,,
,Satkhira,April,8,0.515,0.527,0.621,0.304,0.246,0.609,0.527,0.585,0.562,0.585,0.585,0.621,0.621,0.55,0.515,0.504,0.492,0.539,0.176,0.597,0.585,0.55,0.562,0.574,0.609,0.527,0.504,0.48,0.562,0.574,**,0.585,0.574,0.34,0.515,0.48,0.375,0.55,0.422,0.597,0.597,0.574,0.527,0.187,0.515,0.281,0.34,0.515,0.316,0.539,0.222,0.258,0.269,0.316,0.375,0.07,0.07,0.129,0.187,0.679,0.621,,0.618,0.594,0.618,0.478,0.618,0.594,0.594,0.49,0.513,0.408,0.606,0.571,0.571,0.501,0.594,0.711,0.723,0.618,0.653,0.641,0.641,0.629,0.186,0.664,0.664,0.688,0.711,0.548,0.583,0.571,,0.49,0.385,0.408,0.641,0.688,0.478,0.513,0.466,0.478,0.583,0.618,0.548,0.513,0.501,0.548,0.548,0.513,0.618,0.594,0.128,0.361,0.443,0.583,0.571,0.594,0.594,0.571,0.594,0.536,0.326,,,,,,,,,,,,,,,,,,,,,,,,,,,,,,,,,,,,,,,,,,,,,,,,,,,,,,,,,,,,,,,
,Satkhira,April,9,0.363,0.129,0.445,0.293,0.176,0.422,0.398,0.492,0.48,0.445,0.445,0.48,0.48,0.445,0.422,0.386,0.363,0.433,0.176,0.48,0.176,0.445,0.398,0.304,0.597,0.433,0.41,0.433,0.492,0.445,**,0.41,0.41,0.222,0.363,0.363,0.433,0.41,0.34,0.48,0.504,0.457,0.445,0.48,0.492,0.304,0.445,0.492,0.222,0.48,0.375,0.059,0.211,0.164,0.433,0.012,0.012,0.41,0.422,0.504,0.457,,0.478,0.49,0.478,0.396,0.618,0.524,0.583,0.478,0.49,0.35,0.338,0.501,0.548,0.513,0.571,0.524,0.524,0.478,0.699,0.524,0.524,0.256,0.385,0.42,0.524,0.548,0.536,0.548,0.536,0.536,,0.466,0.35,0.303,0.268,0.42,0.338,0.35,0.396,0.431,0.408,0.455,0.42,0.42,0.361,0.455,0.396,0.396,0.466,0.478,0.431,0.455,0.361,0.42,0.42,0.431,0.431,0.431,0.431,0.385,0.28,,,,,,,,,,,,,,,,,,,,,,,,,,,,,,,,,,,,,,,,,,,,,,,,,,,,,,,,,,,,,,,
,Satkhira,April,10,0.176,0.117,0.304,0.164,0.234,0.246,0.246,0.293,0.129,0.129,0.176,0.059,0.293,0.316,0.246,0.246,0.199,0.258,0.094,0.293,0.059,0.176,0.269,0.293,0.316,0.293,0.269,0.293,0.316,0.246,**,0.222,0.246,0.082,0.269,0.211,0.293,0.258,0.211,0.258,0.246,0.269,0.246,0.246,0.234,0.222,0.246,0.258,0.141,0.258,0.234,0.012,0.176,0.234,0.222,0.222,0.222,0.351,0.328,0.082,0.059,,0.396,0.408,0.385,0.326,0.408,0.408,0.455,0.338,0.396,0.256,0.408,0.42,0.443,0.478,0.396,0.245,0.431,0.396,0.361,0.443,0.443,0.42,0.163,0.571,0.361,0.431,0.455,0.408,0.524,0.478,,0.42,0.163,0.163,0.152,0.268,0.268,0.268,0.291,0.303,0.21,0.291,0.245,0.245,0.128,0.175,0.28,0.291,0.303,0.315,0.28,0.245,0.268,0.245,0.28,0.268,0.28,0.291,0.291,0.245,0.152,,,,,,,,,,,,,,,,,,,,,,,,,,,,,,,,,,,,,,,,,,,,,,,,,,,,,,,,,,,,,,,
,Satkhira,April,11,0.094,0.047,0.082,0.059,0.059,0.117,0.07,0.129,0.082,0.094,0.07,0.105,0.082,0.141,0.117,0.129,0.082,0.023,0.047,0.129,0.012,0.07,0.117,0.129,0.152,0.129,0.117,0.129,0.141,0.129,**,0.082,0.082,0.012,0.094,0.082,0.141,0.117,0.07,0.082,0.082,0.059,0.035,0.117,0.094,0.082,0.105,0.07,0.047,0.105,0.082,0.012,0.07,0.105,0.059,0.105,0.105,0.082,0.117,0.012,0.012,,0.233,0.245,0.245,0.186,0.21,0.245,0.256,0.221,0.186,0.14,0.268,0.256,0.28,0.256,0.221,0.093,0.268,0.152,0.175,0.21,0.28,0.07,0.326,0.303,0.245,0.268,0.28,0.385,0.361,0.268,,0.233,0.07,0.07,0.082,0.117,0.117,0.105,0.128,0.128,0.093,0.117,0.082,0.093,0.047,0.105,0.117,0.093,0.117,0.105,0.105,0.082,0.117,0.082,0.117,0.105,0.117,0.105,0.117,0.082,0.082,,,,,,,,,,,,,,,,,,,,,,,,,,,,,,,,,,,,,,,,,,,,,,,,,,,,,,,,,,,,,,,
,Satkhira,April,12,0.094,0.012,0.012,0.012,0.012,0.023,0.012,0.035,0.012,0.012,0.012,0.012,0.012,0.012,0.012,0.012,0.012,0.012,0.012,0.094,0.012,0.023,0.023,0.023,0.047,0.012,0.035,0.023,0.047,0.023,**,0.082,0.012,0.012,0.012,0.012,0.012,0.012,0.012,0.012,0.012,0.012,0.012,0.012,0.012,0.012,0.012,0.012,0.012,0.012,0.012,0.012,0.012,0.012,0.012,0.012,0.012,0.012,0.012,0.012,0.012,,0.07,0.07,0.07,0.07,0.105,0.105,0.105,0.07,0.07,0.058,0.07,0.093,0.105,0.082,0.07,0.035,0.117,0.082,0.058,0.105,0.117,0.093,0.058,0.07,0.105,0.105,0.105,0.105,0.093,0.093,,0.093,0.012,0.012,0.012,0.012,0.012,0.012,0.012,0.012,0.012,0.012,0.012,0.012,0.012,0.012,0.012,0.012,0.012,0.012,0.012,0.012,0.012,0.012,0.012,0.012,0.012,0.012,0.012,0.012,0.012,,,,,,,,,,,,,,,,,,,,,,,,,,,,,,,,,,,,,,,,,,,,,,,,,,,,,,,,,,,,,,,
,Satkhira,April,13,0.023,0.012,0.012,0.012,0.012,0.012,0.012,0.012,0.012,0.012,0.012,0.012,0.012,0.012,0.012,0.012,0.012,0.012,0.012,0.012,0.012,0.012,0.012,0.012,0.012,0.012,0.012,0.012,0.012,0.012,**,0.012,0.012,0.012,0.012,0.012,0.012,0.012,0.012,0.012,0.012,0.012,0.012,0.012,0.012,0.012,0.012,0.012,0.012,0.012,0.012,0.012,0.012,0.012,0.012,0.012,0.012,0.012,0.012,0.012,0.012,,0.012,0.012,0.012,0.012,0.012,0.012,0.012,0.012,0.012,0.012,0.012,0.012,0.012,0.012,0.012,0.012,0.012,0.012,0.012,0.012,0.012,0.012,0.012,0.012,0.012,0.012,0.012,0.012,0.012,0.012,,0.012,0.012,0.012,0.012,0.012,0.012,0.012,0.012,0.012,0.012,0.012,0.012,0.012,0.012,0.012,0.012,0.012,0.012,0.012,0.012,0.012,0.012,0.012,0.012,0.012,0.012,0.012,0.012,0.012,0.012,,,,,,,,,,,,,,,,,,,,,,,,,,,,,,,,,,,,,,,,,,,,,,,,,,,,,,,,,,,,,,,
,,,Total,4.672,3.841,4.309,3.044,3.044,4.625,4.59,4.578,4.754,3.747,3.747,4.192,4.614,4.742,4.52,4.368,4.309,4.602,3.361,4.707,4.262,4.824,4.988,4.848,5.187,4.567,4.789,4.719,5.164,5.023,**,4.485,4.11,4.145,4.403,4.005,4.696,4.778,2.927,4.778,4.778,4.496,3.934,3.77,4.555,3.958,3.443,3.806,2.553,4.789,3.665,1.616,3.255,3.583,3.946,1.71,1.651,3.607,3.267,4.59,4.977,0,3.974,3.765,3.928,3.566,4.254,4.196,4.359,3.019,3.578,2.96,3.392,4.068,4.114,3.846,4.138,3.741,4.58,4.266,4.685,4.545,4.709,2.774,3.147,4.51,4.417,4.627,4.58,4.266,4.569,4.371,0,3.846,2.867,2.669,3.31,4.021,3.671,4.219,4.359,4.522,4.709,4.441,3.59,3.112,3.543,4.114,4.464,4.289,4.254,4.977,3.333,3.45,2.89,4.569,4.697,4.825,4.814,4.767,4.825,4.021,3.065,0,,,,,,,,,,,,,,,,,,,,,,,,,,,,,,,,,,,,,,,,,,,,,,,,,,,,,,,,,,,,,,
,Satkhira,May,0,0.094,0.094,0.082,0.012,0.07,0.012,0.012,0.012,0.012,0.012,0.012,0.012,0.012,0.012,0.012,0.035,0.047,0.023,0.012,0.023,0.023,0.023,0.023,0.023,0.012,0.012,0.012,0.035,0.035,0.035,0.012,0.012,0.012,0.012,0.012,0.012,0.012,0.012,0.012,0.012,0.012,0.012,0.012,0.012,0.012,0.012,0.012,0.012,0.012,0.012,0.012,0.012,0.012,0.035,0.035,0.082,0.035,0.012,0.012,0.012,0.012,0.012,0.012,0.012,0.012,0.012,0.012,0.012,0.012,0.012,0.012,0.012,0.012,0.012,0.012,0.012,0.012,0.012,0.012,0.012,0.012,0.012,0.012,0.012,0.012,0.012,0.012,0.012,0.012,0.012,0.012,0.012,0.012,0.012,0.012,0.012,0.012,0.012,0.012,0.012,0.012,0.012,0.023,0.012,0.047,0.035,0.023,0.012,0.023,0.023,0.023,0.012,0.012,0.012,0.012,0.047,0.047,0.035,0.047,0.035,0.035,0.035,0.012,0.035,,,,,,,,,,,,,,,,,,,,,,,,,,,,,,,,,,,,,,,,,,,,,,,,,,,,,,,,,,,,,,
,Satkhira,May,1,0.304,0.234,0.141,0.012,0.234,0.117,0.141,0.129,0.094,0.105,0.07,0.152,0.07,0.105,0.094,0.152,0.199,0.152,0.012,0.094,0.152,0.152,0.141,0.152,0.012,0.164,0.012,0.152,0.164,0.164,0.082,0.164,0.07,0.152,0.117,0.152,0.012,0.152,0.141,0.164,0.164,0.012,0.105,0.012,0.012,0.176,0.211,0.152,0.141,0.059,0.035,0.035,0.047,0.07,0.082,0.129,0.105,0.012,0.012,0.152,0.082,0.105,0.012,0.012,0.012,0.012,0.012,0.012,0.012,0.012,0.012,0.012,0.012,0.012,0.012,0.012,0.012,0.012,0.012,0.012,0.012,0.012,0.012,0.012,0.035,0.012,0.012,0.012,0.012,0.035,0.035,0.023,0.023,0.14,0.082,0.07,0.023,0.14,0.128,0.093,0.152,0.117,0.093,0.082,0.21,0.175,0.152,0.198,0.058,0.058,0.14,0.117,0.093,0.058,0.058,0.105,0.105,0.152,0.163,0.163,0.152,0.023,0.047,0.163,,,,,,,,,,,,,,,,,,,,,,,,,,,,,,,,,,,,,,,,,,,,,,,,,,,,,,,,,,,,,,
,Satkhira,May,2,0.574,0.328,0.199,0.012,0.386,0.234,0.246,0.246,0.246,0.199,0.152,0.129,0.258,0.246,0.269,0.246,0.328,0.222,0.07,0.269,0.246,0.246,0.258,0.187,0.012,0.246,0.105,0.234,0.234,0.246,0.316,0.386,0.117,0.234,0.211,0.234,0.035,0.152,0.363,0.386,0.386,0.316,0.398,0.105,0.094,0.316,0.363,0.222,0.199,0.152,0.047,0.035,0.234,0.105,0.234,0.199,0.222,0.012,0.012,0.316,0.176,0.199,0.082,0.105,0.047,0.047,0.047,0.047,0.093,0.082,0.14,0.128,0.128,0.082,0.082,0.128,0.14,0.093,0.152,0.14,0.175,0.198,0.093,0.093,0.128,0.082,0.047,0.012,0.035,0.117,0.117,0.093,0.117,0.268,0.315,0.128,0.093,0.268,0.268,0.175,0.338,0.117,0.163,0.117,0.361,0.28,0.186,0.245,0.268,0.268,0.431,0.128,0.198,0.233,0.245,0.163,0.163,0.21,0.21,0.245,0.268,0.012,0.093,0.117,,,,,,,,,,,,,,,,,,,,,,,,,,,,,,,,,,,,,,,,,,,,,,,,,,,,,,,,,,,,,,
,Satkhira,May,3,0.714,0.351,0.234,0.035,0.644,0.468,0.457,0.492,0.48,0.48,0.363,0.386,0.41,0.433,0.246,0.433,0.492,0.48,0.199,0.539,0.539,0.433,0.445,0.234,0.082,0.574,0.246,0.269,0.445,0.258,0.48,0.48,0.222,0.515,0.515,0.527,0.047,0.258,0.433,0.539,0.539,0.457,0.515,0.527,0.246,0.386,0.468,0.316,0.468,0.258,0.012,0.047,0.386,0.234,0.386,0.258,0.504,0.012,0.012,0.597,0.316,0.351,0.245,0.28,0.07,0.058,0.117,0.221,0.268,0.268,0.245,0.256,0.198,0.338,0.338,0.385,0.385,0.221,0.338,0.338,0.315,0.361,0.385,0.245,0.268,0.245,0.221,0.047,0.14,0.28,0.28,0.245,0.023,0.42,0.466,0.047,0.396,0.361,0.431,0.35,0.408,0.152,0.245,0.221,0.443,0.443,0.548,0.536,0.571,0.466,0.571,0.28,0.245,0.245,0.245,0.35,0.303,0.338,0.361,0.385,0.501,0.012,0.245,0.245,,,,,,,,,,,,,,,,,,,,,,,,,,,,,,,,,,,,,,,,,,,,,,,,,,,,,,,,,,,,,,
,Satkhira,May,4,0.726,0.304,0.164,0.082,0.667,0.55,0.515,0.621,0.644,0.574,0.504,0.445,0.539,0.574,0.293,0.621,0.585,0.574,0.386,0.422,0.621,0.375,0.504,0.34,0.129,0.585,0.351,0.55,0.632,0.667,0.621,0.609,0.386,0.293,0.574,0.597,0.152,0.363,0.433,0.656,0.656,0.632,0.609,0.574,0.585,0.504,0.574,0.585,0.632,0.246,0.023,0.07,0.55,0.597,0.609,0.597,0.609,0.012,0.012,0.667,0.386,0.012,0.408,0.49,0.245,0.07,0.28,0.385,0.396,0.373,0.315,0.35,0.245,0.536,0.501,0.536,0.524,0.361,0.49,0.478,0.478,0.594,0.536,0.198,0.513,0.315,0.28,0.082,0.315,0.501,0.478,0.361,0.012,0.478,0.536,0.047,0.559,0.431,0.478,0.478,0.641,0.012,0.21,0.245,0.361,0.618,0.688,0.606,0.618,0.548,0.618,0.361,0.606,0.455,0.478,0.478,0.536,0.385,0.326,0.408,0.455,0.513,0.431,0.023,,,,,,,,,,,,,,,,,,,,,,,,,,,,,,,,,,,,,,,,,,,,,,,,,,,,,,,,,,,,,,
,Satkhira,May,5,0.761,0.679,0.012,0.129,0.703,0.632,0.644,0.714,0.691,0.667,0.656,0.691,0.644,0.621,0.445,0.667,0.691,0.656,0.468,0.457,0.738,0.621,0.574,0.386,0.152,0.691,0.445,0.597,0.667,0.785,0.691,0.55,0.621,0.41,0.632,0.691,0.714,0.304,0.691,0.609,0.714,0.738,0.667,0.597,0.691,0.597,0.667,0.667,0.691,0.141,0.386,0.105,0.562,0.749,0.714,0.504,0.714,0.012,0.023,0.679,0.433,0.504,0.513,0.513,0.256,0.07,0.606,0.641,0.326,0.466,0.478,0.653,0.047,0.571,0.536,0.594,0.618,0.653,0.583,0.548,0.594,0.641,0.664,0.653,0.618,0.536,0.385,0.326,0.408,0.455,0.513,0.431,0.023,0.571,0.571,0.431,0.676,0.478,0.571,0.641,0.641,0.128,0.245,0.35,0.28,0.746,0.711,0.594,0.641,0.594,0.699,0.28,0.664,0.478,0.268,0.676,0.688,0.385,0.688,0.688,0.594,0.082,0.455,0.012,,,,,,,,,,,,,,,,,,,,,,,,,,,,,,,,,,,,,,,,,,,,,,,,,,,,,,,,,,,,,,
,Satkhira,May,6,0.621,0.504,0.035,0.129,0.656,0.714,0.667,0.703,0.667,0.679,0.714,0.714,0.703,0.703,0.55,0.691,0.714,0.679,0.48,0.48,0.703,0.703,0.258,0.55,0.152,0.703,0.55,0.433,0.738,0.082,0.714,0.504,0.773,0.258,0.55,0.749,0.632,0.574,0.855,0.527,0.761,0.749,0.527,0.504,0.738,0.691,0.679,0.656,0.808,0.176,0.398,0.094,0.609,0.621,0.749,0.574,0.41,0.082,0.035,0.738,0.504,0.492,0.583,0.583,0.338,0.128,0.664,0.664,0.711,0.548,0.699,0.664,0.012,0.618,0.711,0.723,0.711,0.711,0.676,0.688,0.606,0.676,0.734,0.711,0.734,0.758,0.315,0.233,0.583,0.478,0.443,0.315,0.035,0.664,0.711,0.478,0.338,0.385,0.641,0.734,0.711,0.082,0.117,0.396,0.012,0.653,0.781,0.594,0.723,0.536,0.746,0.163,0.711,0.559,0.28,0.711,0.734,0.699,0.711,0.699,0.629,0.093,0.501,0.012,,,,,,,,,,,,,,,,,,,,,,,,,,,,,,,,,,,,,,,,,,,,,,,,,,,,,,,,,,,,,,
,Satkhira,May,7,0.351,0.55,0.023,0.152,0.609,0.656,0.644,0.585,0.597,0.644,0.656,0.644,0.667,0.644,0.644,0.632,0.656,0.644,0.504,0.433,0.667,0.644,0.433,0.504,0.141,0.632,0.515,0.644,0.714,0.761,0.738,0.152,0.785,0.222,0.211,0.714,0.726,0.785,0.82,0.597,0.714,0.726,0.644,0.691,0.691,0.726,0.714,0.609,0.703,0.117,0.047,0.082,0.597,0.726,0.796,0.48,0.504,0.105,0.094,0.632,0.55,0.632,0.641,0.618,0.408,0.152,0.711,0.746,0.746,0.385,0.699,0.688,0.198,0.641,0.361,0.734,0.758,0.723,0.688,0.711,0.641,0.804,0.676,0.758,0.769,0.711,0.117,0.128,0.816,0.758,0.338,0.641,0.047,0.653,0.466,0.105,0.291,0.338,0.664,0.688,0.711,0.082,0.128,0.221,0.326,0.478,0.688,0.571,0.711,0.548,0.711,0.233,0.676,0.618,0.303,0.699,0.688,0.711,0.653,0.594,0.664,0.128,0.548,0.012,,,,,,,,,,,,,,,,,,,,,,,,,,,,,,,,,,,,,,,,,,,,,,,,,,,,,,,,,,,,,,
,Satkhira,May,8,0.34,0.293,0.047,0.199,0.48,0.621,0.597,0.539,0.574,0.562,0.574,0.539,0.504,0.574,0.504,0.539,0.562,0.527,0.445,0.597,0.621,0.597,0.468,0.468,0.152,0.515,0.597,0.597,0.585,0.691,0.585,0.105,0.667,0.281,0.468,0.55,0.539,0.258,0.211,0.527,0.632,0.609,0.574,0.55,0.621,0.597,0.609,0.527,0.258,0.059,0.059,0.398,0.48,0.597,0.644,0.398,0.363,0.07,0.211,0.492,0.035,0.293,0.618,0.629,0.49,0.221,0.711,0.711,0.699,0.466,0.699,0.676,0.641,0.758,0.326,0.664,0.711,0.688,0.723,0.734,0.664,0.781,0.769,0.723,0.653,0.559,0.152,0.256,0.641,0.816,0.594,0.594,0.105,0.501,0.478,0.058,0.478,0.385,0.711,0.664,0.583,0.093,0.152,0.198,0.373,0.361,0.559,0.594,0.699,0.571,0.606,0.245,0.524,0.431,0.338,0.559,0.664,0.583,0.606,0.396,0.466,0.152,0.524,0.012,,,,,,,,,,,,,,,,,,,,,,,,,,,,,,,,,,,,,,,,,,,,,,,,,,,,,,,,,,,,,,
,Satkhira,May,9,0.269,0.187,0.012,0.117,0.246,0.515,0.433,0.422,0.55,0.48,0.457,0.433,0.422,0.246,0.258,0.468,0.48,0.433,0.41,0.398,0.457,0.386,0.445,0.433,0.012,0.457,0.632,0.468,0.386,0.504,0.445,0.012,0.211,0.398,0.422,0.187,0.304,0.55,0.468,0.433,0.41,0.351,0.304,0.445,0.211,0.445,0.468,0.492,0.363,0.012,0.059,0.07,0.457,0.457,0.457,0.293,0.199,0.152,0.211,0.457,0.012,0.328,0.571,0.501,0.548,0.245,0.606,0.618,0.606,0.186,0.478,0.606,0.012,0.629,0.28,0.641,0.688,0.664,0.688,0.711,0.688,0.676,0.688,0.676,0.245,0.711,0.175,0.466,0.326,0.664,0.594,0.594,0.117,0.396,0.42,0.093,0.175,0.245,0.466,0.513,0.163,0.105,0.093,0.338,0.163,0.245,0.396,0.256,0.233,0.326,0.315,0.175,0.361,0.175,0.163,0.478,0.524,0.548,0.42,0.245,0.338,0.117,0.431,0.012,,,,,,,,,,,,,,,,,,,,,,,,,,,,,,,,,,,,,,,,,,,,,,,,,,,,,,,,,,,,,,
,Satkhira,May,10,0.141,0.082,0.012,0.07,0.129,0.258,0.293,0.281,0.375,0.293,0.281,0.293,0.258,0.129,0.281,0.316,0.293,0.281,0.398,0.199,0.281,0.293,0.258,0.269,0.164,0.152,0.55,0.316,0.141,0.316,0.281,0.012,0.199,0.328,0.094,0.269,0.304,0.293,0.34,0.293,0.304,0.258,0.211,0.304,0.34,0.281,0.304,0.152,0.164,0.164,0.047,0.047,0.293,0.293,0.316,0.117,0.187,0.152,0.258,0.141,0.012,0.164,0.478,0.21,0.385,0.326,0.14,0.49,0.49,0.455,0.221,0.28,0.012,0.524,0.105,0.431,0.49,0.501,0.466,0.513,0.478,0.513,0.513,0.536,0.117,0.128,0.082,0.082,0.361,0.513,0.478,0.443,0.175,0.21,0.256,0.233,0.303,0.245,0.303,0.361,0.326,0.163,0.047,0.023,0.431,0.245,0.303,0.28,0.245,0.291,0.315,0.198,0.198,0.326,0.128,0.326,0.338,0.361,0.291,0.326,0.326,0.152,0.326,0.012,,,,,,,,,,,,,,,,,,,,,,,,,,,,,,,,,,,,,,,,,,,,,,,,,,,,,,,,,,,,,,
,Satkhira,May,11,0.035,0.012,0.012,0.035,0.023,0.141,0.117,0.129,0.222,0.129,0.129,0.117,0.129,0.117,0.129,0.129,0.141,0.129,0.047,0.129,0.141,0.129,0.129,0.141,0.129,0.129,0.211,0.141,0.129,0.176,0.141,0.012,0.059,0.105,0.176,0.094,0.117,0.07,0.07,0.117,0.094,0.152,0.141,0.07,0.152,0.141,0.141,0.105,0.117,0.105,0.035,0.07,0.141,0.117,0.129,0.07,0.117,0.035,0.152,0.141,0.012,0.141,0.28,0.012,0.152,0.303,0.012,0.315,0.338,0.14,0.245,0.291,0.012,0.291,0.128,0.152,0.303,0.245,0.326,0.35,0.245,0.361,0.373,0.373,0.21,0.128,0.233,0.023,0.128,0.338,0.256,0.221,0.128,0.117,0.117,0.07,0.117,0.047,0.117,0.128,0.012,0.105,0.012,0.012,0.186,0.152,0.198,0.117,0.128,0.163,0.163,0.117,0.152,0.058,0.035,0.163,0.163,0.186,0.14,0.175,0.163,0.093,0.175,0.012,,,,,,,,,,,,,,,,,,,,,,,,,,,,,,,,,,,,,,,,,,,,,,,,,,,,,,,,,,,,,,
,Satkhira,May,12,0.035,0.012,0.012,0.012,0.012,0.023,0.023,0.023,0.047,0.035,0.023,0.023,0.023,0.023,0.012,0.012,0.012,0.023,0.012,0.012,0.012,0.012,0.012,0.012,0.105,0.023,0.152,0.035,0.035,0.105,0.047,0.012,0.012,0.012,0.023,0.023,0.035,0.012,0.023,0.012,0.023,0.023,0.023,0.012,0.035,0.023,0.012,0.012,0.012,0.012,0.012,0.035,0.012,0.012,0.012,0.012,0.012,0.023,0.141,0.012,0.012,0.023,0.093,0.012,0.128,0.163,0.012,0.128,0.082,0.163,0.035,0.035,0.012,0.175,0.175,0.128,0.163,0.175,0.163,0.175,0.128,0.163,0.012,0.058,0.012,0.035,0.093,0.058,0.058,0.07,0.163,0.152,0.035,0.012,0.012,0.012,0.012,0.012,0.012,0.012,0.012,0.012,0.012,0.012,0.035,0.035,0.035,0.023,0.023,0.035,0.035,0.012,0.035,0.012,0.012,0.023,0.023,0.012,0.047,0.023,0.035,0.058,0.012,0.012,,,,,,,,,,,,,,,,,,,,,,,,,,,,,,,,,,,,,,,,,,,,,,,,,,,,,,,,,,,,,,
,Satkhira,May,13,0.012,0.012,0.012,0.012,0.012,0.012,0.012,0.012,0.012,0.012,0.012,0.012,0.012,0.012,0.012,0.012,0.012,0.012,0.012,0.012,0.012,0.012,0.012,0.012,0.012,0.012,0.023,0.012,0.012,0.035,0.012,0.012,0.012,0.012,0.012,0.012,0.012,0.012,0.012,0.012,0.012,0.012,0.012,0.012,0.012,0.012,0.012,0.012,0.012,0.012,0.012,0.012,0.012,0.012,0.012,0.012,0.012,0.012,0.012,0.012,0.012,0.012,0.012,0.012,0.012,0.012,0.012,0.012,0.012,0.012,0.012,0.012,0.012,0.012,0.012,0.012,0.012,0.012,0.012,0.012,0.012,0.012,0.012,0.012,0.012,0.012,0.012,0.012,0.012,0.012,0.012,0.012,0.012,0.012,0.012,0.012,0.012,0.012,0.012,0.012,0.012,0.012,0.012,0.012,0.012,0.012,0.012,0.012,0.012,0.012,0.012,0.012,0.012,0.012,0.012,0.012,0.012,0.012,0.012,0.012,0.012,0.012,0.012,0.012,,,,,,,,,,,,,,,,,,,,,,,,,,,,,,,,,,,,,,,,,,,,,,,,,,,,,,,,,,,,,,
,,,Total,4.977,3.642,0.995,1.007,4.871,4.953,4.801,4.906,5.211,4.871,4.602,4.59,4.649,4.438,3.747,4.953,5.211,4.836,3.454,4.063,5.211,4.625,3.958,3.712,1.265,4.895,4.403,4.485,4.918,4.824,5.164,3.021,4.145,3.232,4.016,4.813,3.642,3.794,4.871,4.883,5.422,5.047,4.742,4.415,4.438,4.906,5.234,4.52,4.578,1.522,1.183,1.112,4.391,4.625,5.176,3.724,3.993,0.703,1.194,5.047,2.553,3.267,4.545,3.986,3.1,1.818,3.939,5,4.79,3.566,4.289,4.662,1.55,5.198,3.578,5.152,5.524,5.07,5.326,5.42,5.047,5.804,5.478,5.058,4.324,4.242,2.133,1.748,3.846,5.047,4.312,4.138,0.862,4.452,4.452,1.795,3.485,3.357,4.814,4.86,4.72,1.189,1.55,2.238,3.24,4.476,5.28,4.639,4.953,4.441,5.385,2.331,4.487,3.671,2.576,4.79,4.988,4.615,4.674,4.394,4.639,1.48,3.811,0.688,,,,,,,,,,,,,,,,,,,,,,,,,,,,,,,,,,,,,,,,,,,,,,,,,,,,,,,,,,,,,,
,Satkhira,June,0,0.012,0.035,0.035,0.023,0.023,0.023,0.035,0.035,0.023,0.023,0.023,0.035,0.035,0.035,0.012,0.035,0.035,0.012,0.012,0.023,0.023,0.047,0.047,0.082,0.059,0.035,0.047,0.023,0.375,0.035,**,0.012,0.012,0.012,0.012,0.012,0.023,0.035,0.035,0.035,0.129,0.023,0.047,0.012,0.012,0.012,0.012,0.012,0.012,0.012,0.035,0.012,0.012,0.012,0.012,0.023,0.023,0.012,0.012,0.035,0.035,,,,,,,,,,,,,,,,,,,,,,,,,,,,,,,,,0.023,0.012,0.035,0.058,0.058,0.058,0.035,0.035,0.012,0.012,0.012,0.047,0.047,0.047,0.023,0.023,0.023,0.023,0.023,0.023,0.035,0.023,0.035,0.023,0.023,0.035,0.047,0.035,0.035,0.035,,,,,,,,,,,,,,,,,,,,,,,,,,,,,,,,,,,,,,,,,,,,,,,,,,,,,,,,,,,,,,,
,Satkhira,June,1,0.105,0.141,0.141,0.094,0.094,0.105,0.129,0.176,0.129,0.164,0.211,0.199,0.152,0.094,0.07,0.094,0.059,0.105,0.012,0.094,0.117,0.047,0.094,0.187,0.129,0.129,0.129,0.269,0.269,0.234,**,0.117,0.141,0.152,0.082,0.129,0.152,0.211,0.176,0.152,0.023,0.07,0.293,0.07,0.012,0.07,0.094,0.059,0.012,0.012,0.176,0.082,0.164,0.164,0.117,0.105,0.164,0.094,0.105,0.129,0.082,,,,,,,,,,,,,,,,,,,,,,,,,,,,,,,,,0.058,0.082,0.093,0.152,0.152,0.163,0.152,0.152,0.047,0.035,0.035,0.152,0.152,0.152,0.128,0.117,0.082,0.07,0.07,0.07,0.163,0.093,0.128,0.128,0.093,0.128,0.21,0.163,0.21,0.07,,,,,,,,,,,,,,,,,,,,,,,,,,,,,,,,,,,,,,,,,,,,,,,,,,,,,,,,,,,,,,,
,Satkhira,June,2,0.152,0.234,0.222,0.129,0.152,0.141,0.398,0.468,0.445,0.304,0.386,0.363,0.363,0.363,0.117,0.141,0.246,0.234,0.129,0.211,0.222,0.375,0.316,0.187,0.246,0.34,0.328,0.2,0.316,0.258,**,0.141,0.328,0.351,0.176,0.222,0.222,0.34,0.199,0.211,0.293,0.059,0.059,0.082,0.059,0.117,0.176,0.211,0.047,0.047,0.316,0.34,0.34,0.34,0.222,0.222,0.316,0.164,0.129,0.199,0.246,,,,,,,,,,,,,,,,,,,,,,,,,,,,,,,,,0.117,0.117,0.14,0.117,0.198,0.233,0.117,0.117,0.163,0.082,0.082,0.291,0.28,0.28,0.233,0.14,0.245,0.105,0.245,0.128,0.163,0.082,0.361,0.221,0.221,0.338,0.361,0.326,0.361,0.163,,,,,,,,,,,,,,,,,,,,,,,,,,,,,,,,,,,,,,,,,,,,,,,,,,,,,,,,,,,,,,,
,Satkhira,June,3,0.281,0.141,0.234,0.445,0.363,0.363,0.316,0.281,0.585,0.468,0.492,0.48,0.457,0.433,0.105,0.457,0.386,0.269,0.316,0.48,0.304,0.199,0.433,0.187,0.445,0.504,0.504,0.164,0.41,0.48,**,0.433,0.504,0.621,0.363,0.258,0.34,0.515,0.211,0.457,0.504,0.047,0.047,0.152,0.164,0.211,0.316,0.141,0.07,0.105,0.222,0.585,0.363,0.363,0.363,0.363,0.386,0.199,0.152,0.316,0.527,,,,,,,,,,,,,,,,,,,,,,,,,,,,,,,,,0.152,0.152,0.233,0.361,0.524,0.315,0.186,0.291,0.233,0.152,0.152,0.408,0.361,0.361,0.152,0.128,0.256,0.117,0.315,0.315,0.291,0.198,0.338,0.117,0.245,0.385,0.536,0.466,0.629,0.198,,,,,,,,,,,,,,,,,,,,,,,,,,,,,,,,,,,,,,,,,,,,,,,,,,,,,,,,,,,,,,,
,Satkhira,June,4,0.562,0.258,0.316,0.222,0.574,0.597,0.363,0.351,0.703,0.597,0.621,0.609,0.644,0.621,0.187,0.55,0.539,0.328,0.457,0.457,0.012,0.129,0.621,0.726,0.504,0.632,0.621,0.035,0.504,0.597,**,0.468,0.644,0.656,0.316,0.269,0.386,0.621,0.363,0.574,0.597,0.433,0.082,0.152,0.082,0.504,0.515,0.117,0.082,0.222,0.164,0.351,0.41,0.41,0.539,0.539,0.445,0.199,0.351,0.281,0.738,,,,,,,,,,,,,,,,,,,,,,,,,,,,,,,,,0.163,0.221,0.245,0.385,0.49,0.455,0.559,0.478,0.361,0.28,0.233,0.49,0.478,0.524,0.163,0.245,0.291,0.128,0.385,0.28,0.303,0.221,0.268,0.559,0.431,0.245,0.618,0.676,0.653,0.268,,,,,,,,,,,,,,,,,,,,,,,,,,,,,,,,,,,,,,,,,,,,,,,,,,,,,,,,,,,,,,,
,Satkhira,June,5,0.644,0.234,0.644,0.012,0.48,0.621,0.386,0.422,0.667,0.574,0.679,0.667,0.679,0.644,0.562,0.597,0.609,0.34,0.55,0.539,0.129,0.316,0.574,0.703,0.351,0.738,0.55,0.047,0.433,0.55,**,0.621,0.679,0.714,0.199,0.504,0.433,0.422,0.234,0.667,0.222,0.363,0.012,0.152,0.761,0.293,0.562,0.07,0.117,0.199,0.199,0.105,0.363,0.363,0.796,0.796,0.41,0.211,0.281,0.328,0.48,,,,,,,,,,,,,,,,,,,,,,,,,,,,,,,,,0.128,0.35,0.268,0.501,0.478,0.361,0.641,0.606,0.513,0.455,0.28,0.711,0.548,0.641,0.117,0.105,0.385,0.221,0.501,0.256,0.338,0.35,0.478,0.315,0.315,0.781,0.455,0.769,0.128,0.128,,,,,,,,,,,,,,,,,,,,,,,,,,,,,,,,,,,,,,,,,,,,,,,,,,,,,,,,,,,,,,,
,Satkhira,June,6,0.679,0.012,0.714,0.012,0.492,0.55,0.433,0.48,0.527,0.55,0.726,0.691,0.609,0.667,0.363,0.691,0.597,0.386,0.597,0.574,0.269,0.878,0.445,0.855,0.808,0.796,0.527,0.082,0.468,0.269,**,0.808,0.714,0.738,0.141,0.164,0.211,0.714,0.738,0.749,0.246,0.129,0.152,0.199,0.293,0.129,0.468,0.246,0.094,0.222,0.176,0.117,0.269,0.269,0.785,0.785,0.504,0.363,0.304,0.234,0.749,,,,,,,,,,,,,,,,,,,,,,,,,,,,,,,,,0.175,0.373,0.326,0.583,0.618,0.548,0.664,0.548,0.548,0.571,0.42,0.711,0.594,0.688,0.163,0.186,0.536,0.012,0.548,0.28,0.42,0.431,0.758,0.198,0.233,0.769,0.711,0.828,0.245,0.315,,,,,,,,,,,,,,,,,,,,,,,,,,,,,,,,,,,,,,,,,,,,,,,,,,,,,,,,,,,,,,,
,Satkhira,June,7,0.679,0.117,0.703,0.012,0.34,0.082,0.246,0.328,0.667,0.304,0.363,0.609,0.539,0.644,0.375,0.609,0.55,0.304,0.667,0.375,0.211,0.644,0.468,0.703,0.726,0.714,0.433,0.105,0.55,0.047,**,0.656,0.667,0.691,0.129,0.117,0.281,0.761,0.714,0.761,0.738,0.304,0.117,0.246,0.386,0.07,0.422,0.234,0.222,0.199,0.234,0.246,0.679,0.679,0.761,0.761,0.574,0.433,0.351,0.07,0.304,,,,,,,,,,,,,,,,,,,,,,,,,,,,,,,,,0.21,0.256,0.245,0.524,0.653,0.49,0.699,0.291,0.513,0.653,0.117,0.35,0.583,0.594,0.175,0.21,0.478,0.047,0.466,0.245,0.35,0.315,0.746,0.163,0.163,0.711,0.851,0.781,0.268,0.315,,,,,,,,,,,,,,,,,,,,,,,,,,,,,,,,,,,,,,,,,,,,,,,,,,,,,,,,,,,,,,,
,Satkhira,June,8,0.585,0.012,0.562,0.012,0.176,0.141,0.129,0.375,0.504,0.246,0.574,0.351,0.433,0.211,0.34,0.562,0.457,0.34,0.644,0.375,0.316,0.234,0.656,0.211,0.656,0.644,0.293,0.129,0.281,0.515,**,0.41,0.644,0.667,0.691,0.234,0.246,0.504,0.269,0.714,0.504,0.48,0.105,0.035,0.094,0.316,0.644,0.023,0.187,0.199,0.246,0.246,0.176,0.176,0.679,0.679,0.656,0.082,0.55,0.059,0.714,,,,,,,,,,,,,,,,,,,,,,,,,,,,,,,,,0.221,0.245,0.198,0.606,0.559,0.338,0.478,0.291,0.408,0.513,0.128,0.315,0.478,0.548,0.152,0.501,0.373,0.082,0.361,0.152,0.152,0.198,0.688,0.245,0.14,0.268,0.303,0.559,0.245,0.221,,,,,,,,,,,,,,,,,,,,,,,,,,,,,,,,,,,,,,,,,,,,,,,,,,,,,,,,,,,,,,,
,Satkhira,June,9,0.433,0.035,0.422,0.012,0.012,0.176,0.152,0.105,0.375,0.176,0.445,0.422,0.422,0.141,0.304,0.293,0.363,0.328,0.574,0.269,0.187,0.082,0.55,0.222,0.492,0.48,0.258,0.129,0.398,0.562,**,0.504,0.457,0.504,0.597,0.211,0.211,0.445,0.527,0.468,0.398,0.55,0.07,0.176,0.117,0.562,0.105,0.047,0.094,0.152,0.164,0.621,0.164,0.164,0.55,0.55,0.55,0.059,0.234,0.258,0.585,,,,,,,,,,,,,,,,,,,,,,,,,,,,,,,,,0.21,0.105,0.117,0.478,0.198,0.128,0.291,0.256,0.245,0.478,0.256,0.198,0.396,0.268,0.163,0.198,0.303,0.117,0.035,0.221,0.198,0.221,0.571,0.256,0.559,0.198,0.105,0.21,0.175,0.105,,,,,,,,,,,,,,,,,,,,,,,,,,,,,,,,,,,,,,,,,,,,,,,,,,,,,,,,,,,,,,,
,Satkhira,June,10,0.316,0.059,0.281,0.012,0.012,0.234,0.129,0.047,0.176,0.152,0.293,0.094,0.129,0.129,0.129,0.281,0.293,0.246,0.492,0.176,0.129,0.141,0.105,0.246,0.211,0.269,0.176,0.176,0.012,0.222,**,0.211,0.269,0.293,0.164,0.199,0.105,0.293,0.211,0.187,0.211,0.199,0.129,0.105,0.082,0.176,0.141,0.07,0.082,0.199,0.375,0.023,0.351,0.351,3.923,0.41,0.363,0.035,0.258,0.152,0.246,,,,,,,,,,,,,,,,,,,,,,,,,,,,,,,,,0.117,0.105,0.082,0.268,0.326,0.152,0.233,0.163,0.186,0.361,0.14,0.221,0.268,0.233,0.128,0.14,0.21,0.07,0.233,0.21,0.163,0.163,0.42,0.186,0.524,0.117,0.093,0.105,0.035,0.082,,,,,,,,,,,,,,,,,,,,,,,,,,,,,,,,,,,,,,,,,,,,,,,,,,,,,,,,,,,,,,,
,Satkhira,June,11,0.141,0.023,0.105,0.012,0.012,0.059,0.035,0.094,0.105,0.094,0.105,0.152,0.117,0.094,0.082,0.152,0.152,0.094,0.246,0.105,0.152,0.199,0.152,0.187,0.152,0.176,0.129,0.129,0.012,0.059,**,0.059,0.012,0.129,0.187,0.117,0.035,0.012,0.164,0.129,0.129,0.129,0.059,0.082,0.059,0.164,0.035,0.023,0.035,0.222,0.222,0.047,0.234,0.234,0.199,0.199,0.246,0.035,0.012,0.105,0.211,,,,,,,,,,,,,,,,,,,,,,,,,,,,,,,,,0.047,0.058,0.07,0.14,0.152,0.117,0.14,0.14,0.128,0.198,0.14,0.117,0.128,0.128,0.082,0.093,0.07,0.047,0.117,0.117,0.058,0.058,0.28,0.128,0.361,0.14,0.152,0.117,0.023,0.023,,,,,,,,,,,,,,,,,,,,,,,,,,,,,,,,,,,,,,,,,,,,,,,,,,,,,,,,,,,,,,,
,Satkhira,June,12,0.141,0.012,0.035,0.07,0.012,0.012,0.012,0.023,0.012,0.023,0.023,0.023,0.047,0.047,0.047,0.035,0.035,0.023,0.059,0.574,0.012,0.047,0.047,0.047,0.047,0.047,0.07,0.035,0.012,0.012,**,0.059,0.012,0.012,0.059,0.035,0.012,0.012,0.012,0.012,0.012,0.012,0.012,0.047,0.012,0.012,0.012,0.012,0.012,0.176,0.059,0.035,0.07,0.07,0.059,0.059,0.082,0.012,0.012,0.047,0.047,,,,,,,,,,,,,,,,,,,,,,,,,,,,,,,,,0.012,0.012,0.035,0.035,0.023,0.035,0.035,0.012,0.105,0.14,0.082,0.035,0.035,0.012,0.023,0.012,0.012,0.012,0.023,0.035,0.035,0.023,0.035,0.012,0.047,0.035,0.047,0.012,0.012,0.012,,,,,,,,,,,,,,,,,,,,,,,,,,,,,,,,,,,,,,,,,,,,,,,,,,,,,,,,,,,,,,,
,Satkhira,June,13,0.035,0.012,0.012,0.047,0.012,0.012,0.012,0.012,0.012,0.012,0.012,0.012,0.012,0.012,0.012,0.012,0.012,0.012,0.012,0.012,0.012,0.012,0.012,0.012,0.012,0.012,0.012,0.012,0.012,0.012,**,0.012,0.012,0.012,0.012,0.012,0.012,0.012,0.012,0.012,0.012,0.012,0.012,0.012,0.012,0.012,0.012,0.012,0.012,0.012,0.012,0.012,0.012,0.012,0.012,0.012,0.012,0.012,0.012,0.012,0.012,,,,,,,,,,,,,,,,,,,,,,,,,,,,,,,,,0.012,0.012,0.012,0.012,0.012,0.012,0.012,0.012,0.035,0.023,0.035,0.012,0.012,0.012,0.012,0.012,0.012,0.012,0.012,0.012,0.012,0.012,0.012,0.012,0.012,0.012,0.012,0.012,0.012,0.012,,,,,,,,,,,,,,,,,,,,,,,,,,,,,,,,,,,,,,,,,,,,,,,,,,,,,,,,,,,,,,,
,,,Total,4.766,1.323,4.426,1.112,2.752,3.115,2.775,3.197,4.93,3.689,4.953,4.707,4.637,4.133,2.705,4.508,4.333,3.021,4.766,4.262,2.096,3.349,4.52,4.555,4.836,5.515,4.075,1.535,4.052,3.852,**,4.508,5.094,5.55,3.126,2.482,2.67,4.895,3.864,5.129,4.016,2.81,1.194,1.522,2.143,2.646,3.513,1.276,1.077,1.979,2.6,2.822,3.607,3.607,9.016,5.504,4.731,1.909,2.763,2.225,4.977,0,0,0,0,0,0,0,0,0,0,0,0,0,0,0,0,0,0,0,0,0,0,0,0,0,0,0,0,0,0,0,0,1.643,2.098,2.098,4.219,4.441,3.403,4.242,3.392,3.497,3.951,2.11,4.056,4.359,4.487,1.713,2.11,3.275,1.061,3.333,2.343,2.681,2.389,5.117,2.564,3.368,4.161,4.499,5.058,3.03,1.946,0,,,,,,,,,,,,,,,,,,,,,,,,,,,,,,,,,,,,,,,,,,,,,,,,,,,,,,,,,,,,,,
,Satkhira,July,0,**,**,**,**,**,**,**,**,**,**,**,**,**,**,**,**,**,**,**,**,**,**,**,**,**,**,**,**,**,**,**,0.023,0.012,0.012,0.012,0.012,0.012,0.012,0.012,0.012,0.012,0.012,0.012,0.012,0.012,0.012,0.012,0.012,0.012,0.012,0.012,0.012,0.012,0.012,0.012,0.012,0.012,0.012,0.012,0.012,0.012,0.012,,,,,,,,,,,,,,,,,,,,,,,,,,,,,,,,0.012,0.012,0.012,0.023,0.012,0.012,0.012,0.012,0.035,0.035,0.012,0.047,0.023,0.023,0.047,0.012,0.012,0.012,0.012,0.012,0.012,0.012,0.012,0.012,0.023,0.012,0.012,0.012,0.012,0.012,0.012,,,,,,,,,,,,,,,,,,,,,,,,,,,,,,,,,,,,,,,,,,,,,,,,,,,,,,,,,,,,,,
,Satkhira,July,1,**,**,**,**,**,**,**,**,**,**,**,**,**,**,**,**,**,**,**,**,**,**,**,**,**,**,**,**,**,**,**,0.164,0.023,0.023,0.035,0.035,0.023,0.023,0.012,0.082,0.023,0.023,0.023,0.035,0.023,0.023,0.035,0.023,0.012,0.012,0.023,0.023,0.035,0.035,0.023,0.023,0.012,0.012,0.023,0.012,0.012,0.023,,,,,,,,,,,,,,,,,,,,,,,,,,,,,,,,0.152,0.152,0.047,0.14,0.128,0.117,0.117,0.128,0.163,0.21,0.128,0.233,0.128,0.152,0.186,0.07,0.105,0.093,0.07,0.082,0.117,0.128,0.117,0.093,0.117,0.117,0.093,0.14,0.152,0.163,0.198,,,,,,,,,,,,,,,,,,,,,,,,,,,,,,,,,,,,,,,,,,,,,,,,,,,,,,,,,,,,,,
,Satkhira,July,2,**,**,**,**,**,**,**,**,**,**,**,**,**,**,**,**,**,**,**,**,**,**,**,**,**,**,**,**,**,**,**,0.141,0.164,0.152,0.164,0.082,0.059,0.105,0.023,0.152,0.105,0.105,0.07,0.082,0.105,0.023,0.129,0.117,0.105,0.012,0.176,0.141,0.094,0.105,0.07,0.105,0.012,0.059,0.047,0.059,0.082,0.152,,,,,,,,,,,,,,,,,,,,,,,,,,,,,,,,0.175,0.221,0.268,0.221,0.198,0.233,0.233,0.256,0.338,0.338,0.198,0.373,0.198,0.315,0.326,0.315,0.315,0.291,0.245,0.28,0.245,0.338,0.361,0.186,0.198,0.198,0.233,0.245,0.303,0.326,0.303,,,,,,,,,,,,,,,,,,,,,,,,,,,,,,,,,,,,,,,,,,,,,,,,,,,,,,,,,,,,,,
,Satkhira,July,3,**,**,**,**,**,**,**,**,**,**,**,**,**,**,**,**,**,**,**,**,**,**,**,**,**,**,**,**,**,**,**,0.222,0.246,0.199,0.222,0.152,0.07,0.082,0.07,0.316,0.222,0.152,0.211,0.234,0.222,0.234,0.199,0.316,0.199,0.211,0.152,0.328,0.246,0.363,0.316,0.07,0.012,0.234,0.363,0.117,0.152,0.293,,,,,,,,,,,,,,,,,,,,,,,,,,,,,,,,0.105,0.385,0.455,0.385,0.478,0.478,0.455,0.175,0.408,0.175,0.478,0.361,0.361,0.431,0.536,0.466,0.385,0.35,0.35,0.373,0.408,0.361,0.478,0.49,0.315,0.28,0.431,0.361,0.42,0.42,0.408,,,,,,,,,,,,,,,,,,,,,,,,,,,,,,,,,,,,,,,,,,,,,,,,,,,,,,,,,,,,,,
,Satkhira,July,4,**,**,**,**,**,**,**,**,**,**,**,**,**,**,**,**,**,**,**,**,**,**,**,**,**,**,**,**,**,**,**,0.34,0.386,0.316,0.386,0.141,0.094,0.094,0.117,0.351,0.246,0.222,0.375,0.433,0.316,0.328,0.386,0.515,0.234,0.386,0.07,0.457,0.351,0.492,0.457,0.351,0.059,0.632,0.515,0.141,0.316,0.316,,,,,,,,,,,,,,,,,,,,,,,,,,,,,,,,0.047,0.466,0.315,0.583,0.478,0.816,0.618,0.571,0.361,0.478,0.245,0.303,0.478,0.571,0.594,0.594,0.571,0.455,0.408,0.373,0.466,0.501,0.594,0.606,0.361,0.268,0.618,0.501,0.571,0.571,0.315,,,,,,,,,,,,,,,,,,,,,,,,,,,,,,,,,,,,,,,,,,,,,,,,,,,,,,,,,,,,,,
,Satkhira,July,5,**,**,**,**,**,**,**,**,**,**,**,**,**,**,**,**,**,**,**,**,**,**,**,**,**,**,**,**,**,**,**,0.398,0.152,0.41,0.281,0.48,0.281,0.105,0.515,0.269,0.316,0.316,0.34,0.621,0.199,0.445,0.222,0.585,0.328,0.597,0.281,0.679,0.457,0.761,0.609,0.433,0.07,0.504,0.714,0.34,0.41,0.363,,,,,,,,,,,,,,,,,,,,,,,,,,,,,,,,0.152,0.35,0.012,0.758,0.664,0.385,0.478,0.594,0.478,0.42,0.303,0.338,0.664,0.711,0.688,0.641,0.152,0.478,0.466,0.408,0.431,0.49,0.536,0.478,0.245,0.315,0.35,0.664,0.664,0.664,0.35,,,,,,,,,,,,,,,,,,,,,,,,,,,,,,,,,,,,,,,,,,,,,,,,,,,,,,,,,,,,,,
,Satkhira,July,6,**,**,**,**,**,**,**,**,**,**,**,**,**,**,**,**,**,**,**,**,**,**,**,**,**,**,**,**,**,**,**,0.398,0.269,0.41,0.48,0.41,0.258,0.117,0.351,0.34,0.258,0.34,0.386,0.562,0.375,0.433,0.667,0.714,0.363,0.644,0.48,0.703,0.55,0.703,0.621,0.504,0.094,0.749,0.621,0.386,0.433,0.316,,,,,,,,,,,,,,,,,,,,,,,,,,,,,,,,0.14,0.699,0.035,0.769,0.816,0.128,0.828,0.455,0.466,0.245,0.245,0.303,0.711,0.664,0.781,0.513,0.245,0.536,0.42,0.361,0.256,0.221,0.152,0.186,0.361,0.361,0.641,0.688,0.688,0.699,0.245,,,,,,,,,,,,,,,,,,,,,,,,,,,,,,,,,,,,,,,,,,,,,,,,,,,,,,,,,,,,,,
,Satkhira,July,7,**,**,**,**,**,**,**,**,**,**,**,**,**,**,**,**,**,**,**,**,**,**,**,**,**,**,**,**,**,**,**,0.012,0.269,0.211,0.386,0.258,0.281,0.164,0.363,0.363,0.351,0.433,0.749,0.258,0.351,0.55,0.749,0.738,0.328,0.808,0.855,0.726,0.433,0.761,0.738,0.703,0.152,0.785,0.738,0.457,0.504,0.012,,,,,,,,,,,,,,,,,,,,,,,,,,,,,,,,0.082,0.303,0.245,0.711,0.839,0.152,0.793,0.559,0.245,0.117,0.21,0.303,0.583,0.758,0.594,0.478,0.583,0.711,0.618,0.594,0.478,0.385,0.117,0.256,0.268,0.373,0.618,0.594,0.571,0.548,0.385,,,,,,,,,,,,,,,,,,,,,,,,,,,,,,,,,,,,,,,,,,,,,,,,,,,,,,,,,,,,,,
,Satkhira,July,8,**,**,**,**,**,**,**,**,**,**,**,**,**,**,**,**,**,**,**,**,**,**,**,**,**,**,**,**,**,**,**,0.269,0.047,0.761,0.773,0.258,0.234,0.082,0.351,0.398,0.386,0.152,0.363,0.316,0.316,0.574,0.703,0.679,0.351,0.269,0.785,0.761,0.726,0.738,0.773,0.714,0.082,0.703,0.293,0.433,0.141,0.117,,,,,,,,,,,,,,,,,,,,,,,,,,,,,,,,0.117,0.198,0.28,0.711,0.676,0.117,0.711,0.618,0.221,0.35,0.186,0.28,0.594,0.361,0.478,0.466,0.163,0.618,0.559,0.478,0.256,0.42,0.361,0.14,0.128,0.361,0.385,0.583,0.594,0.49,0.361,,,,,,,,,,,,,,,,,,,,,,,,,,,,,,,,,,,,,,,,,,,,,,,,,,,,,,,,,,,,,,
,Satkhira,July,9,**,**,**,**,**,**,**,**,**,**,**,**,**,**,**,**,**,**,**,**,**,**,**,**,**,**,**,**,**,**,**,0.667,0.187,0.293,0.504,0.375,0.164,0.222,0.304,0.281,0.34,0.082,0.059,0.304,0.492,0.515,0.621,0.574,0.527,0.691,0.738,0.621,0.55,0.585,0.679,0.55,0.164,0.738,0.504,0.351,0.129,0.375,,,,,,,,,,,,,,,,,,,,,,,,,,,,,,,,0.21,0.07,0.152,0.653,0.583,0.105,0.653,0.291,0.361,0.443,0.431,0.361,0.524,0.361,0.361,0.093,0.594,0.711,0.641,0.641,0.49,0.256,0.385,0.221,0.256,0.256,0.233,0.396,0.606,0.618,0.385,,,,,,,,,,,,,,,,,,,,,,,,,,,,,,,,,,,,,,,,,,,,,,,,,,,,,,,,,,,,,,
,Satkhira,July,10,**,**,**,**,**,**,**,**,**,**,**,**,**,**,**,**,**,**,**,**,**,**,**,**,**,**,**,**,**,**,**,0.258,0.351,0.176,0.222,0.082,0.105,0.269,0.246,0.152,0.222,0.047,0.012,0.222,0.398,0.082,0.246,0.504,0.48,0.55,0.597,0.152,0.269,0.562,0.703,0.386,0.141,0.492,0.597,0.492,0.105,0.199,,,,,,,,,,,,,,,,,,,,,,,,,,,,,,,,0.163,0.035,0.058,0.21,0.14,0.117,0.093,0.233,0.233,0.105,0.396,0.291,0.163,0.245,0.221,0.21,0.256,0.291,0.198,0.152,0.175,0.291,0.128,0.186,0.14,0.21,0.128,0.361,0.361,0.42,0.163,,,,,,,,,,,,,,,,,,,,,,,,,,,,,,,,,,,,,,,,,,,,,,,,,,,,,,,,,,,,,,
,Satkhira,July,11,**,**,**,**,**,**,**,**,**,**,**,**,**,**,**,**,**,**,**,**,**,**,**,**,**,**,**,**,**,**,**,0.141,0.34,0.152,0.176,0.234,0.445,0.258,0.152,0.222,0.141,0.023,0.012,0.316,0.164,0.129,0.199,0.316,0.304,0.621,0.363,0.176,0.199,0.398,0.386,0.246,0.199,0.386,0.176,0.246,0.152,0.105,,,,,,,,,,,,,,,,,,,,,,,,,,,,,,,,0.117,0.082,0.035,0.117,0.105,0.082,0.047,0.221,0.221,0.105,0.245,0.128,0.21,0.186,0.186,0.14,0.221,0.245,0.175,0.163,0.198,0.198,0.221,0.105,0.117,0.082,0.117,0.198,0.128,0.245,0.105,,,,,,,,,,,,,,,,,,,,,,,,,,,,,,,,,,,,,,,,,,,,,,,,,,,,,,,,,,,,,,
,Satkhira,July,12,**,**,**,**,**,**,**,**,**,**,**,**,**,**,**,**,**,**,**,**,**,**,**,**,**,**,**,**,**,**,**,0.141,0.141,0.152,0.152,0.059,0.152,0.07,0.047,0.012,0.047,0.012,0.012,0.105,0.117,0.082,0.117,0.176,0.059,0.035,0.012,0.082,0.222,0.258,0.059,0.059,0.012,0.035,0.141,0.129,0.105,0.023,,,,,,,,,,,,,,,,,,,,,,,,,,,,,,,,0.035,0.035,0.023,0.035,0.012,0.012,0.023,0.093,0.093,0.07,0.093,0.012,0.082,0.012,0.012,0.058,0.012,0.023,0.012,0.012,0.023,0.012,0.058,0.023,0.058,0.012,0.07,0.082,0.117,0.035,0.012,,,,,,,,,,,,,,,,,,,,,,,,,,,,,,,,,,,,,,,,,,,,,,,,,,,,,,,,,,,,,,
,Satkhira,July,13,**,**,**,**,**,**,**,**,**,**,**,**,**,**,**,**,**,**,**,**,**,**,**,**,**,**,**,**,**,**,**,0.012,0.105,0.047,0.047,0.07,0.023,0.023,0.012,0.012,0.012,0.012,0.012,0.035,0.035,0.023,0.023,0.035,0.035,0.258,0.035,0.012,0.082,0.012,0.012,0.012,0.012,0.012,0.023,0.012,0.035,0.012,,,,,,,,,,,,,,,,,,,,,,,,,,,,,,,,0.012,0.012,0.012,0.012,0.012,0.012,0.012,0.012,0.012,0.012,0.012,0.012,0.012,0.012,0.012,0.012,0.012,0.012,0.012,0.012,0.012,0.012,0.012,0.012,0.012,0.012,0.012,0.012,0.012,0.012,0.012,,,,,,,,,,,,,,,,,,,,,,,,,,,,,,,,,,,,,,,,,,,,,,,,,,,,,,,,,,,,,,
,,,Total,,,,,,,,,,,,,,,,,,,,,,,,,,,,,,,**,3.185,2.693,3.314,3.841,2.646,2.201,1.628,2.576,2.963,2.681,1.932,2.635,3.536,3.126,3.454,4.309,5.304,3.337,5.105,4.578,4.871,4.227,5.785,5.457,4.169,1.03,5.351,4.766,3.185,2.588,2.319,0,0,0,0,0,0,0,0,0,0,0,0,0,0,0,0,0,0,0,0,0,0,0,0,0,0,0,0,0,0,0,1.515,3.019,1.946,5.326,5.14,2.762,5.07,4.219,3.636,3.1,3.182,3.345,4.732,4.802,5.023,4.068,3.625,4.825,4.184,3.939,3.566,3.625,3.531,2.995,2.599,2.855,3.939,4.837,5.198,5.221,3.252,,,,,,,,,,,,,,,,,,,,,,,,,,,,,,,,,,,,,,,,,,,,,,,,,,,,,,,,,,,,,,
,Satkhira,August,0,0.035,0.023,0.012,0.023,0.023,0.012,0.012,0.012,0.047,0.023,0.012,0.012,0.047,0.012,0.012,0.012,0.012,0.023,0.023,0.023,0.023,0.023,0.023,0.012,0.012,0.012,0.023,0.023,0.012,0.023,0.012,,,,,,,,,,,,,,,,,,,,,,,,,,,,,,,,0.012,0.012,0.012,0.012,0.012,0.012,0.012,0.012,0.012,0.012,0.012,0.012,0.012,0.012,0.012,0.012,0.012,0.012,0.012,0.012,0.012,0.012,0.012,0.012,0.012,0.012,0.012,0.012,0.012,0.012,0.012,0.012,0.012,0.012,0.012,0.012,0.012,0.012,0.012,0.012,0.012,0.012,0.012,0.012,0.012,0.012,0.012,0.012,0.012,0.012,0.012,0.012,0.012,0.012,0.012,0.012,0.012,0.012,0.012,0.012,0.012,0.012,,,,,,,,,,,,,,,,,,,,,,,,,,,,,,,,,,,,,,,,,,,,,,,,,,,,,,,,,,,,,,
,Satkhira,August,1,0.152,0.105,0.129,0.129,0.129,0.012,0.012,0.023,0.141,0.082,0.094,0.023,0.152,0.023,0.023,0.012,0.012,0.059,0.141,0.094,0.105,0.141,0.141,0.035,0.012,0.012,0.141,0.094,0.059,0.117,0.012,,,,,,,,,,,,,,,,,,,,,,,,,,,,,,,,0.012,0.012,0.012,0.012,0.012,0.012,0.012,0.012,0.012,0.012,0.012,0.012,0.012,0.012,0.012,0.012,0.012,0.012,0.012,0.012,0.012,0.012,0.012,0.012,0.012,0.012,0.012,0.012,0.012,0.012,0.012,0.117,0.035,0.012,0.012,0.093,0.082,0.082,0.035,0.082,0.082,0.093,0.082,0.093,0.058,0.105,0.105,0.117,0.117,0.047,0.012,0.07,0.07,0.012,0.035,0.035,0.117,0.117,0.07,0.105,0.117,0.117,,,,,,,,,,,,,,,,,,,,,,,,,,,,,,,,,,,,,,,,,,,,,,,,,,,,,,,,,,,,,,
,Satkhira,August,2,0.176,0.222,0.176,0.199,0.164,0.012,0.117,0.012,0.222,0.129,0.176,0.059,0.222,0.07,0.187,0.012,0.012,0.152,0.246,0.269,0.234,0.222,0.281,0.293,0.035,0.023,0.34,0.386,0.246,0.363,0.105,,,,,,,,,,,,,,,,,,,,,,,,,,,,,,,,0.035,0.082,0.012,0.047,0.082,0.012,0.035,0.047,0.105,0.058,0.117,0.128,0.07,0.105,0.035,0.035,0.058,0.047,0.082,0.117,0.047,0.128,0.093,0.07,0.082,0.082,0.058,0.058,0.012,0.07,0.117,0.198,0.117,0.07,0.117,0.14,0.128,0.175,0.117,0.233,0.117,0.14,0.186,0.221,0.117,0.268,0.28,0.361,0.291,0.186,0.326,0.221,0.221,0.012,0.105,0.117,0.268,0.268,0.198,0.198,0.245,0.128,,,,,,,,,,,,,,,,,,,,,,,,,,,,,,,,,,,,,,,,,,,,,,,,,,,,,,,,,,,,,,
,Satkhira,August,3,0.199,0.293,0.199,0.316,0.152,0.059,0.187,0.012,0.363,0.269,0.281,0.129,0.386,0.07,0.07,0.059,0.012,0.316,0.433,0.504,0.246,0.246,0.585,0.105,0.105,0.105,0.585,0.609,0.281,0.562,0.246,,,,,,,,,,,,,,,,,,,,,,,,,,,,,,,,0.117,0.152,0.047,0.163,0.361,0.035,0.058,0.105,0.105,0.117,0.233,0.315,0.07,0.221,0.117,0.07,0.117,0.082,0.14,0.21,0.105,0.198,0.245,0.233,0.152,0.152,0.105,0.152,0.198,0.14,0.221,0.221,0.245,0.152,0.291,0.396,0.291,0.408,0.245,0.245,0.105,0.233,0.385,0.268,0.012,0.256,0.385,0.408,0.548,0.163,0.291,0.408,0.408,0.117,0.291,0.268,0.268,0.233,0.315,0.35,0.338,0.431,,,,,,,,,,,,,,,,,,,,,,,,,,,,,,,,,,,,,,,,,,,,,,,,,,,,,,,,,,,,,,
,Satkhira,August,4,0.574,0.621,0.574,0.386,0.691,0.457,0.433,0.047,0.293,0.41,0.679,0.222,0.527,0.105,0.105,0.246,0.012,0.34,0.55,0.656,0.363,0.574,0.644,0.269,0.199,0.269,0.691,0.703,0.585,0.609,0.328,,,,,,,,,,,,,,,,,,,,,,,,,,,,,,,,0.233,0.186,0.07,0.291,0.303,0.035,0.105,0.128,0.128,0.35,0.431,0.338,0.105,0.233,0.28,0.163,0.117,0.093,0.431,0.221,0.291,0.431,0.42,0.303,0.186,0.233,0.524,0.466,0.105,0.431,0.431,0.303,0.303,0.221,0.35,0.583,0.455,0.594,0.641,0.431,0.07,0.291,0.711,0.35,0.105,0.361,0.548,0.583,0.629,0.221,0.105,0.478,0.548,0.152,0.315,0.408,0.373,0.28,0.466,0.455,0.431,0.571,,,,,,,,,,,,,,,,,,,,,,,,,,,,,,,,,,,,,,,,,,,,,,,,,,,,,,,,,,,,,,
,Satkhira,August,5,0.644,0.878,0.656,0.129,0.785,0.504,0.504,0.035,0.445,0.738,0.773,0.363,0.597,0.094,0.094,0.328,0.129,0.316,0.574,0.55,0.621,0.667,0.738,0.574,0.234,0.433,0.773,0.55,0.609,0.738,0.363,,,,,,,,,,,,,N/A,,,,,,,,,,,,,,,,,,,0.268,0.128,0.128,0.361,0.641,0.163,0.082,0.128,0.152,0.431,0.653,0.42,0.186,0.245,0.315,0.21,0.117,0.245,0.536,0.07,0.268,0.618,0.501,0.408,0.221,0.303,0.513,0.513,0.385,0.641,0.513,0.361,0.35,0.245,0.758,0.711,0.536,0.664,0.699,0.548,0.455,0.361,0.793,0.548,0.152,0.291,0.781,0.723,0.711,0.233,0.117,0.42,0.594,0.431,0.361,0.548,0.478,0.291,0.431,0.571,0.466,0.688,,,,,,,,,,,,,,,,,,,,,,,,,,,,,,,,,,,,,,,,,,,,,,,,,,,,,,,,,,,,,,
,Satkhira,August,6,0.785,0.831,0.785,0.422,0.796,0.574,0.129,0.012,0.129,0.761,0.234,0.41,0.012,0.105,0.105,0.433,0.246,0.468,0.269,0.621,0.761,0.738,0.843,0.398,0.246,0.468,0.785,0.82,0.773,0.667,0.386,,,,,,,,,,,,,,,,,,,,,,,,,,,,,,,,0.501,0.408,0.152,0.466,0.606,0.315,0.128,0.152,0.245,0.559,0.676,0.455,0.21,0.186,0.385,0.478,0.326,0.42,0.268,0.117,0.758,0.699,0.571,0.571,0.233,0.35,0.268,0.548,0.688,0.688,0.641,0.42,0.361,0.291,0.711,0.781,0.245,0.781,0.828,0.315,0.245,0.291,0.455,0.676,0.012,0.268,0.804,0.758,0.723,0.245,0.21,0.524,0.618,0.571,0.245,0.676,0.431,0.431,0.594,0.734,0.385,0.513,,,,,,,,,,,,,,,,,,,,,,,,,,,,,,,,,,,,,,,,,,,,,,,,,,,,,,,,,,,,,,
,Satkhira,August,7,0.714,0.176,0.667,0.457,0.761,0.644,0.129,0.176,0.445,0.667,0.609,0.375,0.129,0.117,0.117,0.785,0.187,0.55,0.773,0.574,0.691,0.621,0.761,0.059,0.222,0.316,0.749,0.597,0.609,0.656,0.422,,,,,,,,,,,,,,,,,,,,,,,,,,,,,,,,0.629,0.245,0.117,0.688,0.594,0.851,0.21,0.128,0.373,0.618,0.629,0.478,0.245,0.221,0.431,0.734,0.396,0.35,0.175,0.186,0.921,0.781,0.629,0.641,0.245,0.117,0.862,0.233,0.629,0.361,0.117,0.361,0.221,0.233,0.361,0.245,0.291,0.594,0.163,0.548,0.233,0.198,0.629,0.594,0.082,0.14,0.536,0.653,0.699,0.152,0.221,0.198,0.688,0.268,0.198,0.711,0.524,0.245,0.664,0.688,0.478,0.664,,,,,,,,,,,,,,,,,,,,,,,,,,,,,,,,,,,,,,,,,,,,,,,,,,,,,,,,,,,,,,
,Satkhira,August,8,0.691,0.48,0.141,0.562,0.609,0.749,0.246,0.164,0.222,0.597,0.48,0.316,0.176,0.105,0.105,0.433,0.187,0.457,0.504,0.41,0.55,0.34,0.059,0.059,0.316,0.785,0.726,0.667,0.269,0.632,0.703,,,,,,,,,,,,,,,,,,,,,,,,,,,,,,,,0.688,0.163,0.128,0.35,0.513,0.699,0.186,0.338,0.326,0.431,0.315,0.641,0.21,0.198,0.221,0.443,0.303,0.268,0.338,0.35,0.21,0.443,0.594,0.513,0.28,0.012,0.594,0.128,0.466,0.408,0.804,0.233,0.128,0.268,0.245,0.233,0.396,0.466,0.117,0.163,0.082,0.117,0.524,0.594,0.14,0.21,0.548,0.571,0.559,0.093,0.198,0.49,0.513,0.361,0.21,0.431,0.478,0.524,0.571,0.583,0.501,0.769,,,,,,,,,,,,,,,,,,,,,,,,,,,,,,,,,,,,,,,,,,,,,,,,,,,,,,,,,,,,,,
,Satkhira,August,9,0.55,0.375,0.094,0.222,0.433,0.457,0.117,0.164,0.328,0.527,0.363,0.269,0.035,0.07,0.07,0.48,0.199,0.363,0.34,0.304,0.48,0.176,0.082,0.082,0.328,0.48,0.059,0.246,0.094,0.504,0.527,,,,,,,,,,,,,,,,,,,,,,,,,,,,,,,,0.734,0.14,0.21,0.128,0.548,0.559,0.221,0.315,0.221,0.21,0.175,0.326,0.245,0.245,0.245,0.361,0.396,0.315,0.303,0.315,0.14,0.594,0.641,0.315,0.326,0.012,0.105,0.14,0.431,0.385,0.559,0.14,0.128,0.21,0.105,0.105,0.163,0.186,0.152,0.175,0.07,0.047,0.326,0.373,0.058,0.21,0.501,0.524,0.408,0.07,0.245,0.396,0.373,0.256,0.245,0.513,0.466,0.28,0.245,0.385,0.396,0.559,,,,,,,,,,,,,,,,,,,,,,,,,,,,,,,,,,,,,,,,,,,,,,,,,,,,,,,,,,,,,,
,Satkhira,August,10,0.293,0.105,0.035,0.117,0.234,0.234,0.07,0.035,0.281,0.316,0.293,0.34,0.012,0.164,0.164,0.351,0.141,0.351,0.293,0.07,0.316,0.105,0.176,0.176,0.129,0.199,0.363,0.234,0.059,0.351,0.386,,,,,,,,,,,,,,,,,,,,,,,,,,,,,,,,0.606,0.035,0.268,0.117,0.478,0.524,0.233,0.303,0.186,0.175,0.07,0.047,0.35,0.338,0.245,0.594,0.303,0.28,0.245,0.338,0.152,0.548,0.524,0.361,0.396,0.012,0.233,0.198,0.361,0.315,0.594,0.047,0.105,0.058,0.14,0.093,0.221,0.396,0.117,0.14,0.058,0.082,0.163,0.082,0.023,0.093,0.361,0.361,0.093,0.175,0.28,0.256,0.315,0.245,0.396,0.128,0.303,0.21,0.198,0.221,0.245,0.42,,,,,,,,,,,,,,,,,,,,,,,,,,,,,,,,,,,,,,,,,,,,,,,,,,,,,,,,,,,,,,
,Satkhira,August,11,0.082,0.176,0.07,0.059,0.105,0.176,0.035,0.023,0.059,0.129,0.152,0.176,0.012,0.023,0.023,0.07,0.07,0.059,0.129,0.082,0.129,0.059,0.094,0.094,0.012,0.059,0.023,0.129,0.035,0.094,0.187,,,,,,,,,,,,,,,,,,,,,,,,,,,,,,,,0.559,0.035,0.128,0.058,0.373,0.233,0.117,0.28,0.175,0.152,0.047,0.047,0.198,0.186,0.198,0.175,0.233,0.21,0.163,0.245,0.198,0.233,0.198,0.338,0.385,0.012,0.152,0.058,0.128,0.105,0.175,0.012,0.047,0.023,0.117,0.047,0.082,0.093,0.082,0.14,0.082,0.128,0.117,0.117,0.07,0.117,0.093,0.14,0.186,0.128,0.128,0.082,0.14,0.117,0.21,0.035,0.128,0.105,0.128,0.175,0.163,0.233,,,,,,,,,,,,,,,,,,,,,,,,,,,,,,,,,,,,,,,,,,,,,,,,,,,,,,,,,,,,,,
,Satkhira,August,12,0.082,0.012,0.035,0.012,0.059,0.035,0.012,0.012,0.023,0.012,0.023,0.023,0.012,0.012,0.012,0.023,0.023,0.023,0.035,0.023,0.023,0.012,0.012,0.012,0.012,0.023,0.012,0.012,0.012,0.012,0.059,,,,,,,,,,,,,,,,,,,,,,,,,,,,,,,,0.175,0.023,0.21,0.082,0.21,0.117,0.07,0.152,0.128,0.058,0.035,0.117,0.117,0.07,0.117,0.093,0.14,0.186,0.128,0.128,0.082,0.14,0.117,0.128,0.14,0.012,0.035,0.023,0.082,0.082,0.256,0.012,0.012,0.023,0.012,0.035,0.047,0.035,0.047,0.093,0.023,0.012,0.023,0.012,0.07,0.128,0.012,0.035,0.023,0.012,0.163,0.012,0.012,0.152,0.012,0.012,0.035,0.047,0.07,0.07,0.093,0.105,,,,,,,,,,,,,,,,,,,,,,,,,,,,,,,,,,,,,,,,,,,,,,,,,,,,,,,,,,,,,,
,Satkhira,August,13,0.035,0.012,0.012,0.012,0.012,0.012,0.012,0.012,0.012,0.012,0.012,0.012,0.012,0.012,0.012,0.012,0.012,0.012,0.012,0.012,0.012,0.012,0.012,0.012,0.012,0.012,0.012,0.012,0.012,0.012,0.012,,,,,,,,,,,,,,,,,,,,,,,,,,,,,,,,0.035,0.012,0.023,0.012,0.035,0.047,0.035,0.047,0.047,0.023,0.012,0.035,0.023,0.023,0.023,0.012,0.058,0.047,0.023,0.023,0.023,0.047,0.035,0.047,0.012,0.012,0.012,0.012,0.012,0.012,0.01,0.012,0.012,0.012,0.012,0.012,0.012,0.012,0.012,0.012,0.012,0.012,0.012,0.012,0.012,0.012,0.012,0.012,0.012,0.012,0.012,0.012,0.012,0.012,0.012,0.012,0.012,0.012,0.012,0.012,0.012,0.012,,,,,,,,,,,,,,,,,,,,,,,,,,,,,,,,,,,,,,,,,,,,,,,,,,,,,,,,,,,,,,
,,,Total,5.012,4.309,3.583,3.044,4.953,3.934,2.014,0.738,3.009,4.672,4.18,2.728,2.33,0.984,1.101,3.255,1.253,3.489,4.321,4.192,4.555,3.934,4.45,2.178,1.874,3.197,5.281,5.082,3.653,5.34,3.747,0,0,0,0,0,0,0,0,0,0,0,0,0,0,0,0,0,0,0,0,0,0,0,0,0,0,0,0,0,0,0,0.012,0.012,0.012,0.012,0.012,0.012,0.012,0.012,0.012,0.012,0.012,0.012,0.012,0.012,0.012,0.012,0.012,0.012,0.012,0.012,0.012,0.012,0.012,0.012,0.012,0.012,0.012,0.012,0.012,0.012,0.012,2.448,2.075,1.83,3.24,3.485,2.96,4.499,3.263,3.135,1.643,2.016,4.417,3.951,0.921,2.471,4.977,5.256,5.012,1.748,2.319,3.578,4.522,2.716,2.646,3.904,3.893,3.054,3.974,4.557,3.881,5.221,,,,,,,,,,,,,,,,,,,,,,,,,,,,,,,,,,,,,,,,,,,,,,,,,,,,,,,,,,,,,,
,Satkhira,September,0,0.012,0.023,0.023,0.023,0.012,0.023,0.012,0.012,0.012,0.012,0.012,0.012,0.012,0.012,0.012,0.012,0.012,0.012,0.012,0.012,0.012,0.012,0.012,0.012,0.012,0.012,0.012,0.012,0.012,0.012,**,0.012,0.012,0.012,0.012,0.012,0.023,0.023,0.012,0.012,0.012,0.012,0.012,0.012,0.012,0.012,0.012,0.012,0.012,0.012,0.012,0.012,0.012,0.012,0.012,0.012,0.012,0.105,0.012,0.012,0.012,,,,,,,,,,,,,,,,,,,,,,,,,,,,,,,,,0.012,0.012,0.012,0.012,0.012,0.012,0.012,0.012,0.012,0.012,0.012,0.012,0.012,0.012,0.012,0.012,0.012,0.012,0.012,0.012,0.012,0.012,0.012,0.012,,,,,,,,,,,,,,,,,,,,,,,,,,,,,,,,,,,,,,,,,,,,,,,,,,,,,,,,,,,,,,,,,,,,,
,Satkhira,September,1,0.012,0.246,0.152,0.07,0.012,0.176,0.012,0.012,0.012,0.012,0.012,0.012,0.012,0.012,0.012,0.012,0.129,0.012,0.012,0.012,0.012,0.012,0.012,0.012,0.012,0.012,0.012,0.012,0.012,0.012,**,0.023,0.141,0.059,0.082,0.117,0.152,0.141,0.035,0.082,0.023,0.082,0.082,0.105,0.141,0.094,0.105,0.129,0.129,0.105,0.012,0.082,0.07,0.012,0.023,0.129,0.047,0.211,0.129,0.152,0.141,,,,,,,,,,,,,,,,,,,,,,,,,,,,,,,,,0.082,0.117,0.117,0.093,0.082,0.082,0.105,0.117,0.082,0.117,0.117,0.023,0.012,0.012,0.012,0.058,0.047,0.047,0.035,0.082,0.082,0.105,0.093,0.093,,,,,,,,,,,,,,,,,,,,,,,,,,,,,,,,,,,,,,,,,,,,,,,,,,,,,,,,,,,,,,,,,,,,,
,Satkhira,September,2,0.035,0.316,0.246,0.222,0.07,0.269,0.012,0.094,0.035,0.129,0.035,0.035,0.023,0.152,0.129,0.117,0.363,0.152,0.129,0.105,0.129,0.07,0.047,0.176,0.023,0.152,0.047,0.023,0.023,0.023,**,0.082,0.304,0.34,0.41,0.422,0.234,0.199,0.141,0.293,0.012,0.199,0.234,0.129,0.246,0.246,0.363,0.035,0.105,0.164,0.012,0.012,0.164,0.059,0.047,0.094,0.094,0.433,0.281,0.328,0.304,,,,,,,,,,,,,,,,,,,,,,,,,,,,,,,,,0.268,0.291,0.315,0.221,0.198,0.198,0.233,0.315,0.117,0.326,0.152,0.117,0.047,0.023,0.023,0.233,0.14,0.245,0.35,0.221,0.221,0.315,0.233,0.245,,,,,,,,,,,,,,,,,,,,,,,,,,,,,,,,,,,,,,,,,,,,,,,,,,,,,,,,,,,,,,,,,,,,,
,Satkhira,September,3,0.152,0.457,0.398,0.164,0.176,0.094,0.035,0.211,0.199,0.129,0.141,0.012,0.176,0.41,0.222,0.246,0.468,0.433,0.398,0.328,0.34,0.234,0.234,0.246,0.082,0.176,0.199,0.117,0.234,0.234,**,0.246,0.55,0.585,0.562,0.48,0.48,0.281,0.234,0.48,0.012,0.574,0.574,0.457,0.515,0.48,0.457,0.152,0.515,0.48,0.012,0.117,0.094,0.094,0.082,0.164,0.164,0.656,0.457,0.48,0.527,,,,,,,,,,,,,,,,,,,,,,,,,,,,,,,,,0.431,0.513,0.536,0.245,0.291,0.268,0.35,0.221,0.163,0.361,0.35,0.082,0.012,0.012,0.012,0.373,0.117,0.303,0.245,0.303,0.315,0.548,0.478,0.338,,,,,,,,,,,,,,,,,,,,,,,,,,,,,,,,,,,,,,,,,,,,,,,,,,,,,,,,,,,,,,,,,,,,,
,Satkhira,September,4,0.386,0.539,0.504,0.316,0.222,0.773,0.129,0.293,0.363,0.152,0.094,0.047,0.246,0.55,0.504,0.422,0.574,0.539,0.539,0.468,0.445,0.398,0.48,0.398,0.094,0.211,0.34,0.222,0.199,0.199,**,0.047,0.609,0.667,0.293,0.281,0.539,0.609,0.363,0.632,0.117,0.141,0.691,0.187,0.597,0.656,0.515,0.48,0.644,0.679,0.187,0.187,0.117,0.07,0.07,0.047,0.199,0.422,0.562,0.609,0.574,,,,,,,,,,,,,,,,,,,,,,,,,,,,,,,,,0.548,0.361,0.478,0.385,0.431,0.268,0.431,0.594,0.35,0.688,0.431,0.128,0.012,0.012,0.012,0.466,0.012,0.35,0.361,0.501,0.501,0.594,0.606,0.431,,,,,,,,,,,,,,,,,,,,,,,,,,,,,,,,,,,,,,,,,,,,,,,,,,,,,,,,,,,,,,,,,,,,,
,Satkhira,September,5,0.433,0.667,0.574,0.047,0.269,0.234,0.269,0.059,0.925,0.293,0.176,0.117,0.562,0.585,0.691,0.48,0.644,0.632,0.621,0.644,0.468,0.433,0.644,0.667,0.41,0.422,0.41,0.269,0.258,0.258,**,0.012,0.667,0.703,0.199,0.656,0.714,0.574,0.55,0.691,0.316,0.363,0.714,0.667,0.796,0.34,0.749,0.667,0.703,0.703,0.199,0.199,0.164,0.152,0.152,0.105,0.105,0.34,0.714,0.691,0.621,,,,,,,,Instrument Out of Date,,,,,,,,,,,,,,,,,,,,,,,,,0.699,0.396,0.571,0.501,0.466,0.431,0.583,0.688,0.594,0.699,0.117,0.117,0.117,0.012,0.012,0.117,0.559,0.012,0.361,0.385,0.361,0.524,0.629,0.594,,,,,,,,,,,,,,,,,,,,,,,,,,,,,,,,,,,,,,,,,,,,,,,,,,,,,,,,,,,,,,,,,,,,,
,Satkhira,September,6,0.457,0.761,0.621,0.117,0.41,0.609,0.363,0.035,0.749,0.48,0.316,0.094,0.656,0.644,0.738,0.667,0.644,0.691,0.703,0.714,0.703,0.738,0.714,0.258,0.082,0.363,0.293,0.211,0.222,0.222,**,0.07,0.703,0.211,0.176,0.82,0.726,0.386,0.304,0.796,0.433,0.234,0.902,0.504,0.562,0.82,0.597,0.351,0.796,0.796,0.176,0.176,0.152,0.176,0.176,0.07,0.234,0.176,0.691,0.749,0.199,,,,,,,,,,,,,,,,,,,,,,,,,,,,,,,,,0.804,0.42,0.466,0.618,0.28,0.117,0.688,0.816,0.734,0.734,0.012,0.082,0.117,0.012,0.233,0.746,0.653,0.431,0.431,0.012,0.117,0.594,0.315,0.548,,,,,,,,,,,,,,,,,,,,,,,,,,,,,,,,,,,,,,,,,,,,,,,,,,,,,,,,,,,,,,,,,,,,,
,Satkhira,September,7,0.504,0.597,0.316,0.164,0.187,0.152,0.281,0.07,0.785,0.492,0.164,0.269,0.457,0.679,0.761,0.644,0.726,0.82,0.749,0.726,0.269,0.691,0.621,0.105,0.129,0.504,0.199,0.129,0.164,0.164,**,0.211,0.187,0.785,0.831,0.773,0.304,0.574,0.621,0.667,0.468,0.527,0.141,0.749,0.328,0.117,0.468,0.609,0.504,0.504,0.152,0.152,0.141,0.199,0.199,0.187,0.129,0.246,0.48,0.234,0.234,,,,,,,,,,,,,,,,,,,,,,,,,,,,,,,,,0.793,0.746,0.559,0.513,0.245,0.291,0.804,0.559,0.711,0.618,0.012,0.035,0.117,0.198,0.35,0.734,0.245,0.478,0.501,0.245,0.221,0.361,0.35,0.361,,,,,,,,,,,,,,,,,,,,,,,,,,,,,,,,,,,,,,,,,,,,,,,,,,,,,,,,,,,,,,,,,,,,,
,Satkhira,September,8,0.48,0.304,0.234,0.328,0.222,0.363,0.152,0.059,0.761,0.445,0.363,0.34,0.293,0.714,0.667,0.269,0.386,0.667,0.714,0.585,0.012,0.34,0.047,0.176,0.152,0.375,0.246,0.199,0.269,0.269,**,0.211,0.703,0.691,0.714,0.796,0.386,0.621,0.703,0.562,0.48,0.574,0.246,0.433,0.304,0.211,0.293,0.667,0.644,0.644,0.258,0.258,0.105,0.164,0.164,0.129,0.082,0.515,0.422,0.433,0.281,,,,,,,,,,,,,,,,,,,,,,,,,,,,,,,,,0.711,0.723,0.629,0.303,0.303,0.315,0.804,0.991,0.804,0.361,0.117,0.012,0.07,0.198,0.221,0.711,0.21,0.536,0.245,0.268,0.303,0.128,0.42,0.466,,,,,,,,,,,,,,,,,,,,,,,,,,,,,,,,,,,,,,,,,,,,,,,,,,,,,,,,,,,,,,,,,,,,,
,Satkhira,September,9,0.222,0.48,0.07,0.222,0.328,0.199,0.117,0.082,0.492,0.351,0.48,0.41,0.433,0.433,0.667,0.234,0.515,0.468,0.667,0.656,0.012,0.656,1.101,0.07,0.269,0.258,0.34,0.293,0.199,0.199,**,0.141,0.468,0.48,0.527,0.492,0.258,0.504,0.597,0.211,0.211,0.609,0.422,0.141,0.187,0.094,0.164,0.504,0.293,0.293,0.176,0.176,0.105,0.117,0.117,0.07,0.082,0.246,0.398,0.152,0.211,,,,,,,,,,,,,,,,,,,,,,,,,,,,,,,,,0.536,0.559,0.023,0.128,0.233,0.361,0.629,0.711,0.699,0.303,0.093,0.012,0.047,0.14,0.233,0.629,0.198,0.396,0.047,0.315,0.478,0.105,0.21,0.455,,,,,,,,,,,,,,,,,,,,,,,,,,,,,,,,,,,,,,,,,,,,,,,,,,,,,,,,,,,,,,,,,,,,,
,Satkhira,September,10,0.035,0.012,0.34,0.152,0.386,0.176,0.082,0.07,0.105,0.281,0.246,0.199,0.211,0.129,0.492,0.129,0.141,0.012,0.55,0.457,0.047,0.504,0.152,0.012,0.105,0.258,0.293,0.269,0.293,0.222,**,0.047,0.141,0.386,0.363,0.34,0.304,0.246,0.527,0.035,0.141,0.176,0.141,0.164,0.105,0.07,0.152,0.222,0.141,0.141,0.047,0.047,0.035,0.023,0.023,0.023,0.035,0.012,0.234,0.023,0.141,,,,,,,,,,,,,,,,,,,,,,,,,,,,,,,,,0.361,0.315,0.128,0.093,0.268,0.21,0.49,0.559,0.07,0.117,0.14,0.012,0.035,0.093,0.14,0.128,0.117,0.361,0.128,0.093,0.315,0.012,0.268,0.326,,,,,,,,,,,,,,,,,,,,,,,,,,,,,,,,,,,,,,,,,,,,,,,,,,,,,,,,,,,,,,,,,,,,,
,Satkhira,September,11,0.012,0.012,0.012,0.082,0.176,0.105,0.059,0.059,0.047,0.094,0.152,0.105,0.035,0.129,0.141,0.082,0.187,0.012,0.082,0.082,0.047,0.304,0.187,0.023,0.07,0.082,0.129,0.012,0.269,0.152,**,0.047,0.07,0.141,0.129,0.117,0.094,0.105,0.152,0.105,0.082,0.094,0.141,0.094,0.059,0.035,0.059,0.129,0.047,0.047,0.035,0.035,0.035,0.012,0.012,0.012,0.012,0.012,0.047,0.012,0.094,,,,,,,,,,,,,,,,,,,,,,,,,,,,,,,,,0.245,0.21,0.082,0.082,0.14,0.058,0.35,0.35,0.047,0.128,0.012,0.012,0.012,0.047,0.023,0.012,0.047,0.07,0.058,0.082,0.152,0.012,0.152,0.128,,,,,,,,,,,,,,,,,,,,,,,,,,,,,,,,,,,,,,,,,,,,,,,,,,,,,,,,,,,,,,,,,,,,,
,Satkhira,September,12,0.012,0.012,0.012,0.012,0.082,0.012,0.059,0.035,0.023,0.012,0.059,0.047,0.035,0.047,0.117,0.035,0.012,0.012,0.152,0.047,0.023,0.023,0.023,0.035,0.023,0.023,0.023,0.012,0.012,0.012,**,0.047,0.012,0.012,0.012,0.012,0.012,0.012,0.07,0.012,0.012,0.012,0.012,0.012,0.012,0.012,0.012,0.012,0.012,0.012,0.012,0.012,0.012,0.012,0.012,0.012,0.012,0.012,0.012,0.012,0.012,,,,,,,,,,,,,,,,,,,,,,,,,,,,,,,,,0.117,0.105,0.035,0.012,0.047,0.012,0.163,0.14,0.012,0.093,0.012,0.012,0.012,0.012,0.012,0.012,0.012,0.012,0.012,0.012,0.012,0.012,0.012,0.012,,,,,,,,,,,,,,,,,,,,,,,,,,,,,,,,,,,,,,,,,,,,,,,,,,,,,,,,,,,,,,,,,,,,,
,Satkhira,September,13,0.012,0.012,0.012,0.012,0.012,0.012,0.012,0.012,0.012,0.012,0.012,0.012,0.012,0.012,0.012,0.012,0.012,0.012,0.012,0.012,0.012,0.012,0.012,0.012,0.012,0.012,0.012,0.012,0.012,0.012,**,0.035,0.012,0.012,0.012,0.012,0.012,0.012,0.012,0.012,0.012,0.012,0.012,0.012,0.012,0.012,0.012,0.012,0.012,0.012,0.012,0.012,0.012,0.012,0.012,0.012,0.012,0.012,0.012,0.012,0.012,,,,,,,,,,,,,,,,,,,,,,,,,,,,,,,,,0.012,0.012,0.012,0.012,0.012,0.012,0.012,0.012,0.012,0.012,0.012,0.012,0.012,0.012,0.012,0.012,0.012,0.012,0.012,0.012,0.012,0.012,0.012,0.012,,,,,,,,,,,,,,,,,,,,,,,,,,,,,,,,,,,,,,,,,,,,,,,,,,,,,,,,,,,,,,,,,,,,,
,,,Total,2.763,4.438,3.513,1.932,2.564,3.197,1.593,1.101,4.52,2.892,2.26,1.71,3.162,4.508,5.164,3.361,4.813,4.473,5.34,4.848,2.529,4.426,4.286,2.201,1.475,2.857,2.553,1.792,2.178,1.991,**,1.23,4.578,5.082,4.321,5.328,4.239,4.286,4.321,4.59,2.33,3.607,4.321,3.665,3.876,3.197,3.958,3.981,4.555,4.59,1.3,1.475,1.218,1.112,1.101,1.066,1.218,3.396,4.45,3.899,3.361,0,0,0,0,0,0,0,0,0,0,0,0,0,0,0,0,0,0,0,0,0,0,0,0,0,0,0,0,0,0,0,0,5.618,4.779,3.963,3.217,3.007,2.634,5.653,6.084,4.406,4.569,1.585,0.664,0.629,0.793,1.305,4.242,2.378,3.263,2.797,2.541,3.1,3.333,3.788,4.021,0,0,0,0,0,0,0,,,,,,,,,,,,,,,,,,,,,,,,,,,,,,,,,,,,,,,,,,,,,,,,,,,,,,,,,,,,,,
,Satkhira,October,0,0.023,0.129,0.012,0.012,0.012,0.012,0.012,0.012,0.012,0.012,0.012,0.012,0.012,0.012,0.012,0.012,0.012,0.012,0.012,0.012,0.012,0.012,0.012,0.012,0.012,0.012,0.012,0.012,0.012,0.012,0.012,0.012,0.012,0.012,0.012,0.012,0.012,0.012,0.012,0.012,0.012,0.012,0.012,0.012,0.012,0.012,0.012,0.012,0.012,0.012,0.012,0.012,0.012,0.012,0.012,0.012,0.012,0.012,0.012,0.012,0.012,0.012,,,,,,,,,,,,,,,,,,,,,,,,,,,,,,,,,,,,,,,,,,,,,,,,,,,,,,,,,,,,,,,,,,,,,,,,,,,,,,,,,,,,,,,,,,,,,,,,,,,,,,,,,,,,,,,,,,,,,,,,,,,,
,Satkhira,October,1,0.211,0.234,0.129,0.152,0.117,0.117,0.105,0.141,0.012,0.059,0.117,0.035,0.059,0.012,0.082,0.07,0.082,0.082,0.059,0.07,0.059,0.035,0.047,0.023,0.012,0.012,0.012,0.012,0.082,0.094,0.059,0.117,0.082,0.129,0.082,0.082,0.012,0.105,0.094,0.129,0.141,0.152,0.105,0.07,0.117,0.117,0.105,0.082,0.07,0.035,0.059,0.035,0.012,0.012,0.012,0.012,0.012,0.07,0.035,0.082,0.094,0.035,,,,,,,,,,,,,,,,,,,,,,,,,,,,,,,,,,,,,,,,,,,,,,,,,,,,,,,,,,,,,,,,,,,,,,,,,,,,,,,,,,,,,,,,,,,,,,,,,,,,,,,,,,,,,,,,,,,,,,,,,,,,
,Satkhira,October,2,0.55,0.457,0.152,0.246,0.293,0.129,0.199,0.281,0.047,0.117,0.176,0.246,0.211,0.082,0.222,0.199,0.199,0.141,0.211,0.246,0.211,0.129,0.199,0.094,0.012,0.059,0.152,0.07,0.246,0.258,0.211,0.304,0.234,0.34,0.363,0.129,0.117,0.234,0.164,0.234,0.328,0.351,0.304,0.351,0.375,0.386,0.269,0.246,0.117,0.164,0.164,0.129,0.012,0.012,0.012,0.082,0.082,0.211,0.187,0.222,0.199,0.129,,,,,,,,,,,,,,,,,,,,,,,,,,,,,,,,,,,,,,,,,,,,,,,,,,,,,,,,,,,,,,,,,,,,,,,,,,,,,,,,,,,,,,,,,,,,,,,,,,,,,,,,,,,,,,,,,,,,,,,,,,,,
,Satkhira,October,3,0.375,0.644,0.211,0.55,0.457,0.082,0.258,0.433,0.152,0.258,0.281,0.527,0.375,0.199,0.41,0.363,0.48,0.41,0.41,0.386,0.34,0.351,0.375,0.117,0.082,0.234,0.246,0.269,0.433,0.422,0.363,0.48,0.293,0.48,0.433,0.047,0.141,0.187,0.34,0.34,0.386,0.41,0.445,0.457,0.457,0.468,0.41,0.445,0.094,0.386,0.316,0.117,0.023,0.012,0.012,0.234,0.234,0.433,0.281,0.433,0.445,0.258,,,,,,,,,,,,,,,,,,,,,,,,,,,,,,,,,,,,,,,,,,,,,,,,,,,,,,,,,,,,,,,,,,,,,,,,,,,,,,,,,,,,,,,,,,,,,,,,,,,,,,,,,,,,,,,,,,,,,,,,,,,,
,Satkhira,October,4,0.597,0.749,0.222,0.656,0.504,0.41,0.129,0.457,0.375,0.222,0.714,0.585,0.515,0.386,0.527,0.539,0.597,0.562,0.574,0.527,0.468,0.468,0.281,0.117,0.047,0.246,0.691,0.433,0.34,0.562,0.504,0.621,0.141,0.761,0.527,0.211,0.152,0.293,0.328,0.609,0.375,0.597,0.574,0.539,0.539,0.585,0.527,0.527,0.199,0.504,0.433,0.316,0.035,0.012,0.012,0.258,0.246,0.468,0.562,0.492,0.539,0.293,,,,,,,,,,,,,,,,,,,,,,,,,,,,,,,,,,,,,,,,,,,,,,,,,,,,,,,,,,,,,,,,,,,,,,,,,,,,,,,,,,,,,,,,,,,,,,,,,,,,,,,,,,,,,,,,,,,,,,,,,,,,
,Satkhira,October,5,0.691,0.679,0.351,0.691,0.562,0.234,0.176,0.808,0.492,0.351,0.738,0.644,0.55,0.539,0.574,0.621,0.644,0.375,0.609,0.574,0.48,0.55,0.375,0.082,0.07,0.375,0.574,0.574,0.667,0.691,0.515,0.433,0.445,0.211,0.445,0.468,0.234,0.457,0.375,0.726,0.644,0.609,0.644,0.691,0.691,0.082,0.621,0.55,0.398,0.468,0.48,0.363,0.012,0.012,0.012,0.386,0.304,0.574,0.48,0.597,0.562,0.48,,,,,,,Instrument Out of Date,,,,,,,,,,,,,,,,,,,,,,,,,,,,,,,,,,,,,,,,,,,,,,,,,,,,,,,,,,,,,,,,,,,,,,,,,,,,,,,,,,,,,,,,,,,,,,,,,,,,,,,,,,,,,,,,,,,,,
,Satkhira,October,6,0.468,0.422,0.445,0.761,0.234,0.316,0.199,0.761,0.457,0.422,0.714,0.679,0.609,0.585,0.609,0.422,0.703,0.609,0.644,0.597,0.527,0.234,0.422,0.117,0.105,0.176,0.667,0.632,0.679,0.492,0.492,0.281,0.492,0.562,0.597,0.164,0.152,0.644,0.597,0.246,0.726,0.632,0.644,0.726,0.726,0.691,0.667,0.621,0.258,0.386,0.597,0.398,0.012,0.012,0.012,0.433,0.422,0.585,0.621,0.621,0.632,0.328,,,,,,,,,,,,,,,,,,,,,,,,,,,,,,,,,,,,,,,,,,,,,,,,,,,,,,,,,,,,,,,,,,,,,,,,,,,,,,,,,,,,,,,,,,,,,,,,,,,,,,,,,,,,,,,,,,,,,,,,,,,,
,Satkhira,October,7,0.562,0.527,0.609,0.714,0.656,0.164,0.129,0.48,0.433,0.468,0.562,0.644,0.199,0.597,0.574,0.539,0.621,0.585,0.597,0.585,0.492,0.468,0.621,0.094,0.105,0.246,0.621,0.55,0.632,0.574,0.457,0.48,0.398,0.621,0.41,0.152,0.433,0.597,0.433,0.199,0.48,0.667,0.667,0.738,0.738,0.749,0.738,0.691,0.433,0.363,0.222,0.316,0.047,0.012,0.258,0.386,0.468,0.55,0.504,0.667,0.597,0.152,,,,,,,,,,,,,,,,,,,,,,,,,,,,,,,,,,,,,,,,,,,,,,,,,,,,,,,,,,,,,,,,,,,,,,,,,,,,,,,,,,,,,,,,,,,,,,,,,,,,,,,,,,,,,,,,,,,,,,,,,,,,
,Satkhira,October,8,0.293,0.398,0.129,0.597,0.597,0.211,0.082,0.621,0.246,0.316,0.48,0.246,3.981,0.574,0.48,0.117,0.562,0.48,0.574,0.445,0.34,0.422,0.457,0.082,0.105,0.211,0.48,0.644,0.48,0.152,0.445,0.445,0.316,0.457,0.398,0.433,0.48,0.351,0.363,0.41,0.445,0.527,0.562,0.585,0.585,0.562,0.504,0.48,0.515,0.059,0.199,0.222,0.059,0.012,0.375,0.375,0.281,0.41,0.422,0.504,0.468,0.141,,,,,,,,,,,,,,,,,,,,,,,,,,,,,,,,,,,,,,,,,,,,,,,,,,,,,,,,,,,,,,,,,,,,,,,,,,,,,,,,,,,,,,,,,,,,,,,,,,,,,,,,,,,,,,,,,,,,,,,,,,,,
,Satkhira,October,9,0.152,0.164,0.398,0.422,0.375,0.164,0.082,0.492,0.059,0.094,0.433,0.363,0.258,0.41,0.328,0.152,0.304,0.258,0.363,0.328,0.222,0.141,0.117,0.105,0.094,0.152,0.375,0.515,0.351,0.293,0.269,0.55,0.082,0.023,0.363,0.48,0.246,0.422,0.398,0.375,0.386,0.351,0.398,0.398,0.398,0.386,0.351,0.363,0.246,0.082,0.164,0.164,0.035,0.012,0.129,0.176,0.304,0.316,0.316,0.363,0.351,0.07,,,,,,,,,,,,,,,,,,,,,,,,,,,,,,,,,,,,,,,,,,,,,,,,,,,,,,,,,,,,,,,,,,,,,,,,,,,,,,,,,,,,,,,,,,,,,,,,,,,,,,,,,,,,,,,,,,,,,,,,,,,,
,Satkhira,October,10,0.059,0.047,0.105,0.094,0.129,0.07,0.141,0.234,0.023,0.328,0.281,0.176,0.141,0.234,0.164,0.059,0.094,0.082,0.176,0.152,0.117,0.059,0.012,0.035,0.035,0.117,0.164,0.375,0.176,0.141,0.023,0.152,0.059,0.012,0.141,1.066,0.129,0.222,0.082,0.129,0.176,0.059,0.211,0.222,0.222,0.199,0.164,0.176,0.129,0.012,0.07,0.094,0.094,0.012,0.012,0.094,0.141,0.141,0.129,0.152,0.117,0.07,,,,,,,,,,,,,,,,,,,,,,,,,,,,,,,,,,,,,,,,,,,,,,,,,,,,,,,,,,,,,,,,,,,,,,,,,,,,,,,,,,,,,,,,,,,,,,,,,,,,,,,,,,,,,,,,,,,,,,,,,,,,
,Satkhira,October,11,0.059,0.047,0.023,0.023,0.023,0.023,0.059,0.012,0.012,0.047,0.047,0.035,0.105,0.105,0.023,0.023,0.035,0.023,0.023,0.023,0.023,0.023,0.012,0.012,0.012,0.012,0.023,0.152,0.012,0.023,0.012,0.012,0.035,0.012,0.035,0.129,0.035,0.012,0.035,0.023,0.047,0.023,0.012,0.047,0.047,0.023,0.023,0.023,0.012,0.012,0.023,0.023,0.035,0.012,0.012,0.023,0.386,0.035,0.023,0.035,0.023,0.023,,,,,,,,,,,,,,,,,,,,,,,,,,,,,,,,,,,,,,,,,,,,,,,,,,,,,,,,,,,,,,,,,,,,,,,,,,,,,,,,,,,,,,,,,,,,,,,,,,,,,,,,,,,,,,,,,,,,,,,,,,,,
,Satkhira,October,12,0.012,0.012,0.012,0.012,0.012,0.012,0.012,0.012,0.012,0.012,0.012,0.012,0.012,0.023,0.012,0.012,0.012,0.012,0.012,0.012,0.012,0.012,0.012,0.012,0.012,0.012,0.012,0.023,0.012,0.012,0.012,0.012,0.012,0.012,0.012,0.035,0.012,0.012,0.012,0.012,0.012,0.012,0.012,0.012,0.012,0.012,0.012,0.012,0.012,0.012,0.012,0.012,0.012,0.012,0.012,0.012,0.012,0.012,0.012,0.012,0.012,0.012,,,,,,,,,,,,,,,,,,,,,,,,,,,,,,,,,,,,,,,,,,,,,,,,,,,,,,,,,,,,,,,,,,,,,,,,,,,,,,,,,,,,,,,,,,,,,,,,,,,,,,,,,,,,,,,,,,,,,,,,,,,,
,Satkhira,October,13,0.012,0.012,0.012,0.012,0.012,0.012,0.012,0.012,0.012,0.012,0.012,0.012,0.012,0.012,0.012,0.012,0.012,0.012,0.012,0.012,0.012,0.012,0.012,0.012,0.012,0.012,0.012,0.012,0.012,0.012,0.012,0.012,0.012,0.012,0.012,0.012,0.012,0.012,0.012,0.012,0.012,0.012,0.012,0.012,0.012,0.012,0.012,0.012,0.012,0.012,0.012,0.012,0.012,0.012,0.012,0.012,0.012,0.012,0.012,0.012,0.012,0.012,,,,,,,,,,,,,,,,,,,,,,,,,,,,,,,,,,,,,,,,,,,,,,,,,,,,,,,,,,,,,,,,,,,,,,,,,,,,,,,,,,,,,,,,,,,,,,,,,,,,,,,,,,,,,,,,,,,,,,,,,,,,
,,,Total,4.063,4.52,2.81,4.941,3.981,1.956,1.593,4.754,2.342,2.717,4.578,4.215,7.037,3.77,4.028,3.138,4.356,3.642,4.274,3.97,3.314,2.916,2.951,0.913,0.714,1.874,4.04,4.274,4.133,3.735,3.384,3.911,2.611,3.642,3.829,3.419,2.166,3.56,3.244,3.454,4.169,4.415,4.602,4.859,4.93,4.286,4.415,4.239,2.506,2.506,2.763,2.213,0.41,0.164,0.89,2.494,2.916,3.829,3.595,4.204,4.063,2.014,0,0,0,0,0,0,0,0,0,0,0,0,0,0,0,0,0,0,0,0,0,0,0,0,0,0,0,0,0,0,0,0,0,0,0,0,0,0,0,0,0,0,0,0,0,0,0,0,0,0,0,0,0,0,0,0,0,0,0,0,0,0,,,,,,,,,,,,,,,,,,,,,,,,,,,,,,,,,,,,,,,,,,,,,,,,,,,,,,,,,,,,,,
,Satkhira,November,0,0.012,0.012,0.012,0.012,0.012,0.012,0.012,0.012,0.012,0.012,0.012,0.012,0.012,0.012,0.012,0.012,0.012,0.012,0.012,0.012,0.012,0.012,0.012,0.012,0.012,0.012,0.012,0.012,0.012,0.012,**,0.012,0.012,0.012,0.012,0.012,0.012,0.012,0.012,0.012,0.012,0.012,0.012,0.012,0.012,0.012,0.012,0.012,0.012,0.012,0.012,0.012,0.012,0.012,0.012,0.012,0.012,0.012,0.012,0.012,0.012,,,,,,,,,,,,,,,,,,,,,,,,,,,,,,,,,,,,,,0.012,0.012,0.012,0.012,0.012,0.012,0.012,0.012,0.012,0.012,0.012,0.012,0.012,0.012,0.012,0.012,0.012,0.012,0.012,0.012,0.012,0.012,0.012,0.012,0.012,,,,,,,,,,,,,,,,,,,,,,,,,,,,,,,,,,,,,,,,,,,,,,,,,,,,,,,,,,,,,,,
,Satkhira,November,1,0.059,0.07,0.07,0.059,0.059,0.047,0.012,0.023,0.023,0.023,0.047,0.059,0.07,0.059,0.07,0.035,0.035,0.035,0.035,0.035,0.035,0.035,0.035,0.023,0.023,0.035,0.023,0.035,0.023,0.035,**,0.023,0.035,0.082,0.035,0.012,0.012,0.012,0.129,0.082,0.059,0.012,0.012,0.012,0.105,0.012,0.023,0.012,0.012,0.012,0.012,0.012,0.012,0.012,0.047,0.012,0.012,0.012,0.023,0.035,0.152,,,,,,,,,,,,,,,,,,,,,,,,,,,,,,,,,,,,,,0.012,0.082,0.082,0.082,0.105,0.093,0.082,0.07,0.082,0.082,0.082,0.082,0.082,0.07,0.07,0.035,0.058,0.058,0.047,0.047,0.035,0.035,0.035,0.035,0.023,,,,,,,,,,,,,,,,,,,,,,,,,,,,,,,,,,,,,,,,,,,,,,,,,,,,,,,,,,,,,,,
,Satkhira,November,2,0.211,0.246,0.246,0.199,0.152,0.152,0.035,0.047,0.023,0.023,0.246,0.222,0.187,0.211,0.246,0.258,0.187,0.176,0.164,0.176,0.176,0.234,0.222,0.141,0.141,0.129,0.129,0.129,0.152,0.164,**,0.281,0.316,0.34,0.293,0.258,0.281,0.269,0.258,0.316,0.269,0.258,0.328,0.246,0.246,0.199,0.246,0.234,0.211,0.199,0.012,0.012,0.152,0.176,0.187,0.187,0.199,0.211,0.152,0.152,0.222,,,,,,,,,,,,,,,,,,,,,,,,,,,,,,,,,,,,,,0.012,0.245,0.233,0.245,0.291,0.245,0.268,0.256,0.315,0.268,0.268,0.315,0.28,0.268,0.245,0.245,0.268,0.268,0.268,0.291,0.291,0.233,0.221,0.221,0.14,,,,,,,,,,,,,,,,,,,,,,,,,,,,,,,,,,,,,,,,,,,,,,,,,,,,,,,,,,,,,,,
,Satkhira,November,3,0.34,0.457,0.129,0.398,0.316,0.375,0.129,0.07,0.047,0.047,0.386,0.363,0.375,0.386,0.41,0.41,0.351,0.328,0.328,0.375,0.34,0.316,0.269,0.281,0.281,0.281,0.304,0.304,0.316,0.328,**,0.492,0.363,0.48,0.363,0.328,0.386,0.316,0.398,0.48,0.386,0.468,0.422,0.375,0.34,0.433,0.41,0.258,0.246,0.211,0.012,0.012,0.246,0.351,0.246,0.234,0.211,0.234,0.129,0.293,0.351,,,,,,,,,,,,,,,,,,,,,,,,,,,,,,,,,,,,,,0.012,0.315,0.268,0.431,0.513,0.478,0.338,0.524,0.513,0.548,0.478,0.548,0.478,0.431,0.315,0.326,0.361,0.431,0.431,0.443,0.431,0.42,0.49,0.291,0.431,,,,,,,,,,,,,,,,,,,,,,,,,,,,,,,,,,,,,,,,,,,,,,,,,,,,,,,,,,,,,,,
,Satkhira,November,4,0.445,0.527,0.492,0.539,0.468,0.386,0.258,0.082,0.023,0.176,0.515,0.48,0.492,0.492,0.515,0.492,0.515,0.703,0.433,0.492,0.457,0.433,0.34,0.375,0.41,0.375,0.41,0.457,0.422,0.433,**,0.386,0.55,0.562,0.433,0.515,0.258,0.41,0.55,0.621,0.585,0.504,0.504,0.48,0.433,0.55,0.667,0.363,0.34,0.187,0.117,0.012,0.281,0.468,0.304,0.304,0.246,0.258,0.609,0.34,0.398,,,,,,,,,Instrument Out of Date,,,,,,,,,,,,,,,,,,,,,,,,,,,,,0.012,0.594,0.571,0.571,0.571,0.513,0.478,0.641,0.653,0.688,0.594,0.641,0.606,0.466,0.315,0.536,0.583,0.571,0.571,0.618,0.688,0.548,0.559,0.536,0.583,,,,,,,,,,,,,,,,,,,,,,,,,,,,,,,,,,,,,,,,,,,,,,,,,,,,,,,,,,,,,,,
,Satkhira,November,5,0.562,0.597,0.222,0.363,0.527,0.48,0.269,0.07,0.059,0.258,0.644,0.562,0.539,0.562,0.574,0.562,0.468,0.515,0.515,0.539,0.492,0.539,0.398,0.433,0.48,0.445,0.457,0.527,0.492,0.504,**,0.281,0.621,0.609,0.527,0.504,0.539,0.527,0.55,0.632,0.632,0.55,0.574,0.574,0.515,0.574,0.585,0.375,0.316,0.246,0.105,0.07,0.433,0.48,0.187,0.398,0.211,0.375,0.363,0.363,0.422,,,,,,,,,,,,,,,,,,,,,,,,,,,,,,,,,,,,,,0.012,0.711,0.664,0.699,0.758,0.594,0.699,0.699,0.781,0.804,0.734,0.711,0.653,0.793,0.466,0.699,0.688,0.618,0.664,0.758,0.711,0.688,0.664,0.548,0.629,,,,,,,,,,,,,,,,,,,,,,,,,,,,,,,,,,,,,,,,,,,,,,,,,,,,,,,,,,,,,,,
,Satkhira,November,6,0.574,0.609,0.621,0.656,0.539,0.375,0.375,0.07,0.047,0.234,0.679,0.574,0.574,0.585,0.621,0.621,0.515,0.515,0.492,0.55,0.55,0.55,0.48,0.492,0.468,0.48,0.504,0.539,0.527,0.574,**,0.785,0.656,0.621,0.468,0.562,0.574,0.55,0.574,0.574,0.597,0.597,0.55,0.562,0.515,0.539,0.492,0.386,0.468,0.316,0.012,0.023,0.515,0.539,0.222,0.375,0.222,0.234,0.152,0.386,0.375,,,,,,,,,,,,,,,,,,,,,,,,,,,,,,,,,,,,,,0.012,0.758,0.524,0.478,0.793,0.664,0.664,0.711,0.723,0.746,0.758,0.723,0.688,0.828,0.711,0.711,0.711,0.653,0.676,0.758,0.734,0.641,0.688,0.676,0.711,,,,,,,,,,,,,,,,,,,,,,,,,,,,,,,,,,,,,,,,,,,,,,,,,,,,,,,,,,,,,,,
,Satkhira,November,7,0.504,0.585,0.597,0.55,0.504,0.386,0.246,0.035,0.023,0.386,0.644,0.457,0.609,0.539,0.55,0.55,0.48,0.492,0.48,0.504,0.48,0.468,0.41,0.457,0.433,0.375,0.468,0.504,0.504,0.468,**,0.597,0.433,0.585,0.492,0.457,0.492,0.527,0.48,0.562,0.468,0.585,0.457,0.41,0.48,0.527,0.585,0.375,0.457,0.211,0.012,0.012,0.363,0.48,0.129,0.199,0.351,0.304,0.386,0.351,0.293,,,,,,,,,,,,,,,,,,,,,,,,,,,,,,,,,,,,,,0.711,0.688,0.291,0.664,0.676,0.629,0.618,0.746,0.653,0.594,0.618,0.699,0.618,0.758,0.769,0.688,0.653,0.594,0.594,0.711,0.688,0.664,0.629,0.641,0.688,,,,,,,,,,,,,,,,,,,,,,,,,,,,,,,,,,,,,,,,,,,,,,,,,,,,,,,,,,,,,,,
,Satkhira,November,8,0.48,0.445,0.445,0.48,0.34,0.258,0.258,0.023,0.035,0.117,0.585,0.433,0.363,0.386,0.386,0.41,0.375,0.363,0.363,0.398,0.468,0.34,0.258,0.363,0.316,0.281,0.351,0.422,0.41,0.398,**,0.363,0.141,0.527,0.375,0.375,0.386,0.422,0.422,0.433,0.363,0.433,0.34,0.316,0.409,0.41,0.351,0.269,0.41,0.176,0.012,0.012,0.012,0.422,0.176,0.141,0.246,0.222,0.269,0.246,0.129,,,,,,,,,,,,,,,,,,,,,,,,,,,,,,,,,,,,,,0.455,0.594,0.513,0.688,0.664,0.583,0.536,0.583,0.606,0.571,0.513,0.513,0.455,0.629,0.524,0.594,0.536,0.536,0.571,0.606,0.594,0.583,0.571,0.559,0.548,,,,,,,,,,,,,,,,,,,,,,,,,,,,,,,,,,,,,,,,,,,,,,,,,,,,,,,,,,,,,,,
,Satkhira,November,9,0.34,0.293,0.328,0.293,0.246,0.281,0.246,0.023,0.023,0.211,0.304,0.269,0.269,0.351,0.269,0.269,0.258,0.304,0.269,0.269,0.258,0.246,0.211,0.234,0.211,0.222,0.234,0.269,0.258,0.258,**,0.316,0.34,0.281,0.246,0.246,0.246,0.246,0.258,0.281,0.199,0.269,0.304,0.269,0.222,0.222,0.211,0.187,0.258,0.152,0.012,0.012,0.281,0.222,0.129,0.105,0.035,0.187,0.152,0.152,0.035,,,,,,,,,,,,,,,,,,,,,,,,,,,,,,,,,,,,,,0.431,0.524,0.361,0.478,0.396,0.373,0.361,0.396,0.396,0.396,0.361,0.385,0.221,0.385,0.501,0.513,0.373,0.361,0.361,0.396,0.373,0.361,0.361,0.373,0.385,,,,,,,,,,,,,,,,,,,,,,,,,,,,,,,,,,,,,,,,,,,,,,,,,,,,,,,,,,,,,,,
,Satkhira,November,10,0.105,0.105,0.117,0.105,0.105,0.094,0.222,0.023,0.012,0.047,0.082,0.129,0.129,0.129,0.141,0.117,0.129,0.129,0.105,0.117,0.094,0.105,0.082,0.094,0.094,0.082,0.082,0.082,0.07,0.059,**,0.129,0.152,0.117,0.094,0.082,0.07,0.094,0.129,0.094,0.094,0.082,0.082,0.07,0.059,0.059,0.035,0.023,0.035,0.012,0.012,0.012,0.211,0.094,0.012,0.023,0.023,0.047,0.094,0.035,0.012,,,,,,,,,,,,,,,,,,,,,,,,,,,,,,,,,,,,,,0.361,0.385,0.315,0.198,0.198,0.175,0.128,0.198,0.198,0.152,0.163,0.175,0.128,0.175,0.093,0.128,0.117,0.152,0.163,0.14,0.163,0.128,0.14,0.175,0.198,,,,,,,,,,,,,,,,,,,,,,,,,,,,,,,,,,,,,,,,,,,,,,,,,,,,,,,,,,,,,,,
,Satkhira,November,11,0.023,0.023,0.023,0.023,0.012,0.023,0.07,0.012,0.012,0.012,0.012,0.012,0.012,0.012,0.012,0.012,0.012,0.012,0.012,0.012,0.012,0.012,0.012,0.012,0.012,0.012,0.012,0.012,0.012,0.012,**,0.023,0.023,0.023,0.012,0.012,0.012,0.012,0.012,0.012,0.012,0.012,0.012,0.012,0.012,0.012,0.012,0.012,0.012,0.012,0.012,0.012,0.07,0.012,0.012,0.012,0.012,0.012,0.012,0.012,0.012,,,,,,,,,,,,,,,,,,,,,,,,,,,,,,,,,,,,,,0.047,0.152,0.152,0.128,0.047,0.023,0.012,0.117,0.023,0.047,0.058,0.058,0.012,0.047,0.012,0.023,0.047,0.023,0.035,0.023,0.012,0.035,0.023,0.023,0.035,,,,,,,,,,,,,,,,,,,,,,,,,,,,,,,,,,,,,,,,,,,,,,,,,,,,,,,,,,,,,,,
,Satkhira,November,12,0.023,0.012,0.012,0.012,0.012,0.012,0.012,0.012,0.012,0.012,0.012,0.012,0.012,0.012,0.012,0.012,0.012,0.012,0.012,0.012,0.012,0.012,0.012,0.012,0.012,0.012,0.012,0.012,0.012,0.012,**,0.023,0.012,0.012,0.012,0.012,0.012,0.012,0.012,0.012,0.012,0.012,0.012,0.012,0.012,0.012,0.012,0.012,0.012,0.012,0.012,0.012,0.012,0.012,0.012,0.012,0.012,0.012,0.012,0.012,0.012,,,,,,,,,,,,,,,,,,,,,,,,,,,,,,,,,,,,,,0.012,0.012,0.012,0.012,0.012,0.012,0.012,0.012,0.012,0.012,0.012,0.012,0.012,0.012,0.012,0.012,0.012,0.012,0.012,0.012,0.012,0.012,0.012,0.012,0.012,,,,,,,,,,,,,,,,,,,,,,,,,,,,,,,,,,,,,,,,,,,,,,,,,,,,,,,,,,,,,,,
,Satkhira,November,13,0.012,0.012,0.012,0.012,0.012,0.012,0.012,0.012,0.012,0.012,0.012,0.012,0.012,0.012,0.012,0.012,0.012,0.012,0.012,0.012,0.012,0.012,0.012,0.012,0.012,0.012,0.012,0.012,0.012,0.012,**,0.012,0.012,0.012,0.012,0.012,0.012,0.012,0.012,0.012,0.012,0.012,0.012,0.012,0.012,0.012,0.012,0.012,0.012,0.012,0.012,0.012,0.012,0.012,0.012,0.012,0.012,0.012,0.012,0.012,0.012,,,,,,,,,,,,,,,,,,,,,,,,,,,,,,,,,,,,,,0.012,0.012,0.012,0.012,0.012,0.012,0.012,0.012,0.012,0.012,0.012,0.012,0.012,0.012,0.012,0.012,0.012,0.012,0.012,0.012,0.012,0.012,0.012,0.012,0.012,,,,,,,,,,,,,,,,,,,,,,,,,,,,,,,,,,,,,,,,,,,,,,,,,,,,,,,,,,,,,,,
,,,Total,3.689,3.993,3.326,3.7,3.302,2.892,2.155,0.515,0.363,1.569,4.18,3.595,3.653,3.747,3.829,3.77,3.361,3.607,3.232,3.501,3.396,3.314,2.752,2.939,2.904,2.752,3.009,3.314,3.22,3.267,**,3.724,3.665,4.262,3.372,3.384,3.29,3.419,3.794,4.122,3.7,3.806,3.618,3.361,3.371,3.571,3.653,2.529,2.799,1.768,0.363,0.234,2.611,3.29,1.686,2.026,1.803,2.131,2.377,2.4,2.436,,0,0,0,0,0,0,0,0,0,0,0,0,0,0,0,0,0,0,0,0,0,0,0,0,0,0,0,0,0,0,0,0,0,0,0,0,2.11,5.082,4.009,4.697,5.047,4.406,4.219,4.977,4.977,4.93,4.662,4.883,4.254,4.883,4.056,4.534,4.429,4.301,4.417,4.825,4.755,4.371,4.417,4.114,4.406,0,,,,,,,,,,,,,,,,,,,,,,,,,,,,,,,,,,,,,,,,,,,,,,,,,,,,,,,,,,,,,,
,Satkhira,December,0,**,**,**,**,**,**,**,**,**,**,**,**,**,**,**,**,**,**,**,**,**,**,**,**,**,**,**,**,**,**,**,0.023,0.023,0.023,0.035,0.023,0.012,0.012,0.012,0.012,0.023,0.023,0.023,0.035,0.023,0.012,0.012,0.012,0.012,0.012,0.023,0.035,0.023,0.023,0.035,0.023,0.012,0.012,0.012,0.012,0.012,0.012,,,,,,,,,,,,,,,,,,,,,,,,,,,,,,,,0.012,0.012,0.012,0.012,0.012,0.012,0.012,0.012,0.012,0.012,0.012,0.012,0.012,0.012,0.012,0.012,0.012,0.012,0.012,0.012,0.012,0.012,0.012,0.012,0.012,0.012,0.012,0.012,0.012,0.012,0.012,,,,,,,,,,,,,,,,,,,,,,,,,,,,,,,,,,,,,,,,,,,,,,,,,,,,,,,,,,,,,,
,Satkhira,December,1,**,**,**,**,**,**,**,**,**,**,**,**,**,**,**,**,**,**,**,**,**,**,**,**,**,**,**,**,**,**,**,0.164,0.164,0.152,0.164,0.059,0.023,0.023,0.082,0.023,0.164,0.164,0.152,0.164,0.059,0.023,0.023,0.082,0.023,0.023,0.094,0.082,0.105,0.059,0.129,0.117,0.105,0.012,0.023,0.012,0.012,0.023,,,,,,,,,,,,,,,,,,,,,,,,,,,,,,,,0.035,0.035,0.047,0.035,0.035,0.035,0.035,0.035,0.035,0.012,0.082,0.047,0.023,0.023,0.012,0.035,0.035,0.023,0.023,0.023,0.023,0.023,0.035,0.023,0.023,0.023,0.023,0.012,0.012,0.012,0.012,,,,,,,,,,,,,,,,,,,,,,,,,,,,,,,,,,,,,,,,,,,,,,,,,,,,,,,,,,,,,,
,Satkhira,December,2,**,**,**,**,**,**,**,**,**,**,**,**,**,**,**,**,**,**,**,**,**,**,**,**,**,**,**,**,**,**,**,0.141,0.246,0.199,0.222,0.07,0.082,0.07,0.152,0.105,0.141,0.246,0.199,0.222,0.07,0.082,0.07,0.152,0.105,0.082,0.211,0.234,0.222,0.234,0.152,0.316,0.199,0.211,0.176,0.023,0.012,0.129,,,,,,,,,,,,,,,,,,,,,,,,,,,,,,,,0.245,0.186,0.233,0.221,0.221,0.21,0.21,0.128,0.198,0.117,0.152,0.163,0.117,0.117,0.117,0.128,0.128,0.128,0.117,0.117,0.117,0.117,0.035,0.023,0.023,0.023,0.023,0.012,0.012,0.012,0.023,,,,,,,,,,,,,,,,,,,,,,,,,,,,,,,,,,,,,,,,,,,,,,,,,,,,,,,,,,,,,,
,Satkhira,December,3,**,**,**,**,**,**,**,**,**,**,**,**,**,**,**,**,**,**,**,**,**,**,**,**,**,**,**,**,**,**,**,0.222,0.386,0.316,0.386,0.094,0.082,0.117,0.246,0.222,0.222,0.386,0.316,0.386,0.094,0.082,0.117,0.246,0.222,0.152,0.375,0.433,0.316,0.328,0.422,0.48,0.234,0.386,0.152,0.152,0.105,0.293,,,,,,,,,,,,,,,,,,,,,,,,,,,,,,,,0.466,0.35,0.385,0.408,0.361,0.35,0.42,0.245,0.28,0.315,0.42,0.408,0.431,0.35,0.466,0.396,0.35,0.291,0.431,0.315,0.338,0.315,0.28,0.245,0.245,0.117,0.315,0.268,0.35,0.291,0.28,,,,,,,,,,,,,,,,,,,,,,,,,,,,,,,,,,,,,,,,,,,,,,,,,,,,,,,,,,,,,,
,Satkhira,December,4,**,**,**,**,**,**,**,**,**,**,**,**,**,**,**,**,**,**,**,**,**,**,**,**,**,**,**,**,**,**,**,0.34,0.152,0.41,0.281,0.281,0.094,0.515,0.351,0.246,0.34,0.152,0.41,0.281,0.281,0.094,0.515,0.351,0.246,0.222,0.925,0.632,0.433,0.445,0.574,0.585,0.316,0.597,0.07,0.293,0.246,0.422,,,,,,,,Instrument Out of Date,,,,,,,,,,,,,,,,,,,,,,,,0.536,0.478,0.478,0.559,0.571,0.548,0.501,0.198,0.559,0.338,0.559,0.524,0.478,0.571,0.571,0.559,0.536,0.385,0.455,0.338,0.466,0.361,0.35,0.35,0.35,0.152,0.373,0.303,0.455,0.385,0.385,,,,,,,,,,,,,,,,,,,,,,,,,,,,,,,,,,,,,,,,,,,,,,,,,,,,,,,,,,,,,,
,Satkhira,December,5,**,**,**,**,**,**,**,**,**,**,**,**,**,**,**,**,**,**,**,**,**,**,**,**,**,**,**,**,**,**,**,0.398,0.269,0.41,0.48,0.258,0.105,0.351,0.269,0.316,0.398,0.269,0.41,0.48,0.258,0.105,0.351,0.269,0.316,0.316,0.386,0.585,0.96,0.433,0.667,0.48,0.363,0.644,0.281,0.375,0.34,0.48,,,,,,,,,,,,,,,,,,,,,,,,,,,,,,,,0.734,0.711,0.711,0.664,0.711,0.664,0.641,0.291,0.583,0.35,0.664,0.594,0.524,0.594,0.629,0.629,0.594,0.559,0.548,0.571,0.571,0.513,0.478,0.455,0.455,0.315,0.478,0.396,0.606,0.466,0.466,,,,,,,,,,,,,,,,,,,,,,,,,,,,,,,,,,,,,,,,,,,,,,,,,,,,,,,,,,,,,,
,Satkhira,December,6,**,**,**,**,**,**,**,**,**,**,**,**,**,**,**,**,**,**,**,**,**,**,**,**,**,**,**,**,**,**,**,0.398,0.269,0.211,0.258,0.281,0.117,0.363,0.34,0.258,0.398,0.269,0.211,0.258,0.281,0.117,0.363,0.34,0.258,0.34,0.749,0.258,0.351,0.55,0.738,0.738,0.328,0.749,0.574,0.445,0.433,0.527,,,,,,,,,,,,,,,,,,,,,,,,,,,,,,,,0.734,0.723,0.688,0.711,0.781,0.699,0.664,0.746,0.711,0.408,0.699,0.618,0.583,0.641,0.664,0.699,0.641,0.431,0.606,0.548,0.559,0.478,0.513,0.571,0.548,0.466,0.501,0.361,0.699,0.524,0.536,,,,,,,,,,,,,,,,,,,,,,,,,,,,,,,,,,,,,,,,,,,,,,,,,,,,,,,,,,,,,,
,Satkhira,December,7,**,**,**,**,**,**,**,**,**,**,**,**,**,**,**,**,**,**,**,**,**,**,**,**,**,**,**,**,**,**,**,0.012,0.047,0.761,0.375,0.234,0.164,0.351,0.363,0.351,0.012,0.047,0.761,0.375,0.234,0.164,0.351,0.363,0.351,0.433,0.363,0.328,0.316,0.55,0.679,0.574,0.351,0.269,0.855,0.48,0.422,0.457,,,,,,,,,,,,,,,,,,,,,,,,,,,,,,,,0.664,0.629,0.699,0.676,0.688,0.676,0.431,0.711,0.688,0.431,0.618,0.583,0.548,0.571,0.571,0.513,0.594,0.245,0.629,0.431,0.594,0.571,0.606,0.583,0.536,0.583,0.548,0.443,0.583,0.583,0.478,,,,,,,,,,,,,,,,,,,,,,,,,,,,,,,,,,,,,,,,,,,,,,,,,,,,,,,,,,,,,,
,Satkhira,December,8,**,**,**,**,**,**,**,**,**,**,**,**,**,**,**,**,**,**,**,**,**,**,**,**,**,**,**,**,**,**,**,0.269,0.187,0.258,0.082,0.164,0.199,0.304,0.398,0.386,0.269,0.187,0.258,0.082,0.164,0.199,0.304,0.398,0.386,0.152,0.059,0.304,0.492,0.515,0.574,0.504,0.574,0.691,0.785,0.422,0.398,0.445,,,,,,,,,,,,,,,,,,,,,,,,,,,,,,,,0.583,0.559,0.548,0.594,0.559,0.594,0.396,0.548,0.478,0.361,0.548,0.513,0.524,0.513,0.478,0.443,0.466,0.245,0.466,0.361,0.385,0.361,0.455,0.466,0.466,0.466,0.245,0.35,0.478,0.524,0.431,,,,,,,,,,,,,,,,,,,,,,,,,,,,,,,,,,,,,,,,,,,,,,,,,,,,,,,,,,,,,,
,Satkhira,December,9,**,**,**,**,**,**,**,**,**,**,**,**,**,**,**,**,**,**,**,**,**,**,**,**,**,**,**,**,**,**,**,0.667,0.351,0.176,0.117,0.105,0.222,0.246,0.281,0.34,0.667,0.351,0.176,0.117,0.105,0.222,0.246,0.281,0.34,0.082,0.012,0.222,0.398,0.433,0.504,0.082,0.48,0.55,0.749,0.445,0.375,0.211,,,,,,,,,,,,,,,,,,,,,,,,,,,,,,,,0.396,0.361,0.361,0.431,0.361,0.361,0.35,0.373,0.361,0.408,0.35,0.303,0.28,0.315,0.338,0.361,0.338,0.221,0.315,0.245,0.221,0.14,0.35,0.361,0.303,0.35,0.128,0.268,0.408,0.431,0.268,,,,,,,,,,,,,,,,,,,,,,,,,,,,,,,,,,,,,,,,,,,,,,,,,,,,,,,,,,,,,,
,Satkhira,December,10,**,**,**,**,**,**,**,**,**,**,**,**,**,**,**,**,**,**,**,**,**,**,**,**,**,**,**,**,**,**,**,0.258,0.34,0.152,0.059,0.445,0.269,0.164,0.152,0.222,0.258,0.34,0.152,0.059,0.445,0.269,0.164,0.152,0.222,0.105,0.012,0.316,0.164,0.129,0.316,0.176,0.117,0.621,0.597,0.258,0.258,0.094,,,,,,,,,,,,,,,,,,,,,,,,,,,,,,,,0.186,0.175,0.175,0.186,0.163,0.186,0.163,0.152,0.128,0.14,0.14,0.128,0.128,0.14,0.233,0.163,0.152,0.105,0.163,0.082,0.07,0.152,0.221,0.163,0.14,0.175,0.105,0.128,0.198,0.221,0.14,,,,,,,,,,,,,,,,,,,,,,,,,,,,,,,,,,,,,,,,,,,,,,,,,,,,,,,,,,,,,,
,Satkhira,December,11,**,**,**,**,**,**,**,**,**,**,**,**,**,**,**,**,**,**,**,**,**,**,**,**,**,**,**,**,**,**,**,0.141,0.141,0.152,0.07,0.211,0.258,0.047,0.457,0.141,0.141,0.141,0.152,0.07,0.211,0.258,0.047,0.457,0.141,0.023,0.012,0.105,0.117,0.082,0.176,0.035,0.059,0.035,0.363,0.105,0.094,0.012,,,,,,,,,,,,,,,,,,,,,,,,,,,,,,,,0.035,0.023,0.035,0.035,0.023,0.035,0.023,0.023,0.023,0.023,0.023,0.023,0.012,0.023,0.023,0.012,0.023,0.023,0.023,0.023,0.012,0.023,0.023,0.012,0.012,0.012,0.012,0.023,0.012,0.012,0.012,,,,,,,,,,,,,,,,,,,,,,,,,,,,,,,,,,,,,,,,,,,,,,,,,,,,,,,,,,,,,,
,Satkhira,December,12,**,**,**,**,**,**,**,**,**,**,**,**,**,**,**,**,**,**,**,**,**,**,**,**,**,**,**,**,**,**,**,0.141,0.082,0.047,0.023,0.023,0.07,0.012,0.012,0.047,0.141,0.082,0.047,0.023,0.023,0.07,0.012,0.012,0.047,0.012,0.012,0.035,0.035,0.023,0.012,0.012,0.105,0.258,0.246,0.012,0.012,0.012,,,,,,,,,,,,,,,,,,,,,,,,,,,,,,,,0.012,0.012,0.012,0.012,0.012,0.012,0.012,0.012,0.012,0.012,0.012,0.012,0.012,0.012,0.012,0.012,0.012,0.012,0.012,0.012,0.012,0.012,0.012,0.012,0.012,0.012,0.012,0.012,0.012,0.012,0.012,,,,,,,,,,,,,,,,,,,,,,,,,,,,,,,,,,,,,,,,,,,,,,,,,,,,,,,,,,,,,,
,Satkhira,December,13,**,**,**,**,**,**,**,**,**,**,**,**,**,**,**,**,**,**,**,**,**,**,**,**,**,**,**,**,**,**,**,0.012,0.012,0.012,0.012,0.012,0.023,0.012,0.012,0.012,0.012,0.012,0.012,0.012,0.012,0.023,0.012,0.012,0.012,0.012,0.012,0.012,0.012,0.012,0.012,0.012,0.012,0.047,0.117,0.012,0.012,0.012,,,,,,,,,,,,,,,,,,,,,,,,,,,,,,,,0.012,0.012,0.012,0.012,0.012,0.012,0.012,0.012,0.012,0.012,0.012,0.012,0.012,0.012,0.012,0.012,0.012,0.012,0.012,0.012,0.012,0.012,0.012,0.012,0.012,0.012,0.012,0.012,0.012,0.012,0.012,,,,,,,,,,,,,,,,,,,,,,,,,,,,,,,,,,,,,,,,,,,,,,,,,,,,,,,,,,,,,,
,,,Total,**,**,**,**,**,**,**,**,**,**,**,**,**,**,**,**,**,**,**,**,**,**,**,**,**,**,**,**,**,**,**,3.185,2.67,3.279,2.564,2.26,1.721,2.588,3.126,2.681,3.185,2.67,3.279,2.564,2.26,1.721,2.588,3.126,2.681,1.967,3.244,3.583,3.946,3.817,4.988,4.133,3.255,5.082,5,3.044,2.728,3.126,0,0,0,0,0,0,0,0,0,0,0,0,0,0,0,0,0,0,0,0,0,0,0,0,0,0,0,0,0,0,0,4.65,4.266,4.394,4.557,4.51,4.394,3.869,3.485,4.079,2.937,4.289,3.939,3.683,3.893,4.138,3.974,3.893,2.692,3.811,3.089,3.392,3.089,3.38,3.287,3.135,2.716,2.786,2.599,3.846,3.497,3.065,,,,,,,,,,,,,,,,,,,,,,,,,,,,,,,,,,,,,,,,,,,,,,,,,,,,,,,,,,,,,,
,Note : Blank means Missing Data/ Data Not Available,,,,,,,,,,,,,,,,,,,,,,,,,,,,,,,,,,,,,,,,,,,,,,,,,,,,,,,,,,,,,,,,,,,,,,,,,,,,,,,,,,,,,,,,,,,,,,,,,,,,,,,,,,,,,,,,,,,,,,,,,,,,,,,,,,,,,,,,,,,,,,,,,,,,,,,,,,,,,,,,,,,,,,,,,,,,,,,,,,,,,,,,,,,,
,Source : Bangladesh Meteorological Department (BMD),,,,,,,,,,,,,,,,,,,,,,,,,,,,,,,,,,,,,,,,,,,,,,,,,,,,,,,,,,,,,,,,,,,,,,,,,,,,,,,,,,,,,,,,,,,,,,,,,,,,,,,,,,,,,,,,,,,,,,,,,,,,,,,,,,,,,,,,,,,,,,,,,,,,,,,,,,,,,,,,,,,,,,,,,,,,,,,,,,,,,,,,,,,,
,,,,,,,,,,,,,,,,,,,,,,,,,,,,,,,,,,,,,,,,,,,,,,,,,,,,,,,,,,,,,,,,,,,,,,,,,,,,,,,,,,,,,,,,,,,,,,,,,,,,,,,,,,,,,,,,,,,,,,,,,,,,,,,,,,,,,,,,,,,,,,,,,,,,,,,,,,,,,,,,,,,,,,,,,,,,,,,,,,,,,,,,,,,,,
