Country Name,Country ISO3,Year,Indicator Name,Indicator Code,Value
Bangladesh,BGD,2023,Agricultural land (sq. km),AG.LND.AGRI.K2,93990
Bangladesh,BGD,2022,Agricultural land (sq. km),AG.LND.AGRI.K2,94270
Bangladesh,BGD,2021,Agricultural land (sq. km),AG.LND.AGRI.K2,94180
Bangladesh,BGD,2020,Agricultural land (sq. km),AG.LND.AGRI.K2,94300
Bangladesh,BGD,2019,Agricultural land (sq. km),AG.LND.AGRI.K2,93970
Bangladesh,BGD,2018,Agricultural land (sq. km),AG.LND.AGRI.K2,92023
Bangladesh,BGD,2017,Agricultural land (sq. km),AG.LND.AGRI.K2,91873.3
Bangladesh,BGD,2016,Agricultural land (sq. km),AG.LND.AGRI.K2,91942.1
Bangladesh,BGD,2015,Agricultural land (sq. km),AG.LND.AGRI.K2,91622.4
Bangladesh,BGD,2014,Agricultural land (sq. km),AG.LND.AGRI.K2,90990
Bangladesh,BGD,2013,Agricultural land (sq. km),AG.LND.AGRI.K2,91080
Bangladesh,BGD,2012,Agricultural land (sq. km),AG.LND.AGRI.K2,91200
Bangladesh,BGD,2011,Agricultural land (sq. km),AG.LND.AGRI.K2,91280
Bangladesh,BGD,2010,Agricultural land (sq. km),AG.LND.AGRI.K2,92410
Bangladesh,BGD,2009,Agricultural land (sq. km),AG.LND.AGRI.K2,92460
Bangladesh,BGD,2008,Agricultural land (sq. km),AG.LND.AGRI.K2,92530
Bangladesh,BGD,2007,Agricultural land (sq. km),AG.LND.AGRI.K2,92660
Bangladesh,BGD,2006,Agricultural land (sq. km),AG.LND.AGRI.K2,92800
Bangladesh,BGD,2005,Agricultural land (sq. km),AG.LND.AGRI.K2,93110
Bangladesh,BGD,2004,Agricultural land (sq. km),AG.LND.AGRI.K2,93230
Bangladesh,BGD,2003,Agricultural land (sq. km),AG.LND.AGRI.K2,93280
Bangladesh,BGD,2002,Agricultural land (sq. km),AG.LND.AGRI.K2,93530
Bangladesh,BGD,2001,Agricultural land (sq. km),AG.LND.AGRI.K2,94030
Bangladesh,BGD,2000,Agricultural land (sq. km),AG.LND.AGRI.K2,94000
Bangladesh,BGD,1999,Agricultural land (sq. km),AG.LND.AGRI.K2,94860
Bangladesh,BGD,1998,Agricultural land (sq. km),AG.LND.AGRI.K2,94340
Bangladesh,BGD,1997,Agricultural land (sq. km),AG.LND.AGRI.K2,93650
Bangladesh,BGD,1996,Agricultural land (sq. km),AG.LND.AGRI.K2,93270
Bangladesh,BGD,1995,Agricultural land (sq. km),AG.LND.AGRI.K2,93740
Bangladesh,BGD,1994,Agricultural land (sq. km),AG.LND.AGRI.K2,93580
Bangladesh,BGD,1993,Agricultural land (sq. km),AG.LND.AGRI.K2,94460
Bangladesh,BGD,1992,Agricultural land (sq. km),AG.LND.AGRI.K2,95490
Bangladesh,BGD,1991,Agricultural land (sq. km),AG.LND.AGRI.K2,103200
Bangladesh,BGD,1990,Agricultural land (sq. km),AG.LND.AGRI.K2,103860
Bangladesh,BGD,1989,Agricultural land (sq. km),AG.LND.AGRI.K2,104430
Bangladesh,BGD,1988,Agricultural land (sq. km),AG.LND.AGRI.K2,104270
Bangladesh,BGD,1987,Agricultural land (sq. km),AG.LND.AGRI.K2,101150
Bangladesh,BGD,1986,Agricultural land (sq. km),AG.LND.AGRI.K2,100410
Bangladesh,BGD,1985,Agricultural land (sq. km),AG.LND.AGRI.K2,100270
Bangladesh,BGD,1984,Agricultural land (sq. km),AG.LND.AGRI.K2,100600
Bangladesh,BGD,1983,Agricultural land (sq. km),AG.LND.AGRI.K2,99640
Bangladesh,BGD,1982,Agricultural land (sq. km),AG.LND.AGRI.K2,99780
Bangladesh,BGD,1981,Agricultural land (sq. km),AG.LND.AGRI.K2,99810
Bangladesh,BGD,1980,Agricultural land (sq. km),AG.LND.AGRI.K2,99870
Bangladesh,BGD,1979,Agricultural land (sq. km),AG.LND.AGRI.K2,99830
Bangladesh,BGD,1978,Agricultural land (sq. km),AG.LND.AGRI.K2,99870
Bangladesh,BGD,1977,Agricultural land (sq. km),AG.LND.AGRI.K2,99910
Bangladesh,BGD,1976,Agricultural land (sq. km),AG.LND.AGRI.K2,99980
Bangladesh,BGD,1975,Agricultural land (sq. km),AG.LND.AGRI.K2,100040
Bangladesh,BGD,1974,Agricultural land (sq. km),AG.LND.AGRI.K2,99890
Bangladesh,BGD,1973,Agricultural land (sq. km),AG.LND.AGRI.K2,99890
Bangladesh,BGD,1972,Agricultural land (sq. km),AG.LND.AGRI.K2,99910
Bangladesh,BGD,1971,Agricultural land (sq. km),AG.LND.AGRI.K2,96950
Bangladesh,BGD,1970,Agricultural land (sq. km),AG.LND.AGRI.K2,96970
Bangladesh,BGD,1969,Agricultural land (sq. km),AG.LND.AGRI.K2,96750
Bangladesh,BGD,1968,Agricultural land (sq. km),AG.LND.AGRI.K2,96690
Bangladesh,BGD,1967,Agricultural land (sq. km),AG.LND.AGRI.K2,96950
Bangladesh,BGD,1966,Agricultural land (sq. km),AG.LND.AGRI.K2,96500
Bangladesh,BGD,1965,Agricultural land (sq. km),AG.LND.AGRI.K2,96370
Bangladesh,BGD,1964,Agricultural land (sq. km),AG.LND.AGRI.K2,95200
Bangladesh,BGD,1963,Agricultural land (sq. km),AG.LND.AGRI.K2,94800
Bangladesh,BGD,1962,Agricultural land (sq. km),AG.LND.AGRI.K2,94770
Bangladesh,BGD,1961,Agricultural land (sq. km),AG.LND.AGRI.K2,94800
Bangladesh,BGD,2023,Agricultural land (% of land area),AG.LND.AGRI.ZS,72.311124788429
Bangladesh,BGD,2022,Agricultural land (% of land area),AG.LND.AGRI.ZS,72.3706433287272
Bangladesh,BGD,2021,Agricultural land (% of land area),AG.LND.AGRI.ZS,72.3515402934624
Bangladesh,BGD,2020,Agricultural land (% of land area),AG.LND.AGRI.ZS,72.4437274333564
Bangladesh,BGD,2019,Agricultural land (% of land area),AG.LND.AGRI.ZS,72.1902127986479
Bangladesh,BGD,2018,Agricultural land (% of land area),AG.LND.AGRI.ZS,70.694476453868
Bangladesh,BGD,2017,Agricultural land (% of land area),AG.LND.AGRI.ZS,70.5794729968503
Bangladesh,BGD,2016,Agricultural land (% of land area),AG.LND.AGRI.ZS,70.6323269570562
Bangladesh,BGD,2015,Agricultural land (% of land area),AG.LND.AGRI.ZS,70.3867250518553
Bangladesh,BGD,2014,Agricultural land (% of land area),AG.LND.AGRI.ZS,69.900898824614
Bangladesh,BGD,2013,Agricultural land (% of land area),AG.LND.AGRI.ZS,69.9700391795345
Bangladesh,BGD,2012,Agricultural land (% of land area),AG.LND.AGRI.ZS,70.0622263194284
Bangladesh,BGD,2011,Agricultural land (% of land area),AG.LND.AGRI.ZS,70.1236844126911
Bangladesh,BGD,2010,Agricultural land (% of land area),AG.LND.AGRI.ZS,70.9917799800261
Bangladesh,BGD,2009,Agricultural land (% of land area),AG.LND.AGRI.ZS,71.0301912883153
Bangladesh,BGD,2008,Agricultural land (% of land area),AG.LND.AGRI.ZS,71.0839671199201
Bangladesh,BGD,2007,Agricultural land (% of land area),AG.LND.AGRI.ZS,71.1838365214719
Bangladesh,BGD,2006,Agricultural land (% of land area),AG.LND.AGRI.ZS,71.2913881846816
Bangladesh,BGD,2005,Agricultural land (% of land area),AG.LND.AGRI.ZS,71.5295382960744
Bangladesh,BGD,2004,Agricultural land (% of land area),AG.LND.AGRI.ZS,71.6217254359684
Bangladesh,BGD,2003,Agricultural land (% of land area),AG.LND.AGRI.ZS,71.6601367442575
Bangladesh,BGD,2002,Agricultural land (% of land area),AG.LND.AGRI.ZS,71.8521932857033
Bangladesh,BGD,2001,Agricultural land (% of land area),AG.LND.AGRI.ZS,72.2363063685949
Bangladesh,BGD,2000,Agricultural land (% of land area),AG.LND.AGRI.ZS,72.2132595836214
Bangladesh,BGD,1999,Agricultural land (% of land area),AG.LND.AGRI.ZS,72.873934086195
Bangladesh,BGD,1998,Agricultural land (% of land area),AG.LND.AGRI.ZS,72.4744564799877
Bangladesh,BGD,1997,Agricultural land (% of land area),AG.LND.AGRI.ZS,71.9443804255973
Bangladesh,BGD,1996,Agricultural land (% of land area),AG.LND.AGRI.ZS,71.6524544825997
Bangladesh,BGD,1995,Agricultural land (% of land area),AG.LND.AGRI.ZS,72.0135207805178
Bangladesh,BGD,1994,Agricultural land (% of land area),AG.LND.AGRI.ZS,71.8906045939925
Bangladesh,BGD,1993,Agricultural land (% of land area),AG.LND.AGRI.ZS,72.5666436198817
Bangladesh,BGD,1992,Agricultural land (% of land area),AG.LND.AGRI.ZS,73.3579165706384
Bangladesh,BGD,1991,Agricultural land (% of land area),AG.LND.AGRI.ZS,79.2809403088269
Bangladesh,BGD,1990,Agricultural land (% of land area),AG.LND.AGRI.ZS,79.7879695782438
Bangladesh,BGD,1989,Agricultural land (% of land area),AG.LND.AGRI.ZS,80.2258584927403
Bangladesh,BGD,1988,Agricultural land (% of land area),AG.LND.AGRI.ZS,80.102942306215
Bangladesh,BGD,1987,Agricultural land (% of land area),AG.LND.AGRI.ZS,77.7060766689713
Bangladesh,BGD,1986,Agricultural land (% of land area),AG.LND.AGRI.ZS,77.1375893062918
Bangladesh,BGD,1985,Agricultural land (% of land area),AG.LND.AGRI.ZS,77.0300376430821
Bangladesh,BGD,1984,Agricultural land (% of land area),AG.LND.AGRI.ZS,77.2835522777906
Bangladesh,BGD,1983,Agricultural land (% of land area),AG.LND.AGRI.ZS,76.5460551586387
Bangladesh,BGD,1982,Agricultural land (% of land area),AG.LND.AGRI.ZS,76.6536068218484
Bangladesh,BGD,1981,Agricultural land (% of land area),AG.LND.AGRI.ZS,76.6766536068218
Bangladesh,BGD,1980,Agricultural land (% of land area),AG.LND.AGRI.ZS,76.7227471767688
Bangladesh,BGD,1979,Agricultural land (% of land area),AG.LND.AGRI.ZS,76.6920181301375
Bangladesh,BGD,1978,Agricultural land (% of land area),AG.LND.AGRI.ZS,76.7227471767688
Bangladesh,BGD,1977,Agricultural land (% of land area),AG.LND.AGRI.ZS,76.7534762234002
Bangladesh,BGD,1976,Agricultural land (% of land area),AG.LND.AGRI.ZS,76.807252055005
Bangladesh,BGD,1975,Agricultural land (% of land area),AG.LND.AGRI.ZS,76.853345624952
Bangladesh,BGD,1974,Agricultural land (% of land area),AG.LND.AGRI.ZS,76.7381117000845
Bangladesh,BGD,1973,Agricultural land (% of land area),AG.LND.AGRI.ZS,76.7381117000845
Bangladesh,BGD,1972,Agricultural land (% of land area),AG.LND.AGRI.ZS,76.7534762234002
Bangladesh,BGD,1971,Agricultural land (% of land area),AG.LND.AGRI.ZS,74.4795267726819
Bangladesh,BGD,1970,Agricultural land (% of land area),AG.LND.AGRI.ZS,74.4948912959975
Bangladesh,BGD,1969,Agricultural land (% of land area),AG.LND.AGRI.ZS,74.3258815395252
Bangladesh,BGD,1968,Agricultural land (% of land area),AG.LND.AGRI.ZS,74.2797879695783
Bangladesh,BGD,1967,Agricultural land (% of land area),AG.LND.AGRI.ZS,74.4795267726819
Bangladesh,BGD,1966,Agricultural land (% of land area),AG.LND.AGRI.ZS,74.1338249980794
Bangladesh,BGD,1965,Agricultural land (% of land area),AG.LND.AGRI.ZS,74.0339555965276
Bangladesh,BGD,1964,Agricultural land (% of land area),AG.LND.AGRI.ZS,73.1351309825613
Bangladesh,BGD,1963,Agricultural land (% of land area),AG.LND.AGRI.ZS,72.827840516248
Bangladesh,BGD,1962,Agricultural land (% of land area),AG.LND.AGRI.ZS,72.8047937312745
Bangladesh,BGD,1961,Agricultural land (% of land area),AG.LND.AGRI.ZS,72.827840516248
Bangladesh,BGD,2023,Arable land (% of land area),AG.LND.ARBL.ZS,60.6277888905986
Bangladesh,BGD,2022,Arable land (% of land area),AG.LND.ARBL.ZS,60.7838169814218
Bangladesh,BGD,2021,Arable land (% of land area),AG.LND.ARBL.ZS,60.4908965199355
Bangladesh,BGD,2020,Arable land (% of land area),AG.LND.ARBL.ZS,60.613044480295
Bangladesh,BGD,2019,Arable land (% of land area),AG.LND.ARBL.ZS,60.3595298455865
Bangladesh,BGD,2018,Arable land (% of land area),AG.LND.ARBL.ZS,59.7088422831682
Bangladesh,BGD,2017,Arable land (% of land area),AG.LND.ARBL.ZS,59.8243066758854
Bangladesh,BGD,2016,Arable land (% of land area),AG.LND.ARBL.ZS,59.8771606360913
Bangladesh,BGD,2015,Arable land (% of land area),AG.LND.ARBL.ZS,59.6315587308904
Bangladesh,BGD,2014,Arable land (% of land area),AG.LND.ARBL.ZS,59.1457325036491
Bangladesh,BGD,2013,Arable land (% of land area),AG.LND.ARBL.ZS,59.2916954751479
Bangladesh,BGD,2012,Arable land (% of land area),AG.LND.ARBL.ZS,60.3441653222709
Bangladesh,BGD,2011,Arable land (% of land area),AG.LND.ARBL.ZS,60.4056234155335
Bangladesh,BGD,2010,Arable land (% of land area),AG.LND.ARBL.ZS,61.2737189828686
Bangladesh,BGD,2009,Arable land (% of land area),AG.LND.ARBL.ZS,61.3735883844204
Bangladesh,BGD,2008,Arable land (% of land area),AG.LND.ARBL.ZS,61.48114004763
Bangladesh,BGD,2007,Arable land (% of land area),AG.LND.ARBL.ZS,61.5810094491818
Bangladesh,BGD,2006,Arable land (% of land area),AG.LND.ARBL.ZS,62.0726741952831
Bangladesh,BGD,2005,Arable land (% of land area),AG.LND.ARBL.ZS,62.3108243066759
Bangladesh,BGD,2004,Arable land (% of land area),AG.LND.ARBL.ZS,62.5566566797265
Bangladesh,BGD,2003,Arable land (% of land area),AG.LND.ARBL.ZS,63.2096489206422
Bangladesh,BGD,2002,Arable land (% of land area),AG.LND.ARBL.ZS,63.401705462088
Bangladesh,BGD,2001,Arable land (% of land area),AG.LND.ARBL.ZS,63.7858185449796
Bangladesh,BGD,2000,Arable land (% of land area),AG.LND.ARBL.ZS,64.1468848428977
Bangladesh,BGD,1999,Arable land (% of land area),AG.LND.ARBL.ZS,64.8075593454713
Bangladesh,BGD,1998,Arable land (% of land area),AG.LND.ARBL.ZS,64.9458400553123
Bangladesh,BGD,1997,Arable land (% of land area),AG.LND.ARBL.ZS,64.454175309211
Bangladesh,BGD,1996,Arable land (% of land area),AG.LND.ARBL.ZS,64.2006606745026
Bangladesh,BGD,1995,Arable land (% of land area),AG.LND.ARBL.ZS,64.5617269724207
Bangladesh,BGD,1994,Arable land (% of land area),AG.LND.ARBL.ZS,64.592456019052
Bangladesh,BGD,1993,Arable land (% of land area),AG.LND.ARBL.ZS,65.3453176615196
Bangladesh,BGD,1992,Arable land (% of land area),AG.LND.ARBL.ZS,66.1365906122763
Bangladesh,BGD,1991,Arable land (% of land area),AG.LND.ARBL.ZS,72.0980256587539
Bangladesh,BGD,1990,Arable land (% of land area),AG.LND.ARBL.ZS,72.64346623646
Bangladesh,BGD,1989,Arable land (% of land area),AG.LND.ARBL.ZS,73.3886456172697
Bangladesh,BGD,1988,Arable land (% of land area),AG.LND.ARBL.ZS,73.2657294307444
Bangladesh,BGD,1987,Arable land (% of land area),AG.LND.ARBL.ZS,70.9456864100791
Bangladesh,BGD,1986,Arable land (% of land area),AG.LND.ARBL.ZS,70.3771990473996
Bangladesh,BGD,1985,Arable land (% of land area),AG.LND.ARBL.ZS,70.3080586924791
Bangladesh,BGD,1984,Arable land (% of land area),AG.LND.ARBL.ZS,70.5615733271875
Bangladesh,BGD,1983,Arable land (% of land area),AG.LND.ARBL.ZS,69.8240762080356
Bangladesh,BGD,1982,Arable land (% of land area),AG.LND.ARBL.ZS,69.9393101329031
Bangladesh,BGD,1981,Arable land (% of land area),AG.LND.ARBL.ZS,69.9777214411923
Bangladesh,BGD,1980,Arable land (% of land area),AG.LND.ARBL.ZS,70.0699085810863
Bangladesh,BGD,1979,Arable land (% of land area),AG.LND.ARBL.ZS,70.0468617961128
Bangladesh,BGD,1978,Arable land (% of land area),AG.LND.ARBL.ZS,70.1006376277176
Bangladesh,BGD,1977,Arable land (% of land area),AG.LND.ARBL.ZS,70.1467311976646
Bangladesh,BGD,1976,Arable land (% of land area),AG.LND.ARBL.ZS,70.2005070292694
Bangladesh,BGD,1975,Arable land (% of land area),AG.LND.ARBL.ZS,70.2466005992164
Bangladesh,BGD,1974,Arable land (% of land area),AG.LND.ARBL.ZS,70.1467311976646
Bangladesh,BGD,1973,Arable land (% of land area),AG.LND.ARBL.ZS,70.1467311976646
Bangladesh,BGD,1972,Arable land (% of land area),AG.LND.ARBL.ZS,70.1620957209803
Bangladesh,BGD,1971,Arable land (% of land area),AG.LND.ARBL.ZS,67.888146270262
Bangladesh,BGD,1970,Arable land (% of land area),AG.LND.ARBL.ZS,67.888146270262
Bangladesh,BGD,1969,Arable land (% of land area),AG.LND.ARBL.ZS,67.6807252055005
Bangladesh,BGD,1968,Arable land (% of land area),AG.LND.ARBL.ZS,67.8266881769993
Bangladesh,BGD,1967,Arable land (% of land area),AG.LND.ARBL.ZS,67.934239840209
Bangladesh,BGD,1966,Arable land (% of land area),AG.LND.ARBL.ZS,67.5885380656065
Bangladesh,BGD,1965,Arable land (% of land area),AG.LND.ARBL.ZS,67.427210570792
Bangladesh,BGD,1964,Arable land (% of land area),AG.LND.ARBL.ZS,66.374740723669
Bangladesh,BGD,1963,Arable land (% of land area),AG.LND.ARBL.ZS,66.1058615656449
Bangladesh,BGD,1962,Arable land (% of land area),AG.LND.ARBL.ZS,66.0444034723823
Bangladesh,BGD,1961,Arable land (% of land area),AG.LND.ARBL.ZS,66.1058615656449
Bangladesh,BGD,2015,Rural land area where elevation is below 5 meters (sq. km),AG.LND.EL5M.RU.K2,14600.8643894
Bangladesh,BGD,2000,Rural land area where elevation is below 5 meters (sq. km),AG.LND.EL5M.RU.K2,15196.240324
Bangladesh,BGD,1990,Rural land area where elevation is below 5 meters (sq. km),AG.LND.EL5M.RU.K2,15854.7592761
Bangladesh,BGD,2015,Rural land area where elevation is below 5 meters (% of total land area),AG.LND.EL5M.RU.ZS,10.7123873680445
Bangladesh,BGD,2000,Rural land area where elevation is below 5 meters (% of total land area),AG.LND.EL5M.RU.ZS,11.1492038106136
Bangladesh,BGD,1990,Rural land area where elevation is below 5 meters (% of total land area),AG.LND.EL5M.RU.ZS,11.6323471311682
Bangladesh,BGD,2015,Urban land area where elevation is below 5 meters (sq. km),AG.LND.EL5M.UR.K2,7024.52142433
Bangladesh,BGD,2000,Urban land area where elevation is below 5 meters (sq. km),AG.LND.EL5M.UR.K2,6429.14548963
Bangladesh,BGD,1990,Urban land area where elevation is below 5 meters (sq. km),AG.LND.EL5M.UR.K2,5770.626537634
Bangladesh,BGD,2015,Urban land area where elevation is below 5 meters (% of total land area),AG.LND.EL5M.UR.ZS,5.15376299414032
Bangladesh,BGD,2000,Urban land area where elevation is below 5 meters (% of total land area),AG.LND.EL5M.UR.ZS,4.7169465514944
Bangladesh,BGD,1990,Urban land area where elevation is below 5 meters (% of total land area),AG.LND.EL5M.UR.ZS,4.23380323101328
Bangladesh,BGD,2015,Land area where elevation is below 5 meters (% of total land area),AG.LND.EL5M.ZS,15.8661503621848
Bangladesh,BGD,2000,Land area where elevation is below 5 meters (% of total land area),AG.LND.EL5M.ZS,15.866150362108
Bangladesh,BGD,1990,Land area where elevation is below 5 meters (% of total land area),AG.LND.EL5M.ZS,15.8661503621815
Bangladesh,BGD,2023,Forest area (sq. km),AG.LND.FRST.K2,18834
Bangladesh,BGD,2022,Forest area (sq. km),AG.LND.FRST.K2,18834
Bangladesh,BGD,2021,Forest area (sq. km),AG.LND.FRST.K2,18834
Bangladesh,BGD,2020,Forest area (sq. km),AG.LND.FRST.K2,18834
Bangladesh,BGD,2019,Forest area (sq. km),AG.LND.FRST.K2,18834
Bangladesh,BGD,2018,Forest area (sq. km),AG.LND.FRST.K2,18834
Bangladesh,BGD,2017,Forest area (sq. km),AG.LND.FRST.K2,18834
Bangladesh,BGD,2016,Forest area (sq. km),AG.LND.FRST.K2,18834
Bangladesh,BGD,2015,Forest area (sq. km),AG.LND.FRST.K2,18834
Bangladesh,BGD,2014,Forest area (sq. km),AG.LND.FRST.K2,18843.884
Bangladesh,BGD,2013,Forest area (sq. km),AG.LND.FRST.K2,18853.768
Bangladesh,BGD,2012,Forest area (sq. km),AG.LND.FRST.K2,18863.652
Bangladesh,BGD,2011,Forest area (sq. km),AG.LND.FRST.K2,18873.536
Bangladesh,BGD,2010,Forest area (sq. km),AG.LND.FRST.K2,18883.42
Bangladesh,BGD,2009,Forest area (sq. km),AG.LND.FRST.K2,18915.406
Bangladesh,BGD,2008,Forest area (sq. km),AG.LND.FRST.K2,18947.393
Bangladesh,BGD,2007,Forest area (sq. km),AG.LND.FRST.K2,18979.379
Bangladesh,BGD,2006,Forest area (sq. km),AG.LND.FRST.K2,19011.365
Bangladesh,BGD,2005,Forest area (sq. km),AG.LND.FRST.K2,19043.351
Bangladesh,BGD,2004,Forest area (sq. km),AG.LND.FRST.K2,19075.337
Bangladesh,BGD,2003,Forest area (sq. km),AG.LND.FRST.K2,19107.323
Bangladesh,BGD,2002,Forest area (sq. km),AG.LND.FRST.K2,19139.309
Bangladesh,BGD,2001,Forest area (sq. km),AG.LND.FRST.K2,19171.295
Bangladesh,BGD,2000,Forest area (sq. km),AG.LND.FRST.K2,19203.281
Bangladesh,BGD,1999,Forest area (sq. km),AG.LND.FRST.K2,19203.283
Bangladesh,BGD,1998,Forest area (sq. km),AG.LND.FRST.K2,19203.285
Bangladesh,BGD,1997,Forest area (sq. km),AG.LND.FRST.K2,19203.287
Bangladesh,BGD,1996,Forest area (sq. km),AG.LND.FRST.K2,19203.289
Bangladesh,BGD,1995,Forest area (sq. km),AG.LND.FRST.K2,19203.29
Bangladesh,BGD,1994,Forest area (sq. km),AG.LND.FRST.K2,19203.292
Bangladesh,BGD,1993,Forest area (sq. km),AG.LND.FRST.K2,19203.294
Bangladesh,BGD,1992,Forest area (sq. km),AG.LND.FRST.K2,19203.296
Bangladesh,BGD,1991,Forest area (sq. km),AG.LND.FRST.K2,19203.298
Bangladesh,BGD,1990,Forest area (sq. km),AG.LND.FRST.K2,19203.3
Bangladesh,BGD,2023,Forest area (% of land area),AG.LND.FRST.ZS,14.4899215263887
Bangladesh,BGD,2022,Forest area (% of land area),AG.LND.FRST.ZS,14.458774758176
Bangladesh,BGD,2021,Forest area (% of land area),AG.LND.FRST.ZS,14.4687716063609
Bangladesh,BGD,2020,Forest area (% of land area),AG.LND.FRST.ZS,14.4687716063609
Bangladesh,BGD,2019,Forest area (% of land area),AG.LND.FRST.ZS,14.4687716063609
Bangladesh,BGD,2018,Forest area (% of land area),AG.LND.FRST.ZS,14.4687716063609
Bangladesh,BGD,2017,Forest area (% of land area),AG.LND.FRST.ZS,14.4687716063609
Bangladesh,BGD,2016,Forest area (% of land area),AG.LND.FRST.ZS,14.4687716063609
Bangladesh,BGD,2015,Forest area (% of land area),AG.LND.FRST.ZS,14.4687716063609
Bangladesh,BGD,2014,Forest area (% of land area),AG.LND.FRST.ZS,14.4763647537835
Bangladesh,BGD,2013,Forest area (% of land area),AG.LND.FRST.ZS,14.4839579012061
Bangladesh,BGD,2012,Forest area (% of land area),AG.LND.FRST.ZS,14.4915510486287
Bangladesh,BGD,2011,Forest area (% of land area),AG.LND.FRST.ZS,14.4991441960513
Bangladesh,BGD,2010,Forest area (% of land area),AG.LND.FRST.ZS,14.5067373434739
Bangladesh,BGD,2009,Forest area (% of land area),AG.LND.FRST.ZS,14.5313098256127
Bangladesh,BGD,2008,Forest area (% of land area),AG.LND.FRST.ZS,14.5558830759776
Bangladesh,BGD,2007,Forest area (% of land area),AG.LND.FRST.ZS,14.5804555581163
Bangladesh,BGD,2006,Forest area (% of land area),AG.LND.FRST.ZS,14.6050280402551
Bangladesh,BGD,2005,Forest area (% of land area),AG.LND.FRST.ZS,14.6296005223938
Bangladesh,BGD,2004,Forest area (% of land area),AG.LND.FRST.ZS,14.6541730045325
Bangladesh,BGD,2003,Forest area (% of land area),AG.LND.FRST.ZS,14.6787454866713
Bangladesh,BGD,2002,Forest area (% of land area),AG.LND.FRST.ZS,14.70331796881
Bangladesh,BGD,2001,Forest area (% of land area),AG.LND.FRST.ZS,14.7278904509488
Bangladesh,BGD,2000,Forest area (% of land area),AG.LND.FRST.ZS,14.7524629330875
Bangladesh,BGD,1999,Forest area (% of land area),AG.LND.FRST.ZS,14.7524644695398
Bangladesh,BGD,1998,Forest area (% of land area),AG.LND.FRST.ZS,14.7524660059922
Bangladesh,BGD,1997,Forest area (% of land area),AG.LND.FRST.ZS,14.7524675424445
Bangladesh,BGD,1996,Forest area (% of land area),AG.LND.FRST.ZS,14.7524690788968
Bangladesh,BGD,1995,Forest area (% of land area),AG.LND.FRST.ZS,14.752469847123
Bangladesh,BGD,1994,Forest area (% of land area),AG.LND.FRST.ZS,14.7524713835753
Bangladesh,BGD,1993,Forest area (% of land area),AG.LND.FRST.ZS,14.7524729200277
Bangladesh,BGD,1992,Forest area (% of land area),AG.LND.FRST.ZS,14.75247445648
Bangladesh,BGD,1991,Forest area (% of land area),AG.LND.FRST.ZS,14.7524759929323
Bangladesh,BGD,1990,Forest area (% of land area),AG.LND.FRST.ZS,14.7524775293847
Bangladesh,BGD,2023,Agricultural irrigated land (% of total agricultural land),AG.LND.IRIG.AG.ZS,89.0413873816363
Bangladesh,BGD,2022,Agricultural irrigated land (% of total agricultural land),AG.LND.IRIG.AG.ZS,88.7769173650154
Bangladesh,BGD,2021,Agricultural irrigated land (% of total agricultural land),AG.LND.IRIG.AG.ZS,84.3491187088554
Bangladesh,BGD,2020,Agricultural irrigated land (% of total agricultural land),AG.LND.IRIG.AG.ZS,83.5524920466596
Bangladesh,BGD,2019,Agricultural irrigated land (% of total agricultural land),AG.LND.IRIG.AG.ZS,82.7604554645099
Bangladesh,BGD,2018,Agricultural irrigated land (% of total agricultural land),AG.LND.IRIG.AG.ZS,60.3828825402345
Bangladesh,BGD,2017,Agricultural irrigated land (% of total agricultural land),AG.LND.IRIG.AG.ZS,60.158936274195
Bangladesh,BGD,2016,Agricultural irrigated land (% of total agricultural land),AG.LND.IRIG.AG.ZS,59.7114923413757
Bangladesh,BGD,2015,Agricultural irrigated land (% of total agricultural land),AG.LND.IRIG.AG.ZS,59.4614417435038
Bangladesh,BGD,2014,Agricultural irrigated land (% of total agricultural land),AG.LND.IRIG.AG.ZS,59.3691614463128
Bangladesh,BGD,2013,Agricultural irrigated land (% of total agricultural land),AG.LND.IRIG.AG.ZS,58.9920948616601
Bangladesh,BGD,2006,Agricultural irrigated land (% of total agricultural land),AG.LND.IRIG.AG.ZS,52.6185344827586
Bangladesh,BGD,2005,Agricultural irrigated land (% of total agricultural land),AG.LND.IRIG.AG.ZS,51.1223284287402
Bangladesh,BGD,2004,Agricultural irrigated land (% of total agricultural land),AG.LND.IRIG.AG.ZS,51.346133218921
Bangladesh,BGD,2022,Average precipitation in depth (mm per year),AG.LND.PRCP.MM,2666
Bangladesh,BGD,2021,Average precipitation in depth (mm per year),AG.LND.PRCP.MM,2666
Bangladesh,BGD,2020,Average precipitation in depth (mm per year),AG.LND.PRCP.MM,2666
Bangladesh,BGD,2019,Average precipitation in depth (mm per year),AG.LND.PRCP.MM,2666
Bangladesh,BGD,2018,Average precipitation in depth (mm per year),AG.LND.PRCP.MM,2666
Bangladesh,BGD,2017,Average precipitation in depth (mm per year),AG.LND.PRCP.MM,2666
Bangladesh,BGD,2016,Average precipitation in depth (mm per year),AG.LND.PRCP.MM,2666
Bangladesh,BGD,2015,Average precipitation in depth (mm per year),AG.LND.PRCP.MM,2666
Bangladesh,BGD,2014,Average precipitation in depth (mm per year),AG.LND.PRCP.MM,2666
Bangladesh,BGD,2013,Average precipitation in depth (mm per year),AG.LND.PRCP.MM,2666
Bangladesh,BGD,2012,Average precipitation in depth (mm per year),AG.LND.PRCP.MM,2666
Bangladesh,BGD,2011,Average precipitation in depth (mm per year),AG.LND.PRCP.MM,2666
Bangladesh,BGD,2010,Average precipitation in depth (mm per year),AG.LND.PRCP.MM,2666
Bangladesh,BGD,2009,Average precipitation in depth (mm per year),AG.LND.PRCP.MM,2666
Bangladesh,BGD,2008,Average precipitation in depth (mm per year),AG.LND.PRCP.MM,2666
Bangladesh,BGD,2007,Average precipitation in depth (mm per year),AG.LND.PRCP.MM,2666
Bangladesh,BGD,2006,Average precipitation in depth (mm per year),AG.LND.PRCP.MM,2666
Bangladesh,BGD,2005,Average precipitation in depth (mm per year),AG.LND.PRCP.MM,2666
Bangladesh,BGD,2004,Average precipitation in depth (mm per year),AG.LND.PRCP.MM,2666
Bangladesh,BGD,2003,Average precipitation in depth (mm per year),AG.LND.PRCP.MM,2666
Bangladesh,BGD,2002,Average precipitation in depth (mm per year),AG.LND.PRCP.MM,2666
Bangladesh,BGD,2001,Average precipitation in depth (mm per year),AG.LND.PRCP.MM,2666
Bangladesh,BGD,2000,Average precipitation in depth (mm per year),AG.LND.PRCP.MM,2666
Bangladesh,BGD,1999,Average precipitation in depth (mm per year),AG.LND.PRCP.MM,2666
Bangladesh,BGD,1998,Average precipitation in depth (mm per year),AG.LND.PRCP.MM,2666
Bangladesh,BGD,1997,Average precipitation in depth (mm per year),AG.LND.PRCP.MM,2666
Bangladesh,BGD,1996,Average precipitation in depth (mm per year),AG.LND.PRCP.MM,2666
Bangladesh,BGD,1995,Average precipitation in depth (mm per year),AG.LND.PRCP.MM,2666
Bangladesh,BGD,1994,Average precipitation in depth (mm per year),AG.LND.PRCP.MM,2666
Bangladesh,BGD,1993,Average precipitation in depth (mm per year),AG.LND.PRCP.MM,2666
Bangladesh,BGD,1992,Average precipitation in depth (mm per year),AG.LND.PRCP.MM,2666
Bangladesh,BGD,1991,Average precipitation in depth (mm per year),AG.LND.PRCP.MM,2666
Bangladesh,BGD,1990,Average precipitation in depth (mm per year),AG.LND.PRCP.MM,2666
Bangladesh,BGD,1989,Average precipitation in depth (mm per year),AG.LND.PRCP.MM,2666
Bangladesh,BGD,1988,Average precipitation in depth (mm per year),AG.LND.PRCP.MM,2666
Bangladesh,BGD,1987,Average precipitation in depth (mm per year),AG.LND.PRCP.MM,2666
Bangladesh,BGD,1986,Average precipitation in depth (mm per year),AG.LND.PRCP.MM,2666
Bangladesh,BGD,1985,Average precipitation in depth (mm per year),AG.LND.PRCP.MM,2666
Bangladesh,BGD,1984,Average precipitation in depth (mm per year),AG.LND.PRCP.MM,2666
Bangladesh,BGD,1983,Average precipitation in depth (mm per year),AG.LND.PRCP.MM,2666
Bangladesh,BGD,1982,Average precipitation in depth (mm per year),AG.LND.PRCP.MM,2666
Bangladesh,BGD,1981,Average precipitation in depth (mm per year),AG.LND.PRCP.MM,2666
Bangladesh,BGD,1980,Average precipitation in depth (mm per year),AG.LND.PRCP.MM,2666
Bangladesh,BGD,1979,Average precipitation in depth (mm per year),AG.LND.PRCP.MM,2666
Bangladesh,BGD,1978,Average precipitation in depth (mm per year),AG.LND.PRCP.MM,2666
Bangladesh,BGD,1977,Average precipitation in depth (mm per year),AG.LND.PRCP.MM,2666
Bangladesh,BGD,1976,Average precipitation in depth (mm per year),AG.LND.PRCP.MM,2666
Bangladesh,BGD,1975,Average precipitation in depth (mm per year),AG.LND.PRCP.MM,2666
Bangladesh,BGD,1974,Average precipitation in depth (mm per year),AG.LND.PRCP.MM,2666
Bangladesh,BGD,1973,Average precipitation in depth (mm per year),AG.LND.PRCP.MM,2666
Bangladesh,BGD,1972,Average precipitation in depth (mm per year),AG.LND.PRCP.MM,2666
Bangladesh,BGD,1971,Average precipitation in depth (mm per year),AG.LND.PRCP.MM,2666
Bangladesh,BGD,1970,Average precipitation in depth (mm per year),AG.LND.PRCP.MM,2666
Bangladesh,BGD,1969,Average precipitation in depth (mm per year),AG.LND.PRCP.MM,2666
Bangladesh,BGD,1968,Average precipitation in depth (mm per year),AG.LND.PRCP.MM,2666
Bangladesh,BGD,1967,Average precipitation in depth (mm per year),AG.LND.PRCP.MM,2666
Bangladesh,BGD,1966,Average precipitation in depth (mm per year),AG.LND.PRCP.MM,2666
Bangladesh,BGD,1965,Average precipitation in depth (mm per year),AG.LND.PRCP.MM,2666
Bangladesh,BGD,1964,Average precipitation in depth (mm per year),AG.LND.PRCP.MM,2666
Bangladesh,BGD,1963,Average precipitation in depth (mm per year),AG.LND.PRCP.MM,2666
Bangladesh,BGD,1962,Average precipitation in depth (mm per year),AG.LND.PRCP.MM,2666
Bangladesh,BGD,1961,Average precipitation in depth (mm per year),AG.LND.PRCP.MM,2666
Bangladesh,BGD,2024,Cereal yield (kg per hectare),AG.YLD.CREL.KG,5408
Bangladesh,BGD,2023,Cereal yield (kg per hectare),AG.YLD.CREL.KG,5320.9
Bangladesh,BGD,2022,Cereal yield (kg per hectare),AG.YLD.CREL.KG,5089.7
Bangladesh,BGD,2021,Cereal yield (kg per hectare),AG.YLD.CREL.KG,4964.4
Bangladesh,BGD,2020,Cereal yield (kg per hectare),AG.YLD.CREL.KG,4885.9
Bangladesh,BGD,2019,Cereal yield (kg per hectare),AG.YLD.CREL.KG,4855.4
Bangladesh,BGD,2018,Cereal yield (kg per hectare),AG.YLD.CREL.KG,4778.5
Bangladesh,BGD,2017,Cereal yield (kg per hectare),AG.YLD.CREL.KG,4684.5
Bangladesh,BGD,2016,Cereal yield (kg per hectare),AG.YLD.CREL.KG,4624
Bangladesh,BGD,2015,Cereal yield (kg per hectare),AG.YLD.CREL.KG,4588.2
Bangladesh,BGD,2014,Cereal yield (kg per hectare),AG.YLD.CREL.KG,4558.8
Bangladesh,BGD,2013,Cereal yield (kg per hectare),AG.YLD.CREL.KG,4492.1
Bangladesh,BGD,2012,Cereal yield (kg per hectare),AG.YLD.CREL.KG,4396.5
Bangladesh,BGD,2011,Cereal yield (kg per hectare),AG.YLD.CREL.KG,4367.1
Bangladesh,BGD,2010,Cereal yield (kg per hectare),AG.YLD.CREL.KG,4262.6
Bangladesh,BGD,2009,Cereal yield (kg per hectare),AG.YLD.CREL.KG,4126.4
Bangladesh,BGD,2008,Cereal yield (kg per hectare),AG.YLD.CREL.KG,4154.3
Bangladesh,BGD,2007,Cereal yield (kg per hectare),AG.YLD.CREL.KG,3783.1
Bangladesh,BGD,2006,Cereal yield (kg per hectare),AG.YLD.CREL.KG,3710.5
Bangladesh,BGD,2005,Cereal yield (kg per hectare),AG.YLD.CREL.KG,3663.6
Bangladesh,BGD,2004,Cereal yield (kg per hectare),AG.YLD.CREL.KG,3439.4
Bangladesh,BGD,2003,Cereal yield (kg per hectare),AG.YLD.CREL.KG,3479.8
Bangladesh,BGD,2002,Cereal yield (kg per hectare),AG.YLD.CREL.KG,3374
Bangladesh,BGD,2001,Cereal yield (kg per hectare),AG.YLD.CREL.KG,3352.6
Bangladesh,BGD,2000,Cereal yield (kg per hectare),AG.YLD.CREL.KG,3302.2
Bangladesh,BGD,1999,Cereal yield (kg per hectare),AG.YLD.CREL.KG,3104.9
Bangladesh,BGD,1998,Cereal yield (kg per hectare),AG.YLD.CREL.KG,2707.9
Bangladesh,BGD,1997,Cereal yield (kg per hectare),AG.YLD.CREL.KG,2628.8
Bangladesh,BGD,1996,Cereal yield (kg per hectare),AG.YLD.CREL.KG,2687.1
Bangladesh,BGD,1995,Cereal yield (kg per hectare),AG.YLD.CREL.KG,2530.4
Bangladesh,BGD,1994,Cereal yield (kg per hectare),AG.YLD.CREL.KG,2541
Bangladesh,BGD,1993,Cereal yield (kg per hectare),AG.YLD.CREL.KG,2653.1
Bangladesh,BGD,1992,Cereal yield (kg per hectare),AG.YLD.CREL.KG,2659.6
Bangladesh,BGD,1991,Cereal yield (kg per hectare),AG.YLD.CREL.KG,2555.8
Bangladesh,BGD,1990,Cereal yield (kg per hectare),AG.YLD.CREL.KG,2490.6
Bangladesh,BGD,1989,Cereal yield (kg per hectare),AG.YLD.CREL.KG,2500.3
Bangladesh,BGD,1988,Cereal yield (kg per hectare),AG.YLD.CREL.KG,2235.8
Bangladesh,BGD,1987,Cereal yield (kg per hectare),AG.YLD.CREL.KG,2202.1
Bangladesh,BGD,1986,Cereal yield (kg per hectare),AG.YLD.CREL.KG,2146.6
Bangladesh,BGD,1985,Cereal yield (kg per hectare),AG.YLD.CREL.KG,2148.5
Bangladesh,BGD,1984,Cereal yield (kg per hectare),AG.YLD.CREL.KG,2134.6
Bangladesh,BGD,1983,Cereal yield (kg per hectare),AG.YLD.CREL.KG,2205.6
Bangladesh,BGD,1982,Cereal yield (kg per hectare),AG.YLD.CREL.KG,1997.9
Bangladesh,BGD,1981,Cereal yield (kg per hectare),AG.YLD.CREL.KG,1937.5
Bangladesh,BGD,1980,Cereal yield (kg per hectare),AG.YLD.CREL.KG,2005.8
Bangladesh,BGD,1979,Cereal yield (kg per hectare),AG.YLD.CREL.KG,1870.9
Bangladesh,BGD,1978,Cereal yield (kg per hectare),AG.YLD.CREL.KG,1926.9
Bangladesh,BGD,1977,Cereal yield (kg per hectare),AG.YLD.CREL.KG,1923.7
Bangladesh,BGD,1976,Cereal yield (kg per hectare),AG.YLD.CREL.KG,1769
Bangladesh,BGD,1975,Cereal yield (kg per hectare),AG.YLD.CREL.KG,1831.6
Bangladesh,BGD,1974,Cereal yield (kg per hectare),AG.YLD.CREL.KG,1708.4
Bangladesh,BGD,1973,Cereal yield (kg per hectare),AG.YLD.CREL.KG,1785.2
Bangladesh,BGD,1972,Cereal yield (kg per hectare),AG.YLD.CREL.KG,1554.5
Bangladesh,BGD,1971,Cereal yield (kg per hectare),AG.YLD.CREL.KG,1583.1
Bangladesh,BGD,1970,Cereal yield (kg per hectare),AG.YLD.CREL.KG,1666.2
Bangladesh,BGD,1969,Cereal yield (kg per hectare),AG.YLD.CREL.KG,1724.7
Bangladesh,BGD,1968,Cereal yield (kg per hectare),AG.YLD.CREL.KG,1727.9
Bangladesh,BGD,1967,Cereal yield (kg per hectare),AG.YLD.CREL.KG,1681.5
Bangladesh,BGD,1966,Cereal yield (kg per hectare),AG.YLD.CREL.KG,1570.8
Bangladesh,BGD,1965,Cereal yield (kg per hectare),AG.YLD.CREL.KG,1670
Bangladesh,BGD,1964,Cereal yield (kg per hectare),AG.YLD.CREL.KG,1691.8
Bangladesh,BGD,1963,Cereal yield (kg per hectare),AG.YLD.CREL.KG,1749.4
Bangladesh,BGD,1962,Cereal yield (kg per hectare),AG.YLD.CREL.KG,1514
Bangladesh,BGD,1961,Cereal yield (kg per hectare),AG.YLD.CREL.KG,1681.1
Bangladesh,BGD,2024,"Foreign direct investment, net inflows (% of GDP)",BX.KLT.DINV.WD.GD.ZS,0.283870773350074
Bangladesh,BGD,2023,"Foreign direct investment, net inflows (% of GDP)",BX.KLT.DINV.WD.GD.ZS,0.335721505298968
Bangladesh,BGD,2022,"Foreign direct investment, net inflows (% of GDP)",BX.KLT.DINV.WD.GD.ZS,0.347960024540439
Bangladesh,BGD,2021,"Foreign direct investment, net inflows (% of GDP)",BX.KLT.DINV.WD.GD.ZS,0.414118154040593
Bangladesh,BGD,2020,"Foreign direct investment, net inflows (% of GDP)",BX.KLT.DINV.WD.GD.ZS,0.407859894856915
Bangladesh,BGD,2019,"Foreign direct investment, net inflows (% of GDP)",BX.KLT.DINV.WD.GD.ZS,0.543244141585063
Bangladesh,BGD,2018,"Foreign direct investment, net inflows (% of GDP)",BX.KLT.DINV.WD.GD.ZS,0.75354913412869
Bangladesh,BGD,2017,"Foreign direct investment, net inflows (% of GDP)",BX.KLT.DINV.WD.GD.ZS,0.616341784631384
Bangladesh,BGD,2016,"Foreign direct investment, net inflows (% of GDP)",BX.KLT.DINV.WD.GD.ZS,0.879528340271998
Bangladesh,BGD,2015,"Foreign direct investment, net inflows (% of GDP)",BX.KLT.DINV.WD.GD.ZS,1.4507824552936
Bangladesh,BGD,2014,"Foreign direct investment, net inflows (% of GDP)",BX.KLT.DINV.WD.GD.ZS,1.46870305074204
Bangladesh,BGD,2013,"Foreign direct investment, net inflows (% of GDP)",BX.KLT.DINV.WD.GD.ZS,1.73532012481503
Bangladesh,BGD,2012,"Foreign direct investment, net inflows (% of GDP)",BX.KLT.DINV.WD.GD.ZS,1.18850391920183
Bangladesh,BGD,2011,"Foreign direct investment, net inflows (% of GDP)",BX.KLT.DINV.WD.GD.ZS,0.983399364184761
Bangladesh,BGD,2010,"Foreign direct investment, net inflows (% of GDP)",BX.KLT.DINV.WD.GD.ZS,1.06896766308322
Bangladesh,BGD,2009,"Foreign direct investment, net inflows (% of GDP)",BX.KLT.DINV.WD.GD.ZS,0.879517142536145
Bangladesh,BGD,2008,"Foreign direct investment, net inflows (% of GDP)",BX.KLT.DINV.WD.GD.ZS,1.4496579161576
Bangladesh,BGD,2007,"Foreign direct investment, net inflows (% of GDP)",BX.KLT.DINV.WD.GD.ZS,0.817756922700044
Bangladesh,BGD,2006,"Foreign direct investment, net inflows (% of GDP)",BX.KLT.DINV.WD.GD.ZS,0.635863899506714
Bangladesh,BGD,2005,"Foreign direct investment, net inflows (% of GDP)",BX.KLT.DINV.WD.GD.ZS,1.17065167448603
Bangladesh,BGD,2004,"Foreign direct investment, net inflows (% of GDP)",BX.KLT.DINV.WD.GD.ZS,0.689472335587339
Bangladesh,BGD,2003,"Foreign direct investment, net inflows (% of GDP)",BX.KLT.DINV.WD.GD.ZS,0.44596078329809
Bangladesh,BGD,2002,"Foreign direct investment, net inflows (% of GDP)",BX.KLT.DINV.WD.GD.ZS,0.0955793676464671
Bangladesh,BGD,2001,"Foreign direct investment, net inflows (% of GDP)",BX.KLT.DINV.WD.GD.ZS,0.145443904569924
Bangladesh,BGD,2000,"Foreign direct investment, net inflows (% of GDP)",BX.KLT.DINV.WD.GD.ZS,0.525362089236087
Bangladesh,BGD,1999,"Foreign direct investment, net inflows (% of GDP)",BX.KLT.DINV.WD.GD.ZS,0.350304290993083
Bangladesh,BGD,1998,"Foreign direct investment, net inflows (% of GDP)",BX.KLT.DINV.WD.GD.ZS,0.380236166897954
Bangladesh,BGD,1997,"Foreign direct investment, net inflows (% of GDP)",BX.KLT.DINV.WD.GD.ZS,0.288896567530213
Bangladesh,BGD,1996,"Foreign direct investment, net inflows (% of GDP)",BX.KLT.DINV.WD.GD.ZS,0.0291349551912919
Bangladesh,BGD,1995,"Foreign direct investment, net inflows (% of GDP)",BX.KLT.DINV.WD.GD.ZS,0.00499837818821925
Bangladesh,BGD,1994,"Foreign direct investment, net inflows (% of GDP)",BX.KLT.DINV.WD.GD.ZS,0.033012230974896
Bangladesh,BGD,1993,"Foreign direct investment, net inflows (% of GDP)",BX.KLT.DINV.WD.GD.ZS,0.0423616549795556
Bangladesh,BGD,1992,"Foreign direct investment, net inflows (% of GDP)",BX.KLT.DINV.WD.GD.ZS,0.0117375764038404
Bangladesh,BGD,1991,"Foreign direct investment, net inflows (% of GDP)",BX.KLT.DINV.WD.GD.ZS,0.00449146424413688
Bangladesh,BGD,1990,"Foreign direct investment, net inflows (% of GDP)",BX.KLT.DINV.WD.GD.ZS,0.0102498457488283
Bangladesh,BGD,1989,"Foreign direct investment, net inflows (% of GDP)",BX.KLT.DINV.WD.GD.ZS,0.000861339473035719
Bangladesh,BGD,1988,"Foreign direct investment, net inflows (% of GDP)",BX.KLT.DINV.WD.GD.ZS,0.00691614475605439
Bangladesh,BGD,1987,"Foreign direct investment, net inflows (% of GDP)",BX.KLT.DINV.WD.GD.ZS,0.0131907256034205
Bangladesh,BGD,1986,"Foreign direct investment, net inflows (% of GDP)",BX.KLT.DINV.WD.GD.ZS,0.0111899311751012
Bangladesh,BGD,1985,"Foreign direct investment, net inflows (% of GDP)",BX.KLT.DINV.WD.GD.ZS,-0.0298943959229265
Bangladesh,BGD,1984,"Foreign direct investment, net inflows (% of GDP)",BX.KLT.DINV.WD.GD.ZS,-0.00292412703814179
Bangladesh,BGD,1983,"Foreign direct investment, net inflows (% of GDP)",BX.KLT.DINV.WD.GD.ZS,0.0022941532029319
Bangladesh,BGD,1982,"Foreign direct investment, net inflows (% of GDP)",BX.KLT.DINV.WD.GD.ZS,0.0375700405927019
Bangladesh,BGD,1981,"Foreign direct investment, net inflows (% of GDP)",BX.KLT.DINV.WD.GD.ZS,0.0264695357833656
Bangladesh,BGD,1980,"Foreign direct investment, net inflows (% of GDP)",BX.KLT.DINV.WD.GD.ZS,0.0469179450068916
Bangladesh,BGD,1979,"Foreign direct investment, net inflows (% of GDP)",BX.KLT.DINV.WD.GD.ZS,-0.0514600239396866
Bangladesh,BGD,1978,"Foreign direct investment, net inflows (% of GDP)",BX.KLT.DINV.WD.GD.ZS,0.0579742131990397
Bangladesh,BGD,1977,"Foreign direct investment, net inflows (% of GDP)",BX.KLT.DINV.WD.GD.ZS,0.072322992647562
Bangladesh,BGD,1976,"Foreign direct investment, net inflows (% of GDP)",BX.KLT.DINV.WD.GD.ZS,0.0535725925115662
Bangladesh,BGD,1975,"Foreign direct investment, net inflows (% of GDP)",BX.KLT.DINV.WD.GD.ZS,0.00793554956015196
Bangladesh,BGD,1974,"Foreign direct investment, net inflows (% of GDP)",BX.KLT.DINV.WD.GD.ZS,0.0175824730598327
Bangladesh,BGD,1973,"Foreign direct investment, net inflows (% of GDP)",BX.KLT.DINV.WD.GD.ZS,0.0289363084432292
Bangladesh,BGD,1972,"Foreign direct investment, net inflows (% of GDP)",BX.KLT.DINV.WD.GD.ZS,0.00143124174703601
Bangladesh,BGD,2023,Access to electricity (% of population),EG.ELC.ACCS.ZS,99.5
Bangladesh,BGD,2022,Access to electricity (% of population),EG.ELC.ACCS.ZS,99.4
Bangladesh,BGD,2021,Access to electricity (% of population),EG.ELC.ACCS.ZS,99
Bangladesh,BGD,2020,Access to electricity (% of population),EG.ELC.ACCS.ZS,96.2
Bangladesh,BGD,2019,Access to electricity (% of population),EG.ELC.ACCS.ZS,92.2
Bangladesh,BGD,2018,Access to electricity (% of population),EG.ELC.ACCS.ZS,86.9
Bangladesh,BGD,2017,Access to electricity (% of population),EG.ELC.ACCS.ZS,88
Bangladesh,BGD,2016,Access to electricity (% of population),EG.ELC.ACCS.ZS,75.9
Bangladesh,BGD,2015,Access to electricity (% of population),EG.ELC.ACCS.ZS,74
Bangladesh,BGD,2014,Access to electricity (% of population),EG.ELC.ACCS.ZS,62.4
Bangladesh,BGD,2013,Access to electricity (% of population),EG.ELC.ACCS.ZS,61.5
Bangladesh,BGD,2012,Access to electricity (% of population),EG.ELC.ACCS.ZS,65.5
Bangladesh,BGD,2011,Access to electricity (% of population),EG.ELC.ACCS.ZS,59.6
Bangladesh,BGD,2010,Access to electricity (% of population),EG.ELC.ACCS.ZS,55.3
Bangladesh,BGD,2009,Access to electricity (% of population),EG.ELC.ACCS.ZS,57.1
Bangladesh,BGD,2008,Access to electricity (% of population),EG.ELC.ACCS.ZS,54.3
Bangladesh,BGD,2007,Access to electricity (% of population),EG.ELC.ACCS.ZS,46.5
Bangladesh,BGD,2006,Access to electricity (% of population),EG.ELC.ACCS.ZS,50.5
Bangladesh,BGD,2005,Access to electricity (% of population),EG.ELC.ACCS.ZS,44.2
Bangladesh,BGD,2004,Access to electricity (% of population),EG.ELC.ACCS.ZS,40.6
Bangladesh,BGD,2003,Access to electricity (% of population),EG.ELC.ACCS.ZS,40.5
Bangladesh,BGD,2002,Access to electricity (% of population),EG.ELC.ACCS.ZS,37.8
Bangladesh,BGD,2001,Access to electricity (% of population),EG.ELC.ACCS.ZS,35
Bangladesh,BGD,2000,Access to electricity (% of population),EG.ELC.ACCS.ZS,32
Bangladesh,BGD,1999,Access to electricity (% of population),EG.ELC.ACCS.ZS,29.5402145385742
Bangladesh,BGD,1998,Access to electricity (% of population),EG.ELC.ACCS.ZS,26.7461929321289
Bangladesh,BGD,1997,Access to electricity (% of population),EG.ELC.ACCS.ZS,22.4
Bangladesh,BGD,1996,Access to electricity (% of population),EG.ELC.ACCS.ZS,21.1443862915039
Bangladesh,BGD,1995,Access to electricity (% of population),EG.ELC.ACCS.ZS,18.3380451202393
Bangladesh,BGD,1994,Access to electricity (% of population),EG.ELC.ACCS.ZS,17.8
Bangladesh,BGD,1993,Access to electricity (% of population),EG.ELC.ACCS.ZS,12.7178802490234
Bangladesh,BGD,1992,Access to electricity (% of population),EG.ELC.ACCS.ZS,9.90541934967041
Bangladesh,BGD,1991,Access to electricity (% of population),EG.ELC.ACCS.ZS,14.29
Bangladesh,BGD,2023,Electricity production from coal sources (% of total),EG.ELC.COAL.ZS,10.587745719721
Bangladesh,BGD,2022,Electricity production from coal sources (% of total),EG.ELC.COAL.ZS,5.55206964842448
Bangladesh,BGD,2021,Electricity production from coal sources (% of total),EG.ELC.COAL.ZS,5.55823714585519
Bangladesh,BGD,2020,Electricity production from coal sources (% of total),EG.ELC.COAL.ZS,3.68681956147238
Bangladesh,BGD,2019,Electricity production from coal sources (% of total),EG.ELC.COAL.ZS,1.53735513611016
Bangladesh,BGD,2018,Electricity production from coal sources (% of total),EG.ELC.COAL.ZS,2.27304402914159
Bangladesh,BGD,2017,Electricity production from coal sources (% of total),EG.ELC.COAL.ZS,1.45969469189528
Bangladesh,BGD,2016,Electricity production from coal sources (% of total),EG.ELC.COAL.ZS,1.3063718359034
Bangladesh,BGD,2015,Electricity production from coal sources (% of total),EG.ELC.COAL.ZS,1.68594426406926
Bangladesh,BGD,2014,Electricity production from coal sources (% of total),EG.ELC.COAL.ZS,1.96825737649185
Bangladesh,BGD,2013,Electricity production from coal sources (% of total),EG.ELC.COAL.ZS,2.30479774223895
Bangladesh,BGD,2012,Electricity production from coal sources (% of total),EG.ELC.COAL.ZS,1.92216860047233
Bangladesh,BGD,2011,Electricity production from coal sources (% of total),EG.ELC.COAL.ZS,1.86732297687861
Bangladesh,BGD,2010,Electricity production from coal sources (% of total),EG.ELC.COAL.ZS,1.89011849965723
Bangladesh,BGD,2009,Electricity production from coal sources (% of total),EG.ELC.COAL.ZS,2.9331184528606
Bangladesh,BGD,2008,Electricity production from coal sources (% of total),EG.ELC.COAL.ZS,3.20774524670477
Bangladesh,BGD,2007,Electricity production from coal sources (% of total),EG.ELC.COAL.ZS,2.38924356742116
Bangladesh,BGD,2006,Electricity production from coal sources (% of total),EG.ELC.COAL.ZS,0.934452871072589
Bangladesh,BGD,2005,Electricity production from coal sources (% of total),EG.ELC.COAL.ZS,0.616257088846881
Bangladesh,BGD,2004,Electricity production from coal sources (% of total),EG.ELC.COAL.ZS,0
Bangladesh,BGD,2003,Electricity production from coal sources (% of total),EG.ELC.COAL.ZS,0
Bangladesh,BGD,2002,Electricity production from coal sources (% of total),EG.ELC.COAL.ZS,0
Bangladesh,BGD,2001,Electricity production from coal sources (% of total),EG.ELC.COAL.ZS,0
Bangladesh,BGD,2000,Electricity production from coal sources (% of total),EG.ELC.COAL.ZS,0
Bangladesh,BGD,1999,Electricity production from coal sources (% of total),EG.ELC.COAL.ZS,0
Bangladesh,BGD,1998,Electricity production from coal sources (% of total),EG.ELC.COAL.ZS,0
Bangladesh,BGD,1997,Electricity production from coal sources (% of total),EG.ELC.COAL.ZS,0
Bangladesh,BGD,1996,Electricity production from coal sources (% of total),EG.ELC.COAL.ZS,0
Bangladesh,BGD,1995,Electricity production from coal sources (% of total),EG.ELC.COAL.ZS,0
Bangladesh,BGD,1994,Electricity production from coal sources (% of total),EG.ELC.COAL.ZS,0
Bangladesh,BGD,1993,Electricity production from coal sources (% of total),EG.ELC.COAL.ZS,0
Bangladesh,BGD,1992,Electricity production from coal sources (% of total),EG.ELC.COAL.ZS,0
Bangladesh,BGD,1991,Electricity production from coal sources (% of total),EG.ELC.COAL.ZS,0
Bangladesh,BGD,1990,Electricity production from coal sources (% of total),EG.ELC.COAL.ZS,0
Bangladesh,BGD,2023,Electricity production from hydroelectric sources (% of total),EG.ELC.HYRO.ZS,0.640060240963855
Bangladesh,BGD,2022,Electricity production from hydroelectric sources (% of total),EG.ELC.HYRO.ZS,0.772564167924861
Bangladesh,BGD,2021,Electricity production from hydroelectric sources (% of total),EG.ELC.HYRO.ZS,0.728226652675761
Bangladesh,BGD,2020,Electricity production from hydroelectric sources (% of total),EG.ELC.HYRO.ZS,1.02424675674725
Bangladesh,BGD,2019,Electricity production from hydroelectric sources (% of total),EG.ELC.HYRO.ZS,0.905436153782672
Bangladesh,BGD,2018,Electricity production from hydroelectric sources (% of total),EG.ELC.HYRO.ZS,1.37472283813747
Bangladesh,BGD,2017,Electricity production from hydroelectric sources (% of total),EG.ELC.HYRO.ZS,1.41876867249635
Bangladesh,BGD,2016,Electricity production from hydroelectric sources (% of total),EG.ELC.HYRO.ZS,1.48385219668315
Bangladesh,BGD,2015,Electricity production from hydroelectric sources (% of total),EG.ELC.HYRO.ZS,1.01461038961039
Bangladesh,BGD,2014,Electricity production from hydroelectric sources (% of total),EG.ELC.HYRO.ZS,1.11474940504947
Bangladesh,BGD,2013,Electricity production from hydroelectric sources (% of total),EG.ELC.HYRO.ZS,1.78363123236124
Bangladesh,BGD,2012,Electricity production from hydroelectric sources (% of total),EG.ELC.HYRO.ZS,1.69216552007393
Bangladesh,BGD,2011,Electricity production from hydroelectric sources (% of total),EG.ELC.HYRO.ZS,2.08634393063584
Bangladesh,BGD,2010,Electricity production from hydroelectric sources (% of total),EG.ELC.HYRO.ZS,1.89011849965723
Bangladesh,BGD,2009,Electricity production from hydroelectric sources (% of total),EG.ELC.HYRO.ZS,1.18721461187215
Bangladesh,BGD,2008,Electricity production from hydroelectric sources (% of total),EG.ELC.HYRO.ZS,2.93654496675609
Bangladesh,BGD,2007,Electricity production from hydroelectric sources (% of total),EG.ELC.HYRO.ZS,2.47307667504998
Bangladesh,BGD,2006,Electricity production from hydroelectric sources (% of total),EG.ELC.HYRO.ZS,2.59683098591549
Bangladesh,BGD,2005,Electricity production from hydroelectric sources (% of total),EG.ELC.HYRO.ZS,2.89981096408318
Bangladesh,BGD,2004,Electricity production from hydroelectric sources (% of total),EG.ELC.HYRO.ZS,3.10715009114847
Bangladesh,BGD,2003,Electricity production from hydroelectric sources (% of total),EG.ELC.HYRO.ZS,3.89103084415584
Bangladesh,BGD,2002,Electricity production from hydroelectric sources (% of total),EG.ELC.HYRO.ZS,4.10929547281007
Bangladesh,BGD,2001,Electricity production from hydroelectric sources (% of total),EG.ELC.HYRO.ZS,5.70952161913524
Bangladesh,BGD,2000,Electricity production from hydroelectric sources (% of total),EG.ELC.HYRO.ZS,4.86335679411578
Bangladesh,BGD,1999,Electricity production from hydroelectric sources (% of total),EG.ELC.HYRO.ZS,5.76470588235294
Bangladesh,BGD,1998,Electricity production from hydroelectric sources (% of total),EG.ELC.HYRO.ZS,6.71479583915541
Bangladesh,BGD,1997,Electricity production from hydroelectric sources (% of total),EG.ELC.HYRO.ZS,6.06341710237814
Bangladesh,BGD,1996,Electricity production from hydroelectric sources (% of total),EG.ELC.HYRO.ZS,6.44064842252048
Bangladesh,BGD,1995,Electricity production from hydroelectric sources (% of total),EG.ELC.HYRO.ZS,3.44253192670738
Bangladesh,BGD,1994,Electricity production from hydroelectric sources (% of total),EG.ELC.HYRO.ZS,8.65699100572363
Bangladesh,BGD,1993,Electricity production from hydroelectric sources (% of total),EG.ELC.HYRO.ZS,6.60438844232023
Bangladesh,BGD,1992,Electricity production from hydroelectric sources (% of total),EG.ELC.HYRO.ZS,8.94985383404542
Bangladesh,BGD,1991,Electricity production from hydroelectric sources (% of total),EG.ELC.HYRO.ZS,10.1330108827086
Bangladesh,BGD,1990,Electricity production from hydroelectric sources (% of total),EG.ELC.HYRO.ZS,11.4330056906363
Bangladesh,BGD,2023,Electricity production from natural gas sources (% of total),EG.ELC.NGAS.ZS,65.8201886493342
Bangladesh,BGD,2022,Electricity production from natural gas sources (% of total),EG.ELC.NGAS.ZS,67.5150493146924
Bangladesh,BGD,2021,Electricity production from natural gas sources (% of total),EG.ELC.NGAS.ZS,72.9265477439664
Bangladesh,BGD,2020,Electricity production from natural gas sources (% of total),EG.ELC.NGAS.ZS,82.8198427300747
Bangladesh,BGD,2019,Electricity production from natural gas sources (% of total),EG.ELC.NGAS.ZS,80.3044057485764
Bangladesh,BGD,2018,Electricity production from natural gas sources (% of total),EG.ELC.NGAS.ZS,75.3031358885017
Bangladesh,BGD,2017,Electricity production from natural gas sources (% of total),EG.ELC.NGAS.ZS,78.528846022673
Bangladesh,BGD,2016,Electricity production from natural gas sources (% of total),EG.ELC.NGAS.ZS,80.3215013092813
Bangladesh,BGD,2015,Electricity production from natural gas sources (% of total),EG.ELC.NGAS.ZS,80.4974972943723
Bangladesh,BGD,2014,Electricity production from natural gas sources (% of total),EG.ELC.NGAS.ZS,81.8097231914399
Bangladesh,BGD,2013,Electricity production from natural gas sources (% of total),EG.ELC.NGAS.ZS,82.9501411100659
Bangladesh,BGD,2012,Electricity production from natural gas sources (% of total),EG.ELC.NGAS.ZS,83.7560324468631
Bangladesh,BGD,2011,Electricity production from natural gas sources (% of total),EG.ELC.NGAS.ZS,86.2965137283237
Bangladesh,BGD,2010,Electricity production from natural gas sources (% of total),EG.ELC.NGAS.ZS,92.4884928018803
Bangladesh,BGD,2009,Electricity production from natural gas sources (% of total),EG.ELC.NGAS.ZS,91.4853612677948
Bangladesh,BGD,2008,Electricity production from natural gas sources (% of total),EG.ELC.NGAS.ZS,89.6185699288464
Bangladesh,BGD,2007,Electricity production from natural gas sources (% of total),EG.ELC.NGAS.ZS,89.804604372219
Bangladesh,BGD,2006,Electricity production from natural gas sources (% of total),EG.ELC.NGAS.ZS,90.8958559046587
Bangladesh,BGD,2005,Electricity production from natural gas sources (% of total),EG.ELC.NGAS.ZS,90.703213610586
Bangladesh,BGD,2004,Electricity production from natural gas sources (% of total),EG.ELC.NGAS.ZS,91.0228883937614
Bangladesh,BGD,2003,Electricity production from natural gas sources (% of total),EG.ELC.NGAS.ZS,89.3618100649351
Bangladesh,BGD,2002,Electricity production from natural gas sources (% of total),EG.ELC.NGAS.ZS,89.1508170372355
Bangladesh,BGD,2001,Electricity production from natural gas sources (% of total),EG.ELC.NGAS.ZS,87.5517479300828
Bangladesh,BGD,2000,Electricity production from natural gas sources (% of total),EG.ELC.NGAS.ZS,88.6690761524317
Bangladesh,BGD,1999,Electricity production from natural gas sources (% of total),EG.ELC.NGAS.ZS,84.9688581314879
Bangladesh,BGD,1998,Electricity production from natural gas sources (% of total),EG.ELC.NGAS.ZS,84.5831392640894
Bangladesh,BGD,1997,Electricity production from natural gas sources (% of total),EG.ELC.NGAS.ZS,84.5083487940631
Bangladesh,BGD,1996,Electricity production from natural gas sources (% of total),EG.ELC.NGAS.ZS,87.1012724420429
Bangladesh,BGD,1995,Electricity production from natural gas sources (% of total),EG.ELC.NGAS.ZS,88.0251712011845
Bangladesh,BGD,1994,Electricity production from natural gas sources (% of total),EG.ELC.NGAS.ZS,84.6381847914963
Bangladesh,BGD,1993,Electricity production from natural gas sources (% of total),EG.ELC.NGAS.ZS,86.6065609385184
Bangladesh,BGD,1992,Electricity production from natural gas sources (% of total),EG.ELC.NGAS.ZS,86.5977063188667
Bangladesh,BGD,1991,Electricity production from natural gas sources (% of total),EG.ELC.NGAS.ZS,88.1015719467956
Bangladesh,BGD,1990,Electricity production from natural gas sources (% of total),EG.ELC.NGAS.ZS,84.2602172788412
Bangladesh,BGD,2021,Electricity production from nuclear sources (% of total),EG.ELC.NUCL.ZS,0
Bangladesh,BGD,2020,Electricity production from nuclear sources (% of total),EG.ELC.NUCL.ZS,0
Bangladesh,BGD,2019,Electricity production from nuclear sources (% of total),EG.ELC.NUCL.ZS,0
Bangladesh,BGD,2018,Electricity production from nuclear sources (% of total),EG.ELC.NUCL.ZS,0
Bangladesh,BGD,2017,Electricity production from nuclear sources (% of total),EG.ELC.NUCL.ZS,0
Bangladesh,BGD,2016,Electricity production from nuclear sources (% of total),EG.ELC.NUCL.ZS,0
Bangladesh,BGD,2015,Electricity production from nuclear sources (% of total),EG.ELC.NUCL.ZS,0
Bangladesh,BGD,2014,Electricity production from nuclear sources (% of total),EG.ELC.NUCL.ZS,0
Bangladesh,BGD,2013,Electricity production from nuclear sources (% of total),EG.ELC.NUCL.ZS,0
Bangladesh,BGD,2012,Electricity production from nuclear sources (% of total),EG.ELC.NUCL.ZS,0
Bangladesh,BGD,2011,Electricity production from nuclear sources (% of total),EG.ELC.NUCL.ZS,0
Bangladesh,BGD,2010,Electricity production from nuclear sources (% of total),EG.ELC.NUCL.ZS,0
Bangladesh,BGD,2009,Electricity production from nuclear sources (% of total),EG.ELC.NUCL.ZS,0
Bangladesh,BGD,2008,Electricity production from nuclear sources (% of total),EG.ELC.NUCL.ZS,0
Bangladesh,BGD,2007,Electricity production from nuclear sources (% of total),EG.ELC.NUCL.ZS,0
Bangladesh,BGD,2006,Electricity production from nuclear sources (% of total),EG.ELC.NUCL.ZS,0
Bangladesh,BGD,2005,Electricity production from nuclear sources (% of total),EG.ELC.NUCL.ZS,0
Bangladesh,BGD,2004,Electricity production from nuclear sources (% of total),EG.ELC.NUCL.ZS,0
Bangladesh,BGD,2003,Electricity production from nuclear sources (% of total),EG.ELC.NUCL.ZS,0
Bangladesh,BGD,2002,Electricity production from nuclear sources (% of total),EG.ELC.NUCL.ZS,0
Bangladesh,BGD,2001,Electricity production from nuclear sources (% of total),EG.ELC.NUCL.ZS,0
Bangladesh,BGD,2000,Electricity production from nuclear sources (% of total),EG.ELC.NUCL.ZS,0
Bangladesh,BGD,1999,Electricity production from nuclear sources (% of total),EG.ELC.NUCL.ZS,0
Bangladesh,BGD,1998,Electricity production from nuclear sources (% of total),EG.ELC.NUCL.ZS,0
Bangladesh,BGD,1997,Electricity production from nuclear sources (% of total),EG.ELC.NUCL.ZS,0
Bangladesh,BGD,1996,Electricity production from nuclear sources (% of total),EG.ELC.NUCL.ZS,0
Bangladesh,BGD,1995,Electricity production from nuclear sources (% of total),EG.ELC.NUCL.ZS,0
Bangladesh,BGD,1994,Electricity production from nuclear sources (% of total),EG.ELC.NUCL.ZS,0
Bangladesh,BGD,1993,Electricity production from nuclear sources (% of total),EG.ELC.NUCL.ZS,0
Bangladesh,BGD,1992,Electricity production from nuclear sources (% of total),EG.ELC.NUCL.ZS,0
Bangladesh,BGD,1991,Electricity production from nuclear sources (% of total),EG.ELC.NUCL.ZS,0
Bangladesh,BGD,1990,Electricity production from nuclear sources (% of total),EG.ELC.NUCL.ZS,0
Bangladesh,BGD,2023,Electricity production from oil sources (% of total),EG.ELC.PETR.ZS,21.6877377932784
Bangladesh,BGD,2022,Electricity production from oil sources (% of total),EG.ELC.PETR.ZS,25.3053981450617
Bangladesh,BGD,2021,Electricity production from oil sources (% of total),EG.ELC.PETR.ZS,20.1385099685205
Bangladesh,BGD,2020,Electricity production from oil sources (% of total),EG.ELC.PETR.ZS,11.9253260831351
Bangladesh,BGD,2019,Electricity production from oil sources (% of total),EG.ELC.PETR.ZS,16.8048006979404
Bangladesh,BGD,2018,Electricity production from oil sources (% of total),EG.ELC.PETR.ZS,20.6423820082357
Bangladesh,BGD,2017,Electricity production from oil sources (% of total),EG.ELC.PETR.ZS,18.1861588202393
Bangladesh,BGD,2016,Electricity production from oil sources (% of total),EG.ELC.PETR.ZS,16.5609543206285
Bangladesh,BGD,2015,Electricity production from oil sources (% of total),EG.ELC.PETR.ZS,16.3453733766234
Bangladesh,BGD,2014,Electricity production from oil sources (% of total),EG.ELC.PETR.ZS,14.6885680032924
Bangladesh,BGD,2013,Electricity production from oil sources (% of total),EG.ELC.PETR.ZS,12.590780809031
Bangladesh,BGD,2012,Electricity production from oil sources (% of total),EG.ELC.PETR.ZS,12.3031112023822
Bangladesh,BGD,2011,Electricity production from oil sources (% of total),EG.ELC.PETR.ZS,9.46305997109827
Bangladesh,BGD,2010,Electricity production from oil sources (% of total),EG.ELC.PETR.ZS,3.61619821760846
Bangladesh,BGD,2009,Electricity production from oil sources (% of total),EG.ELC.PETR.ZS,4.3190975020145
Bangladesh,BGD,2008,Electricity production from oil sources (% of total),EG.ELC.PETR.ZS,4.18756561297096
Bangladesh,BGD,2007,Electricity production from oil sources (% of total),EG.ELC.PETR.ZS,5.29760753208229
Bangladesh,BGD,2006,Electricity production from oil sources (% of total),EG.ELC.PETR.ZS,5.55254604550379
Bangladesh,BGD,2005,Electricity production from oil sources (% of total),EG.ELC.PETR.ZS,5.76937618147448
Bangladesh,BGD,2004,Electricity production from oil sources (% of total),EG.ELC.PETR.ZS,5.86185942880292
Bangladesh,BGD,2003,Electricity production from oil sources (% of total),EG.ELC.PETR.ZS,6.74208603896104
Bangladesh,BGD,2002,Electricity production from oil sources (% of total),EG.ELC.PETR.ZS,6.73988748995446
Bangladesh,BGD,2001,Electricity production from oil sources (% of total),EG.ELC.PETR.ZS,6.73873045078197
Bangladesh,BGD,2000,Electricity production from oil sources (% of total),EG.ELC.PETR.ZS,6.46756705345254
Bangladesh,BGD,1999,Electricity production from oil sources (% of total),EG.ELC.PETR.ZS,9.26643598615917
Bangladesh,BGD,1998,Electricity production from oil sources (% of total),EG.ELC.PETR.ZS,8.70206489675516
Bangladesh,BGD,1997,Electricity production from oil sources (% of total),EG.ELC.PETR.ZS,9.42823410355878
Bangladesh,BGD,1996,Electricity production from oil sources (% of total),EG.ELC.PETR.ZS,6.45807913543664
Bangladesh,BGD,1995,Electricity production from oil sources (% of total),EG.ELC.PETR.ZS,8.53229687210809
Bangladesh,BGD,1994,Electricity production from oil sources (% of total),EG.ELC.PETR.ZS,6.70482420278005
Bangladesh,BGD,1993,Electricity production from oil sources (% of total),EG.ELC.PETR.ZS,6.78905061916142
Bangladesh,BGD,1992,Electricity production from oil sources (% of total),EG.ELC.PETR.ZS,4.45243984708792
Bangladesh,BGD,1991,Electricity production from oil sources (% of total),EG.ELC.PETR.ZS,1.76541717049577
Bangladesh,BGD,1990,Electricity production from oil sources (% of total),EG.ELC.PETR.ZS,4.3067770305225
Bangladesh,BGD,2021,Renewable electricity output (% of total electricity output),EG.ELC.RNEW.ZS,1.50701993704092
Bangladesh,BGD,2020,Renewable electricity output (% of total electricity output),EG.ELC.RNEW.ZS,1.47180977604856
Bangladesh,BGD,2019,Renewable electricity output (% of total electricity output),EG.ELC.RNEW.ZS,1.41951875125264
Bangladesh,BGD,2018,Renewable electricity output (% of total electricity output),EG.ELC.RNEW.ZS,1.58721571111815
Bangladesh,BGD,2017,Renewable electricity output (% of total electricity output),EG.ELC.RNEW.ZS,1.85101564738142
Bangladesh,BGD,2016,Renewable electricity output (% of total electricity output),EG.ELC.RNEW.ZS,1.82769857433809
Bangladesh,BGD,2015,Renewable electricity output (% of total electricity output),EG.ELC.RNEW.ZS,1.82584212662338
Bangladesh,BGD,2014,Renewable electricity output (% of total electricity output),EG.ELC.RNEW.ZS,1.51239107484746
Bangladesh,BGD,2013,Renewable electricity output (% of total electricity output),EG.ELC.RNEW.ZS,1.84805268109125
Bangladesh,BGD,2012,Renewable electricity output (% of total electricity output),EG.ELC.RNEW.ZS,2.1463599958928
Bangladesh,BGD,2011,Renewable electricity output (% of total electricity output),EG.ELC.RNEW.ZS,2.26185422687861
Bangladesh,BGD,2010,Renewable electricity output (% of total electricity output),EG.ELC.RNEW.ZS,2.19929487807267
Bangladesh,BGD,2009,Renewable electricity output (% of total electricity output),EG.ELC.RNEW.ZS,1.71259736771421
Bangladesh,BGD,2008,Renewable electricity output (% of total electricity output),EG.ELC.RNEW.ZS,2.17015630467748
Bangladesh,BGD,2007,Renewable electricity output (% of total electricity output),EG.ELC.RNEW.ZS,2.4493132133875
Bangladesh,BGD,2006,Renewable electricity output (% of total electricity output),EG.ELC.RNEW.ZS,3.2266048212351
Bangladesh,BGD,2005,Renewable electricity output (% of total electricity output),EG.ELC.RNEW.ZS,3.76710775047259
Bangladesh,BGD,2004,Renewable electricity output (% of total electricity output),EG.ELC.RNEW.ZS,4.326149483492
Bangladesh,BGD,2003,Renewable electricity output (% of total electricity output),EG.ELC.RNEW.ZS,5.71793831168831
Bangladesh,BGD,2002,Renewable electricity output (% of total electricity output),EG.ELC.RNEW.ZS,6.56881864452183
Bangladesh,BGD,2001,Renewable electricity output (% of total electricity output),EG.ELC.RNEW.ZS,7.43451011959522
Bangladesh,BGD,2000,Renewable electricity output (% of total electricity output),EG.ELC.RNEW.ZS,8.80736795383933
Bangladesh,BGD,1999,Renewable electricity output (% of total electricity output),EG.ELC.RNEW.ZS,5.76470588235294
Bangladesh,BGD,1998,Renewable electricity output (% of total electricity output),EG.ELC.RNEW.ZS,6.71479583915541
Bangladesh,BGD,1997,Renewable electricity output (% of total electricity output),EG.ELC.RNEW.ZS,6.06341710237814
Bangladesh,BGD,1996,Renewable electricity output (% of total electricity output),EG.ELC.RNEW.ZS,6.44064842252048
Bangladesh,BGD,1995,Renewable electricity output (% of total electricity output),EG.ELC.RNEW.ZS,3.44253192670738
Bangladesh,BGD,1994,Renewable electricity output (% of total electricity output),EG.ELC.RNEW.ZS,8.65699100572363
Bangladesh,BGD,1993,Renewable electricity output (% of total electricity output),EG.ELC.RNEW.ZS,6.60438844232023
Bangladesh,BGD,1992,Renewable electricity output (% of total electricity output),EG.ELC.RNEW.ZS,8.94985383404542
Bangladesh,BGD,1991,Renewable electricity output (% of total electricity output),EG.ELC.RNEW.ZS,10.1330108827086
Bangladesh,BGD,1990,Renewable electricity output (% of total electricity output),EG.ELC.RNEW.ZS,11.4330056906363
Bangladesh,BGD,2021,"Electricity production from renewable sources, excluding hydroelectric (kWh)",EG.ELC.RNWX.KH,742190000
Bangladesh,BGD,2020,"Electricity production from renewable sources, excluding hydroelectric (kWh)",EG.ELC.RNWX.KH,381910000
Bangladesh,BGD,2019,"Electricity production from renewable sources, excluding hydroelectric (kWh)",EG.ELC.RNWX.KH,436050000
Bangladesh,BGD,2018,"Electricity production from renewable sources, excluding hydroelectric (kWh)",EG.ELC.RNWX.KH,167710000
Bangladesh,BGD,2017,"Electricity production from renewable sources, excluding hydroelectric (kWh)",EG.ELC.RNWX.KH,316850000
Bangladesh,BGD,2016,"Electricity production from renewable sources, excluding hydroelectric (kWh)",EG.ELC.RNWX.KH,236360000
Bangladesh,BGD,2015,"Electricity production from renewable sources, excluding hydroelectric (kWh)",EG.ELC.RNWX.KH,479730000
Bangladesh,BGD,2014,"Electricity production from renewable sources, excluding hydroelectric (kWh)",EG.ELC.RNWX.KH,222230000
Bangladesh,BGD,2013,"Electricity production from renewable sources, excluding hydroelectric (kWh)",EG.ELC.RNWX.KH,34240000
Bangladesh,BGD,2012,"Electricity production from renewable sources, excluding hydroelectric (kWh)",EG.ELC.RNWX.KH,221170000
Bangladesh,BGD,2011,"Electricity production from renewable sources, excluding hydroelectric (kWh)",EG.ELC.RNWX.KH,77730000
Bangladesh,BGD,2010,"Electricity production from renewable sources, excluding hydroelectric (kWh)",EG.ELC.RNWX.KH,126280000
Bangladesh,BGD,2009,"Electricity production from renewable sources, excluding hydroelectric (kWh)",EG.ELC.RNWX.KH,195600000
Bangladesh,BGD,2008,"Electricity production from renewable sources, excluding hydroelectric (kWh)",EG.ELC.RNWX.KH,-262810000
Bangladesh,BGD,2007,"Electricity production from renewable sources, excluding hydroelectric (kWh)",EG.ELC.RNWX.KH,-7370000
Bangladesh,BGD,2006,"Electricity production from renewable sources, excluding hydroelectric (kWh)",EG.ELC.RNWX.KH,186010000
Bangladesh,BGD,2005,"Electricity production from renewable sources, excluding hydroelectric (kWh)",EG.ELC.RNWX.KH,229400000
Bangladesh,BGD,2004,"Electricity production from renewable sources, excluding hydroelectric (kWh)",EG.ELC.RNWX.KH,300910000
Bangladesh,BGD,2003,"Electricity production from renewable sources, excluding hydroelectric (kWh)",EG.ELC.RNWX.KH,360120000
Bangladesh,BGD,2002,"Electricity production from renewable sources, excluding hydroelectric (kWh)",EG.ELC.RNWX.KH,459070000
Bangladesh,BGD,2001,"Electricity production from renewable sources, excluding hydroelectric (kWh)",EG.ELC.RNWX.KH,300010000
Bangladesh,BGD,2000,"Electricity production from renewable sources, excluding hydroelectric (kWh)",EG.ELC.RNWX.KH,622010000
Bangladesh,BGD,1999,"Electricity production from renewable sources, excluding hydroelectric (kWh)",EG.ELC.RNWX.KH,0
Bangladesh,BGD,1998,"Electricity production from renewable sources, excluding hydroelectric (kWh)",EG.ELC.RNWX.KH,0
Bangladesh,BGD,1997,"Electricity production from renewable sources, excluding hydroelectric (kWh)",EG.ELC.RNWX.KH,0
Bangladesh,BGD,1996,"Electricity production from renewable sources, excluding hydroelectric (kWh)",EG.ELC.RNWX.KH,0
Bangladesh,BGD,1995,"Electricity production from renewable sources, excluding hydroelectric (kWh)",EG.ELC.RNWX.KH,0
Bangladesh,BGD,1994,"Electricity production from renewable sources, excluding hydroelectric (kWh)",EG.ELC.RNWX.KH,0
Bangladesh,BGD,1993,"Electricity production from renewable sources, excluding hydroelectric (kWh)",EG.ELC.RNWX.KH,0
Bangladesh,BGD,1992,"Electricity production from renewable sources, excluding hydroelectric (kWh)",EG.ELC.RNWX.KH,0
Bangladesh,BGD,1991,"Electricity production from renewable sources, excluding hydroelectric (kWh)",EG.ELC.RNWX.KH,0
Bangladesh,BGD,1990,"Electricity production from renewable sources, excluding hydroelectric (kWh)",EG.ELC.RNWX.KH,0
Bangladesh,BGD,2021,"Electricity production from renewable sources, excluding hydroelectric (% of total)",EG.ELC.RNWX.ZS,0.778793284365163
Bangladesh,BGD,2020,"Electricity production from renewable sources, excluding hydroelectric (% of total)",EG.ELC.RNWX.ZS,0.447563019301309
Bangladesh,BGD,2019,"Electricity production from renewable sources, excluding hydroelectric (% of total)",EG.ELC.RNWX.ZS,0.514082597469966
Bangladesh,BGD,2018,"Electricity production from renewable sources, excluding hydroelectric (% of total)",EG.ELC.RNWX.ZS,0.212492872980678
Bangladesh,BGD,2017,"Electricity production from renewable sources, excluding hydroelectric (% of total)",EG.ELC.RNWX.ZS,0.432246974885066
Bangladesh,BGD,2016,"Electricity production from renewable sources, excluding hydroelectric (% of total)",EG.ELC.RNWX.ZS,0.343846377654932
Bangladesh,BGD,2015,"Electricity production from renewable sources, excluding hydroelectric (% of total)",EG.ELC.RNWX.ZS,0.811231737012987
Bangladesh,BGD,2014,"Electricity production from renewable sources, excluding hydroelectric (% of total)",EG.ELC.RNWX.ZS,0.397641669797985
Bangladesh,BGD,2013,"Electricity production from renewable sources, excluding hydroelectric (% of total)",EG.ELC.RNWX.ZS,0.0644214487300094
Bangladesh,BGD,2012,"Electricity production from renewable sources, excluding hydroelectric (% of total)",EG.ELC.RNWX.ZS,0.454194475818873
Bangladesh,BGD,2011,"Electricity production from renewable sources, excluding hydroelectric (% of total)",EG.ELC.RNWX.ZS,0.175510296242775
Bangladesh,BGD,2010,"Electricity production from renewable sources, excluding hydroelectric (% of total)",EG.ELC.RNWX.ZS,0.309176378415434
Bangladesh,BGD,2009,"Electricity production from renewable sources, excluding hydroelectric (% of total)",EG.ELC.RNWX.ZS,0.525382755842063
Bangladesh,BGD,2008,"Electricity production from renewable sources, excluding hydroelectric (% of total)",EG.ELC.RNWX.ZS,-0.766388662078619
Bangladesh,BGD,2007,"Electricity production from renewable sources, excluding hydroelectric (% of total)",EG.ELC.RNWX.ZS,-0.023763461662475
Bangladesh,BGD,2006,"Electricity production from renewable sources, excluding hydroelectric (% of total)",EG.ELC.RNWX.ZS,0.62977383531961
Bangladesh,BGD,2005,"Electricity production from renewable sources, excluding hydroelectric (% of total)",EG.ELC.RNWX.ZS,0.867296786389414
Bangladesh,BGD,2004,"Electricity production from renewable sources, excluding hydroelectric (% of total)",EG.ELC.RNWX.ZS,1.21899939234353
Bangladesh,BGD,2003,"Electricity production from renewable sources, excluding hydroelectric (% of total)",EG.ELC.RNWX.ZS,1.82690746753247
Bangladesh,BGD,2002,"Electricity production from renewable sources, excluding hydroelectric (% of total)",EG.ELC.RNWX.ZS,2.45952317171176
Bangladesh,BGD,2001,"Electricity production from renewable sources, excluding hydroelectric (% of total)",EG.ELC.RNWX.ZS,1.72498850045998
Bangladesh,BGD,2000,"Electricity production from renewable sources, excluding hydroelectric (% of total)",EG.ELC.RNWX.ZS,3.94401115972354
Bangladesh,BGD,1999,"Electricity production from renewable sources, excluding hydroelectric (% of total)",EG.ELC.RNWX.ZS,0
Bangladesh,BGD,1998,"Electricity production from renewable sources, excluding hydroelectric (% of total)",EG.ELC.RNWX.ZS,0
Bangladesh,BGD,1997,"Electricity production from renewable sources, excluding hydroelectric (% of total)",EG.ELC.RNWX.ZS,0
Bangladesh,BGD,1996,"Electricity production from renewable sources, excluding hydroelectric (% of total)",EG.ELC.RNWX.ZS,0
Bangladesh,BGD,1995,"Electricity production from renewable sources, excluding hydroelectric (% of total)",EG.ELC.RNWX.ZS,0
Bangladesh,BGD,1994,"Electricity production from renewable sources, excluding hydroelectric (% of total)",EG.ELC.RNWX.ZS,0
Bangladesh,BGD,1993,"Electricity production from renewable sources, excluding hydroelectric (% of total)",EG.ELC.RNWX.ZS,0
Bangladesh,BGD,1992,"Electricity production from renewable sources, excluding hydroelectric (% of total)",EG.ELC.RNWX.ZS,0
Bangladesh,BGD,1991,"Electricity production from renewable sources, excluding hydroelectric (% of total)",EG.ELC.RNWX.ZS,0
Bangladesh,BGD,1990,"Electricity production from renewable sources, excluding hydroelectric (% of total)",EG.ELC.RNWX.ZS,0
Bangladesh,BGD,2021,Renewable energy consumption (% of total final energy consumption),EG.FEC.RNEW.ZS,25
Bangladesh,BGD,2020,Renewable energy consumption (% of total final energy consumption),EG.FEC.RNEW.ZS,27.2
Bangladesh,BGD,2019,Renewable energy consumption (% of total final energy consumption),EG.FEC.RNEW.ZS,26.1
Bangladesh,BGD,2018,Renewable energy consumption (% of total final energy consumption),EG.FEC.RNEW.ZS,27
Bangladesh,BGD,2017,Renewable energy consumption (% of total final energy consumption),EG.FEC.RNEW.ZS,28.1
Bangladesh,BGD,2016,Renewable energy consumption (% of total final energy consumption),EG.FEC.RNEW.ZS,30.2
Bangladesh,BGD,2015,Renewable energy consumption (% of total final energy consumption),EG.FEC.RNEW.ZS,33.1
Bangladesh,BGD,2014,Renewable energy consumption (% of total final energy consumption),EG.FEC.RNEW.ZS,35.4
Bangladesh,BGD,2013,Renewable energy consumption (% of total final energy consumption),EG.FEC.RNEW.ZS,37
Bangladesh,BGD,2012,Renewable energy consumption (% of total final energy consumption),EG.FEC.RNEW.ZS,37.3
Bangladesh,BGD,2011,Renewable energy consumption (% of total final energy consumption),EG.FEC.RNEW.ZS,38.4
Bangladesh,BGD,2010,Renewable energy consumption (% of total final energy consumption),EG.FEC.RNEW.ZS,40.3
Bangladesh,BGD,2009,Renewable energy consumption (% of total final energy consumption),EG.FEC.RNEW.ZS,43.1
Bangladesh,BGD,2008,Renewable energy consumption (% of total final energy consumption),EG.FEC.RNEW.ZS,45.2
Bangladesh,BGD,2007,Renewable energy consumption (% of total final energy consumption),EG.FEC.RNEW.ZS,47.2
Bangladesh,BGD,2006,Renewable energy consumption (% of total final energy consumption),EG.FEC.RNEW.ZS,48.6
Bangladesh,BGD,2005,Renewable energy consumption (% of total final energy consumption),EG.FEC.RNEW.ZS,50.6
Bangladesh,BGD,2004,Renewable energy consumption (% of total final energy consumption),EG.FEC.RNEW.ZS,52
Bangladesh,BGD,2003,Renewable energy consumption (% of total final energy consumption),EG.FEC.RNEW.ZS,52.6
Bangladesh,BGD,2002,Renewable energy consumption (% of total final energy consumption),EG.FEC.RNEW.ZS,54.4
Bangladesh,BGD,2001,Renewable energy consumption (% of total final energy consumption),EG.FEC.RNEW.ZS,55.9
Bangladesh,BGD,2000,Renewable energy consumption (% of total final energy consumption),EG.FEC.RNEW.ZS,60.2
Bangladesh,BGD,1999,Renewable energy consumption (% of total final energy consumption),EG.FEC.RNEW.ZS,60.5
Bangladesh,BGD,1998,Renewable energy consumption (% of total final energy consumption),EG.FEC.RNEW.ZS,60.2
Bangladesh,BGD,1997,Renewable energy consumption (% of total final energy consumption),EG.FEC.RNEW.ZS,60
Bangladesh,BGD,1996,Renewable energy consumption (% of total final energy consumption),EG.FEC.RNEW.ZS,62.1
Bangladesh,BGD,1995,Renewable energy consumption (% of total final energy consumption),EG.FEC.RNEW.ZS,63.8
Bangladesh,BGD,1994,Renewable energy consumption (% of total final energy consumption),EG.FEC.RNEW.ZS,69
Bangladesh,BGD,1993,Renewable energy consumption (% of total final energy consumption),EG.FEC.RNEW.ZS,70.5
Bangladesh,BGD,1992,Renewable energy consumption (% of total final energy consumption),EG.FEC.RNEW.ZS,71.6
Bangladesh,BGD,1991,Renewable energy consumption (% of total final energy consumption),EG.FEC.RNEW.ZS,73.1
Bangladesh,BGD,1990,Renewable energy consumption (% of total final energy consumption),EG.FEC.RNEW.ZS,71.7
Bangladesh,BGD,2023,"Energy use (kg of oil equivalent) per $1,000 GDP (constant 2021 PPP)",EG.USE.COMM.GD.PP.KD,34.9113374185405
Bangladesh,BGD,2022,"Energy use (kg of oil equivalent) per $1,000 GDP (constant 2021 PPP)",EG.USE.COMM.GD.PP.KD,39.0808693727942
Bangladesh,BGD,2021,"Energy use (kg of oil equivalent) per $1,000 GDP (constant 2021 PPP)",EG.USE.COMM.GD.PP.KD,40.1192818108938
Bangladesh,BGD,2020,"Energy use (kg of oil equivalent) per $1,000 GDP (constant 2021 PPP)",EG.USE.COMM.GD.PP.KD,39.7192876721321
Bangladesh,BGD,2019,"Energy use (kg of oil equivalent) per $1,000 GDP (constant 2021 PPP)",EG.USE.COMM.GD.PP.KD,40.6459551557444
Bangladesh,BGD,2018,"Energy use (kg of oil equivalent) per $1,000 GDP (constant 2021 PPP)",EG.USE.COMM.GD.PP.KD,40.8709177541186
Bangladesh,BGD,2017,"Energy use (kg of oil equivalent) per $1,000 GDP (constant 2021 PPP)",EG.USE.COMM.GD.PP.KD,43.9732642232432
Bangladesh,BGD,2016,"Energy use (kg of oil equivalent) per $1,000 GDP (constant 2021 PPP)",EG.USE.COMM.GD.PP.KD,45.0921646025944
Bangladesh,BGD,2015,"Energy use (kg of oil equivalent) per $1,000 GDP (constant 2021 PPP)",EG.USE.COMM.GD.PP.KD,44.3141409587378
Bangladesh,BGD,2014,"Energy use (kg of oil equivalent) per $1,000 GDP (constant 2021 PPP)",EG.USE.COMM.GD.PP.KD,43.9963934147531
Bangladesh,BGD,2013,"Energy use (kg of oil equivalent) per $1,000 GDP (constant 2021 PPP)",EG.USE.COMM.GD.PP.KD,44.9409028769299
Bangladesh,BGD,2012,"Energy use (kg of oil equivalent) per $1,000 GDP (constant 2021 PPP)",EG.USE.COMM.GD.PP.KD,45.3130710523611
Bangladesh,BGD,2011,"Energy use (kg of oil equivalent) per $1,000 GDP (constant 2021 PPP)",EG.USE.COMM.GD.PP.KD,46.0277242016203
Bangladesh,BGD,2010,"Energy use (kg of oil equivalent) per $1,000 GDP (constant 2021 PPP)",EG.USE.COMM.GD.PP.KD,47.4184421235649
Bangladesh,BGD,2009,"Energy use (kg of oil equivalent) per $1,000 GDP (constant 2021 PPP)",EG.USE.COMM.GD.PP.KD,47.6119006222661
Bangladesh,BGD,2008,"Energy use (kg of oil equivalent) per $1,000 GDP (constant 2021 PPP)",EG.USE.COMM.GD.PP.KD,47.6760549638201
Bangladesh,BGD,2007,"Energy use (kg of oil equivalent) per $1,000 GDP (constant 2021 PPP)",EG.USE.COMM.GD.PP.KD,48.2265143336712
Bangladesh,BGD,2006,"Energy use (kg of oil equivalent) per $1,000 GDP (constant 2021 PPP)",EG.USE.COMM.GD.PP.KD,49.4093973261573
Bangladesh,BGD,2005,"Energy use (kg of oil equivalent) per $1,000 GDP (constant 2021 PPP)",EG.USE.COMM.GD.PP.KD,49.4676262729216
Bangladesh,BGD,2004,"Energy use (kg of oil equivalent) per $1,000 GDP (constant 2021 PPP)",EG.USE.COMM.GD.PP.KD,50.2233532911047
Bangladesh,BGD,2003,"Energy use (kg of oil equivalent) per $1,000 GDP (constant 2021 PPP)",EG.USE.COMM.GD.PP.KD,51.7775174810407
Bangladesh,BGD,2002,"Energy use (kg of oil equivalent) per $1,000 GDP (constant 2021 PPP)",EG.USE.COMM.GD.PP.KD,51.6401597833239
Bangladesh,BGD,2001,"Energy use (kg of oil equivalent) per $1,000 GDP (constant 2021 PPP)",EG.USE.COMM.GD.PP.KD,52.8969678686655
Bangladesh,BGD,2000,"Energy use (kg of oil equivalent) per $1,000 GDP (constant 2021 PPP)",EG.USE.COMM.GD.PP.KD,50.123878025842
Bangladesh,BGD,1999,"Energy use (kg of oil equivalent) per $1,000 GDP (constant 2021 PPP)",EG.USE.COMM.GD.PP.KD,51.390487503812
Bangladesh,BGD,1998,"Energy use (kg of oil equivalent) per $1,000 GDP (constant 2021 PPP)",EG.USE.COMM.GD.PP.KD,51.7702226606052
Bangladesh,BGD,1997,"Energy use (kg of oil equivalent) per $1,000 GDP (constant 2021 PPP)",EG.USE.COMM.GD.PP.KD,52.8208881211072
Bangladesh,BGD,1996,"Energy use (kg of oil equivalent) per $1,000 GDP (constant 2021 PPP)",EG.USE.COMM.GD.PP.KD,52.8895513922601
Bangladesh,BGD,1995,"Energy use (kg of oil equivalent) per $1,000 GDP (constant 2021 PPP)",EG.USE.COMM.GD.PP.KD,54.820694996448
Bangladesh,BGD,1994,"Energy use (kg of oil equivalent) per $1,000 GDP (constant 2021 PPP)",EG.USE.COMM.GD.PP.KD,53.3445091863442
Bangladesh,BGD,1993,"Energy use (kg of oil equivalent) per $1,000 GDP (constant 2021 PPP)",EG.USE.COMM.GD.PP.KD,52.3956021688965
Bangladesh,BGD,1992,"Energy use (kg of oil equivalent) per $1,000 GDP (constant 2021 PPP)",EG.USE.COMM.GD.PP.KD,52.6256094283834
Bangladesh,BGD,1991,"Energy use (kg of oil equivalent) per $1,000 GDP (constant 2021 PPP)",EG.USE.COMM.GD.PP.KD,52.6100446942081
Bangladesh,BGD,1990,"Energy use (kg of oil equivalent) per $1,000 GDP (constant 2021 PPP)",EG.USE.COMM.GD.PP.KD,55.2386491592628
Bangladesh,BGD,2023,Electric power consumption (kWh per capita),EG.USE.ELEC.KH.PC,602.897385671726
Bangladesh,BGD,2022,Electric power consumption (kWh per capita),EG.USE.ELEC.KH.PC,603.642956431942
Bangladesh,BGD,2021,Electric power consumption (kWh per capita),EG.USE.ELEC.KH.PC,572.513754627
Bangladesh,BGD,2020,Electric power consumption (kWh per capita),EG.USE.ELEC.KH.PC,511.695797419698
Bangladesh,BGD,2019,Electric power consumption (kWh per capita),EG.USE.ELEC.KH.PC,513.634290505382
Bangladesh,BGD,2018,Electric power consumption (kWh per capita),EG.USE.ELEC.KH.PC,473.303151543057
Bangladesh,BGD,2017,Electric power consumption (kWh per capita),EG.USE.ELEC.KH.PC,441.165915360206
Bangladesh,BGD,2016,Electric power consumption (kWh per capita),EG.USE.ELEC.KH.PC,409.689748643776
Bangladesh,BGD,2015,Electric power consumption (kWh per capita),EG.USE.ELEC.KH.PC,347.571182527361
Bangladesh,BGD,2014,Electric power consumption (kWh per capita),EG.USE.ELEC.KH.PC,324.964536906797
Bangladesh,BGD,2013,Electric power consumption (kWh per capita),EG.USE.ELEC.KH.PC,294.629586648278
Bangladesh,BGD,2012,Electric power consumption (kWh per capita),EG.USE.ELEC.KH.PC,276.694215863057
Bangladesh,BGD,2011,Electric power consumption (kWh per capita),EG.USE.ELEC.KH.PC,258.882228287795
Bangladesh,BGD,2010,Electric power consumption (kWh per capita),EG.USE.ELEC.KH.PC,239.944314522424
Bangladesh,BGD,2009,Electric power consumption (kWh per capita),EG.USE.ELEC.KH.PC,218.83202265439
Bangladesh,BGD,2008,Electric power consumption (kWh per capita),EG.USE.ELEC.KH.PC,200.690066619094
Bangladesh,BGD,2007,Electric power consumption (kWh per capita),EG.USE.ELEC.KH.PC,198.744127936079
Bangladesh,BGD,2006,Electric power consumption (kWh per capita),EG.USE.ELEC.KH.PC,189.596089771556
Bangladesh,BGD,2005,Electric power consumption (kWh per capita),EG.USE.ELEC.KH.PC,169.186794867009
Bangladesh,BGD,2004,Electric power consumption (kWh per capita),EG.USE.ELEC.KH.PC,158.478288215597
Bangladesh,BGD,2003,Electric power consumption (kWh per capita),EG.USE.ELEC.KH.PC,123.721051102441
Bangladesh,BGD,2002,Electric power consumption (kWh per capita),EG.USE.ELEC.KH.PC,117.271798889798
Bangladesh,BGD,2001,Electric power consumption (kWh per capita),EG.USE.ELEC.KH.PC,109.490963870613
Bangladesh,BGD,2000,Electric power consumption (kWh per capita),EG.USE.ELEC.KH.PC,99.2535514546941
Bangladesh,BGD,1999,Electric power consumption (kWh per capita),EG.USE.ELEC.KH.PC,92.0761347916193
Bangladesh,BGD,1998,Electric power consumption (kWh per capita),EG.USE.ELEC.KH.PC,84.0595893614998
Bangladesh,BGD,1997,Electric power consumption (kWh per capita),EG.USE.ELEC.KH.PC,79.112836217663
Bangladesh,BGD,1996,Electric power consumption (kWh per capita),EG.USE.ELEC.KH.PC,77.2051238990471
Bangladesh,BGD,1995,Electric power consumption (kWh per capita),EG.USE.ELEC.KH.PC,73.4908059412871
Bangladesh,BGD,1994,Electric power consumption (kWh per capita),EG.USE.ELEC.KH.PC,66.5845797542044
Bangladesh,BGD,1993,Electric power consumption (kWh per capita),EG.USE.ELEC.KH.PC,62.7601107774364
Bangladesh,BGD,1992,Electric power consumption (kWh per capita),EG.USE.ELEC.KH.PC,56.2559438289877
Bangladesh,BGD,1991,Electric power consumption (kWh per capita),EG.USE.ELEC.KH.PC,46.7891314472187
Bangladesh,BGD,1990,Electric power consumption (kWh per capita),EG.USE.ELEC.KH.PC,46.0076053904037
Bangladesh,BGD,2023,Energy use (kg of oil equivalent per capita),EG.USE.PCAP.KG.OE,287.753137358845
Bangladesh,BGD,2022,Energy use (kg of oil equivalent per capita),EG.USE.PCAP.KG.OE,308.276302614701
Bangladesh,BGD,2021,Energy use (kg of oil equivalent per capita),EG.USE.PCAP.KG.OE,298.53034978646
Bangladesh,BGD,2020,Energy use (kg of oil equivalent per capita),EG.USE.PCAP.KG.OE,278.638664578008
Bangladesh,BGD,2019,Energy use (kg of oil equivalent per capita),EG.USE.PCAP.KG.OE,277.950296654643
Bangladesh,BGD,2018,Energy use (kg of oil equivalent per capita),EG.USE.PCAP.KG.OE,261.271156644512
Bangladesh,BGD,2017,Energy use (kg of oil equivalent per capita),EG.USE.PCAP.KG.OE,264.090549017021
Bangladesh,BGD,2016,Energy use (kg of oil equivalent per capita),EG.USE.PCAP.KG.OE,256.237827701744
Bangladesh,BGD,2015,Energy use (kg of oil equivalent per capita),EG.USE.PCAP.KG.OE,237.200804521803
Bangladesh,BGD,2014,Energy use (kg of oil equivalent per capita),EG.USE.PCAP.KG.OE,223.001864414998
Bangladesh,BGD,2013,Energy use (kg of oil equivalent per capita),EG.USE.PCAP.KG.OE,216.73767037563
Bangladesh,BGD,2012,Energy use (kg of oil equivalent per capita),EG.USE.PCAP.KG.OE,208.079815841876
Bangladesh,BGD,2011,Energy use (kg of oil equivalent per capita),EG.USE.PCAP.KG.OE,200.332283493272
Bangladesh,BGD,2010,Energy use (kg of oil equivalent per capita),EG.USE.PCAP.KG.OE,195.623071252394
Bangladesh,BGD,2009,Energy use (kg of oil equivalent per capita),EG.USE.PCAP.KG.OE,187.6926023298
Bangladesh,BGD,2008,Energy use (kg of oil equivalent per capita),EG.USE.PCAP.KG.OE,180.593953454978
Bangladesh,BGD,2007,Energy use (kg of oil equivalent per capita),EG.USE.PCAP.KG.OE,174.04541210907
Bangladesh,BGD,2006,Energy use (kg of oil equivalent per capita),EG.USE.PCAP.KG.OE,168.358931806833
Bangladesh,BGD,2005,Energy use (kg of oil equivalent per capita),EG.USE.PCAP.KG.OE,159.86025911281
Bangladesh,BGD,2004,Energy use (kg of oil equivalent per capita),EG.USE.PCAP.KG.OE,154.277994461916
Bangladesh,BGD,2003,Energy use (kg of oil equivalent per capita),EG.USE.PCAP.KG.OE,153.205274750611
Bangladesh,BGD,2002,Energy use (kg of oil equivalent per capita),EG.USE.PCAP.KG.OE,148.023137823788
Bangladesh,BGD,2001,Energy use (kg of oil equivalent per capita),EG.USE.PCAP.KG.OE,148.299543915937
Bangladesh,BGD,2000,Energy use (kg of oil equivalent per capita),EG.USE.PCAP.KG.OE,135.982829155033
Bangladesh,BGD,1999,Energy use (kg of oil equivalent per capita),EG.USE.PCAP.KG.OE,134.852007238559
Bangladesh,BGD,1998,Energy use (kg of oil equivalent per capita),EG.USE.PCAP.KG.OE,132.276086830776
Bangladesh,BGD,1997,Energy use (kg of oil equivalent per capita),EG.USE.PCAP.KG.OE,130.76316593387
Bangladesh,BGD,1996,Energy use (kg of oil equivalent per capita),EG.USE.PCAP.KG.OE,127.651205584714
Bangladesh,BGD,1995,Energy use (kg of oil equivalent per capita),EG.USE.PCAP.KG.OE,128.922041098335
Bangladesh,BGD,1994,Energy use (kg of oil equivalent per capita),EG.USE.PCAP.KG.OE,121.577169651724
Bangladesh,BGD,1993,Energy use (kg of oil equivalent per capita),EG.USE.PCAP.KG.OE,117.094222071274
Bangladesh,BGD,1992,Energy use (kg of oil equivalent per capita),EG.USE.PCAP.KG.OE,114.428195176536
Bangladesh,BGD,1991,Energy use (kg of oil equivalent per capita),EG.USE.PCAP.KG.OE,110.553888291038
Bangladesh,BGD,1990,Energy use (kg of oil equivalent per capita),EG.USE.PCAP.KG.OE,114.331978361362
Bangladesh,BGD,2011,Disaster risk reduction progress score (1-5 scale; 5=best),EN.CLC.DRSK.XQ,4
Bangladesh,BGD,2009,"Droughts, floods, extreme temperatures (% of population, average 1990-2009)",EN.CLC.MDAT.ZS,4.58469425909382
Bangladesh,BGD,2015,Rural population living in areas where elevation is below 5 meters (% of total population),EN.POP.EL5M.RU.ZS,2.31700157793298
Bangladesh,BGD,2000,Rural population living in areas where elevation is below 5 meters (% of total population),EN.POP.EL5M.RU.ZS,2.90131692460267
Bangladesh,BGD,1990,Rural population living in areas where elevation is below 5 meters (% of total population),EN.POP.EL5M.RU.ZS,3.50883156367533
Bangladesh,BGD,2015,Urban population living in areas where elevation is below 5 meters (% of total population),EN.POP.EL5M.UR.ZS,6.06483592943179
Bangladesh,BGD,2000,Urban population living in areas where elevation is below 5 meters (% of total population),EN.POP.EL5M.UR.ZS,6.51718275809258
Bangladesh,BGD,1990,Urban population living in areas where elevation is below 5 meters (% of total population),EN.POP.EL5M.UR.ZS,6.76540289827276
Bangladesh,BGD,2015,Population living in areas where elevation is below 5 meters (% of total population),EN.POP.EL5M.ZS,8.38183750736477
Bangladesh,BGD,2000,Population living in areas where elevation is below 5 meters (% of total population),EN.POP.EL5M.ZS,9.41849968269525
Bangladesh,BGD,1990,Population living in areas where elevation is below 5 meters (% of total population),EN.POP.EL5M.ZS,10.2742344619481
Bangladesh,BGD,2025,Population in urban agglomerations of more than 1 million (% of total population),EN.URB.MCTY.TL.ZS,17.2502088502342
Bangladesh,BGD,2024,Population in urban agglomerations of more than 1 million (% of total population),EN.URB.MCTY.TL.ZS,16.9675385384818
Bangladesh,BGD,2023,Population in urban agglomerations of more than 1 million (% of total population),EN.URB.MCTY.TL.ZS,16.6733410319969
Bangladesh,BGD,2022,Population in urban agglomerations of more than 1 million (% of total population),EN.URB.MCTY.TL.ZS,16.3715652877836
Bangladesh,BGD,2021,Population in urban agglomerations of more than 1 million (% of total population),EN.URB.MCTY.TL.ZS,16.0288826738611
Bangladesh,BGD,2020,Population in urban agglomerations of more than 1 million (% of total population),EN.URB.MCTY.TL.ZS,15.6500260039169
Bangladesh,BGD,2019,Population in urban agglomerations of more than 1 million (% of total population),EN.URB.MCTY.TL.ZS,15.2796787373807
Bangladesh,BGD,2018,Population in urban agglomerations of more than 1 million (% of total population),EN.URB.MCTY.TL.ZS,14.9177489617476
Bangladesh,BGD,2017,Population in urban agglomerations of more than 1 million (% of total population),EN.URB.MCTY.TL.ZS,14.5603915234511
Bangladesh,BGD,2016,Population in urban agglomerations of more than 1 million (% of total population),EN.URB.MCTY.TL.ZS,14.2164108817497
Bangladesh,BGD,2015,Population in urban agglomerations of more than 1 million (% of total population),EN.URB.MCTY.TL.ZS,13.8868681995608
Bangladesh,BGD,2014,Population in urban agglomerations of more than 1 million (% of total population),EN.URB.MCTY.TL.ZS,13.5656934331291
Bangladesh,BGD,2013,Population in urban agglomerations of more than 1 million (% of total population),EN.URB.MCTY.TL.ZS,13.2547781353096
Bangladesh,BGD,2012,Population in urban agglomerations of more than 1 million (% of total population),EN.URB.MCTY.TL.ZS,12.9550447639162
Bangladesh,BGD,2011,Population in urban agglomerations of more than 1 million (% of total population),EN.URB.MCTY.TL.ZS,12.6651329664492
Bangladesh,BGD,2010,Population in urban agglomerations of more than 1 million (% of total population),EN.URB.MCTY.TL.ZS,12.3760524509862
Bangladesh,BGD,2009,Population in urban agglomerations of more than 1 million (% of total population),EN.URB.MCTY.TL.ZS,12.0902054548747
Bangladesh,BGD,2008,Population in urban agglomerations of more than 1 million (% of total population),EN.URB.MCTY.TL.ZS,11.8185208123855
Bangladesh,BGD,2007,Population in urban agglomerations of more than 1 million (% of total population),EN.URB.MCTY.TL.ZS,11.5601009959654
Bangladesh,BGD,2006,Population in urban agglomerations of more than 1 million (% of total population),EN.URB.MCTY.TL.ZS,11.3170492026306
Bangladesh,BGD,2005,Population in urban agglomerations of more than 1 million (% of total population),EN.URB.MCTY.TL.ZS,11.0890652938167
Bangladesh,BGD,2004,Population in urban agglomerations of more than 1 million (% of total population),EN.URB.MCTY.TL.ZS,10.8774418056417
Bangladesh,BGD,2003,Population in urban agglomerations of more than 1 million (% of total population),EN.URB.MCTY.TL.ZS,10.680157134602
Bangladesh,BGD,2002,Population in urban agglomerations of more than 1 million (% of total population),EN.URB.MCTY.TL.ZS,10.497212993557
Bangladesh,BGD,2001,Population in urban agglomerations of more than 1 million (% of total population),EN.URB.MCTY.TL.ZS,10.3269568741269
Bangladesh,BGD,2000,Population in urban agglomerations of more than 1 million (% of total population),EN.URB.MCTY.TL.ZS,10.1033061942184
Bangladesh,BGD,1999,Population in urban agglomerations of more than 1 million (% of total population),EN.URB.MCTY.TL.ZS,9.84631407628293
Bangladesh,BGD,1998,Population in urban agglomerations of more than 1 million (% of total population),EN.URB.MCTY.TL.ZS,9.6034771230624
Bangladesh,BGD,1997,Population in urban agglomerations of more than 1 million (% of total population),EN.URB.MCTY.TL.ZS,9.36564925368482
Bangladesh,BGD,1996,Population in urban agglomerations of more than 1 million (% of total population),EN.URB.MCTY.TL.ZS,9.13121738809316
Bangladesh,BGD,1995,Population in urban agglomerations of more than 1 million (% of total population),EN.URB.MCTY.TL.ZS,8.89940788922578
Bangladesh,BGD,1994,Population in urban agglomerations of more than 1 million (% of total population),EN.URB.MCTY.TL.ZS,8.67672441991914
Bangladesh,BGD,1993,Population in urban agglomerations of more than 1 million (% of total population),EN.URB.MCTY.TL.ZS,8.4593594845646
Bangladesh,BGD,1992,Population in urban agglomerations of more than 1 million (% of total population),EN.URB.MCTY.TL.ZS,8.24873668623703
Bangladesh,BGD,1991,Population in urban agglomerations of more than 1 million (% of total population),EN.URB.MCTY.TL.ZS,8.04424866792248
Bangladesh,BGD,1990,Population in urban agglomerations of more than 1 million (% of total population),EN.URB.MCTY.TL.ZS,7.74275212926933
Bangladesh,BGD,1989,Population in urban agglomerations of more than 1 million (% of total population),EN.URB.MCTY.TL.ZS,7.41532787324691
Bangladesh,BGD,1988,Population in urban agglomerations of more than 1 million (% of total population),EN.URB.MCTY.TL.ZS,7.10758882199755
Bangladesh,BGD,1987,Population in urban agglomerations of more than 1 million (% of total population),EN.URB.MCTY.TL.ZS,6.81802242738092
Bangladesh,BGD,1986,Population in urban agglomerations of more than 1 million (% of total population),EN.URB.MCTY.TL.ZS,6.5492234992367
Bangladesh,BGD,1985,Population in urban agglomerations of more than 1 million (% of total population),EN.URB.MCTY.TL.ZS,6.29897562511954
Bangladesh,BGD,1984,Population in urban agglomerations of more than 1 million (% of total population),EN.URB.MCTY.TL.ZS,6.06682621553025
Bangladesh,BGD,1983,Population in urban agglomerations of more than 1 million (% of total population),EN.URB.MCTY.TL.ZS,5.84941200336854
Bangladesh,BGD,1982,Population in urban agglomerations of more than 1 million (% of total population),EN.URB.MCTY.TL.ZS,5.6475880435372
Bangladesh,BGD,1981,Population in urban agglomerations of more than 1 million (% of total population),EN.URB.MCTY.TL.ZS,5.45718444565112
Bangladesh,BGD,1980,Population in urban agglomerations of more than 1 million (% of total population),EN.URB.MCTY.TL.ZS,5.23253657907878
Bangladesh,BGD,1979,Population in urban agglomerations of more than 1 million (% of total population),EN.URB.MCTY.TL.ZS,4.99321278278559
Bangladesh,BGD,1978,Population in urban agglomerations of more than 1 million (% of total population),EN.URB.MCTY.TL.ZS,4.76653050963197
Bangladesh,BGD,1977,Population in urban agglomerations of more than 1 million (% of total population),EN.URB.MCTY.TL.ZS,4.55202338263069
Bangladesh,BGD,1976,Population in urban agglomerations of more than 1 million (% of total population),EN.URB.MCTY.TL.ZS,4.35011980041204
Bangladesh,BGD,1975,Population in urban agglomerations of more than 1 million (% of total population),EN.URB.MCTY.TL.ZS,4.15884656208874
Bangladesh,BGD,1974,Population in urban agglomerations of more than 1 million (% of total population),EN.URB.MCTY.TL.ZS,3.98014365840803
Bangladesh,BGD,1973,Population in urban agglomerations of more than 1 million (% of total population),EN.URB.MCTY.TL.ZS,3.75883854075404
Bangladesh,BGD,1972,Population in urban agglomerations of more than 1 million (% of total population),EN.URB.MCTY.TL.ZS,3.52457630051088
Bangladesh,BGD,1971,Population in urban agglomerations of more than 1 million (% of total population),EN.URB.MCTY.TL.ZS,3.27382631964895
Bangladesh,BGD,1970,Population in urban agglomerations of more than 1 million (% of total population),EN.URB.MCTY.TL.ZS,3.03659945668982
Bangladesh,BGD,1969,Population in urban agglomerations of more than 1 million (% of total population),EN.URB.MCTY.TL.ZS,2.84092225395043
Bangladesh,BGD,1968,Population in urban agglomerations of more than 1 million (% of total population),EN.URB.MCTY.TL.ZS,2.66549755874929
Bangladesh,BGD,1967,Population in urban agglomerations of more than 1 million (% of total population),EN.URB.MCTY.TL.ZS,2.50333135577343
Bangladesh,BGD,1966,Population in urban agglomerations of more than 1 million (% of total population),EN.URB.MCTY.TL.ZS,2.35177973480247
Bangladesh,BGD,1965,Population in urban agglomerations of more than 1 million (% of total population),EN.URB.MCTY.TL.ZS,2.20911911901401
Bangladesh,BGD,1964,Population in urban agglomerations of more than 1 million (% of total population),EN.URB.MCTY.TL.ZS,2.07608758539728
Bangladesh,BGD,1963,Population in urban agglomerations of more than 1 million (% of total population),EN.URB.MCTY.TL.ZS,1.95097719997107
Bangladesh,BGD,1962,Population in urban agglomerations of more than 1 million (% of total population),EN.URB.MCTY.TL.ZS,1.83395405044931
Bangladesh,BGD,1961,Population in urban agglomerations of more than 1 million (% of total population),EN.URB.MCTY.TL.ZS,1.72413618459215
Bangladesh,BGD,1960,Population in urban agglomerations of more than 1 million (% of total population),EN.URB.MCTY.TL.ZS,1.67439983977977
Bangladesh,BGD,2022,"Annual freshwater withdrawals, total (billion cubic meters)",ER.H2O.FWTL.K3,35.87
Bangladesh,BGD,2021,"Annual freshwater withdrawals, total (billion cubic meters)",ER.H2O.FWTL.K3,35.87
Bangladesh,BGD,2020,"Annual freshwater withdrawals, total (billion cubic meters)",ER.H2O.FWTL.K3,35.87
Bangladesh,BGD,2019,"Annual freshwater withdrawals, total (billion cubic meters)",ER.H2O.FWTL.K3,35.87
Bangladesh,BGD,2018,"Annual freshwater withdrawals, total (billion cubic meters)",ER.H2O.FWTL.K3,35.87
Bangladesh,BGD,2017,"Annual freshwater withdrawals, total (billion cubic meters)",ER.H2O.FWTL.K3,35.87
Bangladesh,BGD,2016,"Annual freshwater withdrawals, total (billion cubic meters)",ER.H2O.FWTL.K3,35.87
Bangladesh,BGD,2015,"Annual freshwater withdrawals, total (billion cubic meters)",ER.H2O.FWTL.K3,35.87
Bangladesh,BGD,2014,"Annual freshwater withdrawals, total (billion cubic meters)",ER.H2O.FWTL.K3,35.87
Bangladesh,BGD,2013,"Annual freshwater withdrawals, total (billion cubic meters)",ER.H2O.FWTL.K3,35.87
Bangladesh,BGD,2012,"Annual freshwater withdrawals, total (billion cubic meters)",ER.H2O.FWTL.K3,35.87
Bangladesh,BGD,2011,"Annual freshwater withdrawals, total (billion cubic meters)",ER.H2O.FWTL.K3,35.87
Bangladesh,BGD,2010,"Annual freshwater withdrawals, total (billion cubic meters)",ER.H2O.FWTL.K3,35.87
Bangladesh,BGD,2009,"Annual freshwater withdrawals, total (billion cubic meters)",ER.H2O.FWTL.K3,35.87
Bangladesh,BGD,2008,"Annual freshwater withdrawals, total (billion cubic meters)",ER.H2O.FWTL.K3,35.87
Bangladesh,BGD,2022,"Annual freshwater withdrawals, total (% of internal resources)",ER.H2O.FWTL.ZS,34.1619047619048
Bangladesh,BGD,2021,"Annual freshwater withdrawals, total (% of internal resources)",ER.H2O.FWTL.ZS,34.1619047619048
Bangladesh,BGD,2020,"Annual freshwater withdrawals, total (% of internal resources)",ER.H2O.FWTL.ZS,34.1619047619048
Bangladesh,BGD,2019,"Annual freshwater withdrawals, total (% of internal resources)",ER.H2O.FWTL.ZS,34.1619047619048
Bangladesh,BGD,2018,"Annual freshwater withdrawals, total (% of internal resources)",ER.H2O.FWTL.ZS,34.1619047619048
Bangladesh,BGD,2017,"Annual freshwater withdrawals, total (% of internal resources)",ER.H2O.FWTL.ZS,34.1619047619048
Bangladesh,BGD,2016,"Annual freshwater withdrawals, total (% of internal resources)",ER.H2O.FWTL.ZS,34.1619047619048
Bangladesh,BGD,2015,"Annual freshwater withdrawals, total (% of internal resources)",ER.H2O.FWTL.ZS,34.1619047619048
Bangladesh,BGD,2014,"Annual freshwater withdrawals, total (% of internal resources)",ER.H2O.FWTL.ZS,34.1619047619048
Bangladesh,BGD,2013,"Annual freshwater withdrawals, total (% of internal resources)",ER.H2O.FWTL.ZS,34.1619047619048
Bangladesh,BGD,2012,"Annual freshwater withdrawals, total (% of internal resources)",ER.H2O.FWTL.ZS,34.1619047619048
Bangladesh,BGD,2011,"Annual freshwater withdrawals, total (% of internal resources)",ER.H2O.FWTL.ZS,34.1619047619048
Bangladesh,BGD,2010,"Annual freshwater withdrawals, total (% of internal resources)",ER.H2O.FWTL.ZS,34.1619047619048
Bangladesh,BGD,2009,"Annual freshwater withdrawals, total (% of internal resources)",ER.H2O.FWTL.ZS,34.1619047619048
Bangladesh,BGD,2008,"Annual freshwater withdrawals, total (% of internal resources)",ER.H2O.FWTL.ZS,34.1619047619048
Bangladesh,BGD,2025,Terrestrial protected areas (% of total land area),ER.LND.PTLD.ZS,4.2
Bangladesh,BGD,2024,Terrestrial protected areas (% of total land area),ER.LND.PTLD.ZS,4.2
Bangladesh,BGD,2023,Terrestrial protected areas (% of total land area),ER.LND.PTLD.ZS,4.6
Bangladesh,BGD,2022,Terrestrial protected areas (% of total land area),ER.LND.PTLD.ZS,4.6
Bangladesh,BGD,2021,Terrestrial protected areas (% of total land area),ER.LND.PTLD.ZS,4.6
Bangladesh,BGD,2020,Terrestrial protected areas (% of total land area),ER.LND.PTLD.ZS,4.6
Bangladesh,BGD,2019,Terrestrial protected areas (% of total land area),ER.LND.PTLD.ZS,4.6
Bangladesh,BGD,2018,Terrestrial protected areas (% of total land area),ER.LND.PTLD.ZS,4.6
Bangladesh,BGD,2017,Terrestrial protected areas (% of total land area),ER.LND.PTLD.ZS,4.6
Bangladesh,BGD,2016,Terrestrial protected areas (% of total land area),ER.LND.PTLD.ZS,4.6
Bangladesh,BGD,2015,Terrestrial protected areas (% of total land area),ER.LND.PTLD.ZS,4.6
Bangladesh,BGD,2014,Terrestrial protected areas (% of total land area),ER.LND.PTLD.ZS,4.6
Bangladesh,BGD,2013,Terrestrial protected areas (% of total land area),ER.LND.PTLD.ZS,4.7
Bangladesh,BGD,2025,Marine protected areas (% of territorial waters),ER.MRN.PTMR.ZS,8.6
Bangladesh,BGD,2024,Marine protected areas (% of territorial waters),ER.MRN.PTMR.ZS,8
Bangladesh,BGD,2023,Marine protected areas (% of territorial waters),ER.MRN.PTMR.ZS,8
Bangladesh,BGD,2022,Marine protected areas (% of territorial waters),ER.MRN.PTMR.ZS,5.4
Bangladesh,BGD,2021,Marine protected areas (% of territorial waters),ER.MRN.PTMR.ZS,5.4
Bangladesh,BGD,2020,Marine protected areas (% of territorial waters),ER.MRN.PTMR.ZS,5.4
Bangladesh,BGD,2019,Marine protected areas (% of territorial waters),ER.MRN.PTMR.ZS,5.4
Bangladesh,BGD,2018,Marine protected areas (% of territorial waters),ER.MRN.PTMR.ZS,5.4
Bangladesh,BGD,2017,Marine protected areas (% of territorial waters),ER.MRN.PTMR.ZS,5.4
Bangladesh,BGD,2016,Marine protected areas (% of territorial waters),ER.MRN.PTMR.ZS,5.4
Bangladesh,BGD,2015,Marine protected areas (% of territorial waters),ER.MRN.PTMR.ZS,5.4
Bangladesh,BGD,2014,Marine protected areas (% of territorial waters),ER.MRN.PTMR.ZS,5.4
Bangladesh,BGD,2013,Marine protected areas (% of territorial waters),ER.MRN.PTMR.ZS,1.4
Bangladesh,BGD,2025,Terrestrial and marine protected areas (% of total territorial area),ER.PTD.TOTL.ZS,5.9
Bangladesh,BGD,2024,Terrestrial and marine protected areas (% of total territorial area),ER.PTD.TOTL.ZS,5.6
Bangladesh,BGD,2023,Terrestrial and marine protected areas (% of total territorial area),ER.PTD.TOTL.ZS,5.9
Bangladesh,BGD,2022,Terrestrial and marine protected areas (% of total territorial area),ER.PTD.TOTL.ZS,4.9
Bangladesh,BGD,2021,Terrestrial and marine protected areas (% of total territorial area),ER.PTD.TOTL.ZS,4.9
Bangladesh,BGD,2020,Terrestrial and marine protected areas (% of total territorial area),ER.PTD.TOTL.ZS,4.9
Bangladesh,BGD,2019,Terrestrial and marine protected areas (% of total territorial area),ER.PTD.TOTL.ZS,4.9
Bangladesh,BGD,2018,Terrestrial and marine protected areas (% of total territorial area),ER.PTD.TOTL.ZS,4.9
Bangladesh,BGD,2017,Terrestrial and marine protected areas (% of total territorial area),ER.PTD.TOTL.ZS,4.9
Bangladesh,BGD,2016,Terrestrial and marine protected areas (% of total territorial area),ER.PTD.TOTL.ZS,4.9
Bangladesh,BGD,2015,Terrestrial and marine protected areas (% of total territorial area),ER.PTD.TOTL.ZS,4.9
Bangladesh,BGD,2014,Terrestrial and marine protected areas (% of total territorial area),ER.PTD.TOTL.ZS,4.9
Bangladesh,BGD,2013,Terrestrial and marine protected areas (% of total territorial area),ER.PTD.TOTL.ZS,3.5
Bangladesh,BGD,2024,CPIA public sector management and institutions cluster average (1=low to 6=high),IQ.CPA.PUBS.XQ,2.6
Bangladesh,BGD,2023,CPIA public sector management and institutions cluster average (1=low to 6=high),IQ.CPA.PUBS.XQ,2.7
Bangladesh,BGD,2022,CPIA public sector management and institutions cluster average (1=low to 6=high),IQ.CPA.PUBS.XQ,2.5
Bangladesh,BGD,2021,CPIA public sector management and institutions cluster average (1=low to 6=high),IQ.CPA.PUBS.XQ,2.5
Bangladesh,BGD,2020,CPIA public sector management and institutions cluster average (1=low to 6=high),IQ.CPA.PUBS.XQ,2.5
Bangladesh,BGD,2019,CPIA public sector management and institutions cluster average (1=low to 6=high),IQ.CPA.PUBS.XQ,2.6
Bangladesh,BGD,2018,CPIA public sector management and institutions cluster average (1=low to 6=high),IQ.CPA.PUBS.XQ,2.7
Bangladesh,BGD,2017,CPIA public sector management and institutions cluster average (1=low to 6=high),IQ.CPA.PUBS.XQ,2.7
Bangladesh,BGD,2016,CPIA public sector management and institutions cluster average (1=low to 6=high),IQ.CPA.PUBS.XQ,2.8
Bangladesh,BGD,2015,CPIA public sector management and institutions cluster average (1=low to 6=high),IQ.CPA.PUBS.XQ,2.9
Bangladesh,BGD,2014,CPIA public sector management and institutions cluster average (1=low to 6=high),IQ.CPA.PUBS.XQ,2.9
Bangladesh,BGD,2013,CPIA public sector management and institutions cluster average (1=low to 6=high),IQ.CPA.PUBS.XQ,2.9
Bangladesh,BGD,2012,CPIA public sector management and institutions cluster average (1=low to 6=high),IQ.CPA.PUBS.XQ,2.9
Bangladesh,BGD,2011,CPIA public sector management and institutions cluster average (1=low to 6=high),IQ.CPA.PUBS.XQ,2.9
Bangladesh,BGD,2010,CPIA public sector management and institutions cluster average (1=low to 6=high),IQ.CPA.PUBS.XQ,3
Bangladesh,BGD,2009,CPIA public sector management and institutions cluster average (1=low to 6=high),IQ.CPA.PUBS.XQ,3
Bangladesh,BGD,2008,CPIA public sector management and institutions cluster average (1=low to 6=high),IQ.CPA.PUBS.XQ,3
Bangladesh,BGD,2007,CPIA public sector management and institutions cluster average (1=low to 6=high),IQ.CPA.PUBS.XQ,3
Bangladesh,BGD,2006,CPIA public sector management and institutions cluster average (1=low to 6=high),IQ.CPA.PUBS.XQ,2.8
Bangladesh,BGD,2005,CPIA public sector management and institutions cluster average (1=low to 6=high),IQ.CPA.PUBS.XQ,2.9
Bangladesh,BGD,2024,"Agriculture, forestry, and fishing, value added (% of GDP)",NV.AGR.TOTL.ZS,11.1648014276903
Bangladesh,BGD,2023,"Agriculture, forestry, and fishing, value added (% of GDP)",NV.AGR.TOTL.ZS,11.0036900209598
Bangladesh,BGD,2022,"Agriculture, forestry, and fishing, value added (% of GDP)",NV.AGR.TOTL.ZS,11.2176010351595
Bangladesh,BGD,2021,"Agriculture, forestry, and fishing, value added (% of GDP)",NV.AGR.TOTL.ZS,11.6328584271282
Bangladesh,BGD,2020,"Agriculture, forestry, and fishing, value added (% of GDP)",NV.AGR.TOTL.ZS,11.9996868602485
Bangladesh,BGD,2019,"Agriculture, forestry, and fishing, value added (% of GDP)",NV.AGR.TOTL.ZS,11.9753231358984
Bangladesh,BGD,2018,"Agriculture, forestry, and fishing, value added (% of GDP)",NV.AGR.TOTL.ZS,12.4800771856196
Bangladesh,BGD,2017,"Agriculture, forestry, and fishing, value added (% of GDP)",NV.AGR.TOTL.ZS,12.9572760433733
Bangladesh,BGD,2016,"Agriculture, forestry, and fishing, value added (% of GDP)",NV.AGR.TOTL.ZS,13.4647923176039
Bangladesh,BGD,2015,"Agriculture, forestry, and fishing, value added (% of GDP)",NV.AGR.TOTL.ZS,14.7829964369364
Bangladesh,BGD,2014,"Agriculture, forestry, and fishing, value added (% of GDP)",NV.AGR.TOTL.ZS,15.3516208986344
Bangladesh,BGD,2013,"Agriculture, forestry, and fishing, value added (% of GDP)",NV.AGR.TOTL.ZS,15.4932779975908
Bangladesh,BGD,2012,"Agriculture, forestry, and fishing, value added (% of GDP)",NV.AGR.TOTL.ZS,16.1775631732753
Bangladesh,BGD,2011,"Agriculture, forestry, and fishing, value added (% of GDP)",NV.AGR.TOTL.ZS,16.8099867573503
Bangladesh,BGD,2010,"Agriculture, forestry, and fishing, value added (% of GDP)",NV.AGR.TOTL.ZS,17.0011812592919
Bangladesh,BGD,2009,"Agriculture, forestry, and fishing, value added (% of GDP)",NV.AGR.TOTL.ZS,17.1046290519632
Bangladesh,BGD,2008,"Agriculture, forestry, and fishing, value added (% of GDP)",NV.AGR.TOTL.ZS,17.5956955421992
Bangladesh,BGD,2007,"Agriculture, forestry, and fishing, value added (% of GDP)",NV.AGR.TOTL.ZS,17.8065367823955
Bangladesh,BGD,2006,"Agriculture, forestry, and fishing, value added (% of GDP)",NV.AGR.TOTL.ZS,18.0340165108542
Bangladesh,BGD,2005,"Agriculture, forestry, and fishing, value added (% of GDP)",NV.AGR.TOTL.ZS,18.5710395455964
Bangladesh,BGD,2004,"Agriculture, forestry, and fishing, value added (% of GDP)",NV.AGR.TOTL.ZS,19.2669595662859
Bangladesh,BGD,2003,"Agriculture, forestry, and fishing, value added (% of GDP)",NV.AGR.TOTL.ZS,19.8127182977042
Bangladesh,BGD,2002,"Agriculture, forestry, and fishing, value added (% of GDP)",NV.AGR.TOTL.ZS,20.5841344226366
Bangladesh,BGD,2001,"Agriculture, forestry, and fishing, value added (% of GDP)",NV.AGR.TOTL.ZS,21.8483405815259
Bangladesh,BGD,2000,"Agriculture, forestry, and fishing, value added (% of GDP)",NV.AGR.TOTL.ZS,22.7181480755923
Bangladesh,BGD,1999,"Agriculture, forestry, and fishing, value added (% of GDP)",NV.AGR.TOTL.ZS,22.6584111161909
Bangladesh,BGD,1998,"Agriculture, forestry, and fishing, value added (% of GDP)",NV.AGR.TOTL.ZS,22.5874157614312
Bangladesh,BGD,1997,"Agriculture, forestry, and fishing, value added (% of GDP)",NV.AGR.TOTL.ZS,23.2461437492233
Bangladesh,BGD,1996,"Agriculture, forestry, and fishing, value added (% of GDP)",NV.AGR.TOTL.ZS,23.266208049769
Bangladesh,BGD,1995,"Agriculture, forestry, and fishing, value added (% of GDP)",NV.AGR.TOTL.ZS,27.3043698025967
Bangladesh,BGD,1994,"Agriculture, forestry, and fishing, value added (% of GDP)",NV.AGR.TOTL.ZS,26.7255375508155
Bangladesh,BGD,1993,"Agriculture, forestry, and fishing, value added (% of GDP)",NV.AGR.TOTL.ZS,27.3210858173117
Bangladesh,BGD,1992,"Agriculture, forestry, and fishing, value added (% of GDP)",NV.AGR.TOTL.ZS,30.5175252361271
Bangladesh,BGD,1991,"Agriculture, forestry, and fishing, value added (% of GDP)",NV.AGR.TOTL.ZS,31.6770232352381
Bangladesh,BGD,1990,"Agriculture, forestry, and fishing, value added (% of GDP)",NV.AGR.TOTL.ZS,30.4898330963098
Bangladesh,BGD,1989,"Agriculture, forestry, and fishing, value added (% of GDP)",NV.AGR.TOTL.ZS,30.5616428363458
Bangladesh,BGD,1988,"Agriculture, forestry, and fishing, value added (% of GDP)",NV.AGR.TOTL.ZS,31.3191777996177
Bangladesh,BGD,1987,"Agriculture, forestry, and fishing, value added (% of GDP)",NV.AGR.TOTL.ZS,32.6639009291872
Bangladesh,BGD,1986,"Agriculture, forestry, and fishing, value added (% of GDP)",NV.AGR.TOTL.ZS,32.3691528885324
Bangladesh,BGD,1985,"Agriculture, forestry, and fishing, value added (% of GDP)",NV.AGR.TOTL.ZS,33.0067315667626
Bangladesh,BGD,1984,"Agriculture, forestry, and fishing, value added (% of GDP)",NV.AGR.TOTL.ZS,34.6986320797597
Bangladesh,BGD,1983,"Agriculture, forestry, and fishing, value added (% of GDP)",NV.AGR.TOTL.ZS,31.0460304619363
Bangladesh,BGD,1982,"Agriculture, forestry, and fishing, value added (% of GDP)",NV.AGR.TOTL.ZS,31.4416963304952
Bangladesh,BGD,1981,"Agriculture, forestry, and fishing, value added (% of GDP)",NV.AGR.TOTL.ZS,31.9515169185203
Bangladesh,BGD,1980,"Agriculture, forestry, and fishing, value added (% of GDP)",NV.AGR.TOTL.ZS,32.8238918515406
Bangladesh,BGD,1979,"Agriculture, forestry, and fishing, value added (% of GDP)",NV.AGR.TOTL.ZS,52.4520120556112
Bangladesh,BGD,1978,"Agriculture, forestry, and fishing, value added (% of GDP)",NV.AGR.TOTL.ZS,54.2503083024678
Bangladesh,BGD,1977,"Agriculture, forestry, and fishing, value added (% of GDP)",NV.AGR.TOTL.ZS,48.898056925939
Bangladesh,BGD,1976,"Agriculture, forestry, and fishing, value added (% of GDP)",NV.AGR.TOTL.ZS,51.9144569344659
Bangladesh,BGD,1975,"Agriculture, forestry, and fishing, value added (% of GDP)",NV.AGR.TOTL.ZS,61.9541391335466
Bangladesh,BGD,1974,"Agriculture, forestry, and fishing, value added (% of GDP)",NV.AGR.TOTL.ZS,56.6365531249665
Bangladesh,BGD,1973,"Agriculture, forestry, and fishing, value added (% of GDP)",NV.AGR.TOTL.ZS,56.6388529969867
Bangladesh,BGD,1972,"Agriculture, forestry, and fishing, value added (% of GDP)",NV.AGR.TOTL.ZS,59.6099059973143
Bangladesh,BGD,1971,"Agriculture, forestry, and fishing, value added (% of GDP)",NV.AGR.TOTL.ZS,51.0313112066753
Bangladesh,BGD,1970,"Agriculture, forestry, and fishing, value added (% of GDP)",NV.AGR.TOTL.ZS,54.5614999911132
Bangladesh,BGD,1969,"Agriculture, forestry, and fishing, value added (% of GDP)",NV.AGR.TOTL.ZS,55.4128189249571
Bangladesh,BGD,1968,"Agriculture, forestry, and fishing, value added (% of GDP)",NV.AGR.TOTL.ZS,53.555739970899
Bangladesh,BGD,1967,"Agriculture, forestry, and fishing, value added (% of GDP)",NV.AGR.TOTL.ZS,55.8524783666106
Bangladesh,BGD,1966,"Agriculture, forestry, and fishing, value added (% of GDP)",NV.AGR.TOTL.ZS,53.9473705792359
Bangladesh,BGD,1965,"Agriculture, forestry, and fishing, value added (% of GDP)",NV.AGR.TOTL.ZS,52.8186947728848
Bangladesh,BGD,1964,"Agriculture, forestry, and fishing, value added (% of GDP)",NV.AGR.TOTL.ZS,53.3568366475041
Bangladesh,BGD,1963,"Agriculture, forestry, and fishing, value added (% of GDP)",NV.AGR.TOTL.ZS,57.146668173399
Bangladesh,BGD,1962,"Agriculture, forestry, and fishing, value added (% of GDP)",NV.AGR.TOTL.ZS,57.0185740229353
Bangladesh,BGD,1961,"Agriculture, forestry, and fishing, value added (% of GDP)",NV.AGR.TOTL.ZS,57.9882359513306
Bangladesh,BGD,1960,"Agriculture, forestry, and fishing, value added (% of GDP)",NV.AGR.TOTL.ZS,57.4743123752637
Bangladesh,BGD,2021,"School enrollment, primary and secondary (gross), gender parity index (GPI)",SE.ENR.PRSC.FM.ZS,1.13545429706573
Bangladesh,BGD,2020,"School enrollment, primary and secondary (gross), gender parity index (GPI)",SE.ENR.PRSC.FM.ZS,1.14587998390198
Bangladesh,BGD,2018,"School enrollment, primary and secondary (gross), gender parity index (GPI)",SE.ENR.PRSC.FM.ZS,1.10387098789215
Bangladesh,BGD,2017,"School enrollment, primary and secondary (gross), gender parity index (GPI)",SE.ENR.PRSC.FM.ZS,1.10079967975616
Bangladesh,BGD,2011,"School enrollment, primary and secondary (gross), gender parity index (GPI)",SE.ENR.PRSC.FM.ZS,1.06452894210815
Bangladesh,BGD,2010,"School enrollment, primary and secondary (gross), gender parity index (GPI)",SE.ENR.PRSC.FM.ZS,1.07914698123932
Bangladesh,BGD,2009,"School enrollment, primary and secondary (gross), gender parity index (GPI)",SE.ENR.PRSC.FM.ZS,1.05958998203278
Bangladesh,BGD,2008,"School enrollment, primary and secondary (gross), gender parity index (GPI)",SE.ENR.PRSC.FM.ZS,1.08538997173309
Bangladesh,BGD,2007,"School enrollment, primary and secondary (gross), gender parity index (GPI)",SE.ENR.PRSC.FM.ZS,1.06429994106293
Bangladesh,BGD,2006,"School enrollment, primary and secondary (gross), gender parity index (GPI)",SE.ENR.PRSC.FM.ZS,1.05578005313873
Bangladesh,BGD,2005,"School enrollment, primary and secondary (gross), gender parity index (GPI)",SE.ENR.PRSC.FM.ZS,1.05332005023956
Bangladesh,BGD,1990,"School enrollment, primary and secondary (gross), gender parity index (GPI)",SE.ENR.PRSC.FM.ZS,0.753639996051788
Bangladesh,BGD,1989,"School enrollment, primary and secondary (gross), gender parity index (GPI)",SE.ENR.PRSC.FM.ZS,0.726050019264221
Bangladesh,BGD,1988,"School enrollment, primary and secondary (gross), gender parity index (GPI)",SE.ENR.PRSC.FM.ZS,0.716489970684052
Bangladesh,BGD,1987,"School enrollment, primary and secondary (gross), gender parity index (GPI)",SE.ENR.PRSC.FM.ZS,0.623650014400482
Bangladesh,BGD,1986,"School enrollment, primary and secondary (gross), gender parity index (GPI)",SE.ENR.PRSC.FM.ZS,0.627960026264191
Bangladesh,BGD,1985,"School enrollment, primary and secondary (gross), gender parity index (GPI)",SE.ENR.PRSC.FM.ZS,0.607200026512146
Bangladesh,BGD,1984,"School enrollment, primary and secondary (gross), gender parity index (GPI)",SE.ENR.PRSC.FM.ZS,0.616020023822784
Bangladesh,BGD,1981,"School enrollment, primary and secondary (gross), gender parity index (GPI)",SE.ENR.PRSC.FM.ZS,0.569419980049133
Bangladesh,BGD,1980,"School enrollment, primary and secondary (gross), gender parity index (GPI)",SE.ENR.PRSC.FM.ZS,0.530789971351624
Bangladesh,BGD,1979,"School enrollment, primary and secondary (gross), gender parity index (GPI)",SE.ENR.PRSC.FM.ZS,0.517599999904633
Bangladesh,BGD,1977,"School enrollment, primary and secondary (gross), gender parity index (GPI)",SE.ENR.PRSC.FM.ZS,0.526970028877258
Bangladesh,BGD,1976,"School enrollment, primary and secondary (gross), gender parity index (GPI)",SE.ENR.PRSC.FM.ZS,0.498580008745193
Bangladesh,BGD,1973,"School enrollment, primary and secondary (gross), gender parity index (GPI)",SE.ENR.PRSC.FM.ZS,0.500899970531464
Bangladesh,BGD,2024,"Primary completion rate, total (% of relevant age group)",SE.PRM.CMPT.ZS,94.3021681436472
Bangladesh,BGD,2023,"Primary completion rate, total (% of relevant age group)",SE.PRM.CMPT.ZS,98.0281882152568
Bangladesh,BGD,2022,"Primary completion rate, total (% of relevant age group)",SE.PRM.CMPT.ZS,96.6163713445783
Bangladesh,BGD,2021,"Primary completion rate, total (% of relevant age group)",SE.PRM.CMPT.ZS,109.869193724542
Bangladesh,BGD,2010,"Primary completion rate, total (% of relevant age group)",SE.PRM.CMPT.ZS,60.9081624899997
Bangladesh,BGD,2009,"Primary completion rate, total (% of relevant age group)",SE.PRM.CMPT.ZS,60.2132186889648
Bangladesh,BGD,2008,"Primary completion rate, total (% of relevant age group)",SE.PRM.CMPT.ZS,55.0913696289062
Bangladesh,BGD,2005,"Primary completion rate, total (% of relevant age group)",SE.PRM.CMPT.ZS,64.2816696166992
Bangladesh,BGD,1989,"Primary completion rate, total (% of relevant age group)",SE.PRM.CMPT.ZS,43.2526016235352
Bangladesh,BGD,1981,"Primary completion rate, total (% of relevant age group)",SE.PRM.CMPT.ZS,26.6342601776123
Bangladesh,BGD,1977,"Primary completion rate, total (% of relevant age group)",SE.PRM.CMPT.ZS,30.6567192077637
Bangladesh,BGD,1976,"Primary completion rate, total (% of relevant age group)",SE.PRM.CMPT.ZS,41.9303894042969
Bangladesh,BGD,2024,"Mortality rate, under-5 (per 1,000 live births)",SH.DYN.MORT,30.5
Bangladesh,BGD,2023,"Mortality rate, under-5 (per 1,000 live births)",SH.DYN.MORT,30.6
Bangladesh,BGD,2022,"Mortality rate, under-5 (per 1,000 live births)",SH.DYN.MORT,30.7
Bangladesh,BGD,2021,"Mortality rate, under-5 (per 1,000 live births)",SH.DYN.MORT,30.9
Bangladesh,BGD,2020,"Mortality rate, under-5 (per 1,000 live births)",SH.DYN.MORT,31.4
Bangladesh,BGD,2019,"Mortality rate, under-5 (per 1,000 live births)",SH.DYN.MORT,32.3
Bangladesh,BGD,2018,"Mortality rate, under-5 (per 1,000 live births)",SH.DYN.MORT,33.5
Bangladesh,BGD,2017,"Mortality rate, under-5 (per 1,000 live births)",SH.DYN.MORT,35
Bangladesh,BGD,2016,"Mortality rate, under-5 (per 1,000 live births)",SH.DYN.MORT,36.7
Bangladesh,BGD,2015,"Mortality rate, under-5 (per 1,000 live births)",SH.DYN.MORT,38.5
Bangladesh,BGD,2014,"Mortality rate, under-5 (per 1,000 live births)",SH.DYN.MORT,40.5
Bangladesh,BGD,2013,"Mortality rate, under-5 (per 1,000 live births)",SH.DYN.MORT,42.4
Bangladesh,BGD,2012,"Mortality rate, under-5 (per 1,000 live births)",SH.DYN.MORT,44.4
Bangladesh,BGD,2011,"Mortality rate, under-5 (per 1,000 live births)",SH.DYN.MORT,46.5
Bangladesh,BGD,2010,"Mortality rate, under-5 (per 1,000 live births)",SH.DYN.MORT,48.7
Bangladesh,BGD,2009,"Mortality rate, under-5 (per 1,000 live births)",SH.DYN.MORT,51.1
Bangladesh,BGD,2008,"Mortality rate, under-5 (per 1,000 live births)",SH.DYN.MORT,53.6
Bangladesh,BGD,2007,"Mortality rate, under-5 (per 1,000 live births)",SH.DYN.MORT,56.5
Bangladesh,BGD,2006,"Mortality rate, under-5 (per 1,000 live births)",SH.DYN.MORT,59.6
Bangladesh,BGD,2005,"Mortality rate, under-5 (per 1,000 live births)",SH.DYN.MORT,63
Bangladesh,BGD,2004,"Mortality rate, under-5 (per 1,000 live births)",SH.DYN.MORT,66.8
Bangladesh,BGD,2003,"Mortality rate, under-5 (per 1,000 live births)",SH.DYN.MORT,70.8
Bangladesh,BGD,2002,"Mortality rate, under-5 (per 1,000 live births)",SH.DYN.MORT,75.3
Bangladesh,BGD,2001,"Mortality rate, under-5 (per 1,000 live births)",SH.DYN.MORT,80.2
Bangladesh,BGD,2000,"Mortality rate, under-5 (per 1,000 live births)",SH.DYN.MORT,85.5
Bangladesh,BGD,1999,"Mortality rate, under-5 (per 1,000 live births)",SH.DYN.MORT,91.2
Bangladesh,BGD,1998,"Mortality rate, under-5 (per 1,000 live births)",SH.DYN.MORT,97.1
Bangladesh,BGD,1997,"Mortality rate, under-5 (per 1,000 live births)",SH.DYN.MORT,103.3
Bangladesh,BGD,1996,"Mortality rate, under-5 (per 1,000 live births)",SH.DYN.MORT,109.4
Bangladesh,BGD,1995,"Mortality rate, under-5 (per 1,000 live births)",SH.DYN.MORT,115.5
Bangladesh,BGD,1994,"Mortality rate, under-5 (per 1,000 live births)",SH.DYN.MORT,121.6
Bangladesh,BGD,1993,"Mortality rate, under-5 (per 1,000 live births)",SH.DYN.MORT,127.8
Bangladesh,BGD,1992,"Mortality rate, under-5 (per 1,000 live births)",SH.DYN.MORT,134.1
Bangladesh,BGD,1991,"Mortality rate, under-5 (per 1,000 live births)",SH.DYN.MORT,140.3
Bangladesh,BGD,1990,"Mortality rate, under-5 (per 1,000 live births)",SH.DYN.MORT,146.5
Bangladesh,BGD,1989,"Mortality rate, under-5 (per 1,000 live births)",SH.DYN.MORT,152.8
Bangladesh,BGD,1988,"Mortality rate, under-5 (per 1,000 live births)",SH.DYN.MORT,159.3
Bangladesh,BGD,1987,"Mortality rate, under-5 (per 1,000 live births)",SH.DYN.MORT,165.8
Bangladesh,BGD,1986,"Mortality rate, under-5 (per 1,000 live births)",SH.DYN.MORT,172.3
Bangladesh,BGD,1985,"Mortality rate, under-5 (per 1,000 live births)",SH.DYN.MORT,178.6
Bangladesh,BGD,1984,"Mortality rate, under-5 (per 1,000 live births)",SH.DYN.MORT,184.7
Bangladesh,BGD,1983,"Mortality rate, under-5 (per 1,000 live births)",SH.DYN.MORT,190.6
Bangladesh,BGD,1982,"Mortality rate, under-5 (per 1,000 live births)",SH.DYN.MORT,196.2
Bangladesh,BGD,1981,"Mortality rate, under-5 (per 1,000 live births)",SH.DYN.MORT,201.8
Bangladesh,BGD,1980,"Mortality rate, under-5 (per 1,000 live births)",SH.DYN.MORT,207.2
Bangladesh,BGD,1979,"Mortality rate, under-5 (per 1,000 live births)",SH.DYN.MORT,212.4
Bangladesh,BGD,1978,"Mortality rate, under-5 (per 1,000 live births)",SH.DYN.MORT,217.2
Bangladesh,BGD,1977,"Mortality rate, under-5 (per 1,000 live births)",SH.DYN.MORT,221.5
Bangladesh,BGD,1976,"Mortality rate, under-5 (per 1,000 live births)",SH.DYN.MORT,224.9
Bangladesh,BGD,1975,"Mortality rate, under-5 (per 1,000 live births)",SH.DYN.MORT,273
Bangladesh,BGD,1974,"Mortality rate, under-5 (per 1,000 live births)",SH.DYN.MORT,275.7
Bangladesh,BGD,1973,"Mortality rate, under-5 (per 1,000 live births)",SH.DYN.MORT,229.1
Bangladesh,BGD,1972,"Mortality rate, under-5 (per 1,000 live births)",SH.DYN.MORT,228.8
Bangladesh,BGD,1971,"Mortality rate, under-5 (per 1,000 live births)",SH.DYN.MORT,367
Bangladesh,BGD,1970,"Mortality rate, under-5 (per 1,000 live births)",SH.DYN.MORT,271
Bangladesh,BGD,1969,"Mortality rate, under-5 (per 1,000 live births)",SH.DYN.MORT,227
Bangladesh,BGD,1968,"Mortality rate, under-5 (per 1,000 live births)",SH.DYN.MORT,227.2
Bangladesh,BGD,1967,"Mortality rate, under-5 (per 1,000 live births)",SH.DYN.MORT,228.5
Bangladesh,BGD,1966,"Mortality rate, under-5 (per 1,000 live births)",SH.DYN.MORT,230.9
Bangladesh,BGD,1965,"Mortality rate, under-5 (per 1,000 live births)",SH.DYN.MORT,234.2
Bangladesh,BGD,1964,"Mortality rate, under-5 (per 1,000 live births)",SH.DYN.MORT,238.7
Bangladesh,BGD,1963,"Mortality rate, under-5 (per 1,000 live births)",SH.DYN.MORT,244.1
Bangladesh,BGD,1962,"Mortality rate, under-5 (per 1,000 live births)",SH.DYN.MORT,250.2
Bangladesh,BGD,1961,"Mortality rate, under-5 (per 1,000 live births)",SH.DYN.MORT,256.7
Bangladesh,BGD,1960,"Mortality rate, under-5 (per 1,000 live births)",SH.DYN.MORT,263.6
Bangladesh,BGD,2012,"Community health workers (per 1,000 people)",SH.MED.CMHW.P3,0.476
Bangladesh,BGD,2011,"Community health workers (per 1,000 people)",SH.MED.CMHW.P3,0.393
Bangladesh,BGD,2005,"Community health workers (per 1,000 people)",SH.MED.CMHW.P3,0.147
Bangladesh,BGD,2004,"Community health workers (per 1,000 people)",SH.MED.CMHW.P3,0.151
Bangladesh,BGD,2022,"Prevalence of underweight, weight for age (% of children under 5)",SH.STA.MALN.ZS,21.7
Bangladesh,BGD,2019,"Prevalence of underweight, weight for age (% of children under 5)",SH.STA.MALN.ZS,22.6
Bangladesh,BGD,2018,"Prevalence of underweight, weight for age (% of children under 5)",SH.STA.MALN.ZS,21.9
Bangladesh,BGD,2015,"Prevalence of underweight, weight for age (% of children under 5)",SH.STA.MALN.ZS,31
Bangladesh,BGD,2014,"Prevalence of underweight, weight for age (% of children under 5)",SH.STA.MALN.ZS,32.8
Bangladesh,BGD,2013,"Prevalence of underweight, weight for age (% of children under 5)",SH.STA.MALN.ZS,31.9
Bangladesh,BGD,2012,"Prevalence of underweight, weight for age (% of children under 5)",SH.STA.MALN.ZS,33
Bangladesh,BGD,2011,"Prevalence of underweight, weight for age (% of children under 5)",SH.STA.MALN.ZS,36.7
Bangladesh,BGD,2007,"Prevalence of underweight, weight for age (% of children under 5)",SH.STA.MALN.ZS,41.3
Bangladesh,BGD,2006,"Prevalence of underweight, weight for age (% of children under 5)",SH.STA.MALN.ZS,37.9
Bangladesh,BGD,2005,"Prevalence of underweight, weight for age (% of children under 5)",SH.STA.MALN.ZS,39.7
Bangladesh,BGD,2004,"Prevalence of underweight, weight for age (% of children under 5)",SH.STA.MALN.ZS,42.8
Bangladesh,BGD,2003,"Prevalence of underweight, weight for age (% of children under 5)",SH.STA.MALN.ZS,38.9
Bangladesh,BGD,2002,"Prevalence of underweight, weight for age (% of children under 5)",SH.STA.MALN.ZS,41
Bangladesh,BGD,2001,"Prevalence of underweight, weight for age (% of children under 5)",SH.STA.MALN.ZS,43.2
Bangladesh,BGD,2000,"Prevalence of underweight, weight for age (% of children under 5)",SH.STA.MALN.ZS,42.4
Bangladesh,BGD,1999,"Prevalence of underweight, weight for age (% of children under 5)",SH.STA.MALN.ZS,49.5
Bangladesh,BGD,1998,"Prevalence of underweight, weight for age (% of children under 5)",SH.STA.MALN.ZS,50.7
Bangladesh,BGD,1997,"Prevalence of underweight, weight for age (% of children under 5)",SH.STA.MALN.ZS,53.6
Bangladesh,BGD,1996,"Prevalence of underweight, weight for age (% of children under 5)",SH.STA.MALN.ZS,54
Bangladesh,BGD,1995,"Prevalence of underweight, weight for age (% of children under 5)",SH.STA.MALN.ZS,55.2
Bangladesh,BGD,1994,"Prevalence of underweight, weight for age (% of children under 5)",SH.STA.MALN.ZS,58
Bangladesh,BGD,1993,"Prevalence of underweight, weight for age (% of children under 5)",SH.STA.MALN.ZS,56.1
Bangladesh,BGD,1992,"Prevalence of underweight, weight for age (% of children under 5)",SH.STA.MALN.ZS,60.6
Bangladesh,BGD,1991,"Prevalence of underweight, weight for age (% of children under 5)",SH.STA.MALN.ZS,61.2
Bangladesh,BGD,1990,"Prevalence of underweight, weight for age (% of children under 5)",SH.STA.MALN.ZS,61.5
Bangladesh,BGD,1986,"Prevalence of underweight, weight for age (% of children under 5)",SH.STA.MALN.ZS,66.8
Bangladesh,BGD,2022,Poverty headcount ratio at $3.00 a day (2021 PPP) (% of population),SI.POV.DDAY,5.9
Bangladesh,BGD,2016,Poverty headcount ratio at $3.00 a day (2021 PPP) (% of population),SI.POV.DDAY,19.5
Bangladesh,BGD,2010,Poverty headcount ratio at $3.00 a day (2021 PPP) (% of population),SI.POV.DDAY,25.1
Bangladesh,BGD,2005,Poverty headcount ratio at $3.00 a day (2021 PPP) (% of population),SI.POV.DDAY,32.3
Bangladesh,BGD,2000,Poverty headcount ratio at $3.00 a day (2021 PPP) (% of population),SI.POV.DDAY,41.4
Bangladesh,BGD,1995,Poverty headcount ratio at $3.00 a day (2021 PPP) (% of population),SI.POV.DDAY,43.4
Bangladesh,BGD,1991,Poverty headcount ratio at $3.00 a day (2021 PPP) (% of population),SI.POV.DDAY,51.2
Bangladesh,BGD,1988,Poverty headcount ratio at $3.00 a day (2021 PPP) (% of population),SI.POV.DDAY,51.1
Bangladesh,BGD,1985,Poverty headcount ratio at $3.00 a day (2021 PPP) (% of population),SI.POV.DDAY,41.4
Bangladesh,BGD,1983,Poverty headcount ratio at $3.00 a day (2021 PPP) (% of population),SI.POV.DDAY,47.1
Bangladesh,BGD,2024,Population growth (annual %),SP.POP.GROW,1.21462115417186
Bangladesh,BGD,2023,Population growth (annual %),SP.POP.GROW,1.22171475464107
Bangladesh,BGD,2022,Population growth (annual %),SP.POP.GROW,1.02423384746683
Bangladesh,BGD,2021,Population growth (annual %),SP.POP.GROW,0.814977993693211
Bangladesh,BGD,2020,Population growth (annual %),SP.POP.GROW,0.836310836229073
Bangladesh,BGD,2019,Population growth (annual %),SP.POP.GROW,0.84641125179804
Bangladesh,BGD,2018,Population growth (annual %),SP.POP.GROW,0.820955197842845
Bangladesh,BGD,2017,Population growth (annual %),SP.POP.GROW,0.850917315689336
Bangladesh,BGD,2016,Population growth (annual %),SP.POP.GROW,0.892432416039535
Bangladesh,BGD,2015,Population growth (annual %),SP.POP.GROW,0.89381937776758
Bangladesh,BGD,2014,Population growth (annual %),SP.POP.GROW,0.911167733810249
Bangladesh,BGD,2013,Population growth (annual %),SP.POP.GROW,0.938408350120779
Bangladesh,BGD,2012,Population growth (annual %),SP.POP.GROW,0.958355912717609
Bangladesh,BGD,2011,Population growth (annual %),SP.POP.GROW,0.908525895582217
Bangladesh,BGD,2010,Population growth (annual %),SP.POP.GROW,0.876530534249878
Bangladesh,BGD,2009,Population growth (annual %),SP.POP.GROW,0.931892491457971
Bangladesh,BGD,2008,Population growth (annual %),SP.POP.GROW,0.9984405660693
Bangladesh,BGD,2007,Population growth (annual %),SP.POP.GROW,1.07564253185597
Bangladesh,BGD,2006,Population growth (annual %),SP.POP.GROW,1.16116775095831
Bangladesh,BGD,2005,Population growth (annual %),SP.POP.GROW,1.2606651625389
Bangladesh,BGD,2004,Population growth (annual %),SP.POP.GROW,1.36154790691024
Bangladesh,BGD,2003,Population growth (annual %),SP.POP.GROW,1.45530530506763
Bangladesh,BGD,2002,Population growth (annual %),SP.POP.GROW,1.54340635736975
Bangladesh,BGD,2001,Population growth (annual %),SP.POP.GROW,1.66689324749509
Bangladesh,BGD,2000,Population growth (annual %),SP.POP.GROW,1.82732806740512
Bangladesh,BGD,1999,Population growth (annual %),SP.POP.GROW,1.89951780093278
Bangladesh,BGD,1998,Population growth (annual %),SP.POP.GROW,1.88796139153147
Bangladesh,BGD,1997,Population growth (annual %),SP.POP.GROW,1.85349089461291
Bangladesh,BGD,1996,Population growth (annual %),SP.POP.GROW,1.82805195849607
Bangladesh,BGD,1995,Population growth (annual %),SP.POP.GROW,1.85825551797916
Bangladesh,BGD,1994,Population growth (annual %),SP.POP.GROW,1.85417955110796
Bangladesh,BGD,1993,Population growth (annual %),SP.POP.GROW,1.86277225280699
Bangladesh,BGD,1992,Population growth (annual %),SP.POP.GROW,1.8848730627462
Bangladesh,BGD,1991,Population growth (annual %),SP.POP.GROW,1.91061096227259
Bangladesh,BGD,1990,Population growth (annual %),SP.POP.GROW,1.9903336888239
Bangladesh,BGD,1989,Population growth (annual %),SP.POP.GROW,2.04742252381831
Bangladesh,BGD,1988,Population growth (annual %),SP.POP.GROW,2.12729956278453
Bangladesh,BGD,1987,Population growth (annual %),SP.POP.GROW,2.23879919175218
Bangladesh,BGD,1986,Population growth (annual %),SP.POP.GROW,2.34793582288977
Bangladesh,BGD,1985,Population growth (annual %),SP.POP.GROW,2.4627628154011
Bangladesh,BGD,1984,Population growth (annual %),SP.POP.GROW,2.5678961557477
Bangladesh,BGD,1983,Population growth (annual %),SP.POP.GROW,2.67956773551459
Bangladesh,BGD,1982,Population growth (annual %),SP.POP.GROW,2.74311077918066
Bangladesh,BGD,1981,Population growth (annual %),SP.POP.GROW,2.56483208942694
Bangladesh,BGD,1980,Population growth (annual %),SP.POP.GROW,2.39314899487113
Bangladesh,BGD,1979,Population growth (annual %),SP.POP.GROW,2.40897300494193
Bangladesh,BGD,1978,Population growth (annual %),SP.POP.GROW,2.44031003262387
Bangladesh,BGD,1977,Population growth (annual %),SP.POP.GROW,2.48827316770837
Bangladesh,BGD,1976,Population growth (annual %),SP.POP.GROW,2.53766860687182
Bangladesh,BGD,1975,Population growth (annual %),SP.POP.GROW,2.62225253859974
Bangladesh,BGD,1974,Population growth (annual %),SP.POP.GROW,2.83120108031118
Bangladesh,BGD,1973,Population growth (annual %),SP.POP.GROW,2.86304698541463
Bangladesh,BGD,1972,Population growth (annual %),SP.POP.GROW,1.92336477179015
Bangladesh,BGD,1971,Population growth (annual %),SP.POP.GROW,1.74814557140031
Bangladesh,BGD,1970,Population growth (annual %),SP.POP.GROW,2.5886620743881
Bangladesh,BGD,1969,Population growth (annual %),SP.POP.GROW,2.84242612307535
Bangladesh,BGD,1968,Population growth (annual %),SP.POP.GROW,2.94367934740019
Bangladesh,BGD,1967,Population growth (annual %),SP.POP.GROW,2.94175581030493
Bangladesh,BGD,1966,Population growth (annual %),SP.POP.GROW,2.90758855629955
Bangladesh,BGD,1965,Population growth (annual %),SP.POP.GROW,2.92048527314111
Bangladesh,BGD,1964,Population growth (annual %),SP.POP.GROW,2.91951583062664
Bangladesh,BGD,1963,Population growth (annual %),SP.POP.GROW,2.91486814980727
Bangladesh,BGD,1962,Population growth (annual %),SP.POP.GROW,2.90394064545035
Bangladesh,BGD,1961,Population growth (annual %),SP.POP.GROW,2.8187180554552
Bangladesh,BGD,2024,"Population, total",SP.POP.TOTL,173562364
Bangladesh,BGD,2023,"Population, total",SP.POP.TOTL,171466990
Bangladesh,BGD,2022,"Population, total",SP.POP.TOTL,169384897
Bangladesh,BGD,2021,"Population, total",SP.POP.TOTL,167658854
Bangladesh,BGD,2020,"Population, total",SP.POP.TOTL,166298024
Bangladesh,BGD,2019,"Population, total",SP.POP.TOTL,164913055
Bangladesh,BGD,2018,"Population, total",SP.POP.TOTL,163523103
Bangladesh,BGD,2017,"Population, total",SP.POP.TOTL,162186147
Bangladesh,BGD,2016,"Population, total",SP.POP.TOTL,160811932
Bangladesh,BGD,2015,"Population, total",SP.POP.TOTL,159383179
Bangladesh,BGD,2014,"Population, total",SP.POP.TOTL,157964929
Bangladesh,BGD,2013,"Population, total",SP.POP.TOTL,156532141
Bangladesh,BGD,2012,"Population, total",SP.POP.TOTL,155070101
Bangladesh,BGD,2011,"Population, total",SP.POP.TOTL,153591076
Bangladesh,BGD,2010,"Population, total",SP.POP.TOTL,152201981
Bangladesh,BGD,2009,"Population, total",SP.POP.TOTL,150873714
Bangladesh,BGD,2008,"Population, total",SP.POP.TOTL,149474264
Bangladesh,BGD,2007,"Population, total",SP.POP.TOTL,147989278
Bangladesh,BGD,2006,"Population, total",SP.POP.TOTL,146405973
Bangladesh,BGD,2005,"Population, total",SP.POP.TOTL,144715786
Bangladesh,BGD,2004,"Population, total",SP.POP.TOTL,142902856
Bangladesh,BGD,2003,"Population, total",SP.POP.TOTL,140970351
Bangladesh,BGD,2002,"Population, total",SP.POP.TOTL,138933658
Bangladesh,BGD,2001,"Population, total",SP.POP.TOTL,136805810
Bangladesh,BGD,2000,"Population, total",SP.POP.TOTL,134544304
Bangladesh,BGD,1999,"Population, total",SP.POP.TOTL,132108065
Bangladesh,BGD,1998,"Population, total",SP.POP.TOTL,129622332
Bangladesh,BGD,1997,"Population, total",SP.POP.TOTL,127198069
Bangladesh,BGD,1996,"Population, total",SP.POP.TOTL,124862179
Bangladesh,BGD,1995,"Population, total",SP.POP.TOTL,122600370
Bangladesh,BGD,1994,"Population, total",SP.POP.TOTL,120343179
Bangladesh,BGD,1993,"Population, total",SP.POP.TOTL,118132360
Bangladesh,BGD,1992,"Population, total",SP.POP.TOTL,115952192
Bangladesh,BGD,1991,"Population, total",SP.POP.TOTL,113787109
Bangladesh,BGD,1990,"Population, total",SP.POP.TOTL,111633717
Bangladesh,BGD,1989,"Population, total",SP.POP.TOTL,109433799
Bangladesh,BGD,1988,"Population, total",SP.POP.TOTL,107216008
Bangladesh,BGD,1987,"Population, total",SP.POP.TOTL,104959291
Bangladesh,BGD,1986,"Population, total",SP.POP.TOTL,102635572
Bangladesh,BGD,1985,"Population, total",SP.POP.TOTL,100253825
Bangladesh,BGD,1984,"Population, total",SP.POP.TOTL,97814966
Bangladesh,BGD,1983,"Population, total",SP.POP.TOTL,95335155
Bangladesh,BGD,1982,"Population, total",SP.POP.TOTL,92814507
Bangladesh,BGD,1981,"Population, total",SP.POP.TOTL,90303105
Bangladesh,BGD,1980,"Population, total",SP.POP.TOTL,88016432
Bangladesh,BGD,1979,"Population, total",SP.POP.TOTL,85935072
Bangladesh,BGD,1978,"Population, total",SP.POP.TOTL,83889655
Bangladesh,BGD,1977,"Population, total",SP.POP.TOTL,81867264
Bangladesh,BGD,1976,"Population, total",SP.POP.TOTL,79855318
Bangladesh,BGD,1975,"Population, total",SP.POP.TOTL,77854351
Bangladesh,BGD,1974,"Population, total",SP.POP.TOTL,75839348
Bangladesh,BGD,1973,"Population, total",SP.POP.TOTL,73722294
Bangladesh,BGD,1972,"Population, total",SP.POP.TOTL,71641519
Bangladesh,BGD,1971,"Population, total",SP.POP.TOTL,70276758
Bangladesh,BGD,1970,"Population, total",SP.POP.TOTL,69058894
Bangladesh,BGD,1969,"Population, total",SP.POP.TOTL,67294133
Bangladesh,BGD,1968,"Population, total",SP.POP.TOTL,65408276
Bangladesh,BGD,1967,"Population, total",SP.POP.TOTL,63510929
Bangladesh,BGD,1966,"Population, total",SP.POP.TOTL,61669806
Bangladesh,BGD,1965,"Population, total",SP.POP.TOTL,59902519
Bangladesh,BGD,1964,"Population, total",SP.POP.TOTL,58178374
Bangladesh,BGD,1963,"Population, total",SP.POP.TOTL,56504402
Bangladesh,BGD,1962,"Population, total",SP.POP.TOTL,54881146
Bangladesh,BGD,1961,"Population, total",SP.POP.TOTL,53310348
Bangladesh,BGD,1960,"Population, total",SP.POP.TOTL,51828660
Bangladesh,BGD,2024,Urban population growth (annual %),SP.URB.GROW,2.82015881681108
Bangladesh,BGD,2023,Urban population growth (annual %),SP.URB.GROW,2.73858385406151
Bangladesh,BGD,2022,Urban population growth (annual %),SP.URB.GROW,1.89472085102334
Bangladesh,BGD,2021,Urban population growth (annual %),SP.URB.GROW,1.7181839550393
Bangladesh,BGD,2020,Urban population growth (annual %),SP.URB.GROW,1.78580073795354
Bangladesh,BGD,2019,Urban population growth (annual %),SP.URB.GROW,1.84176302855583
Bangladesh,BGD,2018,Urban population growth (annual %),SP.URB.GROW,1.86177443141625
Bangladesh,BGD,2017,Urban population growth (annual %),SP.URB.GROW,1.93683060952504
Bangladesh,BGD,2016,Urban population growth (annual %),SP.URB.GROW,2.0230746254932
Bangladesh,BGD,2015,Urban population growth (annual %),SP.URB.GROW,2.06884580523583
Bangladesh,BGD,2014,Urban population growth (annual %),SP.URB.GROW,2.13023875711627
Bangladesh,BGD,2013,Urban population growth (annual %),SP.URB.GROW,2.20119341986716
Bangladesh,BGD,2012,Urban population growth (annual %),SP.URB.GROW,2.26174678800571
Bangladesh,BGD,2011,Urban population growth (annual %),SP.URB.GROW,2.28609018354601
Bangladesh,BGD,2010,Urban population growth (annual %),SP.URB.GROW,2.38215024620493
Bangladesh,BGD,2009,Urban population growth (annual %),SP.URB.GROW,2.55259258065882
Bangladesh,BGD,2008,Urban population growth (annual %),SP.URB.GROW,2.7127996000916
Bangladesh,BGD,2007,Urban population growth (annual %),SP.URB.GROW,2.86086990423088
Bangladesh,BGD,2006,Urban population growth (annual %),SP.URB.GROW,2.99286532012132
Bangladesh,BGD,2005,Urban population growth (annual %),SP.URB.GROW,3.11259205915081
Bangladesh,BGD,2004,Urban population growth (annual %),SP.URB.GROW,3.20545305759678
Bangladesh,BGD,2003,Urban population growth (annual %),SP.URB.GROW,3.26080093893616
Bangladesh,BGD,2002,Urban population growth (annual %),SP.URB.GROW,3.2723310409713
Bangladesh,BGD,2001,Urban population growth (annual %),SP.URB.GROW,3.30647108329831
Bangladesh,BGD,2000,Urban population growth (annual %),SP.URB.GROW,3.37231349221847
Bangladesh,BGD,1999,Urban population growth (annual %),SP.URB.GROW,3.3808327497565
Bangladesh,BGD,1998,Urban population growth (annual %),SP.URB.GROW,3.3314714907647
Bangladesh,BGD,1997,Urban population growth (annual %),SP.URB.GROW,3.28672397227284
Bangladesh,BGD,1996,Urban population growth (annual %),SP.URB.GROW,3.28019574444818
Bangladesh,BGD,1995,Urban population growth (annual %),SP.URB.GROW,3.36023154385928
Bangladesh,BGD,1994,Urban population growth (annual %),SP.URB.GROW,3.43882061867049
Bangladesh,BGD,1993,Urban population growth (annual %),SP.URB.GROW,3.56510475589688
Bangladesh,BGD,1992,Urban population growth (annual %),SP.URB.GROW,3.75048815018394
Bangladesh,BGD,1991,Urban population growth (annual %),SP.URB.GROW,3.92002492658142
Bangladesh,BGD,1990,Urban population growth (annual %),SP.URB.GROW,4.09435329632484
Bangladesh,BGD,1989,Urban population growth (annual %),SP.URB.GROW,4.25704917997747
Bangladesh,BGD,1988,Urban population growth (annual %),SP.URB.GROW,4.47041421134143
Bangladesh,BGD,1987,Urban population growth (annual %),SP.URB.GROW,4.74611119122594
Bangladesh,BGD,1986,Urban population growth (annual %),SP.URB.GROW,5.05356098612716
Bangladesh,BGD,1985,Urban population growth (annual %),SP.URB.GROW,5.40502925342994
Bangladesh,BGD,1984,Urban population growth (annual %),SP.URB.GROW,5.79038114965168
Bangladesh,BGD,1983,Urban population growth (annual %),SP.URB.GROW,6.23249241059362
Bangladesh,BGD,1982,Urban population growth (annual %),SP.URB.GROW,6.64857211745844
Bangladesh,BGD,1981,Urban population growth (annual %),SP.URB.GROW,7.34516638261486
Bangladesh,BGD,1980,Urban population growth (annual %),SP.URB.GROW,8.87914530263921
Bangladesh,BGD,1979,Urban population growth (annual %),SP.URB.GROW,10.3802085724919
Bangladesh,BGD,1978,Urban population growth (annual %),SP.URB.GROW,11.4745042359653
Bangladesh,BGD,1977,Urban population growth (annual %),SP.URB.GROW,11.9868586543656
Bangladesh,BGD,1976,Urban population growth (annual %),SP.URB.GROW,11.6277103100667
Bangladesh,BGD,1975,Urban population growth (annual %),SP.URB.GROW,9.92316208471876
Bangladesh,BGD,1974,Urban population growth (annual %),SP.URB.GROW,8.20610942046997
Bangladesh,BGD,1973,Urban population growth (annual %),SP.URB.GROW,7.70458753353445
Bangladesh,BGD,1972,Urban population growth (annual %),SP.URB.GROW,6.57352388911351
Bangladesh,BGD,1971,Urban population growth (annual %),SP.URB.GROW,6.20563916893144
Bangladesh,BGD,1970,Urban population growth (annual %),SP.URB.GROW,6.85618615407865
Bangladesh,BGD,1969,Urban population growth (annual %),SP.URB.GROW,6.92723744417291
Bangladesh,BGD,1968,Urban population growth (annual %),SP.URB.GROW,6.85772791426314
Bangladesh,BGD,1967,Urban population growth (annual %),SP.URB.GROW,6.70216655728122
Bangladesh,BGD,1966,Urban population growth (annual %),SP.URB.GROW,6.53673209930268
Bangladesh,BGD,1965,Urban population growth (annual %),SP.URB.GROW,6.44625378486837
Bangladesh,BGD,1964,Urban population growth (annual %),SP.URB.GROW,6.37543620568985
Bangladesh,BGD,1963,Urban population growth (annual %),SP.URB.GROW,6.34037790191946
Bangladesh,BGD,1962,Urban population growth (annual %),SP.URB.GROW,6.41313017812606
Bangladesh,BGD,1961,Urban population growth (annual %),SP.URB.GROW,5.99404818644028
Bangladesh,BGD,2024,Urban population,SP.URB.TOTL,56717264
Bangladesh,BGD,2023,Urban population,SP.URB.TOTL,55140091
Bangladesh,BGD,2022,Urban population,SP.URB.TOTL,53650523
Bangladesh,BGD,2021,Urban population,SP.URB.TOTL,52643565
Bangladesh,BGD,2020,Urban population,SP.URB.TOTL,51746778
Bangladesh,BGD,2019,Urban population,SP.URB.TOTL,50830886
Bangladesh,BGD,2018,Urban population,SP.URB.TOTL,49903270
Bangladesh,BGD,2017,Urban population,SP.URB.TOTL,48982779
Bangladesh,BGD,2016,Urban population,SP.URB.TOTL,48043194
Bangladesh,BGD,2015,Urban population,SP.URB.TOTL,47081010
Bangladesh,BGD,2014,Urban population,SP.URB.TOTL,46116983
Bangladesh,BGD,2013,Urban population,SP.URB.TOTL,45144971
Bangladesh,BGD,2012,Urban population,SP.URB.TOTL,44162100
Bangladesh,BGD,2011,Urban population,SP.URB.TOTL,43174476
Bangladesh,BGD,2010,Urban population,SP.URB.TOTL,42198665
Bangladesh,BGD,2009,Urban population,SP.URB.TOTL,41205308
Bangladesh,BGD,2008,Urban population,SP.URB.TOTL,40166815
Bangladesh,BGD,2007,Urban population,SP.URB.TOTL,39091817
Bangladesh,BGD,2006,Urban population,SP.URB.TOTL,37989297
Bangladesh,BGD,2005,Urban population,SP.URB.TOTL,36869174
Bangladesh,BGD,2004,Urban population,SP.URB.TOTL,35739263
Bangladesh,BGD,2003,Urban population,SP.URB.TOTL,34611824
Bangladesh,BGD,2002,Urban population,SP.URB.TOTL,33501404
Bangladesh,BGD,2001,Urban population,SP.URB.TOTL,32422870
Bangladesh,BGD,2000,Urban population,SP.URB.TOTL,31368347
Bangladesh,BGD,1999,Urban population,SP.URB.TOTL,30328146
Bangladesh,BGD,1998,Urban population,SP.URB.TOTL,29319941
Bangladesh,BGD,1997,Urban population,SP.URB.TOTL,28359247
Bangladesh,BGD,1996,Urban population,SP.URB.TOTL,27442308
Bangladesh,BGD,1995,Urban population,SP.URB.TOTL,26556750
Bangladesh,BGD,1994,Urban population,SP.URB.TOTL,25679208
Bangladesh,BGD,1993,Urban population,SP.URB.TOTL,24811157
Bangladesh,BGD,1992,Urban population,SP.URB.TOTL,23942195
Bangladesh,BGD,1991,Urban population,SP.URB.TOTL,23060876
Bangladesh,BGD,1990,Urban population,SP.URB.TOTL,22174373
Bangladesh,BGD,1989,Urban population,SP.URB.TOTL,21284811
Bangladesh,BGD,1988,Urban population,SP.URB.TOTL,20397722
Bangladesh,BGD,1987,Urban population,SP.URB.TOTL,19505941
Bangladesh,BGD,1986,Urban population,SP.URB.TOTL,18601793
Bangladesh,BGD,1985,Urban population,SP.URB.TOTL,17685098
Bangladesh,BGD,1984,Urban population,SP.URB.TOTL,16754587
Bangladesh,BGD,1983,Urban population,SP.URB.TOTL,15811986
Bangladesh,BGD,1982,Urban population,SP.URB.TOTL,14856587
Bangladesh,BGD,1981,Urban population,SP.URB.TOTL,13900956
Bangladesh,BGD,1980,Urban population,SP.URB.TOTL,12916505
Bangladesh,BGD,1979,Urban population,SP.URB.TOTL,11819072
Bangladesh,BGD,1978,Urban population,SP.URB.TOTL,10653755
Bangladesh,BGD,1977,Urban population,SP.URB.TOTL,9498818
Bangladesh,BGD,1976,Urban population,SP.URB.TOTL,8425803
Bangladesh,BGD,1975,Urban population,SP.URB.TOTL,7500890
Bangladesh,BGD,1974,Urban population,SP.URB.TOTL,6792303
Bangladesh,BGD,1973,Urban population,SP.URB.TOTL,6257176
Bangladesh,BGD,1972,Urban population,SP.URB.TOTL,5793190
Bangladesh,BGD,1971,Urban population,SP.URB.TOTL,5424620
Bangladesh,BGD,1970,Urban population,SP.URB.TOTL,5098220
Bangladesh,BGD,1969,Urban population,SP.URB.TOTL,4760390
Bangladesh,BGD,1968,Urban population,SP.URB.TOTL,4441789
Bangladesh,BGD,1967,Urban population,SP.URB.TOTL,4147393
Bangladesh,BGD,1966,Urban population,SP.URB.TOTL,3878538
Bangladesh,BGD,1965,Urban population,SP.URB.TOTL,3633117
Bangladesh,BGD,1964,Urban population,SP.URB.TOTL,3406306
Bangladesh,BGD,1963,Urban population,SP.URB.TOTL,3195917
Bangladesh,BGD,1962,Urban population,SP.URB.TOTL,2999574
Bangladesh,BGD,1961,Urban population,SP.URB.TOTL,2813246
Bangladesh,BGD,1960,Urban population,SP.URB.TOTL,2649573
Bangladesh,BGD,2024,Urban population (% of total population),SP.URB.TOTL.IN.ZS,32.6783196323307
Bangladesh,BGD,2023,Urban population (% of total population),SP.URB.TOTL.IN.ZS,32.1578465036834
Bangladesh,BGD,2022,Urban population (% of total population),SP.URB.TOTL.IN.ZS,31.673734726234
Bangladesh,BGD,2021,Urban population (% of total population),SP.URB.TOTL.IN.ZS,31.3992156886061
Bangladesh,BGD,2020,Urban population (% of total population),SP.URB.TOTL.IN.ZS,31.1168927321524
Bangladesh,BGD,2019,Urban population (% of total population),SP.URB.TOTL.IN.ZS,30.8228396343012
Bangladesh,BGD,2018,Urban population (% of total population),SP.URB.TOTL.IN.ZS,30.5175656009959
Bangladesh,BGD,2017,Urban population (% of total population),SP.URB.TOTL.IN.ZS,30.2015798381799
Bangladesh,BGD,2016,Urban population (% of total population),SP.URB.TOTL.IN.ZS,29.8753915517965
Bangladesh,BGD,2015,Urban population (% of total population),SP.URB.TOTL.IN.ZS,29.5395099477892
Bangladesh,BGD,2014,Urban population (% of total population),SP.URB.TOTL.IN.ZS,29.1944442321013
Bangladesh,BGD,2013,Urban population (% of total population),SP.URB.TOTL.IN.ZS,28.8407036106763
Bangladesh,BGD,2012,Urban population (% of total population),SP.URB.TOTL.IN.ZS,28.4787972894576
Bangladesh,BGD,2011,Urban population (% of total population),SP.URB.TOTL.IN.ZS,28.1100162712427
Bangladesh,BGD,2010,Urban population (% of total population),SP.URB.TOTL.IN.ZS,27.7254372588696
Bangladesh,BGD,2009,Urban population (% of total population),SP.URB.TOTL.IN.ZS,27.3111249057412
Bangladesh,BGD,2008,Urban population (% of total population),SP.URB.TOTL.IN.ZS,26.87206041368
Bangladesh,BGD,2007,Urban population (% of total population),SP.URB.TOTL.IN.ZS,26.415303779311
Bangladesh,BGD,2006,Urban population (% of total population),SP.URB.TOTL.IN.ZS,25.9479149992596
Bangladesh,BGD,2005,Urban population (% of total population),SP.URB.TOTL.IN.ZS,25.4769540701509
Bangladesh,BGD,2004,Urban population (% of total population),SP.URB.TOTL.IN.ZS,25.0094809886101
Bangladesh,BGD,2003,Urban population (% of total population),SP.URB.TOTL.IN.ZS,24.5525557512625
Bangladesh,BGD,2002,Urban population (% of total population),SP.URB.TOTL.IN.ZS,24.1132383547332
Bangladesh,BGD,2001,Urban population (% of total population),SP.URB.TOTL.IN.ZS,23.6999214768623
Bangladesh,BGD,2000,Urban population (% of total population),SP.URB.TOTL.IN.ZS,23.3145114975244
Bangladesh,BGD,1999,Urban population (% of total population),SP.URB.TOTL.IN.ZS,22.957073677202
Bangladesh,BGD,1998,Urban population (% of total population),SP.URB.TOTL.IN.ZS,22.6195132518384
Bangladesh,BGD,1997,Urban population (% of total population),SP.URB.TOTL.IN.ZS,22.2953437419401
Bangladesh,BGD,1996,Urban population (% of total population),SP.URB.TOTL.IN.ZS,21.9780786680138
Bangladesh,BGD,1995,Urban population (% of total population),SP.URB.TOTL.IN.ZS,21.661231550566
Bangladesh,BGD,1994,Urban population (% of total population),SP.URB.TOTL.IN.ZS,21.3383159101032
Bangladesh,BGD,1993,Urban population (% of total population),SP.URB.TOTL.IN.ZS,21.002845267132
Bangladesh,BGD,1992,Urban population (% of total population),SP.URB.TOTL.IN.ZS,20.6483331421589
Bangladesh,BGD,1991,Urban population (% of total population),SP.URB.TOTL.IN.ZS,20.2666857869933
Bangladesh,BGD,1990,Urban population (% of total population),SP.URB.TOTL.IN.ZS,19.8635088474054
Bangladesh,BGD,1989,Urban population (% of total population),SP.URB.TOTL.IN.ZS,19.4499425490959
Bangladesh,BGD,1988,Urban population (% of total population),SP.URB.TOTL.IN.ZS,19.0248848378598
Bangladesh,BGD,1987,Urban population (% of total population),SP.URB.TOTL.IN.ZS,18.5842916375536
Bangladesh,BGD,1986,Urban population (% of total population),SP.URB.TOTL.IN.ZS,18.1241188720337
Bangladesh,BGD,1985,Urban population (% of total population),SP.URB.TOTL.IN.ZS,17.6403224651566
Bangladesh,BGD,1984,Urban population (% of total population),SP.URB.TOTL.IN.ZS,17.1288583407786
Bangladesh,BGD,1983,Urban population (% of total population),SP.URB.TOTL.IN.ZS,16.5856824227561
Bangladesh,BGD,1982,Urban population (% of total population),SP.URB.TOTL.IN.ZS,16.0067506349457
Bangladesh,BGD,1981,Urban population (% of total population),SP.URB.TOTL.IN.ZS,15.3936634620895
Bangladesh,BGD,1980,Urban population (% of total population),SP.URB.TOTL.IN.ZS,14.6751064590553
Bangladesh,BGD,1979,Urban population (% of total population),SP.URB.TOTL.IN.ZS,13.7534908225636
Bangladesh,BGD,1978,Urban population (% of total population),SP.URB.TOTL.IN.ZS,12.6997238964727
Bangladesh,BGD,1977,Urban population (% of total population),SP.URB.TOTL.IN.ZS,11.6027057458323
Bangladesh,BGD,1976,Urban population (% of total population),SP.URB.TOTL.IN.ZS,10.5513364356921
Bangladesh,BGD,1975,Urban population (% of total population),SP.URB.TOTL.IN.ZS,9.63451603110182
Bangladesh,BGD,1974,Urban population (% of total population),SP.URB.TOTL.IN.ZS,8.95617235414869
Bangladesh,BGD,1973,Urban population (% of total population),SP.URB.TOTL.IN.ZS,8.48749563319151
Bangladesh,BGD,1972,Urban population (% of total population),SP.URB.TOTL.IN.ZS,8.08635858939368
Bangladesh,BGD,1971,Urban population (% of total population),SP.URB.TOTL.IN.ZS,7.71893832688767
Bangladesh,BGD,1970,Urban population (% of total population),SP.URB.TOTL.IN.ZS,7.38242375568427
Bangladesh,BGD,1969,Urban population (% of total population),SP.URB.TOTL.IN.ZS,7.0740037857943
Bangladesh,BGD,1968,Urban population (% of total population),SP.URB.TOTL.IN.ZS,6.79086732722856
Bangladesh,BGD,1967,Urban population (% of total population),SP.URB.TOTL.IN.ZS,6.53020328999785
Bangladesh,BGD,1966,Urban population (% of total population),SP.URB.TOTL.IN.ZS,6.28920058411298
Bangladesh,BGD,1965,Urban population (% of total population),SP.URB.TOTL.IN.ZS,6.06504811958475
Bangladesh,BGD,1964,Urban population (% of total population),SP.URB.TOTL.IN.ZS,5.85493480642397
Bangladesh,BGD,1963,Urban population (% of total population),SP.URB.TOTL.IN.ZS,5.65604955464145
Bangladesh,BGD,1962,Urban population (% of total population),SP.URB.TOTL.IN.ZS,5.46558127424798
Bangladesh,BGD,1961,Urban population (% of total population),SP.URB.TOTL.IN.ZS,5.27711092017363
Bangladesh,BGD,1960,Urban population (% of total population),SP.URB.TOTL.IN.ZS,5.11217784881592
