Country Name,Country ISO3,Year,Indicator Name,Indicator Code,Value
Bangladesh,BGD,2023,Agricultural land (% of land area),AG.LND.AGRI.ZS,72.311124788429
Bangladesh,BGD,2022,Agricultural land (% of land area),AG.LND.AGRI.ZS,72.3706433287272
Bangladesh,BGD,2021,Agricultural land (% of land area),AG.LND.AGRI.ZS,72.3515402934624
Bangladesh,BGD,2020,Agricultural land (% of land area),AG.LND.AGRI.ZS,72.4437274333564
Bangladesh,BGD,2019,Agricultural land (% of land area),AG.LND.AGRI.ZS,72.1902127986479
Bangladesh,BGD,2018,Agricultural land (% of land area),AG.LND.AGRI.ZS,70.694476453868
Bangladesh,BGD,2017,Agricultural land (% of land area),AG.LND.AGRI.ZS,70.5794729968503
Bangladesh,BGD,2016,Agricultural land (% of land area),AG.LND.AGRI.ZS,70.6323269570562
Bangladesh,BGD,2015,Agricultural land (% of land area),AG.LND.AGRI.ZS,70.3867250518553
Bangladesh,BGD,2014,Agricultural land (% of land area),AG.LND.AGRI.ZS,69.900898824614
Bangladesh,BGD,2013,Agricultural land (% of land area),AG.LND.AGRI.ZS,69.9700391795345
Bangladesh,BGD,2012,Agricultural land (% of land area),AG.LND.AGRI.ZS,70.0622263194284
Bangladesh,BGD,2011,Agricultural land (% of land area),AG.LND.AGRI.ZS,70.1236844126911
Bangladesh,BGD,2010,Agricultural land (% of land area),AG.LND.AGRI.ZS,70.9917799800261
Bangladesh,BGD,2009,Agricultural land (% of land area),AG.LND.AGRI.ZS,71.0301912883153
Bangladesh,BGD,2008,Agricultural land (% of land area),AG.LND.AGRI.ZS,71.0839671199201
Bangladesh,BGD,2007,Agricultural land (% of land area),AG.LND.AGRI.ZS,71.1838365214719
Bangladesh,BGD,2006,Agricultural land (% of land area),AG.LND.AGRI.ZS,71.2913881846816
Bangladesh,BGD,2005,Agricultural land (% of land area),AG.LND.AGRI.ZS,71.5295382960744
Bangladesh,BGD,2004,Agricultural land (% of land area),AG.LND.AGRI.ZS,71.6217254359684
Bangladesh,BGD,2003,Agricultural land (% of land area),AG.LND.AGRI.ZS,71.6601367442575
Bangladesh,BGD,2002,Agricultural land (% of land area),AG.LND.AGRI.ZS,71.8521932857033
Bangladesh,BGD,2001,Agricultural land (% of land area),AG.LND.AGRI.ZS,72.2363063685949
Bangladesh,BGD,2000,Agricultural land (% of land area),AG.LND.AGRI.ZS,72.2132595836214
Bangladesh,BGD,1999,Agricultural land (% of land area),AG.LND.AGRI.ZS,72.873934086195
Bangladesh,BGD,1998,Agricultural land (% of land area),AG.LND.AGRI.ZS,72.4744564799877
Bangladesh,BGD,1997,Agricultural land (% of land area),AG.LND.AGRI.ZS,71.9443804255973
Bangladesh,BGD,1996,Agricultural land (% of land area),AG.LND.AGRI.ZS,71.6524544825997
Bangladesh,BGD,1995,Agricultural land (% of land area),AG.LND.AGRI.ZS,72.0135207805178
Bangladesh,BGD,1994,Agricultural land (% of land area),AG.LND.AGRI.ZS,71.8906045939925
Bangladesh,BGD,1993,Agricultural land (% of land area),AG.LND.AGRI.ZS,72.5666436198817
Bangladesh,BGD,1992,Agricultural land (% of land area),AG.LND.AGRI.ZS,73.3579165706384
Bangladesh,BGD,1991,Agricultural land (% of land area),AG.LND.AGRI.ZS,79.2809403088269
Bangladesh,BGD,1990,Agricultural land (% of land area),AG.LND.AGRI.ZS,79.7879695782438
Bangladesh,BGD,1989,Agricultural land (% of land area),AG.LND.AGRI.ZS,80.2258584927403
Bangladesh,BGD,1988,Agricultural land (% of land area),AG.LND.AGRI.ZS,80.102942306215
Bangladesh,BGD,1987,Agricultural land (% of land area),AG.LND.AGRI.ZS,77.7060766689713
Bangladesh,BGD,1986,Agricultural land (% of land area),AG.LND.AGRI.ZS,77.1375893062918
Bangladesh,BGD,1985,Agricultural land (% of land area),AG.LND.AGRI.ZS,77.0300376430821
Bangladesh,BGD,1984,Agricultural land (% of land area),AG.LND.AGRI.ZS,77.2835522777906
Bangladesh,BGD,1983,Agricultural land (% of land area),AG.LND.AGRI.ZS,76.5460551586387
Bangladesh,BGD,1982,Agricultural land (% of land area),AG.LND.AGRI.ZS,76.6536068218484
Bangladesh,BGD,1981,Agricultural land (% of land area),AG.LND.AGRI.ZS,76.6766536068218
Bangladesh,BGD,1980,Agricultural land (% of land area),AG.LND.AGRI.ZS,76.7227471767688
Bangladesh,BGD,1979,Agricultural land (% of land area),AG.LND.AGRI.ZS,76.6920181301375
Bangladesh,BGD,1978,Agricultural land (% of land area),AG.LND.AGRI.ZS,76.7227471767688
Bangladesh,BGD,1977,Agricultural land (% of land area),AG.LND.AGRI.ZS,76.7534762234002
Bangladesh,BGD,1976,Agricultural land (% of land area),AG.LND.AGRI.ZS,76.807252055005
Bangladesh,BGD,1975,Agricultural land (% of land area),AG.LND.AGRI.ZS,76.853345624952
Bangladesh,BGD,1974,Agricultural land (% of land area),AG.LND.AGRI.ZS,76.7381117000845
Bangladesh,BGD,1973,Agricultural land (% of land area),AG.LND.AGRI.ZS,76.7381117000845
Bangladesh,BGD,1972,Agricultural land (% of land area),AG.LND.AGRI.ZS,76.7534762234002
Bangladesh,BGD,1971,Agricultural land (% of land area),AG.LND.AGRI.ZS,74.4795267726819
Bangladesh,BGD,1970,Agricultural land (% of land area),AG.LND.AGRI.ZS,74.4948912959975
Bangladesh,BGD,1969,Agricultural land (% of land area),AG.LND.AGRI.ZS,74.3258815395252
Bangladesh,BGD,1968,Agricultural land (% of land area),AG.LND.AGRI.ZS,74.2797879695783
Bangladesh,BGD,1967,Agricultural land (% of land area),AG.LND.AGRI.ZS,74.4795267726819
Bangladesh,BGD,1966,Agricultural land (% of land area),AG.LND.AGRI.ZS,74.1338249980794
Bangladesh,BGD,1965,Agricultural land (% of land area),AG.LND.AGRI.ZS,74.0339555965276
Bangladesh,BGD,1964,Agricultural land (% of land area),AG.LND.AGRI.ZS,73.1351309825613
Bangladesh,BGD,1963,Agricultural land (% of land area),AG.LND.AGRI.ZS,72.827840516248
Bangladesh,BGD,1962,Agricultural land (% of land area),AG.LND.AGRI.ZS,72.8047937312745
Bangladesh,BGD,1961,Agricultural land (% of land area),AG.LND.AGRI.ZS,72.827840516248
Bangladesh,BGD,2023,Arable land (% of land area),AG.LND.ARBL.ZS,60.6277888905986
Bangladesh,BGD,2022,Arable land (% of land area),AG.LND.ARBL.ZS,60.7838169814218
Bangladesh,BGD,2021,Arable land (% of land area),AG.LND.ARBL.ZS,60.4908965199355
Bangladesh,BGD,2020,Arable land (% of land area),AG.LND.ARBL.ZS,60.613044480295
Bangladesh,BGD,2019,Arable land (% of land area),AG.LND.ARBL.ZS,60.3595298455865
Bangladesh,BGD,2018,Arable land (% of land area),AG.LND.ARBL.ZS,59.7088422831682
Bangladesh,BGD,2017,Arable land (% of land area),AG.LND.ARBL.ZS,59.8243066758854
Bangladesh,BGD,2016,Arable land (% of land area),AG.LND.ARBL.ZS,59.8771606360913
Bangladesh,BGD,2015,Arable land (% of land area),AG.LND.ARBL.ZS,59.6315587308904
Bangladesh,BGD,2014,Arable land (% of land area),AG.LND.ARBL.ZS,59.1457325036491
Bangladesh,BGD,2013,Arable land (% of land area),AG.LND.ARBL.ZS,59.2916954751479
Bangladesh,BGD,2012,Arable land (% of land area),AG.LND.ARBL.ZS,60.3441653222709
Bangladesh,BGD,2011,Arable land (% of land area),AG.LND.ARBL.ZS,60.4056234155335
Bangladesh,BGD,2010,Arable land (% of land area),AG.LND.ARBL.ZS,61.2737189828686
Bangladesh,BGD,2009,Arable land (% of land area),AG.LND.ARBL.ZS,61.3735883844204
Bangladesh,BGD,2008,Arable land (% of land area),AG.LND.ARBL.ZS,61.48114004763
Bangladesh,BGD,2007,Arable land (% of land area),AG.LND.ARBL.ZS,61.5810094491818
Bangladesh,BGD,2006,Arable land (% of land area),AG.LND.ARBL.ZS,62.0726741952831
Bangladesh,BGD,2005,Arable land (% of land area),AG.LND.ARBL.ZS,62.3108243066759
Bangladesh,BGD,2004,Arable land (% of land area),AG.LND.ARBL.ZS,62.5566566797265
Bangladesh,BGD,2003,Arable land (% of land area),AG.LND.ARBL.ZS,63.2096489206422
Bangladesh,BGD,2002,Arable land (% of land area),AG.LND.ARBL.ZS,63.401705462088
Bangladesh,BGD,2001,Arable land (% of land area),AG.LND.ARBL.ZS,63.7858185449796
Bangladesh,BGD,2000,Arable land (% of land area),AG.LND.ARBL.ZS,64.1468848428977
Bangladesh,BGD,1999,Arable land (% of land area),AG.LND.ARBL.ZS,64.8075593454713
Bangladesh,BGD,1998,Arable land (% of land area),AG.LND.ARBL.ZS,64.9458400553123
Bangladesh,BGD,1997,Arable land (% of land area),AG.LND.ARBL.ZS,64.454175309211
Bangladesh,BGD,1996,Arable land (% of land area),AG.LND.ARBL.ZS,64.2006606745026
Bangladesh,BGD,1995,Arable land (% of land area),AG.LND.ARBL.ZS,64.5617269724207
Bangladesh,BGD,1994,Arable land (% of land area),AG.LND.ARBL.ZS,64.592456019052
Bangladesh,BGD,1993,Arable land (% of land area),AG.LND.ARBL.ZS,65.3453176615196
Bangladesh,BGD,1992,Arable land (% of land area),AG.LND.ARBL.ZS,66.1365906122763
Bangladesh,BGD,1991,Arable land (% of land area),AG.LND.ARBL.ZS,72.0980256587539
Bangladesh,BGD,1990,Arable land (% of land area),AG.LND.ARBL.ZS,72.64346623646
Bangladesh,BGD,1989,Arable land (% of land area),AG.LND.ARBL.ZS,73.3886456172697
Bangladesh,BGD,1988,Arable land (% of land area),AG.LND.ARBL.ZS,73.2657294307444
Bangladesh,BGD,1987,Arable land (% of land area),AG.LND.ARBL.ZS,70.9456864100791
Bangladesh,BGD,1986,Arable land (% of land area),AG.LND.ARBL.ZS,70.3771990473996
Bangladesh,BGD,1985,Arable land (% of land area),AG.LND.ARBL.ZS,70.3080586924791
Bangladesh,BGD,1984,Arable land (% of land area),AG.LND.ARBL.ZS,70.5615733271875
Bangladesh,BGD,1983,Arable land (% of land area),AG.LND.ARBL.ZS,69.8240762080356
Bangladesh,BGD,1982,Arable land (% of land area),AG.LND.ARBL.ZS,69.9393101329031
Bangladesh,BGD,1981,Arable land (% of land area),AG.LND.ARBL.ZS,69.9777214411923
Bangladesh,BGD,1980,Arable land (% of land area),AG.LND.ARBL.ZS,70.0699085810863
Bangladesh,BGD,1979,Arable land (% of land area),AG.LND.ARBL.ZS,70.0468617961128
Bangladesh,BGD,1978,Arable land (% of land area),AG.LND.ARBL.ZS,70.1006376277176
Bangladesh,BGD,1977,Arable land (% of land area),AG.LND.ARBL.ZS,70.1467311976646
Bangladesh,BGD,1976,Arable land (% of land area),AG.LND.ARBL.ZS,70.2005070292694
Bangladesh,BGD,1975,Arable land (% of land area),AG.LND.ARBL.ZS,70.2466005992164
Bangladesh,BGD,1974,Arable land (% of land area),AG.LND.ARBL.ZS,70.1467311976646
Bangladesh,BGD,1973,Arable land (% of land area),AG.LND.ARBL.ZS,70.1467311976646
Bangladesh,BGD,1972,Arable land (% of land area),AG.LND.ARBL.ZS,70.1620957209803
Bangladesh,BGD,1971,Arable land (% of land area),AG.LND.ARBL.ZS,67.888146270262
Bangladesh,BGD,1970,Arable land (% of land area),AG.LND.ARBL.ZS,67.888146270262
Bangladesh,BGD,1969,Arable land (% of land area),AG.LND.ARBL.ZS,67.6807252055005
Bangladesh,BGD,1968,Arable land (% of land area),AG.LND.ARBL.ZS,67.8266881769993
Bangladesh,BGD,1967,Arable land (% of land area),AG.LND.ARBL.ZS,67.934239840209
Bangladesh,BGD,1966,Arable land (% of land area),AG.LND.ARBL.ZS,67.5885380656065
Bangladesh,BGD,1965,Arable land (% of land area),AG.LND.ARBL.ZS,67.427210570792
Bangladesh,BGD,1964,Arable land (% of land area),AG.LND.ARBL.ZS,66.374740723669
Bangladesh,BGD,1963,Arable land (% of land area),AG.LND.ARBL.ZS,66.1058615656449
Bangladesh,BGD,1962,Arable land (% of land area),AG.LND.ARBL.ZS,66.0444034723823
Bangladesh,BGD,1961,Arable land (% of land area),AG.LND.ARBL.ZS,66.1058615656449
Bangladesh,BGD,2015,Rural land area where elevation is below 5 meters (sq. km),AG.LND.EL5M.RU.K2,14600.8643894
Bangladesh,BGD,2000,Rural land area where elevation is below 5 meters (sq. km),AG.LND.EL5M.RU.K2,15196.240324
Bangladesh,BGD,1990,Rural land area where elevation is below 5 meters (sq. km),AG.LND.EL5M.RU.K2,15854.7592761
Bangladesh,BGD,2015,Rural land area where elevation is below 5 meters (% of total land area),AG.LND.EL5M.RU.ZS,10.7123873680445
Bangladesh,BGD,2000,Rural land area where elevation is below 5 meters (% of total land area),AG.LND.EL5M.RU.ZS,11.1492038106136
Bangladesh,BGD,1990,Rural land area where elevation is below 5 meters (% of total land area),AG.LND.EL5M.RU.ZS,11.6323471311682
Bangladesh,BGD,2015,Urban land area where elevation is below 5 meters (sq. km),AG.LND.EL5M.UR.K2,7024.52142433
Bangladesh,BGD,2000,Urban land area where elevation is below 5 meters (sq. km),AG.LND.EL5M.UR.K2,6429.14548963
Bangladesh,BGD,1990,Urban land area where elevation is below 5 meters (sq. km),AG.LND.EL5M.UR.K2,5770.626537634
Bangladesh,BGD,2015,Urban land area where elevation is below 5 meters (% of total land area),AG.LND.EL5M.UR.ZS,5.15376299414032
Bangladesh,BGD,2000,Urban land area where elevation is below 5 meters (% of total land area),AG.LND.EL5M.UR.ZS,4.7169465514944
Bangladesh,BGD,1990,Urban land area where elevation is below 5 meters (% of total land area),AG.LND.EL5M.UR.ZS,4.23380323101328
Bangladesh,BGD,2015,Land area where elevation is below 5 meters (% of total land area),AG.LND.EL5M.ZS,15.8661503621848
Bangladesh,BGD,2000,Land area where elevation is below 5 meters (% of total land area),AG.LND.EL5M.ZS,15.866150362108
Bangladesh,BGD,1990,Land area where elevation is below 5 meters (% of total land area),AG.LND.EL5M.ZS,15.8661503621815
Bangladesh,BGD,2023,Forest area (sq. km),AG.LND.FRST.K2,18834
Bangladesh,BGD,2022,Forest area (sq. km),AG.LND.FRST.K2,18834
Bangladesh,BGD,2021,Forest area (sq. km),AG.LND.FRST.K2,18834
Bangladesh,BGD,2020,Forest area (sq. km),AG.LND.FRST.K2,18834
Bangladesh,BGD,2019,Forest area (sq. km),AG.LND.FRST.K2,18834
Bangladesh,BGD,2018,Forest area (sq. km),AG.LND.FRST.K2,18834
Bangladesh,BGD,2017,Forest area (sq. km),AG.LND.FRST.K2,18834
Bangladesh,BGD,2016,Forest area (sq. km),AG.LND.FRST.K2,18834
Bangladesh,BGD,2015,Forest area (sq. km),AG.LND.FRST.K2,18834
Bangladesh,BGD,2014,Forest area (sq. km),AG.LND.FRST.K2,18843.884
Bangladesh,BGD,2013,Forest area (sq. km),AG.LND.FRST.K2,18853.768
Bangladesh,BGD,2012,Forest area (sq. km),AG.LND.FRST.K2,18863.652
Bangladesh,BGD,2011,Forest area (sq. km),AG.LND.FRST.K2,18873.536
Bangladesh,BGD,2010,Forest area (sq. km),AG.LND.FRST.K2,18883.42
Bangladesh,BGD,2009,Forest area (sq. km),AG.LND.FRST.K2,18915.406
Bangladesh,BGD,2008,Forest area (sq. km),AG.LND.FRST.K2,18947.393
Bangladesh,BGD,2007,Forest area (sq. km),AG.LND.FRST.K2,18979.379
Bangladesh,BGD,2006,Forest area (sq. km),AG.LND.FRST.K2,19011.365
Bangladesh,BGD,2005,Forest area (sq. km),AG.LND.FRST.K2,19043.351
Bangladesh,BGD,2004,Forest area (sq. km),AG.LND.FRST.K2,19075.337
Bangladesh,BGD,2003,Forest area (sq. km),AG.LND.FRST.K2,19107.323
Bangladesh,BGD,2002,Forest area (sq. km),AG.LND.FRST.K2,19139.309
Bangladesh,BGD,2001,Forest area (sq. km),AG.LND.FRST.K2,19171.295
Bangladesh,BGD,2000,Forest area (sq. km),AG.LND.FRST.K2,19203.281
Bangladesh,BGD,1999,Forest area (sq. km),AG.LND.FRST.K2,19203.283
Bangladesh,BGD,1998,Forest area (sq. km),AG.LND.FRST.K2,19203.285
Bangladesh,BGD,1997,Forest area (sq. km),AG.LND.FRST.K2,19203.287
Bangladesh,BGD,1996,Forest area (sq. km),AG.LND.FRST.K2,19203.289
Bangladesh,BGD,1995,Forest area (sq. km),AG.LND.FRST.K2,19203.29
Bangladesh,BGD,1994,Forest area (sq. km),AG.LND.FRST.K2,19203.292
Bangladesh,BGD,1993,Forest area (sq. km),AG.LND.FRST.K2,19203.294
Bangladesh,BGD,1992,Forest area (sq. km),AG.LND.FRST.K2,19203.296
Bangladesh,BGD,1991,Forest area (sq. km),AG.LND.FRST.K2,19203.298
Bangladesh,BGD,1990,Forest area (sq. km),AG.LND.FRST.K2,19203.3
Bangladesh,BGD,2023,Forest area (% of land area),AG.LND.FRST.ZS,14.4899215263887
Bangladesh,BGD,2022,Forest area (% of land area),AG.LND.FRST.ZS,14.458774758176
Bangladesh,BGD,2021,Forest area (% of land area),AG.LND.FRST.ZS,14.4687716063609
Bangladesh,BGD,2020,Forest area (% of land area),AG.LND.FRST.ZS,14.4687716063609
Bangladesh,BGD,2019,Forest area (% of land area),AG.LND.FRST.ZS,14.4687716063609
Bangladesh,BGD,2018,Forest area (% of land area),AG.LND.FRST.ZS,14.4687716063609
Bangladesh,BGD,2017,Forest area (% of land area),AG.LND.FRST.ZS,14.4687716063609
Bangladesh,BGD,2016,Forest area (% of land area),AG.LND.FRST.ZS,14.4687716063609
Bangladesh,BGD,2015,Forest area (% of land area),AG.LND.FRST.ZS,14.4687716063609
Bangladesh,BGD,2014,Forest area (% of land area),AG.LND.FRST.ZS,14.4763647537835
Bangladesh,BGD,2013,Forest area (% of land area),AG.LND.FRST.ZS,14.4839579012061
Bangladesh,BGD,2012,Forest area (% of land area),AG.LND.FRST.ZS,14.4915510486287
Bangladesh,BGD,2011,Forest area (% of land area),AG.LND.FRST.ZS,14.4991441960513
Bangladesh,BGD,2010,Forest area (% of land area),AG.LND.FRST.ZS,14.5067373434739
Bangladesh,BGD,2009,Forest area (% of land area),AG.LND.FRST.ZS,14.5313098256127
Bangladesh,BGD,2008,Forest area (% of land area),AG.LND.FRST.ZS,14.5558830759776
Bangladesh,BGD,2007,Forest area (% of land area),AG.LND.FRST.ZS,14.5804555581163
Bangladesh,BGD,2006,Forest area (% of land area),AG.LND.FRST.ZS,14.6050280402551
Bangladesh,BGD,2005,Forest area (% of land area),AG.LND.FRST.ZS,14.6296005223938
Bangladesh,BGD,2004,Forest area (% of land area),AG.LND.FRST.ZS,14.6541730045325
Bangladesh,BGD,2003,Forest area (% of land area),AG.LND.FRST.ZS,14.6787454866713
Bangladesh,BGD,2002,Forest area (% of land area),AG.LND.FRST.ZS,14.70331796881
Bangladesh,BGD,2001,Forest area (% of land area),AG.LND.FRST.ZS,14.7278904509488
Bangladesh,BGD,2000,Forest area (% of land area),AG.LND.FRST.ZS,14.7524629330875
Bangladesh,BGD,1999,Forest area (% of land area),AG.LND.FRST.ZS,14.7524644695398
Bangladesh,BGD,1998,Forest area (% of land area),AG.LND.FRST.ZS,14.7524660059922
Bangladesh,BGD,1997,Forest area (% of land area),AG.LND.FRST.ZS,14.7524675424445
Bangladesh,BGD,1996,Forest area (% of land area),AG.LND.FRST.ZS,14.7524690788968
Bangladesh,BGD,1995,Forest area (% of land area),AG.LND.FRST.ZS,14.752469847123
Bangladesh,BGD,1994,Forest area (% of land area),AG.LND.FRST.ZS,14.7524713835753
Bangladesh,BGD,1993,Forest area (% of land area),AG.LND.FRST.ZS,14.7524729200277
Bangladesh,BGD,1992,Forest area (% of land area),AG.LND.FRST.ZS,14.75247445648
Bangladesh,BGD,1991,Forest area (% of land area),AG.LND.FRST.ZS,14.7524759929323
Bangladesh,BGD,1990,Forest area (% of land area),AG.LND.FRST.ZS,14.7524775293847
Bangladesh,BGD,2022,Average precipitation in depth (mm per year),AG.LND.PRCP.MM,2666
Bangladesh,BGD,2021,Average precipitation in depth (mm per year),AG.LND.PRCP.MM,2666
Bangladesh,BGD,2020,Average precipitation in depth (mm per year),AG.LND.PRCP.MM,2666
Bangladesh,BGD,2019,Average precipitation in depth (mm per year),AG.LND.PRCP.MM,2666
Bangladesh,BGD,2018,Average precipitation in depth (mm per year),AG.LND.PRCP.MM,2666
Bangladesh,BGD,2017,Average precipitation in depth (mm per year),AG.LND.PRCP.MM,2666
Bangladesh,BGD,2016,Average precipitation in depth (mm per year),AG.LND.PRCP.MM,2666
Bangladesh,BGD,2015,Average precipitation in depth (mm per year),AG.LND.PRCP.MM,2666
Bangladesh,BGD,2014,Average precipitation in depth (mm per year),AG.LND.PRCP.MM,2666
Bangladesh,BGD,2013,Average precipitation in depth (mm per year),AG.LND.PRCP.MM,2666
Bangladesh,BGD,2012,Average precipitation in depth (mm per year),AG.LND.PRCP.MM,2666
Bangladesh,BGD,2011,Average precipitation in depth (mm per year),AG.LND.PRCP.MM,2666
Bangladesh,BGD,2010,Average precipitation in depth (mm per year),AG.LND.PRCP.MM,2666
Bangladesh,BGD,2009,Average precipitation in depth (mm per year),AG.LND.PRCP.MM,2666
Bangladesh,BGD,2008,Average precipitation in depth (mm per year),AG.LND.PRCP.MM,2666
Bangladesh,BGD,2007,Average precipitation in depth (mm per year),AG.LND.PRCP.MM,2666
Bangladesh,BGD,2006,Average precipitation in depth (mm per year),AG.LND.PRCP.MM,2666
Bangladesh,BGD,2005,Average precipitation in depth (mm per year),AG.LND.PRCP.MM,2666
Bangladesh,BGD,2004,Average precipitation in depth (mm per year),AG.LND.PRCP.MM,2666
Bangladesh,BGD,2003,Average precipitation in depth (mm per year),AG.LND.PRCP.MM,2666
Bangladesh,BGD,2002,Average precipitation in depth (mm per year),AG.LND.PRCP.MM,2666
Bangladesh,BGD,2001,Average precipitation in depth (mm per year),AG.LND.PRCP.MM,2666
Bangladesh,BGD,2000,Average precipitation in depth (mm per year),AG.LND.PRCP.MM,2666
Bangladesh,BGD,1999,Average precipitation in depth (mm per year),AG.LND.PRCP.MM,2666
Bangladesh,BGD,1998,Average precipitation in depth (mm per year),AG.LND.PRCP.MM,2666
Bangladesh,BGD,1997,Average precipitation in depth (mm per year),AG.LND.PRCP.MM,2666
Bangladesh,BGD,1996,Average precipitation in depth (mm per year),AG.LND.PRCP.MM,2666
Bangladesh,BGD,1995,Average precipitation in depth (mm per year),AG.LND.PRCP.MM,2666
Bangladesh,BGD,1994,Average precipitation in depth (mm per year),AG.LND.PRCP.MM,2666
Bangladesh,BGD,1993,Average precipitation in depth (mm per year),AG.LND.PRCP.MM,2666
Bangladesh,BGD,1992,Average precipitation in depth (mm per year),AG.LND.PRCP.MM,2666
Bangladesh,BGD,1991,Average precipitation in depth (mm per year),AG.LND.PRCP.MM,2666
Bangladesh,BGD,1990,Average precipitation in depth (mm per year),AG.LND.PRCP.MM,2666
Bangladesh,BGD,1989,Average precipitation in depth (mm per year),AG.LND.PRCP.MM,2666
Bangladesh,BGD,1988,Average precipitation in depth (mm per year),AG.LND.PRCP.MM,2666
Bangladesh,BGD,1987,Average precipitation in depth (mm per year),AG.LND.PRCP.MM,2666
Bangladesh,BGD,1986,Average precipitation in depth (mm per year),AG.LND.PRCP.MM,2666
Bangladesh,BGD,1985,Average precipitation in depth (mm per year),AG.LND.PRCP.MM,2666
Bangladesh,BGD,1984,Average precipitation in depth (mm per year),AG.LND.PRCP.MM,2666
Bangladesh,BGD,1983,Average precipitation in depth (mm per year),AG.LND.PRCP.MM,2666
Bangladesh,BGD,1982,Average precipitation in depth (mm per year),AG.LND.PRCP.MM,2666
Bangladesh,BGD,1981,Average precipitation in depth (mm per year),AG.LND.PRCP.MM,2666
Bangladesh,BGD,1980,Average precipitation in depth (mm per year),AG.LND.PRCP.MM,2666
Bangladesh,BGD,1979,Average precipitation in depth (mm per year),AG.LND.PRCP.MM,2666
Bangladesh,BGD,1978,Average precipitation in depth (mm per year),AG.LND.PRCP.MM,2666
Bangladesh,BGD,1977,Average precipitation in depth (mm per year),AG.LND.PRCP.MM,2666
Bangladesh,BGD,1976,Average precipitation in depth (mm per year),AG.LND.PRCP.MM,2666
Bangladesh,BGD,1975,Average precipitation in depth (mm per year),AG.LND.PRCP.MM,2666
Bangladesh,BGD,1974,Average precipitation in depth (mm per year),AG.LND.PRCP.MM,2666
Bangladesh,BGD,1973,Average precipitation in depth (mm per year),AG.LND.PRCP.MM,2666
Bangladesh,BGD,1972,Average precipitation in depth (mm per year),AG.LND.PRCP.MM,2666
Bangladesh,BGD,1971,Average precipitation in depth (mm per year),AG.LND.PRCP.MM,2666
Bangladesh,BGD,1970,Average precipitation in depth (mm per year),AG.LND.PRCP.MM,2666
Bangladesh,BGD,1969,Average precipitation in depth (mm per year),AG.LND.PRCP.MM,2666
Bangladesh,BGD,1968,Average precipitation in depth (mm per year),AG.LND.PRCP.MM,2666
Bangladesh,BGD,1967,Average precipitation in depth (mm per year),AG.LND.PRCP.MM,2666
Bangladesh,BGD,1966,Average precipitation in depth (mm per year),AG.LND.PRCP.MM,2666
Bangladesh,BGD,1965,Average precipitation in depth (mm per year),AG.LND.PRCP.MM,2666
Bangladesh,BGD,1964,Average precipitation in depth (mm per year),AG.LND.PRCP.MM,2666
Bangladesh,BGD,1963,Average precipitation in depth (mm per year),AG.LND.PRCP.MM,2666
Bangladesh,BGD,1962,Average precipitation in depth (mm per year),AG.LND.PRCP.MM,2666
Bangladesh,BGD,1961,Average precipitation in depth (mm per year),AG.LND.PRCP.MM,2666
Bangladesh,BGD,2023,Land area (sq. km),AG.LND.TOTL.K2,129980
Bangladesh,BGD,2022,Land area (sq. km),AG.LND.TOTL.K2,130260
Bangladesh,BGD,2021,Land area (sq. km),AG.LND.TOTL.K2,130170
Bangladesh,BGD,2020,Land area (sq. km),AG.LND.TOTL.K2,130170
Bangladesh,BGD,2019,Land area (sq. km),AG.LND.TOTL.K2,130170
Bangladesh,BGD,2018,Land area (sq. km),AG.LND.TOTL.K2,130170
Bangladesh,BGD,2017,Land area (sq. km),AG.LND.TOTL.K2,130170
Bangladesh,BGD,2016,Land area (sq. km),AG.LND.TOTL.K2,130170
Bangladesh,BGD,2015,Land area (sq. km),AG.LND.TOTL.K2,130170
Bangladesh,BGD,2014,Land area (sq. km),AG.LND.TOTL.K2,130170
Bangladesh,BGD,2013,Land area (sq. km),AG.LND.TOTL.K2,130170
Bangladesh,BGD,2012,Land area (sq. km),AG.LND.TOTL.K2,130170
Bangladesh,BGD,2011,Land area (sq. km),AG.LND.TOTL.K2,130170
Bangladesh,BGD,2010,Land area (sq. km),AG.LND.TOTL.K2,130170
Bangladesh,BGD,2009,Land area (sq. km),AG.LND.TOTL.K2,130170
Bangladesh,BGD,2008,Land area (sq. km),AG.LND.TOTL.K2,130170
Bangladesh,BGD,2007,Land area (sq. km),AG.LND.TOTL.K2,130170
Bangladesh,BGD,2006,Land area (sq. km),AG.LND.TOTL.K2,130170
Bangladesh,BGD,2005,Land area (sq. km),AG.LND.TOTL.K2,130170
Bangladesh,BGD,2004,Land area (sq. km),AG.LND.TOTL.K2,130170
Bangladesh,BGD,2003,Land area (sq. km),AG.LND.TOTL.K2,130170
Bangladesh,BGD,2002,Land area (sq. km),AG.LND.TOTL.K2,130170
Bangladesh,BGD,2001,Land area (sq. km),AG.LND.TOTL.K2,130170
Bangladesh,BGD,2000,Land area (sq. km),AG.LND.TOTL.K2,130170
Bangladesh,BGD,1999,Land area (sq. km),AG.LND.TOTL.K2,130170
Bangladesh,BGD,1998,Land area (sq. km),AG.LND.TOTL.K2,130170
Bangladesh,BGD,1997,Land area (sq. km),AG.LND.TOTL.K2,130170
Bangladesh,BGD,1996,Land area (sq. km),AG.LND.TOTL.K2,130170
Bangladesh,BGD,1995,Land area (sq. km),AG.LND.TOTL.K2,130170
Bangladesh,BGD,1994,Land area (sq. km),AG.LND.TOTL.K2,130170
Bangladesh,BGD,1993,Land area (sq. km),AG.LND.TOTL.K2,130170
Bangladesh,BGD,1992,Land area (sq. km),AG.LND.TOTL.K2,130170
Bangladesh,BGD,1991,Land area (sq. km),AG.LND.TOTL.K2,130170
Bangladesh,BGD,1990,Land area (sq. km),AG.LND.TOTL.K2,130170
Bangladesh,BGD,1989,Land area (sq. km),AG.LND.TOTL.K2,130170
Bangladesh,BGD,1988,Land area (sq. km),AG.LND.TOTL.K2,130170
Bangladesh,BGD,1987,Land area (sq. km),AG.LND.TOTL.K2,130170
Bangladesh,BGD,1986,Land area (sq. km),AG.LND.TOTL.K2,130170
Bangladesh,BGD,1985,Land area (sq. km),AG.LND.TOTL.K2,130170
Bangladesh,BGD,1984,Land area (sq. km),AG.LND.TOTL.K2,130170
Bangladesh,BGD,1983,Land area (sq. km),AG.LND.TOTL.K2,130170
Bangladesh,BGD,1982,Land area (sq. km),AG.LND.TOTL.K2,130170
Bangladesh,BGD,1981,Land area (sq. km),AG.LND.TOTL.K2,130170
Bangladesh,BGD,1980,Land area (sq. km),AG.LND.TOTL.K2,130170
Bangladesh,BGD,1979,Land area (sq. km),AG.LND.TOTL.K2,130170
Bangladesh,BGD,1978,Land area (sq. km),AG.LND.TOTL.K2,130170
Bangladesh,BGD,1977,Land area (sq. km),AG.LND.TOTL.K2,130170
Bangladesh,BGD,1976,Land area (sq. km),AG.LND.TOTL.K2,130170
Bangladesh,BGD,1975,Land area (sq. km),AG.LND.TOTL.K2,130170
Bangladesh,BGD,1974,Land area (sq. km),AG.LND.TOTL.K2,130170
Bangladesh,BGD,1973,Land area (sq. km),AG.LND.TOTL.K2,130170
Bangladesh,BGD,1972,Land area (sq. km),AG.LND.TOTL.K2,130170
Bangladesh,BGD,1971,Land area (sq. km),AG.LND.TOTL.K2,130170
Bangladesh,BGD,1970,Land area (sq. km),AG.LND.TOTL.K2,130170
Bangladesh,BGD,1969,Land area (sq. km),AG.LND.TOTL.K2,130170
Bangladesh,BGD,1968,Land area (sq. km),AG.LND.TOTL.K2,130170
Bangladesh,BGD,1967,Land area (sq. km),AG.LND.TOTL.K2,130170
Bangladesh,BGD,1966,Land area (sq. km),AG.LND.TOTL.K2,130170
Bangladesh,BGD,1965,Land area (sq. km),AG.LND.TOTL.K2,130170
Bangladesh,BGD,1964,Land area (sq. km),AG.LND.TOTL.K2,130170
Bangladesh,BGD,1963,Land area (sq. km),AG.LND.TOTL.K2,130170
Bangladesh,BGD,1962,Land area (sq. km),AG.LND.TOTL.K2,130170
Bangladesh,BGD,1961,Land area (sq. km),AG.LND.TOTL.K2,130170
Bangladesh,BGD,2015,Rural land area (sq. km),AG.LND.TOTL.RU.K2,79328.8629048
Bangladesh,BGD,2000,Rural land area (sq. km),AG.LND.TOTL.RU.K2,85189.6422014
Bangladesh,BGD,1990,Rural land area (sq. km),AG.LND.TOTL.RU.K2,90000.4742002
Bangladesh,BGD,2015,Urban land area (sq. km),AG.LND.TOTL.UR.K2,56970.02069378
Bangladesh,BGD,2000,Urban land area (sq. km),AG.LND.TOTL.UR.K2,51109.24139721
Bangladesh,BGD,1990,Urban land area (sq. km),AG.LND.TOTL.UR.K2,46298.409398434
Bangladesh,BGD,2023,Surface area (sq. km),AG.SRF.TOTL.K2,147570
Bangladesh,BGD,2022,Surface area (sq. km),AG.SRF.TOTL.K2,147570
Bangladesh,BGD,2021,Surface area (sq. km),AG.SRF.TOTL.K2,147570
Bangladesh,BGD,2020,Surface area (sq. km),AG.SRF.TOTL.K2,147570
Bangladesh,BGD,2019,Surface area (sq. km),AG.SRF.TOTL.K2,147570
Bangladesh,BGD,2018,Surface area (sq. km),AG.SRF.TOTL.K2,147570
Bangladesh,BGD,2017,Surface area (sq. km),AG.SRF.TOTL.K2,147977
Bangladesh,BGD,2016,Surface area (sq. km),AG.SRF.TOTL.K2,147630
Bangladesh,BGD,2015,Surface area (sq. km),AG.SRF.TOTL.K2,147630
Bangladesh,BGD,2014,Surface area (sq. km),AG.SRF.TOTL.K2,147630
Bangladesh,BGD,2013,Surface area (sq. km),AG.SRF.TOTL.K2,148460
Bangladesh,BGD,2012,Surface area (sq. km),AG.SRF.TOTL.K2,148460
Bangladesh,BGD,2011,Surface area (sq. km),AG.SRF.TOTL.K2,148460
Bangladesh,BGD,2010,Surface area (sq. km),AG.SRF.TOTL.K2,148460
Bangladesh,BGD,2009,Surface area (sq. km),AG.SRF.TOTL.K2,148460
Bangladesh,BGD,2008,Surface area (sq. km),AG.SRF.TOTL.K2,148460
Bangladesh,BGD,2007,Surface area (sq. km),AG.SRF.TOTL.K2,148460
Bangladesh,BGD,2006,Surface area (sq. km),AG.SRF.TOTL.K2,148460
Bangladesh,BGD,2005,Surface area (sq. km),AG.SRF.TOTL.K2,148460
Bangladesh,BGD,2004,Surface area (sq. km),AG.SRF.TOTL.K2,148460
Bangladesh,BGD,2003,Surface area (sq. km),AG.SRF.TOTL.K2,148460
Bangladesh,BGD,2002,Surface area (sq. km),AG.SRF.TOTL.K2,148460
Bangladesh,BGD,2001,Surface area (sq. km),AG.SRF.TOTL.K2,148460
Bangladesh,BGD,2000,Surface area (sq. km),AG.SRF.TOTL.K2,148460
Bangladesh,BGD,1999,Surface area (sq. km),AG.SRF.TOTL.K2,148460
Bangladesh,BGD,1998,Surface area (sq. km),AG.SRF.TOTL.K2,148460
Bangladesh,BGD,1997,Surface area (sq. km),AG.SRF.TOTL.K2,148460
Bangladesh,BGD,1996,Surface area (sq. km),AG.SRF.TOTL.K2,148460
Bangladesh,BGD,1995,Surface area (sq. km),AG.SRF.TOTL.K2,148460
Bangladesh,BGD,1994,Surface area (sq. km),AG.SRF.TOTL.K2,148460
Bangladesh,BGD,1993,Surface area (sq. km),AG.SRF.TOTL.K2,148460
Bangladesh,BGD,1992,Surface area (sq. km),AG.SRF.TOTL.K2,148460
Bangladesh,BGD,1991,Surface area (sq. km),AG.SRF.TOTL.K2,148460
Bangladesh,BGD,1990,Surface area (sq. km),AG.SRF.TOTL.K2,148460
Bangladesh,BGD,1989,Surface area (sq. km),AG.SRF.TOTL.K2,148460
Bangladesh,BGD,1988,Surface area (sq. km),AG.SRF.TOTL.K2,148460
Bangladesh,BGD,1987,Surface area (sq. km),AG.SRF.TOTL.K2,148460
Bangladesh,BGD,1986,Surface area (sq. km),AG.SRF.TOTL.K2,148460
Bangladesh,BGD,1985,Surface area (sq. km),AG.SRF.TOTL.K2,148460
Bangladesh,BGD,1984,Surface area (sq. km),AG.SRF.TOTL.K2,148460
Bangladesh,BGD,1983,Surface area (sq. km),AG.SRF.TOTL.K2,148460
Bangladesh,BGD,1982,Surface area (sq. km),AG.SRF.TOTL.K2,148460
Bangladesh,BGD,1981,Surface area (sq. km),AG.SRF.TOTL.K2,148460
Bangladesh,BGD,1980,Surface area (sq. km),AG.SRF.TOTL.K2,148460
Bangladesh,BGD,1979,Surface area (sq. km),AG.SRF.TOTL.K2,148460
Bangladesh,BGD,1978,Surface area (sq. km),AG.SRF.TOTL.K2,148460
Bangladesh,BGD,1977,Surface area (sq. km),AG.SRF.TOTL.K2,148460
Bangladesh,BGD,1976,Surface area (sq. km),AG.SRF.TOTL.K2,148460
Bangladesh,BGD,1975,Surface area (sq. km),AG.SRF.TOTL.K2,148460
Bangladesh,BGD,1974,Surface area (sq. km),AG.SRF.TOTL.K2,148460
Bangladesh,BGD,1973,Surface area (sq. km),AG.SRF.TOTL.K2,148460
Bangladesh,BGD,1972,Surface area (sq. km),AG.SRF.TOTL.K2,148460
Bangladesh,BGD,1971,Surface area (sq. km),AG.SRF.TOTL.K2,148460
Bangladesh,BGD,1970,Surface area (sq. km),AG.SRF.TOTL.K2,148460
Bangladesh,BGD,1969,Surface area (sq. km),AG.SRF.TOTL.K2,148460
Bangladesh,BGD,1968,Surface area (sq. km),AG.SRF.TOTL.K2,148460
Bangladesh,BGD,1967,Surface area (sq. km),AG.SRF.TOTL.K2,148460
Bangladesh,BGD,1966,Surface area (sq. km),AG.SRF.TOTL.K2,148460
Bangladesh,BGD,1965,Surface area (sq. km),AG.SRF.TOTL.K2,148460
Bangladesh,BGD,1964,Surface area (sq. km),AG.SRF.TOTL.K2,148460
Bangladesh,BGD,1963,Surface area (sq. km),AG.SRF.TOTL.K2,148460
Bangladesh,BGD,1962,Surface area (sq. km),AG.SRF.TOTL.K2,148460
Bangladesh,BGD,1961,Surface area (sq. km),AG.SRF.TOTL.K2,148460
Bangladesh,BGD,2023,"Access to clean fuels and technologies for cooking, rural (% of rural population)",EG.CFT.ACCS.RU.ZS,10.8
Bangladesh,BGD,2022,"Access to clean fuels and technologies for cooking, rural (% of rural population)",EG.CFT.ACCS.RU.ZS,9.9
Bangladesh,BGD,2021,"Access to clean fuels and technologies for cooking, rural (% of rural population)",EG.CFT.ACCS.RU.ZS,9
Bangladesh,BGD,2020,"Access to clean fuels and technologies for cooking, rural (% of rural population)",EG.CFT.ACCS.RU.ZS,8.1
Bangladesh,BGD,2019,"Access to clean fuels and technologies for cooking, rural (% of rural population)",EG.CFT.ACCS.RU.ZS,7.4
Bangladesh,BGD,2018,"Access to clean fuels and technologies for cooking, rural (% of rural population)",EG.CFT.ACCS.RU.ZS,6.7
Bangladesh,BGD,2017,"Access to clean fuels and technologies for cooking, rural (% of rural population)",EG.CFT.ACCS.RU.ZS,6
Bangladesh,BGD,2016,"Access to clean fuels and technologies for cooking, rural (% of rural population)",EG.CFT.ACCS.RU.ZS,5.3
Bangladesh,BGD,2015,"Access to clean fuels and technologies for cooking, rural (% of rural population)",EG.CFT.ACCS.RU.ZS,4.7
Bangladesh,BGD,2014,"Access to clean fuels and technologies for cooking, rural (% of rural population)",EG.CFT.ACCS.RU.ZS,4.1
Bangladesh,BGD,2013,"Access to clean fuels and technologies for cooking, rural (% of rural population)",EG.CFT.ACCS.RU.ZS,3.6
Bangladesh,BGD,2012,"Access to clean fuels and technologies for cooking, rural (% of rural population)",EG.CFT.ACCS.RU.ZS,3.2
Bangladesh,BGD,2011,"Access to clean fuels and technologies for cooking, rural (% of rural population)",EG.CFT.ACCS.RU.ZS,2.8
Bangladesh,BGD,2010,"Access to clean fuels and technologies for cooking, rural (% of rural population)",EG.CFT.ACCS.RU.ZS,2.4
Bangladesh,BGD,2009,"Access to clean fuels and technologies for cooking, rural (% of rural population)",EG.CFT.ACCS.RU.ZS,2.1
Bangladesh,BGD,2008,"Access to clean fuels and technologies for cooking, rural (% of rural population)",EG.CFT.ACCS.RU.ZS,1.9
Bangladesh,BGD,2007,"Access to clean fuels and technologies for cooking, rural (% of rural population)",EG.CFT.ACCS.RU.ZS,1.7
Bangladesh,BGD,2006,"Access to clean fuels and technologies for cooking, rural (% of rural population)",EG.CFT.ACCS.RU.ZS,1.5
Bangladesh,BGD,2005,"Access to clean fuels and technologies for cooking, rural (% of rural population)",EG.CFT.ACCS.RU.ZS,1.3
Bangladesh,BGD,2004,"Access to clean fuels and technologies for cooking, rural (% of rural population)",EG.CFT.ACCS.RU.ZS,1.2
Bangladesh,BGD,2003,"Access to clean fuels and technologies for cooking, rural (% of rural population)",EG.CFT.ACCS.RU.ZS,1
Bangladesh,BGD,2002,"Access to clean fuels and technologies for cooking, rural (% of rural population)",EG.CFT.ACCS.RU.ZS,0.9
Bangladesh,BGD,2001,"Access to clean fuels and technologies for cooking, rural (% of rural population)",EG.CFT.ACCS.RU.ZS,0.8
Bangladesh,BGD,2000,"Access to clean fuels and technologies for cooking, rural (% of rural population)",EG.CFT.ACCS.RU.ZS,0.7
Bangladesh,BGD,2023,"Access to clean fuels and technologies for cooking, urban (% of urban population)",EG.CFT.ACCS.UR.ZS,63.2
Bangladesh,BGD,2022,"Access to clean fuels and technologies for cooking, urban (% of urban population)",EG.CFT.ACCS.UR.ZS,62.3
Bangladesh,BGD,2021,"Access to clean fuels and technologies for cooking, urban (% of urban population)",EG.CFT.ACCS.UR.ZS,60.9
Bangladesh,BGD,2020,"Access to clean fuels and technologies for cooking, urban (% of urban population)",EG.CFT.ACCS.UR.ZS,59.5
Bangladesh,BGD,2019,"Access to clean fuels and technologies for cooking, urban (% of urban population)",EG.CFT.ACCS.UR.ZS,58.1
Bangladesh,BGD,2018,"Access to clean fuels and technologies for cooking, urban (% of urban population)",EG.CFT.ACCS.UR.ZS,56.9
Bangladesh,BGD,2017,"Access to clean fuels and technologies for cooking, urban (% of urban population)",EG.CFT.ACCS.UR.ZS,54.8
Bangladesh,BGD,2016,"Access to clean fuels and technologies for cooking, urban (% of urban population)",EG.CFT.ACCS.UR.ZS,53.2
Bangladesh,BGD,2015,"Access to clean fuels and technologies for cooking, urban (% of urban population)",EG.CFT.ACCS.UR.ZS,51.3
Bangladesh,BGD,2014,"Access to clean fuels and technologies for cooking, urban (% of urban population)",EG.CFT.ACCS.UR.ZS,49.35
Bangladesh,BGD,2013,"Access to clean fuels and technologies for cooking, urban (% of urban population)",EG.CFT.ACCS.UR.ZS,47.2
Bangladesh,BGD,2012,"Access to clean fuels and technologies for cooking, urban (% of urban population)",EG.CFT.ACCS.UR.ZS,45.4
Bangladesh,BGD,2011,"Access to clean fuels and technologies for cooking, urban (% of urban population)",EG.CFT.ACCS.UR.ZS,43.6
Bangladesh,BGD,2010,"Access to clean fuels and technologies for cooking, urban (% of urban population)",EG.CFT.ACCS.UR.ZS,41.8
Bangladesh,BGD,2009,"Access to clean fuels and technologies for cooking, urban (% of urban population)",EG.CFT.ACCS.UR.ZS,40.4
Bangladesh,BGD,2008,"Access to clean fuels and technologies for cooking, urban (% of urban population)",EG.CFT.ACCS.UR.ZS,39.1
Bangladesh,BGD,2007,"Access to clean fuels and technologies for cooking, urban (% of urban population)",EG.CFT.ACCS.UR.ZS,38.3
Bangladesh,BGD,2006,"Access to clean fuels and technologies for cooking, urban (% of urban population)",EG.CFT.ACCS.UR.ZS,37.2
Bangladesh,BGD,2005,"Access to clean fuels and technologies for cooking, urban (% of urban population)",EG.CFT.ACCS.UR.ZS,36.5
Bangladesh,BGD,2004,"Access to clean fuels and technologies for cooking, urban (% of urban population)",EG.CFT.ACCS.UR.ZS,35.8
Bangladesh,BGD,2003,"Access to clean fuels and technologies for cooking, urban (% of urban population)",EG.CFT.ACCS.UR.ZS,35.4
Bangladesh,BGD,2002,"Access to clean fuels and technologies for cooking, urban (% of urban population)",EG.CFT.ACCS.UR.ZS,34.7
Bangladesh,BGD,2001,"Access to clean fuels and technologies for cooking, urban (% of urban population)",EG.CFT.ACCS.UR.ZS,34.2
Bangladesh,BGD,2000,"Access to clean fuels and technologies for cooking, urban (% of urban population)",EG.CFT.ACCS.UR.ZS,34.1
Bangladesh,BGD,2023,Access to clean fuels and technologies for cooking (% of population),EG.CFT.ACCS.ZS,28.4
Bangladesh,BGD,2022,Access to clean fuels and technologies for cooking (% of population),EG.CFT.ACCS.ZS,27.2
Bangladesh,BGD,2021,Access to clean fuels and technologies for cooking (% of population),EG.CFT.ACCS.ZS,25.9
Bangladesh,BGD,2020,Access to clean fuels and technologies for cooking (% of population),EG.CFT.ACCS.ZS,24.6
Bangladesh,BGD,2019,Access to clean fuels and technologies for cooking (% of population),EG.CFT.ACCS.ZS,23.1
Bangladesh,BGD,2018,Access to clean fuels and technologies for cooking (% of population),EG.CFT.ACCS.ZS,22
Bangladesh,BGD,2017,Access to clean fuels and technologies for cooking (% of population),EG.CFT.ACCS.ZS,20.6
Bangladesh,BGD,2016,Access to clean fuels and technologies for cooking (% of population),EG.CFT.ACCS.ZS,19.4
Bangladesh,BGD,2015,Access to clean fuels and technologies for cooking (% of population),EG.CFT.ACCS.ZS,18.1
Bangladesh,BGD,2014,Access to clean fuels and technologies for cooking (% of population),EG.CFT.ACCS.ZS,16.8
Bangladesh,BGD,2013,Access to clean fuels and technologies for cooking (% of population),EG.CFT.ACCS.ZS,15.5
Bangladesh,BGD,2012,Access to clean fuels and technologies for cooking (% of population),EG.CFT.ACCS.ZS,14.5
Bangladesh,BGD,2011,Access to clean fuels and technologies for cooking (% of population),EG.CFT.ACCS.ZS,13.4
Bangladesh,BGD,2010,Access to clean fuels and technologies for cooking (% of population),EG.CFT.ACCS.ZS,12.6
Bangladesh,BGD,2009,Access to clean fuels and technologies for cooking (% of population),EG.CFT.ACCS.ZS,11.7
Bangladesh,BGD,2008,Access to clean fuels and technologies for cooking (% of population),EG.CFT.ACCS.ZS,11
Bangladesh,BGD,2007,Access to clean fuels and technologies for cooking (% of population),EG.CFT.ACCS.ZS,10.4
Bangladesh,BGD,2006,Access to clean fuels and technologies for cooking (% of population),EG.CFT.ACCS.ZS,10
Bangladesh,BGD,2005,Access to clean fuels and technologies for cooking (% of population),EG.CFT.ACCS.ZS,9.4
Bangladesh,BGD,2004,Access to clean fuels and technologies for cooking (% of population),EG.CFT.ACCS.ZS,9.1
Bangladesh,BGD,2003,Access to clean fuels and technologies for cooking (% of population),EG.CFT.ACCS.ZS,8.7
Bangladesh,BGD,2002,Access to clean fuels and technologies for cooking (% of population),EG.CFT.ACCS.ZS,8.3
Bangladesh,BGD,2001,Access to clean fuels and technologies for cooking (% of population),EG.CFT.ACCS.ZS,8
Bangladesh,BGD,2000,Access to clean fuels and technologies for cooking (% of population),EG.CFT.ACCS.ZS,7.7
Bangladesh,BGD,2021,Energy intensity level of primary energy (MJ/$2021 PPP GDP),EG.EGY.PRIM.PP.KD,1.93
Bangladesh,BGD,2020,Energy intensity level of primary energy (MJ/$2021 PPP GDP),EG.EGY.PRIM.PP.KD,1.9
Bangladesh,BGD,2019,Energy intensity level of primary energy (MJ/$2021 PPP GDP),EG.EGY.PRIM.PP.KD,1.95
Bangladesh,BGD,2018,Energy intensity level of primary energy (MJ/$2021 PPP GDP),EG.EGY.PRIM.PP.KD,1.96
Bangladesh,BGD,2017,Energy intensity level of primary energy (MJ/$2021 PPP GDP),EG.EGY.PRIM.PP.KD,2.12
Bangladesh,BGD,2016,Energy intensity level of primary energy (MJ/$2021 PPP GDP),EG.EGY.PRIM.PP.KD,2.2
Bangladesh,BGD,2015,Energy intensity level of primary energy (MJ/$2021 PPP GDP),EG.EGY.PRIM.PP.KD,2.17
Bangladesh,BGD,2014,Energy intensity level of primary energy (MJ/$2021 PPP GDP),EG.EGY.PRIM.PP.KD,2.16
Bangladesh,BGD,2013,Energy intensity level of primary energy (MJ/$2021 PPP GDP),EG.EGY.PRIM.PP.KD,2.22
Bangladesh,BGD,2012,Energy intensity level of primary energy (MJ/$2021 PPP GDP),EG.EGY.PRIM.PP.KD,2.21
Bangladesh,BGD,2011,Energy intensity level of primary energy (MJ/$2021 PPP GDP),EG.EGY.PRIM.PP.KD,2.25
Bangladesh,BGD,2010,Energy intensity level of primary energy (MJ/$2021 PPP GDP),EG.EGY.PRIM.PP.KD,2.32
Bangladesh,BGD,2009,Energy intensity level of primary energy (MJ/$2021 PPP GDP),EG.EGY.PRIM.PP.KD,2.33
Bangladesh,BGD,2008,Energy intensity level of primary energy (MJ/$2021 PPP GDP),EG.EGY.PRIM.PP.KD,2.33
Bangladesh,BGD,2007,Energy intensity level of primary energy (MJ/$2021 PPP GDP),EG.EGY.PRIM.PP.KD,2.36
Bangladesh,BGD,2006,Energy intensity level of primary energy (MJ/$2021 PPP GDP),EG.EGY.PRIM.PP.KD,2.41
Bangladesh,BGD,2005,Energy intensity level of primary energy (MJ/$2021 PPP GDP),EG.EGY.PRIM.PP.KD,2.42
Bangladesh,BGD,2004,Energy intensity level of primary energy (MJ/$2021 PPP GDP),EG.EGY.PRIM.PP.KD,2.45
Bangladesh,BGD,2003,Energy intensity level of primary energy (MJ/$2021 PPP GDP),EG.EGY.PRIM.PP.KD,2.53
Bangladesh,BGD,2002,Energy intensity level of primary energy (MJ/$2021 PPP GDP),EG.EGY.PRIM.PP.KD,2.52
Bangladesh,BGD,2001,Energy intensity level of primary energy (MJ/$2021 PPP GDP),EG.EGY.PRIM.PP.KD,2.58
Bangladesh,BGD,2000,Energy intensity level of primary energy (MJ/$2021 PPP GDP),EG.EGY.PRIM.PP.KD,2.45
Bangladesh,BGD,2023,Access to electricity (% of population),EG.ELC.ACCS.ZS,99.5
Bangladesh,BGD,2022,Access to electricity (% of population),EG.ELC.ACCS.ZS,99.4
Bangladesh,BGD,2021,Access to electricity (% of population),EG.ELC.ACCS.ZS,99
Bangladesh,BGD,2020,Access to electricity (% of population),EG.ELC.ACCS.ZS,96.2
Bangladesh,BGD,2019,Access to electricity (% of population),EG.ELC.ACCS.ZS,92.2
Bangladesh,BGD,2018,Access to electricity (% of population),EG.ELC.ACCS.ZS,86.9
Bangladesh,BGD,2017,Access to electricity (% of population),EG.ELC.ACCS.ZS,88
Bangladesh,BGD,2016,Access to electricity (% of population),EG.ELC.ACCS.ZS,75.9
Bangladesh,BGD,2015,Access to electricity (% of population),EG.ELC.ACCS.ZS,74
Bangladesh,BGD,2014,Access to electricity (% of population),EG.ELC.ACCS.ZS,62.4
Bangladesh,BGD,2013,Access to electricity (% of population),EG.ELC.ACCS.ZS,61.5
Bangladesh,BGD,2012,Access to electricity (% of population),EG.ELC.ACCS.ZS,65.5
Bangladesh,BGD,2011,Access to electricity (% of population),EG.ELC.ACCS.ZS,59.6
Bangladesh,BGD,2010,Access to electricity (% of population),EG.ELC.ACCS.ZS,55.3
Bangladesh,BGD,2009,Access to electricity (% of population),EG.ELC.ACCS.ZS,57.1
Bangladesh,BGD,2008,Access to electricity (% of population),EG.ELC.ACCS.ZS,54.3
Bangladesh,BGD,2007,Access to electricity (% of population),EG.ELC.ACCS.ZS,46.5
Bangladesh,BGD,2006,Access to electricity (% of population),EG.ELC.ACCS.ZS,50.5
Bangladesh,BGD,2005,Access to electricity (% of population),EG.ELC.ACCS.ZS,44.2
Bangladesh,BGD,2004,Access to electricity (% of population),EG.ELC.ACCS.ZS,40.6
Bangladesh,BGD,2003,Access to electricity (% of population),EG.ELC.ACCS.ZS,40.5
Bangladesh,BGD,2002,Access to electricity (% of population),EG.ELC.ACCS.ZS,37.8
Bangladesh,BGD,2001,Access to electricity (% of population),EG.ELC.ACCS.ZS,35
Bangladesh,BGD,2000,Access to electricity (% of population),EG.ELC.ACCS.ZS,32
Bangladesh,BGD,1999,Access to electricity (% of population),EG.ELC.ACCS.ZS,29.5402145385742
Bangladesh,BGD,1998,Access to electricity (% of population),EG.ELC.ACCS.ZS,26.7461929321289
Bangladesh,BGD,1997,Access to electricity (% of population),EG.ELC.ACCS.ZS,22.4
Bangladesh,BGD,1996,Access to electricity (% of population),EG.ELC.ACCS.ZS,21.1443862915039
Bangladesh,BGD,1995,Access to electricity (% of population),EG.ELC.ACCS.ZS,18.3380451202393
Bangladesh,BGD,1994,Access to electricity (% of population),EG.ELC.ACCS.ZS,17.8
Bangladesh,BGD,1993,Access to electricity (% of population),EG.ELC.ACCS.ZS,12.7178802490234
Bangladesh,BGD,1992,Access to electricity (% of population),EG.ELC.ACCS.ZS,9.90541934967041
Bangladesh,BGD,1991,Access to electricity (% of population),EG.ELC.ACCS.ZS,14.29
Bangladesh,BGD,2022,"Electricity production from oil, gas and coal sources (% of total)",EG.ELC.FOSL.ZS,98.3771055614179
Bangladesh,BGD,2021,"Electricity production from oil, gas and coal sources (% of total)",EG.ELC.FOSL.ZS,98.6267845003399
Bangladesh,BGD,2020,"Electricity production from oil, gas and coal sources (% of total)",EG.ELC.FOSL.ZS,98.434741948682
Bangladesh,BGD,2019,"Electricity production from oil, gas and coal sources (% of total)",EG.ELC.FOSL.ZS,98.650554824149
Bangladesh,BGD,2018,"Electricity production from oil, gas and coal sources (% of total)",EG.ELC.FOSL.ZS,98.222587165235
Bangladesh,BGD,2017,"Electricity production from oil, gas and coal sources (% of total)",EG.ELC.FOSL.ZS,98.1805572553339
Bangladesh,BGD,2016,"Electricity production from oil, gas and coal sources (% of total)",EG.ELC.FOSL.ZS,98.1947626366616
Bangladesh,BGD,2015,"Electricity production from oil, gas and coal sources (% of total)",EG.ELC.FOSL.ZS,98.5341443278125
Bangladesh,BGD,2014,"Electricity production from oil, gas and coal sources (% of total)",EG.ELC.FOSL.ZS,98.4731328392246
Bangladesh,BGD,2013,"Electricity production from oil, gas and coal sources (% of total)",EG.ELC.FOSL.ZS,97.8564073762052
Bangladesh,BGD,2012,"Electricity production from oil, gas and coal sources (% of total)",EG.ELC.FOSL.ZS,97.9813122497176
Bangladesh,BGD,2011,"Electricity production from oil, gas and coal sources (% of total)",EG.ELC.FOSL.ZS,97.6268966763006
Bangladesh,BGD,2010,"Electricity production from oil, gas and coal sources (% of total)",EG.ELC.FOSL.ZS,97.994809519146
Bangladesh,BGD,2009,"Electricity production from oil, gas and coal sources (% of total)",EG.ELC.FOSL.ZS,98.7375772226699
Bangladesh,BGD,2008,"Electricity production from oil, gas and coal sources (% of total)",EG.ELC.FOSL.ZS,97.0138807885221
Bangladesh,BGD,2007,"Electricity production from oil, gas and coal sources (% of total)",EG.ELC.FOSL.ZS,97.4914554717224
Bangladesh,BGD,2006,"Electricity production from oil, gas and coal sources (% of total)",EG.ELC.FOSL.ZS,97.3828548212351
Bangladesh,BGD,2005,"Electricity production from oil, gas and coal sources (% of total)",EG.ELC.FOSL.ZS,97.0888468809074
Bangladesh,BGD,2004,"Electricity production from oil, gas and coal sources (% of total)",EG.ELC.FOSL.ZS,96.8847478225643
Bangladesh,BGD,2003,"Electricity production from oil, gas and coal sources (% of total)",EG.ELC.FOSL.ZS,96.1038961038961
Bangladesh,BGD,2002,"Electricity production from oil, gas and coal sources (% of total)",EG.ELC.FOSL.ZS,95.8907045271899
Bangladesh,BGD,2001,"Electricity production from oil, gas and coal sources (% of total)",EG.ELC.FOSL.ZS,94.2904783808648
Bangladesh,BGD,2000,"Electricity production from oil, gas and coal sources (% of total)",EG.ELC.FOSL.ZS,95.1366432058842
Bangladesh,BGD,1999,"Electricity production from oil, gas and coal sources (% of total)",EG.ELC.FOSL.ZS,94.2352941176471
Bangladesh,BGD,1998,"Electricity production from oil, gas and coal sources (% of total)",EG.ELC.FOSL.ZS,93.2852041608446
Bangladesh,BGD,1997,"Electricity production from oil, gas and coal sources (% of total)",EG.ELC.FOSL.ZS,93.9365828976219
Bangladesh,BGD,1996,"Electricity production from oil, gas and coal sources (% of total)",EG.ELC.FOSL.ZS,93.5593515774795
Bangladesh,BGD,1995,"Electricity production from oil, gas and coal sources (% of total)",EG.ELC.FOSL.ZS,96.5574680732926
Bangladesh,BGD,1994,"Electricity production from oil, gas and coal sources (% of total)",EG.ELC.FOSL.ZS,91.3430089942764
Bangladesh,BGD,1993,"Electricity production from oil, gas and coal sources (% of total)",EG.ELC.FOSL.ZS,93.3956115576798
Bangladesh,BGD,1992,"Electricity production from oil, gas and coal sources (% of total)",EG.ELC.FOSL.ZS,91.0501461659546
Bangladesh,BGD,1991,"Electricity production from oil, gas and coal sources (% of total)",EG.ELC.FOSL.ZS,89.8669891172914
Bangladesh,BGD,1990,"Electricity production from oil, gas and coal sources (% of total)",EG.ELC.FOSL.ZS,88.5669943093637
Bangladesh,BGD,2021,Renewable electricity output (% of total electricity output),EG.ELC.RNEW.ZS,1.50701993704092
Bangladesh,BGD,2020,Renewable electricity output (% of total electricity output),EG.ELC.RNEW.ZS,1.47180977604856
Bangladesh,BGD,2019,Renewable electricity output (% of total electricity output),EG.ELC.RNEW.ZS,1.41951875125264
Bangladesh,BGD,2018,Renewable electricity output (% of total electricity output),EG.ELC.RNEW.ZS,1.58721571111815
Bangladesh,BGD,2017,Renewable electricity output (% of total electricity output),EG.ELC.RNEW.ZS,1.85101564738142
Bangladesh,BGD,2016,Renewable electricity output (% of total electricity output),EG.ELC.RNEW.ZS,1.82769857433809
Bangladesh,BGD,2015,Renewable electricity output (% of total electricity output),EG.ELC.RNEW.ZS,1.82584212662338
Bangladesh,BGD,2014,Renewable electricity output (% of total electricity output),EG.ELC.RNEW.ZS,1.51239107484746
Bangladesh,BGD,2013,Renewable electricity output (% of total electricity output),EG.ELC.RNEW.ZS,1.84805268109125
Bangladesh,BGD,2012,Renewable electricity output (% of total electricity output),EG.ELC.RNEW.ZS,2.1463599958928
Bangladesh,BGD,2011,Renewable electricity output (% of total electricity output),EG.ELC.RNEW.ZS,2.26185422687861
Bangladesh,BGD,2010,Renewable electricity output (% of total electricity output),EG.ELC.RNEW.ZS,2.19929487807267
Bangladesh,BGD,2009,Renewable electricity output (% of total electricity output),EG.ELC.RNEW.ZS,1.71259736771421
Bangladesh,BGD,2008,Renewable electricity output (% of total electricity output),EG.ELC.RNEW.ZS,2.17015630467748
Bangladesh,BGD,2007,Renewable electricity output (% of total electricity output),EG.ELC.RNEW.ZS,2.4493132133875
Bangladesh,BGD,2006,Renewable electricity output (% of total electricity output),EG.ELC.RNEW.ZS,3.2266048212351
Bangladesh,BGD,2005,Renewable electricity output (% of total electricity output),EG.ELC.RNEW.ZS,3.76710775047259
Bangladesh,BGD,2004,Renewable electricity output (% of total electricity output),EG.ELC.RNEW.ZS,4.326149483492
Bangladesh,BGD,2003,Renewable electricity output (% of total electricity output),EG.ELC.RNEW.ZS,5.71793831168831
Bangladesh,BGD,2002,Renewable electricity output (% of total electricity output),EG.ELC.RNEW.ZS,6.56881864452183
Bangladesh,BGD,2001,Renewable electricity output (% of total electricity output),EG.ELC.RNEW.ZS,7.43451011959522
Bangladesh,BGD,2000,Renewable electricity output (% of total electricity output),EG.ELC.RNEW.ZS,8.80736795383933
Bangladesh,BGD,1999,Renewable electricity output (% of total electricity output),EG.ELC.RNEW.ZS,5.76470588235294
Bangladesh,BGD,1998,Renewable electricity output (% of total electricity output),EG.ELC.RNEW.ZS,6.71479583915541
Bangladesh,BGD,1997,Renewable electricity output (% of total electricity output),EG.ELC.RNEW.ZS,6.06341710237814
Bangladesh,BGD,1996,Renewable electricity output (% of total electricity output),EG.ELC.RNEW.ZS,6.44064842252048
Bangladesh,BGD,1995,Renewable electricity output (% of total electricity output),EG.ELC.RNEW.ZS,3.44253192670738
Bangladesh,BGD,1994,Renewable electricity output (% of total electricity output),EG.ELC.RNEW.ZS,8.65699100572363
Bangladesh,BGD,1993,Renewable electricity output (% of total electricity output),EG.ELC.RNEW.ZS,6.60438844232023
Bangladesh,BGD,1992,Renewable electricity output (% of total electricity output),EG.ELC.RNEW.ZS,8.94985383404542
Bangladesh,BGD,1991,Renewable electricity output (% of total electricity output),EG.ELC.RNEW.ZS,10.1330108827086
Bangladesh,BGD,1990,Renewable electricity output (% of total electricity output),EG.ELC.RNEW.ZS,11.4330056906363
Bangladesh,BGD,2021,"Electricity production from renewable sources, excluding hydroelectric (kWh)",EG.ELC.RNWX.KH,742190000
Bangladesh,BGD,2020,"Electricity production from renewable sources, excluding hydroelectric (kWh)",EG.ELC.RNWX.KH,381910000
Bangladesh,BGD,2019,"Electricity production from renewable sources, excluding hydroelectric (kWh)",EG.ELC.RNWX.KH,436050000
Bangladesh,BGD,2018,"Electricity production from renewable sources, excluding hydroelectric (kWh)",EG.ELC.RNWX.KH,167710000
Bangladesh,BGD,2017,"Electricity production from renewable sources, excluding hydroelectric (kWh)",EG.ELC.RNWX.KH,316850000
Bangladesh,BGD,2016,"Electricity production from renewable sources, excluding hydroelectric (kWh)",EG.ELC.RNWX.KH,236360000
Bangladesh,BGD,2015,"Electricity production from renewable sources, excluding hydroelectric (kWh)",EG.ELC.RNWX.KH,479730000
Bangladesh,BGD,2014,"Electricity production from renewable sources, excluding hydroelectric (kWh)",EG.ELC.RNWX.KH,222230000
Bangladesh,BGD,2013,"Electricity production from renewable sources, excluding hydroelectric (kWh)",EG.ELC.RNWX.KH,34240000
Bangladesh,BGD,2012,"Electricity production from renewable sources, excluding hydroelectric (kWh)",EG.ELC.RNWX.KH,221170000
Bangladesh,BGD,2011,"Electricity production from renewable sources, excluding hydroelectric (kWh)",EG.ELC.RNWX.KH,77730000
Bangladesh,BGD,2010,"Electricity production from renewable sources, excluding hydroelectric (kWh)",EG.ELC.RNWX.KH,126280000
Bangladesh,BGD,2009,"Electricity production from renewable sources, excluding hydroelectric (kWh)",EG.ELC.RNWX.KH,195600000
Bangladesh,BGD,2008,"Electricity production from renewable sources, excluding hydroelectric (kWh)",EG.ELC.RNWX.KH,-262810000
Bangladesh,BGD,2007,"Electricity production from renewable sources, excluding hydroelectric (kWh)",EG.ELC.RNWX.KH,-7370000
Bangladesh,BGD,2006,"Electricity production from renewable sources, excluding hydroelectric (kWh)",EG.ELC.RNWX.KH,186010000
Bangladesh,BGD,2005,"Electricity production from renewable sources, excluding hydroelectric (kWh)",EG.ELC.RNWX.KH,229400000
Bangladesh,BGD,2004,"Electricity production from renewable sources, excluding hydroelectric (kWh)",EG.ELC.RNWX.KH,300910000
Bangladesh,BGD,2003,"Electricity production from renewable sources, excluding hydroelectric (kWh)",EG.ELC.RNWX.KH,360120000
Bangladesh,BGD,2002,"Electricity production from renewable sources, excluding hydroelectric (kWh)",EG.ELC.RNWX.KH,459070000
Bangladesh,BGD,2001,"Electricity production from renewable sources, excluding hydroelectric (kWh)",EG.ELC.RNWX.KH,300010000
Bangladesh,BGD,2000,"Electricity production from renewable sources, excluding hydroelectric (kWh)",EG.ELC.RNWX.KH,622010000
Bangladesh,BGD,1999,"Electricity production from renewable sources, excluding hydroelectric (kWh)",EG.ELC.RNWX.KH,0
Bangladesh,BGD,1998,"Electricity production from renewable sources, excluding hydroelectric (kWh)",EG.ELC.RNWX.KH,0
Bangladesh,BGD,1997,"Electricity production from renewable sources, excluding hydroelectric (kWh)",EG.ELC.RNWX.KH,0
Bangladesh,BGD,1996,"Electricity production from renewable sources, excluding hydroelectric (kWh)",EG.ELC.RNWX.KH,0
Bangladesh,BGD,1995,"Electricity production from renewable sources, excluding hydroelectric (kWh)",EG.ELC.RNWX.KH,0
Bangladesh,BGD,1994,"Electricity production from renewable sources, excluding hydroelectric (kWh)",EG.ELC.RNWX.KH,0
Bangladesh,BGD,1993,"Electricity production from renewable sources, excluding hydroelectric (kWh)",EG.ELC.RNWX.KH,0
Bangladesh,BGD,1992,"Electricity production from renewable sources, excluding hydroelectric (kWh)",EG.ELC.RNWX.KH,0
Bangladesh,BGD,1991,"Electricity production from renewable sources, excluding hydroelectric (kWh)",EG.ELC.RNWX.KH,0
Bangladesh,BGD,1990,"Electricity production from renewable sources, excluding hydroelectric (kWh)",EG.ELC.RNWX.KH,0
Bangladesh,BGD,2021,"Electricity production from renewable sources, excluding hydroelectric (% of total)",EG.ELC.RNWX.ZS,0.778793284365163
Bangladesh,BGD,2020,"Electricity production from renewable sources, excluding hydroelectric (% of total)",EG.ELC.RNWX.ZS,0.447563019301309
Bangladesh,BGD,2019,"Electricity production from renewable sources, excluding hydroelectric (% of total)",EG.ELC.RNWX.ZS,0.514082597469966
Bangladesh,BGD,2018,"Electricity production from renewable sources, excluding hydroelectric (% of total)",EG.ELC.RNWX.ZS,0.212492872980678
Bangladesh,BGD,2017,"Electricity production from renewable sources, excluding hydroelectric (% of total)",EG.ELC.RNWX.ZS,0.432246974885066
Bangladesh,BGD,2016,"Electricity production from renewable sources, excluding hydroelectric (% of total)",EG.ELC.RNWX.ZS,0.343846377654932
Bangladesh,BGD,2015,"Electricity production from renewable sources, excluding hydroelectric (% of total)",EG.ELC.RNWX.ZS,0.811231737012987
Bangladesh,BGD,2014,"Electricity production from renewable sources, excluding hydroelectric (% of total)",EG.ELC.RNWX.ZS,0.397641669797985
Bangladesh,BGD,2013,"Electricity production from renewable sources, excluding hydroelectric (% of total)",EG.ELC.RNWX.ZS,0.0644214487300094
Bangladesh,BGD,2012,"Electricity production from renewable sources, excluding hydroelectric (% of total)",EG.ELC.RNWX.ZS,0.454194475818873
Bangladesh,BGD,2011,"Electricity production from renewable sources, excluding hydroelectric (% of total)",EG.ELC.RNWX.ZS,0.175510296242775
Bangladesh,BGD,2010,"Electricity production from renewable sources, excluding hydroelectric (% of total)",EG.ELC.RNWX.ZS,0.309176378415434
Bangladesh,BGD,2009,"Electricity production from renewable sources, excluding hydroelectric (% of total)",EG.ELC.RNWX.ZS,0.525382755842063
Bangladesh,BGD,2008,"Electricity production from renewable sources, excluding hydroelectric (% of total)",EG.ELC.RNWX.ZS,-0.766388662078619
Bangladesh,BGD,2007,"Electricity production from renewable sources, excluding hydroelectric (% of total)",EG.ELC.RNWX.ZS,-0.023763461662475
Bangladesh,BGD,2006,"Electricity production from renewable sources, excluding hydroelectric (% of total)",EG.ELC.RNWX.ZS,0.62977383531961
Bangladesh,BGD,2005,"Electricity production from renewable sources, excluding hydroelectric (% of total)",EG.ELC.RNWX.ZS,0.867296786389414
Bangladesh,BGD,2004,"Electricity production from renewable sources, excluding hydroelectric (% of total)",EG.ELC.RNWX.ZS,1.21899939234353
Bangladesh,BGD,2003,"Electricity production from renewable sources, excluding hydroelectric (% of total)",EG.ELC.RNWX.ZS,1.82690746753247
Bangladesh,BGD,2002,"Electricity production from renewable sources, excluding hydroelectric (% of total)",EG.ELC.RNWX.ZS,2.45952317171176
Bangladesh,BGD,2001,"Electricity production from renewable sources, excluding hydroelectric (% of total)",EG.ELC.RNWX.ZS,1.72498850045998
Bangladesh,BGD,2000,"Electricity production from renewable sources, excluding hydroelectric (% of total)",EG.ELC.RNWX.ZS,3.94401115972354
Bangladesh,BGD,1999,"Electricity production from renewable sources, excluding hydroelectric (% of total)",EG.ELC.RNWX.ZS,0
Bangladesh,BGD,1998,"Electricity production from renewable sources, excluding hydroelectric (% of total)",EG.ELC.RNWX.ZS,0
Bangladesh,BGD,1997,"Electricity production from renewable sources, excluding hydroelectric (% of total)",EG.ELC.RNWX.ZS,0
Bangladesh,BGD,1996,"Electricity production from renewable sources, excluding hydroelectric (% of total)",EG.ELC.RNWX.ZS,0
Bangladesh,BGD,1995,"Electricity production from renewable sources, excluding hydroelectric (% of total)",EG.ELC.RNWX.ZS,0
Bangladesh,BGD,1994,"Electricity production from renewable sources, excluding hydroelectric (% of total)",EG.ELC.RNWX.ZS,0
Bangladesh,BGD,1993,"Electricity production from renewable sources, excluding hydroelectric (% of total)",EG.ELC.RNWX.ZS,0
Bangladesh,BGD,1992,"Electricity production from renewable sources, excluding hydroelectric (% of total)",EG.ELC.RNWX.ZS,0
Bangladesh,BGD,1991,"Electricity production from renewable sources, excluding hydroelectric (% of total)",EG.ELC.RNWX.ZS,0
Bangladesh,BGD,1990,"Electricity production from renewable sources, excluding hydroelectric (% of total)",EG.ELC.RNWX.ZS,0
Bangladesh,BGD,2021,Renewable energy consumption (% of total final energy consumption),EG.FEC.RNEW.ZS,25
Bangladesh,BGD,2020,Renewable energy consumption (% of total final energy consumption),EG.FEC.RNEW.ZS,27.2
Bangladesh,BGD,2019,Renewable energy consumption (% of total final energy consumption),EG.FEC.RNEW.ZS,26.1
Bangladesh,BGD,2018,Renewable energy consumption (% of total final energy consumption),EG.FEC.RNEW.ZS,27
Bangladesh,BGD,2017,Renewable energy consumption (% of total final energy consumption),EG.FEC.RNEW.ZS,28.1
Bangladesh,BGD,2016,Renewable energy consumption (% of total final energy consumption),EG.FEC.RNEW.ZS,30.2
Bangladesh,BGD,2015,Renewable energy consumption (% of total final energy consumption),EG.FEC.RNEW.ZS,33.1
Bangladesh,BGD,2014,Renewable energy consumption (% of total final energy consumption),EG.FEC.RNEW.ZS,35.4
Bangladesh,BGD,2013,Renewable energy consumption (% of total final energy consumption),EG.FEC.RNEW.ZS,37
Bangladesh,BGD,2012,Renewable energy consumption (% of total final energy consumption),EG.FEC.RNEW.ZS,37.3
Bangladesh,BGD,2011,Renewable energy consumption (% of total final energy consumption),EG.FEC.RNEW.ZS,38.4
Bangladesh,BGD,2010,Renewable energy consumption (% of total final energy consumption),EG.FEC.RNEW.ZS,40.3
Bangladesh,BGD,2009,Renewable energy consumption (% of total final energy consumption),EG.FEC.RNEW.ZS,43.1
Bangladesh,BGD,2008,Renewable energy consumption (% of total final energy consumption),EG.FEC.RNEW.ZS,45.2
Bangladesh,BGD,2007,Renewable energy consumption (% of total final energy consumption),EG.FEC.RNEW.ZS,47.2
Bangladesh,BGD,2006,Renewable energy consumption (% of total final energy consumption),EG.FEC.RNEW.ZS,48.6
Bangladesh,BGD,2005,Renewable energy consumption (% of total final energy consumption),EG.FEC.RNEW.ZS,50.6
Bangladesh,BGD,2004,Renewable energy consumption (% of total final energy consumption),EG.FEC.RNEW.ZS,52
Bangladesh,BGD,2003,Renewable energy consumption (% of total final energy consumption),EG.FEC.RNEW.ZS,52.6
Bangladesh,BGD,2002,Renewable energy consumption (% of total final energy consumption),EG.FEC.RNEW.ZS,54.4
Bangladesh,BGD,2001,Renewable energy consumption (% of total final energy consumption),EG.FEC.RNEW.ZS,55.9
Bangladesh,BGD,2000,Renewable energy consumption (% of total final energy consumption),EG.FEC.RNEW.ZS,60.2
Bangladesh,BGD,1999,Renewable energy consumption (% of total final energy consumption),EG.FEC.RNEW.ZS,60.5
Bangladesh,BGD,1998,Renewable energy consumption (% of total final energy consumption),EG.FEC.RNEW.ZS,60.2
Bangladesh,BGD,1997,Renewable energy consumption (% of total final energy consumption),EG.FEC.RNEW.ZS,60
Bangladesh,BGD,1996,Renewable energy consumption (% of total final energy consumption),EG.FEC.RNEW.ZS,62.1
Bangladesh,BGD,1995,Renewable energy consumption (% of total final energy consumption),EG.FEC.RNEW.ZS,63.8
Bangladesh,BGD,1994,Renewable energy consumption (% of total final energy consumption),EG.FEC.RNEW.ZS,69
Bangladesh,BGD,1993,Renewable energy consumption (% of total final energy consumption),EG.FEC.RNEW.ZS,70.5
Bangladesh,BGD,1992,Renewable energy consumption (% of total final energy consumption),EG.FEC.RNEW.ZS,71.6
Bangladesh,BGD,1991,Renewable energy consumption (% of total final energy consumption),EG.FEC.RNEW.ZS,73.1
Bangladesh,BGD,1990,Renewable energy consumption (% of total final energy consumption),EG.FEC.RNEW.ZS,71.7
Bangladesh,BGD,2020,"PM2.5 air pollution, mean annual exposure (micrograms per cubic meter)",EN.ATM.PM25.MC.M3,42.3813762359965
Bangladesh,BGD,2019,"PM2.5 air pollution, mean annual exposure (micrograms per cubic meter)",EN.ATM.PM25.MC.M3,50.3645265388691
Bangladesh,BGD,2018,"PM2.5 air pollution, mean annual exposure (micrograms per cubic meter)",EN.ATM.PM25.MC.M3,59.513577848333
Bangladesh,BGD,2017,"PM2.5 air pollution, mean annual exposure (micrograms per cubic meter)",EN.ATM.PM25.MC.M3,58.3439766448258
Bangladesh,BGD,2016,"PM2.5 air pollution, mean annual exposure (micrograms per cubic meter)",EN.ATM.PM25.MC.M3,63.6784141329752
Bangladesh,BGD,2015,"PM2.5 air pollution, mean annual exposure (micrograms per cubic meter)",EN.ATM.PM25.MC.M3,64.1084295201163
Bangladesh,BGD,2014,"PM2.5 air pollution, mean annual exposure (micrograms per cubic meter)",EN.ATM.PM25.MC.M3,68.3283645116627
Bangladesh,BGD,2013,"PM2.5 air pollution, mean annual exposure (micrograms per cubic meter)",EN.ATM.PM25.MC.M3,64.3758949024465
Bangladesh,BGD,2012,"PM2.5 air pollution, mean annual exposure (micrograms per cubic meter)",EN.ATM.PM25.MC.M3,65.1638389348551
Bangladesh,BGD,2011,"PM2.5 air pollution, mean annual exposure (micrograms per cubic meter)",EN.ATM.PM25.MC.M3,52.2951110557553
Bangladesh,BGD,2010,"PM2.5 air pollution, mean annual exposure (micrograms per cubic meter)",EN.ATM.PM25.MC.M3,42.1588186962047
Bangladesh,BGD,2009,"PM2.5 air pollution, mean annual exposure (micrograms per cubic meter)",EN.ATM.PM25.MC.M3,43.417784301366
Bangladesh,BGD,2008,"PM2.5 air pollution, mean annual exposure (micrograms per cubic meter)",EN.ATM.PM25.MC.M3,46.4359542477712
Bangladesh,BGD,2007,"PM2.5 air pollution, mean annual exposure (micrograms per cubic meter)",EN.ATM.PM25.MC.M3,50.0752382318021
Bangladesh,BGD,2006,"PM2.5 air pollution, mean annual exposure (micrograms per cubic meter)",EN.ATM.PM25.MC.M3,53.1975459498402
Bangladesh,BGD,2005,"PM2.5 air pollution, mean annual exposure (micrograms per cubic meter)",EN.ATM.PM25.MC.M3,54.6647870982674
Bangladesh,BGD,2004,"PM2.5 air pollution, mean annual exposure (micrograms per cubic meter)",EN.ATM.PM25.MC.M3,54.7139805852488
Bangladesh,BGD,2003,"PM2.5 air pollution, mean annual exposure (micrograms per cubic meter)",EN.ATM.PM25.MC.M3,54.4416560238779
Bangladesh,BGD,2002,"PM2.5 air pollution, mean annual exposure (micrograms per cubic meter)",EN.ATM.PM25.MC.M3,53.9989891679289
Bangladesh,BGD,2001,"PM2.5 air pollution, mean annual exposure (micrograms per cubic meter)",EN.ATM.PM25.MC.M3,53.5371557711762
Bangladesh,BGD,2000,"PM2.5 air pollution, mean annual exposure (micrograms per cubic meter)",EN.ATM.PM25.MC.M3,53.2073315873939
Bangladesh,BGD,1999,"PM2.5 air pollution, mean annual exposure (micrograms per cubic meter)",EN.ATM.PM25.MC.M3,53.0075828342462
Bangladesh,BGD,1998,"PM2.5 air pollution, mean annual exposure (micrograms per cubic meter)",EN.ATM.PM25.MC.M3,52.8404020429266
Bangladesh,BGD,1997,"PM2.5 air pollution, mean annual exposure (micrograms per cubic meter)",EN.ATM.PM25.MC.M3,52.7136044375034
Bangladesh,BGD,1996,"PM2.5 air pollution, mean annual exposure (micrograms per cubic meter)",EN.ATM.PM25.MC.M3,52.635005242045
Bangladesh,BGD,1995,"PM2.5 air pollution, mean annual exposure (micrograms per cubic meter)",EN.ATM.PM25.MC.M3,52.6124196806198
Bangladesh,BGD,1994,"PM2.5 air pollution, mean annual exposure (micrograms per cubic meter)",EN.ATM.PM25.MC.M3,52.6410482500516
Bangladesh,BGD,1993,"PM2.5 air pollution, mean annual exposure (micrograms per cubic meter)",EN.ATM.PM25.MC.M3,52.7113363021078
Bangladesh,BGD,1992,"PM2.5 air pollution, mean annual exposure (micrograms per cubic meter)",EN.ATM.PM25.MC.M3,52.8239663432718
Bangladesh,BGD,1991,"PM2.5 air pollution, mean annual exposure (micrograms per cubic meter)",EN.ATM.PM25.MC.M3,52.9796208800268
Bangladesh,BGD,1990,"PM2.5 air pollution, mean annual exposure (micrograms per cubic meter)",EN.ATM.PM25.MC.M3,53.1789824188564
Bangladesh,BGD,2017,"PM2.5 pollution, population exposed to levels exceeding WHO Interim Target-1 value (% of total)",EN.ATM.PM25.MC.T1.ZS,99.9528372649131
Bangladesh,BGD,2016,"PM2.5 pollution, population exposed to levels exceeding WHO Interim Target-1 value (% of total)",EN.ATM.PM25.MC.T1.ZS,99.9422471818151
Bangladesh,BGD,2015,"PM2.5 pollution, population exposed to levels exceeding WHO Interim Target-1 value (% of total)",EN.ATM.PM25.MC.T1.ZS,99.9998034716169
Bangladesh,BGD,2014,"PM2.5 pollution, population exposed to levels exceeding WHO Interim Target-1 value (% of total)",EN.ATM.PM25.MC.T1.ZS,99.9961939277367
Bangladesh,BGD,2013,"PM2.5 pollution, population exposed to levels exceeding WHO Interim Target-1 value (% of total)",EN.ATM.PM25.MC.T1.ZS,99.9998083414663
Bangladesh,BGD,2012,"PM2.5 pollution, population exposed to levels exceeding WHO Interim Target-1 value (% of total)",EN.ATM.PM25.MC.T1.ZS,100
Bangladesh,BGD,2011,"PM2.5 pollution, population exposed to levels exceeding WHO Interim Target-1 value (% of total)",EN.ATM.PM25.MC.T1.ZS,100
Bangladesh,BGD,2010,"PM2.5 pollution, population exposed to levels exceeding WHO Interim Target-1 value (% of total)",EN.ATM.PM25.MC.T1.ZS,100
Bangladesh,BGD,2005,"PM2.5 pollution, population exposed to levels exceeding WHO Interim Target-1 value (% of total)",EN.ATM.PM25.MC.T1.ZS,100
Bangladesh,BGD,2000,"PM2.5 pollution, population exposed to levels exceeding WHO Interim Target-1 value (% of total)",EN.ATM.PM25.MC.T1.ZS,99.996443700946
Bangladesh,BGD,1995,"PM2.5 pollution, population exposed to levels exceeding WHO Interim Target-1 value (% of total)",EN.ATM.PM25.MC.T1.ZS,99.9927358753137
Bangladesh,BGD,1990,"PM2.5 pollution, population exposed to levels exceeding WHO Interim Target-1 value (% of total)",EN.ATM.PM25.MC.T1.ZS,99.9929864008889
Bangladesh,BGD,2017,"PM2.5 pollution, population exposed to levels exceeding WHO Interim Target-2 value (% of total)",EN.ATM.PM25.MC.T2.ZS,100
Bangladesh,BGD,2016,"PM2.5 pollution, population exposed to levels exceeding WHO Interim Target-2 value (% of total)",EN.ATM.PM25.MC.T2.ZS,100
Bangladesh,BGD,2015,"PM2.5 pollution, population exposed to levels exceeding WHO Interim Target-2 value (% of total)",EN.ATM.PM25.MC.T2.ZS,100
Bangladesh,BGD,2014,"PM2.5 pollution, population exposed to levels exceeding WHO Interim Target-2 value (% of total)",EN.ATM.PM25.MC.T2.ZS,100
Bangladesh,BGD,2013,"PM2.5 pollution, population exposed to levels exceeding WHO Interim Target-2 value (% of total)",EN.ATM.PM25.MC.T2.ZS,100
Bangladesh,BGD,2012,"PM2.5 pollution, population exposed to levels exceeding WHO Interim Target-2 value (% of total)",EN.ATM.PM25.MC.T2.ZS,100
Bangladesh,BGD,2011,"PM2.5 pollution, population exposed to levels exceeding WHO Interim Target-2 value (% of total)",EN.ATM.PM25.MC.T2.ZS,100
Bangladesh,BGD,2010,"PM2.5 pollution, population exposed to levels exceeding WHO Interim Target-2 value (% of total)",EN.ATM.PM25.MC.T2.ZS,100
Bangladesh,BGD,2005,"PM2.5 pollution, population exposed to levels exceeding WHO Interim Target-2 value (% of total)",EN.ATM.PM25.MC.T2.ZS,100
Bangladesh,BGD,2000,"PM2.5 pollution, population exposed to levels exceeding WHO Interim Target-2 value (% of total)",EN.ATM.PM25.MC.T2.ZS,100
Bangladesh,BGD,1995,"PM2.5 pollution, population exposed to levels exceeding WHO Interim Target-2 value (% of total)",EN.ATM.PM25.MC.T2.ZS,100
Bangladesh,BGD,1990,"PM2.5 pollution, population exposed to levels exceeding WHO Interim Target-2 value (% of total)",EN.ATM.PM25.MC.T2.ZS,100
Bangladesh,BGD,2017,"PM2.5 pollution, population exposed to levels exceeding WHO Interim Target-3 value (% of total)",EN.ATM.PM25.MC.T3.ZS,100
Bangladesh,BGD,2016,"PM2.5 pollution, population exposed to levels exceeding WHO Interim Target-3 value (% of total)",EN.ATM.PM25.MC.T3.ZS,100
Bangladesh,BGD,2015,"PM2.5 pollution, population exposed to levels exceeding WHO Interim Target-3 value (% of total)",EN.ATM.PM25.MC.T3.ZS,100
Bangladesh,BGD,2014,"PM2.5 pollution, population exposed to levels exceeding WHO Interim Target-3 value (% of total)",EN.ATM.PM25.MC.T3.ZS,100
Bangladesh,BGD,2013,"PM2.5 pollution, population exposed to levels exceeding WHO Interim Target-3 value (% of total)",EN.ATM.PM25.MC.T3.ZS,100
Bangladesh,BGD,2012,"PM2.5 pollution, population exposed to levels exceeding WHO Interim Target-3 value (% of total)",EN.ATM.PM25.MC.T3.ZS,100
Bangladesh,BGD,2011,"PM2.5 pollution, population exposed to levels exceeding WHO Interim Target-3 value (% of total)",EN.ATM.PM25.MC.T3.ZS,100
Bangladesh,BGD,2010,"PM2.5 pollution, population exposed to levels exceeding WHO Interim Target-3 value (% of total)",EN.ATM.PM25.MC.T3.ZS,100
Bangladesh,BGD,2005,"PM2.5 pollution, population exposed to levels exceeding WHO Interim Target-3 value (% of total)",EN.ATM.PM25.MC.T3.ZS,100
Bangladesh,BGD,2000,"PM2.5 pollution, population exposed to levels exceeding WHO Interim Target-3 value (% of total)",EN.ATM.PM25.MC.T3.ZS,100
Bangladesh,BGD,1995,"PM2.5 pollution, population exposed to levels exceeding WHO Interim Target-3 value (% of total)",EN.ATM.PM25.MC.T3.ZS,100
Bangladesh,BGD,1990,"PM2.5 pollution, population exposed to levels exceeding WHO Interim Target-3 value (% of total)",EN.ATM.PM25.MC.T3.ZS,100
Bangladesh,BGD,2017,"PM2.5 air pollution, population exposed to levels exceeding WHO guideline value (% of total)",EN.ATM.PM25.MC.ZS,100
Bangladesh,BGD,2016,"PM2.5 air pollution, population exposed to levels exceeding WHO guideline value (% of total)",EN.ATM.PM25.MC.ZS,100
Bangladesh,BGD,2015,"PM2.5 air pollution, population exposed to levels exceeding WHO guideline value (% of total)",EN.ATM.PM25.MC.ZS,100
Bangladesh,BGD,2014,"PM2.5 air pollution, population exposed to levels exceeding WHO guideline value (% of total)",EN.ATM.PM25.MC.ZS,100
Bangladesh,BGD,2013,"PM2.5 air pollution, population exposed to levels exceeding WHO guideline value (% of total)",EN.ATM.PM25.MC.ZS,100
Bangladesh,BGD,2012,"PM2.5 air pollution, population exposed to levels exceeding WHO guideline value (% of total)",EN.ATM.PM25.MC.ZS,100
Bangladesh,BGD,2011,"PM2.5 air pollution, population exposed to levels exceeding WHO guideline value (% of total)",EN.ATM.PM25.MC.ZS,100
Bangladesh,BGD,2010,"PM2.5 air pollution, population exposed to levels exceeding WHO guideline value (% of total)",EN.ATM.PM25.MC.ZS,100
Bangladesh,BGD,2005,"PM2.5 air pollution, population exposed to levels exceeding WHO guideline value (% of total)",EN.ATM.PM25.MC.ZS,100
Bangladesh,BGD,2000,"PM2.5 air pollution, population exposed to levels exceeding WHO guideline value (% of total)",EN.ATM.PM25.MC.ZS,100
Bangladesh,BGD,1995,"PM2.5 air pollution, population exposed to levels exceeding WHO guideline value (% of total)",EN.ATM.PM25.MC.ZS,100
Bangladesh,BGD,1990,"PM2.5 air pollution, population exposed to levels exceeding WHO guideline value (% of total)",EN.ATM.PM25.MC.ZS,100
Bangladesh,BGD,2022,"Bird species, threatened",EN.BIR.THRD.NO,36
Bangladesh,BGD,2018,"Bird species, threatened",EN.BIR.THRD.NO,36
Bangladesh,BGD,2011,Disaster risk reduction progress score (1-5 scale; 5=best),EN.CLC.DRSK.XQ,4
Bangladesh,BGD,2009,"Droughts, floods, extreme temperatures (% of population, average 1990-2009)",EN.CLC.MDAT.ZS,4.58469425909382
Bangladesh,BGD,2022,"Fish species, threatened",EN.FSH.THRD.NO,75
Bangladesh,BGD,2018,"Fish species, threatened",EN.FSH.THRD.NO,29
Bangladesh,BGD,2023,Total greenhouse gas emissions including LULUCF (Mt CO2e),EN.GHG.ALL.LU.MT.CE.AR5,216.208
Bangladesh,BGD,2022,Total greenhouse gas emissions including LULUCF (Mt CO2e),EN.GHG.ALL.LU.MT.CE.AR5,223.3537
Bangladesh,BGD,2021,Total greenhouse gas emissions including LULUCF (Mt CO2e),EN.GHG.ALL.LU.MT.CE.AR5,219.7393
Bangladesh,BGD,2020,Total greenhouse gas emissions including LULUCF (Mt CO2e),EN.GHG.ALL.LU.MT.CE.AR5,203.1172
Bangladesh,BGD,2019,Total greenhouse gas emissions including LULUCF (Mt CO2e),EN.GHG.ALL.LU.MT.CE.AR5,206.1187
Bangladesh,BGD,2018,Total greenhouse gas emissions including LULUCF (Mt CO2e),EN.GHG.ALL.LU.MT.CE.AR5,200.9133
Bangladesh,BGD,2017,Total greenhouse gas emissions including LULUCF (Mt CO2e),EN.GHG.ALL.LU.MT.CE.AR5,195.8249
Bangladesh,BGD,2016,Total greenhouse gas emissions including LULUCF (Mt CO2e),EN.GHG.ALL.LU.MT.CE.AR5,186.5841
Bangladesh,BGD,2015,Total greenhouse gas emissions including LULUCF (Mt CO2e),EN.GHG.ALL.LU.MT.CE.AR5,177.8366
Bangladesh,BGD,2014,Total greenhouse gas emissions including LULUCF (Mt CO2e),EN.GHG.ALL.LU.MT.CE.AR5,168.6863
Bangladesh,BGD,2013,Total greenhouse gas emissions including LULUCF (Mt CO2e),EN.GHG.ALL.LU.MT.CE.AR5,162.1727
Bangladesh,BGD,2012,Total greenhouse gas emissions including LULUCF (Mt CO2e),EN.GHG.ALL.LU.MT.CE.AR5,159.0795
Bangladesh,BGD,2011,Total greenhouse gas emissions including LULUCF (Mt CO2e),EN.GHG.ALL.LU.MT.CE.AR5,153.6849
Bangladesh,BGD,2010,Total greenhouse gas emissions including LULUCF (Mt CO2e),EN.GHG.ALL.LU.MT.CE.AR5,148.7049
Bangladesh,BGD,2009,Total greenhouse gas emissions including LULUCF (Mt CO2e),EN.GHG.ALL.LU.MT.CE.AR5,141.0876
Bangladesh,BGD,2008,Total greenhouse gas emissions including LULUCF (Mt CO2e),EN.GHG.ALL.LU.MT.CE.AR5,136.1452
Bangladesh,BGD,2007,Total greenhouse gas emissions including LULUCF (Mt CO2e),EN.GHG.ALL.LU.MT.CE.AR5,129.1049
Bangladesh,BGD,2006,Total greenhouse gas emissions including LULUCF (Mt CO2e),EN.GHG.ALL.LU.MT.CE.AR5,124.5732
Bangladesh,BGD,2005,Total greenhouse gas emissions including LULUCF (Mt CO2e),EN.GHG.ALL.LU.MT.CE.AR5,120.0474
Bangladesh,BGD,2004,Total greenhouse gas emissions including LULUCF (Mt CO2e),EN.GHG.ALL.LU.MT.CE.AR5,115.961
Bangladesh,BGD,2003,Total greenhouse gas emissions including LULUCF (Mt CO2e),EN.GHG.ALL.LU.MT.CE.AR5,113.3679
Bangladesh,BGD,2002,Total greenhouse gas emissions including LULUCF (Mt CO2e),EN.GHG.ALL.LU.MT.CE.AR5,110.3986
Bangladesh,BGD,2001,Total greenhouse gas emissions including LULUCF (Mt CO2e),EN.GHG.ALL.LU.MT.CE.AR5,107.3266
Bangladesh,BGD,2000,Total greenhouse gas emissions including LULUCF (Mt CO2e),EN.GHG.ALL.LU.MT.CE.AR5,100.7269
Bangladesh,BGD,2024,Total greenhouse gas emissions excluding LULUCF (Mt CO2e),EN.GHG.ALL.MT.CE.AR5,220.8267
Bangladesh,BGD,2023,Total greenhouse gas emissions excluding LULUCF (Mt CO2e),EN.GHG.ALL.MT.CE.AR5,215.8337
Bangladesh,BGD,2022,Total greenhouse gas emissions excluding LULUCF (Mt CO2e),EN.GHG.ALL.MT.CE.AR5,222.9794
Bangladesh,BGD,2021,Total greenhouse gas emissions excluding LULUCF (Mt CO2e),EN.GHG.ALL.MT.CE.AR5,219.365
Bangladesh,BGD,2020,Total greenhouse gas emissions excluding LULUCF (Mt CO2e),EN.GHG.ALL.MT.CE.AR5,202.7429
Bangladesh,BGD,2019,Total greenhouse gas emissions excluding LULUCF (Mt CO2e),EN.GHG.ALL.MT.CE.AR5,205.7444
Bangladesh,BGD,2018,Total greenhouse gas emissions excluding LULUCF (Mt CO2e),EN.GHG.ALL.MT.CE.AR5,200.539
Bangladesh,BGD,2017,Total greenhouse gas emissions excluding LULUCF (Mt CO2e),EN.GHG.ALL.MT.CE.AR5,195.4506
Bangladesh,BGD,2016,Total greenhouse gas emissions excluding LULUCF (Mt CO2e),EN.GHG.ALL.MT.CE.AR5,186.2098
Bangladesh,BGD,2015,Total greenhouse gas emissions excluding LULUCF (Mt CO2e),EN.GHG.ALL.MT.CE.AR5,177.4623
Bangladesh,BGD,2014,Total greenhouse gas emissions excluding LULUCF (Mt CO2e),EN.GHG.ALL.MT.CE.AR5,168.312
Bangladesh,BGD,2013,Total greenhouse gas emissions excluding LULUCF (Mt CO2e),EN.GHG.ALL.MT.CE.AR5,161.7984
Bangladesh,BGD,2012,Total greenhouse gas emissions excluding LULUCF (Mt CO2e),EN.GHG.ALL.MT.CE.AR5,158.7052
Bangladesh,BGD,2011,Total greenhouse gas emissions excluding LULUCF (Mt CO2e),EN.GHG.ALL.MT.CE.AR5,153.3106
Bangladesh,BGD,2010,Total greenhouse gas emissions excluding LULUCF (Mt CO2e),EN.GHG.ALL.MT.CE.AR5,148.3306
Bangladesh,BGD,2009,Total greenhouse gas emissions excluding LULUCF (Mt CO2e),EN.GHG.ALL.MT.CE.AR5,140.7133
Bangladesh,BGD,2008,Total greenhouse gas emissions excluding LULUCF (Mt CO2e),EN.GHG.ALL.MT.CE.AR5,135.7709
Bangladesh,BGD,2007,Total greenhouse gas emissions excluding LULUCF (Mt CO2e),EN.GHG.ALL.MT.CE.AR5,128.7306
Bangladesh,BGD,2006,Total greenhouse gas emissions excluding LULUCF (Mt CO2e),EN.GHG.ALL.MT.CE.AR5,124.1989
Bangladesh,BGD,2005,Total greenhouse gas emissions excluding LULUCF (Mt CO2e),EN.GHG.ALL.MT.CE.AR5,119.6731
Bangladesh,BGD,2004,Total greenhouse gas emissions excluding LULUCF (Mt CO2e),EN.GHG.ALL.MT.CE.AR5,115.5867
Bangladesh,BGD,2003,Total greenhouse gas emissions excluding LULUCF (Mt CO2e),EN.GHG.ALL.MT.CE.AR5,112.9936
Bangladesh,BGD,2002,Total greenhouse gas emissions excluding LULUCF (Mt CO2e),EN.GHG.ALL.MT.CE.AR5,110.0243
Bangladesh,BGD,2001,Total greenhouse gas emissions excluding LULUCF (Mt CO2e),EN.GHG.ALL.MT.CE.AR5,106.9523
Bangladesh,BGD,2000,Total greenhouse gas emissions excluding LULUCF (Mt CO2e),EN.GHG.ALL.MT.CE.AR5,100.3526
Bangladesh,BGD,1999,Total greenhouse gas emissions excluding LULUCF (Mt CO2e),EN.GHG.ALL.MT.CE.AR5,98.3036
Bangladesh,BGD,1998,Total greenhouse gas emissions excluding LULUCF (Mt CO2e),EN.GHG.ALL.MT.CE.AR5,93.6163
Bangladesh,BGD,1997,Total greenhouse gas emissions excluding LULUCF (Mt CO2e),EN.GHG.ALL.MT.CE.AR5,92.5166
Bangladesh,BGD,1996,Total greenhouse gas emissions excluding LULUCF (Mt CO2e),EN.GHG.ALL.MT.CE.AR5,89.9718
Bangladesh,BGD,1995,Total greenhouse gas emissions excluding LULUCF (Mt CO2e),EN.GHG.ALL.MT.CE.AR5,88.4602
Bangladesh,BGD,1994,Total greenhouse gas emissions excluding LULUCF (Mt CO2e),EN.GHG.ALL.MT.CE.AR5,82.3395
Bangladesh,BGD,1993,Total greenhouse gas emissions excluding LULUCF (Mt CO2e),EN.GHG.ALL.MT.CE.AR5,79.4148
Bangladesh,BGD,1992,Total greenhouse gas emissions excluding LULUCF (Mt CO2e),EN.GHG.ALL.MT.CE.AR5,77.6491
Bangladesh,BGD,1991,Total greenhouse gas emissions excluding LULUCF (Mt CO2e),EN.GHG.ALL.MT.CE.AR5,74.9862
Bangladesh,BGD,1990,Total greenhouse gas emissions excluding LULUCF (Mt CO2e),EN.GHG.ALL.MT.CE.AR5,74.8745
Bangladesh,BGD,1989,Total greenhouse gas emissions excluding LULUCF (Mt CO2e),EN.GHG.ALL.MT.CE.AR5,73.3563
Bangladesh,BGD,1988,Total greenhouse gas emissions excluding LULUCF (Mt CO2e),EN.GHG.ALL.MT.CE.AR5,69.9492
Bangladesh,BGD,1987,Total greenhouse gas emissions excluding LULUCF (Mt CO2e),EN.GHG.ALL.MT.CE.AR5,67.7643
Bangladesh,BGD,1986,Total greenhouse gas emissions excluding LULUCF (Mt CO2e),EN.GHG.ALL.MT.CE.AR5,66.1734
Bangladesh,BGD,1985,Total greenhouse gas emissions excluding LULUCF (Mt CO2e),EN.GHG.ALL.MT.CE.AR5,63.6398
Bangladesh,BGD,1984,Total greenhouse gas emissions excluding LULUCF (Mt CO2e),EN.GHG.ALL.MT.CE.AR5,61.3368
Bangladesh,BGD,1983,Total greenhouse gas emissions excluding LULUCF (Mt CO2e),EN.GHG.ALL.MT.CE.AR5,60.1229
Bangladesh,BGD,1982,Total greenhouse gas emissions excluding LULUCF (Mt CO2e),EN.GHG.ALL.MT.CE.AR5,59.782
Bangladesh,BGD,1981,Total greenhouse gas emissions excluding LULUCF (Mt CO2e),EN.GHG.ALL.MT.CE.AR5,57.7314
Bangladesh,BGD,1980,Total greenhouse gas emissions excluding LULUCF (Mt CO2e),EN.GHG.ALL.MT.CE.AR5,56.7762
Bangladesh,BGD,1979,Total greenhouse gas emissions excluding LULUCF (Mt CO2e),EN.GHG.ALL.MT.CE.AR5,63.5508
Bangladesh,BGD,1978,Total greenhouse gas emissions excluding LULUCF (Mt CO2e),EN.GHG.ALL.MT.CE.AR5,60.9162
Bangladesh,BGD,1977,Total greenhouse gas emissions excluding LULUCF (Mt CO2e),EN.GHG.ALL.MT.CE.AR5,56.8076
Bangladesh,BGD,1976,Total greenhouse gas emissions excluding LULUCF (Mt CO2e),EN.GHG.ALL.MT.CE.AR5,55.1951
Bangladesh,BGD,1975,Total greenhouse gas emissions excluding LULUCF (Mt CO2e),EN.GHG.ALL.MT.CE.AR5,54.3687
Bangladesh,BGD,1974,Total greenhouse gas emissions excluding LULUCF (Mt CO2e),EN.GHG.ALL.MT.CE.AR5,51.5092
Bangladesh,BGD,1973,Total greenhouse gas emissions excluding LULUCF (Mt CO2e),EN.GHG.ALL.MT.CE.AR5,51.0162
Bangladesh,BGD,1972,Total greenhouse gas emissions excluding LULUCF (Mt CO2e),EN.GHG.ALL.MT.CE.AR5,50.5363
Bangladesh,BGD,1971,Total greenhouse gas emissions excluding LULUCF (Mt CO2e),EN.GHG.ALL.MT.CE.AR5,49.7911
Bangladesh,BGD,1970,Total greenhouse gas emissions excluding LULUCF (Mt CO2e),EN.GHG.ALL.MT.CE.AR5,51.0048
Bangladesh,BGD,2024,Total greenhouse gas emissions excluding LULUCF per capita (t CO2e/capita),EN.GHG.ALL.PC.CE.AR5,1.27231903801449
Bangladesh,BGD,2023,Total greenhouse gas emissions excluding LULUCF per capita (t CO2e/capita),EN.GHG.ALL.PC.CE.AR5,1.25874782079046
Bangladesh,BGD,2022,Total greenhouse gas emissions excluding LULUCF per capita (t CO2e/capita),EN.GHG.ALL.PC.CE.AR5,1.31640662154194
Bangladesh,BGD,2021,Total greenhouse gas emissions excluding LULUCF per capita (t CO2e/capita),EN.GHG.ALL.PC.CE.AR5,1.30840092703962
Bangladesh,BGD,2020,Total greenhouse gas emissions excluding LULUCF per capita (t CO2e/capita),EN.GHG.ALL.PC.CE.AR5,1.21915399307451
Bangladesh,BGD,2019,Total greenhouse gas emissions excluding LULUCF per capita (t CO2e/capita),EN.GHG.ALL.PC.CE.AR5,1.24759316356125
Bangladesh,BGD,2018,Total greenhouse gas emissions excluding LULUCF per capita (t CO2e/capita),EN.GHG.ALL.PC.CE.AR5,1.2263649375587
Bangladesh,BGD,2017,Total greenhouse gas emissions excluding LULUCF per capita (t CO2e/capita),EN.GHG.ALL.PC.CE.AR5,1.20510045780914
Bangladesh,BGD,2016,Total greenhouse gas emissions excluding LULUCF per capita (t CO2e/capita),EN.GHG.ALL.PC.CE.AR5,1.15793522087652
Bangladesh,BGD,2015,Total greenhouse gas emissions excluding LULUCF per capita (t CO2e/capita),EN.GHG.ALL.PC.CE.AR5,1.11343180072974
Bangladesh,BGD,2014,Total greenhouse gas emissions excluding LULUCF per capita (t CO2e/capita),EN.GHG.ALL.PC.CE.AR5,1.06550233058377
Bangladesh,BGD,2013,Total greenhouse gas emissions excluding LULUCF per capita (t CO2e/capita),EN.GHG.ALL.PC.CE.AR5,1.03364330779836
Bangladesh,BGD,2012,Total greenhouse gas emissions excluding LULUCF per capita (t CO2e/capita),EN.GHG.ALL.PC.CE.AR5,1.02344164978651
Bangladesh,BGD,2011,Total greenhouse gas emissions excluding LULUCF per capita (t CO2e/capita),EN.GHG.ALL.PC.CE.AR5,0.99817387827923
Bangladesh,BGD,2010,Total greenhouse gas emissions excluding LULUCF per capita (t CO2e/capita),EN.GHG.ALL.PC.CE.AR5,0.97456418783406
Bangladesh,BGD,2009,Total greenhouse gas emissions excluding LULUCF per capita (t CO2e/capita),EN.GHG.ALL.PC.CE.AR5,0.932656168323662
Bangladesh,BGD,2008,Total greenhouse gas emissions excluding LULUCF per capita (t CO2e/capita),EN.GHG.ALL.PC.CE.AR5,0.908322920392503
Bangladesh,BGD,2007,Total greenhouse gas emissions excluding LULUCF per capita (t CO2e/capita),EN.GHG.ALL.PC.CE.AR5,0.869864369498444
Bangladesh,BGD,2006,Total greenhouse gas emissions excluding LULUCF per capita (t CO2e/capita),EN.GHG.ALL.PC.CE.AR5,0.848318531375766
Bangladesh,BGD,2005,Total greenhouse gas emissions excluding LULUCF per capita (t CO2e/capita),EN.GHG.ALL.PC.CE.AR5,0.826952631138665
Bangladesh,BGD,2004,Total greenhouse gas emissions excluding LULUCF per capita (t CO2e/capita),EN.GHG.ALL.PC.CE.AR5,0.808848075086757
Bangladesh,BGD,2003,Total greenhouse gas emissions excluding LULUCF per capita (t CO2e/capita),EN.GHG.ALL.PC.CE.AR5,0.801541595083352
Bangladesh,BGD,2002,Total greenhouse gas emissions excluding LULUCF per capita (t CO2e/capita),EN.GHG.ALL.PC.CE.AR5,0.79191969450628
Bangladesh,BGD,2001,Total greenhouse gas emissions excluding LULUCF per capita (t CO2e/capita),EN.GHG.ALL.PC.CE.AR5,0.781781855609787
Bangladesh,BGD,2000,Total greenhouse gas emissions excluding LULUCF per capita (t CO2e/capita),EN.GHG.ALL.PC.CE.AR5,0.745870297117892
Bangladesh,BGD,1999,Total greenhouse gas emissions excluding LULUCF per capita (t CO2e/capita),EN.GHG.ALL.PC.CE.AR5,0.744115054595645
Bangladesh,BGD,1998,Total greenhouse gas emissions excluding LULUCF per capita (t CO2e/capita),EN.GHG.ALL.PC.CE.AR5,0.722223544010919
Bangladesh,BGD,1997,Total greenhouse gas emissions excluding LULUCF per capita (t CO2e/capita),EN.GHG.ALL.PC.CE.AR5,0.727342802664717
Bangladesh,BGD,1996,Total greenhouse gas emissions excluding LULUCF per capita (t CO2e/capita),EN.GHG.ALL.PC.CE.AR5,0.720568876184677
Bangladesh,BGD,1995,Total greenhouse gas emissions excluding LULUCF per capita (t CO2e/capita),EN.GHG.ALL.PC.CE.AR5,0.721532895863202
Bangladesh,BGD,1994,Total greenhouse gas emissions excluding LULUCF per capita (t CO2e/capita),EN.GHG.ALL.PC.CE.AR5,0.684205791173258
Bangladesh,BGD,1993,Total greenhouse gas emissions excluding LULUCF per capita (t CO2e/capita),EN.GHG.ALL.PC.CE.AR5,0.672252717206361
Bangladesh,BGD,1992,Total greenhouse gas emissions excluding LULUCF per capita (t CO2e/capita),EN.GHG.ALL.PC.CE.AR5,0.669664787363399
Bangladesh,BGD,1991,Total greenhouse gas emissions excluding LULUCF per capita (t CO2e/capita),EN.GHG.ALL.PC.CE.AR5,0.659004351714393
Bangladesh,BGD,1990,Total greenhouse gas emissions excluding LULUCF per capita (t CO2e/capita),EN.GHG.ALL.PC.CE.AR5,0.670715819665845
Bangladesh,BGD,1989,Total greenhouse gas emissions excluding LULUCF per capita (t CO2e/capita),EN.GHG.ALL.PC.CE.AR5,0.670325810401593
Bangladesh,BGD,1988,Total greenhouse gas emissions excluding LULUCF per capita (t CO2e/capita),EN.GHG.ALL.PC.CE.AR5,0.652413770152681
Bangladesh,BGD,1987,Total greenhouse gas emissions excluding LULUCF per capita (t CO2e/capita),EN.GHG.ALL.PC.CE.AR5,0.645624597445118
Bangladesh,BGD,1986,Total greenhouse gas emissions excluding LULUCF per capita (t CO2e/capita),EN.GHG.ALL.PC.CE.AR5,0.644741376800628
Bangladesh,BGD,1985,Total greenhouse gas emissions excluding LULUCF per capita (t CO2e/capita),EN.GHG.ALL.PC.CE.AR5,0.634786752525402
Bangladesh,BGD,1984,Total greenhouse gas emissions excluding LULUCF per capita (t CO2e/capita),EN.GHG.ALL.PC.CE.AR5,0.627069685839281
Bangladesh,BGD,1983,Total greenhouse gas emissions excluding LULUCF per capita (t CO2e/capita),EN.GHG.ALL.PC.CE.AR5,0.630647739545816
Bangladesh,BGD,1982,Total greenhouse gas emissions excluding LULUCF per capita (t CO2e/capita),EN.GHG.ALL.PC.CE.AR5,0.644101896700265
Bangladesh,BGD,1981,Total greenhouse gas emissions excluding LULUCF per capita (t CO2e/capita),EN.GHG.ALL.PC.CE.AR5,0.639306920841758
Bangladesh,BGD,1980,Total greenhouse gas emissions excluding LULUCF per capita (t CO2e/capita),EN.GHG.ALL.PC.CE.AR5,0.64506363993487
Bangladesh,BGD,1979,Total greenhouse gas emissions excluding LULUCF per capita (t CO2e/capita),EN.GHG.ALL.PC.CE.AR5,0.739521111939023
Bangladesh,BGD,1978,Total greenhouse gas emissions excluding LULUCF per capita (t CO2e/capita),EN.GHG.ALL.PC.CE.AR5,0.726146745984353
Bangladesh,BGD,1977,Total greenhouse gas emissions excluding LULUCF per capita (t CO2e/capita),EN.GHG.ALL.PC.CE.AR5,0.693898845819496
Bangladesh,BGD,1976,Total greenhouse gas emissions excluding LULUCF per capita (t CO2e/capita),EN.GHG.ALL.PC.CE.AR5,0.691188782192314
Bangladesh,BGD,1975,Total greenhouse gas emissions excluding LULUCF per capita (t CO2e/capita),EN.GHG.ALL.PC.CE.AR5,0.698338619507598
Bangladesh,BGD,1974,Total greenhouse gas emissions excluding LULUCF per capita (t CO2e/capita),EN.GHG.ALL.PC.CE.AR5,0.67918832846506
Bangladesh,BGD,1973,Total greenhouse gas emissions excluding LULUCF per capita (t CO2e/capita),EN.GHG.ALL.PC.CE.AR5,0.692005053450995
Bangladesh,BGD,1972,Total greenhouse gas emissions excluding LULUCF per capita (t CO2e/capita),EN.GHG.ALL.PC.CE.AR5,0.705405199462619
Bangladesh,BGD,1971,Total greenhouse gas emissions excluding LULUCF per capita (t CO2e/capita),EN.GHG.ALL.PC.CE.AR5,0.708500241288877
Bangladesh,BGD,1970,Total greenhouse gas emissions excluding LULUCF per capita (t CO2e/capita),EN.GHG.ALL.PC.CE.AR5,0.738569604083147
Bangladesh,BGD,2024,Methane (CH4) emissions from Agriculture (Mt CO2e),EN.GHG.CH4.AG.MT.CE.AR5,47.4059
Bangladesh,BGD,2023,Methane (CH4) emissions from Agriculture (Mt CO2e),EN.GHG.CH4.AG.MT.CE.AR5,48.5841
Bangladesh,BGD,2022,Methane (CH4) emissions from Agriculture (Mt CO2e),EN.GHG.CH4.AG.MT.CE.AR5,53.0532
Bangladesh,BGD,2021,Methane (CH4) emissions from Agriculture (Mt CO2e),EN.GHG.CH4.AG.MT.CE.AR5,52.7777
Bangladesh,BGD,2020,Methane (CH4) emissions from Agriculture (Mt CO2e),EN.GHG.CH4.AG.MT.CE.AR5,52.0419
Bangladesh,BGD,2019,Methane (CH4) emissions from Agriculture (Mt CO2e),EN.GHG.CH4.AG.MT.CE.AR5,51.8718
Bangladesh,BGD,2018,Methane (CH4) emissions from Agriculture (Mt CO2e),EN.GHG.CH4.AG.MT.CE.AR5,51.6336
Bangladesh,BGD,2017,Methane (CH4) emissions from Agriculture (Mt CO2e),EN.GHG.CH4.AG.MT.CE.AR5,51.5698
Bangladesh,BGD,2016,Methane (CH4) emissions from Agriculture (Mt CO2e),EN.GHG.CH4.AG.MT.CE.AR5,50.4119
Bangladesh,BGD,2015,Methane (CH4) emissions from Agriculture (Mt CO2e),EN.GHG.CH4.AG.MT.CE.AR5,50.8555
Bangladesh,BGD,2014,Methane (CH4) emissions from Agriculture (Mt CO2e),EN.GHG.CH4.AG.MT.CE.AR5,50.7275
Bangladesh,BGD,2013,Methane (CH4) emissions from Agriculture (Mt CO2e),EN.GHG.CH4.AG.MT.CE.AR5,50.4681
Bangladesh,BGD,2012,Methane (CH4) emissions from Agriculture (Mt CO2e),EN.GHG.CH4.AG.MT.CE.AR5,50.2725
Bangladesh,BGD,2011,Methane (CH4) emissions from Agriculture (Mt CO2e),EN.GHG.CH4.AG.MT.CE.AR5,50.0417
Bangladesh,BGD,2010,Methane (CH4) emissions from Agriculture (Mt CO2e),EN.GHG.CH4.AG.MT.CE.AR5,49.5964
Bangladesh,BGD,2009,Methane (CH4) emissions from Agriculture (Mt CO2e),EN.GHG.CH4.AG.MT.CE.AR5,48.8431
Bangladesh,BGD,2008,Methane (CH4) emissions from Agriculture (Mt CO2e),EN.GHG.CH4.AG.MT.CE.AR5,48.2702
Bangladesh,BGD,2007,Methane (CH4) emissions from Agriculture (Mt CO2e),EN.GHG.CH4.AG.MT.CE.AR5,46.7482
Bangladesh,BGD,2006,Methane (CH4) emissions from Agriculture (Mt CO2e),EN.GHG.CH4.AG.MT.CE.AR5,46.3095
Bangladesh,BGD,2005,Methane (CH4) emissions from Agriculture (Mt CO2e),EN.GHG.CH4.AG.MT.CE.AR5,45.7369
Bangladesh,BGD,2004,Methane (CH4) emissions from Agriculture (Mt CO2e),EN.GHG.CH4.AG.MT.CE.AR5,44.8767
Bangladesh,BGD,2003,Methane (CH4) emissions from Agriculture (Mt CO2e),EN.GHG.CH4.AG.MT.CE.AR5,45.2811
Bangladesh,BGD,2002,Methane (CH4) emissions from Agriculture (Mt CO2e),EN.GHG.CH4.AG.MT.CE.AR5,44.9228
Bangladesh,BGD,2001,Methane (CH4) emissions from Agriculture (Mt CO2e),EN.GHG.CH4.AG.MT.CE.AR5,44.2104
Bangladesh,BGD,2000,Methane (CH4) emissions from Agriculture (Mt CO2e),EN.GHG.CH4.AG.MT.CE.AR5,44.2718
Bangladesh,BGD,1999,Methane (CH4) emissions from Agriculture (Mt CO2e),EN.GHG.CH4.AG.MT.CE.AR5,43.5993
Bangladesh,BGD,1998,Methane (CH4) emissions from Agriculture (Mt CO2e),EN.GHG.CH4.AG.MT.CE.AR5,42.0285
Bangladesh,BGD,1997,Methane (CH4) emissions from Agriculture (Mt CO2e),EN.GHG.CH4.AG.MT.CE.AR5,41.9113
Bangladesh,BGD,1996,Methane (CH4) emissions from Agriculture (Mt CO2e),EN.GHG.CH4.AG.MT.CE.AR5,41.1046
Bangladesh,BGD,1995,Methane (CH4) emissions from Agriculture (Mt CO2e),EN.GHG.CH4.AG.MT.CE.AR5,40.6228
Bangladesh,BGD,1994,Methane (CH4) emissions from Agriculture (Mt CO2e),EN.GHG.CH4.AG.MT.CE.AR5,39.7184
Bangladesh,BGD,1993,Methane (CH4) emissions from Agriculture (Mt CO2e),EN.GHG.CH4.AG.MT.CE.AR5,38.8478
Bangladesh,BGD,1992,Methane (CH4) emissions from Agriculture (Mt CO2e),EN.GHG.CH4.AG.MT.CE.AR5,38.7861
Bangladesh,BGD,1991,Methane (CH4) emissions from Agriculture (Mt CO2e),EN.GHG.CH4.AG.MT.CE.AR5,38.4095
Bangladesh,BGD,1990,Methane (CH4) emissions from Agriculture (Mt CO2e),EN.GHG.CH4.AG.MT.CE.AR5,38.4105
Bangladesh,BGD,1989,Methane (CH4) emissions from Agriculture (Mt CO2e),EN.GHG.CH4.AG.MT.CE.AR5,38.0188
Bangladesh,BGD,1988,Methane (CH4) emissions from Agriculture (Mt CO2e),EN.GHG.CH4.AG.MT.CE.AR5,37.177
Bangladesh,BGD,1987,Methane (CH4) emissions from Agriculture (Mt CO2e),EN.GHG.CH4.AG.MT.CE.AR5,36.9146
Bangladesh,BGD,1986,Methane (CH4) emissions from Agriculture (Mt CO2e),EN.GHG.CH4.AG.MT.CE.AR5,36.969
Bangladesh,BGD,1985,Methane (CH4) emissions from Agriculture (Mt CO2e),EN.GHG.CH4.AG.MT.CE.AR5,36.2671
Bangladesh,BGD,1984,Methane (CH4) emissions from Agriculture (Mt CO2e),EN.GHG.CH4.AG.MT.CE.AR5,35.5099
Bangladesh,BGD,1983,Methane (CH4) emissions from Agriculture (Mt CO2e),EN.GHG.CH4.AG.MT.CE.AR5,34.6525
Bangladesh,BGD,1982,Methane (CH4) emissions from Agriculture (Mt CO2e),EN.GHG.CH4.AG.MT.CE.AR5,35.6094
Bangladesh,BGD,1981,Methane (CH4) emissions from Agriculture (Mt CO2e),EN.GHG.CH4.AG.MT.CE.AR5,35.0872
Bangladesh,BGD,1980,Methane (CH4) emissions from Agriculture (Mt CO2e),EN.GHG.CH4.AG.MT.CE.AR5,34.4806
Bangladesh,BGD,1979,Methane (CH4) emissions from Agriculture (Mt CO2e),EN.GHG.CH4.AG.MT.CE.AR5,41.4196
Bangladesh,BGD,1978,Methane (CH4) emissions from Agriculture (Mt CO2e),EN.GHG.CH4.AG.MT.CE.AR5,40.1999
Bangladesh,BGD,1977,Methane (CH4) emissions from Agriculture (Mt CO2e),EN.GHG.CH4.AG.MT.CE.AR5,37.3355
Bangladesh,BGD,1976,Methane (CH4) emissions from Agriculture (Mt CO2e),EN.GHG.CH4.AG.MT.CE.AR5,36.6038
Bangladesh,BGD,1975,Methane (CH4) emissions from Agriculture (Mt CO2e),EN.GHG.CH4.AG.MT.CE.AR5,36.6521
Bangladesh,BGD,1974,Methane (CH4) emissions from Agriculture (Mt CO2e),EN.GHG.CH4.AG.MT.CE.AR5,35.3702
Bangladesh,BGD,1973,Methane (CH4) emissions from Agriculture (Mt CO2e),EN.GHG.CH4.AG.MT.CE.AR5,35.0767
Bangladesh,BGD,1972,Methane (CH4) emissions from Agriculture (Mt CO2e),EN.GHG.CH4.AG.MT.CE.AR5,35.4856
Bangladesh,BGD,1971,Methane (CH4) emissions from Agriculture (Mt CO2e),EN.GHG.CH4.AG.MT.CE.AR5,35.0952
Bangladesh,BGD,1970,Methane (CH4) emissions from Agriculture (Mt CO2e),EN.GHG.CH4.AG.MT.CE.AR5,36.3428
Bangladesh,BGD,2024,Methane (CH4) emissions from Building (Energy) (Mt CO2e),EN.GHG.CH4.BU.MT.CE.AR5,3.5666
Bangladesh,BGD,2023,Methane (CH4) emissions from Building (Energy) (Mt CO2e),EN.GHG.CH4.BU.MT.CE.AR5,3.5477
Bangladesh,BGD,2022,Methane (CH4) emissions from Building (Energy) (Mt CO2e),EN.GHG.CH4.BU.MT.CE.AR5,3.5746
Bangladesh,BGD,2021,Methane (CH4) emissions from Building (Energy) (Mt CO2e),EN.GHG.CH4.BU.MT.CE.AR5,3.6374
Bangladesh,BGD,2020,Methane (CH4) emissions from Building (Energy) (Mt CO2e),EN.GHG.CH4.BU.MT.CE.AR5,3.5178
Bangladesh,BGD,2019,Methane (CH4) emissions from Building (Energy) (Mt CO2e),EN.GHG.CH4.BU.MT.CE.AR5,3.5578
Bangladesh,BGD,2018,Methane (CH4) emissions from Building (Energy) (Mt CO2e),EN.GHG.CH4.BU.MT.CE.AR5,3.6043
Bangladesh,BGD,2017,Methane (CH4) emissions from Building (Energy) (Mt CO2e),EN.GHG.CH4.BU.MT.CE.AR5,3.6801
Bangladesh,BGD,2016,Methane (CH4) emissions from Building (Energy) (Mt CO2e),EN.GHG.CH4.BU.MT.CE.AR5,3.7244
Bangladesh,BGD,2015,Methane (CH4) emissions from Building (Energy) (Mt CO2e),EN.GHG.CH4.BU.MT.CE.AR5,3.7658
Bangladesh,BGD,2014,Methane (CH4) emissions from Building (Energy) (Mt CO2e),EN.GHG.CH4.BU.MT.CE.AR5,3.7913
Bangladesh,BGD,2013,Methane (CH4) emissions from Building (Energy) (Mt CO2e),EN.GHG.CH4.BU.MT.CE.AR5,3.8077
Bangladesh,BGD,2012,Methane (CH4) emissions from Building (Energy) (Mt CO2e),EN.GHG.CH4.BU.MT.CE.AR5,3.8136
Bangladesh,BGD,2011,Methane (CH4) emissions from Building (Energy) (Mt CO2e),EN.GHG.CH4.BU.MT.CE.AR5,3.8142
Bangladesh,BGD,2010,Methane (CH4) emissions from Building (Energy) (Mt CO2e),EN.GHG.CH4.BU.MT.CE.AR5,3.8143
Bangladesh,BGD,2009,Methane (CH4) emissions from Building (Energy) (Mt CO2e),EN.GHG.CH4.BU.MT.CE.AR5,3.7983
Bangladesh,BGD,2008,Methane (CH4) emissions from Building (Energy) (Mt CO2e),EN.GHG.CH4.BU.MT.CE.AR5,3.7865
Bangladesh,BGD,2007,Methane (CH4) emissions from Building (Energy) (Mt CO2e),EN.GHG.CH4.BU.MT.CE.AR5,3.7603
Bangladesh,BGD,2006,Methane (CH4) emissions from Building (Energy) (Mt CO2e),EN.GHG.CH4.BU.MT.CE.AR5,3.7259
Bangladesh,BGD,2005,Methane (CH4) emissions from Building (Energy) (Mt CO2e),EN.GHG.CH4.BU.MT.CE.AR5,3.6912
Bangladesh,BGD,2004,Methane (CH4) emissions from Building (Energy) (Mt CO2e),EN.GHG.CH4.BU.MT.CE.AR5,3.6445
Bangladesh,BGD,2003,Methane (CH4) emissions from Building (Energy) (Mt CO2e),EN.GHG.CH4.BU.MT.CE.AR5,3.5943
Bangladesh,BGD,2002,Methane (CH4) emissions from Building (Energy) (Mt CO2e),EN.GHG.CH4.BU.MT.CE.AR5,3.5343
Bangladesh,BGD,2001,Methane (CH4) emissions from Building (Energy) (Mt CO2e),EN.GHG.CH4.BU.MT.CE.AR5,3.4736
Bangladesh,BGD,2000,Methane (CH4) emissions from Building (Energy) (Mt CO2e),EN.GHG.CH4.BU.MT.CE.AR5,3.4094
Bangladesh,BGD,1999,Methane (CH4) emissions from Building (Energy) (Mt CO2e),EN.GHG.CH4.BU.MT.CE.AR5,3.3389
Bangladesh,BGD,1998,Methane (CH4) emissions from Building (Energy) (Mt CO2e),EN.GHG.CH4.BU.MT.CE.AR5,3.2661
Bangladesh,BGD,1997,Methane (CH4) emissions from Building (Energy) (Mt CO2e),EN.GHG.CH4.BU.MT.CE.AR5,3.2127
Bangladesh,BGD,1996,Methane (CH4) emissions from Building (Energy) (Mt CO2e),EN.GHG.CH4.BU.MT.CE.AR5,3.1248
Bangladesh,BGD,1995,Methane (CH4) emissions from Building (Energy) (Mt CO2e),EN.GHG.CH4.BU.MT.CE.AR5,3.2314
Bangladesh,BGD,1994,Methane (CH4) emissions from Building (Energy) (Mt CO2e),EN.GHG.CH4.BU.MT.CE.AR5,3.2021
Bangladesh,BGD,1993,Methane (CH4) emissions from Building (Energy) (Mt CO2e),EN.GHG.CH4.BU.MT.CE.AR5,3.1498
Bangladesh,BGD,1992,Methane (CH4) emissions from Building (Energy) (Mt CO2e),EN.GHG.CH4.BU.MT.CE.AR5,3.1135
Bangladesh,BGD,1991,Methane (CH4) emissions from Building (Energy) (Mt CO2e),EN.GHG.CH4.BU.MT.CE.AR5,3.0454
Bangladesh,BGD,1990,Methane (CH4) emissions from Building (Energy) (Mt CO2e),EN.GHG.CH4.BU.MT.CE.AR5,3.0606
Bangladesh,BGD,1989,Methane (CH4) emissions from Building (Energy) (Mt CO2e),EN.GHG.CH4.BU.MT.CE.AR5,2.9515
Bangladesh,BGD,1988,Methane (CH4) emissions from Building (Energy) (Mt CO2e),EN.GHG.CH4.BU.MT.CE.AR5,2.8829
Bangladesh,BGD,1987,Methane (CH4) emissions from Building (Energy) (Mt CO2e),EN.GHG.CH4.BU.MT.CE.AR5,2.7
Bangladesh,BGD,1986,Methane (CH4) emissions from Building (Energy) (Mt CO2e),EN.GHG.CH4.BU.MT.CE.AR5,2.9128
Bangladesh,BGD,1985,Methane (CH4) emissions from Building (Energy) (Mt CO2e),EN.GHG.CH4.BU.MT.CE.AR5,2.8144
Bangladesh,BGD,1984,Methane (CH4) emissions from Building (Energy) (Mt CO2e),EN.GHG.CH4.BU.MT.CE.AR5,2.772
Bangladesh,BGD,1983,Methane (CH4) emissions from Building (Energy) (Mt CO2e),EN.GHG.CH4.BU.MT.CE.AR5,2.7967
Bangladesh,BGD,1982,Methane (CH4) emissions from Building (Energy) (Mt CO2e),EN.GHG.CH4.BU.MT.CE.AR5,2.7045
Bangladesh,BGD,1981,Methane (CH4) emissions from Building (Energy) (Mt CO2e),EN.GHG.CH4.BU.MT.CE.AR5,2.7066
Bangladesh,BGD,1980,Methane (CH4) emissions from Building (Energy) (Mt CO2e),EN.GHG.CH4.BU.MT.CE.AR5,2.6832
Bangladesh,BGD,1979,Methane (CH4) emissions from Building (Energy) (Mt CO2e),EN.GHG.CH4.BU.MT.CE.AR5,2.6327
Bangladesh,BGD,1978,Methane (CH4) emissions from Building (Energy) (Mt CO2e),EN.GHG.CH4.BU.MT.CE.AR5,2.592
Bangladesh,BGD,1977,Methane (CH4) emissions from Building (Energy) (Mt CO2e),EN.GHG.CH4.BU.MT.CE.AR5,2.5546
Bangladesh,BGD,1976,Methane (CH4) emissions from Building (Energy) (Mt CO2e),EN.GHG.CH4.BU.MT.CE.AR5,2.5062
Bangladesh,BGD,1975,Methane (CH4) emissions from Building (Energy) (Mt CO2e),EN.GHG.CH4.BU.MT.CE.AR5,2.4628
Bangladesh,BGD,1974,Methane (CH4) emissions from Building (Energy) (Mt CO2e),EN.GHG.CH4.BU.MT.CE.AR5,2.4063
Bangladesh,BGD,1973,Methane (CH4) emissions from Building (Energy) (Mt CO2e),EN.GHG.CH4.BU.MT.CE.AR5,2.3759
Bangladesh,BGD,1972,Methane (CH4) emissions from Building (Energy) (Mt CO2e),EN.GHG.CH4.BU.MT.CE.AR5,2.3256
Bangladesh,BGD,1971,Methane (CH4) emissions from Building (Energy) (Mt CO2e),EN.GHG.CH4.BU.MT.CE.AR5,2.26
Bangladesh,BGD,1970,Methane (CH4) emissions from Building (Energy) (Mt CO2e),EN.GHG.CH4.BU.MT.CE.AR5,2.26
Bangladesh,BGD,2024,Methane (CH4) emissions from Fugitive Emissions (Energy) (Mt CO2e),EN.GHG.CH4.FE.MT.CE.AR5,2.1982
Bangladesh,BGD,2023,Methane (CH4) emissions from Fugitive Emissions (Energy) (Mt CO2e),EN.GHG.CH4.FE.MT.CE.AR5,2.3013
Bangladesh,BGD,2022,Methane (CH4) emissions from Fugitive Emissions (Energy) (Mt CO2e),EN.GHG.CH4.FE.MT.CE.AR5,2.2829
Bangladesh,BGD,2021,Methane (CH4) emissions from Fugitive Emissions (Energy) (Mt CO2e),EN.GHG.CH4.FE.MT.CE.AR5,2.4904
Bangladesh,BGD,2020,Methane (CH4) emissions from Fugitive Emissions (Energy) (Mt CO2e),EN.GHG.CH4.FE.MT.CE.AR5,2.5013
Bangladesh,BGD,2019,Methane (CH4) emissions from Fugitive Emissions (Energy) (Mt CO2e),EN.GHG.CH4.FE.MT.CE.AR5,2.6477
Bangladesh,BGD,2018,Methane (CH4) emissions from Fugitive Emissions (Energy) (Mt CO2e),EN.GHG.CH4.FE.MT.CE.AR5,2.7104
Bangladesh,BGD,2017,Methane (CH4) emissions from Fugitive Emissions (Energy) (Mt CO2e),EN.GHG.CH4.FE.MT.CE.AR5,2.8169
Bangladesh,BGD,2016,Methane (CH4) emissions from Fugitive Emissions (Energy) (Mt CO2e),EN.GHG.CH4.FE.MT.CE.AR5,2.7586
Bangladesh,BGD,2015,Methane (CH4) emissions from Fugitive Emissions (Energy) (Mt CO2e),EN.GHG.CH4.FE.MT.CE.AR5,2.4643
Bangladesh,BGD,2014,Methane (CH4) emissions from Fugitive Emissions (Energy) (Mt CO2e),EN.GHG.CH4.FE.MT.CE.AR5,2.44
Bangladesh,BGD,2013,Methane (CH4) emissions from Fugitive Emissions (Energy) (Mt CO2e),EN.GHG.CH4.FE.MT.CE.AR5,2.3717
Bangladesh,BGD,2012,Methane (CH4) emissions from Fugitive Emissions (Energy) (Mt CO2e),EN.GHG.CH4.FE.MT.CE.AR5,2.2353
Bangladesh,BGD,2011,Methane (CH4) emissions from Fugitive Emissions (Energy) (Mt CO2e),EN.GHG.CH4.FE.MT.CE.AR5,2.1086
Bangladesh,BGD,2010,Methane (CH4) emissions from Fugitive Emissions (Energy) (Mt CO2e),EN.GHG.CH4.FE.MT.CE.AR5,2.1117
Bangladesh,BGD,2009,Methane (CH4) emissions from Fugitive Emissions (Energy) (Mt CO2e),EN.GHG.CH4.FE.MT.CE.AR5,2.0626
Bangladesh,BGD,2008,Methane (CH4) emissions from Fugitive Emissions (Energy) (Mt CO2e),EN.GHG.CH4.FE.MT.CE.AR5,1.9156
Bangladesh,BGD,2007,Methane (CH4) emissions from Fugitive Emissions (Energy) (Mt CO2e),EN.GHG.CH4.FE.MT.CE.AR5,1.7202
Bangladesh,BGD,2006,Methane (CH4) emissions from Fugitive Emissions (Energy) (Mt CO2e),EN.GHG.CH4.FE.MT.CE.AR5,1.6212
Bangladesh,BGD,2005,Methane (CH4) emissions from Fugitive Emissions (Energy) (Mt CO2e),EN.GHG.CH4.FE.MT.CE.AR5,1.4539
Bangladesh,BGD,2004,Methane (CH4) emissions from Fugitive Emissions (Energy) (Mt CO2e),EN.GHG.CH4.FE.MT.CE.AR5,1.3207
Bangladesh,BGD,2003,Methane (CH4) emissions from Fugitive Emissions (Energy) (Mt CO2e),EN.GHG.CH4.FE.MT.CE.AR5,1.2534
Bangladesh,BGD,2002,Methane (CH4) emissions from Fugitive Emissions (Energy) (Mt CO2e),EN.GHG.CH4.FE.MT.CE.AR5,1.1859
Bangladesh,BGD,2001,Methane (CH4) emissions from Fugitive Emissions (Energy) (Mt CO2e),EN.GHG.CH4.FE.MT.CE.AR5,1.1245
Bangladesh,BGD,2000,Methane (CH4) emissions from Fugitive Emissions (Energy) (Mt CO2e),EN.GHG.CH4.FE.MT.CE.AR5,1.0351
Bangladesh,BGD,1999,Methane (CH4) emissions from Fugitive Emissions (Energy) (Mt CO2e),EN.GHG.CH4.FE.MT.CE.AR5,0.968
Bangladesh,BGD,1998,Methane (CH4) emissions from Fugitive Emissions (Energy) (Mt CO2e),EN.GHG.CH4.FE.MT.CE.AR5,0.9047
Bangladesh,BGD,1997,Methane (CH4) emissions from Fugitive Emissions (Energy) (Mt CO2e),EN.GHG.CH4.FE.MT.CE.AR5,0.853
Bangladesh,BGD,1996,Methane (CH4) emissions from Fugitive Emissions (Energy) (Mt CO2e),EN.GHG.CH4.FE.MT.CE.AR5,0.8496
Bangladesh,BGD,1995,Methane (CH4) emissions from Fugitive Emissions (Energy) (Mt CO2e),EN.GHG.CH4.FE.MT.CE.AR5,0.803
Bangladesh,BGD,1994,Methane (CH4) emissions from Fugitive Emissions (Energy) (Mt CO2e),EN.GHG.CH4.FE.MT.CE.AR5,0.7972
Bangladesh,BGD,1993,Methane (CH4) emissions from Fugitive Emissions (Energy) (Mt CO2e),EN.GHG.CH4.FE.MT.CE.AR5,0.6943
Bangladesh,BGD,1992,Methane (CH4) emissions from Fugitive Emissions (Energy) (Mt CO2e),EN.GHG.CH4.FE.MT.CE.AR5,0.6922
Bangladesh,BGD,1991,Methane (CH4) emissions from Fugitive Emissions (Energy) (Mt CO2e),EN.GHG.CH4.FE.MT.CE.AR5,0.6284
Bangladesh,BGD,1990,Methane (CH4) emissions from Fugitive Emissions (Energy) (Mt CO2e),EN.GHG.CH4.FE.MT.CE.AR5,0.5946
Bangladesh,BGD,1989,Methane (CH4) emissions from Fugitive Emissions (Energy) (Mt CO2e),EN.GHG.CH4.FE.MT.CE.AR5,0.5954
Bangladesh,BGD,1988,Methane (CH4) emissions from Fugitive Emissions (Energy) (Mt CO2e),EN.GHG.CH4.FE.MT.CE.AR5,0.5758
Bangladesh,BGD,1987,Methane (CH4) emissions from Fugitive Emissions (Energy) (Mt CO2e),EN.GHG.CH4.FE.MT.CE.AR5,0.5102
Bangladesh,BGD,1986,Methane (CH4) emissions from Fugitive Emissions (Energy) (Mt CO2e),EN.GHG.CH4.FE.MT.CE.AR5,0.4788
Bangladesh,BGD,1985,Methane (CH4) emissions from Fugitive Emissions (Energy) (Mt CO2e),EN.GHG.CH4.FE.MT.CE.AR5,0.4524
Bangladesh,BGD,1984,Methane (CH4) emissions from Fugitive Emissions (Energy) (Mt CO2e),EN.GHG.CH4.FE.MT.CE.AR5,0.408
Bangladesh,BGD,1983,Methane (CH4) emissions from Fugitive Emissions (Energy) (Mt CO2e),EN.GHG.CH4.FE.MT.CE.AR5,0.3928
Bangladesh,BGD,1982,Methane (CH4) emissions from Fugitive Emissions (Energy) (Mt CO2e),EN.GHG.CH4.FE.MT.CE.AR5,0.358
Bangladesh,BGD,1981,Methane (CH4) emissions from Fugitive Emissions (Energy) (Mt CO2e),EN.GHG.CH4.FE.MT.CE.AR5,0.1346
Bangladesh,BGD,1980,Methane (CH4) emissions from Fugitive Emissions (Energy) (Mt CO2e),EN.GHG.CH4.FE.MT.CE.AR5,0.1246
Bangladesh,BGD,1979,Methane (CH4) emissions from Fugitive Emissions (Energy) (Mt CO2e),EN.GHG.CH4.FE.MT.CE.AR5,0.1048
Bangladesh,BGD,1978,Methane (CH4) emissions from Fugitive Emissions (Energy) (Mt CO2e),EN.GHG.CH4.FE.MT.CE.AR5,0.0937
Bangladesh,BGD,1977,Methane (CH4) emissions from Fugitive Emissions (Energy) (Mt CO2e),EN.GHG.CH4.FE.MT.CE.AR5,0.0876
Bangladesh,BGD,1976,Methane (CH4) emissions from Fugitive Emissions (Energy) (Mt CO2e),EN.GHG.CH4.FE.MT.CE.AR5,0.076
Bangladesh,BGD,1975,Methane (CH4) emissions from Fugitive Emissions (Energy) (Mt CO2e),EN.GHG.CH4.FE.MT.CE.AR5,0.0588
Bangladesh,BGD,1974,Methane (CH4) emissions from Fugitive Emissions (Energy) (Mt CO2e),EN.GHG.CH4.FE.MT.CE.AR5,0.0678
Bangladesh,BGD,1973,Methane (CH4) emissions from Fugitive Emissions (Energy) (Mt CO2e),EN.GHG.CH4.FE.MT.CE.AR5,0.0652
Bangladesh,BGD,1972,Methane (CH4) emissions from Fugitive Emissions (Energy) (Mt CO2e),EN.GHG.CH4.FE.MT.CE.AR5,0.055
Bangladesh,BGD,1971,Methane (CH4) emissions from Fugitive Emissions (Energy) (Mt CO2e),EN.GHG.CH4.FE.MT.CE.AR5,0.0539
Bangladesh,BGD,1970,Methane (CH4) emissions from Fugitive Emissions (Energy) (Mt CO2e),EN.GHG.CH4.FE.MT.CE.AR5,0.0531
Bangladesh,BGD,2024,Methane (CH4) emissions from Industrial Combustion (Energy) (Mt CO2e),EN.GHG.CH4.IC.MT.CE.AR5,0.0339
Bangladesh,BGD,2023,Methane (CH4) emissions from Industrial Combustion (Energy) (Mt CO2e),EN.GHG.CH4.IC.MT.CE.AR5,0.0316
Bangladesh,BGD,2022,Methane (CH4) emissions from Industrial Combustion (Energy) (Mt CO2e),EN.GHG.CH4.IC.MT.CE.AR5,0.024
Bangladesh,BGD,2021,Methane (CH4) emissions from Industrial Combustion (Energy) (Mt CO2e),EN.GHG.CH4.IC.MT.CE.AR5,0.0298
Bangladesh,BGD,2020,Methane (CH4) emissions from Industrial Combustion (Energy) (Mt CO2e),EN.GHG.CH4.IC.MT.CE.AR5,0.0296
Bangladesh,BGD,2019,Methane (CH4) emissions from Industrial Combustion (Energy) (Mt CO2e),EN.GHG.CH4.IC.MT.CE.AR5,0.0297
Bangladesh,BGD,2018,Methane (CH4) emissions from Industrial Combustion (Energy) (Mt CO2e),EN.GHG.CH4.IC.MT.CE.AR5,0.0252
Bangladesh,BGD,2017,Methane (CH4) emissions from Industrial Combustion (Energy) (Mt CO2e),EN.GHG.CH4.IC.MT.CE.AR5,0.0291
Bangladesh,BGD,2016,Methane (CH4) emissions from Industrial Combustion (Energy) (Mt CO2e),EN.GHG.CH4.IC.MT.CE.AR5,0.0228
Bangladesh,BGD,2015,Methane (CH4) emissions from Industrial Combustion (Energy) (Mt CO2e),EN.GHG.CH4.IC.MT.CE.AR5,0.0182
Bangladesh,BGD,2014,Methane (CH4) emissions from Industrial Combustion (Energy) (Mt CO2e),EN.GHG.CH4.IC.MT.CE.AR5,0.0113
Bangladesh,BGD,2013,Methane (CH4) emissions from Industrial Combustion (Energy) (Mt CO2e),EN.GHG.CH4.IC.MT.CE.AR5,0.0125
Bangladesh,BGD,2012,Methane (CH4) emissions from Industrial Combustion (Energy) (Mt CO2e),EN.GHG.CH4.IC.MT.CE.AR5,0.0121
Bangladesh,BGD,2011,Methane (CH4) emissions from Industrial Combustion (Energy) (Mt CO2e),EN.GHG.CH4.IC.MT.CE.AR5,0.0102
Bangladesh,BGD,2010,Methane (CH4) emissions from Industrial Combustion (Energy) (Mt CO2e),EN.GHG.CH4.IC.MT.CE.AR5,0.0105
Bangladesh,BGD,2009,Methane (CH4) emissions from Industrial Combustion (Energy) (Mt CO2e),EN.GHG.CH4.IC.MT.CE.AR5,0.0096
Bangladesh,BGD,2008,Methane (CH4) emissions from Industrial Combustion (Energy) (Mt CO2e),EN.GHG.CH4.IC.MT.CE.AR5,0.0079
Bangladesh,BGD,2007,Methane (CH4) emissions from Industrial Combustion (Energy) (Mt CO2e),EN.GHG.CH4.IC.MT.CE.AR5,0.0071
Bangladesh,BGD,2006,Methane (CH4) emissions from Industrial Combustion (Energy) (Mt CO2e),EN.GHG.CH4.IC.MT.CE.AR5,0.0069
Bangladesh,BGD,2005,Methane (CH4) emissions from Industrial Combustion (Energy) (Mt CO2e),EN.GHG.CH4.IC.MT.CE.AR5,0.007
Bangladesh,BGD,2004,Methane (CH4) emissions from Industrial Combustion (Energy) (Mt CO2e),EN.GHG.CH4.IC.MT.CE.AR5,0.006
Bangladesh,BGD,2003,Methane (CH4) emissions from Industrial Combustion (Energy) (Mt CO2e),EN.GHG.CH4.IC.MT.CE.AR5,0.007
Bangladesh,BGD,2002,Methane (CH4) emissions from Industrial Combustion (Energy) (Mt CO2e),EN.GHG.CH4.IC.MT.CE.AR5,0.0066
Bangladesh,BGD,2001,Methane (CH4) emissions from Industrial Combustion (Energy) (Mt CO2e),EN.GHG.CH4.IC.MT.CE.AR5,0.0059
Bangladesh,BGD,2000,Methane (CH4) emissions from Industrial Combustion (Energy) (Mt CO2e),EN.GHG.CH4.IC.MT.CE.AR5,0.003
Bangladesh,BGD,1999,Methane (CH4) emissions from Industrial Combustion (Energy) (Mt CO2e),EN.GHG.CH4.IC.MT.CE.AR5,0.0028
Bangladesh,BGD,1998,Methane (CH4) emissions from Industrial Combustion (Energy) (Mt CO2e),EN.GHG.CH4.IC.MT.CE.AR5,0.0032
Bangladesh,BGD,1997,Methane (CH4) emissions from Industrial Combustion (Energy) (Mt CO2e),EN.GHG.CH4.IC.MT.CE.AR5,0.0058
Bangladesh,BGD,1996,Methane (CH4) emissions from Industrial Combustion (Energy) (Mt CO2e),EN.GHG.CH4.IC.MT.CE.AR5,0.0047
Bangladesh,BGD,1995,Methane (CH4) emissions from Industrial Combustion (Energy) (Mt CO2e),EN.GHG.CH4.IC.MT.CE.AR5,0.0078
Bangladesh,BGD,1994,Methane (CH4) emissions from Industrial Combustion (Energy) (Mt CO2e),EN.GHG.CH4.IC.MT.CE.AR5,0.0041
Bangladesh,BGD,1993,Methane (CH4) emissions from Industrial Combustion (Energy) (Mt CO2e),EN.GHG.CH4.IC.MT.CE.AR5,0.0039
Bangladesh,BGD,1992,Methane (CH4) emissions from Industrial Combustion (Energy) (Mt CO2e),EN.GHG.CH4.IC.MT.CE.AR5,0.0044
Bangladesh,BGD,1991,Methane (CH4) emissions from Industrial Combustion (Energy) (Mt CO2e),EN.GHG.CH4.IC.MT.CE.AR5,0.0046
Bangladesh,BGD,1990,Methane (CH4) emissions from Industrial Combustion (Energy) (Mt CO2e),EN.GHG.CH4.IC.MT.CE.AR5,0.0067
Bangladesh,BGD,1989,Methane (CH4) emissions from Industrial Combustion (Energy) (Mt CO2e),EN.GHG.CH4.IC.MT.CE.AR5,0.0048
Bangladesh,BGD,1988,Methane (CH4) emissions from Industrial Combustion (Energy) (Mt CO2e),EN.GHG.CH4.IC.MT.CE.AR5,0.0046
Bangladesh,BGD,1987,Methane (CH4) emissions from Industrial Combustion (Energy) (Mt CO2e),EN.GHG.CH4.IC.MT.CE.AR5,0.0048
Bangladesh,BGD,1986,Methane (CH4) emissions from Industrial Combustion (Energy) (Mt CO2e),EN.GHG.CH4.IC.MT.CE.AR5,0.0042
Bangladesh,BGD,1985,Methane (CH4) emissions from Industrial Combustion (Energy) (Mt CO2e),EN.GHG.CH4.IC.MT.CE.AR5,0.004
Bangladesh,BGD,1984,Methane (CH4) emissions from Industrial Combustion (Energy) (Mt CO2e),EN.GHG.CH4.IC.MT.CE.AR5,0.004
Bangladesh,BGD,1983,Methane (CH4) emissions from Industrial Combustion (Energy) (Mt CO2e),EN.GHG.CH4.IC.MT.CE.AR5,0.0046
Bangladesh,BGD,1982,Methane (CH4) emissions from Industrial Combustion (Energy) (Mt CO2e),EN.GHG.CH4.IC.MT.CE.AR5,0.0055
Bangladesh,BGD,1981,Methane (CH4) emissions from Industrial Combustion (Energy) (Mt CO2e),EN.GHG.CH4.IC.MT.CE.AR5,0.0053
Bangladesh,BGD,1980,Methane (CH4) emissions from Industrial Combustion (Energy) (Mt CO2e),EN.GHG.CH4.IC.MT.CE.AR5,0.0055
Bangladesh,BGD,1979,Methane (CH4) emissions from Industrial Combustion (Energy) (Mt CO2e),EN.GHG.CH4.IC.MT.CE.AR5,0.0048
Bangladesh,BGD,1978,Methane (CH4) emissions from Industrial Combustion (Energy) (Mt CO2e),EN.GHG.CH4.IC.MT.CE.AR5,0.0051
Bangladesh,BGD,1977,Methane (CH4) emissions from Industrial Combustion (Energy) (Mt CO2e),EN.GHG.CH4.IC.MT.CE.AR5,0.0051
Bangladesh,BGD,1976,Methane (CH4) emissions from Industrial Combustion (Energy) (Mt CO2e),EN.GHG.CH4.IC.MT.CE.AR5,0.0051
Bangladesh,BGD,1975,Methane (CH4) emissions from Industrial Combustion (Energy) (Mt CO2e),EN.GHG.CH4.IC.MT.CE.AR5,0.0051
Bangladesh,BGD,1974,Methane (CH4) emissions from Industrial Combustion (Energy) (Mt CO2e),EN.GHG.CH4.IC.MT.CE.AR5,0.0048
Bangladesh,BGD,1973,Methane (CH4) emissions from Industrial Combustion (Energy) (Mt CO2e),EN.GHG.CH4.IC.MT.CE.AR5,0.0048
Bangladesh,BGD,1972,Methane (CH4) emissions from Industrial Combustion (Energy) (Mt CO2e),EN.GHG.CH4.IC.MT.CE.AR5,0.0043
Bangladesh,BGD,1971,Methane (CH4) emissions from Industrial Combustion (Energy) (Mt CO2e),EN.GHG.CH4.IC.MT.CE.AR5,0.0043
Bangladesh,BGD,1970,Methane (CH4) emissions from Industrial Combustion (Energy) (Mt CO2e),EN.GHG.CH4.IC.MT.CE.AR5,0.0043
Bangladesh,BGD,2024,Methane (CH4) emissions from Industrial Processes (Mt CO2e),EN.GHG.CH4.IP.MT.CE.AR5,0
Bangladesh,BGD,2023,Methane (CH4) emissions from Industrial Processes (Mt CO2e),EN.GHG.CH4.IP.MT.CE.AR5,0
Bangladesh,BGD,2022,Methane (CH4) emissions from Industrial Processes (Mt CO2e),EN.GHG.CH4.IP.MT.CE.AR5,0
Bangladesh,BGD,2021,Methane (CH4) emissions from Industrial Processes (Mt CO2e),EN.GHG.CH4.IP.MT.CE.AR5,0
Bangladesh,BGD,2020,Methane (CH4) emissions from Industrial Processes (Mt CO2e),EN.GHG.CH4.IP.MT.CE.AR5,0
Bangladesh,BGD,2019,Methane (CH4) emissions from Industrial Processes (Mt CO2e),EN.GHG.CH4.IP.MT.CE.AR5,0
Bangladesh,BGD,2018,Methane (CH4) emissions from Industrial Processes (Mt CO2e),EN.GHG.CH4.IP.MT.CE.AR5,0
Bangladesh,BGD,2017,Methane (CH4) emissions from Industrial Processes (Mt CO2e),EN.GHG.CH4.IP.MT.CE.AR5,0
Bangladesh,BGD,2016,Methane (CH4) emissions from Industrial Processes (Mt CO2e),EN.GHG.CH4.IP.MT.CE.AR5,0
Bangladesh,BGD,2015,Methane (CH4) emissions from Industrial Processes (Mt CO2e),EN.GHG.CH4.IP.MT.CE.AR5,0
Bangladesh,BGD,2014,Methane (CH4) emissions from Industrial Processes (Mt CO2e),EN.GHG.CH4.IP.MT.CE.AR5,0
Bangladesh,BGD,2013,Methane (CH4) emissions from Industrial Processes (Mt CO2e),EN.GHG.CH4.IP.MT.CE.AR5,0
Bangladesh,BGD,2012,Methane (CH4) emissions from Industrial Processes (Mt CO2e),EN.GHG.CH4.IP.MT.CE.AR5,0
Bangladesh,BGD,2011,Methane (CH4) emissions from Industrial Processes (Mt CO2e),EN.GHG.CH4.IP.MT.CE.AR5,0
Bangladesh,BGD,2010,Methane (CH4) emissions from Industrial Processes (Mt CO2e),EN.GHG.CH4.IP.MT.CE.AR5,0
Bangladesh,BGD,2009,Methane (CH4) emissions from Industrial Processes (Mt CO2e),EN.GHG.CH4.IP.MT.CE.AR5,0
Bangladesh,BGD,2008,Methane (CH4) emissions from Industrial Processes (Mt CO2e),EN.GHG.CH4.IP.MT.CE.AR5,0.0001
Bangladesh,BGD,2007,Methane (CH4) emissions from Industrial Processes (Mt CO2e),EN.GHG.CH4.IP.MT.CE.AR5,0.0001
Bangladesh,BGD,2006,Methane (CH4) emissions from Industrial Processes (Mt CO2e),EN.GHG.CH4.IP.MT.CE.AR5,0.0001
Bangladesh,BGD,2005,Methane (CH4) emissions from Industrial Processes (Mt CO2e),EN.GHG.CH4.IP.MT.CE.AR5,0.0001
Bangladesh,BGD,2004,Methane (CH4) emissions from Industrial Processes (Mt CO2e),EN.GHG.CH4.IP.MT.CE.AR5,0.0001
Bangladesh,BGD,2003,Methane (CH4) emissions from Industrial Processes (Mt CO2e),EN.GHG.CH4.IP.MT.CE.AR5,0.0001
Bangladesh,BGD,2002,Methane (CH4) emissions from Industrial Processes (Mt CO2e),EN.GHG.CH4.IP.MT.CE.AR5,0.0001
Bangladesh,BGD,2001,Methane (CH4) emissions from Industrial Processes (Mt CO2e),EN.GHG.CH4.IP.MT.CE.AR5,0.0001
Bangladesh,BGD,2000,Methane (CH4) emissions from Industrial Processes (Mt CO2e),EN.GHG.CH4.IP.MT.CE.AR5,0.0001
Bangladesh,BGD,1999,Methane (CH4) emissions from Industrial Processes (Mt CO2e),EN.GHG.CH4.IP.MT.CE.AR5,0.0001
Bangladesh,BGD,1998,Methane (CH4) emissions from Industrial Processes (Mt CO2e),EN.GHG.CH4.IP.MT.CE.AR5,0.0001
Bangladesh,BGD,1997,Methane (CH4) emissions from Industrial Processes (Mt CO2e),EN.GHG.CH4.IP.MT.CE.AR5,0.0001
Bangladesh,BGD,1996,Methane (CH4) emissions from Industrial Processes (Mt CO2e),EN.GHG.CH4.IP.MT.CE.AR5,0.0001
Bangladesh,BGD,1995,Methane (CH4) emissions from Industrial Processes (Mt CO2e),EN.GHG.CH4.IP.MT.CE.AR5,0.0001
Bangladesh,BGD,1994,Methane (CH4) emissions from Industrial Processes (Mt CO2e),EN.GHG.CH4.IP.MT.CE.AR5,0.0001
Bangladesh,BGD,1993,Methane (CH4) emissions from Industrial Processes (Mt CO2e),EN.GHG.CH4.IP.MT.CE.AR5,0.0001
Bangladesh,BGD,1992,Methane (CH4) emissions from Industrial Processes (Mt CO2e),EN.GHG.CH4.IP.MT.CE.AR5,0.0001
Bangladesh,BGD,1991,Methane (CH4) emissions from Industrial Processes (Mt CO2e),EN.GHG.CH4.IP.MT.CE.AR5,0.0001
Bangladesh,BGD,1990,Methane (CH4) emissions from Industrial Processes (Mt CO2e),EN.GHG.CH4.IP.MT.CE.AR5,0.0002
Bangladesh,BGD,1989,Methane (CH4) emissions from Industrial Processes (Mt CO2e),EN.GHG.CH4.IP.MT.CE.AR5,0.0002
Bangladesh,BGD,1988,Methane (CH4) emissions from Industrial Processes (Mt CO2e),EN.GHG.CH4.IP.MT.CE.AR5,0.0001
Bangladesh,BGD,1987,Methane (CH4) emissions from Industrial Processes (Mt CO2e),EN.GHG.CH4.IP.MT.CE.AR5,0.0002
Bangladesh,BGD,1986,Methane (CH4) emissions from Industrial Processes (Mt CO2e),EN.GHG.CH4.IP.MT.CE.AR5,0.0002
Bangladesh,BGD,1985,Methane (CH4) emissions from Industrial Processes (Mt CO2e),EN.GHG.CH4.IP.MT.CE.AR5,0.0002
Bangladesh,BGD,1984,Methane (CH4) emissions from Industrial Processes (Mt CO2e),EN.GHG.CH4.IP.MT.CE.AR5,0.0002
Bangladesh,BGD,1983,Methane (CH4) emissions from Industrial Processes (Mt CO2e),EN.GHG.CH4.IP.MT.CE.AR5,0.0001
Bangladesh,BGD,1982,Methane (CH4) emissions from Industrial Processes (Mt CO2e),EN.GHG.CH4.IP.MT.CE.AR5,0.0002
Bangladesh,BGD,1981,Methane (CH4) emissions from Industrial Processes (Mt CO2e),EN.GHG.CH4.IP.MT.CE.AR5,0.0003
Bangladesh,BGD,1980,Methane (CH4) emissions from Industrial Processes (Mt CO2e),EN.GHG.CH4.IP.MT.CE.AR5,0.0003
Bangladesh,BGD,1979,Methane (CH4) emissions from Industrial Processes (Mt CO2e),EN.GHG.CH4.IP.MT.CE.AR5,0.0002
Bangladesh,BGD,1978,Methane (CH4) emissions from Industrial Processes (Mt CO2e),EN.GHG.CH4.IP.MT.CE.AR5,0.0002
Bangladesh,BGD,1977,Methane (CH4) emissions from Industrial Processes (Mt CO2e),EN.GHG.CH4.IP.MT.CE.AR5,0.0002
Bangladesh,BGD,1976,Methane (CH4) emissions from Industrial Processes (Mt CO2e),EN.GHG.CH4.IP.MT.CE.AR5,0.0002
Bangladesh,BGD,1975,Methane (CH4) emissions from Industrial Processes (Mt CO2e),EN.GHG.CH4.IP.MT.CE.AR5,0.0001
Bangladesh,BGD,1974,Methane (CH4) emissions from Industrial Processes (Mt CO2e),EN.GHG.CH4.IP.MT.CE.AR5,0.0001
Bangladesh,BGD,1973,Methane (CH4) emissions from Industrial Processes (Mt CO2e),EN.GHG.CH4.IP.MT.CE.AR5,0.0001
Bangladesh,BGD,1972,Methane (CH4) emissions from Industrial Processes (Mt CO2e),EN.GHG.CH4.IP.MT.CE.AR5,0.0002
Bangladesh,BGD,1971,Methane (CH4) emissions from Industrial Processes (Mt CO2e),EN.GHG.CH4.IP.MT.CE.AR5,0.0002
Bangladesh,BGD,1970,Methane (CH4) emissions from Industrial Processes (Mt CO2e),EN.GHG.CH4.IP.MT.CE.AR5,0.0003
Bangladesh,BGD,2024,Methane (CH4) emissions (total) excluding LULUCF (Mt CO2e),EN.GHG.CH4.MT.CE.AR5,70.4554
Bangladesh,BGD,2023,Methane (CH4) emissions (total) excluding LULUCF (Mt CO2e),EN.GHG.CH4.MT.CE.AR5,71.0776
Bangladesh,BGD,2022,Methane (CH4) emissions (total) excluding LULUCF (Mt CO2e),EN.GHG.CH4.MT.CE.AR5,74.9812
Bangladesh,BGD,2021,Methane (CH4) emissions (total) excluding LULUCF (Mt CO2e),EN.GHG.CH4.MT.CE.AR5,74.2916
Bangladesh,BGD,2020,Methane (CH4) emissions (total) excluding LULUCF (Mt CO2e),EN.GHG.CH4.MT.CE.AR5,72.828
Bangladesh,BGD,2019,Methane (CH4) emissions (total) excluding LULUCF (Mt CO2e),EN.GHG.CH4.MT.CE.AR5,71.1558
Bangladesh,BGD,2018,Methane (CH4) emissions (total) excluding LULUCF (Mt CO2e),EN.GHG.CH4.MT.CE.AR5,70.4661
Bangladesh,BGD,2017,Methane (CH4) emissions (total) excluding LULUCF (Mt CO2e),EN.GHG.CH4.MT.CE.AR5,70.2889
Bangladesh,BGD,2016,Methane (CH4) emissions (total) excluding LULUCF (Mt CO2e),EN.GHG.CH4.MT.CE.AR5,68.789
Bangladesh,BGD,2015,Methane (CH4) emissions (total) excluding LULUCF (Mt CO2e),EN.GHG.CH4.MT.CE.AR5,68.6528
Bangladesh,BGD,2014,Methane (CH4) emissions (total) excluding LULUCF (Mt CO2e),EN.GHG.CH4.MT.CE.AR5,68.182
Bangladesh,BGD,2013,Methane (CH4) emissions (total) excluding LULUCF (Mt CO2e),EN.GHG.CH4.MT.CE.AR5,67.5772
Bangladesh,BGD,2012,Methane (CH4) emissions (total) excluding LULUCF (Mt CO2e),EN.GHG.CH4.MT.CE.AR5,66.9617
Bangladesh,BGD,2011,Methane (CH4) emissions (total) excluding LULUCF (Mt CO2e),EN.GHG.CH4.MT.CE.AR5,66.3234
Bangladesh,BGD,2010,Methane (CH4) emissions (total) excluding LULUCF (Mt CO2e),EN.GHG.CH4.MT.CE.AR5,65.636
Bangladesh,BGD,2009,Methane (CH4) emissions (total) excluding LULUCF (Mt CO2e),EN.GHG.CH4.MT.CE.AR5,64.5897
Bangladesh,BGD,2008,Methane (CH4) emissions (total) excluding LULUCF (Mt CO2e),EN.GHG.CH4.MT.CE.AR5,63.6374
Bangladesh,BGD,2007,Methane (CH4) emissions (total) excluding LULUCF (Mt CO2e),EN.GHG.CH4.MT.CE.AR5,61.5869
Bangladesh,BGD,2006,Methane (CH4) emissions (total) excluding LULUCF (Mt CO2e),EN.GHG.CH4.MT.CE.AR5,60.726
Bangladesh,BGD,2005,Methane (CH4) emissions (total) excluding LULUCF (Mt CO2e),EN.GHG.CH4.MT.CE.AR5,59.7288
Bangladesh,BGD,2004,Methane (CH4) emissions (total) excluding LULUCF (Mt CO2e),EN.GHG.CH4.MT.CE.AR5,58.5131
Bangladesh,BGD,2003,Methane (CH4) emissions (total) excluding LULUCF (Mt CO2e),EN.GHG.CH4.MT.CE.AR5,58.5887
Bangladesh,BGD,2002,Methane (CH4) emissions (total) excluding LULUCF (Mt CO2e),EN.GHG.CH4.MT.CE.AR5,57.8131
Bangladesh,BGD,2001,Methane (CH4) emissions (total) excluding LULUCF (Mt CO2e),EN.GHG.CH4.MT.CE.AR5,56.7731
Bangladesh,BGD,2000,Methane (CH4) emissions (total) excluding LULUCF (Mt CO2e),EN.GHG.CH4.MT.CE.AR5,56.4779
Bangladesh,BGD,1999,Methane (CH4) emissions (total) excluding LULUCF (Mt CO2e),EN.GHG.CH4.MT.CE.AR5,55.5001
Bangladesh,BGD,1998,Methane (CH4) emissions (total) excluding LULUCF (Mt CO2e),EN.GHG.CH4.MT.CE.AR5,53.6279
Bangladesh,BGD,1997,Methane (CH4) emissions (total) excluding LULUCF (Mt CO2e),EN.GHG.CH4.MT.CE.AR5,53.2907
Bangladesh,BGD,1996,Methane (CH4) emissions (total) excluding LULUCF (Mt CO2e),EN.GHG.CH4.MT.CE.AR5,52.3013
Bangladesh,BGD,1995,Methane (CH4) emissions (total) excluding LULUCF (Mt CO2e),EN.GHG.CH4.MT.CE.AR5,51.7627
Bangladesh,BGD,1994,Methane (CH4) emissions (total) excluding LULUCF (Mt CO2e),EN.GHG.CH4.MT.CE.AR5,50.6234
Bangladesh,BGD,1993,Methane (CH4) emissions (total) excluding LULUCF (Mt CO2e),EN.GHG.CH4.MT.CE.AR5,49.4649
Bangladesh,BGD,1992,Methane (CH4) emissions (total) excluding LULUCF (Mt CO2e),EN.GHG.CH4.MT.CE.AR5,49.2021
Bangladesh,BGD,1991,Methane (CH4) emissions (total) excluding LULUCF (Mt CO2e),EN.GHG.CH4.MT.CE.AR5,48.4708
Bangladesh,BGD,1990,Methane (CH4) emissions (total) excluding LULUCF (Mt CO2e),EN.GHG.CH4.MT.CE.AR5,48.3155
Bangladesh,BGD,1989,Methane (CH4) emissions (total) excluding LULUCF (Mt CO2e),EN.GHG.CH4.MT.CE.AR5,47.5344
Bangladesh,BGD,1988,Methane (CH4) emissions (total) excluding LULUCF (Mt CO2e),EN.GHG.CH4.MT.CE.AR5,46.304
Bangladesh,BGD,1987,Methane (CH4) emissions (total) excluding LULUCF (Mt CO2e),EN.GHG.CH4.MT.CE.AR5,45.4409
Bangladesh,BGD,1986,Methane (CH4) emissions (total) excluding LULUCF (Mt CO2e),EN.GHG.CH4.MT.CE.AR5,45.3494
Bangladesh,BGD,1985,Methane (CH4) emissions (total) excluding LULUCF (Mt CO2e),EN.GHG.CH4.MT.CE.AR5,44.2593
Bangladesh,BGD,1984,Methane (CH4) emissions (total) excluding LULUCF (Mt CO2e),EN.GHG.CH4.MT.CE.AR5,43.1194
Bangladesh,BGD,1983,Methane (CH4) emissions (total) excluding LULUCF (Mt CO2e),EN.GHG.CH4.MT.CE.AR5,41.9772
Bangladesh,BGD,1982,Methane (CH4) emissions (total) excluding LULUCF (Mt CO2e),EN.GHG.CH4.MT.CE.AR5,42.5686
Bangladesh,BGD,1981,Methane (CH4) emissions (total) excluding LULUCF (Mt CO2e),EN.GHG.CH4.MT.CE.AR5,41.5882
Bangladesh,BGD,1980,Methane (CH4) emissions (total) excluding LULUCF (Mt CO2e),EN.GHG.CH4.MT.CE.AR5,40.6988
Bangladesh,BGD,1979,Methane (CH4) emissions (total) excluding LULUCF (Mt CO2e),EN.GHG.CH4.MT.CE.AR5,47.3677
Bangladesh,BGD,1978,Methane (CH4) emissions (total) excluding LULUCF (Mt CO2e),EN.GHG.CH4.MT.CE.AR5,45.8539
Bangladesh,BGD,1977,Methane (CH4) emissions (total) excluding LULUCF (Mt CO2e),EN.GHG.CH4.MT.CE.AR5,42.7148
Bangladesh,BGD,1976,Methane (CH4) emissions (total) excluding LULUCF (Mt CO2e),EN.GHG.CH4.MT.CE.AR5,41.7547
Bangladesh,BGD,1975,Methane (CH4) emissions (total) excluding LULUCF (Mt CO2e),EN.GHG.CH4.MT.CE.AR5,41.5596
Bangladesh,BGD,1974,Methane (CH4) emissions (total) excluding LULUCF (Mt CO2e),EN.GHG.CH4.MT.CE.AR5,40.064
Bangladesh,BGD,1973,Methane (CH4) emissions (total) excluding LULUCF (Mt CO2e),EN.GHG.CH4.MT.CE.AR5,39.657
Bangladesh,BGD,1972,Methane (CH4) emissions (total) excluding LULUCF (Mt CO2e),EN.GHG.CH4.MT.CE.AR5,39.8623
Bangladesh,BGD,1971,Methane (CH4) emissions (total) excluding LULUCF (Mt CO2e),EN.GHG.CH4.MT.CE.AR5,39.2617
Bangladesh,BGD,1970,Methane (CH4) emissions (total) excluding LULUCF (Mt CO2e),EN.GHG.CH4.MT.CE.AR5,40.3614
Bangladesh,BGD,2024,Methane (CH4) emissions from Power Industry (Energy) (Mt CO2e),EN.GHG.CH4.PI.MT.CE.AR5,0.0703
Bangladesh,BGD,2023,Methane (CH4) emissions from Power Industry (Energy) (Mt CO2e),EN.GHG.CH4.PI.MT.CE.AR5,0.0682
Bangladesh,BGD,2022,Methane (CH4) emissions from Power Industry (Energy) (Mt CO2e),EN.GHG.CH4.PI.MT.CE.AR5,0.0725
Bangladesh,BGD,2021,Methane (CH4) emissions from Power Industry (Energy) (Mt CO2e),EN.GHG.CH4.PI.MT.CE.AR5,0.0668
Bangladesh,BGD,2020,Methane (CH4) emissions from Power Industry (Energy) (Mt CO2e),EN.GHG.CH4.PI.MT.CE.AR5,0.0572
Bangladesh,BGD,2019,Methane (CH4) emissions from Power Industry (Energy) (Mt CO2e),EN.GHG.CH4.PI.MT.CE.AR5,0.0592
Bangladesh,BGD,2018,Methane (CH4) emissions from Power Industry (Energy) (Mt CO2e),EN.GHG.CH4.PI.MT.CE.AR5,0.0561
Bangladesh,BGD,2017,Methane (CH4) emissions from Power Industry (Energy) (Mt CO2e),EN.GHG.CH4.PI.MT.CE.AR5,0.0527
Bangladesh,BGD,2016,Methane (CH4) emissions from Power Industry (Energy) (Mt CO2e),EN.GHG.CH4.PI.MT.CE.AR5,0.0473
Bangladesh,BGD,2015,Methane (CH4) emissions from Power Industry (Energy) (Mt CO2e),EN.GHG.CH4.PI.MT.CE.AR5,0.0407
Bangladesh,BGD,2014,Methane (CH4) emissions from Power Industry (Energy) (Mt CO2e),EN.GHG.CH4.PI.MT.CE.AR5,0.0377
Bangladesh,BGD,2013,Methane (CH4) emissions from Power Industry (Energy) (Mt CO2e),EN.GHG.CH4.PI.MT.CE.AR5,0.0352
Bangladesh,BGD,2012,Methane (CH4) emissions from Power Industry (Energy) (Mt CO2e),EN.GHG.CH4.PI.MT.CE.AR5,0.0305
Bangladesh,BGD,2011,Methane (CH4) emissions from Power Industry (Energy) (Mt CO2e),EN.GHG.CH4.PI.MT.CE.AR5,0.0258
Bangladesh,BGD,2010,Methane (CH4) emissions from Power Industry (Energy) (Mt CO2e),EN.GHG.CH4.PI.MT.CE.AR5,0.0233
Bangladesh,BGD,2009,Methane (CH4) emissions from Power Industry (Energy) (Mt CO2e),EN.GHG.CH4.PI.MT.CE.AR5,0.0197
Bangladesh,BGD,2008,Methane (CH4) emissions from Power Industry (Energy) (Mt CO2e),EN.GHG.CH4.PI.MT.CE.AR5,0.0182
Bangladesh,BGD,2007,Methane (CH4) emissions from Power Industry (Energy) (Mt CO2e),EN.GHG.CH4.PI.MT.CE.AR5,0.0172
Bangladesh,BGD,2006,Methane (CH4) emissions from Power Industry (Energy) (Mt CO2e),EN.GHG.CH4.PI.MT.CE.AR5,0.0165
Bangladesh,BGD,2005,Methane (CH4) emissions from Power Industry (Energy) (Mt CO2e),EN.GHG.CH4.PI.MT.CE.AR5,0.0145
Bangladesh,BGD,2004,Methane (CH4) emissions from Power Industry (Energy) (Mt CO2e),EN.GHG.CH4.PI.MT.CE.AR5,0.0132
Bangladesh,BGD,2003,Methane (CH4) emissions from Power Industry (Energy) (Mt CO2e),EN.GHG.CH4.PI.MT.CE.AR5,0.0116
Bangladesh,BGD,2002,Methane (CH4) emissions from Power Industry (Energy) (Mt CO2e),EN.GHG.CH4.PI.MT.CE.AR5,0.0115
Bangladesh,BGD,2001,Methane (CH4) emissions from Power Industry (Energy) (Mt CO2e),EN.GHG.CH4.PI.MT.CE.AR5,0.0099
Bangladesh,BGD,2000,Methane (CH4) emissions from Power Industry (Energy) (Mt CO2e),EN.GHG.CH4.PI.MT.CE.AR5,0.0075
Bangladesh,BGD,1999,Methane (CH4) emissions from Power Industry (Energy) (Mt CO2e),EN.GHG.CH4.PI.MT.CE.AR5,0.007
Bangladesh,BGD,1998,Methane (CH4) emissions from Power Industry (Energy) (Mt CO2e),EN.GHG.CH4.PI.MT.CE.AR5,0.0061
Bangladesh,BGD,1997,Methane (CH4) emissions from Power Industry (Energy) (Mt CO2e),EN.GHG.CH4.PI.MT.CE.AR5,0.0054
Bangladesh,BGD,1996,Methane (CH4) emissions from Power Industry (Energy) (Mt CO2e),EN.GHG.CH4.PI.MT.CE.AR5,0.0055
Bangladesh,BGD,1995,Methane (CH4) emissions from Power Industry (Energy) (Mt CO2e),EN.GHG.CH4.PI.MT.CE.AR5,0.0054
Bangladesh,BGD,1994,Methane (CH4) emissions from Power Industry (Energy) (Mt CO2e),EN.GHG.CH4.PI.MT.CE.AR5,0.0048
Bangladesh,BGD,1993,Methane (CH4) emissions from Power Industry (Energy) (Mt CO2e),EN.GHG.CH4.PI.MT.CE.AR5,0.0046
Bangladesh,BGD,1992,Methane (CH4) emissions from Power Industry (Energy) (Mt CO2e),EN.GHG.CH4.PI.MT.CE.AR5,0.0044
Bangladesh,BGD,1991,Methane (CH4) emissions from Power Industry (Energy) (Mt CO2e),EN.GHG.CH4.PI.MT.CE.AR5,0.0039
Bangladesh,BGD,1990,Methane (CH4) emissions from Power Industry (Energy) (Mt CO2e),EN.GHG.CH4.PI.MT.CE.AR5,0.0038
Bangladesh,BGD,1989,Methane (CH4) emissions from Power Industry (Energy) (Mt CO2e),EN.GHG.CH4.PI.MT.CE.AR5,0.0034
Bangladesh,BGD,1988,Methane (CH4) emissions from Power Industry (Energy) (Mt CO2e),EN.GHG.CH4.PI.MT.CE.AR5,0.0034
Bangladesh,BGD,1987,Methane (CH4) emissions from Power Industry (Energy) (Mt CO2e),EN.GHG.CH4.PI.MT.CE.AR5,0.0031
Bangladesh,BGD,1986,Methane (CH4) emissions from Power Industry (Energy) (Mt CO2e),EN.GHG.CH4.PI.MT.CE.AR5,0.0026
Bangladesh,BGD,1985,Methane (CH4) emissions from Power Industry (Energy) (Mt CO2e),EN.GHG.CH4.PI.MT.CE.AR5,0.0024
Bangladesh,BGD,1984,Methane (CH4) emissions from Power Industry (Energy) (Mt CO2e),EN.GHG.CH4.PI.MT.CE.AR5,0.0015
Bangladesh,BGD,1983,Methane (CH4) emissions from Power Industry (Energy) (Mt CO2e),EN.GHG.CH4.PI.MT.CE.AR5,0.0015
Bangladesh,BGD,1982,Methane (CH4) emissions from Power Industry (Energy) (Mt CO2e),EN.GHG.CH4.PI.MT.CE.AR5,0.0015
Bangladesh,BGD,1981,Methane (CH4) emissions from Power Industry (Energy) (Mt CO2e),EN.GHG.CH4.PI.MT.CE.AR5,0.0011
Bangladesh,BGD,1980,Methane (CH4) emissions from Power Industry (Energy) (Mt CO2e),EN.GHG.CH4.PI.MT.CE.AR5,0.0012
Bangladesh,BGD,1979,Methane (CH4) emissions from Power Industry (Energy) (Mt CO2e),EN.GHG.CH4.PI.MT.CE.AR5,0.001
Bangladesh,BGD,1978,Methane (CH4) emissions from Power Industry (Energy) (Mt CO2e),EN.GHG.CH4.PI.MT.CE.AR5,0.0009
Bangladesh,BGD,1977,Methane (CH4) emissions from Power Industry (Energy) (Mt CO2e),EN.GHG.CH4.PI.MT.CE.AR5,0.0008
Bangladesh,BGD,1976,Methane (CH4) emissions from Power Industry (Energy) (Mt CO2e),EN.GHG.CH4.PI.MT.CE.AR5,0.0007
Bangladesh,BGD,1975,Methane (CH4) emissions from Power Industry (Energy) (Mt CO2e),EN.GHG.CH4.PI.MT.CE.AR5,0.0007
Bangladesh,BGD,1974,Methane (CH4) emissions from Power Industry (Energy) (Mt CO2e),EN.GHG.CH4.PI.MT.CE.AR5,0.0008
Bangladesh,BGD,1973,Methane (CH4) emissions from Power Industry (Energy) (Mt CO2e),EN.GHG.CH4.PI.MT.CE.AR5,0.0008
Bangladesh,BGD,1972,Methane (CH4) emissions from Power Industry (Energy) (Mt CO2e),EN.GHG.CH4.PI.MT.CE.AR5,0.0005
Bangladesh,BGD,1971,Methane (CH4) emissions from Power Industry (Energy) (Mt CO2e),EN.GHG.CH4.PI.MT.CE.AR5,0.0005
Bangladesh,BGD,1970,Methane (CH4) emissions from Power Industry (Energy) (Mt CO2e),EN.GHG.CH4.PI.MT.CE.AR5,0.0005
Bangladesh,BGD,2024,Methane (CH4) emissions from Transport (Energy) (Mt CO2e),EN.GHG.CH4.TR.MT.CE.AR5,0.1507
Bangladesh,BGD,2023,Methane (CH4) emissions from Transport (Energy) (Mt CO2e),EN.GHG.CH4.TR.MT.CE.AR5,0.1479
Bangladesh,BGD,2022,Methane (CH4) emissions from Transport (Energy) (Mt CO2e),EN.GHG.CH4.TR.MT.CE.AR5,0.1572
Bangladesh,BGD,2021,Methane (CH4) emissions from Transport (Energy) (Mt CO2e),EN.GHG.CH4.TR.MT.CE.AR5,0.1444
Bangladesh,BGD,2020,Methane (CH4) emissions from Transport (Energy) (Mt CO2e),EN.GHG.CH4.TR.MT.CE.AR5,0.1415
Bangladesh,BGD,2019,Methane (CH4) emissions from Transport (Energy) (Mt CO2e),EN.GHG.CH4.TR.MT.CE.AR5,0.1633
Bangladesh,BGD,2018,Methane (CH4) emissions from Transport (Energy) (Mt CO2e),EN.GHG.CH4.TR.MT.CE.AR5,0.1677
Bangladesh,BGD,2017,Methane (CH4) emissions from Transport (Energy) (Mt CO2e),EN.GHG.CH4.TR.MT.CE.AR5,0.1867
Bangladesh,BGD,2016,Methane (CH4) emissions from Transport (Energy) (Mt CO2e),EN.GHG.CH4.TR.MT.CE.AR5,0.1924
Bangladesh,BGD,2015,Methane (CH4) emissions from Transport (Energy) (Mt CO2e),EN.GHG.CH4.TR.MT.CE.AR5,0.1807
Bangladesh,BGD,2014,Methane (CH4) emissions from Transport (Energy) (Mt CO2e),EN.GHG.CH4.TR.MT.CE.AR5,0.1786
Bangladesh,BGD,2013,Methane (CH4) emissions from Transport (Energy) (Mt CO2e),EN.GHG.CH4.TR.MT.CE.AR5,0.193
Bangladesh,BGD,2012,Methane (CH4) emissions from Transport (Energy) (Mt CO2e),EN.GHG.CH4.TR.MT.CE.AR5,0.1942
Bangladesh,BGD,2011,Methane (CH4) emissions from Transport (Energy) (Mt CO2e),EN.GHG.CH4.TR.MT.CE.AR5,0.2114
Bangladesh,BGD,2010,Methane (CH4) emissions from Transport (Energy) (Mt CO2e),EN.GHG.CH4.TR.MT.CE.AR5,0.2472
Bangladesh,BGD,2009,Methane (CH4) emissions from Transport (Energy) (Mt CO2e),EN.GHG.CH4.TR.MT.CE.AR5,0.2127
Bangladesh,BGD,2008,Methane (CH4) emissions from Transport (Energy) (Mt CO2e),EN.GHG.CH4.TR.MT.CE.AR5,0.1656
Bangladesh,BGD,2007,Methane (CH4) emissions from Transport (Energy) (Mt CO2e),EN.GHG.CH4.TR.MT.CE.AR5,0.1001
Bangladesh,BGD,2006,Methane (CH4) emissions from Transport (Energy) (Mt CO2e),EN.GHG.CH4.TR.MT.CE.AR5,0.0792
Bangladesh,BGD,2005,Methane (CH4) emissions from Transport (Energy) (Mt CO2e),EN.GHG.CH4.TR.MT.CE.AR5,0.0647
Bangladesh,BGD,2004,Methane (CH4) emissions from Transport (Energy) (Mt CO2e),EN.GHG.CH4.TR.MT.CE.AR5,0.0518
Bangladesh,BGD,2003,Methane (CH4) emissions from Transport (Energy) (Mt CO2e),EN.GHG.CH4.TR.MT.CE.AR5,0.0415
Bangladesh,BGD,2002,Methane (CH4) emissions from Transport (Energy) (Mt CO2e),EN.GHG.CH4.TR.MT.CE.AR5,0.0415
Bangladesh,BGD,2001,Methane (CH4) emissions from Transport (Energy) (Mt CO2e),EN.GHG.CH4.TR.MT.CE.AR5,0.0376
Bangladesh,BGD,2000,Methane (CH4) emissions from Transport (Energy) (Mt CO2e),EN.GHG.CH4.TR.MT.CE.AR5,0.0443
Bangladesh,BGD,1999,Methane (CH4) emissions from Transport (Energy) (Mt CO2e),EN.GHG.CH4.TR.MT.CE.AR5,0.0345
Bangladesh,BGD,1998,Methane (CH4) emissions from Transport (Energy) (Mt CO2e),EN.GHG.CH4.TR.MT.CE.AR5,0.0425
Bangladesh,BGD,1997,Methane (CH4) emissions from Transport (Energy) (Mt CO2e),EN.GHG.CH4.TR.MT.CE.AR5,0.0415
Bangladesh,BGD,1996,Methane (CH4) emissions from Transport (Energy) (Mt CO2e),EN.GHG.CH4.TR.MT.CE.AR5,0.0312
Bangladesh,BGD,1995,Methane (CH4) emissions from Transport (Energy) (Mt CO2e),EN.GHG.CH4.TR.MT.CE.AR5,0.0268
Bangladesh,BGD,1994,Methane (CH4) emissions from Transport (Energy) (Mt CO2e),EN.GHG.CH4.TR.MT.CE.AR5,0.0202
Bangladesh,BGD,1993,Methane (CH4) emissions from Transport (Energy) (Mt CO2e),EN.GHG.CH4.TR.MT.CE.AR5,0.0169
Bangladesh,BGD,1992,Methane (CH4) emissions from Transport (Energy) (Mt CO2e),EN.GHG.CH4.TR.MT.CE.AR5,0.0142
Bangladesh,BGD,1991,Methane (CH4) emissions from Transport (Energy) (Mt CO2e),EN.GHG.CH4.TR.MT.CE.AR5,0.0119
Bangladesh,BGD,1990,Methane (CH4) emissions from Transport (Energy) (Mt CO2e),EN.GHG.CH4.TR.MT.CE.AR5,0.0103
Bangladesh,BGD,1989,Methane (CH4) emissions from Transport (Energy) (Mt CO2e),EN.GHG.CH4.TR.MT.CE.AR5,0.0098
Bangladesh,BGD,1988,Methane (CH4) emissions from Transport (Energy) (Mt CO2e),EN.GHG.CH4.TR.MT.CE.AR5,0.0081
Bangladesh,BGD,1987,Methane (CH4) emissions from Transport (Energy) (Mt CO2e),EN.GHG.CH4.TR.MT.CE.AR5,0.0073
Bangladesh,BGD,1986,Methane (CH4) emissions from Transport (Energy) (Mt CO2e),EN.GHG.CH4.TR.MT.CE.AR5,0.0068
Bangladesh,BGD,1985,Methane (CH4) emissions from Transport (Energy) (Mt CO2e),EN.GHG.CH4.TR.MT.CE.AR5,0.0062
Bangladesh,BGD,1984,Methane (CH4) emissions from Transport (Energy) (Mt CO2e),EN.GHG.CH4.TR.MT.CE.AR5,0.0051
Bangladesh,BGD,1983,Methane (CH4) emissions from Transport (Energy) (Mt CO2e),EN.GHG.CH4.TR.MT.CE.AR5,0.0045
Bangladesh,BGD,1982,Methane (CH4) emissions from Transport (Energy) (Mt CO2e),EN.GHG.CH4.TR.MT.CE.AR5,0.0045
Bangladesh,BGD,1981,Methane (CH4) emissions from Transport (Energy) (Mt CO2e),EN.GHG.CH4.TR.MT.CE.AR5,0.004
Bangladesh,BGD,1980,Methane (CH4) emissions from Transport (Energy) (Mt CO2e),EN.GHG.CH4.TR.MT.CE.AR5,0.0045
Bangladesh,BGD,1979,Methane (CH4) emissions from Transport (Energy) (Mt CO2e),EN.GHG.CH4.TR.MT.CE.AR5,0.0041
Bangladesh,BGD,1978,Methane (CH4) emissions from Transport (Energy) (Mt CO2e),EN.GHG.CH4.TR.MT.CE.AR5,0.0033
Bangladesh,BGD,1977,Methane (CH4) emissions from Transport (Energy) (Mt CO2e),EN.GHG.CH4.TR.MT.CE.AR5,0.0031
Bangladesh,BGD,1976,Methane (CH4) emissions from Transport (Energy) (Mt CO2e),EN.GHG.CH4.TR.MT.CE.AR5,0.0032
Bangladesh,BGD,1975,Methane (CH4) emissions from Transport (Energy) (Mt CO2e),EN.GHG.CH4.TR.MT.CE.AR5,0.0029
Bangladesh,BGD,1974,Methane (CH4) emissions from Transport (Energy) (Mt CO2e),EN.GHG.CH4.TR.MT.CE.AR5,0.002
Bangladesh,BGD,1973,Methane (CH4) emissions from Transport (Energy) (Mt CO2e),EN.GHG.CH4.TR.MT.CE.AR5,0.0015
Bangladesh,BGD,1972,Methane (CH4) emissions from Transport (Energy) (Mt CO2e),EN.GHG.CH4.TR.MT.CE.AR5,0.0018
Bangladesh,BGD,1971,Methane (CH4) emissions from Transport (Energy) (Mt CO2e),EN.GHG.CH4.TR.MT.CE.AR5,0.0017
Bangladesh,BGD,1970,Methane (CH4) emissions from Transport (Energy) (Mt CO2e),EN.GHG.CH4.TR.MT.CE.AR5,0.0016
Bangladesh,BGD,2024,Methane (CH4) emissions from Waste (Mt CO2e),EN.GHG.CH4.WA.MT.CE.AR5,17.0298
Bangladesh,BGD,2023,Methane (CH4) emissions from Waste (Mt CO2e),EN.GHG.CH4.WA.MT.CE.AR5,16.3968
Bangladesh,BGD,2022,Methane (CH4) emissions from Waste (Mt CO2e),EN.GHG.CH4.WA.MT.CE.AR5,15.8169
Bangladesh,BGD,2021,Methane (CH4) emissions from Waste (Mt CO2e),EN.GHG.CH4.WA.MT.CE.AR5,15.1452
Bangladesh,BGD,2020,Methane (CH4) emissions from Waste (Mt CO2e),EN.GHG.CH4.WA.MT.CE.AR5,14.5389
Bangladesh,BGD,2019,Methane (CH4) emissions from Waste (Mt CO2e),EN.GHG.CH4.WA.MT.CE.AR5,12.8263
Bangladesh,BGD,2018,Methane (CH4) emissions from Waste (Mt CO2e),EN.GHG.CH4.WA.MT.CE.AR5,12.2689
Bangladesh,BGD,2017,Methane (CH4) emissions from Waste (Mt CO2e),EN.GHG.CH4.WA.MT.CE.AR5,11.9535
Bangladesh,BGD,2016,Methane (CH4) emissions from Waste (Mt CO2e),EN.GHG.CH4.WA.MT.CE.AR5,11.6316
Bangladesh,BGD,2015,Methane (CH4) emissions from Waste (Mt CO2e),EN.GHG.CH4.WA.MT.CE.AR5,11.3277
Bangladesh,BGD,2014,Methane (CH4) emissions from Waste (Mt CO2e),EN.GHG.CH4.WA.MT.CE.AR5,10.9957
Bangladesh,BGD,2013,Methane (CH4) emissions from Waste (Mt CO2e),EN.GHG.CH4.WA.MT.CE.AR5,10.6891
Bangladesh,BGD,2012,Methane (CH4) emissions from Waste (Mt CO2e),EN.GHG.CH4.WA.MT.CE.AR5,10.4034
Bangladesh,BGD,2011,Methane (CH4) emissions from Waste (Mt CO2e),EN.GHG.CH4.WA.MT.CE.AR5,10.1115
Bangladesh,BGD,2010,Methane (CH4) emissions from Waste (Mt CO2e),EN.GHG.CH4.WA.MT.CE.AR5,9.8325
Bangladesh,BGD,2009,Methane (CH4) emissions from Waste (Mt CO2e),EN.GHG.CH4.WA.MT.CE.AR5,9.6436
Bangladesh,BGD,2008,Methane (CH4) emissions from Waste (Mt CO2e),EN.GHG.CH4.WA.MT.CE.AR5,9.4732
Bangladesh,BGD,2007,Methane (CH4) emissions from Waste (Mt CO2e),EN.GHG.CH4.WA.MT.CE.AR5,9.2338
Bangladesh,BGD,2006,Methane (CH4) emissions from Waste (Mt CO2e),EN.GHG.CH4.WA.MT.CE.AR5,8.9667
Bangladesh,BGD,2005,Methane (CH4) emissions from Waste (Mt CO2e),EN.GHG.CH4.WA.MT.CE.AR5,8.7606
Bangladesh,BGD,2004,Methane (CH4) emissions from Waste (Mt CO2e),EN.GHG.CH4.WA.MT.CE.AR5,8.6001
Bangladesh,BGD,2003,Methane (CH4) emissions from Waste (Mt CO2e),EN.GHG.CH4.WA.MT.CE.AR5,8.3996
Bangladesh,BGD,2002,Methane (CH4) emissions from Waste (Mt CO2e),EN.GHG.CH4.WA.MT.CE.AR5,8.1104
Bangladesh,BGD,2001,Methane (CH4) emissions from Waste (Mt CO2e),EN.GHG.CH4.WA.MT.CE.AR5,7.9112
Bangladesh,BGD,2000,Methane (CH4) emissions from Waste (Mt CO2e),EN.GHG.CH4.WA.MT.CE.AR5,7.7068
Bangladesh,BGD,1999,Methane (CH4) emissions from Waste (Mt CO2e),EN.GHG.CH4.WA.MT.CE.AR5,7.5496
Bangladesh,BGD,1998,Methane (CH4) emissions from Waste (Mt CO2e),EN.GHG.CH4.WA.MT.CE.AR5,7.3768
Bangladesh,BGD,1997,Methane (CH4) emissions from Waste (Mt CO2e),EN.GHG.CH4.WA.MT.CE.AR5,7.2609
Bangladesh,BGD,1996,Methane (CH4) emissions from Waste (Mt CO2e),EN.GHG.CH4.WA.MT.CE.AR5,7.1809
Bangladesh,BGD,1995,Methane (CH4) emissions from Waste (Mt CO2e),EN.GHG.CH4.WA.MT.CE.AR5,7.0655
Bangladesh,BGD,1994,Methane (CH4) emissions from Waste (Mt CO2e),EN.GHG.CH4.WA.MT.CE.AR5,6.8767
Bangladesh,BGD,1993,Methane (CH4) emissions from Waste (Mt CO2e),EN.GHG.CH4.WA.MT.CE.AR5,6.7474
Bangladesh,BGD,1992,Methane (CH4) emissions from Waste (Mt CO2e),EN.GHG.CH4.WA.MT.CE.AR5,6.5872
Bangladesh,BGD,1991,Methane (CH4) emissions from Waste (Mt CO2e),EN.GHG.CH4.WA.MT.CE.AR5,6.367
Bangladesh,BGD,1990,Methane (CH4) emissions from Waste (Mt CO2e),EN.GHG.CH4.WA.MT.CE.AR5,6.2289
Bangladesh,BGD,1989,Methane (CH4) emissions from Waste (Mt CO2e),EN.GHG.CH4.WA.MT.CE.AR5,5.9506
Bangladesh,BGD,1988,Methane (CH4) emissions from Waste (Mt CO2e),EN.GHG.CH4.WA.MT.CE.AR5,5.652
Bangladesh,BGD,1987,Methane (CH4) emissions from Waste (Mt CO2e),EN.GHG.CH4.WA.MT.CE.AR5,5.3008
Bangladesh,BGD,1986,Methane (CH4) emissions from Waste (Mt CO2e),EN.GHG.CH4.WA.MT.CE.AR5,4.9749
Bangladesh,BGD,1985,Methane (CH4) emissions from Waste (Mt CO2e),EN.GHG.CH4.WA.MT.CE.AR5,4.7126
Bangladesh,BGD,1984,Methane (CH4) emissions from Waste (Mt CO2e),EN.GHG.CH4.WA.MT.CE.AR5,4.4187
Bangladesh,BGD,1983,Methane (CH4) emissions from Waste (Mt CO2e),EN.GHG.CH4.WA.MT.CE.AR5,4.1245
Bangladesh,BGD,1982,Methane (CH4) emissions from Waste (Mt CO2e),EN.GHG.CH4.WA.MT.CE.AR5,3.8849
Bangladesh,BGD,1981,Methane (CH4) emissions from Waste (Mt CO2e),EN.GHG.CH4.WA.MT.CE.AR5,3.649
Bangladesh,BGD,1980,Methane (CH4) emissions from Waste (Mt CO2e),EN.GHG.CH4.WA.MT.CE.AR5,3.3991
Bangladesh,BGD,1979,Methane (CH4) emissions from Waste (Mt CO2e),EN.GHG.CH4.WA.MT.CE.AR5,3.2004
Bangladesh,BGD,1978,Methane (CH4) emissions from Waste (Mt CO2e),EN.GHG.CH4.WA.MT.CE.AR5,2.9588
Bangladesh,BGD,1977,Methane (CH4) emissions from Waste (Mt CO2e),EN.GHG.CH4.WA.MT.CE.AR5,2.7279
Bangladesh,BGD,1976,Methane (CH4) emissions from Waste (Mt CO2e),EN.GHG.CH4.WA.MT.CE.AR5,2.5597
Bangladesh,BGD,1975,Methane (CH4) emissions from Waste (Mt CO2e),EN.GHG.CH4.WA.MT.CE.AR5,2.3771
Bangladesh,BGD,1974,Methane (CH4) emissions from Waste (Mt CO2e),EN.GHG.CH4.WA.MT.CE.AR5,2.2121
Bangladesh,BGD,1973,Methane (CH4) emissions from Waste (Mt CO2e),EN.GHG.CH4.WA.MT.CE.AR5,2.1319
Bangladesh,BGD,1972,Methane (CH4) emissions from Waste (Mt CO2e),EN.GHG.CH4.WA.MT.CE.AR5,1.9894
Bangladesh,BGD,1971,Methane (CH4) emissions from Waste (Mt CO2e),EN.GHG.CH4.WA.MT.CE.AR5,1.8458
Bangladesh,BGD,1970,Methane (CH4) emissions from Waste (Mt CO2e),EN.GHG.CH4.WA.MT.CE.AR5,1.6988
Bangladesh,BGD,2024,Methane (CH4) emissions (total) excluding LULUCF (% change from 1990),EN.GHG.CH4.ZG.AR5,45.8235969823348
Bangladesh,BGD,2023,Methane (CH4) emissions (total) excluding LULUCF (% change from 1990),EN.GHG.CH4.ZG.AR5,47.1113824756031
Bangladesh,BGD,2022,Methane (CH4) emissions (total) excluding LULUCF (% change from 1990),EN.GHG.CH4.ZG.AR5,55.190777286792
Bangladesh,BGD,2021,Methane (CH4) emissions (total) excluding LULUCF (% change from 1990),EN.GHG.CH4.ZG.AR5,53.7634920470657
Bangladesh,BGD,2020,Methane (CH4) emissions (total) excluding LULUCF (% change from 1990),EN.GHG.CH4.ZG.AR5,50.7342364251638
Bangladesh,BGD,2019,Methane (CH4) emissions (total) excluding LULUCF (% change from 1990),EN.GHG.CH4.ZG.AR5,47.2732352971614
Bangladesh,BGD,2018,Methane (CH4) emissions (total) excluding LULUCF (% change from 1990),EN.GHG.CH4.ZG.AR5,45.8457430845174
Bangladesh,BGD,2017,Methane (CH4) emissions (total) excluding LULUCF (% change from 1990),EN.GHG.CH4.ZG.AR5,45.4789870745413
Bangladesh,BGD,2016,Methane (CH4) emissions (total) excluding LULUCF (% change from 1990),EN.GHG.CH4.ZG.AR5,42.3746002835529
Bangladesh,BGD,2015,Methane (CH4) emissions (total) excluding LULUCF (% change from 1990),EN.GHG.CH4.ZG.AR5,42.0927031697902
Bangladesh,BGD,2014,Methane (CH4) emissions (total) excluding LULUCF (% change from 1990),EN.GHG.CH4.ZG.AR5,41.1182746737589
Bangladesh,BGD,2013,Methane (CH4) emissions (total) excluding LULUCF (% change from 1990),EN.GHG.CH4.ZG.AR5,39.866502468152
Bangladesh,BGD,2012,Methane (CH4) emissions (total) excluding LULUCF (% change from 1990),EN.GHG.CH4.ZG.AR5,38.5925841603626
Bangladesh,BGD,2011,Methane (CH4) emissions (total) excluding LULUCF (% change from 1990),EN.GHG.CH4.ZG.AR5,37.2714760273618
Bangladesh,BGD,2010,Methane (CH4) emissions (total) excluding LULUCF (% change from 1990),EN.GHG.CH4.ZG.AR5,35.8487441918225
Bangladesh,BGD,2009,Methane (CH4) emissions (total) excluding LULUCF (% change from 1990),EN.GHG.CH4.ZG.AR5,33.6831865550393
Bangladesh,BGD,2008,Methane (CH4) emissions (total) excluding LULUCF (% change from 1990),EN.GHG.CH4.ZG.AR5,31.7121834607942
Bangladesh,BGD,2007,Methane (CH4) emissions (total) excluding LULUCF (% change from 1990),EN.GHG.CH4.ZG.AR5,27.4682037855347
Bangladesh,BGD,2006,Methane (CH4) emissions (total) excluding LULUCF (% change from 1990),EN.GHG.CH4.ZG.AR5,25.6863739379702
Bangladesh,BGD,2005,Methane (CH4) emissions (total) excluding LULUCF (% change from 1990),EN.GHG.CH4.ZG.AR5,23.6224400037255
Bangladesh,BGD,2004,Methane (CH4) emissions (total) excluding LULUCF (% change from 1990),EN.GHG.CH4.ZG.AR5,21.1062702445385
Bangladesh,BGD,2003,Methane (CH4) emissions (total) excluding LULUCF (% change from 1990),EN.GHG.CH4.ZG.AR5,21.2627417702394
Bangladesh,BGD,2002,Methane (CH4) emissions (total) excluding LULUCF (% change from 1990),EN.GHG.CH4.ZG.AR5,19.6574598213824
Bangladesh,BGD,2001,Methane (CH4) emissions (total) excluding LULUCF (% change from 1990),EN.GHG.CH4.ZG.AR5,17.5049414784076
Bangladesh,BGD,2000,Methane (CH4) emissions (total) excluding LULUCF (% change from 1990),EN.GHG.CH4.ZG.AR5,16.8939574256709
Bangladesh,BGD,1999,Methane (CH4) emissions (total) excluding LULUCF (% change from 1990),EN.GHG.CH4.ZG.AR5,14.8701762374393
Bangladesh,BGD,1998,Methane (CH4) emissions (total) excluding LULUCF (% change from 1990),EN.GHG.CH4.ZG.AR5,10.9952292742495
Bangladesh,BGD,1997,Methane (CH4) emissions (total) excluding LULUCF (% change from 1990),EN.GHG.CH4.ZG.AR5,10.2973165961234
Bangladesh,BGD,1996,Methane (CH4) emissions (total) excluding LULUCF (% change from 1990),EN.GHG.CH4.ZG.AR5,8.24952654945099
Bangladesh,BGD,1995,Methane (CH4) emissions (total) excluding LULUCF (% change from 1990),EN.GHG.CH4.ZG.AR5,7.13477041529116
Bangladesh,BGD,1994,Methane (CH4) emissions (total) excluding LULUCF (% change from 1990),EN.GHG.CH4.ZG.AR5,4.77672796514574
Bangladesh,BGD,1993,Methane (CH4) emissions (total) excluding LULUCF (% change from 1990),EN.GHG.CH4.ZG.AR5,2.37894671482237
Bangladesh,BGD,1992,Methane (CH4) emissions (total) excluding LULUCF (% change from 1990),EN.GHG.CH4.ZG.AR5,1.83502188738605
Bangladesh,BGD,1991,Methane (CH4) emissions (total) excluding LULUCF (% change from 1990),EN.GHG.CH4.ZG.AR5,0.32142894102305
Bangladesh,BGD,2024,Carbon dioxide (CO2) emissions from Agriculture (Mt CO2e),EN.GHG.CO2.AG.MT.CE.AR5,2.551
Bangladesh,BGD,2023,Carbon dioxide (CO2) emissions from Agriculture (Mt CO2e),EN.GHG.CO2.AG.MT.CE.AR5,2.4704
Bangladesh,BGD,2022,Carbon dioxide (CO2) emissions from Agriculture (Mt CO2e),EN.GHG.CO2.AG.MT.CE.AR5,2.3972
Bangladesh,BGD,2021,Carbon dioxide (CO2) emissions from Agriculture (Mt CO2e),EN.GHG.CO2.AG.MT.CE.AR5,2.5674
Bangladesh,BGD,2020,Carbon dioxide (CO2) emissions from Agriculture (Mt CO2e),EN.GHG.CO2.AG.MT.CE.AR5,2.3225
Bangladesh,BGD,2019,Carbon dioxide (CO2) emissions from Agriculture (Mt CO2e),EN.GHG.CO2.AG.MT.CE.AR5,2.1905
Bangladesh,BGD,2018,Carbon dioxide (CO2) emissions from Agriculture (Mt CO2e),EN.GHG.CO2.AG.MT.CE.AR5,2.1479
Bangladesh,BGD,2017,Carbon dioxide (CO2) emissions from Agriculture (Mt CO2e),EN.GHG.CO2.AG.MT.CE.AR5,2.0311
Bangladesh,BGD,2016,Carbon dioxide (CO2) emissions from Agriculture (Mt CO2e),EN.GHG.CO2.AG.MT.CE.AR5,1.967
Bangladesh,BGD,2015,Carbon dioxide (CO2) emissions from Agriculture (Mt CO2e),EN.GHG.CO2.AG.MT.CE.AR5,2.0547
Bangladesh,BGD,2014,Carbon dioxide (CO2) emissions from Agriculture (Mt CO2e),EN.GHG.CO2.AG.MT.CE.AR5,2.1339
Bangladesh,BGD,2013,Carbon dioxide (CO2) emissions from Agriculture (Mt CO2e),EN.GHG.CO2.AG.MT.CE.AR5,1.8303
Bangladesh,BGD,2012,Carbon dioxide (CO2) emissions from Agriculture (Mt CO2e),EN.GHG.CO2.AG.MT.CE.AR5,1.791
Bangladesh,BGD,2011,Carbon dioxide (CO2) emissions from Agriculture (Mt CO2e),EN.GHG.CO2.AG.MT.CE.AR5,1.8083
Bangladesh,BGD,2010,Carbon dioxide (CO2) emissions from Agriculture (Mt CO2e),EN.GHG.CO2.AG.MT.CE.AR5,1.9763
Bangladesh,BGD,2009,Carbon dioxide (CO2) emissions from Agriculture (Mt CO2e),EN.GHG.CO2.AG.MT.CE.AR5,1.8255
Bangladesh,BGD,2008,Carbon dioxide (CO2) emissions from Agriculture (Mt CO2e),EN.GHG.CO2.AG.MT.CE.AR5,1.8533
Bangladesh,BGD,2007,Carbon dioxide (CO2) emissions from Agriculture (Mt CO2e),EN.GHG.CO2.AG.MT.CE.AR5,2.0326
Bangladesh,BGD,2006,Carbon dioxide (CO2) emissions from Agriculture (Mt CO2e),EN.GHG.CO2.AG.MT.CE.AR5,1.8575
Bangladesh,BGD,2005,Carbon dioxide (CO2) emissions from Agriculture (Mt CO2e),EN.GHG.CO2.AG.MT.CE.AR5,1.8464
Bangladesh,BGD,2004,Carbon dioxide (CO2) emissions from Agriculture (Mt CO2e),EN.GHG.CO2.AG.MT.CE.AR5,1.8729
Bangladesh,BGD,2003,Carbon dioxide (CO2) emissions from Agriculture (Mt CO2e),EN.GHG.CO2.AG.MT.CE.AR5,1.7308
Bangladesh,BGD,2002,Carbon dioxide (CO2) emissions from Agriculture (Mt CO2e),EN.GHG.CO2.AG.MT.CE.AR5,1.6703
Bangladesh,BGD,2001,Carbon dioxide (CO2) emissions from Agriculture (Mt CO2e),EN.GHG.CO2.AG.MT.CE.AR5,1.6987
Bangladesh,BGD,2000,Carbon dioxide (CO2) emissions from Agriculture (Mt CO2e),EN.GHG.CO2.AG.MT.CE.AR5,1.5842
Bangladesh,BGD,1999,Carbon dioxide (CO2) emissions from Agriculture (Mt CO2e),EN.GHG.CO2.AG.MT.CE.AR5,1.6308
Bangladesh,BGD,1998,Carbon dioxide (CO2) emissions from Agriculture (Mt CO2e),EN.GHG.CO2.AG.MT.CE.AR5,1.3999
Bangladesh,BGD,1997,Carbon dioxide (CO2) emissions from Agriculture (Mt CO2e),EN.GHG.CO2.AG.MT.CE.AR5,1.3857
Bangladesh,BGD,1996,Carbon dioxide (CO2) emissions from Agriculture (Mt CO2e),EN.GHG.CO2.AG.MT.CE.AR5,1.5743
Bangladesh,BGD,1995,Carbon dioxide (CO2) emissions from Agriculture (Mt CO2e),EN.GHG.CO2.AG.MT.CE.AR5,1.4918
Bangladesh,BGD,1994,Carbon dioxide (CO2) emissions from Agriculture (Mt CO2e),EN.GHG.CO2.AG.MT.CE.AR5,1.2677
Bangladesh,BGD,1993,Carbon dioxide (CO2) emissions from Agriculture (Mt CO2e),EN.GHG.CO2.AG.MT.CE.AR5,1.1654
Bangladesh,BGD,1992,Carbon dioxide (CO2) emissions from Agriculture (Mt CO2e),EN.GHG.CO2.AG.MT.CE.AR5,1.1263
Bangladesh,BGD,1991,Carbon dioxide (CO2) emissions from Agriculture (Mt CO2e),EN.GHG.CO2.AG.MT.CE.AR5,1.1148
Bangladesh,BGD,1990,Carbon dioxide (CO2) emissions from Agriculture (Mt CO2e),EN.GHG.CO2.AG.MT.CE.AR5,0.9601
Bangladesh,BGD,1989,Carbon dioxide (CO2) emissions from Agriculture (Mt CO2e),EN.GHG.CO2.AG.MT.CE.AR5,0.9927
Bangladesh,BGD,1988,Carbon dioxide (CO2) emissions from Agriculture (Mt CO2e),EN.GHG.CO2.AG.MT.CE.AR5,0.8396
Bangladesh,BGD,1987,Carbon dioxide (CO2) emissions from Agriculture (Mt CO2e),EN.GHG.CO2.AG.MT.CE.AR5,0.7515
Bangladesh,BGD,1986,Carbon dioxide (CO2) emissions from Agriculture (Mt CO2e),EN.GHG.CO2.AG.MT.CE.AR5,0.6741
Bangladesh,BGD,1985,Carbon dioxide (CO2) emissions from Agriculture (Mt CO2e),EN.GHG.CO2.AG.MT.CE.AR5,0.5879
Bangladesh,BGD,1984,Carbon dioxide (CO2) emissions from Agriculture (Mt CO2e),EN.GHG.CO2.AG.MT.CE.AR5,0.6138
Bangladesh,BGD,1983,Carbon dioxide (CO2) emissions from Agriculture (Mt CO2e),EN.GHG.CO2.AG.MT.CE.AR5,0.5617
Bangladesh,BGD,1982,Carbon dioxide (CO2) emissions from Agriculture (Mt CO2e),EN.GHG.CO2.AG.MT.CE.AR5,0.4982
Bangladesh,BGD,1981,Carbon dioxide (CO2) emissions from Agriculture (Mt CO2e),EN.GHG.CO2.AG.MT.CE.AR5,0.4083
Bangladesh,BGD,1980,Carbon dioxide (CO2) emissions from Agriculture (Mt CO2e),EN.GHG.CO2.AG.MT.CE.AR5,0.4273
Bangladesh,BGD,1979,Carbon dioxide (CO2) emissions from Agriculture (Mt CO2e),EN.GHG.CO2.AG.MT.CE.AR5,0.4205
Bangladesh,BGD,1978,Carbon dioxide (CO2) emissions from Agriculture (Mt CO2e),EN.GHG.CO2.AG.MT.CE.AR5,0.3658
Bangladesh,BGD,1977,Carbon dioxide (CO2) emissions from Agriculture (Mt CO2e),EN.GHG.CO2.AG.MT.CE.AR5,0.3583
Bangladesh,BGD,1976,Carbon dioxide (CO2) emissions from Agriculture (Mt CO2e),EN.GHG.CO2.AG.MT.CE.AR5,0.2667
Bangladesh,BGD,1975,Carbon dioxide (CO2) emissions from Agriculture (Mt CO2e),EN.GHG.CO2.AG.MT.CE.AR5,0.2367
Bangladesh,BGD,1974,Carbon dioxide (CO2) emissions from Agriculture (Mt CO2e),EN.GHG.CO2.AG.MT.CE.AR5,0.1344
Bangladesh,BGD,1973,Carbon dioxide (CO2) emissions from Agriculture (Mt CO2e),EN.GHG.CO2.AG.MT.CE.AR5,0.2085
Bangladesh,BGD,1972,Carbon dioxide (CO2) emissions from Agriculture (Mt CO2e),EN.GHG.CO2.AG.MT.CE.AR5,0.2085
Bangladesh,BGD,1971,Carbon dioxide (CO2) emissions from Agriculture (Mt CO2e),EN.GHG.CO2.AG.MT.CE.AR5,0.2085
Bangladesh,BGD,1970,Carbon dioxide (CO2) emissions from Agriculture (Mt CO2e),EN.GHG.CO2.AG.MT.CE.AR5,0.2085
Bangladesh,BGD,2024,Carbon dioxide (CO2) emissions from Building (Energy) (Mt CO2e),EN.GHG.CO2.BU.MT.CE.AR5,11.4379
Bangladesh,BGD,2023,Carbon dioxide (CO2) emissions from Building (Energy) (Mt CO2e),EN.GHG.CO2.BU.MT.CE.AR5,11.0737
Bangladesh,BGD,2022,Carbon dioxide (CO2) emissions from Building (Energy) (Mt CO2e),EN.GHG.CO2.BU.MT.CE.AR5,11.9453
Bangladesh,BGD,2021,Carbon dioxide (CO2) emissions from Building (Energy) (Mt CO2e),EN.GHG.CO2.BU.MT.CE.AR5,12.2741
Bangladesh,BGD,2020,Carbon dioxide (CO2) emissions from Building (Energy) (Mt CO2e),EN.GHG.CO2.BU.MT.CE.AR5,11.8183
Bangladesh,BGD,2019,Carbon dioxide (CO2) emissions from Building (Energy) (Mt CO2e),EN.GHG.CO2.BU.MT.CE.AR5,13.5425
Bangladesh,BGD,2018,Carbon dioxide (CO2) emissions from Building (Energy) (Mt CO2e),EN.GHG.CO2.BU.MT.CE.AR5,13.2679
Bangladesh,BGD,2017,Carbon dioxide (CO2) emissions from Building (Energy) (Mt CO2e),EN.GHG.CO2.BU.MT.CE.AR5,12.5797
Bangladesh,BGD,2016,Carbon dioxide (CO2) emissions from Building (Energy) (Mt CO2e),EN.GHG.CO2.BU.MT.CE.AR5,12.126
Bangladesh,BGD,2015,Carbon dioxide (CO2) emissions from Building (Energy) (Mt CO2e),EN.GHG.CO2.BU.MT.CE.AR5,10.8206
Bangladesh,BGD,2014,Carbon dioxide (CO2) emissions from Building (Energy) (Mt CO2e),EN.GHG.CO2.BU.MT.CE.AR5,10.3774
Bangladesh,BGD,2013,Carbon dioxide (CO2) emissions from Building (Energy) (Mt CO2e),EN.GHG.CO2.BU.MT.CE.AR5,9.7721
Bangladesh,BGD,2012,Carbon dioxide (CO2) emissions from Building (Energy) (Mt CO2e),EN.GHG.CO2.BU.MT.CE.AR5,10.1519
Bangladesh,BGD,2011,Carbon dioxide (CO2) emissions from Building (Energy) (Mt CO2e),EN.GHG.CO2.BU.MT.CE.AR5,10.1754
Bangladesh,BGD,2010,Carbon dioxide (CO2) emissions from Building (Energy) (Mt CO2e),EN.GHG.CO2.BU.MT.CE.AR5,9.0858
Bangladesh,BGD,2009,Carbon dioxide (CO2) emissions from Building (Energy) (Mt CO2e),EN.GHG.CO2.BU.MT.CE.AR5,8.1279
Bangladesh,BGD,2008,Carbon dioxide (CO2) emissions from Building (Energy) (Mt CO2e),EN.GHG.CO2.BU.MT.CE.AR5,8.0674
Bangladesh,BGD,2007,Carbon dioxide (CO2) emissions from Building (Energy) (Mt CO2e),EN.GHG.CO2.BU.MT.CE.AR5,7.8408
Bangladesh,BGD,2006,Carbon dioxide (CO2) emissions from Building (Energy) (Mt CO2e),EN.GHG.CO2.BU.MT.CE.AR5,7.6159
Bangladesh,BGD,2005,Carbon dioxide (CO2) emissions from Building (Energy) (Mt CO2e),EN.GHG.CO2.BU.MT.CE.AR5,7.4282
Bangladesh,BGD,2004,Carbon dioxide (CO2) emissions from Building (Energy) (Mt CO2e),EN.GHG.CO2.BU.MT.CE.AR5,7.4336
Bangladesh,BGD,2003,Carbon dioxide (CO2) emissions from Building (Energy) (Mt CO2e),EN.GHG.CO2.BU.MT.CE.AR5,6.7765
Bangladesh,BGD,2002,Carbon dioxide (CO2) emissions from Building (Energy) (Mt CO2e),EN.GHG.CO2.BU.MT.CE.AR5,6.2311
Bangladesh,BGD,2001,Carbon dioxide (CO2) emissions from Building (Energy) (Mt CO2e),EN.GHG.CO2.BU.MT.CE.AR5,5.7458
Bangladesh,BGD,2000,Carbon dioxide (CO2) emissions from Building (Energy) (Mt CO2e),EN.GHG.CO2.BU.MT.CE.AR5,4.9014
Bangladesh,BGD,1999,Carbon dioxide (CO2) emissions from Building (Energy) (Mt CO2e),EN.GHG.CO2.BU.MT.CE.AR5,4.9241
Bangladesh,BGD,1998,Carbon dioxide (CO2) emissions from Building (Energy) (Mt CO2e),EN.GHG.CO2.BU.MT.CE.AR5,4.9176
Bangladesh,BGD,1997,Carbon dioxide (CO2) emissions from Building (Energy) (Mt CO2e),EN.GHG.CO2.BU.MT.CE.AR5,4.6184
Bangladesh,BGD,1996,Carbon dioxide (CO2) emissions from Building (Energy) (Mt CO2e),EN.GHG.CO2.BU.MT.CE.AR5,4.0511
Bangladesh,BGD,1995,Carbon dioxide (CO2) emissions from Building (Energy) (Mt CO2e),EN.GHG.CO2.BU.MT.CE.AR5,3.7737
Bangladesh,BGD,1994,Carbon dioxide (CO2) emissions from Building (Energy) (Mt CO2e),EN.GHG.CO2.BU.MT.CE.AR5,3.2671
Bangladesh,BGD,1993,Carbon dioxide (CO2) emissions from Building (Energy) (Mt CO2e),EN.GHG.CO2.BU.MT.CE.AR5,3.0734
Bangladesh,BGD,1992,Carbon dioxide (CO2) emissions from Building (Energy) (Mt CO2e),EN.GHG.CO2.BU.MT.CE.AR5,2.9427
Bangladesh,BGD,1991,Carbon dioxide (CO2) emissions from Building (Energy) (Mt CO2e),EN.GHG.CO2.BU.MT.CE.AR5,2.8091
Bangladesh,BGD,1990,Carbon dioxide (CO2) emissions from Building (Energy) (Mt CO2e),EN.GHG.CO2.BU.MT.CE.AR5,2.9962
Bangladesh,BGD,1989,Carbon dioxide (CO2) emissions from Building (Energy) (Mt CO2e),EN.GHG.CO2.BU.MT.CE.AR5,3.0475
Bangladesh,BGD,1988,Carbon dioxide (CO2) emissions from Building (Energy) (Mt CO2e),EN.GHG.CO2.BU.MT.CE.AR5,2.4685
Bangladesh,BGD,1987,Carbon dioxide (CO2) emissions from Building (Energy) (Mt CO2e),EN.GHG.CO2.BU.MT.CE.AR5,2.5036
Bangladesh,BGD,1986,Carbon dioxide (CO2) emissions from Building (Energy) (Mt CO2e),EN.GHG.CO2.BU.MT.CE.AR5,2.3041
Bangladesh,BGD,1985,Carbon dioxide (CO2) emissions from Building (Energy) (Mt CO2e),EN.GHG.CO2.BU.MT.CE.AR5,2.051
Bangladesh,BGD,1984,Carbon dioxide (CO2) emissions from Building (Energy) (Mt CO2e),EN.GHG.CO2.BU.MT.CE.AR5,1.7745
Bangladesh,BGD,1983,Carbon dioxide (CO2) emissions from Building (Energy) (Mt CO2e),EN.GHG.CO2.BU.MT.CE.AR5,1.7969
Bangladesh,BGD,1982,Carbon dioxide (CO2) emissions from Building (Energy) (Mt CO2e),EN.GHG.CO2.BU.MT.CE.AR5,1.9348
Bangladesh,BGD,1981,Carbon dioxide (CO2) emissions from Building (Energy) (Mt CO2e),EN.GHG.CO2.BU.MT.CE.AR5,1.9405
Bangladesh,BGD,1980,Carbon dioxide (CO2) emissions from Building (Energy) (Mt CO2e),EN.GHG.CO2.BU.MT.CE.AR5,1.749
Bangladesh,BGD,1979,Carbon dioxide (CO2) emissions from Building (Energy) (Mt CO2e),EN.GHG.CO2.BU.MT.CE.AR5,1.6449
Bangladesh,BGD,1978,Carbon dioxide (CO2) emissions from Building (Energy) (Mt CO2e),EN.GHG.CO2.BU.MT.CE.AR5,1.4775
Bangladesh,BGD,1977,Carbon dioxide (CO2) emissions from Building (Energy) (Mt CO2e),EN.GHG.CO2.BU.MT.CE.AR5,1.4015
Bangladesh,BGD,1976,Carbon dioxide (CO2) emissions from Building (Energy) (Mt CO2e),EN.GHG.CO2.BU.MT.CE.AR5,1.3954
Bangladesh,BGD,1975,Carbon dioxide (CO2) emissions from Building (Energy) (Mt CO2e),EN.GHG.CO2.BU.MT.CE.AR5,1.2197
Bangladesh,BGD,1974,Carbon dioxide (CO2) emissions from Building (Energy) (Mt CO2e),EN.GHG.CO2.BU.MT.CE.AR5,0.9634
Bangladesh,BGD,1973,Carbon dioxide (CO2) emissions from Building (Energy) (Mt CO2e),EN.GHG.CO2.BU.MT.CE.AR5,0.736
Bangladesh,BGD,1972,Carbon dioxide (CO2) emissions from Building (Energy) (Mt CO2e),EN.GHG.CO2.BU.MT.CE.AR5,0.8702
Bangladesh,BGD,1971,Carbon dioxide (CO2) emissions from Building (Energy) (Mt CO2e),EN.GHG.CO2.BU.MT.CE.AR5,0.8702
Bangladesh,BGD,1970,Carbon dioxide (CO2) emissions from Building (Energy) (Mt CO2e),EN.GHG.CO2.BU.MT.CE.AR5,0.8702
Bangladesh,BGD,2024,Carbon dioxide (CO2) emissions from Fugitive Emissions (Energy) (Mt CO2e),EN.GHG.CO2.FE.MT.CE.AR5,1.321
Bangladesh,BGD,2023,Carbon dioxide (CO2) emissions from Fugitive Emissions (Energy) (Mt CO2e),EN.GHG.CO2.FE.MT.CE.AR5,1.3266
Bangladesh,BGD,2022,Carbon dioxide (CO2) emissions from Fugitive Emissions (Energy) (Mt CO2e),EN.GHG.CO2.FE.MT.CE.AR5,1.3254
Bangladesh,BGD,2021,Carbon dioxide (CO2) emissions from Fugitive Emissions (Energy) (Mt CO2e),EN.GHG.CO2.FE.MT.CE.AR5,1.3565
Bangladesh,BGD,2020,Carbon dioxide (CO2) emissions from Fugitive Emissions (Energy) (Mt CO2e),EN.GHG.CO2.FE.MT.CE.AR5,1.2825
Bangladesh,BGD,2019,Carbon dioxide (CO2) emissions from Fugitive Emissions (Energy) (Mt CO2e),EN.GHG.CO2.FE.MT.CE.AR5,1.3148
Bangladesh,BGD,2018,Carbon dioxide (CO2) emissions from Fugitive Emissions (Energy) (Mt CO2e),EN.GHG.CO2.FE.MT.CE.AR5,1.289
Bangladesh,BGD,2017,Carbon dioxide (CO2) emissions from Fugitive Emissions (Energy) (Mt CO2e),EN.GHG.CO2.FE.MT.CE.AR5,1.3008
Bangladesh,BGD,2016,Carbon dioxide (CO2) emissions from Fugitive Emissions (Energy) (Mt CO2e),EN.GHG.CO2.FE.MT.CE.AR5,1.2861
Bangladesh,BGD,2015,Carbon dioxide (CO2) emissions from Fugitive Emissions (Energy) (Mt CO2e),EN.GHG.CO2.FE.MT.CE.AR5,1.3214
Bangladesh,BGD,2014,Carbon dioxide (CO2) emissions from Fugitive Emissions (Energy) (Mt CO2e),EN.GHG.CO2.FE.MT.CE.AR5,1.2866
Bangladesh,BGD,2013,Carbon dioxide (CO2) emissions from Fugitive Emissions (Energy) (Mt CO2e),EN.GHG.CO2.FE.MT.CE.AR5,0.4354
Bangladesh,BGD,2012,Carbon dioxide (CO2) emissions from Fugitive Emissions (Energy) (Mt CO2e),EN.GHG.CO2.FE.MT.CE.AR5,1.2532
Bangladesh,BGD,2011,Carbon dioxide (CO2) emissions from Fugitive Emissions (Energy) (Mt CO2e),EN.GHG.CO2.FE.MT.CE.AR5,1.1998
Bangladesh,BGD,2010,Carbon dioxide (CO2) emissions from Fugitive Emissions (Energy) (Mt CO2e),EN.GHG.CO2.FE.MT.CE.AR5,1.184
Bangladesh,BGD,2009,Carbon dioxide (CO2) emissions from Fugitive Emissions (Energy) (Mt CO2e),EN.GHG.CO2.FE.MT.CE.AR5,1.0634
Bangladesh,BGD,2008,Carbon dioxide (CO2) emissions from Fugitive Emissions (Energy) (Mt CO2e),EN.GHG.CO2.FE.MT.CE.AR5,1.0046
Bangladesh,BGD,2007,Carbon dioxide (CO2) emissions from Fugitive Emissions (Energy) (Mt CO2e),EN.GHG.CO2.FE.MT.CE.AR5,0.9599
Bangladesh,BGD,2006,Carbon dioxide (CO2) emissions from Fugitive Emissions (Energy) (Mt CO2e),EN.GHG.CO2.FE.MT.CE.AR5,0.9098
Bangladesh,BGD,2005,Carbon dioxide (CO2) emissions from Fugitive Emissions (Energy) (Mt CO2e),EN.GHG.CO2.FE.MT.CE.AR5,0.7936
Bangladesh,BGD,2004,Carbon dioxide (CO2) emissions from Fugitive Emissions (Energy) (Mt CO2e),EN.GHG.CO2.FE.MT.CE.AR5,0.8225
Bangladesh,BGD,2003,Carbon dioxide (CO2) emissions from Fugitive Emissions (Energy) (Mt CO2e),EN.GHG.CO2.FE.MT.CE.AR5,0.8105
Bangladesh,BGD,2002,Carbon dioxide (CO2) emissions from Fugitive Emissions (Energy) (Mt CO2e),EN.GHG.CO2.FE.MT.CE.AR5,0.746
Bangladesh,BGD,2001,Carbon dioxide (CO2) emissions from Fugitive Emissions (Energy) (Mt CO2e),EN.GHG.CO2.FE.MT.CE.AR5,0.7271
Bangladesh,BGD,2000,Carbon dioxide (CO2) emissions from Fugitive Emissions (Energy) (Mt CO2e),EN.GHG.CO2.FE.MT.CE.AR5,0.6646
Bangladesh,BGD,1999,Carbon dioxide (CO2) emissions from Fugitive Emissions (Energy) (Mt CO2e),EN.GHG.CO2.FE.MT.CE.AR5,0.9095
Bangladesh,BGD,1998,Carbon dioxide (CO2) emissions from Fugitive Emissions (Energy) (Mt CO2e),EN.GHG.CO2.FE.MT.CE.AR5,0.9111
Bangladesh,BGD,1997,Carbon dioxide (CO2) emissions from Fugitive Emissions (Energy) (Mt CO2e),EN.GHG.CO2.FE.MT.CE.AR5,0.9306
Bangladesh,BGD,1996,Carbon dioxide (CO2) emissions from Fugitive Emissions (Energy) (Mt CO2e),EN.GHG.CO2.FE.MT.CE.AR5,0.68
Bangladesh,BGD,1995,Carbon dioxide (CO2) emissions from Fugitive Emissions (Energy) (Mt CO2e),EN.GHG.CO2.FE.MT.CE.AR5,0.7444
Bangladesh,BGD,1994,Carbon dioxide (CO2) emissions from Fugitive Emissions (Energy) (Mt CO2e),EN.GHG.CO2.FE.MT.CE.AR5,0.7817
Bangladesh,BGD,1993,Carbon dioxide (CO2) emissions from Fugitive Emissions (Energy) (Mt CO2e),EN.GHG.CO2.FE.MT.CE.AR5,1.0268
Bangladesh,BGD,1992,Carbon dioxide (CO2) emissions from Fugitive Emissions (Energy) (Mt CO2e),EN.GHG.CO2.FE.MT.CE.AR5,0.6381
Bangladesh,BGD,1991,Carbon dioxide (CO2) emissions from Fugitive Emissions (Energy) (Mt CO2e),EN.GHG.CO2.FE.MT.CE.AR5,0.583
Bangladesh,BGD,1990,Carbon dioxide (CO2) emissions from Fugitive Emissions (Energy) (Mt CO2e),EN.GHG.CO2.FE.MT.CE.AR5,0.5949
Bangladesh,BGD,1989,Carbon dioxide (CO2) emissions from Fugitive Emissions (Energy) (Mt CO2e),EN.GHG.CO2.FE.MT.CE.AR5,0.6354
Bangladesh,BGD,1988,Carbon dioxide (CO2) emissions from Fugitive Emissions (Energy) (Mt CO2e),EN.GHG.CO2.FE.MT.CE.AR5,0.499
Bangladesh,BGD,1987,Carbon dioxide (CO2) emissions from Fugitive Emissions (Energy) (Mt CO2e),EN.GHG.CO2.FE.MT.CE.AR5,0.6701
Bangladesh,BGD,1986,Carbon dioxide (CO2) emissions from Fugitive Emissions (Energy) (Mt CO2e),EN.GHG.CO2.FE.MT.CE.AR5,0.5448
Bangladesh,BGD,1985,Carbon dioxide (CO2) emissions from Fugitive Emissions (Energy) (Mt CO2e),EN.GHG.CO2.FE.MT.CE.AR5,0.5829
Bangladesh,BGD,1984,Carbon dioxide (CO2) emissions from Fugitive Emissions (Energy) (Mt CO2e),EN.GHG.CO2.FE.MT.CE.AR5,0.8426
Bangladesh,BGD,1983,Carbon dioxide (CO2) emissions from Fugitive Emissions (Energy) (Mt CO2e),EN.GHG.CO2.FE.MT.CE.AR5,1.4871
Bangladesh,BGD,1982,Carbon dioxide (CO2) emissions from Fugitive Emissions (Energy) (Mt CO2e),EN.GHG.CO2.FE.MT.CE.AR5,0.4754
Bangladesh,BGD,1981,Carbon dioxide (CO2) emissions from Fugitive Emissions (Energy) (Mt CO2e),EN.GHG.CO2.FE.MT.CE.AR5,0.5177
Bangladesh,BGD,1980,Carbon dioxide (CO2) emissions from Fugitive Emissions (Energy) (Mt CO2e),EN.GHG.CO2.FE.MT.CE.AR5,0.23
Bangladesh,BGD,1979,Carbon dioxide (CO2) emissions from Fugitive Emissions (Energy) (Mt CO2e),EN.GHG.CO2.FE.MT.CE.AR5,0.2308
Bangladesh,BGD,1978,Carbon dioxide (CO2) emissions from Fugitive Emissions (Energy) (Mt CO2e),EN.GHG.CO2.FE.MT.CE.AR5,0.2209
Bangladesh,BGD,1977,Carbon dioxide (CO2) emissions from Fugitive Emissions (Energy) (Mt CO2e),EN.GHG.CO2.FE.MT.CE.AR5,0.2309
Bangladesh,BGD,1976,Carbon dioxide (CO2) emissions from Fugitive Emissions (Energy) (Mt CO2e),EN.GHG.CO2.FE.MT.CE.AR5,0.145
Bangladesh,BGD,1975,Carbon dioxide (CO2) emissions from Fugitive Emissions (Energy) (Mt CO2e),EN.GHG.CO2.FE.MT.CE.AR5,0.1332
Bangladesh,BGD,1974,Carbon dioxide (CO2) emissions from Fugitive Emissions (Energy) (Mt CO2e),EN.GHG.CO2.FE.MT.CE.AR5,0.0592
Bangladesh,BGD,1973,Carbon dioxide (CO2) emissions from Fugitive Emissions (Energy) (Mt CO2e),EN.GHG.CO2.FE.MT.CE.AR5,0.1215
Bangladesh,BGD,1972,Carbon dioxide (CO2) emissions from Fugitive Emissions (Energy) (Mt CO2e),EN.GHG.CO2.FE.MT.CE.AR5,0.1273
Bangladesh,BGD,1971,Carbon dioxide (CO2) emissions from Fugitive Emissions (Energy) (Mt CO2e),EN.GHG.CO2.FE.MT.CE.AR5,0.1273
Bangladesh,BGD,1970,Carbon dioxide (CO2) emissions from Fugitive Emissions (Energy) (Mt CO2e),EN.GHG.CO2.FE.MT.CE.AR5,0.1273
Bangladesh,BGD,2024,Carbon dioxide (CO2) emissions from Industrial Combustion (Energy) (Mt CO2e),EN.GHG.CO2.IC.MT.CE.AR5,20.8272
Bangladesh,BGD,2023,Carbon dioxide (CO2) emissions from Industrial Combustion (Energy) (Mt CO2e),EN.GHG.CO2.IC.MT.CE.AR5,20.1904
Bangladesh,BGD,2022,Carbon dioxide (CO2) emissions from Industrial Combustion (Energy) (Mt CO2e),EN.GHG.CO2.IC.MT.CE.AR5,17.9423
Bangladesh,BGD,2021,Carbon dioxide (CO2) emissions from Industrial Combustion (Energy) (Mt CO2e),EN.GHG.CO2.IC.MT.CE.AR5,19.4525
Bangladesh,BGD,2020,Carbon dioxide (CO2) emissions from Industrial Combustion (Energy) (Mt CO2e),EN.GHG.CO2.IC.MT.CE.AR5,18.014
Bangladesh,BGD,2019,Carbon dioxide (CO2) emissions from Industrial Combustion (Energy) (Mt CO2e),EN.GHG.CO2.IC.MT.CE.AR5,18.5703
Bangladesh,BGD,2018,Carbon dioxide (CO2) emissions from Industrial Combustion (Energy) (Mt CO2e),EN.GHG.CO2.IC.MT.CE.AR5,17.0881
Bangladesh,BGD,2017,Carbon dioxide (CO2) emissions from Industrial Combustion (Energy) (Mt CO2e),EN.GHG.CO2.IC.MT.CE.AR5,18.1645
Bangladesh,BGD,2016,Carbon dioxide (CO2) emissions from Industrial Combustion (Energy) (Mt CO2e),EN.GHG.CO2.IC.MT.CE.AR5,15.3955
Bangladesh,BGD,2015,Carbon dioxide (CO2) emissions from Industrial Combustion (Energy) (Mt CO2e),EN.GHG.CO2.IC.MT.CE.AR5,13.4478
Bangladesh,BGD,2014,Carbon dioxide (CO2) emissions from Industrial Combustion (Energy) (Mt CO2e),EN.GHG.CO2.IC.MT.CE.AR5,10.5649
Bangladesh,BGD,2013,Carbon dioxide (CO2) emissions from Industrial Combustion (Energy) (Mt CO2e),EN.GHG.CO2.IC.MT.CE.AR5,10.7941
Bangladesh,BGD,2012,Carbon dioxide (CO2) emissions from Industrial Combustion (Energy) (Mt CO2e),EN.GHG.CO2.IC.MT.CE.AR5,10.2262
Bangladesh,BGD,2011,Carbon dioxide (CO2) emissions from Industrial Combustion (Energy) (Mt CO2e),EN.GHG.CO2.IC.MT.CE.AR5,9.2336
Bangladesh,BGD,2010,Carbon dioxide (CO2) emissions from Industrial Combustion (Energy) (Mt CO2e),EN.GHG.CO2.IC.MT.CE.AR5,9.1856
Bangladesh,BGD,2009,Carbon dioxide (CO2) emissions from Industrial Combustion (Energy) (Mt CO2e),EN.GHG.CO2.IC.MT.CE.AR5,8.1674
Bangladesh,BGD,2008,Carbon dioxide (CO2) emissions from Industrial Combustion (Energy) (Mt CO2e),EN.GHG.CO2.IC.MT.CE.AR5,7.0221
Bangladesh,BGD,2007,Carbon dioxide (CO2) emissions from Industrial Combustion (Energy) (Mt CO2e),EN.GHG.CO2.IC.MT.CE.AR5,5.9968
Bangladesh,BGD,2006,Carbon dioxide (CO2) emissions from Industrial Combustion (Energy) (Mt CO2e),EN.GHG.CO2.IC.MT.CE.AR5,5.304
Bangladesh,BGD,2005,Carbon dioxide (CO2) emissions from Industrial Combustion (Energy) (Mt CO2e),EN.GHG.CO2.IC.MT.CE.AR5,4.7015
Bangladesh,BGD,2004,Carbon dioxide (CO2) emissions from Industrial Combustion (Energy) (Mt CO2e),EN.GHG.CO2.IC.MT.CE.AR5,4.1179
Bangladesh,BGD,2003,Carbon dioxide (CO2) emissions from Industrial Combustion (Energy) (Mt CO2e),EN.GHG.CO2.IC.MT.CE.AR5,5.496
Bangladesh,BGD,2002,Carbon dioxide (CO2) emissions from Industrial Combustion (Energy) (Mt CO2e),EN.GHG.CO2.IC.MT.CE.AR5,4.7983
Bangladesh,BGD,2001,Carbon dioxide (CO2) emissions from Industrial Combustion (Energy) (Mt CO2e),EN.GHG.CO2.IC.MT.CE.AR5,4.4292
Bangladesh,BGD,2000,Carbon dioxide (CO2) emissions from Industrial Combustion (Energy) (Mt CO2e),EN.GHG.CO2.IC.MT.CE.AR5,3.0433
Bangladesh,BGD,1999,Carbon dioxide (CO2) emissions from Industrial Combustion (Energy) (Mt CO2e),EN.GHG.CO2.IC.MT.CE.AR5,2.8478
Bangladesh,BGD,1998,Carbon dioxide (CO2) emissions from Industrial Combustion (Energy) (Mt CO2e),EN.GHG.CO2.IC.MT.CE.AR5,2.8597
Bangladesh,BGD,1997,Carbon dioxide (CO2) emissions from Industrial Combustion (Energy) (Mt CO2e),EN.GHG.CO2.IC.MT.CE.AR5,3.6265
Bangladesh,BGD,1996,Carbon dioxide (CO2) emissions from Industrial Combustion (Energy) (Mt CO2e),EN.GHG.CO2.IC.MT.CE.AR5,2.9618
Bangladesh,BGD,1995,Carbon dioxide (CO2) emissions from Industrial Combustion (Energy) (Mt CO2e),EN.GHG.CO2.IC.MT.CE.AR5,3.3215
Bangladesh,BGD,1994,Carbon dioxide (CO2) emissions from Industrial Combustion (Energy) (Mt CO2e),EN.GHG.CO2.IC.MT.CE.AR5,1.8976
Bangladesh,BGD,1993,Carbon dioxide (CO2) emissions from Industrial Combustion (Energy) (Mt CO2e),EN.GHG.CO2.IC.MT.CE.AR5,1.4652
Bangladesh,BGD,1992,Carbon dioxide (CO2) emissions from Industrial Combustion (Energy) (Mt CO2e),EN.GHG.CO2.IC.MT.CE.AR5,1.4946
Bangladesh,BGD,1991,Carbon dioxide (CO2) emissions from Industrial Combustion (Energy) (Mt CO2e),EN.GHG.CO2.IC.MT.CE.AR5,1.512
Bangladesh,BGD,1990,Carbon dioxide (CO2) emissions from Industrial Combustion (Energy) (Mt CO2e),EN.GHG.CO2.IC.MT.CE.AR5,2.3069
Bangladesh,BGD,1989,Carbon dioxide (CO2) emissions from Industrial Combustion (Energy) (Mt CO2e),EN.GHG.CO2.IC.MT.CE.AR5,1.611
Bangladesh,BGD,1988,Carbon dioxide (CO2) emissions from Industrial Combustion (Energy) (Mt CO2e),EN.GHG.CO2.IC.MT.CE.AR5,1.5676
Bangladesh,BGD,1987,Carbon dioxide (CO2) emissions from Industrial Combustion (Energy) (Mt CO2e),EN.GHG.CO2.IC.MT.CE.AR5,1.7727
Bangladesh,BGD,1986,Carbon dioxide (CO2) emissions from Industrial Combustion (Energy) (Mt CO2e),EN.GHG.CO2.IC.MT.CE.AR5,1.4357
Bangladesh,BGD,1985,Carbon dioxide (CO2) emissions from Industrial Combustion (Energy) (Mt CO2e),EN.GHG.CO2.IC.MT.CE.AR5,1.2973
Bangladesh,BGD,1984,Carbon dioxide (CO2) emissions from Industrial Combustion (Energy) (Mt CO2e),EN.GHG.CO2.IC.MT.CE.AR5,1.4152
Bangladesh,BGD,1983,Carbon dioxide (CO2) emissions from Industrial Combustion (Energy) (Mt CO2e),EN.GHG.CO2.IC.MT.CE.AR5,1.5707
Bangladesh,BGD,1982,Carbon dioxide (CO2) emissions from Industrial Combustion (Energy) (Mt CO2e),EN.GHG.CO2.IC.MT.CE.AR5,1.9791
Bangladesh,BGD,1981,Carbon dioxide (CO2) emissions from Industrial Combustion (Energy) (Mt CO2e),EN.GHG.CO2.IC.MT.CE.AR5,1.932
Bangladesh,BGD,1980,Carbon dioxide (CO2) emissions from Industrial Combustion (Energy) (Mt CO2e),EN.GHG.CO2.IC.MT.CE.AR5,2.093
Bangladesh,BGD,1979,Carbon dioxide (CO2) emissions from Industrial Combustion (Energy) (Mt CO2e),EN.GHG.CO2.IC.MT.CE.AR5,1.6397
Bangladesh,BGD,1978,Carbon dioxide (CO2) emissions from Industrial Combustion (Energy) (Mt CO2e),EN.GHG.CO2.IC.MT.CE.AR5,1.6241
Bangladesh,BGD,1977,Carbon dioxide (CO2) emissions from Industrial Combustion (Energy) (Mt CO2e),EN.GHG.CO2.IC.MT.CE.AR5,1.5536
Bangladesh,BGD,1976,Carbon dioxide (CO2) emissions from Industrial Combustion (Energy) (Mt CO2e),EN.GHG.CO2.IC.MT.CE.AR5,1.5489
Bangladesh,BGD,1975,Carbon dioxide (CO2) emissions from Industrial Combustion (Energy) (Mt CO2e),EN.GHG.CO2.IC.MT.CE.AR5,1.5413
Bangladesh,BGD,1974,Carbon dioxide (CO2) emissions from Industrial Combustion (Energy) (Mt CO2e),EN.GHG.CO2.IC.MT.CE.AR5,1.3471
Bangladesh,BGD,1973,Carbon dioxide (CO2) emissions from Industrial Combustion (Energy) (Mt CO2e),EN.GHG.CO2.IC.MT.CE.AR5,1.2798
Bangladesh,BGD,1972,Carbon dioxide (CO2) emissions from Industrial Combustion (Energy) (Mt CO2e),EN.GHG.CO2.IC.MT.CE.AR5,0.9547
Bangladesh,BGD,1971,Carbon dioxide (CO2) emissions from Industrial Combustion (Energy) (Mt CO2e),EN.GHG.CO2.IC.MT.CE.AR5,0.9547
Bangladesh,BGD,1970,Carbon dioxide (CO2) emissions from Industrial Combustion (Energy) (Mt CO2e),EN.GHG.CO2.IC.MT.CE.AR5,0.9547
Bangladesh,BGD,2024,Carbon dioxide (CO2) emissions from Industrial Processes (Mt CO2e),EN.GHG.CO2.IP.MT.CE.AR5,13.6373
Bangladesh,BGD,2023,Carbon dioxide (CO2) emissions from Industrial Processes (Mt CO2e),EN.GHG.CO2.IP.MT.CE.AR5,13.4182
Bangladesh,BGD,2022,Carbon dioxide (CO2) emissions from Industrial Processes (Mt CO2e),EN.GHG.CO2.IP.MT.CE.AR5,13.3935
Bangladesh,BGD,2021,Carbon dioxide (CO2) emissions from Industrial Processes (Mt CO2e),EN.GHG.CO2.IP.MT.CE.AR5,14.2541
Bangladesh,BGD,2020,Carbon dioxide (CO2) emissions from Industrial Processes (Mt CO2e),EN.GHG.CO2.IP.MT.CE.AR5,13.3167
Bangladesh,BGD,2019,Carbon dioxide (CO2) emissions from Industrial Processes (Mt CO2e),EN.GHG.CO2.IP.MT.CE.AR5,13.8038
Bangladesh,BGD,2018,Carbon dioxide (CO2) emissions from Industrial Processes (Mt CO2e),EN.GHG.CO2.IP.MT.CE.AR5,13.275
Bangladesh,BGD,2017,Carbon dioxide (CO2) emissions from Industrial Processes (Mt CO2e),EN.GHG.CO2.IP.MT.CE.AR5,11.7009
Bangladesh,BGD,2016,Carbon dioxide (CO2) emissions from Industrial Processes (Mt CO2e),EN.GHG.CO2.IP.MT.CE.AR5,10.884
Bangladesh,BGD,2015,Carbon dioxide (CO2) emissions from Industrial Processes (Mt CO2e),EN.GHG.CO2.IP.MT.CE.AR5,10.4924
Bangladesh,BGD,2014,Carbon dioxide (CO2) emissions from Industrial Processes (Mt CO2e),EN.GHG.CO2.IP.MT.CE.AR5,7.944
Bangladesh,BGD,2013,Carbon dioxide (CO2) emissions from Industrial Processes (Mt CO2e),EN.GHG.CO2.IP.MT.CE.AR5,7.8207
Bangladesh,BGD,2012,Carbon dioxide (CO2) emissions from Industrial Processes (Mt CO2e),EN.GHG.CO2.IP.MT.CE.AR5,7.9801
Bangladesh,BGD,2011,Carbon dioxide (CO2) emissions from Industrial Processes (Mt CO2e),EN.GHG.CO2.IP.MT.CE.AR5,7.9857
Bangladesh,BGD,2010,Carbon dioxide (CO2) emissions from Industrial Processes (Mt CO2e),EN.GHG.CO2.IP.MT.CE.AR5,7.7744
Bangladesh,BGD,2009,Carbon dioxide (CO2) emissions from Industrial Processes (Mt CO2e),EN.GHG.CO2.IP.MT.CE.AR5,7.8607
Bangladesh,BGD,2008,Carbon dioxide (CO2) emissions from Industrial Processes (Mt CO2e),EN.GHG.CO2.IP.MT.CE.AR5,7.8085
Bangladesh,BGD,2007,Carbon dioxide (CO2) emissions from Industrial Processes (Mt CO2e),EN.GHG.CO2.IP.MT.CE.AR5,5.8655
Bangladesh,BGD,2006,Carbon dioxide (CO2) emissions from Industrial Processes (Mt CO2e),EN.GHG.CO2.IP.MT.CE.AR5,5.7078
Bangladesh,BGD,2005,Carbon dioxide (CO2) emissions from Industrial Processes (Mt CO2e),EN.GHG.CO2.IP.MT.CE.AR5,5.9728
Bangladesh,BGD,2004,Carbon dioxide (CO2) emissions from Industrial Processes (Mt CO2e),EN.GHG.CO2.IP.MT.CE.AR5,5.7522
Bangladesh,BGD,2003,Carbon dioxide (CO2) emissions from Industrial Processes (Mt CO2e),EN.GHG.CO2.IP.MT.CE.AR5,5.8426
Bangladesh,BGD,2002,Carbon dioxide (CO2) emissions from Industrial Processes (Mt CO2e),EN.GHG.CO2.IP.MT.CE.AR5,5.6992
Bangladesh,BGD,2001,Carbon dioxide (CO2) emissions from Industrial Processes (Mt CO2e),EN.GHG.CO2.IP.MT.CE.AR5,5.6864
Bangladesh,BGD,2000,Carbon dioxide (CO2) emissions from Industrial Processes (Mt CO2e),EN.GHG.CO2.IP.MT.CE.AR5,4.9279
Bangladesh,BGD,1999,Carbon dioxide (CO2) emissions from Industrial Processes (Mt CO2e),EN.GHG.CO2.IP.MT.CE.AR5,4.0829
Bangladesh,BGD,1998,Carbon dioxide (CO2) emissions from Industrial Processes (Mt CO2e),EN.GHG.CO2.IP.MT.CE.AR5,3.346
Bangladesh,BGD,1997,Carbon dioxide (CO2) emissions from Industrial Processes (Mt CO2e),EN.GHG.CO2.IP.MT.CE.AR5,3.0877
Bangladesh,BGD,1996,Carbon dioxide (CO2) emissions from Industrial Processes (Mt CO2e),EN.GHG.CO2.IP.MT.CE.AR5,3.3155
Bangladesh,BGD,1995,Carbon dioxide (CO2) emissions from Industrial Processes (Mt CO2e),EN.GHG.CO2.IP.MT.CE.AR5,3.2244
Bangladesh,BGD,1994,Carbon dioxide (CO2) emissions from Industrial Processes (Mt CO2e),EN.GHG.CO2.IP.MT.CE.AR5,2.6323
Bangladesh,BGD,1993,Carbon dioxide (CO2) emissions from Industrial Processes (Mt CO2e),EN.GHG.CO2.IP.MT.CE.AR5,2.4161
Bangladesh,BGD,1992,Carbon dioxide (CO2) emissions from Industrial Processes (Mt CO2e),EN.GHG.CO2.IP.MT.CE.AR5,2.3438
Bangladesh,BGD,1991,Carbon dioxide (CO2) emissions from Industrial Processes (Mt CO2e),EN.GHG.CO2.IP.MT.CE.AR5,1.7333
Bangladesh,BGD,1990,Carbon dioxide (CO2) emissions from Industrial Processes (Mt CO2e),EN.GHG.CO2.IP.MT.CE.AR5,1.9271
Bangladesh,BGD,1989,Carbon dioxide (CO2) emissions from Industrial Processes (Mt CO2e),EN.GHG.CO2.IP.MT.CE.AR5,2.0935
Bangladesh,BGD,1988,Carbon dioxide (CO2) emissions from Industrial Processes (Mt CO2e),EN.GHG.CO2.IP.MT.CE.AR5,1.8013
Bangladesh,BGD,1987,Carbon dioxide (CO2) emissions from Industrial Processes (Mt CO2e),EN.GHG.CO2.IP.MT.CE.AR5,1.2308
Bangladesh,BGD,1986,Carbon dioxide (CO2) emissions from Industrial Processes (Mt CO2e),EN.GHG.CO2.IP.MT.CE.AR5,1.2083
Bangladesh,BGD,1985,Carbon dioxide (CO2) emissions from Industrial Processes (Mt CO2e),EN.GHG.CO2.IP.MT.CE.AR5,1.0868
Bangladesh,BGD,1984,Carbon dioxide (CO2) emissions from Industrial Processes (Mt CO2e),EN.GHG.CO2.IP.MT.CE.AR5,1.1059
Bangladesh,BGD,1983,Carbon dioxide (CO2) emissions from Industrial Processes (Mt CO2e),EN.GHG.CO2.IP.MT.CE.AR5,0.7401
Bangladesh,BGD,1982,Carbon dioxide (CO2) emissions from Industrial Processes (Mt CO2e),EN.GHG.CO2.IP.MT.CE.AR5,0.7682
Bangladesh,BGD,1981,Carbon dioxide (CO2) emissions from Industrial Processes (Mt CO2e),EN.GHG.CO2.IP.MT.CE.AR5,0.7049
Bangladesh,BGD,1980,Carbon dioxide (CO2) emissions from Industrial Processes (Mt CO2e),EN.GHG.CO2.IP.MT.CE.AR5,0.6776
Bangladesh,BGD,1979,Carbon dioxide (CO2) emissions from Industrial Processes (Mt CO2e),EN.GHG.CO2.IP.MT.CE.AR5,0.7294
Bangladesh,BGD,1978,Carbon dioxide (CO2) emissions from Industrial Processes (Mt CO2e),EN.GHG.CO2.IP.MT.CE.AR5,0.5923
Bangladesh,BGD,1977,Carbon dioxide (CO2) emissions from Industrial Processes (Mt CO2e),EN.GHG.CO2.IP.MT.CE.AR5,0.5663
Bangladesh,BGD,1976,Carbon dioxide (CO2) emissions from Industrial Processes (Mt CO2e),EN.GHG.CO2.IP.MT.CE.AR5,0.6043
Bangladesh,BGD,1975,Carbon dioxide (CO2) emissions from Industrial Processes (Mt CO2e),EN.GHG.CO2.IP.MT.CE.AR5,0.5315
Bangladesh,BGD,1974,Carbon dioxide (CO2) emissions from Industrial Processes (Mt CO2e),EN.GHG.CO2.IP.MT.CE.AR5,0.2899
Bangladesh,BGD,1973,Carbon dioxide (CO2) emissions from Industrial Processes (Mt CO2e),EN.GHG.CO2.IP.MT.CE.AR5,0.4813
Bangladesh,BGD,1972,Carbon dioxide (CO2) emissions from Industrial Processes (Mt CO2e),EN.GHG.CO2.IP.MT.CE.AR5,0.3877
Bangladesh,BGD,1971,Carbon dioxide (CO2) emissions from Industrial Processes (Mt CO2e),EN.GHG.CO2.IP.MT.CE.AR5,0.2635
Bangladesh,BGD,1970,Carbon dioxide (CO2) emissions from Industrial Processes (Mt CO2e),EN.GHG.CO2.IP.MT.CE.AR5,0.2567
Bangladesh,BGD,2023,Carbon dioxide (CO2) net fluxes from LULUCF - Deforestation (Mt CO2e),EN.GHG.CO2.LU.DF.MT.CE.AR5,0.8199
Bangladesh,BGD,2022,Carbon dioxide (CO2) net fluxes from LULUCF - Deforestation (Mt CO2e),EN.GHG.CO2.LU.DF.MT.CE.AR5,0.8199
Bangladesh,BGD,2021,Carbon dioxide (CO2) net fluxes from LULUCF - Deforestation (Mt CO2e),EN.GHG.CO2.LU.DF.MT.CE.AR5,0.8199
Bangladesh,BGD,2020,Carbon dioxide (CO2) net fluxes from LULUCF - Deforestation (Mt CO2e),EN.GHG.CO2.LU.DF.MT.CE.AR5,0.8199
Bangladesh,BGD,2019,Carbon dioxide (CO2) net fluxes from LULUCF - Deforestation (Mt CO2e),EN.GHG.CO2.LU.DF.MT.CE.AR5,0.8199
Bangladesh,BGD,2018,Carbon dioxide (CO2) net fluxes from LULUCF - Deforestation (Mt CO2e),EN.GHG.CO2.LU.DF.MT.CE.AR5,0.8199
Bangladesh,BGD,2017,Carbon dioxide (CO2) net fluxes from LULUCF - Deforestation (Mt CO2e),EN.GHG.CO2.LU.DF.MT.CE.AR5,0.8199
Bangladesh,BGD,2016,Carbon dioxide (CO2) net fluxes from LULUCF - Deforestation (Mt CO2e),EN.GHG.CO2.LU.DF.MT.CE.AR5,0.8199
Bangladesh,BGD,2015,Carbon dioxide (CO2) net fluxes from LULUCF - Deforestation (Mt CO2e),EN.GHG.CO2.LU.DF.MT.CE.AR5,0.8199
Bangladesh,BGD,2014,Carbon dioxide (CO2) net fluxes from LULUCF - Deforestation (Mt CO2e),EN.GHG.CO2.LU.DF.MT.CE.AR5,0.8199
Bangladesh,BGD,2013,Carbon dioxide (CO2) net fluxes from LULUCF - Deforestation (Mt CO2e),EN.GHG.CO2.LU.DF.MT.CE.AR5,0.8199
Bangladesh,BGD,2012,Carbon dioxide (CO2) net fluxes from LULUCF - Deforestation (Mt CO2e),EN.GHG.CO2.LU.DF.MT.CE.AR5,0.8199
Bangladesh,BGD,2011,Carbon dioxide (CO2) net fluxes from LULUCF - Deforestation (Mt CO2e),EN.GHG.CO2.LU.DF.MT.CE.AR5,0.8199
Bangladesh,BGD,2010,Carbon dioxide (CO2) net fluxes from LULUCF - Deforestation (Mt CO2e),EN.GHG.CO2.LU.DF.MT.CE.AR5,0.8199
Bangladesh,BGD,2009,Carbon dioxide (CO2) net fluxes from LULUCF - Deforestation (Mt CO2e),EN.GHG.CO2.LU.DF.MT.CE.AR5,0.8199
Bangladesh,BGD,2008,Carbon dioxide (CO2) net fluxes from LULUCF - Deforestation (Mt CO2e),EN.GHG.CO2.LU.DF.MT.CE.AR5,0.8199
Bangladesh,BGD,2007,Carbon dioxide (CO2) net fluxes from LULUCF - Deforestation (Mt CO2e),EN.GHG.CO2.LU.DF.MT.CE.AR5,0.8199
Bangladesh,BGD,2006,Carbon dioxide (CO2) net fluxes from LULUCF - Deforestation (Mt CO2e),EN.GHG.CO2.LU.DF.MT.CE.AR5,0.8199
Bangladesh,BGD,2005,Carbon dioxide (CO2) net fluxes from LULUCF - Deforestation (Mt CO2e),EN.GHG.CO2.LU.DF.MT.CE.AR5,0.8199
Bangladesh,BGD,2004,Carbon dioxide (CO2) net fluxes from LULUCF - Deforestation (Mt CO2e),EN.GHG.CO2.LU.DF.MT.CE.AR5,0.8199
Bangladesh,BGD,2003,Carbon dioxide (CO2) net fluxes from LULUCF - Deforestation (Mt CO2e),EN.GHG.CO2.LU.DF.MT.CE.AR5,0.8199
Bangladesh,BGD,2002,Carbon dioxide (CO2) net fluxes from LULUCF - Deforestation (Mt CO2e),EN.GHG.CO2.LU.DF.MT.CE.AR5,0.8199
Bangladesh,BGD,2001,Carbon dioxide (CO2) net fluxes from LULUCF - Deforestation (Mt CO2e),EN.GHG.CO2.LU.DF.MT.CE.AR5,0.8199
Bangladesh,BGD,2000,Carbon dioxide (CO2) net fluxes from LULUCF - Deforestation (Mt CO2e),EN.GHG.CO2.LU.DF.MT.CE.AR5,0.8199
Bangladesh,BGD,2023,Carbon dioxide (CO2) net fluxes from LULUCF - Forest Land (Mt CO2e),EN.GHG.CO2.LU.FL.MT.CE.AR5,-0.4456
Bangladesh,BGD,2022,Carbon dioxide (CO2) net fluxes from LULUCF - Forest Land (Mt CO2e),EN.GHG.CO2.LU.FL.MT.CE.AR5,-0.4456
Bangladesh,BGD,2021,Carbon dioxide (CO2) net fluxes from LULUCF - Forest Land (Mt CO2e),EN.GHG.CO2.LU.FL.MT.CE.AR5,-0.4456
Bangladesh,BGD,2020,Carbon dioxide (CO2) net fluxes from LULUCF - Forest Land (Mt CO2e),EN.GHG.CO2.LU.FL.MT.CE.AR5,-0.4456
Bangladesh,BGD,2019,Carbon dioxide (CO2) net fluxes from LULUCF - Forest Land (Mt CO2e),EN.GHG.CO2.LU.FL.MT.CE.AR5,-0.4456
Bangladesh,BGD,2018,Carbon dioxide (CO2) net fluxes from LULUCF - Forest Land (Mt CO2e),EN.GHG.CO2.LU.FL.MT.CE.AR5,-0.4456
Bangladesh,BGD,2017,Carbon dioxide (CO2) net fluxes from LULUCF - Forest Land (Mt CO2e),EN.GHG.CO2.LU.FL.MT.CE.AR5,-0.4456
Bangladesh,BGD,2016,Carbon dioxide (CO2) net fluxes from LULUCF - Forest Land (Mt CO2e),EN.GHG.CO2.LU.FL.MT.CE.AR5,-0.4456
Bangladesh,BGD,2015,Carbon dioxide (CO2) net fluxes from LULUCF - Forest Land (Mt CO2e),EN.GHG.CO2.LU.FL.MT.CE.AR5,-0.4456
Bangladesh,BGD,2014,Carbon dioxide (CO2) net fluxes from LULUCF - Forest Land (Mt CO2e),EN.GHG.CO2.LU.FL.MT.CE.AR5,-0.4456
Bangladesh,BGD,2013,Carbon dioxide (CO2) net fluxes from LULUCF - Forest Land (Mt CO2e),EN.GHG.CO2.LU.FL.MT.CE.AR5,-0.4456
Bangladesh,BGD,2012,Carbon dioxide (CO2) net fluxes from LULUCF - Forest Land (Mt CO2e),EN.GHG.CO2.LU.FL.MT.CE.AR5,-0.4456
Bangladesh,BGD,2011,Carbon dioxide (CO2) net fluxes from LULUCF - Forest Land (Mt CO2e),EN.GHG.CO2.LU.FL.MT.CE.AR5,-0.4456
Bangladesh,BGD,2010,Carbon dioxide (CO2) net fluxes from LULUCF - Forest Land (Mt CO2e),EN.GHG.CO2.LU.FL.MT.CE.AR5,-0.4456
Bangladesh,BGD,2009,Carbon dioxide (CO2) net fluxes from LULUCF - Forest Land (Mt CO2e),EN.GHG.CO2.LU.FL.MT.CE.AR5,-0.4456
Bangladesh,BGD,2008,Carbon dioxide (CO2) net fluxes from LULUCF - Forest Land (Mt CO2e),EN.GHG.CO2.LU.FL.MT.CE.AR5,-0.4456
Bangladesh,BGD,2007,Carbon dioxide (CO2) net fluxes from LULUCF - Forest Land (Mt CO2e),EN.GHG.CO2.LU.FL.MT.CE.AR5,-0.4456
Bangladesh,BGD,2006,Carbon dioxide (CO2) net fluxes from LULUCF - Forest Land (Mt CO2e),EN.GHG.CO2.LU.FL.MT.CE.AR5,-0.4456
Bangladesh,BGD,2005,Carbon dioxide (CO2) net fluxes from LULUCF - Forest Land (Mt CO2e),EN.GHG.CO2.LU.FL.MT.CE.AR5,-0.4456
Bangladesh,BGD,2004,Carbon dioxide (CO2) net fluxes from LULUCF - Forest Land (Mt CO2e),EN.GHG.CO2.LU.FL.MT.CE.AR5,-0.4456
Bangladesh,BGD,2003,Carbon dioxide (CO2) net fluxes from LULUCF - Forest Land (Mt CO2e),EN.GHG.CO2.LU.FL.MT.CE.AR5,-0.4456
Bangladesh,BGD,2002,Carbon dioxide (CO2) net fluxes from LULUCF - Forest Land (Mt CO2e),EN.GHG.CO2.LU.FL.MT.CE.AR5,-0.4456
Bangladesh,BGD,2001,Carbon dioxide (CO2) net fluxes from LULUCF - Forest Land (Mt CO2e),EN.GHG.CO2.LU.FL.MT.CE.AR5,-0.4456
Bangladesh,BGD,2000,Carbon dioxide (CO2) net fluxes from LULUCF - Forest Land (Mt CO2e),EN.GHG.CO2.LU.FL.MT.CE.AR5,-0.4456
Bangladesh,BGD,2023,Carbon dioxide (CO2) net fluxes from LULUCF - Total excluding non-tropical fires (Mt CO2e),EN.GHG.CO2.LU.MT.CE.AR5,0.3743
Bangladesh,BGD,2022,Carbon dioxide (CO2) net fluxes from LULUCF - Total excluding non-tropical fires (Mt CO2e),EN.GHG.CO2.LU.MT.CE.AR5,0.3743
Bangladesh,BGD,2021,Carbon dioxide (CO2) net fluxes from LULUCF - Total excluding non-tropical fires (Mt CO2e),EN.GHG.CO2.LU.MT.CE.AR5,0.3743
Bangladesh,BGD,2020,Carbon dioxide (CO2) net fluxes from LULUCF - Total excluding non-tropical fires (Mt CO2e),EN.GHG.CO2.LU.MT.CE.AR5,0.3743
Bangladesh,BGD,2019,Carbon dioxide (CO2) net fluxes from LULUCF - Total excluding non-tropical fires (Mt CO2e),EN.GHG.CO2.LU.MT.CE.AR5,0.3743
Bangladesh,BGD,2018,Carbon dioxide (CO2) net fluxes from LULUCF - Total excluding non-tropical fires (Mt CO2e),EN.GHG.CO2.LU.MT.CE.AR5,0.3743
Bangladesh,BGD,2017,Carbon dioxide (CO2) net fluxes from LULUCF - Total excluding non-tropical fires (Mt CO2e),EN.GHG.CO2.LU.MT.CE.AR5,0.3743
Bangladesh,BGD,2016,Carbon dioxide (CO2) net fluxes from LULUCF - Total excluding non-tropical fires (Mt CO2e),EN.GHG.CO2.LU.MT.CE.AR5,0.3743
Bangladesh,BGD,2015,Carbon dioxide (CO2) net fluxes from LULUCF - Total excluding non-tropical fires (Mt CO2e),EN.GHG.CO2.LU.MT.CE.AR5,0.3743
Bangladesh,BGD,2014,Carbon dioxide (CO2) net fluxes from LULUCF - Total excluding non-tropical fires (Mt CO2e),EN.GHG.CO2.LU.MT.CE.AR5,0.3743
Bangladesh,BGD,2013,Carbon dioxide (CO2) net fluxes from LULUCF - Total excluding non-tropical fires (Mt CO2e),EN.GHG.CO2.LU.MT.CE.AR5,0.3743
Bangladesh,BGD,2012,Carbon dioxide (CO2) net fluxes from LULUCF - Total excluding non-tropical fires (Mt CO2e),EN.GHG.CO2.LU.MT.CE.AR5,0.3743
Bangladesh,BGD,2011,Carbon dioxide (CO2) net fluxes from LULUCF - Total excluding non-tropical fires (Mt CO2e),EN.GHG.CO2.LU.MT.CE.AR5,0.3743
Bangladesh,BGD,2010,Carbon dioxide (CO2) net fluxes from LULUCF - Total excluding non-tropical fires (Mt CO2e),EN.GHG.CO2.LU.MT.CE.AR5,0.3743
Bangladesh,BGD,2009,Carbon dioxide (CO2) net fluxes from LULUCF - Total excluding non-tropical fires (Mt CO2e),EN.GHG.CO2.LU.MT.CE.AR5,0.3743
Bangladesh,BGD,2008,Carbon dioxide (CO2) net fluxes from LULUCF - Total excluding non-tropical fires (Mt CO2e),EN.GHG.CO2.LU.MT.CE.AR5,0.3743
Bangladesh,BGD,2007,Carbon dioxide (CO2) net fluxes from LULUCF - Total excluding non-tropical fires (Mt CO2e),EN.GHG.CO2.LU.MT.CE.AR5,0.3743
Bangladesh,BGD,2006,Carbon dioxide (CO2) net fluxes from LULUCF - Total excluding non-tropical fires (Mt CO2e),EN.GHG.CO2.LU.MT.CE.AR5,0.3743
Bangladesh,BGD,2005,Carbon dioxide (CO2) net fluxes from LULUCF - Total excluding non-tropical fires (Mt CO2e),EN.GHG.CO2.LU.MT.CE.AR5,0.3743
Bangladesh,BGD,2004,Carbon dioxide (CO2) net fluxes from LULUCF - Total excluding non-tropical fires (Mt CO2e),EN.GHG.CO2.LU.MT.CE.AR5,0.3743
Bangladesh,BGD,2003,Carbon dioxide (CO2) net fluxes from LULUCF - Total excluding non-tropical fires (Mt CO2e),EN.GHG.CO2.LU.MT.CE.AR5,0.3743
Bangladesh,BGD,2002,Carbon dioxide (CO2) net fluxes from LULUCF - Total excluding non-tropical fires (Mt CO2e),EN.GHG.CO2.LU.MT.CE.AR5,0.3743
Bangladesh,BGD,2001,Carbon dioxide (CO2) net fluxes from LULUCF - Total excluding non-tropical fires (Mt CO2e),EN.GHG.CO2.LU.MT.CE.AR5,0.3743
Bangladesh,BGD,2000,Carbon dioxide (CO2) net fluxes from LULUCF - Total excluding non-tropical fires (Mt CO2e),EN.GHG.CO2.LU.MT.CE.AR5,0.3743
Bangladesh,BGD,2020,Carbon dioxide (CO2) net fluxes from LULUCF - Other Land (Mt CO2e),EN.GHG.CO2.LU.OL.MT.CE.AR5,0
Bangladesh,BGD,2019,Carbon dioxide (CO2) net fluxes from LULUCF - Other Land (Mt CO2e),EN.GHG.CO2.LU.OL.MT.CE.AR5,0
Bangladesh,BGD,2018,Carbon dioxide (CO2) net fluxes from LULUCF - Other Land (Mt CO2e),EN.GHG.CO2.LU.OL.MT.CE.AR5,0
Bangladesh,BGD,2017,Carbon dioxide (CO2) net fluxes from LULUCF - Other Land (Mt CO2e),EN.GHG.CO2.LU.OL.MT.CE.AR5,0
Bangladesh,BGD,2016,Carbon dioxide (CO2) net fluxes from LULUCF - Other Land (Mt CO2e),EN.GHG.CO2.LU.OL.MT.CE.AR5,0
Bangladesh,BGD,2015,Carbon dioxide (CO2) net fluxes from LULUCF - Other Land (Mt CO2e),EN.GHG.CO2.LU.OL.MT.CE.AR5,0
Bangladesh,BGD,2014,Carbon dioxide (CO2) net fluxes from LULUCF - Other Land (Mt CO2e),EN.GHG.CO2.LU.OL.MT.CE.AR5,0
Bangladesh,BGD,2013,Carbon dioxide (CO2) net fluxes from LULUCF - Other Land (Mt CO2e),EN.GHG.CO2.LU.OL.MT.CE.AR5,0
Bangladesh,BGD,2012,Carbon dioxide (CO2) net fluxes from LULUCF - Other Land (Mt CO2e),EN.GHG.CO2.LU.OL.MT.CE.AR5,0
Bangladesh,BGD,2011,Carbon dioxide (CO2) net fluxes from LULUCF - Other Land (Mt CO2e),EN.GHG.CO2.LU.OL.MT.CE.AR5,0
Bangladesh,BGD,2010,Carbon dioxide (CO2) net fluxes from LULUCF - Other Land (Mt CO2e),EN.GHG.CO2.LU.OL.MT.CE.AR5,0
Bangladesh,BGD,2009,Carbon dioxide (CO2) net fluxes from LULUCF - Other Land (Mt CO2e),EN.GHG.CO2.LU.OL.MT.CE.AR5,0
Bangladesh,BGD,2008,Carbon dioxide (CO2) net fluxes from LULUCF - Other Land (Mt CO2e),EN.GHG.CO2.LU.OL.MT.CE.AR5,0
Bangladesh,BGD,2007,Carbon dioxide (CO2) net fluxes from LULUCF - Other Land (Mt CO2e),EN.GHG.CO2.LU.OL.MT.CE.AR5,0
Bangladesh,BGD,2006,Carbon dioxide (CO2) net fluxes from LULUCF - Other Land (Mt CO2e),EN.GHG.CO2.LU.OL.MT.CE.AR5,0
Bangladesh,BGD,2005,Carbon dioxide (CO2) net fluxes from LULUCF - Other Land (Mt CO2e),EN.GHG.CO2.LU.OL.MT.CE.AR5,0
Bangladesh,BGD,2004,Carbon dioxide (CO2) net fluxes from LULUCF - Other Land (Mt CO2e),EN.GHG.CO2.LU.OL.MT.CE.AR5,0
Bangladesh,BGD,2003,Carbon dioxide (CO2) net fluxes from LULUCF - Other Land (Mt CO2e),EN.GHG.CO2.LU.OL.MT.CE.AR5,0
Bangladesh,BGD,2002,Carbon dioxide (CO2) net fluxes from LULUCF - Other Land (Mt CO2e),EN.GHG.CO2.LU.OL.MT.CE.AR5,0
Bangladesh,BGD,2001,Carbon dioxide (CO2) net fluxes from LULUCF - Other Land (Mt CO2e),EN.GHG.CO2.LU.OL.MT.CE.AR5,0
Bangladesh,BGD,2000,Carbon dioxide (CO2) net fluxes from LULUCF - Other Land (Mt CO2e),EN.GHG.CO2.LU.OL.MT.CE.AR5,0
Bangladesh,BGD,2020,Carbon dioxide (CO2) net fluxes from LULUCF - Organic Soil (Mt CO2e),EN.GHG.CO2.LU.OS.MT.CE.AR5,0
Bangladesh,BGD,2019,Carbon dioxide (CO2) net fluxes from LULUCF - Organic Soil (Mt CO2e),EN.GHG.CO2.LU.OS.MT.CE.AR5,0
Bangladesh,BGD,2018,Carbon dioxide (CO2) net fluxes from LULUCF - Organic Soil (Mt CO2e),EN.GHG.CO2.LU.OS.MT.CE.AR5,0
Bangladesh,BGD,2017,Carbon dioxide (CO2) net fluxes from LULUCF - Organic Soil (Mt CO2e),EN.GHG.CO2.LU.OS.MT.CE.AR5,0
Bangladesh,BGD,2016,Carbon dioxide (CO2) net fluxes from LULUCF - Organic Soil (Mt CO2e),EN.GHG.CO2.LU.OS.MT.CE.AR5,0
Bangladesh,BGD,2015,Carbon dioxide (CO2) net fluxes from LULUCF - Organic Soil (Mt CO2e),EN.GHG.CO2.LU.OS.MT.CE.AR5,0
Bangladesh,BGD,2014,Carbon dioxide (CO2) net fluxes from LULUCF - Organic Soil (Mt CO2e),EN.GHG.CO2.LU.OS.MT.CE.AR5,0
Bangladesh,BGD,2013,Carbon dioxide (CO2) net fluxes from LULUCF - Organic Soil (Mt CO2e),EN.GHG.CO2.LU.OS.MT.CE.AR5,0
Bangladesh,BGD,2012,Carbon dioxide (CO2) net fluxes from LULUCF - Organic Soil (Mt CO2e),EN.GHG.CO2.LU.OS.MT.CE.AR5,0
Bangladesh,BGD,2011,Carbon dioxide (CO2) net fluxes from LULUCF - Organic Soil (Mt CO2e),EN.GHG.CO2.LU.OS.MT.CE.AR5,0
Bangladesh,BGD,2010,Carbon dioxide (CO2) net fluxes from LULUCF - Organic Soil (Mt CO2e),EN.GHG.CO2.LU.OS.MT.CE.AR5,0
Bangladesh,BGD,2009,Carbon dioxide (CO2) net fluxes from LULUCF - Organic Soil (Mt CO2e),EN.GHG.CO2.LU.OS.MT.CE.AR5,0
Bangladesh,BGD,2008,Carbon dioxide (CO2) net fluxes from LULUCF - Organic Soil (Mt CO2e),EN.GHG.CO2.LU.OS.MT.CE.AR5,0
Bangladesh,BGD,2007,Carbon dioxide (CO2) net fluxes from LULUCF - Organic Soil (Mt CO2e),EN.GHG.CO2.LU.OS.MT.CE.AR5,0
Bangladesh,BGD,2006,Carbon dioxide (CO2) net fluxes from LULUCF - Organic Soil (Mt CO2e),EN.GHG.CO2.LU.OS.MT.CE.AR5,0
Bangladesh,BGD,2005,Carbon dioxide (CO2) net fluxes from LULUCF - Organic Soil (Mt CO2e),EN.GHG.CO2.LU.OS.MT.CE.AR5,0
Bangladesh,BGD,2004,Carbon dioxide (CO2) net fluxes from LULUCF - Organic Soil (Mt CO2e),EN.GHG.CO2.LU.OS.MT.CE.AR5,0
Bangladesh,BGD,2003,Carbon dioxide (CO2) net fluxes from LULUCF - Organic Soil (Mt CO2e),EN.GHG.CO2.LU.OS.MT.CE.AR5,0
Bangladesh,BGD,2002,Carbon dioxide (CO2) net fluxes from LULUCF - Organic Soil (Mt CO2e),EN.GHG.CO2.LU.OS.MT.CE.AR5,0
Bangladesh,BGD,2001,Carbon dioxide (CO2) net fluxes from LULUCF - Organic Soil (Mt CO2e),EN.GHG.CO2.LU.OS.MT.CE.AR5,0
Bangladesh,BGD,2000,Carbon dioxide (CO2) net fluxes from LULUCF - Organic Soil (Mt CO2e),EN.GHG.CO2.LU.OS.MT.CE.AR5,0
Bangladesh,BGD,2024,Carbon dioxide (CO2) emissions (total) excluding LULUCF (Mt CO2e),EN.GHG.CO2.MT.CE.AR5,124.1907
Bangladesh,BGD,2023,Carbon dioxide (CO2) emissions (total) excluding LULUCF (Mt CO2e),EN.GHG.CO2.MT.CE.AR5,118.9891
Bangladesh,BGD,2022,Carbon dioxide (CO2) emissions (total) excluding LULUCF (Mt CO2e),EN.GHG.CO2.MT.CE.AR5,120.8657
Bangladesh,BGD,2021,Carbon dioxide (CO2) emissions (total) excluding LULUCF (Mt CO2e),EN.GHG.CO2.MT.CE.AR5,117.7683
Bangladesh,BGD,2020,Carbon dioxide (CO2) emissions (total) excluding LULUCF (Mt CO2e),EN.GHG.CO2.MT.CE.AR5,104.1229
Bangladesh,BGD,2019,Carbon dioxide (CO2) emissions (total) excluding LULUCF (Mt CO2e),EN.GHG.CO2.MT.CE.AR5,109.3222
Bangladesh,BGD,2018,Carbon dioxide (CO2) emissions (total) excluding LULUCF (Mt CO2e),EN.GHG.CO2.MT.CE.AR5,105.1823
Bangladesh,BGD,2017,Carbon dioxide (CO2) emissions (total) excluding LULUCF (Mt CO2e),EN.GHG.CO2.MT.CE.AR5,101.0415
Bangladesh,BGD,2016,Carbon dioxide (CO2) emissions (total) excluding LULUCF (Mt CO2e),EN.GHG.CO2.MT.CE.AR5,93.9921
Bangladesh,BGD,2015,Carbon dioxide (CO2) emissions (total) excluding LULUCF (Mt CO2e),EN.GHG.CO2.MT.CE.AR5,85.4452
Bangladesh,BGD,2014,Carbon dioxide (CO2) emissions (total) excluding LULUCF (Mt CO2e),EN.GHG.CO2.MT.CE.AR5,76.6542
Bangladesh,BGD,2013,Carbon dioxide (CO2) emissions (total) excluding LULUCF (Mt CO2e),EN.GHG.CO2.MT.CE.AR5,72.0796
Bangladesh,BGD,2012,Carbon dioxide (CO2) emissions (total) excluding LULUCF (Mt CO2e),EN.GHG.CO2.MT.CE.AR5,69.872
Bangladesh,BGD,2011,Carbon dioxide (CO2) emissions (total) excluding LULUCF (Mt CO2e),EN.GHG.CO2.MT.CE.AR5,65.3074
Bangladesh,BGD,2010,Carbon dioxide (CO2) emissions (total) excluding LULUCF (Mt CO2e),EN.GHG.CO2.MT.CE.AR5,60.7693
Bangladesh,BGD,2009,Carbon dioxide (CO2) emissions (total) excluding LULUCF (Mt CO2e),EN.GHG.CO2.MT.CE.AR5,55.1298
Bangladesh,BGD,2008,Carbon dioxide (CO2) emissions (total) excluding LULUCF (Mt CO2e),EN.GHG.CO2.MT.CE.AR5,51.3301
Bangladesh,BGD,2007,Carbon dioxide (CO2) emissions (total) excluding LULUCF (Mt CO2e),EN.GHG.CO2.MT.CE.AR5,46.2192
Bangladesh,BGD,2006,Carbon dioxide (CO2) emissions (total) excluding LULUCF (Mt CO2e),EN.GHG.CO2.MT.CE.AR5,43.4924
Bangladesh,BGD,2005,Carbon dioxide (CO2) emissions (total) excluding LULUCF (Mt CO2e),EN.GHG.CO2.MT.CE.AR5,40.3834
Bangladesh,BGD,2004,Carbon dioxide (CO2) emissions (total) excluding LULUCF (Mt CO2e),EN.GHG.CO2.MT.CE.AR5,37.9102
Bangladesh,BGD,2003,Carbon dioxide (CO2) emissions (total) excluding LULUCF (Mt CO2e),EN.GHG.CO2.MT.CE.AR5,35.9887
Bangladesh,BGD,2002,Carbon dioxide (CO2) emissions (total) excluding LULUCF (Mt CO2e),EN.GHG.CO2.MT.CE.AR5,34.3448
Bangladesh,BGD,2001,Carbon dioxide (CO2) emissions (total) excluding LULUCF (Mt CO2e),EN.GHG.CO2.MT.CE.AR5,32.633
Bangladesh,BGD,2000,Carbon dioxide (CO2) emissions (total) excluding LULUCF (Mt CO2e),EN.GHG.CO2.MT.CE.AR5,26.9773
Bangladesh,BGD,1999,Carbon dioxide (CO2) emissions (total) excluding LULUCF (Mt CO2e),EN.GHG.CO2.MT.CE.AR5,26.1314
Bangladesh,BGD,1998,Carbon dioxide (CO2) emissions (total) excluding LULUCF (Mt CO2e),EN.GHG.CO2.MT.CE.AR5,24.4802
Bangladesh,BGD,1997,Carbon dioxide (CO2) emissions (total) excluding LULUCF (Mt CO2e),EN.GHG.CO2.MT.CE.AR5,23.9579
Bangladesh,BGD,1996,Carbon dioxide (CO2) emissions (total) excluding LULUCF (Mt CO2e),EN.GHG.CO2.MT.CE.AR5,22.0864
Bangladesh,BGD,1995,Carbon dioxide (CO2) emissions (total) excluding LULUCF (Mt CO2e),EN.GHG.CO2.MT.CE.AR5,21.7789
Bangladesh,BGD,1994,Carbon dioxide (CO2) emissions (total) excluding LULUCF (Mt CO2e),EN.GHG.CO2.MT.CE.AR5,18.0011
Bangladesh,BGD,1993,Carbon dioxide (CO2) emissions (total) excluding LULUCF (Mt CO2e),EN.GHG.CO2.MT.CE.AR5,16.9529
Bangladesh,BGD,1992,Carbon dioxide (CO2) emissions (total) excluding LULUCF (Mt CO2e),EN.GHG.CO2.MT.CE.AR5,15.7331
Bangladesh,BGD,1991,Carbon dioxide (CO2) emissions (total) excluding LULUCF (Mt CO2e),EN.GHG.CO2.MT.CE.AR5,14.0692
Bangladesh,BGD,1990,Carbon dioxide (CO2) emissions (total) excluding LULUCF (Mt CO2e),EN.GHG.CO2.MT.CE.AR5,14.767
Bangladesh,BGD,1989,Carbon dioxide (CO2) emissions (total) excluding LULUCF (Mt CO2e),EN.GHG.CO2.MT.CE.AR5,14.0795
Bangladesh,BGD,1988,Carbon dioxide (CO2) emissions (total) excluding LULUCF (Mt CO2e),EN.GHG.CO2.MT.CE.AR5,12.7417
Bangladesh,BGD,1987,Carbon dioxide (CO2) emissions (total) excluding LULUCF (Mt CO2e),EN.GHG.CO2.MT.CE.AR5,11.8904
Bangladesh,BGD,1986,Carbon dioxide (CO2) emissions (total) excluding LULUCF (Mt CO2e),EN.GHG.CO2.MT.CE.AR5,10.7838
Bangladesh,BGD,1985,Carbon dioxide (CO2) emissions (total) excluding LULUCF (Mt CO2e),EN.GHG.CO2.MT.CE.AR5,9.7969
Bangladesh,BGD,1984,Carbon dioxide (CO2) emissions (total) excluding LULUCF (Mt CO2e),EN.GHG.CO2.MT.CE.AR5,8.7725
Bangladesh,BGD,1983,Carbon dioxide (CO2) emissions (total) excluding LULUCF (Mt CO2e),EN.GHG.CO2.MT.CE.AR5,9.0627
Bangladesh,BGD,1982,Carbon dioxide (CO2) emissions (total) excluding LULUCF (Mt CO2e),EN.GHG.CO2.MT.CE.AR5,8.4258
Bangladesh,BGD,1981,Carbon dioxide (CO2) emissions (total) excluding LULUCF (Mt CO2e),EN.GHG.CO2.MT.CE.AR5,7.7976
Bangladesh,BGD,1980,Carbon dioxide (CO2) emissions (total) excluding LULUCF (Mt CO2e),EN.GHG.CO2.MT.CE.AR5,7.7185
Bangladesh,BGD,1979,Carbon dioxide (CO2) emissions (total) excluding LULUCF (Mt CO2e),EN.GHG.CO2.MT.CE.AR5,6.9095
Bangladesh,BGD,1978,Carbon dioxide (CO2) emissions (total) excluding LULUCF (Mt CO2e),EN.GHG.CO2.MT.CE.AR5,6.1978
Bangladesh,BGD,1977,Carbon dioxide (CO2) emissions (total) excluding LULUCF (Mt CO2e),EN.GHG.CO2.MT.CE.AR5,5.778
Bangladesh,BGD,1976,Carbon dioxide (CO2) emissions (total) excluding LULUCF (Mt CO2e),EN.GHG.CO2.MT.CE.AR5,5.5515
Bangladesh,BGD,1975,Carbon dioxide (CO2) emissions (total) excluding LULUCF (Mt CO2e),EN.GHG.CO2.MT.CE.AR5,5.1738
Bangladesh,BGD,1974,Carbon dioxide (CO2) emissions (total) excluding LULUCF (Mt CO2e),EN.GHG.CO2.MT.CE.AR5,4.3162
Bangladesh,BGD,1973,Carbon dioxide (CO2) emissions (total) excluding LULUCF (Mt CO2e),EN.GHG.CO2.MT.CE.AR5,4.0992
Bangladesh,BGD,1972,Carbon dioxide (CO2) emissions (total) excluding LULUCF (Mt CO2e),EN.GHG.CO2.MT.CE.AR5,3.4703
Bangladesh,BGD,1971,Carbon dioxide (CO2) emissions (total) excluding LULUCF (Mt CO2e),EN.GHG.CO2.MT.CE.AR5,3.3461
Bangladesh,BGD,1970,Carbon dioxide (CO2) emissions (total) excluding LULUCF (Mt CO2e),EN.GHG.CO2.MT.CE.AR5,3.3393
Bangladesh,BGD,2024,Carbon dioxide (CO2) emissions excluding LULUCF per capita (t CO2e/capita),EN.GHG.CO2.PC.CE.AR5,0.715539343541092
Bangladesh,BGD,2023,Carbon dioxide (CO2) emissions excluding LULUCF per capita (t CO2e/capita),EN.GHG.CO2.PC.CE.AR5,0.693947563901367
Bangladesh,BGD,2022,Carbon dioxide (CO2) emissions excluding LULUCF per capita (t CO2e/capita),EN.GHG.CO2.PC.CE.AR5,0.713556533909868
Bangladesh,BGD,2021,Carbon dioxide (CO2) emissions excluding LULUCF per capita (t CO2e/capita),EN.GHG.CO2.PC.CE.AR5,0.702428158073895
Bangladesh,BGD,2020,Carbon dioxide (CO2) emissions excluding LULUCF per capita (t CO2e/capita),EN.GHG.CO2.PC.CE.AR5,0.626122292349066
Bangladesh,BGD,2019,Carbon dioxide (CO2) emissions excluding LULUCF per capita (t CO2e/capita),EN.GHG.CO2.PC.CE.AR5,0.662908100271382
Bangladesh,BGD,2018,Carbon dioxide (CO2) emissions excluding LULUCF per capita (t CO2e/capita),EN.GHG.CO2.PC.CE.AR5,0.643225929977613
Bangladesh,BGD,2017,Carbon dioxide (CO2) emissions excluding LULUCF per capita (t CO2e/capita),EN.GHG.CO2.PC.CE.AR5,0.622997104678737
Bangladesh,BGD,2016,Carbon dioxide (CO2) emissions excluding LULUCF per capita (t CO2e/capita),EN.GHG.CO2.PC.CE.AR5,0.584484613989962
Bangladesh,BGD,2015,Carbon dioxide (CO2) emissions excluding LULUCF per capita (t CO2e/capita),EN.GHG.CO2.PC.CE.AR5,0.536099232905876
Bangladesh,BGD,2014,Carbon dioxide (CO2) emissions excluding LULUCF per capita (t CO2e/capita),EN.GHG.CO2.PC.CE.AR5,0.485260877115325
Bangladesh,BGD,2013,Carbon dioxide (CO2) emissions excluding LULUCF per capita (t CO2e/capita),EN.GHG.CO2.PC.CE.AR5,0.460477953853579
Bangladesh,BGD,2012,Carbon dioxide (CO2) emissions excluding LULUCF per capita (t CO2e/capita),EN.GHG.CO2.PC.CE.AR5,0.450583313929743
Bangladesh,BGD,2011,Carbon dioxide (CO2) emissions excluding LULUCF per capita (t CO2e/capita),EN.GHG.CO2.PC.CE.AR5,0.425203089273234
Bangladesh,BGD,2010,Carbon dioxide (CO2) emissions excluding LULUCF per capita (t CO2e/capita),EN.GHG.CO2.PC.CE.AR5,0.399267470769648
Bangladesh,BGD,2009,Carbon dioxide (CO2) emissions excluding LULUCF per capita (t CO2e/capita),EN.GHG.CO2.PC.CE.AR5,0.365403611658953
Bangladesh,BGD,2008,Carbon dioxide (CO2) emissions excluding LULUCF per capita (t CO2e/capita),EN.GHG.CO2.PC.CE.AR5,0.343404266569929
Bangladesh,BGD,2007,Carbon dioxide (CO2) emissions excluding LULUCF per capita (t CO2e/capita),EN.GHG.CO2.PC.CE.AR5,0.312314517812567
Bangladesh,BGD,2006,Carbon dioxide (CO2) emissions excluding LULUCF per capita (t CO2e/capita),EN.GHG.CO2.PC.CE.AR5,0.297067114877888
Bangladesh,BGD,2005,Carbon dioxide (CO2) emissions excluding LULUCF per capita (t CO2e/capita),EN.GHG.CO2.PC.CE.AR5,0.279053178068632
Bangladesh,BGD,2004,Carbon dioxide (CO2) emissions excluding LULUCF per capita (t CO2e/capita),EN.GHG.CO2.PC.CE.AR5,0.265286510438952
Bangladesh,BGD,2003,Carbon dioxide (CO2) emissions excluding LULUCF per capita (t CO2e/capita),EN.GHG.CO2.PC.CE.AR5,0.255292689169796
Bangladesh,BGD,2002,Carbon dioxide (CO2) emissions excluding LULUCF per capita (t CO2e/capita),EN.GHG.CO2.PC.CE.AR5,0.247202877217844
Bangladesh,BGD,2001,Carbon dioxide (CO2) emissions excluding LULUCF per capita (t CO2e/capita),EN.GHG.CO2.PC.CE.AR5,0.238535190866528
Bangladesh,BGD,2000,Carbon dioxide (CO2) emissions excluding LULUCF per capita (t CO2e/capita),EN.GHG.CO2.PC.CE.AR5,0.200508674079581
Bangladesh,BGD,1999,Carbon dioxide (CO2) emissions excluding LULUCF per capita (t CO2e/capita),EN.GHG.CO2.PC.CE.AR5,0.197803215117866
Bangladesh,BGD,1998,Carbon dioxide (CO2) emissions excluding LULUCF per capita (t CO2e/capita),EN.GHG.CO2.PC.CE.AR5,0.188857889086581
Bangladesh,BGD,1997,Carbon dioxide (CO2) emissions excluding LULUCF per capita (t CO2e/capita),EN.GHG.CO2.PC.CE.AR5,0.188351129764399
Bangladesh,BGD,1996,Carbon dioxide (CO2) emissions excluding LULUCF per capita (t CO2e/capita),EN.GHG.CO2.PC.CE.AR5,0.176886229095842
Bangladesh,BGD,1995,Carbon dioxide (CO2) emissions excluding LULUCF per capita (t CO2e/capita),EN.GHG.CO2.PC.CE.AR5,0.177641388847358
Bangladesh,BGD,1994,Carbon dioxide (CO2) emissions excluding LULUCF per capita (t CO2e/capita),EN.GHG.CO2.PC.CE.AR5,0.149581390067816
Bangladesh,BGD,1993,Carbon dioxide (CO2) emissions excluding LULUCF per capita (t CO2e/capita),EN.GHG.CO2.PC.CE.AR5,0.143507672241543
Bangladesh,BGD,1992,Carbon dioxide (CO2) emissions excluding LULUCF per capita (t CO2e/capita),EN.GHG.CO2.PC.CE.AR5,0.135686093799762
Bangladesh,BGD,1991,Carbon dioxide (CO2) emissions excluding LULUCF per capita (t CO2e/capita),EN.GHG.CO2.PC.CE.AR5,0.1236449376704
Bangladesh,BGD,1990,Carbon dioxide (CO2) emissions excluding LULUCF per capita (t CO2e/capita),EN.GHG.CO2.PC.CE.AR5,0.132280823364504
Bangladesh,BGD,1989,Carbon dioxide (CO2) emissions excluding LULUCF per capita (t CO2e/capita),EN.GHG.CO2.PC.CE.AR5,0.128657691943967
Bangladesh,BGD,1988,Carbon dioxide (CO2) emissions excluding LULUCF per capita (t CO2e/capita),EN.GHG.CO2.PC.CE.AR5,0.118841395400582
Bangladesh,BGD,1987,Carbon dioxide (CO2) emissions excluding LULUCF per capita (t CO2e/capita),EN.GHG.CO2.PC.CE.AR5,0.113285826216185
Bangladesh,BGD,1986,Carbon dioxide (CO2) emissions excluding LULUCF per capita (t CO2e/capita),EN.GHG.CO2.PC.CE.AR5,0.105068835198775
Bangladesh,BGD,1985,Carbon dioxide (CO2) emissions excluding LULUCF per capita (t CO2e/capita),EN.GHG.CO2.PC.CE.AR5,0.097720959773854
Bangladesh,BGD,1984,Carbon dioxide (CO2) emissions excluding LULUCF per capita (t CO2e/capita),EN.GHG.CO2.PC.CE.AR5,0.089684639874025
Bangladesh,BGD,1983,Carbon dioxide (CO2) emissions excluding LULUCF per capita (t CO2e/capita),EN.GHG.CO2.PC.CE.AR5,0.0950614702414865
Bangladesh,BGD,1982,Carbon dioxide (CO2) emissions excluding LULUCF per capita (t CO2e/capita),EN.GHG.CO2.PC.CE.AR5,0.090781067231225
Bangladesh,BGD,1981,Carbon dioxide (CO2) emissions excluding LULUCF per capita (t CO2e/capita),EN.GHG.CO2.PC.CE.AR5,0.0863491903185389
Bangladesh,BGD,1980,Carbon dioxide (CO2) emissions excluding LULUCF per capita (t CO2e/capita),EN.GHG.CO2.PC.CE.AR5,0.0876938524388264
Bangladesh,BGD,1979,Carbon dioxide (CO2) emissions excluding LULUCF per capita (t CO2e/capita),EN.GHG.CO2.PC.CE.AR5,0.0804037261992403
Bangladesh,BGD,1978,Carbon dioxide (CO2) emissions excluding LULUCF per capita (t CO2e/capita),EN.GHG.CO2.PC.CE.AR5,0.0738803848937035
Bangladesh,BGD,1977,Carbon dioxide (CO2) emissions excluding LULUCF per capita (t CO2e/capita),EN.GHG.CO2.PC.CE.AR5,0.0705776609317248
Bangladesh,BGD,1976,Carbon dioxide (CO2) emissions excluding LULUCF per capita (t CO2e/capita),EN.GHG.CO2.PC.CE.AR5,0.0695194777134317
Bangladesh,BGD,1975,Carbon dioxide (CO2) emissions excluding LULUCF per capita (t CO2e/capita),EN.GHG.CO2.PC.CE.AR5,0.0664548600501467
Bangladesh,BGD,1974,Carbon dioxide (CO2) emissions excluding LULUCF per capita (t CO2e/capita),EN.GHG.CO2.PC.CE.AR5,0.0569124091098463
Bangladesh,BGD,1973,Carbon dioxide (CO2) emissions excluding LULUCF per capita (t CO2e/capita),EN.GHG.CO2.PC.CE.AR5,0.0556032616131017
Bangladesh,BGD,1972,Carbon dioxide (CO2) emissions excluding LULUCF per capita (t CO2e/capita),EN.GHG.CO2.PC.CE.AR5,0.0484397881066704
Bangladesh,BGD,1971,Carbon dioxide (CO2) emissions excluding LULUCF per capita (t CO2e/capita),EN.GHG.CO2.PC.CE.AR5,0.0476131810178267
Bangladesh,BGD,1970,Carbon dioxide (CO2) emissions excluding LULUCF per capita (t CO2e/capita),EN.GHG.CO2.PC.CE.AR5,0.0483543799586481
Bangladesh,BGD,2024,Carbon dioxide (CO2) emissions from Power Industry (Energy) (Mt CO2e),EN.GHG.CO2.PI.MT.CE.AR5,61.2433
Bangladesh,BGD,2023,Carbon dioxide (CO2) emissions from Power Industry (Energy) (Mt CO2e),EN.GHG.CO2.PI.MT.CE.AR5,58.6271
Bangladesh,BGD,2022,Carbon dioxide (CO2) emissions from Power Industry (Energy) (Mt CO2e),EN.GHG.CO2.PI.MT.CE.AR5,60.4006
Bangladesh,BGD,2021,Carbon dioxide (CO2) emissions from Power Industry (Energy) (Mt CO2e),EN.GHG.CO2.PI.MT.CE.AR5,55.1905
Bangladesh,BGD,2020,Carbon dioxide (CO2) emissions from Power Industry (Energy) (Mt CO2e),EN.GHG.CO2.PI.MT.CE.AR5,45.8875
Bangladesh,BGD,2019,Carbon dioxide (CO2) emissions from Power Industry (Energy) (Mt CO2e),EN.GHG.CO2.PI.MT.CE.AR5,47.6616
Bangladesh,BGD,2018,Carbon dioxide (CO2) emissions from Power Industry (Energy) (Mt CO2e),EN.GHG.CO2.PI.MT.CE.AR5,46.4937
Bangladesh,BGD,2017,Carbon dioxide (CO2) emissions from Power Industry (Energy) (Mt CO2e),EN.GHG.CO2.PI.MT.CE.AR5,44.1977
Bangladesh,BGD,2016,Carbon dioxide (CO2) emissions from Power Industry (Energy) (Mt CO2e),EN.GHG.CO2.PI.MT.CE.AR5,42.4055
Bangladesh,BGD,2015,Carbon dioxide (CO2) emissions from Power Industry (Energy) (Mt CO2e),EN.GHG.CO2.PI.MT.CE.AR5,37.9502
Bangladesh,BGD,2014,Carbon dioxide (CO2) emissions from Power Industry (Energy) (Mt CO2e),EN.GHG.CO2.PI.MT.CE.AR5,35.4259
Bangladesh,BGD,2013,Carbon dioxide (CO2) emissions from Power Industry (Energy) (Mt CO2e),EN.GHG.CO2.PI.MT.CE.AR5,33.1667
Bangladesh,BGD,2012,Carbon dioxide (CO2) emissions from Power Industry (Energy) (Mt CO2e),EN.GHG.CO2.PI.MT.CE.AR5,29.7691
Bangladesh,BGD,2011,Carbon dioxide (CO2) emissions from Power Industry (Energy) (Mt CO2e),EN.GHG.CO2.PI.MT.CE.AR5,26.2873
Bangladesh,BGD,2010,Carbon dioxide (CO2) emissions from Power Industry (Energy) (Mt CO2e),EN.GHG.CO2.PI.MT.CE.AR5,24.1692
Bangladesh,BGD,2009,Carbon dioxide (CO2) emissions from Power Industry (Energy) (Mt CO2e),EN.GHG.CO2.PI.MT.CE.AR5,21.6905
Bangladesh,BGD,2008,Carbon dioxide (CO2) emissions from Power Industry (Energy) (Mt CO2e),EN.GHG.CO2.PI.MT.CE.AR5,19.5051
Bangladesh,BGD,2007,Carbon dioxide (CO2) emissions from Power Industry (Energy) (Mt CO2e),EN.GHG.CO2.PI.MT.CE.AR5,18.1001
Bangladesh,BGD,2006,Carbon dioxide (CO2) emissions from Power Industry (Energy) (Mt CO2e),EN.GHG.CO2.PI.MT.CE.AR5,16.7842
Bangladesh,BGD,2005,Carbon dioxide (CO2) emissions from Power Industry (Energy) (Mt CO2e),EN.GHG.CO2.PI.MT.CE.AR5,14.5443
Bangladesh,BGD,2004,Carbon dioxide (CO2) emissions from Power Industry (Energy) (Mt CO2e),EN.GHG.CO2.PI.MT.CE.AR5,13.3331
Bangladesh,BGD,2003,Carbon dioxide (CO2) emissions from Power Industry (Energy) (Mt CO2e),EN.GHG.CO2.PI.MT.CE.AR5,11.3698
Bangladesh,BGD,2002,Carbon dioxide (CO2) emissions from Power Industry (Energy) (Mt CO2e),EN.GHG.CO2.PI.MT.CE.AR5,11.3188
Bangladesh,BGD,2001,Carbon dioxide (CO2) emissions from Power Industry (Energy) (Mt CO2e),EN.GHG.CO2.PI.MT.CE.AR5,10.5264
Bangladesh,BGD,2000,Carbon dioxide (CO2) emissions from Power Industry (Energy) (Mt CO2e),EN.GHG.CO2.PI.MT.CE.AR5,8.8103
Bangladesh,BGD,1999,Carbon dioxide (CO2) emissions from Power Industry (Energy) (Mt CO2e),EN.GHG.CO2.PI.MT.CE.AR5,8.6165
Bangladesh,BGD,1998,Carbon dioxide (CO2) emissions from Power Industry (Energy) (Mt CO2e),EN.GHG.CO2.PI.MT.CE.AR5,7.6283
Bangladesh,BGD,1997,Carbon dioxide (CO2) emissions from Power Industry (Energy) (Mt CO2e),EN.GHG.CO2.PI.MT.CE.AR5,6.9691
Bangladesh,BGD,1996,Carbon dioxide (CO2) emissions from Power Industry (Energy) (Mt CO2e),EN.GHG.CO2.PI.MT.CE.AR5,6.5479
Bangladesh,BGD,1995,Carbon dioxide (CO2) emissions from Power Industry (Energy) (Mt CO2e),EN.GHG.CO2.PI.MT.CE.AR5,6.5379
Bangladesh,BGD,1994,Carbon dioxide (CO2) emissions from Power Industry (Energy) (Mt CO2e),EN.GHG.CO2.PI.MT.CE.AR5,5.928
Bangladesh,BGD,1993,Carbon dioxide (CO2) emissions from Power Industry (Energy) (Mt CO2e),EN.GHG.CO2.PI.MT.CE.AR5,5.6258
Bangladesh,BGD,1992,Carbon dioxide (CO2) emissions from Power Industry (Energy) (Mt CO2e),EN.GHG.CO2.PI.MT.CE.AR5,5.0632
Bangladesh,BGD,1991,Carbon dioxide (CO2) emissions from Power Industry (Energy) (Mt CO2e),EN.GHG.CO2.PI.MT.CE.AR5,4.4705
Bangladesh,BGD,1990,Carbon dioxide (CO2) emissions from Power Industry (Energy) (Mt CO2e),EN.GHG.CO2.PI.MT.CE.AR5,4.3139
Bangladesh,BGD,1989,Carbon dioxide (CO2) emissions from Power Industry (Energy) (Mt CO2e),EN.GHG.CO2.PI.MT.CE.AR5,4.0567
Bangladesh,BGD,1988,Carbon dioxide (CO2) emissions from Power Industry (Energy) (Mt CO2e),EN.GHG.CO2.PI.MT.CE.AR5,4.0619
Bangladesh,BGD,1987,Carbon dioxide (CO2) emissions from Power Industry (Energy) (Mt CO2e),EN.GHG.CO2.PI.MT.CE.AR5,3.5436
Bangladesh,BGD,1986,Carbon dioxide (CO2) emissions from Power Industry (Energy) (Mt CO2e),EN.GHG.CO2.PI.MT.CE.AR5,3.2949
Bangladesh,BGD,1985,Carbon dioxide (CO2) emissions from Power Industry (Energy) (Mt CO2e),EN.GHG.CO2.PI.MT.CE.AR5,2.8424
Bangladesh,BGD,1984,Carbon dioxide (CO2) emissions from Power Industry (Energy) (Mt CO2e),EN.GHG.CO2.PI.MT.CE.AR5,1.9452
Bangladesh,BGD,1983,Carbon dioxide (CO2) emissions from Power Industry (Energy) (Mt CO2e),EN.GHG.CO2.PI.MT.CE.AR5,1.804
Bangladesh,BGD,1982,Carbon dioxide (CO2) emissions from Power Industry (Energy) (Mt CO2e),EN.GHG.CO2.PI.MT.CE.AR5,1.7885
Bangladesh,BGD,1981,Carbon dioxide (CO2) emissions from Power Industry (Energy) (Mt CO2e),EN.GHG.CO2.PI.MT.CE.AR5,1.4639
Bangladesh,BGD,1980,Carbon dioxide (CO2) emissions from Power Industry (Energy) (Mt CO2e),EN.GHG.CO2.PI.MT.CE.AR5,1.549
Bangladesh,BGD,1979,Carbon dioxide (CO2) emissions from Power Industry (Energy) (Mt CO2e),EN.GHG.CO2.PI.MT.CE.AR5,1.3893
Bangladesh,BGD,1978,Carbon dioxide (CO2) emissions from Power Industry (Energy) (Mt CO2e),EN.GHG.CO2.PI.MT.CE.AR5,1.2507
Bangladesh,BGD,1977,Carbon dioxide (CO2) emissions from Power Industry (Energy) (Mt CO2e),EN.GHG.CO2.PI.MT.CE.AR5,1.0263
Bangladesh,BGD,1976,Carbon dioxide (CO2) emissions from Power Industry (Energy) (Mt CO2e),EN.GHG.CO2.PI.MT.CE.AR5,0.9346
Bangladesh,BGD,1975,Carbon dioxide (CO2) emissions from Power Industry (Energy) (Mt CO2e),EN.GHG.CO2.PI.MT.CE.AR5,0.8896
Bangladesh,BGD,1974,Carbon dioxide (CO2) emissions from Power Industry (Energy) (Mt CO2e),EN.GHG.CO2.PI.MT.CE.AR5,1.0262
Bangladesh,BGD,1973,Carbon dioxide (CO2) emissions from Power Industry (Energy) (Mt CO2e),EN.GHG.CO2.PI.MT.CE.AR5,1.0393
Bangladesh,BGD,1972,Carbon dioxide (CO2) emissions from Power Industry (Energy) (Mt CO2e),EN.GHG.CO2.PI.MT.CE.AR5,0.6739
Bangladesh,BGD,1971,Carbon dioxide (CO2) emissions from Power Industry (Energy) (Mt CO2e),EN.GHG.CO2.PI.MT.CE.AR5,0.6739
Bangladesh,BGD,1970,Carbon dioxide (CO2) emissions from Power Industry (Energy) (Mt CO2e),EN.GHG.CO2.PI.MT.CE.AR5,0.6739
Bangladesh,BGD,2024,Carbon intensity of GDP (kg CO2e per constant 2015 US$ of GDP),EN.GHG.CO2.RT.GDP.KD,0.368591757314597
Bangladesh,BGD,2023,Carbon intensity of GDP (kg CO2e per constant 2015 US$ of GDP),EN.GHG.CO2.RT.GDP.KD,0.368068264426995
Bangladesh,BGD,2022,Carbon intensity of GDP (kg CO2e per constant 2015 US$ of GDP),EN.GHG.CO2.RT.GDP.KD,0.395464733823021
Bangladesh,BGD,2021,Carbon intensity of GDP (kg CO2e per constant 2015 US$ of GDP),EN.GHG.CO2.RT.GDP.KD,0.412688029241832
Bangladesh,BGD,2020,Carbon intensity of GDP (kg CO2e per constant 2015 US$ of GDP),EN.GHG.CO2.RT.GDP.KD,0.39018856398064
Bangladesh,BGD,2019,Carbon intensity of GDP (kg CO2e per constant 2015 US$ of GDP),EN.GHG.CO2.RT.GDP.KD,0.42379791556291
Bangladesh,BGD,2018,Carbon intensity of GDP (kg CO2e per constant 2015 US$ of GDP),EN.GHG.CO2.RT.GDP.KD,0.439887645005259
Bangladesh,BGD,2017,Carbon intensity of GDP (kg CO2e per constant 2015 US$ of GDP),EN.GHG.CO2.RT.GDP.KD,0.453499876336628
Bangladesh,BGD,2016,Carbon intensity of GDP (kg CO2e per constant 2015 US$ of GDP),EN.GHG.CO2.RT.GDP.KD,0.44966203517011
Bangladesh,BGD,2015,Carbon intensity of GDP (kg CO2e per constant 2015 US$ of GDP),EN.GHG.CO2.RT.GDP.KD,0.437851318285399
Bangladesh,BGD,2014,Carbon intensity of GDP (kg CO2e per constant 2015 US$ of GDP),EN.GHG.CO2.RT.GDP.KD,0.418542111006598
Bangladesh,BGD,2013,Carbon intensity of GDP (kg CO2e per constant 2015 US$ of GDP),EN.GHG.CO2.RT.GDP.KD,0.417418346561731
Bangladesh,BGD,2012,Carbon intensity of GDP (kg CO2e per constant 2015 US$ of GDP),EN.GHG.CO2.RT.GDP.KD,0.428967061417708
Bangladesh,BGD,2011,Carbon intensity of GDP (kg CO2e per constant 2015 US$ of GDP),EN.GHG.CO2.RT.GDP.KD,0.42709085341466
Bangladesh,BGD,2010,Carbon intensity of GDP (kg CO2e per constant 2015 US$ of GDP),EN.GHG.CO2.RT.GDP.KD,0.423103322824973
Bangladesh,BGD,2009,Carbon intensity of GDP (kg CO2e per constant 2015 US$ of GDP),EN.GHG.CO2.RT.GDP.KD,0.405225248257355
Bangladesh,BGD,2008,Carbon intensity of GDP (kg CO2e per constant 2015 US$ of GDP),EN.GHG.CO2.RT.GDP.KD,0.396331044435731
Bangladesh,BGD,2007,Carbon intensity of GDP (kg CO2e per constant 2015 US$ of GDP),EN.GHG.CO2.RT.GDP.KD,0.378329986880911
Bangladesh,BGD,2006,Carbon intensity of GDP (kg CO2e per constant 2015 US$ of GDP),EN.GHG.CO2.RT.GDP.KD,0.381138896356275
Bangladesh,BGD,2005,Carbon intensity of GDP (kg CO2e per constant 2015 US$ of GDP),EN.GHG.CO2.RT.GDP.KD,0.377505106021691
Bangladesh,BGD,2004,Carbon intensity of GDP (kg CO2e per constant 2015 US$ of GDP),EN.GHG.CO2.RT.GDP.KD,0.37754801157807
Bangladesh,BGD,2003,Carbon intensity of GDP (kg CO2e per constant 2015 US$ of GDP),EN.GHG.CO2.RT.GDP.KD,0.377190879340011
Bangladesh,BGD,2002,Carbon intensity of GDP (kg CO2e per constant 2015 US$ of GDP),EN.GHG.CO2.RT.GDP.KD,0.377022085242606
Bangladesh,BGD,2001,Carbon intensity of GDP (kg CO2e per constant 2015 US$ of GDP),EN.GHG.CO2.RT.GDP.KD,0.371962125583993
Bangladesh,BGD,2000,Carbon intensity of GDP (kg CO2e per constant 2015 US$ of GDP),EN.GHG.CO2.RT.GDP.KD,0.323109000429455
Bangladesh,BGD,1999,Carbon intensity of GDP (kg CO2e per constant 2015 US$ of GDP),EN.GHG.CO2.RT.GDP.KD,0.329544423858303
Bangladesh,BGD,1998,Carbon intensity of GDP (kg CO2e per constant 2015 US$ of GDP),EN.GHG.CO2.RT.GDP.KD,0.323138812145901
Bangladesh,BGD,1997,Carbon intensity of GDP (kg CO2e per constant 2015 US$ of GDP),EN.GHG.CO2.RT.GDP.KD,0.332616508555359
Bangladesh,BGD,1996,Carbon intensity of GDP (kg CO2e per constant 2015 US$ of GDP),EN.GHG.CO2.RT.GDP.KD,0.320401311354105
Bangladesh,BGD,1995,Carbon intensity of GDP (kg CO2e per constant 2015 US$ of GDP),EN.GHG.CO2.RT.GDP.KD,0.330230226993613
Bangladesh,BGD,1994,Carbon intensity of GDP (kg CO2e per constant 2015 US$ of GDP),EN.GHG.CO2.RT.GDP.KD,0.2869264324458
Bangladesh,BGD,1993,Carbon intensity of GDP (kg CO2e per constant 2015 US$ of GDP),EN.GHG.CO2.RT.GDP.KD,0.280730622742069
Bangladesh,BGD,1992,Carbon intensity of GDP (kg CO2e per constant 2015 US$ of GDP),EN.GHG.CO2.RT.GDP.KD,0.272806509433873
Bangladesh,BGD,1991,Carbon intensity of GDP (kg CO2e per constant 2015 US$ of GDP),EN.GHG.CO2.RT.GDP.KD,0.257232765996817
Bangladesh,BGD,1990,Carbon intensity of GDP (kg CO2e per constant 2015 US$ of GDP),EN.GHG.CO2.RT.GDP.KD,0.279400718924777
Bangladesh,BGD,1989,Carbon intensity of GDP (kg CO2e per constant 2015 US$ of GDP),EN.GHG.CO2.RT.GDP.KD,0.281370086970338
Bangladesh,BGD,1988,Carbon intensity of GDP (kg CO2e per constant 2015 US$ of GDP),EN.GHG.CO2.RT.GDP.KD,0.261857912984051
Bangladesh,BGD,1987,Carbon intensity of GDP (kg CO2e per constant 2015 US$ of GDP),EN.GHG.CO2.RT.GDP.KD,0.250267059272231
Bangladesh,BGD,1986,Carbon intensity of GDP (kg CO2e per constant 2015 US$ of GDP),EN.GHG.CO2.RT.GDP.KD,0.235537965370685
Bangladesh,BGD,1985,Carbon intensity of GDP (kg CO2e per constant 2015 US$ of GDP),EN.GHG.CO2.RT.GDP.KD,0.222912558081723
Bangladesh,BGD,1984,Carbon intensity of GDP (kg CO2e per constant 2015 US$ of GDP),EN.GHG.CO2.RT.GDP.KD,0.206274793682625
Bangladesh,BGD,1983,Carbon intensity of GDP (kg CO2e per constant 2015 US$ of GDP),EN.GHG.CO2.RT.GDP.KD,0.223334279377619
Bangladesh,BGD,1982,Carbon intensity of GDP (kg CO2e per constant 2015 US$ of GDP),EN.GHG.CO2.RT.GDP.KD,0.215697566608086
Bangladesh,BGD,1981,Carbon intensity of GDP (kg CO2e per constant 2015 US$ of GDP),EN.GHG.CO2.RT.GDP.KD,0.203876320767183
Bangladesh,BGD,1980,Carbon intensity of GDP (kg CO2e per constant 2015 US$ of GDP),EN.GHG.CO2.RT.GDP.KD,0.216406858763712
Bangladesh,BGD,1979,Carbon intensity of GDP (kg CO2e per constant 2015 US$ of GDP),EN.GHG.CO2.RT.GDP.KD,0.195311461744225
Bangladesh,BGD,1978,Carbon intensity of GDP (kg CO2e per constant 2015 US$ of GDP),EN.GHG.CO2.RT.GDP.KD,0.183605938285727
Bangladesh,BGD,1977,Carbon intensity of GDP (kg CO2e per constant 2015 US$ of GDP),EN.GHG.CO2.RT.GDP.KD,0.183277888176762
Bangladesh,BGD,1976,Carbon intensity of GDP (kg CO2e per constant 2015 US$ of GDP),EN.GHG.CO2.RT.GDP.KD,0.180800391945114
Bangladesh,BGD,1975,Carbon intensity of GDP (kg CO2e per constant 2015 US$ of GDP),EN.GHG.CO2.RT.GDP.KD,0.178038883131196
Bangladesh,BGD,1974,Carbon intensity of GDP (kg CO2e per constant 2015 US$ of GDP),EN.GHG.CO2.RT.GDP.KD,0.14245534961312
Bangladesh,BGD,1973,Carbon intensity of GDP (kg CO2e per constant 2015 US$ of GDP),EN.GHG.CO2.RT.GDP.KD,0.148270581240051
Bangladesh,BGD,1972,Carbon intensity of GDP (kg CO2e per constant 2015 US$ of GDP),EN.GHG.CO2.RT.GDP.KD,0.129697371677769
Bangladesh,BGD,1971,Carbon intensity of GDP (kg CO2e per constant 2015 US$ of GDP),EN.GHG.CO2.RT.GDP.KD,0.107580651556487
Bangladesh,BGD,1970,Carbon intensity of GDP (kg CO2e per constant 2015 US$ of GDP),EN.GHG.CO2.RT.GDP.KD,0.101479140466427
Bangladesh,BGD,2024,Carbon intensity of GDP (kg CO2e per 2021 PPP $ of GDP),EN.GHG.CO2.RT.GDP.PP.KD,0.0843121803132523
Bangladesh,BGD,2023,Carbon intensity of GDP (kg CO2e per 2021 PPP $ of GDP),EN.GHG.CO2.RT.GDP.PP.KD,0.084192435837538
Bangladesh,BGD,2022,Carbon intensity of GDP (kg CO2e per 2021 PPP $ of GDP),EN.GHG.CO2.RT.GDP.PP.KD,0.0904591415405978
Bangladesh,BGD,2021,Carbon intensity of GDP (kg CO2e per 2021 PPP $ of GDP),EN.GHG.CO2.RT.GDP.PP.KD,0.0943988215798879
Bangladesh,BGD,2020,Carbon intensity of GDP (kg CO2e per 2021 PPP $ of GDP),EN.GHG.CO2.RT.GDP.PP.KD,0.0892522632686713
Bangladesh,BGD,2019,Carbon intensity of GDP (kg CO2e per 2021 PPP $ of GDP),EN.GHG.CO2.RT.GDP.PP.KD,0.0969401121002915
Bangladesh,BGD,2018,Carbon intensity of GDP (kg CO2e per 2021 PPP $ of GDP),EN.GHG.CO2.RT.GDP.PP.KD,0.10062049871506
Bangladesh,BGD,2017,Carbon intensity of GDP (kg CO2e per 2021 PPP $ of GDP),EN.GHG.CO2.RT.GDP.PP.KD,0.103734179039432
Bangladesh,BGD,2016,Carbon intensity of GDP (kg CO2e per 2021 PPP $ of GDP),EN.GHG.CO2.RT.GDP.PP.KD,0.102856306026746
Bangladesh,BGD,2015,Carbon intensity of GDP (kg CO2e per 2021 PPP $ of GDP),EN.GHG.CO2.RT.GDP.PP.KD,0.100154706569212
Bangladesh,BGD,2014,Carbon intensity of GDP (kg CO2e per 2021 PPP $ of GDP),EN.GHG.CO2.RT.GDP.PP.KD,0.0957378922116226
Bangladesh,BGD,2013,Carbon intensity of GDP (kg CO2e per 2021 PPP $ of GDP),EN.GHG.CO2.RT.GDP.PP.KD,0.0954808408027807
Bangladesh,BGD,2012,Carbon intensity of GDP (kg CO2e per 2021 PPP $ of GDP),EN.GHG.CO2.RT.GDP.PP.KD,0.098122509559612
Bangladesh,BGD,2011,Carbon intensity of GDP (kg CO2e per 2021 PPP $ of GDP),EN.GHG.CO2.RT.GDP.PP.KD,0.0976933431870087
Bangladesh,BGD,2010,Carbon intensity of GDP (kg CO2e per 2021 PPP $ of GDP),EN.GHG.CO2.RT.GDP.PP.KD,0.0967812300119023
Bangladesh,BGD,2009,Carbon intensity of GDP (kg CO2e per 2021 PPP $ of GDP),EN.GHG.CO2.RT.GDP.PP.KD,0.0926917748987967
Bangladesh,BGD,2008,Carbon intensity of GDP (kg CO2e per 2021 PPP $ of GDP),EN.GHG.CO2.RT.GDP.PP.KD,0.0906573026094135
Bangladesh,BGD,2007,Carbon intensity of GDP (kg CO2e per 2021 PPP $ of GDP),EN.GHG.CO2.RT.GDP.PP.KD,0.0865397162004048
Bangladesh,BGD,2006,Carbon intensity of GDP (kg CO2e per 2021 PPP $ of GDP),EN.GHG.CO2.RT.GDP.PP.KD,0.0871822299774243
Bangladesh,BGD,2005,Carbon intensity of GDP (kg CO2e per 2021 PPP $ of GDP),EN.GHG.CO2.RT.GDP.PP.KD,0.0863510318297986
Bangladesh,BGD,2004,Carbon intensity of GDP (kg CO2e per 2021 PPP $ of GDP),EN.GHG.CO2.RT.GDP.PP.KD,0.08636084610517
Bangladesh,BGD,2003,Carbon intensity of GDP (kg CO2e per 2021 PPP $ of GDP),EN.GHG.CO2.RT.GDP.PP.KD,0.0862791551908905
Bangladesh,BGD,2002,Carbon intensity of GDP (kg CO2e per 2021 PPP $ of GDP),EN.GHG.CO2.RT.GDP.PP.KD,0.0862405449992793
Bangladesh,BGD,2001,Carbon intensity of GDP (kg CO2e per 2021 PPP $ of GDP),EN.GHG.CO2.RT.GDP.PP.KD,0.0850831229391038
Bangladesh,BGD,2000,Carbon intensity of GDP (kg CO2e per 2021 PPP $ of GDP),EN.GHG.CO2.RT.GDP.PP.KD,0.0739083925899937
Bangladesh,BGD,1999,Carbon intensity of GDP (kg CO2e per 2021 PPP $ of GDP),EN.GHG.CO2.RT.GDP.PP.KD,0.0753804401053212
Bangladesh,BGD,1998,Carbon intensity of GDP (kg CO2e per 2021 PPP $ of GDP),EN.GHG.CO2.RT.GDP.PP.KD,0.0739152117625948
Bangladesh,BGD,1997,Carbon intensity of GDP (kg CO2e per 2021 PPP $ of GDP),EN.GHG.CO2.RT.GDP.PP.KD,0.0760831529407974
Bangladesh,BGD,1996,Carbon intensity of GDP (kg CO2e per 2021 PPP $ of GDP),EN.GHG.CO2.RT.GDP.PP.KD,0.0732890321050595
Bangladesh,BGD,1995,Carbon intensity of GDP (kg CO2e per 2021 PPP $ of GDP),EN.GHG.CO2.RT.GDP.PP.KD,0.0755373116480406
Bangladesh,BGD,1994,Carbon intensity of GDP (kg CO2e per 2021 PPP $ of GDP),EN.GHG.CO2.RT.GDP.PP.KD,0.0656319427359328
Bangladesh,BGD,1993,Carbon intensity of GDP (kg CO2e per 2021 PPP $ of GDP),EN.GHG.CO2.RT.GDP.PP.KD,0.0642147047902624
Bangladesh,BGD,1992,Carbon intensity of GDP (kg CO2e per 2021 PPP $ of GDP),EN.GHG.CO2.RT.GDP.PP.KD,0.0624021323254555
Bangladesh,BGD,1991,Carbon intensity of GDP (kg CO2e per 2021 PPP $ of GDP),EN.GHG.CO2.RT.GDP.PP.KD,0.0588397730519228
Bangladesh,BGD,1990,Carbon intensity of GDP (kg CO2e per 2021 PPP $ of GDP),EN.GHG.CO2.RT.GDP.PP.KD,0.063910500780765
Bangladesh,BGD,2024,Carbon dioxide (CO2) emissions from Transport (Energy) (Mt CO2e),EN.GHG.CO2.TR.MT.CE.AR5,13.173
Bangladesh,BGD,2023,Carbon dioxide (CO2) emissions from Transport (Energy) (Mt CO2e),EN.GHG.CO2.TR.MT.CE.AR5,11.8827
Bangladesh,BGD,2022,Carbon dioxide (CO2) emissions from Transport (Energy) (Mt CO2e),EN.GHG.CO2.TR.MT.CE.AR5,13.4613
Bangladesh,BGD,2021,Carbon dioxide (CO2) emissions from Transport (Energy) (Mt CO2e),EN.GHG.CO2.TR.MT.CE.AR5,12.6731
Bangladesh,BGD,2020,Carbon dioxide (CO2) emissions from Transport (Energy) (Mt CO2e),EN.GHG.CO2.TR.MT.CE.AR5,11.4814
Bangladesh,BGD,2019,Carbon dioxide (CO2) emissions from Transport (Energy) (Mt CO2e),EN.GHG.CO2.TR.MT.CE.AR5,12.2388
Bangladesh,BGD,2018,Carbon dioxide (CO2) emissions from Transport (Energy) (Mt CO2e),EN.GHG.CO2.TR.MT.CE.AR5,11.6208
Bangladesh,BGD,2017,Carbon dioxide (CO2) emissions from Transport (Energy) (Mt CO2e),EN.GHG.CO2.TR.MT.CE.AR5,11.0668
Bangladesh,BGD,2016,Carbon dioxide (CO2) emissions from Transport (Energy) (Mt CO2e),EN.GHG.CO2.TR.MT.CE.AR5,9.928
Bangladesh,BGD,2015,Carbon dioxide (CO2) emissions from Transport (Energy) (Mt CO2e),EN.GHG.CO2.TR.MT.CE.AR5,9.358
Bangladesh,BGD,2014,Carbon dioxide (CO2) emissions from Transport (Energy) (Mt CO2e),EN.GHG.CO2.TR.MT.CE.AR5,8.9215
Bangladesh,BGD,2013,Carbon dioxide (CO2) emissions from Transport (Energy) (Mt CO2e),EN.GHG.CO2.TR.MT.CE.AR5,8.2603
Bangladesh,BGD,2012,Carbon dioxide (CO2) emissions from Transport (Energy) (Mt CO2e),EN.GHG.CO2.TR.MT.CE.AR5,8.7005
Bangladesh,BGD,2011,Carbon dioxide (CO2) emissions from Transport (Energy) (Mt CO2e),EN.GHG.CO2.TR.MT.CE.AR5,8.6172
Bangladesh,BGD,2010,Carbon dioxide (CO2) emissions from Transport (Energy) (Mt CO2e),EN.GHG.CO2.TR.MT.CE.AR5,7.3939
Bangladesh,BGD,2009,Carbon dioxide (CO2) emissions from Transport (Energy) (Mt CO2e),EN.GHG.CO2.TR.MT.CE.AR5,6.3944
Bangladesh,BGD,2008,Carbon dioxide (CO2) emissions from Transport (Energy) (Mt CO2e),EN.GHG.CO2.TR.MT.CE.AR5,6.069
Bangladesh,BGD,2007,Carbon dioxide (CO2) emissions from Transport (Energy) (Mt CO2e),EN.GHG.CO2.TR.MT.CE.AR5,5.4236
Bangladesh,BGD,2006,Carbon dioxide (CO2) emissions from Transport (Energy) (Mt CO2e),EN.GHG.CO2.TR.MT.CE.AR5,5.3132
Bangladesh,BGD,2005,Carbon dioxide (CO2) emissions from Transport (Energy) (Mt CO2e),EN.GHG.CO2.TR.MT.CE.AR5,5.0967
Bangladesh,BGD,2004,Carbon dioxide (CO2) emissions from Transport (Energy) (Mt CO2e),EN.GHG.CO2.TR.MT.CE.AR5,4.578
Bangladesh,BGD,2003,Carbon dioxide (CO2) emissions from Transport (Energy) (Mt CO2e),EN.GHG.CO2.TR.MT.CE.AR5,3.9626
Bangladesh,BGD,2002,Carbon dioxide (CO2) emissions from Transport (Energy) (Mt CO2e),EN.GHG.CO2.TR.MT.CE.AR5,3.8811
Bangladesh,BGD,2001,Carbon dioxide (CO2) emissions from Transport (Energy) (Mt CO2e),EN.GHG.CO2.TR.MT.CE.AR5,3.8193
Bangladesh,BGD,2000,Carbon dioxide (CO2) emissions from Transport (Energy) (Mt CO2e),EN.GHG.CO2.TR.MT.CE.AR5,3.0457
Bangladesh,BGD,1999,Carbon dioxide (CO2) emissions from Transport (Energy) (Mt CO2e),EN.GHG.CO2.TR.MT.CE.AR5,3.1199
Bangladesh,BGD,1998,Carbon dioxide (CO2) emissions from Transport (Energy) (Mt CO2e),EN.GHG.CO2.TR.MT.CE.AR5,3.4176
Bangladesh,BGD,1997,Carbon dioxide (CO2) emissions from Transport (Energy) (Mt CO2e),EN.GHG.CO2.TR.MT.CE.AR5,3.3399
Bangladesh,BGD,1996,Carbon dioxide (CO2) emissions from Transport (Energy) (Mt CO2e),EN.GHG.CO2.TR.MT.CE.AR5,2.9557
Bangladesh,BGD,1995,Carbon dioxide (CO2) emissions from Transport (Energy) (Mt CO2e),EN.GHG.CO2.TR.MT.CE.AR5,2.6853
Bangladesh,BGD,1994,Carbon dioxide (CO2) emissions from Transport (Energy) (Mt CO2e),EN.GHG.CO2.TR.MT.CE.AR5,2.2268
Bangladesh,BGD,1993,Carbon dioxide (CO2) emissions from Transport (Energy) (Mt CO2e),EN.GHG.CO2.TR.MT.CE.AR5,2.1802
Bangladesh,BGD,1992,Carbon dioxide (CO2) emissions from Transport (Energy) (Mt CO2e),EN.GHG.CO2.TR.MT.CE.AR5,2.1243
Bangladesh,BGD,1991,Carbon dioxide (CO2) emissions from Transport (Energy) (Mt CO2e),EN.GHG.CO2.TR.MT.CE.AR5,1.8465
Bangladesh,BGD,1990,Carbon dioxide (CO2) emissions from Transport (Energy) (Mt CO2e),EN.GHG.CO2.TR.MT.CE.AR5,1.6679
Bangladesh,BGD,1989,Carbon dioxide (CO2) emissions from Transport (Energy) (Mt CO2e),EN.GHG.CO2.TR.MT.CE.AR5,1.6427
Bangladesh,BGD,1988,Carbon dioxide (CO2) emissions from Transport (Energy) (Mt CO2e),EN.GHG.CO2.TR.MT.CE.AR5,1.5037
Bangladesh,BGD,1987,Carbon dioxide (CO2) emissions from Transport (Energy) (Mt CO2e),EN.GHG.CO2.TR.MT.CE.AR5,1.4181
Bangladesh,BGD,1986,Carbon dioxide (CO2) emissions from Transport (Energy) (Mt CO2e),EN.GHG.CO2.TR.MT.CE.AR5,1.3218
Bangladesh,BGD,1985,Carbon dioxide (CO2) emissions from Transport (Energy) (Mt CO2e),EN.GHG.CO2.TR.MT.CE.AR5,1.3486
Bangladesh,BGD,1984,Carbon dioxide (CO2) emissions from Transport (Energy) (Mt CO2e),EN.GHG.CO2.TR.MT.CE.AR5,1.0751
Bangladesh,BGD,1983,Carbon dioxide (CO2) emissions from Transport (Energy) (Mt CO2e),EN.GHG.CO2.TR.MT.CE.AR5,1.1021
Bangladesh,BGD,1982,Carbon dioxide (CO2) emissions from Transport (Energy) (Mt CO2e),EN.GHG.CO2.TR.MT.CE.AR5,0.9817
Bangladesh,BGD,1981,Carbon dioxide (CO2) emissions from Transport (Energy) (Mt CO2e),EN.GHG.CO2.TR.MT.CE.AR5,0.8305
Bangladesh,BGD,1980,Carbon dioxide (CO2) emissions from Transport (Energy) (Mt CO2e),EN.GHG.CO2.TR.MT.CE.AR5,0.9926
Bangladesh,BGD,1979,Carbon dioxide (CO2) emissions from Transport (Energy) (Mt CO2e),EN.GHG.CO2.TR.MT.CE.AR5,0.8548
Bangladesh,BGD,1978,Carbon dioxide (CO2) emissions from Transport (Energy) (Mt CO2e),EN.GHG.CO2.TR.MT.CE.AR5,0.6664
Bangladesh,BGD,1977,Carbon dioxide (CO2) emissions from Transport (Energy) (Mt CO2e),EN.GHG.CO2.TR.MT.CE.AR5,0.641
Bangladesh,BGD,1976,Carbon dioxide (CO2) emissions from Transport (Energy) (Mt CO2e),EN.GHG.CO2.TR.MT.CE.AR5,0.6566
Bangladesh,BGD,1975,Carbon dioxide (CO2) emissions from Transport (Energy) (Mt CO2e),EN.GHG.CO2.TR.MT.CE.AR5,0.6219
Bangladesh,BGD,1974,Carbon dioxide (CO2) emissions from Transport (Energy) (Mt CO2e),EN.GHG.CO2.TR.MT.CE.AR5,0.4961
Bangladesh,BGD,1973,Carbon dioxide (CO2) emissions from Transport (Energy) (Mt CO2e),EN.GHG.CO2.TR.MT.CE.AR5,0.2328
Bangladesh,BGD,1972,Carbon dioxide (CO2) emissions from Transport (Energy) (Mt CO2e),EN.GHG.CO2.TR.MT.CE.AR5,0.2478
Bangladesh,BGD,1971,Carbon dioxide (CO2) emissions from Transport (Energy) (Mt CO2e),EN.GHG.CO2.TR.MT.CE.AR5,0.2478
Bangladesh,BGD,1970,Carbon dioxide (CO2) emissions from Transport (Energy) (Mt CO2e),EN.GHG.CO2.TR.MT.CE.AR5,0.2478
Bangladesh,BGD,2024,Carbon dioxide (CO2) emissions (total) excluding LULUCF (% change from 1990),EN.GHG.CO2.ZG.AR5,741.001557526918
Bangladesh,BGD,2023,Carbon dioxide (CO2) emissions (total) excluding LULUCF (% change from 1990),EN.GHG.CO2.ZG.AR5,705.777070495023
Bangladesh,BGD,2022,Carbon dioxide (CO2) emissions (total) excluding LULUCF (% change from 1990),EN.GHG.CO2.ZG.AR5,718.485135775716
Bangladesh,BGD,2021,Carbon dioxide (CO2) emissions (total) excluding LULUCF (% change from 1990),EN.GHG.CO2.ZG.AR5,697.509988487845
Bangladesh,BGD,2020,Carbon dioxide (CO2) emissions (total) excluding LULUCF (% change from 1990),EN.GHG.CO2.ZG.AR5,605.105302363378
Bangladesh,BGD,2019,Carbon dioxide (CO2) emissions (total) excluding LULUCF (% change from 1990),EN.GHG.CO2.ZG.AR5,640.314214126092
Bangladesh,BGD,2018,Carbon dioxide (CO2) emissions (total) excluding LULUCF (% change from 1990),EN.GHG.CO2.ZG.AR5,612.2794067854
Bangladesh,BGD,2017,Carbon dioxide (CO2) emissions (total) excluding LULUCF (% change from 1990),EN.GHG.CO2.ZG.AR5,584.238504774159
Bangladesh,BGD,2016,Carbon dioxide (CO2) emissions (total) excluding LULUCF (% change from 1990),EN.GHG.CO2.ZG.AR5,536.500981919144
Bangladesh,BGD,2015,Carbon dioxide (CO2) emissions (total) excluding LULUCF (% change from 1990),EN.GHG.CO2.ZG.AR5,478.622604455881
Bangladesh,BGD,2014,Carbon dioxide (CO2) emissions (total) excluding LULUCF (% change from 1990),EN.GHG.CO2.ZG.AR5,419.091216902553
Bangladesh,BGD,2013,Carbon dioxide (CO2) emissions (total) excluding LULUCF (% change from 1990),EN.GHG.CO2.ZG.AR5,388.112683686599
Bangladesh,BGD,2012,Carbon dioxide (CO2) emissions (total) excluding LULUCF (% change from 1990),EN.GHG.CO2.ZG.AR5,373.163134015034
Bangladesh,BGD,2011,Carbon dioxide (CO2) emissions (total) excluding LULUCF (% change from 1990),EN.GHG.CO2.ZG.AR5,342.252319360737
Bangladesh,BGD,2010,Carbon dioxide (CO2) emissions (total) excluding LULUCF (% change from 1990),EN.GHG.CO2.ZG.AR5,311.520958894833
Bangladesh,BGD,2009,Carbon dioxide (CO2) emissions (total) excluding LULUCF (% change from 1990),EN.GHG.CO2.ZG.AR5,273.331076047945
Bangladesh,BGD,2008,Carbon dioxide (CO2) emissions (total) excluding LULUCF (% change from 1990),EN.GHG.CO2.ZG.AR5,247.600054174849
Bangladesh,BGD,2007,Carbon dioxide (CO2) emissions (total) excluding LULUCF (% change from 1990),EN.GHG.CO2.ZG.AR5,212.98977449719
Bangladesh,BGD,2006,Carbon dioxide (CO2) emissions (total) excluding LULUCF (% change from 1990),EN.GHG.CO2.ZG.AR5,194.524277104354
Bangladesh,BGD,2005,Carbon dioxide (CO2) emissions (total) excluding LULUCF (% change from 1990),EN.GHG.CO2.ZG.AR5,173.47057628496
Bangladesh,BGD,2004,Carbon dioxide (CO2) emissions (total) excluding LULUCF (% change from 1990),EN.GHG.CO2.ZG.AR5,156.722421615765
Bangladesh,BGD,2003,Carbon dioxide (CO2) emissions (total) excluding LULUCF (% change from 1990),EN.GHG.CO2.ZG.AR5,143.710299993228
Bangladesh,BGD,2002,Carbon dioxide (CO2) emissions (total) excluding LULUCF (% change from 1990),EN.GHG.CO2.ZG.AR5,132.578045642311
Bangladesh,BGD,2001,Carbon dioxide (CO2) emissions (total) excluding LULUCF (% change from 1990),EN.GHG.CO2.ZG.AR5,120.985982257737
Bangladesh,BGD,2000,Carbon dioxide (CO2) emissions (total) excluding LULUCF (% change from 1990),EN.GHG.CO2.ZG.AR5,82.686395340963
Bangladesh,BGD,1999,Carbon dioxide (CO2) emissions (total) excluding LULUCF (% change from 1990),EN.GHG.CO2.ZG.AR5,76.9580822103338
Bangladesh,BGD,1998,Carbon dioxide (CO2) emissions (total) excluding LULUCF (% change from 1990),EN.GHG.CO2.ZG.AR5,65.7763933094061
Bangladesh,BGD,1997,Carbon dioxide (CO2) emissions (total) excluding LULUCF (% change from 1990),EN.GHG.CO2.ZG.AR5,62.2394528340218
Bangladesh,BGD,1996,Carbon dioxide (CO2) emissions (total) excluding LULUCF (% change from 1990),EN.GHG.CO2.ZG.AR5,49.5659240197738
Bangladesh,BGD,1995,Carbon dioxide (CO2) emissions (total) excluding LULUCF (% change from 1990),EN.GHG.CO2.ZG.AR5,47.483578248798
Bangladesh,BGD,1994,Carbon dioxide (CO2) emissions (total) excluding LULUCF (% change from 1990),EN.GHG.CO2.ZG.AR5,21.9008600257331
Bangladesh,BGD,1993,Carbon dioxide (CO2) emissions (total) excluding LULUCF (% change from 1990),EN.GHG.CO2.ZG.AR5,14.8026003927677
Bangladesh,BGD,1992,Carbon dioxide (CO2) emissions (total) excluding LULUCF (% change from 1990),EN.GHG.CO2.ZG.AR5,6.54229024175528
Bangladesh,BGD,1991,Carbon dioxide (CO2) emissions (total) excluding LULUCF (% change from 1990),EN.GHG.CO2.ZG.AR5,-4.72540123247782
Bangladesh,BGD,2024,F-gases emissions from Industrial Processes (Mt CO2e),EN.GHG.FGAS.IP.MT.CE.AR5,2.9007
Bangladesh,BGD,2023,F-gases emissions from Industrial Processes (Mt CO2e),EN.GHG.FGAS.IP.MT.CE.AR5,2.7123
Bangladesh,BGD,2022,F-gases emissions from Industrial Processes (Mt CO2e),EN.GHG.FGAS.IP.MT.CE.AR5,2.5231
Bangladesh,BGD,2021,F-gases emissions from Industrial Processes (Mt CO2e),EN.GHG.FGAS.IP.MT.CE.AR5,2.3354
Bangladesh,BGD,2020,F-gases emissions from Industrial Processes (Mt CO2e),EN.GHG.FGAS.IP.MT.CE.AR5,2.1427
Bangladesh,BGD,2019,F-gases emissions from Industrial Processes (Mt CO2e),EN.GHG.FGAS.IP.MT.CE.AR5,1.9557
Bangladesh,BGD,2018,F-gases emissions from Industrial Processes (Mt CO2e),EN.GHG.FGAS.IP.MT.CE.AR5,1.7723
Bangladesh,BGD,2017,F-gases emissions from Industrial Processes (Mt CO2e),EN.GHG.FGAS.IP.MT.CE.AR5,1.5644
Bangladesh,BGD,2016,F-gases emissions from Industrial Processes (Mt CO2e),EN.GHG.FGAS.IP.MT.CE.AR5,1.3946
Bangladesh,BGD,2015,F-gases emissions from Industrial Processes (Mt CO2e),EN.GHG.FGAS.IP.MT.CE.AR5,1.2224
Bangladesh,BGD,2014,F-gases emissions from Industrial Processes (Mt CO2e),EN.GHG.FGAS.IP.MT.CE.AR5,1.1061
Bangladesh,BGD,2013,F-gases emissions from Industrial Processes (Mt CO2e),EN.GHG.FGAS.IP.MT.CE.AR5,1.0148
Bangladesh,BGD,2012,F-gases emissions from Industrial Processes (Mt CO2e),EN.GHG.FGAS.IP.MT.CE.AR5,0.9874
Bangladesh,BGD,2011,F-gases emissions from Industrial Processes (Mt CO2e),EN.GHG.FGAS.IP.MT.CE.AR5,0.9683
Bangladesh,BGD,2010,F-gases emissions from Industrial Processes (Mt CO2e),EN.GHG.FGAS.IP.MT.CE.AR5,0.9617
Bangladesh,BGD,2009,F-gases emissions from Industrial Processes (Mt CO2e),EN.GHG.FGAS.IP.MT.CE.AR5,0.9673
Bangladesh,BGD,2008,F-gases emissions from Industrial Processes (Mt CO2e),EN.GHG.FGAS.IP.MT.CE.AR5,0.9358
Bangladesh,BGD,2007,F-gases emissions from Industrial Processes (Mt CO2e),EN.GHG.FGAS.IP.MT.CE.AR5,0.8999
Bangladesh,BGD,2006,F-gases emissions from Industrial Processes (Mt CO2e),EN.GHG.FGAS.IP.MT.CE.AR5,0.881
Bangladesh,BGD,2005,F-gases emissions from Industrial Processes (Mt CO2e),EN.GHG.FGAS.IP.MT.CE.AR5,0.835
Bangladesh,BGD,2004,F-gases emissions from Industrial Processes (Mt CO2e),EN.GHG.FGAS.IP.MT.CE.AR5,0.6991
Bangladesh,BGD,2003,F-gases emissions from Industrial Processes (Mt CO2e),EN.GHG.FGAS.IP.MT.CE.AR5,0.5862
Bangladesh,BGD,2002,F-gases emissions from Industrial Processes (Mt CO2e),EN.GHG.FGAS.IP.MT.CE.AR5,0.4746
Bangladesh,BGD,2001,F-gases emissions from Industrial Processes (Mt CO2e),EN.GHG.FGAS.IP.MT.CE.AR5,0.3769
Bangladesh,BGD,2000,F-gases emissions from Industrial Processes (Mt CO2e),EN.GHG.FGAS.IP.MT.CE.AR5,0.2751
Bangladesh,BGD,1999,F-gases emissions from Industrial Processes (Mt CO2e),EN.GHG.FGAS.IP.MT.CE.AR5,0.1516
Bangladesh,BGD,1998,F-gases emissions from Industrial Processes (Mt CO2e),EN.GHG.FGAS.IP.MT.CE.AR5,0.1039
Bangladesh,BGD,1997,F-gases emissions from Industrial Processes (Mt CO2e),EN.GHG.FGAS.IP.MT.CE.AR5,0.0764
Bangladesh,BGD,1996,F-gases emissions from Industrial Processes (Mt CO2e),EN.GHG.FGAS.IP.MT.CE.AR5,0.0553
Bangladesh,BGD,1995,F-gases emissions from Industrial Processes (Mt CO2e),EN.GHG.FGAS.IP.MT.CE.AR5,0.0353
Bangladesh,BGD,1994,F-gases emissions from Industrial Processes (Mt CO2e),EN.GHG.FGAS.IP.MT.CE.AR5,0.0205
Bangladesh,BGD,1993,F-gases emissions from Industrial Processes (Mt CO2e),EN.GHG.FGAS.IP.MT.CE.AR5,0.0087
Bangladesh,BGD,1992,F-gases emissions from Industrial Processes (Mt CO2e),EN.GHG.FGAS.IP.MT.CE.AR5,0.0054
Bangladesh,BGD,1991,F-gases emissions from Industrial Processes (Mt CO2e),EN.GHG.FGAS.IP.MT.CE.AR5,0.0034
Bangladesh,BGD,1990,F-gases emissions from Industrial Processes (Mt CO2e),EN.GHG.FGAS.IP.MT.CE.AR5,0.0005
Bangladesh,BGD,2024,Nitrous oxide (N2O) emissions from Agriculture (Mt CO2e),EN.GHG.N2O.AG.MT.CE.AR5,17.8511
Bangladesh,BGD,2023,Nitrous oxide (N2O) emissions from Agriculture (Mt CO2e),EN.GHG.N2O.AG.MT.CE.AR5,17.8619
Bangladesh,BGD,2022,Nitrous oxide (N2O) emissions from Agriculture (Mt CO2e),EN.GHG.N2O.AG.MT.CE.AR5,19.3142
Bangladesh,BGD,2021,Nitrous oxide (N2O) emissions from Agriculture (Mt CO2e),EN.GHG.N2O.AG.MT.CE.AR5,19.776
Bangladesh,BGD,2020,Nitrous oxide (N2O) emissions from Agriculture (Mt CO2e),EN.GHG.N2O.AG.MT.CE.AR5,18.8713
Bangladesh,BGD,2019,Nitrous oxide (N2O) emissions from Agriculture (Mt CO2e),EN.GHG.N2O.AG.MT.CE.AR5,18.418
Bangladesh,BGD,2018,Nitrous oxide (N2O) emissions from Agriculture (Mt CO2e),EN.GHG.N2O.AG.MT.CE.AR5,18.2856
Bangladesh,BGD,2017,Nitrous oxide (N2O) emissions from Agriculture (Mt CO2e),EN.GHG.N2O.AG.MT.CE.AR5,17.8401
Bangladesh,BGD,2016,Nitrous oxide (N2O) emissions from Agriculture (Mt CO2e),EN.GHG.N2O.AG.MT.CE.AR5,17.4338
Bangladesh,BGD,2015,Nitrous oxide (N2O) emissions from Agriculture (Mt CO2e),EN.GHG.N2O.AG.MT.CE.AR5,17.6916
Bangladesh,BGD,2014,Nitrous oxide (N2O) emissions from Agriculture (Mt CO2e),EN.GHG.N2O.AG.MT.CE.AR5,17.9978
Bangladesh,BGD,2013,Nitrous oxide (N2O) emissions from Agriculture (Mt CO2e),EN.GHG.N2O.AG.MT.CE.AR5,16.865
Bangladesh,BGD,2012,Nitrous oxide (N2O) emissions from Agriculture (Mt CO2e),EN.GHG.N2O.AG.MT.CE.AR5,16.6269
Bangladesh,BGD,2011,Nitrous oxide (N2O) emissions from Agriculture (Mt CO2e),EN.GHG.N2O.AG.MT.CE.AR5,16.5338
Bangladesh,BGD,2010,Nitrous oxide (N2O) emissions from Agriculture (Mt CO2e),EN.GHG.N2O.AG.MT.CE.AR5,17.0053
Bangladesh,BGD,2009,Nitrous oxide (N2O) emissions from Agriculture (Mt CO2e),EN.GHG.N2O.AG.MT.CE.AR5,16.2811
Bangladesh,BGD,2008,Nitrous oxide (N2O) emissions from Agriculture (Mt CO2e),EN.GHG.N2O.AG.MT.CE.AR5,16.2628
Bangladesh,BGD,2007,Nitrous oxide (N2O) emissions from Agriculture (Mt CO2e),EN.GHG.N2O.AG.MT.CE.AR5,16.6118
Bangladesh,BGD,2006,Nitrous oxide (N2O) emissions from Agriculture (Mt CO2e),EN.GHG.N2O.AG.MT.CE.AR5,15.7599
Bangladesh,BGD,2005,Nitrous oxide (N2O) emissions from Agriculture (Mt CO2e),EN.GHG.N2O.AG.MT.CE.AR5,15.5009
Bangladesh,BGD,2004,Nitrous oxide (N2O) emissions from Agriculture (Mt CO2e),EN.GHG.N2O.AG.MT.CE.AR5,15.3412
Bangladesh,BGD,2003,Nitrous oxide (N2O) emissions from Agriculture (Mt CO2e),EN.GHG.N2O.AG.MT.CE.AR5,14.8284
Bangladesh,BGD,2002,Nitrous oxide (N2O) emissions from Agriculture (Mt CO2e),EN.GHG.N2O.AG.MT.CE.AR5,14.4546
Bangladesh,BGD,2001,Nitrous oxide (N2O) emissions from Agriculture (Mt CO2e),EN.GHG.N2O.AG.MT.CE.AR5,14.296
Bangladesh,BGD,2000,Nitrous oxide (N2O) emissions from Agriculture (Mt CO2e),EN.GHG.N2O.AG.MT.CE.AR5,13.9189
Bangladesh,BGD,1999,Nitrous oxide (N2O) emissions from Agriculture (Mt CO2e),EN.GHG.N2O.AG.MT.CE.AR5,13.8252
Bangladesh,BGD,1998,Nitrous oxide (N2O) emissions from Agriculture (Mt CO2e),EN.GHG.N2O.AG.MT.CE.AR5,12.7959
Bangladesh,BGD,1997,Nitrous oxide (N2O) emissions from Agriculture (Mt CO2e),EN.GHG.N2O.AG.MT.CE.AR5,12.6521
Bangladesh,BGD,1996,Nitrous oxide (N2O) emissions from Agriculture (Mt CO2e),EN.GHG.N2O.AG.MT.CE.AR5,13.0822
Bangladesh,BGD,1995,Nitrous oxide (N2O) emissions from Agriculture (Mt CO2e),EN.GHG.N2O.AG.MT.CE.AR5,12.4298
Bangladesh,BGD,1994,Nitrous oxide (N2O) emissions from Agriculture (Mt CO2e),EN.GHG.N2O.AG.MT.CE.AR5,11.3403
Bangladesh,BGD,1993,Nitrous oxide (N2O) emissions from Agriculture (Mt CO2e),EN.GHG.N2O.AG.MT.CE.AR5,10.6944
Bangladesh,BGD,1992,Nitrous oxide (N2O) emissions from Agriculture (Mt CO2e),EN.GHG.N2O.AG.MT.CE.AR5,10.432
Bangladesh,BGD,1991,Nitrous oxide (N2O) emissions from Agriculture (Mt CO2e),EN.GHG.N2O.AG.MT.CE.AR5,10.2493
Bangladesh,BGD,1990,Nitrous oxide (N2O) emissions from Agriculture (Mt CO2e),EN.GHG.N2O.AG.MT.CE.AR5,9.6063
Bangladesh,BGD,1989,Nitrous oxide (N2O) emissions from Agriculture (Mt CO2e),EN.GHG.N2O.AG.MT.CE.AR5,9.5878
Bangladesh,BGD,1988,Nitrous oxide (N2O) emissions from Agriculture (Mt CO2e),EN.GHG.N2O.AG.MT.CE.AR5,8.8239
Bangladesh,BGD,1987,Nitrous oxide (N2O) emissions from Agriculture (Mt CO2e),EN.GHG.N2O.AG.MT.CE.AR5,8.4075
Bangladesh,BGD,1986,Nitrous oxide (N2O) emissions from Agriculture (Mt CO2e),EN.GHG.N2O.AG.MT.CE.AR5,8.0245
Bangladesh,BGD,1985,Nitrous oxide (N2O) emissions from Agriculture (Mt CO2e),EN.GHG.N2O.AG.MT.CE.AR5,7.6107
Bangladesh,BGD,1984,Nitrous oxide (N2O) emissions from Agriculture (Mt CO2e),EN.GHG.N2O.AG.MT.CE.AR5,7.5426
Bangladesh,BGD,1983,Nitrous oxide (N2O) emissions from Agriculture (Mt CO2e),EN.GHG.N2O.AG.MT.CE.AR5,7.1861
Bangladesh,BGD,1982,Nitrous oxide (N2O) emissions from Agriculture (Mt CO2e),EN.GHG.N2O.AG.MT.CE.AR5,6.9322
Bangladesh,BGD,1981,Nitrous oxide (N2O) emissions from Agriculture (Mt CO2e),EN.GHG.N2O.AG.MT.CE.AR5,6.5541
Bangladesh,BGD,1980,Nitrous oxide (N2O) emissions from Agriculture (Mt CO2e),EN.GHG.N2O.AG.MT.CE.AR5,6.5597
Bangladesh,BGD,1979,Nitrous oxide (N2O) emissions from Agriculture (Mt CO2e),EN.GHG.N2O.AG.MT.CE.AR5,7.4881
Bangladesh,BGD,1978,Nitrous oxide (N2O) emissions from Agriculture (Mt CO2e),EN.GHG.N2O.AG.MT.CE.AR5,7.1186
Bangladesh,BGD,1977,Nitrous oxide (N2O) emissions from Agriculture (Mt CO2e),EN.GHG.N2O.AG.MT.CE.AR5,6.6466
Bangladesh,BGD,1976,Nitrous oxide (N2O) emissions from Agriculture (Mt CO2e),EN.GHG.N2O.AG.MT.CE.AR5,6.2033
Bangladesh,BGD,1975,Nitrous oxide (N2O) emissions from Agriculture (Mt CO2e),EN.GHG.N2O.AG.MT.CE.AR5,5.9992
Bangladesh,BGD,1974,Nitrous oxide (N2O) emissions from Agriculture (Mt CO2e),EN.GHG.N2O.AG.MT.CE.AR5,5.4899
Bangladesh,BGD,1973,Nitrous oxide (N2O) emissions from Agriculture (Mt CO2e),EN.GHG.N2O.AG.MT.CE.AR5,5.677
Bangladesh,BGD,1972,Nitrous oxide (N2O) emissions from Agriculture (Mt CO2e),EN.GHG.N2O.AG.MT.CE.AR5,5.684
Bangladesh,BGD,1971,Nitrous oxide (N2O) emissions from Agriculture (Mt CO2e),EN.GHG.N2O.AG.MT.CE.AR5,5.6659
Bangladesh,BGD,1970,Nitrous oxide (N2O) emissions from Agriculture (Mt CO2e),EN.GHG.N2O.AG.MT.CE.AR5,5.7648
Bangladesh,BGD,2024,Nitrous oxide (N2O) emissions from Building (Energy) (Mt CO2e),EN.GHG.N2O.BU.MT.CE.AR5,1.5781
Bangladesh,BGD,2023,Nitrous oxide (N2O) emissions from Building (Energy) (Mt CO2e),EN.GHG.N2O.BU.MT.CE.AR5,1.5079
Bangladesh,BGD,2022,Nitrous oxide (N2O) emissions from Building (Energy) (Mt CO2e),EN.GHG.N2O.BU.MT.CE.AR5,1.5791
Bangladesh,BGD,2021,Nitrous oxide (N2O) emissions from Building (Energy) (Mt CO2e),EN.GHG.N2O.BU.MT.CE.AR5,1.6058
Bangladesh,BGD,2020,Nitrous oxide (N2O) emissions from Building (Energy) (Mt CO2e),EN.GHG.N2O.BU.MT.CE.AR5,1.4356
Bangladesh,BGD,2019,Nitrous oxide (N2O) emissions from Building (Energy) (Mt CO2e),EN.GHG.N2O.BU.MT.CE.AR5,1.4619
Bangladesh,BGD,2018,Nitrous oxide (N2O) emissions from Building (Energy) (Mt CO2e),EN.GHG.N2O.BU.MT.CE.AR5,1.4486
Bangladesh,BGD,2017,Nitrous oxide (N2O) emissions from Building (Energy) (Mt CO2e),EN.GHG.N2O.BU.MT.CE.AR5,1.4104
Bangladesh,BGD,2016,Nitrous oxide (N2O) emissions from Building (Energy) (Mt CO2e),EN.GHG.N2O.BU.MT.CE.AR5,1.4377
Bangladesh,BGD,2015,Nitrous oxide (N2O) emissions from Building (Energy) (Mt CO2e),EN.GHG.N2O.BU.MT.CE.AR5,1.4326
Bangladesh,BGD,2014,Nitrous oxide (N2O) emissions from Building (Energy) (Mt CO2e),EN.GHG.N2O.BU.MT.CE.AR5,1.4738
Bangladesh,BGD,2013,Nitrous oxide (N2O) emissions from Building (Energy) (Mt CO2e),EN.GHG.N2O.BU.MT.CE.AR5,1.4764
Bangladesh,BGD,2012,Nitrous oxide (N2O) emissions from Building (Energy) (Mt CO2e),EN.GHG.N2O.BU.MT.CE.AR5,1.508
Bangladesh,BGD,2011,Nitrous oxide (N2O) emissions from Building (Energy) (Mt CO2e),EN.GHG.N2O.BU.MT.CE.AR5,1.5083
Bangladesh,BGD,2010,Nitrous oxide (N2O) emissions from Building (Energy) (Mt CO2e),EN.GHG.N2O.BU.MT.CE.AR5,1.4358
Bangladesh,BGD,2009,Nitrous oxide (N2O) emissions from Building (Energy) (Mt CO2e),EN.GHG.N2O.BU.MT.CE.AR5,1.4019
Bangladesh,BGD,2008,Nitrous oxide (N2O) emissions from Building (Energy) (Mt CO2e),EN.GHG.N2O.BU.MT.CE.AR5,1.4022
Bangladesh,BGD,2007,Nitrous oxide (N2O) emissions from Building (Energy) (Mt CO2e),EN.GHG.N2O.BU.MT.CE.AR5,1.3903
Bangladesh,BGD,2006,Nitrous oxide (N2O) emissions from Building (Energy) (Mt CO2e),EN.GHG.N2O.BU.MT.CE.AR5,1.3804
Bangladesh,BGD,2005,Nitrous oxide (N2O) emissions from Building (Energy) (Mt CO2e),EN.GHG.N2O.BU.MT.CE.AR5,1.3665
Bangladesh,BGD,2004,Nitrous oxide (N2O) emissions from Building (Energy) (Mt CO2e),EN.GHG.N2O.BU.MT.CE.AR5,1.3247
Bangladesh,BGD,2003,Nitrous oxide (N2O) emissions from Building (Energy) (Mt CO2e),EN.GHG.N2O.BU.MT.CE.AR5,1.2797
Bangladesh,BGD,2002,Nitrous oxide (N2O) emissions from Building (Energy) (Mt CO2e),EN.GHG.N2O.BU.MT.CE.AR5,1.2657
Bangladesh,BGD,2001,Nitrous oxide (N2O) emissions from Building (Energy) (Mt CO2e),EN.GHG.N2O.BU.MT.CE.AR5,1.2414
Bangladesh,BGD,2000,Nitrous oxide (N2O) emissions from Building (Energy) (Mt CO2e),EN.GHG.N2O.BU.MT.CE.AR5,1.173
Bangladesh,BGD,1999,Nitrous oxide (N2O) emissions from Building (Energy) (Mt CO2e),EN.GHG.N2O.BU.MT.CE.AR5,1.1692
Bangladesh,BGD,1998,Nitrous oxide (N2O) emissions from Building (Energy) (Mt CO2e),EN.GHG.N2O.BU.MT.CE.AR5,1.1335
Bangladesh,BGD,1997,Nitrous oxide (N2O) emissions from Building (Energy) (Mt CO2e),EN.GHG.N2O.BU.MT.CE.AR5,1.1095
Bangladesh,BGD,1996,Nitrous oxide (N2O) emissions from Building (Energy) (Mt CO2e),EN.GHG.N2O.BU.MT.CE.AR5,1.085
Bangladesh,BGD,1995,Nitrous oxide (N2O) emissions from Building (Energy) (Mt CO2e),EN.GHG.N2O.BU.MT.CE.AR5,1.0991
Bangladesh,BGD,1994,Nitrous oxide (N2O) emissions from Building (Energy) (Mt CO2e),EN.GHG.N2O.BU.MT.CE.AR5,1.0628
Bangladesh,BGD,1993,Nitrous oxide (N2O) emissions from Building (Energy) (Mt CO2e),EN.GHG.N2O.BU.MT.CE.AR5,1.0541
Bangladesh,BGD,1992,Nitrous oxide (N2O) emissions from Building (Energy) (Mt CO2e),EN.GHG.N2O.BU.MT.CE.AR5,1.0366
Bangladesh,BGD,1991,Nitrous oxide (N2O) emissions from Building (Energy) (Mt CO2e),EN.GHG.N2O.BU.MT.CE.AR5,0.9898
Bangladesh,BGD,1990,Nitrous oxide (N2O) emissions from Building (Energy) (Mt CO2e),EN.GHG.N2O.BU.MT.CE.AR5,0.9981
Bangladesh,BGD,1989,Nitrous oxide (N2O) emissions from Building (Energy) (Mt CO2e),EN.GHG.N2O.BU.MT.CE.AR5,1.0111
Bangladesh,BGD,1988,Nitrous oxide (N2O) emissions from Building (Energy) (Mt CO2e),EN.GHG.N2O.BU.MT.CE.AR5,0.9616
Bangladesh,BGD,1987,Nitrous oxide (N2O) emissions from Building (Energy) (Mt CO2e),EN.GHG.N2O.BU.MT.CE.AR5,0.952
Bangladesh,BGD,1986,Nitrous oxide (N2O) emissions from Building (Energy) (Mt CO2e),EN.GHG.N2O.BU.MT.CE.AR5,0.9647
Bangladesh,BGD,1985,Nitrous oxide (N2O) emissions from Building (Energy) (Mt CO2e),EN.GHG.N2O.BU.MT.CE.AR5,0.9358
Bangladesh,BGD,1984,Nitrous oxide (N2O) emissions from Building (Energy) (Mt CO2e),EN.GHG.N2O.BU.MT.CE.AR5,0.915
Bangladesh,BGD,1983,Nitrous oxide (N2O) emissions from Building (Energy) (Mt CO2e),EN.GHG.N2O.BU.MT.CE.AR5,0.9227
Bangladesh,BGD,1982,Nitrous oxide (N2O) emissions from Building (Energy) (Mt CO2e),EN.GHG.N2O.BU.MT.CE.AR5,0.9063
Bangladesh,BGD,1981,Nitrous oxide (N2O) emissions from Building (Energy) (Mt CO2e),EN.GHG.N2O.BU.MT.CE.AR5,0.8995
Bangladesh,BGD,1980,Nitrous oxide (N2O) emissions from Building (Energy) (Mt CO2e),EN.GHG.N2O.BU.MT.CE.AR5,0.9008
Bangladesh,BGD,1979,Nitrous oxide (N2O) emissions from Building (Energy) (Mt CO2e),EN.GHG.N2O.BU.MT.CE.AR5,0.8899
Bangladesh,BGD,1978,Nitrous oxide (N2O) emissions from Building (Energy) (Mt CO2e),EN.GHG.N2O.BU.MT.CE.AR5,0.8778
Bangladesh,BGD,1977,Nitrous oxide (N2O) emissions from Building (Energy) (Mt CO2e),EN.GHG.N2O.BU.MT.CE.AR5,0.8723
Bangladesh,BGD,1976,Nitrous oxide (N2O) emissions from Building (Energy) (Mt CO2e),EN.GHG.N2O.BU.MT.CE.AR5,0.8662
Bangladesh,BGD,1975,Nitrous oxide (N2O) emissions from Building (Energy) (Mt CO2e),EN.GHG.N2O.BU.MT.CE.AR5,0.8595
Bangladesh,BGD,1974,Nitrous oxide (N2O) emissions from Building (Energy) (Mt CO2e),EN.GHG.N2O.BU.MT.CE.AR5,0.85
Bangladesh,BGD,1973,Nitrous oxide (N2O) emissions from Building (Energy) (Mt CO2e),EN.GHG.N2O.BU.MT.CE.AR5,0.8345
Bangladesh,BGD,1972,Nitrous oxide (N2O) emissions from Building (Energy) (Mt CO2e),EN.GHG.N2O.BU.MT.CE.AR5,0.8278
Bangladesh,BGD,1971,Nitrous oxide (N2O) emissions from Building (Energy) (Mt CO2e),EN.GHG.N2O.BU.MT.CE.AR5,0.8195
Bangladesh,BGD,1970,Nitrous oxide (N2O) emissions from Building (Energy) (Mt CO2e),EN.GHG.N2O.BU.MT.CE.AR5,0.8195
Bangladesh,BGD,2024,Nitrous oxide (N2O) emissions from Fugitive Emissions (Energy) (Mt CO2e),EN.GHG.N2O.FE.MT.CE.AR5,0.0041
Bangladesh,BGD,2023,Nitrous oxide (N2O) emissions from Fugitive Emissions (Energy) (Mt CO2e),EN.GHG.N2O.FE.MT.CE.AR5,0.0041
Bangladesh,BGD,2022,Nitrous oxide (N2O) emissions from Fugitive Emissions (Energy) (Mt CO2e),EN.GHG.N2O.FE.MT.CE.AR5,0.0042
Bangladesh,BGD,2021,Nitrous oxide (N2O) emissions from Fugitive Emissions (Energy) (Mt CO2e),EN.GHG.N2O.FE.MT.CE.AR5,0.0043
Bangladesh,BGD,2020,Nitrous oxide (N2O) emissions from Fugitive Emissions (Energy) (Mt CO2e),EN.GHG.N2O.FE.MT.CE.AR5,0.0042
Bangladesh,BGD,2019,Nitrous oxide (N2O) emissions from Fugitive Emissions (Energy) (Mt CO2e),EN.GHG.N2O.FE.MT.CE.AR5,0.0043
Bangladesh,BGD,2018,Nitrous oxide (N2O) emissions from Fugitive Emissions (Energy) (Mt CO2e),EN.GHG.N2O.FE.MT.CE.AR5,0.0043
Bangladesh,BGD,2017,Nitrous oxide (N2O) emissions from Fugitive Emissions (Energy) (Mt CO2e),EN.GHG.N2O.FE.MT.CE.AR5,0.0043
Bangladesh,BGD,2016,Nitrous oxide (N2O) emissions from Fugitive Emissions (Energy) (Mt CO2e),EN.GHG.N2O.FE.MT.CE.AR5,0.0044
Bangladesh,BGD,2015,Nitrous oxide (N2O) emissions from Fugitive Emissions (Energy) (Mt CO2e),EN.GHG.N2O.FE.MT.CE.AR5,0.0045
Bangladesh,BGD,2014,Nitrous oxide (N2O) emissions from Fugitive Emissions (Energy) (Mt CO2e),EN.GHG.N2O.FE.MT.CE.AR5,0.0044
Bangladesh,BGD,2013,Nitrous oxide (N2O) emissions from Fugitive Emissions (Energy) (Mt CO2e),EN.GHG.N2O.FE.MT.CE.AR5,0.0044
Bangladesh,BGD,2012,Nitrous oxide (N2O) emissions from Fugitive Emissions (Energy) (Mt CO2e),EN.GHG.N2O.FE.MT.CE.AR5,0.0044
Bangladesh,BGD,2011,Nitrous oxide (N2O) emissions from Fugitive Emissions (Energy) (Mt CO2e),EN.GHG.N2O.FE.MT.CE.AR5,0.0043
Bangladesh,BGD,2010,Nitrous oxide (N2O) emissions from Fugitive Emissions (Energy) (Mt CO2e),EN.GHG.N2O.FE.MT.CE.AR5,0.0043
Bangladesh,BGD,2009,Nitrous oxide (N2O) emissions from Fugitive Emissions (Energy) (Mt CO2e),EN.GHG.N2O.FE.MT.CE.AR5,0.0042
Bangladesh,BGD,2008,Nitrous oxide (N2O) emissions from Fugitive Emissions (Energy) (Mt CO2e),EN.GHG.N2O.FE.MT.CE.AR5,0.0042
Bangladesh,BGD,2007,Nitrous oxide (N2O) emissions from Fugitive Emissions (Energy) (Mt CO2e),EN.GHG.N2O.FE.MT.CE.AR5,0.0042
Bangladesh,BGD,2006,Nitrous oxide (N2O) emissions from Fugitive Emissions (Energy) (Mt CO2e),EN.GHG.N2O.FE.MT.CE.AR5,0.0042
Bangladesh,BGD,2005,Nitrous oxide (N2O) emissions from Fugitive Emissions (Energy) (Mt CO2e),EN.GHG.N2O.FE.MT.CE.AR5,0.0041
Bangladesh,BGD,2004,Nitrous oxide (N2O) emissions from Fugitive Emissions (Energy) (Mt CO2e),EN.GHG.N2O.FE.MT.CE.AR5,0.0041
Bangladesh,BGD,2003,Nitrous oxide (N2O) emissions from Fugitive Emissions (Energy) (Mt CO2e),EN.GHG.N2O.FE.MT.CE.AR5,0.004
Bangladesh,BGD,2002,Nitrous oxide (N2O) emissions from Fugitive Emissions (Energy) (Mt CO2e),EN.GHG.N2O.FE.MT.CE.AR5,0.004
Bangladesh,BGD,2001,Nitrous oxide (N2O) emissions from Fugitive Emissions (Energy) (Mt CO2e),EN.GHG.N2O.FE.MT.CE.AR5,0.0039
Bangladesh,BGD,2000,Nitrous oxide (N2O) emissions from Fugitive Emissions (Energy) (Mt CO2e),EN.GHG.N2O.FE.MT.CE.AR5,0.0038
Bangladesh,BGD,1999,Nitrous oxide (N2O) emissions from Fugitive Emissions (Energy) (Mt CO2e),EN.GHG.N2O.FE.MT.CE.AR5,0.0038
Bangladesh,BGD,1998,Nitrous oxide (N2O) emissions from Fugitive Emissions (Energy) (Mt CO2e),EN.GHG.N2O.FE.MT.CE.AR5,0.0035
Bangladesh,BGD,1997,Nitrous oxide (N2O) emissions from Fugitive Emissions (Energy) (Mt CO2e),EN.GHG.N2O.FE.MT.CE.AR5,0.0034
Bangladesh,BGD,1996,Nitrous oxide (N2O) emissions from Fugitive Emissions (Energy) (Mt CO2e),EN.GHG.N2O.FE.MT.CE.AR5,0.0034
Bangladesh,BGD,1995,Nitrous oxide (N2O) emissions from Fugitive Emissions (Energy) (Mt CO2e),EN.GHG.N2O.FE.MT.CE.AR5,0.0033
Bangladesh,BGD,1994,Nitrous oxide (N2O) emissions from Fugitive Emissions (Energy) (Mt CO2e),EN.GHG.N2O.FE.MT.CE.AR5,0.0035
Bangladesh,BGD,1993,Nitrous oxide (N2O) emissions from Fugitive Emissions (Energy) (Mt CO2e),EN.GHG.N2O.FE.MT.CE.AR5,0.0027
Bangladesh,BGD,1992,Nitrous oxide (N2O) emissions from Fugitive Emissions (Energy) (Mt CO2e),EN.GHG.N2O.FE.MT.CE.AR5,0.0032
Bangladesh,BGD,1991,Nitrous oxide (N2O) emissions from Fugitive Emissions (Energy) (Mt CO2e),EN.GHG.N2O.FE.MT.CE.AR5,0.0029
Bangladesh,BGD,1990,Nitrous oxide (N2O) emissions from Fugitive Emissions (Energy) (Mt CO2e),EN.GHG.N2O.FE.MT.CE.AR5,0.0026
Bangladesh,BGD,1989,Nitrous oxide (N2O) emissions from Fugitive Emissions (Energy) (Mt CO2e),EN.GHG.N2O.FE.MT.CE.AR5,0.0029
Bangladesh,BGD,1988,Nitrous oxide (N2O) emissions from Fugitive Emissions (Energy) (Mt CO2e),EN.GHG.N2O.FE.MT.CE.AR5,0.003
Bangladesh,BGD,1987,Nitrous oxide (N2O) emissions from Fugitive Emissions (Energy) (Mt CO2e),EN.GHG.N2O.FE.MT.CE.AR5,0.0027
Bangladesh,BGD,1986,Nitrous oxide (N2O) emissions from Fugitive Emissions (Energy) (Mt CO2e),EN.GHG.N2O.FE.MT.CE.AR5,0.0028
Bangladesh,BGD,1985,Nitrous oxide (N2O) emissions from Fugitive Emissions (Energy) (Mt CO2e),EN.GHG.N2O.FE.MT.CE.AR5,0.0028
Bangladesh,BGD,1984,Nitrous oxide (N2O) emissions from Fugitive Emissions (Energy) (Mt CO2e),EN.GHG.N2O.FE.MT.CE.AR5,0.0027
Bangladesh,BGD,1983,Nitrous oxide (N2O) emissions from Fugitive Emissions (Energy) (Mt CO2e),EN.GHG.N2O.FE.MT.CE.AR5,0.0062
Bangladesh,BGD,1982,Nitrous oxide (N2O) emissions from Fugitive Emissions (Energy) (Mt CO2e),EN.GHG.N2O.FE.MT.CE.AR5,0.0026
Bangladesh,BGD,1981,Nitrous oxide (N2O) emissions from Fugitive Emissions (Energy) (Mt CO2e),EN.GHG.N2O.FE.MT.CE.AR5,0.0003
Bangladesh,BGD,1980,Nitrous oxide (N2O) emissions from Fugitive Emissions (Energy) (Mt CO2e),EN.GHG.N2O.FE.MT.CE.AR5,0.0003
Bangladesh,BGD,1979,Nitrous oxide (N2O) emissions from Fugitive Emissions (Energy) (Mt CO2e),EN.GHG.N2O.FE.MT.CE.AR5,0.0002
Bangladesh,BGD,1978,Nitrous oxide (N2O) emissions from Fugitive Emissions (Energy) (Mt CO2e),EN.GHG.N2O.FE.MT.CE.AR5,0.0002
Bangladesh,BGD,1977,Nitrous oxide (N2O) emissions from Fugitive Emissions (Energy) (Mt CO2e),EN.GHG.N2O.FE.MT.CE.AR5,0.0003
Bangladesh,BGD,1976,Nitrous oxide (N2O) emissions from Fugitive Emissions (Energy) (Mt CO2e),EN.GHG.N2O.FE.MT.CE.AR5,0.0002
Bangladesh,BGD,1975,Nitrous oxide (N2O) emissions from Fugitive Emissions (Energy) (Mt CO2e),EN.GHG.N2O.FE.MT.CE.AR5,0.0002
Bangladesh,BGD,1974,Nitrous oxide (N2O) emissions from Fugitive Emissions (Energy) (Mt CO2e),EN.GHG.N2O.FE.MT.CE.AR5,0.0001
Bangladesh,BGD,1973,Nitrous oxide (N2O) emissions from Fugitive Emissions (Energy) (Mt CO2e),EN.GHG.N2O.FE.MT.CE.AR5,0.0002
Bangladesh,BGD,1972,Nitrous oxide (N2O) emissions from Fugitive Emissions (Energy) (Mt CO2e),EN.GHG.N2O.FE.MT.CE.AR5,0.0002
Bangladesh,BGD,1971,Nitrous oxide (N2O) emissions from Fugitive Emissions (Energy) (Mt CO2e),EN.GHG.N2O.FE.MT.CE.AR5,0.0002
Bangladesh,BGD,1970,Nitrous oxide (N2O) emissions from Fugitive Emissions (Energy) (Mt CO2e),EN.GHG.N2O.FE.MT.CE.AR5,0.0002
Bangladesh,BGD,2024,Nitrous oxide (N2O) emissions from Industrial Combustion (Energy) (Mt CO2e),EN.GHG.N2O.IC.MT.CE.AR5,0.0474
Bangladesh,BGD,2023,Nitrous oxide (N2O) emissions from Industrial Combustion (Energy) (Mt CO2e),EN.GHG.N2O.IC.MT.CE.AR5,0.0439
Bangladesh,BGD,2022,Nitrous oxide (N2O) emissions from Industrial Combustion (Energy) (Mt CO2e),EN.GHG.N2O.IC.MT.CE.AR5,0.0332
Bangladesh,BGD,2021,Nitrous oxide (N2O) emissions from Industrial Combustion (Energy) (Mt CO2e),EN.GHG.N2O.IC.MT.CE.AR5,0.0416
Bangladesh,BGD,2020,Nitrous oxide (N2O) emissions from Industrial Combustion (Energy) (Mt CO2e),EN.GHG.N2O.IC.MT.CE.AR5,0.0414
Bangladesh,BGD,2019,Nitrous oxide (N2O) emissions from Industrial Combustion (Energy) (Mt CO2e),EN.GHG.N2O.IC.MT.CE.AR5,0.0415
Bangladesh,BGD,2018,Nitrous oxide (N2O) emissions from Industrial Combustion (Energy) (Mt CO2e),EN.GHG.N2O.IC.MT.CE.AR5,0.0349
Bangladesh,BGD,2017,Nitrous oxide (N2O) emissions from Industrial Combustion (Energy) (Mt CO2e),EN.GHG.N2O.IC.MT.CE.AR5,0.0405
Bangladesh,BGD,2016,Nitrous oxide (N2O) emissions from Industrial Combustion (Energy) (Mt CO2e),EN.GHG.N2O.IC.MT.CE.AR5,0.0315
Bangladesh,BGD,2015,Nitrous oxide (N2O) emissions from Industrial Combustion (Energy) (Mt CO2e),EN.GHG.N2O.IC.MT.CE.AR5,0.0251
Bangladesh,BGD,2014,Nitrous oxide (N2O) emissions from Industrial Combustion (Energy) (Mt CO2e),EN.GHG.N2O.IC.MT.CE.AR5,0.0155
Bangladesh,BGD,2013,Nitrous oxide (N2O) emissions from Industrial Combustion (Energy) (Mt CO2e),EN.GHG.N2O.IC.MT.CE.AR5,0.0174
Bangladesh,BGD,2012,Nitrous oxide (N2O) emissions from Industrial Combustion (Energy) (Mt CO2e),EN.GHG.N2O.IC.MT.CE.AR5,0.0167
Bangladesh,BGD,2011,Nitrous oxide (N2O) emissions from Industrial Combustion (Energy) (Mt CO2e),EN.GHG.N2O.IC.MT.CE.AR5,0.0142
Bangladesh,BGD,2010,Nitrous oxide (N2O) emissions from Industrial Combustion (Energy) (Mt CO2e),EN.GHG.N2O.IC.MT.CE.AR5,0.0146
Bangladesh,BGD,2009,Nitrous oxide (N2O) emissions from Industrial Combustion (Energy) (Mt CO2e),EN.GHG.N2O.IC.MT.CE.AR5,0.0134
Bangladesh,BGD,2008,Nitrous oxide (N2O) emissions from Industrial Combustion (Energy) (Mt CO2e),EN.GHG.N2O.IC.MT.CE.AR5,0.0114
Bangladesh,BGD,2007,Nitrous oxide (N2O) emissions from Industrial Combustion (Energy) (Mt CO2e),EN.GHG.N2O.IC.MT.CE.AR5,0.011
Bangladesh,BGD,2006,Nitrous oxide (N2O) emissions from Industrial Combustion (Energy) (Mt CO2e),EN.GHG.N2O.IC.MT.CE.AR5,0.0106
Bangladesh,BGD,2005,Nitrous oxide (N2O) emissions from Industrial Combustion (Energy) (Mt CO2e),EN.GHG.N2O.IC.MT.CE.AR5,0.0107
Bangladesh,BGD,2004,Nitrous oxide (N2O) emissions from Industrial Combustion (Energy) (Mt CO2e),EN.GHG.N2O.IC.MT.CE.AR5,0.0094
Bangladesh,BGD,2003,Nitrous oxide (N2O) emissions from Industrial Combustion (Energy) (Mt CO2e),EN.GHG.N2O.IC.MT.CE.AR5,0.0114
Bangladesh,BGD,2002,Nitrous oxide (N2O) emissions from Industrial Combustion (Energy) (Mt CO2e),EN.GHG.N2O.IC.MT.CE.AR5,0.0114
Bangladesh,BGD,2001,Nitrous oxide (N2O) emissions from Industrial Combustion (Energy) (Mt CO2e),EN.GHG.N2O.IC.MT.CE.AR5,0.0094
Bangladesh,BGD,2000,Nitrous oxide (N2O) emissions from Industrial Combustion (Energy) (Mt CO2e),EN.GHG.N2O.IC.MT.CE.AR5,0.0051
Bangladesh,BGD,1999,Nitrous oxide (N2O) emissions from Industrial Combustion (Energy) (Mt CO2e),EN.GHG.N2O.IC.MT.CE.AR5,0.0056
Bangladesh,BGD,1998,Nitrous oxide (N2O) emissions from Industrial Combustion (Energy) (Mt CO2e),EN.GHG.N2O.IC.MT.CE.AR5,0.0063
Bangladesh,BGD,1997,Nitrous oxide (N2O) emissions from Industrial Combustion (Energy) (Mt CO2e),EN.GHG.N2O.IC.MT.CE.AR5,0.0098
Bangladesh,BGD,1996,Nitrous oxide (N2O) emissions from Industrial Combustion (Energy) (Mt CO2e),EN.GHG.N2O.IC.MT.CE.AR5,0.0114
Bangladesh,BGD,1995,Nitrous oxide (N2O) emissions from Industrial Combustion (Energy) (Mt CO2e),EN.GHG.N2O.IC.MT.CE.AR5,0.0221
Bangladesh,BGD,1994,Nitrous oxide (N2O) emissions from Industrial Combustion (Energy) (Mt CO2e),EN.GHG.N2O.IC.MT.CE.AR5,0.0163
Bangladesh,BGD,1993,Nitrous oxide (N2O) emissions from Industrial Combustion (Energy) (Mt CO2e),EN.GHG.N2O.IC.MT.CE.AR5,0.0167
Bangladesh,BGD,1992,Nitrous oxide (N2O) emissions from Industrial Combustion (Energy) (Mt CO2e),EN.GHG.N2O.IC.MT.CE.AR5,0.0173
Bangladesh,BGD,1991,Nitrous oxide (N2O) emissions from Industrial Combustion (Energy) (Mt CO2e),EN.GHG.N2O.IC.MT.CE.AR5,0.0179
Bangladesh,BGD,1990,Nitrous oxide (N2O) emissions from Industrial Combustion (Energy) (Mt CO2e),EN.GHG.N2O.IC.MT.CE.AR5,0.0205
Bangladesh,BGD,1989,Nitrous oxide (N2O) emissions from Industrial Combustion (Energy) (Mt CO2e),EN.GHG.N2O.IC.MT.CE.AR5,0.0177
Bangladesh,BGD,1988,Nitrous oxide (N2O) emissions from Industrial Combustion (Energy) (Mt CO2e),EN.GHG.N2O.IC.MT.CE.AR5,0.0174
Bangladesh,BGD,1987,Nitrous oxide (N2O) emissions from Industrial Combustion (Energy) (Mt CO2e),EN.GHG.N2O.IC.MT.CE.AR5,0.0176
Bangladesh,BGD,1986,Nitrous oxide (N2O) emissions from Industrial Combustion (Energy) (Mt CO2e),EN.GHG.N2O.IC.MT.CE.AR5,0.0168
Bangladesh,BGD,1985,Nitrous oxide (N2O) emissions from Industrial Combustion (Energy) (Mt CO2e),EN.GHG.N2O.IC.MT.CE.AR5,0.0166
Bangladesh,BGD,1984,Nitrous oxide (N2O) emissions from Industrial Combustion (Energy) (Mt CO2e),EN.GHG.N2O.IC.MT.CE.AR5,0.0168
Bangladesh,BGD,1983,Nitrous oxide (N2O) emissions from Industrial Combustion (Energy) (Mt CO2e),EN.GHG.N2O.IC.MT.CE.AR5,0.0176
Bangladesh,BGD,1982,Nitrous oxide (N2O) emissions from Industrial Combustion (Energy) (Mt CO2e),EN.GHG.N2O.IC.MT.CE.AR5,0.0191
Bangladesh,BGD,1981,Nitrous oxide (N2O) emissions from Industrial Combustion (Energy) (Mt CO2e),EN.GHG.N2O.IC.MT.CE.AR5,0.0189
Bangladesh,BGD,1980,Nitrous oxide (N2O) emissions from Industrial Combustion (Energy) (Mt CO2e),EN.GHG.N2O.IC.MT.CE.AR5,0.0192
Bangladesh,BGD,1979,Nitrous oxide (N2O) emissions from Industrial Combustion (Energy) (Mt CO2e),EN.GHG.N2O.IC.MT.CE.AR5,0.0182
Bangladesh,BGD,1978,Nitrous oxide (N2O) emissions from Industrial Combustion (Energy) (Mt CO2e),EN.GHG.N2O.IC.MT.CE.AR5,0.0185
Bangladesh,BGD,1977,Nitrous oxide (N2O) emissions from Industrial Combustion (Energy) (Mt CO2e),EN.GHG.N2O.IC.MT.CE.AR5,0.0185
Bangladesh,BGD,1976,Nitrous oxide (N2O) emissions from Industrial Combustion (Energy) (Mt CO2e),EN.GHG.N2O.IC.MT.CE.AR5,0.0185
Bangladesh,BGD,1975,Nitrous oxide (N2O) emissions from Industrial Combustion (Energy) (Mt CO2e),EN.GHG.N2O.IC.MT.CE.AR5,0.0185
Bangladesh,BGD,1974,Nitrous oxide (N2O) emissions from Industrial Combustion (Energy) (Mt CO2e),EN.GHG.N2O.IC.MT.CE.AR5,0.0181
Bangladesh,BGD,1973,Nitrous oxide (N2O) emissions from Industrial Combustion (Energy) (Mt CO2e),EN.GHG.N2O.IC.MT.CE.AR5,0.0181
Bangladesh,BGD,1972,Nitrous oxide (N2O) emissions from Industrial Combustion (Energy) (Mt CO2e),EN.GHG.N2O.IC.MT.CE.AR5,0.0173
Bangladesh,BGD,1971,Nitrous oxide (N2O) emissions from Industrial Combustion (Energy) (Mt CO2e),EN.GHG.N2O.IC.MT.CE.AR5,0.0173
Bangladesh,BGD,1970,Nitrous oxide (N2O) emissions from Industrial Combustion (Energy) (Mt CO2e),EN.GHG.N2O.IC.MT.CE.AR5,0.0173
Bangladesh,BGD,2024,Nitrous oxide (N2O) emissions from Industrial Processes (Mt CO2e),EN.GHG.N2O.IP.MT.CE.AR5,0.9946
Bangladesh,BGD,2023,Nitrous oxide (N2O) emissions from Industrial Processes (Mt CO2e),EN.GHG.N2O.IP.MT.CE.AR5,0.9118
Bangladesh,BGD,2022,Nitrous oxide (N2O) emissions from Industrial Processes (Mt CO2e),EN.GHG.N2O.IP.MT.CE.AR5,0.9513
Bangladesh,BGD,2021,Nitrous oxide (N2O) emissions from Industrial Processes (Mt CO2e),EN.GHG.N2O.IP.MT.CE.AR5,0.8964
Bangladesh,BGD,2020,Nitrous oxide (N2O) emissions from Industrial Processes (Mt CO2e),EN.GHG.N2O.IP.MT.CE.AR5,0.7501
Bangladesh,BGD,2019,Nitrous oxide (N2O) emissions from Industrial Processes (Mt CO2e),EN.GHG.N2O.IP.MT.CE.AR5,0.7953
Bangladesh,BGD,2018,Nitrous oxide (N2O) emissions from Industrial Processes (Mt CO2e),EN.GHG.N2O.IP.MT.CE.AR5,0.7876
Bangladesh,BGD,2017,Nitrous oxide (N2O) emissions from Industrial Processes (Mt CO2e),EN.GHG.N2O.IP.MT.CE.AR5,0.7603
Bangladesh,BGD,2016,Nitrous oxide (N2O) emissions from Industrial Processes (Mt CO2e),EN.GHG.N2O.IP.MT.CE.AR5,0.7124
Bangladesh,BGD,2015,Nitrous oxide (N2O) emissions from Industrial Processes (Mt CO2e),EN.GHG.N2O.IP.MT.CE.AR5,0.6684
Bangladesh,BGD,2014,Nitrous oxide (N2O) emissions from Industrial Processes (Mt CO2e),EN.GHG.N2O.IP.MT.CE.AR5,0.6369
Bangladesh,BGD,2013,Nitrous oxide (N2O) emissions from Industrial Processes (Mt CO2e),EN.GHG.N2O.IP.MT.CE.AR5,0.6144
Bangladesh,BGD,2012,Nitrous oxide (N2O) emissions from Industrial Processes (Mt CO2e),EN.GHG.N2O.IP.MT.CE.AR5,0.5927
Bangladesh,BGD,2011,Nitrous oxide (N2O) emissions from Industrial Processes (Mt CO2e),EN.GHG.N2O.IP.MT.CE.AR5,0.5584
Bangladesh,BGD,2010,Nitrous oxide (N2O) emissions from Industrial Processes (Mt CO2e),EN.GHG.N2O.IP.MT.CE.AR5,0.506
Bangladesh,BGD,2009,Nitrous oxide (N2O) emissions from Industrial Processes (Mt CO2e),EN.GHG.N2O.IP.MT.CE.AR5,0.4968
Bangladesh,BGD,2008,Nitrous oxide (N2O) emissions from Industrial Processes (Mt CO2e),EN.GHG.N2O.IP.MT.CE.AR5,0.4784
Bangladesh,BGD,2007,Nitrous oxide (N2O) emissions from Industrial Processes (Mt CO2e),EN.GHG.N2O.IP.MT.CE.AR5,0.4511
Bangladesh,BGD,2006,Nitrous oxide (N2O) emissions from Industrial Processes (Mt CO2e),EN.GHG.N2O.IP.MT.CE.AR5,0.4611
Bangladesh,BGD,2005,Nitrous oxide (N2O) emissions from Industrial Processes (Mt CO2e),EN.GHG.N2O.IP.MT.CE.AR5,0.4274
Bangladesh,BGD,2004,Nitrous oxide (N2O) emissions from Industrial Processes (Mt CO2e),EN.GHG.N2O.IP.MT.CE.AR5,0.4132
Bangladesh,BGD,2003,Nitrous oxide (N2O) emissions from Industrial Processes (Mt CO2e),EN.GHG.N2O.IP.MT.CE.AR5,0.3944
Bangladesh,BGD,2002,Nitrous oxide (N2O) emissions from Industrial Processes (Mt CO2e),EN.GHG.N2O.IP.MT.CE.AR5,0.3823
Bangladesh,BGD,2001,Nitrous oxide (N2O) emissions from Industrial Processes (Mt CO2e),EN.GHG.N2O.IP.MT.CE.AR5,0.3867
Bangladesh,BGD,2000,Nitrous oxide (N2O) emissions from Industrial Processes (Mt CO2e),EN.GHG.N2O.IP.MT.CE.AR5,0.35
Bangladesh,BGD,1999,Nitrous oxide (N2O) emissions from Industrial Processes (Mt CO2e),EN.GHG.N2O.IP.MT.CE.AR5,0.3576
Bangladesh,BGD,1998,Nitrous oxide (N2O) emissions from Industrial Processes (Mt CO2e),EN.GHG.N2O.IP.MT.CE.AR5,0.3434
Bangladesh,BGD,1997,Nitrous oxide (N2O) emissions from Industrial Processes (Mt CO2e),EN.GHG.N2O.IP.MT.CE.AR5,0.3399
Bangladesh,BGD,1996,Nitrous oxide (N2O) emissions from Industrial Processes (Mt CO2e),EN.GHG.N2O.IP.MT.CE.AR5,0.3332
Bangladesh,BGD,1995,Nitrous oxide (N2O) emissions from Industrial Processes (Mt CO2e),EN.GHG.N2O.IP.MT.CE.AR5,0.3647
Bangladesh,BGD,1994,Nitrous oxide (N2O) emissions from Industrial Processes (Mt CO2e),EN.GHG.N2O.IP.MT.CE.AR5,0.3407
Bangladesh,BGD,1993,Nitrous oxide (N2O) emissions from Industrial Processes (Mt CO2e),EN.GHG.N2O.IP.MT.CE.AR5,0.3263
Bangladesh,BGD,1992,Nitrous oxide (N2O) emissions from Industrial Processes (Mt CO2e),EN.GHG.N2O.IP.MT.CE.AR5,0.3212
Bangladesh,BGD,1991,Nitrous oxide (N2O) emissions from Industrial Processes (Mt CO2e),EN.GHG.N2O.IP.MT.CE.AR5,0.315
Bangladesh,BGD,1990,Nitrous oxide (N2O) emissions from Industrial Processes (Mt CO2e),EN.GHG.N2O.IP.MT.CE.AR5,0.3039
Bangladesh,BGD,1989,Nitrous oxide (N2O) emissions from Industrial Processes (Mt CO2e),EN.GHG.N2O.IP.MT.CE.AR5,0.299
Bangladesh,BGD,1988,Nitrous oxide (N2O) emissions from Industrial Processes (Mt CO2e),EN.GHG.N2O.IP.MT.CE.AR5,0.2954
Bangladesh,BGD,1987,Nitrous oxide (N2O) emissions from Industrial Processes (Mt CO2e),EN.GHG.N2O.IP.MT.CE.AR5,0.2701
Bangladesh,BGD,1986,Nitrous oxide (N2O) emissions from Industrial Processes (Mt CO2e),EN.GHG.N2O.IP.MT.CE.AR5,0.2857
Bangladesh,BGD,1985,Nitrous oxide (N2O) emissions from Industrial Processes (Mt CO2e),EN.GHG.N2O.IP.MT.CE.AR5,0.2708
Bangladesh,BGD,1984,Nitrous oxide (N2O) emissions from Industrial Processes (Mt CO2e),EN.GHG.N2O.IP.MT.CE.AR5,0.2637
Bangladesh,BGD,1983,Nitrous oxide (N2O) emissions from Industrial Processes (Mt CO2e),EN.GHG.N2O.IP.MT.CE.AR5,0.2602
Bangladesh,BGD,1982,Nitrous oxide (N2O) emissions from Industrial Processes (Mt CO2e),EN.GHG.N2O.IP.MT.CE.AR5,0.2599
Bangladesh,BGD,1981,Nitrous oxide (N2O) emissions from Industrial Processes (Mt CO2e),EN.GHG.N2O.IP.MT.CE.AR5,0.2398
Bangladesh,BGD,1980,Nitrous oxide (N2O) emissions from Industrial Processes (Mt CO2e),EN.GHG.N2O.IP.MT.CE.AR5,0.2412
Bangladesh,BGD,1979,Nitrous oxide (N2O) emissions from Industrial Processes (Mt CO2e),EN.GHG.N2O.IP.MT.CE.AR5,0.2321
Bangladesh,BGD,1978,Nitrous oxide (N2O) emissions from Industrial Processes (Mt CO2e),EN.GHG.N2O.IP.MT.CE.AR5,0.2249
Bangladesh,BGD,1977,Nitrous oxide (N2O) emissions from Industrial Processes (Mt CO2e),EN.GHG.N2O.IP.MT.CE.AR5,0.2203
Bangladesh,BGD,1976,Nitrous oxide (N2O) emissions from Industrial Processes (Mt CO2e),EN.GHG.N2O.IP.MT.CE.AR5,0.2173
Bangladesh,BGD,1975,Nitrous oxide (N2O) emissions from Industrial Processes (Mt CO2e),EN.GHG.N2O.IP.MT.CE.AR5,0.2134
Bangladesh,BGD,1974,Nitrous oxide (N2O) emissions from Industrial Processes (Mt CO2e),EN.GHG.N2O.IP.MT.CE.AR5,0.2046
Bangladesh,BGD,1973,Nitrous oxide (N2O) emissions from Industrial Processes (Mt CO2e),EN.GHG.N2O.IP.MT.CE.AR5,0.1992
Bangladesh,BGD,1972,Nitrous oxide (N2O) emissions from Industrial Processes (Mt CO2e),EN.GHG.N2O.IP.MT.CE.AR5,0.1921
Bangladesh,BGD,1971,Nitrous oxide (N2O) emissions from Industrial Processes (Mt CO2e),EN.GHG.N2O.IP.MT.CE.AR5,0.1869
Bangladesh,BGD,1970,Nitrous oxide (N2O) emissions from Industrial Processes (Mt CO2e),EN.GHG.N2O.IP.MT.CE.AR5,0.1872
Bangladesh,BGD,2024,Nitrous oxide (N2O) emissions (total) excluding LULUCF (Mt CO2e),EN.GHG.N2O.MT.CE.AR5,23.2799
Bangladesh,BGD,2023,Nitrous oxide (N2O) emissions (total) excluding LULUCF (Mt CO2e),EN.GHG.N2O.MT.CE.AR5,23.0547
Bangladesh,BGD,2022,Nitrous oxide (N2O) emissions (total) excluding LULUCF (Mt CO2e),EN.GHG.N2O.MT.CE.AR5,24.6094
Bangladesh,BGD,2021,Nitrous oxide (N2O) emissions (total) excluding LULUCF (Mt CO2e),EN.GHG.N2O.MT.CE.AR5,24.9697
Bangladesh,BGD,2020,Nitrous oxide (N2O) emissions (total) excluding LULUCF (Mt CO2e),EN.GHG.N2O.MT.CE.AR5,23.6494
Bangladesh,BGD,2019,Nitrous oxide (N2O) emissions (total) excluding LULUCF (Mt CO2e),EN.GHG.N2O.MT.CE.AR5,23.3106
Bangladesh,BGD,2018,Nitrous oxide (N2O) emissions (total) excluding LULUCF (Mt CO2e),EN.GHG.N2O.MT.CE.AR5,23.1182
Bangladesh,BGD,2017,Nitrous oxide (N2O) emissions (total) excluding LULUCF (Mt CO2e),EN.GHG.N2O.MT.CE.AR5,22.5557
Bangladesh,BGD,2016,Nitrous oxide (N2O) emissions (total) excluding LULUCF (Mt CO2e),EN.GHG.N2O.MT.CE.AR5,22.0341
Bangladesh,BGD,2015,Nitrous oxide (N2O) emissions (total) excluding LULUCF (Mt CO2e),EN.GHG.N2O.MT.CE.AR5,22.1419
Bangladesh,BGD,2014,Nitrous oxide (N2O) emissions (total) excluding LULUCF (Mt CO2e),EN.GHG.N2O.MT.CE.AR5,22.3696
Bangladesh,BGD,2013,Nitrous oxide (N2O) emissions (total) excluding LULUCF (Mt CO2e),EN.GHG.N2O.MT.CE.AR5,21.1268
Bangladesh,BGD,2012,Nitrous oxide (N2O) emissions (total) excluding LULUCF (Mt CO2e),EN.GHG.N2O.MT.CE.AR5,20.8841
Bangladesh,BGD,2011,Nitrous oxide (N2O) emissions (total) excluding LULUCF (Mt CO2e),EN.GHG.N2O.MT.CE.AR5,20.7116
Bangladesh,BGD,2010,Nitrous oxide (N2O) emissions (total) excluding LULUCF (Mt CO2e),EN.GHG.N2O.MT.CE.AR5,20.9636
Bangladesh,BGD,2009,Nitrous oxide (N2O) emissions (total) excluding LULUCF (Mt CO2e),EN.GHG.N2O.MT.CE.AR5,20.0264
Bangladesh,BGD,2008,Nitrous oxide (N2O) emissions (total) excluding LULUCF (Mt CO2e),EN.GHG.N2O.MT.CE.AR5,19.8677
Bangladesh,BGD,2007,Nitrous oxide (N2O) emissions (total) excluding LULUCF (Mt CO2e),EN.GHG.N2O.MT.CE.AR5,20.0247
Bangladesh,BGD,2006,Nitrous oxide (N2O) emissions (total) excluding LULUCF (Mt CO2e),EN.GHG.N2O.MT.CE.AR5,19.0995
Bangladesh,BGD,2005,Nitrous oxide (N2O) emissions (total) excluding LULUCF (Mt CO2e),EN.GHG.N2O.MT.CE.AR5,18.7258
Bangladesh,BGD,2004,Nitrous oxide (N2O) emissions (total) excluding LULUCF (Mt CO2e),EN.GHG.N2O.MT.CE.AR5,18.4644
Bangladesh,BGD,2003,Nitrous oxide (N2O) emissions (total) excluding LULUCF (Mt CO2e),EN.GHG.N2O.MT.CE.AR5,17.83
Bangladesh,BGD,2002,Nitrous oxide (N2O) emissions (total) excluding LULUCF (Mt CO2e),EN.GHG.N2O.MT.CE.AR5,17.3918
Bangladesh,BGD,2001,Nitrous oxide (N2O) emissions (total) excluding LULUCF (Mt CO2e),EN.GHG.N2O.MT.CE.AR5,17.1693
Bangladesh,BGD,2000,Nitrous oxide (N2O) emissions (total) excluding LULUCF (Mt CO2e),EN.GHG.N2O.MT.CE.AR5,16.6222
Bangladesh,BGD,1999,Nitrous oxide (N2O) emissions (total) excluding LULUCF (Mt CO2e),EN.GHG.N2O.MT.CE.AR5,16.5206
Bangladesh,BGD,1998,Nitrous oxide (N2O) emissions (total) excluding LULUCF (Mt CO2e),EN.GHG.N2O.MT.CE.AR5,15.4042
Bangladesh,BGD,1997,Nitrous oxide (N2O) emissions (total) excluding LULUCF (Mt CO2e),EN.GHG.N2O.MT.CE.AR5,15.1916
Bangladesh,BGD,1996,Nitrous oxide (N2O) emissions (total) excluding LULUCF (Mt CO2e),EN.GHG.N2O.MT.CE.AR5,15.5287
Bangladesh,BGD,1995,Nitrous oxide (N2O) emissions (total) excluding LULUCF (Mt CO2e),EN.GHG.N2O.MT.CE.AR5,14.8833
Bangladesh,BGD,1994,Nitrous oxide (N2O) emissions (total) excluding LULUCF (Mt CO2e),EN.GHG.N2O.MT.CE.AR5,13.6944
Bangladesh,BGD,1993,Nitrous oxide (N2O) emissions (total) excluding LULUCF (Mt CO2e),EN.GHG.N2O.MT.CE.AR5,12.9883
Bangladesh,BGD,1992,Nitrous oxide (N2O) emissions (total) excluding LULUCF (Mt CO2e),EN.GHG.N2O.MT.CE.AR5,12.7085
Bangladesh,BGD,1991,Nitrous oxide (N2O) emissions (total) excluding LULUCF (Mt CO2e),EN.GHG.N2O.MT.CE.AR5,12.4428
Bangladesh,BGD,1990,Nitrous oxide (N2O) emissions (total) excluding LULUCF (Mt CO2e),EN.GHG.N2O.MT.CE.AR5,11.7915
Bangladesh,BGD,1989,Nitrous oxide (N2O) emissions (total) excluding LULUCF (Mt CO2e),EN.GHG.N2O.MT.CE.AR5,11.7423
Bangladesh,BGD,1988,Nitrous oxide (N2O) emissions (total) excluding LULUCF (Mt CO2e),EN.GHG.N2O.MT.CE.AR5,10.9035
Bangladesh,BGD,1987,Nitrous oxide (N2O) emissions (total) excluding LULUCF (Mt CO2e),EN.GHG.N2O.MT.CE.AR5,10.433
Bangladesh,BGD,1986,Nitrous oxide (N2O) emissions (total) excluding LULUCF (Mt CO2e),EN.GHG.N2O.MT.CE.AR5,10.0402
Bangladesh,BGD,1985,Nitrous oxide (N2O) emissions (total) excluding LULUCF (Mt CO2e),EN.GHG.N2O.MT.CE.AR5,9.5836
Bangladesh,BGD,1984,Nitrous oxide (N2O) emissions (total) excluding LULUCF (Mt CO2e),EN.GHG.N2O.MT.CE.AR5,9.4449
Bangladesh,BGD,1983,Nitrous oxide (N2O) emissions (total) excluding LULUCF (Mt CO2e),EN.GHG.N2O.MT.CE.AR5,9.083
Bangladesh,BGD,1982,Nitrous oxide (N2O) emissions (total) excluding LULUCF (Mt CO2e),EN.GHG.N2O.MT.CE.AR5,8.7876
Bangladesh,BGD,1981,Nitrous oxide (N2O) emissions (total) excluding LULUCF (Mt CO2e),EN.GHG.N2O.MT.CE.AR5,8.3456
Bangladesh,BGD,1980,Nitrous oxide (N2O) emissions (total) excluding LULUCF (Mt CO2e),EN.GHG.N2O.MT.CE.AR5,8.3589
Bangladesh,BGD,1979,Nitrous oxide (N2O) emissions (total) excluding LULUCF (Mt CO2e),EN.GHG.N2O.MT.CE.AR5,9.2737
Bangladesh,BGD,1978,Nitrous oxide (N2O) emissions (total) excluding LULUCF (Mt CO2e),EN.GHG.N2O.MT.CE.AR5,8.8645
Bangladesh,BGD,1977,Nitrous oxide (N2O) emissions (total) excluding LULUCF (Mt CO2e),EN.GHG.N2O.MT.CE.AR5,8.3148
Bangladesh,BGD,1976,Nitrous oxide (N2O) emissions (total) excluding LULUCF (Mt CO2e),EN.GHG.N2O.MT.CE.AR5,7.8888
Bangladesh,BGD,1975,Nitrous oxide (N2O) emissions (total) excluding LULUCF (Mt CO2e),EN.GHG.N2O.MT.CE.AR5,7.6353
Bangladesh,BGD,1974,Nitrous oxide (N2O) emissions (total) excluding LULUCF (Mt CO2e),EN.GHG.N2O.MT.CE.AR5,7.129
Bangladesh,BGD,1973,Nitrous oxide (N2O) emissions (total) excluding LULUCF (Mt CO2e),EN.GHG.N2O.MT.CE.AR5,7.2601
Bangladesh,BGD,1972,Nitrous oxide (N2O) emissions (total) excluding LULUCF (Mt CO2e),EN.GHG.N2O.MT.CE.AR5,7.2037
Bangladesh,BGD,1971,Nitrous oxide (N2O) emissions (total) excluding LULUCF (Mt CO2e),EN.GHG.N2O.MT.CE.AR5,7.1834
Bangladesh,BGD,1970,Nitrous oxide (N2O) emissions (total) excluding LULUCF (Mt CO2e),EN.GHG.N2O.MT.CE.AR5,7.3041
Bangladesh,BGD,2024,Nitrous oxide (N2O) emissions from Power Industry (Energy) (Mt CO2e),EN.GHG.N2O.PI.MT.CE.AR5,0.0919
Bangladesh,BGD,2023,Nitrous oxide (N2O) emissions from Power Industry (Energy) (Mt CO2e),EN.GHG.N2O.PI.MT.CE.AR5,0.0835
Bangladesh,BGD,2022,Nitrous oxide (N2O) emissions from Power Industry (Energy) (Mt CO2e),EN.GHG.N2O.PI.MT.CE.AR5,0.0815
Bangladesh,BGD,2021,Nitrous oxide (N2O) emissions from Power Industry (Energy) (Mt CO2e),EN.GHG.N2O.PI.MT.CE.AR5,0.0683
Bangladesh,BGD,2020,Nitrous oxide (N2O) emissions from Power Industry (Energy) (Mt CO2e),EN.GHG.N2O.PI.MT.CE.AR5,0.0446
Bangladesh,BGD,2019,Nitrous oxide (N2O) emissions from Power Industry (Energy) (Mt CO2e),EN.GHG.N2O.PI.MT.CE.AR5,0.0455
Bangladesh,BGD,2018,Nitrous oxide (N2O) emissions from Power Industry (Energy) (Mt CO2e),EN.GHG.N2O.PI.MT.CE.AR5,0.0484
Bangladesh,BGD,2017,Nitrous oxide (N2O) emissions from Power Industry (Energy) (Mt CO2e),EN.GHG.N2O.PI.MT.CE.AR5,0.0421
Bangladesh,BGD,2016,Nitrous oxide (N2O) emissions from Power Industry (Energy) (Mt CO2e),EN.GHG.N2O.PI.MT.CE.AR5,0.0389
Bangladesh,BGD,2015,Nitrous oxide (N2O) emissions from Power Industry (Energy) (Mt CO2e),EN.GHG.N2O.PI.MT.CE.AR5,0.0347
Bangladesh,BGD,2014,Nitrous oxide (N2O) emissions from Power Industry (Energy) (Mt CO2e),EN.GHG.N2O.PI.MT.CE.AR5,0.0318
Bangladesh,BGD,2013,Nitrous oxide (N2O) emissions from Power Industry (Energy) (Mt CO2e),EN.GHG.N2O.PI.MT.CE.AR5,0.0287
Bangladesh,BGD,2012,Nitrous oxide (N2O) emissions from Power Industry (Energy) (Mt CO2e),EN.GHG.N2O.PI.MT.CE.AR5,0.0251
Bangladesh,BGD,2011,Nitrous oxide (N2O) emissions from Power Industry (Energy) (Mt CO2e),EN.GHG.N2O.PI.MT.CE.AR5,0.0208
Bangladesh,BGD,2010,Nitrous oxide (N2O) emissions from Power Industry (Energy) (Mt CO2e),EN.GHG.N2O.PI.MT.CE.AR5,0.0165
Bangladesh,BGD,2009,Nitrous oxide (N2O) emissions from Power Industry (Energy) (Mt CO2e),EN.GHG.N2O.PI.MT.CE.AR5,0.0153
Bangladesh,BGD,2008,Nitrous oxide (N2O) emissions from Power Industry (Energy) (Mt CO2e),EN.GHG.N2O.PI.MT.CE.AR5,0.014
Bangladesh,BGD,2007,Nitrous oxide (N2O) emissions from Power Industry (Energy) (Mt CO2e),EN.GHG.N2O.PI.MT.CE.AR5,0.0139
Bangladesh,BGD,2006,Nitrous oxide (N2O) emissions from Power Industry (Energy) (Mt CO2e),EN.GHG.N2O.PI.MT.CE.AR5,0.011
Bangladesh,BGD,2005,Nitrous oxide (N2O) emissions from Power Industry (Energy) (Mt CO2e),EN.GHG.N2O.PI.MT.CE.AR5,0.0093
Bangladesh,BGD,2004,Nitrous oxide (N2O) emissions from Power Industry (Energy) (Mt CO2e),EN.GHG.N2O.PI.MT.CE.AR5,0.0078
Bangladesh,BGD,2003,Nitrous oxide (N2O) emissions from Power Industry (Energy) (Mt CO2e),EN.GHG.N2O.PI.MT.CE.AR5,0.0073
Bangladesh,BGD,2002,Nitrous oxide (N2O) emissions from Power Industry (Energy) (Mt CO2e),EN.GHG.N2O.PI.MT.CE.AR5,0.0072
Bangladesh,BGD,2001,Nitrous oxide (N2O) emissions from Power Industry (Energy) (Mt CO2e),EN.GHG.N2O.PI.MT.CE.AR5,0.0067
Bangladesh,BGD,2000,Nitrous oxide (N2O) emissions from Power Industry (Energy) (Mt CO2e),EN.GHG.N2O.PI.MT.CE.AR5,0.0055
Bangladesh,BGD,1999,Nitrous oxide (N2O) emissions from Power Industry (Energy) (Mt CO2e),EN.GHG.N2O.PI.MT.CE.AR5,0.0056
Bangladesh,BGD,1998,Nitrous oxide (N2O) emissions from Power Industry (Energy) (Mt CO2e),EN.GHG.N2O.PI.MT.CE.AR5,0.0052
Bangladesh,BGD,1997,Nitrous oxide (N2O) emissions from Power Industry (Energy) (Mt CO2e),EN.GHG.N2O.PI.MT.CE.AR5,0.0047
Bangladesh,BGD,1996,Nitrous oxide (N2O) emissions from Power Industry (Energy) (Mt CO2e),EN.GHG.N2O.PI.MT.CE.AR5,0.004
Bangladesh,BGD,1995,Nitrous oxide (N2O) emissions from Power Industry (Energy) (Mt CO2e),EN.GHG.N2O.PI.MT.CE.AR5,0.0042
Bangladesh,BGD,1994,Nitrous oxide (N2O) emissions from Power Industry (Energy) (Mt CO2e),EN.GHG.N2O.PI.MT.CE.AR5,0.0035
Bangladesh,BGD,1993,Nitrous oxide (N2O) emissions from Power Industry (Energy) (Mt CO2e),EN.GHG.N2O.PI.MT.CE.AR5,0.0033
Bangladesh,BGD,1992,Nitrous oxide (N2O) emissions from Power Industry (Energy) (Mt CO2e),EN.GHG.N2O.PI.MT.CE.AR5,0.0028
Bangladesh,BGD,1991,Nitrous oxide (N2O) emissions from Power Industry (Energy) (Mt CO2e),EN.GHG.N2O.PI.MT.CE.AR5,0.0023
Bangladesh,BGD,1990,Nitrous oxide (N2O) emissions from Power Industry (Energy) (Mt CO2e),EN.GHG.N2O.PI.MT.CE.AR5,0.0024
Bangladesh,BGD,1989,Nitrous oxide (N2O) emissions from Power Industry (Energy) (Mt CO2e),EN.GHG.N2O.PI.MT.CE.AR5,0.0025
Bangladesh,BGD,1988,Nitrous oxide (N2O) emissions from Power Industry (Energy) (Mt CO2e),EN.GHG.N2O.PI.MT.CE.AR5,0.0026
Bangladesh,BGD,1987,Nitrous oxide (N2O) emissions from Power Industry (Energy) (Mt CO2e),EN.GHG.N2O.PI.MT.CE.AR5,0.0024
Bangladesh,BGD,1986,Nitrous oxide (N2O) emissions from Power Industry (Energy) (Mt CO2e),EN.GHG.N2O.PI.MT.CE.AR5,0.0026
Bangladesh,BGD,1985,Nitrous oxide (N2O) emissions from Power Industry (Energy) (Mt CO2e),EN.GHG.N2O.PI.MT.CE.AR5,0.0021
Bangladesh,BGD,1984,Nitrous oxide (N2O) emissions from Power Industry (Energy) (Mt CO2e),EN.GHG.N2O.PI.MT.CE.AR5,0.0016
Bangladesh,BGD,1983,Nitrous oxide (N2O) emissions from Power Industry (Energy) (Mt CO2e),EN.GHG.N2O.PI.MT.CE.AR5,0.0015
Bangladesh,BGD,1982,Nitrous oxide (N2O) emissions from Power Industry (Energy) (Mt CO2e),EN.GHG.N2O.PI.MT.CE.AR5,0.0018
Bangladesh,BGD,1981,Nitrous oxide (N2O) emissions from Power Industry (Energy) (Mt CO2e),EN.GHG.N2O.PI.MT.CE.AR5,0.0016
Bangladesh,BGD,1980,Nitrous oxide (N2O) emissions from Power Industry (Energy) (Mt CO2e),EN.GHG.N2O.PI.MT.CE.AR5,0.0014
Bangladesh,BGD,1979,Nitrous oxide (N2O) emissions from Power Industry (Energy) (Mt CO2e),EN.GHG.N2O.PI.MT.CE.AR5,0.0013
Bangladesh,BGD,1978,Nitrous oxide (N2O) emissions from Power Industry (Energy) (Mt CO2e),EN.GHG.N2O.PI.MT.CE.AR5,0.0013
Bangladesh,BGD,1977,Nitrous oxide (N2O) emissions from Power Industry (Energy) (Mt CO2e),EN.GHG.N2O.PI.MT.CE.AR5,0.001
Bangladesh,BGD,1976,Nitrous oxide (N2O) emissions from Power Industry (Energy) (Mt CO2e),EN.GHG.N2O.PI.MT.CE.AR5,0.001
Bangladesh,BGD,1975,Nitrous oxide (N2O) emissions from Power Industry (Energy) (Mt CO2e),EN.GHG.N2O.PI.MT.CE.AR5,0.0009
Bangladesh,BGD,1974,Nitrous oxide (N2O) emissions from Power Industry (Energy) (Mt CO2e),EN.GHG.N2O.PI.MT.CE.AR5,0.001
Bangladesh,BGD,1973,Nitrous oxide (N2O) emissions from Power Industry (Energy) (Mt CO2e),EN.GHG.N2O.PI.MT.CE.AR5,0.0013
Bangladesh,BGD,1972,Nitrous oxide (N2O) emissions from Power Industry (Energy) (Mt CO2e),EN.GHG.N2O.PI.MT.CE.AR5,0.0008
Bangladesh,BGD,1971,Nitrous oxide (N2O) emissions from Power Industry (Energy) (Mt CO2e),EN.GHG.N2O.PI.MT.CE.AR5,0.0008
Bangladesh,BGD,1970,Nitrous oxide (N2O) emissions from Power Industry (Energy) (Mt CO2e),EN.GHG.N2O.PI.MT.CE.AR5,0.0008
Bangladesh,BGD,2024,Nitrous oxide (N2O) emissions from Transport (Energy) (Mt CO2e),EN.GHG.N2O.TR.MT.CE.AR5,0.6849
Bangladesh,BGD,2023,Nitrous oxide (N2O) emissions from Transport (Energy) (Mt CO2e),EN.GHG.N2O.TR.MT.CE.AR5,0.662
Bangladesh,BGD,2022,Nitrous oxide (N2O) emissions from Transport (Energy) (Mt CO2e),EN.GHG.N2O.TR.MT.CE.AR5,0.7136
Bangladesh,BGD,2021,Nitrous oxide (N2O) emissions from Transport (Energy) (Mt CO2e),EN.GHG.N2O.TR.MT.CE.AR5,0.6814
Bangladesh,BGD,2020,Nitrous oxide (N2O) emissions from Transport (Energy) (Mt CO2e),EN.GHG.N2O.TR.MT.CE.AR5,0.6615
Bangladesh,BGD,2019,Nitrous oxide (N2O) emissions from Transport (Energy) (Mt CO2e),EN.GHG.N2O.TR.MT.CE.AR5,0.7558
Bangladesh,BGD,2018,Nitrous oxide (N2O) emissions from Transport (Energy) (Mt CO2e),EN.GHG.N2O.TR.MT.CE.AR5,0.7692
Bangladesh,BGD,2017,Nitrous oxide (N2O) emissions from Transport (Energy) (Mt CO2e),EN.GHG.N2O.TR.MT.CE.AR5,0.7608
Bangladesh,BGD,2016,Nitrous oxide (N2O) emissions from Transport (Energy) (Mt CO2e),EN.GHG.N2O.TR.MT.CE.AR5,0.7262
Bangladesh,BGD,2015,Nitrous oxide (N2O) emissions from Transport (Energy) (Mt CO2e),EN.GHG.N2O.TR.MT.CE.AR5,0.6777
Bangladesh,BGD,2014,Nitrous oxide (N2O) emissions from Transport (Energy) (Mt CO2e),EN.GHG.N2O.TR.MT.CE.AR5,0.6361
Bangladesh,BGD,2013,Nitrous oxide (N2O) emissions from Transport (Energy) (Mt CO2e),EN.GHG.N2O.TR.MT.CE.AR5,0.5837
Bangladesh,BGD,2012,Nitrous oxide (N2O) emissions from Transport (Energy) (Mt CO2e),EN.GHG.N2O.TR.MT.CE.AR5,0.602
Bangladesh,BGD,2011,Nitrous oxide (N2O) emissions from Transport (Energy) (Mt CO2e),EN.GHG.N2O.TR.MT.CE.AR5,0.5938
Bangladesh,BGD,2010,Nitrous oxide (N2O) emissions from Transport (Energy) (Mt CO2e),EN.GHG.N2O.TR.MT.CE.AR5,0.543
Bangladesh,BGD,2009,Nitrous oxide (N2O) emissions from Transport (Energy) (Mt CO2e),EN.GHG.N2O.TR.MT.CE.AR5,0.4342
Bangladesh,BGD,2008,Nitrous oxide (N2O) emissions from Transport (Energy) (Mt CO2e),EN.GHG.N2O.TR.MT.CE.AR5,0.3556
Bangladesh,BGD,2007,Nitrous oxide (N2O) emissions from Transport (Energy) (Mt CO2e),EN.GHG.N2O.TR.MT.CE.AR5,0.2455
Bangladesh,BGD,2006,Nitrous oxide (N2O) emissions from Transport (Energy) (Mt CO2e),EN.GHG.N2O.TR.MT.CE.AR5,0.1911
Bangladesh,BGD,2005,Nitrous oxide (N2O) emissions from Transport (Energy) (Mt CO2e),EN.GHG.N2O.TR.MT.CE.AR5,0.1548
Bangladesh,BGD,2004,Nitrous oxide (N2O) emissions from Transport (Energy) (Mt CO2e),EN.GHG.N2O.TR.MT.CE.AR5,0.135
Bangladesh,BGD,2003,Nitrous oxide (N2O) emissions from Transport (Energy) (Mt CO2e),EN.GHG.N2O.TR.MT.CE.AR5,0.1052
Bangladesh,BGD,2002,Nitrous oxide (N2O) emissions from Transport (Energy) (Mt CO2e),EN.GHG.N2O.TR.MT.CE.AR5,0.1084
Bangladesh,BGD,2001,Nitrous oxide (N2O) emissions from Transport (Energy) (Mt CO2e),EN.GHG.N2O.TR.MT.CE.AR5,0.1084
Bangladesh,BGD,2000,Nitrous oxide (N2O) emissions from Transport (Energy) (Mt CO2e),EN.GHG.N2O.TR.MT.CE.AR5,0.0856
Bangladesh,BGD,1999,Nitrous oxide (N2O) emissions from Transport (Energy) (Mt CO2e),EN.GHG.N2O.TR.MT.CE.AR5,0.0966
Bangladesh,BGD,1998,Nitrous oxide (N2O) emissions from Transport (Energy) (Mt CO2e),EN.GHG.N2O.TR.MT.CE.AR5,0.1018
Bangladesh,BGD,1997,Nitrous oxide (N2O) emissions from Transport (Energy) (Mt CO2e),EN.GHG.N2O.TR.MT.CE.AR5,0.0991
Bangladesh,BGD,1996,Nitrous oxide (N2O) emissions from Transport (Energy) (Mt CO2e),EN.GHG.N2O.TR.MT.CE.AR5,0.0949
Bangladesh,BGD,1995,Nitrous oxide (N2O) emissions from Transport (Energy) (Mt CO2e),EN.GHG.N2O.TR.MT.CE.AR5,0.0871
Bangladesh,BGD,1994,Nitrous oxide (N2O) emissions from Transport (Energy) (Mt CO2e),EN.GHG.N2O.TR.MT.CE.AR5,0.0727
Bangladesh,BGD,1993,Nitrous oxide (N2O) emissions from Transport (Energy) (Mt CO2e),EN.GHG.N2O.TR.MT.CE.AR5,0.0736
Bangladesh,BGD,1992,Nitrous oxide (N2O) emissions from Transport (Energy) (Mt CO2e),EN.GHG.N2O.TR.MT.CE.AR5,0.075
Bangladesh,BGD,1991,Nitrous oxide (N2O) emissions from Transport (Energy) (Mt CO2e),EN.GHG.N2O.TR.MT.CE.AR5,0.0659
Bangladesh,BGD,1990,Nitrous oxide (N2O) emissions from Transport (Energy) (Mt CO2e),EN.GHG.N2O.TR.MT.CE.AR5,0.0586
Bangladesh,BGD,1989,Nitrous oxide (N2O) emissions from Transport (Energy) (Mt CO2e),EN.GHG.N2O.TR.MT.CE.AR5,0.0571
Bangladesh,BGD,1988,Nitrous oxide (N2O) emissions from Transport (Energy) (Mt CO2e),EN.GHG.N2O.TR.MT.CE.AR5,0.0526
Bangladesh,BGD,1987,Nitrous oxide (N2O) emissions from Transport (Energy) (Mt CO2e),EN.GHG.N2O.TR.MT.CE.AR5,0.0504
Bangladesh,BGD,1986,Nitrous oxide (N2O) emissions from Transport (Energy) (Mt CO2e),EN.GHG.N2O.TR.MT.CE.AR5,0.0455
Bangladesh,BGD,1985,Nitrous oxide (N2O) emissions from Transport (Energy) (Mt CO2e),EN.GHG.N2O.TR.MT.CE.AR5,0.0475
Bangladesh,BGD,1984,Nitrous oxide (N2O) emissions from Transport (Energy) (Mt CO2e),EN.GHG.N2O.TR.MT.CE.AR5,0.0373
Bangladesh,BGD,1983,Nitrous oxide (N2O) emissions from Transport (Energy) (Mt CO2e),EN.GHG.N2O.TR.MT.CE.AR5,0.0394
Bangladesh,BGD,1982,Nitrous oxide (N2O) emissions from Transport (Energy) (Mt CO2e),EN.GHG.N2O.TR.MT.CE.AR5,0.0322
Bangladesh,BGD,1981,Nitrous oxide (N2O) emissions from Transport (Energy) (Mt CO2e),EN.GHG.N2O.TR.MT.CE.AR5,0.0277
Bangladesh,BGD,1980,Nitrous oxide (N2O) emissions from Transport (Energy) (Mt CO2e),EN.GHG.N2O.TR.MT.CE.AR5,0.033
Bangladesh,BGD,1979,Nitrous oxide (N2O) emissions from Transport (Energy) (Mt CO2e),EN.GHG.N2O.TR.MT.CE.AR5,0.0274
Bangladesh,BGD,1978,Nitrous oxide (N2O) emissions from Transport (Energy) (Mt CO2e),EN.GHG.N2O.TR.MT.CE.AR5,0.0209
Bangladesh,BGD,1977,Nitrous oxide (N2O) emissions from Transport (Energy) (Mt CO2e),EN.GHG.N2O.TR.MT.CE.AR5,0.0196
Bangladesh,BGD,1976,Nitrous oxide (N2O) emissions from Transport (Energy) (Mt CO2e),EN.GHG.N2O.TR.MT.CE.AR5,0.0199
Bangladesh,BGD,1975,Nitrous oxide (N2O) emissions from Transport (Energy) (Mt CO2e),EN.GHG.N2O.TR.MT.CE.AR5,0.0192
Bangladesh,BGD,1974,Nitrous oxide (N2O) emissions from Transport (Energy) (Mt CO2e),EN.GHG.N2O.TR.MT.CE.AR5,0.0165
Bangladesh,BGD,1973,Nitrous oxide (N2O) emissions from Transport (Energy) (Mt CO2e),EN.GHG.N2O.TR.MT.CE.AR5,0.0059
Bangladesh,BGD,1972,Nitrous oxide (N2O) emissions from Transport (Energy) (Mt CO2e),EN.GHG.N2O.TR.MT.CE.AR5,0.005
Bangladesh,BGD,1971,Nitrous oxide (N2O) emissions from Transport (Energy) (Mt CO2e),EN.GHG.N2O.TR.MT.CE.AR5,0.005
Bangladesh,BGD,1970,Nitrous oxide (N2O) emissions from Transport (Energy) (Mt CO2e),EN.GHG.N2O.TR.MT.CE.AR5,0.005
Bangladesh,BGD,2024,Nitrous oxide (N2O) emissions from Waste (Mt CO2e),EN.GHG.N2O.WA.MT.CE.AR5,2.0277
Bangladesh,BGD,2023,Nitrous oxide (N2O) emissions from Waste (Mt CO2e),EN.GHG.N2O.WA.MT.CE.AR5,1.9795
Bangladesh,BGD,2022,Nitrous oxide (N2O) emissions from Waste (Mt CO2e),EN.GHG.N2O.WA.MT.CE.AR5,1.9324
Bangladesh,BGD,2021,Nitrous oxide (N2O) emissions from Waste (Mt CO2e),EN.GHG.N2O.WA.MT.CE.AR5,1.8958
Bangladesh,BGD,2020,Nitrous oxide (N2O) emissions from Waste (Mt CO2e),EN.GHG.N2O.WA.MT.CE.AR5,1.8407
Bangladesh,BGD,2019,Nitrous oxide (N2O) emissions from Waste (Mt CO2e),EN.GHG.N2O.WA.MT.CE.AR5,1.7884
Bangladesh,BGD,2018,Nitrous oxide (N2O) emissions from Waste (Mt CO2e),EN.GHG.N2O.WA.MT.CE.AR5,1.7397
Bangladesh,BGD,2017,Nitrous oxide (N2O) emissions from Waste (Mt CO2e),EN.GHG.N2O.WA.MT.CE.AR5,1.697
Bangladesh,BGD,2016,Nitrous oxide (N2O) emissions from Waste (Mt CO2e),EN.GHG.N2O.WA.MT.CE.AR5,1.6493
Bangladesh,BGD,2015,Nitrous oxide (N2O) emissions from Waste (Mt CO2e),EN.GHG.N2O.WA.MT.CE.AR5,1.6072
Bangladesh,BGD,2014,Nitrous oxide (N2O) emissions from Waste (Mt CO2e),EN.GHG.N2O.WA.MT.CE.AR5,1.5733
Bangladesh,BGD,2013,Nitrous oxide (N2O) emissions from Waste (Mt CO2e),EN.GHG.N2O.WA.MT.CE.AR5,1.5368
Bangladesh,BGD,2012,Nitrous oxide (N2O) emissions from Waste (Mt CO2e),EN.GHG.N2O.WA.MT.CE.AR5,1.5084
Bangladesh,BGD,2011,Nitrous oxide (N2O) emissions from Waste (Mt CO2e),EN.GHG.N2O.WA.MT.CE.AR5,1.478
Bangladesh,BGD,2010,Nitrous oxide (N2O) emissions from Waste (Mt CO2e),EN.GHG.N2O.WA.MT.CE.AR5,1.4382
Bangladesh,BGD,2009,Nitrous oxide (N2O) emissions from Waste (Mt CO2e),EN.GHG.N2O.WA.MT.CE.AR5,1.3794
Bangladesh,BGD,2008,Nitrous oxide (N2O) emissions from Waste (Mt CO2e),EN.GHG.N2O.WA.MT.CE.AR5,1.3391
Bangladesh,BGD,2007,Nitrous oxide (N2O) emissions from Waste (Mt CO2e),EN.GHG.N2O.WA.MT.CE.AR5,1.297
Bangladesh,BGD,2006,Nitrous oxide (N2O) emissions from Waste (Mt CO2e),EN.GHG.N2O.WA.MT.CE.AR5,1.2813
Bangladesh,BGD,2005,Nitrous oxide (N2O) emissions from Waste (Mt CO2e),EN.GHG.N2O.WA.MT.CE.AR5,1.2522
Bangladesh,BGD,2004,Nitrous oxide (N2O) emissions from Waste (Mt CO2e),EN.GHG.N2O.WA.MT.CE.AR5,1.2289
Bangladesh,BGD,2003,Nitrous oxide (N2O) emissions from Waste (Mt CO2e),EN.GHG.N2O.WA.MT.CE.AR5,1.1996
Bangladesh,BGD,2002,Nitrous oxide (N2O) emissions from Waste (Mt CO2e),EN.GHG.N2O.WA.MT.CE.AR5,1.1581
Bangladesh,BGD,2001,Nitrous oxide (N2O) emissions from Waste (Mt CO2e),EN.GHG.N2O.WA.MT.CE.AR5,1.1167
Bangladesh,BGD,2000,Nitrous oxide (N2O) emissions from Waste (Mt CO2e),EN.GHG.N2O.WA.MT.CE.AR5,1.0802
Bangladesh,BGD,1999,Nitrous oxide (N2O) emissions from Waste (Mt CO2e),EN.GHG.N2O.WA.MT.CE.AR5,1.0569
Bangladesh,BGD,1998,Nitrous oxide (N2O) emissions from Waste (Mt CO2e),EN.GHG.N2O.WA.MT.CE.AR5,1.0147
Bangladesh,BGD,1997,Nitrous oxide (N2O) emissions from Waste (Mt CO2e),EN.GHG.N2O.WA.MT.CE.AR5,0.9731
Bangladesh,BGD,1996,Nitrous oxide (N2O) emissions from Waste (Mt CO2e),EN.GHG.N2O.WA.MT.CE.AR5,0.9147
Bangladesh,BGD,1995,Nitrous oxide (N2O) emissions from Waste (Mt CO2e),EN.GHG.N2O.WA.MT.CE.AR5,0.8731
Bangladesh,BGD,1994,Nitrous oxide (N2O) emissions from Waste (Mt CO2e),EN.GHG.N2O.WA.MT.CE.AR5,0.8545
Bangladesh,BGD,1993,Nitrous oxide (N2O) emissions from Waste (Mt CO2e),EN.GHG.N2O.WA.MT.CE.AR5,0.8173
Bangladesh,BGD,1992,Nitrous oxide (N2O) emissions from Waste (Mt CO2e),EN.GHG.N2O.WA.MT.CE.AR5,0.8204
Bangladesh,BGD,1991,Nitrous oxide (N2O) emissions from Waste (Mt CO2e),EN.GHG.N2O.WA.MT.CE.AR5,0.7999
Bangladesh,BGD,1990,Nitrous oxide (N2O) emissions from Waste (Mt CO2e),EN.GHG.N2O.WA.MT.CE.AR5,0.799
Bangladesh,BGD,1989,Nitrous oxide (N2O) emissions from Waste (Mt CO2e),EN.GHG.N2O.WA.MT.CE.AR5,0.7642
Bangladesh,BGD,1988,Nitrous oxide (N2O) emissions from Waste (Mt CO2e),EN.GHG.N2O.WA.MT.CE.AR5,0.747
Bangladesh,BGD,1987,Nitrous oxide (N2O) emissions from Waste (Mt CO2e),EN.GHG.N2O.WA.MT.CE.AR5,0.7303
Bangladesh,BGD,1986,Nitrous oxide (N2O) emissions from Waste (Mt CO2e),EN.GHG.N2O.WA.MT.CE.AR5,0.6975
Bangladesh,BGD,1985,Nitrous oxide (N2O) emissions from Waste (Mt CO2e),EN.GHG.N2O.WA.MT.CE.AR5,0.6973
Bangladesh,BGD,1984,Nitrous oxide (N2O) emissions from Waste (Mt CO2e),EN.GHG.N2O.WA.MT.CE.AR5,0.6653
Bangladesh,BGD,1983,Nitrous oxide (N2O) emissions from Waste (Mt CO2e),EN.GHG.N2O.WA.MT.CE.AR5,0.6492
Bangladesh,BGD,1982,Nitrous oxide (N2O) emissions from Waste (Mt CO2e),EN.GHG.N2O.WA.MT.CE.AR5,0.6334
Bangladesh,BGD,1981,Nitrous oxide (N2O) emissions from Waste (Mt CO2e),EN.GHG.N2O.WA.MT.CE.AR5,0.6037
Bangladesh,BGD,1980,Nitrous oxide (N2O) emissions from Waste (Mt CO2e),EN.GHG.N2O.WA.MT.CE.AR5,0.6032
Bangladesh,BGD,1979,Nitrous oxide (N2O) emissions from Waste (Mt CO2e),EN.GHG.N2O.WA.MT.CE.AR5,0.6164
Bangladesh,BGD,1978,Nitrous oxide (N2O) emissions from Waste (Mt CO2e),EN.GHG.N2O.WA.MT.CE.AR5,0.6022
Bangladesh,BGD,1977,Nitrous oxide (N2O) emissions from Waste (Mt CO2e),EN.GHG.N2O.WA.MT.CE.AR5,0.5362
Bangladesh,BGD,1976,Nitrous oxide (N2O) emissions from Waste (Mt CO2e),EN.GHG.N2O.WA.MT.CE.AR5,0.5623
Bangladesh,BGD,1975,Nitrous oxide (N2O) emissions from Waste (Mt CO2e),EN.GHG.N2O.WA.MT.CE.AR5,0.5244
Bangladesh,BGD,1974,Nitrous oxide (N2O) emissions from Waste (Mt CO2e),EN.GHG.N2O.WA.MT.CE.AR5,0.5487
Bangladesh,BGD,1973,Nitrous oxide (N2O) emissions from Waste (Mt CO2e),EN.GHG.N2O.WA.MT.CE.AR5,0.5238
Bangladesh,BGD,1972,Nitrous oxide (N2O) emissions from Waste (Mt CO2e),EN.GHG.N2O.WA.MT.CE.AR5,0.4765
Bangladesh,BGD,1971,Nitrous oxide (N2O) emissions from Waste (Mt CO2e),EN.GHG.N2O.WA.MT.CE.AR5,0.4878
Bangladesh,BGD,1970,Nitrous oxide (N2O) emissions from Waste (Mt CO2e),EN.GHG.N2O.WA.MT.CE.AR5,0.5093
Bangladesh,BGD,2024,Nitrous oxide (N2O) emissions (total) excluding LULUCF (% change from 1990),EN.GHG.N2O.ZG.AR5,97.4295043039478
Bangladesh,BGD,2023,Nitrous oxide (N2O) emissions (total) excluding LULUCF (% change from 1990),EN.GHG.N2O.ZG.AR5,95.5196539880423
Bangladesh,BGD,2022,Nitrous oxide (N2O) emissions (total) excluding LULUCF (% change from 1990),EN.GHG.N2O.ZG.AR5,108.704575329687
Bangladesh,BGD,2021,Nitrous oxide (N2O) emissions (total) excluding LULUCF (% change from 1990),EN.GHG.N2O.ZG.AR5,111.760166221431
Bangladesh,BGD,2020,Nitrous oxide (N2O) emissions (total) excluding LULUCF (% change from 1990),EN.GHG.N2O.ZG.AR5,100.563117499894
Bangladesh,BGD,2019,Nitrous oxide (N2O) emissions (total) excluding LULUCF (% change from 1990),EN.GHG.N2O.ZG.AR5,97.6898613407964
Bangladesh,BGD,2018,Nitrous oxide (N2O) emissions (total) excluding LULUCF (% change from 1990),EN.GHG.N2O.ZG.AR5,96.0581775007421
Bangladesh,BGD,2017,Nitrous oxide (N2O) emissions (total) excluding LULUCF (% change from 1990),EN.GHG.N2O.ZG.AR5,91.287792053598
Bangladesh,BGD,2016,Nitrous oxide (N2O) emissions (total) excluding LULUCF (% change from 1990),EN.GHG.N2O.ZG.AR5,86.8642666327439
Bangladesh,BGD,2015,Nitrous oxide (N2O) emissions (total) excluding LULUCF (% change from 1990),EN.GHG.N2O.ZG.AR5,87.7784845015477
Bangladesh,BGD,2014,Nitrous oxide (N2O) emissions (total) excluding LULUCF (% change from 1990),EN.GHG.N2O.ZG.AR5,89.7095365305517
Bangladesh,BGD,2013,Nitrous oxide (N2O) emissions (total) excluding LULUCF (% change from 1990),EN.GHG.N2O.ZG.AR5,79.1697409150659
Bangladesh,BGD,2012,Nitrous oxide (N2O) emissions (total) excluding LULUCF (% change from 1990),EN.GHG.N2O.ZG.AR5,77.1114786074715
Bangladesh,BGD,2011,Nitrous oxide (N2O) emissions (total) excluding LULUCF (% change from 1990),EN.GHG.N2O.ZG.AR5,75.6485604036806
Bangladesh,BGD,2010,Nitrous oxide (N2O) emissions (total) excluding LULUCF (% change from 1990),EN.GHG.N2O.ZG.AR5,77.7856930840012
Bangladesh,BGD,2009,Nitrous oxide (N2O) emissions (total) excluding LULUCF (% change from 1990),EN.GHG.N2O.ZG.AR5,69.8375948776661
Bangladesh,BGD,2008,Nitrous oxide (N2O) emissions (total) excluding LULUCF (% change from 1990),EN.GHG.N2O.ZG.AR5,68.4917101301785
Bangladesh,BGD,2007,Nitrous oxide (N2O) emissions (total) excluding LULUCF (% change from 1990),EN.GHG.N2O.ZG.AR5,69.8231777127592
Bangladesh,BGD,2006,Nitrous oxide (N2O) emissions (total) excluding LULUCF (% change from 1990),EN.GHG.N2O.ZG.AR5,61.9768477292965
Bangladesh,BGD,2005,Nitrous oxide (N2O) emissions (total) excluding LULUCF (% change from 1990),EN.GHG.N2O.ZG.AR5,58.807615655345
Bangladesh,BGD,2004,Nitrous oxide (N2O) emissions (total) excluding LULUCF (% change from 1990),EN.GHG.N2O.ZG.AR5,56.5907645337743
Bangladesh,BGD,2003,Nitrous oxide (N2O) emissions (total) excluding LULUCF (% change from 1990),EN.GHG.N2O.ZG.AR5,51.2106178179197
Bangladesh,BGD,2002,Nitrous oxide (N2O) emissions (total) excluding LULUCF (% change from 1990),EN.GHG.N2O.ZG.AR5,47.4943815460289
Bangladesh,BGD,2001,Nitrous oxide (N2O) emissions (total) excluding LULUCF (% change from 1990),EN.GHG.N2O.ZG.AR5,45.6074290802697
Bangladesh,BGD,2000,Nitrous oxide (N2O) emissions (total) excluding LULUCF (% change from 1990),EN.GHG.N2O.ZG.AR5,40.9676461858118
Bangladesh,BGD,1999,Nitrous oxide (N2O) emissions (total) excluding LULUCF (% change from 1990),EN.GHG.N2O.ZG.AR5,40.1060085654921
Bangladesh,BGD,1998,Nitrous oxide (N2O) emissions (total) excluding LULUCF (% change from 1990),EN.GHG.N2O.ZG.AR5,30.6381715642624
Bangladesh,BGD,1997,Nitrous oxide (N2O) emissions (total) excluding LULUCF (% change from 1990),EN.GHG.N2O.ZG.AR5,28.8351778823729
Bangladesh,BGD,1996,Nitrous oxide (N2O) emissions (total) excluding LULUCF (% change from 1990),EN.GHG.N2O.ZG.AR5,31.6940168765636
Bangladesh,BGD,1995,Nitrous oxide (N2O) emissions (total) excluding LULUCF (% change from 1990),EN.GHG.N2O.ZG.AR5,26.220582623076
Bangladesh,BGD,1994,Nitrous oxide (N2O) emissions (total) excluding LULUCF (% change from 1990),EN.GHG.N2O.ZG.AR5,16.1378959419921
Bangladesh,BGD,1993,Nitrous oxide (N2O) emissions (total) excluding LULUCF (% change from 1990),EN.GHG.N2O.ZG.AR5,10.1496840944749
Bangladesh,BGD,1992,Nitrous oxide (N2O) emissions (total) excluding LULUCF (% change from 1990),EN.GHG.N2O.ZG.AR5,7.77678836449986
Bangladesh,BGD,1991,Nitrous oxide (N2O) emissions (total) excluding LULUCF (% change from 1990),EN.GHG.N2O.ZG.AR5,5.52347029639995
Bangladesh,BGD,2024,Total greenhouse gas emissions excluding LULUCF (% change from 1990),EN.GHG.TOT.ZG.AR5,194.929114718629
Bangladesh,BGD,2023,Total greenhouse gas emissions excluding LULUCF (% change from 1990),EN.GHG.TOT.ZG.AR5,188.260622775444
Bangladesh,BGD,2022,Total greenhouse gas emissions excluding LULUCF (% change from 1990),EN.GHG.TOT.ZG.AR5,197.80419234853
Bangladesh,BGD,2021,Total greenhouse gas emissions excluding LULUCF (% change from 1990),EN.GHG.TOT.ZG.AR5,192.976914703938
Bangladesh,BGD,2020,Total greenhouse gas emissions excluding LULUCF (% change from 1990),EN.GHG.TOT.ZG.AR5,170.776966791097
Bangladesh,BGD,2019,Total greenhouse gas emissions excluding LULUCF (% change from 1990),EN.GHG.TOT.ZG.AR5,174.785674695657
Bangladesh,BGD,2018,Total greenhouse gas emissions excluding LULUCF (% change from 1990),EN.GHG.TOT.ZG.AR5,167.833508070171
Bangladesh,BGD,2017,Total greenhouse gas emissions excluding LULUCF (% change from 1990),EN.GHG.TOT.ZG.AR5,161.037602922223
Bangladesh,BGD,2016,Total greenhouse gas emissions excluding LULUCF (% change from 1990),EN.GHG.TOT.ZG.AR5,148.695884446641
Bangladesh,BGD,2015,Total greenhouse gas emissions excluding LULUCF (% change from 1990),EN.GHG.TOT.ZG.AR5,137.013001756272
Bangladesh,BGD,2014,Total greenhouse gas emissions excluding LULUCF (% change from 1990),EN.GHG.TOT.ZG.AR5,124.79215220135
Bangladesh,BGD,2013,Total greenhouse gas emissions excluding LULUCF (% change from 1990),EN.GHG.TOT.ZG.AR5,116.092795277431
Bangladesh,BGD,2012,Total greenhouse gas emissions excluding LULUCF (% change from 1990),EN.GHG.TOT.ZG.AR5,111.961615770389
Bangladesh,BGD,2011,Total greenhouse gas emissions excluding LULUCF (% change from 1990),EN.GHG.TOT.ZG.AR5,104.756759644472
Bangladesh,BGD,2010,Total greenhouse gas emissions excluding LULUCF (% change from 1990),EN.GHG.TOT.ZG.AR5,98.1056300876801
Bangladesh,BGD,2009,Total greenhouse gas emissions excluding LULUCF (% change from 1990),EN.GHG.TOT.ZG.AR5,87.9322065589754
Bangladesh,BGD,2008,Total greenhouse gas emissions excluding LULUCF (% change from 1990),EN.GHG.TOT.ZG.AR5,81.3312943659056
Bangladesh,BGD,2007,Total greenhouse gas emissions excluding LULUCF (% change from 1990),EN.GHG.TOT.ZG.AR5,71.9284936794236
Bangladesh,BGD,2006,Total greenhouse gas emissions excluding LULUCF (% change from 1990),EN.GHG.TOT.ZG.AR5,65.8760993395615
Bangladesh,BGD,2005,Total greenhouse gas emissions excluding LULUCF (% change from 1990),EN.GHG.TOT.ZG.AR5,59.8315848519857
Bangladesh,BGD,2004,Total greenhouse gas emissions excluding LULUCF (% change from 1990),EN.GHG.TOT.ZG.AR5,54.373919024501
Bangladesh,BGD,2003,Total greenhouse gas emissions excluding LULUCF (% change from 1990),EN.GHG.TOT.ZG.AR5,50.910657166325
Bangladesh,BGD,2002,Total greenhouse gas emissions excluding LULUCF (% change from 1990),EN.GHG.TOT.ZG.AR5,46.9449545572925
Bangladesh,BGD,2001,Total greenhouse gas emissions excluding LULUCF (% change from 1990),EN.GHG.TOT.ZG.AR5,42.8420890957536
Bangladesh,BGD,2000,Total greenhouse gas emissions excluding LULUCF (% change from 1990),EN.GHG.TOT.ZG.AR5,34.0277397511837
Bangladesh,BGD,1999,Total greenhouse gas emissions excluding LULUCF (% change from 1990),EN.GHG.TOT.ZG.AR5,31.2911605419736
Bangladesh,BGD,1998,Total greenhouse gas emissions excluding LULUCF (% change from 1990),EN.GHG.TOT.ZG.AR5,25.0309517926664
Bangladesh,BGD,1997,Total greenhouse gas emissions excluding LULUCF (% change from 1990),EN.GHG.TOT.ZG.AR5,23.5622274606174
Bangladesh,BGD,1996,Total greenhouse gas emissions excluding LULUCF (% change from 1990),EN.GHG.TOT.ZG.AR5,20.1634735457332
Bangladesh,BGD,1995,Total greenhouse gas emissions excluding LULUCF (% change from 1990),EN.GHG.TOT.ZG.AR5,18.1446286786556
Bangladesh,BGD,1994,Total greenhouse gas emissions excluding LULUCF (% change from 1990),EN.GHG.TOT.ZG.AR5,9.97001649426707
Bangladesh,BGD,1993,Total greenhouse gas emissions excluding LULUCF (% change from 1990),EN.GHG.TOT.ZG.AR5,6.06388022624524
Bangladesh,BGD,1992,Total greenhouse gas emissions excluding LULUCF (% change from 1990),EN.GHG.TOT.ZG.AR5,3.70566748358923
Bangladesh,BGD,1991,Total greenhouse gas emissions excluding LULUCF (% change from 1990),EN.GHG.TOT.ZG.AR5,0.149182966163375
Bangladesh,BGD,2022,"Plant species (higher), threatened",EN.HPT.THRD.NO,35
Bangladesh,BGD,2018,"Plant species (higher), threatened",EN.HPT.THRD.NO,23
Bangladesh,BGD,2022,"Mammal species, threatened",EN.MAM.THRD.NO,39
Bangladesh,BGD,2018,"Mammal species, threatened",EN.MAM.THRD.NO,37
Bangladesh,BGD,2015,Rural population living in areas where elevation is below 5 meters (% of total population),EN.POP.EL5M.RU.ZS,2.31700157793298
Bangladesh,BGD,2000,Rural population living in areas where elevation is below 5 meters (% of total population),EN.POP.EL5M.RU.ZS,2.90131692460267
Bangladesh,BGD,1990,Rural population living in areas where elevation is below 5 meters (% of total population),EN.POP.EL5M.RU.ZS,3.50883156367533
Bangladesh,BGD,2015,Urban population living in areas where elevation is below 5 meters (% of total population),EN.POP.EL5M.UR.ZS,6.06483592943179
Bangladesh,BGD,2000,Urban population living in areas where elevation is below 5 meters (% of total population),EN.POP.EL5M.UR.ZS,6.51718275809258
Bangladesh,BGD,1990,Urban population living in areas where elevation is below 5 meters (% of total population),EN.POP.EL5M.UR.ZS,6.76540289827276
Bangladesh,BGD,2015,Population living in areas where elevation is below 5 meters (% of total population),EN.POP.EL5M.ZS,8.38183750736477
Bangladesh,BGD,2000,Population living in areas where elevation is below 5 meters (% of total population),EN.POP.EL5M.ZS,9.41849968269525
Bangladesh,BGD,1990,Population living in areas where elevation is below 5 meters (% of total population),EN.POP.EL5M.ZS,10.2742344619481
Bangladesh,BGD,2022,Population living in slums (% of urban population),EN.POP.SLUM.UR.ZS,51.50833
Bangladesh,BGD,2020,Population living in slums (% of urban population),EN.POP.SLUM.UR.ZS,51.86921
Bangladesh,BGD,2018,Population living in slums (% of urban population),EN.POP.SLUM.UR.ZS,52.51337
Bangladesh,BGD,2016,Population living in slums (% of urban population),EN.POP.SLUM.UR.ZS,53.15752
Bangladesh,BGD,2014,Population living in slums (% of urban population),EN.POP.SLUM.UR.ZS,53.80168
Bangladesh,BGD,2012,Population living in slums (% of urban population),EN.POP.SLUM.UR.ZS,54.44584
Bangladesh,BGD,2010,Population living in slums (% of urban population),EN.POP.SLUM.UR.ZS,55.08999
Bangladesh,BGD,2008,Population living in slums (% of urban population),EN.POP.SLUM.UR.ZS,55.73415
Bangladesh,BGD,2006,Population living in slums (% of urban population),EN.POP.SLUM.UR.ZS,56.3783
Bangladesh,BGD,2004,Population living in slums (% of urban population),EN.POP.SLUM.UR.ZS,57.02246
Bangladesh,BGD,2002,Population living in slums (% of urban population),EN.POP.SLUM.UR.ZS,57.66662
Bangladesh,BGD,2000,Population living in slums (% of urban population),EN.POP.SLUM.UR.ZS,58.31077
Bangladesh,BGD,2023,Aquaculture production (metric tons),ER.FSH.AQUA.MT,2852572
Bangladesh,BGD,2022,Aquaculture production (metric tons),ER.FSH.AQUA.MT,2731563
Bangladesh,BGD,2021,Aquaculture production (metric tons),ER.FSH.AQUA.MT,2639185
Bangladesh,BGD,2020,Aquaculture production (metric tons),ER.FSH.AQUA.MT,2584256
Bangladesh,BGD,2019,Aquaculture production (metric tons),ER.FSH.AQUA.MT,2488800
Bangladesh,BGD,2018,Aquaculture production (metric tons),ER.FSH.AQUA.MT,2405516
Bangladesh,BGD,2017,Aquaculture production (metric tons),ER.FSH.AQUA.MT,2333402
Bangladesh,BGD,2016,Aquaculture production (metric tons),ER.FSH.AQUA.MT,2203554
Bangladesh,BGD,2015,Aquaculture production (metric tons),ER.FSH.AQUA.MT,2060408
Bangladesh,BGD,2014,Aquaculture production (metric tons),ER.FSH.AQUA.MT,1956925
Bangladesh,BGD,2013,Aquaculture production (metric tons),ER.FSH.AQUA.MT,1859808
Bangladesh,BGD,2012,Aquaculture production (metric tons),ER.FSH.AQUA.MT,1726066
Bangladesh,BGD,2011,Aquaculture production (metric tons),ER.FSH.AQUA.MT,1523759
Bangladesh,BGD,2010,Aquaculture production (metric tons),ER.FSH.AQUA.MT,1308515
Bangladesh,BGD,2009,Aquaculture production (metric tons),ER.FSH.AQUA.MT,1064285
Bangladesh,BGD,2008,Aquaculture production (metric tons),ER.FSH.AQUA.MT,1005542
Bangladesh,BGD,2007,Aquaculture production (metric tons),ER.FSH.AQUA.MT,945812
Bangladesh,BGD,2006,Aquaculture production (metric tons),ER.FSH.AQUA.MT,892049
Bangladesh,BGD,2005,Aquaculture production (metric tons),ER.FSH.AQUA.MT,882091
Bangladesh,BGD,2004,Aquaculture production (metric tons),ER.FSH.AQUA.MT,914752
Bangladesh,BGD,2003,Aquaculture production (metric tons),ER.FSH.AQUA.MT,856956
Bangladesh,BGD,2002,Aquaculture production (metric tons),ER.FSH.AQUA.MT,786604
Bangladesh,BGD,2001,Aquaculture production (metric tons),ER.FSH.AQUA.MT,712640
Bangladesh,BGD,2000,Aquaculture production (metric tons),ER.FSH.AQUA.MT,657120
Bangladesh,BGD,1999,Aquaculture production (metric tons),ER.FSH.AQUA.MT,593202
Bangladesh,BGD,1998,Aquaculture production (metric tons),ER.FSH.AQUA.MT,574812
Bangladesh,BGD,1997,Aquaculture production (metric tons),ER.FSH.AQUA.MT,485864
Bangladesh,BGD,1996,Aquaculture production (metric tons),ER.FSH.AQUA.MT,379087
Bangladesh,BGD,1995,Aquaculture production (metric tons),ER.FSH.AQUA.MT,317073
Bangladesh,BGD,1994,Aquaculture production (metric tons),ER.FSH.AQUA.MT,264190
Bangladesh,BGD,1993,Aquaculture production (metric tons),ER.FSH.AQUA.MT,237743
Bangladesh,BGD,1992,Aquaculture production (metric tons),ER.FSH.AQUA.MT,226863
Bangladesh,BGD,1991,Aquaculture production (metric tons),ER.FSH.AQUA.MT,210993
Bangladesh,BGD,1990,Aquaculture production (metric tons),ER.FSH.AQUA.MT,192592
Bangladesh,BGD,1989,Aquaculture production (metric tons),ER.FSH.AQUA.MT,183505
Bangladesh,BGD,1988,Aquaculture production (metric tons),ER.FSH.AQUA.MT,175925
Bangladesh,BGD,1987,Aquaculture production (metric tons),ER.FSH.AQUA.MT,166100
Bangladesh,BGD,1986,Aquaculture production (metric tons),ER.FSH.AQUA.MT,144723
Bangladesh,BGD,1985,Aquaculture production (metric tons),ER.FSH.AQUA.MT,123811
Bangladesh,BGD,1984,Aquaculture production (metric tons),ER.FSH.AQUA.MT,117025
Bangladesh,BGD,1983,Aquaculture production (metric tons),ER.FSH.AQUA.MT,107000
Bangladesh,BGD,1982,Aquaculture production (metric tons),ER.FSH.AQUA.MT,101630
Bangladesh,BGD,1981,Aquaculture production (metric tons),ER.FSH.AQUA.MT,96780
Bangladesh,BGD,1980,Aquaculture production (metric tons),ER.FSH.AQUA.MT,91030
Bangladesh,BGD,1979,Aquaculture production (metric tons),ER.FSH.AQUA.MT,87360
Bangladesh,BGD,1978,Aquaculture production (metric tons),ER.FSH.AQUA.MT,82760
Bangladesh,BGD,1977,Aquaculture production (metric tons),ER.FSH.AQUA.MT,77230
Bangladesh,BGD,1976,Aquaculture production (metric tons),ER.FSH.AQUA.MT,77063
Bangladesh,BGD,1975,Aquaculture production (metric tons),ER.FSH.AQUA.MT,73340
Bangladesh,BGD,1974,Aquaculture production (metric tons),ER.FSH.AQUA.MT,70970
Bangladesh,BGD,1973,Aquaculture production (metric tons),ER.FSH.AQUA.MT,70525
Bangladesh,BGD,1972,Aquaculture production (metric tons),ER.FSH.AQUA.MT,68508
Bangladesh,BGD,1971,Aquaculture production (metric tons),ER.FSH.AQUA.MT,68080
Bangladesh,BGD,1970,Aquaculture production (metric tons),ER.FSH.AQUA.MT,64716
Bangladesh,BGD,1969,Aquaculture production (metric tons),ER.FSH.AQUA.MT,62927
Bangladesh,BGD,1968,Aquaculture production (metric tons),ER.FSH.AQUA.MT,59460
Bangladesh,BGD,1967,Aquaculture production (metric tons),ER.FSH.AQUA.MT,59519
Bangladesh,BGD,1966,Aquaculture production (metric tons),ER.FSH.AQUA.MT,57897
Bangladesh,BGD,1965,Aquaculture production (metric tons),ER.FSH.AQUA.MT,58030
Bangladesh,BGD,1964,Aquaculture production (metric tons),ER.FSH.AQUA.MT,54824
Bangladesh,BGD,1963,Aquaculture production (metric tons),ER.FSH.AQUA.MT,53362
Bangladesh,BGD,1962,Aquaculture production (metric tons),ER.FSH.AQUA.MT,51944
Bangladesh,BGD,1961,Aquaculture production (metric tons),ER.FSH.AQUA.MT,50569
Bangladesh,BGD,1960,Aquaculture production (metric tons),ER.FSH.AQUA.MT,49237
Bangladesh,BGD,2023,Capture fisheries production (metric tons),ER.FSH.CAPT.MT,2062668
Bangladesh,BGD,2022,Capture fisheries production (metric tons),ER.FSH.CAPT.MT,2027660.999
Bangladesh,BGD,2021,Capture fisheries production (metric tons),ER.FSH.CAPT.MT,1982483
Bangladesh,BGD,2020,Capture fisheries production (metric tons),ER.FSH.CAPT.MT,1919505
Bangladesh,BGD,2019,Capture fisheries production (metric tons),ER.FSH.CAPT.MT,1896096
Bangladesh,BGD,2018,Capture fisheries production (metric tons),ER.FSH.CAPT.MT,1871225
Bangladesh,BGD,2017,Capture fisheries production (metric tons),ER.FSH.CAPT.MT,1801084
Bangladesh,BGD,2016,Capture fisheries production (metric tons),ER.FSH.CAPT.MT,1675370
Bangladesh,BGD,2015,Capture fisheries production (metric tons),ER.FSH.CAPT.MT,1624237
Bangladesh,BGD,2014,Capture fisheries production (metric tons),ER.FSH.CAPT.MT,1592604
Bangladesh,BGD,2013,Capture fisheries production (metric tons),ER.FSH.CAPT.MT,1550446
Bangladesh,BGD,2012,Capture fisheries production (metric tons),ER.FSH.CAPT.MT,1535715
Bangladesh,BGD,2011,Capture fisheries production (metric tons),ER.FSH.CAPT.MT,1600918
Bangladesh,BGD,2010,Capture fisheries production (metric tons),ER.FSH.CAPT.MT,1726586
Bangladesh,BGD,2009,Capture fisheries production (metric tons),ER.FSH.CAPT.MT,1821579
Bangladesh,BGD,2008,Capture fisheries production (metric tons),ER.FSH.CAPT.MT,1557754
Bangladesh,BGD,2007,Capture fisheries production (metric tons),ER.FSH.CAPT.MT,1494199
Bangladesh,BGD,2006,Capture fisheries production (metric tons),ER.FSH.CAPT.MT,1436496
Bangladesh,BGD,2005,Capture fisheries production (metric tons),ER.FSH.CAPT.MT,1333866
Bangladesh,BGD,2004,Capture fisheries production (metric tons),ER.FSH.CAPT.MT,1187274
Bangladesh,BGD,2003,Capture fisheries production (metric tons),ER.FSH.CAPT.MT,1141241
Bangladesh,BGD,2002,Capture fisheries production (metric tons),ER.FSH.CAPT.MT,1103855
Bangladesh,BGD,2001,Capture fisheries production (metric tons),ER.FSH.CAPT.MT,1068417
Bangladesh,BGD,2000,Capture fisheries production (metric tons),ER.FSH.CAPT.MT,1004264
Bangladesh,BGD,1999,Capture fisheries production (metric tons),ER.FSH.CAPT.MT,959215
Bangladesh,BGD,1998,Capture fisheries production (metric tons),ER.FSH.CAPT.MT,839141
Bangladesh,BGD,1997,Capture fisheries production (metric tons),ER.FSH.CAPT.MT,829426
Bangladesh,BGD,1996,Capture fisheries production (metric tons),ER.FSH.CAPT.MT,814787
Bangladesh,BGD,1995,Capture fisheries production (metric tons),ER.FSH.CAPT.MT,792389
Bangladesh,BGD,1994,Capture fisheries production (metric tons),ER.FSH.CAPT.MT,770790
Bangladesh,BGD,1993,Capture fisheries production (metric tons),ER.FSH.CAPT.MT,764824
Bangladesh,BGD,1992,Capture fisheries production (metric tons),ER.FSH.CAPT.MT,709332
Bangladesh,BGD,1991,Capture fisheries production (metric tons),ER.FSH.CAPT.MT,689727
Bangladesh,BGD,1990,Capture fisheries production (metric tons),ER.FSH.CAPT.MT,653552
Bangladesh,BGD,1989,Capture fisheries production (metric tons),ER.FSH.CAPT.MT,656439
Bangladesh,BGD,1988,Capture fisheries production (metric tons),ER.FSH.CAPT.MT,654668
Bangladesh,BGD,1987,Capture fisheries production (metric tons),ER.FSH.CAPT.MT,639185
Bangladesh,BGD,1986,Capture fisheries production (metric tons),ER.FSH.CAPT.MT,648468
Bangladesh,BGD,1985,Capture fisheries production (metric tons),ER.FSH.CAPT.MT,642270
Bangladesh,BGD,1984,Capture fisheries production (metric tons),ER.FSH.CAPT.MT,633171
Bangladesh,BGD,1983,Capture fisheries production (metric tons),ER.FSH.CAPT.MT,619587
Bangladesh,BGD,1982,Capture fisheries production (metric tons),ER.FSH.CAPT.MT,587868
Bangladesh,BGD,1981,Capture fisheries production (metric tons),ER.FSH.CAPT.MT,554476
Bangladesh,BGD,1980,Capture fisheries production (metric tons),ER.FSH.CAPT.MT,555940
Bangladesh,BGD,1979,Capture fisheries production (metric tons),ER.FSH.CAPT.MT,559768
Bangladesh,BGD,1978,Capture fisheries production (metric tons),ER.FSH.CAPT.MT,564135
Bangladesh,BGD,1977,Capture fisheries production (metric tons),ER.FSH.CAPT.MT,566539
Bangladesh,BGD,1976,Capture fisheries production (metric tons),ER.FSH.CAPT.MT,564542
Bangladesh,BGD,1975,Capture fisheries production (metric tons),ER.FSH.CAPT.MT,566730
Bangladesh,BGD,1974,Capture fisheries production (metric tons),ER.FSH.CAPT.MT,751112
Bangladesh,BGD,1973,Capture fisheries production (metric tons),ER.FSH.CAPT.MT,749675
Bangladesh,BGD,1972,Capture fisheries production (metric tons),ER.FSH.CAPT.MT,749592
Bangladesh,BGD,1971,Capture fisheries production (metric tons),ER.FSH.CAPT.MT,672020
Bangladesh,BGD,1970,Capture fisheries production (metric tons),ER.FSH.CAPT.MT,625384
Bangladesh,BGD,1969,Capture fisheries production (metric tons),ER.FSH.CAPT.MT,588723
Bangladesh,BGD,1968,Capture fisheries production (metric tons),ER.FSH.CAPT.MT,592000
Bangladesh,BGD,1967,Capture fisheries production (metric tons),ER.FSH.CAPT.MT,541781
Bangladesh,BGD,1966,Capture fisheries production (metric tons),ER.FSH.CAPT.MT,543253
Bangladesh,BGD,1965,Capture fisheries production (metric tons),ER.FSH.CAPT.MT,543000
Bangladesh,BGD,1964,Capture fisheries production (metric tons),ER.FSH.CAPT.MT,496086
Bangladesh,BGD,1963,Capture fisheries production (metric tons),ER.FSH.CAPT.MT,447448
Bangladesh,BGD,1962,Capture fisheries production (metric tons),ER.FSH.CAPT.MT,448776
Bangladesh,BGD,1961,Capture fisheries production (metric tons),ER.FSH.CAPT.MT,400071
Bangladesh,BGD,1960,Capture fisheries production (metric tons),ER.FSH.CAPT.MT,351333
Bangladesh,BGD,2023,Total fisheries production (metric tons),ER.FSH.PROD.MT,4915240
Bangladesh,BGD,2022,Total fisheries production (metric tons),ER.FSH.PROD.MT,4759223.999
Bangladesh,BGD,2021,Total fisheries production (metric tons),ER.FSH.PROD.MT,4621668
Bangladesh,BGD,2020,Total fisheries production (metric tons),ER.FSH.PROD.MT,4503761
Bangladesh,BGD,2019,Total fisheries production (metric tons),ER.FSH.PROD.MT,4384896
Bangladesh,BGD,2018,Total fisheries production (metric tons),ER.FSH.PROD.MT,4276741
Bangladesh,BGD,2017,Total fisheries production (metric tons),ER.FSH.PROD.MT,4134486
Bangladesh,BGD,2016,Total fisheries production (metric tons),ER.FSH.PROD.MT,3878924
Bangladesh,BGD,2015,Total fisheries production (metric tons),ER.FSH.PROD.MT,3684645
Bangladesh,BGD,2014,Total fisheries production (metric tons),ER.FSH.PROD.MT,3549529
Bangladesh,BGD,2013,Total fisheries production (metric tons),ER.FSH.PROD.MT,3410254
Bangladesh,BGD,2012,Total fisheries production (metric tons),ER.FSH.PROD.MT,3261781
Bangladesh,BGD,2011,Total fisheries production (metric tons),ER.FSH.PROD.MT,3124677
Bangladesh,BGD,2010,Total fisheries production (metric tons),ER.FSH.PROD.MT,3035101
Bangladesh,BGD,2009,Total fisheries production (metric tons),ER.FSH.PROD.MT,2885864
Bangladesh,BGD,2008,Total fisheries production (metric tons),ER.FSH.PROD.MT,2563296
Bangladesh,BGD,2007,Total fisheries production (metric tons),ER.FSH.PROD.MT,2440011
Bangladesh,BGD,2006,Total fisheries production (metric tons),ER.FSH.PROD.MT,2328545
Bangladesh,BGD,2005,Total fisheries production (metric tons),ER.FSH.PROD.MT,2215957
Bangladesh,BGD,2004,Total fisheries production (metric tons),ER.FSH.PROD.MT,2102026
Bangladesh,BGD,2003,Total fisheries production (metric tons),ER.FSH.PROD.MT,1998197
Bangladesh,BGD,2002,Total fisheries production (metric tons),ER.FSH.PROD.MT,1890459
Bangladesh,BGD,2001,Total fisheries production (metric tons),ER.FSH.PROD.MT,1781057
Bangladesh,BGD,2000,Total fisheries production (metric tons),ER.FSH.PROD.MT,1661384
Bangladesh,BGD,1999,Total fisheries production (metric tons),ER.FSH.PROD.MT,1552417
Bangladesh,BGD,1998,Total fisheries production (metric tons),ER.FSH.PROD.MT,1413953
Bangladesh,BGD,1997,Total fisheries production (metric tons),ER.FSH.PROD.MT,1315290
Bangladesh,BGD,1996,Total fisheries production (metric tons),ER.FSH.PROD.MT,1193874
Bangladesh,BGD,1995,Total fisheries production (metric tons),ER.FSH.PROD.MT,1109462
Bangladesh,BGD,1994,Total fisheries production (metric tons),ER.FSH.PROD.MT,1034980
Bangladesh,BGD,1993,Total fisheries production (metric tons),ER.FSH.PROD.MT,1002567
Bangladesh,BGD,1992,Total fisheries production (metric tons),ER.FSH.PROD.MT,936195
Bangladesh,BGD,1991,Total fisheries production (metric tons),ER.FSH.PROD.MT,900720
Bangladesh,BGD,1990,Total fisheries production (metric tons),ER.FSH.PROD.MT,846144
Bangladesh,BGD,1989,Total fisheries production (metric tons),ER.FSH.PROD.MT,839944
Bangladesh,BGD,1988,Total fisheries production (metric tons),ER.FSH.PROD.MT,830593
Bangladesh,BGD,1987,Total fisheries production (metric tons),ER.FSH.PROD.MT,805285
Bangladesh,BGD,1986,Total fisheries production (metric tons),ER.FSH.PROD.MT,793191
Bangladesh,BGD,1985,Total fisheries production (metric tons),ER.FSH.PROD.MT,766081
Bangladesh,BGD,1984,Total fisheries production (metric tons),ER.FSH.PROD.MT,750196
Bangladesh,BGD,1983,Total fisheries production (metric tons),ER.FSH.PROD.MT,726587
Bangladesh,BGD,1982,Total fisheries production (metric tons),ER.FSH.PROD.MT,689498
Bangladesh,BGD,1981,Total fisheries production (metric tons),ER.FSH.PROD.MT,651256
Bangladesh,BGD,1980,Total fisheries production (metric tons),ER.FSH.PROD.MT,646970
Bangladesh,BGD,1979,Total fisheries production (metric tons),ER.FSH.PROD.MT,647128
Bangladesh,BGD,1978,Total fisheries production (metric tons),ER.FSH.PROD.MT,646895
Bangladesh,BGD,1977,Total fisheries production (metric tons),ER.FSH.PROD.MT,643769
Bangladesh,BGD,1976,Total fisheries production (metric tons),ER.FSH.PROD.MT,641605
Bangladesh,BGD,1975,Total fisheries production (metric tons),ER.FSH.PROD.MT,640070
Bangladesh,BGD,1974,Total fisheries production (metric tons),ER.FSH.PROD.MT,822082
Bangladesh,BGD,1973,Total fisheries production (metric tons),ER.FSH.PROD.MT,820200
Bangladesh,BGD,1972,Total fisheries production (metric tons),ER.FSH.PROD.MT,818100
Bangladesh,BGD,1971,Total fisheries production (metric tons),ER.FSH.PROD.MT,740100
Bangladesh,BGD,1970,Total fisheries production (metric tons),ER.FSH.PROD.MT,690100
Bangladesh,BGD,1969,Total fisheries production (metric tons),ER.FSH.PROD.MT,651650
Bangladesh,BGD,1968,Total fisheries production (metric tons),ER.FSH.PROD.MT,651460
Bangladesh,BGD,1967,Total fisheries production (metric tons),ER.FSH.PROD.MT,601300
Bangladesh,BGD,1966,Total fisheries production (metric tons),ER.FSH.PROD.MT,601150
Bangladesh,BGD,1965,Total fisheries production (metric tons),ER.FSH.PROD.MT,601030
Bangladesh,BGD,1964,Total fisheries production (metric tons),ER.FSH.PROD.MT,550910
Bangladesh,BGD,1963,Total fisheries production (metric tons),ER.FSH.PROD.MT,500810
Bangladesh,BGD,1962,Total fisheries production (metric tons),ER.FSH.PROD.MT,500720
Bangladesh,BGD,1961,Total fisheries production (metric tons),ER.FSH.PROD.MT,450640
Bangladesh,BGD,1960,Total fisheries production (metric tons),ER.FSH.PROD.MT,400570
Bangladesh,BGD,2022,"Water productivity, total (constant 2015 US$ GDP per cubic meter of total freshwater withdrawal)",ER.GDP.FWTL.M3.KD,8.52047750639283
Bangladesh,BGD,2021,"Water productivity, total (constant 2015 US$ GDP per cubic meter of total freshwater withdrawal)",ER.GDP.FWTL.M3.KD,7.95564064274391
Bangladesh,BGD,2020,"Water productivity, total (constant 2015 US$ GDP per cubic meter of total freshwater withdrawal)",ER.GDP.FWTL.M3.KD,7.43944165748244
Bangladesh,BGD,2019,"Water productivity, total (constant 2015 US$ GDP per cubic meter of total freshwater withdrawal)",ER.GDP.FWTL.M3.KD,7.19147822605556
Bangladesh,BGD,2018,"Water productivity, total (constant 2015 US$ GDP per cubic meter of total freshwater withdrawal)",ER.GDP.FWTL.M3.KD,6.66606466522029
Bangladesh,BGD,2017,"Water productivity, total (constant 2015 US$ GDP per cubic meter of total freshwater withdrawal)",ER.GDP.FWTL.M3.KD,6.21142485022144
Bangladesh,BGD,2016,"Water productivity, total (constant 2015 US$ GDP per cubic meter of total freshwater withdrawal)",ER.GDP.FWTL.M3.KD,5.82738557264051
Bangladesh,BGD,2015,"Water productivity, total (constant 2015 US$ GDP per cubic meter of total freshwater withdrawal)",ER.GDP.FWTL.M3.KD,5.4403849729058
Bangladesh,BGD,2014,"Water productivity, total (constant 2015 US$ GDP per cubic meter of total freshwater withdrawal)",ER.GDP.FWTL.M3.KD,5.10581903848336
Bangladesh,BGD,2013,"Water productivity, total (constant 2015 US$ GDP per cubic meter of total freshwater withdrawal)",ER.GDP.FWTL.M3.KD,4.81403737559155
Bangladesh,BGD,2012,"Water productivity, total (constant 2015 US$ GDP per cubic meter of total freshwater withdrawal)",ER.GDP.FWTL.M3.KD,4.54096183758342
Bangladesh,BGD,2011,"Water productivity, total (constant 2015 US$ GDP per cubic meter of total freshwater withdrawal)",ER.GDP.FWTL.M3.KD,4.26295498543801
Bangladesh,BGD,2010,"Water productivity, total (constant 2015 US$ GDP per cubic meter of total freshwater withdrawal)",ER.GDP.FWTL.M3.KD,4.00411388341802
Bangladesh,BGD,2009,"Water productivity, total (constant 2015 US$ GDP per cubic meter of total freshwater withdrawal)",ER.GDP.FWTL.M3.KD,3.79278778189188
Bangladesh,BGD,2008,"Water productivity, total (constant 2015 US$ GDP per cubic meter of total freshwater withdrawal)",ER.GDP.FWTL.M3.KD,3.61062713680645
Bangladesh,BGD,2022,"Annual freshwater withdrawals, agriculture (% of total freshwater withdrawal)",ER.H2O.FWAG.ZS,87.81711737
Bangladesh,BGD,2021,"Annual freshwater withdrawals, agriculture (% of total freshwater withdrawal)",ER.H2O.FWAG.ZS,87.81711737
Bangladesh,BGD,2020,"Annual freshwater withdrawals, agriculture (% of total freshwater withdrawal)",ER.H2O.FWAG.ZS,87.81711737
Bangladesh,BGD,2019,"Annual freshwater withdrawals, agriculture (% of total freshwater withdrawal)",ER.H2O.FWAG.ZS,87.81711737
Bangladesh,BGD,2018,"Annual freshwater withdrawals, agriculture (% of total freshwater withdrawal)",ER.H2O.FWAG.ZS,87.81711737
Bangladesh,BGD,2017,"Annual freshwater withdrawals, agriculture (% of total freshwater withdrawal)",ER.H2O.FWAG.ZS,87.81711737
Bangladesh,BGD,2016,"Annual freshwater withdrawals, agriculture (% of total freshwater withdrawal)",ER.H2O.FWAG.ZS,87.81711737
Bangladesh,BGD,2015,"Annual freshwater withdrawals, agriculture (% of total freshwater withdrawal)",ER.H2O.FWAG.ZS,87.81711737
Bangladesh,BGD,2014,"Annual freshwater withdrawals, agriculture (% of total freshwater withdrawal)",ER.H2O.FWAG.ZS,87.81711737
Bangladesh,BGD,2013,"Annual freshwater withdrawals, agriculture (% of total freshwater withdrawal)",ER.H2O.FWAG.ZS,87.81711737
Bangladesh,BGD,2012,"Annual freshwater withdrawals, agriculture (% of total freshwater withdrawal)",ER.H2O.FWAG.ZS,87.81711737
Bangladesh,BGD,2011,"Annual freshwater withdrawals, agriculture (% of total freshwater withdrawal)",ER.H2O.FWAG.ZS,87.81711737
Bangladesh,BGD,2010,"Annual freshwater withdrawals, agriculture (% of total freshwater withdrawal)",ER.H2O.FWAG.ZS,87.81711737
Bangladesh,BGD,2009,"Annual freshwater withdrawals, agriculture (% of total freshwater withdrawal)",ER.H2O.FWAG.ZS,87.81711737
Bangladesh,BGD,2008,"Annual freshwater withdrawals, agriculture (% of total freshwater withdrawal)",ER.H2O.FWAG.ZS,87.81711737
Bangladesh,BGD,2022,"Annual freshwater withdrawals, domestic (% of total freshwater withdrawal)",ER.H2O.FWDM.ZS,10.03624198
Bangladesh,BGD,2021,"Annual freshwater withdrawals, domestic (% of total freshwater withdrawal)",ER.H2O.FWDM.ZS,10.03624198
Bangladesh,BGD,2020,"Annual freshwater withdrawals, domestic (% of total freshwater withdrawal)",ER.H2O.FWDM.ZS,10.03624198
Bangladesh,BGD,2019,"Annual freshwater withdrawals, domestic (% of total freshwater withdrawal)",ER.H2O.FWDM.ZS,10.03624198
Bangladesh,BGD,2018,"Annual freshwater withdrawals, domestic (% of total freshwater withdrawal)",ER.H2O.FWDM.ZS,10.03624198
Bangladesh,BGD,2017,"Annual freshwater withdrawals, domestic (% of total freshwater withdrawal)",ER.H2O.FWDM.ZS,10.03624198
Bangladesh,BGD,2016,"Annual freshwater withdrawals, domestic (% of total freshwater withdrawal)",ER.H2O.FWDM.ZS,10.03624198
Bangladesh,BGD,2015,"Annual freshwater withdrawals, domestic (% of total freshwater withdrawal)",ER.H2O.FWDM.ZS,10.03624198
Bangladesh,BGD,2014,"Annual freshwater withdrawals, domestic (% of total freshwater withdrawal)",ER.H2O.FWDM.ZS,10.03624198
Bangladesh,BGD,2013,"Annual freshwater withdrawals, domestic (% of total freshwater withdrawal)",ER.H2O.FWDM.ZS,10.03624198
Bangladesh,BGD,2012,"Annual freshwater withdrawals, domestic (% of total freshwater withdrawal)",ER.H2O.FWDM.ZS,10.03624198
Bangladesh,BGD,2011,"Annual freshwater withdrawals, domestic (% of total freshwater withdrawal)",ER.H2O.FWDM.ZS,10.03624198
Bangladesh,BGD,2010,"Annual freshwater withdrawals, domestic (% of total freshwater withdrawal)",ER.H2O.FWDM.ZS,10.03624198
Bangladesh,BGD,2009,"Annual freshwater withdrawals, domestic (% of total freshwater withdrawal)",ER.H2O.FWDM.ZS,10.03624198
Bangladesh,BGD,2008,"Annual freshwater withdrawals, domestic (% of total freshwater withdrawal)",ER.H2O.FWDM.ZS,10.03624198
Bangladesh,BGD,2022,"Annual freshwater withdrawals, industry (% of total freshwater withdrawal)",ER.H2O.FWIN.ZS,2.146640647
Bangladesh,BGD,2021,"Annual freshwater withdrawals, industry (% of total freshwater withdrawal)",ER.H2O.FWIN.ZS,2.146640647
Bangladesh,BGD,2020,"Annual freshwater withdrawals, industry (% of total freshwater withdrawal)",ER.H2O.FWIN.ZS,2.146640647
Bangladesh,BGD,2019,"Annual freshwater withdrawals, industry (% of total freshwater withdrawal)",ER.H2O.FWIN.ZS,2.146640647
Bangladesh,BGD,2018,"Annual freshwater withdrawals, industry (% of total freshwater withdrawal)",ER.H2O.FWIN.ZS,2.146640647
Bangladesh,BGD,2017,"Annual freshwater withdrawals, industry (% of total freshwater withdrawal)",ER.H2O.FWIN.ZS,2.146640647
Bangladesh,BGD,2016,"Annual freshwater withdrawals, industry (% of total freshwater withdrawal)",ER.H2O.FWIN.ZS,2.146640647
Bangladesh,BGD,2015,"Annual freshwater withdrawals, industry (% of total freshwater withdrawal)",ER.H2O.FWIN.ZS,2.146640647
Bangladesh,BGD,2014,"Annual freshwater withdrawals, industry (% of total freshwater withdrawal)",ER.H2O.FWIN.ZS,2.146640647
Bangladesh,BGD,2013,"Annual freshwater withdrawals, industry (% of total freshwater withdrawal)",ER.H2O.FWIN.ZS,2.146640647
Bangladesh,BGD,2012,"Annual freshwater withdrawals, industry (% of total freshwater withdrawal)",ER.H2O.FWIN.ZS,2.146640647
Bangladesh,BGD,2011,"Annual freshwater withdrawals, industry (% of total freshwater withdrawal)",ER.H2O.FWIN.ZS,2.146640647
Bangladesh,BGD,2010,"Annual freshwater withdrawals, industry (% of total freshwater withdrawal)",ER.H2O.FWIN.ZS,2.146640647
Bangladesh,BGD,2009,"Annual freshwater withdrawals, industry (% of total freshwater withdrawal)",ER.H2O.FWIN.ZS,2.146640647
Bangladesh,BGD,2008,"Annual freshwater withdrawals, industry (% of total freshwater withdrawal)",ER.H2O.FWIN.ZS,2.146640647
Bangladesh,BGD,2022,Level of water stress: freshwater withdrawal as a proportion of available freshwater resources,ER.H2O.FWST.ZS,5.723339482
Bangladesh,BGD,2021,Level of water stress: freshwater withdrawal as a proportion of available freshwater resources,ER.H2O.FWST.ZS,5.723339482
Bangladesh,BGD,2020,Level of water stress: freshwater withdrawal as a proportion of available freshwater resources,ER.H2O.FWST.ZS,5.723339482
Bangladesh,BGD,2019,Level of water stress: freshwater withdrawal as a proportion of available freshwater resources,ER.H2O.FWST.ZS,5.723339482
Bangladesh,BGD,2018,Level of water stress: freshwater withdrawal as a proportion of available freshwater resources,ER.H2O.FWST.ZS,5.723339482
Bangladesh,BGD,2017,Level of water stress: freshwater withdrawal as a proportion of available freshwater resources,ER.H2O.FWST.ZS,5.723339482
Bangladesh,BGD,2016,Level of water stress: freshwater withdrawal as a proportion of available freshwater resources,ER.H2O.FWST.ZS,5.723339482
Bangladesh,BGD,2015,Level of water stress: freshwater withdrawal as a proportion of available freshwater resources,ER.H2O.FWST.ZS,5.723339482
Bangladesh,BGD,2014,Level of water stress: freshwater withdrawal as a proportion of available freshwater resources,ER.H2O.FWST.ZS,5.723339482
Bangladesh,BGD,2013,Level of water stress: freshwater withdrawal as a proportion of available freshwater resources,ER.H2O.FWST.ZS,5.723339482
Bangladesh,BGD,2012,Level of water stress: freshwater withdrawal as a proportion of available freshwater resources,ER.H2O.FWST.ZS,5.723339482
Bangladesh,BGD,2011,Level of water stress: freshwater withdrawal as a proportion of available freshwater resources,ER.H2O.FWST.ZS,5.723339482
Bangladesh,BGD,2010,Level of water stress: freshwater withdrawal as a proportion of available freshwater resources,ER.H2O.FWST.ZS,5.723339482
Bangladesh,BGD,2009,Level of water stress: freshwater withdrawal as a proportion of available freshwater resources,ER.H2O.FWST.ZS,5.723339482
Bangladesh,BGD,2008,Level of water stress: freshwater withdrawal as a proportion of available freshwater resources,ER.H2O.FWST.ZS,5.723339482
Bangladesh,BGD,2022,"Annual freshwater withdrawals, total (billion cubic meters)",ER.H2O.FWTL.K3,35.87
Bangladesh,BGD,2021,"Annual freshwater withdrawals, total (billion cubic meters)",ER.H2O.FWTL.K3,35.87
Bangladesh,BGD,2020,"Annual freshwater withdrawals, total (billion cubic meters)",ER.H2O.FWTL.K3,35.87
Bangladesh,BGD,2019,"Annual freshwater withdrawals, total (billion cubic meters)",ER.H2O.FWTL.K3,35.87
Bangladesh,BGD,2018,"Annual freshwater withdrawals, total (billion cubic meters)",ER.H2O.FWTL.K3,35.87
Bangladesh,BGD,2017,"Annual freshwater withdrawals, total (billion cubic meters)",ER.H2O.FWTL.K3,35.87
Bangladesh,BGD,2016,"Annual freshwater withdrawals, total (billion cubic meters)",ER.H2O.FWTL.K3,35.87
Bangladesh,BGD,2015,"Annual freshwater withdrawals, total (billion cubic meters)",ER.H2O.FWTL.K3,35.87
Bangladesh,BGD,2014,"Annual freshwater withdrawals, total (billion cubic meters)",ER.H2O.FWTL.K3,35.87
Bangladesh,BGD,2013,"Annual freshwater withdrawals, total (billion cubic meters)",ER.H2O.FWTL.K3,35.87
Bangladesh,BGD,2012,"Annual freshwater withdrawals, total (billion cubic meters)",ER.H2O.FWTL.K3,35.87
Bangladesh,BGD,2011,"Annual freshwater withdrawals, total (billion cubic meters)",ER.H2O.FWTL.K3,35.87
Bangladesh,BGD,2010,"Annual freshwater withdrawals, total (billion cubic meters)",ER.H2O.FWTL.K3,35.87
Bangladesh,BGD,2009,"Annual freshwater withdrawals, total (billion cubic meters)",ER.H2O.FWTL.K3,35.87
Bangladesh,BGD,2008,"Annual freshwater withdrawals, total (billion cubic meters)",ER.H2O.FWTL.K3,35.87
Bangladesh,BGD,2022,"Annual freshwater withdrawals, total (% of internal resources)",ER.H2O.FWTL.ZS,34.1619047619048
Bangladesh,BGD,2021,"Annual freshwater withdrawals, total (% of internal resources)",ER.H2O.FWTL.ZS,34.1619047619048
Bangladesh,BGD,2020,"Annual freshwater withdrawals, total (% of internal resources)",ER.H2O.FWTL.ZS,34.1619047619048
Bangladesh,BGD,2019,"Annual freshwater withdrawals, total (% of internal resources)",ER.H2O.FWTL.ZS,34.1619047619048
Bangladesh,BGD,2018,"Annual freshwater withdrawals, total (% of internal resources)",ER.H2O.FWTL.ZS,34.1619047619048
Bangladesh,BGD,2017,"Annual freshwater withdrawals, total (% of internal resources)",ER.H2O.FWTL.ZS,34.1619047619048
Bangladesh,BGD,2016,"Annual freshwater withdrawals, total (% of internal resources)",ER.H2O.FWTL.ZS,34.1619047619048
Bangladesh,BGD,2015,"Annual freshwater withdrawals, total (% of internal resources)",ER.H2O.FWTL.ZS,34.1619047619048
Bangladesh,BGD,2014,"Annual freshwater withdrawals, total (% of internal resources)",ER.H2O.FWTL.ZS,34.1619047619048
Bangladesh,BGD,2013,"Annual freshwater withdrawals, total (% of internal resources)",ER.H2O.FWTL.ZS,34.1619047619048
Bangladesh,BGD,2012,"Annual freshwater withdrawals, total (% of internal resources)",ER.H2O.FWTL.ZS,34.1619047619048
Bangladesh,BGD,2011,"Annual freshwater withdrawals, total (% of internal resources)",ER.H2O.FWTL.ZS,34.1619047619048
Bangladesh,BGD,2010,"Annual freshwater withdrawals, total (% of internal resources)",ER.H2O.FWTL.ZS,34.1619047619048
Bangladesh,BGD,2009,"Annual freshwater withdrawals, total (% of internal resources)",ER.H2O.FWTL.ZS,34.1619047619048
Bangladesh,BGD,2008,"Annual freshwater withdrawals, total (% of internal resources)",ER.H2O.FWTL.ZS,34.1619047619048
Bangladesh,BGD,2022,"Renewable internal freshwater resources, total (billion cubic meters)",ER.H2O.INTR.K3,105
Bangladesh,BGD,2021,"Renewable internal freshwater resources, total (billion cubic meters)",ER.H2O.INTR.K3,105
Bangladesh,BGD,2020,"Renewable internal freshwater resources, total (billion cubic meters)",ER.H2O.INTR.K3,105
Bangladesh,BGD,2019,"Renewable internal freshwater resources, total (billion cubic meters)",ER.H2O.INTR.K3,105
Bangladesh,BGD,2018,"Renewable internal freshwater resources, total (billion cubic meters)",ER.H2O.INTR.K3,105
Bangladesh,BGD,2017,"Renewable internal freshwater resources, total (billion cubic meters)",ER.H2O.INTR.K3,105
Bangladesh,BGD,2016,"Renewable internal freshwater resources, total (billion cubic meters)",ER.H2O.INTR.K3,105
Bangladesh,BGD,2015,"Renewable internal freshwater resources, total (billion cubic meters)",ER.H2O.INTR.K3,105
Bangladesh,BGD,2014,"Renewable internal freshwater resources, total (billion cubic meters)",ER.H2O.INTR.K3,105
Bangladesh,BGD,2013,"Renewable internal freshwater resources, total (billion cubic meters)",ER.H2O.INTR.K3,105
Bangladesh,BGD,2012,"Renewable internal freshwater resources, total (billion cubic meters)",ER.H2O.INTR.K3,105
Bangladesh,BGD,2011,"Renewable internal freshwater resources, total (billion cubic meters)",ER.H2O.INTR.K3,105
Bangladesh,BGD,2010,"Renewable internal freshwater resources, total (billion cubic meters)",ER.H2O.INTR.K3,105
Bangladesh,BGD,2009,"Renewable internal freshwater resources, total (billion cubic meters)",ER.H2O.INTR.K3,105
Bangladesh,BGD,2008,"Renewable internal freshwater resources, total (billion cubic meters)",ER.H2O.INTR.K3,105
Bangladesh,BGD,2007,"Renewable internal freshwater resources, total (billion cubic meters)",ER.H2O.INTR.K3,105
Bangladesh,BGD,2006,"Renewable internal freshwater resources, total (billion cubic meters)",ER.H2O.INTR.K3,105
Bangladesh,BGD,2005,"Renewable internal freshwater resources, total (billion cubic meters)",ER.H2O.INTR.K3,105
Bangladesh,BGD,2004,"Renewable internal freshwater resources, total (billion cubic meters)",ER.H2O.INTR.K3,105
Bangladesh,BGD,2003,"Renewable internal freshwater resources, total (billion cubic meters)",ER.H2O.INTR.K3,105
Bangladesh,BGD,2002,"Renewable internal freshwater resources, total (billion cubic meters)",ER.H2O.INTR.K3,105
Bangladesh,BGD,2001,"Renewable internal freshwater resources, total (billion cubic meters)",ER.H2O.INTR.K3,105
Bangladesh,BGD,2000,"Renewable internal freshwater resources, total (billion cubic meters)",ER.H2O.INTR.K3,105
Bangladesh,BGD,1999,"Renewable internal freshwater resources, total (billion cubic meters)",ER.H2O.INTR.K3,105
Bangladesh,BGD,1998,"Renewable internal freshwater resources, total (billion cubic meters)",ER.H2O.INTR.K3,105
Bangladesh,BGD,1997,"Renewable internal freshwater resources, total (billion cubic meters)",ER.H2O.INTR.K3,105
Bangladesh,BGD,1996,"Renewable internal freshwater resources, total (billion cubic meters)",ER.H2O.INTR.K3,105
Bangladesh,BGD,1995,"Renewable internal freshwater resources, total (billion cubic meters)",ER.H2O.INTR.K3,105
Bangladesh,BGD,1994,"Renewable internal freshwater resources, total (billion cubic meters)",ER.H2O.INTR.K3,105
Bangladesh,BGD,1993,"Renewable internal freshwater resources, total (billion cubic meters)",ER.H2O.INTR.K3,105
Bangladesh,BGD,1992,"Renewable internal freshwater resources, total (billion cubic meters)",ER.H2O.INTR.K3,105
Bangladesh,BGD,1991,"Renewable internal freshwater resources, total (billion cubic meters)",ER.H2O.INTR.K3,105
Bangladesh,BGD,1990,"Renewable internal freshwater resources, total (billion cubic meters)",ER.H2O.INTR.K3,105
Bangladesh,BGD,1989,"Renewable internal freshwater resources, total (billion cubic meters)",ER.H2O.INTR.K3,105
Bangladesh,BGD,1988,"Renewable internal freshwater resources, total (billion cubic meters)",ER.H2O.INTR.K3,105
Bangladesh,BGD,1987,"Renewable internal freshwater resources, total (billion cubic meters)",ER.H2O.INTR.K3,105
Bangladesh,BGD,1986,"Renewable internal freshwater resources, total (billion cubic meters)",ER.H2O.INTR.K3,105
Bangladesh,BGD,1985,"Renewable internal freshwater resources, total (billion cubic meters)",ER.H2O.INTR.K3,105
Bangladesh,BGD,1984,"Renewable internal freshwater resources, total (billion cubic meters)",ER.H2O.INTR.K3,105
Bangladesh,BGD,1983,"Renewable internal freshwater resources, total (billion cubic meters)",ER.H2O.INTR.K3,105
Bangladesh,BGD,1982,"Renewable internal freshwater resources, total (billion cubic meters)",ER.H2O.INTR.K3,105
Bangladesh,BGD,1981,"Renewable internal freshwater resources, total (billion cubic meters)",ER.H2O.INTR.K3,105
Bangladesh,BGD,1980,"Renewable internal freshwater resources, total (billion cubic meters)",ER.H2O.INTR.K3,105
Bangladesh,BGD,1979,"Renewable internal freshwater resources, total (billion cubic meters)",ER.H2O.INTR.K3,105
Bangladesh,BGD,1978,"Renewable internal freshwater resources, total (billion cubic meters)",ER.H2O.INTR.K3,105
Bangladesh,BGD,1977,"Renewable internal freshwater resources, total (billion cubic meters)",ER.H2O.INTR.K3,105
Bangladesh,BGD,1976,"Renewable internal freshwater resources, total (billion cubic meters)",ER.H2O.INTR.K3,105
Bangladesh,BGD,1975,"Renewable internal freshwater resources, total (billion cubic meters)",ER.H2O.INTR.K3,105
Bangladesh,BGD,1974,"Renewable internal freshwater resources, total (billion cubic meters)",ER.H2O.INTR.K3,105
Bangladesh,BGD,1973,"Renewable internal freshwater resources, total (billion cubic meters)",ER.H2O.INTR.K3,105
Bangladesh,BGD,1972,"Renewable internal freshwater resources, total (billion cubic meters)",ER.H2O.INTR.K3,105
Bangladesh,BGD,1971,"Renewable internal freshwater resources, total (billion cubic meters)",ER.H2O.INTR.K3,105
Bangladesh,BGD,1970,"Renewable internal freshwater resources, total (billion cubic meters)",ER.H2O.INTR.K3,105
Bangladesh,BGD,1969,"Renewable internal freshwater resources, total (billion cubic meters)",ER.H2O.INTR.K3,105
Bangladesh,BGD,1968,"Renewable internal freshwater resources, total (billion cubic meters)",ER.H2O.INTR.K3,105
Bangladesh,BGD,1967,"Renewable internal freshwater resources, total (billion cubic meters)",ER.H2O.INTR.K3,105
Bangladesh,BGD,1966,"Renewable internal freshwater resources, total (billion cubic meters)",ER.H2O.INTR.K3,105
Bangladesh,BGD,1965,"Renewable internal freshwater resources, total (billion cubic meters)",ER.H2O.INTR.K3,105
Bangladesh,BGD,1964,"Renewable internal freshwater resources, total (billion cubic meters)",ER.H2O.INTR.K3,105
Bangladesh,BGD,1963,"Renewable internal freshwater resources, total (billion cubic meters)",ER.H2O.INTR.K3,105
Bangladesh,BGD,1962,"Renewable internal freshwater resources, total (billion cubic meters)",ER.H2O.INTR.K3,105
Bangladesh,BGD,1961,"Renewable internal freshwater resources, total (billion cubic meters)",ER.H2O.INTR.K3,105
Bangladesh,BGD,2022,Renewable internal freshwater resources per capita (cubic meters),ER.H2O.INTR.PC,619.889977558035
Bangladesh,BGD,2021,Renewable internal freshwater resources per capita (cubic meters),ER.H2O.INTR.PC,626.271726752946
Bangladesh,BGD,2020,Renewable internal freshwater resources per capita (cubic meters),ER.H2O.INTR.PC,631.39655826578
Bangladesh,BGD,2019,Renewable internal freshwater resources per capita (cubic meters),ER.H2O.INTR.PC,636.699138221653
Bangladesh,BGD,2018,Renewable internal freshwater resources per capita (cubic meters),ER.H2O.INTR.PC,642.111102796282
Bangladesh,BGD,2017,Renewable internal freshwater resources per capita (cubic meters),ER.H2O.INTR.PC,647.404244704081
Bangladesh,BGD,2016,Renewable internal freshwater resources per capita (cubic meters),ER.H2O.INTR.PC,652.936624130602
Bangladesh,BGD,2015,Renewable internal freshwater resources per capita (cubic meters),ER.H2O.INTR.PC,658.789720839989
Bangladesh,BGD,2014,Renewable internal freshwater resources per capita (cubic meters),ER.H2O.INTR.PC,664.70450539056
Bangladesh,BGD,2013,Renewable internal freshwater resources per capita (cubic meters),ER.H2O.INTR.PC,670.78875513496
Bangladesh,BGD,2012,Renewable internal freshwater resources per capita (cubic meters),ER.H2O.INTR.PC,677.113120600857
Bangladesh,BGD,2011,Renewable internal freshwater resources per capita (cubic meters),ER.H2O.INTR.PC,683.633468392395
Bangladesh,BGD,2010,Renewable internal freshwater resources per capita (cubic meters),ER.H2O.INTR.PC,689.872755335556
Bangladesh,BGD,2009,Renewable internal freshwater resources per capita (cubic meters),ER.H2O.INTR.PC,695.946279946419
Bangladesh,BGD,2008,Renewable internal freshwater resources per capita (cubic meters),ER.H2O.INTR.PC,702.462063971093
Bangladesh,BGD,2007,Renewable internal freshwater resources per capita (cubic meters),ER.H2O.INTR.PC,709.510860644918
Bangladesh,BGD,2006,Renewable internal freshwater resources per capita (cubic meters),ER.H2O.INTR.PC,717.183854240701
Bangladesh,BGD,2005,Renewable internal freshwater resources per capita (cubic meters),ER.H2O.INTR.PC,725.560098882371
Bangladesh,BGD,2004,Renewable internal freshwater resources per capita (cubic meters),ER.H2O.INTR.PC,734.764881116162
Bangladesh,BGD,2003,Renewable internal freshwater resources per capita (cubic meters),ER.H2O.INTR.PC,744.837472952025
Bangladesh,BGD,2002,Renewable internal freshwater resources per capita (cubic meters),ER.H2O.INTR.PC,755.756391298644
Bangladesh,BGD,2001,Renewable internal freshwater resources per capita (cubic meters),ER.H2O.INTR.PC,767.511262862301
Bangladesh,BGD,2000,Renewable internal freshwater resources per capita (cubic meters),ER.H2O.INTR.PC,780.412078983292
Bangladesh,BGD,1999,Renewable internal freshwater resources per capita (cubic meters),ER.H2O.INTR.PC,794.803860006579
Bangladesh,BGD,1998,Renewable internal freshwater resources per capita (cubic meters),ER.H2O.INTR.PC,810.045602327229
Bangladesh,BGD,1997,Renewable internal freshwater resources per capita (cubic meters),ER.H2O.INTR.PC,825.484229638738
Bangladesh,BGD,1996,Renewable internal freshwater resources per capita (cubic meters),ER.H2O.INTR.PC,840.927179398335
Bangladesh,BGD,1995,Renewable internal freshwater resources per capita (cubic meters),ER.H2O.INTR.PC,856.441134720882
Bangladesh,BGD,1994,Renewable internal freshwater resources per capita (cubic meters),ER.H2O.INTR.PC,872.504788991821
Bangladesh,BGD,1993,Renewable internal freshwater resources per capita (cubic meters),ER.H2O.INTR.PC,888.833508447643
Bangladesh,BGD,1992,Renewable internal freshwater resources per capita (cubic meters),ER.H2O.INTR.PC,905.545623492827
Bangladesh,BGD,1991,Renewable internal freshwater resources per capita (cubic meters),ER.H2O.INTR.PC,922.775883162652
Bangladesh,BGD,1990,Renewable internal freshwater resources per capita (cubic meters),ER.H2O.INTR.PC,940.576044780449
Bangladesh,BGD,1989,Renewable internal freshwater resources per capita (cubic meters),ER.H2O.INTR.PC,959.484190071844
Bangladesh,BGD,1988,Renewable internal freshwater resources per capita (cubic meters),ER.H2O.INTR.PC,979.331369994675
Bangladesh,BGD,1987,Renewable internal freshwater resources per capita (cubic meters),ER.H2O.INTR.PC,1000.38785513519
Bangladesh,BGD,1986,Renewable internal freshwater resources per capita (cubic meters),ER.H2O.INTR.PC,1023.0371201127
Bangladesh,BGD,1985,Renewable internal freshwater resources per capita (cubic meters),ER.H2O.INTR.PC,1047.34158522131
Bangladesh,BGD,1984,Renewable internal freshwater resources per capita (cubic meters),ER.H2O.INTR.PC,1073.45536469337
Bangladesh,BGD,1983,Renewable internal freshwater resources per capita (cubic meters),ER.H2O.INTR.PC,1101.37755584496
Bangladesh,BGD,1982,Renewable internal freshwater resources per capita (cubic meters),ER.H2O.INTR.PC,1131.28866805272
Bangladesh,BGD,1981,Renewable internal freshwater resources per capita (cubic meters),ER.H2O.INTR.PC,1162.75071604681
Bangladesh,BGD,1980,Renewable internal freshwater resources per capita (cubic meters),ER.H2O.INTR.PC,1192.95906019003
Bangladesh,BGD,1979,Renewable internal freshwater resources per capita (cubic meters),ER.H2O.INTR.PC,1221.85270293368
Bangladesh,BGD,1978,Renewable internal freshwater resources per capita (cubic meters),ER.H2O.INTR.PC,1251.6441985606
Bangladesh,BGD,1977,Renewable internal freshwater resources per capita (cubic meters),ER.H2O.INTR.PC,1282.56393178108
Bangladesh,BGD,1976,Renewable internal freshwater resources per capita (cubic meters),ER.H2O.INTR.PC,1314.87798971635
Bangladesh,BGD,1975,Renewable internal freshwater resources per capita (cubic meters),ER.H2O.INTR.PC,1348.67221486439
Bangladesh,BGD,1974,Renewable internal freshwater resources per capita (cubic meters),ER.H2O.INTR.PC,1384.50557354475
Bangladesh,BGD,1973,Renewable internal freshwater resources per capita (cubic meters),ER.H2O.INTR.PC,1424.26387328642
Bangladesh,BGD,1972,Renewable internal freshwater resources per capita (cubic meters),ER.H2O.INTR.PC,1465.63056542673
Bangladesh,BGD,1971,Renewable internal freshwater resources per capita (cubic meters),ER.H2O.INTR.PC,1494.09282653591
Bangladesh,BGD,1970,Renewable internal freshwater resources per capita (cubic meters),ER.H2O.INTR.PC,1520.44137862967
Bangladesh,BGD,1969,Renewable internal freshwater resources per capita (cubic meters),ER.H2O.INTR.PC,1560.31432933388
Bangladesh,BGD,1968,Renewable internal freshwater resources per capita (cubic meters),ER.H2O.INTR.PC,1605.30144534004
Bangladesh,BGD,1967,Renewable internal freshwater resources per capita (cubic meters),ER.H2O.INTR.PC,1653.25876433015
Bangladesh,BGD,1966,Renewable internal freshwater resources per capita (cubic meters),ER.H2O.INTR.PC,1702.616025742
Bangladesh,BGD,1965,Renewable internal freshwater resources per capita (cubic meters),ER.H2O.INTR.PC,1752.84782264332
Bangladesh,BGD,1964,Renewable internal freshwater resources per capita (cubic meters),ER.H2O.INTR.PC,1804.79433818484
Bangladesh,BGD,1963,Renewable internal freshwater resources per capita (cubic meters),ER.H2O.INTR.PC,1858.26229963464
Bangladesh,BGD,1962,Renewable internal freshwater resources per capita (cubic meters),ER.H2O.INTR.PC,1913.22535429563
Bangladesh,BGD,1961,Renewable internal freshwater resources per capita (cubic meters),ER.H2O.INTR.PC,1969.59884786346
Bangladesh,BGD,2025,Terrestrial protected areas (% of total land area),ER.LND.PTLD.ZS,4.2
Bangladesh,BGD,2024,Terrestrial protected areas (% of total land area),ER.LND.PTLD.ZS,4.2
Bangladesh,BGD,2023,Terrestrial protected areas (% of total land area),ER.LND.PTLD.ZS,4.6
Bangladesh,BGD,2022,Terrestrial protected areas (% of total land area),ER.LND.PTLD.ZS,4.6
Bangladesh,BGD,2021,Terrestrial protected areas (% of total land area),ER.LND.PTLD.ZS,4.6
Bangladesh,BGD,2020,Terrestrial protected areas (% of total land area),ER.LND.PTLD.ZS,4.6
Bangladesh,BGD,2019,Terrestrial protected areas (% of total land area),ER.LND.PTLD.ZS,4.6
Bangladesh,BGD,2018,Terrestrial protected areas (% of total land area),ER.LND.PTLD.ZS,4.6
Bangladesh,BGD,2017,Terrestrial protected areas (% of total land area),ER.LND.PTLD.ZS,4.6
Bangladesh,BGD,2016,Terrestrial protected areas (% of total land area),ER.LND.PTLD.ZS,4.6
Bangladesh,BGD,2015,Terrestrial protected areas (% of total land area),ER.LND.PTLD.ZS,4.6
Bangladesh,BGD,2014,Terrestrial protected areas (% of total land area),ER.LND.PTLD.ZS,4.6
Bangladesh,BGD,2013,Terrestrial protected areas (% of total land area),ER.LND.PTLD.ZS,4.7
Bangladesh,BGD,2025,Marine protected areas (% of territorial waters),ER.MRN.PTMR.ZS,8.6
Bangladesh,BGD,2024,Marine protected areas (% of territorial waters),ER.MRN.PTMR.ZS,8
Bangladesh,BGD,2023,Marine protected areas (% of territorial waters),ER.MRN.PTMR.ZS,8
Bangladesh,BGD,2022,Marine protected areas (% of territorial waters),ER.MRN.PTMR.ZS,5.4
Bangladesh,BGD,2021,Marine protected areas (% of territorial waters),ER.MRN.PTMR.ZS,5.4
Bangladesh,BGD,2020,Marine protected areas (% of territorial waters),ER.MRN.PTMR.ZS,5.4
Bangladesh,BGD,2019,Marine protected areas (% of territorial waters),ER.MRN.PTMR.ZS,5.4
Bangladesh,BGD,2018,Marine protected areas (% of territorial waters),ER.MRN.PTMR.ZS,5.4
Bangladesh,BGD,2017,Marine protected areas (% of territorial waters),ER.MRN.PTMR.ZS,5.4
Bangladesh,BGD,2016,Marine protected areas (% of territorial waters),ER.MRN.PTMR.ZS,5.4
Bangladesh,BGD,2015,Marine protected areas (% of territorial waters),ER.MRN.PTMR.ZS,5.4
Bangladesh,BGD,2014,Marine protected areas (% of territorial waters),ER.MRN.PTMR.ZS,5.4
Bangladesh,BGD,2013,Marine protected areas (% of territorial waters),ER.MRN.PTMR.ZS,1.4
Bangladesh,BGD,2025,Terrestrial and marine protected areas (% of total territorial area),ER.PTD.TOTL.ZS,5.9
Bangladesh,BGD,2024,Terrestrial and marine protected areas (% of total territorial area),ER.PTD.TOTL.ZS,5.6
Bangladesh,BGD,2023,Terrestrial and marine protected areas (% of total territorial area),ER.PTD.TOTL.ZS,5.9
Bangladesh,BGD,2022,Terrestrial and marine protected areas (% of total territorial area),ER.PTD.TOTL.ZS,4.9
Bangladesh,BGD,2021,Terrestrial and marine protected areas (% of total territorial area),ER.PTD.TOTL.ZS,4.9
Bangladesh,BGD,2020,Terrestrial and marine protected areas (% of total territorial area),ER.PTD.TOTL.ZS,4.9
Bangladesh,BGD,2019,Terrestrial and marine protected areas (% of total territorial area),ER.PTD.TOTL.ZS,4.9
Bangladesh,BGD,2018,Terrestrial and marine protected areas (% of total territorial area),ER.PTD.TOTL.ZS,4.9
Bangladesh,BGD,2017,Terrestrial and marine protected areas (% of total territorial area),ER.PTD.TOTL.ZS,4.9
Bangladesh,BGD,2016,Terrestrial and marine protected areas (% of total territorial area),ER.PTD.TOTL.ZS,4.9
Bangladesh,BGD,2015,Terrestrial and marine protected areas (% of total territorial area),ER.PTD.TOTL.ZS,4.9
Bangladesh,BGD,2014,Terrestrial and marine protected areas (% of total territorial area),ER.PTD.TOTL.ZS,4.9
Bangladesh,BGD,2013,Terrestrial and marine protected areas (% of total territorial area),ER.PTD.TOTL.ZS,3.5
Bangladesh,BGD,2021,Adjusted savings: education expenditure (current US$),NY.ADJ.AEDU.CD,5896415883.15113
Bangladesh,BGD,2020,Adjusted savings: education expenditure (current US$),NY.ADJ.AEDU.CD,5239773602.83109
Bangladesh,BGD,2019,Adjusted savings: education expenditure (current US$),NY.ADJ.AEDU.CD,4920136108.64201
Bangladesh,BGD,2018,Adjusted savings: education expenditure (current US$),NY.ADJ.AEDU.CD,5027073862.61153
Bangladesh,BGD,2017,Adjusted savings: education expenditure (current US$),NY.ADJ.AEDU.CD,5052190883.88089
Bangladesh,BGD,2016,Adjusted savings: education expenditure (current US$),NY.ADJ.AEDU.CD,5055864611.40247
Bangladesh,BGD,2015,Adjusted savings: education expenditure (current US$),NY.ADJ.AEDU.CD,3811772830.41931
Bangladesh,BGD,2014,Adjusted savings: education expenditure (current US$),NY.ADJ.AEDU.CD,3409400115.13692
Bangladesh,BGD,2013,Adjusted savings: education expenditure (current US$),NY.ADJ.AEDU.CD,3018791463.09511
Bangladesh,BGD,2012,Adjusted savings: education expenditure (current US$),NY.ADJ.AEDU.CD,2714659000.60923
Bangladesh,BGD,2011,Adjusted savings: education expenditure (current US$),NY.ADJ.AEDU.CD,2729343423.98999
Bangladesh,BGD,2010,Adjusted savings: education expenditure (current US$),NY.ADJ.AEDU.CD,2215727276.8479
Bangladesh,BGD,2009,Adjusted savings: education expenditure (current US$),NY.ADJ.AEDU.CD,1758582651.18658
Bangladesh,BGD,2008,Adjusted savings: education expenditure (current US$),NY.ADJ.AEDU.CD,1687498334.06209
Bangladesh,BGD,2007,Adjusted savings: education expenditure (current US$),NY.ADJ.AEDU.CD,1516485097.01709
Bangladesh,BGD,2006,Adjusted savings: education expenditure (current US$),NY.ADJ.AEDU.CD,1221510706.21233
Bangladesh,BGD,2005,Adjusted savings: education expenditure (current US$),NY.ADJ.AEDU.CD,1120444300
Bangladesh,BGD,2004,Adjusted savings: education expenditure (current US$),NY.ADJ.AEDU.CD,1005296599.28656
Bangladesh,BGD,2003,Adjusted savings: education expenditure (current US$),NY.ADJ.AEDU.CD,1051413056.99482
Bangladesh,BGD,2002,Adjusted savings: education expenditure (current US$),NY.ADJ.AEDU.CD,711350557.20007
Bangladesh,BGD,2001,Adjusted savings: education expenditure (current US$),NY.ADJ.AEDU.CD,723187157.153447
Bangladesh,BGD,2000,Adjusted savings: education expenditure (current US$),NY.ADJ.AEDU.CD,705302389.18704
Bangladesh,BGD,1999,Adjusted savings: education expenditure (current US$),NY.ADJ.AEDU.CD,697506613.976705
Bangladesh,BGD,1998,Adjusted savings: education expenditure (current US$),NY.ADJ.AEDU.CD,767526505.94392
Bangladesh,BGD,1997,Adjusted savings: education expenditure (current US$),NY.ADJ.AEDU.CD,644973536.299765
Bangladesh,BGD,1996,Adjusted savings: education expenditure (current US$),NY.ADJ.AEDU.CD,621844438.957701
Bangladesh,BGD,1995,Adjusted savings: education expenditure (current US$),NY.ADJ.AEDU.CD,522684712.019012
Bangladesh,BGD,1994,Adjusted savings: education expenditure (current US$),NY.ADJ.AEDU.CD,465568427.215442
Bangladesh,BGD,1993,Adjusted savings: education expenditure (current US$),NY.ADJ.AEDU.CD,442899831.798941
Bangladesh,BGD,1992,Adjusted savings: education expenditure (current US$),NY.ADJ.AEDU.CD,389743630.408488
Bangladesh,BGD,1991,Adjusted savings: education expenditure (current US$),NY.ADJ.AEDU.CD,347804032.128851
Bangladesh,BGD,1990,Adjusted savings: education expenditure (current US$),NY.ADJ.AEDU.CD,386808665.876291
Bangladesh,BGD,1989,Adjusted savings: education expenditure (current US$),NY.ADJ.AEDU.CD,353022820.520648
Bangladesh,BGD,1988,Adjusted savings: education expenditure (current US$),NY.ADJ.AEDU.CD,299027236.276995
Bangladesh,BGD,1987,Adjusted savings: education expenditure (current US$),NY.ADJ.AEDU.CD,273536290.322581
Bangladesh,BGD,1986,Adjusted savings: education expenditure (current US$),NY.ADJ.AEDU.CD,244223833.333334
Bangladesh,BGD,1985,Adjusted savings: education expenditure (current US$),NY.ADJ.AEDU.CD,203898115.384616
Bangladesh,BGD,1984,Adjusted savings: education expenditure (current US$),NY.ADJ.AEDU.CD,175076280
Bangladesh,BGD,1983,Adjusted savings: education expenditure (current US$),NY.ADJ.AEDU.CD,144983838.383838
Bangladesh,BGD,1982,Adjusted savings: education expenditure (current US$),NY.ADJ.AEDU.CD,131930089.82036
Bangladesh,BGD,1981,Adjusted savings: education expenditure (current US$),NY.ADJ.AEDU.CD,144135312.117503
Bangladesh,BGD,1980,Adjusted savings: education expenditure (current US$),NY.ADJ.AEDU.CD,127098590.988372
Bangladesh,BGD,1979,Adjusted savings: education expenditure (current US$),NY.ADJ.AEDU.CD,108750033.653088
Bangladesh,BGD,1978,Adjusted savings: education expenditure (current US$),NY.ADJ.AEDU.CD,85368133.6376607
Bangladesh,BGD,1977,Adjusted savings: education expenditure (current US$),NY.ADJ.AEDU.CD,57653133.3936652
Bangladesh,BGD,1976,Adjusted savings: education expenditure (current US$),NY.ADJ.AEDU.CD,50526484.7474745
Bangladesh,BGD,1975,Adjusted savings: education expenditure (current US$),NY.ADJ.AEDU.CD,155519354.033348
Bangladesh,BGD,1974,Adjusted savings: education expenditure (current US$),NY.ADJ.AEDU.CD,112705737.107708
Bangladesh,BGD,1973,Adjusted savings: education expenditure (current US$),NY.ADJ.AEDU.CD,43986993.0160231
Bangladesh,BGD,2021,Adjusted savings: education expenditure (% of GNI),NY.ADJ.AEDU.GN.ZS,1.34567567868521
Bangladesh,BGD,2020,Adjusted savings: education expenditure (% of GNI),NY.ADJ.AEDU.GN.ZS,1.34567567868521
Bangladesh,BGD,2019,Adjusted savings: education expenditure (% of GNI),NY.ADJ.AEDU.GN.ZS,1.34567567868521
Bangladesh,BGD,2018,Adjusted savings: education expenditure (% of GNI),NY.ADJ.AEDU.GN.ZS,1.50407211678041
Bangladesh,BGD,2017,Adjusted savings: education expenditure (% of GNI),NY.ADJ.AEDU.GN.ZS,1.66246855487557
Bangladesh,BGD,2016,Adjusted savings: education expenditure (% of GNI),NY.ADJ.AEDU.GN.ZS,1.8208649929708
Bangladesh,BGD,2015,Adjusted savings: education expenditure (% of GNI),NY.ADJ.AEDU.GN.ZS,1.83485295911133
Bangladesh,BGD,2014,Adjusted savings: education expenditure (% of GNI),NY.ADJ.AEDU.GN.ZS,1.84884092525187
Bangladesh,BGD,2013,Adjusted savings: education expenditure (% of GNI),NY.ADJ.AEDU.GN.ZS,1.86282889139239
Bangladesh,BGD,2012,Adjusted savings: education expenditure (% of GNI),NY.ADJ.AEDU.GN.ZS,1.87681685753293
Bangladesh,BGD,2011,Adjusted savings: education expenditure (% of GNI),NY.ADJ.AEDU.GN.ZS,1.96605664384263
Bangladesh,BGD,2010,Adjusted savings: education expenditure (% of GNI),NY.ADJ.AEDU.GN.ZS,1.77802832192127
Bangladesh,BGD,2009,Adjusted savings: education expenditure (% of GNI),NY.ADJ.AEDU.GN.ZS,1.59
Bangladesh,BGD,2008,Adjusted savings: education expenditure (% of GNI),NY.ADJ.AEDU.GN.ZS,1.71
Bangladesh,BGD,2007,Adjusted savings: education expenditure (% of GNI),NY.ADJ.AEDU.GN.ZS,1.79
Bangladesh,BGD,2006,Adjusted savings: education expenditure (% of GNI),NY.ADJ.AEDU.GN.ZS,1.61
Bangladesh,BGD,2005,Adjusted savings: education expenditure (% of GNI),NY.ADJ.AEDU.GN.ZS,1.545
Bangladesh,BGD,2004,Adjusted savings: education expenditure (% of GNI),NY.ADJ.AEDU.GN.ZS,1.48
Bangladesh,BGD,2003,Adjusted savings: education expenditure (% of GNI),NY.ADJ.AEDU.GN.ZS,1.68
Bangladesh,BGD,2002,Adjusted savings: education expenditure (% of GNI),NY.ADJ.AEDU.GN.ZS,1.25
Bangladesh,BGD,2001,Adjusted savings: education expenditure (% of GNI),NY.ADJ.AEDU.GN.ZS,1.3
Bangladesh,BGD,2000,Adjusted savings: education expenditure (% of GNI),NY.ADJ.AEDU.GN.ZS,1.28
Bangladesh,BGD,1999,Adjusted savings: education expenditure (% of GNI),NY.ADJ.AEDU.GN.ZS,1.32
Bangladesh,BGD,1998,Adjusted savings: education expenditure (% of GNI),NY.ADJ.AEDU.GN.ZS,1.4927874
Bangladesh,BGD,1997,Adjusted savings: education expenditure (% of GNI),NY.ADJ.AEDU.GN.ZS,1.3
Bangladesh,BGD,1996,Adjusted savings: education expenditure (% of GNI),NY.ADJ.AEDU.GN.ZS,1.3050351
Bangladesh,BGD,1995,Adjusted savings: education expenditure (% of GNI),NY.ADJ.AEDU.GN.ZS,1.3369002
Bangladesh,BGD,1994,Adjusted savings: education expenditure (% of GNI),NY.ADJ.AEDU.GN.ZS,1.3369002
Bangladesh,BGD,1993,Adjusted savings: education expenditure (% of GNI),NY.ADJ.AEDU.GN.ZS,1.3
Bangladesh,BGD,1992,Adjusted savings: education expenditure (% of GNI),NY.ADJ.AEDU.GN.ZS,1.2
Bangladesh,BGD,1991,Adjusted savings: education expenditure (% of GNI),NY.ADJ.AEDU.GN.ZS,1.1
Bangladesh,BGD,1990,Adjusted savings: education expenditure (% of GNI),NY.ADJ.AEDU.GN.ZS,1.2
Bangladesh,BGD,1989,Adjusted savings: education expenditure (% of GNI),NY.ADJ.AEDU.GN.ZS,1.2
Bangladesh,BGD,1988,Adjusted savings: education expenditure (% of GNI),NY.ADJ.AEDU.GN.ZS,1.1
Bangladesh,BGD,1987,Adjusted savings: education expenditure (% of GNI),NY.ADJ.AEDU.GN.ZS,1.1
Bangladesh,BGD,1986,Adjusted savings: education expenditure (% of GNI),NY.ADJ.AEDU.GN.ZS,1.1
Bangladesh,BGD,1985,Adjusted savings: education expenditure (% of GNI),NY.ADJ.AEDU.GN.ZS,0.9
Bangladesh,BGD,1984,Adjusted savings: education expenditure (% of GNI),NY.ADJ.AEDU.GN.ZS,0.9
Bangladesh,BGD,1983,Adjusted savings: education expenditure (% of GNI),NY.ADJ.AEDU.GN.ZS,0.8
Bangladesh,BGD,1982,Adjusted savings: education expenditure (% of GNI),NY.ADJ.AEDU.GN.ZS,0.7
Bangladesh,BGD,1981,Adjusted savings: education expenditure (% of GNI),NY.ADJ.AEDU.GN.ZS,0.7
Bangladesh,BGD,1980,Adjusted savings: education expenditure (% of GNI),NY.ADJ.AEDU.GN.ZS,0.7
Bangladesh,BGD,1979,Adjusted savings: education expenditure (% of GNI),NY.ADJ.AEDU.GN.ZS,0.7
Bangladesh,BGD,1978,Adjusted savings: education expenditure (% of GNI),NY.ADJ.AEDU.GN.ZS,0.6448609
Bangladesh,BGD,1977,Adjusted savings: education expenditure (% of GNI),NY.ADJ.AEDU.GN.ZS,0.6
Bangladesh,BGD,1976,Adjusted savings: education expenditure (% of GNI),NY.ADJ.AEDU.GN.ZS,0.5
Bangladesh,BGD,1975,Adjusted savings: education expenditure (% of GNI),NY.ADJ.AEDU.GN.ZS,0.8
Bangladesh,BGD,1974,Adjusted savings: education expenditure (% of GNI),NY.ADJ.AEDU.GN.ZS,0.9
Bangladesh,BGD,1973,Adjusted savings: education expenditure (% of GNI),NY.ADJ.AEDU.GN.ZS,0.5425099
Bangladesh,BGD,1972,Adjusted savings: education expenditure (% of GNI),NY.ADJ.AEDU.GN.ZS,0.5425099
Bangladesh,BGD,1971,Adjusted savings: education expenditure (% of GNI),NY.ADJ.AEDU.GN.ZS,0.5425099
Bangladesh,BGD,1970,Adjusted savings: education expenditure (% of GNI),NY.ADJ.AEDU.GN.ZS,0.5425099
Bangladesh,BGD,2021,Adjusted savings: carbon dioxide damage (current US$),NY.ADJ.DCO2.CD,4527926058.98953
Bangladesh,BGD,2020,Adjusted savings: carbon dioxide damage (current US$),NY.ADJ.DCO2.CD,3963991266.37023
Bangladesh,BGD,2019,Adjusted savings: carbon dioxide damage (current US$),NY.ADJ.DCO2.CD,3700279184.10966
Bangladesh,BGD,2018,Adjusted savings: carbon dioxide damage (current US$),NY.ADJ.DCO2.CD,3269466204.35554
Bangladesh,BGD,2017,Adjusted savings: carbon dioxide damage (current US$),NY.ADJ.DCO2.CD,2968672007.3769
Bangladesh,BGD,2016,Adjusted savings: carbon dioxide damage (current US$),NY.ADJ.DCO2.CD,2671101308.97179
Bangladesh,BGD,2015,Adjusted savings: carbon dioxide damage (current US$),NY.ADJ.DCO2.CD,2510249885.15522
Bangladesh,BGD,2014,Adjusted savings: carbon dioxide damage (current US$),NY.ADJ.DCO2.CD,2149204478.21316
Bangladesh,BGD,2013,Adjusted savings: carbon dioxide damage (current US$),NY.ADJ.DCO2.CD,1958918345.29981
Bangladesh,BGD,2012,Adjusted savings: carbon dioxide damage (current US$),NY.ADJ.DCO2.CD,1801752167.0002
Bangladesh,BGD,2011,Adjusted savings: carbon dioxide damage (current US$),NY.ADJ.DCO2.CD,1623260769.4964
Bangladesh,BGD,2010,Adjusted savings: carbon dioxide damage (current US$),NY.ADJ.DCO2.CD,1445487562.74022
Bangladesh,BGD,2009,Adjusted savings: carbon dioxide damage (current US$),NY.ADJ.DCO2.CD,1235882095.06184
Bangladesh,BGD,2008,Adjusted savings: carbon dioxide damage (current US$),NY.ADJ.DCO2.CD,1115913265.01726
Bangladesh,BGD,2007,Adjusted savings: carbon dioxide damage (current US$),NY.ADJ.DCO2.CD,978365939.757856
Bangladesh,BGD,2006,Adjusted savings: carbon dioxide damage (current US$),NY.ADJ.DCO2.CD,880404056.46795
Bangladesh,BGD,2005,Adjusted savings: carbon dioxide damage (current US$),NY.ADJ.DCO2.CD,761038893.005731
Bangladesh,BGD,2004,Adjusted savings: carbon dioxide damage (current US$),NY.ADJ.DCO2.CD,673566182.305629
Bangladesh,BGD,2003,Adjusted savings: carbon dioxide damage (current US$),NY.ADJ.DCO2.CD,601598819.212958
Bangladesh,BGD,2002,Adjusted savings: carbon dioxide damage (current US$),NY.ADJ.DCO2.CD,552790265.947719
Bangladesh,BGD,2001,Adjusted savings: carbon dioxide damage (current US$),NY.ADJ.DCO2.CD,500308358.808872
Bangladesh,BGD,2000,Adjusted savings: carbon dioxide damage (current US$),NY.ADJ.DCO2.CD,401858883.735549
Bangladesh,BGD,1999,Adjusted savings: carbon dioxide damage (current US$),NY.ADJ.DCO2.CD,356972760.974233
Bangladesh,BGD,1998,Adjusted savings: carbon dioxide damage (current US$),NY.ADJ.DCO2.CD,329543635.048096
Bangladesh,BGD,1997,Adjusted savings: carbon dioxide damage (current US$),NY.ADJ.DCO2.CD,314069225.946965
Bangladesh,BGD,1996,Adjusted savings: carbon dioxide damage (current US$),NY.ADJ.DCO2.CD,267888198.654334
Bangladesh,BGD,1995,Adjusted savings: carbon dioxide damage (current US$),NY.ADJ.DCO2.CD,253002187.276701
Bangladesh,BGD,1994,Adjusted savings: carbon dioxide damage (current US$),NY.ADJ.DCO2.CD,198275505.867981
Bangladesh,BGD,1993,Adjusted savings: carbon dioxide damage (current US$),NY.ADJ.DCO2.CD,176256835.4008
Bangladesh,BGD,1992,Adjusted savings: carbon dioxide damage (current US$),NY.ADJ.DCO2.CD,158340024.038081
Bangladesh,BGD,1991,Adjusted savings: carbon dioxide damage (current US$),NY.ADJ.DCO2.CD,138724215.503741
Bangladesh,BGD,1990,Adjusted savings: carbon dioxide damage (current US$),NY.ADJ.DCO2.CD,139594740.37195
Bangladesh,BGD,2021,Adjusted savings: carbon dioxide damage (% of GNI),NY.ADJ.DCO2.GN.ZS,1.0333599415669
Bangladesh,BGD,2020,Adjusted savings: carbon dioxide damage (% of GNI),NY.ADJ.DCO2.GN.ZS,1.01802998411856
Bangladesh,BGD,2019,Adjusted savings: carbon dioxide damage (% of GNI),NY.ADJ.DCO2.GN.ZS,1.01204023475193
Bangladesh,BGD,2018,Adjusted savings: carbon dioxide damage (% of GNI),NY.ADJ.DCO2.GN.ZS,0.978205828901912
Bangladesh,BGD,2017,Adjusted savings: carbon dioxide damage (% of GNI),NY.ADJ.DCO2.GN.ZS,0.976868050997377
Bangladesh,BGD,2016,Adjusted savings: carbon dioxide damage (% of GNI),NY.ADJ.DCO2.GN.ZS,0.961994681427209
Bangladesh,BGD,2015,Adjusted savings: carbon dioxide damage (% of GNI),NY.ADJ.DCO2.GN.ZS,1.20834573171016
Bangladesh,BGD,2014,Adjusted savings: carbon dioxide damage (% of GNI),NY.ADJ.DCO2.GN.ZS,1.16546520263595
Bangladesh,BGD,2013,Adjusted savings: carbon dioxide damage (% of GNI),NY.ADJ.DCO2.GN.ZS,1.2088048260749
Bangladesh,BGD,2012,Adjusted savings: carbon dioxide damage (% of GNI),NY.ADJ.DCO2.GN.ZS,1.24566615525691
Bangladesh,BGD,2011,Adjusted savings: carbon dioxide damage (% of GNI),NY.ADJ.DCO2.GN.ZS,1.16930049641463
Bangladesh,BGD,2010,Adjusted savings: carbon dioxide damage (% of GNI),NY.ADJ.DCO2.GN.ZS,1.159943217016
Bangladesh,BGD,2009,Adjusted savings: carbon dioxide damage (% of GNI),NY.ADJ.DCO2.GN.ZS,1.1174069810267
Bangladesh,BGD,2008,Adjusted savings: carbon dioxide damage (% of GNI),NY.ADJ.DCO2.GN.ZS,1.1307932248953
Bangladesh,BGD,2007,Adjusted savings: carbon dioxide damage (% of GNI),NY.ADJ.DCO2.GN.ZS,1.15482508572706
Bangladesh,BGD,2006,Adjusted savings: carbon dioxide damage (% of GNI),NY.ADJ.DCO2.GN.ZS,1.16040778333302
Bangladesh,BGD,2005,Adjusted savings: carbon dioxide damage (% of GNI),NY.ADJ.DCO2.GN.ZS,1.04940967587041
Bangladesh,BGD,2004,Adjusted savings: carbon dioxide damage (% of GNI),NY.ADJ.DCO2.GN.ZS,0.991625705806418
Bangladesh,BGD,2003,Adjusted savings: carbon dioxide damage (% of GNI),NY.ADJ.DCO2.GN.ZS,0.961264471231261
Bangladesh,BGD,2002,Adjusted savings: carbon dioxide damage (% of GNI),NY.ADJ.DCO2.GN.ZS,0.971374557088181
Bangladesh,BGD,2001,Adjusted savings: carbon dioxide damage (% of GNI),NY.ADJ.DCO2.GN.ZS,0.89935345230907
Bangladesh,BGD,2000,Adjusted savings: carbon dioxide damage (% of GNI),NY.ADJ.DCO2.GN.ZS,0.729303315949911
Bangladesh,BGD,1999,Adjusted savings: carbon dioxide damage (% of GNI),NY.ADJ.DCO2.GN.ZS,0.675554948216913
Bangladesh,BGD,1998,Adjusted savings: carbon dioxide damage (% of GNI),NY.ADJ.DCO2.GN.ZS,0.640940192084962
Bangladesh,BGD,1997,Adjusted savings: carbon dioxide damage (% of GNI),NY.ADJ.DCO2.GN.ZS,0.633033714954303
Bangladesh,BGD,1996,Adjusted savings: carbon dioxide damage (% of GNI),NY.ADJ.DCO2.GN.ZS,0.562204114433609
Bangladesh,BGD,1995,Adjusted savings: carbon dioxide damage (% of GNI),NY.ADJ.DCO2.GN.ZS,0.647117979525592
Bangladesh,BGD,1994,Adjusted savings: carbon dioxide damage (% of GNI),NY.ADJ.DCO2.GN.ZS,0.569356829103324
Bangladesh,BGD,1993,Adjusted savings: carbon dioxide damage (% of GNI),NY.ADJ.DCO2.GN.ZS,0.517349227906362
Bangladesh,BGD,1992,Adjusted savings: carbon dioxide damage (% of GNI),NY.ADJ.DCO2.GN.ZS,0.487520549461066
Bangladesh,BGD,1991,Adjusted savings: carbon dioxide damage (% of GNI),NY.ADJ.DCO2.GN.ZS,0.438743151193781
Bangladesh,BGD,1990,Adjusted savings: carbon dioxide damage (% of GNI),NY.ADJ.DCO2.GN.ZS,0.433066017450381
Bangladesh,BGD,2021,Adjusted savings: net forest depletion (current US$),NY.ADJ.DFOR.CD,312966727.225793
Bangladesh,BGD,2020,Adjusted savings: net forest depletion (current US$),NY.ADJ.DFOR.CD,299597988.624723
Bangladesh,BGD,2019,Adjusted savings: net forest depletion (current US$),NY.ADJ.DFOR.CD,251092117.759886
Bangladesh,BGD,2018,Adjusted savings: net forest depletion (current US$),NY.ADJ.DFOR.CD,227013586.694776
Bangladesh,BGD,2017,Adjusted savings: net forest depletion (current US$),NY.ADJ.DFOR.CD,402734880.673699
Bangladesh,BGD,2016,Adjusted savings: net forest depletion (current US$),NY.ADJ.DFOR.CD,479499881.082704
Bangladesh,BGD,2015,Adjusted savings: net forest depletion (current US$),NY.ADJ.DFOR.CD,408636225.899687
Bangladesh,BGD,2014,Adjusted savings: net forest depletion (current US$),NY.ADJ.DFOR.CD,333151562.389777
Bangladesh,BGD,2013,Adjusted savings: net forest depletion (current US$),NY.ADJ.DFOR.CD,311572975.035322
Bangladesh,BGD,2012,Adjusted savings: net forest depletion (current US$),NY.ADJ.DFOR.CD,385203080.194354
Bangladesh,BGD,2011,Adjusted savings: net forest depletion (current US$),NY.ADJ.DFOR.CD,450702522.981591
Bangladesh,BGD,2010,Adjusted savings: net forest depletion (current US$),NY.ADJ.DFOR.CD,425951874.520744
Bangladesh,BGD,2009,Adjusted savings: net forest depletion (current US$),NY.ADJ.DFOR.CD,232318034.017034
Bangladesh,BGD,2008,Adjusted savings: net forest depletion (current US$),NY.ADJ.DFOR.CD,240301557.703889
Bangladesh,BGD,2007,Adjusted savings: net forest depletion (current US$),NY.ADJ.DFOR.CD,262734265.270783
Bangladesh,BGD,2006,Adjusted savings: net forest depletion (current US$),NY.ADJ.DFOR.CD,159040276.187026
Bangladesh,BGD,2005,Adjusted savings: net forest depletion (current US$),NY.ADJ.DFOR.CD,115162648.473677
Bangladesh,BGD,2004,Adjusted savings: net forest depletion (current US$),NY.ADJ.DFOR.CD,117309740.507228
Bangladesh,BGD,2003,Adjusted savings: net forest depletion (current US$),NY.ADJ.DFOR.CD,116561600.622875
Bangladesh,BGD,2002,Adjusted savings: net forest depletion (current US$),NY.ADJ.DFOR.CD,102486310.223526
Bangladesh,BGD,2001,Adjusted savings: net forest depletion (current US$),NY.ADJ.DFOR.CD,106457562.87731
Bangladesh,BGD,2000,Adjusted savings: net forest depletion (current US$),NY.ADJ.DFOR.CD,107271227.226311
Bangladesh,BGD,1999,Adjusted savings: net forest depletion (current US$),NY.ADJ.DFOR.CD,110551050.007494
Bangladesh,BGD,1998,Adjusted savings: net forest depletion (current US$),NY.ADJ.DFOR.CD,106464059.625565
Bangladesh,BGD,1997,Adjusted savings: net forest depletion (current US$),NY.ADJ.DFOR.CD,107385375.154267
Bangladesh,BGD,1996,Adjusted savings: net forest depletion (current US$),NY.ADJ.DFOR.CD,124687022.084763
Bangladesh,BGD,1995,Adjusted savings: net forest depletion (current US$),NY.ADJ.DFOR.CD,125704420.915464
Bangladesh,BGD,1994,Adjusted savings: net forest depletion (current US$),NY.ADJ.DFOR.CD,99697174.8033794
Bangladesh,BGD,1993,Adjusted savings: net forest depletion (current US$),NY.ADJ.DFOR.CD,111129924.608995
Bangladesh,BGD,1992,Adjusted savings: net forest depletion (current US$),NY.ADJ.DFOR.CD,135437092.475518
Bangladesh,BGD,1991,Adjusted savings: net forest depletion (current US$),NY.ADJ.DFOR.CD,133865905.719351
Bangladesh,BGD,1990,Adjusted savings: net forest depletion (current US$),NY.ADJ.DFOR.CD,133430758.196653
Bangladesh,BGD,1989,Adjusted savings: net forest depletion (current US$),NY.ADJ.DFOR.CD,113534833.409069
Bangladesh,BGD,1988,Adjusted savings: net forest depletion (current US$),NY.ADJ.DFOR.CD,114715318.293782
Bangladesh,BGD,1987,Adjusted savings: net forest depletion (current US$),NY.ADJ.DFOR.CD,104510377.93598
Bangladesh,BGD,1986,Adjusted savings: net forest depletion (current US$),NY.ADJ.DFOR.CD,114140501.145578
Bangladesh,BGD,1985,Adjusted savings: net forest depletion (current US$),NY.ADJ.DFOR.CD,64862239.3557921
Bangladesh,BGD,1984,Adjusted savings: net forest depletion (current US$),NY.ADJ.DFOR.CD,93006753.916705
Bangladesh,BGD,1983,Adjusted savings: net forest depletion (current US$),NY.ADJ.DFOR.CD,105891605.67398
Bangladesh,BGD,1982,Adjusted savings: net forest depletion (current US$),NY.ADJ.DFOR.CD,160593112.674592
Bangladesh,BGD,1981,Adjusted savings: net forest depletion (current US$),NY.ADJ.DFOR.CD,107045053.309302
Bangladesh,BGD,1980,Adjusted savings: net forest depletion (current US$),NY.ADJ.DFOR.CD,120376000.317431
Bangladesh,BGD,1979,Adjusted savings: net forest depletion (current US$),NY.ADJ.DFOR.CD,97815341.0885453
Bangladesh,BGD,1978,Adjusted savings: net forest depletion (current US$),NY.ADJ.DFOR.CD,231998555.163472
Bangladesh,BGD,1977,Adjusted savings: net forest depletion (current US$),NY.ADJ.DFOR.CD,233623080.039864
Bangladesh,BGD,1976,Adjusted savings: net forest depletion (current US$),NY.ADJ.DFOR.CD,67044381.8534897
Bangladesh,BGD,1975,Adjusted savings: net forest depletion (current US$),NY.ADJ.DFOR.CD,107345632.091711
Bangladesh,BGD,1974,Adjusted savings: net forest depletion (current US$),NY.ADJ.DFOR.CD,46492784.4100635
Bangladesh,BGD,1973,Adjusted savings: net forest depletion (current US$),NY.ADJ.DFOR.CD,39749899.6562242
Bangladesh,BGD,1972,Adjusted savings: net forest depletion (current US$),NY.ADJ.DFOR.CD,20779287.9043828
Bangladesh,BGD,1971,Adjusted savings: net forest depletion (current US$),NY.ADJ.DFOR.CD,22744322.5110388
Bangladesh,BGD,1970,Adjusted savings: net forest depletion (current US$),NY.ADJ.DFOR.CD,26342180.8637909
Bangladesh,BGD,2021,Adjusted savings: net forest depletion (% of GNI),NY.ADJ.DFOR.GN.ZS,0.0714250353793543
Bangladesh,BGD,2020,Adjusted savings: net forest depletion (% of GNI),NY.ADJ.DFOR.GN.ZS,0.0769425851638829
Bangladesh,BGD,2019,Adjusted savings: net forest depletion (% of GNI),NY.ADJ.DFOR.GN.ZS,0.0686746359283748
Bangladesh,BGD,2018,Adjusted savings: net forest depletion (% of GNI),NY.ADJ.DFOR.GN.ZS,0.067921183417931
Bangladesh,BGD,2017,Adjusted savings: net forest depletion (% of GNI),NY.ADJ.DFOR.GN.ZS,0.132523511177646
Bangladesh,BGD,2016,Adjusted savings: net forest depletion (% of GNI),NY.ADJ.DFOR.GN.ZS,0.172691441465432
Bangladesh,BGD,2015,Adjusted savings: net forest depletion (% of GNI),NY.ADJ.DFOR.GN.ZS,0.196703062236174
Bangladesh,BGD,2014,Adjusted savings: net forest depletion (% of GNI),NY.ADJ.DFOR.GN.ZS,0.180660591909754
Bangladesh,BGD,2013,Adjusted savings: net forest depletion (% of GNI),NY.ADJ.DFOR.GN.ZS,0.192264734668952
Bangladesh,BGD,2012,Adjusted savings: net forest depletion (% of GNI),NY.ADJ.DFOR.GN.ZS,0.266315450419417
Bangladesh,BGD,2011,Adjusted savings: net forest depletion (% of GNI),NY.ADJ.DFOR.GN.ZS,0.324659286887834
Bangladesh,BGD,2010,Adjusted savings: net forest depletion (% of GNI),NY.ADJ.DFOR.GN.ZS,0.341808535999408
Bangladesh,BGD,2009,Adjusted savings: net forest depletion (% of GNI),NY.ADJ.DFOR.GN.ZS,0.210047377550236
Bangladesh,BGD,2008,Adjusted savings: net forest depletion (% of GNI),NY.ADJ.DFOR.GN.ZS,0.243505818867689
Bangladesh,BGD,2007,Adjusted savings: net forest depletion (% of GNI),NY.ADJ.DFOR.GN.ZS,0.31012130337434
Bangladesh,BGD,2006,Adjusted savings: net forest depletion (% of GNI),NY.ADJ.DFOR.GN.ZS,0.209621449373202
Bangladesh,BGD,2005,Adjusted savings: net forest depletion (% of GNI),NY.ADJ.DFOR.GN.ZS,0.158799765317946
Bangladesh,BGD,2004,Adjusted savings: net forest depletion (% of GNI),NY.ADJ.DFOR.GN.ZS,0.172703673795287
Bangladesh,BGD,2003,Adjusted savings: net forest depletion (% of GNI),NY.ADJ.DFOR.GN.ZS,0.186247914407816
Bangladesh,BGD,2002,Adjusted savings: net forest depletion (% of GNI),NY.ADJ.DFOR.GN.ZS,0.18009107673107
Bangladesh,BGD,2001,Adjusted savings: net forest depletion (% of GNI),NY.ADJ.DFOR.GN.ZS,0.191367933420226
Bangladesh,BGD,2000,Adjusted savings: net forest depletion (% of GNI),NY.ADJ.DFOR.GN.ZS,0.194678442827826
Bangladesh,BGD,1999,Adjusted savings: net forest depletion (% of GNI),NY.ADJ.DFOR.GN.ZS,0.209212906495486
Bangladesh,BGD,1998,Adjusted savings: net forest depletion (% of GNI),NY.ADJ.DFOR.GN.ZS,0.207065431006112
Bangladesh,BGD,1997,Adjusted savings: net forest depletion (% of GNI),NY.ADJ.DFOR.GN.ZS,0.216444520346435
Bangladesh,BGD,1996,Adjusted savings: net forest depletion (% of GNI),NY.ADJ.DFOR.GN.ZS,0.26167467318327
Bangladesh,BGD,1995,Adjusted savings: net forest depletion (% of GNI),NY.ADJ.DFOR.GN.ZS,0.321521294957361
Bangladesh,BGD,1994,Adjusted savings: net forest depletion (% of GNI),NY.ADJ.DFOR.GN.ZS,0.286284819035624
Bangladesh,BGD,1993,Adjusted savings: net forest depletion (% of GNI),NY.ADJ.DFOR.GN.ZS,0.326188658516529
Bangladesh,BGD,1992,Adjusted savings: net forest depletion (% of GNI),NY.ADJ.DFOR.GN.ZS,0.417003635954948
Bangladesh,BGD,1991,Adjusted savings: net forest depletion (% of GNI),NY.ADJ.DFOR.GN.ZS,0.42337777221839
Bangladesh,BGD,1990,Adjusted savings: net forest depletion (% of GNI),NY.ADJ.DFOR.GN.ZS,0.413943440158583
Bangladesh,BGD,1989,Adjusted savings: net forest depletion (% of GNI),NY.ADJ.DFOR.GN.ZS,0.385929158602126
Bangladesh,BGD,1988,Adjusted savings: net forest depletion (% of GNI),NY.ADJ.DFOR.GN.ZS,0.421991159381451
Bangladesh,BGD,1987,Adjusted savings: net forest depletion (% of GNI),NY.ADJ.DFOR.GN.ZS,0.420278477835627
Bangladesh,BGD,1986,Adjusted savings: net forest depletion (% of GNI),NY.ADJ.DFOR.GN.ZS,0.514096226999967
Bangladesh,BGD,1985,Adjusted savings: net forest depletion (% of GNI),NY.ADJ.DFOR.GN.ZS,0.286299926363211
Bangladesh,BGD,1984,Adjusted savings: net forest depletion (% of GNI),NY.ADJ.DFOR.GN.ZS,0.478112046503584
Bangladesh,BGD,1983,Adjusted savings: net forest depletion (% of GNI),NY.ADJ.DFOR.GN.ZS,0.584294673692587
Bangladesh,BGD,1982,Adjusted savings: net forest depletion (% of GNI),NY.ADJ.DFOR.GN.ZS,0.852081424527816
Bangladesh,BGD,1981,Adjusted savings: net forest depletion (% of GNI),NY.ADJ.DFOR.GN.ZS,0.519869393666871
Bangladesh,BGD,1980,Adjusted savings: net forest depletion (% of GNI),NY.ADJ.DFOR.GN.ZS,0.66297509332665
Bangladesh,BGD,1979,Adjusted savings: net forest depletion (% of GNI),NY.ADJ.DFOR.GN.ZS,0.629615793778997
Bangladesh,BGD,1978,Adjusted savings: net forest depletion (% of GNI),NY.ADJ.DFOR.GN.ZS,1.75248995973617
Bangladesh,BGD,1977,Adjusted savings: net forest depletion (% of GNI),NY.ADJ.DFOR.GN.ZS,2.43133095762182
Bangladesh,BGD,1976,Adjusted savings: net forest depletion (% of GNI),NY.ADJ.DFOR.GN.ZS,0.663457810181826
Bangladesh,BGD,1975,Adjusted savings: net forest depletion (% of GNI),NY.ADJ.DFOR.GN.ZS,0.552191759071698
Bangladesh,BGD,1974,Adjusted savings: net forest depletion (% of GNI),NY.ADJ.DFOR.GN.ZS,0.371263318468599
Bangladesh,BGD,1973,Adjusted savings: net forest depletion (% of GNI),NY.ADJ.DFOR.GN.ZS,0.490252063369116
Bangladesh,BGD,2021,Adjusted savings: consumption of fixed capital (current US$),NY.ADJ.DKAP.CD,5370739514.21203
Bangladesh,BGD,2020,Adjusted savings: consumption of fixed capital (current US$),NY.ADJ.DKAP.CD,3955876571.58695
Bangladesh,BGD,2019,Adjusted savings: consumption of fixed capital (current US$),NY.ADJ.DKAP.CD,2900436981.26917
Bangladesh,BGD,2018,Adjusted savings: consumption of fixed capital (current US$),NY.ADJ.DKAP.CD,26528459996.1518
Bangladesh,BGD,2017,Adjusted savings: consumption of fixed capital (current US$),NY.ADJ.DKAP.CD,24319557261.3755
Bangladesh,BGD,2016,Adjusted savings: consumption of fixed capital (current US$),NY.ADJ.DKAP.CD,21718854719.8736
Bangladesh,BGD,2015,Adjusted savings: consumption of fixed capital (current US$),NY.ADJ.DKAP.CD,15828451671.3859
Bangladesh,BGD,2014,Adjusted savings: consumption of fixed capital (current US$),NY.ADJ.DKAP.CD,13991508305.4324
Bangladesh,BGD,2013,Adjusted savings: consumption of fixed capital (current US$),NY.ADJ.DKAP.CD,11954555152.5305
Bangladesh,BGD,2012,Adjusted savings: consumption of fixed capital (current US$),NY.ADJ.DKAP.CD,10536854474.6145
Bangladesh,BGD,2011,Adjusted savings: consumption of fixed capital (current US$),NY.ADJ.DKAP.CD,10239745158.213
Bangladesh,BGD,2010,Adjusted savings: consumption of fixed capital (current US$),NY.ADJ.DKAP.CD,9216324271.95797
Bangladesh,BGD,2009,Adjusted savings: consumption of fixed capital (current US$),NY.ADJ.DKAP.CD,8265761638.76624
Bangladesh,BGD,2008,Adjusted savings: consumption of fixed capital (current US$),NY.ADJ.DKAP.CD,7336415573.70089
Bangladesh,BGD,2007,Adjusted savings: consumption of fixed capital (current US$),NY.ADJ.DKAP.CD,6475152373.14965
Bangladesh,BGD,2006,Adjusted savings: consumption of fixed capital (current US$),NY.ADJ.DKAP.CD,5890776069.51684
Bangladesh,BGD,2005,Adjusted savings: consumption of fixed capital (current US$),NY.ADJ.DKAP.CD,5146589282.91123
Bangladesh,BGD,2004,Adjusted savings: consumption of fixed capital (current US$),NY.ADJ.DKAP.CD,4847451715.82129
Bangladesh,BGD,2003,Adjusted savings: consumption of fixed capital (current US$),NY.ADJ.DKAP.CD,4539592723.07129
Bangladesh,BGD,2002,Adjusted savings: consumption of fixed capital (current US$),NY.ADJ.DKAP.CD,4149981382.29249
Bangladesh,BGD,2001,Adjusted savings: consumption of fixed capital (current US$),NY.ADJ.DKAP.CD,4131248290.56241
Bangladesh,BGD,2000,Adjusted savings: consumption of fixed capital (current US$),NY.ADJ.DKAP.CD,4017560653.85964
Bangladesh,BGD,1999,Adjusted savings: consumption of fixed capital (current US$),NY.ADJ.DKAP.CD,3910895243.65459
Bangladesh,BGD,1998,Adjusted savings: consumption of fixed capital (current US$),NY.ADJ.DKAP.CD,3821302942.76544
Bangladesh,BGD,1997,Adjusted savings: consumption of fixed capital (current US$),NY.ADJ.DKAP.CD,3643209357.71296
Bangladesh,BGD,1996,Adjusted savings: consumption of fixed capital (current US$),NY.ADJ.DKAP.CD,3533874911.73097
Bangladesh,BGD,1995,Adjusted savings: consumption of fixed capital (current US$),NY.ADJ.DKAP.CD,2855543241.91378
Bangladesh,BGD,1994,Adjusted savings: consumption of fixed capital (current US$),NY.ADJ.DKAP.CD,2562426844.80452
Bangladesh,BGD,1993,Adjusted savings: consumption of fixed capital (current US$),NY.ADJ.DKAP.CD,2505942064.22082
Bangladesh,BGD,1992,Adjusted savings: consumption of fixed capital (current US$),NY.ADJ.DKAP.CD,2397033335.94283
Bangladesh,BGD,1991,Adjusted savings: consumption of fixed capital (current US$),NY.ADJ.DKAP.CD,2303927468.23875
Bangladesh,BGD,1990,Adjusted savings: consumption of fixed capital (current US$),NY.ADJ.DKAP.CD,2362319685.64808
Bangladesh,BGD,1989,Adjusted savings: consumption of fixed capital (current US$),NY.ADJ.DKAP.CD,2142637260.70585
Bangladesh,BGD,1988,Adjusted savings: consumption of fixed capital (current US$),NY.ADJ.DKAP.CD,1985447401.56735
Bangladesh,BGD,1987,Adjusted savings: consumption of fixed capital (current US$),NY.ADJ.DKAP.CD,1768366624.86451
Bangladesh,BGD,1986,Adjusted savings: consumption of fixed capital (current US$),NY.ADJ.DKAP.CD,1569223828.23173
Bangladesh,BGD,1985,Adjusted savings: consumption of fixed capital (current US$),NY.ADJ.DKAP.CD,1631389033.29034
Bangladesh,BGD,1984,Adjusted savings: consumption of fixed capital (current US$),NY.ADJ.DKAP.CD,1380716297.74142
Bangladesh,BGD,1983,Adjusted savings: consumption of fixed capital (current US$),NY.ADJ.DKAP.CD,1288023607.79535
Bangladesh,BGD,1982,Adjusted savings: consumption of fixed capital (current US$),NY.ADJ.DKAP.CD,1332745625.07204
Bangladesh,BGD,1981,Adjusted savings: consumption of fixed capital (current US$),NY.ADJ.DKAP.CD,1502135182.65662
Bangladesh,BGD,1980,Adjusted savings: consumption of fixed capital (current US$),NY.ADJ.DKAP.CD,1360397980.93959
Bangladesh,BGD,1979,Adjusted savings: consumption of fixed capital (current US$),NY.ADJ.DKAP.CD,1172845291.01296
Bangladesh,BGD,1978,Adjusted savings: consumption of fixed capital (current US$),NY.ADJ.DKAP.CD,981519623.397209
Bangladesh,BGD,1977,Adjusted savings: consumption of fixed capital (current US$),NY.ADJ.DKAP.CD,718491685.096918
Bangladesh,BGD,1976,Adjusted savings: consumption of fixed capital (current US$),NY.ADJ.DKAP.CD,780582277.412993
Bangladesh,BGD,1975,Adjusted savings: consumption of fixed capital (current US$),NY.ADJ.DKAP.CD,1459981076.78712
Bangladesh,BGD,1974,Adjusted savings: consumption of fixed capital (current US$),NY.ADJ.DKAP.CD,883460331.119152
Bangladesh,BGD,1973,Adjusted savings: consumption of fixed capital (current US$),NY.ADJ.DKAP.CD,606093333.669933
Bangladesh,BGD,1972,Adjusted savings: consumption of fixed capital (current US$),NY.ADJ.DKAP.CD,500278563.447365
Bangladesh,BGD,1971,Adjusted savings: consumption of fixed capital (current US$),NY.ADJ.DKAP.CD,689022545.134815
Bangladesh,BGD,1970,Adjusted savings: consumption of fixed capital (current US$),NY.ADJ.DKAP.CD,699218868.056878
Bangladesh,BGD,2021,Adjusted savings: consumption of fixed capital (% of GNI),NY.ADJ.DKAP.GN.ZS,1.225706205948
Bangladesh,BGD,2020,Adjusted savings: consumption of fixed capital (% of GNI),NY.ADJ.DKAP.GN.ZS,1.01594597281626
Bangladesh,BGD,2019,Adjusted savings: consumption of fixed capital (% of GNI),NY.ADJ.DKAP.GN.ZS,0.793280392466689
Bangladesh,BGD,2018,Adjusted savings: consumption of fixed capital (% of GNI),NY.ADJ.DKAP.GN.ZS,7.93716545087888
Bangladesh,BGD,2017,Adjusted savings: consumption of fixed capital (% of GNI),NY.ADJ.DKAP.GN.ZS,8.00256762754688
Bangladesh,BGD,2016,Adjusted savings: consumption of fixed capital (% of GNI),NY.ADJ.DKAP.GN.ZS,7.82202556564629
Bangladesh,BGD,2015,Adjusted savings: consumption of fixed capital (% of GNI),NY.ADJ.DKAP.GN.ZS,7.61925819808058
Bangladesh,BGD,2014,Adjusted savings: consumption of fixed capital (% of GNI),NY.ADJ.DKAP.GN.ZS,7.58727995761973
Bangladesh,BGD,2013,Adjusted savings: consumption of fixed capital (% of GNI),NY.ADJ.DKAP.GN.ZS,7.37688939236805
Bangladesh,BGD,2012,Adjusted savings: consumption of fixed capital (% of GNI),NY.ADJ.DKAP.GN.ZS,7.28479934271289
Bangladesh,BGD,2011,Adjusted savings: consumption of fixed capital (% of GNI),NY.ADJ.DKAP.GN.ZS,7.37610328645615
Bangladesh,BGD,2010,Adjusted savings: consumption of fixed capital (% of GNI),NY.ADJ.DKAP.GN.ZS,7.39571415253942
Bangladesh,BGD,2009,Adjusted savings: consumption of fixed capital (% of GNI),NY.ADJ.DKAP.GN.ZS,7.47338261114457
Bangladesh,BGD,2008,Adjusted savings: consumption of fixed capital (% of GNI),NY.ADJ.DKAP.GN.ZS,7.43424178726741
Bangladesh,BGD,2007,Adjusted savings: consumption of fixed capital (% of GNI),NY.ADJ.DKAP.GN.ZS,7.64301790418932
Bangladesh,BGD,2006,Adjusted savings: consumption of fixed capital (% of GNI),NY.ADJ.DKAP.GN.ZS,7.7642786294773
Bangladesh,BGD,2005,Adjusted savings: consumption of fixed capital (% of GNI),NY.ADJ.DKAP.GN.ZS,7.09672086519415
Bangladesh,BGD,2004,Adjusted savings: consumption of fixed capital (% of GNI),NY.ADJ.DKAP.GN.ZS,7.13642973079477
Bangladesh,BGD,2003,Adjusted savings: consumption of fixed capital (% of GNI),NY.ADJ.DKAP.GN.ZS,7.25358670792818
Bangladesh,BGD,2002,Adjusted savings: consumption of fixed capital (% of GNI),NY.ADJ.DKAP.GN.ZS,7.29243363255933
Bangladesh,BGD,2001,Adjusted savings: consumption of fixed capital (% of GNI),NY.ADJ.DKAP.GN.ZS,7.42632487953819
Bangladesh,BGD,2000,Adjusted savings: consumption of fixed capital (% of GNI),NY.ADJ.DKAP.GN.ZS,7.2911671869817
Bangladesh,BGD,1999,Adjusted savings: consumption of fixed capital (% of GNI),NY.ADJ.DKAP.GN.ZS,7.40119393591365
Bangladesh,BGD,1998,Adjusted savings: consumption of fixed capital (% of GNI),NY.ADJ.DKAP.GN.ZS,7.43217705234529
Bangladesh,BGD,1997,Adjusted savings: consumption of fixed capital (% of GNI),NY.ADJ.DKAP.GN.ZS,7.34320386569413
Bangladesh,BGD,1996,Adjusted savings: consumption of fixed capital (% of GNI),NY.ADJ.DKAP.GN.ZS,7.41637379044249
Bangladesh,BGD,1995,Adjusted savings: consumption of fixed capital (% of GNI),NY.ADJ.DKAP.GN.ZS,7.3037841808626
Bangladesh,BGD,1994,Adjusted savings: consumption of fixed capital (% of GNI),NY.ADJ.DKAP.GN.ZS,7.35812130086581
Bangladesh,BGD,1993,Adjusted savings: consumption of fixed capital (% of GNI),NY.ADJ.DKAP.GN.ZS,7.3554434876506
Bangladesh,BGD,1992,Adjusted savings: consumption of fixed capital (% of GNI),NY.ADJ.DKAP.GN.ZS,7.38033871167211
Bangladesh,BGD,1991,Adjusted savings: consumption of fixed capital (% of GNI),NY.ADJ.DKAP.GN.ZS,7.28663264640859
Bangladesh,BGD,1990,Adjusted savings: consumption of fixed capital (% of GNI),NY.ADJ.DKAP.GN.ZS,7.32864558852545
Bangladesh,BGD,1989,Adjusted savings: consumption of fixed capital (% of GNI),NY.ADJ.DKAP.GN.ZS,7.28328188261313
Bangladesh,BGD,1988,Adjusted savings: consumption of fixed capital (% of GNI),NY.ADJ.DKAP.GN.ZS,7.30365624521578
Bangladesh,BGD,1987,Adjusted savings: consumption of fixed capital (% of GNI),NY.ADJ.DKAP.GN.ZS,7.11131705799249
Bangladesh,BGD,1986,Adjusted savings: consumption of fixed capital (% of GNI),NY.ADJ.DKAP.GN.ZS,7.06788599415252
Bangladesh,BGD,1985,Adjusted savings: consumption of fixed capital (% of GNI),NY.ADJ.DKAP.GN.ZS,7.20090093619417
Bangladesh,BGD,1984,Adjusted savings: consumption of fixed capital (% of GNI),NY.ADJ.DKAP.GN.ZS,7.09773287373527
Bangladesh,BGD,1983,Adjusted savings: consumption of fixed capital (% of GNI),NY.ADJ.DKAP.GN.ZS,7.1071293029799
Bangladesh,BGD,1982,Adjusted savings: consumption of fixed capital (% of GNI),NY.ADJ.DKAP.GN.ZS,7.07133557493005
Bangladesh,BGD,1981,Adjusted savings: consumption of fixed capital (% of GNI),NY.ADJ.DKAP.GN.ZS,7.29519097306583
Bangladesh,BGD,1980,Adjusted savings: consumption of fixed capital (% of GNI),NY.ADJ.DKAP.GN.ZS,7.49244015415432
Bangladesh,BGD,1979,Adjusted savings: consumption of fixed capital (% of GNI),NY.ADJ.DKAP.GN.ZS,7.5493466634505
Bangladesh,BGD,1978,Adjusted savings: consumption of fixed capital (% of GNI),NY.ADJ.DKAP.GN.ZS,7.41428447291669
Bangladesh,BGD,1977,Adjusted savings: consumption of fixed capital (% of GNI),NY.ADJ.DKAP.GN.ZS,7.47739083172743
Bangladesh,BGD,1976,Adjusted savings: consumption of fixed capital (% of GNI),NY.ADJ.DKAP.GN.ZS,7.72448628985623
Bangladesh,BGD,1975,Adjusted savings: consumption of fixed capital (% of GNI),NY.ADJ.DKAP.GN.ZS,7.51022191861244
Bangladesh,BGD,1974,Adjusted savings: consumption of fixed capital (% of GNI),NY.ADJ.DKAP.GN.ZS,7.05478104674815
Bangladesh,BGD,1973,Adjusted savings: consumption of fixed capital (% of GNI),NY.ADJ.DKAP.GN.ZS,7.4752014469406
Bangladesh,BGD,2021,Adjusted savings: mineral depletion (current US$),NY.ADJ.DMIN.CD,0
Bangladesh,BGD,2020,Adjusted savings: mineral depletion (current US$),NY.ADJ.DMIN.CD,0
Bangladesh,BGD,2019,Adjusted savings: mineral depletion (current US$),NY.ADJ.DMIN.CD,0
Bangladesh,BGD,2018,Adjusted savings: mineral depletion (current US$),NY.ADJ.DMIN.CD,0
Bangladesh,BGD,2017,Adjusted savings: mineral depletion (current US$),NY.ADJ.DMIN.CD,0
Bangladesh,BGD,2016,Adjusted savings: mineral depletion (current US$),NY.ADJ.DMIN.CD,0
Bangladesh,BGD,2015,Adjusted savings: mineral depletion (current US$),NY.ADJ.DMIN.CD,0
Bangladesh,BGD,2014,Adjusted savings: mineral depletion (current US$),NY.ADJ.DMIN.CD,0
Bangladesh,BGD,2013,Adjusted savings: mineral depletion (current US$),NY.ADJ.DMIN.CD,0
Bangladesh,BGD,2012,Adjusted savings: mineral depletion (current US$),NY.ADJ.DMIN.CD,0
Bangladesh,BGD,2011,Adjusted savings: mineral depletion (current US$),NY.ADJ.DMIN.CD,0
Bangladesh,BGD,2010,Adjusted savings: mineral depletion (current US$),NY.ADJ.DMIN.CD,0
Bangladesh,BGD,2009,Adjusted savings: mineral depletion (current US$),NY.ADJ.DMIN.CD,0
Bangladesh,BGD,2008,Adjusted savings: mineral depletion (current US$),NY.ADJ.DMIN.CD,0
Bangladesh,BGD,2007,Adjusted savings: mineral depletion (current US$),NY.ADJ.DMIN.CD,0
Bangladesh,BGD,2006,Adjusted savings: mineral depletion (current US$),NY.ADJ.DMIN.CD,0
Bangladesh,BGD,2005,Adjusted savings: mineral depletion (current US$),NY.ADJ.DMIN.CD,0
Bangladesh,BGD,2004,Adjusted savings: mineral depletion (current US$),NY.ADJ.DMIN.CD,0
Bangladesh,BGD,2003,Adjusted savings: mineral depletion (current US$),NY.ADJ.DMIN.CD,0
Bangladesh,BGD,2002,Adjusted savings: mineral depletion (current US$),NY.ADJ.DMIN.CD,0
Bangladesh,BGD,2001,Adjusted savings: mineral depletion (current US$),NY.ADJ.DMIN.CD,0
Bangladesh,BGD,2000,Adjusted savings: mineral depletion (current US$),NY.ADJ.DMIN.CD,0
Bangladesh,BGD,1999,Adjusted savings: mineral depletion (current US$),NY.ADJ.DMIN.CD,0
Bangladesh,BGD,1998,Adjusted savings: mineral depletion (current US$),NY.ADJ.DMIN.CD,0
Bangladesh,BGD,1997,Adjusted savings: mineral depletion (current US$),NY.ADJ.DMIN.CD,0
Bangladesh,BGD,1996,Adjusted savings: mineral depletion (current US$),NY.ADJ.DMIN.CD,0
Bangladesh,BGD,1995,Adjusted savings: mineral depletion (current US$),NY.ADJ.DMIN.CD,0
Bangladesh,BGD,1994,Adjusted savings: mineral depletion (current US$),NY.ADJ.DMIN.CD,0
Bangladesh,BGD,1993,Adjusted savings: mineral depletion (current US$),NY.ADJ.DMIN.CD,0
Bangladesh,BGD,1992,Adjusted savings: mineral depletion (current US$),NY.ADJ.DMIN.CD,0
Bangladesh,BGD,1991,Adjusted savings: mineral depletion (current US$),NY.ADJ.DMIN.CD,0
Bangladesh,BGD,1990,Adjusted savings: mineral depletion (current US$),NY.ADJ.DMIN.CD,0
Bangladesh,BGD,1989,Adjusted savings: mineral depletion (current US$),NY.ADJ.DMIN.CD,0
Bangladesh,BGD,1988,Adjusted savings: mineral depletion (current US$),NY.ADJ.DMIN.CD,0
Bangladesh,BGD,1987,Adjusted savings: mineral depletion (current US$),NY.ADJ.DMIN.CD,0
Bangladesh,BGD,1986,Adjusted savings: mineral depletion (current US$),NY.ADJ.DMIN.CD,0
Bangladesh,BGD,1985,Adjusted savings: mineral depletion (current US$),NY.ADJ.DMIN.CD,0
Bangladesh,BGD,1984,Adjusted savings: mineral depletion (current US$),NY.ADJ.DMIN.CD,0
Bangladesh,BGD,1983,Adjusted savings: mineral depletion (current US$),NY.ADJ.DMIN.CD,0
Bangladesh,BGD,1982,Adjusted savings: mineral depletion (current US$),NY.ADJ.DMIN.CD,0
Bangladesh,BGD,1981,Adjusted savings: mineral depletion (current US$),NY.ADJ.DMIN.CD,0
Bangladesh,BGD,1980,Adjusted savings: mineral depletion (current US$),NY.ADJ.DMIN.CD,0
Bangladesh,BGD,1979,Adjusted savings: mineral depletion (current US$),NY.ADJ.DMIN.CD,0
Bangladesh,BGD,1978,Adjusted savings: mineral depletion (current US$),NY.ADJ.DMIN.CD,0
Bangladesh,BGD,1977,Adjusted savings: mineral depletion (current US$),NY.ADJ.DMIN.CD,0
Bangladesh,BGD,1976,Adjusted savings: mineral depletion (current US$),NY.ADJ.DMIN.CD,0
Bangladesh,BGD,1975,Adjusted savings: mineral depletion (current US$),NY.ADJ.DMIN.CD,0
Bangladesh,BGD,1974,Adjusted savings: mineral depletion (current US$),NY.ADJ.DMIN.CD,0
Bangladesh,BGD,1973,Adjusted savings: mineral depletion (current US$),NY.ADJ.DMIN.CD,0
Bangladesh,BGD,1972,Adjusted savings: mineral depletion (current US$),NY.ADJ.DMIN.CD,0
Bangladesh,BGD,1971,Adjusted savings: mineral depletion (current US$),NY.ADJ.DMIN.CD,0
Bangladesh,BGD,1970,Adjusted savings: mineral depletion (current US$),NY.ADJ.DMIN.CD,0
Bangladesh,BGD,2021,Adjusted savings: mineral depletion (% of GNI),NY.ADJ.DMIN.GN.ZS,0
Bangladesh,BGD,2020,Adjusted savings: mineral depletion (% of GNI),NY.ADJ.DMIN.GN.ZS,0
Bangladesh,BGD,2019,Adjusted savings: mineral depletion (% of GNI),NY.ADJ.DMIN.GN.ZS,0
Bangladesh,BGD,2018,Adjusted savings: mineral depletion (% of GNI),NY.ADJ.DMIN.GN.ZS,0
Bangladesh,BGD,2017,Adjusted savings: mineral depletion (% of GNI),NY.ADJ.DMIN.GN.ZS,0
Bangladesh,BGD,2016,Adjusted savings: mineral depletion (% of GNI),NY.ADJ.DMIN.GN.ZS,0
Bangladesh,BGD,2015,Adjusted savings: mineral depletion (% of GNI),NY.ADJ.DMIN.GN.ZS,0
Bangladesh,BGD,2014,Adjusted savings: mineral depletion (% of GNI),NY.ADJ.DMIN.GN.ZS,0
Bangladesh,BGD,2013,Adjusted savings: mineral depletion (% of GNI),NY.ADJ.DMIN.GN.ZS,0
Bangladesh,BGD,2012,Adjusted savings: mineral depletion (% of GNI),NY.ADJ.DMIN.GN.ZS,0
Bangladesh,BGD,2011,Adjusted savings: mineral depletion (% of GNI),NY.ADJ.DMIN.GN.ZS,0
Bangladesh,BGD,2010,Adjusted savings: mineral depletion (% of GNI),NY.ADJ.DMIN.GN.ZS,0
Bangladesh,BGD,2009,Adjusted savings: mineral depletion (% of GNI),NY.ADJ.DMIN.GN.ZS,0
Bangladesh,BGD,2008,Adjusted savings: mineral depletion (% of GNI),NY.ADJ.DMIN.GN.ZS,0
Bangladesh,BGD,2007,Adjusted savings: mineral depletion (% of GNI),NY.ADJ.DMIN.GN.ZS,0
Bangladesh,BGD,2006,Adjusted savings: mineral depletion (% of GNI),NY.ADJ.DMIN.GN.ZS,0
Bangladesh,BGD,2005,Adjusted savings: mineral depletion (% of GNI),NY.ADJ.DMIN.GN.ZS,0
Bangladesh,BGD,2004,Adjusted savings: mineral depletion (% of GNI),NY.ADJ.DMIN.GN.ZS,0
Bangladesh,BGD,2003,Adjusted savings: mineral depletion (% of GNI),NY.ADJ.DMIN.GN.ZS,0
Bangladesh,BGD,2002,Adjusted savings: mineral depletion (% of GNI),NY.ADJ.DMIN.GN.ZS,0
Bangladesh,BGD,2001,Adjusted savings: mineral depletion (% of GNI),NY.ADJ.DMIN.GN.ZS,0
Bangladesh,BGD,2000,Adjusted savings: mineral depletion (% of GNI),NY.ADJ.DMIN.GN.ZS,0
Bangladesh,BGD,1999,Adjusted savings: mineral depletion (% of GNI),NY.ADJ.DMIN.GN.ZS,0
Bangladesh,BGD,1998,Adjusted savings: mineral depletion (% of GNI),NY.ADJ.DMIN.GN.ZS,0
Bangladesh,BGD,1997,Adjusted savings: mineral depletion (% of GNI),NY.ADJ.DMIN.GN.ZS,0
Bangladesh,BGD,1996,Adjusted savings: mineral depletion (% of GNI),NY.ADJ.DMIN.GN.ZS,0
Bangladesh,BGD,1995,Adjusted savings: mineral depletion (% of GNI),NY.ADJ.DMIN.GN.ZS,0
Bangladesh,BGD,1994,Adjusted savings: mineral depletion (% of GNI),NY.ADJ.DMIN.GN.ZS,0
Bangladesh,BGD,1993,Adjusted savings: mineral depletion (% of GNI),NY.ADJ.DMIN.GN.ZS,0
Bangladesh,BGD,1992,Adjusted savings: mineral depletion (% of GNI),NY.ADJ.DMIN.GN.ZS,0
Bangladesh,BGD,1991,Adjusted savings: mineral depletion (% of GNI),NY.ADJ.DMIN.GN.ZS,0
Bangladesh,BGD,1990,Adjusted savings: mineral depletion (% of GNI),NY.ADJ.DMIN.GN.ZS,0
Bangladesh,BGD,1989,Adjusted savings: mineral depletion (% of GNI),NY.ADJ.DMIN.GN.ZS,0
Bangladesh,BGD,1988,Adjusted savings: mineral depletion (% of GNI),NY.ADJ.DMIN.GN.ZS,0
Bangladesh,BGD,1987,Adjusted savings: mineral depletion (% of GNI),NY.ADJ.DMIN.GN.ZS,0
Bangladesh,BGD,1986,Adjusted savings: mineral depletion (% of GNI),NY.ADJ.DMIN.GN.ZS,0
Bangladesh,BGD,1985,Adjusted savings: mineral depletion (% of GNI),NY.ADJ.DMIN.GN.ZS,0
Bangladesh,BGD,1984,Adjusted savings: mineral depletion (% of GNI),NY.ADJ.DMIN.GN.ZS,0
Bangladesh,BGD,1983,Adjusted savings: mineral depletion (% of GNI),NY.ADJ.DMIN.GN.ZS,0
Bangladesh,BGD,1982,Adjusted savings: mineral depletion (% of GNI),NY.ADJ.DMIN.GN.ZS,0
Bangladesh,BGD,1981,Adjusted savings: mineral depletion (% of GNI),NY.ADJ.DMIN.GN.ZS,0
Bangladesh,BGD,1980,Adjusted savings: mineral depletion (% of GNI),NY.ADJ.DMIN.GN.ZS,0
Bangladesh,BGD,1979,Adjusted savings: mineral depletion (% of GNI),NY.ADJ.DMIN.GN.ZS,0
Bangladesh,BGD,1978,Adjusted savings: mineral depletion (% of GNI),NY.ADJ.DMIN.GN.ZS,0
Bangladesh,BGD,1977,Adjusted savings: mineral depletion (% of GNI),NY.ADJ.DMIN.GN.ZS,0
Bangladesh,BGD,1976,Adjusted savings: mineral depletion (% of GNI),NY.ADJ.DMIN.GN.ZS,0
Bangladesh,BGD,1975,Adjusted savings: mineral depletion (% of GNI),NY.ADJ.DMIN.GN.ZS,0
Bangladesh,BGD,1974,Adjusted savings: mineral depletion (% of GNI),NY.ADJ.DMIN.GN.ZS,0
Bangladesh,BGD,1973,Adjusted savings: mineral depletion (% of GNI),NY.ADJ.DMIN.GN.ZS,0
Bangladesh,BGD,2021,Adjusted savings: energy depletion (current US$),NY.ADJ.DNGY.CD,2036631101.87104
Bangladesh,BGD,2020,Adjusted savings: energy depletion (current US$),NY.ADJ.DNGY.CD,1663475075.71016
Bangladesh,BGD,2019,Adjusted savings: energy depletion (current US$),NY.ADJ.DNGY.CD,1846936436.14108
Bangladesh,BGD,2018,Adjusted savings: energy depletion (current US$),NY.ADJ.DNGY.CD,1697737368.03018
Bangladesh,BGD,2017,Adjusted savings: energy depletion (current US$),NY.ADJ.DNGY.CD,1495035556.26533
Bangladesh,BGD,2016,Adjusted savings: energy depletion (current US$),NY.ADJ.DNGY.CD,1257211531.73619
Bangladesh,BGD,2015,Adjusted savings: energy depletion (current US$),NY.ADJ.DNGY.CD,1173376784.81452
Bangladesh,BGD,2014,Adjusted savings: energy depletion (current US$),NY.ADJ.DNGY.CD,1229560257.49531
Bangladesh,BGD,2013,Adjusted savings: energy depletion (current US$),NY.ADJ.DNGY.CD,1157545056.9159
Bangladesh,BGD,2012,Adjusted savings: energy depletion (current US$),NY.ADJ.DNGY.CD,1337680806.32013
Bangladesh,BGD,2011,Adjusted savings: energy depletion (current US$),NY.ADJ.DNGY.CD,1172268732.63563
Bangladesh,BGD,2010,Adjusted savings: energy depletion (current US$),NY.ADJ.DNGY.CD,881615016.160472
Bangladesh,BGD,2009,Adjusted savings: energy depletion (current US$),NY.ADJ.DNGY.CD,700779976.549766
Bangladesh,BGD,2008,Adjusted savings: energy depletion (current US$),NY.ADJ.DNGY.CD,629402940.931785
Bangladesh,BGD,2007,Adjusted savings: energy depletion (current US$),NY.ADJ.DNGY.CD,517307264.775284
Bangladesh,BGD,2006,Adjusted savings: energy depletion (current US$),NY.ADJ.DNGY.CD,658376128.373986
Bangladesh,BGD,2005,Adjusted savings: energy depletion (current US$),NY.ADJ.DNGY.CD,517016851.140342
Bangladesh,BGD,2004,Adjusted savings: energy depletion (current US$),NY.ADJ.DNGY.CD,400720211.799258
Bangladesh,BGD,2003,Adjusted savings: energy depletion (current US$),NY.ADJ.DNGY.CD,322112372.042255
Bangladesh,BGD,2002,Adjusted savings: energy depletion (current US$),NY.ADJ.DNGY.CD,317011607.925301
Bangladesh,BGD,2001,Adjusted savings: energy depletion (current US$),NY.ADJ.DNGY.CD,234163573.908664
Bangladesh,BGD,2000,Adjusted savings: energy depletion (current US$),NY.ADJ.DNGY.CD,217161410.054774
Bangladesh,BGD,1999,Adjusted savings: energy depletion (current US$),NY.ADJ.DNGY.CD,120749264.041802
Bangladesh,BGD,1998,Adjusted savings: energy depletion (current US$),NY.ADJ.DNGY.CD,87994696.9265642
Bangladesh,BGD,1997,Adjusted savings: energy depletion (current US$),NY.ADJ.DNGY.CD,74018378.1301807
Bangladesh,BGD,1996,Adjusted savings: energy depletion (current US$),NY.ADJ.DNGY.CD,79317318.6594475
Bangladesh,BGD,1995,Adjusted savings: energy depletion (current US$),NY.ADJ.DNGY.CD,68424970.4738926
Bangladesh,BGD,1994,Adjusted savings: energy depletion (current US$),NY.ADJ.DNGY.CD,50863895.2456473
Bangladesh,BGD,1993,Adjusted savings: energy depletion (current US$),NY.ADJ.DNGY.CD,39340126.4817206
Bangladesh,BGD,1992,Adjusted savings: energy depletion (current US$),NY.ADJ.DNGY.CD,32197842.5063298
Bangladesh,BGD,1991,Adjusted savings: energy depletion (current US$),NY.ADJ.DNGY.CD,13442090.7808302
Bangladesh,BGD,1990,Adjusted savings: energy depletion (current US$),NY.ADJ.DNGY.CD,19338756.3256168
Bangladesh,BGD,1989,Adjusted savings: energy depletion (current US$),NY.ADJ.DNGY.CD,12285957.9169019
Bangladesh,BGD,1988,Adjusted savings: energy depletion (current US$),NY.ADJ.DNGY.CD,10690012.4840111
Bangladesh,BGD,1987,Adjusted savings: energy depletion (current US$),NY.ADJ.DNGY.CD,11081558.1283271
Bangladesh,BGD,1986,Adjusted savings: energy depletion (current US$),NY.ADJ.DNGY.CD,8096469.66206225
Bangladesh,BGD,1985,Adjusted savings: energy depletion (current US$),NY.ADJ.DNGY.CD,4537024.90025999
Bangladesh,BGD,1984,Adjusted savings: energy depletion (current US$),NY.ADJ.DNGY.CD,3733531.30093477
Bangladesh,BGD,1983,Adjusted savings: energy depletion (current US$),NY.ADJ.DNGY.CD,3861663.58445972
Bangladesh,BGD,1982,Adjusted savings: energy depletion (current US$),NY.ADJ.DNGY.CD,585980.147581094
Bangladesh,BGD,1981,Adjusted savings: energy depletion (current US$),NY.ADJ.DNGY.CD,1219334.5331242
Bangladesh,BGD,1980,Adjusted savings: energy depletion (current US$),NY.ADJ.DNGY.CD,3154524.05365287
Bangladesh,BGD,1979,Adjusted savings: energy depletion (current US$),NY.ADJ.DNGY.CD,1991726.08167819
Bangladesh,BGD,1978,Adjusted savings: energy depletion (current US$),NY.ADJ.DNGY.CD,1334927.20155241
Bangladesh,BGD,1977,Adjusted savings: energy depletion (current US$),NY.ADJ.DNGY.CD,1605303.26394165
Bangladesh,BGD,1976,Adjusted savings: energy depletion (current US$),NY.ADJ.DNGY.CD,1190469.29998886
Bangladesh,BGD,1975,Adjusted savings: energy depletion (current US$),NY.ADJ.DNGY.CD,758971.008265609
Bangladesh,BGD,1974,Adjusted savings: energy depletion (current US$),NY.ADJ.DNGY.CD,845017.054760808
Bangladesh,BGD,1973,Adjusted savings: energy depletion (current US$),NY.ADJ.DNGY.CD,321949.356262228
Bangladesh,BGD,1972,Adjusted savings: energy depletion (current US$),NY.ADJ.DNGY.CD,183392.449996445
Bangladesh,BGD,1971,Adjusted savings: energy depletion (current US$),NY.ADJ.DNGY.CD,213045.013142706
Bangladesh,BGD,1970,Adjusted savings: energy depletion (current US$),NY.ADJ.DNGY.CD,130885.702503597
Bangladesh,BGD,2021,Adjusted savings: energy depletion (% of GNI),NY.ADJ.DNGY.GN.ZS,0.464798446132852
Bangladesh,BGD,2020,Adjusted savings: energy depletion (% of GNI),NY.ADJ.DNGY.GN.ZS,0.427212723517809
Bangladesh,BGD,2019,Adjusted savings: energy depletion (% of GNI),NY.ADJ.DNGY.GN.ZS,0.505144042220117
Bangladesh,BGD,2018,Adjusted savings: energy depletion (% of GNI),NY.ADJ.DNGY.GN.ZS,0.507953435071236
Bangladesh,BGD,2017,Adjusted savings: energy depletion (% of GNI),NY.ADJ.DNGY.GN.ZS,0.491954808881409
Bangladesh,BGD,2016,Adjusted savings: energy depletion (% of GNI),NY.ADJ.DNGY.GN.ZS,0.452783577656485
Bangladesh,BGD,2015,Adjusted savings: energy depletion (% of GNI),NY.ADJ.DNGY.GN.ZS,0.564822186828127
Bangladesh,BGD,2014,Adjusted savings: energy depletion (% of GNI),NY.ADJ.DNGY.GN.ZS,0.666762846058404
Bangladesh,BGD,2013,Adjusted savings: energy depletion (% of GNI),NY.ADJ.DNGY.GN.ZS,0.71429524081818
Bangladesh,BGD,2012,Adjusted savings: energy depletion (% of GNI),NY.ADJ.DNGY.GN.ZS,0.924824033787091
Bangladesh,BGD,2011,Adjusted savings: energy depletion (% of GNI),NY.ADJ.DNGY.GN.ZS,0.844432660950363
Bangladesh,BGD,2010,Adjusted savings: energy depletion (% of GNI),NY.ADJ.DNGY.GN.ZS,0.707459119244303
Bangladesh,BGD,2009,Adjusted savings: energy depletion (% of GNI),NY.ADJ.DNGY.GN.ZS,0.633601248120074
Bangladesh,BGD,2008,Adjusted savings: energy depletion (% of GNI),NY.ADJ.DNGY.GN.ZS,0.637795609790363
Bangladesh,BGD,2007,Adjusted savings: energy depletion (% of GNI),NY.ADJ.DNGY.GN.ZS,0.610609366204226
Bangladesh,BGD,2006,Adjusted savings: energy depletion (% of GNI),NY.ADJ.DNGY.GN.ZS,0.867766087756145
Bangladesh,BGD,2005,Adjusted savings: energy depletion (% of GNI),NY.ADJ.DNGY.GN.ZS,0.712923467067331
Bangladesh,BGD,2004,Adjusted savings: energy depletion (% of GNI),NY.ADJ.DNGY.GN.ZS,0.589941231158831
Bangladesh,BGD,2003,Adjusted savings: energy depletion (% of GNI),NY.ADJ.DNGY.GN.ZS,0.514687145485634
Bangladesh,BGD,2002,Adjusted savings: energy depletion (% of GNI),NY.ADJ.DNGY.GN.ZS,0.557059393425309
Bangladesh,BGD,2001,Adjusted savings: energy depletion (% of GNI),NY.ADJ.DNGY.GN.ZS,0.42093204099402
Bangladesh,BGD,2000,Adjusted savings: energy depletion (% of GNI),NY.ADJ.DNGY.GN.ZS,0.394109830239632
Bangladesh,BGD,1999,Adjusted savings: energy depletion (% of GNI),NY.ADJ.DNGY.GN.ZS,0.228512569402678
Bangladesh,BGD,1998,Adjusted savings: energy depletion (% of GNI),NY.ADJ.DNGY.GN.ZS,0.171143763533284
Bangladesh,BGD,1997,Adjusted savings: energy depletion (% of GNI),NY.ADJ.DNGY.GN.ZS,0.149190449148154
Bangladesh,BGD,1996,Adjusted savings: energy depletion (% of GNI),NY.ADJ.DNGY.GN.ZS,0.166459452563352
Bangladesh,BGD,1995,Adjusted savings: energy depletion (% of GNI),NY.ADJ.DNGY.GN.ZS,0.1750144104238
Bangladesh,BGD,1994,Adjusted savings: energy depletion (% of GNI),NY.ADJ.DNGY.GN.ZS,0.146057910613466
Bangladesh,BGD,1993,Adjusted savings: energy depletion (% of GNI),NY.ADJ.DNGY.GN.ZS,0.11547117599596
Bangladesh,BGD,1992,Adjusted savings: energy depletion (% of GNI),NY.ADJ.DNGY.GN.ZS,0.0991354521101477
Bangladesh,BGD,1991,Adjusted savings: energy depletion (% of GNI),NY.ADJ.DNGY.GN.ZS,0.0425133077624453
Bangladesh,BGD,1990,Adjusted savings: energy depletion (% of GNI),NY.ADJ.DNGY.GN.ZS,0.059994797526491
Bangladesh,BGD,1989,Adjusted savings: energy depletion (% of GNI),NY.ADJ.DNGY.GN.ZS,0.0417625961928995
Bangladesh,BGD,1988,Adjusted savings: energy depletion (% of GNI),NY.ADJ.DNGY.GN.ZS,0.0393242230333816
Bangladesh,BGD,1987,Adjusted savings: energy depletion (% of GNI),NY.ADJ.DNGY.GN.ZS,0.0445634249363565
Bangladesh,BGD,1986,Adjusted savings: energy depletion (% of GNI),NY.ADJ.DNGY.GN.ZS,0.0364670249693149
Bangladesh,BGD,1985,Adjusted savings: energy depletion (% of GNI),NY.ADJ.DNGY.GN.ZS,0.0200262881416612
Bangladesh,BGD,1984,Adjusted savings: energy depletion (% of GNI),NY.ADJ.DNGY.GN.ZS,0.0191926523161293
Bangladesh,BGD,1983,Adjusted savings: energy depletion (% of GNI),NY.ADJ.DNGY.GN.ZS,0.0213081051102324
Bangladesh,BGD,1982,Adjusted savings: energy depletion (% of GNI),NY.ADJ.DNGY.GN.ZS,0.00310911713821531
Bangladesh,BGD,1981,Adjusted savings: energy depletion (% of GNI),NY.ADJ.DNGY.GN.ZS,0.00592175616542263
Bangladesh,BGD,1980,Adjusted savings: energy depletion (% of GNI),NY.ADJ.DNGY.GN.ZS,0.0173736531647234
Bangladesh,BGD,1979,Adjusted savings: energy depletion (% of GNI),NY.ADJ.DNGY.GN.ZS,0.0128203018458114
Bangladesh,BGD,1978,Adjusted savings: energy depletion (% of GNI),NY.ADJ.DNGY.GN.ZS,0.0100838839968243
Bangladesh,BGD,1977,Adjusted savings: energy depletion (% of GNI),NY.ADJ.DNGY.GN.ZS,0.0167064980109273
Bangladesh,BGD,1976,Adjusted savings: energy depletion (% of GNI),NY.ADJ.DNGY.GN.ZS,0.0117806463871244
Bangladesh,BGD,1975,Adjusted savings: energy depletion (% of GNI),NY.ADJ.DNGY.GN.ZS,0.00390418806962309
Bangladesh,BGD,1974,Adjusted savings: energy depletion (% of GNI),NY.ADJ.DNGY.GN.ZS,0.00674779624180034
Bangladesh,BGD,1973,Adjusted savings: energy depletion (% of GNI),NY.ADJ.DNGY.GN.ZS,0.00397073546280516
Bangladesh,BGD,2021,Adjusted savings: particulate emission damage (current US$),NY.ADJ.DPEM.CD,2693721184.29102
Bangladesh,BGD,2020,Adjusted savings: particulate emission damage (current US$),NY.ADJ.DPEM.CD,2583111683.41737
Bangladesh,BGD,2019,Adjusted savings: particulate emission damage (current US$),NY.ADJ.DPEM.CD,2505868718.77849
Bangladesh,BGD,2018,Adjusted savings: particulate emission damage (current US$),NY.ADJ.DPEM.CD,2458195240.85312
Bangladesh,BGD,2017,Adjusted savings: particulate emission damage (current US$),NY.ADJ.DPEM.CD,2407487501.55796
Bangladesh,BGD,2016,Adjusted savings: particulate emission damage (current US$),NY.ADJ.DPEM.CD,2365846031.45902
Bangladesh,BGD,2015,Adjusted savings: particulate emission damage (current US$),NY.ADJ.DPEM.CD,1872668307.73324
Bangladesh,BGD,2014,Adjusted savings: particulate emission damage (current US$),NY.ADJ.DPEM.CD,1783842478.27497
Bangladesh,BGD,2013,Adjusted savings: particulate emission damage (current US$),NY.ADJ.DPEM.CD,1678145010.14933
Bangladesh,BGD,2012,Adjusted savings: particulate emission damage (current US$),NY.ADJ.DPEM.CD,1614002581.6051
Bangladesh,BGD,2011,Adjusted savings: particulate emission damage (current US$),NY.ADJ.DPEM.CD,1666114664.09909
Bangladesh,BGD,2010,Adjusted savings: particulate emission damage (current US$),NY.ADJ.DPEM.CD,1593100531.45186
Bangladesh,BGD,2009,Adjusted savings: particulate emission damage (current US$),NY.ADJ.DPEM.CD,1482390187.97881
Bangladesh,BGD,2008,Adjusted savings: particulate emission damage (current US$),NY.ADJ.DPEM.CD,1380979878.7766
Bangladesh,BGD,2007,Adjusted savings: particulate emission damage (current US$),NY.ADJ.DPEM.CD,1273127759.73044
Bangladesh,BGD,2006,Adjusted savings: particulate emission damage (current US$),NY.ADJ.DPEM.CD,1222135238.62916
Bangladesh,BGD,2005,Adjusted savings: particulate emission damage (current US$),NY.ADJ.DPEM.CD,1260736349.46773
Bangladesh,BGD,2004,Adjusted savings: particulate emission damage (current US$),NY.ADJ.DPEM.CD,1260825431.23051
Bangladesh,BGD,2003,Adjusted savings: particulate emission damage (current US$),NY.ADJ.DPEM.CD,1237946783.47295
Bangladesh,BGD,2002,Adjusted savings: particulate emission damage (current US$),NY.ADJ.DPEM.CD,1195455942.62767
Bangladesh,BGD,2001,Adjusted savings: particulate emission damage (current US$),NY.ADJ.DPEM.CD,1242546537.12819
Bangladesh,BGD,2000,Adjusted savings: particulate emission damage (current US$),NY.ADJ.DPEM.CD,1316105533.38967
Bangladesh,BGD,1999,Adjusted savings: particulate emission damage (current US$),NY.ADJ.DPEM.CD,1343098916.66746
Bangladesh,BGD,1998,Adjusted savings: particulate emission damage (current US$),NY.ADJ.DPEM.CD,1401151520.46765
Bangladesh,BGD,1997,Adjusted savings: particulate emission damage (current US$),NY.ADJ.DPEM.CD,1458831415.41315
Bangladesh,BGD,1996,Adjusted savings: particulate emission damage (current US$),NY.ADJ.DPEM.CD,1486319586.49782
Bangladesh,BGD,1995,Adjusted savings: particulate emission damage (current US$),NY.ADJ.DPEM.CD,1270701588.76426
Bangladesh,BGD,1994,Adjusted savings: particulate emission damage (current US$),NY.ADJ.DPEM.CD,1182583586.66206
Bangladesh,BGD,1993,Adjusted savings: particulate emission damage (current US$),NY.ADJ.DPEM.CD,1223575262.32584
Bangladesh,BGD,1992,Adjusted savings: particulate emission damage (current US$),NY.ADJ.DPEM.CD,1240212313.4498
Bangladesh,BGD,1991,Adjusted savings: particulate emission damage (current US$),NY.ADJ.DPEM.CD,1243480249.61326
Bangladesh,BGD,1990,Adjusted savings: particulate emission damage (current US$),NY.ADJ.DPEM.CD,1384521800.85042
Bangladesh,BGD,2021,Adjusted savings: particulate emission damage (% of GNI),NY.ADJ.DPEM.GN.ZS,0.61475905951911
Bangladesh,BGD,2020,Adjusted savings: particulate emission damage (% of GNI),NY.ADJ.DPEM.GN.ZS,0.663393274439229
Bangladesh,BGD,2019,Adjusted savings: particulate emission damage (% of GNI),NY.ADJ.DPEM.GN.ZS,0.685364492847128
Bangladesh,BGD,2018,Adjusted savings: particulate emission damage (% of GNI),NY.ADJ.DPEM.GN.ZS,0.735478137066551
Bangladesh,BGD,2017,Adjusted savings: particulate emission damage (% of GNI),NY.ADJ.DPEM.GN.ZS,0.792205274817647
Bangladesh,BGD,2016,Adjusted savings: particulate emission damage (% of GNI),NY.ADJ.DPEM.GN.ZS,0.852057273789943
Bangladesh,BGD,2015,Adjusted savings: particulate emission damage (% of GNI),NY.ADJ.DPEM.GN.ZS,0.901436454569714
Bangladesh,BGD,2014,Adjusted savings: particulate emission damage (% of GNI),NY.ADJ.DPEM.GN.ZS,0.967337615610139
Bangladesh,BGD,2013,Adjusted savings: particulate emission damage (% of GNI),NY.ADJ.DPEM.GN.ZS,1.03554586233228
Bangladesh,BGD,2012,Adjusted savings: particulate emission damage (% of GNI),NY.ADJ.DPEM.GN.ZS,1.11586289570009
Bangladesh,BGD,2011,Adjusted savings: particulate emission damage (% of GNI),NY.ADJ.DPEM.GN.ZS,1.20016989286272
Bangladesh,BGD,2010,Adjusted savings: particulate emission damage (% of GNI),NY.ADJ.DPEM.GN.ZS,1.27839644083764
Bangladesh,BGD,2009,Adjusted savings: particulate emission damage (% of GNI),NY.ADJ.DPEM.GN.ZS,1.34028411874526
Bangladesh,BGD,2008,Adjusted savings: particulate emission damage (% of GNI),NY.ADJ.DPEM.GN.ZS,1.39939432534047
Bangladesh,BGD,2007,Adjusted savings: particulate emission damage (% of GNI),NY.ADJ.DPEM.GN.ZS,1.50275046843524
Bangladesh,BGD,2006,Adjusted savings: particulate emission damage (% of GNI),NY.ADJ.DPEM.GN.ZS,1.6108231587214
Bangladesh,BGD,2005,Adjusted savings: particulate emission damage (% of GNI),NY.ADJ.DPEM.GN.ZS,1.73845113043784
Bangladesh,BGD,2004,Adjusted savings: particulate emission damage (% of GNI),NY.ADJ.DPEM.GN.ZS,1.85619014283489
Bangladesh,BGD,2003,Adjusted savings: particulate emission damage (% of GNI),NY.ADJ.DPEM.GN.ZS,1.97805285220536
Bangladesh,BGD,2002,Adjusted savings: particulate emission damage (% of GNI),NY.ADJ.DPEM.GN.ZS,2.10068005592959
Bangladesh,BGD,2001,Adjusted savings: particulate emission damage (% of GNI),NY.ADJ.DPEM.GN.ZS,2.23359953545734
Bangladesh,BGD,2000,Adjusted savings: particulate emission damage (% of GNI),NY.ADJ.DPEM.GN.ZS,2.38850046244778
Bangladesh,BGD,1999,Adjusted savings: particulate emission damage (% of GNI),NY.ADJ.DPEM.GN.ZS,2.54175449304092
Bangladesh,BGD,1998,Adjusted savings: particulate emission damage (% of GNI),NY.ADJ.DPEM.GN.ZS,2.7251454106756
Bangladesh,BGD,1997,Adjusted savings: particulate emission damage (% of GNI),NY.ADJ.DPEM.GN.ZS,2.94040101384202
Bangladesh,BGD,1996,Adjusted savings: particulate emission damage (% of GNI),NY.ADJ.DPEM.GN.ZS,3.11926763138438
Bangladesh,BGD,1995,Adjusted savings: particulate emission damage (% of GNI),NY.ADJ.DPEM.GN.ZS,3.25014520053049
Bangladesh,BGD,1994,Adjusted savings: particulate emission damage (% of GNI),NY.ADJ.DPEM.GN.ZS,3.39584074242565
Bangladesh,BGD,1993,Adjusted savings: particulate emission damage (% of GNI),NY.ADJ.DPEM.GN.ZS,3.59143925289562
Bangladesh,BGD,1992,Adjusted savings: particulate emission damage (% of GNI),NY.ADJ.DPEM.GN.ZS,3.81854804036162
Bangladesh,BGD,1991,Adjusted savings: particulate emission damage (% of GNI),NY.ADJ.DPEM.GN.ZS,3.93275565611571
Bangladesh,BGD,1990,Adjusted savings: particulate emission damage (% of GNI),NY.ADJ.DPEM.GN.ZS,4.2952144240529
Bangladesh,BGD,2021,Adjusted savings: gross savings (% of GNI),NY.ADJ.ICTR.GN.ZS,34.2479436170974
Bangladesh,BGD,2020,Adjusted savings: gross savings (% of GNI),NY.ADJ.ICTR.GN.ZS,35.7119146192046
Bangladesh,BGD,2019,Adjusted savings: gross savings (% of GNI),NY.ADJ.ICTR.GN.ZS,34.9229994678303
Bangladesh,BGD,2018,Adjusted savings: gross savings (% of GNI),NY.ADJ.ICTR.GN.ZS,34.0953208906597
Bangladesh,BGD,2017,Adjusted savings: gross savings (% of GNI),NY.ADJ.ICTR.GN.ZS,34.1072434614113
Bangladesh,BGD,2016,Adjusted savings: gross savings (% of GNI),NY.ADJ.ICTR.GN.ZS,35.6116283122918
Bangladesh,BGD,2015,Adjusted savings: gross savings (% of GNI),NY.ADJ.ICTR.GN.ZS,34.4944768379367
Bangladesh,BGD,2014,Adjusted savings: gross savings (% of GNI),NY.ADJ.ICTR.GN.ZS,35.4188008099105
Bangladesh,BGD,2013,Adjusted savings: gross savings (% of GNI),NY.ADJ.ICTR.GN.ZS,36.7871540358758
Bangladesh,BGD,2012,Adjusted savings: gross savings (% of GNI),NY.ADJ.ICTR.GN.ZS,37.4283340204237
Bangladesh,BGD,2011,Adjusted savings: gross savings (% of GNI),NY.ADJ.ICTR.GN.ZS,35.2650217458057
Bangladesh,BGD,2010,Adjusted savings: gross savings (% of GNI),NY.ADJ.ICTR.GN.ZS,35.8754321304425
Bangladesh,BGD,2009,Adjusted savings: gross savings (% of GNI),NY.ADJ.ICTR.GN.ZS,36.112926577455
Bangladesh,BGD,2008,Adjusted savings: gross savings (% of GNI),NY.ADJ.ICTR.GN.ZS,34.7108482094843
Bangladesh,BGD,2007,Adjusted savings: gross savings (% of GNI),NY.ADJ.ICTR.GN.ZS,34.1277747829596
Bangladesh,BGD,2006,Adjusted savings: gross savings (% of GNI),NY.ADJ.ICTR.GN.ZS,33.451579139857
Bangladesh,BGD,2005,Adjusted savings: gross savings (% of GNI),NY.ADJ.ICTR.GN.ZS,30.9892303081034
Bangladesh,BGD,2004,Adjusted savings: gross savings (% of GNI),NY.ADJ.ICTR.GN.ZS,30.2678703324298
Bangladesh,BGD,2003,Adjusted savings: gross savings (% of GNI),NY.ADJ.ICTR.GN.ZS,28.9956958926891
Bangladesh,BGD,2002,Adjusted savings: gross savings (% of GNI),NY.ADJ.ICTR.GN.ZS,29.5691136344209
Bangladesh,BGD,2001,Adjusted savings: gross savings (% of GNI),NY.ADJ.ICTR.GN.ZS,27.5851546492958
Bangladesh,BGD,2000,Adjusted savings: gross savings (% of GNI),NY.ADJ.ICTR.GN.ZS,26.9237261553823
Bangladesh,BGD,1999,Adjusted savings: gross savings (% of GNI),NY.ADJ.ICTR.GN.ZS,25.8674243386214
Bangladesh,BGD,1998,Adjusted savings: gross savings (% of GNI),NY.ADJ.ICTR.GN.ZS,25.1149907427208
Bangladesh,BGD,1997,Adjusted savings: gross savings (% of GNI),NY.ADJ.ICTR.GN.ZS,23.7242502152672
Bangladesh,BGD,1996,Adjusted savings: gross savings (% of GNI),NY.ADJ.ICTR.GN.ZS,22.5506566991237
Bangladesh,BGD,1995,Adjusted savings: gross savings (% of GNI),NY.ADJ.ICTR.GN.ZS,21.4907695209159
Bangladesh,BGD,1994,Adjusted savings: gross savings (% of GNI),NY.ADJ.ICTR.GN.ZS,21.737515215823
Bangladesh,BGD,1993,Adjusted savings: gross savings (% of GNI),NY.ADJ.ICTR.GN.ZS,20.3474036278617
Bangladesh,BGD,1992,Adjusted savings: gross savings (% of GNI),NY.ADJ.ICTR.GN.ZS,21.4727340187331
Bangladesh,BGD,1991,Adjusted savings: gross savings (% of GNI),NY.ADJ.ICTR.GN.ZS,22.0887245049157
Bangladesh,BGD,1990,Adjusted savings: gross savings (% of GNI),NY.ADJ.ICTR.GN.ZS,22.570328473555
Bangladesh,BGD,1989,Adjusted savings: gross savings (% of GNI),NY.ADJ.ICTR.GN.ZS,21.8624179017166
Bangladesh,BGD,1988,Adjusted savings: gross savings (% of GNI),NY.ADJ.ICTR.GN.ZS,21.7016795679002
Bangladesh,BGD,1987,Adjusted savings: gross savings (% of GNI),NY.ADJ.ICTR.GN.ZS,22.1077561087663
Bangladesh,BGD,1986,Adjusted savings: gross savings (% of GNI),NY.ADJ.ICTR.GN.ZS,22.3368645298493
Bangladesh,BGD,1985,Adjusted savings: gross savings (% of GNI),NY.ADJ.ICTR.GN.ZS,21.1622547393928
Bangladesh,BGD,1984,Adjusted savings: gross savings (% of GNI),NY.ADJ.ICTR.GN.ZS,15.8491895643872
Bangladesh,BGD,1983,Adjusted savings: gross savings (% of GNI),NY.ADJ.ICTR.GN.ZS,22.4444835914071
Bangladesh,BGD,1982,Adjusted savings: gross savings (% of GNI),NY.ADJ.ICTR.GN.ZS,23.126806688019
Bangladesh,BGD,1981,Adjusted savings: gross savings (% of GNI),NY.ADJ.ICTR.GN.ZS,20.7929668556767
Bangladesh,BGD,1980,Adjusted savings: gross savings (% of GNI),NY.ADJ.ICTR.GN.ZS,8.3242608176148
Bangladesh,BGD,1979,Adjusted savings: gross savings (% of GNI),NY.ADJ.ICTR.GN.ZS,7.08983729820491
Bangladesh,BGD,1978,Adjusted savings: gross savings (% of GNI),NY.ADJ.ICTR.GN.ZS,5.7232063732959
Bangladesh,BGD,1977,Adjusted savings: gross savings (% of GNI),NY.ADJ.ICTR.GN.ZS,10.0841137006715
Bangladesh,BGD,1976,Adjusted savings: gross savings (% of GNI),NY.ADJ.ICTR.GN.ZS,-0.841889909747201
Bangladesh,BGD,2021,Adjusted savings: net national savings (current US$),NY.ADJ.NNAT.CD,144695225047.49
Bangladesh,BGD,2020,Adjusted savings: net national savings (current US$),NY.ADJ.NNAT.CD,135098689467.01
Bangladesh,BGD,2019,Adjusted savings: net national savings (current US$),NY.ADJ.NNAT.CD,124787023991.229
Bangladesh,BGD,2018,Adjusted savings: net national savings (current US$),NY.ADJ.NNAT.CD,87428639915.8422
Bangladesh,BGD,2017,Adjusted savings: net national savings (current US$),NY.ADJ.NNAT.CD,79331308184.8855
Bangladesh,BGD,2016,Adjusted savings: net national savings (current US$),NY.ADJ.NNAT.CD,77161387381.3163
Bangladesh,BGD,2015,Adjusted savings: net national savings (current US$),NY.ADJ.NNAT.CD,55831301202.7936
Bangladesh,BGD,2014,Adjusted savings: net national savings (current US$),NY.ADJ.NNAT.CD,51323393539.2843
Bangladesh,BGD,2013,Adjusted savings: net national savings (current US$),NY.ADJ.NNAT.CD,47660553389.2203
Bangladesh,BGD,2012,Adjusted savings: net national savings (current US$),NY.ADJ.NNAT.CD,43600108020.443
Bangladesh,BGD,2011,Adjusted savings: net national savings (current US$),NY.ADJ.NNAT.CD,38716298656.811
Bangladesh,BGD,2010,Adjusted savings: net national savings (current US$),NY.ADJ.NNAT.CD,35490597749.5275
Bangladesh,BGD,2009,Adjusted savings: net national savings (current US$),NY.ADJ.NNAT.CD,31676103872.3579
Bangladesh,BGD,2008,Adjusted savings: net national savings (current US$),NY.ADJ.NNAT.CD,26917677132.3733
Bangladesh,BGD,2007,Adjusted savings: net national savings (current US$),NY.ADJ.NNAT.CD,22437843075.2938
Bangladesh,BGD,2006,Adjusted savings: net national savings (current US$),NY.ADJ.NNAT.CD,19489014029.2685
Bangladesh,BGD,2005,Adjusted savings: net national savings (current US$),NY.ADJ.NNAT.CD,17327007131.3941
Bangladesh,BGD,2004,Adjusted savings: net national savings (current US$),NY.ADJ.NNAT.CD,15712134171.2316
Bangladesh,BGD,2003,Adjusted savings: net national savings (current US$),NY.ADJ.NNAT.CD,13607105644.9194
Bangladesh,BGD,2002,Adjusted savings: net national savings (current US$),NY.ADJ.NNAT.CD,12677222985.5135
Bangladesh,BGD,2001,Adjusted savings: net national savings (current US$),NY.ADJ.NNAT.CD,11214312917.4856
Bangladesh,BGD,2000,Adjusted savings: net national savings (current US$),NY.ADJ.NNAT.CD,10817883395.5222
Bangladesh,BGD,1999,Adjusted savings: net national savings (current US$),NY.ADJ.NNAT.CD,9757816546.29271
Bangladesh,BGD,1998,Adjusted savings: net national savings (current US$),NY.ADJ.NNAT.CD,9091735505.69306
Bangladesh,BGD,1997,Adjusted savings: net national savings (current US$),NY.ADJ.NNAT.CD,8127185686.44194
Bangladesh,BGD,1996,Adjusted savings: net national savings (current US$),NY.ADJ.NNAT.CD,7211430301.28153
Bangladesh,BGD,1995,Adjusted savings: net national savings (current US$),NY.ADJ.NNAT.CD,5546652133.70729
Bangladesh,BGD,1994,Adjusted savings: net national savings (current US$),NY.ADJ.NNAT.CD,5007547915.16818
Bangladesh,BGD,1993,Adjusted savings: net national savings (current US$),NY.ADJ.NNAT.CD,4426259200.64465
Bangladesh,BGD,1992,Adjusted savings: net national savings (current US$),NY.ADJ.NNAT.CD,4577017756.77124
Bangladesh,BGD,1991,Adjusted savings: net national savings (current US$),NY.ADJ.NNAT.CD,4680206574.84583
Bangladesh,BGD,1990,Adjusted savings: net national savings (current US$),NY.ADJ.NNAT.CD,4913012518.72316
Bangladesh,BGD,1989,Adjusted savings: net national savings (current US$),NY.ADJ.NNAT.CD,4288973098.51508
Bangladesh,BGD,1988,Adjusted savings: net national savings (current US$),NY.ADJ.NNAT.CD,3914001020.03093
Bangladesh,BGD,1987,Adjusted savings: net national savings (current US$),NY.ADJ.NNAT.CD,3729154823.63394
Bangladesh,BGD,1986,Adjusted savings: net national savings (current US$),NY.ADJ.NNAT.CD,3390044062.79296
Bangladesh,BGD,1985,Adjusted savings: net national savings (current US$),NY.ADJ.NNAT.CD,3162993031.87781
Bangladesh,BGD,1984,Adjusted savings: net national savings (current US$),NY.ADJ.NNAT.CD,1702413868.86718
Bangladesh,BGD,1983,Adjusted savings: net national savings (current US$),NY.ADJ.NNAT.CD,2779585619.23625
Bangladesh,BGD,1982,Adjusted savings: net national savings (current US$),NY.ADJ.NNAT.CD,3025999637.22573
Bangladesh,BGD,1981,Adjusted savings: net national savings (current US$),NY.ADJ.NNAT.CD,2779294485.33175
Bangladesh,BGD,1980,Adjusted savings: net national savings (current US$),NY.ADJ.NNAT.CD,151033191.82977
Bangladesh,BGD,1979,Adjusted savings: net national savings (current US$),NY.ADJ.NNAT.CD,-71388084.1919568
Bangladesh,BGD,1978,Adjusted savings: net national savings (current US$),NY.ADJ.NNAT.CD,-223868715.253397
Bangladesh,BGD,1977,Adjusted savings: net national savings (current US$),NY.ADJ.NNAT.CD,250476235.472578
Bangladesh,BGD,1976,Adjusted savings: net national savings (current US$),NY.ADJ.NNAT.CD,-865657752.780783
Bangladesh,BGD,2021,Adjusted savings: net national savings (% of GNI),NY.ADJ.NNAT.GN.ZS,33.0222374111496
Bangladesh,BGD,2020,Adjusted savings: net national savings (% of GNI),NY.ADJ.NNAT.GN.ZS,34.6959686463883
Bangladesh,BGD,2019,Adjusted savings: net national savings (% of GNI),NY.ADJ.NNAT.GN.ZS,34.1297190753635
Bangladesh,BGD,2018,Adjusted savings: net national savings (% of GNI),NY.ADJ.NNAT.GN.ZS,26.158155439781
Bangladesh,BGD,2017,Adjusted savings: net national savings (% of GNI),NY.ADJ.NNAT.GN.ZS,26.1046758338644
Bangladesh,BGD,2016,Adjusted savings: net national savings (% of GNI),NY.ADJ.NNAT.GN.ZS,27.7896027466455
Bangladesh,BGD,2015,Adjusted savings: net national savings (% of GNI),NY.ADJ.NNAT.GN.ZS,26.8752186398561
Bangladesh,BGD,2014,Adjusted savings: net national savings (% of GNI),NY.ADJ.NNAT.GN.ZS,27.8315208522909
Bangladesh,BGD,2013,Adjusted savings: net national savings (% of GNI),NY.ADJ.NNAT.GN.ZS,29.4102646435078
Bangladesh,BGD,2012,Adjusted savings: net national savings (% of GNI),NY.ADJ.NNAT.GN.ZS,30.1435346777108
Bangladesh,BGD,2011,Adjusted savings: net national savings (% of GNI),NY.ADJ.NNAT.GN.ZS,27.8889184593494
Bangladesh,BGD,2010,Adjusted savings: net national savings (% of GNI),NY.ADJ.NNAT.GN.ZS,28.4797179779029
Bangladesh,BGD,2009,Adjusted savings: net national savings (% of GNI),NY.ADJ.NNAT.GN.ZS,28.6395439663105
Bangladesh,BGD,2008,Adjusted savings: net national savings (% of GNI),NY.ADJ.NNAT.GN.ZS,27.2766064222169
Bangladesh,BGD,2007,Adjusted savings: net national savings (% of GNI),NY.ADJ.NNAT.GN.ZS,26.4847568787702
Bangladesh,BGD,2006,Adjusted savings: net national savings (% of GNI),NY.ADJ.NNAT.GN.ZS,25.6873005103797
Bangladesh,BGD,2005,Adjusted savings: net national savings (% of GNI),NY.ADJ.NNAT.GN.ZS,23.8925094429092
Bangladesh,BGD,2004,Adjusted savings: net national savings (% of GNI),NY.ADJ.NNAT.GN.ZS,23.131440601635
Bangladesh,BGD,2003,Adjusted savings: net national savings (% of GNI),NY.ADJ.NNAT.GN.ZS,21.7421091847609
Bangladesh,BGD,2002,Adjusted savings: net national savings (% of GNI),NY.ADJ.NNAT.GN.ZS,22.2766800018616
Bangladesh,BGD,2001,Adjusted savings: net national savings (% of GNI),NY.ADJ.NNAT.GN.ZS,20.1588297697576
Bangladesh,BGD,2000,Adjusted savings: net national savings (% of GNI),NY.ADJ.NNAT.GN.ZS,19.6325589684006
Bangladesh,BGD,1999,Adjusted savings: net national savings (% of GNI),NY.ADJ.NNAT.GN.ZS,18.4662304027078
Bangladesh,BGD,1998,Adjusted savings: net national savings (% of GNI),NY.ADJ.NNAT.GN.ZS,17.6828136903755
Bangladesh,BGD,1997,Adjusted savings: net national savings (% of GNI),NY.ADJ.NNAT.GN.ZS,16.3810463495731
Bangladesh,BGD,1996,Adjusted savings: net national savings (% of GNI),NY.ADJ.NNAT.GN.ZS,15.1342829086812
Bangladesh,BGD,1995,Adjusted savings: net national savings (% of GNI),NY.ADJ.NNAT.GN.ZS,14.1869853400533
Bangladesh,BGD,1994,Adjusted savings: net national savings (% of GNI),NY.ADJ.NNAT.GN.ZS,14.3793939149572
Bangladesh,BGD,1993,Adjusted savings: net national savings (% of GNI),NY.ADJ.NNAT.GN.ZS,12.9919601402111
Bangladesh,BGD,1992,Adjusted savings: net national savings (% of GNI),NY.ADJ.NNAT.GN.ZS,14.092395307061
Bangladesh,BGD,1991,Adjusted savings: net national savings (% of GNI),NY.ADJ.NNAT.GN.ZS,14.8020918585071
Bangladesh,BGD,1990,Adjusted savings: net national savings (% of GNI),NY.ADJ.NNAT.GN.ZS,15.2416828850296
Bangladesh,BGD,1989,Adjusted savings: net national savings (% of GNI),NY.ADJ.NNAT.GN.ZS,14.5791360191035
Bangladesh,BGD,1988,Adjusted savings: net national savings (% of GNI),NY.ADJ.NNAT.GN.ZS,14.3980233226844
Bangladesh,BGD,1987,Adjusted savings: net national savings (% of GNI),NY.ADJ.NNAT.GN.ZS,14.9964390507738
Bangladesh,BGD,1986,Adjusted savings: net national savings (% of GNI),NY.ADJ.NNAT.GN.ZS,15.2689785356967
Bangladesh,BGD,1985,Adjusted savings: net national savings (% of GNI),NY.ADJ.NNAT.GN.ZS,13.9613538031986
Bangladesh,BGD,1984,Adjusted savings: net national savings (% of GNI),NY.ADJ.NNAT.GN.ZS,8.75145669065198
Bangladesh,BGD,1983,Adjusted savings: net national savings (% of GNI),NY.ADJ.NNAT.GN.ZS,15.3373542884272
Bangladesh,BGD,1982,Adjusted savings: net national savings (% of GNI),NY.ADJ.NNAT.GN.ZS,16.0554711130889
Bangladesh,BGD,1981,Adjusted savings: net national savings (% of GNI),NY.ADJ.NNAT.GN.ZS,13.4977758826109
Bangladesh,BGD,1980,Adjusted savings: net national savings (% of GNI),NY.ADJ.NNAT.GN.ZS,0.831820663460477
Bangladesh,BGD,1979,Adjusted savings: net national savings (% of GNI),NY.ADJ.NNAT.GN.ZS,-0.459509365245615
Bangladesh,BGD,1978,Adjusted savings: net national savings (% of GNI),NY.ADJ.NNAT.GN.ZS,-1.69107809962079
Bangladesh,BGD,1977,Adjusted savings: net national savings (% of GNI),NY.ADJ.NNAT.GN.ZS,2.60672286894402
Bangladesh,BGD,1976,Adjusted savings: net national savings (% of GNI),NY.ADJ.NNAT.GN.ZS,-8.56637619960344
Bangladesh,BGD,2021,"Adjusted net savings, including particulate emission damage (current US$)",NY.ADJ.SVNG.CD,141020395858.264
Bangladesh,BGD,2020,"Adjusted net savings, including particulate emission damage (current US$)",NY.ADJ.SVNG.CD,131828287055.719
Bangladesh,BGD,2019,"Adjusted net savings, including particulate emission damage (current US$)",NY.ADJ.SVNG.CD,121402983643.082
Bangladesh,BGD,2018,"Adjusted net savings, including particulate emission damage (current US$)",NY.ADJ.SVNG.CD,84803301378.5201
Bangladesh,BGD,2017,"Adjusted net savings, including particulate emission damage (current US$)",NY.ADJ.SVNG.CD,77109569122.8925
Bangladesh,BGD,2016,"Adjusted net savings, including particulate emission damage (current US$)",NY.ADJ.SVNG.CD,75443593239.4691
Bangladesh,BGD,2015,"Adjusted net savings, including particulate emission damage (current US$)",NY.ADJ.SVNG.CD,53678142829.6102
Bangladesh,BGD,2014,"Adjusted net savings, including particulate emission damage (current US$)",NY.ADJ.SVNG.CD,49237034878.048
Bangladesh,BGD,2013,"Adjusted net savings, including particulate emission damage (current US$)",NY.ADJ.SVNG.CD,45573163464.9151
Bangladesh,BGD,2012,"Adjusted net savings, including particulate emission damage (current US$)",NY.ADJ.SVNG.CD,41176128385.9324
Bangladesh,BGD,2011,"Adjusted net savings, including particulate emission damage (current US$)",NY.ADJ.SVNG.CD,36533295391.5883
Bangladesh,BGD,2010,"Adjusted net savings, including particulate emission damage (current US$)",NY.ADJ.SVNG.CD,33360170041.5021
Bangladesh,BGD,2009,"Adjusted net savings, including particulate emission damage (current US$)",NY.ADJ.SVNG.CD,29783316229.937
Bangladesh,BGD,2008,"Adjusted net savings, including particulate emission damage (current US$)",NY.ADJ.SVNG.CD,25238577824.0059
Bangladesh,BGD,2007,"Adjusted net savings, including particulate emission damage (current US$)",NY.ADJ.SVNG.CD,20922792942.7765
Bangladesh,BGD,2006,"Adjusted net savings, including particulate emission damage (current US$)",NY.ADJ.SVNG.CD,17790569035.8227
Bangladesh,BGD,2005,"Adjusted net savings, including particulate emission damage (current US$)",NY.ADJ.SVNG.CD,15793496689.3066
Bangladesh,BGD,2004,"Adjusted net savings, including particulate emission damage (current US$)",NY.ADJ.SVNG.CD,14265009204.6755
Bangladesh,BGD,2003,"Adjusted net savings, including particulate emission damage (current US$)",NY.ADJ.SVNG.CD,12380299126.5632
Bangladesh,BGD,2002,"Adjusted net savings, including particulate emission damage (current US$)",NY.ADJ.SVNG.CD,11220829415.9894
Bangladesh,BGD,2001,"Adjusted net savings, including particulate emission damage (current US$)",NY.ADJ.SVNG.CD,9854024041.916
Bangladesh,BGD,2000,"Adjusted net savings, including particulate emission damage (current US$)",NY.ADJ.SVNG.CD,9480788730.3029
Bangladesh,BGD,1999,"Adjusted net savings, including particulate emission damage (current US$)",NY.ADJ.SVNG.CD,8523951168.57843
Bangladesh,BGD,1998,"Adjusted net savings, including particulate emission damage (current US$)",NY.ADJ.SVNG.CD,7934108099.56911
Bangladesh,BGD,1997,"Adjusted net savings, including particulate emission damage (current US$)",NY.ADJ.SVNG.CD,6817854828.09713
Bangladesh,BGD,1996,"Adjusted net savings, including particulate emission damage (current US$)",NY.ADJ.SVNG.CD,5875062614.34287
Bangladesh,BGD,1995,"Adjusted net savings, including particulate emission damage (current US$)",NY.ADJ.SVNG.CD,4351503678.29599
Bangladesh,BGD,1994,"Adjusted net savings, including particulate emission damage (current US$)",NY.ADJ.SVNG.CD,3941696179.80455
Bangladesh,BGD,1993,"Adjusted net savings, including particulate emission damage (current US$)",NY.ADJ.SVNG.CD,3318856883.62624
Bangladesh,BGD,1992,"Adjusted net savings, including particulate emission damage (current US$)",NY.ADJ.SVNG.CD,3400574114.71001
Bangladesh,BGD,1991,"Adjusted net savings, including particulate emission damage (current US$)",NY.ADJ.SVNG.CD,3498498145.35749
Bangladesh,BGD,1990,"Adjusted net savings, including particulate emission damage (current US$)",NY.ADJ.SVNG.CD,3622935128.85481
Bangladesh,BGD,2021,"Adjusted net savings, including particulate emission damage (% of GNI)",NY.ADJ.SVNG.GN.ZS,32.1835706072365
Bangladesh,BGD,2020,"Adjusted net savings, including particulate emission damage (% of GNI)",NY.ADJ.SVNG.GN.ZS,33.856065757834
Bangladesh,BGD,2019,"Adjusted net savings, including particulate emission damage (% of GNI)",NY.ADJ.SVNG.GN.ZS,33.2041713483012
Bangladesh,BGD,2018,"Adjusted net savings, including particulate emission damage (% of GNI)",NY.ADJ.SVNG.GN.ZS,25.3726689721038
Bangladesh,BGD,2017,"Adjusted net savings, including particulate emission damage (% of GNI)",NY.ADJ.SVNG.GN.ZS,25.3735927428659
Bangladesh,BGD,2016,"Adjusted net savings, including particulate emission damage (% of GNI)",NY.ADJ.SVNG.GN.ZS,27.1709407652772
Bangladesh,BGD,2015,"Adjusted net savings, including particulate emission damage (% of GNI)",NY.ADJ.SVNG.GN.ZS,25.8387641636232
Bangladesh,BGD,2014,"Adjusted net savings, including particulate emission damage (% of GNI)",NY.ADJ.SVNG.GN.ZS,26.7001355213285
Bangladesh,BGD,2013,"Adjusted net savings, including particulate emission damage (% of GNI)",NY.ADJ.SVNG.GN.ZS,28.1221828710059
Bangladesh,BGD,2012,"Adjusted net savings, including particulate emission damage (% of GNI)",NY.ADJ.SVNG.GN.ZS,28.4676830000802
Bangladesh,BGD,2011,"Adjusted net savings, including particulate emission damage (% of GNI)",NY.ADJ.SVNG.GN.ZS,26.3164127660765
Bangladesh,BGD,2010,"Adjusted net savings, including particulate emission damage (% of GNI)",NY.ADJ.SVNG.GN.ZS,26.7701389867269
Bangladesh,BGD,2009,"Adjusted net savings, including particulate emission damage (% of GNI)",NY.ADJ.SVNG.GN.ZS,26.9282042408682
Bangladesh,BGD,2008,"Adjusted net savings, including particulate emission damage (% of GNI)",NY.ADJ.SVNG.GN.ZS,25.5751174433231
Bangladesh,BGD,2007,"Adjusted net savings, including particulate emission damage (% of GNI)",NY.ADJ.SVNG.GN.ZS,24.6964506550294
Bangladesh,BGD,2006,"Adjusted net savings, including particulate emission damage (% of GNI)",NY.ADJ.SVNG.GN.ZS,23.4486820311959
Bangladesh,BGD,2005,"Adjusted net savings, including particulate emission damage (% of GNI)",NY.ADJ.SVNG.GN.ZS,21.7779254042157
Bangladesh,BGD,2004,"Adjusted net savings, including particulate emission damage (% of GNI)",NY.ADJ.SVNG.GN.ZS,21.0009798480395
Bangladesh,BGD,2003,"Adjusted net savings, including particulate emission damage (% of GNI)",NY.ADJ.SVNG.GN.ZS,19.7818568014308
Bangladesh,BGD,2002,"Adjusted net savings, including particulate emission damage (% of GNI)",NY.ADJ.SVNG.GN.ZS,19.7174749186874
Bangladesh,BGD,2001,"Adjusted net savings, including particulate emission damage (% of GNI)",NY.ADJ.SVNG.GN.ZS,17.7135768075769
Bangladesh,BGD,2000,"Adjusted net savings, including particulate emission damage (% of GNI)",NY.ADJ.SVNG.GN.ZS,17.2059669169354
Bangladesh,BGD,1999,"Adjusted net savings, including particulate emission damage (% of GNI)",NY.ADJ.SVNG.GN.ZS,16.1311954855518
Bangladesh,BGD,1998,"Adjusted net savings, including particulate emission damage (% of GNI)",NY.ADJ.SVNG.GN.ZS,15.4313062930756
Bangladesh,BGD,1997,"Adjusted net savings, including particulate emission damage (% of GNI)",NY.ADJ.SVNG.GN.ZS,13.7419766512822
Bangladesh,BGD,1996,"Adjusted net savings, including particulate emission damage (% of GNI)",NY.ADJ.SVNG.GN.ZS,12.3297121371166
Bangladesh,BGD,1995,"Adjusted net savings, including particulate emission damage (% of GNI)",NY.ADJ.SVNG.GN.ZS,11.1300866546161
Bangladesh,BGD,1994,"Adjusted net savings, including particulate emission damage (% of GNI)",NY.ADJ.SVNG.GN.ZS,11.3187538137791
Bangladesh,BGD,1993,"Adjusted net savings, including particulate emission damage (% of GNI)",NY.ADJ.SVNG.GN.ZS,9.74151182489661
Bangladesh,BGD,1992,"Adjusted net savings, including particulate emission damage (% of GNI)",NY.ADJ.SVNG.GN.ZS,10.4701876291732
Bangladesh,BGD,1991,"Adjusted net savings, including particulate emission damage (% of GNI)",NY.ADJ.SVNG.GN.ZS,11.0647019712168
Bangladesh,BGD,1990,"Adjusted net savings, including particulate emission damage (% of GNI)",NY.ADJ.SVNG.GN.ZS,11.2394642058412
Bangladesh,BGD,2021,"Adjusted net savings, excluding particulate emission damage (current US$)",NY.ADJ.SVNX.CD,143714117042.555
Bangladesh,BGD,2020,"Adjusted net savings, excluding particulate emission damage (current US$)",NY.ADJ.SVNX.CD,134411398739.136
Bangladesh,BGD,2019,"Adjusted net savings, excluding particulate emission damage (current US$)",NY.ADJ.SVNX.CD,123908852361.86
Bangladesh,BGD,2018,"Adjusted net savings, excluding particulate emission damage (current US$)",NY.ADJ.SVNX.CD,87261496619.3732
Bangladesh,BGD,2017,"Adjusted net savings, excluding particulate emission damage (current US$)",NY.ADJ.SVNX.CD,79517056624.4505
Bangladesh,BGD,2016,"Adjusted net savings, excluding particulate emission damage (current US$)",NY.ADJ.SVNX.CD,77809439270.9281
Bangladesh,BGD,2015,"Adjusted net savings, excluding particulate emission damage (current US$)",NY.ADJ.SVNX.CD,55550811137.3435
Bangladesh,BGD,2014,"Adjusted net savings, excluding particulate emission damage (current US$)",NY.ADJ.SVNX.CD,51020877356.323
Bangladesh,BGD,2013,"Adjusted net savings, excluding particulate emission damage (current US$)",NY.ADJ.SVNX.CD,47251308475.0644
Bangladesh,BGD,2012,"Adjusted net savings, excluding particulate emission damage (current US$)",NY.ADJ.SVNX.CD,42790130967.5375
Bangladesh,BGD,2011,"Adjusted net savings, excluding particulate emission damage (current US$)",NY.ADJ.SVNX.CD,38199410055.6873
Bangladesh,BGD,2010,"Adjusted net savings, excluding particulate emission damage (current US$)",NY.ADJ.SVNX.CD,34953270572.954
Bangladesh,BGD,2009,"Adjusted net savings, excluding particulate emission damage (current US$)",NY.ADJ.SVNX.CD,31265706417.9158
Bangladesh,BGD,2008,"Adjusted net savings, excluding particulate emission damage (current US$)",NY.ADJ.SVNX.CD,26619557702.7825
Bangladesh,BGD,2007,"Adjusted net savings, excluding particulate emission damage (current US$)",NY.ADJ.SVNX.CD,22195920702.5069
Bangladesh,BGD,2006,"Adjusted net savings, excluding particulate emission damage (current US$)",NY.ADJ.SVNX.CD,19012704274.4518
Bangladesh,BGD,2005,"Adjusted net savings, excluding particulate emission damage (current US$)",NY.ADJ.SVNX.CD,17054233038.7743
Bangladesh,BGD,2004,"Adjusted net savings, excluding particulate emission damage (current US$)",NY.ADJ.SVNX.CD,15525834635.9061
Bangladesh,BGD,2003,"Adjusted net savings, excluding particulate emission damage (current US$)",NY.ADJ.SVNX.CD,13618245910.0361
Bangladesh,BGD,2002,"Adjusted net savings, excluding particulate emission damage (current US$)",NY.ADJ.SVNX.CD,12416285358.617
Bangladesh,BGD,2001,"Adjusted net savings, excluding particulate emission damage (current US$)",NY.ADJ.SVNX.CD,11096570579.0442
Bangladesh,BGD,2000,"Adjusted net savings, excluding particulate emission damage (current US$)",NY.ADJ.SVNX.CD,10796894263.6926
Bangladesh,BGD,1999,"Adjusted net savings, excluding particulate emission damage (current US$)",NY.ADJ.SVNX.CD,9867050085.24589
Bangladesh,BGD,1998,"Adjusted net savings, excluding particulate emission damage (current US$)",NY.ADJ.SVNX.CD,9335259620.03676
Bangladesh,BGD,1997,"Adjusted net savings, excluding particulate emission damage (current US$)",NY.ADJ.SVNX.CD,8276686243.51029
Bangladesh,BGD,1996,"Adjusted net savings, excluding particulate emission damage (current US$)",NY.ADJ.SVNX.CD,7361382200.84069
Bangladesh,BGD,1995,"Adjusted net savings, excluding particulate emission damage (current US$)",NY.ADJ.SVNX.CD,5622205267.06024
Bangladesh,BGD,1994,"Adjusted net savings, excluding particulate emission damage (current US$)",NY.ADJ.SVNX.CD,5124279766.46661
Bangladesh,BGD,1993,"Adjusted net savings, excluding particulate emission damage (current US$)",NY.ADJ.SVNX.CD,4542432145.95207
Bangladesh,BGD,1992,"Adjusted net savings, excluding particulate emission damage (current US$)",NY.ADJ.SVNX.CD,4640786428.1598
Bangladesh,BGD,1991,"Adjusted net savings, excluding particulate emission damage (current US$)",NY.ADJ.SVNX.CD,4741978394.97075
Bangladesh,BGD,1990,"Adjusted net savings, excluding particulate emission damage (current US$)",NY.ADJ.SVNX.CD,5007456929.70523
Bangladesh,BGD,2021,"Adjusted net savings, excluding particulate emission damage (% of GNI)",NY.ADJ.SVNX.GN.ZS,32.7983296667557
Bangladesh,BGD,2020,"Adjusted net savings, excluding particulate emission damage (% of GNI)",NY.ADJ.SVNX.GN.ZS,34.5194590322733
Bangladesh,BGD,2019,"Adjusted net savings, excluding particulate emission damage (% of GNI)",NY.ADJ.SVNX.GN.ZS,33.8895358411483
Bangladesh,BGD,2018,"Adjusted net savings, excluding particulate emission damage (% of GNI)",NY.ADJ.SVNX.GN.ZS,26.1081471091703
Bangladesh,BGD,2017,"Adjusted net savings, excluding particulate emission damage (% of GNI)",NY.ADJ.SVNX.GN.ZS,26.1657980176835
Bangladesh,BGD,2016,"Adjusted net savings, excluding particulate emission damage (% of GNI)",NY.ADJ.SVNX.GN.ZS,28.0229980390672
Bangladesh,BGD,2015,"Adjusted net savings, excluding particulate emission damage (% of GNI)",NY.ADJ.SVNX.GN.ZS,26.7402006181929
Bangladesh,BGD,2014,"Adjusted net savings, excluding particulate emission damage (% of GNI)",NY.ADJ.SVNX.GN.ZS,27.6674731369386
Bangladesh,BGD,2013,"Adjusted net savings, excluding particulate emission damage (% of GNI)",NY.ADJ.SVNX.GN.ZS,29.1577287333382
Bangladesh,BGD,2012,"Adjusted net savings, excluding particulate emission damage (% of GNI)",NY.ADJ.SVNX.GN.ZS,29.5835458957803
Bangladesh,BGD,2011,"Adjusted net savings, excluding particulate emission damage (% of GNI)",NY.ADJ.SVNX.GN.ZS,27.5165826589392
Bangladesh,BGD,2010,"Adjusted net savings, excluding particulate emission damage (% of GNI)",NY.ADJ.SVNX.GN.ZS,28.0485354275645
Bangladesh,BGD,2009,"Adjusted net savings, excluding particulate emission damage (% of GNI)",NY.ADJ.SVNX.GN.ZS,28.2684883596135
Bangladesh,BGD,2008,"Adjusted net savings, excluding particulate emission damage (% of GNI)",NY.ADJ.SVNX.GN.ZS,26.9745117686636
Bangladesh,BGD,2007,"Adjusted net savings, excluding particulate emission damage (% of GNI)",NY.ADJ.SVNX.GN.ZS,26.1992011234646
Bangladesh,BGD,2006,"Adjusted net savings, excluding particulate emission damage (% of GNI)",NY.ADJ.SVNX.GN.ZS,25.0595051899173
Bangladesh,BGD,2005,"Adjusted net savings, excluding particulate emission damage (% of GNI)",NY.ADJ.SVNX.GN.ZS,23.5163765346535
Bangladesh,BGD,2004,"Adjusted net savings, excluding particulate emission damage (% of GNI)",NY.ADJ.SVNX.GN.ZS,22.8571699908744
Bangladesh,BGD,2003,"Adjusted net savings, excluding particulate emission damage (% of GNI)",NY.ADJ.SVNX.GN.ZS,21.7599096536362
Bangladesh,BGD,2002,"Adjusted net savings, excluding particulate emission damage (% of GNI)",NY.ADJ.SVNX.GN.ZS,21.818154974617
Bangladesh,BGD,2001,"Adjusted net savings, excluding particulate emission damage (% of GNI)",NY.ADJ.SVNX.GN.ZS,19.9471763430343
Bangladesh,BGD,2000,"Adjusted net savings, excluding particulate emission damage (% of GNI)",NY.ADJ.SVNX.GN.ZS,19.5944673793832
Bangladesh,BGD,1999,"Adjusted net savings, excluding particulate emission damage (% of GNI)",NY.ADJ.SVNX.GN.ZS,18.6729499785927
Bangladesh,BGD,1998,"Adjusted net savings, excluding particulate emission damage (% of GNI)",NY.ADJ.SVNX.GN.ZS,18.1564517037512
Bangladesh,BGD,1997,"Adjusted net savings, excluding particulate emission damage (% of GNI)",NY.ADJ.SVNX.GN.ZS,16.6823776651242
Bangladesh,BGD,1996,"Adjusted net savings, excluding particulate emission damage (% of GNI)",NY.ADJ.SVNX.GN.ZS,15.448979768501
Bangladesh,BGD,1995,"Adjusted net savings, excluding particulate emission damage (% of GNI)",NY.ADJ.SVNX.GN.ZS,14.3802318551465
Bangladesh,BGD,1994,"Adjusted net savings, excluding particulate emission damage (% of GNI)",NY.ADJ.SVNX.GN.ZS,14.7145945562048
Bangladesh,BGD,1993,"Adjusted net savings, excluding particulate emission damage (% of GNI)",NY.ADJ.SVNX.GN.ZS,13.3329510777922
Bangladesh,BGD,1992,"Adjusted net savings, excluding particulate emission damage (% of GNI)",NY.ADJ.SVNX.GN.ZS,14.2887356695348
Bangladesh,BGD,1991,"Adjusted net savings, excluding particulate emission damage (% of GNI)",NY.ADJ.SVNX.GN.ZS,14.9974576273325
Bangladesh,BGD,1990,"Adjusted net savings, excluding particulate emission damage (% of GNI)",NY.ADJ.SVNX.GN.ZS,15.5346786298941
Bangladesh,BGD,2021,Coal rents (% of GDP),NY.GDP.COAL.RT.ZS,0.0132526717304666
Bangladesh,BGD,2020,Coal rents (% of GDP),NY.GDP.COAL.RT.ZS,0.00725364048807305
Bangladesh,BGD,2019,Coal rents (% of GDP),NY.GDP.COAL.RT.ZS,0.00907068775272057
Bangladesh,BGD,2018,Coal rents (% of GDP),NY.GDP.COAL.RT.ZS,0.0155150936968582
Bangladesh,BGD,2017,Coal rents (% of GDP),NY.GDP.COAL.RT.ZS,0.0181189029918176
Bangladesh,BGD,2016,Coal rents (% of GDP),NY.GDP.COAL.RT.ZS,0.0132346228332281
Bangladesh,BGD,2015,Coal rents (% of GDP),NY.GDP.COAL.RT.ZS,0.0105820886256824
Bangladesh,BGD,2014,Coal rents (% of GDP),NY.GDP.COAL.RT.ZS,0.0214685808700036
Bangladesh,BGD,2013,Coal rents (% of GDP),NY.GDP.COAL.RT.ZS,0.0260913874063632
Bangladesh,BGD,2012,Coal rents (% of GDP),NY.GDP.COAL.RT.ZS,0.0341521338114773
Bangladesh,BGD,2011,Coal rents (% of GDP),NY.GDP.COAL.RT.ZS,0.0395969861926023
Bangladesh,BGD,2010,Coal rents (% of GDP),NY.GDP.COAL.RT.ZS,0.0375672237551005
Bangladesh,BGD,2009,Coal rents (% of GDP),NY.GDP.COAL.RT.ZS,0.0333654229570058
Bangladesh,BGD,2008,Coal rents (% of GDP),NY.GDP.COAL.RT.ZS,0.0636567644064419
Bangladesh,BGD,2007,Coal rents (% of GDP),NY.GDP.COAL.RT.ZS,0.0199079952644518
Bangladesh,BGD,2006,Coal rents (% of GDP),NY.GDP.COAL.RT.ZS,0.0124673577202567
Bangladesh,BGD,2005,Coal rents (% of GDP),NY.GDP.COAL.RT.ZS,0.00691360941835017
Bangladesh,BGD,2004,Coal rents (% of GDP),NY.GDP.COAL.RT.ZS,0
Bangladesh,BGD,2003,Coal rents (% of GDP),NY.GDP.COAL.RT.ZS,0
Bangladesh,BGD,2002,Coal rents (% of GDP),NY.GDP.COAL.RT.ZS,0
Bangladesh,BGD,2001,Coal rents (% of GDP),NY.GDP.COAL.RT.ZS,0
Bangladesh,BGD,2000,Coal rents (% of GDP),NY.GDP.COAL.RT.ZS,0
Bangladesh,BGD,1999,Coal rents (% of GDP),NY.GDP.COAL.RT.ZS,0
Bangladesh,BGD,1998,Coal rents (% of GDP),NY.GDP.COAL.RT.ZS,0
Bangladesh,BGD,1997,Coal rents (% of GDP),NY.GDP.COAL.RT.ZS,0
Bangladesh,BGD,1996,Coal rents (% of GDP),NY.GDP.COAL.RT.ZS,0
Bangladesh,BGD,1995,Coal rents (% of GDP),NY.GDP.COAL.RT.ZS,0
Bangladesh,BGD,1994,Coal rents (% of GDP),NY.GDP.COAL.RT.ZS,0
Bangladesh,BGD,1993,Coal rents (% of GDP),NY.GDP.COAL.RT.ZS,0
Bangladesh,BGD,1992,Coal rents (% of GDP),NY.GDP.COAL.RT.ZS,0
Bangladesh,BGD,1991,Coal rents (% of GDP),NY.GDP.COAL.RT.ZS,0
Bangladesh,BGD,1990,Coal rents (% of GDP),NY.GDP.COAL.RT.ZS,0
Bangladesh,BGD,1989,Coal rents (% of GDP),NY.GDP.COAL.RT.ZS,0
Bangladesh,BGD,1988,Coal rents (% of GDP),NY.GDP.COAL.RT.ZS,0
Bangladesh,BGD,1987,Coal rents (% of GDP),NY.GDP.COAL.RT.ZS,0
Bangladesh,BGD,1986,Coal rents (% of GDP),NY.GDP.COAL.RT.ZS,0
Bangladesh,BGD,1985,Coal rents (% of GDP),NY.GDP.COAL.RT.ZS,0
Bangladesh,BGD,1984,Coal rents (% of GDP),NY.GDP.COAL.RT.ZS,0
Bangladesh,BGD,1983,Coal rents (% of GDP),NY.GDP.COAL.RT.ZS,0
Bangladesh,BGD,1982,Coal rents (% of GDP),NY.GDP.COAL.RT.ZS,0
Bangladesh,BGD,1981,Coal rents (% of GDP),NY.GDP.COAL.RT.ZS,0
Bangladesh,BGD,1980,Coal rents (% of GDP),NY.GDP.COAL.RT.ZS,0
Bangladesh,BGD,1979,Coal rents (% of GDP),NY.GDP.COAL.RT.ZS,0
Bangladesh,BGD,1978,Coal rents (% of GDP),NY.GDP.COAL.RT.ZS,0
Bangladesh,BGD,1977,Coal rents (% of GDP),NY.GDP.COAL.RT.ZS,0
Bangladesh,BGD,1976,Coal rents (% of GDP),NY.GDP.COAL.RT.ZS,0
Bangladesh,BGD,1975,Coal rents (% of GDP),NY.GDP.COAL.RT.ZS,0
Bangladesh,BGD,1974,Coal rents (% of GDP),NY.GDP.COAL.RT.ZS,0
Bangladesh,BGD,1973,Coal rents (% of GDP),NY.GDP.COAL.RT.ZS,0
Bangladesh,BGD,1972,Coal rents (% of GDP),NY.GDP.COAL.RT.ZS,0
Bangladesh,BGD,1971,Coal rents (% of GDP),NY.GDP.COAL.RT.ZS,0
Bangladesh,BGD,2021,Forest rents (% of GDP),NY.GDP.FRST.RT.ZS,0.0751845026992809
Bangladesh,BGD,2020,Forest rents (% of GDP),NY.GDP.FRST.RT.ZS,0.0801273811567769
Bangladesh,BGD,2019,Forest rents (% of GDP),NY.GDP.FRST.RT.ZS,0.0714876461924781
Bangladesh,BGD,2018,Forest rents (% of GDP),NY.GDP.FRST.RT.ZS,0.0706373378641455
Bangladesh,BGD,2017,Forest rents (% of GDP),NY.GDP.FRST.RT.ZS,0.137099067506713
Bangladesh,BGD,2016,Forest rents (% of GDP),NY.GDP.FRST.RT.ZS,0.180782183701494
Bangladesh,BGD,2015,Forest rents (% of GDP),NY.GDP.FRST.RT.ZS,0.209472520845759
Bangladesh,BGD,2014,Forest rents (% of GDP),NY.GDP.FRST.RT.ZS,0.192700746584996
Bangladesh,BGD,2013,Forest rents (% of GDP),NY.GDP.FRST.RT.ZS,0.207728540658245
Bangladesh,BGD,2012,Forest rents (% of GDP),NY.GDP.FRST.RT.ZS,0.288853747730589
Bangladesh,BGD,2011,Forest rents (% of GDP),NY.GDP.FRST.RT.ZS,0.350365162483514
Bangladesh,BGD,2010,Forest rents (% of GDP),NY.GDP.FRST.RT.ZS,0.369496255423481
Bangladesh,BGD,2009,Forest rents (% of GDP),NY.GDP.FRST.RT.ZS,0.226700859453656
Bangladesh,BGD,2008,Forest rents (% of GDP),NY.GDP.FRST.RT.ZS,0.262248396313174
Bangladesh,BGD,2007,Forest rents (% of GDP),NY.GDP.FRST.RT.ZS,0.330018884324605
Bangladesh,BGD,2006,Forest rents (% of GDP),NY.GDP.FRST.RT.ZS,0.221445704998646
Bangladesh,BGD,2005,Forest rents (% of GDP),NY.GDP.FRST.RT.ZS,0.165837799134415
Bangladesh,BGD,2004,Forest rents (% of GDP),NY.GDP.FRST.RT.ZS,0.180175646466173
Bangladesh,BGD,2003,Forest rents (% of GDP),NY.GDP.FRST.RT.ZS,0.193756109351812
Bangladesh,BGD,2002,Forest rents (% of GDP),NY.GDP.FRST.RT.ZS,0.187278264764111
Bangladesh,BGD,2001,Forest rents (% of GDP),NY.GDP.FRST.RT.ZS,0.197175439194461
Bangladesh,BGD,2000,Forest rents (% of GDP),NY.GDP.FRST.RT.ZS,0.200996167711684
Bangladesh,BGD,1999,Forest rents (% of GDP),NY.GDP.FRST.RT.ZS,0.215622822720003
Bangladesh,BGD,1998,Forest rents (% of GDP),NY.GDP.FRST.RT.ZS,0.212993894017522
Bangladesh,BGD,1997,Forest rents (% of GDP),NY.GDP.FRST.RT.ZS,0.222586616085924
Bangladesh,BGD,1996,Forest rents (% of GDP),NY.GDP.FRST.RT.ZS,0.268499337308066
Bangladesh,BGD,1995,Forest rents (% of GDP),NY.GDP.FRST.RT.ZS,0.331326445206492
Bangladesh,BGD,1994,Forest rents (% of GDP),NY.GDP.FRST.RT.ZS,0.295235796140737
Bangladesh,BGD,1993,Forest rents (% of GDP),NY.GDP.FRST.RT.ZS,0.335066586904859
Bangladesh,BGD,1992,Forest rents (% of GDP),NY.GDP.FRST.RT.ZS,0.427126771949335
Bangladesh,BGD,1991,Forest rents (% of GDP),NY.GDP.FRST.RT.ZS,0.432418558101742
Bangladesh,BGD,1990,Forest rents (% of GDP),NY.GDP.FRST.RT.ZS,0.422271400928313
Bangladesh,BGD,1989,Forest rents (% of GDP),NY.GDP.FRST.RT.ZS,0.394468621277244
Bangladesh,BGD,1988,Forest rents (% of GDP),NY.GDP.FRST.RT.ZS,0.431601239446231
Bangladesh,BGD,1987,Forest rents (% of GDP),NY.GDP.FRST.RT.ZS,0.430118689554763
Bangladesh,BGD,1986,Forest rents (% of GDP),NY.GDP.FRST.RT.ZS,0.524204677186946
Bangladesh,BGD,1985,Forest rents (% of GDP),NY.GDP.FRST.RT.ZS,0.291143763325776
Bangladesh,BGD,1984,Forest rents (% of GDP),NY.GDP.FRST.RT.ZS,0.49155721372151
Bangladesh,BGD,1983,Forest rents (% of GDP),NY.GDP.FRST.RT.ZS,0.601347674977176
Bangladesh,BGD,1982,Forest rents (% of GDP),NY.GDP.FRST.RT.ZS,0.866880712944367
Bangladesh,BGD,1981,Forest rents (% of GDP),NY.GDP.FRST.RT.ZS,0.528625535261724
Bangladesh,BGD,1980,Forest rents (% of GDP),NY.GDP.FRST.RT.ZS,0.66366564387889
Bangladesh,BGD,1979,Forest rents (% of GDP),NY.GDP.FRST.RT.ZS,0.628411967156847
Bangladesh,BGD,1978,Forest rents (% of GDP),NY.GDP.FRST.RT.ZS,1.7467446362229
Bangladesh,BGD,1977,Forest rents (% of GDP),NY.GDP.FRST.RT.ZS,2.4206762607484
Bangladesh,BGD,1976,Forest rents (% of GDP),NY.GDP.FRST.RT.ZS,0.662682917988035
Bangladesh,BGD,1975,Forest rents (% of GDP),NY.GDP.FRST.RT.ZS,0.551952441854012
Bangladesh,BGD,1974,Forest rents (% of GDP),NY.GDP.FRST.RT.ZS,0.371571876984796
Bangladesh,BGD,1973,Forest rents (% of GDP),NY.GDP.FRST.RT.ZS,0.49154504538223
Bangladesh,BGD,1972,Forest rents (% of GDP),NY.GDP.FRST.RT.ZS,0.33044649247148
Bangladesh,BGD,1971,Forest rents (% of GDP),NY.GDP.FRST.RT.ZS,0.259880380936634
Bangladesh,BGD,1970,Forest rents (% of GDP),NY.GDP.FRST.RT.ZS,0.292927785626318
Bangladesh,BGD,2021,Mineral rents (% of GDP),NY.GDP.MINR.RT.ZS,0
Bangladesh,BGD,2020,Mineral rents (% of GDP),NY.GDP.MINR.RT.ZS,0
Bangladesh,BGD,2019,Mineral rents (% of GDP),NY.GDP.MINR.RT.ZS,0
Bangladesh,BGD,2018,Mineral rents (% of GDP),NY.GDP.MINR.RT.ZS,0
Bangladesh,BGD,2017,Mineral rents (% of GDP),NY.GDP.MINR.RT.ZS,0
Bangladesh,BGD,2016,Mineral rents (% of GDP),NY.GDP.MINR.RT.ZS,0
Bangladesh,BGD,2015,Mineral rents (% of GDP),NY.GDP.MINR.RT.ZS,0
Bangladesh,BGD,2014,Mineral rents (% of GDP),NY.GDP.MINR.RT.ZS,0
Bangladesh,BGD,2013,Mineral rents (% of GDP),NY.GDP.MINR.RT.ZS,0
Bangladesh,BGD,2012,Mineral rents (% of GDP),NY.GDP.MINR.RT.ZS,0
Bangladesh,BGD,2011,Mineral rents (% of GDP),NY.GDP.MINR.RT.ZS,0
Bangladesh,BGD,2010,Mineral rents (% of GDP),NY.GDP.MINR.RT.ZS,0
Bangladesh,BGD,2009,Mineral rents (% of GDP),NY.GDP.MINR.RT.ZS,0
Bangladesh,BGD,2008,Mineral rents (% of GDP),NY.GDP.MINR.RT.ZS,0
Bangladesh,BGD,2007,Mineral rents (% of GDP),NY.GDP.MINR.RT.ZS,0
Bangladesh,BGD,2006,Mineral rents (% of GDP),NY.GDP.MINR.RT.ZS,0
Bangladesh,BGD,2005,Mineral rents (% of GDP),NY.GDP.MINR.RT.ZS,0
Bangladesh,BGD,2004,Mineral rents (% of GDP),NY.GDP.MINR.RT.ZS,0
Bangladesh,BGD,2003,Mineral rents (% of GDP),NY.GDP.MINR.RT.ZS,0
Bangladesh,BGD,2002,Mineral rents (% of GDP),NY.GDP.MINR.RT.ZS,0
Bangladesh,BGD,2001,Mineral rents (% of GDP),NY.GDP.MINR.RT.ZS,0
Bangladesh,BGD,2000,Mineral rents (% of GDP),NY.GDP.MINR.RT.ZS,0
Bangladesh,BGD,1999,Mineral rents (% of GDP),NY.GDP.MINR.RT.ZS,0
Bangladesh,BGD,1998,Mineral rents (% of GDP),NY.GDP.MINR.RT.ZS,0
Bangladesh,BGD,1997,Mineral rents (% of GDP),NY.GDP.MINR.RT.ZS,0
Bangladesh,BGD,1996,Mineral rents (% of GDP),NY.GDP.MINR.RT.ZS,0
Bangladesh,BGD,1995,Mineral rents (% of GDP),NY.GDP.MINR.RT.ZS,0
Bangladesh,BGD,1994,Mineral rents (% of GDP),NY.GDP.MINR.RT.ZS,0
Bangladesh,BGD,1993,Mineral rents (% of GDP),NY.GDP.MINR.RT.ZS,0
Bangladesh,BGD,1992,Mineral rents (% of GDP),NY.GDP.MINR.RT.ZS,0
Bangladesh,BGD,1991,Mineral rents (% of GDP),NY.GDP.MINR.RT.ZS,0
Bangladesh,BGD,1990,Mineral rents (% of GDP),NY.GDP.MINR.RT.ZS,0
Bangladesh,BGD,1989,Mineral rents (% of GDP),NY.GDP.MINR.RT.ZS,0
Bangladesh,BGD,1988,Mineral rents (% of GDP),NY.GDP.MINR.RT.ZS,0
Bangladesh,BGD,1987,Mineral rents (% of GDP),NY.GDP.MINR.RT.ZS,0
Bangladesh,BGD,1986,Mineral rents (% of GDP),NY.GDP.MINR.RT.ZS,0
Bangladesh,BGD,1985,Mineral rents (% of GDP),NY.GDP.MINR.RT.ZS,0
Bangladesh,BGD,1984,Mineral rents (% of GDP),NY.GDP.MINR.RT.ZS,0
Bangladesh,BGD,1983,Mineral rents (% of GDP),NY.GDP.MINR.RT.ZS,0
Bangladesh,BGD,1982,Mineral rents (% of GDP),NY.GDP.MINR.RT.ZS,0
Bangladesh,BGD,1981,Mineral rents (% of GDP),NY.GDP.MINR.RT.ZS,0
Bangladesh,BGD,1980,Mineral rents (% of GDP),NY.GDP.MINR.RT.ZS,0
Bangladesh,BGD,1979,Mineral rents (% of GDP),NY.GDP.MINR.RT.ZS,0
Bangladesh,BGD,1978,Mineral rents (% of GDP),NY.GDP.MINR.RT.ZS,0
Bangladesh,BGD,1977,Mineral rents (% of GDP),NY.GDP.MINR.RT.ZS,0
Bangladesh,BGD,1976,Mineral rents (% of GDP),NY.GDP.MINR.RT.ZS,0
Bangladesh,BGD,1975,Mineral rents (% of GDP),NY.GDP.MINR.RT.ZS,0
Bangladesh,BGD,1974,Mineral rents (% of GDP),NY.GDP.MINR.RT.ZS,0
Bangladesh,BGD,1973,Mineral rents (% of GDP),NY.GDP.MINR.RT.ZS,0
Bangladesh,BGD,1972,Mineral rents (% of GDP),NY.GDP.MINR.RT.ZS,0
Bangladesh,BGD,1971,Mineral rents (% of GDP),NY.GDP.MINR.RT.ZS,0
Bangladesh,BGD,1970,Mineral rents (% of GDP),NY.GDP.MINR.RT.ZS,0
Bangladesh,BGD,2021,Natural gas rents (% of GDP),NY.GDP.NGAS.RT.ZS,0.490054814572216
Bangladesh,BGD,2020,Natural gas rents (% of GDP),NY.GDP.NGAS.RT.ZS,0.457007845879687
Bangladesh,BGD,2019,Natural gas rents (% of GDP),NY.GDP.NGAS.RT.ZS,0.516998313075893
Bangladesh,BGD,2018,Natural gas rents (% of GDP),NY.GDP.NGAS.RT.ZS,0.501783630475608
Bangladesh,BGD,2017,Natural gas rents (% of GDP),NY.GDP.NGAS.RT.ZS,0.509162512083424
Bangladesh,BGD,2016,Natural gas rents (% of GDP),NY.GDP.NGAS.RT.ZS,0.490629924530705
Bangladesh,BGD,2015,Natural gas rents (% of GDP),NY.GDP.NGAS.RT.ZS,0.628140947294092
Bangladesh,BGD,2014,Natural gas rents (% of GDP),NY.GDP.NGAS.RT.ZS,0.737053259632387
Bangladesh,BGD,2013,Natural gas rents (% of GDP),NY.GDP.NGAS.RT.ZS,0.781316379861342
Bangladesh,BGD,2012,Natural gas rents (% of GDP),NY.GDP.NGAS.RT.ZS,1.0663245644488
Bangladesh,BGD,2011,Natural gas rents (% of GDP),NY.GDP.NGAS.RT.ZS,1.05122540837567
Bangladesh,BGD,2010,Natural gas rents (% of GDP),NY.GDP.NGAS.RT.ZS,0.898444843866627
Bangladesh,BGD,2009,Natural gas rents (% of GDP),NY.GDP.NGAS.RT.ZS,0.851690938338084
Bangladesh,BGD,2008,Natural gas rents (% of GDP),NY.GDP.NGAS.RT.ZS,0.712400705627762
Bangladesh,BGD,2007,Natural gas rents (% of GDP),NY.GDP.NGAS.RT.ZS,0.783588562995689
Bangladesh,BGD,2006,Natural gas rents (% of GDP),NY.GDP.NGAS.RT.ZS,1.28689068571642
Bangladesh,BGD,2005,Natural gas rents (% of GDP),NY.GDP.NGAS.RT.ZS,1.16332572452017
Bangladesh,BGD,2004,Natural gas rents (% of GDP),NY.GDP.NGAS.RT.ZS,0.981489496063701
Bangladesh,BGD,2003,Natural gas rents (% of GDP),NY.GDP.NGAS.RT.ZS,0.90807195473038
Bangladesh,BGD,2002,Natural gas rents (% of GDP),NY.GDP.NGAS.RT.ZS,0.885287428354618
Bangladesh,BGD,2001,Natural gas rents (% of GDP),NY.GDP.NGAS.RT.ZS,0.699483029772388
Bangladesh,BGD,2000,Natural gas rents (% of GDP),NY.GDP.NGAS.RT.ZS,0.687350827946421
Bangladesh,BGD,1999,Natural gas rents (% of GDP),NY.GDP.NGAS.RT.ZS,0.430095811879651
Bangladesh,BGD,1998,Natural gas rents (% of GDP),NY.GDP.NGAS.RT.ZS,0.316799450658648
Bangladesh,BGD,1997,Natural gas rents (% of GDP),NY.GDP.NGAS.RT.ZS,0.271240317553023
Bangladesh,BGD,1996,Natural gas rents (% of GDP),NY.GDP.NGAS.RT.ZS,0.30375467828582
Bangladesh,BGD,1995,Natural gas rents (% of GDP),NY.GDP.NGAS.RT.ZS,0.324387065016714
Bangladesh,BGD,1994,Natural gas rents (% of GDP),NY.GDP.NGAS.RT.ZS,0.287616429967909
Bangladesh,BGD,1993,Natural gas rents (% of GDP),NY.GDP.NGAS.RT.ZS,0.235350651621975
Bangladesh,BGD,1992,Natural gas rents (% of GDP),NY.GDP.NGAS.RT.ZS,0.21353257645443
Bangladesh,BGD,1991,Natural gas rents (% of GDP),NY.GDP.NGAS.RT.ZS,0.184237103275824
Bangladesh,BGD,1990,Natural gas rents (% of GDP),NY.GDP.NGAS.RT.ZS,0.243919159694319
Bangladesh,BGD,1989,Natural gas rents (% of GDP),NY.GDP.NGAS.RT.ZS,0.211599025279384
Bangladesh,BGD,1988,Natural gas rents (% of GDP),NY.GDP.NGAS.RT.ZS,0.110148061487945
Bangladesh,BGD,1987,Natural gas rents (% of GDP),NY.GDP.NGAS.RT.ZS,0.140821318900844
Bangladesh,BGD,1986,Natural gas rents (% of GDP),NY.GDP.NGAS.RT.ZS,0.136235574827777
Bangladesh,BGD,1985,Natural gas rents (% of GDP),NY.GDP.NGAS.RT.ZS,0.0293088680717999
Bangladesh,BGD,1984,Natural gas rents (% of GDP),NY.GDP.NGAS.RT.ZS,0.0291656501806434
Bangladesh,BGD,1983,Natural gas rents (% of GDP),NY.GDP.NGAS.RT.ZS,0.0750950598378671
Bangladesh,BGD,1982,Natural gas rents (% of GDP),NY.GDP.NGAS.RT.ZS,0
Bangladesh,BGD,1981,Natural gas rents (% of GDP),NY.GDP.NGAS.RT.ZS,0.0131906458879545
Bangladesh,BGD,1980,Natural gas rents (% of GDP),NY.GDP.NGAS.RT.ZS,0.0962085709933433
Bangladesh,BGD,1979,Natural gas rents (% of GDP),NY.GDP.NGAS.RT.ZS,0.0577942200054973
Bangladesh,BGD,1978,Natural gas rents (% of GDP),NY.GDP.NGAS.RT.ZS,0.0739726114535406
Bangladesh,BGD,1977,Natural gas rents (% of GDP),NY.GDP.NGAS.RT.ZS,0.140857200168227
Bangladesh,BGD,1976,Natural gas rents (% of GDP),NY.GDP.NGAS.RT.ZS,0.0989079103942444
Bangladesh,BGD,1975,Natural gas rents (% of GDP),NY.GDP.NGAS.RT.ZS,0.029782484073481
Bangladesh,BGD,1974,Natural gas rents (% of GDP),NY.GDP.NGAS.RT.ZS,0.0481544193522859
Bangladesh,BGD,1973,Natural gas rents (% of GDP),NY.GDP.NGAS.RT.ZS,0.0572618178601654
Bangladesh,BGD,1972,Natural gas rents (% of GDP),NY.GDP.NGAS.RT.ZS,0.0509512418233029
Bangladesh,BGD,1971,Natural gas rents (% of GDP),NY.GDP.NGAS.RT.ZS,0.0440290756408936
Bangladesh,BGD,1970,Natural gas rents (% of GDP),NY.GDP.NGAS.RT.ZS,0.0330339937653794
Bangladesh,BGD,2021,Oil rents (% of GDP),NY.GDP.PETR.RT.ZS,0.0315771885826906
Bangladesh,BGD,2020,Oil rents (% of GDP),NY.GDP.PETR.RT.ZS,0.0164788319009585
Bangladesh,BGD,2019,Oil rents (% of GDP),NY.GDP.PETR.RT.ZS,0.0401609167939213
Bangladesh,BGD,2018,Oil rents (% of GDP),NY.GDP.PETR.RT.ZS,0.0613027609024662
Bangladesh,BGD,2017,Oil rents (% of GDP),NY.GDP.PETR.RT.ZS,0.0460395273977644
Bangladesh,BGD,2016,Oil rents (% of GDP),NY.GDP.PETR.RT.ZS,0.0314940256004778
Bangladesh,BGD,2015,Oil rents (% of GDP),NY.GDP.PETR.RT.ZS,0.0516183234195442
Bangladesh,BGD,2014,Oil rents (% of GDP),NY.GDP.PETR.RT.ZS,0.0959581611484122
Bangladesh,BGD,2013,Oil rents (% of GDP),NY.GDP.PETR.RT.ZS,0.136547577119521
Bangladesh,BGD,2012,Oil rents (% of GDP),NY.GDP.PETR.RT.ZS,0.165239328703379
Bangladesh,BGD,2011,Oil rents (% of GDP),NY.GDP.PETR.RT.ZS,0.148237511200664
Bangladesh,BGD,2010,Oil rents (% of GDP),NY.GDP.PETR.RT.ZS,0.110401376114165
Bangladesh,BGD,2009,Oil rents (% of GDP),NY.GDP.PETR.RT.ZS,0.0809215445999961
Bangladesh,BGD,2008,Oil rents (% of GDP),NY.GDP.PETR.RT.ZS,0.207602557921387
Bangladesh,BGD,2007,Oil rents (% of GDP),NY.GDP.PETR.RT.ZS,0.146631401064833
Bangladesh,BGD,2006,Oil rents (% of GDP),NY.GDP.PETR.RT.ZS,0.101110752410513
Bangladesh,BGD,2005,Oil rents (% of GDP),NY.GDP.PETR.RT.ZS,0.0854314760057084
Bangladesh,BGD,2004,Oil rents (% of GDP),NY.GDP.PETR.RT.ZS,0.0886657388470392
Bangladesh,BGD,2003,Oil rents (% of GDP),NY.GDP.PETR.RT.ZS,0.0708422538942109
Bangladesh,BGD,2002,Oil rents (% of GDP),NY.GDP.PETR.RT.ZS,0.0837501114858241
Bangladesh,BGD,2001,Oil rents (% of GDP),NY.GDP.PETR.RT.ZS,0.0543710423247111
Bangladesh,BGD,2000,Oil rents (% of GDP),NY.GDP.PETR.RT.ZS,0.0353231482134216
Bangladesh,BGD,1999,Oil rents (% of GDP),NY.GDP.PETR.RT.ZS,0.0179507388011089
Bangladesh,BGD,1998,Oil rents (% of GDP),NY.GDP.PETR.RT.ZS,0.00801045726433241
Bangladesh,BGD,1997,Oil rents (% of GDP),NY.GDP.PETR.RT.ZS,0.0173308738284211
Bangladesh,BGD,1996,Oil rents (% of GDP),NY.GDP.PETR.RT.ZS,0.0178010302921139
Bangladesh,BGD,1995,Oil rents (% of GDP),NY.GDP.PETR.RT.ZS,0.0131964705068302
Bangladesh,BGD,1994,Oil rents (% of GDP),NY.GDP.PETR.RT.ZS,0.0172049134880783
Bangladesh,BGD,1993,Oil rents (% of GDP),NY.GDP.PETR.RT.ZS,0.0123153025022102
Bangladesh,BGD,1992,Oil rents (% of GDP),NY.GDP.PETR.RT.ZS,0.0140449207472924
Bangladesh,BGD,1991,Oil rents (% of GDP),NY.GDP.PETR.RT.ZS,0.0113715162813764
Bangladesh,BGD,1990,Oil rents (% of GDP),NY.GDP.PETR.RT.ZS,0.0203201461879886
Bangladesh,BGD,1989,Oil rents (% of GDP),NY.GDP.PETR.RT.ZS,0.00978772290798522
Bangladesh,BGD,1988,Oil rents (% of GDP),NY.GDP.PETR.RT.ZS,0.0077472979212532
Bangladesh,BGD,1987,Oil rents (% of GDP),NY.GDP.PETR.RT.ZS,0.0101506500659474
Bangladesh,BGD,1986,Oil rents (% of GDP),NY.GDP.PETR.RT.ZS,0.00765990418806397
Bangladesh,BGD,1985,Oil rents (% of GDP),NY.GDP.PETR.RT.ZS,0.0149931930609909
Bangladesh,BGD,1984,Oil rents (% of GDP),NY.GDP.PETR.RT.ZS,0.0150348240417558
Bangladesh,BGD,1983,Oil rents (% of GDP),NY.GDP.PETR.RT.ZS,0.00967400970444961
Bangladesh,BGD,1982,Oil rents (% of GDP),NY.GDP.PETR.RT.ZS,0.00355681985514395
Bangladesh,BGD,1981,Oil rents (% of GDP),NY.GDP.PETR.RT.ZS,0.00492794525304968
Bangladesh,BGD,1980,Oil rents (% of GDP),NY.GDP.PETR.RT.ZS,0.00626125829030046
Bangladesh,BGD,1979,Oil rents (% of GDP),NY.GDP.PETR.RT.ZS,0.00775011811267739
Bangladesh,BGD,1978,Oil rents (% of GDP),NY.GDP.PETR.RT.ZS,0.00424574634425189
Bangladesh,BGD,1977,Oil rents (% of GDP),NY.GDP.PETR.RT.ZS,0.00631915272858013
Bangladesh,BGD,1976,Oil rents (% of GDP),NY.GDP.PETR.RT.ZS,0.00578092098146322
Bangladesh,BGD,1975,Oil rents (% of GDP),NY.GDP.PETR.RT.ZS,0.00276065599008583
Bangladesh,BGD,1974,Oil rents (% of GDP),NY.GDP.PETR.RT.ZS,0.00396545147052567
Bangladesh,BGD,1973,Oil rents (% of GDP),NY.GDP.PETR.RT.ZS,0.00102088938933604
Bangladesh,BGD,1972,Oil rents (% of GDP),NY.GDP.PETR.RT.ZS,0.00105028928263975
Bangladesh,BGD,1971,Oil rents (% of GDP),NY.GDP.PETR.RT.ZS,0.000854000655155613
Bangladesh,BGD,1970,Oil rents (% of GDP),NY.GDP.PETR.RT.ZS,0.000599113644161149
Bangladesh,BGD,2021,Total natural resources rents (% of GDP),NY.GDP.TOTL.RT.ZS,0.610069177584654
Bangladesh,BGD,2020,Total natural resources rents (% of GDP),NY.GDP.TOTL.RT.ZS,0.560867699425496
Bangladesh,BGD,2019,Total natural resources rents (% of GDP),NY.GDP.TOTL.RT.ZS,0.637717563815013
Bangladesh,BGD,2018,Total natural resources rents (% of GDP),NY.GDP.TOTL.RT.ZS,0.649238822939078
Bangladesh,BGD,2017,Total natural resources rents (% of GDP),NY.GDP.TOTL.RT.ZS,0.710420009979719
Bangladesh,BGD,2016,Total natural resources rents (% of GDP),NY.GDP.TOTL.RT.ZS,0.716140756665905
Bangladesh,BGD,2015,Total natural resources rents (% of GDP),NY.GDP.TOTL.RT.ZS,0.899813880185078
Bangladesh,BGD,2014,Total natural resources rents (% of GDP),NY.GDP.TOTL.RT.ZS,1.0471807482358
Bangladesh,BGD,2013,Total natural resources rents (% of GDP),NY.GDP.TOTL.RT.ZS,1.15168388504547
Bangladesh,BGD,2012,Total natural resources rents (% of GDP),NY.GDP.TOTL.RT.ZS,1.55456977469424
Bangladesh,BGD,2011,Total natural resources rents (% of GDP),NY.GDP.TOTL.RT.ZS,1.58942506825245
Bangladesh,BGD,2010,Total natural resources rents (% of GDP),NY.GDP.TOTL.RT.ZS,1.41590969915937
Bangladesh,BGD,2009,Total natural resources rents (% of GDP),NY.GDP.TOTL.RT.ZS,1.19267876534874
Bangladesh,BGD,2008,Total natural resources rents (% of GDP),NY.GDP.TOTL.RT.ZS,1.24590842426876
Bangladesh,BGD,2007,Total natural resources rents (% of GDP),NY.GDP.TOTL.RT.ZS,1.28014684364958
Bangladesh,BGD,2006,Total natural resources rents (% of GDP),NY.GDP.TOTL.RT.ZS,1.62191450084584
Bangladesh,BGD,2005,Total natural resources rents (% of GDP),NY.GDP.TOTL.RT.ZS,1.42150860907864
Bangladesh,BGD,2004,Total natural resources rents (% of GDP),NY.GDP.TOTL.RT.ZS,1.25033088137691
Bangladesh,BGD,2003,Total natural resources rents (% of GDP),NY.GDP.TOTL.RT.ZS,1.1726703179764
Bangladesh,BGD,2002,Total natural resources rents (% of GDP),NY.GDP.TOTL.RT.ZS,1.15631580460455
Bangladesh,BGD,2001,Total natural resources rents (% of GDP),NY.GDP.TOTL.RT.ZS,0.95102951129156
Bangladesh,BGD,2000,Total natural resources rents (% of GDP),NY.GDP.TOTL.RT.ZS,0.923670143871526
Bangladesh,BGD,1999,Total natural resources rents (% of GDP),NY.GDP.TOTL.RT.ZS,0.663669373400762
Bangladesh,BGD,1998,Total natural resources rents (% of GDP),NY.GDP.TOTL.RT.ZS,0.537803801940501
Bangladesh,BGD,1997,Total natural resources rents (% of GDP),NY.GDP.TOTL.RT.ZS,0.511157807467368
Bangladesh,BGD,1996,Total natural resources rents (% of GDP),NY.GDP.TOTL.RT.ZS,0.590055045886
Bangladesh,BGD,1995,Total natural resources rents (% of GDP),NY.GDP.TOTL.RT.ZS,0.668909980730037
Bangladesh,BGD,1994,Total natural resources rents (% of GDP),NY.GDP.TOTL.RT.ZS,0.600057139596724
Bangladesh,BGD,1993,Total natural resources rents (% of GDP),NY.GDP.TOTL.RT.ZS,0.582732541029045
Bangladesh,BGD,1992,Total natural resources rents (% of GDP),NY.GDP.TOTL.RT.ZS,0.654704269151057
Bangladesh,BGD,1991,Total natural resources rents (% of GDP),NY.GDP.TOTL.RT.ZS,0.628027177658942
Bangladesh,BGD,1990,Total natural resources rents (% of GDP),NY.GDP.TOTL.RT.ZS,0.686510706810621
Bangladesh,BGD,1989,Total natural resources rents (% of GDP),NY.GDP.TOTL.RT.ZS,0.615855369464613
Bangladesh,BGD,1988,Total natural resources rents (% of GDP),NY.GDP.TOTL.RT.ZS,0.549496598855429
Bangladesh,BGD,1987,Total natural resources rents (% of GDP),NY.GDP.TOTL.RT.ZS,0.581090658521554
Bangladesh,BGD,1986,Total natural resources rents (% of GDP),NY.GDP.TOTL.RT.ZS,0.668100156202787
Bangladesh,BGD,1985,Total natural resources rents (% of GDP),NY.GDP.TOTL.RT.ZS,0.335445824458567
Bangladesh,BGD,1984,Total natural resources rents (% of GDP),NY.GDP.TOTL.RT.ZS,0.53575768794391
Bangladesh,BGD,1983,Total natural resources rents (% of GDP),NY.GDP.TOTL.RT.ZS,0.686116744519493
Bangladesh,BGD,1982,Total natural resources rents (% of GDP),NY.GDP.TOTL.RT.ZS,0.870437532799511
Bangladesh,BGD,1981,Total natural resources rents (% of GDP),NY.GDP.TOTL.RT.ZS,0.546744126402728
Bangladesh,BGD,1980,Total natural resources rents (% of GDP),NY.GDP.TOTL.RT.ZS,0.766135473162533
Bangladesh,BGD,1979,Total natural resources rents (% of GDP),NY.GDP.TOTL.RT.ZS,0.693956305275022
Bangladesh,BGD,1978,Total natural resources rents (% of GDP),NY.GDP.TOTL.RT.ZS,1.8249629940207
Bangladesh,BGD,1977,Total natural resources rents (% of GDP),NY.GDP.TOTL.RT.ZS,2.56785261364521
Bangladesh,BGD,1976,Total natural resources rents (% of GDP),NY.GDP.TOTL.RT.ZS,0.767371749363743
Bangladesh,BGD,1975,Total natural resources rents (% of GDP),NY.GDP.TOTL.RT.ZS,0.584495581917578
Bangladesh,BGD,1974,Total natural resources rents (% of GDP),NY.GDP.TOTL.RT.ZS,0.423691747807607
Bangladesh,BGD,1973,Total natural resources rents (% of GDP),NY.GDP.TOTL.RT.ZS,0.549827752631731
Bangladesh,BGD,1972,Total natural resources rents (% of GDP),NY.GDP.TOTL.RT.ZS,0.382448023577422
Bangladesh,BGD,1971,Total natural resources rents (% of GDP),NY.GDP.TOTL.RT.ZS,0.304763457232683
Bangladesh,BGD,1970,Total natural resources rents (% of GDP),NY.GDP.TOTL.RT.ZS,0.326560893035859
Bangladesh,BGD,2024,"People using at least basic drinking water services, rural (% of rural population)",SH.H2O.BASW.RU.ZS,98.7954008333594
Bangladesh,BGD,2023,"People using at least basic drinking water services, rural (% of rural population)",SH.H2O.BASW.RU.ZS,98.6559680012177
Bangladesh,BGD,2022,"People using at least basic drinking water services, rural (% of rural population)",SH.H2O.BASW.RU.ZS,98.5164544072857
Bangladesh,BGD,2021,"People using at least basic drinking water services, rural (% of rural population)",SH.H2O.BASW.RU.ZS,98.3154731888028
Bangladesh,BGD,2020,"People using at least basic drinking water services, rural (% of rural population)",SH.H2O.BASW.RU.ZS,98.0795488384143
Bangladesh,BGD,2019,"People using at least basic drinking water services, rural (% of rural population)",SH.H2O.BASW.RU.ZS,97.8438171652889
Bangladesh,BGD,2018,"People using at least basic drinking water services, rural (% of rural population)",SH.H2O.BASW.RU.ZS,97.6082781694266
Bangladesh,BGD,2017,"People using at least basic drinking water services, rural (% of rural population)",SH.H2O.BASW.RU.ZS,97.3729318508273
Bangladesh,BGD,2016,"People using at least basic drinking water services, rural (% of rural population)",SH.H2O.BASW.RU.ZS,97.1377782094911
Bangladesh,BGD,2015,"People using at least basic drinking water services, rural (% of rural population)",SH.H2O.BASW.RU.ZS,96.9028172454179
Bangladesh,BGD,2014,"People using at least basic drinking water services, rural (% of rural population)",SH.H2O.BASW.RU.ZS,96.6680489586079
Bangladesh,BGD,2013,"People using at least basic drinking water services, rural (% of rural population)",SH.H2O.BASW.RU.ZS,96.4334733490609
Bangladesh,BGD,2012,"People using at least basic drinking water services, rural (% of rural population)",SH.H2O.BASW.RU.ZS,96.199090416777
Bangladesh,BGD,2011,"People using at least basic drinking water services, rural (% of rural population)",SH.H2O.BASW.RU.ZS,95.9649001617562
Bangladesh,BGD,2010,"People using at least basic drinking water services, rural (% of rural population)",SH.H2O.BASW.RU.ZS,95.7309025839985
Bangladesh,BGD,2009,"People using at least basic drinking water services, rural (% of rural population)",SH.H2O.BASW.RU.ZS,95.4970976835038
Bangladesh,BGD,2008,"People using at least basic drinking water services, rural (% of rural population)",SH.H2O.BASW.RU.ZS,95.2634854602722
Bangladesh,BGD,2007,"People using at least basic drinking water services, rural (% of rural population)",SH.H2O.BASW.RU.ZS,95.0300659143036
Bangladesh,BGD,2006,"People using at least basic drinking water services, rural (% of rural population)",SH.H2O.BASW.RU.ZS,94.7968390455981
Bangladesh,BGD,2005,"People using at least basic drinking water services, rural (% of rural population)",SH.H2O.BASW.RU.ZS,94.5638048541557
Bangladesh,BGD,2004,"People using at least basic drinking water services, rural (% of rural population)",SH.H2O.BASW.RU.ZS,94.3309633399764
Bangladesh,BGD,2003,"People using at least basic drinking water services, rural (% of rural population)",SH.H2O.BASW.RU.ZS,94.1478459901191
Bangladesh,BGD,2002,"People using at least basic drinking water services, rural (% of rural population)",SH.H2O.BASW.RU.ZS,93.9647286402619
Bangladesh,BGD,2001,"People using at least basic drinking water services, rural (% of rural population)",SH.H2O.BASW.RU.ZS,93.7816112904047
Bangladesh,BGD,2000,"People using at least basic drinking water services, rural (% of rural population)",SH.H2O.BASW.RU.ZS,93.5984939405474
Bangladesh,BGD,2024,"People using at least basic drinking water services, urban (% of urban population)",SH.H2O.BASW.UR.ZS,98.7642196349346
Bangladesh,BGD,2023,"People using at least basic drinking water services, urban (% of urban population)",SH.H2O.BASW.UR.ZS,98.7194648918879
Bangladesh,BGD,2022,"People using at least basic drinking water services, urban (% of urban population)",SH.H2O.BASW.UR.ZS,98.6747027561126
Bangladesh,BGD,2021,"People using at least basic drinking water services, urban (% of urban population)",SH.H2O.BASW.UR.ZS,98.6299332276087
Bangladesh,BGD,2020,"People using at least basic drinking water services, urban (% of urban population)",SH.H2O.BASW.UR.ZS,98.5851563063764
Bangladesh,BGD,2019,"People using at least basic drinking water services, urban (% of urban population)",SH.H2O.BASW.UR.ZS,98.5403719924155
Bangladesh,BGD,2018,"People using at least basic drinking water services, urban (% of urban population)",SH.H2O.BASW.UR.ZS,98.495580285726
Bangladesh,BGD,2017,"People using at least basic drinking water services, urban (% of urban population)",SH.H2O.BASW.UR.ZS,98.450781186308
Bangladesh,BGD,2016,"People using at least basic drinking water services, urban (% of urban population)",SH.H2O.BASW.UR.ZS,98.4059746941615
Bangladesh,BGD,2015,"People using at least basic drinking water services, urban (% of urban population)",SH.H2O.BASW.UR.ZS,98.3611608092864
Bangladesh,BGD,2014,"People using at least basic drinking water services, urban (% of urban population)",SH.H2O.BASW.UR.ZS,98.3163395316828
Bangladesh,BGD,2013,"People using at least basic drinking water services, urban (% of urban population)",SH.H2O.BASW.UR.ZS,98.2715108613506
Bangladesh,BGD,2012,"People using at least basic drinking water services, urban (% of urban population)",SH.H2O.BASW.UR.ZS,98.2266747982899
Bangladesh,BGD,2011,"People using at least basic drinking water services, urban (% of urban population)",SH.H2O.BASW.UR.ZS,98.1818313425007
Bangladesh,BGD,2010,"People using at least basic drinking water services, urban (% of urban population)",SH.H2O.BASW.UR.ZS,98.1369804939829
Bangladesh,BGD,2009,"People using at least basic drinking water services, urban (% of urban population)",SH.H2O.BASW.UR.ZS,98.0921222527366
Bangladesh,BGD,2008,"People using at least basic drinking water services, urban (% of urban population)",SH.H2O.BASW.UR.ZS,98.0472566187617
Bangladesh,BGD,2007,"People using at least basic drinking water services, urban (% of urban population)",SH.H2O.BASW.UR.ZS,98.0023835920583
Bangladesh,BGD,2006,"People using at least basic drinking water services, urban (% of urban population)",SH.H2O.BASW.UR.ZS,97.9575031726264
Bangladesh,BGD,2005,"People using at least basic drinking water services, urban (% of urban population)",SH.H2O.BASW.UR.ZS,97.9126153604659
Bangladesh,BGD,2004,"People using at least basic drinking water services, urban (% of urban population)",SH.H2O.BASW.UR.ZS,97.8677201555769
Bangladesh,BGD,2003,"People using at least basic drinking water services, urban (% of urban population)",SH.H2O.BASW.UR.ZS,97.8158473710563
Bangladesh,BGD,2002,"People using at least basic drinking water services, urban (% of urban population)",SH.H2O.BASW.UR.ZS,97.7639745865357
Bangladesh,BGD,2001,"People using at least basic drinking water services, urban (% of urban population)",SH.H2O.BASW.UR.ZS,97.7121018020151
Bangladesh,BGD,2000,"People using at least basic drinking water services, urban (% of urban population)",SH.H2O.BASW.UR.ZS,97.6602290174945
Bangladesh,BGD,2024,People using at least basic drinking water services (% of population),SH.H2O.BASW.ZS,98.7825421934741
Bangladesh,BGD,2023,People using at least basic drinking water services (% of population),SH.H2O.BASW.ZS,98.6816683567859
Bangladesh,BGD,2022,People using at least basic drinking water services (% of population),SH.H2O.BASW.ZS,98.5792972461401
Bangladesh,BGD,2021,People using at least basic drinking water services (% of population),SH.H2O.BASW.ZS,98.4379436580879
Bangladesh,BGD,2020,People using at least basic drinking water services (% of population),SH.H2O.BASW.ZS,98.2725719690138
Bangladesh,BGD,2019,People using at least basic drinking water services (% of population),SH.H2O.BASW.ZS,98.1043633059551
Bangladesh,BGD,2018,People using at least basic drinking water services (% of population),SH.H2O.BASW.ZS,97.933316165493
Bangladesh,BGD,2017,People using at least basic drinking water services (% of population),SH.H2O.BASW.ZS,97.7594255729943
Bangladesh,BGD,2016,People using at least basic drinking water services (% of population),SH.H2O.BASW.ZS,97.5826981722131
Bangladesh,BGD,2015,People using at least basic drinking water services (% of population),SH.H2O.BASW.ZS,97.4031438216165
Bangladesh,BGD,2014,People using at least basic drinking water services (% of population),SH.H2O.BASW.ZS,97.220803624287
Bangladesh,BGD,2013,People using at least basic drinking water services (% of population),SH.H2O.BASW.ZS,97.035648544406
Bangladesh,BGD,2012,People using at least basic drinking water services (% of population),SH.H2O.BASW.ZS,96.8477733718652
Bangladesh,BGD,2011,People using at least basic drinking water services (% of population),SH.H2O.BASW.ZS,96.6571382365005
Bangladesh,BGD,2010,People using at least basic drinking water services (% of population),SH.H2O.BASW.ZS,96.4638392169857
Bangladesh,BGD,2009,People using at least basic drinking water services (% of population),SH.H2O.BASW.ZS,96.2680515706038
Bangladesh,BGD,2008,People using at least basic drinking water services (% of population),SH.H2O.BASW.ZS,96.0698868772065
Bangladesh,BGD,2007,People using at least basic drinking water services (% of population),SH.H2O.BASW.ZS,95.8693613830189
Bangladesh,BGD,2006,People using at least basic drinking water services (% of population),SH.H2O.BASW.ZS,95.6665612927773
Bangladesh,BGD,2005,People using at least basic drinking water services (% of population),SH.H2O.BASW.ZS,95.4615869207047
Bangladesh,BGD,2004,People using at least basic drinking water services (% of population),SH.H2O.BASW.ZS,95.2545490019723
Bangladesh,BGD,2003,People using at least basic drinking water services (% of population),SH.H2O.BASW.ZS,95.0805824631407
Bangladesh,BGD,2002,People using at least basic drinking water services (% of population),SH.H2O.BASW.ZS,94.9052687199245
Bangladesh,BGD,2001,People using at least basic drinking water services (% of population),SH.H2O.BASW.ZS,94.7286986016594
Bangladesh,BGD,2000,People using at least basic drinking water services (% of population),SH.H2O.BASW.ZS,94.5566591015105
Bangladesh,BGD,2024,"People using safely managed drinking water services, rural (% of rural population)",SH.H2O.SMDW.RU.ZS,62.5055236365331
Bangladesh,BGD,2023,"People using safely managed drinking water services, rural (% of rural population)",SH.H2O.SMDW.RU.ZS,62.4498207168655
Bangladesh,BGD,2022,"People using safely managed drinking water services, rural (% of rural population)",SH.H2O.SMDW.RU.ZS,62.3940085867131
Bangladesh,BGD,2021,"People using safely managed drinking water services, rural (% of rural population)",SH.H2O.SMDW.RU.ZS,62.2991882976775
Bangladesh,BGD,2020,"People using safely managed drinking water services, rural (% of rural population)",SH.H2O.SMDW.RU.ZS,62.1336197552988
Bangladesh,BGD,2019,"People using safely managed drinking water services, rural (% of rural population)",SH.H2O.SMDW.RU.ZS,61.9682338221664
Bangladesh,BGD,2018,"People using safely managed drinking water services, rural (% of rural population)",SH.H2O.SMDW.RU.ZS,61.8030304982804
Bangladesh,BGD,2017,"People using safely managed drinking water services, rural (% of rural population)",SH.H2O.SMDW.RU.ZS,61.6380097836407
Bangladesh,BGD,2016,"People using safely managed drinking water services, rural (% of rural population)",SH.H2O.SMDW.RU.ZS,61.4731716782473
Bangladesh,BGD,2015,"People using safely managed drinking water services, rural (% of rural population)",SH.H2O.SMDW.RU.ZS,61.3085161821003
Bangladesh,BGD,2014,"People using safely managed drinking water services, rural (% of rural population)",SH.H2O.SMDW.RU.ZS,61.1440432951997
Bangladesh,BGD,2013,"People using safely managed drinking water services, rural (% of rural population)",SH.H2O.SMDW.RU.ZS,60.9797530175454
Bangladesh,BGD,2012,"People using safely managed drinking water services, rural (% of rural population)",SH.H2O.SMDW.RU.ZS,60.8156453491374
Bangladesh,BGD,2011,"People using safely managed drinking water services, rural (% of rural population)",SH.H2O.SMDW.RU.ZS,60.6517202899758
Bangladesh,BGD,2010,"People using safely managed drinking water services, rural (% of rural population)",SH.H2O.SMDW.RU.ZS,60.535560277397
Bangladesh,BGD,2009,"People using safely managed drinking water services, rural (% of rural population)",SH.H2O.SMDW.RU.ZS,60.4194002648182
Bangladesh,BGD,2008,"People using safely managed drinking water services, rural (% of rural population)",SH.H2O.SMDW.RU.ZS,60.3032402522393
Bangladesh,BGD,2007,"People using safely managed drinking water services, rural (% of rural population)",SH.H2O.SMDW.RU.ZS,60.1870802396605
Bangladesh,BGD,2006,"People using safely managed drinking water services, rural (% of rural population)",SH.H2O.SMDW.RU.ZS,60.0709202270817
Bangladesh,BGD,2005,"People using safely managed drinking water services, rural (% of rural population)",SH.H2O.SMDW.RU.ZS,59.9547602145029
Bangladesh,BGD,2004,"People using safely managed drinking water services, rural (% of rural population)",SH.H2O.SMDW.RU.ZS,59.8386002019241
Bangladesh,BGD,2003,"People using safely managed drinking water services, rural (% of rural population)",SH.H2O.SMDW.RU.ZS,59.7224401893452
Bangladesh,BGD,2002,"People using safely managed drinking water services, rural (% of rural population)",SH.H2O.SMDW.RU.ZS,59.6062801767664
Bangladesh,BGD,2001,"People using safely managed drinking water services, rural (% of rural population)",SH.H2O.SMDW.RU.ZS,59.4901201641876
Bangladesh,BGD,2000,"People using safely managed drinking water services, rural (% of rural population)",SH.H2O.SMDW.RU.ZS,59.3739601516088
Bangladesh,BGD,2024,"People using safely managed drinking water services, urban (% of urban population)",SH.H2O.SMDW.UR.ZS,54.3073761347489
Bangladesh,BGD,2023,"People using safely managed drinking water services, urban (% of urban population)",SH.H2O.SMDW.UR.ZS,54.2788935523561
Bangladesh,BGD,2022,"People using safely managed drinking water services, urban (% of urban population)",SH.H2O.SMDW.UR.ZS,54.2504109699632
Bangladesh,BGD,2021,"People using safely managed drinking water services, urban (% of urban population)",SH.H2O.SMDW.UR.ZS,54.2219283875703
Bangladesh,BGD,2020,"People using safely managed drinking water services, urban (% of urban population)",SH.H2O.SMDW.UR.ZS,53.0329485743932
Bangladesh,BGD,2019,"People using safely managed drinking water services, urban (% of urban population)",SH.H2O.SMDW.UR.ZS,51.8451886119744
Bangladesh,BGD,2018,"People using safely managed drinking water services, urban (% of urban population)",SH.H2O.SMDW.UR.ZS,50.6586485003144
Bangladesh,BGD,2017,"People using safely managed drinking water services, urban (% of urban population)",SH.H2O.SMDW.UR.ZS,49.4733282394135
Bangladesh,BGD,2016,"People using safely managed drinking water services, urban (% of urban population)",SH.H2O.SMDW.UR.ZS,48.289227829271
Bangladesh,BGD,2015,"People using safely managed drinking water services, urban (% of urban population)",SH.H2O.SMDW.UR.ZS,47.1063472698877
Bangladesh,BGD,2014,"People using safely managed drinking water services, urban (% of urban population)",SH.H2O.SMDW.UR.ZS,45.9246865612627
Bangladesh,BGD,2013,"People using safely managed drinking water services, urban (% of urban population)",SH.H2O.SMDW.UR.ZS,44.7442457033964
Bangladesh,BGD,2012,"People using safely managed drinking water services, urban (% of urban population)",SH.H2O.SMDW.UR.ZS,43.5650246962894
Bangladesh,BGD,2011,"People using safely managed drinking water services, urban (% of urban population)",SH.H2O.SMDW.UR.ZS,42.3870235399406
Bangladesh,BGD,2010,"People using safely managed drinking water services, urban (% of urban population)",SH.H2O.SMDW.UR.ZS,42.3646402113415
Bangladesh,BGD,2009,"People using safely managed drinking water services, urban (% of urban population)",SH.H2O.SMDW.UR.ZS,42.3422568827424
Bangladesh,BGD,2008,"People using safely managed drinking water services, urban (% of urban population)",SH.H2O.SMDW.UR.ZS,42.3198735541433
Bangladesh,BGD,2007,"People using safely managed drinking water services, urban (% of urban population)",SH.H2O.SMDW.UR.ZS,42.2974902255442
Bangladesh,BGD,2006,"People using safely managed drinking water services, urban (% of urban population)",SH.H2O.SMDW.UR.ZS,42.2751068969451
Bangladesh,BGD,2005,"People using safely managed drinking water services, urban (% of urban population)",SH.H2O.SMDW.UR.ZS,42.252723568346
Bangladesh,BGD,2004,"People using safely managed drinking water services, urban (% of urban population)",SH.H2O.SMDW.UR.ZS,42.2303402397469
Bangladesh,BGD,2003,"People using safely managed drinking water services, urban (% of urban population)",SH.H2O.SMDW.UR.ZS,42.2079569111478
Bangladesh,BGD,2002,"People using safely managed drinking water services, urban (% of urban population)",SH.H2O.SMDW.UR.ZS,42.1855735825487
Bangladesh,BGD,2001,"People using safely managed drinking water services, urban (% of urban population)",SH.H2O.SMDW.UR.ZS,42.1631902539496
Bangladesh,BGD,2000,"People using safely managed drinking water services, urban (% of urban population)",SH.H2O.SMDW.UR.ZS,42.1408069253505
Bangladesh,BGD,2024,People using safely managed drinking water services (% of population),SH.H2O.SMDW.ZS,59.1254259857148
Bangladesh,BGD,2023,People using safely managed drinking water services (% of population),SH.H2O.SMDW.ZS,59.1428021110632
Bangladesh,BGD,2022,People using safely managed drinking water services (% of population),SH.H2O.SMDW.ZS,59.1601050160444
Bangladesh,BGD,2021,People using safely managed drinking water services (% of population),SH.H2O.SMDW.ZS,59.1534191656121
Bangladesh,BGD,2020,People using safely managed drinking water services (% of population),SH.H2O.SMDW.ZS,58.6592547923406
Bangladesh,BGD,2019,People using safely managed drinking water services (% of population),SH.H2O.SMDW.ZS,58.1817087457811
Bangladesh,BGD,2018,People using safely managed drinking water services (% of population),SH.H2O.SMDW.ZS,57.7206212770885
Bangladesh,BGD,2017,People using safely managed drinking water services (% of population),SH.H2O.SMDW.ZS,57.2759974542837
Bangladesh,BGD,2016,People using safely managed drinking water services (% of population),SH.H2O.SMDW.ZS,56.8478479103071
Bangladesh,BGD,2015,People using safely managed drinking water services (% of population),SH.H2O.SMDW.ZS,56.4360346070219
Bangladesh,BGD,2014,People using safely managed drinking water services (% of population),SH.H2O.SMDW.ZS,56.040232268799
Bangladesh,BGD,2013,People using safely managed drinking water services (% of population),SH.H2O.SMDW.ZS,55.6606745928765
Bangladesh,BGD,2012,People using safely managed drinking water services (% of population),SH.H2O.SMDW.ZS,55.2966533276478
Bangladesh,BGD,2011,People using safely managed drinking water services (% of population),SH.H2O.SMDW.ZS,54.9485696855787
Bangladesh,BGD,2010,People using safely managed drinking water services (% of population),SH.H2O.SMDW.ZS,55.0003330600866
Bangladesh,BGD,2009,People using safely managed drinking water services (% of population),SH.H2O.SMDW.ZS,55.048860676336
Bangladesh,BGD,2008,People using safely managed drinking water services (% of population),SH.H2O.SMDW.ZS,55.093817397815
Bangladesh,BGD,2007,People using safely managed drinking water services (% of population),SH.H2O.SMDW.ZS,55.1355977938881
Bangladesh,BGD,2006,People using safely managed drinking water services (% of population),SH.H2O.SMDW.ZS,55.1740477761124
Bangladesh,BGD,2005,People using safely managed drinking water services (% of population),SH.H2O.SMDW.ZS,55.2090208115445
Bangladesh,BGD,2004,People using safely managed drinking water services (% of population),SH.H2O.SMDW.ZS,55.2403777535328
Bangladesh,BGD,2003,People using safely managed drinking water services (% of population),SH.H2O.SMDW.ZS,55.268682349761
Bangladesh,BGD,2002,People using safely managed drinking water services (% of population),SH.H2O.SMDW.ZS,55.2936095914009
Bangladesh,BGD,2001,People using safely managed drinking water services (% of population),SH.H2O.SMDW.ZS,55.3150210020989
Bangladesh,BGD,2000,People using safely managed drinking water services (% of population),SH.H2O.SMDW.ZS,55.3086603889198
Bangladesh,BGD,2019,"Mortality rate attributed to household and ambient air pollution, age-standardized (per 100,000 population)",SH.STA.AIRP.P5,143.9
Bangladesh,BGD,2024,"People using at least basic sanitation services, rural (% of rural population)",SH.STA.BASS.RU.ZS,67.6183692406755
Bangladesh,BGD,2023,"People using at least basic sanitation services, rural (% of rural population)",SH.STA.BASS.RU.ZS,65.1743775514717
Bangladesh,BGD,2022,"People using at least basic sanitation services, rural (% of rural population)",SH.STA.BASS.RU.ZS,62.7618497701246
Bangladesh,BGD,2021,"People using at least basic sanitation services, rural (% of rural population)",SH.STA.BASS.RU.ZS,60.3807858966327
Bangladesh,BGD,2020,"People using at least basic sanitation services, rural (% of rural population)",SH.STA.BASS.RU.ZS,58.0311859309976
Bangladesh,BGD,2019,"People using at least basic sanitation services, rural (% of rural population)",SH.STA.BASS.RU.ZS,55.7130498732179
Bangladesh,BGD,2018,"People using at least basic sanitation services, rural (% of rural population)",SH.STA.BASS.RU.ZS,53.4263777232946
Bangladesh,BGD,2017,"People using at least basic sanitation services, rural (% of rural population)",SH.STA.BASS.RU.ZS,51.1711694812267
Bangladesh,BGD,2016,"People using at least basic sanitation services, rural (% of rural population)",SH.STA.BASS.RU.ZS,48.9474251470154
Bangladesh,BGD,2015,"People using at least basic sanitation services, rural (% of rural population)",SH.STA.BASS.RU.ZS,46.7551447206594
Bangladesh,BGD,2014,"People using at least basic sanitation services, rural (% of rural population)",SH.STA.BASS.RU.ZS,44.5943282021602
Bangladesh,BGD,2013,"People using at least basic sanitation services, rural (% of rural population)",SH.STA.BASS.RU.ZS,42.4649755915168
Bangladesh,BGD,2012,"People using at least basic sanitation services, rural (% of rural population)",SH.STA.BASS.RU.ZS,40.3670868887287
Bangladesh,BGD,2011,"People using at least basic sanitation services, rural (% of rural population)",SH.STA.BASS.RU.ZS,38.3006620937972
Bangladesh,BGD,2010,"People using at least basic sanitation services, rural (% of rural population)",SH.STA.BASS.RU.ZS,36.2657012067211
Bangladesh,BGD,2009,"People using at least basic sanitation services, rural (% of rural population)",SH.STA.BASS.RU.ZS,34.2622042275017
Bangladesh,BGD,2008,"People using at least basic sanitation services, rural (% of rural population)",SH.STA.BASS.RU.ZS,32.2901711561375
Bangladesh,BGD,2007,"People using at least basic sanitation services, rural (% of rural population)",SH.STA.BASS.RU.ZS,30.34960199263
Bangladesh,BGD,2006,"People using at least basic sanitation services, rural (% of rural population)",SH.STA.BASS.RU.ZS,28.4404967369777
Bangladesh,BGD,2005,"People using at least basic sanitation services, rural (% of rural population)",SH.STA.BASS.RU.ZS,26.5628553891821
Bangladesh,BGD,2004,"People using at least basic sanitation services, rural (% of rural population)",SH.STA.BASS.RU.ZS,24.7166779492418
Bangladesh,BGD,2003,"People using at least basic sanitation services, rural (% of rural population)",SH.STA.BASS.RU.ZS,23.1315365316456
Bangladesh,BGD,2002,"People using at least basic sanitation services, rural (% of rural population)",SH.STA.BASS.RU.ZS,21.5463951140488
Bangladesh,BGD,2001,"People using at least basic sanitation services, rural (% of rural population)",SH.STA.BASS.RU.ZS,19.9612536964526
Bangladesh,BGD,2000,"People using at least basic sanitation services, rural (% of rural population)",SH.STA.BASS.RU.ZS,18.3761122788558
Bangladesh,BGD,2024,"People using at least basic sanitation services, urban (% of urban population)",SH.STA.BASS.UR.ZS,67.6154773736526
Bangladesh,BGD,2023,"People using at least basic sanitation services, urban (% of urban population)",SH.STA.BASS.UR.ZS,66.3011416705552
Bangladesh,BGD,2022,"People using at least basic sanitation services, urban (% of urban population)",SH.STA.BASS.UR.ZS,64.9990656880454
Bangladesh,BGD,2021,"People using at least basic sanitation services, urban (% of urban population)",SH.STA.BASS.UR.ZS,63.7092494261222
Bangladesh,BGD,2020,"People using at least basic sanitation services, urban (% of urban population)",SH.STA.BASS.UR.ZS,62.4316928847861
Bangladesh,BGD,2019,"People using at least basic sanitation services, urban (% of urban population)",SH.STA.BASS.UR.ZS,61.1663960640373
Bangladesh,BGD,2018,"People using at least basic sanitation services, urban (% of urban population)",SH.STA.BASS.UR.ZS,59.9133589638754
Bangladesh,BGD,2017,"People using at least basic sanitation services, urban (% of urban population)",SH.STA.BASS.UR.ZS,58.6725815843006
Bangladesh,BGD,2016,"People using at least basic sanitation services, urban (% of urban population)",SH.STA.BASS.UR.ZS,57.4440639253132
Bangladesh,BGD,2015,"People using at least basic sanitation services, urban (% of urban population)",SH.STA.BASS.UR.ZS,56.2278059869126
Bangladesh,BGD,2014,"People using at least basic sanitation services, urban (% of urban population)",SH.STA.BASS.UR.ZS,55.0238077690991
Bangladesh,BGD,2013,"People using at least basic sanitation services, urban (% of urban population)",SH.STA.BASS.UR.ZS,53.8320692718727
Bangladesh,BGD,2012,"People using at least basic sanitation services, urban (% of urban population)",SH.STA.BASS.UR.ZS,52.6525904952337
Bangladesh,BGD,2011,"People using at least basic sanitation services, urban (% of urban population)",SH.STA.BASS.UR.ZS,51.4853714391815
Bangladesh,BGD,2010,"People using at least basic sanitation services, urban (% of urban population)",SH.STA.BASS.UR.ZS,50.3304121037165
Bangladesh,BGD,2009,"People using at least basic sanitation services, urban (% of urban population)",SH.STA.BASS.UR.ZS,49.1877124888387
Bangladesh,BGD,2008,"People using at least basic sanitation services, urban (% of urban population)",SH.STA.BASS.UR.ZS,48.0572725945478
Bangladesh,BGD,2007,"People using at least basic sanitation services, urban (% of urban population)",SH.STA.BASS.UR.ZS,46.9390924208441
Bangladesh,BGD,2006,"People using at least basic sanitation services, urban (% of urban population)",SH.STA.BASS.UR.ZS,45.8331719677277
Bangladesh,BGD,2005,"People using at least basic sanitation services, urban (% of urban population)",SH.STA.BASS.UR.ZS,44.7395112351981
Bangladesh,BGD,2004,"People using at least basic sanitation services, urban (% of urban population)",SH.STA.BASS.UR.ZS,43.6581102232557
Bangladesh,BGD,2003,"People using at least basic sanitation services, urban (% of urban population)",SH.STA.BASS.UR.ZS,42.9740714505981
Bangladesh,BGD,2002,"People using at least basic sanitation services, urban (% of urban population)",SH.STA.BASS.UR.ZS,42.2900326779404
Bangladesh,BGD,2001,"People using at least basic sanitation services, urban (% of urban population)",SH.STA.BASS.UR.ZS,41.6059939052828
Bangladesh,BGD,2000,"People using at least basic sanitation services, urban (% of urban population)",SH.STA.BASS.UR.ZS,40.9219551326251
Bangladesh,BGD,2024,People using at least basic sanitation services (% of population),SH.STA.BASS.ZS,67.6171751221237
Bangladesh,BGD,2023,People using at least basic sanitation services (% of population),SH.STA.BASS.ZS,65.6304136319171
Bangladesh,BGD,2022,People using at least basic sanitation services (% of population),SH.STA.BASS.ZS,63.6502711298232
Bangladesh,BGD,2021,People using at least basic sanitation services (% of population),SH.STA.BASS.ZS,61.6770898454809
Bangladesh,BGD,2020,People using at least basic sanitation services (% of population),SH.STA.BASS.ZS,59.7111659386902
Bangladesh,BGD,2019,People using at least basic sanitation services (% of population),SH.STA.BASS.ZS,57.7528738554199
Bangladesh,BGD,2018,People using at least basic sanitation services (% of population),SH.STA.BASS.ZS,55.8026895798661
Bangladesh,BGD,2017,People using at least basic sanitation services (% of population),SH.STA.BASS.ZS,53.861024982081
Bangladesh,BGD,2016,People using at least basic sanitation services (% of population),SH.STA.BASS.ZS,51.9283001377065
Bangladesh,BGD,2015,People using at least basic sanitation services (% of population),SH.STA.BASS.ZS,50.0050245547683
Bangladesh,BGD,2014,People using at least basic sanitation services (% of population),SH.STA.BASS.ZS,48.091854377096
Bangladesh,BGD,2013,People using at least basic sanitation services (% of population),SH.STA.BASS.ZS,46.1890615570129
Bangladesh,BGD,2012,People using at least basic sanitation services (% of population),SH.STA.BASS.ZS,44.2975869340688
Bangladesh,BGD,2011,People using at least basic sanitation services (% of population),SH.STA.BASS.ZS,42.417588032588
Bangladesh,BGD,2010,People using at least basic sanitation services (% of population),SH.STA.BASS.ZS,40.550092213975
Bangladesh,BGD,2009,People using at least basic sanitation services (% of population),SH.STA.BASS.ZS,38.6964226448975
Bangladesh,BGD,2008,People using at least basic sanitation services (% of population),SH.STA.BASS.ZS,36.8575848438424
Bangladesh,BGD,2007,People using at least basic sanitation services (% of population),SH.STA.BASS.ZS,35.0339772895148
Bangladesh,BGD,2006,People using at least basic sanitation services (% of population),SH.STA.BASS.ZS,33.2264398318266
Bangladesh,BGD,2005,People using at least basic sanitation services (% of population),SH.STA.BASS.ZS,31.4358349503108
Bangladesh,BGD,2004,People using at least basic sanitation services (% of population),SH.STA.BASS.ZS,29.6630423579707
Bangladesh,BGD,2003,People using at least basic sanitation services (% of population),SH.STA.BASS.ZS,28.1772949701868
Bangladesh,BGD,2002,People using at least basic sanitation services (% of population),SH.STA.BASS.ZS,26.6816894127761
Bangladesh,BGD,2001,People using at least basic sanitation services (% of population),SH.STA.BASS.ZS,25.1767692981385
Bangladesh,BGD,2000,People using at least basic sanitation services (% of population),SH.STA.BASS.ZS,23.694677075884
Bangladesh,BGD,2024,"People with basic handwashing facilities including soap and water, rural (% of rural population)",SH.STA.HYGN.RU.ZS,66.0621678734988
Bangladesh,BGD,2023,"People with basic handwashing facilities including soap and water, rural (% of rural population)",SH.STA.HYGN.RU.ZS,62.5345697544562
Bangladesh,BGD,2022,"People with basic handwashing facilities including soap and water, rural (% of rural population)",SH.STA.HYGN.RU.ZS,59.0069716354137
Bangladesh,BGD,2021,"People with basic handwashing facilities including soap and water, rural (% of rural population)",SH.STA.HYGN.RU.ZS,55.4793735163703
Bangladesh,BGD,2020,"People with basic handwashing facilities including soap and water, rural (% of rural population)",SH.STA.HYGN.RU.ZS,51.9517753973278
Bangladesh,BGD,2019,"People with basic handwashing facilities including soap and water, rural (% of rural population)",SH.STA.HYGN.RU.ZS,48.4241772782843
Bangladesh,BGD,2018,"People with basic handwashing facilities including soap and water, rural (% of rural population)",SH.STA.HYGN.RU.ZS,44.8965791592418
Bangladesh,BGD,2017,"People with basic handwashing facilities including soap and water, rural (% of rural population)",SH.STA.HYGN.RU.ZS,41.3689810401993
Bangladesh,BGD,2016,"People with basic handwashing facilities including soap and water, rural (% of rural population)",SH.STA.HYGN.RU.ZS,37.8413829211559
Bangladesh,BGD,2015,"People with basic handwashing facilities including soap and water, rural (% of rural population)",SH.STA.HYGN.RU.ZS,34.3137848021133
Bangladesh,BGD,2014,"People with basic handwashing facilities including soap and water, rural (% of rural population)",SH.STA.HYGN.RU.ZS,30.7861866830699
Bangladesh,BGD,2013,"People with basic handwashing facilities including soap and water, rural (% of rural population)",SH.STA.HYGN.RU.ZS,27.2585885640274
Bangladesh,BGD,2012,"People with basic handwashing facilities including soap and water, rural (% of rural population)",SH.STA.HYGN.RU.ZS,23.7309904449849
Bangladesh,BGD,2011,"People with basic handwashing facilities including soap and water, rural (% of rural population)",SH.STA.HYGN.RU.ZS,20.2033923259414
Bangladesh,BGD,2010,"People with basic handwashing facilities including soap and water, rural (% of rural population)",SH.STA.HYGN.RU.ZS,16.6757942068989
Bangladesh,BGD,2009,"People with basic handwashing facilities including soap and water, rural (% of rural population)",SH.STA.HYGN.RU.ZS,13.1481960878555
Bangladesh,BGD,2008,"People with basic handwashing facilities including soap and water, rural (% of rural population)",SH.STA.HYGN.RU.ZS,13.1481960878555
Bangladesh,BGD,2007,"People with basic handwashing facilities including soap and water, rural (% of rural population)",SH.STA.HYGN.RU.ZS,13.1481960878555
Bangladesh,BGD,2006,"People with basic handwashing facilities including soap and water, rural (% of rural population)",SH.STA.HYGN.RU.ZS,13.1481960878555
Bangladesh,BGD,2005,"People with basic handwashing facilities including soap and water, rural (% of rural population)",SH.STA.HYGN.RU.ZS,13.1481960878555
Bangladesh,BGD,2024,"People with basic handwashing facilities including soap and water, urban (% of urban population)",SH.STA.HYGN.UR.ZS,80.0179848141397
Bangladesh,BGD,2023,"People with basic handwashing facilities including soap and water, urban (% of urban population)",SH.STA.HYGN.UR.ZS,77.3537593827787
Bangladesh,BGD,2022,"People with basic handwashing facilities including soap and water, urban (% of urban population)",SH.STA.HYGN.UR.ZS,74.6895339514167
Bangladesh,BGD,2021,"People with basic handwashing facilities including soap and water, urban (% of urban population)",SH.STA.HYGN.UR.ZS,72.0253085200557
Bangladesh,BGD,2020,"People with basic handwashing facilities including soap and water, urban (% of urban population)",SH.STA.HYGN.UR.ZS,69.3610830886946
Bangladesh,BGD,2019,"People with basic handwashing facilities including soap and water, urban (% of urban population)",SH.STA.HYGN.UR.ZS,66.6968576573327
Bangladesh,BGD,2018,"People with basic handwashing facilities including soap and water, urban (% of urban population)",SH.STA.HYGN.UR.ZS,64.0326322259716
Bangladesh,BGD,2017,"People with basic handwashing facilities including soap and water, urban (% of urban population)",SH.STA.HYGN.UR.ZS,61.3684067946106
Bangladesh,BGD,2016,"People with basic handwashing facilities including soap and water, urban (% of urban population)",SH.STA.HYGN.UR.ZS,58.7041813632486
Bangladesh,BGD,2015,"People with basic handwashing facilities including soap and water, urban (% of urban population)",SH.STA.HYGN.UR.ZS,56.0399559318876
Bangladesh,BGD,2014,"People with basic handwashing facilities including soap and water, urban (% of urban population)",SH.STA.HYGN.UR.ZS,53.3757305005265
Bangladesh,BGD,2013,"People with basic handwashing facilities including soap and water, urban (% of urban population)",SH.STA.HYGN.UR.ZS,50.7115050691655
Bangladesh,BGD,2012,"People with basic handwashing facilities including soap and water, urban (% of urban population)",SH.STA.HYGN.UR.ZS,48.0472796378035
Bangladesh,BGD,2011,"People with basic handwashing facilities including soap and water, urban (% of urban population)",SH.STA.HYGN.UR.ZS,45.3830542064425
Bangladesh,BGD,2010,"People with basic handwashing facilities including soap and water, urban (% of urban population)",SH.STA.HYGN.UR.ZS,42.7188287750814
Bangladesh,BGD,2009,"People with basic handwashing facilities including soap and water, urban (% of urban population)",SH.STA.HYGN.UR.ZS,40.0546033437195
Bangladesh,BGD,2008,"People with basic handwashing facilities including soap and water, urban (% of urban population)",SH.STA.HYGN.UR.ZS,40.0546033437195
Bangladesh,BGD,2007,"People with basic handwashing facilities including soap and water, urban (% of urban population)",SH.STA.HYGN.UR.ZS,40.0546033437195
Bangladesh,BGD,2006,"People with basic handwashing facilities including soap and water, urban (% of urban population)",SH.STA.HYGN.UR.ZS,40.0546033437195
Bangladesh,BGD,2005,"People with basic handwashing facilities including soap and water, urban (% of urban population)",SH.STA.HYGN.UR.ZS,40.0546033437195
Bangladesh,BGD,2024,People with basic handwashing facilities including soap and water (% of population),SH.STA.HYGN.ZS,71.8161490465734
Bangladesh,BGD,2023,People with basic handwashing facilities including soap and water (% of population),SH.STA.HYGN.ZS,68.5323412634061
Bangladesh,BGD,2022,People with basic handwashing facilities including soap and water (% of population),SH.STA.HYGN.ZS,65.2346745549199
Bangladesh,BGD,2021,People with basic handwashing facilities including soap and water (% of population),SH.STA.HYGN.ZS,61.9233539170102
Bangladesh,BGD,2020,People with basic handwashing facilities including soap and water (% of population),SH.STA.HYGN.ZS,58.5981255068387
Bangladesh,BGD,2019,People with basic handwashing facilities including soap and water (% of population),SH.STA.HYGN.ZS,55.2590730983477
Bangladesh,BGD,2018,People with basic handwashing facilities including soap and water (% of population),SH.STA.HYGN.ZS,51.9064990381489
Bangladesh,BGD,2017,People with basic handwashing facilities including soap and water (% of population),SH.STA.HYGN.ZS,48.5403743051423
Bangladesh,BGD,2016,People with basic handwashing facilities including soap and water (% of population),SH.STA.HYGN.ZS,45.1606777382855
Bangladesh,BGD,2015,People with basic handwashing facilities including soap and water (% of population),SH.STA.HYGN.ZS,41.7675992469169
Bangladesh,BGD,2014,People with basic handwashing facilities including soap and water (% of population),SH.STA.HYGN.ZS,38.3615903537391
Bangladesh,BGD,2013,People with basic handwashing facilities including soap and water (% of population),SH.STA.HYGN.ZS,34.9422321080487
Bangladesh,BGD,2012,People with basic handwashing facilities including soap and water (% of population),SH.STA.HYGN.ZS,31.5104998338619
Bangladesh,BGD,2011,People with basic handwashing facilities including soap and water (% of population),SH.STA.HYGN.ZS,28.0657418668259
Bangladesh,BGD,2010,People with basic handwashing facilities including soap and water (% of population),SH.STA.HYGN.ZS,24.6090225982176
Bangladesh,BGD,2009,People with basic handwashing facilities including soap and water (% of population),SH.STA.HYGN.ZS,21.1418201065497
Bangladesh,BGD,2008,People with basic handwashing facilities including soap and water (% of population),SH.STA.HYGN.ZS,20.9424443435156
Bangladesh,BGD,2007,People with basic handwashing facilities including soap and water (% of population),SH.STA.HYGN.ZS,20.745758947276
Bangladesh,BGD,2006,People with basic handwashing facilities including soap and water (% of population),SH.STA.HYGN.ZS,20.5520324298266
Bangladesh,BGD,2005,People with basic handwashing facilities including soap and water (% of population),SH.STA.HYGN.ZS,20.3615348067931
Bangladesh,BGD,2024,"People practicing open defecation, rural (% of rural population)",SH.STA.ODFC.RU.ZS,0
Bangladesh,BGD,2023,"People practicing open defecation, rural (% of rural population)",SH.STA.ODFC.RU.ZS,0
Bangladesh,BGD,2022,"People practicing open defecation, rural (% of rural population)",SH.STA.ODFC.RU.ZS,0
Bangladesh,BGD,2021,"People practicing open defecation, rural (% of rural population)",SH.STA.ODFC.RU.ZS,0
Bangladesh,BGD,2020,"People practicing open defecation, rural (% of rural population)",SH.STA.ODFC.RU.ZS,0
Bangladesh,BGD,2019,"People practicing open defecation, rural (% of rural population)",SH.STA.ODFC.RU.ZS,0.770561814500525
Bangladesh,BGD,2018,"People practicing open defecation, rural (% of rural population)",SH.STA.ODFC.RU.ZS,1.74607893078246
Bangladesh,BGD,2017,"People practicing open defecation, rural (% of rural population)",SH.STA.ODFC.RU.ZS,2.72159604706439
Bangladesh,BGD,2016,"People practicing open defecation, rural (% of rural population)",SH.STA.ODFC.RU.ZS,3.69711316334633
Bangladesh,BGD,2015,"People practicing open defecation, rural (% of rural population)",SH.STA.ODFC.RU.ZS,4.67263027962827
Bangladesh,BGD,2014,"People practicing open defecation, rural (% of rural population)",SH.STA.ODFC.RU.ZS,5.64814739591043
Bangladesh,BGD,2013,"People practicing open defecation, rural (% of rural population)",SH.STA.ODFC.RU.ZS,6.62366451219236
Bangladesh,BGD,2012,"People practicing open defecation, rural (% of rural population)",SH.STA.ODFC.RU.ZS,7.5991816284743
Bangladesh,BGD,2011,"People practicing open defecation, rural (% of rural population)",SH.STA.ODFC.RU.ZS,8.57469874475623
Bangladesh,BGD,2010,"People practicing open defecation, rural (% of rural population)",SH.STA.ODFC.RU.ZS,9.55021586103817
Bangladesh,BGD,2009,"People practicing open defecation, rural (% of rural population)",SH.STA.ODFC.RU.ZS,10.5257329773203
Bangladesh,BGD,2008,"People practicing open defecation, rural (% of rural population)",SH.STA.ODFC.RU.ZS,11.5012500936023
Bangladesh,BGD,2007,"People practicing open defecation, rural (% of rural population)",SH.STA.ODFC.RU.ZS,12.4767672098842
Bangladesh,BGD,2006,"People practicing open defecation, rural (% of rural population)",SH.STA.ODFC.RU.ZS,13.4522843261661
Bangladesh,BGD,2005,"People practicing open defecation, rural (% of rural population)",SH.STA.ODFC.RU.ZS,14.4278014424481
Bangladesh,BGD,2004,"People practicing open defecation, rural (% of rural population)",SH.STA.ODFC.RU.ZS,15.4033185587302
Bangladesh,BGD,2003,"People practicing open defecation, rural (% of rural population)",SH.STA.ODFC.RU.ZS,16.3788356750122
Bangladesh,BGD,2002,"People practicing open defecation, rural (% of rural population)",SH.STA.ODFC.RU.ZS,17.3543527912941
Bangladesh,BGD,2001,"People practicing open defecation, rural (% of rural population)",SH.STA.ODFC.RU.ZS,18.329869907576
Bangladesh,BGD,2000,"People practicing open defecation, rural (% of rural population)",SH.STA.ODFC.RU.ZS,19.305387023858
Bangladesh,BGD,2024,"People practicing open defecation, urban (% of urban population)",SH.STA.ODFC.UR.ZS,0
Bangladesh,BGD,2023,"People practicing open defecation, urban (% of urban population)",SH.STA.ODFC.UR.ZS,0
Bangladesh,BGD,2022,"People practicing open defecation, urban (% of urban population)",SH.STA.ODFC.UR.ZS,0
Bangladesh,BGD,2021,"People practicing open defecation, urban (% of urban population)",SH.STA.ODFC.UR.ZS,0
Bangladesh,BGD,2020,"People practicing open defecation, urban (% of urban population)",SH.STA.ODFC.UR.ZS,0
Bangladesh,BGD,2019,"People practicing open defecation, urban (% of urban population)",SH.STA.ODFC.UR.ZS,0.198153897231407
Bangladesh,BGD,2018,"People practicing open defecation, urban (% of urban population)",SH.STA.ODFC.UR.ZS,0.396361238149098
Bangladesh,BGD,2017,"People practicing open defecation, urban (% of urban population)",SH.STA.ODFC.UR.ZS,0.594568579066845
Bangladesh,BGD,2016,"People practicing open defecation, urban (% of urban population)",SH.STA.ODFC.UR.ZS,0.792775919984535
Bangladesh,BGD,2015,"People practicing open defecation, urban (% of urban population)",SH.STA.ODFC.UR.ZS,0.990983260902283
Bangladesh,BGD,2014,"People practicing open defecation, urban (% of urban population)",SH.STA.ODFC.UR.ZS,1.18919060181997
Bangladesh,BGD,2013,"People practicing open defecation, urban (% of urban population)",SH.STA.ODFC.UR.ZS,1.38739794273772
Bangladesh,BGD,2012,"People practicing open defecation, urban (% of urban population)",SH.STA.ODFC.UR.ZS,1.58560528365541
Bangladesh,BGD,2011,"People practicing open defecation, urban (% of urban population)",SH.STA.ODFC.UR.ZS,1.7838126245731
Bangladesh,BGD,2010,"People practicing open defecation, urban (% of urban population)",SH.STA.ODFC.UR.ZS,1.98201996549085
Bangladesh,BGD,2009,"People practicing open defecation, urban (% of urban population)",SH.STA.ODFC.UR.ZS,2.18022730640854
Bangladesh,BGD,2008,"People practicing open defecation, urban (% of urban population)",SH.STA.ODFC.UR.ZS,2.37843464732629
Bangladesh,BGD,2007,"People practicing open defecation, urban (% of urban population)",SH.STA.ODFC.UR.ZS,2.57664198824398
Bangladesh,BGD,2006,"People practicing open defecation, urban (% of urban population)",SH.STA.ODFC.UR.ZS,2.77484932916167
Bangladesh,BGD,2005,"People practicing open defecation, urban (% of urban population)",SH.STA.ODFC.UR.ZS,2.97305667007942
Bangladesh,BGD,2004,"People practicing open defecation, urban (% of urban population)",SH.STA.ODFC.UR.ZS,3.17126401099711
Bangladesh,BGD,2003,"People practicing open defecation, urban (% of urban population)",SH.STA.ODFC.UR.ZS,3.36947135191485
Bangladesh,BGD,2002,"People practicing open defecation, urban (% of urban population)",SH.STA.ODFC.UR.ZS,3.56767869283254
Bangladesh,BGD,2001,"People practicing open defecation, urban (% of urban population)",SH.STA.ODFC.UR.ZS,3.76588603375029
Bangladesh,BGD,2000,"People practicing open defecation, urban (% of urban population)",SH.STA.ODFC.UR.ZS,3.96409337466798
Bangladesh,BGD,2024,People practicing open defecation (% of population),SH.STA.ODFC.ZS,0
Bangladesh,BGD,2023,People practicing open defecation (% of population),SH.STA.ODFC.ZS,0
Bangladesh,BGD,2022,People practicing open defecation (% of population),SH.STA.ODFC.ZS,0
Bangladesh,BGD,2021,People practicing open defecation (% of population),SH.STA.ODFC.ZS,0
Bangladesh,BGD,2020,People practicing open defecation (% of population),SH.STA.ODFC.ZS,0
Bangladesh,BGD,2019,People practicing open defecation (% of population),SH.STA.ODFC.ZS,0.556452637348519
Bangladesh,BGD,2018,People practicing open defecation (% of population),SH.STA.ODFC.ZS,1.25165035493113
Bangladesh,BGD,2017,People practicing open defecation (% of population),SH.STA.ODFC.ZS,1.9588865166216
Bangladesh,BGD,2016,People practicing open defecation (% of population),SH.STA.ODFC.ZS,2.67818450518247
Bangladesh,BGD,2015,People practicing open defecation (% of population),SH.STA.ODFC.ZS,3.40953066735132
Bangladesh,BGD,2014,People practicing open defecation (% of population),SH.STA.ODFC.ZS,4.1528362561406
Bangladesh,BGD,2013,People practicing open defecation (% of population),SH.STA.ODFC.ZS,4.90815872573921
Bangladesh,BGD,2012,People practicing open defecation (% of population),SH.STA.ODFC.ZS,5.67525810848597
Bangladesh,BGD,2011,People practicing open defecation (% of population),SH.STA.ODFC.ZS,6.45424471573777
Bangladesh,BGD,2010,People practicing open defecation (% of population),SH.STA.ODFC.ZS,7.24479183975473
Bangladesh,BGD,2009,People practicing open defecation (% of population),SH.STA.ODFC.ZS,8.04636656021401
Bangladesh,BGD,2008,People practicing open defecation (% of population),SH.STA.ODFC.ZS,8.85855260314238
Bangladesh,BGD,2007,People practicing open defecation (% of population),SH.STA.ODFC.ZS,9.6812689948605
Bangladesh,BGD,2006,People practicing open defecation (% of population),SH.STA.ODFC.ZS,10.5141748902014
Bangladesh,BGD,2005,People practicing open defecation (% of population),SH.STA.ODFC.ZS,11.3568988006419
Bangladesh,BGD,2004,People practicing open defecation (% of population),SH.STA.ODFC.ZS,12.2090396449984
Bangladesh,BGD,2003,People practicing open defecation (% of population),SH.STA.ODFC.ZS,13.070684393743
Bangladesh,BGD,2002,People practicing open defecation (% of population),SH.STA.ODFC.ZS,13.9413237623071
Bangladesh,BGD,2001,People practicing open defecation (% of population),SH.STA.ODFC.ZS,14.8205317921937
Bangladesh,BGD,2000,People practicing open defecation (% of population),SH.STA.ODFC.ZS,15.6863761579887
Bangladesh,BGD,2021,"Mortality rate attributed to unintentional poisoning (per 100,000 population)",SH.STA.POIS.P5,0.12
Bangladesh,BGD,2020,"Mortality rate attributed to unintentional poisoning (per 100,000 population)",SH.STA.POIS.P5,0.13
Bangladesh,BGD,2019,"Mortality rate attributed to unintentional poisoning (per 100,000 population)",SH.STA.POIS.P5,0.13
Bangladesh,BGD,2018,"Mortality rate attributed to unintentional poisoning (per 100,000 population)",SH.STA.POIS.P5,0.13
Bangladesh,BGD,2017,"Mortality rate attributed to unintentional poisoning (per 100,000 population)",SH.STA.POIS.P5,0.15
Bangladesh,BGD,2016,"Mortality rate attributed to unintentional poisoning (per 100,000 population)",SH.STA.POIS.P5,0.15
Bangladesh,BGD,2015,"Mortality rate attributed to unintentional poisoning (per 100,000 population)",SH.STA.POIS.P5,0.16
Bangladesh,BGD,2014,"Mortality rate attributed to unintentional poisoning (per 100,000 population)",SH.STA.POIS.P5,0.17
Bangladesh,BGD,2013,"Mortality rate attributed to unintentional poisoning (per 100,000 population)",SH.STA.POIS.P5,0.16
Bangladesh,BGD,2012,"Mortality rate attributed to unintentional poisoning (per 100,000 population)",SH.STA.POIS.P5,0.16
Bangladesh,BGD,2011,"Mortality rate attributed to unintentional poisoning (per 100,000 population)",SH.STA.POIS.P5,0.16
Bangladesh,BGD,2010,"Mortality rate attributed to unintentional poisoning (per 100,000 population)",SH.STA.POIS.P5,0.18
Bangladesh,BGD,2009,"Mortality rate attributed to unintentional poisoning (per 100,000 population)",SH.STA.POIS.P5,0.2
Bangladesh,BGD,2008,"Mortality rate attributed to unintentional poisoning (per 100,000 population)",SH.STA.POIS.P5,0.2
Bangladesh,BGD,2007,"Mortality rate attributed to unintentional poisoning (per 100,000 population)",SH.STA.POIS.P5,0.18
Bangladesh,BGD,2006,"Mortality rate attributed to unintentional poisoning (per 100,000 population)",SH.STA.POIS.P5,0.2
Bangladesh,BGD,2005,"Mortality rate attributed to unintentional poisoning (per 100,000 population)",SH.STA.POIS.P5,0.17
Bangladesh,BGD,2004,"Mortality rate attributed to unintentional poisoning (per 100,000 population)",SH.STA.POIS.P5,0.15
Bangladesh,BGD,2003,"Mortality rate attributed to unintentional poisoning (per 100,000 population)",SH.STA.POIS.P5,0.19
Bangladesh,BGD,2002,"Mortality rate attributed to unintentional poisoning (per 100,000 population)",SH.STA.POIS.P5,0.21
Bangladesh,BGD,2001,"Mortality rate attributed to unintentional poisoning (per 100,000 population)",SH.STA.POIS.P5,0.21
Bangladesh,BGD,2000,"Mortality rate attributed to unintentional poisoning (per 100,000 population)",SH.STA.POIS.P5,0.22
Bangladesh,BGD,2021,"Mortality rate attributed to unintentional poisoning, female (per 100,000 female population)",SH.STA.POIS.P5.FE,0.1
Bangladesh,BGD,2020,"Mortality rate attributed to unintentional poisoning, female (per 100,000 female population)",SH.STA.POIS.P5.FE,0.096
Bangladesh,BGD,2019,"Mortality rate attributed to unintentional poisoning, female (per 100,000 female population)",SH.STA.POIS.P5.FE,0.097
Bangladesh,BGD,2018,"Mortality rate attributed to unintentional poisoning, female (per 100,000 female population)",SH.STA.POIS.P5.FE,0.094
Bangladesh,BGD,2017,"Mortality rate attributed to unintentional poisoning, female (per 100,000 female population)",SH.STA.POIS.P5.FE,0.098
Bangladesh,BGD,2016,"Mortality rate attributed to unintentional poisoning, female (per 100,000 female population)",SH.STA.POIS.P5.FE,0.094
Bangladesh,BGD,2015,"Mortality rate attributed to unintentional poisoning, female (per 100,000 female population)",SH.STA.POIS.P5.FE,0.096
Bangladesh,BGD,2014,"Mortality rate attributed to unintentional poisoning, female (per 100,000 female population)",SH.STA.POIS.P5.FE,0.092
Bangladesh,BGD,2013,"Mortality rate attributed to unintentional poisoning, female (per 100,000 female population)",SH.STA.POIS.P5.FE,0.088
Bangladesh,BGD,2012,"Mortality rate attributed to unintentional poisoning, female (per 100,000 female population)",SH.STA.POIS.P5.FE,0.086
Bangladesh,BGD,2011,"Mortality rate attributed to unintentional poisoning, female (per 100,000 female population)",SH.STA.POIS.P5.FE,0.081
Bangladesh,BGD,2010,"Mortality rate attributed to unintentional poisoning, female (per 100,000 female population)",SH.STA.POIS.P5.FE,0.09
Bangladesh,BGD,2009,"Mortality rate attributed to unintentional poisoning, female (per 100,000 female population)",SH.STA.POIS.P5.FE,0.099
Bangladesh,BGD,2008,"Mortality rate attributed to unintentional poisoning, female (per 100,000 female population)",SH.STA.POIS.P5.FE,0.095
Bangladesh,BGD,2007,"Mortality rate attributed to unintentional poisoning, female (per 100,000 female population)",SH.STA.POIS.P5.FE,0.089
Bangladesh,BGD,2006,"Mortality rate attributed to unintentional poisoning, female (per 100,000 female population)",SH.STA.POIS.P5.FE,0.1
Bangladesh,BGD,2005,"Mortality rate attributed to unintentional poisoning, female (per 100,000 female population)",SH.STA.POIS.P5.FE,0.093
Bangladesh,BGD,2004,"Mortality rate attributed to unintentional poisoning, female (per 100,000 female population)",SH.STA.POIS.P5.FE,0.08
Bangladesh,BGD,2003,"Mortality rate attributed to unintentional poisoning, female (per 100,000 female population)",SH.STA.POIS.P5.FE,0.11
Bangladesh,BGD,2002,"Mortality rate attributed to unintentional poisoning, female (per 100,000 female population)",SH.STA.POIS.P5.FE,0.13
Bangladesh,BGD,2001,"Mortality rate attributed to unintentional poisoning, female (per 100,000 female population)",SH.STA.POIS.P5.FE,0.14
Bangladesh,BGD,2000,"Mortality rate attributed to unintentional poisoning, female (per 100,000 female population)",SH.STA.POIS.P5.FE,0.14
Bangladesh,BGD,2021,"Mortality rate attributed to unintentional poisoning, male (per 100,000 male population)",SH.STA.POIS.P5.MA,0.15
Bangladesh,BGD,2020,"Mortality rate attributed to unintentional poisoning, male (per 100,000 male population)",SH.STA.POIS.P5.MA,0.16
Bangladesh,BGD,2019,"Mortality rate attributed to unintentional poisoning, male (per 100,000 male population)",SH.STA.POIS.P5.MA,0.17
Bangladesh,BGD,2018,"Mortality rate attributed to unintentional poisoning, male (per 100,000 male population)",SH.STA.POIS.P5.MA,0.17
Bangladesh,BGD,2017,"Mortality rate attributed to unintentional poisoning, male (per 100,000 male population)",SH.STA.POIS.P5.MA,0.2
Bangladesh,BGD,2016,"Mortality rate attributed to unintentional poisoning, male (per 100,000 male population)",SH.STA.POIS.P5.MA,0.21
Bangladesh,BGD,2015,"Mortality rate attributed to unintentional poisoning, male (per 100,000 male population)",SH.STA.POIS.P5.MA,0.22
Bangladesh,BGD,2014,"Mortality rate attributed to unintentional poisoning, male (per 100,000 male population)",SH.STA.POIS.P5.MA,0.25
Bangladesh,BGD,2013,"Mortality rate attributed to unintentional poisoning, male (per 100,000 male population)",SH.STA.POIS.P5.MA,0.24
Bangladesh,BGD,2012,"Mortality rate attributed to unintentional poisoning, male (per 100,000 male population)",SH.STA.POIS.P5.MA,0.24
Bangladesh,BGD,2011,"Mortality rate attributed to unintentional poisoning, male (per 100,000 male population)",SH.STA.POIS.P5.MA,0.24
Bangladesh,BGD,2010,"Mortality rate attributed to unintentional poisoning, male (per 100,000 male population)",SH.STA.POIS.P5.MA,0.28
Bangladesh,BGD,2009,"Mortality rate attributed to unintentional poisoning, male (per 100,000 male population)",SH.STA.POIS.P5.MA,0.31
Bangladesh,BGD,2008,"Mortality rate attributed to unintentional poisoning, male (per 100,000 male population)",SH.STA.POIS.P5.MA,0.3
Bangladesh,BGD,2007,"Mortality rate attributed to unintentional poisoning, male (per 100,000 male population)",SH.STA.POIS.P5.MA,0.28
Bangladesh,BGD,2006,"Mortality rate attributed to unintentional poisoning, male (per 100,000 male population)",SH.STA.POIS.P5.MA,0.3
Bangladesh,BGD,2005,"Mortality rate attributed to unintentional poisoning, male (per 100,000 male population)",SH.STA.POIS.P5.MA,0.24
Bangladesh,BGD,2004,"Mortality rate attributed to unintentional poisoning, male (per 100,000 male population)",SH.STA.POIS.P5.MA,0.22
Bangladesh,BGD,2003,"Mortality rate attributed to unintentional poisoning, male (per 100,000 male population)",SH.STA.POIS.P5.MA,0.27
Bangladesh,BGD,2002,"Mortality rate attributed to unintentional poisoning, male (per 100,000 male population)",SH.STA.POIS.P5.MA,0.28
Bangladesh,BGD,2001,"Mortality rate attributed to unintentional poisoning, male (per 100,000 male population)",SH.STA.POIS.P5.MA,0.27
Bangladesh,BGD,2000,"Mortality rate attributed to unintentional poisoning, male (per 100,000 male population)",SH.STA.POIS.P5.MA,0.29
Bangladesh,BGD,2024,"People using safely managed sanitation services, rural (% of rural population)",SH.STA.SMSS.RU.ZS,41.9347650614851
Bangladesh,BGD,2023,"People using safely managed sanitation services, rural (% of rural population)",SH.STA.SMSS.RU.ZS,40.3027698171507
Bangladesh,BGD,2022,"People using safely managed sanitation services, rural (% of rural population)",SH.STA.SMSS.RU.ZS,38.1606113509748
Bangladesh,BGD,2021,"People using safely managed sanitation services, rural (% of rural population)",SH.STA.SMSS.RU.ZS,36.0612184306716
Bangladesh,BGD,2020,"People using safely managed sanitation services, rural (% of rural population)",SH.STA.SMSS.RU.ZS,34.031317734099
Bangladesh,BGD,2019,"People using safely managed sanitation services, rural (% of rural population)",SH.STA.SMSS.RU.ZS,32.0698996479649
Bangladesh,BGD,2018,"People using safely managed sanitation services, rural (% of rural population)",SH.STA.SMSS.RU.ZS,30.1759545589786
Bangladesh,BGD,2017,"People using safely managed sanitation services, rural (% of rural population)",SH.STA.SMSS.RU.ZS,28.3484728538478
Bangladesh,BGD,2016,"People using safely managed sanitation services, rural (% of rural population)",SH.STA.SMSS.RU.ZS,26.5864449192818
Bangladesh,BGD,2015,"People using safely managed sanitation services, rural (% of rural population)",SH.STA.SMSS.RU.ZS,24.8888611419884
Bangladesh,BGD,2014,"People using safely managed sanitation services, rural (% of rural population)",SH.STA.SMSS.RU.ZS,23.2547119086771
Bangladesh,BGD,2013,"People using safely managed sanitation services, rural (% of rural population)",SH.STA.SMSS.RU.ZS,21.6829876060555
Bangladesh,BGD,2012,"People using safely managed sanitation services, rural (% of rural population)",SH.STA.SMSS.RU.ZS,20.6011112385796
Bangladesh,BGD,2011,"People using safely managed sanitation services, rural (% of rural population)",SH.STA.SMSS.RU.ZS,19.5354969419256
Bangladesh,BGD,2010,"People using safely managed sanitation services, rural (% of rural population)",SH.STA.SMSS.RU.ZS,18.4861447160928
Bangladesh,BGD,2009,"People using safely managed sanitation services, rural (% of rural population)",SH.STA.SMSS.RU.ZS,17.4530545610818
Bangladesh,BGD,2008,"People using safely managed sanitation services, rural (% of rural population)",SH.STA.SMSS.RU.ZS,16.4362264768919
Bangladesh,BGD,2007,"People using safely managed sanitation services, rural (% of rural population)",SH.STA.SMSS.RU.ZS,15.4356604635238
Bangladesh,BGD,2006,"People using safely managed sanitation services, rural (% of rural population)",SH.STA.SMSS.RU.ZS,14.4513565209769
Bangladesh,BGD,2005,"People using safely managed sanitation services, rural (% of rural population)",SH.STA.SMSS.RU.ZS,13.4833146492518
Bangladesh,BGD,2004,"People using safely managed sanitation services, rural (% of rural population)",SH.STA.SMSS.RU.ZS,12.5315348483479
Bangladesh,BGD,2003,"People using safely managed sanitation services, rural (% of rural population)",SH.STA.SMSS.RU.ZS,11.7088951129576
Bangladesh,BGD,2002,"People using safely managed sanitation services, rural (% of rural population)",SH.STA.SMSS.RU.ZS,10.886255377567
Bangladesh,BGD,2001,"People using safely managed sanitation services, rural (% of rural population)",SH.STA.SMSS.RU.ZS,10.0636156421766
Bangladesh,BGD,2000,"People using safely managed sanitation services, rural (% of rural population)",SH.STA.SMSS.RU.ZS,9.240975906786
Bangladesh,BGD,2024,"People using safely managed sanitation services, urban (% of urban population)",SH.STA.SMSS.UR.ZS,30.7432386270762
Bangladesh,BGD,2023,"People using safely managed sanitation services, urban (% of urban population)",SH.STA.SMSS.UR.ZS,30.1669501758111
Bangladesh,BGD,2022,"People using safely managed sanitation services, urban (% of urban population)",SH.STA.SMSS.UR.ZS,29.5959095750994
Bangladesh,BGD,2021,"People using safely managed sanitation services, urban (% of urban population)",SH.STA.SMSS.UR.ZS,29.0301168249407
Bangladesh,BGD,2020,"People using safely managed sanitation services, urban (% of urban population)",SH.STA.SMSS.UR.ZS,28.4695719253352
Bangladesh,BGD,2019,"People using safely managed sanitation services, urban (% of urban population)",SH.STA.SMSS.UR.ZS,27.914274876283
Bangladesh,BGD,2018,"People using safely managed sanitation services, urban (% of urban population)",SH.STA.SMSS.UR.ZS,27.3642256777838
Bangladesh,BGD,2017,"People using safely managed sanitation services, urban (% of urban population)",SH.STA.SMSS.UR.ZS,26.8194243298379
Bangladesh,BGD,2016,"People using safely managed sanitation services, urban (% of urban population)",SH.STA.SMSS.UR.ZS,26.2798708324453
Bangladesh,BGD,2015,"People using safely managed sanitation services, urban (% of urban population)",SH.STA.SMSS.UR.ZS,25.7455651856058
Bangladesh,BGD,2014,"People using safely managed sanitation services, urban (% of urban population)",SH.STA.SMSS.UR.ZS,25.2165073893195
Bangladesh,BGD,2013,"People using safely managed sanitation services, urban (% of urban population)",SH.STA.SMSS.UR.ZS,24.6926974435864
Bangladesh,BGD,2012,"People using safely managed sanitation services, urban (% of urban population)",SH.STA.SMSS.UR.ZS,24.1741353484066
Bangladesh,BGD,2011,"People using safely managed sanitation services, urban (% of urban population)",SH.STA.SMSS.UR.ZS,23.6608211037799
Bangladesh,BGD,2010,"People using safely managed sanitation services, urban (% of urban population)",SH.STA.SMSS.UR.ZS,23.1527547097065
Bangladesh,BGD,2009,"People using safely managed sanitation services, urban (% of urban population)",SH.STA.SMSS.UR.ZS,22.6499361661863
Bangladesh,BGD,2008,"People using safely managed sanitation services, urban (% of urban population)",SH.STA.SMSS.UR.ZS,22.1523654732192
Bangladesh,BGD,2007,"People using safely managed sanitation services, urban (% of urban population)",SH.STA.SMSS.UR.ZS,21.6600426308053
Bangladesh,BGD,2006,"People using safely managed sanitation services, urban (% of urban population)",SH.STA.SMSS.UR.ZS,21.1729676389448
Bangladesh,BGD,2005,"People using safely managed sanitation services, urban (% of urban population)",SH.STA.SMSS.UR.ZS,20.6911404976373
Bangladesh,BGD,2004,"People using safely managed sanitation services, urban (% of urban population)",SH.STA.SMSS.UR.ZS,20.214561206883
Bangladesh,BGD,2003,"People using safely managed sanitation services, urban (% of urban population)",SH.STA.SMSS.UR.ZS,19.8371394545955
Bangladesh,BGD,2002,"People using safely managed sanitation services, urban (% of urban population)",SH.STA.SMSS.UR.ZS,19.459717702308
Bangladesh,BGD,2001,"People using safely managed sanitation services, urban (% of urban population)",SH.STA.SMSS.UR.ZS,19.0822959500205
Bangladesh,BGD,2000,"People using safely managed sanitation services, urban (% of urban population)",SH.STA.SMSS.UR.ZS,18.704874197733
Bangladesh,BGD,2024,People using safely managed sanitation services (% of population),SH.STA.SMSS.ZS,37.3204979088046
Bangladesh,BGD,2023,People using safely managed sanitation services (% of population),SH.STA.SMSS.ZS,36.2004999843423
Bangladesh,BGD,2022,People using safely managed sanitation services (% of population),SH.STA.SMSS.ZS,34.7594828994008
Bangladesh,BGD,2021,People using safely managed sanitation services (% of population),SH.STA.SMSS.ZS,33.3228858862798
Bangladesh,BGD,2020,People using safely managed sanitation services (% of population),SH.STA.SMSS.ZS,31.9080090876259
Bangladesh,BGD,2019,People using safely managed sanitation services (% of population),SH.STA.SMSS.ZS,30.5154881831833
Bangladesh,BGD,2018,People using safely managed sanitation services (% of population),SH.STA.SMSS.ZS,29.1459624552814
Bangladesh,BGD,2017,People using safely managed sanitation services (% of population),SH.STA.SMSS.ZS,27.8001862173036
Bangladesh,BGD,2016,People using safely managed sanitation services (% of population),SH.STA.SMSS.ZS,26.478889153256
Bangladesh,BGD,2015,People using safely managed sanitation services (% of population),SH.STA.SMSS.ZS,25.1827786763069
Bangladesh,BGD,2014,People using safely managed sanitation services (% of population),SH.STA.SMSS.ZS,23.9126001258399
Bangladesh,BGD,2013,People using safely managed sanitation services (% of population),SH.STA.SMSS.ZS,22.669028122284
Bangladesh,BGD,2012,People using safely managed sanitation services (% of population),SH.STA.SMSS.ZS,21.7442283242201
Bangladesh,BGD,2011,People using safely managed sanitation services (% of population),SH.STA.SMSS.ZS,20.823629655398
Bangladesh,BGD,2010,People using safely managed sanitation services (% of population),SH.STA.SMSS.ZS,19.9076868573539
Bangladesh,BGD,2009,People using safely managed sanitation services (% of population),SH.STA.SMSS.ZS,18.9969957153464
Bangladesh,BGD,2008,People using safely managed sanitation services (% of population),SH.STA.SMSS.ZS,18.0920774559991
Bangladesh,BGD,2007,People using safely managed sanitation services (% of population),SH.STA.SMSS.ZS,17.1932396769365
Bangladesh,BGD,2006,People using safely managed sanitation services (% of population),SH.STA.SMSS.ZS,16.3009425883249
Bangladesh,BGD,2005,People using safely managed sanitation services (% of population),SH.STA.SMSS.ZS,15.4156606222557
Bangladesh,BGD,2004,People using safely managed sanitation services (% of population),SH.STA.SMSS.ZS,14.5378797808465
Bangladesh,BGD,2003,People using safely managed sanitation services (% of population),SH.STA.SMSS.ZS,13.7758264713597
Bangladesh,BGD,2002,People using safely managed sanitation services (% of population),SH.STA.SMSS.ZS,13.0087014308872
Bangladesh,BGD,2001,People using safely managed sanitation services (% of population),SH.STA.SMSS.ZS,12.2367563650722
Bangladesh,BGD,2000,People using safely managed sanitation services (% of population),SH.STA.SMSS.ZS,11.4735097399722
Bangladesh,BGD,2019,"Mortality rate attributed to unsafe water, unsafe sanitation and lack of hygiene (per 100,000 population)",SH.STA.WASH.P5,18.2
